﻿频道名,地址,tvg-id,tvg-name,国家分组,语言分组,图标,原分组,分辨率,来源文件,检测时间,状态码,ffprobe是否成功,视频编码,帧率,音频,ffprobe探测时间,fake_score,loop_score
江源综合频道,http://stream10.jlntv.cn/jiangyuantv/sd/live.m3u8,,,,,,吉林,720x576,zbefine.txt,1410,200,成功,h264,25.0,有音频,2.277,8,8
灵璧综合频道,http://live.cms.anhuinews.com/video/s10003-lbtv/index.m3u8,,,,,,安徽,640x480,zbefine.txt,1460,200,成功,h264,25.0,有音频,2.840,157,129
敦化一套,http://stream8.jlntv.cn/dhtv/playlist.m3u8,,,,,,吉林,720x576,zbefine.txt,334,200,成功,h264,25.0,有音频,3.536,126,104
营山电视台,http://file.ysxtv.cn/cms/videos/nmip-media/channellive/channel4/playlist.m3u8,,,,,,四川,1280x720,zbefine.txt,1070,200,成功,h264,,有音频,2.606,145,117
宿州公共频道,http://live.ahsz.tv/video/s10001-ggpd/index.m3u8,,,,,,安徽,1920x1080,zbefine.txt,902,200,成功,h264,25.0,有音频,4.714,156,128
黎城综合频道,http://111.53.96.67:8081/live/1/index.m3u8,,,,,,山西,1920x1080,zbefine.txt,557,200,成功,h264,25.0,有音频,2.150,36,32
荆门公共频道,http://stream.jmtv.com.cn/ngpd/sd/live.m3u8,,,,,,湖北,1920x1080,zbefine.txt,279,200,成功,h264,25.0,有音频,1.759,36,32
金川乡村频道,http://live.jinchuanrmt.com:90/live/jcxc.m3u8,,,,,,四川,1024x576,zbefine.txt,1344,200,成功,h264,25.0,有音频,2.286,8,8
舒兰新闻综合,http://stream8.jlntv.cn/shulan/sd/live.m3u8,,,,,,吉林,320x240,zbefine.txt,322,200,成功,h264,25.0,有音频,2.596,157,129
凉山新闻综合,http://file.yizu.tv/nmip-media/channellive/channel106606/playlist.m3u8,,,,,,四川,720x404,zbefine.txt,807,403,成功,h264,25.0,有音频,3.113,36,32
金川乡村频道,http://139.203.180.9:90/live/jcxc.m3u8,,,,,,四川,1024x576,zbefine.txt,573,200,成功,h264,25.0,有音频,5.532,8,8
吉林市新闻综合,http://stream2.jlntv.cn/jilin1/sd/live.m3u8,,,,,,吉林,720x576,zbefine.txt,304,200,成功,h264,25.0,有音频,2.850,8,8
凉山彝语频道,http://file.yizu.tv/nmip-media/channellive/channel107323/playlist.m3u8,,,,,,四川,720x404,zbefine.txt,270,403,成功,h264,25.0,有音频,3.060,36,32
泸州公共频道,http://m3u8.channel.luzhoubs.com/nmip-media/channellive/channel102221/playlist.m3u8,,,,,,四川,1280x720,zbefine.txt,3943,200,成功,h264,,有音频,1.537,121,99
新沂新闻频道,http://live.xysrmt.cn/xwzh/sd/live.m3u8,,,,,,江苏,1280x720,zbefine.txt,2415,200,成功,h264,25.0,有音频,1.658,156,128
汶川新闻综合,http://live.iwcmt.cn:90/live/zhxw.m3u8,,,,,,四川,1280x720,zbefine.txt,903,200,成功,h264,25.0,有音频,2.032,24,20
万州综合频道,http://123.146.162.24:8017/iTXwrGs/800/live.m3u8,,,,,,重庆,720x576,zbefine.txt,543,200,成功,h264,25.0,有音频,1.754,156,128
新沂生活频道,http://live.xysrmt.cn/shpd/sd/live.m3u8,,,,,,江苏,1280x720,zbefine.txt,2122,200,成功,h264,25.0,有音频,1.693,156,128
万州最万州,http://123.146.162.24:8017/d4ceB1a/1000/live.m3u8,,,,,,重庆,720x576,zbefine.txt,1024,200,成功,h264,25.0,有音频,1.763,156,128
松原新闻综合,http://stream2.jlntv.cn/sytv/sd/live.m3u8,,,,,,吉林,1280x720,zbefine.txt,301,200,成功,h264,25.0,有音频,2.513,140,116
范县新闻综合,http://live.dxhmt.cn:9080/13603832636/13abd3089d9c47058fe34c49a6182981.m3u8,,,,,,河南,480x270,zbefine.txt,3047,200,成功,h264,25.0,有音频,5.919,21,21
淮滨综合频道,http://live.dxhmt.cn:9081/tv/11527-1.m3u8,,,,,,河南,1920x1080,zbefine.txt,273,200,成功,h264,25.0,有音频,8.692,16,12
句容影视频道,http://jrlive.jrntv.com/live/_definst_/yingshis/playlist.m3u8,,,,,,江苏,720x576,zbefine.txt,1359,200,成功,h264,25.0,有音频,4.310,156,128
句容党建频道,http://jrlive.jrntv.com/live/_definst_/dangjians/playlist.m3u8,,,,,,江苏,720x576,zbefine.txt,872,200,成功,h264,25.0,有音频,3.679,36,28
万州三峡移民,http://123.146.162.24:8017/c2F0hmi/1000/live.m3u8,,,,,,重庆,720x576,zbefine.txt,280,200,成功,h264,25.0,有音频,1.723,156,128
松原公共频道,http://stream8.jlntv.cn/sytv2/sd/live.m3u8,,,,,,吉林,1280x720,zbefine.txt,1087,200,成功,h264,25.0,有音频,2.387,132,108
吴忠综合,http://live.kanwz.net/zhpd/sd/live.m3u8,,,,,,宁夏,320x240,zbefine.txt,4174,200,成功,h264,25.0,有音频,2.865,157,129
长白山电视台,http://stream8.jlntv.cn/cbstv/sd/live.m3u8,,,,,,吉林,320x240,zbefine.txt,600,200,成功,h264,25.0,有音频,2.026,157,129
吴忠公共,http://live.kanwz.net/ggpd/sd/live.m3u8,,,,,,宁夏,320x240,zbefine.txt,3203,200,成功,h264,25.0,有音频,2.941,157,129
柳河综合,http://stream5.jlntv.cn/lh/sd/live.m3u8,,,,,,吉林,720x576,zbefine.txt,327,200,成功,h264,25.0,有音频,2.312,8,8
通化县综合,http://stream5.jlntv.cn/thx/sd/live.m3u8,,,,,,吉林,320x240,zbefine.txt,331,200,成功,h264,25.0,有音频,2.109,157,129
哈尔滨娱乐,http://stream.hrbtv.net/ylpd/sd/live.m3u8,,,,,,黑龙江,640x480,zbefine.txt,1099,200,成功,h264,25.0,有音频,2.000,157,129
汪清综合,http://stream5.jlntv.cn/wq/sd/live.m3u8,,,,,,吉林,320x240,zbefine.txt,338,200,成功,h264,25.0,有音频,2.035,157,129
永清影视频道,http://60.10.203.69:8000/4.m3u8,,,,,,河北,1920x1080,zbefine.txt,825,200,成功,h264,30.0,有音频,2.128,126,104
固镇影视频道,http://www.guzhenm.com:7004/hls/hd-live.m3u8,,,,,,安徽,720x576,zbefine.txt,1104,200,成功,h264,25.0,有音频,3.238,156,128
哈尔滨新闻综合,http://stream.hrbtv.net/xwzh/sd/live.m3u8,,,,,,黑龙江,640x480,zbefine.txt,3217,200,成功,h264,25.0,有音频,14.358,17,13
Tele M1 (720p) [Not 24/7],https://cdnapisec.kaltura.com/p/1719221/sp/171922100/playManifest/entryId/1_ljzy3evp/format/applehttp/protocol/https/a.m3u8,TeleM1.ch@SD,,,,https://i.postimg.cc/pVKcBKdg/telem1.png,Undefined,1280x720,iptv-org-all.txt,461,200,成功,h264,25.0,有音频,1.289,8,8
Telesur English (480p),https://mblenmain01.telesur.ultrabase.net/mblivev3/480p/playlist.m3u8,Telesur.ve@English,,,,https://i.imgur.com/P50VjRX.png,News,640x360,iptv-org-all.txt,1526,200,成功,h264,29.97002997002997,有音频,1.392,9,9
TeleMistretta (1080p),https://live.mariatvcdn.com/telemistretta/8fbcd205ada81b295ee6c211c3a80dde.sdp/playlist.m3u8,TeleMistretta.it@SD,,,,https://i.imgur.com/BLhvyEi.png,Undefined,1920x1080,iptv-org-all.txt,155,200,成功,h264,25.0,有音频,1.110,8,8
Supreme Master TV (720p),https://lbs-us1.suprememastertv.com/720p.m3u8,SupremeMasterTV.tw@SD,,,,https://i.imgur.com/kFMHayP.png,Undefined,1280x720,iptv-org-all.txt,1401,200,成功,h264,29.97002997002997,有音频,0.904,8,8
Súper Q Panamá (1080p),https://vcp8.myplaytv.com:1936/superq/superq/playlist.m3u8,SuperQPanama.pa@SD,,,,https://i.imgur.com/ocTnqi7.png,Music,1920x1080,iptv-org-all.txt,1290,200,成功,h264,30.0,有音频,2.325,36,32
Super Digital TV (720p) [Not 24/7],https://inliveserver.com:1936/11516/11516/playlist.m3u8,SuperDigitalTV.do@SD,,,,https://www.vivalivetv.com/public/files/shows/0/1/3431-294x165-FFFFFF.jpg,General,1920x1080,iptv-org-all.txt,41,200,成功,h264,29.97002997002997,有音频,1.893,8,8
Televízia OSEM (576p),http://109.74.145.11:1935/tv8/ngrp:tv8.stream_all/playlist.m3u8,TV8.sk@SD,,,,https://i.imgur.com/Z7URrp1.png,Undefined,640x360,iptv-org-all.txt,464,200,成功,h264,25.0,有音频,1.718,9,9
The Pet Collective,https://the-pet-collective-international-es.samsung.wurl.tv/playlist.m3u8,ThePetCollective.us@Spain,,,,https://i.imgur.com/yH7n2dF.png,Family,1280x720,iptv-org-all.txt,578,200,成功,h264,29.97002997002997,有音频,2.384,8,8
Tatlises TV (1080p) [Not 24/7],https://live.artidijitalmedya.com/artidijital_tatlisestv/tatlisestv/playlist.m3u8,TatlisesTV.tr@SD,,,,https://i.imgur.com/et1sbyq.png,Undefined,1920x1080,iptv-org-all.txt,2772,200,成功,h264,25.0,有音频,9.496,156,128
Szolnok TV (1080p),https://cloudfront44.lexanetwork.com:1344/relay01/livestream004.sdp/playlist.m3u8,SzolnokTV.hu@SD,,,,https://i.imgur.com/Eiab9MP.png,General,1280x720,iptv-org-all.txt,302,200,成功,h264,25.0,有音频,4.415,8,8
Tamilan TV (1080p),https://cdn.zionmediait.com/zionmediaitserver2024/97484f5ce6da96e496a9b87c439835d0.sdp/playlist.m3u8,TamilanTV.in@SD,,,,https://jiotvimages.cdn.jio.com/dare_images/images/Tamilan_Television.png,Undefined,1920x1080,iptv-org-all.txt,868,200,成功,h264,25.0,有音频,2.965,8,8
Sur TV (720p),https://ss2.tvrdomi.com:1936/eradiofonicas/eradiofonicas/playlist.m3u8,SurTV.do@SD,,,,https://i.imgur.com/oAyvK0N.jpeg,General,1080x600,iptv-org-all.txt,976,200,成功,h264,25.0,有音频,2.156,8,8
TV Almassora (1080p),https://tvalmassora.com/hls/tvalmassora.m3u8,TVAlmassora.es@SD,,,,https://i.imgur.com/syeJXGh.png,General,1280x720,iptv-org-all.txt,1725,200,成功,h264,25.0,有音频,5.007,38,32
The Pet Collective International (720p),https://the-pet-collective-international-au.samsung.wurl.tv/playlist.m3u8,ThePetCollective.us@Australia,,,,https://i.imgur.com/yH7n2dF.png,Family,1280x720,iptv-org-all.txt,521,200,成功,h264,29.97002997002997,有音频,3.098,8,8
The Library Channel TV18 (360p),https://reflect-memphis.cablecast.tv/live-2/live/live.m3u8,WYPLTV18.us@SD,,,,https://i.imgur.com/irwOxj4.png,General,960x540,iptv-org-all.txt,806,200,成功,h264,30.0,有音频,3.414,8,8
Toronto 360 TV (720p) [Not 24/7],http://cdn3.toronto360.tv:8081/toronto360/hd/playlist.m3u8,Toronto360TV.ca@SD,,,,https://i.imgur.com/YJYdHKO.png,Undefined,1280x720,iptv-org-all.txt,207,200,成功,h264,29.97002997002997,有音频,0.816,8,8
Telefoggia (480p) [Not 24/7],http://wms.shared.streamshow.it/telefoggia/mp4:telefoggia/playlist.m3u8,Telefoggia.it@SD,,,,https://i.imgur.com/ImvO2rV.png,Undefined,960x544,iptv-org-all.txt,1768,200,成功,h264,25.0,有音频,3.085,8,8
The Lone Ranger,https://xumo-xumoent-ch829-wojlf.fast.nbcuni.com/live/master.m3u8,,,,,,Undefined,426x240,iptv-org-all.txt,601,200,成功,h264,30.0,有音频,2.738,57,45
Super TV (720p),http://wms.shared.streamshow.it/supertv/mp4:supertv/playlist.m3u8,SuperTV.it@SD,,,,https://i.imgur.com/hxF3yhw.png,General;Series,1280x720,iptv-org-all.txt,1234,200,成功,h264,25.0,有音频,1.960,8,8
Televisora de Oriente (406p),https://cloud.fastchannel.es/manifiest/hls/prog9/tvo.m3u8,TelevisoradeOriente.ve@SD,,,,https://i.imgur.com/wFC6Xxq.png,General,720x406,iptv-org-all.txt,1152,200,成功,h264,29.97002997002997,有音频,1.760,8,8
TSi (720p) [Not 24/7],https://mdstrm.com/live-stream-playlist/6287fdc9303e3008289ab711.m3u8,TSi.hn@SD,,,,https://i.imgur.com/GEyxDnf.png,News,426x240,iptv-org-all.txt,3040,200,成功,h264,30.0,有音频,4.321,7,5
Totally Teen,http://cfd-v4-service-channel-stitcher-use1-1.prd.pluto.tv/stitch/hls/channel/6450209d939a5900084dba1d/master.m3u8?appName=web&appVersion=unknown&clientTime=0&deviceDNT=0&deviceId=6c2c73e8-30d3-11ef-9cf5-e9ddff8ff496&deviceMake=Chrome&deviceModel=web&deviceType=web&deviceVersion=unknown&includeExtendedEvents=false&serverSideAds=false&sid=3011d79f-9b94-4386-8a0a-53a1bea6724e,,,,,,Undefined,426x240,iptv-org-all.txt,199,200,成功,h264,30.0,有音频,1.957,7,5
TV4 (360p),https://cdn3.wowza.com/5/UWpORHhLSEs5SkJs/bullheadcity/G0860_002/playlist.m3u8,TV4.us@SD,,,,https://i.imgur.com/CRvQ6sF.png,Legislative,640x360,iptv-org-all.txt,591,200,成功,h264,25.0,有音频,1.340,9,9
Televisa Telenovelas,https://televisa-televisa-1-it.samsung.wurl.tv/playlist.m3u8,,,,,,Undefined,1280x720,iptv-org-all.txt,1007,200,成功,h264,29.97002997002997,有音频,2.756,8,8
Timor TV (1080p),http://122.248.43.242:1935/TIMORTV/_definst_/myStream/playlist.m3u8,TimorTV.id@HD,,,,https://upload.wikimedia.org/wikipedia/commons/8/83/Logo_Timor_TV.png,Undefined,1920x1080,iptv-org-all.txt,591,200,成功,h264,30.0,有音频,2.218,8,8
The Grappling Network (1080p),https://d1vwakhda3vp6p.cloudfront.net/scheduler/scheduleMaster/236.m3u8,,,,,,Undefined,960x540,iptv-org-all.txt,947,200,成功,h264,29.97002997002997,有音频,1.790,8,8
Telenovela ZDF,http://cfd-v4-service-channel-stitcher-use1-1.prd.pluto.tv/stitch/hls/channel/5cb5d043a461406ffe3fb2de/master.m3u8?appName=web&appVersion=unknown&clientTime=0&deviceDNT=0&deviceId=1b213444-4b81-11ef-a8ac-e146e4e7be02&deviceMake=Chrome&deviceModel=web&deviceType=web&deviceVersion=unknown&includeExtendedEvents=false&serverSideAds=false&sid=fda1fa47-8519-4bbe-89e7-e4541c5d325d,,,,,,Undefined,426x240,iptv-org-all.txt,238,200,成功,h264,30.0,有音频,1.788,9,9
Telecadena 7 y 4,https://dvrfl03.bozztv.com/hondu-telecadena/index.m3u8,Telecadena7y4.hn@SD,,,,https://i.imgur.com/PTN7fCa.png,General,1280x720,iptv-org-all.txt,1312,200,成功,h264,30.0,有音频,1.212,82,66
Torrance CitiCABLE (Torrance CA) (360p),https://cdn3.wowza.com/5/dk84U1p2UUdoMGxT/torrance/G0057_005/playlist.m3u8,CitiCABLE.us@SD,,,,https://i.imgur.com/Y1qRHnC.png,General,480x360,iptv-org-all.txt,156,200,成功,h264,25.0,有音频,0.973,9,9
Swarnavahini (720p),https://jk3lz8xklw79-hls-live.5centscdn.com/live/6226f7cbe59e99a90b5cef6f94f966fd.sdp/playlist.m3u8,Swarnavahini.lk@SD,,,,https://i.imgur.com/0hnpeq9.png,Undefined,1280x720,iptv-org-all.txt,1704,200,成功,h264,50.0,有音频,1.717,8,8
TV Centro 27.2 HD (720p),https://cloud2.streaminglivehd.com:1936/8004/8004/playlist.m3u8,TVCentro272HD.hn@SD,,,,https://i.imgur.com/Wo2scQf.jpg,Entertainment,1280x720,iptv-org-all.txt,62,200,成功,h264,,有音频,1.784,9,9
Telenorte (720p),https://627bb251f23c7.streamlock.net:444/TopRadioTV/TopRadioTV/playlist.m3u8,Telenorte.pr@SD,,,,https://i.imgur.com/LCiYFrh.jpg,General,1280x720,iptv-org-all.txt,422,200,成功,h264,,有音频,1.647,9,9
TMA (1080p),http://hls.tmacaraibes.com/live/index.m3u8,TMA.gp@SD,,,,https://i.imgur.com/1iOAl2j.png,Music,1920x1080,iptv-org-all.txt,1650,200,成功,h264,25.0,有音频,1.923,8,8
STV (720p),http://89.201.163.244:8080/hls/hdmi.m3u8,STV.hr@SD,,,,https://i.imgur.com/Z3yRl17.png,General,1280x720,iptv-org-all.txt,325,200,成功,h264,12.5,有音频,1.151,27,21
Today's Shopping Choice (TSC) (720p),https://tscamd.akamaized.net/hls/live/503340/TSCLive/master.m3u8,TSC.ca@SD,,,,https://upload.wikimedia.org/wikipedia/commons/thumb/a/ab/TSC_logo.svg/512px-TSC_logo.svg.png,Shop,848x480,iptv-org-all.txt,1116,200,成功,h264,29.97002997002997,有音频,2.416,8,8
T7,https://gjirafa-video-live.gjirafa.net/gjvideo-livestream-specific/1z8-byc-4ee-lc9/index.m3u8,T7.xk@SD,,,,https://i.postimg.cc/sxcZ6SVy/t7.png,Undefined,1280x720,iptv-org-all.txt,292,200,成功,h264,30.0,有音频,3.240,8,8
Tosh.0,http://cfd-v4-service-channel-stitcher-use1-1.prd.pluto.tv/stitch/hls/channel/5dae084727c8af0009fe40a4/master.m3u8?appName=web&appVersion=unknown&clientTime=0&deviceDNT=0&deviceId=6c2c73e7-30d3-11ef-9cf5-e9ddff8ff496&deviceMake=Chrome&deviceModel=web&deviceType=web&deviceVersion=unknown&includeExtendedEvents=false&serverSideAds=false&sid=4c99b6b0-1ffa-4d78-9eeb-4c68d2978b86,Tosh0.us@SD,,,,https://i.imgur.com/sXkluxg.png,Series,426x240,iptv-org-all.txt,299,200,成功,h264,30.0,有音频,3.999,107,85
Suram TV (1080p),https://livetv.305streamhd.com:3111/live/suramtvlive.m3u8,SuramTV.co@SD,,,,https://i.imgur.com/2N9LCES.png,General,1280x720,iptv-org-all.txt,1384,200,成功,h264,29.97002997002997,有音频,0.936,8,8
Terra Mater WILD,http://cfd-v4-service-channel-stitcher-use1-1.prd.pluto.tv/stitch/hls/channel/65b923f90cb1a100088a03ab/master.m3u8?appName=web&appVersion=unknown&clientTime=0&deviceDNT=0&deviceId=bc868b91-4b91-11ef-8a44-83c5e90e038f&deviceMake=Chrome&deviceModel=web&deviceType=web&deviceVersion=unknown&includeExtendedEvents=false&serverSideAds=false&sid=d4309013-6043-4ea8-9e7f-68941216eacf,,,,,,Undefined,426x240,iptv-org-all.txt,341,200,成功,h264,30.0,有音频,3.973,117,93
TV Aliança Catarinense (720p),https://video01.logicahost.com.br/tvalianca/tvalianca/playlist.m3u8,TVAliancaCatarinense.br@SD,,,,https://i.imgur.com/eqmOhtP.png,General,856x480,iptv-org-all.txt,1473,200,成功,h264,30.0,有音频,4.841,156,128
Travelxp Spain (720p),https://travelxp-travelxp-5-eu.rakuten.wurl.tv/playlist.m3u8,,,,,,Undefined,1280x720,iptv-org-all.txt,1299,200,成功,h264,29.97002997002997,有音频,3.373,16,12
Top Movies Polska,https://top-movies-rakuten-tv-pl.fast.rakuten.tv/v1/master/0547f18649bd788bec7b67b746e47670f558b6b2/production-LiveChannel-6059/master.m3u8,TopMoviesPolska.pl@SD,,,,https://images-3.rakuten.tv/storage/global-live-channel/translation/artwork/39a979b9-49df-48c1-8c1c-5763828b60aa-width200-quality90.png,Undefined,1920x1080,iptv-org-all.txt,788,200,成功,h264,25.0,有音频,9.342,96,76
The Challenge,http://cfd-v4-service-channel-stitcher-use1-1.prd.pluto.tv/stitch/hls/channel/64f8a22a3efb510008245df0/master.m3u8?appName=web&appVersion=unknown&clientTime=0&deviceDNT=0&deviceId=2c7c5073-35fc-11ef-a031-2b5d494037a2&deviceMake=Chrome&deviceModel=web&deviceType=web&deviceVersion=unknown&includeExtendedEvents=false&serverSideAds=false&sid=63985417-98be-4524-83cc-9a7c05387193,TheChallenge.us@SD,,,,https://i.imgur.com/MIXPSvC.png,Series,426x240,iptv-org-all.txt,282,200,成功,h264,30.0,有音频,5.134,129,105
Tropical Music TV (720p),https://59a564764e2b6.streamlock.net/vallenato/tropical/playlist.m3u8,TropicalMusicTV.us@SD,,,,https://i.imgur.com/h48pwLn.png,Music,1280x720,iptv-org-all.txt,707,200,成功,h264,29.97002997002997,有音频,2.284,8,8
theDove TV (720p),https://thedovetv.bozztv.com/thedovetv/thedovetv/index.m3u8,theDoveTV.us@SD,,,,https://i.imgur.com/ULtuRsj.png,Religious,1280x720,iptv-org-all.txt,401,200,成功,h264,30.0,有音频,1.350,8,8
Telestar1,https://dvb.tennet.ro/mobile_tv/telestar.m3u8,Telestar1.ro@SD,,,,https://i.imgur.com/BTKh5ef.png,Undefined,640x360,iptv-org-all.txt,2079,200,成功,h264,25.0,有音频,4.209,37,33
Three's Company,http://cfd-v4-service-channel-stitcher-use1-1.prd.pluto.tv/stitch/hls/channel/64ca723a2bc49300081a8966/master.m3u8?appName=web&appVersion=unknown&clientTime=0&deviceDNT=0&deviceId=2c7c7785-35fc-11ef-a031-2b5d494037a2&deviceMake=Chrome&deviceModel=web&deviceType=web&deviceVersion=unknown&includeExtendedEvents=false&serverSideAds=false&sid=3b997b20-1713-4925-97ac-2a8fe6c85814,ThreesCompany.us@SD,,,,https://i.imgur.com/5bTwwpD.png,Series,426x240,iptv-org-all.txt,386,200,成功,h264,30.0,有音频,4.746,117,93
Traverse Area Community Media CommunityTV Channel 189 (Traverse City MI) (1080p) [Geo-blocked],https://reflect-tacm.cablecast.tv/live-3/live/live.m3u8,CommunityTVChannel189.us@SD,,,,https://i.imgur.com/jmkLR6L.png,General,416x234,iptv-org-all.txt,1416,200,成功,h264,30.0,有音频,3.817,12,12
Teve Vida Network (480p) [Not 24/7],https://5bf8041cb3fed.streamlock.net/Tevevida/Tevevida/.m3u8,TeveVidaNetwork.us@SD,,,,https://i.imgur.com/lCpf5P1.png,Religious,640x360,iptv-org-all.txt,1299,200,成功,h264,30.0,有音频,1.444,9,9
TeleAragua (480p),http://45.173.198.59:8080/hls/nginx3.m3u8?tla=,TeleAragua.ve@SD,,,,https://i.imgur.com/jPzcb2S.png,General,768x432,iptv-org-all.txt,217,200,成功,h264,30.0,有音频,0.895,8,8
Toute une histoire,http://cfd-v4-service-channel-stitcher-use1-1.prd.pluto.tv/stitch/hls/channel/62f3e6aebcdda4000754fa47/master.m3u8?appName=web&appVersion=unknown&clientTime=0&deviceDNT=0&deviceId=8e06b106-1f2c-11ef-86d8-5d587df108c6&deviceMake=Chrome&deviceModel=web&deviceType=web&deviceVersion=unknown&includeExtendedEvents=false&serverSideAds=false&sid=944d6772-86fc-4c0e-8d05-e958415ee0be,,,,,,Undefined,426x240,iptv-org-all.txt,80,200,成功,h264,30.0,有音频,6.135,129,105
TV Dielli (720p) [Not 24/7],http://stream.tvdielli.com:8081/dielli/index.m3u8,TVDielli.xk@SD,,,,https://i.imgur.com/kLl3ar5.png,Undefined,1280x720,iptv-org-all.txt,427,200,成功,h264,25.0,有音频,1.241,8,8
Teleuniverso (720p),https://videoserver.tmcreativos.com:19360/kptjeckkaa/kptjeckkaa.m3u8,Teleuniverso.do@SD,,,,https://i.imgur.com/gQev8ST.png,General,1920x1080,iptv-org-all.txt,1355,200,成功,h264,30.0,有音频,1.947,16,12
TV1 KG (1080p),http://212.2.225.30:1935/live/site.stream/playlist.m3u8,TV1KG.kg@SD,,,,https://i.imgur.com/Mti9t9C.png,General,1920x1080,iptv-org-all.txt,661,200,成功,h264,25.0,有音频,3.423,8,8
TBN Pacific,https://broadcast.tbnpacific.org.au:4430/stream/TBNPacificTV/playlist.m3u8,TBNPacific.us@SD,,,,https://i.imgur.com/yWJTxKk.png,Undefined,,iptv-org-all.txt,2630,200,成功,h264,,有音频,13.176,8,6
Super TV Media (720p),https://mirtv.club/live/mirtv/index.m3u8,SuperTV.ba@SD,,,,https://i.imgur.com/XYWgd3E.png,General,1920x1080,iptv-org-all.txt,1664,200,成功,h264,25.0,有音频,2.955,8,8
Top Stories by Newsy (720p),https://content.uplynk.com/channel/33c48f602cfd4474b957eb4ad999caf8.m3u8,TopStoriesbyNewsy.us@SD,,,,https://i.imgur.com/UfN6aAi.png,News,960x540,iptv-org-all.txt,90,200,成功,h264,29.97002997002997,有音频,7.882,8,8
TRT (410p) [Not 24/7],https://vcp12.myplaytv.com/trt/trt/playlist.m3u8,TRT.ve@SD,,,,https://upload.wikimedia.org/wikipedia/commons/6/67/Canal_trt_logo.PNG,General,1280x720,iptv-org-all.txt,673,200,成功,h264,23.976023976023978,有音频,2.203,9,9
Thendral TV (576p),https://live.thendralcloud.in/thendraltv/d0dbe915091d400bd8ee7f27f0791303.sdp/chunks.m3u8,ThendralTV.in@SD,,,,https://i.imgur.com/kQK80gB.png,Undefined,1280x720,iptv-org-all.txt,559,200,成功,h264,25.0,有音频,1.691,8,8
The Cycling Channel,https://cyclingtv.playout.vju.tv/cyclingtv/main.m3u8,,,,,,Undefined,1920x1080,iptv-org-all.txt,1331,200,成功,h264,30.0,有音频,1.449,24,20
Telepace 3 (1080p),https://932y4273djv8-hls-live.mariatvcdn.it/teleradiopace3/d2274c22e9ee09eb2eda01ed0496f8f5.sdp/playlist.m3u8,Telepace3.it@SD,,,,https://i.imgur.com/hE4i2ft.png,Education;Religious,1920x1080,iptv-org-all.txt,1563,200,成功,h264,25.0,有音频,1.235,8,8
Telesur HD (1080p),https://mblesmain01.telesur.ultrabase.net/mbliveMain/hd/playlist.m3u8,Telesur.ve@HD,,,,https://i.imgur.com/P50VjRX.png,News,1920x1080,iptv-org-all.txt,515,200,成功,h264,,有音频,0.795,9,9
TV Câmara 2 (1080p) [Not 24/7],https://stream3.camara.gov.br/tv2/manifest.m3u8,TVCamara2.br@SD,,,,https://i.imgur.com/dHrUG1R.png,Legislative,1920x1080,iptv-org-all.txt,1914,200,成功,h264,29.97002997002997,有音频,4.396,126,104
TV Cuatro 4.1 (1080p),https://5f1af61612fb5.streamlock.net/tv4/tv4.smil/.m3u8,TVCuatro41.mx@SD,,,,https://i.imgur.com/Of044Jx.png,General,1920x1080,iptv-org-all.txt,454,200,成功,h264,29.97002997002997,有音频,0.822,8,8
TV Al Bayane (360p),http://69.64.57.208/albayanetv/index.m3u8,TVAlBayane.ci@SD,,,,https://i.imgur.com/Xs9oEG8.png,Religious,640x360,iptv-org-all.txt,48,200,成功,h264,25.0,有音频,0.571,9,9
TV38 Südost-Niedersachen (1080p),https://h057.video-stream-hosting.de/tv38-live/_definst_/smil:livestream.smil/playlist.m3u8?ref=,TV38SudostNiedersachen.de@SD,,,,https://i.imgur.com/ob9JJPU.png,Undefined,1280x720,iptv-org-all.txt,1358,200,成功,h264,25.0,有音频,8.752,8,8
TRT Kurdî (720p),https://tv-trtkurdi.medya.trt.com.tr/master.m3u8,TRTKurdi.tr@SD,,,,https://upload.wikimedia.org/wikipedia/commons/thumb/7/79/TRT_Kurd%C3%AE_logo.svg/512px-TRT_Kurd%C3%AE_logo.svg.png,Undefined,2560x1440,iptv-org-all.txt,518,200,成功,h264,25.0,有音频,8.192,38,30
TeleRegione 118 (576p),https://streaming.softwarecreation.it/TR118/TR118/playlist.m3u8,,,,,,Undefined,1024x576,iptv-org-all.txt,2545,200,成功,h264,25.0,有音频,4.757,8,8
TeleSanDomenico (1080p),https://stream.mariatvcdn.com/tsd/7c59373bfdb38201b9215ff86f0ce6af.sdp/playlist.m3u8,TeleSanDomenico.it@SD,,,,https://i.imgur.com/l52v9uv.png,Religious,1920x1080,iptv-org-all.txt,1531,200,成功,h264,25.0,有音频,2.310,8,8
Telepace 2 (1080p),https://zkpywrbgdbeg-hls-live.mariatvcdn.it/teleradiopace2/254c9b5c52a73a94ef0f6169cbd05dc2.sdp/playlist.m3u8,Telepace2.it@SD,,,,https://i.imgur.com/qvcf6QC.png,Culture;Religious,1920x1080,iptv-org-all.txt,1753,200,成功,h264,25.0,有音频,1.108,8,8
Tea TV (720p),https://livefta.malimarcdn.com/ftaedge00/teatv.sdp/playlist.m3u8,TeaTV.vn@SD,,,,https://i.imgur.com/WorbnyD.jpg,Shop,1280x720,iptv-org-all.txt,1382,200,成功,h264,29.97002997002997,有音频,0.917,8,8
Trek HD (1080p),https://viamotionhsi.netplus.ch/live/eds/escales/browser-HLS8/escales.m3u8,Trek.fr@HD,,,,https://i.imgur.com/TcF53W4.png,Undefined,1280x720,iptv-org-all.txt,316,200,成功,h264,50.0,有音频,10.638,16,12
The Rifleman,http://cfd-v4-service-channel-stitcher-use1-1.prd.pluto.tv/stitch/hls/channel/5e825550e758c700077b0aef/master.m3u8?appName=web&appVersion=unknown&clientTime=0&deviceDNT=0&deviceId=6c2c4cd2-30d3-11ef-9cf5-e9ddff8ff496&deviceMake=Chrome&deviceModel=web&deviceType=web&deviceVersion=unknown&includeExtendedEvents=false&serverSideAds=false&sid=a0e1d4cf-0753-4230-a880-33a0b95d08bf,TheRifleman.us@SD,,,,https://i.imgur.com/60YejJs.png,Series,426x240,iptv-org-all.txt,93,200,成功,h264,30.0,有音频,4.612,117,93
Totally Turtles,http://cfd-v4-service-channel-stitcher-use1-1.prd.pluto.tv/stitch/hls/channel/5d6792bd6be2998ad0ccce30/master.m3u8?appName=web&appVersion=unknown&clientTime=0&deviceDNT=0&deviceId=84af8aea-4b92-11ef-aece-533610f1ea34&deviceMake=Chrome&deviceModel=web&deviceType=web&deviceVersion=unknown&includeExtendedEvents=false&serverSideAds=false&sid=1d3e241b-d6cf-44c2-bfcd-45ca4d693881,TotallyTurtles.us@Germany,,,,https://i.imgur.com/1gIpagY.png,Kids,426x240,iptv-org-all.txt,231,200,成功,h264,30.0,有音频,4.625,27,21
TV Den (576p) [Not 24/7],http://canli.tvden.com.tr/hls/live.m3u8,TVDen.tr@SD,,,,https://i.postimg.cc/QM3dHRfF/tvden.png,Undefined,832x468,iptv-org-all.txt,1343,200,成功,h264,25.0,有音频,3.451,38,32
Tele 1 (1080p),https://cdnapisec.kaltura.com/p/1719221/sp/171922100/playManifest/entryId/1_xias5bqq/format/applehttp/protocol/https/a.m3u8,Tele1.ch@SD,,,,https://i.imgur.com/WIfBbLj.png,Undefined,1920x1080,iptv-org-all.txt,230,200,成功,h264,25.0,有音频,0.634,8,8
Teleplay Sureste (720p),https://player.tvstream.mx/livestream/teleplay/livehd/playlist.m3u8,TeleplaySureste.mx@SD,,,,https://i.imgur.com/MeV5N08.png,Entertainment,1280x720,iptv-org-all.txt,1203,200,成功,h264,29.97002997002997,有音频,1.478,8,8
Teleimpacto (720p) [Not 24/7],https://vpss2003.streamprolive.com/hls/live.m3u8,Teleimpacto.do@SD,,,,https://i.imgur.com/dBEysOV.png,General,1280x720,iptv-org-all.txt,1519,200,成功,h264,29.97002997002997,有音频,1.095,8,8
Thornton Government Access Channel 17 (Thornton CO) (1080p),https://reflect-thornton.cablecast.tv/live-4/live/live.m3u8,Thornton8.us@SD,,,,https://i.imgur.com/C013OWn.png,Legislative,480x270,iptv-org-all.txt,923,200,成功,h264,30.0,有音频,2.650,9,9
Teen Nick,http://cfd-v4-service-channel-stitcher-use1-1.prd.pluto.tv/stitch/hls/channel/5f0d668b872e4400073acc68/master.m3u8?appName=web&appVersion=unknown&clientTime=0&deviceDNT=0&deviceId=1b213443-4b81-11ef-a8ac-e146e4e7be02&deviceMake=Chrome&deviceModel=web&deviceType=web&deviceVersion=unknown&includeExtendedEvents=false&serverSideAds=false&sid=3bb546d1-de13-46e1-866b-96217817403c,,,,,,Undefined,426x240,iptv-org-all.txt,231,200,成功,h264,30.0,有音频,5.219,9,9
SUR TV,https://redirector.rudo.video/hls-video/ey6283je82983je9823je8jowowiekldk9838274/surtv/surtv.smil/playlist.m3u8,SURTV.cl@SD,,,,https://i.imgur.com/wDCqoor.png,General,854x480,iptv-org-all.txt,3664,200,成功,h264,29.97002997002997,有音频,8.756,8,8
The Pet Collective,https://the-pet-collective-international-in.samsung.wurl.tv/playlist.m3u8,ThePetCollective.us@India,,,,https://i.imgur.com/yH7n2dF.png,Family,1280x720,iptv-org-all.txt,485,200,成功,h264,29.97002997002997,有音频,3.306,8,8
TV Central (540p),https://arenasportslovakia.ddns.net/hls/cetv2.m3u8,TVCentral.sk@SD,,,,https://i.imgur.com/LqGT8o9.png,Undefined,960x540,iptv-org-all.txt,1305,200,成功,h264,25.0,有音频,3.331,8,8
T-Vinet (480p),https://unlimited1-us.dps.live/inet2/inet2.smil/playlist.m3u8,TVinet.cl@SD,,,,https://i.imgur.com/KisHIpA.png,Undefined,1280x720,iptv-org-all.txt,267,200,成功,h264,30.0,有音频,2.481,8,8
Tele Quattro (720p),https://59d7d6f47d7fc.streamlock.net/telequattro/telequattro/playlist.m3u8,TeleQuattro.it@SD,,,,https://telequattro.medianordest.it/wp-content/uploads/2020/10/T4Logo120.png,Undefined,1920x1080,iptv-org-all.txt,145,200,成功,h264,25.0,有音频,3.471,8,8
Telesur English HD (1080p),https://mblenmain01.telesur.ultrabase.net/mblivev3/hd/playlist.m3u8,Telesur.ve@EnglishHD,,,,https://i.imgur.com/P50VjRX.png,News,1920x1080,iptv-org-all.txt,1170,200,成功,h264,,有音频,1.130,9,9
TBN Baltia (1080p),http://dc.tbnbaltia.eu:8088/dvr/rewind-21600.m3u8,TBNBaltia.ee@SD,,,,https://i.imgur.com/rKBaK56.png,Religious,1920x1080,iptv-org-all.txt,2154,200,成功,h264,25.0,有音频,2.502,68,56
TV Difusora Leste (1080p),https://stream.amsolution.net.br:8443/live/60d0a8ea6b884/index.m3u8,TVDifusoraLeste.br@SD,,,,https://i.imgur.com/hEd25Cr.png,General,1280x720,iptv-org-all.txt,775,200,成功,h264,30.0,有音频,2.695,8,8
Telewizja Lubań (720p) [Not 24/7],http://stream.herissons.cloud/hls/tvluban.m3u8,TelewizjaLuban.pl@SD,,,,https://i.imgur.com/t2BGp0G.jpeg,General,1280x720,iptv-org-all.txt,638,200,成功,h264,25.0,有音频,1.411,8,8
TV3 La Plata (720p),https://cdn.amelbasoluciones.co:8081/teleopitalive/index.m3u8,TV3LaPlata.co@SD,,,,https://i.imgur.com/uRMq5HC.jpeg,General,1280x720,iptv-org-all.txt,992,200,成功,h264,30.0,有音频,1.208,8,8
Teletur (720p) [Not 24/7],https://fox.hostlagarto.com:8081/teleturtv/tracks-v1a1/mono.m3u8,Teletur.do@SD,,,,https://i.imgur.com/Ig4gR93.png,Travel,1280x720,iptv-org-all.txt,67,200,成功,h264,29.97002997002997,有音频,1.328,92,74
TSTV (720p),https://reflector.watchtstv.com/hls/livestream.m3u8,TSTV.us@SD,,,,,Undefined,640x360,iptv-org-all.txt,1282,200,成功,h264,29.97002997002997,有音频,1.557,99,81
Takeshi's Castle,http://cfd-v4-service-channel-stitcher-use1-1.prd.pluto.tv/stitch/hls/channel/6054a9f4bc8a5f000771504c/master.m3u8?appName=web&appVersion=unknown&clientTime=0&deviceDNT=0&deviceId=84af8ae2-4b92-11ef-aece-533610f1ea34&deviceMake=Chrome&deviceModel=web&deviceType=web&deviceVersion=unknown&includeExtendedEvents=false&serverSideAds=false&sid=98bea881-8ec4-4d3c-ad12-0a142e47ffe1,TakeshisCastle.us@Germany,,,,https://i.imgur.com/KuK72kL.png,Comedy,426x240,iptv-org-all.txt,170,200,成功,h264,30.0,有音频,2.486,129,105
Tough Jobs,http://cfd-v4-service-channel-stitcher-use1-1.prd.pluto.tv/stitch/hls/channel/65c69bf23ef47d0008583967/master.m3u8?appName=web&appVersion=unknown&clientTime=0&deviceDNT=0&deviceId=6c2c9af0-30d3-11ef-9cf5-e9ddff8ff496&deviceMake=Chrome&deviceModel=web&deviceType=web&deviceVersion=unknown&includeExtendedEvents=false&serverSideAds=false&sid=8d528c1a-18fe-40ef-bdaa-cfc0e490b48f,,,,,,Undefined,426x240,iptv-org-all.txt,95,200,成功,h264,30.0,有音频,2.851,117,93
Super Cable,http://191.102.39.254:5000/live/5up3r5/playlist.m3u8,SuperCable.cr@SD,,,,https://i.imgur.com/KYtJp8F.png,Entertainment,1920x1080,iptv-org-all.txt,175,200,成功,h264,30.0,有音频,0.858,8,8
SWR 3 Visual Radio (720p),https://swrswr3vr-hls.akamaized.net/hls/live/2018683/swr3vr/master.m3u8,SWR3VisualRadio.de@SD,,,,https://i.imgur.com/PxSgxRO.jpg,Undefined,480x270,iptv-org-all.txt,2424,200,成功,h264,50.0,有音频,17.645,7,5
Travelxp (720p),https://travelxp-travelxp-1-au.samsung.wurl.tv/playlist.m3u8,Travelxp.in@SD,,,,https://xstreamcp-assets-msp.streamready.in/assets/LIVETV/LIVECHANNEL/LIVETV_LIVETVCHANNEL_TRAVELXP/images/LOGO_HD/image.png,Travel,1280x720,iptv-org-all.txt,1072,200,成功,h264,29.97002997002997,有音频,1.762,8,8
Toonami Aftermath Radio (480p),http://api.toonamiaftermath.com:3000/radio/playlist.m3u8,,,,,,Undefined,640x480,iptv-org-all.txt,289,200,成功,h264,15.0,有音频,0.665,10,10
Toonami Aftermath East (480p),http://api.toonamiaftermath.com:3000/est/playlist.m3u8,ToonamiAftermath.us@East,,,,https://i.imgur.com/aSjhZK7.png,Animation,640x480,iptv-org-all.txt,581,200,成功,h264,60.0,有音频,0.530,9,9
Telewizja Toruń (1080p) [Not 24/7],http://217.173.176.107:1935/live/ngrp:tvk.stream_mobile/chunks.m3u8,TelewizjaTorun.pl@SD,,,,https://i.imgur.com/UNwzRHN.png,Undefined,1920x1080,iptv-org-all.txt,473,200,成功,h264,25.0,有音频,5.188,8,8
TV Panou (720p) [Not 24/7],http://tvpanoucom.srfms.com:1935/tvpanoucom/livestream/playlist.m3u8,TVPanou.ht@SD,,,,https://i.imgur.com/zee6sWn.png,General,1280x720,iptv-org-all.txt,922,200,成功,h264,10.0,有音频,1.122,9,9
WCCA 194 Worcester MA (WCCA-TV) (480p),https://worcester.vod.castus.tv/live/ch1.m3u8,WCCADT1.us@SD,,,,https://i.imgur.com/XJGY8iv.png,Undefined,720x480,iptv-org-all.txt,2031,200,成功,h264,29.97002997002997,有音频,1.235,8,8
TVMÁS (XHGV-TDT) (360p) [Not 24/7],https://5ca9af4645e15.streamlock.net/rtv/videortv/playlist.m3u8,XHGVTDT.mx@SD,,,,https://i.imgur.com/15kcNRb.png,Undefined,1920x1080,iptv-org-all.txt,1198,200,成功,h264,29.97002997002997,有音频,0.948,8,8
WFMZ Dorney Park Camera,https://cdn.jaybirdtv.com/wfmz/5/live/master.m3u8,,,,,,Undefined,1280x720,iptv-org-all.txt,1037,200,成功,h264,30.0,有音频,2.379,8,8
WBBJ (Jackson TN) (432p),https://dai.google.com/linear/hls/event/HZ3JdLVcQ463l3b1BLXmmQ/master.m3u8,WBBJDT1.us@SD,,,,https://upload.wikimedia.org/wikipedia/commons/2/27/WWAY_logo.png,Undefined,768x432,iptv-org-all.txt,1389,200,成功,h264,59.94005994005994,有音频,1.255,68,56
WFMZ PennST camera,https://cdn.jaybirdtv.com/wfmz/6/live/master.m3u8,,,,,,Undefined,1280x720,iptv-org-all.txt,1037,200,成功,h264,30.0,有音频,2.366,8,8
TV Grao Pará (720p),https://video01.kshost.com.br:4443/moises3834/moises3834/playlist.m3u8,TVGraoPara.br@SD,,,,https://i.imgur.com/1drg0E9.png,General,1920x1080,iptv-org-all.txt,2008,200,成功,h264,25.0,无音频,5.126,126,104
TV Peñol (720p),https://stmv1.voxtvhd.com.br/tvpenol/tvpenol/playlist.m3u8,TVPenol.co@SD,,,,https://i.imgur.com/Zm4934Z.png,General,1280x720,iptv-org-all.txt,1946,200,成功,h264,29.97002997002997,有音频,1.828,8,8
TVP Culiacán (720p) [Not 24/7],https://5ca3e84a76d30.streamlock.net/gpacifico1/smil:gpculiacan.smil/playlist.m3u8,TVPCuliacan.mx@SD,,,,https://i.imgur.com/uX1S3kt.png,General,1920x1080,iptv-org-all.txt,37,200,成功,h264,59.94005994005994,有音频,1.661,8,8
TV Pantanal MS (360p) [Not 24/7],https://5a2b083e9f360.streamlock.net/tvpantanal/tvpantanal.sdp/playlist.m3u8,TVPantanalMS.br@SD,,,,https://i.imgur.com/0FOmktl.png,Undefined,480x360,iptv-org-all.txt,1138,200,成功,h264,30.0,有音频,1.293,9,9
TV Series 1 As Panteras (480p),https://stmv1.srvif.com/tvserie/tvserie/playlist.m3u8,TVSeries.br@SD,,,,https://i.imgur.com/Ff5mj0o.png,Series,640x360,iptv-org-all.txt,1776,200,成功,h264,24.0,有音频,0.830,8,6
Vision 3000 [Geo-blocked],https://ss2.tvrdomi.com:1936/vision3000/vision3000/playlist.m3u8,Vision3000.do@SD,,,,https://i.imgur.com/mogsnzp.png,General,854x480,iptv-org-all.txt,1189,200,成功,h264,29.97002997002997,有音频,1.703,8,8
TVS Turbo (360p),https://rpn.bozztv.com/gusa/gusa-tvsturbo/index.m3u8,TVSTurbo.us@SD,,,,https://i.imgur.com/7zYIbU1.png,Sports,1280x720,iptv-org-all.txt,42,200,成功,h264,23.976023976023978,有音频,0.980,9,9
UFC (1080p),https://aegis-cloudfront-1.tubi.video/a78ea283-8666-44a1-a0f6-fde5d229ac21/playlist.m3u8,,,,,,Undefined,384x216,iptv-org-all.txt,117,200,成功,h264,29.97002997002997,有音频,2.240,7,5
VBC News (576p),https://5a1178b42cc03.streamlock.net/8200/8200/playlist.m3u8,VBCNews.in@SD,,,,https://i.imgur.com/SvXCjha.png,News,720x576,iptv-org-all.txt,1650,200,成功,h264,25.0,有音频,3.201,30,24
TV UFG (720p) [Not 24/7],http://flash.softhost.com.br:1935/ufg/tvufgweb/playlist.m3u8,TVUFG.br@SD,,,,https://i.imgur.com/Yp3dbJo.png,Education,1920x1080,iptv-org-all.txt,826,200,成功,h264,29.97002997002997,有音频,2.892,8,8
TVK Stella (576p),https://stream.tvkstella.pl/stella/stella.m3u8,TVKStella.pl@SD,,,,https://www.tvkstella.pl/img/poster.png,General;News,854x480,iptv-org-all.txt,2402,200,成功,h264,25.0,有音频,2.423,8,8
TVS Comedy Network (720p),https://rpn.bozztv.com/gusa/gusa-tvscomedy/index.m3u8,TVSComedyNetwork.us@SD,,,,https://i.imgur.com/rXORbti.png,Comedy,540x360,iptv-org-all.txt,602,200,成功,h264,29.97002997002997,有音频,1.478,9,9
TVS Bowling Network (720p),https://rpn.bozztv.com/gusa/gusa-tvsbowling/index.m3u8,TVSBowlingNetwork.us@SD,,,,https://www.watchyour.tv/channels/logo/tvs-bowling-network.jpg,Sports,1280x720,iptv-org-all.txt,1686,200,成功,h264,30.0,有音频,0.941,8,8
WEAR-DT1 (720p),http://143.244.60.30/AL_MOBILE_ABC/index.m3u8,WEARDT1.us@SD,,,,https://upload.wikimedia.org/wikipedia/commons/2/27/WWAY_logo.png,Undefined,1280x720,iptv-org-all.txt,50,200,成功,h264,59.94005994005994,有音频,0.486,8,8
TV Thathi (720p) [Not 24/7],https://cdn-grupo-10049.ciclano.io:1443/grupo-10049/grupo-10049/playlist.m3u8,TVThathi.br@SD,,,,https://i.imgur.com/w9yKTxE.png,General,1920x1080,iptv-org-all.txt,513,200,成功,h264,29.97002997002997,有音频,1.913,8,8
TVS Classic Movies (288p),https://rpn.bozztv.com/gusa/gusa-tvsclassicmovies/index.m3u8,TVSClassicMovies.us@SD,,,,https://i.imgur.com/st1xMsw.png,Classic,640x360,iptv-org-all.txt,1081,200,成功,h264,23.976023976023978,有音频,2.045,10,10
WBRZ Weather Channel Baton Rouge LA (480p),https://d2a6g6zgxepbwi.cloudfront.net/wbrz-edge/weather.stream_360p/playlist.m3u8,WBRZDT1.us@SD,,,,https://i.imgur.com/n057TgX.png,News;Weather,864x480,iptv-org-all.txt,1007,200,成功,h264,29.97002997002997,有音频,0.623,8,8
TVCARiB Gospel (480p) [Not 24/7],https://cdn.mycloudstream.io/hls/live/broadcast/wokrhjkd/index.m3u8,TVCARiBGospel.sx@SD,,,,https://i.imgur.com/fvGlwKo.png,Religious,640x360,iptv-org-all.txt,1478,200,成功,h264,30.0,有音频,1.394,9,9
WLNG Radio (410p) [Not 24/7],http://wlngstudiowebcam.srfms.com:1935/wlngstudiowebcam/livestream/playlist.m3u8,WLNGRadio.us@SD,,,,,Undefined,1280x720,iptv-org-all.txt,488,200,成功,h264,30.0,有音频,0.955,68,56
WDWL-DT1 (Teleadoración/Enlace PR) (720p) [Not 24/7],https://67acccf130420.streamlock.net/enlacepr1/enlacepr1/playlist.m3u8,WDWLDT1.pr@SD,,,,https://i.imgur.com/B7lqYZe.png,Religious,1280x720,iptv-org-all.txt,376,200,成功,h264,29.97002997002997,有音频,1.182,8,8
WGGS-DT2 (720p),https://content.uplynk.com/channel/1f93c13275024afb9e0ead299624073d.m3u8,WGGSDT2.us,,,,https://i.imgur.com/UfN6aAi.png,News,896x504,iptv-org-all.txt,560,200,成功,h264,29.97002997002997,有音频,6.241,16,12
TVS Quiz Show Network (720p),https://rpn.bozztv.com/gusa/gusa-tvsgameshow/index.m3u8,TVSQuizShowNetwork.us@SD,,,,https://i.imgur.com/5ljQwx2.png,Classic,540x360,iptv-org-all.txt,44,200,成功,h264,29.97002997002997,有音频,1.006,9,9
TVP Los Mochis (720p) [Not 24/7],https://5ca3e84a76d30.streamlock.net/gpacifico2/mochis.smil/playlist.m3u8,TVPLosMochis.mx@SD,,,,https://i.imgur.com/uX1S3kt.png,General,964x542,iptv-org-all.txt,37,200,成功,h264,29.97002997002997,有音频,1.552,8,8
Umbria TV (576p) [Not 24/7],https://umbriatv.stream.rubidia.it:8083/live/umbriatv/playlist.m3u8,UmbriaTV.it@SD,,,,https://i.imgur.com/olJIJ7c.png,Undefined,1280x720,iptv-org-all.txt,1775,200,成功,h264,25.0,有音频,3.794,8,8
TV Sim Colatina (720p),https://5cf4a2c2512a2.streamlock.net/8132/8132/playlist.m3u8,TVSimColatina.br@SD,,,,https://i.imgur.com/t5oUK3C.png,News,1280x720,iptv-org-all.txt,1248,200,成功,h264,29.97002997002997,有音频,1.456,8,8
WildEarth [Geo-blocked],https://cdn-ue1-prod.tsv2.amagi.tv/linear/amg01290-wildearthmediap-wildearth-samsungnl/playlist.m3u8,WildEarth.uk@SD,,,,https://i.imgur.com/Vhv5gjN.png,Undefined,1920x1080,iptv-org-all.txt,1857,200,成功,h264,29.97002997002997,有音频,4.410,16,12
WCBI (Columbus MI) (720p),https://townnews.g-mana.live/media/4efc62fa-ad0b-445c-a839-4d1e7636988e/main.m3u8,WCBIDT1.us@SD,,,,https://upload.wikimedia.org/wikipedia/commons/thumb/e/ee/CBS_logo_%282020%29.svg/512px-CBS_logo_%282020%29.svg.png,Undefined,640x360,iptv-org-all.txt,418,200,成功,h264,59.94005994005994,有音频,3.834,37,33
TVS Western Movie (270p),https://rpn.bozztv.com/gusa/gusa-tvswesternmovies/index.m3u8,TVSWesternMovie.us@SD,,,,https://i.imgur.com/dwr98qb.png,Classic,704x400,iptv-org-all.txt,40,200,成功,h264,25.0,有音频,1.314,9,9
TV Toruń (1080p) [Not 24/7],http://217.173.176.107:1935/live/tvk.stream/playlist.m3u8,TVTorun.pl@SD,,,,https://i.imgur.com/ZJ0yDWI.png,Undefined,1920x1080,iptv-org-all.txt,434,200,成功,h264,50.0,有音频,2.326,8,8
WTMO-CD1,https://dvrfl03.bozztv.com/hondu-telexitos/index.m3u8,WTMOCD1.us@SD,,,,https://upload.wikimedia.org/wikipedia/commons/thumb/3/3d/Telemundo_31_(2019).svg/512px-Telemundo_31_(2019).svg.png,News,1280x720,iptv-org-all.txt,37,200,成功,h264,29.97002997002997,有音频,1.124,8,8
TVSN (1080p),https://tvsnhlslivetest.akamaized.net/hls/live/2034711/TVSN-MSL4/master.m3u8,TVSN.au@SD,,,,https://i.postimg.cc/sD1NFx9c/tvsn.png,Shop,1920x1080,iptv-org-all.txt,845,200,成功,h264,25.0,有音频,4.139,8,8
TV LocAll (406p),http://tv.geniusnet.sk:8081/localltv/pl.m3u8,TVLocAll.sk@SD,,,,https://i.imgur.com/xN1CJol.png,Undefined,720x406,iptv-org-all.txt,1676,200,成功,h264,25.0,有音频,1.606,8,8
TVS Family Channel (360p),https://rpn.bozztv.com/gusa/gusa-TVSFamilyChannel/index.m3u8,TVSFamilyChannel.us@SD,,,,https://i.imgur.com/Y3EV3DL.png,Family,478x360,iptv-org-all.txt,266,200,成功,h264,23.976023976023978,有音频,0.954,10,10
Vale TV (480p) [Not 24/7],https://59d39900ebfb8.streamlock.net/valetv_480/valetv_480/playlist.m3u8,ValeTV.ve@SD,,,,https://i.imgur.com/NMI2Wed.png,General,1280x720,iptv-org-all.txt,1592,200,成功,h264,59.94005994005994,有音频,1.367,16,12
TVP Mazatlán (720p) [Not 24/7],https://5ca3e84a76d30.streamlock.net/gpacifico4/smil:mazatlan.smil/playlist.m3u8,TVPMazatlan.mx@SD,,,,https://i.imgur.com/uX1S3kt.png,General,1280x720,iptv-org-all.txt,37,200,成功,h264,,有音频,1.492,9,9
TV Luz (480p),https://host.streamingnation.live/p/3780/live/tvluzlive.m3u8,TVLuz.do@SD,,,,https://i.imgur.com/FZUQ2WP.png,Religious,854x480,iptv-org-all.txt,1383,200,成功,h264,29.97002997002997,有音频,1.013,8,8
UN Web TV (540p),https://cdnapi.kaltura.com/p/2503451/sp/250345100/playManifest/entryId/1_gb6tjmle/protocol/https/format/applehttp/a.m3u8,UNWebTV.us@SD,,,,https://i.imgur.com/UcAwBep.png,News,1920x1080,iptv-org-all.txt,1136,200,成功,h264,29.97002997002997,有音频,1.100,8,8
TV Keszthely (360p),https://cloudfront44.lexanetwork.com:1344/freerelay/keszthelyivtv.sdp/playlist.m3u8,TVKeszthely.hu@SD,,,,https://i.imgur.com/2LE8xSW.png,General,640x360,iptv-org-all.txt,2644,200,成功,h264,25.0,有音频,4.713,9,9
TV Ružinov (1080p) [Not 24/7],http://lb.streaming.sk/tvruzinov/stream/playlist.m3u8,TVRuzinov.sk@SD,,,,https://i.imgur.com/bUGuntH.png,Undefined,1920x1080,iptv-org-all.txt,1326,200,成功,h264,25.0,有音频,2.069,30,24
UnXplained Zone,http://cfd-v4-service-channel-stitcher-use1-1.prd.pluto.tv/stitch/hls/channel/656538f8954b020008d389db/master.m3u8?appName=web&appVersion=unknown&clientTime=0&deviceDNT=0&deviceId=6c2cc204-30d3-11ef-9cf5-e9ddff8ff496&deviceMake=Chrome&deviceModel=web&deviceType=web&deviceVersion=unknown&includeExtendedEvents=false&serverSideAds=false&sid=13e8f8b3-086c-4316-bc80-5d9ac1d1a45d,,,,,,Undefined,426x240,iptv-org-all.txt,237,200,成功,h264,30.0,有音频,1.807,117,93
VIVO TV (1080p),https://stream.vivotv.uy/hls/stream.m3u8,VIVOTV.uy@SD,,,,https://i.ibb.co/Drx6fgZ/Logo-white.png,Entertainment,1920x1080,iptv-org-all.txt,1523,200,成功,h264,25.0,有音频,3.566,36,32
WMGT-TV News (Macon GA) (720p),https://townnews.g-mana.live/media/e6909128-cd42-4690-8340-4b8a49455666/main.m3u8,WMGTDT1.us@SD,,,,https://upload.wikimedia.org/wikipedia/commons/thumb/7/7a/NBC_logo_2022_%28vertical%29.svg/512px-NBC_logo_2022_%28vertical%29.svg.png,Undefined,640x360,iptv-org-all.txt,146,200,成功,h264,29.97002997002997,有音频,3.051,9,9
TVP Obregón (720p) [Not 24/7],https://5ca3e84a76d30.streamlock.net/gpacifico3/obregon.smil/playlist.m3u8,TVPObregon.mx@SD,,,,https://i.imgur.com/uX1S3kt.png,General,964x542,iptv-org-all.txt,37,200,成功,h264,29.97002997002997,有音频,1.546,8,8
TV SLO 2 HD (1080p) [Not 24/7],http://23.88.66.93/SLO2/index.m3u8,TVSLO2.si@HD,,,,https://i.imgur.com/OPlzjjv.png,Undefined,1920x1080,iptv-org-all.txt,282,200,成功,h264,50.0,有音频,1.579,8,8
TV Vila Real (720p),https://cdn.jmvstream.com/w/LVW-10841/LVW10841_mT77z9o2cP/playlist.m3u8,TVVilaReal.br@SD,,,,https://i.imgur.com/Z1uWe7g.png,Undefined,1280x720,iptv-org-all.txt,307,200,成功,h264,30.0,有音频,3.961,18,16
TVN24 (720p),https://ss2.tvrdomi.com:1936/vozzmedianetwork/vozzmedianetwork/playlist.m3u8,TVN24.do@SD,,,,https://i.imgur.com/bu6bQMa.png,News,1920x1080,iptv-org-all.txt,52,200,成功,h264,,有音频,1.441,9,9
WTVY-DT1 (720p),http://143.244.60.30/AL_DOTHAN_CBS/index.m3u8,WTVYDT1.us@SD,,,,https://upload.wikimedia.org/wikipedia/commons/thumb/e/ee/CBS_logo_%282020%29.svg/512px-CBS_logo_%282020%29.svg.png,Undefined,1280x720,iptv-org-all.txt,31,200,成功,h264,59.94005994005994,有音频,0.387,8,8
WPEC-DT1,https://fl1.moveonjoy.com/FL_West_Palm_Beach_CBS/index.m3u8,WPECDT1.us@SD,,,,https://upload.wikimedia.org/wikipedia/commons/thumb/e/ee/CBS_logo_%282020%29.svg/512px-CBS_logo_%282020%29.svg.png,Undefined,1280x720,iptv-org-all.txt,33,200,成功,h264,29.97002997002997,有音频,1.064,8,8
TV Vitória (720p),https://stmv1.srvif.com/tvvitoriamz/tvvitoriamz/playlist.m3u8,TVVitoria.mz@SD,,,,https://i.imgur.com/HlWzzfj.png,Entertainment,1280x720,iptv-org-all.txt,123,200,成功,h264,25.0,有音频,0.946,8,8
Whakaata Maori,https://i.mjh.nz/.r/maori-tv.m3u8,WhakaataMaori.nz@SD,,,,https://i.imgur.com/oT3PrHZ.png,Undefined,426x240,iptv-org-all.txt,3105,200,成功,h264,25.0,有音频,7.368,7,5
WTOG-DT1,https://fl1.moveonjoy.com/FL_Tampa_CW44/index.m3u8,WTOGDT1.us@SD,,,,https://upload.wikimedia.org/wikipedia/commons/thumb/d/d9/WTOG_Tampa_Bay_44_2023.svg/1024px-WTOG_Tampa_Bay_44_2023.svg.png,Undefined,1280x720,iptv-org-all.txt,31,200,成功,h264,29.97002997002997,有音频,1.125,8,8
TVI Reality (720p) [Not 24/7],https://video-auth4.iol.pt/live_tvi_reality/live_tvi_reality/edge_servers/tvireality-720_passthrough/playlist.m3u8,TVIReality.pt@SD,,,,https://i.imgur.com/C9rxqA5.png,Entertainment,1280x720,iptv-org-all.txt,1480,200,成功,h264,25.0,有音频,3.673,8,8
TV León de Judá (720p),https://6110f70ea8d0e.streamlock.net/1838/1838/playlist.m3u8,TVLeondeJuda.sv@SD,,,,https://i.imgur.com/ZUCppwi.png,Religious,1280x720,iptv-org-all.txt,1370,200,成功,h264,30.0,有音频,1.218,8,8
Vos y TV (720p) [Not 24/7],https://cloud37.ecuatel.com/vostv/live/manifest.m3u8,VosyTV.ec@SD,,,,https://i.imgur.com/294FDCB.png,Music,1280x720,iptv-org-all.txt,1470,200,成功,h264,25.0,有音频,2.133,8,8
Wonder (720p),https://lds-wonder-samsungau.amagi.tv/playlist.m3u8,Wonder.uk@SD,,,,https://i.imgur.com/LquGNbh.png,Undefined,1280x720,iptv-org-all.txt,299,200,成功,h264,25.0,有音频,1.724,8,8
ViàMatélé (1080p),https://5dd226f8f01e8.streamlock.net/via-matele-live/matelelive_1080/playlist.m3u8,ViaMatele.fr@SD,,,,https://i.imgur.com/XVCV9rj.png,Undefined,1920x1080,iptv-org-all.txt,844,200,成功,h264,25.0,有音频,3.186,8,8
WGGS-DT1 (720p),https://cdn-unified-hls.streamspot.com/ingest1/c7956aac88/playlist.m3u8?origin=1,WGGSDT1.us@SD,,,,https://i.imgur.com/Btw83JA.png,Undefined,1280x720,iptv-org-all.txt,1370,200,成功,h264,30.0,有音频,0.810,8,8
WIS-DT2 (720p) [Not 24/7],https://tvpass.org/live/cw-wdcw-district-of-columbia/hd,WISDT2.us@SD,,,,https://upload.wikimedia.org/wikipedia/commons/thumb/b/b1/The_CW_2024.svg/512px-The_CW_2024.svg.png,Undefined,1280x720,iptv-org-all.txt,2360,200,成功,h264,30.0,无音频,3.242,128,104
TV Vita,https://dash3.antik.sk/live/test_vita/playlist.m3u8,TVVita.sk@SD,,,,https://i.imgur.com/Cx1GLbo.png,Culture,1280x720,iptv-org-all.txt,440,200,成功,h264,50.0,有音频,2.005,8,8
Vevo Hip-Hop & R&B (1080p),https://amg00056-amg00056c26-rakuten-uk-3236.playouts.now.amagi.tv/playlist.m3u8,,,,,,Undefined,1920x1080,iptv-org-all.txt,1369,200,成功,h264,29.97002997002997,有音频,7.184,8,8
WCBS-DT1 (720p) [Not 24/7],https://tvpass.org/live/WCBSDT1/hd,WCBSDT1.us@SD,,,,https://upload.wikimedia.org/wikipedia/commons/thumb/d/d9/CBS_2.svg/512px-CBS_2.svg.png,Undefined,1280x720,iptv-org-all.txt,2742,200,成功,h264,30.0,无音频,3.219,8,8
TV Florencia (720p),https://cdn.streamhispanatv.net:3819/live/tvflorecialive.m3u8,TVFlorencia.gt@SD,,,,https://i.imgur.com/jsbwnRb.png,General,1280x720,iptv-org-all.txt,1273,200,成功,h264,29.97002997002997,有音频,1.028,8,8
Vive TV Colombia (1080p),http://192.144.113.132:1935/live/ViveTV/playlist.m3u8,ViveTV.co@SD,,,,https://i.imgur.com/25CFHpB.png,Undefined,1280x720,iptv-org-all.txt,304,200,成功,h264,60.0,有音频,1.114,66,56
TV NRSR (720p) [Not 24/7],https://n11.stv.livebox.sk/stv-tv/stv4.stream/playlist.m3u8,TVNRSR.sk@SD,,,,https://i.imgur.com/hsJsu3I.png,Legislative,1280x720,iptv-org-all.txt,1225,200,成功,h264,25.0,有音频,4.107,45,36
WRGX-LD1 (720p),http://143.244.60.30/AL_DOTHAN_NBC/index.m3u8,WRGXLD1.us@SD,,,,https://upload.wikimedia.org/wikipedia/commons/thumb/7/7a/NBC_logo_2022_%28vertical%29.svg/512px-NBC_logo_2022_%28vertical%29.svg.png,Undefined,1280x720,iptv-org-all.txt,31,200,成功,h264,59.94005994005994,有音频,0.409,8,8
TVT Zgorzelec (576p) [Not 24/7],http://gargoyle.tomkow.pl/hls/tvt.m3u8,TVTZgorzelec.pl@SD,,,,https://i.imgur.com/zhzVpgf.jpg,Undefined,1024x576,iptv-org-all.txt,905,200,成功,h264,25.0,有音频,1.660,8,8
Wicked Tuna,http://cfd-v4-service-channel-stitcher-use1-1.prd.pluto.tv/stitch/hls/channel/65253d66c52b3600083d8dd2/master.m3u8?appName=web&appVersion=unknown&clientTime=0&deviceDNT=0&deviceId=1b218265-4b81-11ef-a8ac-e146e4e7be02&deviceMake=Chrome&deviceModel=web&deviceType=web&deviceVersion=unknown&includeExtendedEvents=false&serverSideAds=false&sid=96ea8773-469b-451c-90a0-2dcaee6777eb,,,,,,Undefined,426x240,iptv-org-all.txt,69,200,成功,h264,30.0,有音频,2.333,7,5
WKRG-DT1 (720p),http://143.244.60.30/AL_MOBILE_CBS/index.m3u8,WKRGDT1.us@SD,,,,https://upload.wikimedia.org/wikipedia/commons/thumb/e/ee/CBS_logo_%282020%29.svg/512px-CBS_logo_%282020%29.svg.png,Undefined,1920x1080,iptv-org-all.txt,31,200,成功,h264,59.94005994005994,有音频,0.392,8,8
Village of Hastings-On-Hudson NY (WHOH-TV) (360p),https://stream.swagit.com/live-edge/hastingsonhudsonny/smil:std-4x3-1-a/playlist.m3u8,WHOHTV.us@SD,,,,https://i.imgur.com/jTD9nLE.png,General,320x240,iptv-org-all.txt,62,200,成功,h264,29.97002997002997,有音频,1.170,9,9
TVS Sports (720p) [Not 24/7],https://rpn.bozztv.com/gusa/gusa-tvssports/index.m3u8,TVSSports.us@SD,,,,https://i.imgur.com/Lwwq62E.png,Sports,1280x720,iptv-org-all.txt,289,200,成功,h264,29.97002997002997,有音频,1.023,8,8
WMPT-DT2 (PBS Create),https://2-fss-1.streamhoster.com/pl_122/amlst:201814-2122456/playlist.m3u8,WMPTDT2.us@SD,,,,https://upload.wikimedia.org/wikipedia/commons/thumb/7/71/Create_TV_network_logo.svg/512px-Create_TV_network_logo.svg.png,Undefined,1280x720,iptv-org-all.txt,651,200,成功,h264,29.97002997002997,有音频,0.816,8,8
TVO (CH) (720p),https://cdnapisec.kaltura.com/p/1719221/sp/171922100/playManifest/entryId/1_t5h46v64/format/applehttp/protocol/https/a.m3u8,TVO.ch@SD,,,,https://i.imgur.com/i57Vst6.png,Undefined,1280x720,iptv-org-all.txt,214,200,成功,h264,25.0,有音频,0.969,8,8
Walf TV (360p),http://69.64.57.208/walftv/playlist.m3u8,WalfTV.sn@SD,,,,https://i.imgur.com/IrBAqIJ.png,General,720x576,iptv-org-all.txt,34,200,成功,h264,25.0,有音频,0.373,8,8
WMBC-DT1 (720p),http://d029dcec.kazmazpaz.ru/iptv/GVR4V8HYAGBS5V/1098/manifest.m3u8,WMBCDT1.us@SD,,,,https://upload.wikimedia.org/wikipedia/commons/e/e0/WMBC_logo.jpg,Undefined,1280x720,iptv-org-all.txt,1055,200,成功,mpeg2video,59.94005994005994,有音频,1.330,8,8
TV Getsemaní (720p),https://serversv.com:8080/hls/tvgetsemani.m3u8,TVGetsemani.sv@SD,,,,https://i.imgur.com/C9SJCcE.jpg,Religious,1280x720,iptv-org-all.txt,1435,200,成功,h264,29.97002997002997,有音频,1.046,8,8
TV Prato (1080p),https://live.mariatvcdn.com/tvprato/2db0dd5674586686a867ec52c3aa8e06.sdp/index.m3u8,TVPrato.it@SD,,,,https://i.imgur.com/72mAJtf.png,Undefined,1920x1080,iptv-org-all.txt,1517,200,成功,h264,25.0,有音频,1.987,8,8
WBTV Love and Marriage [Geo-blocked],https://live-manifest.production-public.tubi.io/live/550da437-5c67-44a3-a95e-a897fc7d6612/playlist.m3u8,,,,,,Undefined,,iptv-org-all.txt,1700,200,成功,h264,,有音频,3.578,8,6
W14DK-D 14.1 TV Delmarva,https://2-fss-2.streamhoster.com/pl_118/amlst:204972-1949480/playlist.m3u8,W14DKD1.us@SD,,,,https://i.imgur.com/TjQP7kS.png,Religious,1280x720,iptv-org-all.txt,93,200,成功,h264,30.0,有音频,1.026,8,8
World Billiards TV,https://9a81dd4ee3884d0dbcacafaf0d81327a.mediatailor.us-east-1.amazonaws.com/v1/master/04fd913bb278d8775298c26fdca9d9841f37601f/RakutenTV-eu_BilliardsTV/playlist.m3u8,WorldBilliards.pl@SD,,,,https://images-3.rakuten.tv/storage/global-live-channel/translation/artwork/80af06f2-a12e-4406-bd13-b932fd69fffe-width200-quality90.png,Undefined,1280x720,iptv-org-all.txt,896,200,成功,h264,29.97002997002997,有音频,1.833,8,8
TV Sur Canal 9 (620p) [Not 24/7],http://tv.ticosmedia.com:1935/TVSUR/TVSUR/playlist.m3u8,TVSurCanal9.cr@SD,,,,https://i.imgur.com/7HbISMV.png,Undefined,720x480,iptv-org-all.txt,1710,200,成功,h264,29.97002997002997,有音频,1.737,8,8
Vía Altomayo (720p) [Not 24/7],https://live.obslivestream.com/viaaltomayomux/index.m3u8,ViaAltomayo.pe@SD,,,,https://i.imgur.com/aJ4XExn.png,General,1280x720,iptv-org-all.txt,50,200,成功,h264,29.97002997002997,有音频,2.288,8,8
Willkommen bei den Louds,http://cfd-v4-service-channel-stitcher-use1-1.prd.pluto.tv/stitch/hls/channel/627d2d1d05e09f00073ccdff/master.m3u8?appName=web&appVersion=unknown&clientTime=0&deviceDNT=0&deviceId=1b21a971-4b81-11ef-a8ac-e146e4e7be02&deviceMake=Chrome&deviceModel=web&deviceType=web&deviceVersion=unknown&includeExtendedEvents=false&serverSideAds=false&sid=d459f8f8-c3a5-40cd-ad1a-eab32db42e72,,,,,,Undefined,426x240,iptv-org-all.txt,71,200,成功,h264,30.0,有音频,3.050,129,105
VOA TV Africa (1080p),https://voa-ingest.akamaized.net/hls/live/2033874/tvmc06/playlist.m3u8,VoATV.us@SD,,,,https://i.imgur.com/rtRnlqN.png,News,426x240,iptv-org-all.txt,1777,200,成功,h264,25.0,有音频,7.271,7,5
TV Land Drama,http://cfd-v4-service-channel-stitcher-use1-1.prd.pluto.tv/stitch/hls/channel/5d40bebc5e3d2750a2239d7e/master.m3u8?appName=web&appVersion=unknown&clientTime=0&deviceDNT=0&deviceId=6c2c9af3-30d3-11ef-9cf5-e9ddff8ff496&deviceMake=Chrome&deviceModel=web&deviceType=web&deviceVersion=unknown&includeExtendedEvents=false&serverSideAds=false&sid=5e762bb7-572b-4470-87fd-b3b4bb48462e,TVLandDrama.us@SD,,,,https://i.imgur.com/y1rXIAS.png,Movies,512x288,iptv-org-all.txt,70,200,成功,h264,30.0,有音频,1.909,117,93
TVNET (360p),https://player.tvnet.lv/stream/amlst:61659/playlist.m3u8,TVNET.lv@SD,,,,https://i.imgur.com/jzv1ssE.png,Undefined,640x360,iptv-org-all.txt,1117,200,成功,h264,23.976023976023978,有音频,3.659,26,22
TVGE,http://69.64.57.208/tvge/playlist.m3u8,TVGE.gq@SD,,,,https://i.imgur.com/iOdHgPd.png,General,640x360,iptv-org-all.txt,69,200,成功,h264,25.0,有音频,0.994,9,9
Undercover Boss (720p),https://all3media-international-undercoverboss-1-au.samsung.wurl.tv/playlist.m3u8,UndercoverBossGlobal.us@UK,,,,https://i.imgur.com/O9lwu23.png,Entertainment,1280x720,iptv-org-all.txt,1738,200,成功,h264,29.97002997002997,有音频,1.990,8,8
TVCOM DF (360p),https://5b7f3c45ab7c2.streamlock.net/8008/smil:8008.smil/playlist.m3u8?DVR=,TVComunitaria.br@SD,,,,https://i.imgur.com/uxefHY3.png,General,640x360,iptv-org-all.txt,1537,200,成功,h264,29.97002997002997,有音频,2.268,9,9
WeatherSpy (720p),https://jukin-weatherspy-2-mx.samsung.wurl.tv/playlist.m3u8,WeatherSpy.mx@SD,,,,https://i.imgur.com/KIEKOt1.png,Weather,1280x720,iptv-org-all.txt,211,200,成功,h264,29.97002997002997,有音频,1.758,8,8
Vía Televisión (720P) [Not 24/7],https://videoserver.tmcreativos.com:19360/cablerasvia/cablerasvia.m3u8,ViaTelevision.pe@SD,,,,https://i.imgur.com/FiptbGQ.png,General,1280x720,iptv-org-all.txt,53,200,成功,h264,29.97002997002997,有音频,1.029,8,8
WDFX-DT1 (720p),http://143.244.60.30/AL_DOTHAN_FOX/index.m3u8,WDFXDT1.us@SD,,,,https://upload.wikimedia.org/wikipedia/commons/thumb/f/f0/Fox_Networks_Group_US_logo.svg/512px-Fox_Networks_Group_US_logo.svg.png,Undefined,1280x720,iptv-org-all.txt,66,200,成功,h264,29.97002997002997,有音频,0.370,8,8
TV One,https://fl1.moveonjoy.com/TV_ONE/index.m3u8,TVOne.us@SD,,,,https://i.imgur.com/tthm8Q5.png,Undefined,1280x720,iptv-org-all.txt,606,200,成功,h264,59.94005994005994,有音频,1.281,8,8
TVCOM Maceió (480p),https://srv5.zcast.com.br/tvcommaceio/tvcommaceio/playlist.m3u8,TVCOMMaceio.br@SD,,,,https://i.imgur.com/IE7IZzi.png,General,854x480,iptv-org-all.txt,1397,200,成功,h264,29.97002997002997,有音频,1.187,8,8
VillaAltagracia TV,https://inliveserver.com:1936/10016/10016/playlist.m3u8,VillaAltagraciaTV.do@SD,,,,https://i.imgur.com/uQAeKKa.png,General,1280x720,iptv-org-all.txt,874,200,成功,h264,30.0,有音频,1.620,8,8
Willkommen bei den Louds,http://cfd-v4-service-channel-stitcher-use1-1.prd.pluto.tv/stitch/hls/channel/627d2d1d05e09f00073ccdff/master.m3u8?appName=web&appVersion=unknown&clientTime=0&deviceDNT=0&deviceId=bc86d9b1-4b91-11ef-8a44-83c5e90e038f&deviceMake=Chrome&deviceModel=web&deviceType=web&deviceVersion=unknown&includeExtendedEvents=false&serverSideAds=false&sid=29acfa3a-17c6-4905-ada4-3c4e7ea69250,,,,,,Undefined,426x240,iptv-org-all.txt,77,200,成功,h264,30.0,有音频,2.112,129,105
WBMA-LD1 (720p),http://143.244.60.30/AL_BIRMINGHAM_ABC/index.m3u8,WBMALD1.us@SD,,,,https://upload.wikimedia.org/wikipedia/commons/2/27/WWAY_logo.png,Undefined,1280x720,iptv-org-all.txt,34,200,成功,h264,59.94005994005994,有音频,0.359,8,8
Universidad Autónoma Temuco (UATV) (1080p) [Not 24/7],https://unlimited1-us.dps.live/uatv/uatv.smil/playlist.m3u8,UATV.cl@SD,,,,https://i.imgur.com/BdZGS66.png,Undefined,1920x1080,iptv-org-all.txt,426,200,成功,h264,30.0,有音频,1.773,8,8
WDHN-DT1 (720p),http://143.244.60.30/AL_DOTHAN_ABC/index.m3u8,WDHNDT1.us@SD,,,,https://upload.wikimedia.org/wikipedia/commons/2/27/WWAY_logo.png,Undefined,1280x720,iptv-org-all.txt,33,200,成功,h264,59.94005994005994,有音频,0.451,8,8
TVN (1080p),https://s4.telset.ee/tvn/index.m3u8?filter.tracks=v1a1&token=tvn_token,TVN.ee@SD,,,,https://i.imgur.com/t8nUMAO.png,Undefined,1920x1080,iptv-org-all.txt,2036,200,成功,h264,25.0,有音频,4.085,36,32
Vevo R&B,http://cfd-v4-service-channel-stitcher-use1-1.prd.pluto.tv/stitch/hls/channel/5da0d83f66c9700009b96d0e/master.m3u8?appName=web&appVersion=unknown&clientTime=0&deviceDNT=0&deviceId=6c2ce913-30d3-11ef-9cf5-e9ddff8ff496&deviceMake=Chrome&deviceModel=web&deviceType=web&deviceVersion=unknown&includeExtendedEvents=false&serverSideAds=false&sid=b9489829-fa99-492b-9890-e85a4a467854,VevoRB.us@SD,,,,https://images.pluto.tv/channels/5da0d83f66c9700009b96d0e/featuredImage.jpg,Music,426x240,iptv-org-all.txt,244,200,成功,h264,30.0,有音频,2.507,17,13
TVSN Beauty (1080p),https://live-tvsn.simplestreamcdn.com/live12/tvsnbeauty/bitrate1.isml/.m3u8,TVSNBeauty.au@SD,,,,https://i.imgur.com/lmoAFm3.png,Shop,1920x1080,iptv-org-all.txt,272,200,成功,h264,25.0,有音频,2.756,66,56
Vosges Télévision (576p) [Not 24/7],https://vosgestv.live-kd.com/live/vosgestv/vosgestv/playlist.m3u8,VosgesTV.fr@SD,,,,https://i.imgur.com/7y7ancc.png,Undefined,720x576,iptv-org-all.txt,1657,200,成功,h264,25.0,有音频,3.538,8,8
TV Syri (720p),https://gjirafa-video-live.gjirafa.net/gjvideo-live/xej-xnb-ba0-kup/index.m3u8,TVSyri.xk@SD,,,,https://i.imgur.com/ZQuFosn.png,Undefined,1280x720,iptv-org-all.txt,1169,200,成功,h264,25.0,有音频,2.812,8,8
Wanasah (1080p),https://wanasah-prod-dub-enc.edgenextcdn.net/out/v1/c84ef3128e564b74a6a796e8b6287de6/index.m3u8,Wanasah.ae@SD,,,,https://i.imgur.com/nLtiXNf.png,Music,1920x1080,iptv-org-all.txt,476,200,成功,h264,25.0,有音频,7.052,76,60
TVSN Jewellery (1080p),https://live-tvsn.simplestreamcdn.com/live13/tvsnjewellery/bitrate1.isml/.m3u8,TVSNJewellery.au@SD,,,,https://i.imgur.com/lmoAFm3.png,Shop,1920x1080,iptv-org-all.txt,239,200,成功,h264,25.0,有音频,1.753,66,56
Unforgettable,http://cfd-v4-service-channel-stitcher-use1-1.prd.pluto.tv/stitch/hls/channel/650adb92a1217e00091a3eff/master.m3u8?appName=web&appVersion=unknown&clientTime=0&deviceDNT=0&deviceId=84afb1f5-4b92-11ef-aece-533610f1ea34&deviceMake=Chrome&deviceModel=web&deviceType=web&deviceVersion=unknown&includeExtendedEvents=false&serverSideAds=false&sid=38e01fae-e485-4ddb-93c0-891443b0d887,,,,,,Undefined,426x240,iptv-org-all.txt,82,200,成功,h264,30.0,有音频,1.806,129,105
TVS Nostalgia (472p),https://rpn.bozztv.com/gusa/gusa-nostalgia/index.m3u8,TVSNostalgia.us@SD,,,,https://i.imgur.com/q72FCCQ.png,Classic,640x480,iptv-org-all.txt,63,200,成功,h264,29.97002997002997,有音频,1.030,9,9
Wine Watches & Whiskey (1080p),https://www-on-stirr.b-cdn.net/Wine-Watches-and-Whiskey/playlist.m3u8,WineWatchesWhiskey.us@HD,,,,https://i.imgur.com/MN89dfS.png,Undefined,1920x1080,iptv-org-all.txt,1176,200,成功,h264,29.97002997002997,有音频,1.095,8,8
TVC Bénin (720p),https://live.tvcbenin.com/direct/729c37a1d3319ee21991227b1f84c687.sdp/playlist.m3u8,TVCBenin.bj@SD,,,,https://i.imgur.com/oUnEYl5.png,General,940x560,iptv-org-all.txt,567,200,成功,h264,30.0,有音频,1.406,16,12
TV Migrante (720p),https://s5.mexside.net:1936/tvmigrante/tvmigrante/playlist.m3u8,TVMigrante.mx@SD,,,,https://i.imgur.com/tVgkiJF.png,General,1920x1080,iptv-org-all.txt,276,200,成功,h264,30.0,有音频,1.240,8,8
Vice TV (1080p),https://vicetv-vicefast1-firetv.amagi.tv/playlist.m3u8,VICETV.us@SD,,,,https://upload.wikimedia.org/wikipedia/commons/thumb/d/dc/Vice_TV_logo.svg/512px-Vice_TV_logo.svg.png,Undefined,1920x1080,iptv-org-all.txt,250,200,成功,h264,25.0,有音频,2.794,38,32
TVM para ti (1080p),https://streamtv.intervenhosting.net:3529/live/tvmparatilive.m3u8,TVMparati.ve@SD,,,,https://intervenhosting.net/imagenes/tvmparati.jpg,General,1280x720,iptv-org-all.txt,1272,200,成功,h264,29.97002997002997,有音频,1.229,62,50
Unifranz (720p),https://live.enhdtv.com:8081/8192/index.m3u8,Unifranz.bo@HD,,,,https://unifranz.edu.bo/wp-content/themes/unifranz-web/public/images/logos/logo-light-min.442cee.svg,Education;Entertainment;News,1280x720,iptv-org-all.txt,1276,200,成功,h264,29.97002997002997,有音频,0.906,8,8
WiseHumanTv,https://avr.host247.net/live/WiseHumanTv/playlist.m3u8,WiseHumanTv.ir@HD,,,,https://i.imgur.com/BT7EtfB.png,Religious,1920x1080,iptv-org-all.txt,1325,200,成功,h264,25.0,有音频,2.456,8,8
TV Maceió (360p),https://srv5.zcast.com.br/paulo4100/paulo4100/playlist.m3u8,TVMaceio.br@SD,,,,https://i.imgur.com/zZ9LEOZ.png,General,640x360,iptv-org-all.txt,210,200,成功,h264,29.97002997002997,有音频,1.298,9,9
World Harvest TV (360p),https://597865f6e4114.streamlock.net/live/leseaorigin.stream/playlist.m3u8,WorldHarvestTV.us@SD,,,,https://i.imgur.com/xtbkDDN.png,Undefined,1280x720,iptv-org-all.txt,571,200,成功,h264,30.0,有音频,1.106,16,12
VOA美国之音,https://voa-ingest.akamaized.net/hls/live/2033878/tvmc08/playlist.m3u8,VoATVChina.cn@SD,,,,https://i.imgur.com/XCTZkoq.png,Undefined,426x240,iptv-org-all.txt,1841,200,成功,h264,25.0,有音频,9.398,37,29
WHSV-DT4,http://104.255.88.155/metv/index.m3u8,WHSVDT4.us@SD,,,,https://upload.wikimedia.org/wikipedia/commons/thumb/3/38/MyNetworkTV_2D_Logo.svg/512px-MyNetworkTV_2D_Logo.svg.png,Undefined,1056x720,iptv-org-all.txt,106,200,成功,h264,29.97002997002997,有音频,1.158,8,8
WRUA-DT1 (Tiva TV) (720p),https://fl496518-exthls-p1.flovp.com/fl496518/live/live.m3u8,WRUADT1.pr@SD,,,,https://i.imgur.com/YtTlZq3.png,Entertainment,1280x720,iptv-org-all.txt,2781,200,成功,h264,29.97002997002997,有音频,0.824,8,8
TV Zagora (576p),http://zagoratv.ddns.net:8080/tvzagora.m3u8,TVZagora.bg@SD,,,,https://i.imgur.com/DvBboqe.png,General,1920x1080,iptv-org-all.txt,336,200,成功,h264,25.0,有音频,2.088,8,8
VerTV (VTV) (720p) [Not 24/7],https://5f700d5b2c46f.streamlock.net/vertv/vertv/playlist.m3u8,VTV.ar@SD,,,,https://i.imgur.com/TLaausJ.png,Undefined,1280x720,iptv-org-all.txt,1393,200,成功,h264,25.0,有音频,1.431,8,8
WPS TV (360p),https://2-fss-2.streamhoster.com/pl_120/amlst:203530-1426406/playlist.m3u8,WPSTV.us@SD,,,,https://i.imgur.com/zwzmwse.jpg,Education,640x360,iptv-org-all.txt,1267,200,成功,h264,29.97002997002997,有音频,0.708,9,9
TVS Nostalgia Movies (480p),https://rpn.bozztv.com/gusa/gusa-tvsNostalgiaMovies/index.m3u8,TVSNostalgiaMovies.us@SD,,,,https://i.imgur.com/w4fxiKi.png,Classic,640x480,iptv-org-all.txt,40,200,成功,h264,29.97002997002997,有音频,1.032,9,9
West Hollywood WeHoTV (West Hollywood CA) (360p),https://cdn3.wowza.com/5/M0lyamVmM2JWcjhQ/weho/G0161_004/playlist.m3u8,WeHoTV.us@SD,,,,https://i.imgur.com/p3L2vSL.png,Undefined,640x360,iptv-org-all.txt,618,200,成功,h264,25.0,有音频,1.194,9,9
Vidusdaugavas Televīzija (576p),https://straume.vdtv.lv/vdtv2/index.m3u8,VidusdaugavasTelevizija.lv@SD,,,,https://i.imgur.com/L5U3PQR.png,General,1024x576,iptv-org-all.txt,1672,200,成功,h264,25.0,有音频,4.445,8,8
TV Metropole (720p) [Not 24/7],https://cdn-fundacao-2110.ciclano.io:1443/fundacao-2110/fundacao-2110/playlist.m3u8,TVMetropole.br@SD,,,,https://i.imgur.com/bJyjLpg.png,General,1280x720,iptv-org-all.txt,439,200,成功,h264,29.97002997002997,有音频,1.861,8,8
WLS ABC 7 News (Chicago IL) (720p),https://content.uplynk.com/channel/ext/aac37e2c66614e699fb189ab391084ff/wls_24x7_news.m3u8,WLSDT1247News.us@SD,,,,https://upload.wikimedia.org/wikipedia/commons/2/27/WWAY_logo.png,News,640x360,iptv-org-all.txt,54,200,成功,h264,30.0,有音频,6.336,9,9
Своё HD,http://live.stv24.tv:8080/svoetv/HQ_video.m3u8,SvoyoTV.ru@SD,,,,https://i.imgur.com/3cP2fmX.png,Undefined,1920x1080,iptv-org-all.txt,714,200,成功,h264,25.0,有音频,2.731,36,32
[SD]3030相声小品[geo-blocked],https://stream1.freetv.fun/45d7b50f102128e684ddef8a72691ab6985d93f46f8e2eb7d693a7fcf6405415.ctv,,115新天地民俗臺,台灣,國語,https://epg.pw/media/images/channel/2022/02/10/large/20220210222702096387_48.png,其它,1920x1080,epg-pw.txt,44,403,成功,h264,25.0,有音频,2.996,148,120
浙江新闻,https://ali-m-l.cztv.com/channels/lantian/channel007/1080p.m3u8,,,,,,Undefined,1920x1080,iptv-org-all.txt,1397,200,成功,h264,25.0,有音频,3.049,156,128
[BD]人間衛視 *4g,https://stream1.freetv.fun/29475b8a0b092ae4dcc3cccf5f5e93151e5b193f774c72981bc4263bc66c6dc5.ctv,,人間衛視,台灣,國語,https://epg.pw/media/img/logo/1_164.jpg,其它,1920x1080,epg-pw.txt,14,403,成功,h264,30.0,有音频,3.845,8,8
[BD]大愛二 *4g,https://stream1.freetv.fun/73a4aef089df03997f2bfbdd1db278e79c7332746437d13fd0ef92caa513fddc.ctv,,大愛二臺,台灣,國語,https://epg.pw/media/uploads/tmp_logo/2016/11/22/20161122132027545644_22.png,其它,1920x1080,epg-pw.txt,16,403,成功,h264,30.0,有音频,3.991,8,8
WXXV-TV News (Biloxi MS) (720p),https://townnews.g-mana.live/media/c8c354e0-672f-4368-a17d-a862ee98af4a/main.m3u8,WXXVDT1.us@SD,,,,https://upload.wikimedia.org/wikipedia/commons/thumb/f/f0/Fox_Networks_Group_US_logo.svg/512px-Fox_Networks_Group_US_logo.svg.png,Undefined,640x360,iptv-org-all.txt,616,200,成功,h264,59.94005994005994,有音频,4.994,21,21
浙江国际,https://ali-m-l.cztv.com/channels/lantian/channel010/1080p.m3u8,,,,,,Undefined,1920x1080,iptv-org-all.txt,2935,200,成功,h264,25.0,有音频,3.163,156,128
浙江教科,https://ali-m-l.cztv.com/channels/lantian/channel004/1080p.m3u8,,,,,,Undefined,1920x1080,iptv-org-all.txt,1663,200,成功,h264,25.0,有音频,2.734,156,128
Zalaegerszegi TV (360p),https://cloudfront44.lexanetwork.com:1344/freerelay/zegtv.sdp/playlist.m3u8,ZalaegerszegiTV.hu@SD,,,,https://i.imgur.com/MLVPf0i.png,Undefined,720x480,iptv-org-all.txt,295,200,成功,h264,25.0,有音频,4.328,8,8
浙江经济,https://ali-m-l.cztv.com/channels/lantian/channel003/1080p.m3u8,,,,,,Undefined,1920x1080,iptv-org-all.txt,916,200,成功,h264,25.0,有音频,2.741,156,128
Толк HD,http://live-tolknews.cdnvideo.ru/tolknews/stream/playlist.m3u8,Tolk.ru@HD,,,,https://i.imgur.com/l7JZ79P.png,News,1280x720,iptv-org-all.txt,1997,200,成功,h264,50.0,有音频,1.766,8,8
[BD]channel s music,https://stream1.freetv.fun/34d0d75aa919812ee1cef55b1ef4bcb5e542fd657fb495fc4458d2422eb8ef14.m3u8,,CHANNEL [V],台灣,英文,https://epg.pw/media/images/channel/2022/08/06/large/20220806161730161952_53.jpg,音樂,1920x1080,epg-pw.txt,15,403,成功,h264,25.0,有音频,1.715,28,22
Глас (576p),http://85.238.112.69:8811/hls_sec/239.0.4.18-.m3u8,Glas.ua@SD,,,,https://i.imgur.com/l5FEP9w.png,Religious,720x576,iptv-org-all.txt,351,200,成功,h264,25.0,有音频,1.472,8,8
新昌休闲影视 (1080p) [Not 24/7],https://l.cztvcloud.com/channels/lantian/SXxinchang2/720p.m3u8,,,,,,Undefined,1920x1080,iptv-org-all.txt,239,200,成功,h264,25.0,有音频,3.400,144,116
[HD]tvbs新闻,https://stream1.freetv.fun/b9008aeb80dd41cc97f7006561fd5af645903c8fe9f44cb2e1e866c841842054.m3u8,370174,TVBS新聞HD,台灣,國語,https://epg.pw/media/images/channel/2025/01/28/large/20250128055934838968_50.png,新聞,1280x720,epg-pw.txt,15,403,成功,h264,30.0,有音频,1.214,116,92
Yo! MTV,http://cfd-v4-service-channel-stitcher-use1-1.prd.pluto.tv/stitch/hls/channel/654102ed770cf1000866c307/master.m3u8?appName=web&appVersion=unknown&clientTime=0&deviceDNT=0&deviceId=2c7c9e98-35fc-11ef-a031-2b5d494037a2&deviceMake=Chrome&deviceModel=web&deviceType=web&deviceVersion=unknown&includeExtendedEvents=false&serverSideAds=false&sid=4c7b00a0-d803-41b5-95bb-c20d39e69ce2,YoMTV.us@SD,,,,https://i.imgur.com/hzNXDdY.png,Music,426x240,iptv-org-all.txt,267,200,成功,h264,30.0,有音频,4.712,117,93
浙江民生,https://ali-m-l.cztv.com/channels/lantian/channel006/1080p.m3u8,,,,,,Undefined,1920x1080,iptv-org-all.txt,1305,200,成功,h264,25.0,有音频,3.486,156,128
浙江钱江,https://ali-m-l.cztv.com/channels/lantian/channel002/1080p.m3u8,,,,,,Undefined,1920x1080,iptv-org-all.txt,582,200,成功,h264,25.0,有音频,2.674,156,128
余姚姚江文化 (576p),https://l.cztvcloud.com/channels/lantian/SXyuyao3/720p.m3u8,,,,,,Undefined,720x576,iptv-org-all.txt,244,200,成功,h264,25.0,有音频,3.834,156,128
Надия/Новый канал (576p) [Not 24/7],http://nadiya.home-net.com.ua/mob/mystream.m3u8,HopeChannelUkraine.ua@SD,,,,https://i.imgur.com/mUx2P29.png,Religious,720x576,iptv-org-all.txt,562,200,成功,h264,,有音频,1.827,9,9
[VGA]asharq discovery,https://stream1.freetv.fun/ae1bcd61012a7cb1b781fb6af83dcacdc03f254790032b4374b976b61dd7ea4a.m3u8,,Discovery(TW),台灣,英文,https://epg.pw/media/images/channel/2023/08/05/large/20230805000246427864_44.png,知識,,epg-pw.txt,15,403,成功,h264,,有音频,11.970,8,6
新昌新聞綜合 (1080p) [Not 24/7],https://l.cztvcloud.com/channels/lantian/SXxinchang1/720p.m3u8,,,,,,Undefined,1920x1080,iptv-org-all.txt,243,200,成功,h264,25.0,有音频,3.651,144,116
Союз (576p),https://hls-tvsoyuz.cdnvideo.ru/tvsoyuz/soyuz/playlist.m3u8,Soyuz.ru@SD,,,,https://i.imgur.com/w3OewHc.png,Religious,1920x1080,iptv-org-all.txt,406,200,成功,h264,25.0,有音频,1.450,8,8
之江纪录,https://ali-m-l.cztv.com/channels/lantian/channel012/1080p.m3u8,,,,,,Undefined,1920x1080,iptv-org-all.txt,191,200,成功,h264,25.0,有音频,2.379,156,128
福州广播电视台都市生活频道 (FZTV-3) (1080p),http://live.zohi.tv/video/s10001-fztv-3/index.m3u8,,,,,,Undefined,1920x1080,iptv-org-all.txt,1542,200,成功,h264,25.0,有音频,4.546,156,128
餘姚姚江文化 (576p) [Not 24/7],https://l.cztvcloud.com/channels/lantian/SXyuyao2/720p.m3u8,,,,,,Undefined,1920x1080,iptv-org-all.txt,1150,200,成功,h264,25.0,有音频,3.276,24,20
XITE (720p),https://xite-rakuten.amagi.tv/playlist.m3u8,,,,,,Undefined,1280x720,iptv-org-all.txt,446,200,成功,h264,25.0,有音频,3.290,8,8
Первый Республиканский,https://streaming.televizor-24-tochka.ru/live/27.m3u8,PervyyRespublikanskiy.ru@SD,,,,https://i.imgur.com/Hrdq55E.png,News,640x360,iptv-org-all.txt,187,200,成功,h264,25.0,有音频,9.431,7,5
[BD]rock entertainment *4g,https://stream1.freetv.fun/00ca0d8debe4b31a8c129c57abbc4e43373102518aaf0c6c66429e482ce3698c.ctv,,ROCK Entertainment,台灣,國語,https://epg.pw/media/images/channel/2022/03/18/large/20220318090618776046_10.png,綜藝,1920x1080,epg-pw.txt,14,403,成功,h264,30.0,有音频,2.976,8,8
福州广播电视台新闻综合频道 (FZTV-1) (1080p),http://live.zohi.tv/video/s10001-fztv-1/index.m3u8,,,,,,Undefined,1920x1080,iptv-org-all.txt,2213,200,成功,h264,25.0,有音频,2.237,156,128
福州电视台少儿频道 (FZTV-少儿) (1080p),http://live.zohi.tv/video/s10001-fztv-4/index.m3u8,,,,,,Undefined,1920x1080,iptv-org-all.txt,1428,200,成功,h264,25.0,有音频,3.963,156,128
[HD]food network,https://stream1.freetv.fun/a8fa14dd6b78c04e5135b2f0d7d85309a07247197e9d7d6d1427af329b49583c.m3u8,,Food Network(TW),台灣,國語,https://epg.pw/media/images/channel/2022/08/27/large/20220827225917116348_71.png,其它,1280x720,epg-pw.txt,40,403,成功,h264,25.0,有音频,2.090,36,32
Беларусь 5 (1080p) [Not 24/7],https://ngtrk.dc.beltelecom.by/ngtrk/smil:belarus5.smil/playlist.m3u8,Belarus5.by@SD,,,,https://i.imgur.com/NJsRFud.png,Sports,640x360,iptv-org-all.txt,1408,200,成功,h264,25.0,有音频,8.319,93,75
Xtreme Outdoor Presented by HISTORY,http://cfd-v4-service-channel-stitcher-use1-1.prd.pluto.tv/stitch/hls/channel/6000a6f4c3f8550008fc9b91/master.m3u8?appName=web&appVersion=unknown&clientTime=0&deviceDNT=0&deviceId=6c2d3736-30d3-11ef-9cf5-e9ddff8ff496&deviceMake=Chrome&deviceModel=web&deviceType=web&deviceVersion=unknown&includeExtendedEvents=false&serverSideAds=false&sid=d082e15e-9214-4119-8638-15c2c0edce25,,,,,,Undefined,512x288,iptv-org-all.txt,86,200,成功,h264,30.0,有音频,3.560,117,93
Первый Музыкальный Канал (576p),http://hz1.teleport.cc/HLS/SD.m3u8,FirstMusicChannel.by@SD,,,,https://i.imgur.com/YdyFJrl.png,Music,720x576,iptv-org-all.txt,1220,200,成功,h264,25.0,有音频,1.257,8,8
Беларусь 3 (1080p) [Not 24/7],https://ngtrk.dc.beltelecom.by/ngtrk/smil:belarus3.smil/playlist.m3u8,Belarus3.by@SD,,,,https://i.imgur.com/JkcDycn.png,Culture,640x360,iptv-org-all.txt,1518,200,成功,h264,25.0,有音频,7.347,91,73
WWON TV CH 48,https://tv2.fastcast4u.com:3943/stream/play.m3u8,WWONTVChannel48.us@SD,,,,https://i.imgur.com/l4qHAq6.png,Entertainment,640x360,iptv-org-all.txt,454,200,成功,h264,23.976023976023978,有音频,1.552,10,10
Каббала ТВ (360p) [Not 24/7],https://edge2.uk.kab.tv/live/tvrus-rus-medium/playlist.m3u8,KabbalaTV.ru@SD,,,,https://i.imgur.com/uaffIpV.png,Religious,640x360,iptv-org-all.txt,496,200,成功,h264,25.0,有音频,2.828,129,105
Радио Хит (Орск) (720p),http://lova.me/hls/hithd.m3u8,RadioHit.ru@SD,,,,https://i.imgur.com/5xKqV1s.png,Music,1280x720,iptv-org-all.txt,1379,200,成功,h264,25.0,有音频,2.907,8,8
余姚新闻综合 (576p),https://l.cztvcloud.com/channels/lantian/SXyuyao1/720p.m3u8,,,,,,Undefined,1920x1080,iptv-org-all.txt,704,200,成功,h264,25.0,有音频,3.068,144,116
[BD]unife tv,https://stream1.freetv.fun/b5145507cf4ca357be01b3196cb35f22b355225e901eed2b3a7483daefccb26d.m3u8,,NICE TV,台灣,國語,https://epg.pw/media/images/channel/2020/10/01/large/20201001123754394603_13.png,其它,1920x1080,epg-pw.txt,16,403,成功,h264,30.0,有音频,2.537,8,8
Матч! Арена,http://194.143.148.28:8080/MatchArena/index.m3u8,MatchArena.ru@SD,,,,https://i.imgur.com/udTzwzu.png,Sports,720x576,iptv-org-all.txt,201,200,成功,h264,25.0,有音频,2.125,36,28
[HD]ช่อง food network,https://stream1.freetv.fun/e7006988906b48e6dd490bb7da375a10fc5746ee8536c3bcf9120c9a4d35c459.m3u8,,Food Network(TW),台灣,國語,https://epg.pw/media/images/channel/2022/08/27/large/20220827225917116348_71.png,其它,1280x720,epg-pw.txt,16,403,成功,h264,25.0,有音频,1.571,156,128
Сити Эдем АвтоГид [Not 24/7],https://cityeden.catcast.tv/content/47515/index.m3u8,CityEdenAutoGid.ru@HD,,,,https://i.imgur.com/qpe8L27.png,Auto,1280x720,iptv-org-all.txt,775,200,成功,h264,30.0,有音频,3.379,32,29
[BD]三立綜合 *4g,https://stream1.freetv.fun/f56a41f1bcb714e9fc02f5cd53330688a051f8b270d6a60316dfa2b771b10d6e.ctv,460817,三立綜合,台灣,國語,https://epg.pw/media/images/channel/2023/07/21/large/20230721172453389269_45.png,綜合,1920x1080,epg-pw.txt,46,403,成功,h264,29.97002997002997,有音频,3.101,8,8
Zoomer TV (1080p),https://d3p8ecnk6t4t73.cloudfront.net/scheduler/scheduleMaster/316.m3u8,,,,,,Undefined,960x540,iptv-org-all.txt,161,200,成功,h264,29.97002997002997,有音频,1.603,8,8
Енисей (1080p) [Not 24/7],https://hls-eniseytv.cdnvideo.ru/eniseytv/stream1/playlist.m3u8,Enisey.ru@SD,,,,https://i.imgur.com/57deE7f.png,General,1920x1080,iptv-org-all.txt,1496,200,成功,h264,25.0,有音频,2.466,8,8
松原新闻综合 [Geo-blocked],https://stream2.jlntv.cn/sytv/sd/live.m3u8,,,,,,Undefined,1280x720,iptv-org-all.txt,257,200,成功,h264,25.0,有音频,3.286,120,96
XITE Gospel,http://cfd-v4-service-channel-stitcher-use1-1.prd.pluto.tv/stitch/hls/channel/623b93628e6ded0007337d4d/master.m3u8?appName=web&appVersion=unknown&clientTime=0&deviceDNT=0&deviceId=6c2d3733-30d3-11ef-9cf5-e9ddff8ff496&deviceMake=Chrome&deviceModel=web&deviceType=web&deviceVersion=unknown&includeExtendedEvents=false&serverSideAds=false&sid=d4552432-fb18-4599-b869-34839da45a05,,,,,,Undefined,426x240,iptv-org-all.txt,628,200,成功,h264,30.0,有音频,4.207,117,93
Young Hollywood [Geo-blocked],https://amg00143-younghollywoodfast-amg00143c1-cineverse-us-946.playouts.now.amagi.tv/playlist/amg00143-younghollywoodfast-younghollywood-cineverseus/playlist.m3u8,YoungHollywood.us@SD,,,,https://i.imgur.com/X27MGHd.png,Entertainment,1920x1080,iptv-org-all.txt,117,200,成功,h264,29.97002997002997,有音频,4.173,8,8
Волга (HD),http://tele2dvrnat01-02.cdnvideo.ru/stream/NAT_Volga/hls/1920x1080@4504/playlist.m3u8,Volga.ru@SD,,,,https://i.imgur.com/xHs1pr1.png,Undefined,1280x720,iptv-org-all.txt,2426,200,成功,h264,25.0,有音频,1.839,36,32
Ювелирочка ТВ (576p),https://live-uvelirochka.cdnvideo.ru/uvelirochka/uvelirochka_720p3/playlist.m3u8,Yuvelirochka.ru@SD,,,,https://i.imgur.com/IcWtXCZ.png,Shop,1920x1080,iptv-org-all.txt,616,200,成功,h264,25.0,有音频,2.694,8,8
[BD]三立台湾[geo-blocked],https://stream1.freetv.fun/945b62a11c90469ac374aa5fad47364339e509f9d53b0768e2dc5535207edea6.ctv,456529,三立臺灣台,台灣,國語,https://epg.pw/media/images/channel/2023/07/21/large/20230721172357360661_85.png,綜合,1920x1080,epg-pw.txt,44,403,成功,h264,60.0,无音频,1.230,156,128
WWXY-DT3 (Maranatha Radio Ministries) (720p) [Not 24/7],https://vip.livecastnet.com:3930/live/maranatharadiolive.m3u8,WWXYDT3.pr@SD,,,,https://i.imgur.com/lAhIGsI.png,Religious,1920x1080,iptv-org-all.txt,279,200,成功,h264,30.0,有音频,1.097,8,8
Zoey 101,http://cfd-v4-service-channel-stitcher-use1-1.prd.pluto.tv/stitch/hls/channel/63c69e6c4207be0007f73c22/master.m3u8?appName=web&appVersion=unknown&clientTime=0&deviceDNT=0&deviceId=bc86d9b8-4b91-11ef-8a44-83c5e90e038f&deviceMake=Chrome&deviceModel=web&deviceType=web&deviceVersion=unknown&includeExtendedEvents=false&serverSideAds=false&sid=62a0073c-8266-46b3-ae54-a16e6c532097,,,,,,Undefined,426x240,iptv-org-all.txt,83,200,成功,h264,30.0,有音频,4.053,129,105
Сити Эдем КиноДетектив [Not 24/7],https://cityeden.catcast.tv/content/41327/index.m3u8,CityEdenKinoDetektiv.ru@HD,,,,https://i.imgur.com/9rKHwBV.png,Movies,640x360,iptv-org-all.txt,185,200,成功,h264,24.0,有音频,3.474,10,10
[HD]channel 11,https://stream1.freetv.fun/fca0bd28ae8000f3bef263858ee50350cdcee11c4819c3ced4e0b2869ec9c770.m3u8,,CHANNEL [V],台灣,英文,https://epg.pw/media/images/channel/2022/08/06/large/20220806161730161952_53.jpg,音樂,1280x720,epg-pw.txt,46,403,成功,h264,25.0,有音频,0.868,16,12
[VGA]light channel,https://stream1.freetv.fun/5d64a95916ea7d10d9e0131f315c3a63290b4002735e5e0d8eeff83e3e56e996.m3u8,,CHANNEL [V],台灣,英文,https://epg.pw/media/images/channel/2022/08/06/large/20220806161730161952_53.jpg,音樂,852x480,epg-pw.txt,14,403,成功,h264,25.0,有音频,2.621,8,8
Орбіта ТВ (360p) [Not 24/7],http://ftp.orbita.dn.ua/hls/orbita.m3u8,OrbitaTV.ua@SD,,,,https://i.ibb.co/Bj4T9wB/logo-Orbita-fin14.png,General,854x480,iptv-org-all.txt,2507,200,成功,h264,25.0,有音频,3.114,8,8
Тернопіль 1 (720p),https://ott.columbus.te.ua/ternopil1/index.m3u8,Ternopil1.ua@SD,,,,https://i.imgur.com/f5EtIzV.png,News,1280x720,iptv-org-all.txt,2537,200,成功,h264,50.0,有音频,3.536,8,8
[VGA]cfm tv channel 98 (360p),https://stream1.freetv.fun/183ae690f700840b10150698fe392a22dd825db02a516d833a2dee978883bfbb.m3u8,,CHANNEL [V],台灣,英文,https://epg.pw/media/images/channel/2022/08/06/large/20220806161730161952_53.jpg,音樂,480x360,epg-pw.txt,11,403,成功,h264,25.0,有音频,1.544,9,9
[HD]中天娛樂[geo-blocked],https://stream1.freetv.fun/4b33f82cc14d5cb886a46dd99cef3eac6ef7619baa4e80ed3a097e5bf92131d4.m3u8,,中天娛樂HD,台灣,國語,https://epg.pw/media/images/channel/2016/01/14/large/20160114210645647968_28.jpg,綜藝,1280x720,epg-pw.txt,13,403,成功,h264,25.0,有音频,1.535,156,128
[HD]ช่อง lifetime,https://stream1.freetv.fun/de99a34f3cdceebc1874bba4e018ddc9f84f4822b58a1385db12216ff0559f87.m3u8,,Lifetime(TW),台灣,國語,https://epg.pw/media/images/channel/2024/04/28/large/20240428174927817268_88.png,綜藝,1280x720,epg-pw.txt,127,403,成功,h264,25.0,有音频,1.483,156,128
[BD]love nature *s[geo-blocked],https://stream1.freetv.fun/d54c27f0cf1fa05ff7be71c895c4a4a09bb234369277d27e049a293eb83ccdcc.m3u8,,Love Nature,台灣,國語,https://epg.pw/media/images/channel/2023/02/05/large/20230205151332194260_50.jpg,知識,3840x2160,epg-pw.txt,123,403,成功,hevc,50.0,有音频,3.495,156,128
上虞1新闻综合 (720p) [Not 24/7],https://l.cztvcloud.com/channels/lantian/SXshangyu1/720p.m3u8,,,,,,Undefined,1920x1080,iptv-org-all.txt,223,200,成功,h264,25.0,有音频,4.213,122,98
[BD]大愛 *4g,https://stream1.freetv.fun/441ce15ca3a9a8b3762b3f0c5fedc12c78153b2fcbfef1a7c84519d3fca6e5f3.ctv,,大愛,台灣,國語,https://epg.pw/media/img/logo/2013/10/30/893ad6bbc78b8f994774751143496a31.jpg,其它,1920x1080,epg-pw.txt,123,403,成功,h264,30.0,有音频,3.055,8,8
Zhejiang TV International,https://ali-m-l.cztv.com/channels/lantian/channel10/1080p.m3u8,ZhejiangInternationalChannel.cn@SD,,,,https://i.imgur.com/XOL1Hph.png,Undefined,1920x1080,iptv-org-all.txt,191,200,成功,h264,25.0,有音频,3.197,36,32
Мир 24 (1080p),http://hls.mirtv.cdnvideo.ru/mirtv-parampublish/mir24_2500/playlist.m3u8,Mir24.ru@SD,,,,https://i.imgur.com/dj9c8Yd.png,News,1920x1080,iptv-org-all.txt,404,200,成功,h264,25.0,有音频,1.138,8,8
WXWZ-LD1 (MásTV Canal 23) (720p),https://5bf8041cb3fed.streamlock.net/mastvpr/mastvpr/playlist.m3u8,WXWZLD1.pr@SD,,,,https://i.imgur.com/rjmGc9p.png,Undefined,1280x720,iptv-org-all.txt,384,200,成功,h264,50.0,有音频,1.534,8,8
YTA TV,https://yta.unitedteleports.tv/hls/YTA.m3u8,YTATV.us@SD,,,,https://upload.wikimedia.org/wikipedia/en/8/84/YouToo_America_logo.png,Entertainment,1920x1080,iptv-org-all.txt,207,200,成功,h264,59.94005994005994,有音频,1.320,8,8
[HD]ช่อง hgtv,https://stream1.freetv.fun/a857a9066d450f3c32451de2a3494e9c2b60fdf56de85dbcfc3b4e8a0590f7cd.m3u8,,HGTV(TW),台灣,英文,https://epg.pw/media/images/channel/2017/08/20/large/20170820230629325523_98.png,知識,1280x720,epg-pw.txt,141,403,成功,h264,25.0,有音频,1.615,156,128
[BD]lifetime *4g,https://stream1.freetv.fun/349c21910cf76a3126611587a2b328b147314da3a58cb2172dad6def67a47488.ctv,,Lifetime(TW),台灣,國語,https://epg.pw/media/images/channel/2024/04/28/large/20240428174927817268_88.png,綜藝,1920x1080,epg-pw.txt,137,403,成功,h264,30.0,有音频,3.141,8,8
[HD]中天娱乐[geo-blocked],https://stream1.freetv.fun/c68677112701493a08636bd7bb348642d26a202643d19bdfd87f6129cf3af976.m3u8,,中天娛樂HD,台灣,國語,https://epg.pw/media/images/channel/2016/01/14/large/20160114210645647968_28.jpg,綜藝,1280x720,epg-pw.txt,18,403,成功,h264,25.0,有音频,1.543,156,128
[HD]tvbs新闻,https://stream1.freetv.fun/5bad1e2d485e59cb1ef7353889b99add71e736816a9b993d98ba670303c51367.m3u8,370174,TVBS新聞HD,台灣,國語,https://epg.pw/media/images/channel/2025/01/28/large/20250128055934838968_50.png,新聞,1280x720,epg-pw.txt,37,403,成功,h264,30.0,有音频,0.925,116,92
上虞3新商都 (720p) [Not 24/7],https://l.cztvcloud.com/channels/lantian/SXshangyu3/720p.m3u8,,,,,,Undefined,1920x1080,iptv-org-all.txt,231,200,成功,h264,25.0,有音频,4.289,122,98
[HD]delta tv,https://stream1.freetv.fun/5f56fd510fa5a452dee263ca849faea760869a16bb26588a171ff364f1854384.m3u8,457246,ELTA體育4(備用),台灣,國語,https://epg.pw/media/images/channel/2025/01/25/large/20250125055529748409_19.png,運動,1280x720,epg-pw.txt,47,403,成功,h264,25.0,有音频,3.033,8,8
[HD]xplore channel,https://stream1.freetv.fun/d79f65418a5872af77395ca2c844336a9e43da202a39e86396f14a863b483613.m3u8,,CHANNEL [V],台灣,英文,https://epg.pw/media/images/channel/2022/08/06/large/20220806161730161952_53.jpg,音樂,1280x720,epg-pw.txt,16,403,成功,h264,30.0,有音频,1.369,156,128
Zhejiang Satellite TV,https://play-qukan.cztv.com/live/1758879019692345.m3u8,ZhejiangSatelliteTV.cn@SD,,,,https://i.postimg.cc/mrtBcmTx/zhejiangsatellitetv.png,Undefined,3840x2160,iptv-org-all.txt,1025,200,成功,hevc,50.0,有音频,1.495,14,14
Сити Эдем КиноКлассика [Not 24/7],https://cityeden.catcast.tv/content/34185/index.m3u8,CityEdenKinoKlassika.ru@HD,,,,https://i.imgur.com/0qGCS1S.png,Movies,1200x720,iptv-org-all.txt,196,200,成功,h264,23.976023976023978,有音频,7.220,9,9
[BD]love nature *4g,https://stream1.freetv.fun/b8fc5c344ec619f5f17cc8201e196da86e4350cb2cf88d46442cf8d3c611cfa3.ctv,,Love Nature,台灣,國語,https://epg.pw/media/images/channel/2023/02/05/large/20230205151332194260_50.jpg,知識,1920x1080,epg-pw.txt,14,403,成功,h264,30.0,有音频,3.006,8,8
ZillarBarta News,https://server.zillarbarta.com/zillarbarta/index.m3u8,ZillarBartaNews.in@HD,,,,https://jiotvimages.cdn.jio.com/dare_images/images/zillarbarta.png,Classic;News,1280x720,iptv-org-all.txt,241,200,成功,h264,29.97002997002997,有音频,5.231,28,22
[SD]taiwan plus,https://stream1.freetv.fun/bba4975d014ac372935015f9de9a053bb27a89060c6787a6caca49591a8a7b2e.m3u8,,Taiwan Plus,台灣,英文,https://epg.pw/media/images/channel/2022/11/26/large/20221126155629392519_70.jpg,新聞,960x540,epg-pw.txt,13,403,成功,h264,30.0,有音频,1.048,8,8
Ланет.TV (486p),https://kiev1-cdn.lanet.tv/live/1008.m3u8,LanetTV.ua@SD,,,,https://i.imgur.com/Jdy4SoG.png,Entertainment,864x486,iptv-org-all.txt,1194,200,成功,h264,25.0,有音频,5.009,24,20
[BD]3说电影[geo-blocked],https://stream1.freetv.fun/c5a2f22ff0bb436d059bd549c693d5d96b0194cacca05be90b0815202ab6b291.ctv,,115新天地民俗臺,台灣,國語,https://epg.pw/media/images/channel/2022/02/10/large/20220210222702096387_48.png,其它,1920x1080,epg-pw.txt,17,403,成功,h264,25.0,有音频,2.342,148,120
萬州科教頻道 (576p),http://123.146.162.24:8017/Cz7WPb8/800/live.m3u8,,,,,,Undefined,720x576,iptv-org-all.txt,488,200,成功,h264,25.0,有音频,1.374,156,128
[VGA]中天新聞台2,https://stream1.freetv.fun/4c8e6b3157fb284596bc1c4e59bc9d2536a4570785dd96194a44a8d175a156bb.m3u8,,中天新聞2臺,台灣,國語,https://epg.pw/media/images/channel/2023/07/20/large/20230720202416866497_70.png,新聞,854x480,epg-pw.txt,18,403,成功,h264,30.0,有音频,4.638,20,20
上虞經濟文化 (720p) [Not 24/7],https://l.cztvcloud.com/channels/lantian/SXshangyu2/720p.m3u8,,,,,,Undefined,1920x1080,iptv-org-all.txt,296,200,成功,h264,25.0,有音频,3.833,116,92
[BD]tvbs新聞 *4g,https://stream1.freetv.fun/1f7a75478a28407c7d73e992aa392dc044d1203d3d269eb98d29a612929e8579.ctv,370174,TVBS新聞HD,台灣,國語,https://epg.pw/media/images/channel/2025/01/28/large/20250128055934838968_50.png,新聞,1920x1080,epg-pw.txt,35,403,成功,h264,30.0,有音频,5.730,36,28
江宁新闻,https://migu.188766.xyz/?migutoken=77969fb082a75b798578427f3570edd2&id=%E4%BD%93%E8%82%B2%E4%BC%91%E9%97%B2%E9%A2%91%E9%81%93&type=yy,,江宁新闻,,,江宁新闻.png,☘️江苏频道,1920x1080,Guovin.txt,55,403,成功,h264,28.0,有音频,1.275,128,104
海南新闻,https://migu.188766.xyz/?migutoken=c695504b788326775b16d1b3e4eb4252&id=hn_xwpd&type=sz,,海南新闻,,,海南新闻.png,☘️海南频道,1920x1080,Guovin.txt,151,403,成功,h264,28.0,有音频,1.269,116,92
海南新闻,https://migu.188766.xyz/?migutoken=30c501f058d01d6c83afc5cbd547a013&id=hn_xwpd&type=sz,,海南新闻,,,海南新闻.png,☘️海南频道,1920x1080,Guovin.txt,56,403,成功,h264,28.0,有音频,0.684,144,116
优漫卡通,https://www.freetv.top/migu/626064703.m3u8?migutoken=deac6c5275081b54ad412a195e499b7c0cb8f04446b6c80aaa9d3eb1063d620261c68202d59aea05060007b58a62d5d208f16379d861d6f1627c10c9dd894f0bf7e3ca97b04696255e193e871c,,优漫卡通,,,优漫卡通.png,☘️江苏频道,1920x1080,Guovin.txt,2490,200,成功,h264,30.0,有音频,1.760,140,116
厦门卫视,https://stream1.freetv.fun/cc2a1fdd054d0069e308a8c5358596fe1ba08562b102d8223a3b02e620082f96.m3u8,,厦门卫视,,,厦门卫视.png,☘️福建频道,1280x720,Guovin.txt,9,403,成功,h264,25.0,有音频,1.767,156,128
南京十八,https://www.freetv.top/migu/838151753.m3u8?migutoken=8d26f1ff3a7322649e82c96f1a66d55d677c626a8ee62463a8c2625094b8270bd4345b1d0806f71840b81eac2b68f3a2aeabe6407feb4ee2f36580799b57c48c1418a87aee8ca513ec1544ca7a,,南京十八,,,南京十八.png,☘️江苏频道,1920x1080,Guovin.txt,1561,200,成功,h264,30.0,有音频,1.827,24,20
康巴卫视,https://stream1.freetv.fun/b3baba1d904b40b2d929ec8cbdfa40800abc7cb6d1c18efed0d6d91d97bce5b3.ctv,,康巴卫视,,,康巴卫视.png,☘️四川频道,1280x720,Guovin.txt,10,403,成功,h264,25.0,有音频,1.856,156,128
上海第一财经,https://migu.188766.xyz/?migutoken=513bfd7c3b6828175af7ab5ef02a90dc&id=%E4%B8%8A%E6%B5%B7%E7%AC%AC%E4%B8%80%E8%B4%A2%E7%BB%8F&type=yy,,上海第一财经,,,上海第一财经.png,☘️上海频道,1920x1080,Guovin.txt,184,403,成功,h264,28.0,有音频,0.633,128,104
海南新闻,https://migu.188766.xyz/?migutoken=acb8228b02b6357f4eaa407b3c916613&id=hn_xwpd&type=sz,,海南新闻,,,海南新闻.png,☘️海南频道,1920x1080,Guovin.txt,160,403,成功,h264,28.0,有音频,0.634,128,104
海南自贸,https://migu.188766.xyz/?migutoken=d1ba989eb5e0af084e7e49f3f9c9aa89&id=hn_jjpd&type=sz,,海南自贸,,,海南自贸.png,☘️海南频道,1920x1080,Guovin.txt,53,403,成功,h264,28.0,有音频,0.721,128,104
江苏教育,https://migu.188766.xyz/?migutoken=81ed29aac10ed30ea808adbe9ef15937&id=%E6%B1%9F%E8%8B%8F%E6%95%99%E8%82%B2&type=yy,,江苏教育,,,江苏教育.png,☘️江苏频道,1920x1080,Guovin.txt,53,403,成功,h264,28.0,有音频,0.660,144,116
河南都市,https://migu.188766.xyz/?migutoken=5ab0a2d34ef3366f289ccd133957afd4&id=%E9%83%BD%E5%B8%82%E9%A2%91%E9%81%93&type=yy,,河南都市,,,河南都市.png,☘️河南频道,1920x1080,Guovin.txt,65,403,成功,h264,28.0,有音频,0.673,128,104
海南新闻,https://migu.188766.xyz/?migutoken=094376005197f9af95549e0dbb8a284e&id=hn_xwpd&type=sz,,海南新闻,,,海南新闻.png,☘️海南频道,1920x1080,Guovin.txt,161,403,成功,h264,28.0,有音频,0.688,144,116
海南新闻,https://migu.188766.xyz/?migutoken=5a5eb0049c67767b74da940af5285139&id=hn_xwpd&type=sz,,海南新闻,,,海南新闻.png,☘️海南频道,1920x1080,Guovin.txt,160,403,成功,h264,28.0,有音频,0.662,128,104
江苏体育,https://migu.188766.xyz/?migutoken=90d4e3f3f8a5288cc5aac4a92021e341&id=%E4%BD%93%E8%82%B2%E4%BC%91%E9%97%B2%E9%A2%91%E9%81%93&type=yy,,江苏体育,,,江苏体育.png,☘️江苏频道,1920x1080,Guovin.txt,52,403,成功,h264,28.0,有音频,0.826,128,104
康巴卫视,https://stream1.freetv.fun/0de2ac9a0e7c3146b44c21f35ce10496eff2b9f67f7b9a106ba8493bf2d9cbee.ctv,,康巴卫视,,,康巴卫视.png,☘️四川频道,1280x720,Guovin.txt,9,403,成功,h264,25.0,有音频,1.209,156,128
连云港新闻综合,https://migu.188766.xyz/?migutoken=cb989835b788f5c9374e8905dd6e4363&id=%E8%BF%9E%E4%BA%91%E6%B8%AF%E6%96%B0%E9%97%BB%E7%BB%BC%E5%90%88&type=yy,,连云港新闻综合,,,连云港新闻综合.png,☘️江苏频道,1920x1080,Guovin.txt,176,403,成功,h264,28.0,有音频,0.669,128,104
海南自贸,https://migu.188766.xyz/?migutoken=b5f15c066ecd0c31ff859488fa126e03&id=hn_jjpd&type=sz,,海南自贸,,,海南自贸.png,☘️海南频道,1920x1080,Guovin.txt,48,403,成功,h264,28.0,有音频,0.790,128,104
溧水新闻综合,https://migu.188766.xyz/?migutoken=bfd7d682861a38b691407e06b7f32f3c&id=%E6%BA%A7%E6%B0%B4%E6%96%B0%E9%97%BB%E7%BB%BC%E5%90%88&type=yy,,溧水新闻综合,,,溧水新闻综合.png,☘️江苏频道,1920x1080,Guovin.txt,55,403,成功,h264,28.0,有音频,0.706,128,104
武汉文体,http://www.hiliu.myds.me:18088/rtp/239.69.1.147:10518,,武汉文体,,,武汉文体.png,☘️湖北频道,1920x1080,Guovin.txt,2049,200,成功,h264,25.0,有音频,1.902,16,12
连云港新闻综合,https://migu.188766.xyz/?migutoken=245251a5520f7bd5d5ad3407caec92b0&id=%E8%BF%9E%E4%BA%91%E6%B8%AF%E6%96%B0%E9%97%BB%E7%BB%BC%E5%90%88&type=yy,,连云港新闻综合,,,连云港新闻综合.png,☘️江苏频道,1920x1080,Guovin.txt,176,403,成功,h264,28.0,有音频,0.807,144,116
上海第一财经,https://migu.188766.xyz/?migutoken=2dc5ff94a7e83d97d44daa632ab9ab78&id=%E4%B8%8A%E6%B5%B7%E7%AC%AC%E4%B8%80%E8%B4%A2%E7%BB%8F&type=yy,,上海第一财经,,,上海第一财经.png,☘️上海频道,1920x1080,Guovin.txt,177,403,成功,h264,28.0,有音频,0.641,128,104
河南都市,https://migu.188766.xyz/?migutoken=680d417192d1ff788ba116e7f091e654&id=%E9%83%BD%E5%B8%82%E9%A2%91%E9%81%93&type=yy,,河南都市,,,河南都市.png,☘️河南频道,1920x1080,Guovin.txt,78,403,成功,h264,28.0,有音频,0.633,144,116
南京新闻综合,https://migu.188766.xyz/?migutoken=25ab61f71860058109dad77cbc500abc&id=%E5%8D%97%E4%BA%AC%E6%96%B0%E9%97%BB%E7%BB%BC%E5%90%88%E9%A2%91%E9%81%93&type=yy,,南京新闻综合,,,南京新闻综合.png,☘️江苏频道,1920x1080,Guovin.txt,46,403,成功,h264,28.0,有音频,0.630,144,116
广西国际,https://hlscdn.liangtv.cn/live/0234c48e0bc24fe1b41b9999a253e581/1075ee38e04f490690f6a36a16e09c79.m3u8,,广西国际,,,广西国际.png,☘️广西频道,1920x1080,Guovin.txt,1541,200,成功,h264,25.0,有音频,2.301,46,36
新闻综合,https://m3u8channel.yunxya.com/nmip-media/channellive/channel100028/playlist.m3u8,,新闻综合,,,新闻综合.png,☘️上海频道,1920x1080,Guovin.txt,2241,200,成功,h264,25.0,有音频,5.406,24,20
海南少儿,https://migu.188766.xyz/?migutoken=cfe8916759de41e55d53adf74336019b&id=hn_sepd&type=sz,,海南少儿,,,海南少儿.png,☘️海南频道,1920x1080,Guovin.txt,39,403,成功,h264,28.0,有音频,0.699,144,116
海南新闻,https://migu.188766.xyz/?migutoken=048b478143cfe9b5aac91f99a8591fba&id=hn_xwpd&type=sz,,海南新闻,,,海南新闻.png,☘️海南频道,1920x1080,Guovin.txt,54,403,成功,h264,28.0,有音频,0.622,144,116
康巴卫视,https://stream1.freetv.fun/7acb1025eb98d411fe5dc519902069dda51b621f55c7b1fce3acdd50f55d6ad5.ctv,,康巴卫视,,,康巴卫视.png,☘️四川频道,1280x720,Guovin.txt,9,403,成功,h264,25.0,有音频,1.119,156,128
上虞新商都,https://stream1.freetv.fun/shang-yu-xin-shang-du-2.m3u8,,上虞新商都,,,上虞新商都.png,☘️浙江频道,1920x1080,Guovin.txt,12,403,成功,h264,25.0,有音频,2.981,86,68
句容党建,http://jrlive.jrntv.com/live/_definst_/dangjians/playlist.m3u8?%E5%85%B3%E6%B3%A8%E5%BE%AE%E4%BF%A1%E5%85%AC%E4%BC%97%E5%8F%B7[%E6%99%B4%E5%9B%AD],,句容党建,,,句容党建.png,☘️江苏频道,720x576,Guovin.txt,1789,200,成功,h264,25.0,有音频,5.266,16,12
广西国际,http://hlscdn.liangtv.cn/live/0234c48e0bc24fe1b41b9999a253e581/1075ee38e04f490690f6a36a16e09c79.m3u8?fbl=,,广西国际,,,广西国际.png,☘️广西频道,1920x1080,Guovin.txt,1515,200,成功,h264,25.0,有音频,1.654,26,20
重庆汽摩,http://123.146.162.24:8017/c2F0hmi/1000/live.m3u8?zzhongqd,,重庆汽摩,,,重庆汽摩.png,☘️重庆频道,720x576,Guovin.txt,485,200,成功,h264,25.0,有音频,2.351,156,128
开化新闻综合,http://l.cztvcloud.com/channels/lantian/SXkaihua1/720p.m3u8?zzhed,,开化新闻综合,,,开化新闻综合.png,☘️浙江频道,1280x720,Guovin.txt,1085,200,成功,h264,25.0,有音频,2.569,144,116
平湖民生休闲,http://l.cztvcloud.com/channels/lantian/SXpinghu2/720p.m3u8?zzhed,,平湖民生休闲,,,平湖民生休闲.png,☘️浙江频道,1280x720,Guovin.txt,665,200,成功,h264,25.0,有音频,2.290,156,128
开化国家公园,http://l.cztvcloud.com/channels/lantian/SXkaihua2/720p.m3u8zzhed,,开化国家公园,,,开化国家公园.png,☘️浙江频道,1280x720,Guovin.txt,1026,200,成功,h264,25.0,有音频,2.236,144,116
新昌新闻综合,http://l.cztvcloud.com/channels/lantian/SXxinchang1/720p.m3u8,,新昌新闻综合,,,新昌新闻综合.png,☘️浙江频道,1920x1080,Guovin.txt,1170,200,成功,h264,25.0,有音频,3.211,144,116
新沂生活,http://live.xysrmt.cn/shpd/sd/live.m3u8?zjiangsd,,新沂生活,,,新沂生活.png,☘️江苏频道,1280x720,Guovin.txt,1214,200,成功,h264,25.0,有音频,1.776,156,128
重庆汽摩,http://123.146.162.24:8017/iTXwrGs/800/live.m3u8?zzhongqd,,重庆汽摩,,,重庆汽摩.png,☘️重庆频道,720x576,Guovin.txt,496,200,成功,h264,25.0,有音频,4.281,156,128
庆元综合,http://l.cztvcloud.com/channels/lantian/SXqingyuan1/720p.m3u8?fbl=,,庆元综合,,,庆元综合.png,☘️浙江频道,1920x1080,Guovin.txt,1034,200,成功,h264,25.0,有音频,2.648,144,116
新闻综合,https://www.freetv.top/migu/651632657.m3u8?migutoken=5ae42e8fda034ab7bf5171dafa0043e70cd12bcd716940c4572fde52ea92b0785f16f1bdbce4c83f5e075b250fe95668f19f8527dda57c27db24f95d412614d99c86a3a2d9341d88b5224b7068,,新闻综合,,,新闻综合.png,☘️上海频道,1920x1080,Guovin.txt,306,200,成功,h264,30.0,有音频,1.223,156,128
北京卡酷少儿,https://migu.188766.xyz/?migutoken=64a526a2d003b13c1a2af4fd92f861f7&id=%E5%8C%97%E4%BA%AC%E5%8D%A1%E9%85%B7%E5%B0%91%E5%84%BF&type=yy,,北京卡酷少儿,,,北京卡酷少儿.png,☘️北京频道,1920x1080,Guovin.txt,57,403,成功,h264,28.0,有音频,0.682,144,116
汶川新闻综合,http://live.iwcmt.cn:90/live/zhxw.m3u8?zsicd,,汶川新闻综合,,,汶川新闻综合.png,☘️四川频道,1280x720,Guovin.txt,1295,200,成功,h264,25.0,有音频,2.040,24,20
海南自贸,https://migu.188766.xyz/?migutoken=a6126eb42a9e1c6826e6c6044e074ce0&id=hn_jjpd&type=sz,,海南自贸,,,海南自贸.png,☘️海南频道,1920x1080,Guovin.txt,45,403,成功,h264,28.0,有音频,0.660,128,104
江苏体育,https://migu.188766.xyz/?migutoken=e37f9d8dbdb18b5cdfd250b672323263&id=%E4%BD%93%E8%82%B2%E4%BC%91%E9%97%B2%E9%A2%91%E9%81%93&type=yy,,江苏体育,,,江苏体育.png,☘️江苏频道,1920x1080,Guovin.txt,65,403,成功,h264,28.0,有音频,0.655,128,104
河南都市,https://migu.188766.xyz/?migutoken=d8baa9c6f8f07f20ac65a02d15b59731&id=%E9%83%BD%E5%B8%82%E9%A2%91%E9%81%93&type=yy,,河南都市,,,河南都市.png,☘️河南频道,1920x1080,Guovin.txt,49,403,成功,h264,28.0,有音频,0.667,116,92
陕西都市青春,https://migu.188766.xyz/?migutoken=75e91e560bd755d4f4dc7a575ad3cac8&id=%E9%99%95%E8%A5%BF%E9%83%BD%E5%B8%82%E9%9D%92%E6%98%A5%E9%A2%91%E9%81%93&type=yy,,陕西都市青春,,,陕西都市青春.png,☘️陕西频道,1920x1080,Guovin.txt,50,403,成功,h264,28.0,有音频,0.699,8,8
南通新闻综合,https://migu.188766.xyz/?migutoken=de253f87fca9b731469da25cc4bcf75c&id=%E5%8D%97%E9%80%9A%E6%96%B0%E9%97%BB%E7%BB%BC%E5%90%88&type=yy,,南通新闻综合,,,南通新闻综合.png,☘️江苏频道,1920x1080,Guovin.txt,43,403,成功,h264,28.0,有音频,0.674,128,104
北京卡酷少儿,https://migu.188766.xyz/?migutoken=05eaa29189c93d906e117818c1e66c0d&id=%E5%8C%97%E4%BA%AC%E5%8D%A1%E9%85%B7%E5%B0%91%E5%84%BF&type=yy,,北京卡酷少儿,,,北京卡酷少儿.png,☘️北京频道,1920x1080,Guovin.txt,54,403,成功,h264,28.0,有音频,0.762,128,104
海南少儿,https://migu.188766.xyz/?migutoken=0af0fce3f220a00decf233aa13610a1c&id=hn_sepd&type=sz,,海南少儿,,,海南少儿.png,☘️海南频道,1920x1080,Guovin.txt,55,403,成功,h264,28.0,有音频,0.665,128,104
上海第一财经,https://migu.188766.xyz/?migutoken=11082cd0562f3b6fc0872c6071a611b5&id=%E4%B8%8A%E6%B5%B7%E7%AC%AC%E4%B8%80%E8%B4%A2%E7%BB%8F&type=yy,,上海第一财经,,,上海第一财经.png,☘️上海频道,1920x1080,Guovin.txt,42,403,成功,h264,28.0,有音频,0.759,144,116
新昌生活,http://l.cztvcloud.com/channels/lantian/SXxinchang2/720p.m3u8,,新昌生活,,,新昌生活.png,☘️浙江频道,1920x1080,Guovin.txt,351,200,成功,h264,25.0,有音频,2.257,144,116
上海新闻综合,https://migu.188766.xyz/?migutoken=2db2e2ddce3431f6bb0042dc4d843909&id=xwzh&type=sz,,上海新闻综合,,,上海新闻综合.png,☘️上海频道,1920x1080,Guovin.txt,51,403,成功,h264,28.0,有音频,0.711,144,116
海南自贸,https://migu.188766.xyz/?migutoken=42cab033dbc9025efd8a4377df66f494&id=hn_jjpd&type=sz,,海南自贸,,,海南自贸.png,☘️海南频道,1920x1080,Guovin.txt,46,403,成功,h264,28.0,有音频,0.681,128,104
津南一套,http://play.jinnantv.top/live/JNTV1.m3u8?ztianjd,,津南一套,,,津南一套.png,☘️天津频道,720x576,Guovin.txt,1471,200,成功,h264,25.0,有音频,6.105,16,12
江苏影视,https://stream1.freetv.fun/a89dd489fa013bc4f36bcc4afe388f1783e2251c276e2566a9359d68a61c6d91.ctv,,江苏影视,,,江苏影视.png,☘️江苏频道,1280x720,Guovin.txt,14,403,成功,h264,25.0,有音频,1.151,156,128
海南少儿,https://migu.188766.xyz/?migutoken=4b36be211df6ddf77571cc3ed5d2ec5e&id=hn_sepd&type=sz,,海南少儿,,,海南少儿.png,☘️海南频道,1920x1080,Guovin.txt,40,403,成功,h264,28.0,有音频,0.636,128,104
海南公共,https://migu.188766.xyz/?migutoken=5e02622aa8187e6598d70d4287928557&id=hn_ggpd&type=sz,,海南公共,,,海南公共.png,☘️海南频道,1920x1080,Guovin.txt,44,403,成功,h264,28.0,有音频,0.717,128,104
海南文旅,https://migu.188766.xyz/?migutoken=19612f57e1845813c40c9cc983015be9&id=hn_wlpd&type=sz,,海南文旅,,,海南文旅.png,☘️海南频道,1920x1080,Guovin.txt,52,403,成功,h264,28.0,有音频,0.612,128,104
北京生活,https://migu.188766.xyz/?migutoken=5352c66f3445e6f6a6674e780db1be96&id=%E5%8C%97%E4%BA%ACi%E7%94%9F%E6%B4%BB&type=yy,,北京生活,,,北京生活.png,☘️北京频道,1920x1080,Guovin.txt,55,403,成功,h264,28.0,有音频,0.652,128,104
河南民生,https://migu.188766.xyz/?migutoken=184a97f907a25feed0f82f7b1e5a81cc&id=%E6%B0%91%E7%94%9F%E9%A2%91%E9%81%93&type=yy,,河南民生,,,河南民生.png,☘️河南频道,1920x1080,Guovin.txt,53,403,成功,h264,28.0,有音频,0.669,128,104
上海第一财经,https://migu.188766.xyz/?migutoken=f3daf8a3f8374dd7b9231aa8fa9f62e7&id=%E4%B8%8A%E6%B5%B7%E7%AC%AC%E4%B8%80%E8%B4%A2%E7%BB%8F&type=yy,,上海第一财经,,,上海第一财经.png,☘️上海频道,1920x1080,Guovin.txt,33,403,成功,h264,28.0,有音频,0.647,128,104
江苏教育,https://stream1.freetv.fun/7174b4fd66ddb2a7456b7040105dc27a1e57c166593870bb773cb5f6b4546c54.ctv,,江苏教育,,,江苏教育.png,☘️江苏频道,1280x720,Guovin.txt,9,403,成功,h264,25.0,有音频,1.136,156,128
江苏城市,https://stream1.freetv.fun/675206b8446ce719bfb293b5a5296db3aa26521c9810de7c996838247cc56964.ctv,,江苏城市,,,江苏城市.png,☘️江苏频道,1280x720,Guovin.txt,9,403,成功,h264,25.0,有音频,1.106,156,128
陕西都市青春,https://migu.188766.xyz/?migutoken=dd36ac4b87cda2b5b23fe0acb00defda&id=%E9%99%95%E8%A5%BF%E9%83%BD%E5%B8%82%E9%9D%92%E6%98%A5%E9%A2%91%E9%81%93&type=yy,,陕西都市青春,,,陕西都市青春.png,☘️陕西频道,1920x1080,Guovin.txt,47,403,成功,h264,28.0,有音频,0.688,128,104
江苏体育,https://migu.188766.xyz/?migutoken=e7cad15a67e285fc33476bc66661384a&id=%E4%BD%93%E8%82%B2%E4%BC%91%E9%97%B2%E9%A2%91%E9%81%93&type=yy,,江苏体育,,,江苏体育.png,☘️江苏频道,1920x1080,Guovin.txt,49,403,成功,h264,28.0,有音频,0.707,144,116
什邡新闻,http://live.sfrmt.com:85/live/zhpd.m3u8,,什邡新闻,,,什邡新闻.png,☘️四川频道,1920x1080,Guovin.txt,963,200,成功,h264,30.0,有音频,2.217,8,8
北京财经,https://migu.188766.xyz/?migutoken=86c406af7a578b4e7cf4428615798b1b&id=%E5%8C%97%E4%BA%AC%E8%B4%A2%E7%BB%8F&type=yy,,北京财经,,,北京财经.png,☘️北京频道,1920x1080,Guovin.txt,61,403,成功,h264,28.0,有音频,0.667,128,104
北京卡酷少儿,https://migu.188766.xyz/?migutoken=4b5c4209ca1644d72d590d3d9f59beee&id=%E5%8C%97%E4%BA%AC%E5%8D%A1%E9%85%B7%E5%B0%91%E5%84%BF&type=yy,,北京卡酷少儿,,,北京卡酷少儿.png,☘️北京频道,1920x1080,Guovin.txt,78,403,成功,h264,28.0,有音频,0.696,116,92
海南文旅,https://migu.188766.xyz/?migutoken=d93de0e6562908ed7114e4f85fcda240&id=hn_wlpd&type=sz,,海南文旅,,,海南文旅.png,☘️海南频道,1920x1080,Guovin.txt,50,403,成功,h264,28.0,有音频,0.801,128,104
余姚新闻综合,http://l.cztvcloud.com/channels/lantian/SXyuyao1/720p.m3u8?cWlkPSZzPTg3OWMwYmMyZDMzYTFhZGY3NDQxMjgyYTg1MmUzNTY0JmVzPTE3MDY2Nzc4NzMmdXVpZD0yMjdiY2MzNGNiNGY0MThlYjRiY2IxYzcwNmZjODNkMS02NzQ3NDY2NyZ2PTImYXM9MCZjZG5leF9pZD10eF9waG9uZV9saXZl,,余姚新闻综合,,,余姚新闻综合.png,☘️浙江频道,1920x1080,Guovin.txt,293,200,成功,h264,25.0,有音频,2.320,144,116
兰溪新闻综合,https://stream1.freetv.fun/lan-xi-xin-wen-zong-he-1.m3u8,,兰溪新闻综合,,,兰溪新闻综合.png,☘️浙江频道,1280x720,Guovin.txt,30,403,成功,h264,25.0,有音频,2.399,150,122
沐川综合,http://file.ysxtv.cn/cms/videos/nmip-media/channellive/channel4/playlist.m3u8?zsicd,,沐川综合,,,沐川综合.png,☘️四川频道,1280x720,Guovin.txt,1557,200,成功,h264,,有音频,2.625,145,117
营山电视台,http://file.ysxtv.cn/cms/videos/nmip-media/channellive/channel4/playlist.m3u8?zsicd#http://file.ysxtv.cn/cms/videos/nmip-media/channellive/channel4/playlist.m3u8,,营山电视台,,,营山电视台.png,☘️四川频道,1280x720,Guovin.txt,1423,200,成功,h264,,有音频,3.169,145,117
汶川新闻综合,http://file.ysxtv.cn/cms/videos/nmip-media/channellive/channel4/playlist.m3u8?zsicd#rtmp://tv.mcrm.org.cn:1935/channellive/tv01,,汶川新闻综合,,,汶川新闻综合.png,☘️四川频道,1280x720,Guovin.txt,1563,200,成功,h264,,有音频,3.779,89,73
秦安综合,http://play.kankanlive.com/live/1683944827526991.m3u8,,秦安综合,,,秦安综合.png,☘️甘肃频道,1280x720,Guovin.txt,2558,200,成功,h264,30.0,有音频,3.496,8,8
新闻综合,http://z.b.bkpcp.top/m.php?id=shxw,,新闻综合,,,新闻综合.png,☘️上海频道,1280x720,Guovin.txt,11,429,成功,h264,25.0,有音频,3.035,8,8
淮安新闻综合,http://z.b.bkpcp.top/m.php?id=haxwzh,,淮安新闻综合,,,淮安新闻综合.png,☘️江苏频道,854x480,Guovin.txt,11,429,成功,h264,25.0,有音频,2.724,8,8
东阳影视生活,http://l.cztvcloud.com/channels/lantian/SXdongyang1/720p.m3u8,,东阳影视生活,,,东阳影视生活.png,☘️浙江频道,1280x720,Guovin.txt,438,200,成功,h264,25.0,有音频,2.600,24,20
上虞新商都,https://stream1.freetv.fun/shang-yu-xin-shang-du-1.m3u8,,上虞新商都,,,上虞新商都.png,☘️浙江频道,1920x1080,Guovin.txt,10,403,成功,h264,25.0,有音频,2.678,86,68
上虞新闻综合,http://l.cztvcloud.com/channels/lantian/SXshangyu1/720p.m3u8?zzhed,,上虞新闻综合,,,上虞新闻综合.png,☘️浙江频道,1920x1080,Guovin.txt,376,200,成功,h264,25.0,有音频,2.635,122,98
江苏教育,http://goo.bkpcp.top/mg/jsjy,,江苏教育,,,江苏教育.png,☘️江苏频道,854x480,Guovin.txt,524,200,成功,h264,25.0,有音频,2.626,8,8
重庆汽摩,http://222.179.155.21:1935/ch1.m3u8?%E5%85%B3%E6%B3%A8%E5%BE%AE%E4%BF%A1%E5%85%AC%E4%BC%97%E5%8F%B7[%E6%99%B4%E5%9B%AD],,重庆汽摩,,,重庆汽摩.png,☘️重庆频道,1920x1080,Guovin.txt,1594,200,成功,h264,25.0,有音频,3.169,26,20
伊犁哈萨克,http://110.153.180.106:55555/out_3/index.m3u8?zxinjd,,伊犁哈萨克,,,伊犁哈萨克.png,☘️新疆频道,1920x1080,Guovin.txt,684,200,成功,h264,25.0,有音频,3.373,8,8
海南文旅,https://migu.188766.xyz/?migutoken=32bbe614ebd2e507d6fac6140ef1b138&id=hn_wlpd&type=sz,,海南文旅,,,海南文旅.png,☘️海南频道,1920x1080,Guovin.txt,44,403,成功,h264,28.0,有音频,0.663,144,116
陕西新闻资讯,https://migu.188766.xyz/?migutoken=a726eca0f3fd47fd9bf3cad18c3a6832&id=%E9%99%95%E8%A5%BF%E6%96%B0%E9%97%BB%E8%B5%84%E8%AE%AF%E9%A2%91%E9%81%93&type=yy,,陕西新闻资讯,,,陕西新闻资讯.png,☘️陕西频道,1920x1080,Guovin.txt,45,403,成功,h264,28.0,有音频,0.843,144,116
海南文旅,https://migu.188766.xyz/?migutoken=e518d267ca2aeba45e7c316ffde589e8&id=hn_wlpd&type=sz,,海南文旅,,,海南文旅.png,☘️海南频道,1920x1080,Guovin.txt,53,403,成功,h264,28.0,有音频,0.649,144,116
北京生活,https://migu.188766.xyz/?migutoken=ed0d5269116b45a50cc24282cdeffd10&id=%E5%8C%97%E4%BA%ACi%E7%94%9F%E6%B4%BB&type=yy,,北京生活,,,北京生活.png,☘️北京频道,1920x1080,Guovin.txt,83,403,成功,h264,28.0,有音频,0.609,128,104
海南少儿,https://migu.188766.xyz/?migutoken=099a8e9463c8269362616c240060470e&id=hn_sepd&type=sz,,海南少儿,,,海南少儿.png,☘️海南频道,1920x1080,Guovin.txt,46,403,成功,h264,28.0,有音频,0.648,144,116
河南民生,https://migu.188766.xyz/?migutoken=f53ad803db0e17b0e0627cda09053f1d&id=%E6%B0%91%E7%94%9F%E9%A2%91%E9%81%93&type=yy,,河南民生,,,河南民生.png,☘️河南频道,1920x1080,Guovin.txt,52,403,成功,h264,28.0,有音频,0.649,144,116
南京十八,https://migu.188766.xyz/?migutoken=f0e690fa7de59aaad328a7b4a38196cf&id=%E5%8D%97%E4%BA%AC%E5%8D%81%E5%85%AB%E9%A2%91%E9%81%93&type=yy,,南京十八,,,南京十八.png,☘️江苏频道,1920x1080,Guovin.txt,45,403,成功,h264,28.0,有音频,0.675,128,104
南京新闻综合,https://migu.188766.xyz/?migutoken=dded42c9656aee80f87270572030de96&id=%E5%8D%97%E4%BA%AC%E6%96%B0%E9%97%BB%E7%BB%BC%E5%90%88%E9%A2%91%E9%81%93&type=yy,,南京新闻综合,,,南京新闻综合.png,☘️江苏频道,1920x1080,Guovin.txt,51,403,成功,h264,28.0,有音频,0.621,128,104
江苏教育,https://migu.188766.xyz/?migutoken=7033071779ec5fd7cf46066cc021214c&id=%E6%B1%9F%E8%8B%8F%E6%95%99%E8%82%B2&type=yy,,江苏教育,,,江苏教育.png,☘️江苏频道,1920x1080,Guovin.txt,42,403,成功,h264,28.0,有音频,0.596,144,116
北京卡酷少儿,https://migu.188766.xyz/?migutoken=1023983db6b5249e61d4950c1654cd84&id=%E5%8C%97%E4%BA%AC%E5%8D%A1%E9%85%B7%E5%B0%91%E5%84%BF&type=yy,,北京卡酷少儿,,,北京卡酷少儿.png,☘️北京频道,1920x1080,Guovin.txt,43,403,成功,h264,28.0,有音频,0.618,144,116
句容生活,http://yp.qqqtv.top/1/api.php?id=%E5%8F%A5%E5%AE%B9%E7%94%9F%E6%B4%BB%E9%A2%91%E9%81%93&auth=666858,,句容生活,,,句容生活.png,☘️江苏频道,720x576,Guovin.txt,1355,200,成功,h264,25.0,有音频,3.885,16,12
中国蓝新闻,http://ali-m-l.cztv.com/channels/lantian/channel009/1080p.m3u8,,中国蓝新闻,,,中国蓝新闻.png,☘️浙江频道,1920x1080,Guovin.txt,755,200,成功,h264,25.0,有音频,2.929,156,128
陕西新闻资讯,https://migu.188766.xyz/?migutoken=6619e429fb30abbfc3f545739714ae88&id=%E9%99%95%E8%A5%BF%E6%96%B0%E9%97%BB%E8%B5%84%E8%AE%AF%E9%A2%91%E9%81%93&type=yy,,陕西新闻资讯,,,陕西新闻资讯.png,☘️陕西频道,1920x1080,Guovin.txt,40,403,成功,h264,28.0,有音频,0.604,128,104
句容党建,http://yp.qqqtv.top/1/api.php?id=%E5%8F%A5%E5%AE%B9%E5%85%9A%E5%BB%BA%E9%A2%91%E9%81%93&auth=666858,,句容党建,,,句容党建.png,☘️江苏频道,720x576,Guovin.txt,1571,200,成功,h264,25.0,有音频,4.822,16,12
海南文旅,https://migu.188766.xyz/?migutoken=e87e23dd59cf43d18240c8f5a9a37b5a&id=hn_wlpd&type=sz,,海南文旅,,,海南文旅.png,☘️海南频道,1920x1080,Guovin.txt,49,403,成功,h264,28.0,有音频,0.603,128,104
优漫卡通,https://www.freetv.top/migu/626064703.m3u8?migutoken=7f7c4b909389a0cd5172701768041a0f3887534c4534a68bf1dc85550389e9ab156655484be16e89604513fde9da2f036ebae28d31515b0be32eb12462f5de9d9cab8f00c44671241d5c6e1356,,优漫卡通,,,优漫卡通.png,☘️江苏频道,1920x1080,Guovin.txt,2345,200,成功,h264,30.0,有音频,1.121,156,128
海南少儿,https://migu.188766.xyz/?migutoken=6eaa069383f63ab8eaf9cf3944f58538&id=hn_sepd&type=sz,,海南少儿,,,海南少儿.png,☘️海南频道,1920x1080,Guovin.txt,46,403,成功,h264,28.0,有音频,0.634,128,104
东方影视,https://www.freetv.top/migu/617290047.m3u8?migutoken=86c02ad0875d5cc49d77bcc8bdb628f2c9d508ffc323b964a03c8f92dde4afafa0345cf5a8fefbdf915c748e3d11c6c18e27ae1e21a609cec31a45e6c437db26a7a243625f9cf35c271171a22c,,东方影视,,,东方影视.png,☘️上海频道,1920x1080,Guovin.txt,2234,200,成功,h264,30.0,有音频,1.035,24,20
海南文旅,https://migu.188766.xyz/?migutoken=2191f973d6d6713ac26aae6416ae84e6&id=hn_wlpd&type=sz,,海南文旅,,,海南文旅.png,☘️海南频道,1920x1080,Guovin.txt,28,403,成功,h264,28.0,有音频,0.714,128,104
南京教科,https://migu.188766.xyz/?migutoken=9836e1b4b47bb64863a50511881e2112&id=%E5%8D%97%E4%BA%AC%E6%95%99%E7%A7%91%E9%A2%91%E9%81%93&type=yy,,南京教科,,,南京教科.png,☘️江苏频道,1920x1080,Guovin.txt,50,403,成功,h264,28.0,有音频,0.607,116,92
河南民生,https://migu.188766.xyz/?migutoken=ef639bf260ed3db483540ec6d0e9da67&id=%E6%B0%91%E7%94%9F%E9%A2%91%E9%81%93&type=yy,,河南民生,,,河南民生.png,☘️河南频道,1920x1080,Guovin.txt,36,403,成功,h264,28.0,有音频,0.611,128,104
北京财经,https://migu.188766.xyz/?migutoken=9a912c56f4e7584752a9642be68dc2db&id=%E5%8C%97%E4%BA%AC%E8%B4%A2%E7%BB%8F&type=yy,,北京财经,,,北京财经.png,☘️北京频道,1920x1080,Guovin.txt,97,403,成功,h264,28.0,有音频,0.713,128,104
溧水新闻综合,https://migu.188766.xyz/?migutoken=b84eaba97f4efcbce0d1b8d967d04560&id=%E6%BA%A7%E6%B0%B4%E6%96%B0%E9%97%BB%E7%BB%BC%E5%90%88&type=yy,,溧水新闻综合,,,溧水新闻综合.png,☘️江苏频道,1920x1080,Guovin.txt,59,403,成功,h264,28.0,有音频,0.660,144,116
数码时代,http://ali-m-l.cztv.com/channels/lantian/channel12/720p.m3u8?zzhed,,数码时代,,,数码时代.png,☘️浙江频道,1280x720,Guovin.txt,2614,200,成功,h264,25.0,有音频,2.534,156,128
淮安新闻综合,https://migu.188766.xyz/?migutoken=a77cb603ed804ee7ac273cb0d0e9426a&id=%E6%B7%AE%E5%AE%89%E6%96%B0%E9%97%BB%E7%BB%BC%E5%90%88&type=yy,,淮安新闻综合,,,淮安新闻综合.png,☘️江苏频道,1920x1080,Guovin.txt,52,403,成功,h264,28.0,有音频,0.683,144,116
北京生活,https://migu.188766.xyz/?migutoken=bec2c0ad1527efd505f338129ce18262&id=%E5%8C%97%E4%BA%ACi%E7%94%9F%E6%B4%BB&type=yy,,北京生活,,,北京生活.png,☘️北京频道,1920x1080,Guovin.txt,70,403,成功,h264,28.0,有音频,0.600,116,92
句容影院,http://jrlive.jrntv.com/live/_definst_/yingshis/chunklist_w1994429382.m3u8?zjiangsd,,句容影院,,,句容影院.png,☘️江苏频道,720x576,Guovin.txt,1511,200,成功,h264,25.0,有音频,2.816,156,128
上虞新商都,https://stream1.freetv.fun/shang-yu-xin-shang-du-3.m3u8,,上虞新商都,,,上虞新商都.png,☘️浙江频道,1920x1080,Guovin.txt,10,403,成功,h264,25.0,有音频,2.811,112,90
[HD]xplore channel,https://t.freetv.fun/live/xplore-channel.m3u8,,CHANNEL [V],台灣,台灣,https://epg.pw/media/images/channel/2022/08/06/large/20220806161730161952_53.jpg,音樂,1280x720,freetv-fun-tw.txt,10,403,成功,h264,30.0,有音频,1.480,146,119
睛彩广场舞,https://iptv.catvod.com/live.php?id=%E7%9D%9B%E5%BD%A9%E5%B9%BF%E5%9C%BA%E8%88%9E,,睛彩广场舞,,,睛彩广场舞.png,🏀体育频道,1920x1080,Guovin.txt,83,200,成功,h264,30.0,有音频,1.519,156,128
凤凰香港,https://cdn.iptv8k.top/dl/jrys.php?id=18&time=20240926215313&ip=111.229.253.40,,凤凰香港,,,凤凰香港.png,🌊港·澳·台,1920x1080,Guovin.txt,157,200,成功,h264,60.0,无音频,1.639,156,128
纬来体育,https://epg.pw/stream/4f18dfe0593db5c686eb64ae8edaf2a9202d4d46bdc9bbde2cee27708e12ea01.m3u8,,纬来体育,,,纬来体育.png,🌊港·澳·台,1280x720,Guovin.txt,562,200,成功,h264,25.0,有音频,1.928,156,128
纬来体育,https://epg.pw/stream/8855a9936e37e608a0ec8a014cce1673dee9c5d68d560da376cc92e5edef2b25.m3u8,,纬来体育,,,纬来体育.png,🌊港·澳·台,1280x720,Guovin.txt,479,200,成功,h264,25.0,有音频,2.158,156,128
炫动卡通,https://migu.188766.xyz/?migutoken=31bf301f64a2752ac495d33c736116b6&id=hhxd&type=sz,,炫动卡通,,,炫动卡通.png,🪁动画频道,1920x1080,Guovin.txt,44,403,成功,h264,28.0,有音频,0.631,144,116
靖天映画,https://cdn.iptv8k.top/dl/jrys.php?id=320&time=20240926215313&ip=111.229.253.40,,靖天映画,,,靖天映画.png,🎬电影频道,1920x1080,Guovin.txt,139,200,成功,h264,60.0,无音频,0.941,156,128
[HD]ช่อง hgtv,https://t.freetv.fun/live/ch-ng-hgtv.m3u8,,HGTV(TW),台灣,台灣,https://epg.pw/media/images/channel/2017/08/20/large/20170820230629325523_98.png,知識,1280x720,freetv-fun-tw.txt,9,403,成功,h264,25.0,有音频,1.062,156,128
延边-2,http://stream5.jlntv.cn/wq/playlist.m3u8,,延边-2,,,延边-2.png,☘️吉林频道,320x240,Guovin.txt,1751,200,成功,h264,25.0,有音频,4.721,157,129
纬来体育,https://epg.pw/stream/ab6df63b64d0cc44a1f4f029ed847a26fa54a7aebd455578fb05a63f02c22f4b.m3u8,,纬来体育,,,纬来体育.png,🌊港·澳·台,1280x720,Guovin.txt,647,200,成功,h264,25.0,有音频,1.184,156,128
[HD]channel 11,https://t.freetv.fun/live/channel-11-1.m3u8,,CHANNEL [V],台灣,台灣,https://epg.pw/media/images/channel/2022/08/06/large/20220806161730161952_53.jpg,音樂,1280x720,freetv-fun-tw.txt,15,403,成功,h264,25.0,有音频,0.934,8,8
舒兰新闻综合,http://stream8.jlntv.cn/shulan/sd/live.m3u8?_upt=332db6421699196585,,舒兰新闻综合,,,舒兰新闻综合.png,☘️吉林频道,320x240,Guovin.txt,631,200,成功,h264,25.0,有音频,2.076,157,129
东森超视,https://cdn.iptv8k.top/dl/jrys.php?id=216&time=20240926215313&ip=111.229.253.40,,东森超视,,,东森超视.png,🌊港·澳·台,1920x1080,Guovin.txt,138,200,成功,h264,60.0,无音频,0.935,156,128
哈尔滨娱乐,https://stream.hrbtv.net/ylpd/sd/live.m3u8,,哈尔滨娱乐,,,哈尔滨娱乐.png,☘️黑龙江频道,640x480,Guovin.txt,2092,200,成功,h264,25.0,有音频,8.038,157,129
[BD]rock entertainment *4g,https://t.freetv.fun/live/rock-entertainment-4g.m3u8,,ROCK Entertainment,台灣,台灣,https://epg.pw/media/images/channel/2022/03/18/large/20220318090618776046_10.png,綜藝,1920x1080,freetv-fun-tw.txt,9,403,成功,h264,30.0,有音频,4.569,8,8
凤凰卫视,http://api.kkitv.itv888.vip:8080/streams/vny1wblsnch/index.m3u8,,凤凰卫视,,,凤凰卫视.png,🌊港·澳·台,1920x1080,Guovin.txt,260,200,成功,hevc,25.0,有音频,0.290,68,56
翡翠台,http://php.jdshipin.com/TVOD/iptv.php?id=fct3,,翡翠台,,,翡翠台.png,🌊港·澳·台,1920x1080,Guovin.txt,2564,200,成功,hevc,50.0,有音频,0.442,68,56
长白山电视台,http://stream8.jlntv.cn/cbstv/sd/live.m3u8?zjild,,长白山电视台,,,长白山电视台.png,☘️吉林频道,320x240,Guovin.txt,1877,200,成功,h264,25.0,有音频,2.042,157,129
文山州新闻综合,http://m3u8.channel.wsrtv.com.cn/cms/videos/nmip-media/channellive/channel7/playlist.m3u8?zyund,,文山州新闻综合,,,文山州新闻综合.png,☘️云南频道,1920x1080,Guovin.txt,2753,200,成功,h264,25.0,有音频,2.352,156,128
「斗鱼」金铲铲之战,https://live.iill.top/douyu/9715241,,,,,https://epg-1.iill.top/logo/斗鱼.png,•游戏「赛事」,1920x1080,YanG-1989.txt,49,403,成功,h264,25.0,有音频,2.998,148,120
翡翠台,http://php.jdshipin.com:8880/TVOD/iptv.php?id=fct3&token=512df05ba47edb46400575c93e179adb7981226d414516400ed1d382cb126adc517715d4ccd3a2276bf3c7b72d52f58905225cf0b1cc461b7888443f,,翡翠台,,,翡翠台.png,🌊港·澳·台,1920x1080,Guovin.txt,2835,200,成功,hevc,50.0,有音频,0.247,16,12
文山州公共,http://m3u8.channel.wsrtv.com.cn/cms/videos/nmip-media/channellive/channel8/playlist.m3u8?zyund,,文山州公共,,,文山州公共.png,☘️云南频道,1920x1080,Guovin.txt,2778,200,成功,h264,25.0,有音频,2.312,156,128
星空卫视,https://cdn.iptv8k.top/dl/jrys.php?id=21&time=20240926215313&ip=111.229.253.40,,星空卫视,,,星空卫视.png,🎬电影频道,1920x1080,Guovin.txt,158,200,成功,h264,60.0,无音频,0.716,156,128
敦化一套,http://stream8.jlntv.cn/dhtv/playlist.m3u8?zjild,,敦化一套,,,敦化一套.png,☘️吉林频道,720x576,Guovin.txt,1164,200,成功,h264,25.0,有音频,2.704,126,104
东森超视,https://cdn.iptv8k.top/dl/jrys.php?id=216&time=20240926215313&ip=111.229.253.40#rtmp://f13h.mine.nu/sat/tv331#rtmp://f13h.mine.nu/sat/tv331,,东森超视,,,东森超视.png,🌊港·澳·台,1920x1080,Guovin.txt,143,200,成功,h264,60.0,无音频,0.786,156,128
凤凰中文,https://cdn.iptv8k.top/dl/jrys.php?id=19&time=20240926215313&ip=111.229.253.40,,凤凰中文,,,凤凰中文.png,🌊港·澳·台,1920x1080,Guovin.txt,158,200,成功,h264,60.0,无音频,0.491,156,128
[BD]三立綜合 *4g,https://t.freetv.fun/live/san-li-zong-he-4g.m3u8,460817,三立綜合,台灣,台灣,https://epg.pw/media/images/channel/2023/07/21/large/20230721172453389269_45.png,綜合,1920x1080,freetv-fun-tw.txt,7,403,成功,h264,29.97002997002997,有音频,4.561,8,8
「虎牙」逆战,https://live.iill.top/huya/nsl2021,,,,,https://epg-1.iill.top/logo/虎牙.png,•游戏「赛事」,1920x1080,YanG-1989.txt,312,403,成功,h264,25.0,有音频,5.566,148,120
「斗鱼」我的世界,https://live.iill.top/douyu/738878,,,,,https://epg-1.iill.top/logo/斗鱼.png,•游戏「赛事」,1920x1080,YanG-1989.txt,44,403,成功,h264,25.0,有音频,8.620,148,120
笑傲江湖,http://live.iill.top/yy.php?id=1354282410,,笑傲江湖,,,笑傲江湖.png,🏛经典剧场,1920x1080,Guovin.txt,319,403,成功,h264,25.0,有音频,5.634,148,120
鹿鼎记,http://live.iill.top/yy.php?id=1382704650,,鹿鼎记,,,鹿鼎记.png,🏛经典剧场,1920x1080,Guovin.txt,313,403,成功,h264,25.0,有音频,6.826,148,120
[VGA]cfm tv channel 98 (360p),https://t.freetv.fun/live/cfm-tv-channel-98-360p.m3u8,,CHANNEL [V],台灣,台灣,https://epg.pw/media/images/channel/2022/08/06/large/20220806161730161952_53.jpg,音樂,480x360,freetv-fun-tw.txt,5,403,成功,h264,25.0,有音频,1.083,9,9
东森超视,https://cdn.iptv8k.top/dl/jrys.php?id=217&time=20240926215313&ip=111.229.253.40,,东森超视,,,东森超视.png,🌊港·澳·台,1920x1080,Guovin.txt,145,200,成功,h264,60.0,无音频,1.028,156,128
济公游记,http://live.iill.top/yy.php?id=1355265814,,济公游记,,,济公游记.png,🏛经典剧场,1920x1080,Guovin.txt,32,403,成功,h264,25.0,有音频,5.921,148,120
纬来育乐,https://live.catvod.com/live.php?id=videolandyule&token=bdbdf4f6c60a734f7d4e9d5df9b0560eda167e4ab02bb2ca0d69fc48d5976284%3A1761354848%3ANTIuMTYxLjQ1LjIyNA%3D%3D,,纬来育乐,,,纬来育乐.png,🌊港·澳·台,1920x1080,Guovin.txt,5857,200,成功,h264,30.0,有音频,5.708,140,116
仙剑奇侠传,http://live.iill.top/yy.php?id=1382749903,,仙剑奇侠传,,,仙剑奇侠传.png,🏛经典剧场,1920x1080,Guovin.txt,313,403,成功,h264,25.0,有音频,5.457,148,120
[BD]三立台湾,https://t.freetv.fun/live/san-li-tai-wan.php,456529,三立臺灣台,台灣,台灣,https://epg.pw/media/images/channel/2023/07/21/large/20230721172357360661_85.png,綜合,1920x1080,freetv-fun-tw.txt,5,403,成功,h264,60.0,无音频,1.173,156,128
天龙八部,http://live.iill.top/yy.php?id=1351814644,,天龙八部,,,天龙八部.png,🏛经典剧场,1920x1080,Guovin.txt,315,403,成功,h264,25.0,有音频,6.828,132,108
新动漫,https://migu.188766.xyz/?migutoken=0fb66d5ac60022ceda271785fba4e744&id=%E6%96%B0%E5%8A%A8%E6%BC%AB&type=yy,,新动漫,,,新动漫.png,🪁动画频道,1920x1080,Guovin.txt,523,403,成功,h264,28.0,有音频,0.570,116,92
纬来育乐,https://live.catvod.com/live.php?id=videolandyule&token=fe5d6c1a6329ce8ba25d86d34ce097a5e62e5c9607f3492bd98e2512fed69ebe%3A1760491003%3ANTIuMTUwLjI5Ljk4,,纬来育乐,,,纬来育乐.png,🌊港·澳·台,1920x1080,Guovin.txt,5924,200,成功,h264,30.0,有音频,5.793,156,128
快乐垂钓,https://migu.188766.xyz/?migutoken=786b1099b98396dd627cb3dc7218143f&id=%E5%BF%AB%E4%B9%90%E5%9E%82%E9%92%93&type=yy,,快乐垂钓,,,快乐垂钓.png,🏀体育频道,1920x1080,Guovin.txt,839,403,成功,h264,28.0,有音频,0.550,116,92
快乐垂钓,https://migu.188766.xyz/?migutoken=f3057d0e91854bca6042a309f3cb3d6f&id=%E5%BF%AB%E4%B9%90%E5%9E%82%E9%92%93&type=yy,,快乐垂钓,,,快乐垂钓.png,🏀体育频道,1280x720,Guovin.txt,832,403,成功,h264,25.0,有音频,3.339,8,8
快乐垂钓,https://migu.188766.xyz/?migutoken=eb6bd2a86f08587ae39231c4be8be5c6&id=%E5%BF%AB%E4%B9%90%E5%9E%82%E9%92%93&type=yy,,快乐垂钓,,,快乐垂钓.png,🏀体育频道,1280x720,Guovin.txt,834,403,成功,h264,25.0,有音频,3.267,8,8
汪清综合,http://stream5.jlntv.cn/wq/sd/live.m3u8?zjild,,汪清综合,,,汪清综合.png,☘️吉林频道,320x240,Guovin.txt,326,200,成功,h264,25.0,有音频,2.257,157,129
纬来育乐,https://live.catvod.com/live.php?id=videolandyule&token=13816ef04b78d5335d687b59ecfb099066cc0ce5f95f41311cd479d8e9a899c7%3A1761268460%3AMTcyLjIwMC4xODMuMjQx,,纬来育乐,,,纬来育乐.png,🌊港·澳·台,1920x1080,Guovin.txt,5911,200,成功,h264,30.0,有音频,5.687,140,116
[HD]ช่อง lifetime,https://t.freetv.fun/live/ch-ng-lifetime.m3u8,,Lifetime(TW),台灣,台灣,https://epg.pw/media/images/channel/2024/04/28/large/20240428174927817268_88.png,綜藝,1280x720,freetv-fun-tw.txt,20,403,成功,h264,25.0,有音频,1.075,156,128
纬来育乐,https://live.catvod.com/live.php?id=videolandyule&token=29d66f02bb445a2069a8f31cbb216cf3f2cbf9de61528e66d4c52126be7431e7%3A1761182302%3ANTIuMjM0LjQzLjE3Nw%3D%3D,,纬来育乐,,,纬来育乐.png,🌊港·澳·台,1920x1080,Guovin.txt,5913,200,成功,h264,30.0,有音频,5.775,140,116
新动漫,https://migu.188766.xyz/?migutoken=e30673f8e72e759480f22426e2b8a6ec&id=%E6%96%B0%E5%8A%A8%E6%BC%AB&type=yy,,新动漫,,,新动漫.png,🪁动画频道,1280x720,Guovin.txt,495,403,成功,h264,25.0,有音频,3.503,16,12
「斗鱼」使命召唤•手游,https://live.iill.top/douyu/9223245,,,,,https://epg-1.iill.top/logo/斗鱼.png,•游戏「赛事」,1920x1080,YanG-1989.txt,339,403,成功,h264,25.0,有音频,1.409,148,120
纬来育乐,https://live.catvod.com/live.php?id=videolandyule&token=e36fcda3f4b7e8b5909afdfb1f84325efd61edc43f87499f92b5ce17f8583f78%3A1761441669%3ANDguMjExLjIxMC4xMTM%3D,,纬来育乐,,,纬来育乐.png,🌊港·澳·台,1920x1080,Guovin.txt,5730,200,成功,h264,30.0,有音频,5.709,156,128
跳舞「其他」,https://live.iill.top/huya/24634408,,,,,https://epg-1.iill.top/logo/虎牙.png,•影视「轮播」,1920x1080,YanG-1989.txt,48,403,成功,h264,25.0,有音频,2.789,148,120
[HD]tvbs新闻,https://t.freetv.fun/live/tvbsxin-wen.m3u8,370174,TVBS新聞HD,台灣,台灣,https://epg.pw/media/images/channel/2025/01/28/large/20250128055934838968_50.png,新聞,1280x720,freetv-fun-tw.txt,6,403,成功,h264,30.0,有音频,1.881,76,60
「虎牙」穿越火线,https://live.iill.top/huya/660101,,,,,https://epg-1.iill.top/logo/虎牙.png,•游戏「赛事」,1920x1080,YanG-1989.txt,350,403,成功,h264,25.0,有音频,2.439,148,120
海绵宝宝,https://live.metshop.top/douyu/3949681,,海绵宝宝,,,海绵宝宝.png,🪁动画频道,1920x1080,Guovin.txt,195,200,成功,h264,30.0,有音频,0.980,156,128
「斗鱼」原神,https://live.iill.top/douyu/10853239,,,,,https://epg-1.iill.top/logo/斗鱼.png,•游戏「赛事」,1920x1080,YanG-1989.txt,216,403,成功,h264,25.0,有音频,1.563,148,120
[BD]love nature *4g,https://t.freetv.fun/live/love-nature-4g.m3u8,,Love Nature,台灣,台灣,https://epg.pw/media/images/channel/2023/02/05/large/20230205151332194260_50.jpg,知識,1920x1080,freetv-fun-tw.txt,88,403,成功,h264,30.0,有音频,4.033,8,8
[BD]momo親子 *4g,https://t.freetv.fun/live/momoqin-zi-4g.m3u8,,MOMO親子臺,台灣,台灣,https://epg.pw/media/img/logo/2013/10/30/bda3f89bec11e28ca511fc0f90e21ab3.jpg,兒童,1920x1080,freetv-fun-tw.txt,106,403,成功,h264,30.0,有音频,3.789,8,8
[BD]love nature *s,https://t.freetv.fun/live/love-nature-s.m3u8,,Love Nature,台灣,台灣,https://epg.pw/media/images/channel/2023/02/05/large/20230205151332194260_50.jpg,知識,3840x2160,freetv-fun-tw.txt,110,403,成功,hevc,50.0,有音频,3.237,156,128
汪清综合,http://stream5.jlntv.cn/wq/sd/live.m3u8?_upt=eb80947d1699080781,,汪清综合,,,汪清综合.png,☘️吉林频道,320x240,Guovin.txt,1409,200,成功,h264,25.0,有音频,2.057,157,129
「斗鱼」穿越火线 𝟚,https://live.iill.top/douyu/5388537,,,,,https://epg-1.iill.top/logo/斗鱼.png,•游戏「赛事」,1920x1080,YanG-1989.txt,350,403,成功,h264,25.0,有音频,1.578,148,120
经典电影,https://cdn.iptv8k.top/dl/jrys.php?id=396&time=20240926215313&ip=111.229.253.40,,经典电影,,,经典电影.png,🎬电影频道,1920x1080,Guovin.txt,155,200,成功,h264,60.0,无音频,0.521,156,128
黎城综合,http://111.53.96.67:8081/live/1/index.m3u8?%E5%85%B3%E6%B3%A8%E5%BE%AE%E4%BF%A1%E5%85%AC%E4%BC%97%E5%8F%B7[%E6%99%B4%E5%9B%AD],,黎城综合,,,黎城综合.png,☘️山西频道,1920x1080,Guovin.txt,461,200,成功,h264,25.0,有音频,2.230,36,32
[HD]tvbs新闻,https://t.freetv.fun/live/tvbsxin-wen-1.m3u8,370174,TVBS新聞HD,台灣,台灣,https://epg.pw/media/images/channel/2025/01/28/large/20250128055934838968_50.png,新聞,1280x720,freetv-fun-tw.txt,8,403,成功,h264,30.0,有音频,1.558,76,60
纬来体育,https://cdn.iptv8k.top/dl/jrys.php?id=292&amp;time=20240926215313&amp;ip=111.229.253.40,,纬来体育,,,纬来体育.png,🌊港·澳·台,1920x1080,Guovin.txt,159,200,成功,h264,60.0,无音频,0.656,156,128
明珠台,https://mytv.cdn.loc.cc/o12.php?id=mzt,,明珠台,,,明珠台.png,🌊港·澳·台,1920x1080,Guovin.txt,2408,200,成功,hevc,50.0,有音频,0.542,8,8
「虎牙」使命召唤•手游,https://live.iill.top/huya/11718629,,,,,https://epg-1.iill.top/logo/虎牙.png,•游戏「赛事」,1920x1080,YanG-1989.txt,354,403,成功,h264,25.0,有音频,3.290,148,120
CHC家庭影院,https://stream1.freetv.fun/chcjia-ting-ying-yuan-9.ctv,,CHC家庭影院,,,CHC家庭影院.png,🎬电影频道,1920x1080,Guovin.txt,5,403,成功,h264,28.0,有音频,0.976,144,116
明珠台,https://migu.188766.xyz/?migutoken=7587aa81b1dcc4ed3adff2166ecdaf82&id=pearl_twn&type=dy,,明珠台,,,明珠台.png,🌊港·澳·台,1920x1080,Guovin.txt,40,403,成功,h264,28.0,有音频,0.558,144,116
[HD]中天娛樂,https://t.freetv.fun/live/zhong-tian-yu-le.m3u8,,中天娛樂HD,台灣,台灣,https://epg.pw/media/images/channel/2016/01/14/large/20160114210645647968_28.jpg,綜藝,1280x720,freetv-fun-tw.txt,5,403,成功,h264,25.0,有音频,2.009,156,128
封神榜,http://live.iill.top/yy.php?id=1353426319,,封神榜,,,封神榜.png,🏛经典剧场,1920x1080,Guovin.txt,30,403,成功,h264,25.0,有音频,3.863,148,120
精品体育,https://epg.pw/stream/f7556eccd4ae06b0c2991fdc7a4f8388496559f728cc82459a8e50346040e226.m3u8,,精品体育,,,精品体育.png,🏀体育频道,1280x720,Guovin.txt,103,200,成功,h264,25.0,有音频,1.039,156,128
[HD]smithsonian channel selects,https://t.freetv.fun/live/smithsonian-channel-selects-1.m3u8,,Smithsonian Channel,台灣,台灣,https://epg.pw/media/images/channel/2023/07/03/large/20230703010539122476_41.jpeg,知識,426x240,freetv-fun-tw.txt,9,403,成功,h264,30.0,有音频,1.363,9,9
三国演义,http://live.iill.top/yy.php?id=1354936241,,三国演义,,,三国演义.png,🏛经典剧场,1920x1080,Guovin.txt,38,403,成功,h264,25.0,有音频,4.150,148,120
纬来体育,https://cdn.iptv8k.top/dl/jrys.php?id=292&amp;amp;time=20240926215313&amp;amp;ip=111.229.253.40,,纬来体育,,,纬来体育.png,🌊港·澳·台,1920x1080,Guovin.txt,158,200,成功,h264,60.0,无音频,0.526,156,128
「斗鱼」梦幻西游·手游,https://live.iill.top/huya/9163712,,,,,https://epg-1.iill.top/logo/斗鱼.png,•游戏「赛事」,1920x1080,YanG-1989.txt,31,403,成功,h264,25.0,有音频,2.835,148,120
音乐速递「音乐」,https://live.iill.top/huya/19439762,,,,,https://epg-1.iill.top/logo/虎牙.png,•影视「轮播」,1920x1080,YanG-1989.txt,35,403,成功,h264,25.0,有音频,3.271,148,120
[BD]lifetime *4g,https://t.freetv.fun/live/lifetime-4g.m3u8,,Lifetime(TW),台灣,台灣,https://epg.pw/media/images/channel/2024/04/28/large/20240428174927817268_88.png,綜藝,1920x1080,freetv-fun-tw.txt,18,403,成功,h264,30.0,有音频,4.630,8,8
「斗鱼」街霸,https://live.iill.top/huya/11437,,,,,https://epg-1.iill.top/logo/斗鱼.png,•游戏「赛事」,1920x1080,YanG-1989.txt,38,403,成功,h264,25.0,有音频,3.179,148,120
无线星河,http://php.jdshipin.com/smt.php?id=Xinhe,,无线星河,,,无线星河.png,🎬电影频道,1280x720,Guovin.txt,194,200,成功,hevc,25.0,有音频,0.790,16,12
电影•3「解说」,https://live.iill.top/huya/24396428,,,,,https://epg-1.iill.top/logo/虎牙.png,•影视「轮播」,1920x1080,YanG-1989.txt,40,403,成功,h264,25.0,有音频,3.029,148,120
三立新闻,https://epg.pw/stream/6b49e3faa38adda85abab446f032dc1e686baa0760a9cfa66e2df8fd6fe3b445.m3u8,,三立新闻,,,三立新闻.png,🌊港·澳·台,1280x720,Guovin.txt,106,200,成功,h264,25.0,有音频,1.029,156,128
IPTV经典电影,http://43.138.0.72:35455/yy/1382754187,,IPTV经典电影,,,IPTV经典电影.png,🎬电影频道,1920x1080,Guovin.txt,706,200,成功,h264,30.0,有音频,1.047,156,128
天映经典,https://epg.pw/stream/cb817875cf26eb683af274dd8cdf7f559a71353d9565c32447c8d98894bc8095.ctv,,天映经典,,,天映经典.png,🎬电影频道,1280x720,Guovin.txt,704,200,成功,h264,25.0,有音频,1.040,156,128
纬来体育,https://cdn.iptv8k.top/dl/jrys.php?id=292&time=20240926215313&ip=111.229.253.40,,纬来体育,,,纬来体育.png,🌊港·澳·台,1920x1080,Guovin.txt,144,200,成功,h264,60.0,无音频,0.707,156,128
天映经典,https://cdn.iptv8k.top/dl/jrys.php?id=71&time=20240926215313&ip=111.229.253.40,,天映经典,,,天映经典.png,🎬电影频道,1920x1080,Guovin.txt,156,200,成功,h264,60.0,无音频,0.527,156,128
安多卫视,https://stream1.freetv.fun/52d0df257c5c3cec42f2ae19268dbbc261256ff391b27bd83553bea941d0c186.m3u8,,安多卫视,,,安多卫视.png,☘️青海频道,1280x720,Guovin.txt,20,403,成功,h264,25.0,有音频,1.253,156,128
吴忠公共,http://live.kanwz.net/ggpd/sd/live.m3u8?zningxd,,吴忠公共,,,吴忠公共.png,☘️宁夏频道,320x240,Guovin.txt,1446,200,成功,h264,25.0,有音频,2.238,157,129
吴忠综合,http://live.kanwz.net/zhpd/sd/live.m3u8?zningxd,,吴忠综合,,,吴忠综合.png,☘️宁夏频道,320x240,Guovin.txt,1448,200,成功,h264,25.0,有音频,2.348,157,129
[HD]中天娱乐,https://t.freetv.fun/live/zhong-tian-yu-le-1.m3u8,,中天娛樂HD,台灣,台灣,https://epg.pw/media/images/channel/2016/01/14/large/20160114210645647968_28.jpg,綜藝,1280x720,freetv-fun-tw.txt,7,403,成功,h264,25.0,有音频,1.887,156,128
纬来体育,https://cdn.iptv8k.top/dl/jrys.php?id=291&time=20240926215313&ip=111.229.253.40,,纬来体育,,,纬来体育.png,🌊港·澳·台,1920x1080,Guovin.txt,140,200,成功,h264,60.0,无音频,0.479,156,128
翡翠台,https://cdn.iptv8k.top/dl/jrys.php?id=3&time=20240926215313&ip=111.229.253.40,,翡翠台,,,翡翠台.png,🌊港·澳·台,1920x1080,Guovin.txt,140,200,成功,h264,60.0,无音频,0.653,156,128
纬来电影,https://live.catvod.com/live.php?id=videolandmovie&token=a76bdc035b650a1c05ec1f7fb9f26ae2f5af7dd30a77937811b00e06d85b6954%3A1760491003%3ANTIuMTUwLjI5Ljk4,,纬来电影,,,纬来电影.png,🎬电影频道,1920x1080,Guovin.txt,5076,200,成功,h264,30.0,有音频,5.851,156,128
「斗鱼」永劫无间,https://live.iill.top/huya/9662891,,,,,https://epg-1.iill.top/logo/斗鱼.png,•游戏「赛事」,1920x1080,YanG-1989.txt,48,403,成功,h264,25.0,有音频,3.539,148,120
明珠台,https://migu.188766.xyz/?migutoken=f7fca5fceffc820a3465098e3e42fda9&id=pearl_twn&type=dy,,明珠台,,,明珠台.png,🌊港·澳·台,1920x1080,Guovin.txt,47,403,成功,h264,28.0,有音频,0.569,144,116
CHC动作电影,http://z.b.bkpcp.top/m.php,,CHC动作电影,,,CHC动作电影.png,🎬电影频道,3840x2160,Guovin.txt,164,403,成功,hevc,50.0,有音频,1.182,66,54
[HD]food network,https://t.freetv.fun/live/food-network-1.m3u8,,Food Network(TW),台灣,台灣,https://epg.pw/media/images/channel/2022/08/27/large/20220827225917116348_71.png,其它,1280x720,freetv-fun-tw.txt,6,403,成功,h264,25.0,有音频,1.469,36,32
精品体育,https://epg.pw/stream/94ed0232b61ce8d89883160a4cdfbfc8f3225cae70ef8e17d93eec249a3c8ad6.m3u8,,精品体育,,,精品体育.png,🏀体育频道,1280x720,Guovin.txt,286,200,成功,h264,25.0,有音频,1.045,156,128
魅力足球,https://www.freetv.top/migu/796070308.m3u8?migutoken=f4f71100ed3cd756f336e1f3b6d522c1338ee1ffd14316eea89e461d4e31e29395a265a9f1ec26b947fb0e7dc16296db47ae3bfea73caaee6901d17bfede63775878c0ab44c872939ba5b53baf,,魅力足球,,,魅力足球.png,🏀体育频道,1920x1080,Guovin.txt,2108,200,成功,h264,30.0,有音频,1.802,140,116
靖天资讯,https://cdn.iptv8k.top/dl/jrys.php?id=315&time=20240926215313&ip=111.229.253.40,,靖天资讯,,,靖天资讯.png,🌊港·澳·台,1920x1080,Guovin.txt,156,200,成功,h264,60.0,无音频,0.938,156,128
魅力足球,https://www.freetv.top/migu/796070308.m3u8?migutoken=aef1ffa947e5328dd4ec2bb318b58b674fe32113222c6c9eab78bcdc2a9f31cf142a1d60536ea5a5ee039d3753e6bd98bef238d0ba7e3af9153e765e8b77e2a8c28451355b4a426d11c5c304f8,,魅力足球,,,魅力足球.png,🏀体育频道,1920x1080,Guovin.txt,2118,200,成功,h264,30.0,有音频,1.239,156,128
哈尔滨娱乐,http://stream.hrbtv.net/ylpd/sd/live.m3u8?zheild,,哈尔滨娱乐,,,哈尔滨娱乐.png,☘️黑龙江频道,640x480,Guovin.txt,566,200,成功,h264,25.0,有音频,4.475,157,129
翡翠台,https://cdn.iptv8k.top/dl/jrys.php?id=3&time=20240926215313&ip=111.229.253.40『线路08』,,翡翠台,,,翡翠台.png,🌊港·澳·台,1920x1080,Guovin.txt,141,200,成功,h264,60.0,无音频,0.892,156,128
靖天戏剧,https://cdn.iptv8k.top/dl/jrys.php?id=318&time=20240926215313&ip=111.229.253.40,,靖天戏剧,,,靖天戏剧.png,🎬电影频道,1920x1080,Guovin.txt,156,200,成功,h264,60.0,无音频,0.446,156,128
[BD]channel s music,https://t.freetv.fun/live/channel-s-music.m3u8,,CHANNEL [V],台灣,台灣,https://epg.pw/media/images/channel/2022/08/06/large/20220806161730161952_53.jpg,音樂,1920x1080,freetv-fun-tw.txt,7,403,成功,h264,25.0,有音频,1.157,28,22
NewTV动作电影,https://iptv.catvod.com/live.php?id=NewTV%E5%8A%A8%E4%BD%9C%E7%94%B5%E5%BD%B1,,NewTV动作电影,,,NewTV动作电影.png,🎬电影频道,1920x1080,Guovin.txt,1777,200,成功,h264,30.0,有音频,0.697,156,128
通海电视台,https://zb-live.ynurl.com/tonghai/3bfe3a9e-48e6-4c1e-8770-1df66447cc6c.m3u8,,通海电视台,,,通海电视台.png,☘️云南频道,1920x1080,Guovin.txt,1201,200,成功,h264,25.0,有音频,6.186,98,80
凤凰中文,https://k44991.kylintv.tv/live/pxna_iphone.m3u8,,凤凰中文,,,凤凰中文.png,🌊港·澳·台,1280x720,Guovin.txt,1269,200,成功,h264,30.0,有音频,0.374,8,8
NewTV惊悚悬疑,https://iptv.catvod.com/live.php?id=NewTV%E6%83%8A%E6%82%9A%E6%82%AC%E7%96%91,,NewTV惊悚悬疑,,,NewTV惊悚悬疑.png,🎬电影频道,1920x1080,Guovin.txt,2019,200,成功,h264,30.0,有音频,0.707,156,128
天映经典,https://migu.188766.xyz/?migutoken=3637f4ae3861b554c9b368728cc8b391&id=Celestial2&type=dy,,天映经典,,,天映经典.png,🎬电影频道,1920x1080,Guovin.txt,51,403,成功,h264,28.0,有音频,0.558,144,116
纬来电影,https://live.catvod.com/live.php?id=videolandmovie&token=4ef1b71d966e768b749843d150246e8f77aa83b1d79878100de8f8b3431e0b59%3A1761182302%3ANTIuMjM0LjQzLjE3Nw%3D%3D,,纬来电影,,,纬来电影.png,🎬电影频道,1920x1080,Guovin.txt,5199,200,成功,h264,30.0,有音频,5.782,140,116
哈尔滨娱乐,http://stream.hrbtv.net/ylpd/sd/live.m3u8?zheild#http://stream.hrbtv.net/ylpd/sd/live.m3u8#https://stream.hrbtv.net/ylpd/sd/live.m3u8,,哈尔滨娱乐,,,哈尔滨娱乐.png,☘️黑龙江频道,640x480,Guovin.txt,546,200,成功,h264,25.0,有音频,1.934,157,129
三立台湾,https://cdn.iptv8k.top/dl/jrys.php?id=269&time=20240926215313&ip=111.229.253.40,,三立台湾,,,三立台湾.png,🌊港·澳·台,1920x1080,Guovin.txt,1575,200,成功,h264,60.0,无音频,0.430,156,128
纬来育乐,https://cdn.iptv8k.top/dl/jrys.php?id=289&time=20240926215313&ip=111.229.253.40,,纬来育乐,,,纬来育乐.png,🌊港·澳·台,1920x1080,Guovin.txt,2212,200,成功,h264,60.0,无音频,0.499,156,128
精品体育,https://epg.pw/stream/866a097a0907c9832440f8df38272dd555abf05200dfbafcc137e214c9b30ca7.m3u8,,精品体育,,,精品体育.png,🏀体育频道,1280x720,Guovin.txt,273,200,成功,h264,25.0,有音频,1.124,156,128
东森洋片,https://live.catvod.com/live.php?id=ettvwestern&token=db68a5975c00457036c2ee06023e5d93b4c5269f73044bec1cbfb813b47bf10a%3A1760491003%3ANTIuMTUwLjI5Ljk4,,东森洋片,,,东森洋片.png,🎬电影频道,1920x1080,Guovin.txt,5077,200,成功,h264,30.0,有音频,5.791,156,128
东森洋片,https://live.catvod.com/live.php?id=ettvwestern&token=26c45d6636a1192c92dd36198e022f2af4d26b0204f907d6765bdfafcf964f04%3A1761182302%3ANTIuMjM0LjQzLjE3Nw%3D%3D,,东森洋片,,,东森洋片.png,🎬电影频道,1920x1080,Guovin.txt,5075,200,成功,h264,30.0,有音频,5.724,156,128
CCTV-5+,https://www.freetv.top/migu/641886773.m3u8?migutoken=408252ae4ee84d4533a52e87dc35e108f3557992d0837a3c98af9093fccdb78373328e743136467868d2125b1fa35c3f4d576327db5e3ec96ec3108e28e950fb462f2dc81da44be8ae43ebe0ce,,CCTV5+,,,CCTV5+.png,🏀体育频道,1920x1080,Guovin.txt,294,200,成功,h264,30.0,有音频,1.017,8,8
[HD]ช่อง food network,https://t.freetv.fun/live/ch-ng-food-network.m3u8,,Food Network(TW),台灣,台灣,https://epg.pw/media/images/channel/2022/08/27/large/20220827225917116348_71.png,其它,1280x720,freetv-fun-tw.txt,18,403,成功,h264,25.0,有音频,1.011,156,128
三立新闻,https://cdn.iptv8k.top/dl/jrys.php?id=273&time=20240926215313&ip=111.229.253.40,,三立新闻,,,三立新闻.png,🌊港·澳·台,1920x1080,Guovin.txt,895,200,成功,h264,60.0,无音频,0.673,156,128
东森洋片,https://live.catvod.com/live.php?id=ettvwestern&token=5e2cbbb7deb7d1b42f976b2d848ee5da6d09fa84744e0c7aaadd7dbe6ea33dca%3A1761268460%3AMTcyLjIwMC4xODMuMjQx,,东森洋片,,,东森洋片.png,🎬电影频道,1920x1080,Guovin.txt,5084,200,成功,h264,30.0,有音频,5.650,156,128
灵璧综合,http://live.cms.anhuinews.com/video/s10003-lbtv/index.m3u8?zanhd#http://live.cms.anhuinews.com/video/s10003-lbtv/index.m3u8,,灵璧综合,,,灵璧综合.png,☘️安徽频道,640x480,Guovin.txt,820,200,成功,h264,25.0,有音频,2.952,157,129
经典电影,https://yylunbo.ottiptv.cc/yy/1414812324,,经典电影,,,经典电影.png,🎬电影频道,1920x1080,Guovin.txt,1887,200,成功,h264,30.0,有音频,0.803,156,128
CN卡通,https://cdn.iptv8k.top/dl/jrys.php?id=364&time=20240926215313&ip=111.229.253.40,,CN卡通,,,CN卡通.png,🪁动画频道,1920x1080,Guovin.txt,797,200,成功,h264,60.0,无音频,0.442,156,128
五星体育,https://stream1.freetv.fun/wu-xing-ti-yu-3.m3u8,,五星体育,,,五星体育.png,🏀体育频道,1920x1080,Guovin.txt,17,403,成功,h264,28.0,有音频,0.951,144,116
劲爆体育,https://www.freetv.top/migu/796071336.m3u8?migutoken=1cc947d86cb584c31c31c88c005d55965238dbfff7ed75fca8451aed0b564786fde7e4b327e93b92dc96ef57e64e3bb56e8a9e921338080cdae817cb6125d8450b687659ecfee06be9c5d53ac6,,劲爆体育,,,劲爆体育.png,🏀体育频道,1920x1080,Guovin.txt,291,200,成功,h264,30.0,有音频,1.756,140,116
明珠台,https://stream1.freetv.fun/ming-zhu-1.ctv,,明珠台,,,明珠台.png,🌊港·澳·台,1920x1080,Guovin.txt,5,403,成功,h264,25.0,有音频,11.928,56,44
Viutv,https://cdn.iptv8k.top/dl/jrys.php?id=78&time=20240926215313&ip=111.229.253.40,,Viutv,,,Viutv.png,🌊港·澳·台,1920x1080,Guovin.txt,1874,200,成功,h264,60.0,无音频,0.433,156,128
哈尔滨资讯,http://stream.hrbtv.net/zxpd/sd/live.m3u8,,哈尔滨资讯,,,哈尔滨资讯.png,☘️黑龙江频道,640x480,Guovin.txt,852,200,成功,h264,25.0,有音频,1.899,157,129
东森综合,https://cdn.iptv8k.top/dl/jrys.php?id=220&time=20240926215313&ip=111.229.253.40,,东森综合,,,东森综合.png,🌊港·澳·台,1920x1080,Guovin.txt,163,200,成功,h264,60.0,无音频,0.523,156,128
明珠台,https://stream1.freetv.fun/ming-zhu-4.ctv,,明珠台,,,明珠台.png,🌊港·澳·台,1920x1080,Guovin.txt,5,403,成功,h264,25.0,有音频,2.114,8,8
漫画解说,https://www.goodiptv.club/douyu/5907076,,漫画解说,,,漫画解说.png,🪁动画频道,1920x1080,Guovin.txt,578,200,成功,h264,30.0,有音频,0.921,156,128
凤凰卫视,https://stream1.freetv.fun/08e5440bb83a804440e341ae792cffc38d6844b04d5a2c7a4fc5ee04a6fe6bc6.m3u8,,凤凰卫视,,,凤凰卫视.png,🌊港·澳·台,1280x720,Guovin.txt,14,403,成功,h264,25.0,有音频,1.737,36,28
维护时间：2025-1-15#佛系维护...,https://epg-1.iill.top/v/301.mp4,免费订阅,免费订阅,,,https://epg-1.iill.top/logo/温馨提示.png,•温馨「提示」,1920x1080,YanG-1989.txt,615,403,成功,h264,25.0,有音频,0.290,24,20
东森洋片,https://cdn.iptv8k.top/dl/jrys.php?id=232&time=20240926215313&ip=111.229.253.40,,东森洋片,,,东森洋片.png,🎬电影频道,1920x1080,Guovin.txt,157,200,成功,h264,60.0,无音频,0.422,156,128
免费订阅：请勿贩卖...,https://epg-1.iill.top/v/302.mp4,免费订阅,免费订阅,,,https://epg-1.iill.top/logo/温馨提示.png,•温馨「提示」,1920x1080,YanG-1989.txt,679,403,成功,h264,25.0,有音频,0.324,26,22
舒兰新闻综合,http://stream8.jlntv.cn/shulan/sd/live.m3u8?zjild,,舒兰新闻综合,,,舒兰新闻综合.png,☘️吉林频道,320x240,Guovin.txt,1428,200,成功,h264,25.0,有音频,3.410,157,129
东森综合,https://cdn.iptv8k.top/dl/jrys.php?id=221&time=20240926215313&ip=111.229.253.40,,东森综合,,,东森综合.png,🌊港·澳·台,1920x1080,Guovin.txt,155,200,成功,h264,60.0,无音频,0.453,156,128
东森综合,https://cdn.iptv8k.top/dl/jrys.php?id=221&amp;time=20240926215313&amp;ip=111.229.253.40,,东森综合,,,东森综合.png,🌊港·澳·台,1920x1080,Guovin.txt,142,200,成功,h264,60.0,无音频,0.425,156,128
东森电影,https://cdn.iptv8k.top/dl/jrys.php?id=231&time=20240926215313&ip=111.229.253.40,,东森电影,,,东森电影.png,🌊港·澳·台,1920x1080,Guovin.txt,159,200,成功,h264,60.0,无音频,0.442,156,128
炫动卡通,https://migu.188766.xyz/?migutoken=b43933d6b1c41ad0333c84f94a2ed9db&id=hhxd&type=sz,,炫动卡通,,,炫动卡通.png,🪁动画频道,1920x1080,Guovin.txt,43,403,成功,h264,28.0,有音频,0.602,144,116
蜡笔小新,http://www.douzhicloud.site:35455/bilibili/30837590,,蜡笔小新,,,蜡笔小新.png,🪁动画频道,1920x1080,Guovin.txt,1043,200,成功,h264,30.0,有音频,1.195,156,128
CCTV2,https://migu.188766.xyz/?migutoken=6181b629a913689dad1592e219bf0023&id=CCTV2&type=yy,,,,,,,1920x1080,CCSH.txt,146,403,成功,h264,28.0,有音频,0.943,144,116
CCTV5,https://iptv.catvod.com/live.php?id=CCTV-5,,,,,,,1920x1080,CCSH.txt,43,200,成功,h264,30.0,有音频,0.944,156,128
CCTV5+,https://www.freetv.top/migu/641886773.m3u8?migutoken=d79923540b82c440681df5ec1922b77d612bf548b5e32ff4626a92ddf4935a6d91268da66b6f205ad0ad05a3e8f3df71e61d2f93679ac0c9ce72edcb607da33c0dedc1b5f60835ba726e273f9b,,,,,,,1920x1080,CCSH.txt,407,200,成功,h264,30.0,有音频,1.447,24,20
CCTV2,https://www.freetv.top/migu/631780532.m3u8?migutoken=11ecfe0a296dcd532df72244565e20008b5a2e6936c05e73d9c90abe54b5bbffc942f2912e3fdd518714c4a7ad984beed028d07db3d49b8d1e21c54686ebfa8546f79a57d969866753cca722cc,,,,,,,1920x1080,CCSH.txt,314,200,成功,h264,30.0,有音频,1.450,140,116
CCTV1,https://www.freetv.top/migu/608807420.m3u8?migutoken=9674d857d6e43e0789d8ec76bab7cdbe190192db368f8f0e2f8018a3e2a160ee9f9ce8d41030046da2b0373378dd65c74a6af0f9a31b8828027b8367d720ea077aef2f2a08a603b4e16074c6b9,,,,,,,1920x1080,CCSH.txt,768,200,成功,h264,30.0,有音频,1.579,140,116
CCTV5,https://www.freetv.top/migu/641886683.m3u8?migutoken=07b0c4931b9605a1f5d919c04b761491cc8441c89de4ef653300b0fca459d6285df7d91ed33cd27d0d9f37734d8857e83c5b8fa379272c30c6fa2e0af7f64aba625f148d2e4fad1d65a839e723,,,,,,,1920x1080,CCSH.txt,1088,200,成功,h264,30.0,有音频,1.594,140,116
[SD]美亞電影,https://t.freetv.fun/live/mei-ya-dian-ying.m3u8,460873,美亞電影台[TW],台灣,台灣,https://epg.pw/media/images/channel/2024/01/14/large/20240114154701302621_82.png,電影,1024x576,freetv-fun-tw.txt,5,403,成功,hevc,25.0,有音频,2.014,76,60
CCTV3,https://stream1.freetv.fun/44cca69be0608a658ece734b92ece61bd0aea56c9970dc3cf2e2d866df4fa541.m3u8,,,,,,,1280x720,CCSH.txt,25,403,成功,h264,25.0,有音频,2.327,156,128
CCTV1,https://stream1.freetv.fun/e87ac64457c976111fc8524f11c25da508b807c29647c571b45ab13a609917c2.m3u8,,,,,,,1280x720,CCSH.txt,4,403,成功,h264,25.0,有音频,2.312,156,128
CCTV4,https://stream1.freetv.fun/a722b1d2e56f302d937c1860fb90c5fa0f5cdc3154486dea6a906089073fc71a.m3u8,,,,,,,1280x720,CCSH.txt,15,403,成功,h264,25.0,有音频,2.346,156,128
CCTV6,https://stream1.freetv.fun/8c65be00fb9a378a6a5a606c01cceff3493b559a8452a4e99d70670674d25bf4.m3u8,,,,,,,1280x720,CCSH.txt,6,403,成功,h264,25.0,有音频,2.344,156,128
CCTV2,https://stream1.freetv.fun/e1d163d9eb7d373206ad477bb07cc5820cea80edf9bb02289d9eb7d641f9e071.m3u8,,,,,,,1280x720,CCSH.txt,5,403,成功,h264,25.0,有音频,1.823,156,128
CCTV5,https://stream1.freetv.fun/1b7611e6b0e4aae05b867aa6a842bae6194ee0f78e11690ba727dcb3d79d8155.ctv,,,,,,,1280x720,CCSH.txt,4,403,成功,h264,25.0,有音频,2.523,156,128
CCTV4,https://stream1.freetv.fun/65ac61c6c6a2b58f5eb41469958413367ff7af3ad84bc702885b5afd3327fcb0.m3u8,,,,,,,1280x720,CCSH.txt,6,403,成功,h264,25.0,有音频,1.702,156,128
CCTV3,https://stream1.freetv.fun/8385772f7442dafce3c3efce3348833ba07f9af3b0e65d60fb4c8b0213e52c6c.m3u8,,,,,,,1280x720,CCSH.txt,26,403,成功,h264,25.0,有音频,1.744,156,128
CCTV7,https://stream1.freetv.fun/58d72b62f74628bb328aa0d827b32e44c3ef36b023db8b2a7b61dbc3058f19ea.m3u8,,,,,,,1280x720,CCSH.txt,4,403,成功,h264,25.0,有音频,1.883,156,128
CCTV2,https://www.freetv.top/migu/631780532.m3u8?migutoken=3817ca50a762ff83bc8d334da331289af793521d8bb2de106288e3c7bfbd4f400da7b7a0d45e8e5f3908edbe997bc97435737ae08ccac404064b7de1ad9dd844f73147aa85407e91748754eaff,,,,,,,1920x1080,CCSH.txt,626,200,成功,h264,30.0,有音频,1.116,24,20
CCTV1,http://play.kankanlive.com/live/1698234869325962.m3u8,,,,,,,800x600,CCSH.txt,1750,200,成功,h264,25.0,有音频,3.556,36,28
CCTV2,https://stream1.freetv.fun/2396be1ac936b1b7a08d5b984d952a31c85f0d8e856b2615b4d8990e14076753.m3u8,,,,,,,1280x720,CCSH.txt,5,403,成功,h264,25.0,有音频,1.764,156,128
CCTV3,https://stream1.freetv.fun/7a262b749ab7f12e9b967b05e0bd95defc9446e9391ba6ee94407aa388a4f81e.m3u8,,,,,,,1280x720,CCSH.txt,4,403,成功,h264,25.0,有音频,1.683,156,128
CCTV5+,https://www.freetv.top/migu/641886773.m3u8?migutoken=04826a9d5cfc1d3166ded238eb3806d3454207482687b55dbe79a6feb6b4c046e0698d1e7b284da304040eae0ba7b6e833ace3e48213d98981589f226722524cddab32a63d58c1c4e60a091000,,,,,,,1920x1080,CCSH.txt,747,200,成功,h264,30.0,有音频,1.057,8,8
CCTV1,https://stream1.freetv.fun/961876d0c8bba36f6519d7018724963b00d568ce7a9f1f1b31e2b373b4f1d2b3.m3u8,,,,,,,1280x720,CCSH.txt,6,403,成功,h264,25.0,有音频,1.894,156,128
CCTV2,https://stream1.freetv.fun/740facfce5eb3652083f1f23ac2a7aba7a7899446cf8f9a8ba57499f8e725dbd.m3u8,,,,,,,1280x720,CCSH.txt,28,403,成功,h264,25.0,有音频,1.743,156,128
CCTV1,https://www.freetv.top/migu/608807420.m3u8?migutoken=b0831136e327a93587e1920b5595d227c66a7f1a6aabb8e7532bc0682db88a37af6a27b88fde476a02c5f83db38f3b3e864bcf981c57f7fed9877095a1e2fac1a149f0f8869c5c1dc147bee7be,,,,,,,1920x1080,CCSH.txt,347,200,成功,h264,30.0,有音频,0.962,156,128
CCTV5+,https://www.freetv.top/migu/641886773.m3u8?migutoken=d57fee211897159700add52df7fa3cc7a33c8a36badab30689bd7e02d578ef2c5a1f2dfec5736538ddf6531be37ece2b758f850641e3bdbf9d62e9df98d925e5a8986dc9134dbcea7e2157891f,,,,,,,1920x1080,CCSH.txt,411,200,成功,h264,30.0,有音频,0.972,8,8
CCTV1,https://stream1.freetv.fun/f8b77654ee5202e90044771d42c97306dee3fac5acd35b60e23652873790de01.m3u8,,,,,,,1280x720,CCSH.txt,30,403,成功,h264,25.0,有音频,1.710,156,128
CCTV5+,https://stream1.freetv.fun/7af3bda5e82b9a70b557cd982a25e9b06490881a5e7a06f2f2027cdf1d8cf065.m3u8,,,,,,,1280x720,CCSH.txt,5,403,成功,h264,25.0,有音频,1.733,156,128
CCTV1,http://111.221.137.234:44330/tsfile/live/0001_1.m3u8?key=txiptv&playlive=0&authid=0,,,,,,,1280x720,CCSH.txt,938,200,成功,h264,25.0,有音频,1.667,8,8
CCTV5+,https://www.freetv.top/migu/641886773.m3u8?migutoken=a79abb65a17f5be7da5d3ec37960d15f3a6b164cf4540fb85ca8f60c68726c5c84ee3e9356f5c9515215acf25f71251776bf3e39fc89015d04e7a8ecb61ac182200548094f6aa8d0fdcb89d528,,,,,,,1920x1080,CCSH.txt,360,200,成功,h264,30.0,有音频,1.304,156,128
CCTV3,https://www.freetv.top/migu/624878271.m3u8?migutoken=51e795d34fc334fbfef3a00a9e095b441f8925223bf27482f2ced0a43e8533d469a5ced1cafaef5b17edf9089617ff31ded949f9e74e8844747cb04332f3d81a317734e4e8f189538db2f108a7,,,,,,,1920x1080,CCSH.txt,347,200,成功,h264,30.0,有音频,1.174,140,116
[BD]好消息,https://t.freetv.fun/live/hao-xiao-xi-1.m3u8,,好訊息,台灣,台灣,https://epg.pw/media/images/channel/2022/11/26/large/20221126210954040708_43.jpg,其它,1920x1080,freetv-fun-tw.txt,35,403,成功,h264,30.0,有音频,2.196,16,12
CCTV1,https://migu.188766.xyz/?migutoken=4371c2719b6bb7ecd2d6902df987d55a&id=CCTV1&type=yy,,,,,,,1920x1080,CCSH.txt,151,403,成功,h264,28.0,有音频,0.515,144,116
CCTV1,https://www.freetv.top/migu/608807420.m3u8?migutoken=2a6c4fb9cc8f7f2e3b74e061cd6015c3fac382e2bed56fc0e7ec642cda0243f33539c8b831a81a788ef263a552c1fc2e83f85c3aca1c5ac20b670cab6b54dd26fb6cfd1adfd5a289207103e06b,,,,,,,1920x1080,CCSH.txt,1145,200,成功,h264,30.0,有音频,0.831,140,116
CCTV4,https://stream1.freetv.fun/0e299805282d3470a1b2622405ec34d49fe09424ab15bdeaa14eb2442bb3c9cf.m3u8,,,,,,,1280x720,CCSH.txt,29,403,成功,h264,25.0,有音频,1.655,156,128
CCTV1,https://www.freetv.top/migu/608807420.m3u8?migutoken=16a362b923a43fa0d4ce2aba3ecd88cd5e53be41dc5d15a9d1c9bad7fb665c1a2cee1355de7ca1df5ea56c38b88d68c7837724e9d16f358d73f49a202d62a71f7b2eb754beefe9b46eb9e8ab25,,,,,,,1920x1080,CCSH.txt,493,200,成功,h264,30.0,有音频,0.975,8,8
CCTV6,https://www.freetv.top/migu/624878396.m3u8?migutoken=680307806d82b89a0fb49996b2ac29f029f4acaa517daa479e0e7b48de1925cbaf5d59d33296ab91d331a8f6d9427efbd62c58c14828357513663ce40c85b2fcfc05583339543a10f4a02d75d0,,,,,,,1920x1080,CCSH.txt,794,200,成功,h264,30.0,有音频,1.089,140,116
CCTV3,https://stream1.freetv.fun/7220c56655c5aa8fcded420e547fe000e96b057a0c2ceea1a65c355e9d2d2c65.m3u8,,,,,,,1280x720,CCSH.txt,6,403,成功,h264,25.0,有音频,1.733,156,128
CCTV3,https://stream1.freetv.fun/f272e65922b98786560c74338983ab71bed1923b05388589c543c8d0b6e1be3c.m3u8,,,,,,,1280x720,CCSH.txt,5,403,成功,h264,25.0,有音频,1.750,156,128
CCTV5,https://www.freetv.top/migu/641886683.m3u8?migutoken=b9a1e6cdadb5b8fc55cd05842ff680e9431a4d403454162995bd1139d26f292521c72615e8117abc8d74479b46c5736b1db94eab7f190d661693f5f67f407d9aa7785ca59ef24515a844393c4e,,,,,,,1920x1080,CCSH.txt,1151,200,成功,h264,30.0,有音频,0.952,8,8
CCTV4,https://stream1.freetv.fun/43229ec03f2ba5352c33770df9061aa26a5624068b51b1c1ed9ab98c9109acf6.m3u8,,,,,,,1280x720,CCSH.txt,6,403,成功,h264,25.0,有音频,1.869,156,128
CCTV5+,https://migu.188766.xyz/?migutoken=22a1935beff8df1352b3b47bd548c04f&id=CCTV5p&type=yy,,,,,,,1920x1080,CCSH.txt,29,403,成功,h264,28.0,有音频,0.528,144,116
CCTV6,https://stream1.freetv.fun/0bbbf854439553837b7ed8f6df3407017593a8266788638ba2b1b4f166b5382b.m3u8,,,,,,,1280x720,CCSH.txt,5,403,成功,h264,25.0,有音频,1.717,156,128
CCTV2,https://www.freetv.top/migu/631780532.m3u8?migutoken=bc1f11ad864868ebb56019151a09f0ade9d629390f012e89ad2c31cb551231423b6a35211bf66f1795cc6720a373c8637c1f0f6cff1e4f7cd112708179659abf6a2f71d1d9a8acc83d311b83ff,,,,,,,1920x1080,CCSH.txt,1147,200,成功,h264,30.0,有音频,1.341,156,128
CCTV7,https://stream1.freetv.fun/38c7c346b707a4febeabb5ecd55e67687d764ec0a561894ff0e953e516acdfb1.m3u8,,,,,,,1280x720,CCSH.txt,5,403,成功,h264,25.0,有音频,1.689,156,128
CCTV3,https://stream1.freetv.fun/82fcd2ea72d396253f82035b5542f2c7db3ae94823171ad4f4da6cbd95175d9a.m3u8,,,,,,,1280x720,CCSH.txt,4,403,成功,h264,25.0,有音频,1.756,156,128
CCTV2,https://stream1.freetv.fun/e1dc96915d2db9becf6a22f88cfa287e3b2b9a510649ba8c989e7609059fd20b.m3u8,,,,,,,1280x720,CCSH.txt,5,403,成功,h264,25.0,有音频,1.705,156,128
[BD]东森超视,https://t.freetv.fun/live/dong-sen-chao-shi-3.php,456533,東森超視,台灣,台灣,https://epg.pw/media/images/channel/2023/07/22/large/20230722105657399125_36.png,綜合,1920x1080,freetv-fun-tw.txt,153,403,成功,h264,60.0,无音频,1.240,156,128
[BD]东森综合,https://t.freetv.fun/live/dong-sen-zong-he.php,460830,東森綜合,台灣,台灣,https://epg.pw/media/images/channel/2023/07/22/large/20230722105831030948_83.png,綜合,1920x1080,freetv-fun-tw.txt,19,403,成功,h264,60.0,无音频,1.306,156,128
CCTV6,https://www.freetv.top/migu/624878396.m3u8?migutoken=ee6c3d925888b2938ca61a2c94d84986ff15ec0fedd3e1e35bcf4ffada20fbeead007033b33efc350632bb959d9bee9da36bac91ec304513f63032fb12e8f570416fc533ede1c4ef94197eb07c,,,,,,,1920x1080,CCSH.txt,367,200,成功,h264,30.0,有音频,1.378,140,116
CCTV3,https://www.freetv.top/migu/624878271.m3u8?migutoken=380a18fe8dc81109270780918e605114ca218bcfa395aaa8682b605d1622439ffe7981dbd10f378c9c045f872d48dce39babcb012c7362dc8b21835e88fde6457bacaa4082c74879d64ad7aee4,,,,,,,1920x1080,CCSH.txt,1158,200,成功,h264,30.0,有音频,1.092,8,8
CCTV7,https://stream1.freetv.fun/978492b187939ceb862410f14e3321d54e05a0bc645f85f48c426b0e522eb940.m3u8,,,,,,,1280x720,CCSH.txt,7,403,成功,h264,25.0,有音频,1.760,156,128
CCTV1,https://stream1.freetv.fun/f1fa8406434117dfaa5c0b174fa90a31da74b1ad921fc3ce3662a40cff4d9001.m3u8,,,,,,,1280x720,CCSH.txt,13,403,成功,h264,25.0,有音频,1.657,156,128
CCTV5+,https://migu.188766.xyz/?migutoken=04f4dfedad9497278a0786dd87f38311&id=CCTV5p&type=yy,,,,,,,1920x1080,CCSH.txt,22,403,成功,h264,28.0,有音频,0.511,144,116
CCTV5,https://stream1.freetv.fun/64a4bbe37402f88e022c36cf3fae760ebd29a650014da42c9e8c2485fae247cc.m3u8,,,,,,,1280x720,CCSH.txt,15,403,成功,h264,25.0,有音频,1.737,156,128
CCTV3,https://www.freetv.top/migu/624878271.m3u8?migutoken=6051cf0f824b7432a7e38cb90b50dbc8d5f9dbc684d357663ae821fb87ae233a45772b235431568e910e14c17b7496429d23d2b4b3501692941d1e6d364b2e35ccf5890eb0c31743c5dffaa2ef,,,,,,,1920x1080,CCSH.txt,1165,200,成功,h264,30.0,有音频,1.024,8,8
CCTV4,https://stream1.freetv.fun/e883b241b7e6be61d2659dd68b1d538f0dc881bae104df44b9a6f8323b6234c9.m3u8,,,,,,,1280x720,CCSH.txt,5,403,成功,h264,25.0,有音频,1.696,156,128
[BD]东森超视,https://t.freetv.fun/live/dong-sen-chao-shi.php,456533,東森超視,台灣,台灣,https://epg.pw/media/images/channel/2023/07/22/large/20230722105657399125_36.png,綜合,1920x1080,freetv-fun-tw.txt,153,403,成功,h264,60.0,无音频,0.747,156,128
CCTV1,https://stream1.freetv.fun/ce5384774a118c8eccc8a7402ba31e40b0fd0e08e06a0220c0043cfca4400c14.m3u8,,,,,,,1280x720,CCSH.txt,5,403,成功,h264,25.0,有音频,1.709,156,128
[BD]东森电影,https://t.freetv.fun/live/dong-sen-dian-ying.m3u8,460776,東森電影,台灣,台灣,https://epg.pw/media/images/channel/2023/07/22/large/20230722105858673463_13.png,電影,1920x1080,freetv-fun-tw.txt,8,403,成功,h264,30.0,有音频,1.965,36,32
CCTV2,https://stream1.freetv.fun/8752f27902ce732a38212d0a9174e306b4ade352c88ab65ba1f59d23a0938c2f.m3u8,,,,,,,1280x720,CCSH.txt,6,403,成功,h264,25.0,有音频,1.698,156,128
CCTV5+,https://iptv.catvod.com/live.php?id=CCTV5%2B,,,,,,,960x540,CCSH.txt,119,200,成功,h264,25.0,有音频,0.466,8,8
CCTV6,https://stream1.freetv.fun/7bbfe5fb8392af3f4ffdc18217c886d0937de05315ed7980dc17d9578d4411ac.m3u8,,,,,,,1280x720,CCSH.txt,5,403,成功,h264,25.0,有音频,1.663,156,128
CCTV2,https://stream1.freetv.fun/8d9a2d76a0d819bf594bd8698a0ceadca5d3ac2b1b44321ab0cc534ebd1c4cd6.m3u8,,,,,,,1280x720,CCSH.txt,5,403,成功,h264,25.0,有音频,1.996,156,128
[HD]博斯运动壹斯,https://t.freetv.fun/live/bo-si-yun-dong-yi-si.m3u8,460747,博斯運動,台灣,台灣,https://epg.pw/media/images/channel/2016/12/31/large/20161231221553445439_57.jpg,運動,1280x720,freetv-fun-tw.txt,5,403,成功,h264,29.97002997002997,有音频,4.165,128,104
CCTV3,https://stream1.freetv.fun/eb74d7931bbd9db14cc302d82d5b9eeb97821b91f8ed4979791d1829de946b11.m3u8,,,,,,,1280x720,CCSH.txt,5,403,成功,h264,25.0,有音频,1.654,156,128
CCTV4,https://migu.188766.xyz/?migutoken=8c1df4798163667cb832f4cc144757d3&id=CCTV4%E6%AC%A7%E6%B4%B2&type=yy,,,,,,,1920x1080,CCSH.txt,22,403,成功,h264,28.0,有音频,0.461,144,116
CCTV1,https://www.freetv.top/migu/608807420.m3u8?migutoken=ba552a2083efcc0e9cac8e15f58b13e090dab068fdb3997d064fd7e6e5f165824a5caaa619f3447f77d75712ad65bd76cb137741f46b0a28cb1afc020328b9b4ec1d3f8e8fed80beb6245b6544,,,,,,,1920x1080,CCSH.txt,338,200,成功,h264,30.0,有音频,0.872,8,8
CCTV6,https://stream1.freetv.fun/b970ab53c28abddbbf21028b034a39dccc46ac6ec60cbf3b5fe037b294758b7f.m3u8,,,,,,,1280x720,CCSH.txt,7,403,成功,h264,25.0,有音频,1.668,156,128
CCTV7,https://stream1.freetv.fun/055dde25f4bef24b625b17b692211711fe273e0d26694f594d3035191bfe03ff.m3u8,,,,,,,1280x720,CCSH.txt,8,403,成功,h264,25.0,有音频,1.686,156,128
CCTV2,https://stream1.freetv.fun/ba9e1b54699bd8845523bfe5d450638180bbffdd91cc8d68b76d67d72f896887.m3u8,,,,,,,1280x720,CCSH.txt,6,403,成功,h264,25.0,有音频,1.635,156,128
CCTV5,https://stream1.freetv.fun/940832bf25a15c5e44fa17a9b73f6dba14850e25b94c67f665d781642a9f24c1.m3u8,,,,,,,1280x720,CCSH.txt,5,403,成功,h264,25.0,有音频,1.668,156,128
[BD]民視 *4g,https://t.freetv.fun/live/min-shi-4g.m3u8,,民視HD,台灣,台灣,https://epg.pw/media/images/channel/2023/07/24/large/20230724151437383611_37.png,綜合,1920x1080,freetv-fun-tw.txt,6,403,成功,h264,30.0,有音频,2.267,8,8
CCTV2,https://stream1.freetv.fun/04e7a6d2777bc5b2b3b202cdb62f5c799bee9ac7a21b3d5bab08c64006f0433e.m3u8,,,,,,,1280x720,CCSH.txt,5,403,成功,h264,25.0,有音频,1.739,156,128
CCTV6,https://stream1.freetv.fun/f4264b8f233d614b7c6b9d750e6d580998588407ea1854207a4e8c8c3327d682.m3u8,,,,,,,1280x720,CCSH.txt,14,403,成功,h264,25.0,有音频,1.663,156,128
CCTV5,https://stream1.freetv.fun/aef924f5e17baa8455cc0f629e857cb6ea97ca8329b653998f2e00bfd5fc0018.ctv,,,,,,,1280x720,CCSH.txt,16,403,成功,h264,25.0,有音频,1.948,156,128
CCTV3,https://www.freetv.top/migu/624878271.m3u8?migutoken=cc5fda32f92c3778b4ec917c6edfddfb427acd161372f4acf6deb16520a123904ce79198d9cf1f7cc96dea7795d561a75b2b3581a0bfcffa303d18f45a217ff78e8dcdaf915667846e1465145a,,,,,,,1920x1080,CCSH.txt,355,200,成功,h264,30.0,有音频,1.189,140,116
CCTV5,http://www.freetv.top/migu/641886683.m3u8?migutoken=cea30189b17e30fb3b4876609eb6e3128f840f8ab5db6f9643403213dc9980613938be69b13fe0290d2c44f0052b78d90c669a2f92e28951f92da861b7cba070b55ec1b4fe1a92a2c133c43c4c,,,,,,,1920x1080,CCSH.txt,1263,200,成功,h264,30.0,有音频,0.987,156,128
CCTV2,https://stream1.freetv.fun/d6c1a851f2f79d30809b9559aadfaf6c70046913a43b61cda0b653a877209d0e.m3u8,,,,,,,1920x1080,CCSH.txt,29,403,成功,h264,50.0,有音频,11.964,8,8
CCTV5,https://migu.188766.xyz/?migutoken=c42551c689288d1c6f6a9e95a5d9d387&id=CCTV5&type=yy,,,,,,,1920x1080,CCSH.txt,28,403,成功,h264,28.0,有音频,0.471,144,116
CCTV2,https://www.freetv.top/migu/631780532.m3u8?migutoken=6c76ed4394c8c43f88aac34dab811cbf99f0534dd0deb2fa6a2515925b7e3485de13876836fa6823e42f5c7304cfe44911416d7ad0312b8fbf012adfe4f735fd37abdd31a3b3e6f645512cd090,,,,,,,1920x1080,CCSH.txt,318,200,成功,h264,30.0,有音频,0.996,156,128
CCTV6,https://migu.188766.xyz/?migutoken=2087bc38fe5055f74547364310b62253&id=CCTV6&type=yy,,,,,,,1920x1080,CCSH.txt,39,403,成功,h264,28.0,有音频,0.466,144,116
CCTV6,https://www.freetv.top/migu/624878396.m3u8?migutoken=38a08d31f79563a15b6c38307b16c1f1fd2715f58a1bff21d307adaa6597fb3ea267812ba6ac28a74fa0648f0a2003c0d93e137f0257353bff9dedc7eff0cc871a38e97a269bf9ab6e14a4171d,,,,,,,1920x1080,CCSH.txt,345,200,成功,h264,30.0,有音频,0.989,156,128
CCTV7,https://stream1.freetv.fun/e7db8539118559b0f7b6d867bf77a8fc496b6ca0668cf41a2cf2bb1afb47f432.m3u8,,,,,,,1280x720,CCSH.txt,10,403,成功,h264,25.0,有音频,1.719,156,128
CCTV5,http://111.221.137.234:44330/tsfile/live/0125_1.m3u8?key=txiptv&playlive=0&authid=0,,,,,,,1280x720,CCSH.txt,212,200,成功,h264,25.0,有音频,1.674,8,8
CCTV6,https://stream1.freetv.fun/77bb0307b4fe088ef0be2ae8fa3f0c537e9e9c0454cf325c380ba9d3abef4bab.m3u8,,,,,,,1280x720,CCSH.txt,11,403,成功,h264,25.0,有音频,1.703,156,128
CCTV4,http://www.freetv.top/migu/631780421.m3u8?migutoken=7acf39385ea80b0efa77b918418fcf998d00455e8b98e02dff92961440d989e3b7da00ef24731d327c410f2ef9ceb51e2137c20b2b606646542ce4643521747bf78b7533b3ec604bba63ffdf43,,,,,,,1920x1080,CCSH.txt,1283,200,成功,h264,30.0,有音频,1.147,140,116
CCTV3,https://www.freetv.top/migu/624878271.m3u8?migutoken=35ee1318e92e1d47aa4e9ad2f98c1ca771a9ca57db36d1e18c3a4fabedd68b40ee0c4c4724347e54708380241e58d714dde21dcbd0f2eff4373c9d9f7f1508646f22febd08f5c3a8c755f6ef1e,,,,,,,1920x1080,CCSH.txt,338,200,成功,h264,30.0,有音频,0.796,156,128
CCTV7,https://stream1.freetv.fun/5c2e3370e0e54bea4f87ffd53e6df5df8172e6ddb40ee12aee7541245bd5ef3a.m3u8,,,,,,,1280x720,CCSH.txt,7,403,成功,h264,25.0,有音频,1.668,156,128
CCTV3,https://stream1.freetv.fun/ab692257de15538ddd85b8ad84434857520c9c4c4193ff10bded73c4810e251c.m3u8,,,,,,,1280x720,CCSH.txt,5,403,成功,h264,25.0,有音频,1.691,156,128
CCTV4,http://go.bkpcp.top/mg/cctv4,,,,,,,1920x1080,CCSH.txt,518,403,成功,h264,25.0,有音频,0.331,8,8
CCTV2,https://stream1.freetv.fun/ada063c76ea9d561f08284d973fd7ef10fabf4ed18f2af169cdddd85a4b51113.m3u8,,,,,,,1280x720,CCSH.txt,10,403,成功,h264,25.0,有音频,1.676,156,128
CCTV6,https://iptv.catvod.com/live.php?id=CCTV-6,,,,,,,1920x1080,CCSH.txt,34,200,成功,h264,30.0,有音频,0.445,156,128
CCTV6,https://stream1.freetv.fun/513333530630aac10a2b2f971b63cf6726e5b43e9ad4dc66a140f7ae3ad13cfb.m3u8,,,,,,,1280x720,CCSH.txt,7,403,成功,h264,25.0,有音频,1.643,156,128
CCTV5,https://stream1.freetv.fun/77f3591b707792ecb56fe3ee6927f94352ab3ca3daa5a8cc6b9eeac64dcca540.m3u8,,,,,,,1280x720,CCSH.txt,5,403,成功,h264,25.0,有音频,1.697,156,128
[VGA]中天新聞台2,https://t.freetv.fun/live/zhong-tian-xin-wen-tai-2.m3u8,,中天新聞2臺,台灣,台灣,https://epg.pw/media/images/channel/2023/07/20/large/20230720202416866497_70.png,新聞,854x480,freetv-fun-tw.txt,6,403,成功,h264,30.0,有音频,5.453,20,20
CCTV5,https://stream1.freetv.fun/1f4d35fa573d2d14b6c677080cf70be7d3809ee7710fbbe450348d425c377b39.ctv,,,,,,,1280x720,CCSH.txt,12,403,成功,h264,25.0,有音频,1.869,156,128
CCTV3,https://migu.188766.xyz/?migutoken=c5be86d4e28fc8a9699466514b6a2177&id=CCTV3&type=yy,,,,,,,1920x1080,CCSH.txt,38,403,成功,h264,28.0,有音频,0.456,144,116
CCTV3,http://218.17.33.178:53290/tsfile/live/1003_1.m3u8?key=txiptv,,,,,,,720x576,CCSH.txt,383,200,成功,h264,50.0,有音频,1.582,8,8
CCTV1,https://stream1.freetv.fun/ee6bfbbf6bd7448cd334ce598474b15c4179f9cf07a6980cd02389132eef0af0.m3u8,,,,,,,1280x720,CCSH.txt,5,403,成功,h264,25.0,有音频,1.682,156,128
CCTV3,https://iptv.catvod.com/live.php?id=CCTV-3,,,,,,,1920x1080,CCSH.txt,26,200,成功,h264,30.0,有音频,0.442,156,128
CCTV3,https://stream1.freetv.fun/fe140cbb4d3d3c13ac8de02fb84b4c282224e204d87c1f79aa8e7ff2c6870397.m3u8,,,,,,,1280x720,CCSH.txt,5,403,成功,h264,25.0,有音频,1.703,156,128
CCTV2,https://stream1.freetv.fun/13d0211c9d0e6ac956f262af910b0509c7565f9f7f3f5a674a33d40b534a7cc1.m3u8,,,,,,,1280x720,CCSH.txt,5,403,成功,h264,25.0,有音频,1.662,156,128
CCTV6,https://stream1.freetv.fun/4cb45951cae51c9b1f16b705c4417c13937bb49c35804a4f95e9f3478b5a9a92.m3u8,,,,,,,1280x720,CCSH.txt,5,403,成功,h264,25.0,有音频,1.717,156,128
CCTV7,https://stream1.freetv.fun/ac01cb50d02dc19b524e493e1d65202f058f6d2061d1d137e70d84fc4b1ff86f.m3u8,,,,,,,1280x720,CCSH.txt,5,403,成功,h264,25.0,有音频,1.733,156,128
CCTV3,https://stream1.freetv.fun/16d797c043c92aca9939e30c9e2fb87cc8e12691c3e6850db080848c83fb7555.m3u8,,,,,,,1280x720,CCSH.txt,6,403,成功,h264,25.0,有音频,1.731,156,128
[HD]中天新闻,https://t.freetv.fun/live/zhong-tian-xin-wen-1-1.m3u8,370177,中天新聞FHD,台灣,台灣,https://epg.pw/media/images/channel/2022/03/05/large/20220305151207450324_69.png,新聞,1280x720,freetv-fun-tw.txt,7,403,成功,h264,30.0,有音频,0.900,8,8
CCTV6,https://www.freetv.top/migu/624878396.m3u8?migutoken=62041d20d3c5ab1363a336c30747d7b00d6f970a1f7c9ccafcdeb162f4b0699991e7ba314783d67cb75e376a53e97196434000e0b828510251239944c4391f00b3b73d86f2bc177b5d5afca34a,,,,,,,1920x1080,CCSH.txt,579,200,成功,h264,30.0,有音频,0.867,140,116
[BD]人間衛視 *4g,https://t.freetv.fun/live/ren-jian-wei-shi-4g.m3u8,,人間衛視,台灣,台灣,https://epg.pw/media/img/logo/1_164.jpg,其它,1920x1080,freetv-fun-tw.txt,5,403,成功,h264,30.0,有音频,2.967,8,8
CCTV3,https://www.freetv.top/migu/624878271.m3u8?migutoken=26f112920b7d750d5c237dcfeea880c9e4f73d9f9c90ed6628cd1e3b0e4c1424eb700fa97ef3b1a8d3676d047db35285709219d8e971f98e2b095ef2d7c3c343a9df476c13a0daee16c74e7478,,,,,,,1920x1080,CCSH.txt,338,200,成功,h264,30.0,有音频,0.886,156,128
CCTV1,http://www.freetv.top/migu/608807420.m3u8?migutoken=491f039071b1e5ca7ea22dab208a3373abd0aa38187ac74446778154f03126d09cf16f03bab30bbbe6b3654715b39584417cebbd010b1b65144b4d683dc814c330efffb70a09c7630ddbb49120,,,,,,,1920x1080,CCSH.txt,538,200,成功,h264,30.0,有音频,1.250,24,20
CCTV4,https://www.freetv.top/migu/631780421.m3u8?migutoken=9c479e166888f001e1fb4ab5502e734251c68075cd89836a715137a1a2a4b18b60e282b0f1a308d6641c282600bd8db3cef99cb15edd0ab61d81c4d76d154bb464e3a02a75b167298c4747ce6f,,,,,,,1920x1080,CCSH.txt,370,200,成功,h264,30.0,有音频,0.854,24,20
[BD]台视新聞,https://t.freetv.fun/live/tai-shi-xin-wen.m3u8,,臺視新聞臺,台灣,台灣,https://epg.pw/media/uploads/tmp_logo/2016/11/22/20161122123940121042_91.png,新聞,1920x1080,freetv-fun-tw.txt,5,403,成功,h264,30.0,有音频,3.028,156,128
CCTV4,https://migu.188766.xyz/?migutoken=9e9a11a42a50229b45da009cf7f5f5b2&id=CCTV4&type=yy,,,,,,,1280x720,CCSH.txt,59,403,成功,h264,25.0,有音频,2.260,8,8
CCTV6,http://www.freetv.top/migu/624878396.m3u8?migutoken=3adcad950884d4ecc6c6967edee9c162189a1e09480eb5c29b369864aeedaed43c3f951d7eb6c32d86baac49792aacb3264b8f074e746477064fd7b1f172f00a9d84373825617d4366e8c54f0c,,,,,,,1920x1080,CCSH.txt,902,200,成功,h264,30.0,有音频,1.092,156,128
CCTV3,http://m.061899.xyz/mg/cctv3,,,,,,,1920x1080,CCSH.txt,831,403,成功,h264,25.0,有音频,0.517,8,8
CCTV5,https://stream1.freetv.fun/369409d97d759ea1f24ef8b50d27ab6cc3ec36bdb248712a0334881f395a7174.m3u8,,,,,,,1280x720,CCSH.txt,5,403,成功,h264,25.0,有音频,1.670,156,128
CCTV2,https://stream1.freetv.fun/062b52551baba0561e20bdc1f671de7f92ea1e7b432e5ac00ff8934a33e73779.m3u8,,,,,,,1280x720,CCSH.txt,5,403,成功,h264,25.0,有音频,1.666,156,128
CCTV6,http://111.221.137.234:44330/tsfile/live/0006_1.m3u8?key=txiptv&playlive=0&authid=0,,,,,,,1280x720,CCSH.txt,197,200,成功,h264,25.0,有音频,1.697,8,8
CCTV7,https://stream1.freetv.fun/1ac4f534b2dbb039f6e3c6a98e44d0088fd1d34213687143a1ee521df16a4f90.m3u8,,,,,,,1280x720,CCSH.txt,5,403,成功,h264,25.0,有音频,1.652,156,128
CCTV5+,https://www.freetv.top/migu/641886773.m3u8?migutoken=90ec1fec9d68b81a57600447989d07f36991aa61b8c4326b157e808a9708936512eae4c6777deb137597da627c6aeda1c609f4dd009d434672c6798fba04c925fe43bcecf3fa6847f848e962a8,,,,,,,1920x1080,CCSH.txt,349,200,成功,h264,30.0,有音频,1.054,140,116
CCTV1,https://stream1.freetv.fun/0905e6f82d72f6c6a745f5f5bf328779cb3348751e044b96934fff521f5d97a5.m3u8,,,,,,,1280x720,CCSH.txt,5,403,成功,h264,25.0,有音频,1.662,156,128
CCTV3,https://stream1.freetv.fun/402f7ef23bdc0f37b7c76b114d7167bb4228d5b525a0de2140f63127c085c1c7.m3u8,,,,,,,1280x720,CCSH.txt,5,403,成功,h264,25.0,有音频,1.720,156,128
CCTV5,https://www.freetv.top/migu/641886683.m3u8?migutoken=5e1f646f194fe505d91d562e427139a8cc1907bd48dbf0388a09a0a57428cb16498ab48b116a9fe1e0d3ef6b41b7157fda1e479f019ed20c5e1f164191b09d3d0e81f1d62352a2b14387f833e5,,,,,,,1920x1080,CCSH.txt,356,200,成功,h264,30.0,有音频,0.957,140,116
CCTV2,https://iptv.catvod.com/live.php?id=CCTV-2,,,,,,,1920x1080,CCSH.txt,907,200,成功,h264,30.0,有音频,0.415,156,128
CCTV5,https://stream1.freetv.fun/7a51eefc4df7745a608d008a9d2d36214eb296350d1977622eb0cc88b0f38d10.m3u8,,,,,,,1280x720,CCSH.txt,4,403,成功,h264,25.0,有音频,1.656,156,128
CCTV4,https://stream1.freetv.fun/a08330156a94fcf328198df9c025121caaf5cca68fe9e303fa936ae40cee5887.m3u8,,,,,,,1280x720,CCSH.txt,5,403,成功,h264,25.0,有音频,1.691,156,128
CCTV6,https://www.freetv.top/migu/624878396.m3u8?migutoken=fad6ba45166658ac148a6a597b94823f91673302510000cce2a906c7a6634ee620570956e2746b8b2cf59ae5370dd0f1ff919edf280e875ab76365c094c9960948ebc38ca05218b8effb809ba5,,,,,,,1920x1080,CCSH.txt,364,200,成功,h264,30.0,有音频,0.954,140,116
CCTV2,https://stream1.freetv.fun/68809609406abd57c725f3f7b967a186f14dbd28fb55a5ffffe71d769aa06954.m3u8,,,,,,,1280x720,CCSH.txt,10,403,成功,h264,25.0,有音频,1.685,156,128
CCTV5,https://stream1.freetv.fun/6564631769f81f8aa98bf2e5a5417a99627a02e15b0dfeaa5ac3aa499f676922.m3u8,,,,,,,1280x720,CCSH.txt,4,403,成功,h264,25.0,有音频,1.661,156,128
CCTV4,https://migu.188766.xyz/?migutoken=7befe3b1a9eeb9603887e17888976ca3&id=CCTV4%E6%AC%A7%E6%B4%B2&type=yy,,,,,,,1280x720,CCSH.txt,48,403,成功,h264,25.0,有音频,2.241,8,8
CCTV6,https://stream1.freetv.fun/8ec6833d540a5c39f5b2e1558eefcf081be5735308ece54d9d154b5bbcaa130a.m3u8,,,,,,,1280x720,CCSH.txt,5,403,成功,h264,25.0,有音频,1.658,156,128
CCTV5,https://stream1.freetv.fun/9e926f3e5f09d37a0cee1a59c02b4b9e796bcc61e2a2fd1ee5af6d9991e875ac.m3u8,,,,,,,1280x720,CCSH.txt,5,403,成功,h264,25.0,有音频,1.669,156,128
CCTV2,https://stream1.freetv.fun/0c2d56a09c4103a4bd2a0b1fce3daaafa5402ea91fb9166faa2489ce5c440506.m3u8,,,,,,,1280x720,CCSH.txt,23,403,成功,h264,25.0,有音频,2.034,156,128
CCTV7,https://www.freetv.top/migu/673168121.m3u8?migutoken=574d7f499abe28260750cc94be57fac402b5f84b72ecb907cf459ce8d58381c92f1a7208e1b83a752dcb0500c1839caea4e4747510bac25b9090fa959b172ce5389a900b4612dde9e9d594cf2e,,,,,,,1920x1080,CCSH.txt,361,200,成功,h264,30.0,有音频,5.744,8,8
CCTV5+,http://www.freetv.top/migu/641886773.m3u8?migutoken=752524a725f1fe3e2f8566518e97cd59f827e367318341fa56132b91af956b4e1cd85f255dd26352c1e9611c76770d0ba4afaf07d71eb65ec9859b3d8239dd7806fb2b21c9410b3e062eab2fcc,,,,,,,1920x1080,CCSH.txt,465,200,成功,h264,30.0,有音频,6.098,156,128
CCTV1,https://stream1.freetv.fun/ed56f455ae3fdab6f18723bceb3da6c3ee2e7ad0914baa05f5a533c02f6f303d.m3u8,,,,,,,1280x720,CCSH.txt,5,403,成功,h264,25.0,有音频,1.691,156,128
CCTV1,https://stream1.freetv.fun/df7cf71b3e02015b9029ac087b3eec56fde92fd81d162962570629faec293037.m3u8,,,,,,,1280x720,CCSH.txt,6,403,成功,h264,25.0,有音频,1.727,156,128
CCTV3,https://stream1.freetv.fun/33711cece64c9077907fa3caea452361f539772402550ca53ae2c9b00a3211b3.m3u8,,,,,,,1280x720,CCSH.txt,15,403,成功,h264,25.0,有音频,1.646,156,128
CCTV4,https://stream1.freetv.fun/6695f13d9d21c7db41f985c194e89b3e985f6c257c9555f989a489a45c196962.m3u8,,,,,,,1280x720,CCSH.txt,6,403,成功,h264,25.0,有音频,1.711,156,128
CCTV3,https://www.freetv.top/migu/624878271.m3u8?migutoken=2d13be95db5e58e97f6fa8da49abb89867168be140fac8df0accbbab11e6fc7f6e78cdef9168ed3f65951dadc9feafdc5ede7bbcc43c0d4c7f9510c146a2309333483f883a0be4b76da20ed280,,,,,,,1920x1080,CCSH.txt,480,200,成功,h264,30.0,有音频,1.397,8,8
CCTV3,http://go.bkpcp.top/mg/cctv3,,,,,,,1920x1080,CCSH.txt,699,403,成功,h264,25.0,有音频,1.346,8,8
CCTV1,https://stream1.freetv.fun/354e2e055127bbf43693aa848d84f93f5bcc517472a8858f188f313dbf157f51.m3u8,,,,,,,1280x720,CCSH.txt,6,403,成功,h264,25.0,有音频,1.674,156,128
CCTV5,https://stream1.freetv.fun/383e3d8c992be432a87276cde7ce3246ff78c67d57802b58cd771beabd3f83d9.m3u8,,,,,,,1280x720,CCSH.txt,18,403,成功,h264,25.0,有音频,1.673,156,128
CCTV2,https://stream1.freetv.fun/5b91bacf9e196bd7d369f942cd14828d8466b040dd9f56744c5d5716f974fb90.m3u8,,,,,,,1280x720,CCSH.txt,6,403,成功,h264,25.0,有音频,1.651,156,128
CCTV4,https://www.freetv.top/migu/608807419.m3u8?migutoken=e2fddc8b0c2fe505d1d8eada5b1f83dd20360ebfe0adcabfc7e64546305a240ee00c76ffab76b1d2091c9b93a868da387c465be6c1e7b46c66996127d6734102a426e7a3478c2fd972b071d5f2,,,,,,,1920x1080,CCSH.txt,490,200,成功,h264,30.0,有音频,0.995,156,128
CCTV4,https://stream1.freetv.fun/ef9b087371bda4714a5baf1f17f93e9dc7cfd2890eab472f3058709c17b3315f.m3u8,,,,,,,1280x720,CCSH.txt,16,403,成功,h264,25.0,有音频,1.699,156,128
CCTV3,https://stream1.freetv.fun/fab80767c7639787d5cc1aaa550702708ce601db5d7ec8a3234c35cc6b8653b5.m3u8,,,,,,,1280x720,CCSH.txt,7,403,成功,h264,25.0,有音频,1.662,156,128
CCTV5,https://stream1.freetv.fun/564dcdf6a4174e99aeb20430c36197db361321a1f4d8bc0b1a0f428a48fb1c77.m3u8,,,,,,,1280x720,CCSH.txt,15,403,成功,h264,25.0,有音频,1.650,156,128
CCTV2,http://112.123.206.32:808/hls/2/index.m3u8,,,,,,,1920x1080,CCSH.txt,485,200,成功,h264,50.0,有音频,8.924,8,8
CCTV5,https://stream1.freetv.fun/2725c98e410f72e6320bdeb02aa0ef3e9bd353cc38509aaab3895aa7ed16fa45.m3u8,,,,,,,1280x720,CCSH.txt,5,403,成功,h264,25.0,有音频,1.706,156,128
CCTV4,https://www.freetv.top/migu/608807416.m3u8?migutoken=94d24df192f212e52d7c222dfab7df5ce4aad53db2766a6c4275a4c1e796cf13fb231906f792af9bc717ce1ccafa62165ebdc66b02fb0882cd5beac443921d36883a491d2b549a5509d63534e1,,,,,,,1920x1080,CCSH.txt,532,200,成功,h264,30.0,有音频,0.894,156,128
CCTV4,http://yp.qqqtv.top/1/api.php?id=CCTV-4HD&auth=666858,,,,,,,1920x1080,CCSH.txt,822,200,成功,h264,25.0,有音频,0.856,8,8
CCTV2,https://stream1.freetv.fun/c211dc7c7e361326eeb316f377006a6121762f74c3888cffce2ca82411c5d284.m3u8,,,,,,,1280x720,CCSH.txt,6,403,成功,h264,25.0,有音频,1.683,156,128
CCTV5,https://stream1.freetv.fun/62690505ebeacb4c0bd10b458fe443822fd7c26e9ec1d96e5d1a23137418e4a7.m3u8,,,,,,,1280x720,CCSH.txt,18,403,成功,h264,25.0,有音频,1.686,156,128
CCTV3,http://yp.qqqtv.top/1/api.php?id=CCTV-3HD&auth=666858,,,,,,,1920x1080,CCSH.txt,970,200,成功,h264,25.0,有音频,1.425,8,8
CCTV3,https://stream1.freetv.fun/b22e79d26f8b854763e01840c45c06d68ac49b016a9004f3717c55e669ece64b.m3u8,,,,,,,1280x720,CCSH.txt,6,403,成功,h264,25.0,有音频,1.632,156,128
CCTV4,https://stream1.freetv.fun/8af67b32b047b43e35713509603dd92263f344a13fae50eb202a7956458229fb.m3u8,,,,,,,1280x720,CCSH.txt,17,403,成功,h264,25.0,有音频,1.680,156,128
CCTV1,https://stream1.freetv.fun/2ad5af5d9a8d7243c8d9c7422ee6cf76bad9ac2c1e157bc9f199423fb5ed4845.m3u8,,,,,,,1280x720,CCSH.txt,5,403,成功,h264,25.0,有音频,1.654,156,128
[BD]大愛 *4g,https://t.freetv.fun/live/da-ai-4g.m3u8,,大愛,台灣,台灣,https://epg.pw/media/img/logo/2013/10/30/893ad6bbc78b8f994774751143496a31.jpg,其它,1920x1080,freetv-fun-tw.txt,20,403,成功,h264,30.0,有音频,3.027,8,8
CCTV7,https://stream1.freetv.fun/ca9bf41f3a9f4e06e20200034fa186fa8a1edd2e8fb11f993830d08e19585d3d.m3u8,,,,,,,1280x720,CCSH.txt,66,403,成功,h264,25.0,有音频,1.679,156,128
CCTV1,https://stream1.freetv.fun/3cd84be1fb3623f1c3ba7d3d26e3d607331255d6559bd3e6ded774a1ff7c2b89.m3u8,,,,,,,1280x720,CCSH.txt,6,403,成功,h264,25.0,有音频,1.670,156,128
CCTV7,http://113.15.109.216:59901/tsfile/live/1002_1.m3u8?key=txiptv&playlive=1&authid=0,,,,,,,720x576,CCSH.txt,700,200,成功,h264,50.0,有音频,1.879,8,8
CCTV5,http://yp.qqqtv.top/1/api.php?id=CCTV-5%2BHD&auth=666858,,,,,,,960x540,CCSH.txt,978,200,成功,h264,25.0,有音频,0.784,8,8
CCTV1,https://www.freetv.top/migu/608807420.m3u8?migutoken=701afbfc9d2f77d62a9cc2f9479ecde3db6cef36d454660b5d2f0ffb3a1017d0e04c2e19dcbb7c344d80cfb64e43e90dd66c458476898ee612d0e2e9261645fcfc0d32fb90cdf2021d89c4877a,,,,,,,1920x1080,CCSH.txt,351,200,成功,h264,30.0,有音频,9.355,156,128
CCTV2,https://stream1.freetv.fun/8a900bfee2c4c2a59e04380dbfec553120369718ab7b0d63f2f5361b99ffc41a.m3u8,,,,,,,1280x720,CCSH.txt,8,403,成功,h264,25.0,有音频,1.737,156,128
CCTV3,https://www.freetv.top/migu/624878271.m3u8?migutoken=e8d38daa280e2049e79abdee2d8546a2afea5b9e9c1a4713b05154116ba5f1133b046c7d4d52fcc0fda414c2208c7aa3a4cf2572926916023730b040718b8a6022093ebfc572f0ea281f1bb0b4,,,,,,,1920x1080,CCSH.txt,543,200,成功,h264,30.0,有音频,5.093,140,116
CCTV7,https://stream1.freetv.fun/c1f93da7a0cd13567f02bfd6f333247e5aa9e44a5dbf8d6b57fa4be2de152a2e.m3u8,,,,,,,1280x720,CCSH.txt,60,403,成功,h264,25.0,有音频,1.692,156,128
CCTV5,https://stream1.freetv.fun/f5fbe05fdb9ae9252318a12da765eef21846a6f0c9d3e9af9cf2704c71e81d12.m3u8,,,,,,,1280x720,CCSH.txt,4,403,成功,h264,25.0,有音频,1.659,156,128
CCTV7,https://stream1.freetv.fun/bee84649935554fe6294d64da1b84fc131556419447a8f7acc099e95841a6de5.m3u8,,,,,,,1280x720,CCSH.txt,61,403,成功,h264,25.0,有音频,1.655,156,128
CCTV4,https://stream1.freetv.fun/9dca82acae622047c106cad98fa866a026074d1dfd956b0a1f7555f6dd5077ad.m3u8,,,,,,,1280x720,CCSH.txt,11,403,成功,h264,25.0,有音频,1.643,156,128
CCTV3,https://stream1.freetv.fun/2d9129721d5979db4d1a547476cfed2876edfd57ec4924abb7fa3f1da3a75462.m3u8,,,,,,,1280x720,CCSH.txt,4,403,成功,h264,25.0,有音频,1.667,156,128
CCTV5,https://www.freetv.top/migu/641886683.m3u8?migutoken=13cc5084dacec107984b1a7783716f0b4d6205d02eda857fd393403d7db53274097bd692c96c6659920f5a71a931792d21535bdc3cfcfc05b2cf171f006a834f370f0e50d3727a799c636657c8,,,,,,,1920x1080,CCSH.txt,656,200,成功,h264,30.0,有音频,6.791,156,128
CCTV4,https://iptv.catvod.com/live.php?id=CCTV4,,,,,,,1920x1080,CCSH.txt,872,200,成功,h264,25.0,有音频,1.115,8,8
CCTV7,https://stream1.freetv.fun/f889cdbf4d2d3a70d08b3605611400b99378b308efa1290fba013383ba456ea9.m3u8,,,,,,,1280x720,CCSH.txt,72,403,成功,h264,25.0,有音频,1.673,156,128
CCTV7,https://stream1.freetv.fun/8934b3a24d7d16e8834b2710951ff476c08771d1709586c9a1a2c11ff705f012.m3u8,,,,,,,1280x720,CCSH.txt,66,403,成功,h264,25.0,有音频,1.743,156,128
CCTV1,https://stream1.freetv.fun/03926cb79638398a11285c90b222911693264d56dc9fc0172bec90b39c6b371b.m3u8,,,,,,,1280x720,CCSH.txt,4,403,成功,h264,25.0,有音频,1.699,156,128
CCTV6,https://www.freetv.top/migu/624878396.m3u8?migutoken=280d56b37be81134b0c93f6d98009c732d89773dde0fe57536c5fd22070225a1ea90f8e9a57aba816bc16c695344e9e2579ade462746354c67f0756ba7e2f6d781d626fe43d2b35893ba7a4cdb,,,,,,,1920x1080,CCSH.txt,377,200,成功,h264,30.0,有音频,1.226,140,116
CCTV5,https://www.freetv.top/migu/641886683.m3u8?migutoken=e81b62c9a59cfc35924052cd6081bd5635e726604b5e1a12a9ebf352c74951d3d9d3e6c6c1bfed528a9287e0b6c873ef6bc6c1d7651f14bc1687a58a136bb5a647b6bebed7cd999f07302554e2,,,,,,,1920x1080,CCSH.txt,871,200,成功,h264,30.0,有音频,0.935,156,128
CCTV4,https://www.freetv.top/migu/608807416.m3u8?migutoken=cfc1141967eb2f06f62caa8f87ecd004f5096e3d9013d45f3fbc7597bc6f8a5b22a7b29ff3e195b179467f54bb94620de38658b7c53f55144109671005f6b03a062dd1fc884e2169dbcb902874,,,,,,,1920x1080,CCSH.txt,460,200,成功,h264,30.0,有音频,1.381,140,116
CCTV4,https://migu.188766.xyz/?migutoken=5a62eec209f2f4fa8f4421599346cfaa&id=CCTV4&type=yy,,,,,,,1920x1080,CCSH.txt,24,403,成功,h264,28.0,有音频,0.461,144,116
CCTV7,https://stream1.freetv.fun/6d894cacae2ad9adfdb6b37e0ae3ecaf3d277e4b5db998990d75ab67b1875196.m3u8,,,,,,,1280x720,CCSH.txt,73,403,成功,h264,25.0,有音频,1.657,156,128
CCTV5,https://www.freetv.top/migu/641886683.m3u8?migutoken=6e3c4a6fba0be5e4060d1c8abab920c2a8ee3308ee2e5a373bad466d9c1c0c3815b96ff56d6b8aab1f7440fc34813d288efe932e05cf0594d7b1a4eaa542a95508f64bbc8423a4e814954a0913,,,,,,,1920x1080,CCSH.txt,873,200,成功,h264,30.0,有音频,0.784,156,128
CCTV5,https://stream1.freetv.fun/13f8980a8759425ec16d60807a94672e1d561f2c7dd13dd12a598d9355e55a6f.m3u8,,,,,,,1280x720,CCSH.txt,6,403,成功,h264,25.0,有音频,1.696,156,128
CCTV7,https://stream1.freetv.fun/1f156045e41b66cc968eb4fb1e3795c260b23e67dd227911c94dbb1a82d58c77.m3u8,,,,,,,1280x720,CCSH.txt,83,403,成功,h264,25.0,有音频,1.621,156,128
CCTV1,https://www.freetv.top/migu/608807420.m3u8?migutoken=d46a7802f5e358560129ef9519cb7db38f9f355847dd255fb5ac47a4bf8e3c6b5b980b45749fb1cb373b654d43a6fc41c66a124ad66ee40a80f07e155334fe6f023993dc3f284f86ab66653797,,,,,,,1920x1080,CCSH.txt,651,200,成功,h264,30.0,有音频,0.759,156,128
CCTV7,https://stream1.freetv.fun/e33abdae3da31c7b48bc71d953c606b1fb8991ac55b97c3a9f204240da489d8b.m3u8,,,,,,,1280x720,CCSH.txt,111,403,成功,h264,25.0,有音频,1.683,156,128
CCTV3,https://stream1.freetv.fun/8e8c6b586c67d965e35c468bd6011876326c1b6a4c9aea7b5d9b0212e57af20c.m3u8,,,,,,,1280x720,CCSH.txt,17,403,成功,h264,25.0,有音频,1.718,156,128
CCTV3,http://120.238.94.10:9901/tsfile/live/1020_1.m3u8,,,,,,,1920x1080,CCSH.txt,876,200,成功,h264,50.0,有音频,5.877,26,20
CCTV5+,https://stream1.freetv.fun/88ee08d5c5e75e963f46cba8142888798dde687981709eda707a0b192da8ad4d.ctv,,,,,,,1280x720,CCSH.txt,20,403,成功,h264,25.0,有音频,1.872,156,128
CCTV7,https://stream1.freetv.fun/52ed19522f9cb0b1e5954cda13ab827fdaee9270338a1f6ddf6b6f0f3dd38958.m3u8,,,,,,,1280x720,CCSH.txt,39,403,成功,h264,25.0,有音频,1.711,156,128
CCTV4,https://stream1.freetv.fun/4d07bdd45298f5188e1e215d557f8b1703d924d4e874e864fd160d4d7f3cae16.m3u8,,,,,,,1280x720,CCSH.txt,15,403,成功,h264,25.0,有音频,1.706,156,128
CCTV5,https://iptv.catvod.com/live.php?id=CCTV5,,,,,,,1920x1080,CCSH.txt,93,200,成功,h264,30.0,有音频,0.333,8,8
CCTV2,https://www.freetv.top/migu/631780532.m3u8?migutoken=317722ab220ea7aa14f0f18816b423a2ce5181a72d8b1f02e4aba95d7d7707dc123fcbb113b41a2406a823e2a738dbdbfb23c22ccfe936e40e63d389ab3f0f2e4ae3f3ec3e46f3d2f021b3c7b5,,,,,,,1920x1080,CCSH.txt,1067,200,成功,h264,30.0,有音频,1.004,8,8
[BD]大愛二 *4g,https://t.freetv.fun/live/da-ai-er-4g.m3u8,,大愛二臺,台灣,台灣,https://epg.pw/media/uploads/tmp_logo/2016/11/22/20161122132027545644_22.png,其它,1920x1080,freetv-fun-tw.txt,14,403,成功,h264,30.0,有音频,3.504,8,8
CCTV1,https://stream1.freetv.fun/8973ff67af3f7c2d22cdf2a379e20b1bc812e963bfb3fd4bccf5a85c4953d022.m3u8,,,,,,,1280x720,CCSH.txt,4,403,成功,h264,25.0,有音频,1.708,156,128
CCTV1,https://iptv.catvod.com/live.php?id=CCTV-1,,,,,,,1920x1080,CCSH.txt,876,200,成功,h264,30.0,有音频,0.444,156,128
CCTV2,https://www.freetv.top/migu/631780532.m3u8?migutoken=f1ea6162bf184749e3dee945ef1c611efc841f280c1c972432874810b37debb4321af74f5ebcd6c41d7e0980cae4b591eaddcbd8a4b834c71491dbe3a6abacbbd5bcb2e9a43458f6987dbc3f23,,,,,,,1920x1080,CCSH.txt,1069,200,成功,h264,30.0,有音频,1.006,140,116
CCTV3,https://www.freetv.top/migu/624878271.m3u8?migutoken=583eb8c5c48e5b14a4f782b43058efc16d128e0d4fa47e5b0814dfe842c8a8951d803a45a71656bc7fff6ba305cfbcd3d55909a119e8d9c1456b3842378e809ded8d3aa6cd633c2eadcab87259,,,,,,,1920x1080,CCSH.txt,1075,200,成功,h264,30.0,有音频,0.990,8,8
CCTV6,https://stream1.freetv.fun/ddcd1023e7e15e10db88f6b0be83bb173849e91feb74fedb6972e4ba257c50d2.ctv,,,,,,,1280x720,CCSH.txt,6,403,成功,h264,25.0,有音频,1.941,156,128
CCTV5,https://stream1.freetv.fun/98c6fafd18bc31af3093f7a08f606b569d0b6e242dba770667c6dc2ac9185129.m3u8,,,,,,,1280x720,CCSH.txt,6,403,成功,h264,25.0,有音频,1.657,156,128
CCTV6,https://www.freetv.top/migu/624878396.m3u8?migutoken=8e4f91b7950497f8570c74e50003b7fa23f6565c16a6b361ff855d3a969ddf7ea3826b04d20d76b6eeb472f0cb8b86284614a835429165709ec8c3055f8e9a7879e9594a4309b5d50f59f8a535,,,,,,,1920x1080,CCSH.txt,468,200,成功,h264,30.0,有音频,1.022,156,128
[HD]纬来精彩,https://t.freetv.fun/live/wei-lai-jing-cai.m3u8,,緯來精彩,台灣,台灣,https://epg.pw/media/images/channel/2024/08/18/large/20240818065801909180_50.png,綜合,1280x720,freetv-fun-tw.txt,6,403,成功,h264,25.0,有音频,1.608,24,20
CCTV4,https://iptv.catvod.com/live.php?id=CCTV-4,,,,,,,1920x1080,CCSH.txt,22,200,成功,h264,30.0,有音频,0.439,156,128
CCTV1,https://stream1.freetv.fun/2622897affd8a1c93ab36252984ab0e499d1e4a6fc76b87e6ef8039de3f2e642.m3u8,,,,,,,1280x720,CCSH.txt,4,403,成功,h264,25.0,有音频,1.665,156,128
CCTV1,https://stream1.freetv.fun/32f2971092f2d6d62d14ecf5b7fec403c96200d3d03e70c6bc7deb2f66cf9fbb.m3u8,,,,,,,1280x720,CCSH.txt,5,403,成功,h264,25.0,有音频,1.682,156,128
[BD]纬来育乐,https://t.freetv.fun/live/wei-lai-yu-le-4.php,456572,緯來育樂,台灣,台灣,https://epg.pw/media/images/channel/2023/07/22/large/20230722124851344289_73.png,綜合,1920x1080,freetv-fun-tw.txt,11,403,成功,h264,60.0,无音频,0.980,156,128
CCTV5+,https://www.freetv.top/migu/641886773.m3u8?migutoken=21c23fcaff7e7a82aa520fc15813e6896ca424dc252d40d750cae121ec1d821b7ee9f67e7e361a2299c83415fc12c810f27816d6433288b01f7f637cd82c2a8b07e616a7d1042eccab80bbec3d,,,,,,,1920x1080,CCSH.txt,486,200,成功,h264,30.0,有音频,0.927,140,116
CCTV4,https://www.freetv.top/migu/608807416.m3u8?migutoken=85c9fb128ac91587cf67086436bd4af8631774375811d0d14ba7158ffb2f56b528e7e92a2da4c2f8bd757394265b58efcbccdce316306a1dae700620a73e52c2ab049d8bd223c049567a8c10bf,,,,,,,1920x1080,CCSH.txt,500,200,成功,h264,30.0,有音频,0.872,8,8
CCTV2,https://www.freetv.top/migu/631780532.m3u8?migutoken=9bacb748dc772b1cfcddf6e6373e3319c6d82105f221862932e3b30a6dc4843c93ace2108ab1d598c2d89ef8eb4225888737ce5895be20612ea7753d025151b9a913bd6fc98ff7666da5979f1d,,,,,,,1920x1080,CCSH.txt,1080,200,成功,h264,30.0,有音频,1.526,156,128
CCTV2,https://stream1.freetv.fun/b2e1a9fc03f611173df519b2d54494eab6e2c9feafe182713f96c77e5677982e.m3u8,,,,,,,1280x720,CCSH.txt,5,403,成功,h264,25.0,有音频,1.694,156,128
CCTV2,https://stream1.freetv.fun/168b88ec9bef56433abeed33488f73f6971f2d5667506068ef7c2ebcff851ff2.m3u8,,,,,,,1280x720,CCSH.txt,17,403,成功,h264,25.0,有音频,1.727,156,128
CCTV3,http://1.24.39.180:9003/hls/3/index.m3u8,,,,,,,1920x1080,CCSH.txt,444,200,成功,h264,25.0,有音频,2.261,56,44
CCTV4,https://stream1.freetv.fun/2f1e3c9d65bfe24a6528f5bf7ef0c04c6f31d388d96148f28f7cd72a25cd9a8c.m3u8,,,,,,,1280x720,CCSH.txt,5,403,成功,h264,25.0,有音频,1.713,156,128
CCTV3,https://stream1.freetv.fun/b670e71aa7496c31573fb6634748c2aa292b1dfa63656d10f2bbdb33b49a23fd.m3u8,,,,,,,1280x720,CCSH.txt,5,403,成功,h264,25.0,有音频,1.720,156,128
CCTV1,https://stream1.freetv.fun/9f70f5d60b14bb1ef93886f17fa8f20f55f4a36ac45206f6c5a5bf9654d6e4fb.m3u8,,,,,,,1280x720,CCSH.txt,22,403,成功,h264,25.0,有音频,1.718,156,128
CCTV4,https://stream1.freetv.fun/1bf0211b5baaa7f1430933ff2f78b4a1117b0f8e250a718adfba91a694024f4d.m3u8,,,,,,,1280x720,CCSH.txt,23,403,成功,h264,25.0,有音频,1.658,156,128
CCTV4,https://stream1.freetv.fun/0d839f5d81e4bf543f91e5413de15e99bc658de9826ea59d16333bc8cb664b44.m3u8,,,,,,,1280x720,CCSH.txt,4,403,成功,h264,25.0,有音频,1.702,156,128
CCTV16,https://iptv.catvod.com/live.php?id=CCTV16,,,,,,,1920x1080,CCSH.txt,75,200,成功,h264,30.0,有音频,0.671,8,8
CCTV13,https://migu.188766.xyz/?migutoken=0e93d497b950c76d8fa9b1f412d914a7&id=CCTV13&type=yy,,,,,,,1920x1080,CCSH.txt,24,403,成功,h264,28.0,有音频,0.832,144,116
CCTV8,https://stream1.freetv.fun/1f298be1b8f964d2f0f401dd00fe8a2a6d9e6c74900ff8486a3a7115907f4426.m3u8,,,,,,,1280x720,CCSH.txt,6,403,成功,h264,25.0,有音频,1.992,156,128
CCTV17,https://www.freetv.top/migu/673168256.m3u8?migutoken=7270a64d821d9de391cdabdf9685e61de5c0929c8486a24ac167aea6279189e5577fd24dce303030fbf1bec432df053fc57698fb48b6285a78bab608e954345314604511e497b104c51f5dc0cd,,,,,,,1920x1080,CCSH.txt,1442,200,成功,h264,30.0,有音频,2.045,156,128
湖南卫视,https://stream1.freetv.fun/8f9c1b950218b09e8fb1b0d6b7416bdf4a4635a03c2f67f7880010d106038137.m3u8,,,,,,,1280x720,CCSH.txt,9,403,成功,h264,25.0,有音频,2.125,156,128
CCTV11,https://stream1.freetv.fun/0873471d1f3080eb9ba37ba7d0b57b5c8ec5fc1ff0bf01cf76e8377d5dde63b9.m3u8,,,,,,,1280x720,CCSH.txt,5,403,成功,h264,25.0,有音频,1.931,156,128
CCTV9,https://stream1.freetv.fun/a48bd3e56bf90338a9823c0b7ebd46dbb37139fc90821e228460ac4b633d9c9c.m3u8,,,,,,,1280x720,CCSH.txt,8,403,成功,h264,25.0,有音频,2.035,156,128
CCTV13,https://stream1.freetv.fun/ff24d77ced50923220b10cafbe5ffaeb6cb8c38a4b5cf52c0fc09d0ce4ef93b3.m3u8,,,,,,,1280x720,CCSH.txt,5,403,成功,h264,25.0,有音频,2.076,156,128
CCTV13,https://stream1.freetv.fun/3a63799dd08492a3543a3676a9029d110e51ad0ce3573faeb844f5dcd6b24767.m3u8,,,,,,,1280x720,CCSH.txt,339,403,成功,h264,25.0,有音频,2.266,156,128
CCTV13,https://iptv.catvod.com/live.php?id=CCTV13,,,,,,,1920x1080,CCSH.txt,739,200,成功,h264,25.0,有音频,2.382,8,8
CCTV9,https://www.freetv.top/migu/673168140.m3u8?migutoken=70f89f57af3b961c4266d3657e4e2bed7511bb081c6f118dec56c9cb101146db53ddfdbba9b52724c71e79f51bfe5806d61d41f8429293537387c552fed0c21e259ae489a2a54a8accda0abf71,,,,,,,1920x1080,CCSH.txt,348,200,成功,h264,30.0,有音频,3.025,156,128
CCTV16,http://39.152.103.17:8089/tsfile/live/1073_1.m3u8,,,,,,,3840x2160,CCSH.txt,182,200,成功,h264,25.0,有音频,2.890,16,12
CCTV15,https://stream1.freetv.fun/4527ac01c644a80db2af750c7a198c3b78d5bcbbe60e5417521aee7d44442e97.m3u8,,,,,,,1280x720,CCSH.txt,5,403,成功,h264,25.0,有音频,1.693,156,128
CCTV10,https://www.freetv.top/migu/624878405.m3u8?migutoken=1a5db77292df44fecb968ef668ab090a7c82238b19114752945a92ba9ec29e57ce0ad92b07b97b3cb4c6dd2adf0e09784884ac82d7325841dd730b589ed13204f702613169b1590d2cebc3a3c9,,,,,,,1920x1080,CCSH.txt,350,200,成功,h264,30.0,有音频,3.243,8,8
CCTV13,https://www.freetv.top/migu/608807423.m3u8?migutoken=2ea304b199bfe39629418c1d50b3c9f34ba06712c9c7922a614411768b18496280cdfdee913572bdb8d1cdd3d5763460f2f0aea6c7a51095aaf66f1eb8f43ce6edbbeac22c35e78ecc39dbdf27,,,,,,,1920x1080,CCSH.txt,391,200,成功,h264,30.0,有音频,2.690,156,128
CCTV12,https://stream1.freetv.fun/42db57df2f3a527d3d4b1ae87be77b20322d9240d4337b0f15bcae2a25717083.m3u8,,,,,,,1280x720,CCSH.txt,6,403,成功,h264,25.0,有音频,1.652,156,128
湖南卫视,https://stream1.freetv.fun/95c362f9fa908fd8a2eb7b94303c480dd99e8de01244cb72ba5a85dcbc121437.m3u8,,,,,,,1280x720,CCSH.txt,335,403,成功,h264,25.0,有音频,1.851,156,128
CCTV11,https://stream1.freetv.fun/d5f782070cc8a23fe81a95f05759b6fedf6c99e4d9aca6798c4211a901af4e1c.m3u8,,,,,,,1280x720,CCSH.txt,5,403,成功,h264,25.0,有音频,1.815,156,128
CCTV15,http://cdn6.bkpcp.top/tl/tuiliu.php?id=cctv15,,,,,,,1280x720,CCSH.txt,38,403,成功,h264,25.0,有音频,3.826,8,8
CCTV12,https://stream1.freetv.fun/fd8feeadf3d281587366a5c57dfb6fe54baef1a61e6704b5e769aeccbcaf79f9.m3u8,,,,,,,1280x720,CCSH.txt,6,403,成功,h264,25.0,有音频,1.734,156,128
CCTV11,http://36.36.200.198:44330/tsfile/live/0012_1.m3u8?key=txiptv&playlive=0&authid=0,,,,,,,1280x720,CCSH.txt,328,200,成功,h264,25.0,有音频,2.964,8,8
CCTV13,https://stream1.freetv.fun/d0930eb9d0d22a809891cd6a4828a6887219e9db31801066a6684286d00a048c.m3u8,,,,,,,1280x720,CCSH.txt,5,403,成功,h264,25.0,有音频,1.859,156,128
CCTV10,https://stream1.freetv.fun/0ea747e2b910912d7b767737051b09d3af710dd38a7ec89f24090e34e3e4f08a.m3u8,,,,,,,1280x720,CCSH.txt,16,403,成功,h264,25.0,有音频,1.723,156,128
CCTV13,https://stream1.freetv.fun/aaa30639b476e110eef808c80fbf65a245512c55858196f6f404a6ac68610a44.m3u8,,,,,,,1280x720,CCSH.txt,6,403,成功,h264,25.0,有音频,1.663,156,128
CCTV13,https://iptv.catvod.com/live.php?id=CCTV-13,,,,,,,1920x1080,CCSH.txt,33,200,成功,h264,30.0,有音频,0.457,156,128
CCTV16,https://iptv.catvod.com/live.php?id=CCTV-16,,,,,,,1920x1080,CCSH.txt,37,200,成功,h264,30.0,有音频,0.449,156,128
CCTV11,https://iptv.catvod.com/live.php?id=CCTV-11,,,,,,,1920x1080,CCSH.txt,28,200,成功,h264,30.0,有音频,0.474,156,128
湖南卫视,https://txmov2.a.kwimgs.com/bs3/video-hls/5199687338554291078_hlsb.m3u8,,,,,,,1280x720,CCSH.txt,1257,200,成功,h264,25.0,有音频,1.798,24,20
CCTV12,https://www.freetv.top/migu/673168185.m3u8?migutoken=ff6a5a89e6ad0f73cd78424df3be0abe3743e8bbd37698f2dcee8ece0d6ffbe0c1205c704c08924958889799dcc66d9333f4273e5dc9ead670713fd2b2292e201873fb66020ec85899c7bd2a05,,,,,,,1920x1080,CCSH.txt,481,200,成功,h264,30.0,有音频,1.196,156,128
CCTV13,https://stream1.freetv.fun/9c5ea1afac03f4018fa46799d1f2788950a59bfae9a3e5a6ce8ff257eea05c41.m3u8,,,,,,,1280x720,CCSH.txt,339,403,成功,h264,25.0,有音频,1.712,156,128
CCTV12,https://stream1.freetv.fun/9556fd1c9478795a55246e0e943c722fc1b47fd5e2ab6de9ebf371e1eca09d68.m3u8,,,,,,,1280x720,CCSH.txt,6,403,成功,h264,25.0,有音频,1.717,156,128
CCTV15,https://stream1.freetv.fun/34f6b70a0267653f7b71226d2c587babf1f59bed3bf48b33f7c6fc8b98ee0afd.m3u8,,,,,,,1280x720,CCSH.txt,5,403,成功,h264,25.0,有音频,1.713,156,128
湖南卫视,https://stream1.freetv.fun/02b28f4fff585b935f49eea8a227955acd8b076ffd2832dd2d46031f3925c31a.m3u8,,,,,,,1280x720,CCSH.txt,7,403,成功,h264,25.0,有音频,1.662,156,128
CCTV16,https://stream1.freetv.fun/cdd93308f8ffbb06fab05e75d7c91d7ec6d9c68d865738572b52b3e8c959cf14.m3u8,,,,,,,1280x720,CCSH.txt,5,403,成功,h264,25.0,有音频,1.641,156,128
CCTV12,https://stream1.freetv.fun/51337667e5647403507b5d7923c277b8154168e635f0401f2a4221c4d2ef9861.m3u8,,,,,,,1280x720,CCSH.txt,6,403,成功,h264,25.0,有音频,1.710,156,128
CCTV8,https://stream1.freetv.fun/506f21d0ee54b97e7b0b5f8cbf7acc6acec204419051187b7828eed7b6292413.m3u8,,,,,,,1280x720,CCSH.txt,4,403,成功,h264,25.0,有音频,1.670,156,128
CCTV15,https://stream1.freetv.fun/22af5d7dab8dd2e8ed48ebe1b0eea9814783aa03554f5aff41f4e3ac07adb8a4.m3u8,,,,,,,1280x720,CCSH.txt,24,403,成功,h264,25.0,有音频,1.706,156,128
CCTV14,https://stream1.freetv.fun/2cd992d2936611742cbaa48d0dabf2d839672b311b9634b59dde9f649c167945.m3u8,,,,,,,1280x720,CCSH.txt,5,403,成功,h264,25.0,有音频,1.647,156,128
CCTV9,https://stream1.freetv.fun/f4e32734452203d9a400787e1d8eea7db27f5a135d12eb257b8f4fb28413b3c4.m3u8,,,,,,,1280x720,CCSH.txt,5,403,成功,h264,25.0,有音频,1.661,156,128
CCTV13,https://stream1.freetv.fun/a3f6e6023db71ce61b0fbbf6a5ec07d146303cf549f2e774bb31d94d4527ddf6.m3u8,,,,,,,1280x720,CCSH.txt,7,403,成功,h264,25.0,有音频,1.710,156,128
CCTV11,https://stream1.freetv.fun/68c070855220396db2e41066321af8293ced387cb0158997b30c961f539a0433.m3u8,,,,,,,1280x720,CCSH.txt,5,403,成功,h264,25.0,有音频,1.684,156,128
CCTV13,https://stream1.freetv.fun/3de70449cde3176a3ee598bc26020f02bd97aa698aaf148c0a9acd4a11e56d7e.ctv,,,,,,,1280x720,CCSH.txt,6,403,成功,h264,25.0,有音频,1.910,156,128
CCTV15,https://stream1.freetv.fun/e1fcc9c1398db0b514abbe6289dd1403355081cbc3a9d20d2a3e29b82e476db5.m3u8,,,,,,,1280x720,CCSH.txt,5,403,成功,h264,25.0,有音频,1.667,156,128
湖南卫视,https://stream1.freetv.fun/855f864a753430bdff0af1fa8b70958abde850657a3a03ebffc59580f6b826ae.m3u8,,,,,,,1280x720,CCSH.txt,5,403,成功,h264,25.0,有音频,1.659,156,128
CCTV12,https://stream1.freetv.fun/3b7ab12e53d8940f11425a003775b632c1f36e38a900011df46af87afe869e85.m3u8,,,,,,,1280x720,CCSH.txt,5,403,成功,h264,25.0,有音频,1.671,156,128
CCTV12,https://www.freetv.top/migu/673168185.m3u8?migutoken=876a940958defb8a6514e54b9a992f0208f7db15754439ec4131d690bb68982f44bdfa6edbdbbdaf91035ca931a5577a8de3f1af81b18ee26104662899818f2703ab8bf49c63365ef4c1abb782,,,,,,,1920x1080,CCSH.txt,363,200,成功,h264,30.0,有音频,0.846,8,8
CCTV14,https://stream1.freetv.fun/434a2477095cfbf70002e6227c044b94ee1aadb84750977ca5db1af4e09a53eb.m3u8,,,,,,,1280x720,CCSH.txt,28,403,成功,h264,25.0,有音频,1.651,156,128
CCTV15,https://stream1.freetv.fun/4edeffb19d7ee2314ded08b16b8dc527b7014a56f24d6313ca69a2157d429b08.m3u8,,,,,,,1280x720,CCSH.txt,26,403,成功,h264,25.0,有音频,3.701,156,128
CCTV8,https://stream1.freetv.fun/0a41a74a908f871b3e73f9381b831e6bdf23a89efb600e3c5d4532c0a8e7f6e8.m3u8,,,,,,,1280x720,CCSH.txt,13,403,成功,h264,25.0,有音频,1.675,156,128
CCTV14,https://stream1.freetv.fun/8d9504bb6f6aaf6b37307fbeafa1e2ef9f16b67f19aa1bb361c52d8567b386fc.m3u8,,,,,,,1280x720,CCSH.txt,27,403,成功,h264,25.0,有音频,1.727,156,128
CCTV14,http://m.061899.xyz/mg/cctv14,,,,,,,1280x720,CCSH.txt,234,403,成功,h264,25.0,有音频,2.167,8,8
CCTV14,https://stream1.freetv.fun/b5955a0fa90faa677cf700f915941c6fa0eb993251ef3110c4d26f3601fe6cc9.m3u8,,,,,,,1280x720,CCSH.txt,5,403,成功,h264,25.0,有音频,1.741,156,128
CETV4,https://migu.188766.xyz/?migutoken=65606a22b5774a56cc8b50c5e237d254&id=CETV4&type=yy,,,,,,,1920x1080,CCSH.txt,37,403,成功,h264,28.0,有音频,0.441,144,116
CCTV9,https://migu.188766.xyz/?migutoken=e7002072abe31eb664ee38b68a1b8664&id=CCTV9&type=yy,,,,,,,1280x720,CCSH.txt,736,403,成功,h264,25.0,有音频,2.357,8,8
CCTV9,https://stream1.freetv.fun/0c01a3543f3509d8aac00c42ea45fb62bb37cfa0b88fc059c5e001887f6eb41b.m3u8,,,,,,,1280x720,CCSH.txt,5,403,成功,h264,25.0,有音频,1.668,156,128
CCTV10,https://migu.188766.xyz/?migutoken=768a97c80f07aa03ed0b1bc74eac2054&id=CCTV10&type=yy,,,,,,,1280x720,CCSH.txt,736,403,成功,h264,25.0,有音频,2.407,8,8
CCTV12,https://www.freetv.top/migu/673168185.m3u8?migutoken=ca060ebeb7798a2bd7e8b8cb4143386b12a2629519220accd5fd0a77a147ab06630fd8cf65f82517ba9db18cc4b5c5edf350c0734fdddbc216781b9944d8e7eaf326bac636110e27fcd980f4e2,,,,,,,1920x1080,CCSH.txt,389,200,成功,h264,30.0,有音频,0.907,156,128
CCTV15,https://stream1.freetv.fun/932e62bcafc868cc1eaff14be17c9daf412a1f5c2cd1b29b2d494bf07c6d5857.m3u8,,,,,,,1280x720,CCSH.txt,5,403,成功,h264,25.0,有音频,1.630,156,128
CCTV15,https://stream1.freetv.fun/d8c678257099a8f24e3bb33a4f9059014ddf1de229ef366a1870f56c11b57c90.m3u8,,,,,,,1280x720,CCSH.txt,4,403,成功,h264,25.0,有音频,1.693,156,128
CCTV12,https://stream1.freetv.fun/72ad99a6a08c58c24868d3abddb6c4f7c8ac34a49c55133b957ff50d418f183f.m3u8,,,,,,,1280x720,CCSH.txt,5,403,成功,h264,25.0,有音频,1.674,156,128
CCTV9,http://27.41.245.32:801/hls/9/index.m3u8,,,,,,,1920x1080,CCSH.txt,407,200,成功,h264,50.0,有音频,2.176,8,8
CCTV9,https://iptv.catvod.com/live.php?id=CCTV-9,,,,,,,1920x1080,CCSH.txt,26,200,成功,h264,30.0,有音频,0.418,156,128
CCTV16,https://stream1.freetv.fun/3fa27f5bf8136b49f28d477a805f1219c588cf21ffbada685497c73431d20c6e.m3u8,,,,,,,1280x720,CCSH.txt,5,403,成功,h264,25.0,有音频,1.676,156,128
湖南卫视,https://stream1.freetv.fun/b06a69fc1f704977ea40e8cdacc211ffb6c3b0b4713504f7fe7383cba1decd31.m3u8,,,,,,,1280x720,CCSH.txt,4,403,成功,h264,25.0,有音频,1.665,156,128
CCTV16,https://epg.pw/stream/c1beb2abcba5aef09c2f58efc3ca84b76de2c7b9cf60762b0d79772d9e70d454.m3u8,,,,,,,1280x720,CCSH.txt,342,200,成功,h264,25.0,有音频,1.845,128,104
CCTV14,http://go.bkpcp.top/mg/cctv14,,,,,,,1280x720,CCSH.txt,27,403,成功,h264,25.0,有音频,1.710,8,8
CCTV12,https://migu.188766.xyz/?migutoken=dad8424fa9e7b8f4817f5128ef909332&id=CCTV12&type=yy,,,,,,,1920x1080,CCSH.txt,29,403,成功,h264,28.0,有音频,0.455,144,116
CCTV9,http://111.221.137.234:44330/tsfile/live/0009_1.m3u8?key=txiptv&playlive=0&authid=0,,,,,,,1280x720,CCSH.txt,415,200,成功,h264,25.0,有音频,2.014,8,8
CCTV11,https://stream1.freetv.fun/522d8760b9c0e8172aefbf6b1aac7030daf6f613fabce8b1d00a15416ad0b052.m3u8,,,,,,,1280x720,CCSH.txt,4,403,成功,h264,25.0,有音频,1.672,156,128
CCTV17,http://yp.qqqtv.top/1/api.php?id=CCTV-17HD&auth=666858,,,,,,,1920x1080,CCSH.txt,255,200,成功,h264,25.0,有音频,1.147,8,8
CCTV8,https://stream1.freetv.fun/faf030243a912e714a0b0721afdab9803c61ab72a436edf75ac88606a651a156.m3u8,,,,,,,1280x720,CCSH.txt,5,403,成功,h264,25.0,有音频,1.716,156,128
CCTV10,https://stream1.freetv.fun/7d9ec2d79c502c67b791e5edfa7d2b7a8da27cc1196fe4a011e67e8bc54c886d.m3u8,,,,,,,1280x720,CCSH.txt,5,403,成功,h264,25.0,有音频,1.687,156,128
CCTV9,https://stream1.freetv.fun/42ec063601b24e5ddb24832e5f5d56c71ca4d52922d298be84bbc21aa7429280.m3u8,,,,,,,1280x720,CCSH.txt,5,403,成功,h264,25.0,有音频,1.631,156,128
CCTV11,http://go.bkpcp.top/mg/cctv11,,,,,,,1280x720,CCSH.txt,49,403,成功,h264,25.0,有音频,2.268,8,8
CCTV8,https://stream1.freetv.fun/a6da9f1926138950681f95e748614ac225dd23892fe4e4682514cb4d8d8cda0c.m3u8,,,,,,,1280x720,CCSH.txt,4,403,成功,h264,25.0,有音频,1.688,156,128
CCTV15,https://stream1.freetv.fun/7a469fc9c2460ee4606dd25f46d797d9a4b1c87000b56107eb7d99ec9a093c1c.m3u8,,,,,,,1280x720,CCSH.txt,5,403,成功,h264,25.0,有音频,1.705,156,128
CCTV13,https://stream1.freetv.fun/5145e7fd34a4167b0a37b2c01ecc50b28586d7154e7221c4f6f5810ebf368ec8.m3u8,,,,,,,1280x720,CCSH.txt,4,403,成功,h264,25.0,有音频,1.694,156,128
CCTV11,https://stream1.freetv.fun/dcd677dc3f9178f01747897336aa53a4b8bc6a4a38157873c7520bed79dad523.m3u8,,,,,,,1280x720,CCSH.txt,5,403,成功,h264,25.0,有音频,1.688,156,128
CCTV14,https://stream1.freetv.fun/03398837865ac0acfe8bb6433281da2255d4439eb687506baf5573c1079566c1.m3u8,,,,,,,1280x720,CCSH.txt,5,403,成功,h264,25.0,有音频,1.648,156,128
CCTV13,https://stream1.freetv.fun/03708eabf767c88c351b767a1f625c4a6a26af598b506db563767d59720bf332.m3u8,,,,,,,1280x720,CCSH.txt,6,403,成功,h264,25.0,有音频,1.856,156,128
CCTV4K,http://38.75.136.137:98/gslb/dsdqpub/cctv4k.m3u8?auth=testpub,,,,,,,1280x720,CCSH.txt,98,200,成功,h264,50.0,有音频,0.433,8,8
CCTV14,https://stream1.freetv.fun/eacf5eeef4796aedf7868cb6ca24c90b64f5e4e12d6f99785dc96636efd82eb0.m3u8,,,,,,,1280x720,CCSH.txt,6,403,成功,h264,25.0,有音频,1.680,156,128
CCTV14,https://stream1.freetv.fun/6dbe9409e344cd6ab113ba8cb1d0f675f7c9e00b968f8e80a5b2f344c22bb030.m3u8,,,,,,,1920x1080,CCSH.txt,325,403,成功,h264,25.0,有音频,1.961,8,8
CCTV14,https://stream1.freetv.fun/83461ebfd58cb4e8f2b1f8582cec3c09dfaf945443cc97f13750342a92d55b41.m3u8,,,,,,,1920x1080,CCSH.txt,326,403,成功,h264,25.0,有音频,4.824,145,119
CCTV14,https://www.freetv.top/migu/624878440.m3u8?migutoken=56c7feb8cb5f347901196e85642fd684252562a371f8eff91130c55f05b146a75525b0ded5bbd67d992fd86e47f3af37a5b87c9830db36e765e2b022af03ae4f28d4016c2f1bc9a60bc14d57b3,,,,,,,1920x1080,CCSH.txt,398,200,成功,h264,30.0,有音频,0.871,140,116
CCTV15,https://stream1.freetv.fun/9468f468da387b3906c9bd04ab159a106300904620ddaea7f59915fe199cfcef.m3u8,,,,,,,1280x720,CCSH.txt,6,403,成功,h264,25.0,有音频,1.704,156,128
CCTV13,https://stream1.freetv.fun/f2306dc938a374481649dfb8c0cd797ab83abfaf988502de3b6d40a6ce6afdb0.m3u8,,,,,,,1280x720,CCSH.txt,326,403,成功,h264,25.0,有音频,1.725,156,128
CCTV9,https://www.freetv.top/migu/673168140.m3u8?migutoken=a6f3e71bb2bb9d74426a1761b5d2daf69d595aebfafc6e4a7bac09190d4545961d1cc02d05117f0a2e2ef42ebdc9f2520b8f601aab6252de7373f68c95aa3277f6c51bae97dd75144efc7ed543,,,,,,,1920x1080,CCSH.txt,346,200,成功,h264,30.0,有音频,0.799,128,104
CCTV13,https://epg.pw/stream/5d3d047c64e44d0a24dc33e5700e579457201d2960036b43819bd930a0bb76a7.m3u8,,,,,,,1280x720,CCSH.txt,512,200,成功,h264,25.0,有音频,1.784,156,128
湖南卫视,https://stream1.freetv.fun/5f57f38f549db9a3a2c3bd3ee1f755d9d29e0f2cfa6af6d1870b27d446807381.m3u8,,,,,,,1280x720,CCSH.txt,5,403,成功,h264,25.0,有音频,1.675,156,128
CCTV16,https://stream1.freetv.fun/87de3fae6db73a08904421488de7b0ba39e5eccf12a85ec47f8ccfb0985d2fa7.m3u8,,,,,,,1280x720,CCSH.txt,5,403,成功,h264,25.0,有音频,1.690,156,128
湖南卫视,https://stream1.freetv.fun/8109af647f56702f17e3fbffe6ca2766a6364dcaf3078e086513d7b6ed02b365.m3u8,,,,,,,3840x2160,CCSH.txt,321,403,成功,hevc,25.0,有音频,1.133,16,12
CCTV14,https://www.freetv.top/migu/624878440.m3u8?migutoken=db2a84fa1a47ccda35261252e35f997e2e7083da0db8369cf0612848c30e97efb2851cf91c1ca38b261647c5e104e3ee881d60d1da85f1e4748958fe7c4d93689021888fe45fbaa99a6e1e45b9,,,,,,,1920x1080,CCSH.txt,450,200,成功,h264,30.0,有音频,0.942,156,128
CCTV10,https://www.freetv.top/migu/624878405.m3u8?migutoken=b031282d8102da601efdb58208602ae789e7b6f55c9d261e7847daab04f4426ab3eb370da9611721f213b7b78101e1bbe55b066bfcce6410254cdcadb36bfac54a47b7a7b24cda1b4c19590f8d,,,,,,,1920x1080,CCSH.txt,352,200,成功,h264,30.0,有音频,0.775,156,128
CCTV15,https://www.freetv.top/migu/673168223.m3u8?migutoken=572b98a51e3730acfb3ef18bd9b51525172b58d008142744ba4de9bd208efb14a7f2e9b054ec49e26a6f8c1fb53afdf84b27a1ea201dc024921aaadf68dbb087c12dac0ace1184dd4cff79ea12,,,,,,,1920x1080,CCSH.txt,570,200,成功,h264,30.0,有音频,0.741,8,8
CCTV9,https://stream1.freetv.fun/596c7e7a97fd5105d27b270383457785e99b9c41185668296141df8483997729.m3u8,,,,,,,1280x720,CCSH.txt,6,403,成功,h264,25.0,有音频,1.672,156,128
湖南卫视,https://stream1.freetv.fun/a1f6a19e5c3cb69d177c2c23685c4f9a9fff147858f762c1f009ca40d91bd2aa.m3u8,,,,,,,1280x720,CCSH.txt,8,403,成功,h264,25.0,有音频,1.726,156,128
CCTV风云音乐,http://38.75.136.137:98/gslb/dsdqpub/fyyy.m3u8?auth=testpub,,,,,,,1920x1080,CCSH.txt,97,200,成功,h264,25.0,有音频,0.484,8,8
湖南卫视,https://stream1.freetv.fun/de66f0e2a8ae04c059b513a80449d5cc48463d9bee3e01e241a7c776d420d13a.m3u8,,,,,,,1280x720,CCSH.txt,327,403,成功,h264,25.0,有音频,1.658,156,128
CCTV11,https://stream1.freetv.fun/35a2fbcacbefea4356860da239a47e740d38a880572de2de20476bead6129246.m3u8,,,,,,,1280x720,CCSH.txt,4,403,成功,h264,25.0,有音频,1.703,156,128
CCTV9,https://www.freetv.top/migu/673168140.m3u8?migutoken=0f1a623dca6f658303aaa4999b3ace15c780e46aa170dd3d91f0e82333ce6046e6bab6fa6948fba878c2b6e0cf9d1f04d09cc1ebaed71350ec282ef8595200813c491a3e23da08b3242755d891,,,,,,,1920x1080,CCSH.txt,367,200,成功,h264,30.0,有音频,1.075,8,8
CCTV8,https://stream1.freetv.fun/96025f688cebcac076046c17e3b90961642503d33a7d153d69b4055f1247aed7.m3u8,,,,,,,1280x720,CCSH.txt,5,403,成功,h264,25.0,有音频,1.687,156,128
湖南卫视,https://stream1.freetv.fun/6e1e8c8fa9c78b07103b13720938ec0762ed29ef240391c58de8287f6e030a9a.m3u8,,,,,,,1280x720,CCSH.txt,329,403,成功,h264,25.0,有音频,1.676,156,128
CCTV8,https://www.freetv.top/migu/624878356.m3u8?migutoken=6dccb38c956e0bb4edee41c25621f99cedfb18e4ce661f2543a392a7a50d305d1f4764210e01011a2b0cc1d14cf85264aae641856c2e6c7b6414088973a624170f2087daecc28e8944035c7490,,,,,,,1920x1080,CCSH.txt,2076,200,成功,h264,30.0,有音频,1.003,140,116
CCTV7,http://www.freetv.top/migu/673168121.m3u8?migutoken=bea4d574a7f96c7e95fb2000e191d57743cfdadfa9a4819385a46bf2bf269d9cf13b9bcc1494158b5bc16ce7d6751825800030253b91daf31a298122a2511f45821009cbeca64d12349bc0227d,,,,,,,1920x1080,CCSH.txt,1280,200,成功,h264,30.0,有音频,1.179,156,128
CETV1,https://migu.188766.xyz/?migutoken=67fa89ff7e661ea68f4b613440572bb1&id=CETV1&type=yy,,,,,,,1280x720,CCSH.txt,33,403,成功,h264,25.0,有音频,2.350,8,8
CCTV10,https://www.freetv.top/migu/624878405.m3u8?migutoken=a825f44b603419477b95fed9f1e947fea9e27bcde29c94cf67aec76845bd588aa5c9914b79d29cb3014756c2909a95f0941589b5faaddc8b9eba64ec444d9c9999083bc0240af4f194167d81e3,,,,,,,1920x1080,CCSH.txt,371,200,成功,h264,30.0,有音频,1.045,140,116
CCTV17,https://www.freetv.top/migu/673168256.m3u8?migutoken=cd9ac55fddf5f22ac004018cec6a4046c41dd9f4fc2bf0d97a30aaddef8a88da0e984cf03e60fa6a6adcb81d784905e343fb6a9dae398827b1b71b5164b118d15f6762b07225d4764bce858c33,,,,,,,1920x1080,CCSH.txt,487,200,成功,h264,30.0,有音频,0.730,8,8
CCTV15,https://stream1.freetv.fun/3cd5992c0bc678290fbfb3ea5c9e3ae07fde910fecbb9119dec4ef12ecd4a717.m3u8,,,,,,,1280x720,CCSH.txt,5,403,成功,h264,25.0,有音频,1.696,156,128
CCTV13,https://stream1.freetv.fun/6c3eb3f2f4adaa7c716d4602af1f0d7e294437580e802176bd313bb9dc4b07ae.m3u8,,,,,,,1280x720,CCSH.txt,326,403,成功,h264,25.0,有音频,1.730,156,128
CCTV9,https://stream1.freetv.fun/d679147e93998024df6b15ec6ed8bb75dc84568fd0ef46e20df4882a00ed1200.m3u8,,,,,,,1280x720,CCSH.txt,15,403,成功,h264,25.0,有音频,1.668,156,128
CCTV15,https://stream1.freetv.fun/73a759287d0886162dd6b7f71f9011eebf7849ffdc85ad172bb4285f3e4f419e.m3u8,,,,,,,1280x720,CCSH.txt,4,403,成功,h264,25.0,有音频,1.695,156,128
CCTV13,https://stream1.freetv.fun/5faa47be190587cc85b9a83523c5bff88b5440ff623beb37d113818557a34903.m3u8,,,,,,,1280x720,CCSH.txt,7,403,成功,h264,25.0,有音频,1.665,156,128
湖南卫视,https://stream1.freetv.fun/44742c201d98e08645e55d00b1eaf24e88106dfbf729a2c8e05b54d81231fcee.m3u8,,,,,,,1280x720,CCSH.txt,325,403,成功,h264,25.0,有音频,1.651,156,128
CCTV7,https://migu.188766.xyz/?migutoken=071d7f5e2e78cb1c203c0e87e1f7b6ac&id=CCTV7&type=yy,,,,,,,1280x720,CCSH.txt,28,403,成功,h264,25.0,有音频,2.267,8,8
CCTV12,https://stream1.freetv.fun/9939de51ca21fc72f5758427a32dcb3b7a91b86b5c36e00e2b639d7b81d2e4be.m3u8,,,,,,,1280x720,CCSH.txt,4,403,成功,h264,25.0,有音频,1.697,156,128
CCTV17,https://migu.188766.xyz/?migutoken=19ace71c88c516a6cb7d65a93f79549d&id=CCTV17&type=yy,,,,,,,1920x1080,CCSH.txt,26,403,成功,h264,28.0,有音频,0.442,144,116
CCTV10,https://www.freetv.top/migu/624878405.m3u8?migutoken=5783d6764a44078f77c189aa651d24d01f75d2491bf506a64e6beb4a124aa6939c36d394986e5113c18af52d6caa965b757edb8436760bd448a102e94fdfe0e89f12cbfcd443a8bbfff3b85a4a,,,,,,,1920x1080,CCSH.txt,359,200,成功,h264,30.0,有音频,0.774,156,128
CCTV17,https://stream1.freetv.fun/b6866815f985fb51d1a8c195ef73afbd858d740c62358e35b9f665896b40dd91.m3u8,,,,,,,1280x720,CCSH.txt,5,403,成功,h264,25.0,有音频,1.740,156,128
CCTV12,https://stream1.freetv.fun/b91ab570797be93e5b35ff265d6af775a03ec73df9cedc59ea26a45eddacd474.m3u8,,,,,,,1280x720,CCSH.txt,327,403,成功,h264,25.0,有音频,1.659,156,128
CCTV10,https://stream1.freetv.fun/fc4ec3776e35fb26e916aaaf8b4dddcb61d40160981a5a95143383f610d272df.m3u8,,,,,,,1280x720,CCSH.txt,18,403,成功,h264,25.0,有音频,1.654,156,128
CCTV12,https://stream1.freetv.fun/c1158e9f574adaa9f9b0e6416e9e0f0077b18a48d85c31c916d87bf60790c74d.m3u8,,,,,,,1280x720,CCSH.txt,4,403,成功,h264,25.0,有音频,1.856,156,128
CCTV14,https://stream1.freetv.fun/bc531e821958f0ef54aa8db7c21b4d6ff4f24b302caa6659b0900e901e29bda2.m3u8,,,,,,,1280x720,CCSH.txt,335,403,成功,h264,25.0,有音频,1.678,156,128
CCTV13,https://stream1.freetv.fun/a1968efdac6a00d9b145649a1df4f2f4215882aa467305813824d1953a5b5b33.m3u8,,,,,,,1280x720,CCSH.txt,5,403,成功,h264,25.0,有音频,1.650,156,128
CCTV世界地理,http://hmfs.f3322.net:3388/hls/28/index.m3u8,,,,,,,1920x1080,CCSH.txt,214,200,成功,h264,50.0,有音频,5.436,16,12
CCTV8,http://111.221.137.234:44330/tsfile/live/0008_1.m3u8?key=txiptv&playlive=0&authid=0,,,,,,,1280x720,CCSH.txt,193,200,成功,h264,25.0,有音频,3.210,8,8
CCTV7,http://113.25.252.226:9901/tsfile/live/1011_1.m3u8?key=txiptv&playlive=1&authid=0,,,,,,,720x576,CCSH.txt,521,200,成功,h264,25.0,有音频,2.539,16,12
湖南卫视,https://stream1.freetv.fun/98483d49b7664cad39569fa5fe740d789fc54ce26dda630432eefd8647a9885b.m3u8,,,,,,,1280x720,CCSH.txt,331,403,成功,h264,25.0,有音频,1.685,156,128
湖南卫视,https://stream1.freetv.fun/f2b4f1257679ac5705b60ad927003ba3615bfa2b88e85f60f77cea00c422b661.m3u8,,,,,,,1280x720,CCSH.txt,5,403,成功,h264,25.0,有音频,1.678,156,128
CCTV10,https://stream1.freetv.fun/0937483bd03ffa7801b20d2dd1857d0806bb69dbd4a947475f1511d7d448c44a.m3u8,,,,,,,1280x720,CCSH.txt,5,403,成功,h264,25.0,有音频,1.704,156,128
CCTV13,https://www.freetv.top/migu/608807423.m3u8?migutoken=85d3cf2d1e1511208a2074a3da420becee120fffec82c80e13e533bb191e19cba13d3f9831f111202869da1200838bc62ed7dcc00a437f0c3f013a2f2fbd4d23de657fbc5d9b1b4f432f49b15d,,,,,,,1920x1080,CCSH.txt,423,200,成功,h264,30.0,有音频,0.830,156,128
CCTV12,https://iptv.catvod.com/live.php?id=CCTV-12,,,,,,,1920x1080,CCSH.txt,32,200,成功,h264,30.0,有音频,0.423,156,128
CCTV14,https://stream1.freetv.fun/115b551bd6a7b8d5bf03318abf56d21464ae2c83e336d4eb7922aac92a74965d.m3u8,,,,,,,1280x720,CCSH.txt,6,403,成功,h264,25.0,有音频,1.710,156,128
CCTV10,http://111.221.137.234:44330/tsfile/live/0010_1.m3u8?key=txiptv&playlive=0&authid=0,,,,,,,1280x720,CCSH.txt,192,200,成功,h264,25.0,有音频,2.024,8,8
CCTV11,https://stream1.freetv.fun/883cf5ed5a80c6930564927ac008c9239378987db7d355ae42e6634b9dc86bbc.m3u8,,,,,,,1280x720,CCSH.txt,5,403,成功,h264,25.0,有音频,1.692,156,128
CCTV12,http://111.221.137.234:44330/tsfile/live/0012_1.m3u8?key=txiptv&playlive=0&authid=0,,,,,,,1280x720,CCSH.txt,382,200,成功,h264,25.0,有音频,1.847,8,8
CCTV8,https://stream1.freetv.fun/16ce7a79d2fb02653cbbd81553872390bc8910f5054969356170ae99c2f175fe.m3u8,,,,,,,1280x720,CCSH.txt,8,403,成功,h264,25.0,有音频,1.639,156,128
CCTV13,https://stream1.freetv.fun/eaf6b9b2d576f79181b6050707c8f5729d82f01658112c9f03adca8de05b057e.m3u8,,,,,,,1280x720,CCSH.txt,330,403,成功,h264,25.0,有音频,1.665,156,128
CCTV17,https://www.freetv.top/migu/673168256.m3u8?migutoken=81ac3a9691673bbadc0abb61895a65f76edc831fc677379a77bb8b59f97b6bf03a0118033076f6f6ee6b852a9bd9b8204c27e76c8b5b659afde87697572ce5f71ff18b17f5d69edaa8778bf462,,,,,,,1920x1080,CCSH.txt,1455,200,成功,h264,30.0,有音频,1.671,24,20
CCTV9,http://m.061899.xyz/mg/cctv9,,,,,,,1280x720,CCSH.txt,29,403,成功,h264,25.0,有音频,1.926,8,8
CCTV13,https://stream1.freetv.fun/45f42d1a050cf53e2d50d82e9c5091876cc2c2a46d16ada78a48b171e214bba7.m3u8,,,,,,,1920x1080,CCSH.txt,334,403,成功,h264,25.0,有音频,4.260,110,88
CCTV12,https://stream1.freetv.fun/08821321f1021399debb8c447ff401b821fd25732aa1387442824c741d2c3317.m3u8,,,,,,,1280x720,CCSH.txt,7,403,成功,h264,25.0,有音频,1.680,156,128
CCTV13,https://stream1.freetv.fun/7efe02dcb4e8722121af5a3b1e462b7adc8cd466829e19356504fe1d572ad213.m3u8,,,,,,,1280x720,CCSH.txt,335,403,成功,h264,25.0,有音频,1.677,156,128
湖南卫视,https://stream1.freetv.fun/4c9ed17b99d00d31663e2a1dd51e99df06d5e08390ddbdaae8c762e06420e26e.m3u8,,,,,,,1280x720,CCSH.txt,5,403,成功,h264,25.0,有音频,1.643,156,128
CCTV7,https://www.freetv.top/migu/673168121.m3u8?migutoken=11284a6f3b3b2fa213fe083e46e96de1056fd7727d3d02e2cb4c2eb6c9994c51a6d20f333eba2d4739cee8fe8d82b5a8ed95fbfa87d5df4d792df3f436e23df7ce80f601e526e1e967f1479a14,,,,,,,1920x1080,CCSH.txt,1636,200,成功,h264,30.0,有音频,1.020,156,128
CCTV10,https://stream1.freetv.fun/3025f062afb1cb23784f5ffdfaa4ff243b2d34cbaa22fc930a83afefea1b644d.m3u8,,,,,,,1280x720,CCSH.txt,5,403,成功,h264,25.0,有音频,1.658,156,128
CCTV15,https://stream1.freetv.fun/9350a599d0593a4eb692e9a5c26a4b0777dc9758db460b4e02a9ffa970765999.m3u8,,,,,,,1280x720,CCSH.txt,6,403,成功,h264,25.0,有音频,1.671,156,128
CCTV9,https://stream1.freetv.fun/06f30812dfb61ca21d2050d592f37a13218123fcf52862853525689a54ddda23.m3u8,,,,,,,1280x720,CCSH.txt,5,403,成功,h264,25.0,有音频,2.081,156,128
CCTV14,https://stream1.freetv.fun/42eff2ece8961ea3482558a01253af9c8362e8f498f71e244233be7bdd11fd65.m3u8,,,,,,,1280x720,CCSH.txt,332,403,成功,h264,25.0,有音频,1.698,156,128
CCTV10,https://stream1.freetv.fun/e80c42bf7edf60df8a31f6bd221d0798622512c7c3adc6f3fe2bae17dfed5b97.m3u8,,,,,,,1280x720,CCSH.txt,5,403,成功,h264,25.0,有音频,1.694,156,128
CCTV8,https://stream1.freetv.fun/60ff50ba97c33e8a350f382aa200a9e262ee9dc03c3e483413b1a1fbb1808a18.m3u8,,,,,,,1280x720,CCSH.txt,14,403,成功,h264,25.0,有音频,1.719,156,128
CCTV13,https://stream1.freetv.fun/c92658f2e78926bac3fafe31855e6ef360b3e25e974deae70e74d425dcb4b2c1.m3u8,,,,,,,1280x720,CCSH.txt,5,403,成功,h264,25.0,有音频,1.659,156,128
湖南卫视,https://stream1.freetv.fun/a1bdb73d7739fce77368508dc82aff2bf83a73441468e548a9004f0763f6cb35.m3u8,,,,,,,1280x720,CCSH.txt,331,403,成功,h264,25.0,有音频,1.675,156,128
CCTV15,https://www.freetv.top/migu/673168223.m3u8?migutoken=da6d2f0a50c0d2ccf5830584134b017533f7cff9f8483f5d99db04942d1fb2e65f1ee80072875ff98602f2953980c392524de2229b370059832da0fcdc26f899851f1166d08673d4747acd9f8a,,,,,,,1920x1080,CCSH.txt,484,200,成功,h264,30.0,有音频,1.135,156,128
CCTV12,http://www.freetv.top/migu/673168185.m3u8?migutoken=21a3954b28c73a4240272889ec94c3318c23068f666c79e61379cb154a890e4e7e3c998a578b29a381972f128751898531cb713221ff95385afec91149321ad772e31489fa01e553c8223e976a,,,,,,,1920x1080,CCSH.txt,708,200,成功,h264,30.0,有音频,1.175,156,128
CCTV10,https://stream1.freetv.fun/702a248005dd0225d8ed1dfb970e3a9bf4c3c41c0369865e4844b6130b4ff0d0.m3u8,,,,,,,1920x1080,CCSH.txt,4,403,成功,h264,50.0,有音频,2.147,36,28
湖南卫视,https://stream1.freetv.fun/3addbcd2d23c56ddc32c16f652c4718410dc3e760468b4b14a33cfc2a7e84d52.m3u8,,,,,,,1280x720,CCSH.txt,335,403,成功,h264,25.0,有音频,1.672,156,128
CCTV11,https://stream1.freetv.fun/91c6c9a30aa46414e233ccad6dbcf8680e624440eadccb1ab8a7e16f5a37ba75.m3u8,,,,,,,1280x720,CCSH.txt,4,403,成功,h264,25.0,有音频,1.670,156,128
CCTV9,https://migu.188766.xyz/?migutoken=04cd2cc8970d8153f9dad9ecc1d6dd29&id=CCTV9&type=yy,,,,,,,1280x720,CCSH.txt,33,403,成功,h264,25.0,有音频,2.237,8,8
CCTV11,https://stream1.freetv.fun/dcef14ce5251b74634feed59c5fe81680a6c6808c27c2c4646e99d2f73be088c.m3u8,,,,,,,1280x720,CCSH.txt,5,403,成功,h264,25.0,有音频,1.741,156,128
CCTV12,https://www.freetv.top/migu/673168185.m3u8?migutoken=31f1f7706893174b07ad63d278f68bdbc05d1220b36e0b0e4562d7f178a678551b4a327c4a82e2d31097779e60029fb200d4b109d504cc7e3b1b689ebc69e062a20f41e4bbba0fadcf402d0293,,,,,,,1920x1080,CCSH.txt,372,200,成功,h264,30.0,有音频,1.293,156,128
CCTV17,https://stream1.freetv.fun/23abb433c4d4d3f9b7404c436968ce01a4529c7914268869db9289798ce25dbb.m3u8,,,,,,,1280x720,CCSH.txt,13,403,成功,h264,25.0,有音频,1.693,156,128
CCTV14,https://stream1.freetv.fun/20094956c45f041ec42bc166f2c524782893f7d08c633f17ab729e9906f97141.m3u8,,,,,,,1280x720,CCSH.txt,5,403,成功,h264,25.0,有音频,1.723,156,128
CCTV13,https://stream1.freetv.fun/a9631c113e023803a095cdee3ce217ee78fdc91d2374789f5fcbf3181dd265d4.m3u8,,,,,,,1280x720,CCSH.txt,332,403,成功,h264,25.0,有音频,1.688,156,128
CCTV17,https://stream1.freetv.fun/1316eecb8e0b4da4df15c1027663095f3479ac52479f8c8605da5c1509555414.m3u8,,,,,,,1280x720,CCSH.txt,20,403,成功,h264,25.0,有音频,1.681,156,128
CCTV12,https://stream1.freetv.fun/bc0c57f3ba2aafe4da0f9f2d7ab1daaa00b01f677be68a5bc68c11171cc3b6ca.m3u8,,,,,,,1280x720,CCSH.txt,329,403,成功,h264,25.0,有音频,1.672,156,128
CCTV13,https://www.freetv.top/migu/608807423.m3u8?migutoken=b3b4ddc2f6494b8b098f8722480f65f33fabde80e2873f9c7ad3a37c1d0e0053da396027d844896109a0c960d9c8be0b4932204b5648e71ef398f07c48501fade68f689c2175b139ba190f4ab4,,,,,,,1920x1080,CCSH.txt,385,200,成功,h264,30.0,有音频,2.271,156,128
CCTV15,https://stream1.freetv.fun/b6471612ff93f473cb2ee91c3ff6906679d13069d317af4fb516e0002bbd32bb.m3u8,,,,,,,1280x720,CCSH.txt,18,403,成功,h264,25.0,有音频,1.719,156,128
CCTV7,https://migu.188766.xyz/?migutoken=0878594d1daf10dc5c810be1b68f9d95&id=CCTV7&type=yy,,,,,,,1920x1080,CCSH.txt,54,403,成功,h264,28.0,有音频,0.444,144,116
CCTV13,https://stream1.freetv.fun/75449846fdd70f3b2b1acd620272504c630d0f9a3c306d1fb45c459e7c641fe5.m3u8,,,,,,,1280x720,CCSH.txt,334,403,成功,h264,25.0,有音频,1.689,156,128
湖南卫视,https://stream1.freetv.fun/ee2701164e3077afe601326c475f60d17f4c82fc2988f8ae7053c350ddf8fda6.m3u8,,,,,,,1280x720,CCSH.txt,7,403,成功,h264,25.0,有音频,1.675,156,128
CCTV17,https://www.freetv.top/migu/673168256.m3u8?migutoken=e7dc493273bb331a8b7e0d3c475924ad4706b90f18fd4775c1c134103274e9ad9d59015289e02877b65420a149fcae4f793ded0177cc600ac79d9a95a234e4a8db198072e6973c4a14c05c9dc6,,,,,,,1920x1080,CCSH.txt,1582,200,成功,h264,30.0,有音频,1.984,140,116
CCTV13,https://stream1.freetv.fun/6cc8f4fde2a46e1219682cea55cbeb311805fc0deb26d82777f1dcac09e2d82d.m3u8,,,,,,,1280x720,CCSH.txt,10,403,成功,h264,25.0,有音频,1.679,156,128
CCTV12,https://migu.188766.xyz/?migutoken=cb9b97258ece52ca4d2d5780f6ca25ab&id=CCTV12&type=yy,,,,,,,1920x1080,CCSH.txt,35,403,成功,h264,28.0,有音频,0.450,144,116
CCTV9,https://stream1.freetv.fun/21a84c616496dfbb175a898f5d41b9ae02235ef2138fcaafb642febf53e71377.m3u8,,,,,,,1280x720,CCSH.txt,4,403,成功,h264,25.0,有音频,1.656,156,128
CCTV9,https://www.freetv.top/migu/673168140.m3u8?migutoken=5bb8ab9294311f37faa3cdafb812e7239938f092b043159793626f7da52f6d93f4405a7674b273f3c7fa8d727fe739592096467fdead662c2b86ead7f5f30b097195cdba6fbe0b0f48b1b06a83,,,,,,,1920x1080,CCSH.txt,354,200,成功,h264,30.0,有音频,0.928,156,128
CCTV16,http://nn.7x9d.cn/xzc2.php?ua=TW96aWxsYS81LjAgKFdpbmRvd3MgTlQgNi4xOyBXaW42NDsgeDY0KSBBcHBsZVdlYktpdC81MzcuMzYgKEtIVE1MLCBsaWtlIEdlY2tvKSBDaHJvbWUvMTA2LjAuMC4wIFNhZmFyaS81MzcuMzY=&hls=aHR0cDovL3R2dGouanh3bHR4LmNvbTo4MDAzL2NjdHY1cC5tM3U4,,,,,,,1920x1080,CCSH.txt,2450,200,成功,h264,50.0,有音频,7.443,16,12
CETV2,https://migu.188766.xyz/?migutoken=d64ce1995bccd85ece2cba7ab157e68a&id=CETV2&type=yy,,,,,,,1920x1080,CCSH.txt,28,403,成功,h264,28.0,有音频,0.462,144,116
CCTV10,https://iptv.catvod.com/live.php?id=CCTV-10,,,,,,,1920x1080,CCSH.txt,28,200,成功,h264,30.0,有音频,0.401,156,128
CCTV8,https://www.freetv.top/migu/624878356.m3u8?migutoken=de4dac1e023dc5afe3e7c62341d5d7b0d315543badb4a09eb185cc1939351c71896ff533cde8be64c3fccafb6c55ed0228850a0f274064a2ac892613f1a71f2d5d6895c1dd2552150c4d9f9bc1,,,,,,,1920x1080,CCSH.txt,1024,200,成功,h264,30.0,有音频,0.790,140,116
CCTV12,https://stream1.freetv.fun/2c98c616dcd0625e1925f95296d9a84fa33e6837825cc93edd4ec07f6d4b6ac0.m3u8,,,,,,,1920x1080,CCSH.txt,5,403,成功,hevc,25.0,有音频,9.997,39,31
CCTV14,http://www.freetv.top/migu/624878440.m3u8?migutoken=303d044cf07163e1e2e8e4ecc8b6696ed836301cf573b626d3c00ec50cd362cc5e6a93afc2fd102cb883155554597d14eaa697edc9b0a30e56fc0115f81d8fbb8b87129e5bedad7d2173178f03,,,,,,,1920x1080,CCSH.txt,870,200,成功,h264,30.0,有音频,1.098,156,128
CCTV15,https://stream1.freetv.fun/b77d28e93a72e1987b7985d26fca84a6570c7c9d995e00ed7dfd78faba44c7a7.m3u8,,,,,,,1280x720,CCSH.txt,16,403,成功,h264,25.0,有音频,1.680,156,128
CCTV11,https://migu.188766.xyz/?migutoken=03cfeeebedb7b45955201657de7b0c4d&id=CCTV11&type=yy,,,,,,,1280x720,CCSH.txt,23,403,成功,h264,25.0,有音频,2.289,8,8
CCTV11,https://www.freetv.top/migu/667987558.m3u8?migutoken=1d0a7c51349d0d29392d62f5685c0adeccb58bc9a3ffea11a91caa97486b3676f1419283c7373cda120fc07d90d911e4191c58663b10666354a5140046e37437b3dfa6cb78242873fb16b97565,,,,,,,1920x1080,CCSH.txt,481,200,成功,h264,30.0,有音频,1.005,156,128
CCTV7,https://www.freetv.top/migu/673168121.m3u8?migutoken=e78f83938702d1bbe1b942fbec9a4863f5e3233d946d4cb9d5650315c000e4b18fbeeecf6ea2debe700775517292edb56b8b5d596b464d112fbf4dc3fab926b0f9ec01cf52b7a4a97b4be82ad4,,,,,,,1920x1080,CCSH.txt,1491,200,成功,h264,30.0,有音频,0.840,156,128
CCTV9,https://stream1.freetv.fun/b1441aafad046fdc14f8c74f647d28ce7841fef2633d1aedccf8c575d1e9668f.m3u8,,,,,,,1280x720,CCSH.txt,5,403,成功,h264,25.0,有音频,1.716,156,128
CCTV17,http://cdn6.bkpcp.top/tl/tuiliu.php?id=cctv17,,,,,,,1280x720,CCSH.txt,33,403,成功,h264,25.0,有音频,2.264,8,8
CCTV7,https://www.freetv.top/migu/673168121.m3u8?migutoken=97a46285e2ac80354b4cda7972c410ce7c4ea2d42ac569d87ec2072905e3f1274f652ad22225021e86a0449f109ca248ae7e401e49373b725d4190ff653b660e58abedd89065cf4c052ea97e81,,,,,,,1920x1080,CCSH.txt,1166,200,成功,h264,30.0,有音频,1.021,8,8
CCTV11,https://stream1.freetv.fun/17d891eae505df11015721769460efb5710e894fe09b781364d6b052e6255b4e.m3u8,,,,,,,1280x720,CCSH.txt,5,403,成功,h264,25.0,有音频,1.650,156,128
CCTV10,https://stream1.freetv.fun/eebadcfaecdf8fdfc207da4e2201043e5c7f5d79f56b03f1e44d17886d7546f5.m3u8,,,,,,,1280x720,CCSH.txt,5,403,成功,h264,25.0,有音频,1.664,156,128
CCTV10,https://stream1.freetv.fun/cc782ceeaaa1103be2593c8ad493ee337d4abd4f903f28d9fa21016020914069.m3u8,,,,,,,1280x720,CCSH.txt,5,403,成功,h264,25.0,有音频,1.648,156,128
CCTV10,https://www.freetv.top/migu/624878405.m3u8?migutoken=e7e8abe9ae322869a93e8450014e08c5949217331c53007abb9f6eee64b06cc42f81828befee8b129005bcdebf805a1bbd19f0949e8329cf7ff4ab9379e930cfb8185ddf66c83b972ea6481e86,,,,,,,1920x1080,CCSH.txt,1163,200,成功,h264,30.0,有音频,0.934,128,104
CCTV12,https://stream1.freetv.fun/f413444f457880c1a54a406268022be7f3af3d735d544c8eb9ce02d882acadde.m3u8,,,,,,,1280x720,CCSH.txt,5,403,成功,h264,25.0,有音频,1.690,156,128
CCTV11,https://stream1.freetv.fun/35afa74920f53491fd0b0d0b59d19ab68031b5ae3609ebf8371fd52e7102849b.m3u8,,,,,,,1280x720,CCSH.txt,7,403,成功,h264,25.0,有音频,1.674,156,128
CCTV10,https://www.freetv.top/migu/624878405.m3u8?migutoken=57856cbec134c6ff7a049829b18cdb5c22c6e65b4d00db56bf05367137ce52b45d1641ce2d193f0e2bc4b2fb3a0253c58dcd15e7ccd521b07f795e8bc2e63a68c24bb377becebc67f96cd23d21,,,,,,,1920x1080,CCSH.txt,431,200,成功,h264,30.0,有音频,2.168,156,128
CCTV8,https://www.freetv.top/migu/624878356.m3u8?migutoken=a5eae829671ac326f37a16f65535b257f90b8bda77984094ab1ccd94b6ef5e7ff48889c5a21a84f1150dfd3a6e390047ac48c3f964608c11a0dfcdfadb1d36607b4f2f6fccd07ed9bdbd92a98e,,,,,,,1920x1080,CCSH.txt,1158,200,成功,h264,30.0,有音频,1.934,140,116
CCTV8,https://migu.188766.xyz/?migutoken=9ed28327707ac34f241450b03894a149&id=CCTV8&type=yy,,,,,,,1280x720,CCSH.txt,22,403,成功,h264,25.0,有音频,2.325,8,8
CCTV11,https://stream1.freetv.fun/6123793b04047f9d1985cdab1ce37c47bee9c9b8668d8e453b5242a2bb62d3f3.m3u8,,,,,,,1280x720,CCSH.txt,9,403,成功,h264,25.0,有音频,1.697,156,128
CCTV15,http://m.061899.xyz/mg/cctv15,,,,,,,1280x720,CCSH.txt,29,403,成功,h264,25.0,有音频,1.785,8,8
CCTV15,https://stream1.freetv.fun/05c59142eeb716bb8448d69b52d02357573b651462d2c14b60cdfce47deb124e.m3u8,,,,,,,1280x720,CCSH.txt,40,403,成功,h264,25.0,有音频,1.658,156,128
CCTV7,https://www.freetv.top/migu/673168121.m3u8?migutoken=77f3d07c8c715fc3df72eeb3151a68e9169b4e17d5d0be3ff0eccb5d0a34a91fe58a22d4bdfa529c8c752579855b46458434107509993fa5f5abc00210d466c2a969d6bd3f9f0c6f6b0deca814,,,,,,,1920x1080,CCSH.txt,1128,200,成功,h264,30.0,有音频,0.802,24,20
CCTV9,https://www.freetv.top/migu/673168140.m3u8?migutoken=9cebd017730e6020100052694015764931490d9ade0a92839f3198d104590414f3e93626dcf6f49b091a21735b592dc818723022c59d669f301e707c1ec905675a758fc939301e086d4569e77d,,,,,,,1920x1080,CCSH.txt,1501,200,成功,h264,30.0,有音频,0.854,156,128
CCTV4K,http://www.520345.xyz:8188/rtp/239.69.1.111:10304?,,,,,,,3840x2160,CCSH.txt,714,200,成功,h264,25.0,有音频,5.645,26,20
CCTV11,https://www.freetv.top/migu/667987558.m3u8?migutoken=6f0aba8bb528e29d40340f6930899fd9d7af9fd013c355a61146d5528e6ac297c46d65935ffcea640455737c324736dd8a29f22083f5450155873c9e89d3a4fb8b6b92b897a7dc62ad55fd891d,,,,,,,1920x1080,CCSH.txt,776,200,成功,h264,30.0,有音频,0.741,156,128
CCTV14,https://www.freetv.top/migu/624878440.m3u8?migutoken=eaad08d0bfccf8c4382ff1f2e3c2f769c6d62fb1cda8b24b779b43b56eec4ac7a432e4bef55fc474d155a75d510d7ffeb41877414dd28a33953b642091bb06529b0e6d5af63a21c4c707a84d57,,,,,,,1920x1080,CCSH.txt,384,200,成功,h264,30.0,有音频,0.757,8,8
CCTV9,https://stream1.freetv.fun/ce906185e5183caa03ebb206c510ef636fb84841239d53fb4312737adcb7d53a.m3u8,,,,,,,1280x720,CCSH.txt,8,403,成功,h264,25.0,有音频,1.676,156,128
CCTV8,https://www.freetv.top/migu/624878356.m3u8?migutoken=77954cedc9129b5a32fc5051e38d53f2a899c7ac8a3816f202e171a39033d50f1e215095f4684658c35d35acfba5b76b4dfc1a9a6a0ec9fa3c481dee98b5d3f1cb4420d2aa955486a1f38d735e,,,,,,,1920x1080,CCSH.txt,1704,200,成功,h264,30.0,有音频,0.929,156,128
CCTV11,https://www.freetv.top/migu/667987558.m3u8?migutoken=14896515d1514a4437b9fc787f82cc339fe93aeeb6c156d0db550c36ad47ad15227653e5e1212a901544141c80eaeb141492d17e72b51ec0f8367c6081e6f56027d717b45ee0502bd44fc7b295,,,,,,,1920x1080,CCSH.txt,1189,200,成功,h264,30.0,有音频,0.763,156,128
CCTV15,https://stream1.freetv.fun/68e30c36f40d9c89b681379d0dc910f0e0fc80c838759dd5194422f946515f76.m3u8,,,,,,,1280x720,CCSH.txt,6,403,成功,h264,25.0,有音频,1.711,156,128
CCTV13,https://www.freetv.top/migu/608807423.m3u8?migutoken=b0ebf450385413f8d70e72a92ceba03e41170d59df1374472666311b9a1b26c2665ac29d287ef869f8998593325508eed5b09a4020d14bc557a3fe580eea0c0f4c2c13a4581ddb400575b8d3e9,,,,,,,1920x1080,CCSH.txt,428,200,成功,h264,30.0,有音频,0.871,140,116
CCTV9,https://www.freetv.top/migu/609006487.m3u8?migutoken=aa6b7733654f88e6bc50f2966887b2eb428623c5d6d66fe9d0fc7de43f9aa6a724f12ec1f0d65aae1c1decba5cd1444cbdea8c24adbc56c5a79a1dbd2828e6deb293dace8a518080d5d1f0cb2b,,,,,,,1920x1080,CCSH.txt,1104,200,成功,h264,30.0,有音频,0.699,24,20
CCTV9,https://stream1.freetv.fun/57b417007b9bde2713ab0b6c1f25399e0da6a5fda1443d33d81fc0ba399e6bae.m3u8,,,,,,,1280x720,CCSH.txt,5,403,成功,h264,25.0,有音频,1.683,156,128
CCTV13,http://www.freetv.top/migu/608807423.m3u8?migutoken=d8e7d5104925c13570533f5db2f808b4613be4d2901d3d406a67fca92ee219bc3692dff97d63d38123fde519465b77404b0a2c0c59bec5e83ad2be42019845acc7e59290159021d585352689cc,,,,,,,1920x1080,CCSH.txt,506,200,成功,h264,30.0,有音频,1.022,140,116
CCTV15,https://stream1.freetv.fun/1fb9b8c68cdc4c18d756b5fb61316915d0e4de2daa80ffd61508ad252acd7a66.m3u8,,,,,,,1280x720,CCSH.txt,9,403,成功,h264,25.0,有音频,1.668,156,128
CCTV15,http://yp.qqqtv.top/1/api.php?id=CCTV-15HD&auth=666858,,,,,,,1920x1080,CCSH.txt,743,200,成功,h264,25.0,有音频,0.827,8,8
CCTV13,https://stream1.freetv.fun/fc94bc81376ea01b8f79faa66d741ce809a9c806fdaa6b310ff275e5792e2195.m3u8,,,,,,,1280x720,CCSH.txt,5,403,成功,h264,25.0,有音频,1.654,156,128
CCTV10,https://stream1.freetv.fun/fec45b2900e5d858cb7375e33af1adf63d089424e7d37955bb3b957ce7239f60.m3u8,,,,,,,1280x720,CCSH.txt,10,403,成功,h264,25.0,有音频,1.919,156,128
CCTV13,https://stream1.freetv.fun/dbe09664abd438c8571db1ff21d0b8ada1c9009e3a7c90681d9ec1592cf9d726.m3u8,,,,,,,1920x1080,CCSH.txt,5,403,成功,hevc,25.0,有音频,4.209,60,48
CCTV7,https://www.freetv.top/migu/673168121.m3u8?migutoken=39f299ba0d4c0dd00c89550497da4b7b2de0752f52a9831160904f0fa48d0e4f14936c2d2e794d39ef3d9fec119c22460c845abc4c1f894d73f27e21754ec4a1aec51a4285c036e5a6febf8b71,,,,,,,1920x1080,CCSH.txt,701,200,成功,h264,30.0,有音频,1.167,156,128
CCTV12,https://www.freetv.top/migu/673168185.m3u8?migutoken=a099c4781935e65ce141b770794c3b43ae66c9cff99a441ab85b8a676ceb9472ea0e60b610403e97c019904f7c814c2524dc1f8f884664706b7b5a1ce4fd076c7f8c776c9d73f4a0fc12b259f3,,,,,,,1920x1080,CCSH.txt,427,200,成功,h264,30.0,有音频,1.096,140,116
CCTV8,https://stream1.freetv.fun/f93e3ef4f01e4696e90224ac98d6232c9b3e307da4eeb4309082d7df89c83049.m3u8,,,,,,,1280x720,CCSH.txt,5,403,成功,h264,25.0,有音频,1.662,156,128
CCTV10,https://www.freetv.top/migu/624878405.m3u8?migutoken=07b6e1d4124dd85ca8138b8d8dcd646323952053748d7d5ac0a2b31dcb6626c605fb05470545bd0f7e0d23e807e6909b517b2b8b5e2eaa926600edaa15d80aee9b900245924108c86040411cd4,,,,,,,1920x1080,CCSH.txt,491,200,成功,h264,30.0,有音频,0.990,140,116
CCTV15,https://stream1.freetv.fun/648b7be65cb664f74ece6bf06fd0da367985b0f334507540fdbc65728052feee.m3u8,,,,,,,1280x720,CCSH.txt,19,403,成功,h264,25.0,有音频,1.656,156,128
CETV2,https://migu.188766.xyz/?migutoken=80d135103cebd5c6f3469ef1473f7bd9&id=CETV2&type=yy,,,,,,,1280x720,CCSH.txt,24,403,成功,h264,25.0,有音频,2.729,8,8
CCTV9,http://btjg.net:809/hls/9/index.m3u8,,,,,,,1920x1080,CCSH.txt,1134,200,成功,h264,50.0,有音频,9.052,8,8
CCTV9,https://stream1.freetv.fun/3c6125aad8eab2287c7cb76da027f3e9673949eec3709dc9f3fd0e3ae9ab4548.m3u8,,,,,,,1920x1080,CCSH.txt,14,403,成功,h264,25.0,有音频,0.737,8,8
CCTV12,https://stream1.freetv.fun/324e6aa1dded3b4f9b181969fad75b68afe050090a40010aba5b8eb9cf1493a2.m3u8,,,,,,,1280x720,CCSH.txt,5,403,成功,h264,25.0,有音频,1.650,156,128
CCTV10,https://stream1.freetv.fun/f469851fa4b0067631736e4bded110d5c7590a800adc30e535c02044b6301a09.m3u8,,,,,,,1280x720,CCSH.txt,5,403,成功,h264,25.0,有音频,1.672,156,128
CCTV14,https://iptv.catvod.com/live.php?id=CCTV-14,,,,,,,1920x1080,CCSH.txt,886,200,成功,h264,30.0,有音频,0.396,156,128
CCTV7,https://migu.188766.xyz/?migutoken=3c91fa9ea0cc78e41de7b5fb8e66f2d3&id=CCTV7&type=yy,,,,,,,1920x1080,CCSH.txt,27,403,成功,h264,28.0,有音频,0.447,144,116
CCTV14,https://stream1.freetv.fun/d5d181315c7288c2ea5893ce2c27cdf9e592309968f3dfc80ca5f73de0415624.m3u8,,,,,,,1280x720,CCSH.txt,5,403,成功,h264,25.0,有音频,1.655,156,128
CCTV13,https://stream1.freetv.fun/069b3db18ed7e22abd36bc19d185900fc7b42b88e7ffb7c04bbec2300ed1aada.m3u8,,,,,,,1280x720,CCSH.txt,5,403,成功,h264,25.0,有音频,1.706,156,128
CCTV17,https://stream1.freetv.fun/ef60915d9516743e9d13ccf8cec20c5653b4eabe634e7f7bfbc90ff4d3798553.m3u8,,,,,,,1280x720,CCSH.txt,12,403,成功,h264,25.0,有音频,1.661,156,128
CCTV14,https://stream1.freetv.fun/613e64a45ba786d982adb7fa23ecc25c943fada1e41054da62120b55ede05fb9.m3u8,,,,,,,1280x720,CCSH.txt,5,403,成功,h264,25.0,有音频,1.681,156,128
CCTV9,https://migu.188766.xyz/?migutoken=5d5c0fbe37e987b7a21e5be4a0f9dccb&id=CCTV9&type=yy,,,,,,,1920x1080,CCSH.txt,62,403,成功,h264,28.0,有音频,0.447,144,116
CCTV11,https://stream1.freetv.fun/a296e075276025c13fccaa815a2a2968db83b532e3dcdd87dea6d56e3b63152a.m3u8,,,,,,,1920x1080,CCSH.txt,4,403,成功,hevc,25.0,有音频,11.137,22,18
CCTV11,https://stream1.freetv.fun/ac135f3f5e389db99311c5a5acf9e673707e60b26de5f34a4035377c59d4a316.m3u8,,,,,,,1280x720,CCSH.txt,6,403,成功,h264,25.0,有音频,1.670,156,128
CCTV12,http://112.27.235.94:8000/hls/13/index.m3u8,,,,,,,1920x1080,CCSH.txt,156,200,成功,h264,50.0,有音频,1.503,8,8
CCTV7,https://iptv.catvod.com/live.php?id=CCTV-7,,,,,,,1920x1080,CCSH.txt,312,200,成功,h264,30.0,有音频,0.412,156,128
CCTV9,https://www.freetv.top/migu/673168140.m3u8?migutoken=bf18bf699c0dc93a6e5b0ebd94f0e14b7aac68f848bdb2bfc52120a5b0c3db69e41d1b5ff8515aa4da37ccb9412e9b6e42b02d94c62edccf595ab49084cce74ebcb951706db0ff5c76ecbe35fe,,,,,,,1920x1080,CCSH.txt,383,200,成功,h264,30.0,有音频,0.795,8,8
CCTV7,https://www.freetv.top/migu/673168121.m3u8?migutoken=a878b713604abd82c57cce75de174e0284d3f101e21d0c3e362670e4b5a5e75d9b42846e5e0adf92c1ad15c63d60934f3e68c25f787bc0665d12acde75a6db4761278e79b762292ed5b5a2fae3,,,,,,,1920x1080,CCSH.txt,2274,200,成功,h264,30.0,有音频,0.732,156,128
CCTV9,https://stream1.freetv.fun/77b54dd53f15bc428409639f6ca0809b35504f05748ab5c315ed24c63b282e81.m3u8,,,,,,,1280x720,CCSH.txt,5,403,成功,h264,25.0,有音频,1.671,156,128
CCTV10,https://stream1.freetv.fun/0097d6d3aaaae0d7ba50b88694af9eedac6c2c47f58f439b7df562d5d69db3b1.m3u8,,,,,,,1280x720,CCSH.txt,7,403,成功,h264,25.0,有音频,1.883,156,128
CCTV11,https://www.freetv.top/migu/667987558.m3u8?migutoken=16827d54043eba69d051685229b1d0623c01f398f643b3a7d912c9929d6525025ef57eb61666d45bb70dfc86405aa336ca762f0bda4f0284d98eddae4042805df42661f954a1d40820829ec8c2,,,,,,,1920x1080,CCSH.txt,333,200,成功,h264,30.0,有音频,0.800,140,116
CCTV17,https://iptv.catvod.com/live.php?id=CCTV-17,,,,,,,1920x1080,CCSH.txt,455,200,成功,h264,30.0,有音频,0.390,156,128
CCTV16,https://stream1.freetv.fun/f5e0459fd9f11d93ac18af88196997db1c71aeb6d27ce1bd24faccb628652629.m3u8,,,,,,,1280x720,CCSH.txt,14,403,成功,h264,25.0,有音频,1.642,156,128
CCTV11,https://stream1.freetv.fun/b295e709dd85615bdf34e8da41eb11931d04f54e06fe15c04652d69725f20095.m3u8,,,,,,,1280x720,CCSH.txt,5,403,成功,h264,25.0,有音频,1.651,156,128
CCTV13,https://www.freetv.top/migu/608807423.m3u8?migutoken=d04a0fbe708570ac8859ed559ac6241f3a9da203b9f1dcecbbb627c30fca3aac016d99c7e9dc1efa5b5bd973de8170af65d84d3bfdc932709679f2a688284458be83238ceef24aa5196ad54167,,,,,,,1920x1080,CCSH.txt,492,200,成功,h264,30.0,有音频,0.681,24,20
CCTV10,https://stream1.freetv.fun/7323c2efe49f2613b76b504466d61dff2076e1f0c54b5d23d35d9b51f02123c8.m3u8,,,,,,,1280x720,CCSH.txt,5,403,成功,h264,25.0,有音频,1.663,156,128
CCTV17,http://www.freetv.top/migu/673168256.m3u8?migutoken=698e0ff1ba47e7b3e38326199e2ee0a1b7bd0b0dd192935d111a196fb0a283c3070537cce6951301b2cc3e6f7de31ffdb9b7c4095d6c008d8333e21e5070375ca86124640133c9fa4c6ffa847f,,,,,,,1920x1080,CCSH.txt,2325,200,成功,h264,30.0,有音频,1.084,140,116
CCTV8,https://stream1.freetv.fun/fe2385c77e93431d17fc9b53171c4c33b8a775d11fcc722eb3de7d43f8a28395.m3u8,,,,,,,1280x720,CCSH.txt,20,403,成功,h264,25.0,有音频,1.705,156,128
CCTV9,https://stream1.freetv.fun/128ea6b04cff33dbffbf59ea1859f049f54857d25095576396f7311973a463e9.m3u8,,,,,,,1280x720,CCSH.txt,16,403,成功,h264,25.0,有音频,1.701,156,128
CCTV14,https://stream1.freetv.fun/8f94ef4e94fcc0a765e1faa1b4b9a4ec5b22466b7c5d8affb27914f03737ccdb.m3u8,,,,,,,1280x720,CCSH.txt,5,403,成功,h264,25.0,有音频,1.647,156,128
CCTV8,http://www.freetv.top/migu/624878356.m3u8?migutoken=e6e1b0f11b3900539ca13088ccf9da6d0a771d58a295315011db1676c607e4bfd4d2ecf8b5f89e888d98843c67f6657703a3192a098894da656341d37aaa2d4abf591b1a09d80e6fff894dd29d,,,,,,,1920x1080,CCSH.txt,2324,200,成功,h264,30.0,有音频,2.513,156,128
CCTV14,https://www.freetv.top/migu/624878440.m3u8?migutoken=b1f130236741614ca1eaccd92217632731b3c3c0d831bbb7a25004e2ed6d8570b8de27efe2abc85d27a26651d421475c7d50ad99aa55c4aaf55222863fd9d0c80e6d6cf7b8ed52ec2e6cebdd95,,,,,,,1920x1080,CCSH.txt,561,200,成功,h264,30.0,有音频,0.940,156,128
CCTV11,https://stream1.freetv.fun/45924a133f951974f16567235e54151d56b5a41ab7cae3866a9e79a8d366cd09.m3u8,,,,,,,1280x720,CCSH.txt,6,403,成功,h264,25.0,有音频,1.665,156,128
CCTV12,http://go.bkpcp.top/mg/cctv12,,,,,,,1280x720,CCSH.txt,36,403,成功,h264,25.0,有音频,1.771,8,8
CCTV9,https://www.freetv.top/migu/673168140.m3u8?migutoken=4dad15d020c7e258db98f5904ae6df15132c1dc28aefe8bf5e800f37e3445cd3ee5add3d06aae6d910e4708d9adb89cdb619e3bb7bacb873f79812ef4bb4b34316ee0d6cf8ec9a5fed0a82368f,,,,,,,1920x1080,CCSH.txt,405,200,成功,h264,30.0,有音频,1.850,24,20
CCTV12,https://stream1.freetv.fun/87253b3afaea039178ade58ec1a91b1e62964839905c18240f5e1ee7bb8c7e20.m3u8,,,,,,,1280x720,CCSH.txt,7,403,成功,h264,25.0,有音频,1.715,156,128
CCTV10,https://stream1.freetv.fun/47f2da5e9e93a257e9c47aeccfacef9ddb6665ab0752caa93aa4c6e3583ec64f.m3u8,,,,,,,1280x720,CCSH.txt,6,403,成功,h264,25.0,有音频,1.629,156,128
CCTV11,https://www.freetv.top/migu/667987558.m3u8?migutoken=dfda8acb7dfd1d1149e2e4a381e46a298c47e88f939d7deef7846d6e15f76fc596a0a58e349a64678edbb921fc353b458211c4bbf22e23bb75fd1dc9384d8c251c729958bddd28ec81d8c0922f,,,,,,,1920x1080,CCSH.txt,756,200,成功,h264,30.0,有音频,2.012,140,116
CCTV13,http://111.221.137.234:44330/tsfile/live/0013_1.m3u8?key=txiptv&playlive=0&authid=0,,,,,,,1280x720,CCSH.txt,205,200,成功,h264,25.0,有音频,1.637,8,8
CCTV12,https://www.freetv.top/migu/673168185.m3u8?migutoken=76bebb6e232f0fab2255a916973032f09dc402780dd9463245d5237e70aa9461dc91a243e619fe0da57b167eb3d0dea54b5eb6fc957bb9cb07fe18e072e9c76b6e8a128db454b6b97d90206f5a,,,,,,,1920x1080,CCSH.txt,412,200,成功,h264,30.0,有音频,1.046,156,128
CCTV8,https://www.freetv.top/migu/624878356.m3u8?migutoken=fd27f61c7f7fe2cf7f724a0bb82a08a3e2d5c36e0ed91d4004eb9038918cf4e51f974f3288e5832b1e8b7907de8d1a37f400d9f454f47bb3fd4735c99fd4a541c6eea353c7d6d03cf5ec5b7533,,,,,,,1920x1080,CCSH.txt,355,200,成功,h264,30.0,有音频,1.252,156,128
CCTV11,https://www.freetv.top/migu/667987558.m3u8?migutoken=4c903e5316196f2e3d586dc059cbb28c4bee023a690e5e366a6178f6c339df906f37cc0cf3efc277fd847991bc5c69f5d53eb0a19222cf25d5a646a7ae998a25cefc549cdf0f8c5a1c2d38fe88,,,,,,,1920x1080,CCSH.txt,772,200,成功,h264,30.0,有音频,0.835,156,128
CCTV17,https://stream1.freetv.fun/449874b3e1a98f0960a43b24a6c3625aa31c794fb9efcddc8c782a9566e84553.m3u8,,,,,,,1280x720,CCSH.txt,15,403,成功,h264,25.0,有音频,1.655,156,128
CCTV10,http://cdn6.bkpcp.top/tl/tuiliu.php?id=cctv10,,,,,,,1280x720,CCSH.txt,1250,403,成功,h264,25.0,有音频,2.081,8,8
CCTV15,https://stream1.freetv.fun/203af3c8b4c128e0b0bd06584a3ad928371b052d55b127f139aec8022043a791.m3u8,,,,,,,1280x720,CCSH.txt,17,403,成功,h264,25.0,有音频,1.712,156,128
CCTV7,https://migu.188766.xyz/?migutoken=259bac7b27850790a160a293009d4439&id=CCTV7&type=yy,,,,,,,1280x720,CCSH.txt,48,403,成功,h264,25.0,有音频,2.402,8,8
CCTV11,https://www.freetv.top/migu/667987558.m3u8?migutoken=0960d7e074be53abeacd988e7daaca6d1477b1f255f98a01c33c7adf74ac246fe65a23451c3cff9b1203a6285cec778b6d488bd805e9d2433abe3ca23eb24e4f2a5f36bba821773558e1dec231,,,,,,,1920x1080,CCSH.txt,351,200,成功,h264,30.0,有音频,0.840,156,128
CCTV17,https://www.freetv.top/migu/673168256.m3u8?migutoken=9094be8a5828bcdca0c02d6805bd52cc36e4d16a29031a320eaed60d6d74d5b36653a81c659450938ab30e91f4b27468f176d304463164c178f446ff6d44d623dd787da315c58de6d4d0010bb1,,,,,,,1920x1080,CCSH.txt,702,200,成功,h264,30.0,有音频,0.724,8,8
CCTV17,https://www.freetv.top/migu/673168256.m3u8?migutoken=04374bdde2e4223798159ce189b302c8599b8bb84f8d8f3cbd0adbfc1b53ae5f4a89e00409ced1e0b5b37757ed87e5ce46cab61a18a42b67837b361003b0783f61b66a24877938993b4f7a2b50,,,,,,,1920x1080,CCSH.txt,1093,200,成功,h264,30.0,有音频,0.694,8,8
CCTV13,https://www.freetv.top/migu/608807423.m3u8?migutoken=7a9f631c12e3f260a1be234f09172421b9cb241df766874aae8a36485a148b231acfe7a255db39c6e6affcb6015c80f4607fcc3301cfb28d121090c6eef969c85d1a23a3a6e649c0557dda6ae3,,,,,,,1920x1080,CCSH.txt,357,200,成功,h264,30.0,有音频,1.052,24,20
CCTV11,https://www.freetv.top/migu/667987558.m3u8?migutoken=dbfc420c420e30228efe23e562fc0ee670a65ddac45cc355845b855f27a4e5ba04a7e18d73eb58be7427a4bed6ef9056659fbcf58979a56ccbe84899cfdf0644fc1215333ca6210639196795f2,,,,,,,1920x1080,CCSH.txt,431,200,成功,h264,30.0,有音频,0.847,140,116
CCTV12,https://www.freetv.top/migu/673168185.m3u8?migutoken=5423237e9d331ddbd254f9b34f235d2d3a581587f12081d6f4dc2e5fd33889675377b585750675d9d08c0a7620fee257f9f2994877ebd92907417411e935c2e49fbcbe53ead412cd81dfa7dfba,,,,,,,1920x1080,CCSH.txt,482,200,成功,h264,30.0,有音频,0.970,156,128
CCTV10,https://www.freetv.top/migu/624878405.m3u8?migutoken=b1b22121df2bcd800e793b36913fab68d316021b76f648524809136fb73c1f61bca55e7a5b0562383be65dfcb00d638501b42d41f4e66fc266c568cf7a9986d9178f59c8f802bee2700c475a63,,,,,,,1920x1080,CCSH.txt,353,200,成功,h264,30.0,有音频,0.721,156,128
CCTV9,https://stream1.freetv.fun/6bcbb01fda06ee279885e8edf12825738261ae846dc9d2d3f6b06173609e8ae9.m3u8,,,,,,,1280x720,CCSH.txt,5,403,成功,h264,25.0,有音频,1.717,156,128
CCTV7,https://www.freetv.top/migu/673168121.m3u8?migutoken=32baba1f17982a5856b5e4cba671464db867e70aed83bb692d222321841da606ddd218254653225bb49eccb512865497f6b0aace406fda4ee65cc6aa95156575b7fd6665a5ca27b459a46a0761,,,,,,,1920x1080,CCSH.txt,635,200,成功,h264,30.0,有音频,0.831,140,116
CCTV8,http://go.bkpcp.top/mg/cctv8,,,,,,,1280x720,CCSH.txt,29,403,成功,h264,25.0,有音频,2.150,8,8
CCTV15,https://stream1.freetv.fun/30df9bcbf1e18a973565cd2d06034f4b990ed08e51432dff8e73cab327b88ba8.m3u8,,,,,,,1280x720,CCSH.txt,5,403,成功,h264,25.0,有音频,1.646,156,128
CCTV12,https://migu.188766.xyz/?migutoken=c11fe08d31a6f35e486517ef74554777&id=CCTV12&type=yy,,,,,,,1920x1080,CCSH.txt,22,403,成功,h264,28.0,有音频,0.459,116,92
CCTV15,https://iptv.catvod.com/live.php?id=CCTV-15,,,,,,,1920x1080,CCSH.txt,25,200,成功,h264,30.0,有音频,0.377,156,128
湖南卫视,http://27.41.245.32:801/hls/27/index.m3u8,,,,,,,720x576,CCSH.txt,202,200,成功,h264,25.0,有音频,1.659,8,8
CCTV11,https://stream1.freetv.fun/b0a1851b132a32c2caf37955097c561857438e3b9224ad437299c503249be6f4.m3u8,,,,,,,1280x720,CCSH.txt,7,403,成功,h264,25.0,有音频,1.671,156,128
CCTV14,https://stream1.freetv.fun/810e8e594bbd7f110f164ca1f3297900a5be91468d81db0d55494d7a6f79eb19.m3u8,,,,,,,1920x1080,CCSH.txt,6,403,成功,h264,25.0,有音频,0.931,8,8
CCTV8,https://stream1.freetv.fun/1f59b75f4959b505bb081a3ce8ae81372431e7ebccf9d9139416d0148e0ad0cc.m3u8,,,,,,,1280x720,CCSH.txt,9,403,成功,h264,25.0,有音频,1.689,156,128
CCTV15,https://www.freetv.top/migu/673168223.m3u8?migutoken=ecd60d6a580d9f4027ec08213b2a5beffae7f99e3e556123f72b08c8d0bedb77620cbbc5d72108ff458b15f605abc992ccdc991b35dd34802a57ca114b8f7875c9bce1ddfe5bd6775f12be875a,,,,,,,1920x1080,CCSH.txt,497,200,成功,h264,30.0,有音频,0.829,8,8
CCTV10,https://www.freetv.top/migu/624878405.m3u8?migutoken=cdd677bf376d3c88ad570a045459ef0e4297b0711bb8efa426e16b4c0d069c853fdc539b08e8af8014b7362ec2443685fa9b75e5e55c425a2700ddd298bb7a0a104c8e034135b4f2456d0c26ca,,,,,,,1920x1080,CCSH.txt,1683,200,成功,h264,30.0,有音频,0.716,156,128
CCTV11,https://stream1.freetv.fun/3f3cbe35e4ab51d5138589e61d79f5d29e6862401940478ddfa92fb6fcd8a874.m3u8,,,,,,,1280x720,CCSH.txt,15,403,成功,h264,25.0,有音频,1.626,156,128
CCTV11,https://stream1.freetv.fun/380fd2a0e12a88935db9c3b90b011270ffebeaa45361fe123a2db80942184264.m3u8,,,,,,,1280x720,CCSH.txt,13,403,成功,h264,25.0,有音频,1.662,156,128
CCTV11,https://stream1.freetv.fun/bd26ce297532d5423d61f7d895a47df82cacfee0a5987faaf4202574329d7686.m3u8,,,,,,,1280x720,CCSH.txt,5,403,成功,h264,25.0,有音频,1.667,156,128
CCTV17,https://www.freetv.top/migu/673168256.m3u8?migutoken=c505aab29000098934f1ca9d5242dc3a2190c763d3b8cee6e169b420eed692acda4eda40e637ee80eda6dd8a7728facd6367052eb645c558fe35bc0b716d932a07debbc8759ebcde15c9c7f920,,,,,,,1920x1080,CCSH.txt,1677,200,成功,h264,30.0,有音频,0.800,8,8
CCTV8,https://www.freetv.top/migu/624878356.m3u8?migutoken=0a76cbc0bc4ad3f543ea840f676f97981a6e915839a57cc8d1b693f680273e8fa445b7accee1b44eeaa3d77c9c020cb6582b3e96d0f07aeb2f965b3ed20f968f94a9d3064ca1a4249d3e9911c9,,,,,,,1920x1080,CCSH.txt,2002,200,成功,h264,30.0,有音频,0.681,140,116
CCTV12,https://www.freetv.top/migu/673168185.m3u8?migutoken=2c8ff357aa2421f58bdbe7599a401e91b4e82c915fb4cdc01b7b5958d324557b8fe0b9dfc2848124c14b3c90fbeeaaec9a973e08efe51011771d0fbfcdfb36bbb23ba40211547f349c501b6997,,,,,,,1920x1080,CCSH.txt,467,200,成功,h264,30.0,有音频,0.680,156,128
CCTV15,https://stream1.freetv.fun/69daa798c45c1238c608e9adca741c5e6821b79090e5eaf871e9cf324adb7b11.m3u8,,,,,,,1280x720,CCSH.txt,6,403,成功,h264,25.0,有音频,1.661,156,128
CCTV14,https://stream1.freetv.fun/7a42973d6e3495dad1947ccb2140ac18928fb59a2964dd0c15b6cedcb3525ee3.m3u8,,,,,,,1280x720,CCSH.txt,6,403,成功,h264,25.0,有音频,1.659,156,128
CCTV10,https://www.freetv.top/migu/624878405.m3u8?migutoken=c9f89ca38aecd9efd7438d02f07aae1d622407222b2143b84ac81a0b8046d4edf31dff9b382a346f7ec0e11cfbe4780dc7b671024edc7d941d9f8e52bc23439b00a4cd935c472de660659d90ae,,,,,,,1920x1080,CCSH.txt,2399,200,成功,h264,30.0,有音频,0.799,128,104
CCTV10,https://stream1.freetv.fun/6f4489c5bc615294be1c5af5c9abd1f0b3d4e9728da4a010e6385f2ca11facb0.m3u8,,,,,,,1280x720,CCSH.txt,4,403,成功,h264,25.0,有音频,1.696,156,128
CCTV8,https://iptv.catvod.com/live.php?id=CCTV-8,,,,,,,1920x1080,CCSH.txt,27,200,成功,h264,30.0,有音频,0.384,156,128
CCTV11,https://stream1.freetv.fun/37b1c14c3378e510bd07d553a1abcca238f13e040b5b0419b3ece2c9d4f50efd.m3u8,,,,,,,1280x720,CCSH.txt,6,403,成功,h264,25.0,有音频,1.653,156,128
CCTV8,https://stream1.freetv.fun/d98b30c22ad09aa1358e0941e40eafbdf1e9cd179ee8b31a53f5a22ef1bf688b.m3u8,,,,,,,1280x720,CCSH.txt,6,403,成功,h264,25.0,有音频,1.658,156,128
CCTV8,https://www.freetv.top/migu/624878356.m3u8?migutoken=45e1223de8d63b87eeb20d81c0f3b54f9ae9d05c04c31dd7cd16e34dfb7e87e89af131f9f770926ca52aa06ab7e7813505da9344e1536c4e9b912e68832036d923942711ce5a54ba8d39e2db5f,,,,,,,1920x1080,CCSH.txt,2065,200,成功,h264,30.0,有音频,0.833,156,128
CCTV8,http://112.132.10.54:9901/tsfile/live/0008_1.m3u8?key=txiptv&playlive=1&authid=0,,,,,,,720x576,CCSH.txt,417,200,成功,mpeg2video,25.0,有音频,2.524,8,8
CCTV7,https://ldocctvwbcdtxy.liveplay.myqcloud.com/ldocctvwbcd/cdrmldcctv7_1_td.m3u8,,,,,,,1280x720,CCSH.txt,1445,200,成功,h264,25.0,有音频,3.916,104,84
CCTV8,https://stream1.freetv.fun/ae4670e4adf468468cf9116e204824e2c0963be9e2f3add26d7ba7f6861f6d44.m3u8,,,,,,,1280x720,CCSH.txt,5,403,成功,h264,25.0,有音频,1.709,156,128
湖南卫视,https://iptv.catvod.com/live.php?id=%E6%B9%96%E5%8D%97%E5%8D%AB%E8%A7%86%E5%8F%B0,,,,,,,1920x1080,CCSH.txt,25,200,成功,h264,30.0,有音频,0.383,156,128
CCTV11,https://stream1.freetv.fun/27632416c2d0b7008c9115ce0cc3fa91d296004c069613241b48e72241bf3f42.m3u8,,,,,,,1280x720,CCSH.txt,5,403,成功,h264,25.0,有音频,1.634,156,128
CCTV10,https://iptv.catvod.com/live.php?id=CCTV10,,,,,,,1920x1080,CCSH.txt,462,200,成功,h264,30.0,有音频,0.628,128,104
CCTV11,https://stream1.freetv.fun/8feb8630d696cc1b00fc6689b933f13c899a4326fd16df1bdba40c6acd1df63e.m3u8,,,,,,,1280x720,CCSH.txt,5,403,成功,h264,25.0,有音频,1.713,156,128
湖南卫视,https://t.freetv.fun/live/hu-nan-wei-shi-8.m3u8,,,,,,,1920x1080,CCSH.txt,21,403,成功,h264,25.0,有音频,0.374,8,8
CCTV11,https://stream1.freetv.fun/f55a0dc8c0307b296b9df7bbb1e751b12df6f8cad452f9693311ca7bab34e245.m3u8,,,,,,,1280x720,CCSH.txt,6,403,成功,h264,25.0,有音频,1.707,156,128
CCTV9,https://stream1.freetv.fun/5f98918e8819dcb80de3faf43c4aefeea65fb996dd58de52a2e803b03b7946de.m3u8,,,,,,,1280x720,CCSH.txt,21,403,成功,h264,25.0,有音频,1.728,156,128
CCTV15,https://stream1.freetv.fun/01c9fb1d9f15e4e599c750e98b2eb7bbc166f9c5b13441d21172074e01d4ddd2.m3u8,,,,,,,1280x720,CCSH.txt,5,403,成功,h264,25.0,有音频,1.638,156,128
CCTV14,https://stream1.freetv.fun/ebff23b3b373ed72ca39c3a25715fec761f64c20fd8a02fbbbba989df0e96918.m3u8,,,,,,,1280x720,CCSH.txt,5,403,成功,h264,25.0,有音频,1.672,156,128
CCTV15,https://stream1.freetv.fun/cb0830411664d3a45e05be072d306112a721a039769417366bdd74bf4ca41329.m3u8,,,,,,,1280x720,CCSH.txt,6,403,成功,h264,25.0,有音频,1.637,156,128
厦门卫视,https://stream1.freetv.fun/c71a50d5cca22f2d65d97b8c3a3fb64d48fd6446bdba4c5a08135de2b235e837.m3u8,,,,,,,1280x720,CCSH.txt,13,403,成功,h264,25.0,有音频,2.158,156,128
安徽卫视,https://stream1.freetv.fun/4578c4cc1ec1e3a44b49c0377bcc7ad2f839ca97cf3f744a9959ab9a30f736fb.m3u8,,,,,,,1280x720,CCSH.txt,5,403,成功,h264,25.0,有音频,2.127,156,128
东南卫视,https://stream1.freetv.fun/2a6b77e8aa07ad2ed1d1f9500e039043679d28639fa644a0fc9d1d7e6b9064d1.m3u8,,,,,,,1280x720,CCSH.txt,5,403,成功,h264,25.0,有音频,2.178,156,128
吉林卫视,https://stream1.freetv.fun/3638ffacb0a80fe415a91a12d71855c28bef9292217f9428a9ad860901524711.m3u8,,,,,,,1280x720,CCSH.txt,5,403,成功,h264,25.0,有音频,2.108,156,128
东方卫视,https://t.freetv.fun/live/dong-fang-wei-shi-4.m3u8,,,,,,,1920x1080,CCSH.txt,5,403,成功,h264,25.0,有音频,0.333,8,8
海南卫视,https://stream1.freetv.fun/88ce9949660efb3e94cf208ff5bb4fa81f296b80fcfb50d09df87c28949e10a0.m3u8,,,,,,,1280x720,CCSH.txt,5,403,成功,h264,25.0,有音频,2.572,156,128
浙江卫视,https://stream1.freetv.fun/2d006495025116b5eeae6ac133fca1ea2ed38b48c255994add6b2153026222f5.m3u8,,,,,,,1280x720,CCSH.txt,6,403,成功,h264,25.0,有音频,2.596,156,128
江苏卫视,https://stream1.freetv.fun/8354132b8e31bd5a6b540978f17386c71e93f50df4454b0019475e887152850d.m3u8,,,,,,,1280x720,CCSH.txt,6,403,成功,h264,25.0,有音频,1.763,156,128
浙江卫视,https://stream1.freetv.fun/bf470a7853a795a94f57d26c21dc39bc604aa79ca5632a2de0197d27bde7ac2d.m3u8,,,,,,,1280x720,CCSH.txt,19,403,成功,h264,25.0,有音频,2.585,156,128
浙江卫视,https://migu.188766.xyz/?migutoken=22985e5fb01090ac6b4f3115477f6b1c&id=%E6%B5%99%E6%B1%9F%E5%8D%AB%E8%A7%86&pp=1,,,,,,,1920x1080,CCSH.txt,23,403,成功,h264,28.0,有音频,0.508,144,116
浙江卫视,https://stream1.freetv.fun/0df862875bddfc375a0013f39f6b8787ba04f39160fa0449e305f8952e8209e9.m3u8,,,,,,,1280x720,CCSH.txt,5,403,成功,h264,25.0,有音频,2.366,156,128
厦门卫视,https://stream1.freetv.fun/1d1f4ee3272778c3d7965079694c5fa2b4daae8342dfb55a91a721fa64d486fb.m3u8,,,,,,,1280x720,CCSH.txt,5,403,成功,h264,25.0,有音频,1.483,156,128
四川卫视,https://stream1.freetv.fun/a4fd9fe1601ae0bc171653ec9e7056ffc25b4db1c0b9b2c51f93629dbef064ae.m3u8,,,,,,,1280x720,CCSH.txt,4,403,成功,h264,25.0,有音频,1.622,156,128
吉林卫视,https://stream1.freetv.fun/b0b6373ee2e6ea207170635f86711774aa06812f4cf2aa9d1a5e9117188f98e2.m3u8,,,,,,,1280x720,CCSH.txt,6,403,成功,h264,25.0,有音频,1.584,156,128
浙江卫视,http://ali-m-l.cztv.com/channels/lantian/channel01/1080p.m3u8,,,,,,,1920x1080,CCSH.txt,2179,200,成功,h264,25.0,有音频,1.744,36,32
东方卫视,https://t.freetv.fun/live/dong-fang-wei-shi.m3u8,,,,,,,1280x720,CCSH.txt,5,403,成功,h264,25.0,有音频,3.904,38,32
浙江卫视,https://t.freetv.fun/live/zhe-jiang-wei-shi-8.php,,,,,,,1920x1080,CCSH.txt,5,403,成功,hevc,25.0,有音频,6.360,26,20
安徽卫视,http://nn.7x9d.cn/xzc2.php?ua=TW96aWxsYS81LjAgKFdpbmRvd3MgTlQgNi4xOyBXaW42NDsgeDY0KSBBcHBsZVdlYktpdC81MzcuMzYgKEtIVE1MLCBsaWtlIEdlY2tvKSBDaHJvbWUvMTA2LjAuMC4wIFNhZmFyaS81MzcuMzY=&hls=aHR0cDovLzIyMi44NS4xOTguOTI6ODAwMC9obHMvMjAvaW5kZXgubTN1OA==,,,,,,,1920x1080,CCSH.txt,1692,200,成功,hevc,25.0,有音频,3.105,60,48
东方卫视,https://www.freetv.top/migu/651632648.m3u8?migutoken=d403039fa45cf7d529b6d60f2013bb301f0c8307f8963a33f46435ff086b28e4099cb523a6a3363b17a4f74b52c83d12b497292d07e7233384e97ebf993f7c940ec7fe4f5f2190f2a21e419ac9,,,,,,,1920x1080,CCSH.txt,2445,200,成功,h264,30.0,有音频,1.306,140,116
北京卫视,https://stream1.freetv.fun/4818396cf704a1fe08bc0f303152581f80cdd52f250f909e4989ffb3e3ca1f38.m3u8,,,,,,,1280x720,CCSH.txt,4,403,成功,h264,25.0,有音频,1.858,156,128
东南卫视,https://stream1.freetv.fun/e900f07a1d374fc5cefae3ee69d9b29a3cbd30828e5a0ef1a0ccf3ad8ac68907.m3u8,,,,,,,1280x720,CCSH.txt,5,403,成功,h264,25.0,有音频,1.634,156,128
江苏卫视,https://stream1.freetv.fun/942bdc6135b9030e7a554f57e2487fe9f1051af73a481733707a560a874a58c3.m3u8,,,,,,,1280x720,CCSH.txt,14,403,成功,h264,25.0,有音频,1.498,156,128
江苏卫视,https://www.freetv.top/migu/623899368.m3u8?migutoken=3ec7add32f2108ed670e526f58207033f492fc81ffe6044df4e04bf88bca3cfbe3f1af7bd4fa10e5a6663f276475985da275dfa9a568feed08fbc90f40838156a2167089cb6b35aaaf231e8ae8,,,,,,,1920x1080,CCSH.txt,2447,200,成功,h264,30.0,有音频,1.070,140,116
浙江卫视,https://t.freetv.fun/live/zhe-jiang-wei-shi-13.m3u8,,,,,,,1280x720,CCSH.txt,5,403,成功,h264,25.0,有音频,1.967,48,40
安徽卫视,https://stream1.freetv.fun/cdfbe455fb831ea9ed9682a5c21b5a04e91c0b311137e44af31d325f23c9029d.m3u8,,,,,,,1280x720,CCSH.txt,16,403,成功,h264,25.0,有音频,1.513,156,128
东方卫视,https://www.freetv.top/migu/651632648.m3u8?migutoken=c9a7a392335b6f990a4b233b6066770e1330aa6b6fed2a47f3985567ef8988af1b02bf0adfcc1243deb1fb6fb57ade7c90aa1550041f7c3dfe329e36daf55d57c902f86accec6e30f8ee9b773f,,,,,,,1920x1080,CCSH.txt,371,200,成功,h264,30.0,有音频,1.241,140,116
厦门卫视,https://stream1.freetv.fun/b141ea6ce9d451944bdbb8a936f68e89d95ae4084af344105a486cd0d717debd.m3u8,,,,,,,1280x720,CCSH.txt,13,403,成功,h264,25.0,有音频,1.487,156,128
东方卫视,https://www.freetv.top/migu/651632648.m3u8?migutoken=e765bb663396911e0fa027f64c4378a4811b733586444461515451642f01e401c61987a7256405e562f272d4a45cf003c8974fd47f47765203988df87102570687a04fcdd402aa62918f1cad2f,,,,,,,1920x1080,CCSH.txt,2450,200,成功,h264,30.0,有音频,0.956,8,8
东方卫视,https://www.freetv.top/migu/651632648.m3u8?migutoken=95759756a54e94e55327bb13b854f38b8804506300bc7b2dc6d7896518d1cb705d68a47d6e445836946d997e2a858592d4082bf57643ec7ac74aa8bdd99fb70b8ab534cb9b55a950291eb07c63,,,,,,,1920x1080,CCSH.txt,2450,200,成功,h264,30.0,有音频,0.891,140,116
海南卫视,https://stream1.freetv.fun/4d178e8fb4d27e7ea2b91575c36d6d87f1ccad9a6e2858c0a83131e58b64dea4.m3u8,,,,,,,1280x720,CCSH.txt,4,403,成功,h264,25.0,有音频,1.898,156,128
东方卫视,https://www.freetv.top/migu/651632648.m3u8?migutoken=70f8eed447e228f3a56a4c95bfd1ef7936ab4f75e51e3265478e1262b62f33a7d7a4be2d80fd3585f29cd990ea0ee9d67f76f299229509e007f26ccd58641bc444d7baeccead6d0915dae8e089,,,,,,,1920x1080,CCSH.txt,2464,200,成功,h264,30.0,有音频,1.227,8,8
东方卫视,http://hmfs.f3322.net:3388/hls/24/index.m3u8,,,,,,,1920x1080,CCSH.txt,378,200,成功,h264,50.0,有音频,7.074,8,8
江苏卫视,https://www.freetv.top/migu/623899368.m3u8?migutoken=ca66e6b352790e26cafbf18eb7d18109977a8f44afcc9fafcfd79a7a68f6edd137bb91043c772fd9a42724999781eff4c9ccb62eb6457e260348f7b8f07926845ccf51ebc2fc10b4fecea8272d,,,,,,,1920x1080,CCSH.txt,2057,200,成功,h264,30.0,有音频,1.298,128,104
江苏卫视,https://migu.188766.xyz/?migutoken=1182393f43784024d41e526b6d500511&id=%E6%B1%9F%E8%8B%8F%E5%8D%AB%E8%A7%86&type=yy,,,,,,,1920x1080,CCSH.txt,40,403,成功,h264,28.0,有音频,0.459,144,116
东南卫视,https://stream1.freetv.fun/3295cda97e0d5804a6d7c4564289a50935677efa5f12de03bfe6d34e73109b04.m3u8,,,,,,,1280x720,CCSH.txt,4,403,成功,h264,25.0,有音频,1.639,156,128
湖南卫视,http://tvlist.top/jd/index.php?id=hunanws&qt=183.224.122.114:8014,,,,,,,1920x1080,CCSH.txt,994,200,成功,hevc,25.0,有音频,2.589,8,8
江苏卫视,https://www.freetv.top/migu/623899368.m3u8?migutoken=eeab3d17b63b4c7e121ca8b24be0708254418f2e6cf6a24e94e18f79f97719fcea9930b4df2add6349f47b4bbb429f376c6d63c64916f5c43cdc2c87c201be1688d9db3211827c78605443a1f0,,,,,,,1920x1080,CCSH.txt,1938,200,成功,h264,30.0,有音频,1.135,140,116
安徽卫视,https://stream1.freetv.fun/9b5b5c5949d83212b8aea9804acf7e7824ec7953c35179389e75c9cd358573e8.m3u8,,,,,,,1280x720,CCSH.txt,13,403,成功,h264,25.0,有音频,1.543,156,128
东方卫视,https://www.freetv.top/migu/651632648.m3u8?migutoken=1b29e441e8d640f9f4d3b7f1798bd6cd0036bcfcab7fb7353718a02767b7d7a91bd78405a1b2ae2b5a477e2b6964c8e1c10e40b15cf06fc2a353f8968e69c78ea27ea0e65ab6eaf17ed9e0b8bc,,,,,,,1920x1080,CCSH.txt,2463,200,成功,h264,30.0,有音频,0.927,140,116
海南卫视,https://www.freetv.top/migu/947472502.m3u8?migutoken=b49395c0adad3f977a69d9555b7ec0e60a9f6076a9bd17687472774c39f5e60c68b55ab46fdf0d73b68a871b71b438163c9ae6604499693eb260ed04ebe98df3f12124410b199e0741f3429b11,,,,,,,1920x1080,CCSH.txt,364,200,成功,h264,30.0,有音频,1.182,140,116
安徽卫视,https://stream1.freetv.fun/3b132909c51ece5bb6a4c50973030c42c593bd7b8c67c8914018a6250309efcb.m3u8,,,,,,,1280x720,CCSH.txt,5,403,成功,h264,25.0,有音频,1.496,156,128
东方卫视,https://t.freetv.fun/live/dong-fang-wei-shi-8.m3u8,,,,,,,1280x720,CCSH.txt,8,403,成功,h264,25.0,有音频,3.105,8,8
北京卫视,https://stream1.freetv.fun/786bf920787f92216b3f39c74879c122dbb5dfe0f0d4082b5f43fdf3c8a75474.m3u8,,,,,,,1280x720,CCSH.txt,4,403,成功,h264,25.0,有音频,1.526,156,128
北京卫视,http://tvlist.top/jd/index.php?id=bjws&qt=183.224.122.114:8014,,,,,,,1920x1080,CCSH.txt,790,200,成功,hevc,25.0,有音频,3.885,68,56
江苏卫视,https://www.freetv.top/migu/623899368.m3u8?migutoken=97c7334488eebe10f8c7b70518971ba643de7407f32f3bb9fa0a6ece2bce6efb9942dee16dfb87de86df53f96ada93dc655f3c7535b19ffce4a9f67172ff587bbab11924238b04bf91959f0cc5#http://qjrhc.jydjd.top:2911/udp/224.1.100.46:11111#http://drive.mxmy.net:8888/udp/239.3.1.135:8028#http://113.57.93.165:9900/tsfile/live/0127_1.m3u8#http://39.164.180.36:19901/tsfile/live/0127_1.m3u8?key=txiptv&playlive=0&authid=0#http://124.128.73.58:9901/tsfile/live/0127_1.m3u8?key=txiptv&playlive=1&authid=0#https://www.freetv.top/migu/623899368.m3u8?migutoken=49a45b3ba8201aca65a6b8be298982e4b5c80abded17ae9a45d43f576e0fabc24f849a21fff1e9653aace2fa93b5a1b13bb115f1ea22af88d87707910500a29b49881a6a8a76610a5c7c479903#http://nas.hssvm.com:8888/udp/225.1.1.126:5002#http://61.138.128.226:19901/tsfile/live/0127_1.m3u8?key=txiptv&playlive=1&authid=0#http://116.9.204.242:9901/tsfile/live/0127_1.m3u8#http://qjrhc.jydjd.top:2911/udp/224.1.100.45:11111#http://116.9.204.242:9901/tsfile/live/0127_1.m3u8?key=txiptv&playlive=1&authid=0,,,,,,,1920x1080,CCSH.txt,559,200,成功,h264,30.0,有音频,1.545,140,116
浙江卫视,https://migu.188766.xyz/?migutoken=080283a89ffe4b42a2a1a344a6e10029&id=%E6%B5%99%E6%B1%9F%E5%8D%AB%E8%A7%86&pp=1,,,,,,,1920x1080,CCSH.txt,46,403,成功,h264,28.0,有音频,0.469,144,116
东南卫视,https://stream1.freetv.fun/3fa9797aa12d21a581dcf1534a15605ecaf7789df1803e2dd0543ae04897b95c.m3u8,,,,,,,1280x720,CCSH.txt,4,403,成功,h264,25.0,有音频,1.513,156,128
东方卫视,https://stream1.freetv.fun/0b4fafdf7a4d2abde4c397b04de179534e29c7c6d9aa36bd0404d2bec666b52a.m3u8,,,,,,,1280x720,CCSH.txt,8,403,成功,h264,25.0,有音频,1.626,156,128
吉林卫视,https://stream1.freetv.fun/4df223dda9ac0d494f3242da528e5f580814440520540e575131a2df8f4780d7.m3u8,,,,,,,1280x720,CCSH.txt,6,403,成功,h264,25.0,有音频,1.461,156,128
江苏卫视,https://www.freetv.top/migu/623899368.m3u8?migutoken=89adf8885d4f1f9dee34a4e8d60f187e5b071ac9b79001260a0b66da9027070e0b861510da93cb5190da002ca87645e63e57bada2c65f959e8ef81f693c239f194d683ba2083252bbb0caeab96,,,,,,,1920x1080,CCSH.txt,2462,200,成功,h264,30.0,有音频,1.565,140,116
吉林卫视,https://www.freetv.top/migu/947472500.m3u8?migutoken=a292c218f577586de197c309c2802e2876a0c4d88876e3c12af01684483503dd1c1a3e2137ff3bfffa8d3dc6b0d8e5b95ad98934693c2ffcc05ef7f5b37e8237aa9691b4fcb6ce0268d42fde1d,,,,,,,1920x1080,CCSH.txt,401,200,成功,h264,30.0,有音频,1.067,140,116
厦门卫视,https://stream1.freetv.fun/cf7c26c2c6876a650312f14d2cbc9ed0b6345e59f7bdfbea939572011d0c9955.m3u8,,,,,,,1280x720,CCSH.txt,5,403,成功,h264,25.0,有音频,1.507,156,128
深圳卫视,https://stream1.freetv.fun/c88e71d3caecbd41fcc101d5b8fa25130581f9c7e8341dc5af20b30af6612aff.m3u8,,,,,,,1280x720,CCSH.txt,13,403,成功,h264,25.0,有音频,1.936,156,128
浙江卫视,https://tv.iill.top/migu/zjws&token=3715e56a43ff137fc781c87e8f3354f0b0b81779b6440c51e75f763fd7e1c640,,,,,,,1920x1080,CCSH.txt,1067,403,成功,h264,25.0,有音频,2.448,128,104
东南卫视,https://t.freetv.fun/live/dong-nan-wei-shi-10.m3u8,,,,,,,1920x1080,CCSH.txt,12,403,成功,h264,25.0,有音频,0.604,8,8
吉林卫视,https://stream1.freetv.fun/0b38bb4f01acb16ac008904877df1eac2eac8bc17ab45e48e9d024a6c4e33ca4.m3u8,,,,,,,1280x720,CCSH.txt,6,403,成功,h264,25.0,有音频,1.442,156,128
四川卫视,https://stream1.freetv.fun/197fd35f48748ce2cffdf9f0f2e86ecd3081f95a21c30c5b609824774f52a916.m3u8,,,,,,,1280x720,CCSH.txt,4,403,成功,h264,25.0,有音频,1.494,156,128
海南卫视,https://t.freetv.fun/live/hai-nan-wei-shi-2.php,,,,,,,854x480,CCSH.txt,5,403,成功,h264,25.0,有音频,3.297,8,8
浙江卫视,https://t.freetv.fun/live/zhe-jiang-wei-shi-17.m3u8,,,,,,,1920x1080,CCSH.txt,5,403,成功,h264,25.0,有音频,2.724,156,128
东方卫视,https://t.freetv.fun/live/dong-fang-wei-shi-6.m3u8,,,,,,,1920x1080,CCSH.txt,5,403,成功,h264,25.0,有音频,0.764,8,8
深圳卫视,https://stream1.freetv.fun/7d39b3e02dccfbd1ed32ec34964c9c335bfed429cb4f45800afa9f77414d01e3.ctv,,,,,,,1280x720,CCSH.txt,5,403,成功,h264,25.0,有音频,2.063,156,128
吉林卫视,https://stream1.freetv.fun/ec115ddb27069ec189cbd1363c4bc06def34d3a19b57c979b96ed9201bda04bb.m3u8,,,,,,,1280x720,CCSH.txt,4,403,成功,h264,25.0,有音频,1.498,156,128
东南卫视,https://stream1.freetv.fun/70abcb0b881539f6eca28137e803ff5f7ec964873f03cbb563f5dd595940ab2c.m3u8,,,,,,,1920x1080,CCSH.txt,4,403,成功,h264,25.0,有音频,0.758,8,8
浙江卫视,https://t.freetv.fun/live/zhe-jiang-wei-shi-14.m3u8,,,,,,,1920x1080,CCSH.txt,5,403,成功,h264,25.0,有音频,1.749,156,128
浙江卫视,https://stream1.freetv.fun/5ffc0c126720cc8b92d57ecd040c3eab0f42b12a63351a984b59f3a6a476735e.m3u8,,,,,,,1280x720,CCSH.txt,5,403,成功,h264,25.0,有音频,1.880,156,128
浙江卫视,https://t.freetv.fun/live/zhe-jiang-wei-shi-23.m3u8,,,,,,,640x360,CCSH.txt,6,403,成功,h264,25.0,有音频,1.527,145,117
安徽卫视,https://stream1.freetv.fun/9c9db38199b42fd1dab2e638a2078d83cbb2548aa664d7bfcce3a78570a2051a.m3u8,,,,,,,1280x720,CCSH.txt,5,403,成功,h264,25.0,有音频,1.523,156,128
东方卫视,https://stream1.freetv.fun/56fc198d7ec4a227f6311d4ade4aad1840b5e88ec1217be3f57f765ac0355c1f.m3u8,,,,,,,1280x720,CCSH.txt,5,403,成功,h264,25.0,有音频,1.675,156,128
安徽卫视,https://t.freetv.fun/live/an-hui-wei-shi-2.m3u8,,,,,,,1920x1080,CCSH.txt,5,403,成功,h264,25.0,有音频,0.591,8,8
东方卫视,https://stream1.freetv.fun/7e289f331f52384fae58e2989a59322326324c8031a19553720d72e60bbfe02c.m3u8,,,,,,,1280x720,CCSH.txt,5,403,成功,h264,25.0,有音频,1.735,156,128
浙江卫视,http://ali-m-l.cztv.com:80/channels/lantian/channel001/1080p.m3u8,,,,,,,1920x1080,CCSH.txt,524,200,成功,h264,25.0,有音频,1.767,140,116
北京卫视,https://stream1.freetv.fun/a2b77b13f92531d7d4caf730dc6335d64bf721447832027bbc45fc614c5a3d64.m3u8,,,,,,,1280x720,CCSH.txt,22,403,成功,h264,25.0,有音频,1.453,156,128
北京卫视,https://stream1.freetv.fun/5836a93c4e0bc4d1b0cb3313e2dbe6ee812e31fbb2cbe5eb73b33d087ce62746.m3u8,,,,,,,1280x720,CCSH.txt,14,403,成功,h264,25.0,有音频,1.892,156,128
安徽卫视,https://stream1.freetv.fun/3db6340e04c19913bc16b227b8547df71fa7b082907bd6242e7dd09d35661e8e.m3u8,,,,,,,1280x720,CCSH.txt,5,403,成功,h264,25.0,有音频,1.527,156,128
江苏卫视,https://stream1.freetv.fun/ab96b0ba87db2285506cd908301589912d6162c0fbae266f556585184a115dcb.m3u8,,,,,,,1280x720,CCSH.txt,5,403,成功,h264,25.0,有音频,1.503,156,128
四川卫视,https://stream1.freetv.fun/4d012cc6d0cf9ec1b6101aa7351bb3b038d5a231ef437f62ea6908ff02667ffb.ctv,,,,,,,1920x1080,CCSH.txt,15,403,成功,h264,25.0,有音频,0.601,8,8
四川卫视,https://stream1.freetv.fun/9bb3a53b6db62ecb53c69b99d4b342269873b573e1132398147a869414a76978.m3u8,,,,,,,1280x720,CCSH.txt,5,403,成功,h264,25.0,有音频,1.524,156,128
深圳卫视,https://stream1.freetv.fun/050a5064b02266de9cb307e22340bde7b9869e556d26e034323423e07deb99d1.m3u8,,,,,,,1280x720,CCSH.txt,5,403,成功,h264,25.0,有音频,1.501,156,128
厦门卫视,https://stream1.freetv.fun/44ad572f8aed79d295c6d1436be94124e1348f4e866fa678b3a3e0313331eee4.m3u8,,,,,,,1280x720,CCSH.txt,5,403,成功,h264,25.0,有音频,1.480,156,128
吉林卫视,https://stream1.freetv.fun/a3abba70878bfd2955be6ae864330098da64fd76f370b0d069d3131b20aa5859.m3u8,,,,,,,1280x720,CCSH.txt,13,403,成功,h264,25.0,有音频,1.455,156,128
四川卫视,https://stream1.freetv.fun/d85eb07fd9629b1c184177551010c7014e316d9eef3454a262bdf4dd79b0ef98.m3u8,,,,,,,1280x720,CCSH.txt,5,403,成功,h264,25.0,有音频,1.534,156,128
深圳卫视,http://36.36.200.198:44330/tsfile/live/0018_1.m3u8?key=txiptv&playlive=0&authid=0,,,,,,,1280x720,CCSH.txt,344,200,成功,h264,25.0,有音频,2.745,8,8
四川卫视,https://stream1.freetv.fun/63e9694c4fa3f66b96b3ba2b7d2d636b81a61b917ebe370a7bc0ec11934ffef4.m3u8,,,,,,,1280x720,CCSH.txt,7,403,成功,h264,25.0,有音频,1.502,156,128
安徽卫视,https://stream1.freetv.fun/aa9b31c1dbeffb511830532e0b8f1413b48dd2c61e59e843d19ba9fc3a073241.m3u8,,,,,,,1920x1080,CCSH.txt,7,403,成功,h264,50.0,有音频,5.617,8,8
浙江卫视,https://t.freetv.fun/live/zhe-jiang-wei-shi-21.m3u8,,,,,,,1920x1080,CCSH.txt,4,403,成功,h264,25.0,有音频,1.835,156,128
浙江卫视,https://t.freetv.fun/live/zhe-jiang-wei-shi-11.m3u8,,,,,,,1920x1080,CCSH.txt,5,403,成功,h264,25.0,有音频,1.753,156,128
江苏卫视,https://stream1.freetv.fun/74e3817e2d49ca9f7ef3085c23657432144d05adb401c6b4d4957594c06ee1b5.m3u8,,,,,,,1280x720,CCSH.txt,4,403,成功,h264,25.0,有音频,1.510,156,128
吉林卫视,https://stream1.freetv.fun/8902659853fc9de8743fb2c72cb6d2ba944394c9c6e90240b121bd98e511e92e.m3u8,,,,,,,1280x720,CCSH.txt,5,403,成功,h264,25.0,有音频,1.479,156,128
北京卫视,https://t.freetv.fun/live/bei-jing-wei-shi-2.m3u8,,,,,,,1920x1080,CCSH.txt,4,403,成功,h264,25.0,有音频,0.315,8,8
北京卫视,https://t.freetv.fun/live/bei-jing-wei-shi-3.php,,,,,,,1920x1080,CCSH.txt,6,403,成功,hevc,25.0,有音频,2.750,36,28
安徽卫视,https://stream1.freetv.fun/906b7dfc8501d563ce9e6384ef2b315281f4c89810d86a84adaa146096498593.m3u8,,,,,,,1280x720,CCSH.txt,12,403,成功,h264,25.0,有音频,1.481,156,128
东南卫视,https://stream1.freetv.fun/2544012f0eb40e4c9acd86ed82a7059a87e3e11e4d1c2392beeab49bcac11cbd.m3u8,,,,,,,1280x720,CCSH.txt,14,403,成功,h264,25.0,有音频,1.490,156,128
四川卫视,https://stream1.freetv.fun/afdc38e58290c4d7c18a29077299ff3b1e4219cf804a616c7743063427a42eb0.m3u8,,,,,,,1280x720,CCSH.txt,25,403,成功,h264,25.0,有音频,1.453,156,128
厦门卫视,https://stream1.freetv.fun/fa7f6e9ffa48876e0a0c01d13236367138a865a5ebda64b80d0398a29ee8cdb7.m3u8,,,,,,,1280x720,CCSH.txt,16,403,成功,h264,25.0,有音频,1.488,156,128
北京卫视,http://nn.7x9d.cn/xzc2.php?ua=TW96aWxsYS81LjAgKFdpbmRvd3MgTlQgNi4xOyBXaW42NDsgeDY0KSBBcHBsZVdlYktpdC81MzcuMzYgKEtIVE1MLCBsaWtlIEdlY2tvKSBDaHJvbWUvMTA2LjAuMC4wIFNhZmFyaS81MzcuMzY=&hls=aHR0cDovLzIyMi44NS4xOTguOTI6ODAwMC9obHMvMjkvaW5kZXgubTN1OA==,,,,,,,1920x1080,CCSH.txt,448,200,成功,hevc,25.0,有音频,10.848,36,28
东方卫视,https://stream1.freetv.fun/a8d11bb4272a7aefc8c6a7056438b7329dce24c565aa1bc77593c02ddb36386f.m3u8,,,,,,,1280x720,CCSH.txt,5,403,成功,h264,25.0,有音频,1.663,156,128
厦门卫视,https://stream1.freetv.fun/56e516f15802427b9b451c67772481b8d8866caaee127bd1547942e4306ae5ae.m3u8,,,,,,,1280x720,CCSH.txt,5,403,成功,h264,25.0,有音频,1.474,156,128
安徽卫视,https://stream1.freetv.fun/1bdd22917df7b18c40de5b27bf116ab0183d3b909aed4e8c090e26235af96a9e.m3u8,,,,,,,1280x720,CCSH.txt,5,403,成功,h264,25.0,有音频,1.484,156,128
北京卫视,https://stream1.freetv.fun/19f46e0763d00ec0cad5540cb41c024b1f817eac5780199fbed455a9a5cc0256.m3u8,,,,,,,1280x720,CCSH.txt,14,403,成功,h264,25.0,有音频,1.547,156,128
四川卫视,https://stream1.freetv.fun/1c0122fc8f14c05006e2c348f842557a612d5307a960c42b95758d6f5c36119f.m3u8,,,,,,,1280x720,CCSH.txt,7,403,成功,h264,25.0,有音频,1.490,156,128
安徽卫视,https://stream1.freetv.fun/fd1949e201c9a2b869f8ae6c74edce04e66c6e43897de0091916986770c24414.m3u8,,,,,,,1280x720,CCSH.txt,4,403,成功,h264,25.0,有音频,1.517,156,128
海南卫视,https://migu.188766.xyz/?migutoken=99940a486a13ff986a7daa86389be438&id=hn_hnws&type=sz,,,,,,,1920x1080,CCSH.txt,19,403,成功,h264,28.0,有音频,0.453,144,116
浙江卫视,https://t.freetv.fun/live/zhe-jiang-wei-shi-1-1.m3u8,,,,,,,1920x1080,CCSH.txt,18,403,成功,h264,25.0,有音频,1.886,156,128
东南卫视,https://stream1.freetv.fun/ecd1f472ed5554a7b1fee4a1d24669f72077c9847d4df7a5cf5f5d70fc7d0ac0.m3u8,,,,,,,1280x720,CCSH.txt,4,403,成功,h264,25.0,有音频,1.484,156,128
海南卫视,https://stream1.freetv.fun/0db3bcb05f954e0949aaaf8924a3a47d7af53d61294bdff1a208aa042cff2a46.ctv,,,,,,,1280x720,CCSH.txt,14,403,成功,h264,25.0,有音频,1.885,156,128
东南卫视,https://t.freetv.fun/live/dong-nan-wei-shi-7.php,,,,,,,1920x1080,CCSH.txt,5,403,成功,hevc,25.0,有音频,2.691,8,8
四川卫视,https://stream1.freetv.fun/31f22aa98440a9ea139727d36f0100003890bccc2fe4cb2469e9893e99309f5f.m3u8,,,,,,,1280x720,CCSH.txt,14,403,成功,h264,25.0,有音频,1.474,156,128
浙江卫视,http://ali-vl.cztv.com/channels/lantian/channel001/360p.m3u8,,,,,,,640x360,CCSH.txt,545,200,成功,h264,25.0,有音频,1.595,145,117
海南卫视,https://stream1.freetv.fun/d992d6b0979deedd845b1505d2ff726844d5c68bd19ac82e4e320df3228ac170.m3u8,,,,,,,1280x720,CCSH.txt,25,403,成功,h264,25.0,有音频,2.068,156,128
四川卫视,https://stream1.freetv.fun/1fee1f6d31944264f93ad34a35e6a3828918420f86b3f91ce5d6696131dca610.m3u8,,,,,,,1280x720,CCSH.txt,12,403,成功,h264,25.0,有音频,1.468,156,128
浙江卫视,https://stream1.freetv.fun/98c2b365be87cf4c2159356795b46f802156d44b9752f5948ae7f2b3b7f323f0.m3u8,,,,,,,1280x720,CCSH.txt,12,403,成功,h264,25.0,有音频,1.855,156,128
浙江卫视,http://k.061899.xyz/k.php?id=zjws,,,,,,,1920x1080,CCSH.txt,1598,403,成功,h264,25.0,有音频,1.038,84,68
厦门卫视,https://stream1.freetv.fun/dbed63a86040718ec58da63619796d31e0af9afacda7aedd1423aa1af946a7b9.m3u8,,,,,,,1280x720,CCSH.txt,24,403,成功,h264,25.0,有音频,1.510,156,128
江苏卫视,https://stream1.freetv.fun/6c1f2a421ea8b3856f220b5180423e34bdcf41207baafb5b75f88536bb0c0f04.m3u8,,,,,,,1280x720,CCSH.txt,5,403,成功,h264,25.0,有音频,1.501,156,128
浙江卫视,https://stream1.freetv.fun/3674992f7e26c934871ca5ce9cdcf0be39a13a863c537f76b3ac22cc10e61e11.m3u8,,,,,,,1280x720,CCSH.txt,16,403,成功,h264,25.0,有音频,1.833,156,128
吉林卫视,https://stream1.freetv.fun/c8a8b8a24ab802c58f26f0520dc40cf341fbd5811ce1ae9327f2c63e26e8fc28.m3u8,,,,,,,1280x720,CCSH.txt,22,403,成功,h264,25.0,有音频,1.532,156,128
吉林卫视,https://www.freetv.top/migu/947472500.m3u8?migutoken=250e0383e8b670fa08b2f4aa78646ab4e9e4735bed1322cea2c819836d2dadd00594d11d905be0e507f1b6ad9c856bff9f88ecb37c73574cc468f3487c6f0a09e3d08567a7abfc02dad5cf14b7,,,,,,,1920x1080,CCSH.txt,375,200,成功,h264,30.0,有音频,1.129,140,116
北京卫视,https://stream1.freetv.fun/bfd48a0fc057ee1c7fc8b6cac592b9f9ca1cfd00b2ef04c0c68f6fea69970b27.m3u8,,,,,,,1280x720,CCSH.txt,5,403,成功,h264,25.0,有音频,1.483,156,128
东方卫视,https://migu.188766.xyz/?migutoken=1fd7b3dde0f6d8b1f69f35a4da471c6c&id=%E4%B8%9C%E6%96%B9%E5%8D%AB%E8%A7%86&type=yy,,,,,,,1920x1080,CCSH.txt,21,403,成功,h264,28.0,有音频,0.450,144,116
浙江卫视,https://t.freetv.fun/live/zhe-jiang-wei-shi-12.m3u8,,,,,,,1920x1080,CCSH.txt,5,403,成功,h264,25.0,有音频,2.705,128,104
东方卫视,https://stream1.freetv.fun/d49c42e377a3c69a6dbd4489265b8d89168a6cd39cd418df86ed141b58d05c39.m3u8,,,,,,,1280x720,CCSH.txt,5,403,成功,h264,25.0,有音频,1.665,156,128
东方卫视,http://k.061899.xyz/k.php?id=dfws,,,,,,,1920x1080,CCSH.txt,1706,403,成功,h264,25.0,有音频,0.955,36,28
四川卫视,https://t.freetv.fun/live/si-chuan-wei-shi-7.m3u8,,,,,,,1920x1080,CCSH.txt,6,403,成功,h264,50.0,有音频,3.376,8,8
安徽卫视,https://stream1.freetv.fun/ef0b1fb51498d187e9a02e3c98cf560b9b60c8059d49fb3a6c3e5548c84cc523.m3u8,,,,,,,1280x720,CCSH.txt,4,403,成功,h264,25.0,有音频,1.480,156,128
浙江卫视,https://t.freetv.fun/live/zhe-jiang-wei-shi-2.m3u8,,,,,,,720x576,CCSH.txt,11,403,成功,h264,25.0,有音频,2.084,36,32
安徽卫视,https://stream1.freetv.fun/d49a1d695e1f53fd655e8b900478419355290340f4ebdccf3a1389eb8f99fdee.m3u8,,,,,,,1280x720,CCSH.txt,6,403,成功,h264,25.0,有音频,1.478,156,128
江苏卫视,https://t.freetv.fun/live/jiang-su-wei-shi.php,,,,,,,1920x1080,CCSH.txt,8,403,成功,hevc,25.0,有音频,13.871,16,12
江苏卫视,https://www.freetv.top/migu/623899368.m3u8?migutoken=f1cd269b0915b27f2f0df129140c45e31211c441e8ec295cf566305c2c1d9f490e8e306f275eb4c59d97f3f033a2c75d35acaee85d3c81095ef1399e7c55e0351c61f40a24aaa0a52ccffa9041,,,,,,,1920x1080,CCSH.txt,366,200,成功,h264,30.0,有音频,0.935,8,8
海南卫视,https://stream1.freetv.fun/d531a41d6b09993493e06a3d3534624bf69110aa3a9bb04c00473d9c53a05f73.m3u8,,,,,,,1280x720,CCSH.txt,5,403,成功,h264,25.0,有音频,1.886,156,128
东方卫视,https://txmov2.a.kwimgs.com/bs3/video-hls/5219953535631090825_hlsb.m3u8,,,,,,,1280x720,CCSH.txt,868,200,成功,h264,25.0,有音频,1.768,24,20
海南卫视,https://stream1.freetv.fun/c07f118cdd595588f817c5025f96202d77a8a69fc1ab1354580d08871cdd0b6e.m3u8,,,,,,,1280x720,CCSH.txt,4,403,成功,h264,25.0,有音频,1.955,156,128
四川卫视,https://stream1.freetv.fun/b8ce0029eb6a2eb158319b3b735397835baa258b31e06e356be8f43bedcf32ce.m3u8,,,,,,,1280x720,CCSH.txt,5,403,成功,h264,25.0,有音频,1.514,156,128
浙江卫视,https://migu.188766.xyz/?migutoken=ffe429636a03c399869de8b8f051684e&id=z_jws&type=sz,,,,,,,1920x1080,CCSH.txt,24,403,成功,h264,25.0,有音频,2.919,128,104
深圳卫视,http://yncbn.ks-cdn.gitv.tv/gitv_live/G_SHENZHEN-HQ/G_SHENZHEN-HQ.m3u8,,,,,,,1920x1080,CCSH.txt,2207,200,成功,h264,25.0,有音频,4.262,122,100
东南卫视,https://www.freetv.top/migu/849116810.m3u8?migutoken=ad40cfb84c6c3a70e2f36f9419fde87147081bd969b8a7c270fde9e9dee90e1aabf8472344c1316a13639f26892f03cd1807f6b81db9976a0212ada2cdc1cdf9f9c01696f6478a7484eb04e6ef,,,,,,,1920x1080,CCSH.txt,359,200,成功,h264,30.0,有音频,1.067,8,8
四川卫视,https://t.freetv.fun/live/si-chuan-wei-shi-8.m3u8,,,,,,,1920x1080,CCSH.txt,16,403,成功,h264,25.0,有音频,0.570,8,8
吉林卫视,https://stream1.freetv.fun/cab614f8ebae9e3910ad7ae7906cd9744026a241d109d19cb2f3317f5ce84e56.m3u8,,,,,,,1280x720,CCSH.txt,6,403,成功,h264,25.0,有音频,1.504,156,128
东南卫视,https://iptv.catvod.com/live.php?id=%E4%B8%9C%E5%8D%97%E5%8D%AB%E8%A7%86%E5%8F%B0,,,,,,,1920x1080,CCSH.txt,85,200,成功,h264,30.0,有音频,0.451,156,128
湖南卫视,https://t.freetv.fun/live/hu-nan-wei-shi-4.php,,,,,,,1920x1080,CCSH.txt,4,403,成功,hevc,25.0,有音频,12.203,58,46
浙江卫视,http://tvlist.top/jd/index.php?id=zjws&qt=183.224.122.114:8014,,,,,,,1920x1080,CCSH.txt,3306,200,成功,hevc,25.0,有音频,3.804,16,12
厦门卫视,https://stream1.freetv.fun/d9d95afccb2b63cf3413a6d6c328c65150fe664af371f3c6e1ef2cdae2b68c65.m3u8,,,,,,,1280x720,CCSH.txt,5,403,成功,h264,25.0,有音频,1.487,156,128
浙江卫视,https://stream1.freetv.fun/11fc10d9b4476ff868ef1efabfd865c3b4dad45404751880cd469332b0488a19.m3u8,,,,,,,1280x720,CCSH.txt,14,403,成功,h264,25.0,有音频,1.715,156,128
安徽卫视,https://stream1.freetv.fun/628f836552ae45288a839fd956c4e358ed2a16c7082ee854f37c299abfba9803.m3u8,,,,,,,1280x720,CCSH.txt,5,403,成功,h264,25.0,有音频,1.484,156,128
四川卫视,https://stream1.freetv.fun/118ec0d02a2b3eee76036b97d55e9a1cd168039a3b44278493d20b95b7fc1cea.m3u8,,,,,,,1280x720,CCSH.txt,5,403,成功,h264,25.0,有音频,1.489,156,128
吉林卫视,https://migu.188766.xyz/?migutoken=a0ff3339a4dd1d67b67a82af6c10e045&id=%E5%90%89%E6%9E%97%E5%8D%AB%E8%A7%86&type=yy,,,,,,,1920x1080,CCSH.txt,25,403,成功,h264,28.0,有音频,0.450,116,92
东方卫视,https://stream1.freetv.fun/e3d4f185eb27d026fd51e6f45e4151ef3a2b76e097db4754a485865d9467aebc.m3u8,,,,,,,1280x720,CCSH.txt,6,403,成功,h264,25.0,有音频,1.722,156,128
海南卫视,https://stream1.freetv.fun/e09cee26d4d52780ea1f93a2a2cd7241c312af4da9ba0cdb69e65e7c74d16355.m3u8,,,,,,,1280x720,CCSH.txt,16,403,成功,h264,25.0,有音频,1.842,156,128
东南卫视,https://stream1.freetv.fun/1b017b0a29ee9bd708f5678c1831a6b7a3847facc65fd93ab305d96fda185e13.m3u8,,,,,,,1280x720,CCSH.txt,4,403,成功,h264,25.0,有音频,1.506,156,128
江苏卫视,https://stream1.freetv.fun/0649ab465998e527a93053f995b4a2ccd9ecb2a7b1eb05653f4d3a6033383fe2.m3u8,,,,,,,1280x720,CCSH.txt,13,403,成功,h264,25.0,有音频,1.518,156,128
东方卫视,https://migu.188766.xyz/?migutoken=9d95400b7f378d844283a07d9eb3c0cc&id=%E4%B8%9C%E6%96%B9%E5%8D%AB%E8%A7%86&type=yy,,,,,,,1280x720,CCSH.txt,50,403,成功,h264,25.0,有音频,2.342,8,8
浙江卫视,https://t.freetv.fun/live/zhe-jiang-wei-shi.m3u8,,,,,,,1920x1080,CCSH.txt,4,403,成功,h264,25.0,有音频,2.262,156,128
浙江卫视,https://stream1.freetv.fun/bd399dd2f8b8ba3112838aec3794ea1f33993bceb20f2eff230b8d62409199c7.m3u8,,,,,,,1280x720,CCSH.txt,9,403,成功,h264,25.0,有音频,1.930,156,128
海南卫视,https://stream1.freetv.fun/5f566bda63c98eaf917eb753437fd72546c9015a8495c02c3033d4185b2e560d.m3u8,,,,,,,1280x720,CCSH.txt,21,403,成功,h264,25.0,有音频,1.943,156,128
北京卫视,https://t.freetv.fun/live/bei-jing-wei-shi.php,,,,,,,1920x1080,CCSH.txt,5,403,成功,hevc,25.0,有音频,3.342,42,34
安徽卫视,https://stream1.freetv.fun/9cdad0b4fbdc85efc783479b2a1d809e6ad06c2f0d0a01191f4b104a11693980.m3u8,,,,,,,1280x720,CCSH.txt,5,403,成功,h264,25.0,有音频,1.475,156,128
深圳卫视,https://stream1.freetv.fun/b6f191d152cd68e82619bf81baa62725dd590bca499c810e11b4babbe75cf8d5.m3u8,,,,,,,1280x720,CCSH.txt,5,403,成功,h264,25.0,有音频,1.873,156,128
江苏卫视,https://stream1.freetv.fun/5fb9a60d2e60d114fb3e0b187184ce46690e02ebfb16ee6efc0cb423aa95a591.m3u8,,,,,,,1280x720,CCSH.txt,17,403,成功,h264,25.0,有音频,1.536,156,128
吉林卫视,https://stream1.freetv.fun/444a29ce0334e355b7f3aefa34b4c97cf208294ebeda8a2af39dbd4df2a21031.m3u8,,,,,,,1280x720,CCSH.txt,6,403,成功,h264,25.0,有音频,1.519,156,128
东南卫视,https://stream1.freetv.fun/6aa84040a98ab3ba15fe43a0689c28f4dda723153024d1ee0fc770cc956edc24.m3u8,,,,,,,1280x720,CCSH.txt,4,403,成功,h264,25.0,有音频,1.519,156,128
江苏卫视,https://t.freetv.fun/live/jiang-su-wei-shi-7.php,,,,,,,1280x720,CCSH.txt,5,403,成功,h264,25.0,有音频,3.351,8,8
安徽卫视,https://stream1.freetv.fun/7b36934ffbf6a7ce148c03d0bf4aa3668c868f164404f5ba4baf91094c06d581.m3u8,,,,,,,1280x720,CCSH.txt,5,403,成功,h264,25.0,有音频,1.459,156,128
深圳卫视,https://stream1.freetv.fun/4af1fc48f0f78481ea64d26b00a41cd2f3602a4cb9ecb8c6b21f6b578685e571.m3u8,,,,,,,1280x720,CCSH.txt,6,403,成功,h264,25.0,有音频,1.867,156,128
四川卫视,https://stream1.freetv.fun/99df454f11669ae2aaa1fec89653f0aadf09eaabd3bcb8c6a4b1e6253ba9850d.m3u8,,,,,,,1280x720,CCSH.txt,4,403,成功,h264,25.0,有音频,1.550,156,128
东方卫视,https://stream1.freetv.fun/ac12b7b242b0187305631f391ba3ad1ecd532c25b8205c1733a06ca1c552405c.m3u8,,,,,,,1280x720,CCSH.txt,16,403,成功,h264,25.0,有音频,1.761,156,128
北京卫视,https://stream1.freetv.fun/81c57e64229ee26513ec49252330adea92adafa87cfe9d56626cf1847172632e.m3u8,,,,,,,1280x720,CCSH.txt,5,403,成功,h264,25.0,有音频,1.521,156,128
吉林卫视,https://stream1.freetv.fun/1a39dcc5eb485ec258651bac95ae4c25c795204743b5432d0244c333696f8cbb.m3u8,,,,,,,1280x720,CCSH.txt,5,403,成功,h264,25.0,有音频,1.483,156,128
浙江卫视,http://8.138.7.223/tv/zjws.m3u8,,,,,,,1920x1080,CCSH.txt,411,200,成功,h264,25.0,有音频,2.004,156,128
厦门卫视,https://stream1.freetv.fun/5da2a85177dcd23a50c3ab9e4cab815050b93d08339747a724575bceef3143bb.m3u8,,,,,,,1280x720,CCSH.txt,6,403,成功,h264,25.0,有音频,1.477,156,128
四川卫视,https://stream1.freetv.fun/d98c7f303ea63c074b5a81788a7924c793425bcbb6a904b9b9e8e9355fb3db67.m3u8,,,,,,,1280x720,CCSH.txt,4,403,成功,h264,25.0,有音频,1.468,156,128
浙江卫视,https://stream1.freetv.fun/bd540d6ea7715caff181ae644e1772b8c6a023f0eb172e5fa69bec70f4dfecfe.m3u8,,,,,,,1280x720,CCSH.txt,6,403,成功,h264,25.0,有音频,1.666,156,128
江苏卫视,https://stream1.freetv.fun/0f935b36e555da8d24b280eec4698b02c1c113abc8ffd506021131a29c843969.m3u8,,,,,,,1280x720,CCSH.txt,5,403,成功,h264,25.0,有音频,1.470,156,128
浙江卫视,https://stream1.freetv.fun/de894822c716882fdc3ccde13a1df6ab170cc15d56ed820dd683a6fd9a9ac182.m3u8,,,,,,,1280x720,CCSH.txt,4,403,成功,h264,25.0,有音频,1.875,156,128
海南卫视,https://stream1.freetv.fun/3a6569cd256210f6ab2e3d5c81f2f81fd684349704bfb1ad0ab6ba7a317588a2.m3u8,,,,,,,1280x720,CCSH.txt,5,403,成功,h264,25.0,有音频,1.947,156,128
东方卫视,https://t.freetv.fun/live/dong-fang-wei-shi-1.php,,,,,,,720x576,CCSH.txt,4,403,成功,h264,25.0,有音频,3.337,8,8
东方卫视,http://m.061899.xyz/mg/dfws,,,,,,,3840x2160,CCSH.txt,715,403,成功,hevc,50.0,有音频,6.144,16,12
东方卫视,https://stream1.freetv.fun/2df6bf87a1f3e0fb1e5e166150a7b2f68840bbeedffddac9863085c08c27317a.m3u8,,,,,,,1280x720,CCSH.txt,4,403,成功,h264,25.0,有音频,6.537,156,128
安徽卫视,https://stream1.freetv.fun/53d71ffaac70e69addf7a793ff9be0cc4d4add943c50d4c0f961451286665b19.m3u8,,,,,,,1280x720,CCSH.txt,5,403,成功,h264,25.0,有音频,6.519,156,128
深圳卫视,https://stream1.freetv.fun/59d27a1d92844dfed30e22eaf3058fdddef2262beb17a644baa4320a51c9e91a.m3u8,,,,,,,1280x720,CCSH.txt,14,403,成功,h264,25.0,有音频,6.447,156,128
江苏卫视,https://stream1.freetv.fun/012d2a4cce4636c5171f9aeec96387bd726996f5faf60ae257f4548150a96d4f.m3u8,,,,,,,1280x720,CCSH.txt,24,403,成功,h264,25.0,有音频,5.269,156,128
北京卫视,https://stream1.freetv.fun/46ab56946a7aefb0c2efaeead6add73416a1f38b70b457f35faaf98ca19d9321.m3u8,,,,,,,1280x720,CCSH.txt,5,403,成功,h264,25.0,有音频,2.381,156,128
安徽卫视,https://stream1.freetv.fun/21954b8aca89d17d6b188ebaa4a9782b8ede2997ba5434e49fa4c3bd45a4ef9a.m3u8,,,,,,,1280x720,CCSH.txt,7,403,成功,h264,25.0,有音频,1.539,156,128
海南卫视,https://stream1.freetv.fun/7127df4bf112629de8dd6cbd97f4928bfa1782e0e0ff97b88372a5eb25e6a1c0.m3u8,,,,,,,1280x720,CCSH.txt,5,403,成功,h264,25.0,有音频,1.852,156,128
四川卫视,https://stream1.freetv.fun/527087db94595f8149818edbff1796a27936a74ad5037913f940114a3b585178.m3u8,,,,,,,1280x720,CCSH.txt,5,403,成功,h264,25.0,有音频,1.500,156,128
东南卫视,https://stream1.freetv.fun/d45f8468728cbbb400c9a38b3e5bd042beefbd08eaff09efb19e8ec7d9a34dec.m3u8,,,,,,,1280x720,CCSH.txt,5,403,成功,h264,25.0,有音频,1.483,156,128
吉林卫视,https://migu.188766.xyz/?migutoken=591d9ec92f8116c78d8b2253ddc262be&id=%E5%90%89%E6%9E%97%E5%8D%AB%E8%A7%86&type=yy,,,,,,,1920x1080,CCSH.txt,18,403,成功,h264,28.0,有音频,0.468,144,116
深圳卫视,http://116.76.254.170:44330/tsfile/live/1013_1.m3u8?key=txiptv&playlive=0&authid=0,,,,,,,1280x720,CCSH.txt,426,200,成功,h264,25.0,有音频,1.613,8,8
北京卫视,https://stream1.freetv.fun/d18ac7322433ae76836423994d1d40f1dff4c48870969cd9c11b11b7b89cc1c3.m3u8,,,,,,,1280x720,CCSH.txt,5,403,成功,h264,25.0,有音频,1.826,156,128
吉林卫视,https://stream1.freetv.fun/8121c38afe593255012114e6ba08edcb1081bbdf2f8b5fd5a37e77656435c3a0.m3u8,,,,,,,1280x720,CCSH.txt,4,403,成功,h264,25.0,有音频,1.490,156,128
浙江卫视,https://t.freetv.fun/live/zhe-jiang-wei-shi-6.php,,,,,,,1920x1080,CCSH.txt,6,403,成功,hevc,25.0,有音频,11.060,26,20
东方卫视,https://stream1.freetv.fun/1adeb3128cbc7c74ed017192dc53a04fbf7d1add75418b57417546d1047b3a72.m3u8,,,,,,,1280x720,CCSH.txt,13,403,成功,h264,25.0,有音频,1.668,156,128
厦门卫视,https://stream1.freetv.fun/8a2a9ccafaf754063ce9d89bdb563b7408b96117d9e868780622f631a35ea400.m3u8,,,,,,,1280x720,CCSH.txt,5,403,成功,h264,25.0,有音频,1.557,156,128
江苏卫视,https://stream1.freetv.fun/96ef33ca59d7fbb2c1b97b9be5411b111b57ea5c9886c4daedb3f5a420db56d7.m3u8,,,,,,,1280x720,CCSH.txt,4,403,成功,h264,25.0,有音频,1.504,156,128
浙江卫视,http://go.bkpcp.top/mg/zjws,,,,,,,3840x2160,CCSH.txt,515,403,成功,hevc,50.0,有音频,2.361,80,64
海南卫视,https://stream1.freetv.fun/5d130292bc5632370395fb0b2cb1aa590d090e4d21a36435ab8d62eb9232d106.m3u8,,,,,,,1280x720,CCSH.txt,4,403,成功,h264,25.0,有音频,1.879,156,128
东方卫视,http://111.221.137.234:44330/tsfile/live/0126_1.m3u8?key=txiptv&playlive=0&authid=0,,,,,,,1280x720,CCSH.txt,197,200,成功,h264,25.0,有音频,2.625,8,8
东南卫视,https://stream1.freetv.fun/a7c533ff91bfe374c28f5e6bf83d4abfb32c1ef0d50ab5d9e524ccf58e10f991.m3u8,,,,,,,1280x720,CCSH.txt,16,403,成功,h264,25.0,有音频,1.479,156,128
海南卫视,https://stream1.freetv.fun/7ab08bcfc83cd137133cc784cb28eb619716a6c9b5d68842adadd33f75f2560c.m3u8,,,,,,,1280x720,CCSH.txt,56,403,成功,h264,25.0,有音频,1.904,156,128
东方卫视,https://stream1.freetv.fun/71b123caee16897d28527e0bdfd4b1f03ca19effeeec1ab28f82a3f80b25fef0.m3u8,,,,,,,1280x720,CCSH.txt,5,403,成功,h264,25.0,有音频,1.660,156,128
海南卫视,https://stream1.freetv.fun/4f4d773c30f9f5605059fd93020cb6a069fd48ea1e5950f49e936898cbc41a4f.m3u8,,,,,,,1280x720,CCSH.txt,54,403,成功,h264,25.0,有音频,1.734,156,128
江苏卫视,https://stream1.freetv.fun/5f53633b7ea4bc98a9984d9f199f4e45a74a7217a3f939aee14a4846a03dc69c.m3u8,,,,,,,1280x720,CCSH.txt,16,403,成功,h264,25.0,有音频,1.471,156,128
海南卫视,https://stream1.freetv.fun/b7bf07489a9de8adfcf3a4762367c5ce59e94a2f3baf19a81b0611748784dad8.m3u8,,,,,,,1280x720,CCSH.txt,53,403,成功,h264,25.0,有音频,1.872,156,128
安徽卫视,https://stream1.freetv.fun/fd5b9c563728d8fb69fea32ba4ed01d8eeeb316e1c8d7d7a5c8a688e95d14785.m3u8,,,,,,,1280x720,CCSH.txt,5,403,成功,h264,25.0,有音频,1.539,156,128
东南卫视,https://stream1.freetv.fun/4d7ac833df136bffef1468d0b0b9f1f5d56c620106e66856f1083f496885f81c.m3u8,,,,,,,1280x720,CCSH.txt,5,403,成功,h264,25.0,有音频,1.551,156,128
北京卫视,https://stream1.freetv.fun/d72c92b51bcf39a00530b020cb2e90b28e57622feff7e4915cacde3469c044fd.m3u8,,,,,,,1280x720,CCSH.txt,5,403,成功,h264,25.0,有音频,1.449,156,128
深圳卫视,https://stream1.freetv.fun/b3c40496fe966efbda4eabce98dd1814fe46f38e98934644e0cd9e318820ffcc.m3u8,,,,,,,1280x720,CCSH.txt,5,403,成功,h264,25.0,有音频,1.882,156,128
江苏卫视,https://t.freetv.fun/live/jiang-su-wei-shi-5.m3u8,,,,,,,1920x1080,CCSH.txt,4,403,成功,h264,25.0,有音频,0.621,8,8
海南卫视,https://stream1.freetv.fun/f4b04cb13ea35c749ab9b5dfa624fd97eda8e7dae8e3c2b935b39e7f01e71d6b.m3u8,,,,,,,1280x720,CCSH.txt,5,403,成功,h264,25.0,有音频,1.871,156,128
四川卫视,https://stream1.freetv.fun/a927de7105cff9da0acec8bab6d52c52f04ef294e1775186d8de7a80a87fe566.m3u8,,,,,,,1280x720,CCSH.txt,6,403,成功,h264,25.0,有音频,1.516,156,128
北京卫视,https://stream1.freetv.fun/ee7dbd9683ac6cf88aba32e1143668af708da41d4f9934eb8cf218a7b9a79710.m3u8,,,,,,,1280x720,CCSH.txt,56,403,成功,h264,25.0,有音频,1.554,156,128
江苏卫视,http://23.237.228.134/live3/jiangsu.m3u8,,,,,,,1920x1080,CCSH.txt,78,200,成功,h264,25.0,有音频,0.145,8,8
湖南卫视,https://t.freetv.fun/live/hu-nan-wei-shi-7.m3u8,,,,,,,1920x1080,CCSH.txt,215,403,成功,h264,25.0,有音频,0.760,8,8
北京卫视,http://111.221.137.234:44330/tsfile/live/0138_1.m3u8?key=txiptv&playlive=0&authid=0,,,,,,,1280x720,CCSH.txt,194,200,成功,h264,25.0,有音频,1.920,8,8
东方卫视,http://23.237.228.134/live3/dongfang.m3u8,,,,,,,1920x1080,CCSH.txt,8,200,成功,h264,25.0,有音频,0.139,8,8
浙江卫视,https://migu.188766.xyz/?migutoken=90a870785c7c87ab28bf572b18797fd6&id=z_jws&type=sz,,,,,,,1920x1080,CCSH.txt,745,403,成功,h264,28.0,有音频,0.445,144,116
吉林卫视,https://stream1.freetv.fun/38240e72b022695ae8540afd97ceab0e05e41c051da4785343d3a0fb1e3bbd80.m3u8,,,,,,,1280x720,CCSH.txt,6,403,成功,h264,25.0,有音频,1.514,156,128
浙江卫视,https://stream1.freetv.fun/d35587d65e53779a3e25010f6839792d5a4430a22824793ec4b997e2c4ab3098.m3u8,,,,,,,1280x720,CCSH.txt,5,403,成功,h264,25.0,有音频,1.864,156,128
安徽卫视,https://stream1.freetv.fun/f81f172236a3ae061ebfa4f744e0e4df0a98e55499dc57d585073c81d366eb54.m3u8,,,,,,,1280x720,CCSH.txt,6,403,成功,h264,25.0,有音频,1.474,156,128
江苏卫视,https://iptv.catvod.com/live.php?id=%E6%B1%9F%E8%8B%8F%E5%8D%AB%E8%A7%86%E5%8F%B0,,,,,,,1920x1080,CCSH.txt,27,200,成功,h264,30.0,有音频,0.448,156,128
海南卫视,https://stream1.freetv.fun/fb1d0f729749f8b3c605962ba1033c627c55f4dc7c38a5f4a8f65e3ed0d1b814.m3u8,,,,,,,1280x720,CCSH.txt,4,403,成功,h264,25.0,有音频,1.916,156,128
东方卫视,http://cdn6.bkpcp.top/tl/tuiliu.php?id=dfws,,,,,,,3840x2160,CCSH.txt,1348,403,成功,hevc,50.0,有音频,5.428,16,12
东南卫视,https://stream1.freetv.fun/f15a5eae2b1ff31b04ac49128210355c6eefafef8947578068c324a46f006cfe.m3u8,,,,,,,1280x720,CCSH.txt,16,403,成功,h264,25.0,有音频,1.505,156,128
浙江卫视,https://stream1.freetv.fun/9db0b177cf33e55f518fee70eb5b8aca7d6d592cb2f228931613f92024e4dcee.m3u8,,,,,,,1280x720,CCSH.txt,6,403,成功,h264,25.0,有音频,1.679,156,128
安徽卫视,https://t.freetv.fun/live/an-hui-wei-shi-4.m3u8,,,,,,,1920x1080,CCSH.txt,5,403,成功,h264,50.0,有音频,3.099,8,8
海南卫视,https://migu.188766.xyz/?migutoken=f96eb8a12f2d924bf75993d5760d3943&id=%E6%B5%B7%E5%8D%97%E5%8D%AB%E8%A7%86&type=yy,,,,,,,1920x1080,CCSH.txt,807,403,成功,h264,28.0,有音频,0.470,144,116
东方卫视,https://t.freetv.fun/live/dong-fang-wei-shi-2.m3u8,,,,,,,1920x1080,CCSH.txt,5,403,成功,h264,50.0,有音频,3.057,28,22
海南卫视,https://stream1.freetv.fun/faf88b6be72cb9e10d14b0844f084d7cb27f8985ae5f4674f67d6d1d13164def.m3u8,,,,,,,1280x720,CCSH.txt,4,403,成功,h264,25.0,有音频,1.842,156,128
深圳卫视,https://t.freetv.fun/live/shen-zhen-wei-shi-9.php,,,,,,,1920x1080,CCSH.txt,164,403,成功,h264,50.0,有音频,3.573,16,12
江苏卫视,https://stream1.freetv.fun/ca590be1149a8febc23f7dc0a4bd7bafd37beb6a92c2fc7f219171926d2af032.m3u8,,,,,,,1280x720,CCSH.txt,6,403,成功,h264,25.0,有音频,1.508,156,128
浙江卫视,http://m.061899.xyz/mg/zjws,,,,,,,3840x2160,CCSH.txt,546,403,成功,hevc,50.0,有音频,1.846,56,44
吉林卫视,https://stream1.freetv.fun/9548f79ce5b5396866119a617e8de99fc6f0440a466527055f4489c6c510bdcf.m3u8,,,,,,,1280x720,CCSH.txt,5,403,成功,h264,25.0,有音频,1.480,156,128
北京卫视,https://t.freetv.fun/live/bei-jing-wei-shi-4.m3u8,,,,,,,1920x1080,CCSH.txt,5,403,成功,h264,25.0,有音频,0.579,8,8
厦门卫视,https://t.freetv.fun/live/sha-men-wei-shi.php,,,,,,,720x576,CCSH.txt,5,403,成功,h264,50.0,有音频,2.434,8,8
四川卫视,https://stream1.freetv.fun/d989f1f857bb56e9c77c055745354bbf0b840c9d1aef0f2195655c642c3c1bb5.m3u8,,,,,,,1280x720,CCSH.txt,5,403,成功,h264,25.0,有音频,1.510,156,128
湖南卫视,https://t.freetv.fun/live/hu-nan-wei-shi-2.php,,,,,,,1920x1080,CCSH.txt,246,403,成功,hevc,25.0,有音频,2.757,8,8
深圳卫视,http://111.221.137.234:44330/tsfile/live/1013_1.m3u8?key=txiptv&playlive=0&authid=0,,,,,,,1280x720,CCSH.txt,1386,200,成功,h264,25.0,有音频,1.930,8,8
吉林卫视,https://t.freetv.fun/live/ji-lin-wei-shi-6.m3u8,,,,,,,1920x1080,CCSH.txt,217,403,成功,h264,25.0,有音频,0.616,8,8
海南卫视,https://stream1.freetv.fun/e7287ead73b2c6f7869c81ee2fcec3298ffc2cea26a0402cd3c32084280590b6.ctv,,,,,,,1280x720,CCSH.txt,5,403,成功,h264,25.0,有音频,1.867,156,128
东南卫视,https://stream1.freetv.fun/aec96cccdb2b6747a2847037fe2551e76bf9cade4e7147da751a523a332bb390.m3u8,,,,,,,1280x720,CCSH.txt,4,403,成功,h264,25.0,有音频,1.554,156,128
安徽卫视,https://stream1.freetv.fun/4078e7515acfeb817260423a635931b5dafb07af568fe27dedb729f35491040a.m3u8,,,,,,,1280x720,CCSH.txt,6,403,成功,h264,25.0,有音频,1.527,156,128
浙江卫视,http://l.cztvcloud.com/channels/lantian/SXpinghu3/720p.m3u8,,,,,,,720x576,CCSH.txt,944,200,成功,h264,25.0,有音频,1.888,36,32
浙江卫视,https://t.freetv.fun/live/zhe-jiang-wei-shi-4.m3u8,,,,,,,1920x1080,CCSH.txt,5,403,成功,h264,25.0,有音频,2.350,156,128
深圳卫视,https://t.freetv.fun/live/shen-zhen-wei-shi-7.m3u8,,,,,,,1280x720,CCSH.txt,215,403,成功,h264,25.0,有音频,3.754,8,8
浙江卫视,https://t.freetv.fun/live/zhe-jiang-wei-shi-31.m3u8,,,,,,,640x360,CCSH.txt,5,403,成功,h264,25.0,有音频,1.557,129,105
吉林卫视,https://stream1.freetv.fun/8543613a4b69a8de52f4a1fa8052115426d328c8ee5989951dccffaedeace382.m3u8,,,,,,,1280x720,CCSH.txt,5,403,成功,h264,25.0,有音频,1.527,156,128
海南卫视,https://stream1.freetv.fun/20c9fd067efe47afe7423d8455241b13415e09bd17894c6cd83c5c12160bfff5.m3u8,,,,,,,1280x720,CCSH.txt,16,403,成功,h264,25.0,有音频,1.882,156,128
江苏卫视,https://stream1.freetv.fun/3e0ed5e0d1ff6197877752ca6c0def4aa65fd6c68bb539384e64836400697d77.m3u8,,,,,,,1280x720,CCSH.txt,5,403,成功,h264,25.0,有音频,1.474,156,128
东南卫视,http://m.061899.xyz/mg/dnws,,,,,,,1280x720,CCSH.txt,48,403,成功,h264,25.0,有音频,1.926,8,8
北京卫视,https://stream1.freetv.fun/72571dcfa2deeb5757def46d5433417ae8430a3a7fad1ea45d459f58a771568d.m3u8,,,,,,,1280x720,CCSH.txt,7,403,成功,h264,25.0,有音频,1.887,156,128
浙江卫视,https://stream1.freetv.fun/2e3a01b886780ceca10b44bb6cdb57413757275a6fdcb083800db996bc2f81e3.m3u8,,,,,,,1280x720,CCSH.txt,5,403,成功,h264,25.0,有音频,1.664,156,128
吉林卫视,http://tvlist.top/jd/index.php?id=jlws&qt=183.224.122.114:8014,,,,,,,1920x1080,CCSH.txt,3710,200,成功,hevc,25.0,有音频,2.416,8,8
浙江卫视,http://ali-m-l.cztv.com/channels/lantian/channel001/1080p.m3u8,,,,,,,1920x1080,CCSH.txt,2182,200,成功,h264,25.0,有音频,1.632,156,128
安徽卫视,https://stream1.freetv.fun/a9be08089c9d15abe0bf7a88c8c87b644d55ed4e1a3b117bf9bdf6caf232696e.m3u8,,,,,,,1280x720,CCSH.txt,15,403,成功,h264,25.0,有音频,1.498,156,128
四川卫视,https://stream1.freetv.fun/570149aeadba6215aa6370c20ee7b85a3905bd412772b53ac1f2bad6488cfa81.m3u8,,,,,,,1280x720,CCSH.txt,5,403,成功,h264,25.0,有音频,1.521,156,128
东南卫视,https://stream1.freetv.fun/e107cbdb3db41f72a62c05f652a6cebd52ca23bdc40477d2effd2fabf63d0b8a.m3u8,,,,,,,1280x720,CCSH.txt,20,403,成功,h264,25.0,有音频,1.512,156,128
北京卫视,https://stream1.freetv.fun/9a04539c74e46e6df1cc2314f4ad5b56e4f9183117ddabcaa54faf0f6fd2f6e4.m3u8,,,,,,,1280x720,CCSH.txt,4,403,成功,h264,25.0,有音频,1.470,156,128
浙江卫视,https://stream1.freetv.fun/584a8d8dcc1704d3df7b0f7153ecea98303b2df8daae3897674bbb03b2abbb39.m3u8,,,,,,,1280x720,CCSH.txt,4,403,成功,h264,25.0,有音频,1.674,156,128
江苏卫视,https://stream1.freetv.fun/8ed0870d4280b3b28954d9ae067b37ff8885ea15549512273090c7833634d40d.m3u8,,,,,,,1280x720,CCSH.txt,10,403,成功,h264,25.0,有音频,1.504,156,128
深圳卫视,https://stream1.freetv.fun/4ed655f1d1af7f8c33f44b669f7c406c14598b23f2a6757c8ac938679ce9361a.m3u8,,,,,,,1280x720,CCSH.txt,6,403,成功,h264,25.0,有音频,1.871,156,128
四川卫视,http://36.36.200.198:44330/tsfile/live/0123_1.m3u8?key=txiptv&playlive=0&authid=0,,,,,,,1280x720,CCSH.txt,373,200,成功,h264,25.0,有音频,2.870,8,8
安徽卫视,https://stream1.freetv.fun/7350af12feb5b0d1d77261d1d2086d9f8c1374e5ef5f3ff7fb8fb7fd09692b2f.m3u8,,,,,,,1280x720,CCSH.txt,16,403,成功,h264,25.0,有音频,1.522,156,128
吉林卫视,https://stream1.freetv.fun/4294145909267be7e86b955a199ed4f03eeffa51273f469784c9bdf585c51593.m3u8,,,,,,,1280x720,CCSH.txt,6,403,成功,h264,25.0,有音频,1.504,156,128
浙江卫视,https://ali-m-l.cztv.com/channels/lantian/channel001/1080p.m3u8?,,,,,,,1920x1080,CCSH.txt,2915,200,成功,h264,25.0,有音频,2.701,156,128
东方卫视,http://go.bkpcp.top/mg/dfws,,,,,,,3840x2160,CCSH.txt,38,403,成功,hevc,50.0,有音频,3.491,16,12
江苏卫视,http://111.221.137.234:44330/tsfile/live/0135_1.m3u8?key=txiptv&playlive=0&authid=0,,,,,,,1280x720,CCSH.txt,192,200,成功,h264,25.0,有音频,5.481,8,8
宁夏卫视,https://stream1.freetv.fun/db1a85e39841fd048eb88e1cf2b7d31072a4fb570cc8a723409dff45d4f482b7.m3u8,,,,,,,1280x720,CCSH.txt,10,403,成功,h264,25.0,有音频,1.667,156,128
新疆卫视,https://stream1.freetv.fun/20f40a367147b3bddbe28b9ed01aee9f9490aad1dc12b5cdd17cbf233dadbe17.m3u8,,,,,,,1280x720,CCSH.txt,213,403,成功,h264,25.0,有音频,1.689,156,128
广西卫视,https://stream1.freetv.fun/be5140091aaca4d98338a6de31c3915e5f4f8ef105d63b008e83b679719a6b21.m3u8,,,,,,,1280x720,CCSH.txt,15,403,成功,h264,25.0,有音频,1.695,156,128
新疆卫视,https://stream1.freetv.fun/4eb5cb457819f8078aed2f15afa03cd11f7d5ba1424fa6b9d4e1e5cc65a36351.m3u8,,,,,,,1280x720,CCSH.txt,16,403,成功,h264,25.0,有音频,1.693,156,128
新疆卫视,https://stream1.freetv.fun/166747c780622a29be370f49caba5447e91b220afe1897d9cbad2386b4b91aaa.m3u8,,,,,,,1280x720,CCSH.txt,214,403,成功,h264,25.0,有音频,1.711,156,128
河北卫视,https://stream1.freetv.fun/23dab4bb5df9906c132792ea9e941086ebb99a78591d2b45247929d954b4dfbe.m3u8,,,,,,,1280x720,CCSH.txt,9,403,成功,h264,25.0,有音频,1.698,156,128
新疆卫视,https://stream1.freetv.fun/77b68345fd847400566765bdaa5da6c6f4ca9cd3d969783cc1145a91afae9fa0.m3u8,,,,,,,1280x720,CCSH.txt,11,403,成功,h264,25.0,有音频,1.710,156,128
广东卫视,https://www.freetv.top/migu/608831231.m3u8?migutoken=78af5371d66a723fc72d7a69c8a18ade502c19d2cf715aa502730a2b197148f3ac859ba4dfc8177df928c7b17e4f7e50e73fa17782751d96ca1224dc27c62d3025503e7b80de41b09560f78ee1,,,,,,,1920x1080,CCSH.txt,1019,200,成功,h264,30.0,有音频,1.770,8,8
山东卫视,https://stream1.freetv.fun/ac1c15dc01a08667160c68a85717a5fab47c32c3861d361c102d0f3e96be2672.ctv,,,,,,,1280x720,CCSH.txt,218,403,成功,h264,25.0,有音频,1.985,156,128
新疆卫视,https://stream1.freetv.fun/cb58b0a62804daac145240a026b9deb894df2b4eeafad095125dd7f942bfe568.ctv,,,,,,,1280x720,CCSH.txt,10,403,成功,h264,25.0,有音频,1.991,156,128
宁夏卫视,https://stream1.freetv.fun/21776b4116610b5cff3172a0d0197ecdd3c4563ca73dc64027a928f1ae2771e8.m3u8,,,,,,,1280x720,CCSH.txt,214,403,成功,h264,25.0,有音频,1.326,156,128
广西卫视,https://stream1.freetv.fun/ee0855af106167ca7f5526dcd4aeb48d16f1b1ca4792e0e2be1d3f7109e096dd.m3u8,,,,,,,1280x720,CCSH.txt,9,403,成功,h264,25.0,有音频,1.550,156,128
宁夏卫视,https://stream1.freetv.fun/3c71eda9aef6c3f1ee09822f18bd4c95cc1a18bd492709926b465e0c8928e009.m3u8,,,,,,,1280x720,CCSH.txt,13,403,成功,h264,25.0,有音频,1.213,156,128
新疆卫视,https://stream1.freetv.fun/cae971892ef630227c1dfb4d1d6c1c8e12cc2fbb74359c37884a31f76e7c8751.m3u8,,,,,,,1280x720,CCSH.txt,217,403,成功,h264,25.0,有音频,1.101,156,128
河南卫视,https://stream1.freetv.fun/30a83f0e3f611bb25ea4cd2d8df9e6b10e7ffbf002513c5e046dd9fb135dc269.m3u8,,,,,,,1280x720,CCSH.txt,11,403,成功,h264,25.0,有音频,1.394,156,128
新疆卫视,https://stream1.freetv.fun/4d7c20e4deec80ce514ff2dfd7931296def68be04a9cd383650a1ee17d54d821.m3u8,,,,,,,1280x720,CCSH.txt,9,403,成功,h264,25.0,有音频,1.198,156,128
湖北卫视,https://stream1.freetv.fun/7278e895e1e512f548f3fd2c2e503a83f6946006f1aba27c986e95fd5960f592.m3u8,,,,,,,1920x1080,CCSH.txt,11,403,成功,h264,25.0,有音频,0.729,8,8
山东卫视,http://nn.7x9d.cn/xzc2.php?ua=TW96aWxsYS81LjAgKFdpbmRvd3MgTlQgNi4xOyBXaW42NDsgeDY0KSBBcHBsZVdlYktpdC81MzcuMzYgKEtIVE1MLCBsaWtlIEdlY2tvKSBDaHJvbWUvMTA2LjAuMC4wIFNhZmFyaS81MzcuMzY=&hls=aHR0cDovLzIyMi44NS4xOTguOTI6ODAwMC9obHMvNDMvaW5kZXgubTN1OA==,,,,,,,1920x1080,CCSH.txt,1336,200,成功,hevc,25.0,有音频,3.636,16,12
云南卫视,https://stream1.freetv.fun/f40235a5ade931c60cc82abe8d013628e1977f5cea353d83586f27b4026d32b4.ctv,,,,,,,1280x720,CCSH.txt,9,403,成功,h264,25.0,有音频,1.510,156,128
云南卫视,https://stream1.freetv.fun/30833828943dd863ae674e21ce2b071f6b9cea50e07fbcfe5c2a0ce16fa20dd2.m3u8,,,,,,,1280x720,CCSH.txt,12,403,成功,h264,25.0,有音频,1.339,156,128
云南卫视,https://stream1.freetv.fun/b96e4a8a7a3a71f0523b3bb87578ff74d44f419d45ba18409b3f3fb5b3844b52.m3u8,,,,,,,1280x720,CCSH.txt,214,403,成功,h264,25.0,有音频,1.375,156,128
天津卫视,https://stream1.freetv.fun/be0acdbb3974c65866118e7d81c8153d45267dc0802796ce4b6161a8a24afd2c.m3u8,,,,,,,1280x720,CCSH.txt,16,403,成功,h264,25.0,有音频,1.308,156,128
河南卫视,https://stream1.freetv.fun/dcb439bf3c9daa873a167f275bf8e44c2b266db4d09db5f1e3169adc27996a5e.m3u8,,,,,,,1280x720,CCSH.txt,10,403,成功,h264,25.0,有音频,1.304,156,128
河南卫视,https://stream1.freetv.fun/42d03f5d46664a27303c567a2464e062a4300b5fcc0974f55aa1e63da3baa02f.m3u8,,,,,,,1280x720,CCSH.txt,10,403,成功,h264,25.0,有音频,1.146,156,128
江西卫视,http://111.221.137.234:44330/tsfile/live/0137_1.m3u8?key=txiptv&playlive=0&authid=0,,,,,,,1280x720,CCSH.txt,968,200,成功,h264,25.0,有音频,2.184,8,8
新疆卫视,https://stream1.freetv.fun/b018a738e4f4c556296cf873999c9652fa3a0afb20a39907e6653036e2cb0c15.m3u8,,,,,,,1280x720,CCSH.txt,15,403,成功,h264,25.0,有音频,1.333,156,128
云南卫视,https://stream1.freetv.fun/44791e60a00a1d5f4377263bbc81e2b4c50cd356967a9cdb8ce05fb6db43d1ea.m3u8,,,,,,,1280x720,CCSH.txt,219,403,成功,h264,25.0,有音频,1.500,156,128
河北卫视,https://stream1.freetv.fun/884c6d4ded2283eb082fa69cf468a4fc68683b8ce7aab1ac1170f71744732af9.m3u8,,,,,,,1280x720,CCSH.txt,10,403,成功,h264,25.0,有音频,1.094,156,128
新疆卫视,https://stream1.freetv.fun/b2c1c7dd1a4cedd28db41c23d567a94e7c8c52106562e857391dcee65b4f15f9.m3u8,,,,,,,1280x720,CCSH.txt,212,403,成功,h264,25.0,有音频,1.086,156,128
湖北卫视,https://stream1.freetv.fun/8137b80a728c1146e27795f95775feedf852d931ffeb9a3eacf09788c73cc2e1.m3u8,,,,,,,1280x720,CCSH.txt,10,403,成功,h264,25.0,有音频,1.400,156,128
河南卫视,https://stream1.freetv.fun/fb4223368cf11a66a175bd13d3c85ec45923c351e13c75c3a67c5514232729e1.ctv,,,,,,,1280x720,CCSH.txt,10,403,成功,h264,25.0,有音频,1.215,156,128
云南卫视,https://stream1.freetv.fun/9d270f0d8b11bd0a9c8a283760f72046181420a6053afff2c652e824f030896b.m3u8,,,,,,,1280x720,CCSH.txt,220,403,成功,h264,25.0,有音频,1.305,156,128
宁夏卫视,https://stream1.freetv.fun/a995f4581392348d00490ba3d075ceeaca5f17a7688d38d0497ea3f446af8edd.ctv,,,,,,,1280x720,CCSH.txt,10,403,成功,h264,25.0,有音频,1.586,156,128
山东卫视,https://stream1.freetv.fun/bd6a37694e1efa04e8be59b8fe452686598c61d790803ad97b04339d271a5f93.m3u8,,,,,,,1280x720,CCSH.txt,9,403,成功,h264,25.0,有音频,1.079,156,128
宁夏卫视,https://stream1.freetv.fun/ae217f89ecafb5375e74deec0b9c57836c7ebe88c9937ed4d2cf6f003de63dc7.m3u8,,,,,,,1280x720,CCSH.txt,9,403,成功,h264,25.0,有音频,1.099,156,128
新疆卫视,https://stream1.freetv.fun/fde702f8f3933462e049918018806fc7f05cfaaba3a34171795ef12a20a3dba0.m3u8,,,,,,,1280x720,CCSH.txt,214,403,成功,h264,25.0,有音频,1.095,156,128
山东卫视,https://t.freetv.fun/live/shan-dong-wei-shi-5.m3u8,,,,,,,1920x1080,CCSH.txt,9,403,成功,h264,25.0,有音频,0.657,8,8
江西卫视,http://k.061899.xyz/k.php?id=jxws,,,,,,,1280x720,CCSH.txt,1229,403,成功,h264,25.0,有音频,2.874,8,8
广东卫视,https://stream1.freetv.fun/254cd336bd5b0df6d92107dc982893be1b2e931a8e1c144ee600993d9de7c3cd.m3u8,,,,,,,1280x720,CCSH.txt,32,403,成功,h264,25.0,有音频,1.100,156,128
宁夏卫视,https://stream1.freetv.fun/5ba343367a6bb571ac2568423009dfc45a5400d28b7669d2041208129def2d2a.m3u8,,,,,,,1280x720,CCSH.txt,14,403,成功,h264,25.0,有音频,1.184,156,128
云南卫视,https://stream1.freetv.fun/35d4f7b2dc651bb0b45648cd74578bfc26c8e2909965cbd48fecf7bb44325fdc.m3u8,,,,,,,1280x720,CCSH.txt,10,403,成功,h264,25.0,有音频,1.113,156,128
新疆卫视,https://stream1.freetv.fun/38a7b62f90c723e1fc8be87904f40eceeaa656f1a58bcb0ad2f6301bda5452dc.m3u8,,,,,,,1920x1080,CCSH.txt,10,403,成功,h264,25.0,有音频,0.750,8,8
广西卫视,https://stream1.freetv.fun/00dd24ff229f857b5f63b2575005617500b45a8a594934001d45893621590099.m3u8,,,,,,,1280x720,CCSH.txt,218,403,成功,h264,25.0,有音频,1.188,156,128
河南卫视,https://stream1.freetv.fun/e3db1ee2a7e7ad78d43c47c7119f2bbc11eac1b6ebfc47dc0831b0316413f1b6.m3u8,,,,,,,1280x720,CCSH.txt,12,403,成功,h264,25.0,有音频,1.073,156,128
河北卫视,https://stream1.freetv.fun/483ee18afe4f13be3acd1a73baacb506bec3fe238b929bcdd3256e2d31798ff1.m3u8,,,,,,,1280x720,CCSH.txt,10,403,成功,h264,25.0,有音频,1.094,156,128
延边卫视,https://t.freetv.fun/live/yan-bian-wei-shi-3.m3u8,,,,,,,1280x720,CCSH.txt,11,403,成功,h264,25.0,有音频,2.348,8,8
云南卫视,https://stream1.freetv.fun/cb688c19071a370c4331aaff5272692ed50a3ab41c6f41854587e1a219a5f779.m3u8,,,,,,,1280x720,CCSH.txt,216,403,成功,h264,25.0,有音频,1.300,156,128
云南卫视,https://t.freetv.fun/live/yun-nan-wei-shi-3.php,,,,,,,1920x1080,CCSH.txt,9,403,成功,hevc,25.0,有音频,7.228,16,12
广东卫视,https://stream1.freetv.fun/af85fee1b8e836bd54cf69276660c22fffd54e31fe634856f6fd550ec77304d9.m3u8,,,,,,,1280x720,CCSH.txt,213,403,成功,h264,25.0,有音频,1.083,156,128
江西卫视,https://stream1.freetv.fun/24e42d02d75be84af73aac0b4616ee974f8327b811e3a0a4b45a1bb5629f2cd7.m3u8,,,,,,,1280x720,CCSH.txt,11,403,成功,h264,25.0,有音频,1.088,156,128
江西卫视,https://stream1.freetv.fun/09759f413f6f4e15691846b0f9312dd85a7f829fb606af09a91035e1679a0e8e.m3u8,,,,,,,1280x720,CCSH.txt,10,403,成功,h264,25.0,有音频,1.093,156,128
新疆卫视,https://stream1.freetv.fun/a4ef36119e5da70e49e703d85d34434acb135628c9289b91dfffa6ab46bf0523.m3u8,,,,,,,1280x720,CCSH.txt,29,403,成功,h264,25.0,有音频,1.082,156,128
云南卫视,https://stream1.freetv.fun/8104a5c152a868defd1a5d14db7deb3203e05fbdd375c5de7e68240bf606f8ea.m3u8,,,,,,,1280x720,CCSH.txt,17,403,成功,h264,25.0,有音频,1.280,156,128
河南卫视,https://stream1.freetv.fun/65eca45d530393ded96e155eb7dbc7df060e76316aa99b4f1f77ab5808f7d0bf.m3u8,,,,,,,1280x720,CCSH.txt,10,403,成功,h264,25.0,有音频,1.283,156,128
江西卫视,https://migu.188766.xyz/?migutoken=c7d7dbb7be0250f803222673afc5c110&id=%E6%B1%9F%E8%A5%BF%E5%8D%AB%E8%A7%86&type=yy,,,,,,,1280x720,CCSH.txt,58,403,成功,h264,25.0,有音频,11.298,8,8
云南卫视,https://t.freetv.fun/live/yun-nan-wei-shi-1.m3u8,,,,,,,1920x1080,CCSH.txt,9,403,成功,h264,50.0,有音频,4.555,8,8
河北卫视,https://stream1.freetv.fun/dffa30b131abf29bf895158f4c9f3e7de846ecfae6cba07ad3a9a779991bde01.m3u8,,,,,,,1280x720,CCSH.txt,13,403,成功,h264,25.0,有音频,1.103,156,128
宁夏卫视,https://stream1.freetv.fun/34a63287556c44de75ad5a6ef9343c0d913325efeabaa26afcedd46095d60019.m3u8,,,,,,,1280x720,CCSH.txt,13,403,成功,h264,25.0,有音频,1.102,156,128
河南卫视,https://stream1.freetv.fun/595dadd3276338abdc6321d1f19c92c1e9562a21fc767f1b38e9d2e7a6d61248.m3u8,,,,,,,1280x720,CCSH.txt,12,403,成功,h264,25.0,有音频,1.304,156,128
新疆卫视,https://stream1.freetv.fun/4fccc3c26f64a8f91296ec98f84f9a3458fc66db8facda67ece2f9edfb644dd0.m3u8,,,,,,,1280x720,CCSH.txt,224,403,成功,h264,25.0,有音频,1.097,156,128
湖北卫视,https://stream1.freetv.fun/12430d1fe4146e4d4ddd0c96ab3d977fde46603f13143d925e5b39e8e990dabf.m3u8,,,,,,,1280x720,CCSH.txt,11,403,成功,h264,25.0,有音频,1.085,156,128
广东卫视,https://stream1.freetv.fun/ae49dc5a860f65496e2207dc8b5f47752f9b38beba4ccf16fc1286f71708465e.m3u8,,,,,,,1280x720,CCSH.txt,219,403,成功,h264,25.0,有音频,1.117,156,128
广西卫视,https://stream1.freetv.fun/bfbb6cc5e99b302fee0410849bb3b702c56e2f126c340387bb623ae8c035fb1b.m3u8,,,,,,,1280x720,CCSH.txt,36,403,成功,h264,25.0,有音频,1.123,156,128
山西卫视,https://t.freetv.fun/live/shan-xi-wei-shi-6-1.m3u8,,,,,,,1920x1080,CCSH.txt,10,403,成功,h264,25.0,有音频,0.634,8,8
延边卫视,https://stream1.freetv.fun/c0b813fdcf8e35946c0c91e75d6a2ed10a8b9094c02223e4cb83b282c977ef58.ctv,,,,,,,1280x720,CCSH.txt,9,403,成功,h264,25.0,有音频,1.284,156,128
云南卫视,https://stream1.freetv.fun/a04a45e12d2c082211a9ea543178283a7273f149409adcaa4aff250153742883.m3u8,,,,,,,1280x720,CCSH.txt,217,403,成功,h264,25.0,有音频,1.286,156,128
广东卫视,https://stream1.freetv.fun/a5a9d93d3e3eb03cca0320d5e6821e8c5d34899182b684f0a3a063960564e0ea.m3u8,,,,,,,1280x720,CCSH.txt,27,403,成功,h264,25.0,有音频,1.095,156,128
宁夏卫视,https://stream1.freetv.fun/a339b98fe6ffe1fa8b71b34751faf6b9062505ee5273a7d27a037762b130dbce.ctv,,,,,,,1280x720,CCSH.txt,9,403,成功,h264,25.0,有音频,1.291,156,128
云南卫视,https://stream1.freetv.fun/c641c668703bdb2c9d80a75dcbf17474cf8b1203c8002158fb036111cc5ea8e2.m3u8,,,,,,,1280x720,CCSH.txt,10,403,成功,h264,25.0,有音频,1.077,156,128
宁夏卫视,https://stream1.freetv.fun/d9f91e5ab7ea769b6fabc592149e71772171fb6eb53c004ea91855498d8c0296.m3u8,,,,,,,1280x720,CCSH.txt,219,403,成功,h264,25.0,有音频,1.091,156,128
山东卫视,https://t.freetv.fun/live/shan-dong-wei-shi-1.php,,,,,,,1920x1080,CCSH.txt,27,403,成功,hevc,25.0,有音频,5.530,46,36
天津卫视,https://stream1.freetv.fun/b174433fa74b990a5146d8f6ee46307b62bde3e61df3a44eb8aaa649af3cc6fd.m3u8,,,,,,,1920x1080,CCSH.txt,25,403,成功,h264,25.0,有音频,0.713,8,8
山东卫视,https://stream1.freetv.fun/5b3f8b55c9ab9a236c5a900671932cbf4e8483a632e066e57ea7436c63bbe588.m3u8,,,,,,,1280x720,CCSH.txt,13,403,成功,h264,25.0,有音频,1.114,156,128
广西卫视,https://stream1.freetv.fun/935d2b1d802bdfa7ba0bbb07871f2f13013b23f7153e604e9a75b2fd3bb36d5b.m3u8,,,,,,,1280x720,CCSH.txt,10,403,成功,h264,25.0,有音频,1.099,156,128
新疆卫视,https://stream1.freetv.fun/e7a053abe997b38ab5da298dbe0ab1b78baee99b05594e77c3f2375af55027c8.m3u8,,,,,,,1280x720,CCSH.txt,24,403,成功,h264,25.0,有音频,1.116,156,128
广西卫视,https://stream1.freetv.fun/ea0d1b1fd3dead4ce62ebea5bb153d4db39617a5e0e37af009e5207049b17cfd.m3u8,,,,,,,1280x720,CCSH.txt,224,403,成功,h264,25.0,有音频,1.085,156,128
延边卫视,https://t.freetv.fun/live/yan-bian-wei-shi.m3u8,,,,,,,1920x1080,CCSH.txt,9,403,成功,h264,25.0,有音频,2.687,144,116
宁夏卫视,https://stream1.freetv.fun/b3363040c57368928cb5d235ccc1a3b79bb3faccdeb1edbff8113e94dcd09284.m3u8,,,,,,,1280x720,CCSH.txt,11,403,成功,h264,25.0,有音频,1.091,156,128
云南卫视,https://stream1.freetv.fun/5003afc49a44aee65f13f74898ede1f5dc05a13b144dbf3f14737382f0b15ea5.m3u8,,,,,,,1280x720,CCSH.txt,224,403,成功,h264,25.0,有音频,1.093,156,128
天津卫视,https://stream1.freetv.fun/4610be29d19e7cfa5b664f6cb93b9aba6e0707727f0c69bbb8df80f1e01c144d.m3u8,,,,,,,1280x720,CCSH.txt,21,403,成功,h264,25.0,有音频,1.078,156,128
河南卫视,https://stream1.freetv.fun/14c0efa0b69afff8af801b538a27a783845acdb87174717d8871a5fa9de187e0.m3u8,,,,,,,1280x720,CCSH.txt,10,403,成功,h264,25.0,有音频,1.105,156,128
江西卫视,https://stream1.freetv.fun/89d9d9375ed2dec0f5361c36f90f9a8ef71d8eb3275a6e67969e6bc509562242.m3u8,,,,,,,1280x720,CCSH.txt,13,403,成功,h264,25.0,有音频,1.078,156,128
广东卫视,https://stream1.freetv.fun/d2589ead2fb42babba3a2b80930b04d6da9272d2c5f125d60cd57a204a3e7e2d.m3u8,,,,,,,1280x720,CCSH.txt,8,403,成功,h264,25.0,有音频,1.103,156,128
湖北卫视,https://migu.188766.xyz/?migutoken=bfe8c5709e1dfaee4916143555793089&id=%E6%B9%96%E5%8C%97%E5%8D%AB%E8%A7%86&type=yy,,,,,,,1920x1080,CCSH.txt,66,403,成功,h264,28.0,有音频,0.697,144,116
云南卫视,https://stream1.freetv.fun/6dfe6accf61ac1181362acf0b7bd9bf39a440a54ea83763f0a078f76a9a71ba7.m3u8,,,,,,,1280x720,CCSH.txt,219,403,成功,h264,25.0,有音频,1.308,156,128
云南卫视,http://sun135790.x3322.net:9901/tsfile/live/16038_1.m3u8?key=txiptv&playlive=1&authid=0,,,,,,,720x576,CCSH.txt,8614,200,成功,h264,25.0,有音频,3.968,16,12
广西卫视,https://stream1.freetv.fun/43e90d6037b24b80d5209dd5e5bb4e3979d839b4803aebd923489e5f6f01ca4f.m3u8,,,,,,,1280x720,CCSH.txt,219,403,成功,h264,25.0,有音频,1.133,156,128
湖北卫视,https://stream1.freetv.fun/73877f7e121cb093d0c482c1e9dca01984153d6848cc1e910354546c33198a93.m3u8,,,,,,,1280x720,CCSH.txt,11,403,成功,h264,25.0,有音频,1.128,156,128
宁夏卫视,https://stream1.freetv.fun/ab1bcfd9a9550a1535d8b946baa66ee2f6c074c4ecb5b0ea119d98667ae118e4.m3u8,,,,,,,1280x720,CCSH.txt,221,403,成功,h264,25.0,有音频,1.085,156,128
广西卫视,https://stream1.freetv.fun/9ddd22f91fa2be56b4da5b2c8df8be20141d218f52ebf7728bb70cf8c1caeaf8.m3u8,,,,,,,1280x720,CCSH.txt,19,403,成功,h264,25.0,有音频,1.090,156,128
山东卫视,https://stream1.freetv.fun/c98c710b867198d8033667e191f55f8c562aed0832e4a4e9c239f864f1068d02.m3u8,,,,,,,1280x720,CCSH.txt,11,403,成功,h264,25.0,有音频,1.094,156,128
广西卫视,https://stream1.freetv.fun/9d8f557625e727926e98f5965bb2209962df72268884e60cb60e820e364e5b91.m3u8,,,,,,,1280x720,CCSH.txt,220,403,成功,h264,25.0,有音频,1.082,156,128
新疆卫视,https://stream1.freetv.fun/400f1b0d17f68b9f1607d15db49de2340cd45b4df2c06234bb1956dde4500de1.m3u8,,,,,,,1280x720,CCSH.txt,16,403,成功,h264,25.0,有音频,1.092,156,128
宁夏卫视,https://stream1.freetv.fun/3aa4677fca028368355fa4d42f6c2c101a5cc1407e4d0a83a23ddfe8f5ee3181.m3u8,,,,,,,1280x720,CCSH.txt,10,403,成功,h264,25.0,有音频,1.088,156,128
云南卫视,https://stream1.freetv.fun/441c9d2ce4f00c976a2afa62b6288f78ce84723035b6179c226fb419e55056f4.m3u8,,,,,,,1280x720,CCSH.txt,222,403,成功,h264,25.0,有音频,1.298,156,128
新疆卫视,https://stream1.freetv.fun/708b18d42d1ca63e7f143d0f5b2a22383f9bcd408efba40a7638e1f7c2176e0b.m3u8,,,,,,,1280x720,CCSH.txt,47,403,成功,h264,25.0,有音频,1.096,156,128
河北卫视,https://stream1.freetv.fun/e59a8d25d39880046ea5526cb6600391eaa7351f8eae7011e85e501506f7e7be.m3u8,,,,,,,1280x720,CCSH.txt,11,403,成功,h264,25.0,有音频,1.099,156,128
山东卫视,https://stream1.freetv.fun/84a9d650a24c7a23413122151ff352b3a984ce28327f3f844f0c77cad6c71d72.m3u8,,,,,,,1280x720,CCSH.txt,11,403,成功,h264,25.0,有音频,1.087,156,128
新疆卫视,https://stream1.freetv.fun/674920ceab1d54e60eb79d53a3e465c5cf568f68dc82977a6ef79362cec859ca.m3u8,,,,,,,1280x720,CCSH.txt,227,403,成功,h264,25.0,有音频,1.111,156,128
广西卫视,https://stream1.freetv.fun/cd3ee6408c3bd6eb788abbf61f06cdedd3e2a62e4d6d500e23148b9ab887d7a5.m3u8,,,,,,,1280x720,CCSH.txt,10,403,成功,h264,25.0,有音频,1.090,156,128
云南卫视,https://t.freetv.fun/live/yun-nan-wei-shi-2.m3u8,,,,,,,1920x1080,CCSH.txt,10,403,成功,h264,25.0,有音频,0.626,8,8
天津卫视,https://stream1.freetv.fun/376666927357c8d2ec2bd3711d0a14437d5d775edbd4e3a5fbb8a6b855ab9424.m3u8,,,,,,,1280x720,CCSH.txt,15,403,成功,h264,25.0,有音频,1.087,156,128
湖北卫视,https://t.freetv.fun/live/hu-bei-wei-shi-1.m3u8,,,,,,,3840x2160,CCSH.txt,11,403,成功,hevc,50.0,有音频,5.571,56,44
云南卫视,https://t.freetv.fun/live/yun-nan-wei-shi-10.m3u8,,,,,,,1920x1080,CCSH.txt,28,403,成功,h264,50.0,无音频,4.950,150,122
宁夏卫视,https://stream1.freetv.fun/8d03103b64d339a4fa1a8cb4777155ac8a09be4d4171b81439cae297463d019d.ctv,,,,,,,1280x720,CCSH.txt,11,403,成功,h264,25.0,有音频,1.274,156,128
延边卫视,https://stream1.freetv.fun/d2ea3a364fa453b29060ebccb5a06a1941755859c0182ab0f071473c08738fc2.m3u8,,,,,,,1920x1080,CCSH.txt,8,403,成功,h264,25.0,有音频,2.635,144,116
山东卫视,https://t.freetv.fun/live/shan-dong-wei-shi-9.m3u8,,,,,,,1920x1080,CCSH.txt,10,403,成功,h264,25.0,有音频,0.477,8,8
广西卫视,https://stream1.freetv.fun/64c0d15a8ec94aa45c8bb8e9314d511676c9ae4378cc20bd0c2b606caf6383e4.m3u8,,,,,,,1280x720,CCSH.txt,227,403,成功,h264,25.0,有音频,1.098,156,128
云南卫视,https://stream1.freetv.fun/b9151e5251d5a3417d7af76a66bd3a6da5cf19f1c7008604fb1228b48249a975.m3u8,,,,,,,1280x720,CCSH.txt,11,403,成功,h264,25.0,有音频,1.280,156,128
新疆卫视,https://iptv.catvod.com/live.php?id=%E6%96%B0%E7%96%86%E5%8D%AB%E8%A7%86%E5%8F%B0,,,,,,,1920x1080,CCSH.txt,77,200,成功,h264,30.0,有音频,0.756,156,128
云南卫视,https://stream1.freetv.fun/e25d0a6da5b4ebba804a0e085531db9ac3d061c227a444b068b0227c0c4d9b10.m3u8,,,,,,,1280x720,CCSH.txt,49,403,成功,h264,25.0,有音频,1.299,156,128
河北卫视,https://stream1.freetv.fun/dc5dd97fae4fb87d7e23b6b8f82e42e0a80587bdc330a3365948ea928f0dacfa.m3u8,,,,,,,1280x720,CCSH.txt,10,403,成功,h264,25.0,有音频,1.081,156,128
江西卫视,https://stream1.freetv.fun/febb2a64cc534882472d10a492fdfb288f577809566473c7b147755f959f63ea.m3u8,,,,,,,1280x720,CCSH.txt,11,403,成功,h264,25.0,有音频,1.086,156,128
广东卫视,https://stream1.freetv.fun/789f20f011598d1de2038efdd927fd3eb7619798d61096ca13b1501a8db4292b.m3u8,,,,,,,1280x720,CCSH.txt,9,403,成功,h264,25.0,有音频,1.097,156,128
天津卫视,https://stream1.freetv.fun/b3eb13b745703627bd6e4f9a0864000c04f07d77719a4f9bc6f0aa0d5c370410.m3u8,,,,,,,1280x720,CCSH.txt,220,403,成功,h264,25.0,有音频,1.083,156,128
宁夏卫视,https://stream1.freetv.fun/85f5cab36f1df19aa46c14dd20b99b69a10818199e8ec2a627aa4b3f56ec35d0.m3u8,,,,,,,1280x720,CCSH.txt,11,403,成功,h264,25.0,有音频,1.091,156,128
新疆卫视,https://stream1.freetv.fun/15fb5462d06ca316ffe3175b1e210010fce93382769dc69a2102532fbe8c3e8b.m3u8,,,,,,,1280x720,CCSH.txt,11,403,成功,h264,25.0,有音频,1.110,156,128
河南卫视,https://stream1.freetv.fun/4eb563f914f53b524267b6a0f897d6f43bba9f4933a782896077eacdba9a09d2.m3u8,,,,,,,1280x720,CCSH.txt,11,403,成功,h264,25.0,有音频,1.081,156,128
江西卫视,https://stream1.freetv.fun/03e92c342eaf1f24d2cea4109b50f4a7835263aab2f5ca2fb5d9ed4b96652b5b.m3u8,,,,,,,1280x720,CCSH.txt,11,403,成功,h264,25.0,有音频,1.086,156,128
广东卫视,http://39.152.103.17:8089/tsfile/live/1042_1.m3u8,,,,,,,1920x1080,CCSH.txt,472,200,成功,h264,25.0,有音频,2.501,16,12
河北卫视,https://stream1.freetv.fun/85fa3b1c0d3f07e3465852b052a3ef4744e54eb6e00be21944f7a39495032732.m3u8,,,,,,,1280x720,CCSH.txt,10,403,成功,h264,25.0,有音频,1.075,156,128
广西卫视,https://stream1.freetv.fun/86f11ddc0a95dc6a89f6959e3a8f5ad5cc1312fc051bf5d38dd925ba23ae5b2a.m3u8,,,,,,,1280x720,CCSH.txt,56,403,成功,h264,25.0,有音频,1.094,156,128
广东卫视,http://hmfs.f3322.net:3388/hls/11/index.m3u8,,,,,,,1920x1080,CCSH.txt,577,200,成功,h264,25.0,有音频,10.629,16,12
河南卫视,https://stream1.freetv.fun/ce126a81af6a4e9f4d046606f226074892a461501185cb98bcd54f1db14a3b91.m3u8,,,,,,,1280x720,CCSH.txt,12,403,成功,h264,25.0,有音频,1.090,156,128
宁夏卫视,https://stream1.freetv.fun/b1c2fb171ad59994cacb72577eef306f5dfbdfb2d1bf909b1357c4dbb711b942.m3u8,,,,,,,1280x720,CCSH.txt,9,403,成功,h264,25.0,有音频,1.078,156,128
云南卫视,https://stream1.freetv.fun/5bbba5834b315d5fec76e36bcd530eca118d6b43f41e5be0a5ac9da26541fad7.m3u8,,,,,,,1280x720,CCSH.txt,8,403,成功,h264,25.0,有音频,1.092,156,128
山东卫视,https://stream1.freetv.fun/b72f3d6fabe85266cc29ced982a92d33d6330c011a8a30eb4efb65760b83c210.m3u8,,,,,,,1280x720,CCSH.txt,10,403,成功,h264,25.0,有音频,1.085,156,128
天津卫视,https://stream1.freetv.fun/ce7dc064a1aba74e5cd30069e9b8c51e958bb5e4e6804b5070d1ce3e76ab7226.m3u8,,,,,,,1280x720,CCSH.txt,57,403,成功,h264,25.0,有音频,1.085,156,128
宁夏卫视,https://stream1.freetv.fun/40039676d37e53ccb6a0f96453991b56a72bfa3ed365f77dfe7afece235ad285.m3u8,,,,,,,1280x720,CCSH.txt,9,403,成功,h264,25.0,有音频,1.097,156,128
宁夏卫视,https://stream1.freetv.fun/a5ab17e7871146d4e69d46060f01078914a3c8f468ea3264a143c0e08b515b50.m3u8,,,,,,,1280x720,CCSH.txt,57,403,成功,h264,25.0,有音频,1.102,156,128
广东卫视,https://stream1.freetv.fun/7032dd2b86126b125a4a42c63b1c2c175975b401a309f3c31722542ede60c7d7.m3u8,,,,,,,1280x720,CCSH.txt,9,403,成功,h264,25.0,有音频,1.087,156,128
宁夏卫视,https://stream1.freetv.fun/d4bbf287b70525009f8093f60d38f9c72a3bd3a505699174d365c8b4edace722.m3u8,,,,,,,1280x720,CCSH.txt,10,403,成功,h264,25.0,有音频,1.087,156,128
湖北卫视,https://stream1.freetv.fun/c1d6ab376c99f7726298b846dc6790c4791e01a8edf4ccb4bfafa6f8b92424d1.m3u8,,,,,,,1280x720,CCSH.txt,9,403,成功,h264,25.0,有音频,1.091,156,128
云南卫视,https://t.freetv.fun/live/yun-nan-wei-shi-5.php,,,,,,,1920x1080,CCSH.txt,11,403,成功,hevc,25.0,有音频,3.136,8,8
山东卫视,https://stream1.freetv.fun/81a4a1600b213a26729f9e24d8381601889787ef3447b8a5dd0566e7e182b285.m3u8,,,,,,,1280x720,CCSH.txt,11,403,成功,h264,25.0,有音频,1.098,156,128
河北卫视,https://stream1.freetv.fun/4e6f24f65a56378987600bbf55ac88fc37f4d0e7e836f0179da74235cdb7d911.m3u8,,,,,,,1280x720,CCSH.txt,10,403,成功,h264,25.0,有音频,1.126,156,128
延边卫视,https://stream1.freetv.fun/a26f33a3504d1ef90a6b1750c720fb6b6a0dcab447c91e0afd790b9fe21b2bbf.m3u8,,,,,,,1280x720,CCSH.txt,10,403,成功,h264,25.0,有音频,1.114,156,128
宁夏卫视,https://stream1.freetv.fun/ee969918364f2f6e6bc56062125c9687ec7ffb6a2db0d4dda27be1eb74a692ac.m3u8,,,,,,,1280x720,CCSH.txt,10,403,成功,h264,25.0,有音频,1.115,156,128
新疆卫视,http://38.75.136.137:98/gslb/dsdqpub/xjws.m3u8?auth=testpub,,,,,,,1920x1080,CCSH.txt,195,200,成功,h264,25.0,有音频,0.549,8,8
新疆卫视,https://stream1.freetv.fun/108ed1b5db68ef5fb48a15383b7ccc7d04af206a9b9611bd1fdb48f2f37b50c4.m3u8,,,,,,,1280x720,CCSH.txt,225,403,成功,h264,25.0,有音频,1.090,156,128
天津卫视,https://stream1.freetv.fun/0d3a11ab7b1579bed59253d1fda80783bd3d15b047c0f9336517bdc5d84d8e66.m3u8,,,,,,,1280x720,CCSH.txt,10,403,成功,h264,25.0,有音频,1.088,156,128
河北卫视,https://stream1.freetv.fun/a445822c682234f66d3d32794a2fc569c66d0bd9b3f50cfed2a447f3cc3ce1d4.m3u8,,,,,,,1280x720,CCSH.txt,13,403,成功,h264,25.0,有音频,1.108,156,128
新疆卫视,https://stream1.freetv.fun/76f778346d34fe24d36da8d8a180dc4610a107d5344084dce026498faabd0220.m3u8,,,,,,,1280x720,CCSH.txt,10,403,成功,h264,25.0,有音频,1.100,156,128
广西卫视,https://t.freetv.fun/live/yan-xi-wei-shi-5.m3u8,,,,,,,1920x1080,CCSH.txt,9,403,成功,h264,25.0,有音频,2.890,36,28
云南卫视,https://stream1.freetv.fun/8516ee373bc6e9f2805a68338e64e4df5737bb2c4be5f7dafba1c4a8c6d5af7c.m3u8,,,,,,,1280x720,CCSH.txt,230,403,成功,h264,25.0,有音频,1.308,156,128
河南卫视,https://stream1.freetv.fun/f21e5e15af24ce3dcb965fd6dfb64fbf16fed2cc8f8b7a0635d1463d30261644.m3u8,,,,,,,1280x720,CCSH.txt,10,403,成功,h264,25.0,有音频,1.095,156,128
云南卫视,https://stream1.freetv.fun/9e6b41e02955474787ca4067351aee590117d001c66f67e91ae48966cb034bb9.m3u8,,,,,,,1280x720,CCSH.txt,11,403,成功,h264,25.0,有音频,1.312,156,128
广西卫视,https://stream1.freetv.fun/52c0a80fd71da625bb7598408847c09e8bc7a1277d37354cbee4a624ffc7d994.m3u8,,,,,,,1280x720,CCSH.txt,231,403,成功,h264,25.0,有音频,1.111,156,128
新疆卫视,https://stream1.freetv.fun/b79a4261d16deee4cc3aa4c5ecdbfe037bda1c7b674a9a2fd20ea2dd34d0ea1f.m3u8,,,,,,,1280x720,CCSH.txt,9,403,成功,h264,25.0,有音频,1.098,156,128
河南卫视,https://stream1.freetv.fun/91c812506e5f3b35401fd02b7d4a237fb8933fa0ecdef1e793b48bdeac49af0a.m3u8,,,,,,,1280x720,CCSH.txt,11,403,成功,h264,25.0,有音频,1.124,156,128
河北卫视,https://stream1.freetv.fun/a995bf588414dfdd5597e1458b574468be6201181b6323fd280473e314d4f397.ctv,,,,,,,1280x720,CCSH.txt,10,403,成功,h264,25.0,有音频,1.296,156,128
宁夏卫视,https://t.freetv.fun/live/zhu-xia-wei-shi-2.m3u8,,,,,,,1920x1080,CCSH.txt,9,403,成功,h264,25.0,有音频,0.647,8,8
宁夏卫视,https://stream1.freetv.fun/91caf0de2e56ffc6bb2688a59482d4ff79426d74faa252f785d1800651b13911.m3u8,,,,,,,1280x720,CCSH.txt,9,403,成功,h264,25.0,有音频,1.096,156,128
广东卫视,https://t.freetv.fun/live/yan-dong-wei-shi-gao-qing.m3u8,,,,,,,1920x1080,CCSH.txt,10,403,成功,h264,25.0,有音频,2.927,16,12
宁夏卫视,https://stream1.freetv.fun/a29d7f1ce70a0aa325c484b53b9e521bca3271a88c18e8a3c13c2706154e040d.m3u8,,,,,,,1280x720,CCSH.txt,232,403,成功,h264,25.0,有音频,1.100,156,128
新疆卫视,https://stream1.freetv.fun/da52b6cfd3a71c8ecd1c54fbc2e4b214f7a67159546214a08663ae1a88330361.m3u8,,,,,,,1280x720,CCSH.txt,13,403,成功,h264,25.0,有音频,1.085,156,128
云南卫视,https://stream1.freetv.fun/c0407d14e70f9c1bdefe20bce70e50163a638aab3cfc26c2f10d4057d5a41314.m3u8,,,,,,,1280x720,CCSH.txt,10,403,成功,h264,25.0,有音频,1.115,156,128
广东卫视,https://stream1.freetv.fun/80f9f93aeb14f2b203cb77e1f72b095e2aa7e9491de1ee852d24239ba08f3098.m3u8,,,,,,,1280x720,CCSH.txt,17,403,成功,h264,25.0,有音频,1.092,156,128
天津卫视,https://stream1.freetv.fun/c53b590edd83259c81e0c7236308f727d152af9ddb24496c8db1485b6a046e32.m3u8,,,,,,,1280x720,CCSH.txt,9,403,成功,h264,25.0,有音频,1.298,156,128
河南卫视,http://183.57.249.119:8183/tsfile/live/0139_1.m3u8,,,,,,,3840x2160,CCSH.txt,271,200,成功,hevc,50.0,有音频,7.921,36,28
宁夏卫视,https://stream1.freetv.fun/a2498d1e0bc99fb08805758a9ea1ee9d80729bd77d22fb71cce4b0e14786dae1.m3u8,,,,,,,1280x720,CCSH.txt,17,403,成功,h264,25.0,有音频,1.094,156,128
宁夏卫视,https://stream1.freetv.fun/50defa48a94838f581d0fa82dc9255cebfc4ff5ad5f1a0655785e3b90a2b1a7c.m3u8,,,,,,,1280x720,CCSH.txt,10,403,成功,h264,25.0,有音频,1.097,156,128
河北卫视,https://stream1.freetv.fun/0574bdf277ffa5a524e91a1658ce4282b0b530267fdf8ee4db7620df82cfa126.m3u8,,,,,,,1280x720,CCSH.txt,10,403,成功,h264,25.0,有音频,1.092,156,128
山东卫视,https://stream1.freetv.fun/24c31af25ba4edecf548069f91fd10e3a708c891e9755574d9d3e85f05a6cec7.m3u8,,,,,,,1280x720,CCSH.txt,11,403,成功,h264,25.0,有音频,1.097,156,128
新疆卫视,https://stream1.freetv.fun/5027603861b7d683b3efa4458d7b350b4496e3f0fa64e93b2621fd54e360a1de.m3u8,,,,,,,1280x720,CCSH.txt,11,403,成功,h264,25.0,有音频,1.102,156,128
湖北卫视,https://stream1.freetv.fun/e3949feb45f46bb2a6938302925dd6a468483fe3fda085ac5c9e515c3da120ce.m3u8,,,,,,,1280x720,CCSH.txt,9,403,成功,h264,25.0,有音频,1.098,156,128
宁夏卫视,https://stream1.freetv.fun/7aac82b9389dff476e6cd5bbe2554470ed3e670aa63f7f4c539140885675c52b.m3u8,,,,,,,1280x720,CCSH.txt,9,403,成功,h264,25.0,有音频,1.112,156,128
河北卫视,https://stream1.freetv.fun/3a92116383e09cb497a35ca9fcfb34785d2a4367fea99689cd1e5c892e50f835.m3u8,,,,,,,1280x720,CCSH.txt,12,403,成功,h264,25.0,有音频,1.099,156,128
山东卫视,https://stream1.freetv.fun/798644055c27a846f52f237a6de44349b2243939ec738927c8377f2955127a36.m3u8,,,,,,,1280x720,CCSH.txt,10,403,成功,h264,25.0,有音频,1.112,156,128
江西卫视,https://stream1.freetv.fun/884205e754d467296fc5ead33fdf28f9b21d713b0c44c162f291fcc2df83ac2a.m3u8,,,,,,,1280x720,CCSH.txt,11,403,成功,h264,25.0,有音频,1.107,156,128
新疆卫视,https://stream1.freetv.fun/6ea4445c3521d696ed43bfab2cfe456dbb13de421d02f6ea1fedda765886a134.m3u8,,,,,,,1280x720,CCSH.txt,12,403,成功,h264,25.0,有音频,1.100,156,128
广东卫视,https://migu.188766.xyz/?migutoken=cf936febf6367bfcf8ea49d3fe01bc95&id=%E5%B9%BF%E4%B8%9C%E5%8D%AB%E8%A7%86&type=yy,,,,,,,1920x1080,CCSH.txt,89,403,成功,h264,28.0,有音频,0.618,144,116
云南卫视,http://nn.7x9d.cn/xzc2.php?ua=TW96aWxsYS81LjAgKFdpbmRvd3MgTlQgNi4xOyBXaW42NDsgeDY0KSBBcHBsZVdlYktpdC81MzcuMzYgKEtIVE1MLCBsaWtlIEdlY2tvKSBDaHJvbWUvMTA2LjAuMC4wIFNhZmFyaS81MzcuMzY=&hls=aHR0cDovLzIyMi44NS4xOTguOTI6ODAwMC9obHMvMzUvaW5kZXgubTN1OA==,,,,,,,1920x1080,CCSH.txt,822,200,成功,hevc,25.0,有音频,4.970,46,36
河北卫视,https://stream1.freetv.fun/484879dc432ec39cb4a9d641d729fa42d1dd51f44c8c78afdb9e25d21c19dd1b.m3u8,,,,,,,1280x720,CCSH.txt,10,403,成功,h264,25.0,有音频,1.297,156,128
延边卫视,http://l.cztvcloud.com/channels/lantian/SXxinchang2/720p.m3u8#,,,,,,,1920x1080,CCSH.txt,1162,200,成功,h264,25.0,有音频,2.107,144,116
云南卫视,https://stream1.freetv.fun/368e59cc43274d4c5380dfd940d1f40ee03a4b9cb5b1648b01c42b47f2516d8b.m3u8,,,,,,,1920x1080,CCSH.txt,9,403,成功,h264,25.0,有音频,0.734,8,8
新疆卫视,https://stream1.freetv.fun/9dffc41fcd6f3e486cc58b19310a8ce4e34a3e72fec6def4663853397c68b10c.m3u8,,,,,,,1280x720,CCSH.txt,10,403,成功,h264,25.0,有音频,1.097,156,128
天津卫视,https://stream1.freetv.fun/c8c2f6c41f02c70866924be598307a49bab6a6fe432d423d6c7f09c65fdf5ada.m3u8,,,,,,,1280x720,CCSH.txt,10,403,成功,h264,25.0,有音频,1.091,156,128
河南卫视,https://stream1.freetv.fun/78e08f3c7545eb3161bc86b87742b8555d41e8b22c0198ff682ff4d690b6aa4b.m3u8,,,,,,,1280x720,CCSH.txt,10,403,成功,h264,25.0,有音频,1.100,156,128
江西卫视,https://stream1.freetv.fun/5e3471067963ac3b1418ddf89fb2af1398cb3d62cb9e632133454e4a51925328.m3u8,,,,,,,1280x720,CCSH.txt,10,403,成功,h264,25.0,有音频,1.115,156,128
江西卫视,https://www.freetv.top/migu/783847495.m3u8?migutoken=38b42decc187cc22bb6309841b51df21f3267227cda2e6b190e60e89845ff5fc5218e399e58130d340f3843cc52bc7332faab30e83454d30c4bcd929a0f847f12972351c12fcdccb0b5bc6bd54,,,,,,,1920x1080,CCSH.txt,3296,200,成功,h264,30.0,有音频,1.192,8,8
广东卫视,https://www.freetv.top/migu/608831231.m3u8?migutoken=71ab4343c0e7a55b1287f3c4ec3383c9de673d987b5c849b2728e9af4223510bc8d8fcb87af13066db4920eb8e871c74aa5e93e04d43de870dc64eadb99a05456adfdb14b43000fd4520cba033,,,,,,,1920x1080,CCSH.txt,3201,200,成功,h264,30.0,有音频,1.239,156,128
湖北卫视,https://stream1.freetv.fun/ce1abf22084a306c1058b614f0dc156557acb96111d2816dc78007bd890a6e0c.m3u8,,,,,,,1280x720,CCSH.txt,10,403,成功,h264,25.0,有音频,1.089,156,128
山东卫视,http://tvlist.top/jd/index.php?id=sdws&qt=183.224.122.114:8014,,,,,,,1920x1080,CCSH.txt,3683,200,成功,hevc,25.0,有音频,4.067,26,20
江西卫视,https://stream1.freetv.fun/c5b111188406543af7e57b190d868e9e911cae646dee6d37d2af0075aeccd66d.m3u8,,,,,,,1280x720,CCSH.txt,9,403,成功,h264,25.0,有音频,1.097,156,128
宁夏卫视,https://stream1.freetv.fun/9dfcd15da42ab880c3f6eb7bcc68ba6e7b9b8ee5978f0549d2dfd881658ee498.m3u8,,,,,,,1280x720,CCSH.txt,9,403,成功,h264,25.0,有音频,1.114,156,128
山西卫视,https://t.freetv.fun/live/shan-xi-wei-shi-3-1.m3u8,,,,,,,1920x1080,CCSH.txt,10,403,成功,h264,25.0,有音频,0.606,8,8
河北卫视,https://stream1.freetv.fun/2c8b1aa1c3a2ed3371aab483145013c155293cd9037888103f852234788bd6a7.m3u8,,,,,,,1280x720,CCSH.txt,9,403,成功,h264,25.0,有音频,1.077,156,128
广西卫视,https://iptv.catvod.com/live.php?id=%E5%B9%BF%E8%A5%BF%E5%8D%AB%E8%A7%86%E5%8F%B0,,,,,,,1920x1080,CCSH.txt,898,200,成功,h264,30.0,有音频,0.712,156,128
云南卫视,https://hwapi.yntv.net/ew265l/z1z6s5.m3u8,,,,,,,1920x1080,CCSH.txt,2902,200,成功,h264,50.0,无音频,6.262,122,98
广东卫视,https://stream1.freetv.fun/ee96d9db9508b674e311aaa5106fc4b1ce18e87659174d8c5b996329feeda4de.m3u8,,,,,,,1280x720,CCSH.txt,9,403,成功,h264,25.0,有音频,1.092,156,128
天津卫视,https://t.freetv.fun/live/tian-jin-wei-shi-4.m3u8,,,,,,,1920x1080,CCSH.txt,10,403,成功,h264,25.0,有音频,0.598,8,8
新疆卫视,https://stream1.freetv.fun/1abe256db4cb4fdd810aefb4335f73f52f11ce89eb0111941981d27a0f9c2aab.ctv,,,,,,,1280x720,CCSH.txt,11,403,成功,h264,25.0,有音频,1.298,156,128
江西卫视,https://stream1.freetv.fun/2df8b395a33033ef4dbd79007e2ec8dabbdc64e75e0e2c8bd46c49eec115d891.m3u8,,,,,,,1280x720,CCSH.txt,8,403,成功,h264,25.0,有音频,1.083,156,128
山东卫视,https://stream1.freetv.fun/3e1e0c322f27f07b53308162d0629c956f569c879f3e1863ae85bc894c2e649d.m3u8,,,,,,,1280x720,CCSH.txt,9,403,成功,h264,25.0,有音频,1.096,156,128
山东卫视,https://stream1.freetv.fun/43b5c6d81b60a71ae667d0421138ab14f488e8352ef1ed366c97a42143bed350.m3u8,,,,,,,1280x720,CCSH.txt,12,403,成功,h264,25.0,有音频,1.095,156,128
湖北卫视,https://stream1.freetv.fun/74f227e9a9b198441fcc03a5f503e5699c6f1ae09a19084b02bb0830a200aac1.m3u8,,,,,,,1280x720,CCSH.txt,10,403,成功,h264,25.0,有音频,1.302,156,128
广东卫视,https://migu.188766.xyz/?migutoken=1ea450f159441ae895070ca4c9368a40&id=%E5%B9%BF%E4%B8%9C%E5%8D%AB%E8%A7%86&type=yy,,,,,,,1920x1080,CCSH.txt,50,403,成功,h264,28.0,有音频,1.032,116,92
宁夏卫视,https://stream1.freetv.fun/8ae71558d492ac43ed16dd0b77a95c7c5a8e5b4d435b3c35bc4adc0048b7d33c.m3u8,,,,,,,1280x720,CCSH.txt,9,403,成功,h264,25.0,有音频,1.097,156,128
山东卫视,https://stream1.freetv.fun/c5d7e1d2bdcefe510e4d8ef42acdf78c2e399133bad012c2c8a9125d832da5ee.m3u8,,,,,,,1280x720,CCSH.txt,11,403,成功,h264,25.0,有音频,1.093,156,128
延边卫视,https://srs.iyb983.cn/video/CYS/index.m3u8,,,,,,,1280x720,CCSH.txt,2639,200,成功,h264,25.0,有音频,2.957,8,8
江西卫视,https://www.freetv.top/migu/783847495.m3u8?migutoken=19c37a09e888f77999095afe8ca20e57a19a0440f688dadb58c1983f9c69d28a775232128771b0ac3aa7705f3da38a91ae7aadab4019cdbf668c75eb1e31c40d081b960b979564dab3c421d3f7,,,,,,,1920x1080,CCSH.txt,3745,200,成功,h264,30.0,有音频,1.189,156,128
广东卫视,https://iptv.catvod.com/live.php?id=%E5%B9%BF%E4%B8%9C%E5%8D%AB%E8%A7%86%E5%8F%B0,,,,,,,1920x1080,CCSH.txt,633,200,成功,h264,30.0,有音频,0.761,156,128
新疆卫视,https://stream1.freetv.fun/c07714b7f1004e17604d86e387852ba566545ab574aa511151b4c535c279e69b.m3u8,,,,,,,1280x720,CCSH.txt,11,403,成功,h264,25.0,有音频,1.084,156,128
天津卫视,https://t.freetv.fun/live/tian-jin-wei-shi-5.m3u8,,,,,,,1920x1080,CCSH.txt,10,403,成功,h264,25.0,有音频,0.510,8,8
宁夏卫视,https://stream1.freetv.fun/0672dfd08568278cfb810bc97fec65e6f34067fed7aa88aa1c822dfdc955d382.m3u8,,,,,,,1280x720,CCSH.txt,9,403,成功,h264,25.0,有音频,1.093,156,128
广东卫视,https://stream1.freetv.fun/d63b7cd598a4f53de8bf67d3c47b338f7759ba39812520913b915e4d66b266fb.m3u8,,,,,,,1280x720,CCSH.txt,14,403,成功,h264,25.0,有音频,1.095,156,128
江西卫视,https://t.freetv.fun/live/jiang-xi-wei-shi-15.php,,,,,,,1920x1080,CCSH.txt,11,403,成功,hevc,25.0,有音频,2.940,16,12
湖北卫视,https://stream1.freetv.fun/ee5910e9342172810dc4cb6240f7cee479a83ea96967b5d2da44e2cc5d9eb0b7.m3u8,,,,,,,1280x720,CCSH.txt,11,403,成功,h264,25.0,有音频,1.102,156,128
河北卫视,https://stream1.freetv.fun/2f4ea227a3ee1548287972844219bcc825336b60b9b6b485cfd0ab8ea4fd08b6.m3u8,,,,,,,1280x720,CCSH.txt,9,403,成功,h264,25.0,有音频,1.096,156,128
广东卫视,http://btjg.net:809/hls/32/index.m3u8,,,,,,,1920x1080,CCSH.txt,274,200,成功,h264,25.0,有音频,8.895,16,12
山东卫视,https://stream1.freetv.fun/dc02290595664312c49f235a7ddcc445db57176503feb01bbada820d1abda853.m3u8,,,,,,,1280x720,CCSH.txt,8,403,成功,h264,25.0,有音频,1.099,156,128
江西卫视,https://stream1.freetv.fun/dc1588c05fae45e0e60cf2dccd2870db218b8dc9203e57c8c6c8c1ffc3325960.m3u8,,,,,,,1280x720,CCSH.txt,9,403,成功,h264,25.0,有音频,1.084,156,128
天津卫视,https://stream1.freetv.fun/f3f1b06aca01e31238fcfd054e6ea39ee3ee3d45abe9f85a6cc48ee8396d4034.m3u8,,,,,,,1280x720,CCSH.txt,11,403,成功,h264,25.0,有音频,1.099,156,128
湖北卫视,https://stream1.freetv.fun/fdc4b5bef9298866531062f5204da8c718de299cb10143f260fb3f8d8ec3ed53.m3u8,,,,,,,1280x720,CCSH.txt,10,403,成功,h264,25.0,有音频,1.100,156,128
河南卫视,https://stream1.freetv.fun/ad83f0a2e2f5acbd4b13861cd7193421c9b5b4b46df1390f245eb8ab9145cdba.m3u8,,,,,,,1280x720,CCSH.txt,11,403,成功,h264,25.0,有音频,1.082,156,128
山东卫视,https://stream1.freetv.fun/bdfeedd9cee7f96badac91e6dac2992ed6cdbe112d4cd5fddd82979fc2c9d0a5.m3u8,,,,,,,1280x720,CCSH.txt,9,403,成功,h264,25.0,有音频,1.096,156,128
广西卫视,https://stream1.freetv.fun/3e24cac8488e7b618c221e0622ca3fa5e151df84f558131b44690f3475ed6e45.ctv,,,,,,,1280x720,CCSH.txt,11,403,成功,h264,25.0,有音频,1.302,156,128
江西卫视,https://stream1.freetv.fun/dfb80819b92394b8d001b2a135d0a18949b1f60bd4eb5b3f308022236f7eefbe.m3u8,,,,,,,1280x720,CCSH.txt,8,403,成功,h264,25.0,有音频,1.083,156,128
新疆卫视,http://39.152.103.17:8089/tsfile/live/1087_1.m3u8?key=txiptv&playlive=1&down=1,,,,,,,1920x1080,CCSH.txt,238,200,成功,h264,50.0,有音频,2.662,18,14
广西卫视,https://stream1.freetv.fun/0c08b0650f97a1197cfb8f46dda9efba766c7dd74806f345113458d7c309e081.m3u8,,,,,,,1280x720,CCSH.txt,10,403,成功,h264,25.0,有音频,1.108,156,128
山西卫视,https://t.freetv.fun/live/shan-xi-wei-shi-1.php,,,,,,,1920x1080,CCSH.txt,11,403,成功,hevc,25.0,有音频,7.322,8,8
广西卫视,https://stream1.freetv.fun/374ece896f9443b6ab9ec6b0df8ad9d5e39ebcd233b544daa940baaba70af533.m3u8,,,,,,,1280x720,CCSH.txt,9,403,成功,h264,25.0,有音频,1.117,156,128
云南卫视,https://stream1.freetv.fun/eff62f09bb1873ea9ee8027c3a613f56387807ae7e011c46d8ff2e43bd11ff7f.ctv,,,,,,,1280x720,CCSH.txt,11,403,成功,h264,25.0,有音频,1.289,156,128
云南卫视,https://stream1.freetv.fun/79761b22134498d5af661983f1ce5c452c871720d482d3c5ad853a5478b99dc7.m3u8,,,,,,,1280x720,CCSH.txt,12,403,成功,h264,25.0,有音频,1.308,156,128
河南卫视,https://stream1.freetv.fun/2aaeecceb0bc78b01e7abe6bf698766254211f5dcb4ee372b9a168638e461406.m3u8,,,,,,,1280x720,CCSH.txt,10,403,成功,h264,25.0,有音频,1.107,156,128
江西卫视,https://migu.188766.xyz/?migutoken=74f5fb5f2401b713ad9b5ab795ff4139&id=%E6%B1%9F%E8%A5%BF%E5%8D%AB%E8%A7%86&type=yy,,,,,,,1920x1080,CCSH.txt,59,403,成功,h264,28.0,有音频,0.638,144,116
广东卫视,https://stream1.freetv.fun/79202aa439fc4fb94a8304f8608737f7cff1626f2b42aa6d5552ecfc2bcacbaf.m3u8,,,,,,,1280x720,CCSH.txt,209,403,成功,h264,25.0,有音频,1.078,156,128
广东卫视,https://stream1.freetv.fun/17c2caa98314cdbeecb0056390dc95867526843a2af1b951559870af9ec5e907.m3u8,,,,,,,1280x720,CCSH.txt,11,403,成功,h264,25.0,有音频,1.080,156,128
湖北卫视,https://stream1.freetv.fun/f8acd0288783c3a96c576d15d7a3c12d71a6d8b562a26624d692b09eaa93038c.m3u8,,,,,,,1280x720,CCSH.txt,13,403,成功,h264,25.0,有音频,1.284,156,128
湖北卫视,https://stream1.freetv.fun/6596b480fc6b099b72d49f6a87d4f056a3b9d04651cdd0ee732d1b35577dbdf4.m3u8,,,,,,,1280x720,CCSH.txt,12,403,成功,h264,25.0,有音频,1.312,156,128
广东卫视,https://stream1.freetv.fun/83cb195384d56301c888d89f92f507201cff9f93ff2b2b6ad0dee9fcbf7751ce.m3u8,,,,,,,1280x720,CCSH.txt,210,403,成功,h264,25.0,有音频,1.103,156,128
山东卫视,https://stream1.freetv.fun/ee5f29385677d9ea1ff89cf38fa00166df33bc7a065c5821da8a74b1bae08262.m3u8,,,,,,,1280x720,CCSH.txt,9,403,成功,h264,25.0,有音频,1.102,156,128
山东卫视,https://stream1.freetv.fun/607df557e9f4c56e74d41e929b361f51ffdbfca57666bd349f2a63a97947e769.m3u8,,,,,,,1280x720,CCSH.txt,11,403,成功,h264,25.0,有音频,1.086,156,128
新疆卫视,https://stream1.freetv.fun/db4b29ef198855d9b99d536b088e761d0a593387d97b7b71933f2fa8a2723797.ctv,,,,,,,1280x720,CCSH.txt,12,403,成功,h264,25.0,有音频,1.318,156,128
河南卫视,https://stream1.freetv.fun/0f698a15b7719ff8e12e8d788e7fd4f5955597bf245c8c8ca8fbd4be6dec7cbd.m3u8,,,,,,,1280x720,CCSH.txt,11,403,成功,h264,25.0,有音频,1.116,156,128
山东卫视,https://t.freetv.fun/live/shan-dong-wei-shi-3.php,,,,,,,1920x1080,CCSH.txt,11,403,成功,hevc,25.0,有音频,3.845,68,56
河北卫视,https://stream1.freetv.fun/3195078de9ae9f13e5d7cd6eed593a80ef4d1d37948e8d2696ed120493bc6bc3.m3u8,,,,,,,1280x720,CCSH.txt,9,403,成功,h264,25.0,有音频,1.297,156,128
河南卫视,https://migu.188766.xyz/?migutoken=a4049475e7c91d07daeaa53794b4687c&id=%E6%B2%B3%E5%8D%97%E5%8D%AB%E8%A7%86%E9%AB%98%E6%B8%85&type=yy,,,,,,,1920x1080,CCSH.txt,76,403,成功,h264,28.0,有音频,0.610,144,116
河南卫视,https://www.freetv.top/migu/790187291.m3u8?migutoken=8cfda6b4bd8593bb9739434fecdd1cd097ab9b9609ed72d6de4ca14196c33fbc5ea88d4dae5a4c8a359213f9affc7ab2cf675a934561839e4060ba75bd56e43da713a62e3ebabc4ced1c770bca,,,,,,,1920x1080,CCSH.txt,1039,200,成功,h264,30.0,有音频,1.699,156,128
河北卫视,https://stream1.freetv.fun/228cee31243fb8534fbe84c72e3d2833bf7a60300c70276898606d0aa76a341f.m3u8,,,,,,,1280x720,CCSH.txt,9,403,成功,h264,25.0,有音频,1.101,156,128
广西卫视,https://t.freetv.fun/live/yan-xi-wei-shi-7.m3u8,,,,,,,1920x1080,CCSH.txt,10,403,成功,h264,25.0,有音频,0.600,8,8
河南卫视,https://t.freetv.fun/live/he-nan-wei-shi-24.m3u8,,,,,,,1920x1080,CCSH.txt,12,403,成功,h264,25.0,有音频,1.671,119,95
江西卫视,http://m.061899.xyz/mg/jxws,,,,,,,1280x720,CCSH.txt,1028,403,成功,h264,25.0,有音频,2.272,36,28
云南卫视,https://stream1.freetv.fun/78d5fdfe5a6a02f95ba9abe9781d88980afafde30f29a80c5ce264ca7c1fe245.m3u8,,,,,,,1920x1080,CCSH.txt,9,403,成功,h264,50.0,无音频,6.110,150,122
江西卫视,https://stream1.freetv.fun/2a00fceb286407f91d029a6a5af1d6cc5786da4736f7e084ac3bf39657bbf547.m3u8,,,,,,,1280x720,CCSH.txt,10,403,成功,h264,25.0,有音频,1.091,156,128
宁夏卫视,https://stream1.freetv.fun/5b1c9dac9813c114b3edb5a667d5def01e6dc960f1b9ca0fd3f45cb78fc633c9.m3u8,,,,,,,1280x720,CCSH.txt,9,403,成功,h264,25.0,有音频,1.086,156,128
宁夏卫视,https://stream1.freetv.fun/edc33a6653e2b180883e17a3edf7dfe88263319a770afec3f084a9eadc0cb5f1.ctv,,,,,,,1280x720,CCSH.txt,10,403,成功,h264,25.0,有音频,1.288,156,128
河北卫视,https://stream1.freetv.fun/2b088a863c5484c04d09be1ed6aeb7578ff6c7724fa0cb33425022ad50283155.m3u8,,,,,,,1280x720,CCSH.txt,10,403,成功,h264,25.0,有音频,1.091,156,128
云南卫视,https://stream1.freetv.fun/e3125675165c3fbfa7a8c89bf5215b32a0f83d21f21f32ccd6e87dc8ae4faffb.m3u8,,,,,,,1280x720,CCSH.txt,10,403,成功,h264,25.0,有音频,1.323,156,128
云南卫视,http://112.27.235.94:8000/hls/40/index.m3u8,,,,,,,1920x1080,CCSH.txt,424,200,成功,h264,50.0,有音频,2.150,16,12
山东卫视,https://stream1.freetv.fun/439c7c000473ecacf69a76d07e5a2754ea71c4dd72438caa79aea3e0efda70d9.m3u8,,,,,,,1280x720,CCSH.txt,12,403,成功,h264,25.0,有音频,1.082,156,128
新疆卫视,https://stream1.freetv.fun/48f0fe9878fac4bf851d6482bb230ece3a6f32e0e719a883055dd6b3864da1ce.m3u8,,,,,,,1280x720,CCSH.txt,10,403,成功,h264,25.0,有音频,1.093,156,128
湖北卫视,https://stream1.freetv.fun/bc50451637d5514ecb84768e26477cffe68ade94f1b7315a43296bf62a6dad10.m3u8,,,,,,,1280x720,CCSH.txt,13,403,成功,h264,25.0,有音频,1.308,156,128
云南卫视,https://stream1.freetv.fun/5c1b012bdfc193530a45e7be5aa5f0076412082c35610cc3466727b7512b9353.m3u8,,,,,,,1280x720,CCSH.txt,211,403,成功,h264,25.0,有音频,1.292,156,128
新疆卫视,https://stream1.freetv.fun/2a6fa8f79e18cfe500b59da64583fdc346bbcfd668500473c222950c7a24ce87.m3u8,,,,,,,1280x720,CCSH.txt,14,403,成功,h264,25.0,有音频,1.108,156,128
广西卫视,https://stream1.freetv.fun/840f9576ae171a370f146ffea676f1a77801172f5c1e76e16f7bd004938346cf.ctv,,,,,,,1280x720,CCSH.txt,12,403,成功,h264,25.0,有音频,1.463,156,128
云南卫视,https://stream1.freetv.fun/db3a0a73c90fdc8f86e527b0c2ff10fffe1813c3ad779aeac33e8df0a8bd575a.m3u8,,,,,,,1280x720,CCSH.txt,10,403,成功,h264,25.0,有音频,1.274,156,128
广东卫视,https://stream1.freetv.fun/8ef6435bcdd83e12ef928e4ac5f72f2a2c4cb216bebaa6bcd4f34dc34c8761e5.m3u8,,,,,,,1280x720,CCSH.txt,10,403,成功,h264,25.0,有音频,1.086,156,128
河南卫视,http://111.221.137.234:44330/tsfile/live/0136_1.m3u8?key=txiptv&playlive=0&authid=0,,,,,,,1920x1080,CCSH.txt,223,200,成功,h264,50.0,有音频,2.318,8,8
湖北卫视,https://stream1.freetv.fun/321fe55e58365e63fb953fc974466740a190d2cc96ebae754c7268578cc76eeb.m3u8,,,,,,,1280x720,CCSH.txt,10,403,成功,h264,25.0,有音频,1.282,156,128
广西卫视,https://stream1.freetv.fun/856f3b6c385dc6ba4a11107e63bfb3bdf228e74251ccb18eef2a2849771c84ea.m3u8,,,,,,,1280x720,CCSH.txt,11,403,成功,h264,25.0,有音频,1.085,156,128
湖北卫视,https://stream1.freetv.fun/05e682ffb97e32014fc449077fe76615da1df84e434f93918f794f8a5d426052.m3u8,,,,,,,1280x720,CCSH.txt,12,403,成功,h264,25.0,有音频,1.092,156,128
江西卫视,https://stream1.freetv.fun/bb58259930386bbf8990b8c874a2003bddc472d71f3d5f8858e1de684c7048f2.m3u8,,,,,,,1280x720,CCSH.txt,10,403,成功,h264,25.0,有音频,1.101,156,128
宁夏卫视,https://stream1.freetv.fun/d93d9d902df0fb7eb48c959bb14ffdd963361be74eb0edfa94b3d8def8fea1a7.m3u8,,,,,,,1280x720,CCSH.txt,8,403,成功,h264,25.0,有音频,1.087,156,128
新疆卫视,https://stream1.freetv.fun/9984b91d551344bdfd104ed83945412e4b224dfc9eea616a99822f8241b8d47e.m3u8,,,,,,,1280x720,CCSH.txt,14,403,成功,h264,25.0,有音频,1.089,156,128
湖北卫视,https://stream1.freetv.fun/95a48ba741cb55df727c504cdfd501c65310a9ad60fdcdbb36ad8277d5790f27.m3u8,,,,,,,1280x720,CCSH.txt,10,403,成功,h264,25.0,有音频,1.111,156,128
广东卫视,https://txmov2.a.kwimgs.com/upic/2023/01/26/09/BMjAyMzAxMjYwOTE3NDVfNzM5MzQzNzIyXzk0NjI1OTUwNTA3XzBfMw==_b_B81ddda927d33445d544befd008e60109.mp4,,,,,,,1280x720,CCSH.txt,1045,200,成功,h264,24.999721701184995,有音频,0.984,25,21
山东卫视,https://stream1.freetv.fun/934000425c51d50edc50e8dd48d609d7cf5cea31c296b2a86f780b5acf7434ad.m3u8,,,,,,,1280x720,CCSH.txt,10,403,成功,h264,25.0,有音频,1.088,156,128
云南卫视,https://stream1.freetv.fun/80324c775b13adbad0757fcd5377e6a54ec9fce61d27cc0cba6c30ed22049c9f.m3u8,,,,,,,1280x720,CCSH.txt,9,403,成功,h264,25.0,有音频,1.107,156,128
湖北卫视,https://stream1.freetv.fun/931fc5d532fc717dd0ff2bf35ed2b5837b3e096382c14b3eb9d57e068c25e629.m3u8,,,,,,,1280x720,CCSH.txt,14,403,成功,h264,25.0,有音频,1.110,156,128
江西卫视,https://stream1.freetv.fun/e321eebbac46cd0e6ca42cee9eacb00816d8f937354cdf2a1bc089280f2fac0a.m3u8,,,,,,,1280x720,CCSH.txt,9,403,成功,h264,25.0,有音频,1.091,156,128
江西卫视,http://go.bkpcp.top/mg/jxws,,,,,,,1280x720,CCSH.txt,1025,403,成功,h264,25.0,有音频,2.554,36,28
江西卫视,https://t.freetv.fun/live/jiang-xi-wei-shi-10.php,,,,,,,1280x720,CCSH.txt,11,403,成功,h264,25.0,有音频,5.042,36,28
新疆卫视,https://stream1.freetv.fun/f83de6d96f0872968f855a6489f634bb4491624aff134053beb53807e6c1bfa5.m3u8,,,,,,,1280x720,CCSH.txt,12,403,成功,h264,25.0,有音频,1.097,156,128
河北卫视,https://stream1.freetv.fun/8f7326c952e3cec2385bf468699e4f044a8cfc32b433a7755ed6efad009b09a6.m3u8,,,,,,,1280x720,CCSH.txt,10,403,成功,h264,25.0,有音频,1.081,156,128
云南卫视,https://stream1.freetv.fun/229c331da37b660938944ae9eff0a9085aa9ccadb84d698851bcc8a5faf6f50f.m3u8,,,,,,,1280x720,CCSH.txt,11,403,成功,h264,25.0,有音频,1.112,156,128
宁夏卫视,https://stream1.freetv.fun/9da9d86dd9a71ab4526a2165e888246611ce4172aad35eb960f1eafaeec30f90.m3u8,,,,,,,1280x720,CCSH.txt,214,403,成功,h264,25.0,有音频,1.111,156,128
河北卫视,https://t.freetv.fun/live/he-bei-wei-shi-4.php,,,,,,,1920x1080,CCSH.txt,205,403,成功,hevc,25.0,有音频,4.504,8,8
山东卫视,https://stream1.freetv.fun/d0569111c0728f6a0451bd995f63de75499c7a5e2cdb4b6d56fac13ca168a71e.m3u8,,,,,,,1280x720,CCSH.txt,11,403,成功,h264,25.0,有音频,1.100,156,128
宁夏卫视,https://stream1.freetv.fun/ef99dc5205f9376d9f456db9340fa0630cc73aeb1e5836f955be24c4238e7549.m3u8,,,,,,,1280x720,CCSH.txt,9,403,成功,h264,25.0,有音频,1.100,156,128
ABC News Live 2 (720p),https://abcnews-streams.akamaized.net/hls/live/2023561/abcnewshudson2/master_4000.m3u8,ABCNewsLive2.us@SD,,,,https://upload.wikimedia.org/wikipedia/commons/thumb/6/63/ABC_News_Live_logo_2021.svg/512px-ABC_News_Live_logo_2021.svg.png,News,1280x720,iptv-org-all.txt,675,200,成功,h264,29.97002997002997,有音频,1.040,36,28
ABC News Live 3 (720p),https://abcnews-streams.akamaized.net/hls/live/2023562/abcnewshudson3/master_4000.m3u8,ABCNewsLive3.us@SD,,,,https://upload.wikimedia.org/wikipedia/commons/thumb/6/63/ABC_News_Live_logo_2021.svg/512px-ABC_News_Live_logo_2021.svg.png,News,1280x720,iptv-org-all.txt,522,200,成功,h264,29.97002997002997,有音频,1.180,16,12
ABN I AM,https://mediaserver.abnvideos.com/streams/i_am_.m3u8,,,,,,Undefined,560x420,iptv-org-all.txt,49,200,成功,h264,24.0,有音频,1.355,10,10
88 Stereo (720p) [Not 24/7],http://k3.usastreams.com/CableLatino/88stereo/playlist.m3u8,88Stereo.cr@SD,,,,https://i.imgur.com/i3YwORV.png,Music,1280x720,iptv-org-all.txt,1048,200,成功,h264,29.97002997002997,有音频,1.120,8,8
30A Loomered TV,https://30a-tv.com/loomer.m3u8,30ALoomeredTV.us@SD,,,,https://cbs12.com/resources/media/0c1ecad8-fb09-4bb2-beaa-fc561dfe624a-small21x9_LoomerStill.jpg?1603419052801,Documentary;News,1280x720,iptv-org-all.txt,593,200,成功,h264,29.97002997002997,有音频,3.064,36,32
Alerte Cobra,http://cfd-v4-service-channel-stitcher-use1-1.prd.pluto.tv/stitch/hls/channel/62f3e4bc08f5ec000744f552/master.m3u8?appName=web&appVersion=unknown&clientTime=0&deviceDNT=0&deviceId=8e06b105-1f2c-11ef-86d8-5d587df108c6&deviceMake=Chrome&deviceModel=web&deviceType=web&deviceVersion=unknown&includeExtendedEvents=false&serverSideAds=false&sid=e8eddbbb-a9fd-424c-9473-64dc6420b913,,,,,,Undefined,426x240,iptv-org-all.txt,81,200,成功,h264,30.0,有音频,3.186,129,105
ABC News Live 1 (720p),https://abcnews-streams.akamaized.net/hls/live/2023560/abcnewshudson1/master_4000.m3u8,ABCNewsLive1.us@SD,,,,https://upload.wikimedia.org/wikipedia/commons/thumb/6/63/ABC_News_Live_logo_2021.svg/512px-ABC_News_Live_logo_2021.svg.png,News,1280x720,iptv-org-all.txt,866,200,成功,h264,29.97002997002997,有音频,0.490,16,12
Action 24 (1080p),http://actionlive.siliconweb.com/actionabr/actiontv/playlist.m3u8,Action24.gr@SD,,,,https://upload.wikimedia.org/wikipedia/commons/8/88/Action24-logo-small.png,Movies,854x480,iptv-org-all.txt,673,200,成功,h264,25.0,有音频,1.669,8,8
开化新闻综合,http://l.cztvcloud.com/channels/lantian/SXkaihua1/720p.m3u8,,,,,,浙江,1280x720,zbefine.txt,317,200,成功,h264,25.0,有音频,2.956,144,116
ABC News Live 7 (720p),https://abcnews-streams.akamaized.net/hls/live/2023566/abcnewshudson7/master_4000.m3u8,ABCNewsLive7.us@SD,,,,https://upload.wikimedia.org/wikipedia/commons/thumb/6/63/ABC_News_Live_logo_2021.svg/512px-ABC_News_Live_logo_2021.svg.png,News,1280x720,iptv-org-all.txt,125,200,成功,h264,29.97002997002997,有音频,0.652,66,52
ABC News (720p),https://content.uplynk.com/channel/3324f2467c414329b3b0cc5cd987b6be.m3u8,ABCNewsLive.us@SD,,,,https://upload.wikimedia.org/wikipedia/commons/thumb/6/63/ABC_News_Live_logo_2021.svg/512px-ABC_News_Live_logo_2021.svg.png,News,640x360,iptv-org-all.txt,36,200,成功,h264,30.0,有音频,5.993,129,105
6 Wise Tv (720p),https://live.enhdtv.com:8081/8150/index.m3u8,6WiseTv.us@SD,,,,https://jrlist70.pages.dev/list/wise.png,Family,1280x720,iptv-org-all.txt,178,200,成功,h264,30.0,有音频,1.040,8,8
Alau TV (576p),https://otv.wotom.net/alau/stream.m3u8,AlauTV.kz@SD,,,,https://i.imgur.com/gK6ZRzp.png,Undefined,720x576,iptv-org-all.txt,1148,200,成功,h264,25.0,有音频,3.637,24,20
Alkhuzama Radio (1080p),https://live.kwikmotion.com/sbrksakhuzamaradiolive/srpkhuzama/playlist.m3u8,AlkhuzamaRadio.sa@SD,,,,https://shahid.mbc.net/mediaObject/61010cbc-91c5-4ce1-94a4-ed40adadb97b,Undefined,1280x720,iptv-org-all.txt,417,200,成功,h264,30.0,有音频,1.929,36,32
ABC News Live 4 (720p),https://abcnews-streams.akamaized.net/hls/live/2023563/abcnewshudson4/master_4000.m3u8,ABCNewsLive4.us@SD,,,,https://upload.wikimedia.org/wikipedia/commons/thumb/6/63/ABC_News_Live_logo_2021.svg/512px-ABC_News_Live_logo_2021.svg.png,News,1280x720,iptv-org-all.txt,554,200,成功,h264,29.97002997002997,有音频,0.616,68,54
48 Hours,http://cfd-v4-service-channel-stitcher-use1-1.prd.pluto.tv/stitch/hls/channel/62e925bc68d18a00077bb990/master.m3u8?appName=web&appVersion=unknown&clientTime=0&deviceDNT=0&deviceId=2c78ce00-35fc-11ef-a031-2b5d494037a2&deviceMake=Chrome&deviceModel=web&deviceType=web&deviceVersion=unknown&includeExtendedEvents=false&serverSideAds=false&sid=d510e704-124c-497f-89cb-732e27dd295a,48Hours.us@SD,,,,https://i.imgur.com/Q7THHhX.png,Series,426x240,iptv-org-all.txt,142,200,成功,h264,30.0,有音频,2.191,17,13
AMC (1080p),https://amchls.wns.live/hls/stream.m3u8,AMC.af@SD,,,,https://i.imgur.com/yj8RNnG.png,Music,1920x1080,iptv-org-all.txt,803,200,成功,h264,25.0,有音频,2.244,36,32
Akit TV (720p),https://akittv-live.ercdn.net/akittv/akittv.m3u8,AkitTV.tr@SD,,,,https://i.imgur.com/oGto929.png,News,640x360,iptv-org-all.txt,552,200,成功,h264,25.0,有音频,6.257,7,5
ARAS TV (576p) [Not 24/7],http://1.rtmp.org/tv217/yayin.stream/playlist.m3u8,ArasTV.tr@SD,,,,https://i.imgur.com/JsDCyWG.png,General,1280x720,iptv-org-all.txt,511,200,成功,h264,50.0,有音频,1.399,8,8
Anger Management,http://cfd-v4-service-channel-stitcher-use1-1.prd.pluto.tv/stitch/hls/channel/655ca57e4261ca00080b3a04/master.m3u8?appName=web&appVersion=unknown&clientTime=0&deviceDNT=0&deviceId=1b1c7950-4b81-11ef-a8ac-e146e4e7be02&deviceMake=Chrome&deviceModel=web&deviceType=web&deviceVersion=unknown&includeExtendedEvents=false&serverSideAds=false&sid=3058913d-2c94-48ef-9802-0dd55d2f6591,AngerManagementChannel.us@SD,,,,https://i.imgur.com/VXZgrNy.png,Education,426x240,iptv-org-all.txt,67,200,成功,h264,30.0,有音频,2.963,9,9
开化国家公园,http://l.cztvcloud.com/channels/lantian/SXkaihua2/720p.m3u8,,,,,,浙江,1280x720,zbefine.txt,406,200,成功,h264,25.0,有音频,2.060,144,116
嵊泗新闻综合,http://l.cztvcloud.com/channels/lantian/SXshengsi1/720p.m3u8,,,,,,浙江,720x576,zbefine.txt,266,200,成功,h264,25.0,有音频,2.356,36,32
A&E East (720p) [Not 24/7],https://tvpass.org/live/AEEast/hd,AE.us@East,,,,https://upload.wikimedia.org/wikipedia/commons/thumb/d/df/A%26E_Network_logo.svg/512px-A%26E_Network_logo.svg.png,Entertainment,1280x720,iptv-org-all.txt,1486,200,成功,h264,30.0,无音频,3.436,36,28
兰溪新闻综合,http://l.cztvcloud.com/channels/lantian/SXlanxi1/720p.m3u8,,,,,,浙江,1280x720,zbefine.txt,289,200,成功,h264,25.0,有音频,2.071,150,122
Antiques Road Show UK,http://cfd-v4-service-channel-stitcher-use1-1.prd.pluto.tv/stitch/hls/channel/638e10de75c3a30007092693/master.m3u8?appName=web&appVersion=unknown&clientTime=0&deviceDNT=0&deviceId=2c791c24-35fc-11ef-a031-2b5d494037a2&deviceMake=Chrome&deviceModel=web&deviceType=web&deviceVersion=unknown&includeExtendedEvents=false&serverSideAds=false&sid=7a3d3806-9232-4410-9c3f-7b163aeadd84,AntiquesRoadshowUK.us@SD,,,,https://i.imgur.com/rKWLv48.png,Series,426x240,iptv-org-all.txt,187,200,成功,h264,30.0,有音频,2.089,9,9
余杭综合频道,http://l.cztvcloud.com/channels/lantian/SXyuhang1/720p.m3u8,,,,,,浙江,1920x1080,zbefine.txt,1570,200,成功,h264,25.0,有音频,1.907,144,116
Aliento Vision (720p) [Not 24/7],https://627bb251f23c7.streamlock.net:444/Alientoenvivo/Alientoenvivo/playlist.m3u8,AlientoVision.us@SD,,,,https://i.imgur.com/xT10iqB.png,Religious,1920x1080,iptv-org-all.txt,607,200,成功,h264,59.94005994005994,有音频,1.752,8,8
30A Sidewalks (720p),https://30a-tv.com/sidewalks.m3u8,30ASidewalks.us@SD,,,,https://i.imgur.com/HSdwqZN.png,Entertainment,1280x720,iptv-org-all.txt,189,200,成功,h264,29.97002997002997,有音频,3.998,36,28
AlbDreams TV (720p),http://live.albavision.net:1123/live/albdreams.m3u8,AlbdreamsTV.us@SD,,,,https://i.imgur.com/3VWF3sj.png,General,1280x720,iptv-org-all.txt,1687,200,成功,h264,29.97002997002997,有音频,0.827,8,8
上虞文化影视,http://l.cztvcloud.com/channels/lantian/SXshangyu2/720p.m3u8,,,,,,浙江,1920x1080,zbefine.txt,938,200,成功,h264,25.0,有音频,2.499,106,84
普陀新闻综合,http://l.cztvcloud.com/channels/lantian/SXputuo1/720p.m3u8,,,,,,浙江,1280x720,zbefine.txt,337,200,成功,h264,,有音频,1.980,145,117
ABC News Live 8 (720p),https://abcnews-streams.akamaized.net/hls/live/2023567/abcnewshudson8/master_4000.m3u8,ABCNewsLive8.us@SD,,,,https://upload.wikimedia.org/wikipedia/commons/thumb/6/63/ABC_News_Live_logo_2021.svg/512px-ABC_News_Live_logo_2021.svg.png,News,1280x720,iptv-org-all.txt,99,200,成功,h264,29.97002997002997,有音频,0.603,49,39
Al Riyadh Radio (1080p),https://live.kwikmotion.com/sbrksariyadhradiolive/srpksariyadhradio/playlist.m3u8,AlRiyadhRadio.sa@SD,,,,https://i.imgur.com/8PH1Lak.png,Undefined,1280x720,iptv-org-all.txt,568,200,成功,h264,30.0,有音频,2.791,21,20
Access Tuolumne (Tuolumne County CA) (720p),https://reflect-tuolumne.cablecast.tv/live-3/live/stream-1/live.m3u8,AccessTuolumne.us@SD,,,,https://i.imgur.com/sYtDaQ1.png,General,480x270,iptv-org-all.txt,788,200,成功,h264,,有音频,9.107,10,10
Afro Magic Channel,https://video1.getstreamhosting.com:1936/8490/8490/playlist.m3u8,AfroMagicChannel.ci@SD,,,,https://i.imgur.com/yQzXErU.png,Culture,1280x720,iptv-org-all.txt,234,200,成功,h264,25.0,有音频,1.139,55,47
广东-梅州梅江,http://gcalic.v.myalicdn.com/gc/gllj01_1/index.m3u8,,,,,,景区,1280x720,zbefine.txt,1445,200,成功,h264,25.0,有音频,3.678,8,8
Antena Monden (720p),https://stream1.antenaplay.ro/live/AntenaMonden/playlist.m3u8,AntenaMonden.ro@SD,,,,https://static.wikia.nocookie.net/logopedia/images/0/01/Antena_Monden_2022.png/revision/latest/scale-to-width-down/300,Lifestyle,640x360,iptv-org-all.txt,1154,200,成功,h264,25.0,有音频,3.492,9,9
American Crimes,https://xumo-xumoent-vc-113-at8kn.fast.nbcuni.com/live/master.m3u8,,,,,,Undefined,426x240,iptv-org-all.txt,339,200,成功,h264,30.0,有音频,2.680,50,40
AMX Noticias (720p) [Not 24/7],https://5e50264bd6766.streamlock.net/mexiquense2/videomexiquense2/playlist.m3u8,AMXNoticias.mx@SD,,,,https://i.imgur.com/snIU1UA.jpg,News,1280x720,iptv-org-all.txt,182,200,成功,h264,30.0,有音频,1.288,8,8
ABC News Live 9 (720p),https://abcnews-streams.akamaized.net/hls/live/2023568/abcnewshudson9/master_4000.m3u8,ABCNewsLive9.us@SD,,,,https://upload.wikimedia.org/wikipedia/commons/thumb/6/63/ABC_News_Live_logo_2021.svg/512px-ABC_News_Live_logo_2021.svg.png,News,1280x720,iptv-org-all.txt,205,200,成功,h264,29.97002997002997,有音频,0.681,16,12
Aghapy Kids (1080p),https://5b622f07944df.streamlock.net/aghapykids.tv/aghapykids2/playlist.m3u8,AghapyKids.us@SD,,,,https://i.imgur.com/8ariztD.png,Kids,1920x1080,iptv-org-all.txt,1129,200,成功,h264,30.0,有音频,2.618,156,128
Aghapy TV (1080p) [Not 24/7],https://5b622f07944df.streamlock.net/aghapy.tv/aghapy.smil/playlist.m3u8,AghapyTV.eg@SD,,,,https://i.postimg.cc/xdCV2Bbr/aghapytv.png,Religious,1920x1080,iptv-org-all.txt,528,200,成功,h264,25.0,有音频,2.831,8,8
Arirang Radio (720p),http://amdlive-ch01.ctnd.com.edgesuite.net/arirang_3ch/smil:arirang_3ch.smil/playlist.m3u8,ArirangRadio.kr@SD,,,,https://i.imgur.com/dtfiG9k.png,General,1920x1080,iptv-org-all.txt,1046,200,成功,h264,29.97002997002997,有音频,10.631,8,8
上虞新闻综合,http://l.cztvcloud.com/channels/lantian/SXshangyu1/720p.m3u8,,,,,,浙江,1920x1080,zbefine.txt,366,200,成功,h264,25.0,有音频,2.175,122,98
100% News (576p),http://85.238.112.40:8810/hls_sec/239.33.16.32-.m3u8,100NEWS.ua@SD,,,,https://i.imgur.com/bSXKdK5.png,Business;News,720x576,iptv-org-all.txt,328,200,成功,h264,25.0,有音频,1.378,8,8
Abzy Movies (480p),https://d3qs3d2rkhfqrt.cloudfront.net/out/v1/db8d4eca72d64748a00d0631debf542d/index.m3u8,AbzyMovies.in@SD,,,,https://i.imgur.com/LnVgKVF.png,Movies,896x504,iptv-org-all.txt,336,200,成功,h264,25.0,有音频,2.826,128,104
苍南新闻综合,http://l.cztvcloud.com/channels/lantian/SXcangnan1/720p.m3u8,,,,,,浙江,1920x1080,zbefine.txt,323,200,成功,h264,25.0,有音频,2.451,148,120
3AW Melbourne (1080p),https://3awlive.akamaized.net/hls/live/2032295/3AW/index.m3u8,3AW.au@SD,,,,https://i.imgur.com/Z4MdB0S.png,News,640x360,iptv-org-all.txt,714,200,成功,h264,25.0,有音频,14.031,7,5
Alkarma TV Family (1080p) [Not 24/7],https://58cc65c534c67.streamlock.net/alkarmatv.com/alkarmaNA2.smil/playlist.m3u8,AlkarmaTVFamily.us@SD,,,,https://i.imgur.com/yUEuQA2.png,Religious,1280x720,iptv-org-all.txt,42,200,成功,h264,30.0,有音频,1.476,8,8
Antena Uno RadioVideo (360p),https://tvdatta.com:3578/live/antenaunolive.m3u8,AntenaUnoRadiovideo.ec@SD,,,,https://i.imgur.com/PCN6iZJ.png,Undefined,640x360,iptv-org-all.txt,842,200,成功,h264,30.0,有音频,0.862,9,9
2STV,http://69.64.57.208/2stv/playlist.m3u8,2STV.sn@SD,,,,https://i.imgur.com/WByVBZf.png,Culture,720x576,iptv-org-all.txt,58,200,成功,h264,25.0,有音频,0.591,8,8
Akaku 53 (Hawaii) (1080p),https://castus-vod-dev.s3.amazonaws.com/vod_clients/akaku/live/ch1/video.m3u8,Akaku53.us@SD,,,,https://www.akaku.org/wp-content/uploads/bb-plugin/cache/Channel53-147x150-square.png,General,1280x720,iptv-org-all.txt,160,200,成功,h264,29.97002997002997,有音频,0.890,8,8
Al Aqsa Channel (416p) [Not 24/7],http://167.172.161.13/hls/feedspare/6udfi7v8a3eof6nlps6e9ovfrs65c7l7.m3u8,AlAqsaTV.ps@SD,,,,https://i.imgur.com/Z2rfrQ8.png,General,1920x1080,iptv-org-all.txt,254,200,成功,h264,25.0,有音频,1.195,8,8
麻栗坡电视台,http://m3u8.channel.wsrtv.com.cn/cms/videos/nmip-media/channellive/channel18/playlist.m3u8,,,,,,云南,1920x1080,zbefine.txt,289,200,成功,h264,,有音频,4.183,9,9
AMC,http://cors.tundracast.com:2000/https://streamer1.nexgen.bz/AMC/index.m3u8,AMC.us@EastHD,,,,https://upload.wikimedia.org/wikipedia/commons/thumb/3/34/AMC_logo_2019.svg/512px-AMC_logo_2019.svg.png,Movies,1920x1080,iptv-org-all.txt,1696,200,成功,h264,29.97002997002997,有音频,2.006,8,8
文山州新闻综合,http://m3u8.channel.wsrtv.com.cn/cms/videos/nmip-media/channellive/channel7/playlist.m3u8,,,,,,云南,1920x1080,zbefine.txt,1234,200,成功,h264,25.0,有音频,2.122,156,128
洞头综合频道,http://l.cztvcloud.com/channels/lantian/SXdongtou1/720p.m3u8,,,,,,浙江,720x540,zbefine.txt,347,200,成功,h264,25.0,有音频,2.307,24,20
A2i Religion (720p) [Not 24/7],https://stream.sen-gt.com/A2iReligion/myStream/playlist.m3u8,A2iReligion.sn@SD,,,,https://i.imgur.com/54WrwyN.jpg,Religious,1920x1080,iptv-org-all.txt,626,200,成功,h264,25.0,有音频,4.584,8,8
上虞新商都,http://l.cztvcloud.com/channels/lantian/SXshangyu3/720p.m3u8,,,,,,浙江,1920x1080,zbefine.txt,384,200,成功,h264,25.0,有音频,2.255,122,98
30A We Love Cars,https://30a-tv.com/feeds/vidaa/cars.m3u8,30AWeLoveCars.us@SD,,,,https://encrypted-tbn0.gstatic.com/images?q=tbn:ANd9GcQxroqfE_hvEApKMQx03sSYXPeEh4ClaF5QSa8XfRwJW_So3vfSN0CjqzxN30H-qEBswqU&usqp=CAU,Auto,1280x720,iptv-org-all.txt,129,200,成功,h264,29.97002997002997,有音频,4.775,16,12
Akaku 54 (Hawaii) (1080p),https://castus-vod-dev.s3.amazonaws.com/vod_clients/akaku/live/ch2/video.m3u8,Akaku54.us@SD,,,,https://www.akaku.org/wp-content/uploads/bb-plugin/cache/Channel54-147x150-square.png,General,1280x720,iptv-org-all.txt,56,200,成功,h264,29.97002997002997,有音频,0.912,8,8
Alkarma TV Middle East (1080p) [Not 24/7],https://58cc65c534c67.streamlock.net/alkarmatv.com/alkarmame1.smil/playlist.m3u8,AlkarmaTVMiddleEast.us@SD,,,,https://i.imgur.com/6OmNw5A.png,Religious,1280x720,iptv-org-all.txt,43,200,成功,h264,30.0,有音频,1.490,8,8
拉萨汉语综合,http://file.lasatv.cn/cms/videos/nmip-media/channellive/channel1/playlist.m3u8,,,,,,西藏,720x576,zbefine.txt,2421,200,成功,h264,25.0,有音频,5.524,36,32
Al Iraqia News (720p),https://cdn.catiacast.video/abr/78054972db7708422595bc96c6e024ac/playlist.m3u8,AlIraqiaNews.iq@SD,,,,https://i.imgur.com/feQTXeZ.jpg,News,1920x1080,iptv-org-all.txt,1777,200,成功,h264,60.0,有音频,2.362,8,8
Ame 47 (576p),https://ss2.tvrdomi.com:1936/ame47/ame47/playlist.m3u8,Ame47.do@SD,,,,https://i.imgur.com/MUEbjeP.png,General,720x480,iptv-org-all.txt,990,200,成功,h264,30.0,有音频,2.135,8,8
Aristo TV (360p),https://ma.anixa.tv/clips/stream/aristo/index.m3u8,AristoTV.de@SD,,,,https://i.postimg.cc/yxJFC67J/aristotv.png,Undefined,640x360,iptv-org-all.txt,849,200,成功,h264,25.0,有音频,4.294,37,33
Agrotendencia TV (1080p),https://5fc584f3f19c9.streamlock.net/agrotendencia/videoagrotendencia_hls1/playlist.m3u8,AgrotendenciaTV.cr@SD,,,,https://i.imgur.com/frd60hR.png,Outdoor,1280x720,iptv-org-all.txt,68,200,成功,h264,29.97002997002997,有音频,1.669,8,8
A12 TV,https://video1.getstreamhosting.com:1936/8250/8250/manifest.m3u8,A12TV.ci@SD,,,,https://i.imgur.com/JgnjgvF.png,General,1280x720,iptv-org-all.txt,37,200,成功,h264,30.0,有音频,1.145,8,8
Akaku 55 (Hawaii) (1080p),https://castus-vod-dev.s3.amazonaws.com/vod_clients/akaku/live/ch3/video.m3u8,Akaku55.us@SD,,,,https://www.akaku.org/wp-content/uploads/bb-plugin/cache/Channel55-147x150-square.png,General,1280x720,iptv-org-all.txt,59,200,成功,h264,29.97002997002997,有音频,1.006,8,8
ABC 9 Tucson AZ (KGUN) (720p),https://aegis-cloudfront-1.tubi.video/a53514a7-f2aa-4d34-802e-c2b5594fc0d7/playlist.m3u8,KGUNDT1.us@SD,,,,https://upload.wikimedia.org/wikipedia/commons/2/27/WWAY_logo.png,General,426x240,iptv-org-all.txt,49,200,成功,h264,29.97002997002997,有音频,2.868,29,23
Afra Series,https://afrashls.wns.live/hls/stream.m3u8,AfraSeries.ir@SD,,,,https://i.postimg.cc/g0mb09vM/afra-series.jpg,Series,1280x720,iptv-org-all.txt,1262,200,成功,h264,25.0,有音频,2.388,16,12
Adventure Earth (720p),https://autentic-adventure-earth-1-eu.rakuten.wurl.tv/playlist.m3u8,,,,,,Undefined,1280x720,iptv-org-all.txt,873,200,成功,h264,29.97002997002997,有音频,1.339,8,8
Alcarria TV (576p) [Not 24/7],http://217.182.77.27/live/alcarriatv-livestream.m3u8,AlcarriaTV.es@SD,,,,https://i.imgur.com/pzJAYan.png,General,1280x720,iptv-org-all.txt,413,200,成功,h264,50.0,有音频,1.040,8,8
Anixe + (360p),https://ma.anixa.tv/clips/stream/anixesd/index.m3u8,AnixePlus.de@SD,,,,https://i.postimg.cc/yNZ4xcnn/anixeplus.png,Entertainment,640x360,iptv-org-all.txt,1993,200,成功,h264,25.0,有音频,3.342,37,33
ABC Tallahassee (720p) [Not 24/7],https://content.uplynk.com/channel/c66d1d2d9e2c46cea1cf22a33f6ca488.m3u8,WTXLDT1.us@SD,,,,https://upload.wikimedia.org/wikipedia/commons/2/27/WWAY_logo.png,News,960x540,iptv-org-all.txt,32,200,成功,h264,29.97002997002997,有音频,5.857,16,12
América Estéreo Guayaquil (360p),https://video.makrodigital.com/americaestereoguayaquil/americaestereoguayaquil/playlist.m3u8,AmericaEstereoGuayaquil.ec@SD,,,,https://i.imgur.com/gUqKymM.png,General,1364x768,iptv-org-all.txt,420,200,成功,h264,30.0,有音频,1.390,8,8
ABC 2 Baltimore MD (WMAR) (720p),https://aegis-cloudfront-1.tubi.video/c28d1ca8-9467-4798-81dc-09c1d6e90be1/playlist.m3u8,WMARDT1.us@SD,,,,https://upload.wikimedia.org/wikipedia/en/d/db/2_ABC_WMAR_Baltimore.png,News,426x240,iptv-org-all.txt,855,200,成功,h264,29.97002997002997,有音频,3.112,17,13
Anixe HD Serie (360p),https://ma.anixa.tv/clips/stream/anixehd/index.m3u8,AnixeHDSerie.de@SD,,,,https://upload.wikimedia.org/wikipedia/commons/thumb/c/c0/Anixe_HD.svg/512px-Anixe_HD.svg.png,Entertainment,640x360,iptv-org-all.txt,1521,200,成功,h264,25.0,有音频,3.615,37,33
ABC 7 Los Angeles CA (KABC-TV) (720p),https://content.uplynk.com/channel/ext/2118d9222a87420ab69223af9cfa0a0f/kabc_24x7_news.m3u8,KABCDT1247News.us@SD,,,,https://upload.wikimedia.org/wikipedia/commons/thumb/b/bc/KABC-TV-Logo-2021.png/512px-KABC-TV-Logo-2021.png,News,640x360,iptv-org-all.txt,833,200,成功,h264,30.0,有音频,7.301,69,55
ABC 6 Indianapolis IN (WRTV) (720p),https://aegis-cloudfront-1.tubi.video/bc9ff1c7-4dc1-4e36-9ef0-25b28c595ada/playlist.m3u8,WRTVDT1.us@SD,,,,https://upload.wikimedia.org/wikipedia/commons/2/27/WWAY_logo.png,News,426x240,iptv-org-all.txt,854,200,成功,h264,29.97002997002997,有音频,3.187,9,9
América Estéreo Ibarra (720p),https://video.makrodigital.com/americaestereoibarra/americaestereoibarra/playlist.m3u8,AmericaEstereoIbarra.ec@SD,,,,https://i.imgur.com/gUqKymM.png,General,1920x1080,iptv-org-all.txt,303,200,成功,h264,30.0,有音频,1.273,8,8
Africable TV (360p),http://69.64.57.208/africable/playlist.m3u8,AfricableTV.ml@SD,,,,https://i.imgur.com/iQE57Z2.png,General,640x360,iptv-org-all.txt,28,200,成功,h264,25.0,有音频,0.516,37,33
ABC WWAY 3,https://townnews.g-mana.live/media/027a05c7-43b6-49eb-ad10-a0c0f10a0754/main.m3u8,WWAYDT1.us@SD,,,,https://upload.wikimedia.org/wikipedia/commons/2/27/WWAY_logo.png,News,640x360,iptv-org-all.txt,809,200,成功,h264,59.94005994005994,有音频,2.673,9,9
Adventure Earth (1080p),https://a57e9c69976649b582a8d7604c00e69a.mediatailor.us-east-1.amazonaws.com/v1/master/44f73ba4d03e9607dcd9bebdcb8494d86964f1d8/RlaxxTV-eu_AdventureEarth/playlist.m3u8,AdventureEarth.de@SD,,,,https://d3b6luslimvglo.cloudfront.net/images/79/rlaxximages/channels-rescaled/icon-white/adventureearth_white.png,Documentary,1920x1080,iptv-org-all.txt,839,200,成功,h264,29.97002997002997,有音频,3.163,8,8
AKC TV (1080p),https://broadcast.blivenyc.com/speed/broadcast/22/desktop-playlist.m3u8,AKCTV.us@SD,,,,https://i.imgur.com/XRTfoSp.png,Outdoor,1920x1080,iptv-org-all.txt,441,200,成功,h264,29.97002997002997,有音频,2.558,24,20
平湖民生休闲,http://l.cztvcloud.com/channels/lantian/SXpinghu2/720p.m3u8,,,,,,浙江,1280x720,zbefine.txt,1351,200,成功,h264,25.0,有音频,2.096,156,128
Al Arabiya English (1080p),https://live.alarabiya.net/alarabiapublish/english/playlist_dvr.m3u8,AlArabiyaEnglish.sa@SD,,,,https://shahid.mbc.net/mediaObject/7cfc0baf-1201-477f-b722-d3099fafe17f?height=230&width=512&croppingPoint=&version=1&type=png,News,1920x1080,iptv-org-all.txt,133,200,成功,h264,25.0,有音频,0.924,8,8
América Estéreo Quito (1080p),https://video.makrodigital.com/americaestereoquito/americaestereoquito/playlist.m3u8,AmericaEstereoQuito.ec@SD,,,,https://i.imgur.com/gUqKymM.png,General,1280x720,iptv-org-all.txt,248,200,成功,h264,30.0,有音频,1.272,8,8
Adoram TV (720p),https://live20.bozztv.com/giatv/giatv-adoram/adoram/chunks.m3u8,AdoramTV.do@SD,,,,https://i.imgur.com/uU01KHz.png,Religious,1920x1080,iptv-org-all.txt,199,200,成功,h264,24.0,有音频,0.858,9,9
ABC 10 San Diego CA (KGTV) (720p),https://aegis-cloudfront-1.tubi.video/1a352414-3a30-4f42-b14b-c091d02a5e45/playlist.m3u8,KGTVDT1.us@SD,,,,https://upload.wikimedia.org/wikipedia/commons/2/27/WWAY_logo.png,General,426x240,iptv-org-all.txt,135,200,成功,h264,29.97002997002997,有音频,3.194,32,26
Access Media Productions Channel (720p),https://dlttx48mxf9m3.cloudfront.net/vod_clients/amp/live/ch1/video.m3u8,AMP1.us@SD,,,,https://i.imgur.com/3ZhrthD.png,General,1920x1080,iptv-org-all.txt,607,200,成功,h264,29.97002997002997,有音频,1.000,8,8
ABC 7 Bay Area and San Francisco News (KGO-DT1) (720p),https://content.uplynk.com/channel/ext/4413701bf5a1488db55b767f8ae9d4fa/kgo_24x7_news.m3u8,KGODT1247News.us@SD,,,,https://upload.wikimedia.org/wikipedia/commons/2/27/WWAY_logo.png,News,640x360,iptv-org-all.txt,844,200,成功,h264,,有音频,9.394,120,96
Al-Sharqiya (1080p),https://5d94523502c2d.streamlock.net/home/mystream/playlist.m3u8,AlSharqiya.iq@SD,,,,https://i.imgur.com/mJIG5IV.png,General,1920x1080,iptv-org-all.txt,991,200,成功,h264,15.0,有音频,2.579,9,9
AKC TV Puppies 24/7,https://install.akctvcontrol.com/speed/broadcast/140/desktop-playlist.m3u8,AKCTVPuppies.us@SD,,,,https://i.imgur.com/2nzRS60.png,Outdoor,1920x1080,iptv-org-all.txt,55,200,成功,h264,29.97002997002997,有音频,2.221,36,32
ABN Afghanistan (540p),https://mediaserver.abnvideos.com/streams/abnafghanistan.m3u8,ABNAfghanistan.us@SD,,,,https://i.imgur.com/LI30mAt.png,Religious,640x360,iptv-org-all.txt,412,200,成功,h264,24.0,有音频,0.646,10,10
Amga TV (720p) [Not 24/7],https://streamer1.connectto.com/AMGA_WEB_1202/playlist.m3u8,AMGATV.us@SD,,,,https://i.imgur.com/NTlC6e7.png,General,1920x1080,iptv-org-all.txt,330,200,成功,h264,29.97002997002997,有音频,1.230,8,8
00s Replay,http://cfd-v4-service-channel-stitcher-use1-1.prd.pluto.tv/stitch/hls/channel/62ba60f059624e000781c436/master.m3u8?appName=web&appVersion=unknown&clientTime=0&deviceDNT=0&deviceId=6c25e430-30d3-11ef-9cf5-e9ddff8ff496&deviceMake=Chrome&deviceModel=web&deviceType=web&deviceVersion=unknown&includeExtendedEvents=false&serverSideAds=false&sid=1b7de8e4-d114-4438-b098-6f7aee77b4be,,,,,,Undefined,426x240,iptv-org-all.txt,76,200,成功,h264,30.0,有音频,1.182,9,9
América Estéreo Tulcán (614p),https://video.makrodigital.com/americaestereotulcan/americaestereotulcan/playlist.m3u8,AmericaEstereoTulcan.ec@SD,,,,https://i.imgur.com/gUqKymM.png,General,1092x614,iptv-org-all.txt,128,200,成功,h264,30.0,有音频,1.366,8,8
ABN Africa (480p),https://mediaserver.abnvideos.com/streams/abnafrica.m3u8,ABNAfrica.us@SD,,,,https://i.imgur.com/SLrX8Ef.png,Religious,560x420,iptv-org-all.txt,149,200,成功,h264,24.0,有音频,0.658,10,10
Access Media Productions Community Channel (720p),https://dlttx48mxf9m3.cloudfront.net/vod_clients/amp/live/ch2/video.m3u8,AMP2.us@SD,,,,https://i.imgur.com/nfur3FR.png,Culture,1920x1080,iptv-org-all.txt,237,200,成功,h264,29.97002997002997,有音频,0.960,8,8
文成综合频道,http://l.cztvcloud.com/channels/lantian/SXwencheng1/720p.m3u8,,,,,,浙江,1280x720,zbefine.txt,358,200,成功,h264,25.0,有音频,2.433,144,116
庆元综合频道,http://l.cztvcloud.com/channels/lantian/SXqingyuan1/720p.m3u8,,,,,,浙江,1920x1080,zbefine.txt,385,200,成功,h264,25.0,有音频,2.259,144,116
Al Horreya TV (1080p),http://media.smc-host.com:1935/alhorreya.tv/mp4:alhorreya3/playlist.m3u8,AlHorreyaTV.us@SD,,,,https://i.imgur.com/EK75DMJ.png,Religious,1920x1080,iptv-org-all.txt,237,200,成功,h264,30.0,有音频,0.767,8,8
平湖新闻综合,http://l.cztvcloud.com/channels/lantian/SXpinghu1/720p.m3u8,,,,,,浙江,1280x720,zbefine.txt,1501,200,成功,h264,25.0,有音频,2.028,8,8
Aftershock,http://cfd-v4-service-channel-stitcher-use1-1.prd.pluto.tv/stitch/hls/channel/63e36b374e83e70008987c58/master.m3u8?appName=web&appVersion=unknown&clientTime=0&deviceDNT=0&deviceId=2c791c20-35fc-11ef-a031-2b5d494037a2&deviceMake=Chrome&deviceModel=web&deviceType=web&deviceVersion=unknown&includeExtendedEvents=false&serverSideAds=false&sid=8a330bc3-1def-4752-9f03-564abe79388b,,,,,,Undefined,426x240,iptv-org-all.txt,52,200,成功,h264,30.0,有音频,1.249,9,9
5TV Corrientes (480p) [Not 24/7],http://www.coninfo.net:1935/tvcinco/live1/playlist.m3u8,5tv.ar@SD,,,,https://i.imgur.com/mSn7ACs.png,General,1080x608,iptv-org-all.txt,442,200,成功,h264,30.0,有音频,0.930,8,8
ACTV,https://castus-vod-dev.s3.amazonaws.com/vod_clients/athens/live/ch2/video.m3u8,ACTV.us@SD,,,,https://i.imgur.com/Z6lB0Ww.png,Legislative,1280x720,iptv-org-all.txt,230,200,成功,h264,29.97002997002997,有音频,0.784,8,8
apart TV (1080p),https://2-fss-2.streamhoster.com/pl_124/206820-4338160-1/playlist.m3u8,apartTV.lu@SD,,,,https://i.imgur.com/IBcMIcZ.png,Business;Culture;Lifestyle,1920x1080,iptv-org-all.txt,548,200,成功,h264,50.0,有音频,1.113,60,48
萧山生活频道,http://l.cztvcloud.com/channels/lantian/SXxiaoshan2/720p.m3u8,,,,,,浙江,1280x720,zbefine.txt,1015,200,成功,h264,25.0,有音频,1.910,8,8
武义新闻综合,http://l.cztvcloud.com/channels/lantian/SXwuyi1/720p.m3u8,,,,,,浙江,720x576,zbefine.txt,2291,200,成功,h264,,有音频,1.844,145,117
Al Jadeed (1080p),http://185.9.2.18/chid_391/mono.m3u8,AlJadeed.lb@SD,,,,https://i.imgur.com/CfxR8o3.png,General,1920x1080,iptv-org-all.txt,273,200,成功,h264,50.0,有音频,1.201,8,8
文成二套,http://l.cztvcloud.com/channels/lantian/SXwencheng2/720p.m3u8,,,,,,浙江,1280x720,zbefine.txt,331,200,成功,h264,25.0,有音频,1.829,126,104
余杭未来E频道,http://l.cztvcloud.com/channels/lantian/SXyuhang3/720p.m3u8,,,,,,浙江,1920x1080,zbefine.txt,606,200,成功,h264,25.0,有音频,1.695,144,116
3ABN Praise Him Music Network,https://3abn.bozztv.com/3abn1/PraiseHim/smil:PraiseHim.smil/playlist.m3u8,3ABNPraiseHimMusicNetwork.us@SD,,,,https://i.imgur.com/iBcqT8L.png,Music;Religious,,iptv-org-all.txt,122,200,成功,h264,,有音频,2.264,10,10
文山州公共,http://m3u8.channel.wsrtv.com.cn/cms/videos/nmip-media/channellive/channel8/playlist.m3u8,,,,,,云南,1920x1080,zbefine.txt,1855,200,成功,h264,25.0,有音频,4.142,156,128
Al Ittihad (552p) [Not 24/7],http://185.105.4.151:8080/_defapp_/ittihad/index.m3u8,AlIttihadTV.lb@SD,,,,https://i.imgur.com/QMUjPXx.png,General,1024x576,iptv-org-all.txt,469,200,成功,h264,25.0,有音频,1.719,8,8
遂昌综合频道,http://l.cztvcloud.com/channels/lantian/SXsuichang1/720p.m3u8,,,,,,浙江,1920x1080,zbefine.txt,291,200,成功,h264,25.0,有音频,2.086,36,32
永嘉新闻综合,http://l.cztvcloud.com/channels/lantian/SXyongjia1/720p.m3u8,,,,,,浙江,1920x1080,zbefine.txt,285,200,成功,h264,25.0,有音频,2.386,148,120
ABN Bible Movies (720p),https://mediaserver.abnvideos.com/streams/abnbiblemovies.m3u8,ABNBibleMoviesChannel.us@SD,,,,https://i.imgur.com/NCqZdaL.png,Movies;Religious,640x360,iptv-org-all.txt,48,200,成功,h264,24.0,有音频,0.696,10,10
Access Media Productions Monterey Channel (720p),https://dlttx48mxf9m3.cloudfront.net/vod_clients/amp/live/ch3/video.m3u8,TheMontereyChannel.us@SD,,,,https://i.imgur.com/400m3ow.png,General,1920x1080,iptv-org-all.txt,133,200,成功,h264,29.97002997002997,有音频,0.837,8,8
24/7 Canal de Noticias,https://panel.host-live.com:19360/cn247tv/cn247tv.m3u8,247CanaldeNoticias.ar@SD,,,,https://i.imgur.com/4hDCB1M.png,News,640x360,iptv-org-all.txt,1303,200,成功,h264,50.0,有音频,7.558,9,9
北京-水长城03,https://gcalic.v.myalicdn.com/gc/wgw03_1/index.m3u8?contentid=2820180516001,,,,,,景区,1920x1080,zbefine.txt,1818,200,成功,h264,25.0,有音频,4.615,38,32
北京-水长城01,https://gcalic.v.myalicdn.com/gc/wgw01_1/index.m3u8?contentid=2820180516001,,,,,,景区,1280x720,zbefine.txt,2439,200,成功,h264,25.0,有音频,3.706,22,20
Amasia (720p),https://splendid-film-amasia-1-eu.rakuten.wurl.tv/playlist.m3u8,,,,,,Undefined,1280x720,iptv-org-all.txt,652,200,成功,h264,29.97002997002997,有音频,1.572,8,8
安徽-黄山飞来石,https://gcalic.v.myalicdn.com/gc/hsptgy_1/index.m3u8?contentid=2820180516001,,,,,,景区,1920x1080,zbefine.txt,1598,200,成功,h264,25.0,有音频,4.678,62,50
余姚新闻综合,http://l.cztvcloud.com/channels/lantian/SXyuyao1/720p.m3u8,,,,,,浙江,1920x1080,zbefine.txt,321,200,成功,h264,25.0,有音频,1.819,144,116
Access Media Productions Peninsula Channel (720p),https://dlttx48mxf9m3.cloudfront.net/vod_clients/amp/live/ch5/video.m3u8,ThePeninsulaChannel.us@SD,,,,https://i.imgur.com/Ybp6YKD.png,Legislative,1920x1080,iptv-org-all.txt,132,200,成功,h264,29.97002997002997,有音频,0.976,11,11
北京-水长城02,https://gcalic.v.myalicdn.com/gc/wgw02_1/index.m3u8?contentid=2820180516001,,,,,,景区,1920x1080,zbefine.txt,2453,200,成功,h264,20.0,有音频,4.626,93,75
ACNN (480p),https://viewmedia7219.bozztv.com/wmedia/viewmedia100/web_014/Stream/playlist.m3u8,ACNN.ng@SD,,,,https://i.imgur.com/91JLpxr.png,Religious,426x240,iptv-org-all.txt,451,200,成功,h264,25.0,有音频,2.382,9,9
13Max Televisión (1080p),http://coninfo.net:1935/13maxhd/live13maxtvnuevo/playlist.m3u8,13MaxTelevision.ar@SD,,,,https://i.imgur.com/QvF4l2t.png,General,1920x1080,iptv-org-all.txt,139,200,成功,h264,50.0,有音频,1.183,8,8
临平新闻频道,http://l.cztvcloud.com/channels/lantian/SXyuhang2/720p.m3u8,,,,,,浙江,1280x720,zbefine.txt,636,200,成功,h264,25.0,有音频,1.899,36,32
Amou Yazid TV (576p),http://mkstream.servehttp.com:1940/AmouYazid/ay1/playlist.m3u8,AmouYazidTV.dz@SD,,,,https://i.imgur.com/L8UPGPC.png,Kids,720x576,iptv-org-all.txt,223,200,成功,h264,50.0,有音频,0.899,8,8
Anime Vision Classics (1080p),https://d82pyvmcw2kdc.cloudfront.net/v1/master/3722c60a815c199d9c0ef36c5b73da68a62b09d1/cc-swfivzrzwamaq/live/fast-channel-animevisionclassics-efc8dc6d/fast-channel-animevisionclassics-efc8dc6d.m3u8,AnimeVisionClassics.es@SD,,,,https://i.imgur.com/mTaiEE1.png,Animation,426x240,iptv-org-all.txt,1535,200,成功,h264,25.0,有音频,4.917,17,13
ARD-alpha (720p) [Not 24/7],https://brlive-lh.akamaihd.net/i/bralpha_germany@119899/master.m3u8,ARDalpha.de@SD,,,,https://upload.wikimedia.org/wikipedia/commons/thumb/4/4b/ARD_alpha.svg/512px-ARD_alpha.svg.png,Education,1280x720,iptv-org-all.txt,2135,200,成功,h264,25.0,有音频,8.909,26,22
余姚姚江文化,http://l.cztvcloud.com/channels/lantian/SXyuyao3/720p.m3u8,,,,,,浙江,720x576,zbefine.txt,344,200,成功,h264,25.0,有音频,1.759,156,128
92 News HD (720p),http://92news.vdn.dstreamone.net/92newshd/92hd/playlist.m3u8,92NewsHD.pk@SD,,,,https://i.imgur.com/gp1Ao4s.jpeg,News,1280x720,iptv-org-all.txt,638,200,成功,h264,25.0,有音频,0.576,8,8
Alhurra (720p),https://mbn-ingest-worldsafe.akamaized.net/hls/live/2038900/MBN_Alhurra_Worldsafe_HLS/master.m3u8,Alhurra.us@SD,,,,https://i.imgur.com/tiQp2sR.png,News,1280x720,iptv-org-all.txt,277,200,成功,h264,29.97002997002997,有音频,3.341,156,128
云和新闻综合,http://l.cztvcloud.com/channels/lantian/SXyunhe1/720p.m3u8,,,,,,浙江,1280x720,zbefine.txt,318,200,成功,h264,25.0,有音频,3.761,128,104
ABC 5,https://d3svnrf3rmq619.cloudfront.net/krgv-live/smil:krgv-live.smil/playlist.m3u8,KRGVDT1.us@SD,,,,https://upload.wikimedia.org/wikipedia/commons/2/27/WWAY_logo.png,General,416x234,iptv-org-all.txt,780,200,成功,h264,59.94005994005994,有音频,1.905,9,9
Amazing Discoveries TV (720p),https://uni01rtmp.tulix.tv/amazingdtv/amazingdtv/playlist.m3u8,AmazingDiscoveriesTV.ca@SD,,,,https://i.imgur.com/I0oPFTj.png,Religious,480x270,iptv-org-all.txt,860,200,成功,h264,30.0,有音频,1.738,9,9
30A Investment Pitch (720p),https://30a-tv.com/feeds/xodglobal/30atv.m3u8,30AInvestmentPitch.us@SD,,,,https://i.imgur.com/CKCtZo7.png,Business,1280x720,iptv-org-all.txt,816,200,成功,h264,29.97002997002997,有音频,3.096,76,60
ABC 25 News Central Texas,https://content.uplynk.com/channel/9d4e02c9c3544c269d32e6b316792c8f.m3u8,KXXVDT1.us@SD,,,,https://upload.wikimedia.org/wikipedia/commons/2/27/WWAY_logo.png,General,640x360,iptv-org-all.txt,69,200,成功,h264,30.0,有音频,4.876,37,33
America's Voice (720p),https://content.uplynk.com/channel/26bd482ffe364a1282bc3df28bd3c21f.m3u8,AmericasVoice.us@SD,,,,,News,448x252,iptv-org-all.txt,94,200,成功,h264,24.0,有音频,8.167,38,34
重庆卫视,https://t.freetv.fun/live/zhong-qing-wei-shi-3.m3u8,,,,,,,1920x1080,CCSH.txt,11,403,成功,h264,25.0,有音频,1.108,8,8
青海卫视,https://stream1.freetv.fun/e428d38e12d7120d524e078b6fcf7ea6e16481925fca496bf8043600337e2a47.m3u8,,,,,,,1280x720,CCSH.txt,18,403,成功,h264,25.0,有音频,1.501,156,128
青海卫视,https://stream1.freetv.fun/a046ae7d7d283d2ed24ee4d82ddbb7a9169814a362862f2e340909c8be3bfab7.m3u8,,,,,,,1280x720,CCSH.txt,11,403,成功,h264,25.0,有音频,1.634,156,128
内蒙古卫视,https://stream1.freetv.fun/48e0d589868b805b91108d697cdbcb47c6f2982e8199bf3e5e5dd508fb4d5977.m3u8,,,,,,,1280x720,CCSH.txt,11,403,成功,h264,25.0,有音频,1.627,156,128
甘肃卫视,https://stream1.freetv.fun/c87ccda9c45e13cb2984d4416308e6ccfd2e0793c6ef4b33f56d2761e077549d.m3u8,,,,,,,1280x720,CCSH.txt,31,403,成功,h264,25.0,有音频,1.624,156,128
重庆卫视,https://stream1.freetv.fun/f5a9cba48397ca39e64e0b0f221ba9bbea65d43777bfa710c3f6088618acb537.m3u8,,,,,,,1280x720,CCSH.txt,11,403,成功,h264,25.0,有音频,1.615,156,128
青海卫视,https://stream1.freetv.fun/700b3e5f41166e13fcf63757cb786ff68c7d8fd7289d72c8b36dc7c9fe9a8e82.m3u8,,,,,,,1280x720,CCSH.txt,134,403,成功,h264,25.0,有音频,1.104,156,128
辽宁卫视,https://t.freetv.fun/live/liao-zhu-wei-shi-2.m3u8,,,,,,,1920x1080,CCSH.txt,10,403,成功,h264,25.0,有音频,0.606,38,32
凤凰中文,http://122.152.202.33/s/81a8a44f/index.m3u8?id=15,,,,,,,1280x720,CCSH.txt,1288,200,成功,h264,30.0,有音频,0.791,144,116
甘肃卫视,https://stream1.freetv.fun/b952940e7fe39f023a81766692ac308f2f049e3625b5ee1abb983000a57ae91f.ctv,,,,,,,1280x720,CCSH.txt,14,403,成功,h264,25.0,有音频,1.288,156,128
西藏卫视,https://stream1.freetv.fun/4d0d74508a9173492e3b5026ae8d650f2a2cf31703b3020a5c3967301183e2b9.m3u8,,,,,,,1280x720,CCSH.txt,11,403,成功,h264,25.0,有音频,1.087,156,128
凤凰中文,https://stream1.freetv.fun/4e695e885cc20b20b7e3ec874fe52ed75e27443778c8ff29e498c4c9d7cec4a0.m3u8,,,,,,,1280x720,CCSH.txt,9,403,成功,h264,25.0,有音频,1.085,156,128
甘肃卫视,https://stream1.freetv.fun/a3f0c35cfbc29ac9bb6a80ceec32e620072b8df4a10e36dc34d45152f07ecc97.m3u8,,,,,,,1280x720,CCSH.txt,29,403,成功,h264,25.0,有音频,1.078,156,128
西藏卫视,https://iptv.catvod.com/live.php?id=%E8%A5%BF%E8%97%8F%E5%8D%AB%E8%A7%86%E5%8F%B0,,,,,,,1920x1080,CCSH.txt,82,200,成功,h264,30.0,有音频,0.794,156,128
西藏卫视,https://stream1.freetv.fun/6813e053b70cb87f76e097e1fcc36d4cc3eae132496555134d0f98b3fb717629.m3u8,,,,,,,1280x720,CCSH.txt,9,403,成功,h264,25.0,有音频,1.093,156,128
青海卫视,https://stream1.freetv.fun/5ae3b396c4b31c5cd7968aae55c2a1692fc7d4561d38b9506a502a7a7e6c4745.m3u8,,,,,,,1280x720,CCSH.txt,10,403,成功,h264,25.0,有音频,1.112,156,128
湖北卫视,http://m.061899.xyz/mg/hubws,,,,,,,1280x720,CCSH.txt,72,403,成功,h264,25.0,有音频,2.838,8,8
甘肃卫视,https://stream1.freetv.fun/8ebda250d16aa1f21b29173ee9535fd6054599421508f334f649fa68465165fd.m3u8,,,,,,,1280x720,CCSH.txt,9,403,成功,h264,25.0,有音频,1.097,156,128
甘肃卫视,https://stream1.freetv.fun/d9b6033766a5517e1ab75aa6ec1ae11709a3110da4cc7f579ad03cf6190c952c.m3u8,,,,,,,1280x720,CCSH.txt,10,403,成功,h264,25.0,有音频,1.093,156,128
内蒙古卫视,https://stream1.freetv.fun/953b5b877c309b3e9f1466390325d30b0de6a56ef65261d42328b7b64d9a9af5.m3u8,,,,,,,1280x720,CCSH.txt,11,403,成功,h264,25.0,有音频,1.288,156,128
青海卫视,https://stream1.freetv.fun/9a53c90ec51b8f0c2be4dc03b71d82431e9806e8a7ecc9ec91acaf8c8251157c.m3u8,,,,,,,1280x720,CCSH.txt,11,403,成功,h264,25.0,有音频,1.116,156,128
青海卫视,https://stream1.freetv.fun/deaa20e0dee0586cff9865553a834a8c953550e0536954e6e150c89839aefab8.m3u8,,,,,,,1280x720,CCSH.txt,21,403,成功,h264,25.0,有音频,1.073,156,128
辽宁卫视,https://stream1.freetv.fun/cb5e9fb22ae061362a956e605cd59af93d0b0cb0825951c9b6c5034c0cff9c24.m3u8,,,,,,,1280x720,CCSH.txt,27,403,成功,h264,25.0,有音频,1.101,156,128
辽宁卫视,https://stream1.freetv.fun/642285f82d3268d64d83fc3b81deb897a2b2547d4a7a5695fa54dfcbec21f86b.m3u8,,,,,,,1280x720,CCSH.txt,10,403,成功,h264,25.0,有音频,1.086,156,128
甘肃卫视,https://stream1.freetv.fun/7cc76bed6f2f891b941844bc0fa168c739d41772a8435e20998d4ca4594ebea2.m3u8,,,,,,,1280x720,CCSH.txt,10,403,成功,h264,25.0,有音频,1.100,156,128
内蒙古卫视,https://stream1.freetv.fun/3b0b850483e1ae63e74c17427d2269d7e47b36a1293d8236d90150c5a14ac1fb.ctv,,,,,,,1280x720,CCSH.txt,20,403,成功,h264,25.0,有音频,1.285,156,128
重庆卫视,https://stream1.freetv.fun/bb04cf3c5dd759d4ff3784a39617f5420b570e0464db587458b3196430b09e94.m3u8,,,,,,,1280x720,CCSH.txt,25,403,成功,h264,25.0,有音频,1.080,156,128
西藏卫视,https://stream1.freetv.fun/c5167dfaa8e7ca26b86ba617808fc2b90d232c67578a13f90584e5dfcdefc24a.ctv,,,,,,,1280x720,CCSH.txt,9,403,成功,h264,25.0,有音频,1.299,156,128
内蒙古卫视,https://stream1.freetv.fun/37fc5c2c33aed43bab26dcbddab8b5b568175179a9e550df8092952c55f09d7c.m3u8,,,,,,,1280x720,CCSH.txt,10,403,成功,h264,25.0,有音频,1.297,156,128
内蒙古卫视,https://stream1.freetv.fun/daa114e9aa94419a7d056b8b1821b485e3d06bb348a9f010b557499d8ce9e2cf.m3u8,,,,,,,1280x720,CCSH.txt,9,403,成功,h264,25.0,有音频,1.297,156,128
湖北卫视,http://112.132.10.54:9901/tsfile/live/1027_1.m3u8,,,,,,,720x576,CCSH.txt,268,200,成功,mpeg2video,25.0,有音频,4.289,23,20
辽宁卫视,https://stream1.freetv.fun/25e6f4048d3808cffaab14ded3101d2acb3dc287402cd7b66a43042b8c3d76ea.m3u8,,,,,,,1280x720,CCSH.txt,10,403,成功,h264,25.0,有音频,1.105,156,128
贵州卫视,https://t.freetv.fun/live/gui-zhou-wei-shi-5.m3u8,,,,,,,1920x1080,CCSH.txt,11,403,成功,h264,25.0,有音频,0.568,8,8
凤凰中文,https://stream1.freetv.fun/fe3d3346f748e4ec230691be958aff27e91c225b43b5855685cd1fbe79c56f60.m3u8,,,,,,,1280x720,CCSH.txt,9,403,成功,h264,25.0,有音频,1.092,156,128
青海卫视,https://stream1.freetv.fun/08634ae79ac958d456b3a36629c9f5c7a90eb67044c3c672a6b5442c413821aa.m3u8,,,,,,,1280x720,CCSH.txt,17,403,成功,h264,25.0,有音频,1.087,156,128
青海卫视,https://stream1.freetv.fun/b9f8d547c66287a0b2b02d76123014443eb5e43fa60e5acf262f78354ea2eb79.m3u8,,,,,,,1280x720,CCSH.txt,10,403,成功,h264,25.0,有音频,1.106,156,128
重庆卫视,http://tvlist.top/jd/index.php?id=cqws&qt=183.224.122.114:8014,,,,,,,1920x1080,CCSH.txt,1676,200,成功,hevc,25.0,有音频,2.866,8,8
黑龙江卫视,https://stream1.freetv.fun/4a992588a9eb854bfe78f6145d4a4820e0428baf85e3ed8b2f15d4fb85a0f3c6.m3u8,,,,,,,1280x720,CCSH.txt,9,403,成功,h264,25.0,有音频,1.106,156,128
凤凰资讯,https://mgev.188766.xyz/?migutoken=88dc51f2f46b032755e2cc66c659831e&id=hk_fhzx&type=dy,,,,,,,1920x1080,CCSH.txt,59,403,成功,h264,28.0,有音频,0.642,144,116
贵州卫视,https://stream1.freetv.fun/673e41aab63c8407597bbd669da186242aaba8e5c9d97c805a42b26a9fa69152.m3u8,,,,,,,1280x720,CCSH.txt,10,403,成功,h264,25.0,有音频,1.072,156,128
重庆卫视,http://111.221.137.234:44330/tsfile/live/0142_1.m3u8?key=txiptv&playlive=0&authid=0,,,,,,,1280x720,CCSH.txt,519,200,成功,h264,25.0,有音频,3.345,8,8
湖北卫视,https://t.freetv.fun/live/hu-bei-wei-shi-8.m3u8,,,,,,,1920x1080,CCSH.txt,34,403,成功,h264,25.0,有音频,0.594,8,8
西藏卫视,https://t.freetv.fun/live/xi-cang-wei-shi-3.m3u8,,,,,,,1920x1080,CCSH.txt,27,403,成功,hevc,25.0,有音频,3.586,68,56
甘肃卫视,https://stream1.freetv.fun/eb049976dadeacc21684734cf5e7197847f88e90f7b6e224b7aadface62830d4.m3u8,,,,,,,1280x720,CCSH.txt,10,403,成功,h264,25.0,有音频,1.085,156,128
大湾区卫视,http://222.128.55.152:9080/live/dwq.m3u8,,,,,,,1920x1080,CCSH.txt,779,200,成功,h264,25.0,有音频,3.445,24,20
黑龙江卫视,https://t.freetv.fun/live/hei-long-jiang-wei-shi-13.php,,,,,,,1920x1080,CCSH.txt,12,403,成功,hevc,25.0,有音频,3.900,16,12
西藏卫视,https://stream1.freetv.fun/a8e83798e1c1f8ffca8b5c81f9b6cfb6290dedebab63c1355662dbb492ba1c2a.m3u8,,,,,,,1280x720,CCSH.txt,10,403,成功,h264,25.0,有音频,1.096,156,128
甘肃卫视,https://stream1.freetv.fun/165aabbf9e18f1d9eb90689e874f668915ce33338909f8df981b479b08ddb436.m3u8,,,,,,,1280x720,CCSH.txt,11,403,成功,h264,25.0,有音频,1.105,156,128
重庆卫视,https://stream1.freetv.fun/c72f84278b832bcfd46c00f06205712127958af17226d7f200bc87ac10710657.m3u8,,,,,,,1280x720,CCSH.txt,9,403,成功,h264,25.0,有音频,1.198,156,128
重庆卫视,https://stream1.freetv.fun/b9f205578f15321cdeac2291efa202a62fb3b6fc3f3a1761d51b9357e7916be7.m3u8,,,,,,,1280x720,CCSH.txt,10,403,成功,h264,25.0,有音频,1.087,156,128
贵州卫视,https://stream1.freetv.fun/2a8fd0fedb6695605a739eb6bd28a43b75d239e63f8cd891eab62f1f4af5b11d.m3u8,,,,,,,1280x720,CCSH.txt,11,403,成功,h264,25.0,有音频,1.108,156,128
内蒙古卫视,https://stream1.freetv.fun/23d7eda48adacb85641805ccdacef2190c364b3862f946a181b19791dd94ae16.m3u8,,,,,,,1280x720,CCSH.txt,9,403,成功,h264,25.0,有音频,1.299,156,128
青海卫视,https://stream1.freetv.fun/d6e32c6ed01121487159b5b2fc12698d5551739ef7911c9fbb25e830e31456d2.m3u8,,,,,,,1280x720,CCSH.txt,11,403,成功,h264,25.0,有音频,1.092,156,128
兵团卫视,https://stream1.freetv.fun/27542fbfebea09ad0d5b9d3859f26fa826ff4e1c0830920adc5486cb1a0691b4.m3u8,,,,,,,1280x720,CCSH.txt,10,403,成功,h264,25.0,有音频,1.294,156,128
辽宁卫视,https://stream1.freetv.fun/6fccf0b5b79be69066fce9c2c37300059975fb0fc0466226971057d814afd574.m3u8,,,,,,,1280x720,CCSH.txt,9,403,成功,h264,25.0,有音频,1.089,156,128
内蒙古卫视,https://stream1.freetv.fun/901de27c68715645c144101c7d6cb3bed6a7e6a0ece085e49a6cc375349eaf34.m3u8,,,,,,,1280x720,CCSH.txt,10,403,成功,h264,25.0,有音频,1.275,156,128
西藏卫视,https://stream1.freetv.fun/fcfff8d08346b418da9f9b7e87220113c458c3d87d1b18a00c09d823c0eb38fa.m3u8,,,,,,,1280x720,CCSH.txt,30,403,成功,h264,25.0,有音频,1.265,156,128
甘肃卫视,https://stream1.freetv.fun/218e59a00a9b58363c7633fdf073e2d8c3e98cc106dae98effe045383729c843.m3u8,,,,,,,1280x720,CCSH.txt,9,403,成功,h264,25.0,有音频,1.094,156,128
贵州卫视,https://stream1.freetv.fun/20e35282ec1add7f7dd29b172633eba2e15e6c81a17136019a5b487fc76fd9d0.m3u8,,,,,,,1280x720,CCSH.txt,10,403,成功,h264,25.0,有音频,1.109,156,128
农林卫视,https://stream1.freetv.fun/cb703e6e694023c63361a9fd5db877c3d6b00dd7e4e63c6e4d5ccf56f8b3a58b.m3u8,,,,,,,1280x720,CCSH.txt,25,403,成功,h264,25.0,有音频,1.362,156,128
辽宁卫视,https://stream1.freetv.fun/72a4b091186e5fc5835c869ec7ffa1f4cc75b6f7d9c3699e7f8d9d4f76a83258.m3u8,,,,,,,1280x720,CCSH.txt,12,403,成功,h264,25.0,有音频,1.101,156,128
辽宁卫视,https://t.freetv.fun/live/liao-zhu-wei-shi-5.m3u8,,,,,,,1920x1080,CCSH.txt,12,403,成功,h264,25.0,有音频,0.490,8,8
贵州卫视,https://stream1.freetv.fun/38553c4c026f0848665be8130392eb274442dfd4c7f42cdd518e5147d72b1739.m3u8,,,,,,,1280x720,CCSH.txt,10,403,成功,h264,25.0,有音频,1.077,156,128
青海卫视,https://stream1.freetv.fun/c2ab2a9b59fb56843bc411bbbdc088d75b895f3fe33b9e2b116679faba1e3f0b.m3u8,,,,,,,1280x720,CCSH.txt,10,403,成功,h264,25.0,有音频,1.104,156,128
凤凰中文,https://mgev.188766.xyz/?migutoken=238ce07d72ca0bd43ee80220e831b8da&id=hk_fhzw&type=dy,,,,,,,1920x1080,CCSH.txt,43,403,成功,h264,28.0,有音频,0.605,144,116
凤凰中文,https://stream1.freetv.fun/2b657a181daa345025199e7d6b8de95a1a87b19abceafbd16e2499a49da33c6f.m3u8,,,,,,,1280x720,CCSH.txt,12,403,成功,h264,25.0,有音频,1.090,156,128
内蒙古卫视,https://stream1.freetv.fun/325ee158a9026a625e36ada7cab8bf4606657903a9312e1c19a2af5e7a73d1b7.m3u8,,,,,,,1280x720,CCSH.txt,33,403,成功,h264,25.0,有音频,1.315,156,128
黑龙江卫视,https://stream1.freetv.fun/7e2edd626e2687e6e4484b930c9742f512f310de5662a083f7c000cae4c27942.m3u8,,,,,,,1280x720,CCSH.txt,12,403,成功,h264,25.0,有音频,1.181,156,128
贵州卫视,https://stream1.freetv.fun/be180b523d2a803865df067773d0fa81e4bad55a68bcf0c90b47ea2853a91a91.m3u8,,,,,,,1280x720,CCSH.txt,9,403,成功,h264,25.0,有音频,1.179,156,128
重庆卫视,https://stream1.freetv.fun/4543a4fedb4b0305397de293bd1cc011da668e92ebdf50e8292e89f5a47db138.m3u8,,,,,,,1280x720,CCSH.txt,24,403,成功,h264,25.0,有音频,1.094,156,128
康巴卫视,https://stream1.freetv.fun/e1854d983296da1d0804b07dcd259f5aafc1d7f17f59b6e0001d2a0741b5c608.m3u8,,,,,,,1280x720,CCSH.txt,10,403,成功,h264,25.0,有音频,1.123,156,128
西藏卫视,https://stream1.freetv.fun/c81a13063a694e4e9e0fb46105177448b3773c43c6713dcb754cf3777fdfe4ee.m3u8,,,,,,,1280x720,CCSH.txt,33,403,成功,h264,25.0,有音频,1.138,156,128
西藏卫视,https://stream1.freetv.fun/8812e9ba7d6a864962fee5cb6226ad62807fb0a1ef813976ee1cbb71c1d7677e.m3u8,,,,,,,1280x720,CCSH.txt,9,403,成功,h264,25.0,有音频,1.096,156,128
甘肃卫视,https://stream1.freetv.fun/a4c2e1e638b0b27bb83ca8d763cfafe2a3c1ae70cd08134d0f0dd737cdad1ed9.m3u8,,,,,,,1280x720,CCSH.txt,10,403,成功,h264,25.0,有音频,1.109,156,128
贵州卫视,https://stream1.freetv.fun/4f0e77f78b9fe7a9cee8d73ac139096840ae0a5bc4b310eb3048901d06c58d26.m3u8,,,,,,,1280x720,CCSH.txt,9,403,成功,h264,25.0,有音频,1.115,156,128
青海卫视,https://stream1.freetv.fun/f664f33ce54eb11de1f25dd5cd89fe19b8de206730dc3a8c8d4884e0e4039c07.m3u8,,,,,,,1280x720,CCSH.txt,10,403,成功,h264,25.0,有音频,1.100,156,128
兵团卫视,https://stream1.freetv.fun/1af67d7e8aca8d45f4ea917eccc40ef1bec6f3778e30d6a89a9624f54fd298b7.m3u8,,,,,,,1280x720,CCSH.txt,9,403,成功,h264,25.0,有音频,1.306,156,128
辽宁卫视,https://stream1.freetv.fun/7545e8b4364f236e0b3ab53e1e9f954862d4ca25b4498654940a71a3be183a8b.m3u8,,,,,,,1280x720,CCSH.txt,10,403,成功,h264,25.0,有音频,1.084,156,128
重庆卫视,https://stream1.freetv.fun/6b1a26475db46a339ef3275d2919c0598cf23fe3b089042766d48d6adeb71982.m3u8,,,,,,,1280x720,CCSH.txt,24,403,成功,h264,25.0,有音频,1.092,156,128
黑龙江卫视,https://t.freetv.fun/live/hei-long-jiang-wei-shi-6.m3u8,,,,,,,1920x1080,CCSH.txt,9,403,成功,h264,25.0,有音频,0.594,38,32
青海卫视,https://stream1.freetv.fun/e576af3cd10baa5fc9d74e3cb4f7db06569c64e722607de04b5377f0c8cc31fe.m3u8,,,,,,,1280x720,CCSH.txt,12,403,成功,h264,25.0,有音频,1.098,156,128
辽宁卫视,https://migu.188766.xyz/?migutoken=15e782182447aca383980029273f43eb&id=%E8%BE%BD%E5%AE%81%E5%8D%AB%E8%A7%86&type=yy,,,,,,,1920x1080,CCSH.txt,185,403,成功,h264,28.0,有音频,0.597,144,116
青海卫视,https://stream1.freetv.fun/2641af214b8dfbc68796c19888a6819d8f84fdc9facd9a13379f8ed12c91f5ed.ctv,,,,,,,1280x720,CCSH.txt,9,403,成功,h264,25.0,有音频,1.281,156,128
黑龙江卫视,https://iptv.catvod.com/live.php?id=%E9%BB%91%E9%BE%99%E6%B1%9F%E5%8D%AB%E8%A7%86%E5%8F%B0,,,,,,,1920x1080,CCSH.txt,633,200,成功,h264,30.0,有音频,0.755,156,128
西藏卫视,https://stream1.freetv.fun/a89f1c05221eaeadf55cc208f98f74ad9e16f3ffa5f0cd367768853850f607f4.m3u8,,,,,,,1280x720,CCSH.txt,12,403,成功,h264,25.0,有音频,1.082,156,128
内蒙古卫视,https://stream1.freetv.fun/4faedb7f43e0bce9dc1acf82b330bf05cb8bd25709aa7f4eac7ef0a600809702.m3u8,,,,,,,1280x720,CCSH.txt,11,403,成功,h264,25.0,有音频,1.270,156,128
贵州卫视,https://stream1.freetv.fun/bda93bdec1b49f90a28a53debe89da1431b895553b6967cec0427dea54072f07.m3u8,,,,,,,1280x720,CCSH.txt,10,403,成功,h264,25.0,有音频,1.089,156,128
甘肃卫视,https://stream1.freetv.fun/349c7fb68e8455c137160f5349fdb60363e86f923f0c3b5755f8892add3e9d65.ctv,,,,,,,1280x720,CCSH.txt,10,403,成功,h264,25.0,有音频,1.334,156,128
西藏卫视,https://stream1.freetv.fun/cfce8c7266926f66e4c9f1e47e1838772aba6fe9fc594f2b19456351b1f91126.m3u8,,,,,,,1280x720,CCSH.txt,28,403,成功,h264,25.0,有音频,1.104,156,128
贵州卫视,https://stream1.freetv.fun/3b4a9dc8bfa66db6d79ebf463530bd2aefb40a4df6ba0879b2f4a7b078acda8d.m3u8,,,,,,,1280x720,CCSH.txt,9,403,成功,h264,25.0,有音频,1.085,156,128
青海卫视,https://stream1.freetv.fun/cb4ff9a4049239fb65c050d7dbd333d9d83b7021661c4861e5e58b9cfb523641.m3u8,,,,,,,1280x720,CCSH.txt,9,403,成功,h264,25.0,有音频,1.091,156,128
湖北卫视,https://www.freetv.top/migu/947472496.m3u8?migutoken=d03fbc587528cd8db150889a8b7ccf82908a9ac1d12b60856ea83f94571aa02a9fd49519a652c6266e3f3c051465858f993daed973086f14e768ebb5a9441e4875111e85555c315b0f30f9a1c2,,,,,,,1920x1080,CCSH.txt,892,200,成功,h264,30.0,有音频,0.940,140,116
西藏卫视,https://stream1.freetv.fun/31c5a6eb142e1f3abdf4ced6f51012753676db47e3e7f296671ea0983f9cbbbf.m3u8,,,,,,,1280x720,CCSH.txt,10,403,成功,h264,25.0,有音频,1.086,156,128
内蒙古卫视,https://stream1.freetv.fun/e870046f1026367600d5635ee82e391b7382381d975da8c95261f3b236fb44ce.m3u8,,,,,,,1280x720,CCSH.txt,9,403,成功,h264,25.0,有音频,1.308,156,128
辽宁卫视,https://stream1.freetv.fun/bb2a5ce2a93b8b1eb36573d3b59ec54e83fd86b77c9bcd464e532665f5044b33.m3u8,,,,,,,1280x720,CCSH.txt,9,403,成功,h264,25.0,有音频,1.109,156,128
黑龙江卫视,https://stream1.freetv.fun/cba6a614d471d42dba705ad37a5b5ad7c1a501824a31b9b575b0a87c537d0450.m3u8,,,,,,,1280x720,CCSH.txt,9,403,成功,h264,25.0,有音频,1.087,156,128
内蒙古卫视,http://tvlist.top/jd/index.php?id=neimenggu&qt=183.224.122.114:8014,,,,,,,1920x1080,CCSH.txt,2898,200,成功,hevc,25.0,有音频,2.904,46,36
黑龙江卫视,https://stream1.freetv.fun/8eac0925df1ae8507ad57f4372936a304c120cc31636bf1f843872e6681e563f.m3u8,,,,,,,1280x720,CCSH.txt,31,403,成功,h264,25.0,有音频,1.077,156,128
重庆卫视,https://stream1.freetv.fun/27c97b52b691976b4c65e1c35a326edaa9898f0472a019cd0f0ca510d09dbb83.m3u8,,,,,,,1280x720,CCSH.txt,27,403,成功,h264,25.0,有音频,1.111,156,128
湖北卫视,http://183.57.249.119:8183/tsfile/live/0132_1.m3u8,,,,,,,3840x2160,CCSH.txt,271,200,成功,hevc,50.0,有音频,5.557,92,74
甘肃卫视,https://iptv.catvod.com/live.php?id=%E7%94%98%E8%82%83%E5%8D%AB%E8%A7%86%E5%8F%B0,,,,,,,1920x1080,CCSH.txt,677,200,成功,h264,30.0,有音频,0.757,156,128
甘肃卫视,https://stream1.freetv.fun/9c7c70ecfd4353d960f5ee84654b872b267675120c5e5ea608f8c44ef4ee1704.m3u8,,,,,,,1280x720,CCSH.txt,9,403,成功,h264,25.0,有音频,1.100,156,128
辽宁卫视,http://shuangyashan.coccc.online:65000/tsfile/live/0121_1.m3u8?key=txiptv&playlive=1&authid=0,,,,,,,720x576,CCSH.txt,728,200,成功,mpeg2video,25.0,有音频,5.271,16,12
内蒙古卫视,https://stream1.freetv.fun/6c7546d7e573d8a7aad7e848a27a98d03811d514d9995d8a12400f200cc92cb4.m3u8,,,,,,,1280x720,CCSH.txt,10,403,成功,h264,25.0,有音频,1.370,156,128
辽宁卫视,http://113.15.109.216:59901/tsfile/live/0121_1.m3u8?key=txiptv&playlive=1&authid=0,,,,,,,720x576,CCSH.txt,253,200,成功,h264,50.0,有音频,1.906,36,28
内蒙古卫视,https://migu.188766.xyz/?migutoken=8d26df904568d730e30c5ab3b773d4b0&id=%E5%86%85%E8%92%99%E5%8F%A4%E5%8D%AB%E8%A7%86&pp=1,,,,,,,1920x1080,CCSH.txt,61,403,成功,h264,28.0,有音频,0.612,144,116
重庆卫视,http://111.221.137.152:44330/tsfile/live/0142_1.m3u8?key=txiptv&playlive=0&authid=0,,,,,,,1280x720,CCSH.txt,809,200,成功,h264,25.0,有音频,3.284,8,8
辽宁卫视,https://stream1.freetv.fun/4212139954bcbc1ff4c5d7956d783cc9e0fc89bb55c80ef41fc9448a538d1d6f.m3u8,,,,,,,1280x720,CCSH.txt,10,403,成功,h264,25.0,有音频,1.101,156,128
农林卫视,https://stream1.freetv.fun/fe99380ce76011ac28d24fb52afe030d6fb320bf5afe31a04fb2746964932ff7.m3u8,,,,,,,1280x720,CCSH.txt,30,403,成功,h264,25.0,有音频,1.300,156,128
黑龙江卫视,https://stream1.freetv.fun/9f8220af32932a5f5f635dc51acc8c0270c30577c3cfe1be46a9f30dadd13cfa.m3u8,,,,,,,1280x720,CCSH.txt,12,403,成功,h264,25.0,有音频,1.085,156,128
凤凰资讯,https://k44991.kylintv.tv/live/pxinhd_iphone.m3u8,,,,,,,1280x720,CCSH.txt,1500,200,成功,h264,30.0,有音频,0.446,8,8
西藏卫视,https://stream1.freetv.fun/f8e8db518a6dfddd119d8b4ab6988e5e2b831145ef193422e8a4b3edfa0d92f4.m3u8,,,,,,,1280x720,CCSH.txt,32,403,成功,h264,25.0,有音频,1.090,156,128
重庆卫视,https://stream1.freetv.fun/510f06a8ed50091f676aa58478fc64a819f2d0c2ee23926cfa3d51e9f23f5b4c.m3u8,,,,,,,1280x720,CCSH.txt,26,403,成功,h264,25.0,有音频,1.095,156,128
西藏卫视,https://stream1.freetv.fun/a25032dcc5f0eac56006f515f7ed5932edb869c6efd5405655e60fed9d040784.m3u8,,,,,,,1280x720,CCSH.txt,11,403,成功,h264,25.0,有音频,1.084,156,128
青海卫视,https://stream1.freetv.fun/0e4579bf98e3869e73e674507f4257736227ec9c830d0fe0d2fc77008c50f220.m3u8,,,,,,,1920x1080,CCSH.txt,9,403,成功,h264,25.0,有音频,0.606,8,8
重庆卫视,https://stream1.freetv.fun/730d6ed099678c8d9c9e2e58ba193f41ab05c79e09ee390cb3e98c2d5237a65c.m3u8,,,,,,,1280x720,CCSH.txt,10,403,成功,h264,25.0,有音频,1.089,156,128
青海卫视,https://stream1.freetv.fun/21ec4280c711e754fce87fb9773668de34c635cc9974b4994a9bf5d2bb01b018.m3u8,,,,,,,1280x720,CCSH.txt,12,403,成功,h264,25.0,有音频,1.087,156,128
湖北卫视,https://iptv.catvod.com/live.php?id=%E6%B9%96%E5%8C%97%E5%8D%AB%E8%A7%86%E5%8F%B0,,,,,,,1920x1080,CCSH.txt,83,200,成功,h264,30.0,有音频,0.729,156,128
辽宁卫视,https://stream1.freetv.fun/4d1a7ab8ec25b2f30964b093354720a665e3da94995df60a73e4a683296d45b3.m3u8,,,,,,,1280x720,CCSH.txt,12,403,成功,h264,25.0,有音频,1.108,156,128
兵团卫视,https://migu.188766.xyz/?migutoken=3ca416fa4f9f21210c9bf13f5f9e0796&id=%E5%85%B5%E5%9B%A2%E5%8D%AB%E8%A7%86&type=yy,,,,,,,1920x1080,CCSH.txt,61,403,成功,h264,28.0,有音频,0.629,144,116
内蒙古卫视,https://migu.188766.xyz/?migutoken=9b8bf23a6b0305f1f601cef0d8f9a3a1&id=%E5%86%85%E8%92%99%E5%8F%A4%E5%8D%AB%E8%A7%86&pp=1,,,,,,,1920x1080,CCSH.txt,55,403,成功,h264,28.0,有音频,0.621,144,116
内蒙古卫视,https://stream1.freetv.fun/51578043dec8507b0980a4b182a4f33cec7ff4c3eab40e87c18a20baadecf223.m3u8,,,,,,,1280x720,CCSH.txt,10,403,成功,h264,25.0,有音频,1.317,156,128
兵团卫视,https://stream1.freetv.fun/d0d5926b5e0650e6580336df81160dc6012970e5d9239d2977036481fc100639.m3u8,,,,,,,1280x720,CCSH.txt,12,403,成功,h264,25.0,有音频,1.290,156,128
内蒙古卫视,https://stream1.freetv.fun/941af3ddd82bf3d1d99b4a03413a057faffbe9e21b0eeb16449e28a5c59d7e5f.m3u8,,,,,,,1280x720,CCSH.txt,10,403,成功,h264,25.0,有音频,1.289,156,128
甘肃卫视,https://stream1.freetv.fun/4a74436984ab58c893a9f78cb23dec2ee27869b9d482032401827cdbf3de8080.m3u8,,,,,,,1280x720,CCSH.txt,11,403,成功,h264,25.0,有音频,1.100,156,128
青海卫视,https://stream1.freetv.fun/a4027c54f2c3b0e3ba6b7f3ac30c3b0484c92403303c0eb3b404b4bf93055b5f.m3u8,,,,,,,1280x720,CCSH.txt,9,403,成功,h264,25.0,有音频,1.098,156,128
青海卫视,https://stream1.freetv.fun/569f15dc7b13465251d6341f9ee4c478c93f938880f9367e469e22f49d52428f.ctv,,,,,,,1280x720,CCSH.txt,31,403,成功,h264,25.0,有音频,1.279,156,128
甘肃卫视,https://stream1.freetv.fun/a655798d388faf8bebd9f4521c14d88df6069b127facd371a45b8a26e10b455e.m3u8,,,,,,,1280x720,CCSH.txt,10,403,成功,h264,25.0,有音频,1.073,156,128
重庆卫视,https://stream1.freetv.fun/5c547f13879814211b3520cdd451f613af0fc5badf33ae9ae5ff3cb87b4a6450.m3u8,,,,,,,1280x720,CCSH.txt,10,403,成功,h264,25.0,有音频,1.117,156,128
大湾区卫视,http://k.061899.xyz/k.php?id=dwqws,,,,,,,854x480,CCSH.txt,1439,403,成功,h264,25.0,有音频,2.275,8,8
西藏卫视,https://stream1.freetv.fun/e1de64850b8df920ff48ba63ac8ff4f317f36e1545d1ad0a0c1c1774af74efbe.m3u8,,,,,,,1280x720,CCSH.txt,31,403,成功,h264,25.0,有音频,1.085,156,128
黑龙江卫视,https://stream1.freetv.fun/37e69fa2a6e65aa433673dfec50de253c086fe33b0b9b2430524673ac807f5f0.m3u8,,,,,,,1280x720,CCSH.txt,10,403,成功,h264,25.0,有音频,1.120,156,128
贵州卫视,https://stream1.freetv.fun/7ff2cfcff05c610abd2d63525253489f65479eb8c05b84342ac53672d11ad164.m3u8,,,,,,,1280x720,CCSH.txt,12,403,成功,h264,25.0,有音频,1.099,156,128
重庆卫视,https://stream1.freetv.fun/260cb3559c2f6318728981a6409dd83a1a6a62ef07185c85be3f30b16b909ed9.m3u8,,,,,,,1280x720,CCSH.txt,35,403,成功,h264,25.0,有音频,1.196,156,128
贵州卫视,https://t.freetv.fun/live/gui-zhou-wei-shi-1.php,,,,,,,1920x1080,CCSH.txt,9,403,成功,hevc,25.0,有音频,3.416,68,56
贵州卫视,https://stream1.freetv.fun/db48e282b6197afb8d7dfad3521a2bc9996f1e8b28a2a0b89ed1189c813617e1.m3u8,,,,,,,1280x720,CCSH.txt,10,403,成功,h264,25.0,有音频,1.160,156,128
西藏卫视,https://stream1.freetv.fun/2e5aac0f2b8fe84e021e41bc84f0990ae44a267cbb5860ac86fec6a7570da6a3.m3u8,,,,,,,1280x720,CCSH.txt,10,403,成功,h264,25.0,有音频,1.076,156,128
西藏卫视,https://stream1.freetv.fun/9a825c31554355afe80776352e50b2767498743a8ac1d65aaed02772a84eadbb.m3u8,,,,,,,1280x720,CCSH.txt,12,403,成功,h264,25.0,有音频,1.088,156,128
兵团卫视,https://stream1.freetv.fun/d27b7b6e8addf1d242b318f65fd0e8dd8e67e09e5fa64127cf71ff7cf1b1c0d0.m3u8,,,,,,,1280x720,CCSH.txt,11,403,成功,h264,25.0,有音频,1.320,156,128
农林卫视,https://migu.188766.xyz/?migutoken=e23fdcb339e931cb7874ae6e88aab823&id=%E4%B8%AD%E5%9B%BD%E5%86%9C%E6%9E%97%E5%8D%AB%E8%A7%86&type=yy,,,,,,,1920x1080,CCSH.txt,52,403,成功,h264,28.0,有音频,0.591,144,116
凤凰中文,http://218.104.239.114:9901/tsfile/live/1013_1.m3u8?key=txiptv,,,,,,,1920x1080,CCSH.txt,574,200,成功,h264,25.0,有音频,7.206,16,12
辽宁卫视,https://stream1.freetv.fun/edb57e606aa8da2b5359531477648dff67d77e37d6c904e8ff9acf181af3c5ab.m3u8,,,,,,,1280x720,CCSH.txt,12,403,成功,h264,25.0,有音频,1.094,156,128
西藏卫视,https://stream1.freetv.fun/9e041e12cf6c2e58209426d8476f89f9aaf43fd1313a85e817fdb63d9cba2b54.m3u8,,,,,,,1280x720,CCSH.txt,11,403,成功,h264,25.0,有音频,1.074,156,128
内蒙古卫视,https://stream1.freetv.fun/e2af9c4e1abcffd1a9e80174ebfa9be05baba6a8bb2b5850bce52fa79a6c2da2.m3u8,,,,,,,1280x720,CCSH.txt,9,403,成功,h264,25.0,有音频,1.300,156,128
重庆卫视,https://stream1.freetv.fun/c698772cba1205023be7edde28880ad3afa7b9233348b3b7535889c8346bda8e.m3u8,,,,,,,1280x720,CCSH.txt,9,403,成功,h264,25.0,有音频,1.083,156,128
内蒙古卫视,https://stream1.freetv.fun/32fc6fe3ffdac878d7ede2e46b5771f16a8b5d67eca58166834fade3bbd15788.m3u8,,,,,,,1280x720,CCSH.txt,27,403,成功,h264,25.0,有音频,1.290,156,128
青海卫视,https://stream1.freetv.fun/e11c46f5e22344cdc6dbd7e7ace8666bc5784d578098b8966514421516a6ca77.m3u8,,,,,,,1280x720,CCSH.txt,11,403,成功,h264,25.0,有音频,1.080,156,128
青海卫视,https://stream1.freetv.fun/a77365f4c8dc7e2fe937bd9e8ce1bd28a0f2128be9cd95d07e9b49efbf193757.m3u8,,,,,,,1280x720,CCSH.txt,9,403,成功,h264,25.0,有音频,1.087,156,128
青海卫视,https://migu.188766.xyz/?migutoken=5731039daf1ee84a49878f52a45c0535&id=%E9%9D%92%E6%B5%B7%E5%8D%AB%E8%A7%86&type=yy,,,,,,,1920x1080,CCSH.txt,49,403,成功,h264,28.0,有音频,0.612,144,116
甘肃卫视,https://stream1.freetv.fun/b14558c4b4b9dd59004052dfe14922a1090bfe3f8040fc5d4fef80a993ffd127.m3u8,,,,,,,1920x1080,CCSH.txt,26,403,成功,h264,25.0,有音频,0.620,8,8
内蒙古卫视,http://38.75.136.137:98/gslb/dsdqpub/nmgws.m3u8?auth=testpub,,,,,,,1920x1080,CCSH.txt,133,200,成功,h264,25.0,有音频,0.506,8,8
凤凰资讯,https://stream1.freetv.fun/5fb13a1ac8acfc0fbc7121568b65c78e0383919949c35c2a7f278a1ddd081e2b.m3u8,,,,,,,1280x720,CCSH.txt,10,403,成功,h264,25.0,有音频,1.077,156,128
西藏卫视,https://stream1.freetv.fun/a49e23e64df3f298107a73164d61744b12634287593fc849d504ba2918b3996d.m3u8,,,,,,,1280x720,CCSH.txt,52,403,成功,h264,25.0,有音频,1.290,156,128
兵团卫视,http://38.75.136.137:98/gslb/dsdqpub/btws.m3u8?auth=testpub,,,,,,,720x576,CCSH.txt,133,200,成功,h264,25.0,有音频,0.497,8,8
农林卫视,http://120.76.248.139/live/bfgd/4200000122.m3u8,,,,,,,720x576,CCSH.txt,379,200,成功,mpeg2video,25.0,有音频,2.788,8,8
辽宁卫视,https://t.freetv.fun/live/liao-zhu-wei-shi-3.m3u8,,,,,,,1920x1080,CCSH.txt,11,403,成功,h264,50.0,有音频,3.039,128,104
陕西卫视,https://t.freetv.fun/live/shan-xi-wei-shi-1-1.php,,,,,,,1920x1080,CCSH.txt,24,403,成功,hevc,25.0,有音频,3.102,32,26
内蒙古卫视,https://stream1.freetv.fun/ad7314a16b55c53ae78c2117774a007d72a550e07646ad5c29347c06b01a6a39.m3u8,,,,,,,1280x720,CCSH.txt,12,403,成功,h264,25.0,有音频,1.301,156,128
农林卫视,https://migu.188766.xyz/?migutoken=4a0d2b0a759c986d8b52b3a687f6237f&id=%E4%B8%AD%E5%9B%BD%E5%86%9C%E6%9E%97%E5%8D%AB%E8%A7%86&type=yy,,,,,,,1920x1080,CCSH.txt,44,403,成功,h264,28.0,有音频,0.582,144,116
甘肃卫视,https://t.freetv.fun/live/gan-su-wei-shi-4.php,,,,,,,1920x1080,CCSH.txt,9,403,成功,hevc,25.0,有音频,3.110,8,8
青海卫视,https://stream1.freetv.fun/1372e179a485ae97bd73883d9c82e6bd11eb85a5f24161242c23aca1d24a2612.m3u8,,,,,,,1280x720,CCSH.txt,9,403,成功,h264,25.0,有音频,1.090,156,128
兵团卫视,https://stream1.freetv.fun/5012f08fc99e41ba2322b0ff1028f9f1bd901a58d0bb3c986a4ab329025f15ee.m3u8,,,,,,,1280x720,CCSH.txt,34,403,成功,h264,25.0,有音频,1.283,156,128
大湾区卫视,http://go.bkpcp.top/mg/dwqws,,,,,,,854x480,CCSH.txt,1075,403,成功,h264,25.0,有音频,2.738,8,8
湖北卫视,https://t.freetv.fun/live/hu-bei-wei-shi-9.m3u8,,,,,,,1920x1080,CCSH.txt,35,403,成功,h264,25.0,有音频,0.497,8,8
凤凰资讯,https://stream1.freetv.fun/bfd140266f0bc1d9689c8cca261521038b45d662a160a3785d45d074b26899c2.m3u8,,,,,,,1280x720,CCSH.txt,9,403,成功,h264,25.0,有音频,1.081,156,128
内蒙古卫视,https://stream1.freetv.fun/a617725a40df1e05463577f33bcf6ff711ae19a39f5453b6bfa75c396fb19647.m3u8,,,,,,,1280x720,CCSH.txt,25,403,成功,h264,25.0,有音频,1.299,156,128
黑龙江卫视,https://t.freetv.fun/live/hei-long-jiang-wei-shi.m3u8,,,,,,,720x576,CCSH.txt,26,403,成功,h264,25.0,有音频,2.355,156,128
贵州卫视,https://stream1.freetv.fun/cc355cff5e64e929be202850ad548614c634aadb032518cdf95aa7ac68dc1a8d.m3u8,,,,,,,1280x720,CCSH.txt,13,403,成功,h264,25.0,有音频,1.102,156,128
凤凰资讯,https://stream1.freetv.fun/a5857ad51b58a0f7a8c9cbdf291571692b0eed9f5ab2cfce97a211260533c0d8.m3u8,,,,,,,1280x720,CCSH.txt,9,403,成功,h264,25.0,有音频,1.087,156,128
青海卫视,https://stream1.freetv.fun/b5b07b167df730b58cf9a86c7cbfc510ed48a60dae25a97c9713a86d0f8076f7.m3u8,,,,,,,1280x720,CCSH.txt,11,403,成功,h264,25.0,有音频,1.104,156,128
黑龙江卫视,http://113.15.109.216:59901/tsfile/live/0143_1.m3u8?key=txiptv&playlive=1&authid=0,,,,,,,720x576,CCSH.txt,508,200,成功,h264,50.0,有音频,2.129,16,12
西藏卫视,https://stream1.freetv.fun/6968cf63ac68316f25e883aaab467d29db9285700f8d9a12ed20b593daa8b2d1.m3u8,,,,,,,1280x720,CCSH.txt,32,403,成功,h264,25.0,有音频,1.086,156,128
西藏卫视,https://stream1.freetv.fun/546e5d92d47a86a4aeafe2ead4e6609fc32fc5992c2eed9f4f3e7645ef686355.m3u8,,,,,,,1280x720,CCSH.txt,11,403,成功,h264,25.0,有音频,1.078,156,128
青海卫视,https://stream1.freetv.fun/59133ab68e9d588578c47cafcd1ac11aa1719dafb47638eabbdb28d8eda75244.ctv,,,,,,,1280x720,CCSH.txt,9,403,成功,h264,25.0,有音频,1.266,156,128
辽宁卫视,https://stream1.freetv.fun/ae51a1512994e5861d62afb23299e487157f73811971828c167f4e1c0baa121d.m3u8,,,,,,,1280x720,CCSH.txt,10,403,成功,h264,25.0,有音频,1.097,156,128
青海卫视,https://stream1.freetv.fun/e0551db6bc9512b248a2da5f2455dee2c1d3164fb9ece82daa77b0c1b7ffb8a4.m3u8,,,,,,,1280x720,CCSH.txt,11,403,成功,h264,25.0,有音频,1.101,156,128
重庆卫视,https://stream1.freetv.fun/0ac1193cee60cff10162574344db89dfa7b137be99c86bc18ba567ec8db22c5e.m3u8,,,,,,,1280x720,CCSH.txt,11,403,成功,h264,25.0,有音频,1.097,156,128
辽宁卫视,https://stream1.freetv.fun/25a29838367606dccc3665023c73c9d03f5b0b745a4d4b662588a2d92ae61f30.m3u8,,,,,,,1280x720,CCSH.txt,12,403,成功,h264,25.0,有音频,1.090,156,128
贵州卫视,https://stream1.freetv.fun/d8e5c4a4f4936b7f730ab700c209410da38ffac1e6b8b29b3953666499e52a2a.m3u8,,,,,,,1280x720,CCSH.txt,12,403,成功,h264,25.0,有音频,1.094,156,128
辽宁卫视,https://migu.188766.xyz/?migutoken=b02645ae4d944ff93861655c35b9bf0e&id=%E8%BE%BD%E5%AE%81%E5%8D%AB%E8%A7%86&type=yy,,,,,,,1920x1080,CCSH.txt,55,403,成功,h264,28.0,有音频,11.503,8,8
湖北卫视,http://111.221.137.234:44330/tsfile/live/0139_1.m3u8?key=txiptv&playlive=0&authid=0,,,,,,,1280x720,CCSH.txt,860,200,成功,h264,25.0,有音频,2.680,8,8
西藏卫视,https://stream1.freetv.fun/652c74b797023c1676a5053281c8d9453344b711a1ce8bce485b87f48833bb21.m3u8,,,,,,,1280x720,CCSH.txt,11,403,成功,h264,25.0,有音频,1.080,156,128
内蒙古卫视,https://stream1.freetv.fun/3613799027c7d64d6ab4ee57247de6a82c45b329e31c67de09593a344e208f9a.m3u8,,,,,,,1920x1080,CCSH.txt,10,403,成功,hevc,25.0,有音频,3.587,36,28
西藏卫视,https://stream1.freetv.fun/ee3661cfce483816b64da8060841e5a59058dd4540de995d803fcc9260d816dc.m3u8,,,,,,,1280x720,CCSH.txt,11,403,成功,h264,25.0,有音频,1.104,156,128
黑龙江卫视,http://nn.7x9d.cn/xzc2.php?ua=TW96aWxsYS81LjAgKFdpbmRvd3MgTlQgNi4xOyBXaW42NDsgeDY0KSBBcHBsZVdlYktpdC81MzcuMzYgKEtIVE1MLCBsaWtlIEdlY2tvKSBDaHJvbWUvMTA2LjAuMC4wIFNhZmFyaS81MzcuMzY=&hls=aHR0cDovLzIyMi44NS4xOTguOTI6ODAwMC9obHMvNDUvaW5kZXgubTN1OA==,,,,,,,1920x1080,CCSH.txt,1162,200,成功,hevc,25.0,有音频,3.435,16,12
辽宁卫视,https://stream1.freetv.fun/e4fd36f9403132d2a4d32284c327a10e97e8c963183dd5045a5e4f8152e5e2fd.m3u8,,,,,,,1280x720,CCSH.txt,9,403,成功,h264,25.0,有音频,1.197,156,128
凤凰资讯,http://api.kkitv.itv888.vip:8080/streams/wzt3qbit80m/index.m3u8,,,,,,,1920x1080,CCSH.txt,1760,200,成功,h264,25.0,有音频,0.752,8,8
凤凰中文,https://stream1.freetv.fun/2cd8b0d0e8b7bda9c76ae4e0d554782532055b48e88e266f743eaa21ca7e44e0.ctv,,,,,,,1280x720,CCSH.txt,117,403,成功,h264,25.0,有音频,1.287,156,128
黑龙江卫视,https://stream1.freetv.fun/15aefa6c1cecc2201a0ddbf7d0854e81e06aa6e3d5bf6e7bdf3114c4b4fbdd8f.m3u8,,,,,,,720x576,CCSH.txt,31,403,成功,h264,25.0,有音频,2.619,156,128
甘肃卫视,https://stream1.freetv.fun/ec273e625b70b7445182fe600a9e0463a3a0fbef4f0e8e61d6f19807e128b81c.m3u8,,,,,,,1280x720,CCSH.txt,11,403,成功,h264,25.0,有音频,1.088,156,128
青海卫视,https://stream1.freetv.fun/7e3962f35a8b86e1396f1ac3a1a18a0fa6965b348b567281c7b6725f4753fdc1.m3u8,,,,,,,1280x720,CCSH.txt,11,403,成功,h264,25.0,有音频,1.080,156,128
内蒙古卫视,https://stream1.freetv.fun/9c79b6eb27a71d3beb80c34583581dd19a6b7c86d45a68180a26c7298576d3cb.m3u8,,,,,,,1280x720,CCSH.txt,10,403,成功,h264,25.0,有音频,1.277,156,128
内蒙古卫视,https://stream1.freetv.fun/d5d9dc5d1d5354fe0cea5c31d8e26eb865e81809cdd4d46091ef82c53451370d.m3u8,,,,,,,1280x720,CCSH.txt,26,403,成功,h264,25.0,有音频,1.304,156,128
重庆卫视,https://stream1.freetv.fun/3518c19b7d72af3bf818a6db52c47cad14bc2d628e5bf15e88d0dc1b1cce39b8.m3u8,,,,,,,1280x720,CCSH.txt,12,403,成功,h264,25.0,有音频,1.088,156,128
重庆卫视,https://stream1.freetv.fun/7d3790a676d07fee5399a2780e889792b8ec401ef0de7b6e4e58747b63a76e48.m3u8,,,,,,,1280x720,CCSH.txt,118,403,成功,h264,25.0,有音频,1.107,156,128
贵州卫视,https://stream1.freetv.fun/3b2a1d5fc634b51c1f40e8449444e49392128387b966a99a30207fa2af4ec3c2.ctv,,,,,,,1280x720,CCSH.txt,8,403,成功,h264,25.0,有音频,1.286,156,128
黑龙江卫视,http://153.0.171.163:9901/tsfile/live/0143_1.m3u8?key=txiptv&playlive=1&authid=0,,,,,,,720x576,CCSH.txt,254,200,成功,h264,25.0,有音频,2.198,16,12
湖北卫视,http://yp.qqqtv.top/1/api.php?id=%E6%B9%96%E5%8C%97%E5%8D%AB%E8%A7%86HD&auth=666858,,,,,,,1920x1080,CCSH.txt,571,200,成功,h264,25.0,有音频,1.381,8,8
黑龙江卫视,https://stream1.freetv.fun/087456913719058fb740006ecdf7120b81e5818884d3ba985eef31d2f0865994.m3u8,,,,,,,1280x720,CCSH.txt,115,403,成功,h264,25.0,有音频,1.100,156,128
兵团卫视,https://stream1.freetv.fun/7f264ce3d31c2e6aae3e5be7f49a9202821afdbb942cc7a36872d3e8066c9865.ctv,,,,,,,1280x720,CCSH.txt,10,403,成功,h264,25.0,有音频,1.281,156,128
黑龙江卫视,https://stream1.freetv.fun/0eeff132651adc73a935c01f88939209db16d78d1dbc65ee6ca439d879d1a0f9.m3u8,,,,,,,1280x720,CCSH.txt,118,403,成功,h264,25.0,有音频,1.185,156,128
重庆卫视,https://t.freetv.fun/live/zhong-qing-wei-shi-9.m3u8,,,,,,,1920x1080,CCSH.txt,26,403,成功,h264,25.0,有音频,0.512,8,8
西藏卫视,https://stream1.freetv.fun/a3691c34d33f9f12c34e81eff41ef056a235340128db1ac89bf2ccc314744e57.ctv,,,,,,,1280x720,CCSH.txt,9,403,成功,h264,25.0,有音频,1.357,156,128
兵团卫视,https://migu.188766.xyz/?migutoken=26f738a8a7f284ce22538a83a6e4edbf&id=%E5%85%B5%E5%9B%A2%E5%8D%AB%E8%A7%86&type=yy,,,,,,,1280x720,CCSH.txt,43,403,成功,h264,25.0,有音频,3.589,8,8
内蒙古卫视,https://stream1.freetv.fun/2d0a9a41eb193459a68f884fa23e6f7eae8dca1eb7099d92baaa3d3dea420fd3.ctv,,,,,,,1280x720,CCSH.txt,118,403,成功,h264,25.0,有音频,1.270,156,128
青海卫视,https://t.freetv.fun/live/qing-hai-wei-shi-1.m3u8,,,,,,,1920x1080,CCSH.txt,27,403,成功,h264,25.0,有音频,0.600,8,8
青海卫视,https://migu.188766.xyz/?migutoken=9c6a6699b0aa367136a4590215ecb632&id=%E9%9D%92%E6%B5%B7%E5%8D%AB%E8%A7%86&type=yy,,,,,,,1920x1080,CCSH.txt,57,403,成功,h264,28.0,有音频,0.622,144,116
三沙卫视,https://stream1.freetv.fun/8bd6b69c423ac31e71c2311ad33f4f291e1314c69005ffb7b3b7defc2944adb2.m3u8,,,,,,,1280x720,CCSH.txt,122,403,成功,h264,25.0,有音频,1.101,156,128
内蒙古卫视,https://stream1.freetv.fun/8a110f3dc942f54064c871ff745952aec412b32339b80ef0f2bcb29fa98b4af7.m3u8,,,,,,,1280x720,CCSH.txt,10,403,成功,h264,25.0,有音频,1.296,156,128
重庆卫视,https://stream1.freetv.fun/ad49d819eef31d583493cdaa6c4bc6ef9efbd5e7185d508675fb96bb81847051.m3u8,,,,,,,1280x720,CCSH.txt,10,403,成功,h264,25.0,有音频,1.118,156,128
内蒙古卫视,https://stream1.freetv.fun/1a959dda531fbaea13fcaedb57c7f3df2434622aa3b459d95e5b77561fd9847a.m3u8,,,,,,,1280x720,CCSH.txt,9,403,成功,h264,25.0,有音频,1.309,156,128
大湾区卫视,http://38.75.136.137:98/gslb/dsdqpub/nfws.m3u8?auth=testpub,,,,,,,1280x720,CCSH.txt,195,200,成功,h264,25.0,有音频,0.487,8,8
甘肃卫视,https://stream1.freetv.fun/a02db9fe70a5be35dac6d861e1c3f67dd6f979c1f5a22c40d07429f91d4d32b8.m3u8,,,,,,,1280x720,CCSH.txt,29,403,成功,h264,25.0,有音频,1.083,156,128
黑龙江卫视,https://stream1.freetv.fun/9225372ccf204b1122cfe8ce93b8f304cd148fdd06f4f45d8992c3d95efa5c96.m3u8,,,,,,,1280x720,CCSH.txt,127,403,成功,h264,25.0,有音频,1.085,156,128
贵州卫视,https://stream1.freetv.fun/4affafb1ae967b798c4880119d5643b1da469649600e781851c283e1e268189a.m3u8,,,,,,,1280x720,CCSH.txt,12,403,成功,h264,25.0,有音频,1.079,156,128
凤凰中文,https://stream1.freetv.fun/91dffd2dca60b65821a94747f2f3020dfc9642bb89f86ed7fa6d8b0b7487c5d2.m3u8,,,,,,,1280x720,CCSH.txt,9,403,成功,h264,25.0,有音频,1.101,156,128
黑龙江卫视,https://stream1.freetv.fun/e2f2e1a310ae7cb86f8cd423017947546e8dd0dbc0b4d9600d9586326509f362.m3u8,,,,,,,1280x720,CCSH.txt,9,403,成功,h264,25.0,有音频,1.096,156,128
黑龙江卫视,https://stream1.freetv.fun/b5a527a4026b19bb12c4e4cbdf5359428230ae27f234e6a93ca79c9c3dfe42ab.m3u8,,,,,,,1280x720,CCSH.txt,127,403,成功,h264,25.0,有音频,1.096,156,128
甘肃卫视,https://stream1.freetv.fun/f4393e5fbf10876c65c0943c7855b752e4c03fcddddc5e97c9a959f9a6fc536b.m3u8,,,,,,,1280x720,CCSH.txt,10,403,成功,h264,25.0,有音频,1.124,156,128
辽宁卫视,http://111.221.137.234:44330/tsfile/live/0123_1.m3u8?key=txiptv&playlive=0&authid=0,,,,,,,1280x720,CCSH.txt,528,200,成功,h264,25.0,有音频,2.617,76,60
甘肃卫视,https://stream1.freetv.fun/df47da8d115daca32d54247cd2e5f5c19f42753ef11dafd4ac8b627d19446904.m3u8,,,,,,,1280x720,CCSH.txt,33,403,成功,h264,25.0,有音频,1.105,156,128
凤凰中文,http://183.237.95.108:9901/tsfile/live/1103_1.m3u8?key=txiptv&playlive=0&authid=0,,,,,,,720x576,CCSH.txt,770,200,成功,mpeg2video,25.0,有音频,5.010,16,12
青海卫视,https://stream1.freetv.fun/6aa41f4ae4722b2b2b0093793393758e5c6a7e096e31a9e9f71532819357c472.m3u8,,,,,,,1280x720,CCSH.txt,11,403,成功,h264,25.0,有音频,1.108,156,128
内蒙古卫视,https://stream1.freetv.fun/6c0dc5f92cf0cbeb4cd657104df4ec4f367b35d306a988266a353661da8726d0.m3u8,,,,,,,1280x720,CCSH.txt,9,403,成功,h264,25.0,有音频,1.442,156,128
辽宁卫视,https://stream1.freetv.fun/16f715e9412ecb9b0f354637590dae793324cd7150698b7d9dcb83a2eb6edf81.m3u8,,,,,,,1280x720,CCSH.txt,9,403,成功,h264,25.0,有音频,1.108,156,128
陕西卫视,https://migu.188766.xyz/?migutoken=6c112a9edf2046d945b4a88a75b5fcd7&id=%E9%99%95%E8%A5%BF%E5%8D%AB%E8%A7%86&type=yy,,,,,,,1920x1080,CCSH.txt,75,403,成功,h264,28.0,有音频,0.638,144,116
青海卫视,https://stream1.freetv.fun/fad5348a9b285c835736b9f812f4785acff0120fc543ca59063b87dca13e7229.m3u8,,,,,,,1280x720,CCSH.txt,11,403,成功,h264,25.0,有音频,1.078,156,128
辽宁卫视,https://stream1.freetv.fun/51e776c40f00c164b63052106a5a72da93547178a6b3ab4f33dec56316ed48f8.m3u8,,,,,,,1280x720,CCSH.txt,12,403,成功,h264,25.0,有音频,1.083,156,128
青海卫视,https://stream1.freetv.fun/qing-hai-wei-shi-3.m3u8,,,,,,,1920x1080,CCSH.txt,9,403,成功,hevc,25.0,有音频,3.549,16,12
黑龙江卫视,http://120.76.248.139/live/bfgd/4200000095.m3u8,,,,,,,1920x1080,CCSH.txt,391,200,成功,h264,50.0,有音频,2.918,16,12
内蒙古卫视,https://stream1.freetv.fun/097bf02898c8a8c3e5b16831978a5b017dd2d6364e3078271d08e4b1a138ae2b.m3u8,,,,,,,1280x720,CCSH.txt,9,403,成功,h264,25.0,有音频,1.322,156,128
西藏卫视,https://stream1.freetv.fun/d90f781fc61300e7f5a098be9c3dcd60c7cc26592d9911f549548970347b8f1b.ctv,,,,,,,1280x720,CCSH.txt,10,403,成功,h264,25.0,有音频,1.291,156,128
青海卫视,https://stream1.freetv.fun/d80dbd44304e92ebbad7fd55f71bf9a308c53fcc29593eae8aefbed892ab2a6b.m3u8,,,,,,,1280x720,CCSH.txt,11,403,成功,h264,25.0,有音频,1.113,156,128
三沙卫视,https://stream1.freetv.fun/86de5eb5b500cf647f47c89a1d78102c2570d00c7e1365ce36fac6d311cbf0e9.m3u8,,,,,,,1280x720,CCSH.txt,12,403,成功,h264,25.0,有音频,1.097,156,128
辽宁卫视,https://stream1.freetv.fun/bd2a4ecac090a95dc775913c7374a3081990635e7a57d4146d4af59d36ae5ac5.m3u8,,,,,,,1280x720,CCSH.txt,11,403,成功,h264,25.0,有音频,1.113,156,128
青海卫视,https://stream1.freetv.fun/6e50febc9974f1326a814a9939bfdea21b5efd538416c84e7f1eb187ff5c7172.m3u8,,,,,,,1280x720,CCSH.txt,125,403,成功,h264,25.0,有音频,1.091,156,128
兵团卫视,https://stream1.freetv.fun/4e95c2789a1de39788d1f9d4f128805c63cfd9cb8f37d7adff1d3d59da31d2d3.ctv,,,,,,,1280x720,CCSH.txt,44,403,成功,h264,25.0,有音频,1.270,156,128
兵团卫视,https://stream1.freetv.fun/636fa06ced97f72a0f4b963dd068edeab5a7e8ae7c57d70b58e59389dded81d0.m3u8,,,,,,,1280x720,CCSH.txt,25,403,成功,h264,25.0,有音频,1.304,156,128
青海卫视,https://stream1.freetv.fun/f8a6313467d8243dc5d3723c9143f7bab8ca7f5f027352fb7b17dab45bc83643.m3u8,,,,,,,1280x720,CCSH.txt,126,403,成功,h264,25.0,有音频,1.093,156,128
甘肃卫视,https://t.freetv.fun/live/gan-su-wei-shi.m3u8,,,,,,,1920x1080,CCSH.txt,9,403,成功,h264,25.0,有音频,0.584,8,8
黑龙江卫视,https://stream1.freetv.fun/31a880373cf03e36e8968db045324adc880b02ef8630d646649d346a7c5844c8.m3u8,,,,,,,1280x720,CCSH.txt,10,403,成功,h264,25.0,有音频,1.105,156,128
内蒙古卫视,https://stream1.freetv.fun/3f4caf35a723a7bcd3cc267b47167af5b3252ca945c94d0184419b74a487c178.m3u8,,,,,,,1280x720,CCSH.txt,33,403,成功,h264,25.0,有音频,1.289,156,128
西藏卫视,https://stream1.freetv.fun/64010ab34856c09a42358882d2051c8f2fb12da8bc85e487c80b15d6d0757a38.m3u8,,,,,,,1280x720,CCSH.txt,9,403,成功,h264,25.0,有音频,1.085,156,128
凤凰中文,https://t.freetv.fun/live/feng-huang-zhong-wen.m3u8,,,,,,,1280x720,CCSH.txt,11,403,成功,h264,30.0,有音频,0.604,68,56
青海卫视,https://stream1.freetv.fun/b385eeb4f5b0cbe78017fa0559927c57f602034b282b97424dec2aa199615dfb.m3u8,,,,,,,1280x720,CCSH.txt,129,403,成功,h264,25.0,有音频,1.111,156,128
大湾区卫视,https://t.freetv.fun/live/da-wan-qu-wei-shi-8.m3u8,,,,,,,1920x1080,CCSH.txt,27,403,成功,h264,25.0,有音频,3.551,24,20
青海卫视,https://stream1.freetv.fun/b42c62bf8970943cef5224e2caf19a6b25d549373552d1170daeb4b100a110a1.m3u8,,,,,,,1280x720,CCSH.txt,9,403,成功,h264,25.0,有音频,1.091,156,128
西藏卫视,https://stream1.freetv.fun/e9b551911f75a12de9d10157ac98a47d34040438240edc0626e3a1d0dfe7b3d2.m3u8,,,,,,,1280x720,CCSH.txt,9,403,成功,h264,25.0,有音频,1.100,156,128
甘肃卫视,https://stream1.freetv.fun/bc85e128433e82a8d2b5d1d64af3f70aab6416637d3c2ccb436199ce8f7fd7a6.m3u8,,,,,,,1280x720,CCSH.txt,9,403,成功,h264,25.0,有音频,1.099,156,128
辽宁卫视,https://stream1.freetv.fun/e5795594b2e0b8978c14f09cf22b32d6bc6dea52cc81edac239165e80f588be5.m3u8,,,,,,,1280x720,CCSH.txt,130,403,成功,h264,25.0,有音频,1.101,156,128
内蒙古卫视,https://stream1.freetv.fun/34be9574c802967c5f69d3fee3bffc7fbc796208b2e0621329aa078b1760c8c5.m3u8,,,,,,,1280x720,CCSH.txt,29,403,成功,h264,25.0,有音频,1.361,156,128
青海卫视,https://stream1.freetv.fun/b6326e0b6756fb48fe4f9d486290138c0f6ff88c1dbeec97255267e2fd451f53.m3u8,,,,,,,1280x720,CCSH.txt,12,403,成功,h264,25.0,有音频,1.080,156,128
甘肃卫视,https://stream1.freetv.fun/d882823572450d16d54595911be2aa8031496bf0a78bda85a748b73778e0d1af.m3u8,,,,,,,1280x720,CCSH.txt,133,403,成功,h264,25.0,有音频,1.101,156,128
辽宁卫视,http://120.76.248.139/live/bfgd/4200000141.m3u8,,,,,,,720x576,CCSH.txt,373,200,成功,h264,25.0,有音频,2.333,8,8
辽宁卫视,https://t.freetv.fun/live/liao-zhu-wei-shi.php,,,,,,,1920x1080,CCSH.txt,35,403,成功,h264,50.0,有音频,4.072,16,12
大湾区卫视,https://migu.188766.xyz/?migutoken=3327b349639b1db1da653d61c5a6a22e&id=%E5%A4%A7%E6%B9%BE%E5%8C%BA%E5%8D%AB%E8%A7%86&type=yy,,,,,,,1920x1080,CCSH.txt,59,403,成功,h264,28.0,有音频,0.579,144,116
内蒙古卫视,https://stream1.freetv.fun/37656a2fbb27d4177e6f7c6e3216686dda04af6ed1330434ccff518152aa1594.m3u8,,,,,,,1280x720,CCSH.txt,9,403,成功,h264,25.0,有音频,1.297,156,128
辽宁卫视,http://36.36.200.198:44330/tsfile/live/0121_1.m3u8?key=txiptv&playlive=0&authid=0,,,,,,,1280x720,CCSH.txt,692,200,成功,h264,25.0,有音频,4.123,36,28
内蒙古卫视,https://stream1.freetv.fun/9f4c2f9ff704c83018a20adc087942e1b7d5067e2a36ba25efcda771009f3a00.m3u8,,,,,,,1280x720,CCSH.txt,26,403,成功,h264,25.0,有音频,1.300,156,128
辽宁卫视,https://stream1.freetv.fun/5e3ecdb50a45431973bf9ac2a4fba1a3d484ed258495955b16705142fa63c31d.m3u8,,,,,,,1280x720,CCSH.txt,9,403,成功,h264,25.0,有音频,1.100,156,128
重庆卫视,https://stream1.freetv.fun/d0c576acbd75c27b59d5edc281ecbaa5deec8a9fd298dde789fde6f498f05e5a.m3u8,,,,,,,1280x720,CCSH.txt,9,403,成功,h264,25.0,有音频,1.096,156,128
TVB明珠,http://r.jdshipin.com/ZQ4kN,,,,,,,1920x1080,CCSH.txt,200,200,成功,h264,25.0,有音频,1.313,8,8
CHC家庭影院,https://migu.188766.xyz/?migutoken=85e6da15e7cadeb05d9f104a1b163a6b&id=CHC%E5%AE%B6%E5%BA%AD%E5%BD%B1%E9%99%A2&type=yy,,,,,,,1920x1080,CCSH.txt,79,403,成功,h264,28.0,有音频,1.517,144,116
有线新闻,http://61.10.2.141:80/live_freedirect/freehd209_h.live/chunklist.m3u8,,,,,,,1280x720,CCSH.txt,505,200,成功,h264,25.0,有音频,1.811,36,32
Now财经,http://rihou.cc:555/tv/[Mt]Now财经,,,,,,,1920x1080,CCSH.txt,544,200,成功,h264,50.0,有音频,2.364,8,8
CHC影迷电影,http://38.75.136.137:98/gslb/dsdqpub/chchd.m3u8?auth=testpub,,,,,,,1280x720,CCSH.txt,71,200,成功,h264,25.0,有音频,0.373,8,8
宋小宝小品,https://www.goodiptv.club/douyu/9817729,,,,,,,1920x1080,CCSH.txt,548,200,成功,h264,30.0,有音频,1.089,156,128
TVB明珠,http://php.jdshipin.com/TVOD/iptv.php?id=mzt,,,,,,,1920x1080,CCSH.txt,53,200,成功,h264,25.0,有音频,0.775,8,8
凤凰香港,http://122.152.202.33/s/81a8a44f/index.m3u8?id=fhhk TVB,,,,,,,1280x720,CCSH.txt,257,200,成功,h264,30.0,有音频,0.930,144,116
万合出品,https://www.goodiptv.club/douyu/9220456,,,,,,,1920x1080,CCSH.txt,240,200,成功,h264,30.0,有音频,0.789,156,128
狂飙,https://live.metshop.top/yy/1355142167,,,,,,,1920x1080,CCSH.txt,715,200,成功,h264,30.0,有音频,1.412,24,20
CHC家庭影院,https://stream1.freetv.fun/chcjia-ting-ying-yuan-13.m3u8,,,,,,,1920x1080,CCSH.txt,21,403,成功,h264,28.0,有音频,1.485,144,116
广东体育,https://hk.188766.xyz/?migutoken=dc1e91720698fda122d7e54c373ad3e7&id=gd_gdty&type=sz,,,,,,,1920x1080,CCSH.txt,80,403,成功,h264,28.0,有音频,0.904,144,116
TVB无线新闻,https://mgev.188766.xyz/?migutoken=b8c4b49af789032f06170ad11a247f8f&id=hk_wxxw&type=dy,,,,,,,1920x1080,CCSH.txt,78,403,成功,h264,28.0,有音频,0.886,144,116
解说_老皮讲电影,https://live.metshop.top/huya/16968572,,,,,,,1920x1080,CCSH.txt,1584,200,成功,h264,30.0,有音频,1.605,156,128
爱情公寓,https://live.metshop.top/douyu/2838296,,,,,,,1920x1080,CCSH.txt,191,200,成功,h264,30.0,有音频,0.805,156,128
赵本山小品,https://www.goodiptv.club/douyu/9817716,,,,,,,1920x1080,CCSH.txt,509,200,成功,h264,30.0,有音频,0.781,156,128
五星体育,https://migu.188766.xyz/?migutoken=950476b79cf3eadec3861310c19201f7&id=%E4%BA%94%E6%98%9F%E4%BD%93%E8%82%B2&pp=1,,,,,,,1920x1080,CCSH.txt,76,403,成功,h264,28.0,有音频,0.871,144,116
广东体育,https://stream1.freetv.fun/yan-dong-ti-yu-5.m3u8,,,,,,,1280x720,CCSH.txt,63,403,成功,h264,25.0,有音频,1.008,8,8
欢乐综艺,https://www.goodiptv.club/douyu/131977,,,,,,,1920x1080,CCSH.txt,553,200,成功,h264,30.0,有音频,0.780,128,104
广东体育,https://migu.188766.xyz/?migutoken=3c6aca2f41592ddf4fd08e33d4cbf7d3&id=hk_gdty&type=dy,,,,,,,1920x1080,CCSH.txt,90,403,成功,h264,28.0,有音频,0.868,144,116
CHC动作电影,http://38.75.136.137:98/gslb/dsdqpub/chcdz.m3u8?auth=testpub,,,,,,,1280x720,CCSH.txt,69,200,成功,h264,25.0,有音频,0.366,8,8
TVB星河,https://mgev.188766.xyz/?migutoken=dcfb1fed00c53981cf86c286638890e0&id=hk_tvbxh&type=dy,,,,,,,1920x1080,CCSH.txt,84,403,成功,h264,28.0,有音频,0.873,144,116
邵氏影院,https://www.goodiptv.club/douyu/4246519,,,,,,,1920x1080,CCSH.txt,188,200,成功,h264,30.0,有音频,0.799,156,128
解说_鹿哥电影,https://live.metshop.top/huya/24396360,,,,,,,1920x1080,CCSH.txt,2629,200,成功,h264,30.0,有音频,1.540,156,128
CHC影迷电影,https://migu.188766.xyz/?migutoken=8d7856cc4f49b34a98a411573cffd2e6&id=CHC%E5%BD%B1%E8%BF%B7%E7%94%B5%E5%BD%B1&type=yy,,,,,,,1920x1080,CCSH.txt,85,403,成功,h264,28.0,有音频,0.935,116,92
解说_乌贼说电影,https://live.metshop.top/huya/16604522,,,,,,,1920x1080,CCSH.txt,718,200,成功,h264,30.0,有音频,1.253,156,128
解说_疯狂解说家,https://live.metshop.top/huya/18366196,,,,,,,1920x1080,CCSH.txt,1362,200,成功,h264,30.0,有音频,1.209,156,128
许君聪小品,https://www.goodiptv.club/douyu/10419558,,,,,,,1920x1080,CCSH.txt,518,200,成功,h264,30.0,有音频,0.812,156,128
有线新闻,http://61.10.2.141/live_freedirect/freehd209_h.live/playlist.m3u8,,,,,,,1280x720,CCSH.txt,336,200,成功,h264,25.0,有音频,1.936,36,32
广东体育,http://74.91.26.218:82/live/gdty.m3u8,,,,,,,1280x720,CCSH.txt,129,200,成功,h264,25.0,有音频,0.386,8,8
解说_刘老师说电影,https://live.metshop.top/huya/20289754,,,,,,,1920x1080,CCSH.txt,1974,200,成功,h264,30.0,有音频,1.446,156,128
五星体育,http://38.75.136.137:98/gslb/dsdqpub/wxtyhd.m3u8?auth=testpub,,,,,,,1280x720,CCSH.txt,105,200,成功,h264,25.0,有音频,0.396,8,8
广东体育,https://stream1.freetv.fun/3864d41a409cbbbd8579e4ec03eb47e6cf65b15f5cae7c3cd44ccd4b9991a017.m3u8,,,,,,,1280x720,CCSH.txt,66,403,成功,h264,25.0,有音频,1.511,156,128
解说_阿翔说电影,https://live.metshop.top/huya/16868935,,,,,,,1920x1080,CCSH.txt,1268,200,成功,h264,30.0,有音频,1.252,156,128
解说_冷君说电影,https://live.metshop.top/huya/16739452,,,,,,,1920x1080,CCSH.txt,1361,200,成功,h264,30.0,有音频,1.210,156,128
TVB翡翠,http://php.jdshipin.com/TVOD/iptv.php?id=fct2,,,,,,,1920x1080,CCSH.txt,114,200,成功,h264,25.0,有音频,0.772,8,8
TVB明珠,http://php.jdshipin.com:8880/TVOD/iptv.php?id=mzt,,,,,,,1920x1080,CCSH.txt,56,200,成功,h264,25.0,有音频,0.795,8,8
广东体育,https://hk.188766.xyz/?migutoken=b81639f989eb1f7ada8f1930007e72a8&id=gd_gdty&type=sz,,,,,,,1280x720,CCSH.txt,82,403,成功,h264,25.0,有音频,12.972,56,44
解说_阿钙扒瞎,https://live.metshop.top/huya/15978172,,,,,,,1920x1080,CCSH.txt,1052,200,成功,h264,30.0,有音频,1.279,156,128
解说_老炮说电影,https://live.metshop.top/huya/15454716,,,,,,,1920x1080,CCSH.txt,1173,200,成功,h264,30.0,有音频,2.014,156,128
五星体育,http://8.138.7.223/tv/shtv.php?id=wxty,,,,,,,1280x720,CCSH.txt,937,200,成功,h264,25.0,有音频,5.050,8,8
纬来体育,http://free.cnlive.club/channel/5816d06e.m3u8?q=111.170.171.148,,,,,,,1920x1080,CCSH.txt,686,200,成功,h264,29.0,有音频,4.833,8,8
TVB明珠,http://122.152.202.33/s/81a8a44f/index.m3u8?id=23,,,,,,,1280x720,CCSH.txt,707,200,成功,h264,30.0,有音频,0.804,144,116
凤凰香港,https://mgev.188766.xyz/?migutoken=27e1357a5e200c41b589f285009128d0&id=hk_fhhk&type=dy,,,,,,,1920x1080,CCSH.txt,84,403,成功,h264,28.0,有音频,0.880,144,116
CHC家庭影院,https://stream1.freetv.fun/chcjia-ting-ying-yuan-11.ctv,,,,,,,1920x1080,CCSH.txt,384,403,成功,h264,28.0,有音频,1.474,144,116
TVB无线新闻,https://stream1.freetv.fun/678d877ac436471c003e6f566eaa81b022de75dca45be60e1660efbf223765ca.m3u8,,,,,,,1280x720,CCSH.txt,22,403,成功,h264,25.0,有音频,1.350,156,128
解说_续哥说电影,https://live.metshop.top/huya/24396472,,,,,,,1920x1080,CCSH.txt,1423,200,成功,h264,30.0,有音频,1.782,156,128
CHC家庭影院,http://38.75.136.137:98/gslb/dsdqpub/chcjt.m3u8?auth=testpub,,,,,,,1280x720,CCSH.txt,138,200,成功,h264,25.0,有音频,0.370,8,8
解说_小冉看电影,https://live.metshop.top/huya/17341907,,,,,,,1920x1080,CCSH.txt,1719,200,成功,h264,30.0,有音频,1.578,156,128
贾玲小品,https://www.goodiptv.club/douyu/10419541,,,,,,,1920x1080,CCSH.txt,192,200,成功,h264,30.0,有音频,1.052,156,128
CHC家庭影院,https://stream1.freetv.fun/chcjia-ting-ying-yuan-12.m3u8,,,,,,,1920x1080,CCSH.txt,66,403,成功,h264,28.0,有音频,1.461,144,116
解说_恐怖电影解说,https://live.metshop.top/huya/16741179,,,,,,,1920x1080,CCSH.txt,1373,200,成功,h264,30.0,有音频,1.742,156,128
TVB明珠,http://grandprix2023.asuscomm.com:8892/bysid/2.m3u8,,,,,,,1920x1080,CCSH.txt,498,200,成功,h264,25.0,有音频,5.562,16,12
Now新闻,https://mgev.188766.xyz/?migutoken=87ece01d69ea878e8bc892099da9d88a&id=hk_now&type=dy,,,,,,,1920x1080,CCSH.txt,248,403,成功,h264,28.0,有音频,0.897,144,116
解说_顾久撩电影,https://live.metshop.top/huya/16422212,,,,,,,1920x1080,CCSH.txt,5437,200,成功,h264,30.0,有音频,1.237,156,128
CHC影迷电影,https://migu.188766.xyz/?migutoken=4a31d7fc7f7c6f0b1923b1d209e99d7f&id=CHC%E5%BD%B1%E8%BF%B7%E7%94%B5%E5%BD%B1&type=yy,,,,,,,1920x1080,CCSH.txt,90,403,成功,h264,28.0,有音频,0.845,144,116
嘉佳卡通,https://migu.188766.xyz/?migutoken=0990658931a84e51db5de87ec29eda37&id=%E5%98%89%E4%BD%B3%E5%8D%A1%E9%80%9A&type=yy,,,,,,,854x480,CCSH.txt,129,403,成功,h264,25.0,有音频,9.118,8,8
CHC动作电影,https://stream1.freetv.fun/413df533cc2d866bacdc87729814e66f4cf836c13b12ed783b54345fd012c6c8.m3u8,,,,,,,1280x720,CCSH.txt,66,403,成功,h264,25.0,有音频,1.457,156,128
CHC家庭影院,https://stream1.freetv.fun/chcjia-ting-ying-yuan-12.ctv,,,,,,,1920x1080,CCSH.txt,22,403,成功,h264,28.0,有音频,1.499,144,116
TVB明珠,http://hls.168.us.kg/u/84/master.m3u8,,,,,,,1920x1080,CCSH.txt,253,200,成功,h264,25.0,有音频,1.475,8,8
CHC家庭影院,https://stream1.freetv.fun/chcjia-ting-ying-yuan-4.m3u8,,,,,,,1920x1080,CCSH.txt,71,403,成功,h264,28.0,有音频,1.749,144,116
广东体育,https://t.freetv.fun/live/yan-dong-ti-yu-5.m3u8,,,,,,,1280x720,CCSH.txt,62,403,成功,h264,25.0,有音频,0.535,8,8
贝爷贰厅,https://www.goodiptv.club/douyu/4332,,,,,,,1920x1080,CCSH.txt,239,200,成功,h264,30.0,有音频,0.789,156,128
解说_嫦娥撩电影,https://live.metshop.top/huya/18201106,,,,,,,1920x1080,CCSH.txt,2074,200,成功,h264,30.0,有音频,3.961,156,128
TVB明珠,https://mgev.188766.xyz/?migutoken=99e9ae852d5480cda25f26a77d16ee97&id=hk_mzt&type=dy,,,,,,,1920x1080,CCSH.txt,75,403,成功,h264,28.0,有音频,0.960,144,116
TVBS新闻,http://61.221.215.25:8800/hls/9/index.m3u8,,,,,,,1280x720,CCSH.txt,356,200,成功,h264,25.0,有音频,1.519,36,32
凤凰香港,https://stream1.freetv.fun/8770e89223a086eb1b8a0c931e42296d772a8069ad3eb72540e0c434e7cb3e93.ctv,,,,,,,1280x720,CCSH.txt,21,403,成功,h264,25.0,有音频,1.680,156,128
CHC家庭影院,https://iptv.catvod.com/live.php?id=CHC%E5%AE%B6%E5%BA%AD%E5%BD%B1%E9%99%A2,,,,,,,1280x720,CCSH.txt,143,200,成功,h264,25.0,有音频,0.842,8,8
知否知否,http://www.douzhicloud.site:35455/yy/21881901,,,,,,,1280x720,CCSH.txt,360,200,成功,h264,24.0,有音频,2.139,129,105
嘉佳卡通,https://t.freetv.fun/live/jia-jia-qia-tong-4.php,,,,,,,854x480,CCSH.txt,22,403,成功,h264,25.0,有音频,3.586,8,8
解说_默爷侃电影,https://live.metshop.top/huya/17204307,,,,,,,1920x1080,CCSH.txt,3336,200,成功,h264,30.0,有音频,1.263,156,128
凤凰香港,https://t.freetv.fun/live/feng-huang-xiang-gang-6.m3u8,,,,,,,1920x1080,CCSH.txt,69,403,成功,h264,28.0,有音频,1.021,144,116
凤凰香港,https://epg.pw/stream/8770e89223a086eb1b8a0c931e42296d772a8069ad3eb72540e0c434e7cb3e93.m3u8,,,,,,,1280x720,CCSH.txt,564,200,成功,h264,25.0,有音频,1.637,156,128
开心麻花小品,https://www.goodiptv.club/douyu/10153463,,,,,,,1920x1080,CCSH.txt,192,200,成功,h264,30.0,有音频,1.071,156,128
CHC影迷电影,https://migu.188766.xyz/?migutoken=83f75952e6e9f1b1c69a568109ede8e1&id=CHC%E5%BD%B1%E8%BF%B7%E7%94%B5%E5%BD%B1&type=yy,,,,,,,1920x1080,CCSH.txt,77,403,成功,h264,28.0,有音频,0.886,144,116
庆余年,https://live.metshop.top/douyu/5908256,,,,,,,1920x1080,CCSH.txt,210,200,成功,h264,30.0,有音频,0.795,156,128
广东体育,http://116.77.239.26:44300/tsfile/live/0124_1.m3u8?key=txiptv&playlive=0&authid=0,,,,,,,1280x720,CCSH.txt,490,200,成功,h264,25.0,有音频,1.969,8,8
寰宇新闻,http://222.128.55.152:9080/live/hy.m3u8,,,,,,,1920x1080,CCSH.txt,667,200,成功,h264,29.97002997002997,有音频,2.773,36,32
五星体育,https://t.freetv.fun/live/wu-xing-ti-yu-3.m3u8,,,,,,,1920x1080,CCSH.txt,21,403,成功,h264,28.0,有音频,1.159,144,116
环球电视,https://t.freetv.fun/live/huan-qiu-dian-shi.m3u8,,,,,,,1280x720,CCSH.txt,363,403,成功,h264,30.0,有音频,2.627,8,8
解说_虎妞说电影,https://live.metshop.top/huya/20343144,,,,,,,1920x1080,CCSH.txt,1075,200,成功,h264,30.0,有音频,1.476,156,128
中天新闻,http://222.128.55.152:9080/live/fc.m3u8,,,,,,,1920x1080,CCSH.txt,647,200,成功,h264,30.0,有音频,7.572,36,32
凤凰香港,https://stream1.freetv.fun/feng-huang-xiang-gang-6.ctv,,,,,,,1920x1080,CCSH.txt,21,403,成功,h264,28.0,有音频,1.845,144,116
五星体育,https://t.freetv.fun/live/wu-xing-ti-yu.m3u8,,,,,,,1280x720,CCSH.txt,69,403,成功,h264,25.0,有音频,3.965,8,8
CHC家庭影院,https://stream1.freetv.fun/chcjia-ting-ying-yuan-8.m3u8,,,,,,,1920x1080,CCSH.txt,381,403,成功,h264,28.0,有音频,1.485,144,116
凤凰香港,https://migu.188766.xyz/?migutoken=cbf8f4f16f7ccdc07d7ccd8f9b012692&id=fhhk&pp=1,,,,,,,1920x1080,CCSH.txt,81,403,成功,h264,28.0,有音频,0.875,144,116
解说_俗哥看电影,https://live.metshop.top/huya/15452736,,,,,,,1920x1080,CCSH.txt,1264,200,成功,h264,30.0,有音频,1.361,156,128
CHC动作电影,https://migu.188766.xyz/?migutoken=8521199ced44f39aefb22a60a95fcb2a&id=CHC%E5%8A%A8%E4%BD%9C%E7%94%B5%E5%BD%B1&type=yy,,,,,,,1920x1080,CCSH.txt,116,403,成功,h264,28.0,有音频,0.909,144,116
嘉佳卡通,https://migu.188766.xyz/?migutoken=8004674fdd1160c85653b867549e9ad3&id=%E5%98%89%E4%BD%B3%E5%8D%A1%E9%80%9A&type=yy,,,,,,,1920x1080,CCSH.txt,687,403,成功,h264,28.0,有音频,0.882,144,116
五星体育,https://other.ottiptv.cc/wxty.m3u8,,,,,,,1920x1080,CCSH.txt,494,200,成功,h264,30.0,有音频,0.989,156,128
台视新闻,http://222.128.55.152:9080/live/ts.m3u8,,,,,,,1920x1080,CCSH.txt,645,200,成功,h264,30.0,有音频,2.763,156,128
Now体育,http://rihou.cc:555/tv/[Mt]Now体育,,,,,,,1920x1080,CCSH.txt,1625,200,成功,h264,50.0,有音频,2.100,8,8
中天娱乐,http://61.221.215.25:8800/hls/47/index.m3u8,,,,,,,1280x720,CCSH.txt,155,200,成功,h264,25.0,有音频,1.504,156,128
香港佛陀,http://js1.amtb.cn/liveedge/_definst_/livetv/chunklist.m3u8,,,,,,,1920x1080,CCSH.txt,460,200,成功,h264,29.97002997002997,有音频,1.647,8,8
CHC影迷电影,https://migu.188766.xyz/?migutoken=2f55384e692d34647f39970bf56b8011&id=CHC%E5%BD%B1%E8%BF%B7%E7%94%B5%E5%BD%B1&type=yy,,,,,,,1280x720,CCSH.txt,105,403,成功,h264,25.0,有音频,2.569,8,8
TVB无线新闻,http://hls.168.us.kg/u/83/master.m3u8,,,,,,,1920x1080,CCSH.txt,288,200,成功,h264,25.0,有音频,1.539,8,8
北京新闻,https://migu.188766.xyz/?migutoken=9e63d66d28951dedffd0fbe98f4c7ffd&id=%E5%8C%97%E4%BA%AC%E6%96%B0%E9%97%BB&type=yy,,,,,,,1920x1080,CCSH.txt,70,403,成功,h264,28.0,有音频,1.305,144,116
广东珠江,https://stream1.freetv.fun/yan-dong-zhu-jiang-10.ctv,,,,,,,1280x720,CCSH.txt,39,403,成功,h264,25.0,有音频,1.410,76,60
上虞新商都,http://l.cztvcloud.com/channels/lantian/SXshangyu3/720p.m3u8?zzhed,,,,,,,1920x1080,CCSH.txt,1192,200,成功,h264,25.0,有音频,2.537,122,98
浙江新闻,https://t.freetv.fun/live/zhe-jiang-xin-wen-4.m3u8,,,,,,,1280x720,CCSH.txt,14,403,成功,h264,25.0,有音频,2.766,156,128
中国蓝新闻,https://ali-m-l.cztv.com/channels/lantian/channel009/1080p.m3u8?,,,,,,,1920x1080,CCSH.txt,219,200,成功,h264,25.0,有音频,3.484,156,128
动漫秀场,https://t.freetv.fun/live/dong-man-xiu-chang.m3u8,,,,,,,1280x720,CCSH.txt,13,403,成功,h264,25.0,有音频,0.703,8,8
溧水新闻综合,https://migu.188766.xyz/?migutoken=ad1fbb7a6ae3d56b2b6a4467856e0982&id=%E6%BA%A7%E6%B0%B4%E6%96%B0%E9%97%BB%E7%BB%BC%E5%90%88&type=yy,,,,,,,1920x1080,CCSH.txt,76,403,成功,h264,28.0,有音频,0.985,144,116
Discovery,https://hls.iill.top/api/Discovery/playlist.m3u8,,,,,,,1280x720,CCSH.txt,2907,200,成功,h264,25.0,有音频,1.981,8,8
航拍中国第一季,http://newcntv.qcloudcdn.com/asp/hls/4000/0303000a/3/default/8edf3fb6a69148ea9a7dc0b5a9d99fdb/4000.m3u8,,,,,,,1920x1080,CCSH.txt,2120,200,成功,h264,25.0,有音频,1.927,24,20
浙江公共新闻,https://t.freetv.fun/live/zhe-jiang-gong-gong-xin-wen.m3u8,,,,,,,1920x1080,CCSH.txt,52,403,成功,h264,25.0,有音频,2.135,128,104
浙江新闻,https://t.freetv.fun/live/zhe-jiang-xin-wen-5.m3u8,,,,,,,640x360,CCSH.txt,44,403,成功,h264,25.0,有音频,1.899,157,129
浙江教科影院,http://ali-m-l.cztv.com/channels/lantian/channel004/1080p.m3u8?zzhed,,,,,,,1920x1080,CCSH.txt,170,200,成功,h264,25.0,有音频,1.510,156,128
金鹰卡通,https://stream1.freetv.fun/f563b977599985b4eecdad9c802930fc79a2adbd22b40712ec657cba6adc5fcf.m3u8,,,,,,,1280x720,CCSH.txt,13,403,成功,h264,25.0,有音频,1.682,156,128
南京新闻综合,https://migu.188766.xyz/?migutoken=7a8adad5bdfa9df7a07e1a3ef495b1e9&id=%E5%8D%97%E4%BA%AC%E6%96%B0%E9%97%BB%E7%BB%BC%E5%90%88%E9%A2%91%E9%81%93&type=yy,,,,,,,1920x1080,CCSH.txt,63,403,成功,h264,28.0,有音频,0.782,144,116
东方影视,https://t.freetv.fun/live/dong-fang-ying-shi.m3u8,,,,,,,1280x720,CCSH.txt,13,403,成功,h264,25.0,有音频,0.598,8,8
余杭新闻,http://l.cztvcloud.com/channels/lantian/SXyuhang1/720p.m3u8?zzhed?,,,,,,,1920x1080,CCSH.txt,1004,200,成功,h264,25.0,有音频,1.747,144,116
浙江生活,http://ali-m-l.cztv.com/channels/lantian/channel03/1080p.m3u8,,,,,,,1920x1080,CCSH.txt,169,200,成功,h264,25.0,有音频,1.907,156,128
柳河综合,http://stream5.jlntv.cn/lh/sd/live.m3u8?zjild,,,,,,,720x576,CCSH.txt,637,200,成功,h264,25.0,有音频,1.809,8,8
麻城综合,https://video.yscxy.cn:8888/mctv1.m3u8,,,,,,,1920x1080,CCSH.txt,2244,200,成功,h264,25.0,有音频,5.046,16,12
武义新闻综合,https://t.freetv.fun/live/wu-yi-xin-wen-zong-he-1.m3u8,,,,,,,720x576,CCSH.txt,36,403,成功,h264,,有音频,1.817,145,117
上虞新商都,https://t.freetv.fun/live/shang-yu-xin-shang-du-1.m3u8,,,,,,,1920x1080,CCSH.txt,48,403,成功,h264,25.0,有音频,11.404,112,90
开化公园,http://l.cztvcloud.com/channels/lantian/SXkaihua2/720p.m3u8?zzhed?,,,,,,,1280x720,CCSH.txt,485,200,成功,h264,25.0,有音频,1.613,144,116
广州综合,https://t.freetv.fun/live/yan-zhou-zong-he-5.m3u8,,,,,,,1280x720,CCSH.txt,12,403,成功,h264,25.0,有音频,9.354,26,20
广州综合,https://t.freetv.fun/live/yan-zhou-zong-he-21.m3u8,,,,,,,1280x720,CCSH.txt,18,403,成功,h264,25.0,有音频,14.069,16,12
辽宁公共,http://120.76.248.139/live/bfgd/4200000481.m3u8,,,,,,,1920x1080,CCSH.txt,433,200,成功,h264,25.0,有音频,2.503,8,8
溧水新闻综合,https://t.freetv.fun/live/li-shui-xin-wen-zong-he.php,,,,,,,1280x720,CCSH.txt,40,403,成功,h264,25.0,有音频,4.406,38,32
广东民生,https://hk.188766.xyz/?migutoken=4b684c5c3eb93615dbd201b70291d8a7&id=gd_gdms&type=sz,,,,,,,1920x1080,CCSH.txt,1738,403,成功,h264,28.0,有音频,0.795,144,116
金鹰卡通,https://stream1.freetv.fun/1b907bbf4760e673ec9ab89e2327cd1d9e5df04ca6ef35a6fb07f5b6757f4791.m3u8,,,,,,,1280x720,CCSH.txt,15,403,成功,h264,25.0,有音频,1.674,156,128
浙江教育,https://ali-m-l.cztv.com/channels/lantian/channel004/1080p.m3u8?,,,,,,,1920x1080,CCSH.txt,171,200,成功,h264,25.0,有音频,2.835,156,128
优漫卡通,https://migu.188766.xyz/?migutoken=32b110cdd2dd2941f13055be319b048e&id=%E4%BC%98%E6%BC%AB%E5%8D%A1%E9%80%9A%E9%A2%91%E9%81%93&type=yy,,,,,,,1920x1080,CCSH.txt,80,403,成功,h264,28.0,有音频,0.824,144,116
浙江钱江,http://ali-m-l.cztv.com/channels/lantian/channel002/1080p.m3u8,,,,,,,1920x1080,CCSH.txt,169,200,成功,h264,25.0,有音频,1.521,156,128
山东教育,https://migu.188766.xyz/?migutoken=198d438dffc9d1d4488e7f79933e220c&id=%E5%B1%B1%E4%B8%9C%E6%95%99%E8%82%B2&type=yy,,,,,,,1920x1080,CCSH.txt,67,403,成功,h264,28.0,有音频,0.817,144,116
优漫卡通,https://stream1.freetv.fun/9a50e666912cb82bd584eb50bb030b7f654275ed05a586ef3c63ac39789df94b.m3u8,,,,,,,1280x720,CCSH.txt,12,403,成功,h264,25.0,有音频,1.664,156,128
广东珠江,https://stream1.freetv.fun/bda519d40a214c2bfff9c5a5949d89c7eb82aba6d67a36488b379ed75adb598d.ctv,,,,,,,1280x720,CCSH.txt,16,403,成功,h264,25.0,有音频,1.953,156,128
浙江钱江,http://ali-m-l.cztv.com/channels/lantian/channel002/720p.m3u8,,,,,,,1280x720,CCSH.txt,222,200,成功,h264,25.0,有音频,1.393,36,32
陕西体育休闲,https://t.freetv.fun/live/shan-xi-ti-yu-xiu-xian.php,,,,,,,1280x720,CCSH.txt,16,403,成功,h264,25.0,有音频,3.266,8,8
浙江少儿,https://t.freetv.fun/live/zhe-jiang-shao-er-5.m3u8,,,,,,,640x360,CCSH.txt,37,403,成功,h264,25.0,有音频,2.138,157,129
上虞新闻综合,http://l.cztvcloud.com/channels/lantian/SXshangyu1/720p.m3u8?cWlkPSZzPTg3OWMwYmMyZDMzYTFhZGY3NDQxMjgyYTg1MmUzNTY0JmVzPTE3MDY2Nzc4NzMmdXVpZD0yMjdiY2MzNGNiNGY0MThlYjRiY2IxYzcwNmZjODNkMS02NzQ3NDY2NyZ2PTImYXM9MCZjZG5leF9pZD10eF9waG9uZV9saXZl,,,,,,,1920x1080,CCSH.txt,273,200,成功,h264,25.0,有音频,2.080,122,98
萧山综合,http://l.cztvcloud.com/channels/lantian/SXxiaoshan3/720p.m3u8,,,,,,,720x576,CCSH.txt,269,200,成功,h264,30.0,有音频,1.969,36,32
航拍中国第三季,http://newcntv.qcloudcdn.com/asp/hls/1200/0303000a/3/default/18a8a559464448dbaf60d33913e09aea/1200.m3u8,,,,,,,480x270,CCSH.txt,1959,200,成功,h264,25.0,有音频,1.787,25,21
河南都市,https://t.freetv.fun/live/he-nan-du-shi-1.m3u8,,,,,,,1920x1080,CCSH.txt,34,403,成功,h264,28.0,有音频,1.061,144,116
浙江国际,http://ali-vl.cztv.com/channels/lantian/channel010/360p.m3u8,,,,,,,640x360,CCSH.txt,740,200,成功,h264,25.0,有音频,1.571,157,129
浙江钱江,http://ali-m-l.cztv.com/channels/lantian/channel002/1080p.m3u8?zzhed,,,,,,,1920x1080,CCSH.txt,169,200,成功,h264,25.0,有音频,1.440,156,128
广东珠江,https://t.freetv.fun/live/yan-dong-zhu-jiang-2.m3u8,,,,,,,1280x720,CCSH.txt,35,403,成功,h264,25.0,有音频,3.404,8,8
动物世界,http://newcntv.qcloudcdn.com/asp/hls/1200/0303000a/3/default/71d7dce230b74c1b9e35b41e837ffc5f/1200.m3u8,,,,,,,480x270,CCSH.txt,2727,200,成功,h264,25.0,有音频,1.488,25,21
浙江民生休闲,https://t.freetv.fun/live/zhe-jiang-min-sheng-xiu-xian.m3u8,,,,,,,854x480,CCSH.txt,15,403,成功,h264,25.0,有音频,2.828,8,8
武义新闻综合,https://t.freetv.fun/live/wu-yi-xin-wen-zong-he.m3u8,,,,,,,720x576,CCSH.txt,49,403,成功,h264,,有音频,6.954,145,117
普陀新闻,http://l.cztvcloud.com/channels/lantian/SXputuo1/720p.m3u8?zzhed?,,,,,,,1280x720,CCSH.txt,232,200,成功,h264,,有音频,2.891,145,117
开化新闻,http://l.cztvcloud.com/channels/lantian/SXkaihua1/720p.m3u8?zzhed?,,,,,,,1280x720,CCSH.txt,264,200,成功,h264,25.0,有音频,4.592,144,116
萧山新闻综合,https://t.freetv.fun/live/xiao-shan-xin-wen-zong-he.m3u8,,,,,,,1280x720,CCSH.txt,36,403,成功,h264,25.0,有音频,4.553,8,8
永嘉新闻综合,http://l.cztvcloud.com/channels/lantian/SXyongjia1/720p.m3u8?zzhed,,,,,,,1920x1080,CCSH.txt,304,200,成功,h264,25.0,有音频,2.600,148,120
浙江新闻,https://t.freetv.fun/live/zhe-jiang-xin-wen-9.m3u8,,,,,,,1280x720,CCSH.txt,39,403,成功,h264,25.0,有音频,2.585,36,32
广州综合,http://tencentplay.gztv.com/live/zonghes.m3u8?txSecret=c8dbe86d6f86eb1a21999ab479fd5667&txTime=18d3c4690e8,,,,,,,1280x720,CCSH.txt,766,200,成功,h264,25.0,有音频,17.134,36,28
普陀新闻综合,http://l.cztvcloud.com/channels/lantian/SXputuo1/720p.m3u8?zzhed,,,,,,,1280x720,CCSH.txt,227,200,成功,h264,,有音频,1.553,145,117
萧山生活,http://l.cztvcloud.com/channels/lantian/SXxiaoshan2/720p.m3u8?zzhed?,,,,,,,1280x720,CCSH.txt,301,200,成功,h264,25.0,有音频,1.811,8,8
兰溪新闻综合,http://l.cztvcloud.com/channels/lantian/SXlanxi1/720p.m3u8?zzhed,,,,,,,1280x720,CCSH.txt,251,200,成功,h264,25.0,有音频,1.628,150,122
金鹰卡通,https://stream1.freetv.fun/b45dd7de8b220eadb2e16a1e68856cd6a4999022b18745d4dc7e0f0014893c29.m3u8,,,,,,,1280x720,CCSH.txt,16,403,成功,h264,25.0,有音频,1.691,156,128
太谷新闻综合,https://t.freetv.fun/live/tai-gu-xin-wen-zong-he-2.m3u8,,,,,,,1920x1080,CCSH.txt,42,403,成功,h264,25.0,有音频,3.474,16,12
浙江国际,http://ali-m-l.cztv.com/channels/lantian/channel010/1080p.m3u8?zzhed,,,,,,,1920x1080,CCSH.txt,1403,200,成功,h264,25.0,有音频,1.489,156,128
河南都市,https://t.freetv.fun/live/he-nan-du-shi-2.m3u8,,,,,,,1920x1080,CCSH.txt,13,403,成功,h264,28.0,有音频,1.075,144,116
之江记录,http://ali-m-l.cztv.com/channels/lantian/channel012/1080p.m3u8?,,,,,,,1920x1080,CCSH.txt,1401,200,成功,h264,25.0,有音频,1.286,156,128
优漫卡通,https://stream1.freetv.fun/4073fb5ec1ec48f010e1db882aeb63ddc7104c56c5c729c4d08e932d585591a8.m3u8,,,,,,,1280x720,CCSH.txt,14,403,成功,h264,25.0,有音频,1.658,156,128
北京生活,https://migu.188766.xyz/?migutoken=001ab01ec46a45b08033edbd7b16b3d2&id=%E5%8C%97%E4%BA%ACi%E7%94%9F%E6%B4%BB&type=yy,,,,,,,1920x1080,CCSH.txt,71,403,成功,h264,28.0,有音频,0.802,144,116
浙江民生休闲,https://ali-m-l.cztv.com/channels/lantian/channel006/1080p.m3u8?,,,,,,,1920x1080,CCSH.txt,518,200,成功,h264,25.0,有音频,3.152,156,128
浙江少儿,https://t.freetv.fun/live/zhe-jiang-shao-er.m3u8,,,,,,,640x360,CCSH.txt,34,403,成功,h264,25.0,有音频,1.825,157,129
浙江钱江,https://t.freetv.fun/live/zhe-jiang-qian-jiang-du-shi-2.m3u8,,,,,,,1920x1080,CCSH.txt,36,403,成功,h264,25.0,有音频,2.438,156,128
南京新闻综合,https://t.freetv.fun/live/nan-jing-xin-wen-zong-he.m3u8,,,,,,,1920x1080,CCSH.txt,37,403,成功,h264,28.0,有音频,1.114,144,116
浙江国际,http://ali-m-l.cztv.com/channels/lantian/channel010/1080p.m3u8,,,,,,,1920x1080,CCSH.txt,1414,200,成功,h264,25.0,有音频,2.035,156,128
灵璧综合,http://live.cms.anhuinews.com/video/s10003-lbtv/index.m3u8?zanhd,,,,,,,640x480,CCSH.txt,688,200,成功,h264,25.0,有音频,2.275,157,129
上虞新商都,https://t.freetv.fun/live/shang-yu-xin-shang-du-2.m3u8,,,,,,,1920x1080,CCSH.txt,124,403,成功,h264,25.0,有音频,2.244,120,96
新闻综合,https://t.freetv.fun/live/shang-hai-xin-wen-zong-he-1.m3u8,,,,,,,1920x1080,CCSH.txt,16,403,成功,h264,28.0,有音频,1.297,144,116
浙江国际,http://ali-m-l.cztv.com/channels/lantian/channel010/720p.m3u8,,,,,,,1280x720,CCSH.txt,1419,200,成功,h264,25.0,有音频,1.618,66,56
上虞文化影院,http://l.cztvcloud.com/channels/lantian/SXshangyu2/720p.m3u8?zzhed,,,,,,,1920x1080,CCSH.txt,1114,200,成功,h264,25.0,有音频,1.922,116,92
浙江新闻,https://t.freetv.fun/live/zhe-jiang-xin-wen-6.m3u8,,,,,,,1280x720,CCSH.txt,41,403,成功,h264,25.0,有音频,2.731,156,128
浙江生活,http://ali-m-l.cztv.com/channels/lantian/channel03/720p.m3u8,,,,,,,1280x720,CCSH.txt,243,200,成功,h264,25.0,有音频,1.548,36,32
凉山新闻综合,https://t.freetv.fun/live/liang-shan-xin-wen-zong-he-1.m3u8,,,,,,,720x404,CCSH.txt,41,403,成功,h264,25.0,有音频,2.879,36,32
动漫秀场,https://stream1.freetv.fun/7e65432fb94551c8a7abf4afa8996c11471807bf9cf6ec1a3e49a2c25b2c1f58.m3u8,,,,,,,1280x720,CCSH.txt,46,403,成功,h264,25.0,有音频,1.654,156,128
余杭综合,http://l.cztvcloud.com/channels/lantian/SXyuhang1/720p.m3u8?zzhed,,,,,,,1920x1080,CCSH.txt,245,200,成功,h264,25.0,有音频,2.384,144,116
陕西新闻资讯,https://migu.188766.xyz/?migutoken=ae42423118c72f328c2303b892312190&id=%E9%99%95%E8%A5%BF%E6%96%B0%E9%97%BB%E8%B5%84%E8%AE%AF%E9%A2%91%E9%81%93&type=yy,,,,,,,1920x1080,CCSH.txt,84,403,成功,h264,28.0,有音频,0.793,144,116
浙江生活,https://ali-m-l.cztv.com/channels/lantian/channel003/1080p.m3u8?,,,,,,,1920x1080,CCSH.txt,171,200,成功,h264,25.0,有音频,2.642,156,128
浙江教科,https://t.freetv.fun/live/zhe-jiang-jiao-ke.m3u8,,,,,,,1920x1080,CCSH.txt,35,403,成功,h264,25.0,有音频,2.040,156,128
浙江民生休闲,https://t.freetv.fun/live/zhe-jiang-min-sheng-3.m3u8,,,,,,,1280x720,CCSH.txt,15,403,成功,h264,25.0,有音频,1.818,156,128
浙江少儿,https://t.freetv.fun/live/zhe-jiang-shao-er-2.m3u8,,,,,,,1280x720,CCSH.txt,42,403,成功,h264,25.0,有音频,1.680,96,80
上虞新商都,http://l.cztvcloud.com/channels/lantian/SXshangyu3/720p.m3u8?zzhed?,,,,,,,1920x1080,CCSH.txt,1134,200,成功,h264,25.0,有音频,1.874,122,98
余杭未来,http://l.cztvcloud.com/channels/lantian/SXlanxi1/720p.m3u8?,,,,,,,1280x720,CCSH.txt,923,200,成功,h264,25.0,有音频,1.753,150,122
浙江生活,https://t.freetv.fun/live/zhe-jiang-jing-ji-sheng-huo-1.m3u8,,,,,,,1920x1080,CCSH.txt,37,403,成功,h264,25.0,有音频,2.079,156,128
三立戏剧,http://61.221.215.25:8800/hls/41/index.m3u8,,,,,,,1280x720,CCSH.txt,146,200,成功,h264,25.0,有音频,1.380,36,32
浙江生活,http://ali-m-l.cztv.com/channels/lantian/channel003/1080p.m3u8,,,,,,,1920x1080,CCSH.txt,171,200,成功,h264,25.0,有音频,1.661,156,128
云和新闻,http://l.cztvcloud.com/channels/lantian/SXyunhe1/720p.m3u8?,,,,,,,1280x720,CCSH.txt,955,200,成功,h264,25.0,有音频,2.286,128,104
海南文旅,https://t.freetv.fun/live/hai-nan-wen-lu.m3u8,,,,,,,1920x1080,CCSH.txt,124,403,成功,h264,28.0,有音频,1.097,144,116
河南都市,https://t.freetv.fun/live/he-nan-du-shi.m3u8,,,,,,,1920x1080,CCSH.txt,12,403,成功,h264,28.0,有音频,1.293,144,116
优漫卡通,https://stream1.freetv.fun/61f1d51aed4a6e4ad9cde2362c1b00cd4cc8fb72bcf69d78458d36a46822d598.m3u8,,,,,,,1280x720,CCSH.txt,15,403,成功,h264,25.0,有音频,1.648,156,128
平湖民生,http://l.cztvcloud.com/channels/lantian/SXpinghu2/720p.m3u8?zzhed?,,,,,,,1280x720,CCSH.txt,535,200,成功,h264,25.0,有音频,1.569,156,128
余杭未来E,http://l.cztvcloud.com/channels/lantian/SXyuhang3/720p.m3u8?zzhed,,,,,,,1920x1080,CCSH.txt,272,200,成功,h264,25.0,有音频,1.490,144,116
上海都市,https://t.freetv.fun/live/shang-hai-du-shi-3.m3u8,,,,,,,1920x1080,CCSH.txt,14,403,成功,h264,28.0,有音频,1.339,144,116
甘南县综合,https://stream.hrbtv.net/zxpd/sd/live.m3u8,,,,,,,640x480,CCSH.txt,1671,200,成功,h264,25.0,有音频,6.360,157,129
Discovery,http://ott.watch/stream/E9LDH2ZCN7/146.m3u8,,,,,,,1920x1080,CCSH.txt,3062,200,成功,h264,25.0,有音频,1.619,36,32
上虞新商都,https://t.freetv.fun/live/shang-yu-xin-shang-du.m3u8,,,,,,,1920x1080,CCSH.txt,126,403,成功,h264,25.0,有音频,2.353,122,98
文成综合,http://l.cztvcloud.com/channels/lantian/SXwencheng1/720p.m3u8?zzhed,,,,,,,1280x720,CCSH.txt,228,200,成功,h264,25.0,有音频,1.860,144,116
浙江国际,https://t.freetv.fun/live/zhe-jiang-guo-ji-9.m3u8,,,,,,,640x360,CCSH.txt,127,403,成功,h264,25.0,有音频,2.031,157,129
兰溪新闻,http://l.cztvcloud.com/channels/lantian/SXlanxi1/720p.m3u8?zzhed?,,,,,,,1280x720,CCSH.txt,926,200,成功,h264,25.0,有音频,1.624,150,122
金鹰卡通,https://stream1.freetv.fun/d66327025d5a2448b6097ce39c1de75d1f9693468932b522bd7dcc31533135f1.m3u8,,,,,,,1280x720,CCSH.txt,17,403,成功,h264,25.0,有音频,1.711,156,128
动漫秀场,https://stream1.freetv.fun/3db4e163a68d0e426d82c41072c03763ff9708ec882448590e3096d87f073067.m3u8,,,,,,,1280x720,CCSH.txt,36,403,成功,h264,25.0,有音频,0.661,8,8
CNN,https://turnerlive.warnermediacdn.com/hls/live/586495/cnngo/cnn_slate/VIDEO_0_3564000.m3u8,,,,,,,1280x720,CCSH.txt,1155,200,成功,h264,29.97002997002997,有音频,0.517,16,12
新闻综合,https://t.freetv.fun/live/shang-hai-xin-wen-zong-he-2.m3u8,,,,,,,1920x1080,CCSH.txt,40,403,成功,h264,28.0,有音频,1.443,144,116
浙江新闻,https://t.freetv.fun/live/zhe-jiang-xin-wen-3.m3u8,,,,,,,854x480,CCSH.txt,46,403,成功,h264,25.0,有音频,3.469,8,8
浙江生活,https://t.freetv.fun/live/zhe-jiang-jing-ji-sheng-huo.m3u8,,,,,,,1280x720,CCSH.txt,16,403,成功,h264,25.0,有音频,2.495,8,8
上虞文化,http://l.cztvcloud.com/channels/lantian/SXshangyu2/720p.m3u8?zzhed?,,,,,,,1920x1080,CCSH.txt,969,200,成功,h264,25.0,有音频,2.119,128,104
上虞新商都,https://t.freetv.fun/live/shang-yu-xin-shang-du-3.m3u8,,,,,,,1920x1080,CCSH.txt,126,403,成功,h264,25.0,有音频,2.154,120,96
苍南新闻综合,https://t.freetv.fun/live/cang-nan-xin-wen-zong-he-1.m3u8,,,,,,,1920x1080,CCSH.txt,15,403,成功,h264,25.0,有音频,3.260,148,120
人与自然,http://newcntv.qcloudcdn.com/asp/hls/1200/0303000a/3/default/1425e1d505654cb48ba82b807b221193/1200.m3u8,,,,,,,480x270,CCSH.txt,3072,200,成功,h264,25.0,有音频,2.262,25,21
陕西新闻资讯,https://t.freetv.fun/live/shan-xi-xin-wen-zi-xun.m3u8,,,,,,,1920x1080,CCSH.txt,13,403,成功,h264,28.0,有音频,1.098,144,116
广州综合,https://tencentplay.gztv.com/live/zonghes.m3u8?txSecret=439b0fd2cf766b363c93a59cbcbe1370&txTime=18d00acf488,,,,,,,1280x720,CCSH.txt,770,200,成功,h264,25.0,有音频,8.826,36,28
文成综合,http://l.cztvcloud.com/channels/lantian/SXwencheng1/720p.m3u8?zzhed?,,,,,,,1280x720,CCSH.txt,257,200,成功,h264,25.0,有音频,1.734,144,116
磐石综合,http://stream5.jlntv.cn/ps/sd/live.m3u8?zjild,,,,,,,720x576,CCSH.txt,452,200,成功,h264,25.0,有音频,2.379,8,8
开化国家公园,http://l.cztvcloud.com/channels/lantian/SXkaihua2/720p.m3u8?zzhed,,,,,,,1280x720,CCSH.txt,235,200,成功,h264,25.0,有音频,1.629,144,116
南国都市,http://tencentplay.gztv.com/live/nanguodushi.m3u8?txSecret=140110ae3d6c936a77f94c4f4d85b0d3&txTime=18d57929bd4,,,,,,,1920x1080,CCSH.txt,288,200,成功,h264,50.0,有音频,2.505,16,12
生活时尚,https://t.freetv.fun/live/sheng-huo-shi-shang.m3u8,,,,,,,1280x720,CCSH.txt,12,403,成功,h264,25.0,有音频,0.643,8,8
浙江民生休闲,https://t.freetv.fun/live/zhe-jiang-min-sheng-4.m3u8,,,,,,,1920x1080,CCSH.txt,13,403,成功,h264,25.0,有音频,2.300,36,32
浙江教科,https://t.freetv.fun/live/zhe-jiang-jiao-ke-1.m3u8,,,,,,,1920x1080,CCSH.txt,37,403,成功,h264,25.0,有音频,2.977,156,128
上虞文化影院,https://t.freetv.fun/live/shang-yu-wen-hua-ying-yuan.m3u8,,,,,,,1920x1080,CCSH.txt,124,403,成功,h264,25.0,有音频,2.509,116,92
余姚综合,http://l.cztvcloud.com/channels/lantian/SXyuyao1/720p.m3u8?,,,,,,,1920x1080,CCSH.txt,233,200,成功,h264,25.0,有音频,1.666,144,116
开化国家公园,http://l.cztvcloud.com/channels/lantian/SXkaihua2/720p.m3u8?zzhed#http://l.cztvcloud.com/channels/lantian/SXkaihua2/720p.m3u8zzhed#http://l.cztvcloud.com/channels/lantian/SXkaihua2/720p.m3u8,,,,,,,1280x720,CCSH.txt,261,200,成功,h264,25.0,有音频,1.511,144,116
通化县综合,http://stream5.jlntv.cn/thx/sd/live.m3u8?zjild,,,,,,,320x240,CCSH.txt,286,200,成功,h264,25.0,有音频,1.653,157,129
动漫秀场,https://stream1.freetv.fun/116b072fce86ad7fb72e6cb782fc5e85b72e4bae044922c23b702e6aa5a3adb8.m3u8,,,,,,,1280x720,CCSH.txt,14,403,成功,h264,25.0,有音频,1.675,156,128
邯郸科技教育,http://8.138.7.223/tv/heb.php?id=0402,,,,,,,1920x1080,CCSH.txt,3194,200,成功,h264,25.0,有音频,2.864,8,8
金鹰卡通,https://stream1.freetv.fun/3442dca643bbe89bae76ea70d2aa42b07671b0e1daef6ef390f9f4edd7807a49.m3u8,,,,,,,1280x720,CCSH.txt,17,403,成功,h264,25.0,有音频,1.661,156,128
麻栗坡电视台,http://m3u8.channel.wsrtv.com.cn/cms/videos/nmip-media/channellive/channel18/playlist.m3u8?zyund,,,,,,,1920x1080,CCSH.txt,831,200,成功,h264,,有音频,5.465,9,9
湖北经视,https://t.freetv.fun/live/hu-bei-jing-shi.m3u8,,,,,,,1280x720,CCSH.txt,43,403,成功,h264,25.0,有音频,0.609,8,8
淮安新闻综合,https://t.freetv.fun/live/huai-an-xin-wen-zong-he-1.m3u8,,,,,,,1920x1080,CCSH.txt,14,403,成功,h264,28.0,有音频,1.107,144,116
动漫秀场,https://stream1.freetv.fun/c1a9c0728c4a8d7636c7de8d4f69f3abdc906231ea7f7e72d59433843738617f.m3u8,,,,,,,1280x720,CCSH.txt,39,403,成功,h264,25.0,有音频,1.632,156,128
砚山电视台,http://m3u8.channel.wsrtv.com.cn/cms/videos/nmip-media/channellive/channel16/playlist.m3u8?zyund,,,,,,,848x480,CCSH.txt,1637,200,成功,h264,25.0,有音频,2.579,36,32
苏州文化生活,https://live-auth.51kandianshi.com/szgd/csztv3.m3u8,,,,,,,1280x720,CCSH.txt,1016,200,成功,h264,25.0,有音频,1.464,8,8
浙江民生休闲,http://ali-m-l.cztv.com/channels/lantian/channel006/1080p.m3u8,,,,,,,1920x1080,CCSH.txt,335,200,成功,h264,25.0,有音频,1.714,156,128
武义新闻综合,http://l.cztvcloud.com/channels/lantian/SXwuyi1/720p.m3u8?zzhed,,,,,,,720x576,CCSH.txt,246,200,成功,h264,,有音频,1.646,145,117
广东珠江,https://stream1.freetv.fun/943a56c1980ac8d65adeb0603437a8cd8da6241b019e93bba89c37ff050946e5.m3u8,,,,,,,1280x720,CCSH.txt,39,403,成功,h264,25.0,有音频,0.942,8,8
庆元综合,http://l.cztvcloud.com/channels/lantian/SXqingyuan1/720p.m3u8?zzhed?,,,,,,,1920x1080,CCSH.txt,231,200,成功,h264,25.0,有音频,1.760,144,116
南通新闻综合,https://migu.188766.xyz/?migutoken=09d90fb274e183c2c8e402be98bf9785&id=%E5%8D%97%E9%80%9A%E6%96%B0%E9%97%BB%E7%BB%BC%E5%90%88&type=yy,,,,,,,1920x1080,CCSH.txt,66,403,成功,h264,28.0,有音频,0.815,144,116
都市剧场,http://38.75.136.137:98/gslb/dsdqpub/dsjchd.m3u8?auth=testpub,,,,,,,1280x720,CCSH.txt,84,200,成功,h264,25.0,有音频,0.389,8,8
浙江教育,https://t.freetv.fun/live/zhe-jiang-jiao-yu-1.m3u8,,,,,,,640x360,CCSH.txt,45,403,成功,h264,25.0,有音频,1.915,37,33
浙江国际,https://ali-m-l.cztv.com/channels/lantian/channel010/1080p.m3u8?,,,,,,,1920x1080,CCSH.txt,1573,200,成功,h264,25.0,有音频,2.605,156,128
广州综合,https://t.freetv.fun/live/yan-zhou-zong-he-1.m3u8,,,,,,,1280x720,CCSH.txt,12,403,成功,h264,25.0,有音频,14.378,36,28
淮安新闻综合,https://migu.188766.xyz/?migutoken=00d1d6073e1dacfcfefa2b695a4097e4&id=%E6%B7%AE%E5%AE%89%E6%96%B0%E9%97%BB%E7%BB%BC%E5%90%88&type=yy,,,,,,,1920x1080,CCSH.txt,91,403,成功,h264,28.0,有音频,0.823,144,116
哈尔滨娱乐,https://t.freetv.fun/live/ha-er-bin-yu-le-1.m3u8,,,,,,,640x480,CCSH.txt,41,403,成功,h264,25.0,有音频,1.667,141,117
浙江影视,https://ali-m-l.cztv.com/channels/lantian/channel005/1080p.m3u8?,,,,,,,1920x1080,CCSH.txt,1582,200,成功,h264,25.0,有音频,2.895,36,32
浙江钱江,https://t.freetv.fun/live/zhe-jiang-qian-jiang-du-shi.m3u8,,,,,,,854x480,CCSH.txt,57,403,成功,h264,25.0,有音频,2.611,8,8
舒兰新闻综合,https://t.freetv.fun/live/shu-lan-xin-wen-zong-he-1.m3u8,,,,,,,320x240,CCSH.txt,42,403,成功,h264,25.0,有音频,1.903,157,129
河南民生,https://migu.188766.xyz/?migutoken=c0d75ff0e4f475b1e396077dcd54a76f&id=%E6%B0%91%E7%94%9F%E9%A2%91%E9%81%93&type=yy,,,,,,,1920x1080,CCSH.txt,75,403,成功,h264,28.0,有音频,0.823,144,116
第一财经,https://t.freetv.fun/live/shang-hai-di-yi-cai-jing-1.m3u8,,,,,,,1920x1080,CCSH.txt,38,403,成功,h264,28.0,有音频,1.101,144,116
海南少儿,https://migu.188766.xyz/?migutoken=cb61de7f7e38d1da7053246465d8a24f&id=hn_sepd&type=sz,,,,,,,1920x1080,CCSH.txt,65,403,成功,h264,28.0,有音频,0.808,144,116
广东新闻,https://t.freetv.fun/live/yan-dong-xin-wen-1.m3u8,,,,,,,1280x720,CCSH.txt,40,403,成功,h264,25.0,有音频,0.665,8,8
苍南新闻综合,https://t.freetv.fun/live/cang-nan-xin-wen-zong-he-2.m3u8,,,,,,,1920x1080,CCSH.txt,48,403,成功,h264,25.0,有音频,3.147,148,120
浙江民生休闲,https://t.freetv.fun/live/zhe-jiang-min-sheng-1.m3u8,,,,,,,1920x1080,CCSH.txt,42,403,成功,h264,25.0,有音频,2.042,156,128
浙江生活,https://t.freetv.fun/live/zhe-jiang-jing-ji-1.m3u8,,,,,,,1920x1080,CCSH.txt,48,403,成功,h264,25.0,有音频,2.851,156,128
广东珠江,https://t.freetv.fun/live/yan-dong-zhu-jiang-10.m3u8,,,,,,,1280x720,CCSH.txt,33,403,成功,h264,25.0,有音频,0.631,98,78
上虞文化影视,https://t.freetv.fun/live/shang-yu-wen-hua-ying-shi.m3u8,,,,,,,1920x1080,CCSH.txt,142,403,成功,h264,25.0,有音频,2.142,128,104
湖北生活,https://t.freetv.fun/live/hu-bei-sheng-huo.m3u8,,,,,,,1920x1080,CCSH.txt,36,403,成功,h264,25.0,有音频,0.661,8,8
浙江少儿,https://t.freetv.fun/live/zhe-jiang-shao-er-6.m3u8,,,,,,,640x360,CCSH.txt,44,403,成功,h264,25.0,有音频,1.858,157,129
淮安新闻综合,https://t.freetv.fun/live/huai-an-xin-wen-zong-he.php,,,,,,,854x480,CCSH.txt,12,403,成功,h264,25.0,有音频,3.181,8,8
嘉兴新闻综合,https://t.freetv.fun/live/jia-xing-xin-wen-zong-he-3.m3u8,,,,,,,1920x1080,CCSH.txt,142,403,成功,h264,25.0,有音频,5.557,24,20
浙江国际,https://t.freetv.fun/live/zhe-jiang-guo-ji-1.m3u8,,,,,,,1280x720,CCSH.txt,35,403,成功,h264,25.0,有音频,2.075,66,56
舒兰新闻综合,https://t.freetv.fun/live/shu-lan-xin-wen-zong-he.m3u8,,,,,,,320x240,CCSH.txt,14,403,成功,h264,25.0,有音频,3.140,157,129
南通新闻综合,https://t.freetv.fun/live/nan-tong-xin-wen-zong-he-1.php,,,,,,,1280x720,CCSH.txt,40,403,成功,h264,25.0,有音频,3.359,16,12
新闻综合,https://t.freetv.fun/live/shang-hai-xin-wen-zong-he.php,,,,,,,1280x720,CCSH.txt,20,403,成功,h264,25.0,有音频,3.181,8,8
航拍中国第二季,http://newcntv.qcloudcdn.com/asp/hls/4000/0303000a/3/default/2bdfdad540b342f592f9817cb7f3b79a/4000.m3u8,,,,,,,1920x1080,CCSH.txt,2226,200,成功,h264,25.0,有音频,1.816,34,28
浙江新闻,http://ali-m-l.cztv.com/channels/lantian/channel007/720p.m3u8,,,,,,,1280x720,CCSH.txt,210,200,成功,h264,25.0,有音频,1.384,156,128
第一财经,https://cdn3.163189.xyz/163189/dycj,,,,,,,1280x720,CCSH.txt,533,200,成功,h264,30.0,有音频,0.423,8,8
钱江都市,https://ali-m-l.cztv.com/channels/lantian/channel002/1080p.m3u8?,,,,,,,1920x1080,CCSH.txt,1523,200,成功,h264,25.0,有音频,2.776,156,128
广州综合,https://t.freetv.fun/live/yan-zhou-zong-he-6.m3u8,,,,,,,1280x720,CCSH.txt,16,403,成功,h264,25.0,有音频,6.078,36,28
上海都市,https://t.freetv.fun/live/shang-hai-du-shi.m3u8,,,,,,,1280x720,CCSH.txt,49,403,成功,h264,25.0,有音频,0.667,8,8
哈哈炫动,https://migu.188766.xyz/?migutoken=6736fc79a392fdd131512f7e0abee56e&id=hhxd&type=sz,,,,,,,1920x1080,CCSH.txt,82,403,成功,h264,28.0,有音频,0.804,144,116
浙江民生休闲,https://t.freetv.fun/live/zhe-jiang-min-sheng-xiu-xian-1.m3u8,,,,,,,1920x1080,CCSH.txt,15,403,成功,h264,25.0,有音频,3.575,140,116
哈尔滨娱乐,https://t.freetv.fun/live/ha-er-bin-yu-le-2.m3u8,,,,,,,640x480,CCSH.txt,13,403,成功,h264,25.0,有音频,4.563,157,129
陕西都市青春,https://migu.188766.xyz/?migutoken=801676c278f4acef9d0186c23f3e3d6e&id=%E9%99%95%E8%A5%BF%E9%83%BD%E5%B8%82%E9%9D%92%E6%98%A5%E9%A2%91%E9%81%93&type=yy,,,,,,,1920x1080,CCSH.txt,67,403,成功,h264,28.0,有音频,0.823,144,116
之江纪录,http://ali-m-l.cztv.com/channels/lantian/channel012/1080p.m3u8,,,,,,,1920x1080,CCSH.txt,169,200,成功,h264,25.0,有音频,1.379,156,128
哈尔滨资讯,https://t.freetv.fun/live/ha-er-bin-zi-xun.m3u8,,,,,,,640x480,CCSH.txt,41,403,成功,h264,25.0,有音频,2.722,157,129
浙江生活,https://t.freetv.fun/live/zhe-jiang-jing-ji-sheng-huo-4.m3u8,,,,,,,854x480,CCSH.txt,40,403,成功,h264,25.0,有音频,3.175,8,8
南通新闻综合,https://t.freetv.fun/live/nan-tong-xin-wen-zong-he.m3u8,,,,,,,1920x1080,CCSH.txt,45,403,成功,h264,28.0,有音频,1.092,144,116
湖北教育,https://t.freetv.fun/live/hu-bei-jiao-yu.m3u8,,,,,,,1920x1080,CCSH.txt,48,403,成功,h264,25.0,有音频,0.776,8,8
广东珠江,https://stream1.freetv.fun/967c330a56e8f2fed10ea053ac29b132d29e323680b5e20a53e3af6bcf7b2f54.m3u8,,,,,,,1280x720,CCSH.txt,14,403,成功,h264,25.0,有音频,1.663,156,128
上虞文化,https://t.freetv.fun/live/shang-yu-wen-hua.m3u8,,,,,,,1920x1080,CCSH.txt,41,403,成功,h264,25.0,有音频,2.532,116,92
北京财经,https://migu.188766.xyz/?migutoken=2aebaea39c216c72652d86f55dab5a53&id=%E5%8C%97%E4%BA%AC%E8%B4%A2%E7%BB%8F&type=yy,,,,,,,1920x1080,CCSH.txt,70,403,成功,h264,28.0,有音频,0.834,144,116
余姚综合,http://l.cztvcloud.com/channels/lantian/SXyuyao1/720p.m3u8?zzhed,,,,,,,1920x1080,CCSH.txt,300,200,成功,h264,25.0,有音频,1.776,144,116
兰溪新闻综合,https://t.freetv.fun/live/lan-xi-xin-wen-zong-he.m3u8,,,,,,,1280x720,CCSH.txt,14,403,成功,h264,25.0,有音频,2.212,150,122
新闻综合,https://t.freetv.fun/live/shang-hai-xin-wen.m3u8,,,,,,,1280x720,CCSH.txt,14,403,成功,h264,25.0,有音频,0.597,8,8
汕头综合,https://t.freetv.fun/live/shan-tou-zong-he-2.m3u8,,,,,,,720x576,CCSH.txt,35,403,成功,h264,25.0,有音频,2.992,8,8
上虞新闻综合,https://t.freetv.fun/live/shang-yu-xin-wen-zong-he-1.m3u8,,,,,,,1920x1080,CCSH.txt,36,403,成功,h264,25.0,有音频,2.155,122,98
新昌新闻综合,https://t.freetv.fun/live/xin-chang-xin-wen-zong-he.m3u8,,,,,,,1920x1080,CCSH.txt,42,403,成功,h264,25.0,有音频,3.868,144,116
苍南新闻综合,https://t.freetv.fun/live/cang-nan-xin-wen-zong-he.m3u8,,,,,,,1920x1080,CCSH.txt,43,403,成功,h264,25.0,有音频,4.291,148,120
象山新闻综合,https://t.freetv.fun/live/xiang-shan-xin-wen-zong-he-1.m3u8,,,,,,,1920x1080,CCSH.txt,17,403,成功,h264,25.0,有音频,2.427,8,8
浙江新闻,https://ali-m-l.cztv.com/channels/lantian/channel007/1080p.m3u8?,,,,,,,1920x1080,CCSH.txt,172,200,成功,h264,25.0,有音频,3.163,156,128
广东珠江,https://stream1.freetv.fun/yan-dong-zhu-jiang-2.ctv,,,,,,,1280x720,CCSH.txt,48,403,成功,h264,25.0,有音频,1.566,8,8
河南民生,https://t.freetv.fun/live/he-nan-min-sheng-1.m3u8,,,,,,,1920x1080,CCSH.txt,43,403,成功,h264,28.0,有音频,1.089,144,116
新闻综合,https://migu.188766.xyz/?migutoken=e416e846170a149755c45dfc58e4496c&id=%E4%B8%8A%E6%B5%B7%E6%96%B0%E9%97%BB%E7%BB%BC%E5%90%88&type=yy,,,,,,,1920x1080,CCSH.txt,75,403,成功,h264,28.0,有音频,0.790,144,116
浙江少儿,https://t.freetv.fun/live/zhe-jiang-shao-er-4.m3u8,,,,,,,1920x1080,CCSH.txt,39,403,成功,h264,25.0,有音频,2.870,156,128
浙江国际,https://t.freetv.fun/live/zhe-jiang-guo-ji-3.m3u8,,,,,,,1920x1080,CCSH.txt,49,403,成功,h264,25.0,有音频,3.056,140,116
平湖新闻综合,http://l.cztvcloud.com/channels/lantian/SXpinghu1/720p.m3u8?cWlkPSZzPTg3OWMwYmMyZDMzYTFhZGY3NDQxMjgyYTg1MmUzNTY0JmVzPTE3MDY2Nzc4NzMmdXVpZD0yMjdiY2MzNGNiNGY0MThlYjRiY2IxYzcwNmZjODNkMS02NzQ3NDY2NyZ2PTImYXM9MCZjZG5leF9pZD10eF9waG9uZV9saXZl,,,,,,,1280x720,CCSH.txt,263,200,成功,h264,25.0,有音频,2.121,8,8
海南公共,https://migu.188766.xyz/?migutoken=e1797551d05066568d98057ce41a4c42&id=hn_ggpd&type=sz,,,,,,,1920x1080,CCSH.txt,310,403,成功,h264,28.0,有音频,0.835,144,116
余姚姚江文化,http://l.cztvcloud.com/channels/lantian/SXyuyao3/720p.m3u8?zzhed,,,,,,,720x576,CCSH.txt,250,200,成功,h264,25.0,有音频,1.571,156,128
苏州生活资讯,https://t.freetv.fun/live/su-zhou-sheng-huo-zi-xun.m3u8,,,,,,,1280x720,CCSH.txt,36,403,成功,h264,25.0,有音频,1.718,8,8
第一财经,https://migu.188766.xyz/?migutoken=750a3b5711d545a308ab3e2b783a7d6f&id=dycj&type=sz,,,,,,,1920x1080,CCSH.txt,71,403,成功,h264,28.0,有音频,0.797,144,116
浙江教育,https://t.freetv.fun/live/zhe-jiang-jiao-yu-2.m3u8,,,,,,,1920x1080,CCSH.txt,14,403,成功,h264,25.0,有音频,3.022,156,128
浙江钱江,https://t.freetv.fun/live/zhe-jiang-qian-jiang-du-shi-1.m3u8,,,,,,,1920x1080,CCSH.txt,48,403,成功,h264,25.0,有音频,3.180,156,128
辉南新闻综合,https://t.freetv.fun/live/hui-nan-xin-wen-zong-he-1.m3u8,,,,,,,720x576,CCSH.txt,48,403,成功,h264,25.0,有音频,2.094,8,8
哈尔滨娱乐,https://t.freetv.fun/live/ha-er-bin-yu-le-3.m3u8,,,,,,,640x480,CCSH.txt,15,403,成功,h264,25.0,有音频,1.705,141,117
河南民生,https://t.freetv.fun/live/he-nan-min-sheng.m3u8,,,,,,,1920x1080,CCSH.txt,17,403,成功,h264,28.0,有音频,1.039,144,116
湖北影视,https://t.freetv.fun/live/hu-bei-ying-shi.m3u8,,,,,,,1280x720,CCSH.txt,38,403,成功,h264,25.0,有音频,0.459,8,8
浙江国际,https://t.freetv.fun/live/zhe-jiang-guo-ji-2.m3u8,,,,,,,640x360,CCSH.txt,11,403,成功,h264,25.0,有音频,2.123,157,129
南京十八,https://migu.188766.xyz/?migutoken=4ab6f7b97ab9f3b55c1bc6794c1d6c6a&id=%E5%8D%97%E4%BA%AC%E5%8D%81%E5%85%AB%E9%A2%91%E9%81%93&type=yy,,,,,,,1920x1080,CCSH.txt,69,403,成功,h264,28.0,有音频,0.799,144,116
金鹰卡通,https://stream1.freetv.fun/10c162a19187277452e11fbe6cc81e691467a45e9aaa62427d2ba9ed3d5254b9.m3u8,,,,,,,1280x720,CCSH.txt,14,403,成功,h264,25.0,有音频,1.729,156,128
浙江民生休闲,http://ali-m-l.cztv.com/channels/lantian/channel06/1080p.m3u8,,,,,,,1920x1080,CCSH.txt,296,200,成功,h264,25.0,有音频,1.782,36,32
浙江新闻,http://ali-m-l.cztv.com/channels/lantian/channel007/1080p.m3u8,,,,,,,1920x1080,CCSH.txt,170,200,成功,h264,25.0,有音频,1.418,156,128
卡酷少儿,https://migu.188766.xyz/?migutoken=906c0eb2a156c661099ef9c6b680114d&id=%E5%8C%97%E4%BA%AC%E5%8D%A1%E9%85%B7%E5%B0%91%E5%84%BF&type=yy,,,,,,,1920x1080,CCSH.txt,75,403,成功,h264,28.0,有音频,0.796,144,116
永嘉新闻综合,https://t.freetv.fun/live/yong-jia-xin-wen-zong-he.m3u8,,,,,,,1920x1080,CCSH.txt,49,403,成功,h264,25.0,有音频,2.644,148,120
兰溪新闻综合,https://t.freetv.fun/live/lan-xi-xin-wen-zong-he-1.m3u8,,,,,,,1280x720,CCSH.txt,38,403,成功,h264,25.0,有音频,1.912,150,122
浙江钱江,https://t.freetv.fun/live/zhe-jiang-qian-jiang.m3u8,,,,,,,1280x720,CCSH.txt,39,403,成功,h264,25.0,有音频,1.533,36,32
洞头综合,http://l.cztvcloud.com/channels/lantian/SXdongtou1/720p.m3u8?zzhed?,,,,,,,720x540,CCSH.txt,241,200,成功,h264,25.0,有音频,1.732,24,20
上虞新闻综合,https://t.freetv.fun/live/shang-yu-xin-wen-zong-he.m3u8,,,,,,,1920x1080,CCSH.txt,44,403,成功,h264,25.0,有音频,2.253,122,98
浙江新闻,https://t.freetv.fun/live/zhe-jiang-xin-wen.m3u8,,,,,,,1920x1080,CCSH.txt,48,403,成功,h264,25.0,有音频,2.942,156,128
陕西都市青春,https://t.freetv.fun/live/shan-xi-du-shi-qing-chun-2.m3u8,,,,,,,1920x1080,CCSH.txt,14,403,成功,h264,28.0,有音频,1.083,144,116
辽宁经济,http://120.76.248.139/live/bfgd/4200000480.m3u8,,,,,,,1920x1080,CCSH.txt,343,200,成功,h264,25.0,有音频,2.473,8,8
文成综合,https://t.freetv.fun/live/wen-cheng-xin-wen-zong-he.m3u8,,,,,,,1280x720,CCSH.txt,40,403,成功,h264,25.0,有音频,1.958,144,116
YMG未来,http://l.cztvcloud.com/channels/lantian/SXyuhang3/720p.m3u8?,,,,,,,1920x1080,CCSH.txt,1667,200,成功,h264,25.0,有音频,2.112,144,116
南京教科,https://migu.188766.xyz/?migutoken=e5cea347754b5e1f75424629354c41e8&id=%E5%8D%97%E4%BA%AC%E6%95%99%E7%A7%91%E9%A2%91%E9%81%93&type=yy,,,,,,,1920x1080,CCSH.txt,72,403,成功,h264,28.0,有音频,0.791,144,116
浙江民生休闲,http://ali-m-l.cztv.com/channels/lantian/channel06/720p.m3u8,,,,,,,1280x720,CCSH.txt,414,200,成功,h264,25.0,有音频,1.655,156,128
金鹰卡通,https://stream1.freetv.fun/6b9cda990431ca95508068a24d4709f1f0a86c466fc5baeb2c537eb04275bcd2.ctv,,,,,,,1280x720,CCSH.txt,205,403,成功,h264,25.0,有音频,1.880,156,128
广东珠江,https://stream1.freetv.fun/3e6c646d717a824425bca6f4f12c9091cc4725ab1afa8227b24b7a5bc6fcb019.m3u8,,,,,,,1280x720,CCSH.txt,47,403,成功,h264,25.0,有音频,1.873,156,128
云和新闻综合,http://l.cztvcloud.com/channels/lantian/SXyunhe1/720p.m3u8?zzhed,,,,,,,1280x720,CCSH.txt,262,200,成功,h264,25.0,有音频,1.934,128,104
广东珠江,https://stream1.freetv.fun/40786b6f9348d6a09c1f7c2fd8d7b3675ba4d6b8806af864cdb21ddc61a932e5.ctv,,,,,,,1280x720,CCSH.txt,43,403,成功,h264,25.0,有音频,1.698,156,128
广东珠江,https://stream1.freetv.fun/468bff09871ed8a1eba7a539f461001a9683ac2cbb084ef2d52449c7f1a52478.m3u8,,,,,,,1280x720,CCSH.txt,14,403,成功,h264,25.0,有音频,1.656,156,128
广东珠江,https://stream1.freetv.fun/5f12b986a77ebe5440c508c13895b3e7f8767b2a47c79f3f5fe948097e15337d.m3u8,,,,,,,1280x720,CCSH.txt,38,403,成功,h264,25.0,有音频,1.854,156,128
苍南新闻,http://l.cztvcloud.com/channels/lantian/SXcangnan1/720p.m3u8?zzhed?,,,,,,,1920x1080,CCSH.txt,262,200,成功,h264,25.0,有音频,2.278,148,120
哈尔滨新闻综合,http://stream.hrbtv.net/xwzh/sd/live.m3u8?zheild,,,,,,,640x480,CCSH.txt,1778,200,成功,h264,25.0,有音频,1.717,9,9
浙江数码时代,http://ali-m-l.cztv.com/channels/lantian/channel12/720p.m3u8,,,,,,,1280x720,CCSH.txt,167,200,成功,h264,25.0,有音频,1.550,156,128
河南都市,https://migu.188766.xyz/?migutoken=12f757a13b918e5a851c5de156b5e4de&id=%E9%83%BD%E5%B8%82%E9%A2%91%E9%81%93&type=yy,,,,,,,1920x1080,CCSH.txt,69,403,成功,h264,28.0,有音频,0.821,144,116
浙江少儿,https://ali-m-l.cztv.com/channels/lantian/channel008/1080p.m3u8?,,,,,,,1920x1080,CCSH.txt,195,200,成功,h264,25.0,有音频,2.685,156,128
萧山新闻综合,http://l.cztvcloud.com/channels/lantian/SXxiaoshan1/720p.m3u8?cWlkPSZzPTg3OWMwYmMyZDMzYTFhZGY3NDQxMjgyYTg1MmUzNTY0JmVzPTE3MDY2Nzc4NzMmdXVpZD0yMjdiY2MzNGNiNGY0MThlYjRiY2IxYzcwNmZjODNkMS02NzQ3NDY2NyZ2PTImYXM9MCZjZG5leF9pZD10eF9waG9uZV9saXZl,,,,,,,1280x720,CCSH.txt,264,200,成功,h264,25.0,有音频,1.952,8,8
浙江新闻,https://t.freetv.fun/live/zhe-jiang-xin-wen-1.m3u8,,,,,,,1920x1080,CCSH.txt,46,403,成功,h264,25.0,有音频,1.697,156,128
浙江少儿,https://t.freetv.fun/live/zhe-jiang-shao-er-3.m3u8,,,,,,,1920x1080,CCSH.txt,39,403,成功,h264,25.0,有音频,1.885,156,128
永嘉新闻综合,https://t.freetv.fun/live/yong-jia-xin-wen-zong-he-1.m3u8,,,,,,,1920x1080,CCSH.txt,39,403,成功,h264,25.0,有音频,2.499,148,120
动物星球,http://61.221.215.25:8800/hls/57/index.m3u8,,,,,,,1280x720,CCSH.txt,297,200,成功,h264,30.0,有音频,1.376,36,32
东方影视,https://t.freetv.fun/live/dong-fang-ying-shi-3.m3u8,,,,,,,1920x1080,CCSH.txt,40,403,成功,h264,28.0,有音频,1.298,144,116
浙江新闻,http://ali-m-l.cztv.com/channels/lantian/channel007/1080p.m3u8?zzhed,,,,,,,1920x1080,CCSH.txt,172,200,成功,h264,25.0,有音频,1.467,156,128
苏州社会经济,https://t.freetv.fun/live/su-zhou-she-hui-jing-ji.m3u8,,,,,,,1280x720,CCSH.txt,42,403,成功,h264,25.0,有音频,1.103,8,8
浙江民生休闲,https://t.freetv.fun/live/zhe-jiang-min-sheng.m3u8,,,,,,,640x360,CCSH.txt,15,403,成功,h264,25.0,有音频,2.547,127,105
浙江国际,https://t.freetv.fun/live/zhe-jiang-guo-ji.m3u8,,,,,,,1920x1080,CCSH.txt,35,403,成功,h264,25.0,有音频,2.012,156,128
赣州教育,https://pili-live-hls-sjxgz2024.sobeylive.com/jxgz2024/396_q_live172526335287668.m3u8,,,,,,,1920x1080,CCSH.txt,1121,200,成功,h264,25.0,有音频,4.409,126,104
《人间惊鸿客》,https://vd3.bdstatic.com/mda-mh2bbyjcqjxjhzkd/1080p/cae_h264/1627978577559447916/mda-mh2bbyjcqjxjhzkd.mp4,,,,,,,1280x720,CCSH.txt,141,200,成功,h264,25.0,有音频,0.618,24,20
2014年春晚,https://alimov2.a.kwimgs.com/upic/2023/01/06/16/BMjAyMzAxMDYxNjMxMTNfNDAzMDAxOTlfOTI4OTY2ODAzNjlfMF8z_b_Bdee65c77f9e7b2120a185c919dad81d2.mp4,,2014年春晚,,,,,1280x720,TianmuTNT.txt,118,200,成功,h264,24.999849371729482,有音频,1.759,25,21
CF穿越火线,https://live.ottiptv.cc/douyu/5388537,,,,,,,1920x1080,tvbwipv_4.txt,3008,502,成功,h264,30.0,有音频,1.652,156,128
海峡卫视,http://8.138.7.223/tv/hxws.m3u8,,海峡卫视,,,,,1920x1080,TianmuTNT.txt,437,200,成功,h264,25.0,有音频,3.537,8,8
[HD]alba xxx 1,https://t.freetv.fun/live/alba-xxx-1.m3u8,,&FlixHD,India,India,https://epg.pw/media/images/channel/2021/06/24/large/20210624003447280269_10.png,Movies,1280x720,freetv-fun-all.txt,63,403,成功,h264,25.0,有音频,1.538,156,128
[BD]33 канал,https://t.freetv.fun/live/33-kanal-2.m3u8,,7 канал (Одесса),Ukraine,Ukraine,https://epg.pw/media/images/channel/2022/05/06/large/20220506174819530509_49.png,News,1920x1080,freetv-fun-all.txt,21,403,成功,h264,50.0,有音频,3.921,156,128
恒山悬空寺全景,https://gcalic.v.myalicdn.com/gc/hsxksqj_1/index.m3u8,,,,,,,1920x1080,CCSH.txt,258,200,成功,h264,25.0,有音频,3.631,46,38
黄山飞来石,https://gcalic.v.myalicdn.com/gc/hsptgy_1/index.m3u8,,,,,,,1920x1080,CCSH.txt,739,200,成功,h264,25.0,有音频,3.505,68,56
2018年春晚,https://alimov2.a.kwimgs.com/upic/2023/01/06/16/BMjAyMzAxMDYxNjMxMTRfNDAzMDAxOTlfOTI4OTY2ODE2MTBfMF8z_b_B11a778e34390a21de42d407e94f45b91.mp4,,2018年春晚,,,,,1280x720,TianmuTNT.txt,130,200,成功,h264,25.0,有音频,1.164,24,20
湖南张家界迷魂台,https://gcalic.v.myalicdn.com/gc/zjjmht_1/index.m3u8,,,,,,,1280x720,CCSH.txt,260,200,成功,h264,25.0,有音频,3.733,38,32
[HD]ช่อง abc news,https://t.freetv.fun/live/ch-ng-abc-news.m3u8,,ABC NEWS,United States,United States,https://epg.pw/media/uploads/tmp_logo/2017/10/09/20171009012506131666_63.png,News,1280x720,freetv-fun-all.txt,20,403,成功,h264,25.0,有音频,1.509,156,128
《唱着情歌流着泪》,https://vd3.bdstatic.com/mda-mhwaejanf0ie6b8j/1080p/cae_h264/1630409563129833732/mda-mhwaejanf0ie6b8j.mp4,,,,,,,1280x720,CCSH.txt,153,200,成功,h264,25.0,有音频,0.391,24,20
凤凰古城东关门,https://gcalic.v.myalicdn.com/gc/fhgcdgm_1/index.m3u8,,,,,,,1920x1080,CCSH.txt,232,200,成功,h264,25.0,有音频,3.683,10,9
DJ《我们不再是从前》,https://vd2.bdstatic.com/mda-mhne550wq5m66zvj/1080p/cae_h264/1629803514331462220/mda-mhne550wq5m66zvj.mp4,,,,,,,1280x720,CCSH.txt,766,200,成功,h264,25.0,有音频,0.374,24,20
黄花城水长城02,https://gcalic.v.myalicdn.com/gc/wgw02_1/index.m3u8,,,,,,,1920x1080,CCSH.txt,269,200,成功,h264,20.0,有音频,4.167,99,81
[HD]ช่อง xy plus,https://t.freetv.fun/live/ch-ng-xy-plus.m3u8,,A PLUS,India,India,https://epg.pw/media/img/logo/A_PLUS.PNG,Generic,1280x720,freetv-fun-all.txt,22,403,成功,h264,25.0,有音频,1.351,156,128
黄果树六角亭瀑布,https://gcalic.v.myalicdn.com/gc/hgsspzxdpb_1/index.m3u8,,,,,,,1920x1080,CCSH.txt,727,200,成功,h264,25.0,有音频,3.586,19,17
5首劲爆dj,https://vd2.bdstatic.com/mda-mm69dxgtcqg28j9j/sc/cae_h264/1638860024910192032/mda-mm69dxgtcqg28j9j.mp4,,,,,,,1280x720,CCSH.txt,951,200,成功,h264,25.0,有音频,0.460,24,20
狮子山鸟瞰丽江古城,https://gcalic.v.myalicdn.com/gc/ljgcszsnkgc_1/index.m3u8,,,,,,,1280x720,CCSH.txt,285,200,成功,h264,25.0,有音频,3.275,25,23
DJ舞曲,https://vdse.bdstatic.com//8258cbe0dfd6738613fe9efd33a7a83f.mp4,,,,,,,640x360,CCSH.txt,641,200,成功,h264,30.0,有音频,2.425,25,21
DJ情歌,https://vd2.bdstatic.com/mda-mm67ychk60q5n0d1/sc/cae_h264/1638893384360470440/mda-mm67ychk60q5n0d1.mp4,,,,,,,1280x720,CCSH.txt,459,200,成功,h264,25.0,有音频,0.522,24,20
DJ《等爱》,https://vd2.bdstatic.com/mda-mfhh1e0hwq212rrt/sc/h264/1623988905898256147/mda-mfhh1e0hwq212rrt.mp4,,,,,,,896x504,CCSH.txt,608,200,成功,h264,25.0,有音频,0.406,24,20
新疆天山(定海神针),https://gcalic.v.myalicdn.com/gc/xjtcdhsz_1/index.m3u8,,,,,,,1920x1080,CCSH.txt,239,200,成功,h264,25.0,有音频,3.873,8,8
黄花城水长城03,https://gcalic.v.myalicdn.com/gc/wgw03_1/index.m3u8,,,,,,,1920x1080,CCSH.txt,297,200,成功,h264,25.0,有音频,3.378,32,26
[SD]cctv-5 plus,https://t.freetv.fun/live/cctv-5-plus.m3u8,,5 Plus,Myanmar,Myanmar,https://epg.pw/media/uploads/tmp_logo/2017/03/09/20170309022754069464_75.jpg,News,960x540,freetv-fun-all.txt,62,403,成功,h264,25.0,有音频,0.503,8,8
DJ版《三月里的小雨》,https://vd2.bdstatic.com/mda-mgwegh0bzv4cy6cb/1080p/cae_h264/1627727251470197083/mda-mgwegh0bzv4cy6cb.mp4,,,,,,,1280x720,CCSH.txt,150,200,成功,h264,25.0,有音频,0.403,24,20
[HD]ช่อง xy plus 24,https://t.freetv.fun/live/ch-ng-xy-plus-24.m3u8,,A PLUS,India,India,https://epg.pw/media/img/logo/A_PLUS.PNG,Generic,1280x720,freetv-fun-all.txt,21,403,成功,h264,25.0,有音频,1.385,156,128
四川峨眉山普贤菩萨铜像,https://gcalic.v.myalicdn.com/gc/emspxps_1/index.m3u8,,,,,,,1920x1080,CCSH.txt,284,200,成功,h264,25.0,有音频,3.559,12,11
黄花城水长城01,https://gcalic.v.myalicdn.com/gc/wgw01_1/index.m3u8,,,,,,,1280x720,CCSH.txt,705,200,成功,h264,25.0,有音频,3.414,14,12
新疆天山(灯杆山),https://gcalic.v.myalicdn.com/gc/xjtcdgs_1/index.m3u8,,,,,,,1280x720,CCSH.txt,268,200,成功,h264,25.0,有音频,3.547,10,9
泰山主峰,https://gcalic.v.myalicdn.com/gc/taishan01_1/index.m3u8,,,,,,,1280x720,CCSH.txt,274,200,成功,h264,25.0,有音频,3.566,15,14
四川峨眉山远眺万佛顶,https://gcalic.v.myalicdn.com/gc/emswfs_1/index.m3u8,,,,,,,1280x720,CCSH.txt,263,200,成功,h264,25.0,有音频,4.228,7,6
倩女幽魂妖魔道,http://jsmov2.a.yximgs.com/bs3/video-hls/5232901391302199073_hlsb.m3u8,,倩女幽魂妖魔道,,,,,1350x720,TianmuTNT.txt,414,200,成功,h264,30.0,有音频,1.344,34,28
[HD]ช่อง ros-xy plus 12,https://t.freetv.fun/live/ch-ng-ros-xy-plus-12.m3u8,,A PLUS,India,India,https://epg.pw/media/img/logo/A_PLUS.PNG,Generic,1280x720,freetv-fun-all.txt,20,403,成功,h264,25.0,有音频,1.397,156,128
《爱你到最后一刻》,https://vd3.bdstatic.com/mda-mhr9c7q9xzgy1812/1080p/cae_h264/1630062648077583523/mda-mhr9c7q9xzgy1812.mp4,,,,,,,1280x720,CCSH.txt,146,200,成功,h264,25.0,有音频,0.398,24,20
凤凰古城南华山,https://gcalic.v.myalicdn.com/gc/fhgcdnhs_1/index.m3u8,,,,,,,1920x1080,CCSH.txt,275,200,成功,h264,25.0,有音频,4.380,8,8
DJ《醉过多少回》,https://vd4.bdstatic.com/mda-megp46e98a4f2b9g/sc/h264/1621239560364992817/mda-megp46e98a4f2b9g.mp4,,,,,,,896x504,CCSH.txt,769,200,成功,h264,25.0,有音频,0.380,24,20
DJ情歌《爱情迷了路》,https://vd4.bdstatic.com/mda-mdbrb7fns70avrmt/1080p/cae_h264/1618222287/mda-mdbrb7fns70avrmt.mp4,,,,,,,1280x720,CCSH.txt,558,200,成功,h264,25.0,有音频,0.370,24,20
中央电视塔南,https://gcalic.v.myalicdn.com/gc/ztn_1/index.m3u8,,,,,,,1280x720,CCSH.txt,272,200,成功,h264,25.0,有音频,3.691,20,16
欧美配音电影,https://yylunbo.ottiptv.cc/yy/1354693629,,欧美配音电影,,,,,1280x720,TianmuTNT.txt,1463,200,成功,h264,,有音频,1.931,17,13
新白娘子4K观看,https://yylunbo.ottiptv.cc/yy/1508961855,,新白娘子4K观看,,,,,720x1280,TianmuTNT.txt,625,200,成功,h264,24.0,有音频,1.940,36,29
泰山十八盘,https://gcalic.v.myalicdn.com/gc/taishan05_1/index.m3u8,,,,,,,1920x1080,CCSH.txt,266,200,成功,h264,25.0,有音频,4.243,19,17
倩女幽魂道道道,http://jsmov2.a.yximgs.com/bs3/video-hls/5216294367991385255_hlsb.m3u8,,倩女幽魂道道道,,,,,1326x720,TianmuTNT.txt,458,200,成功,h264,23.976023976023978,有音频,1.625,25,21
DJ《心在跳情在烧》,https://vd4.bdstatic.com/mda-mhwf07t27w3gi1y7/1080p/cae_h264/1630406994590156367/mda-mhwf07t27w3gi1y7.mp4,,,,,,,1280x720,CCSH.txt,1083,200,成功,h264,25.0,有音频,0.421,24,20
新疆天山(马牙山),https://gcalic.v.myalicdn.com/gc/xjtcmys_1/index.m3u8,,,,,,,1920x1080,CCSH.txt,267,200,成功,h264,25.0,有音频,3.798,21,20
春晚2024,https://p2.bdstatic.com/rtmp.liveshow.lss-user.baidubce.com/live/stream_bduid_6488563992_8982723413/merged_1707497046297_88536_25144_41936.m3u8,,,,,,,1920x1080,CCSH.txt,1754,200,成功,h264,25.0,有音频,5.251,36,32
DJ版《原谅你的谎》,https://vd4.bdstatic.com/mda-mhacxx5vhr2we882/1080p/cae_h264/1628673933350116053/mda-mhacxx5vhr2we882.mp4,,,,,,,1280x720,CCSH.txt,192,200,成功,h264,25.0,有音频,0.404,24,20
经典剧集,http://www.douzhicloud.site:35455/douyu/6863367,,经典剧集,,,,,1920x1080,TianmuTNT.txt,455,200,成功,h264,30.0,有音频,0.917,156,128
泰山南天门,https://gcalic.v.myalicdn.com/gc/hkts07_1/index.m3u8,,,,,,,1280x720,CCSH.txt,268,200,成功,h264,25.0,有音频,3.308,8,8
CGTN西语,https://0472.org/hls/cgtnx.m3u8,,CGTN西语,,,,,1920x1080,TianmuTNT.txt,34,200,成功,h264,25.0,有音频,1.708,8,8
金川乡村,http://live.jinchuanrmt.com:90/live/jcxc.m3u8?zsicd,,,,,,,1024x576,CCSH.txt,871,200,成功,h264,25.0,有音频,2.085,8,8
天涯石,https://gcalic.v.myalicdn.com/gc/tyhjtys_1/index.m3u8,,,,,,,1280x720,CCSH.txt,293,200,成功,h264,15.0,有音频,3.834,26,24
[HD]ช่อง xy plus 6,https://t.freetv.fun/live/ch-ng-xy-plus-6.m3u8,,A PLUS,India,India,https://epg.pw/media/img/logo/A_PLUS.PNG,Generic,1280x720,freetv-fun-all.txt,21,403,成功,h264,25.0,有音频,1.180,156,128
[BD]24 канал,https://t.freetv.fun/live/24-kanal-3.m3u8,,24 Канал,Ukraine,Ukraine,https://epg.pw/media/images/channel/2021/11/13/large/20211113232147010060_64.png,News,1920x1080,freetv-fun-all.txt,61,403,成功,h264,50.0,有音频,3.327,156,128
宜兴新闻,http://yixing-tv-ori-hls.jstv.com/yixing-tv-ori/yixing_xw.m3u8,,宜兴新闻,,,,,1280x720,TianmuTNT.txt,766,200,成功,h264,25.0,有音频,0.461,36,28
进来陪你看电视,https://yylunbo.ottiptv.cc/yy/1353518742,,进来陪你看电视,,,,,720x1280,TianmuTNT.txt,650,200,成功,h264,,有音频,5.816,9,7
CGTN俄语,http://russian-livews.cgtn.com/hls/LSvexABhNipibK5KRuUkvHZ7220802LSTeze9o8tdFXMHsb1VosgoT220802cd.m3u8,,CGTN俄语,,,,,1920x1080,TianmuTNT.txt,753,200,成功,h264,25.0,有音频,1.110,8,8
正在直播经典影视,https://yylunbo.ottiptv.cc/yy/1353454489,,正在直播经典影视,,,,,1920x1080,TianmuTNT.txt,338,200,成功,h264,30.0,有音频,0.878,128,104
1930年代经典电影,https://yylunbo.ottiptv.cc/yy/1356363815,,1930年代经典电影,,,,,1024x576,TianmuTNT.txt,5022,200,成功,h264,23.976023976023978,有音频,9.753,37,29
[HD]ช่อง кино 18 plus,https://t.freetv.fun/live/ch-ng-kino-18-plus.m3u8,,A PLUS,India,India,https://epg.pw/media/img/logo/A_PLUS.PNG,Generic,1280x720,freetv-fun-all.txt,20,403,成功,h264,25.0,有音频,1.386,156,128
浙江-舟山东极岛,https://gcalic.v.myalicdn.com/gc/djd01_1/index.m3u8?contentid=2820180516001,,,,,,,1280x720,CCSH.txt,273,200,成功,h264,25.0,有音频,3.344,60,48
DJ版《一个人挺好》,https://vd3.bdstatic.com/mda-mh6gqq4b59z26cjx/1080p/cae_h264/1628504623473300938/mda-mh6gqq4b59z26cjx.mp4,,,,,,,1280x720,CCSH.txt,504,200,成功,h264,25.0,有音频,1.103,24,20
[BD]news malayalam 24x7,https://t.freetv.fun/live/news-malayalam-24x7.m3u8,,2016 EURO 1,Malaysia,Malaysia,https://epg.pw/media/,Sports,1920x1080,freetv-fun-all.txt,68,403,成功,h264,25.0,有音频,1.987,8,8
2026-01-13 06:26:53,https://vd3.bdstatic.com/mda-rkaittm5s06vzzyq/sc/cae_h264/1762869883709304452/mda-rkaittm5s06vzzyq.mp4,,2026-01-13 06:26:53,,,,,1280x720,TianmuTNT.txt,205,200,成功,h264,25.0,有音频,0.435,30,26
普陀山,https://gcalic.v.myalicdn.com/gc/pts01_1/index.m3u8,,,,,,,1920x1080,CCSH.txt,266,200,成功,h264,25.0,有音频,3.472,8,8
DJ版《时间会知道你好不好》,https://vd3.bdstatic.com/mda-mhairve7gvye1192/1080p/cae_h264/1629457148988604256/mda-mhairve7gvye1192.mp4,,,,,,,1280x720,CCSH.txt,215,200,成功,h264,25.0,有音频,0.390,24,20
CCTV13,https://cdn3.163189.xyz/163189/cctv13,,,,,,,1920x1080,tvbwipv_4.txt,571,200,成功,h264,25.0,有音频,0.710,8,8
[BD]24 канал,https://t.freetv.fun/live/24-kanal-4.m3u8,,24 Канал,Ukraine,Ukraine,https://epg.pw/media/images/channel/2021/11/13/large/20211113232147010060_64.png,News,1920x1080,freetv-fun-all.txt,67,403,成功,h264,50.0,有音频,3.025,156,128
[VGA]aastha bhajan,https://t.freetv.fun/live/aastha-bhajan-1.m3u8,,AASTHA,India,India,https://epg.pw/media/images/channel/2022/05/06/large/20220506164217864665_19.png,Generic,256x144,freetv-fun-all.txt,63,403,成功,h264,25.0,有音频,1.973,9,9
丽江古城大水车,https://gcalic.v.myalicdn.com/gc/ljgcdsc_1/index.m3u8,,,,,,,1280x720,CCSH.txt,281,200,成功,h264,25.0,有音频,3.707,12,11
飞碟之谜01,https://hls.cntv.lxdns.com/asp/hls/2000/0303000a/3/default/f0a47e155d32450daa1d36a04fd7d262/2000.m3u8,,飞碟之谜01,,,,,480x270,TianmuTNT.txt,1496,200,成功,h264,25.0,有音频,3.329,25,21
斗鱼港剧,http://www.douzhicloud.site:35455/douyu/5061550,,斗鱼港剧,,,,,1920x1080,TianmuTNT.txt,965,200,成功,h264,30.0,有音频,1.230,140,116
cs go,https://live.ottiptv.cc/douyu/601514,,,,,,,1920x1080,tvbwipv_4.txt,8055,502,成功,h264,30.0,有音频,1.833,140,116
[HD]ช่อง xy plus 2,https://t.freetv.fun/live/ch-ng-xy-plus-2.m3u8,,A PLUS,India,India,https://epg.pw/media/img/logo/A_PLUS.PNG,Generic,1280x720,freetv-fun-all.txt,20,403,成功,h264,25.0,有音频,1.160,156,128
泰山大观峰,https://gcalic.v.myalicdn.com/gc/taishan03_1/index.m3u8,,,,,,,1920x1080,CCSH.txt,271,200,成功,h264,25.0,有音频,4.163,7,6
[HD]koogi tv,https://t.freetv.fun/live/koogi-tv-1.m3u8,,&FlixHD,India,India,https://epg.pw/media/images/channel/2021/06/24/large/20210624003447280269_10.png,Movies,1280x720,freetv-fun-all.txt,22,403,成功,h264,25.0,有音频,2.364,8,8
四川峨眉山云海日出,https://gcalic.v.myalicdn.com/gc/emsarm_1/index.m3u8,,,,,,,1280x720,CCSH.txt,1002,200,成功,h264,25.0,有音频,3.385,38,32
云南大理崇圣寺三塔中景,https://gcalic.v.myalicdn.com/gc/dlst03_1/index.m3u8,,,,,,,1280x720,CCSH.txt,236,200,成功,h264,25.0,有音频,3.266,8,8
DJ版《望爱却步》,https://vd4.bdstatic.com/mda-mh3ei4sg2jypty79/1080p/cae_h264/1628072927342489970/mda-mh3ei4sg2jypty79.mp4,,,,,,,1280x720,CCSH.txt,147,200,成功,h264,25.0,有音频,1.041,24,20
月牙泉,https://gcalic.v.myalicdn.com/gc/dhyyqsm_1/index.m3u8,,,,,,,1920x1080,CCSH.txt,279,200,成功,h264,25.0,有音频,3.570,15,14
2021热门伤感DJ,https://vdse.bdstatic.com//06b4e9b185b843e694e4d20e9b0a0aac.mp4,,,,,,,1280x720,CCSH.txt,1638,200,成功,h264,24.942766469030392,有音频,5.493,25,21
兵团五师双河影,https://liveout.btzx.com.cn/62ds9e/6o77s4.m3u8?zxinjd,,兵团五师双河影,,,,,1280x720,TianmuTNT.txt,1920,200,成功,h264,24.0,有音频,4.203,97,81
龙门飞甲,http://jsmov2.a.yximgs.com/bs3/video-hls/5203346449046555193_hlsb.m3u8,,龙门飞甲,,,,,720x306,TianmuTNT.txt,1160,200,成功,h264,24.0,有音频,2.197,25,21
浙江舟山东极岛,https://gcalic.v.myalicdn.com/gc/djd01_1/index.m3u8,,,,,,,1280x720,CCSH.txt,269,200,成功,h264,25.0,有音频,3.185,60,48
邢台生活,https://jwcdnqx.hebyun.com.cn/live/xtcsshpd/1500k/tzwj_video.m3u8,,邢台生活,,,,,1280x720,TianmuTNT.txt,1466,200,成功,h264,25.0,有音频,3.930,98,80
安徽黟县芦村远眺,https://gcalic.v.myalicdn.com/gc/yxlcyt_1/index.m3u8,,,,,,,1280x720,CCSH.txt,320,200,成功,h264,25.0,有音频,3.213,8,8
远去的飞鹰影视剧,https://yylunbo.ottiptv.cc/yy/1354930912,,远去的飞鹰影视剧,,,,,1280x720,TianmuTNT.txt,1746,200,成功,h264,25.0,有音频,2.670,16,12
丽江古城大研花巷观景,https://gcalic.v.myalicdn.com/gc/ljgcdyhxgjt_1/index.m3u8,,,,,,,1920x1080,CCSH.txt,268,200,成功,h264,25.0,有音频,3.512,8,8
黄花城水长城02,http://gctxyc.liveplay.myqcloud.com/gc/wgw02_1/index.m3u8,,,,,,,1920x1080,CCSH.txt,1062,200,成功,h264,20.0,有音频,5.362,93,75
云南大理崇圣寺三塔远景,https://gcalic.v.myalicdn.com/gc/dlst01_1/index.m3u8,,,,,,,1280x720,CCSH.txt,274,200,成功,h264,25.0,有音频,3.586,8,8
安徽黟县西递牌坊,https://gcalic.v.myalicdn.com/gc/yxxdpf_1/index.m3u8,,,,,,,1280x720,CCSH.txt,269,200,成功,h264,25.0,有音频,3.266,38,32
[HD]tv novo tempo,https://t.freetv.fun/live/tv-novo-tempo-1.m3u8,,&FlixHD,India,India,https://epg.pw/media/images/channel/2021/06/24/large/20210624003447280269_10.png,Movies,1280x720,freetv-fun-all.txt,21,403,成功,h264,29.97002997002997,有音频,1.408,8,8
DJ版《爱不得忘不舍》,https://vd3.bdstatic.com/mda-mh8j8egnj8idbvd8/1080p/cae_h264/1629367979662473678/mda-mh8j8egnj8idbvd8.mp4,,,,,,,1280x720,CCSH.txt,148,200,成功,h264,25.0,有音频,0.666,24,20
[HD]ช่อง vf cartoon 18 plus,https://t.freetv.fun/live/ch-ng-vf-cartoon-18-plus.m3u8,,A PLUS,India,India,https://epg.pw/media/img/logo/A_PLUS.PNG,Generic,1280x720,freetv-fun-all.txt,20,403,成功,h264,25.0,有音频,1.162,156,128
重温经典,https://other.ottiptv.cc/cwjd.m3u8,,重温经典,,,,,1920x1080,TianmuTNT.txt,870,200,成功,h264,30.0,有音频,0.962,156,128
[BD]новий канал,https://t.freetv.fun/live/novii-kanal.m3u8,,7 канал (Одесса),Ukraine,Ukraine,https://epg.pw/media/images/channel/2022/05/06/large/20220506174819530509_49.png,News,1920x1080,freetv-fun-all.txt,63,403,成功,h264,50.0,有音频,3.021,156,128
靓剑乐乐陪看,https://yylunbo.ottiptv.cc/yy/1352946111,,靓剑乐乐陪看,,,,,1920x1080,TianmuTNT.txt,523,200,成功,h264,30.0,有音频,0.895,128,104
[HD]abc news live 6,https://t.freetv.fun/live/abc-news-live-6.m3u8,,ABC News Live,United States,United States,https://epg.pw/media/,News,1280x720,freetv-fun-all.txt,64,403,成功,h264,29.97002997002997,有音频,0.930,46,36
韩国EBS少儿,http://ebsonairios.ebs.co.kr/ebsutablet500k/tablet500k/playlist.m3u8,,韩国EBS少儿,,,,,640x360,TianmuTNT.txt,1958,200,成功,h264,29.97002997002997,有音频,1.749,9,9
云南白沙远眺玉龙雪山,https://gcalic.v.myalicdn.com/gc/hkylxs03_1/index.m3u8,,,,,,,1920x1080,CCSH.txt,293,200,成功,h264,25.0,有音频,4.780,15,14
2002年春晚,https://alimov2.a.kwimgs.com/upic/2023/01/13/21/BMjAyMzAxMTMyMTE4MzRfNDAzMDAxOTlfOTM1MDY4ODIxNDdfMF8z_b_Ba6271d10b7e6cfae83759033a091f257.mp4,,2002年春晚,,,,,982x720,TianmuTNT.txt,805,200,成功,h264,24.99980668483829,有音频,1.511,25,21
DJ版《蜜雪冰城》,https://vd3.bdstatic.com/mda-mhbae2pwwxhyxjcz/1080p/cae_h264/1628767594518574030/mda-mhbae2pwwxhyxjcz.mp4,,,,,,,1280x720,CCSH.txt,148,200,成功,h264,25.0,有音频,0.354,24,20
2021爆红《6首女生版伤感DJ》HD,https://vdse.bdstatic.com//2e77709380ad7e6163e80c4d5c179689.mp4,,,,,,,1280x720,CCSH.txt,1476,200,成功,h264,24.939333237748745,有音频,5.098,25,21
2021年最火伤感音乐,https://vdse.bdstatic.com//6d39df48360bdb12f73800397c4a6c02.mp4,,,,,,,1920x1080,CCSH.txt,2005,200,成功,h264,24.94192157956076,有音频,4.370,25,21
1993年春晚,https://alimov2.a.kwimgs.com/upic/2023/01/13/22/BMjAyMzAxMTMyMjEwMDNfNDAzMDAxOTlfOTM1MTIzMzYwODJfMF8z_b_B647d10e431b4cc5e48e6c77347d69021.mp4,,1993年春晚,,,,,982x720,TianmuTNT.txt,1310,200,成功,h264,24.999840436056346,有音频,1.261,25,21
2004年春晚,https://alimov2.a.kwimgs.com/upic/2023/01/13/21/BMjAyMzAxMTMyMTE4MzRfNDAzMDAxOTlfOTM1MDY4ODIxOTVfMF8z_b_B86c4430b82ff5a7f4e8132f6ee558536.mp4,,2004年春晚,,,,,982x720,TianmuTNT.txt,433,200,成功,h264,24.99982550672846,有音频,0.985,25,21
湖南张家界宝峰湖,https://gcalic.v.myalicdn.com/gc/zjjbfh_1/index.m3u8,,,,,,,1280x720,CCSH.txt,322,200,成功,h264,25.0,有音频,4.286,19,17
[HD]game plus (720p),https://t.freetv.fun/live/game-plus-720p.m3u8,,A PLUS,India,India,https://epg.pw/media/img/logo/A_PLUS.PNG,Generic,1280x720,freetv-fun-all.txt,20,403,成功,h264,29.97002997002997,有音频,1.118,8,8
2001年春晚,https://alimov2.a.kwimgs.com/upic/2023/01/13/20/BMjAyMzAxMTMyMDA5MjJfNDAzMDAxOTlfOTM0OTkwNDQyMDFfMF8z_b_B70592cb7c4054e9cabb675e849bbf4bd.mp4,,2001年春晚,,,,,982x720,TianmuTNT.txt,923,200,成功,h264,25.0,有音频,1.028,24,20
[BD]sony sports ten 1,https://t.freetv.fun/live/sony-sports-ten-1-1.ts,,&FlixHD,India,India,https://epg.pw/media/images/channel/2021/06/24/large/20210624003447280269_10.png,Movies,1920x1080,freetv-fun-all.txt,21,403,成功,h264,50.0,有音频,1.900,8,8
1996年春晚,https://alimov2.a.kwimgs.com/upic/2023/01/13/22/BMjAyMzAxMTMyMjEwMDNfNDAzMDAxOTlfOTM1MTIzMzYxNTJfMF8z_b_Bd841eae10ab1c9955ef55fbedfae6c45.mp4,,1996年春晚,,,,,982x720,TianmuTNT.txt,1088,200,成功,h264,24.99984181920568,有音频,1.096,25,21
[SD]abc,https://t.freetv.fun/live/abc.m3u8,,ABC Australia,Australia,Australia,https://epg.pw/media/images/channel/2020/04/28/large/20200428152920288821_56.png,News,640x360,freetv-fun-all.txt,21,403,成功,h264,30.0,有音频,3.684,9,9
泰山望人松,https://gcalic.v.myalicdn.com/gc/taishan02_1/index.m3u8,,,,,,,1280x720,CCSH.txt,283,200,成功,h264,25.0,有音频,5.422,7,6
2003年春晚,https://alimov2.a.kwimgs.com/upic/2023/01/14/23/BMjAyMzAxMTQyMzQxNDdfNDAzMDAxOTlfOTM2MTU0MTk1NDFfMF8z_b_B182749d2cd2ea9323639254af385f24b.mp4,,2003年春晚,,,,,982x720,TianmuTNT.txt,697,200,成功,h264,24.999830508474577,有音频,1.272,25,21
2000年春晚,https://alimov2.a.kwimgs.com/upic/2023/01/13/21/BMjAyMzAxMTMyMTE4MzRfNDAzMDAxOTlfOTM1MDY4ODIxMTNfMF8z_b_Bdddf4e7ef0ff6cfd477857bb40e78419.mp4,,2000年春晚,,,,,982x720,TianmuTNT.txt,967,200,成功,h264,24.999797332900975,有音频,0.922,25,21
倩女幽魂人间道,http://jsmov2.a.yximgs.com/bs3/video-hls/5250634317044855747_hlsb.m3u8,,倩女幽魂人间道,,,,,1282x694,TianmuTNT.txt,205,200,成功,h264,25.0,有音频,1.434,24,20
1995年春晚,https://alimov2.a.kwimgs.com/upic/2023/01/13/20/BMjAyMzAxMTMyMDA5MjJfNDAzMDAxOTlfOTM0OTkwNDQwNzVfMF8z_b_B811c0dec6b9a3d3074a18522c185010a.mp4,,1995年春晚,,,,,982x720,TianmuTNT.txt,1178,200,成功,h264,24.999852125255824,有音频,1.491,25,21
《拈花一笑》《对面的小姐姐》《想你了小哥哥》《一朵情花开》,https://vdse.bdstatic.com//7cfaf27a4db89583e069a40fbc2ed84b.mp4,,,,,,,1920x1080,CCSH.txt,890,200,成功,h264,23.940839717172558,有音频,4.674,25,21
YY果国际电影频道,https://yylunbo.ottiptv.cc/yy/1382627144,,YY果国际电影频道,,,,,1280x720,TianmuTNT.txt,8611,200,成功,h264,25.0,有音频,9.815,36,28
[HD]92 news,https://t.freetv.fun/live/92-news.m3u8,,92 News HD,Pakistan,Pakistan,https://epg.pw/media/images/channel/2021/11/13/large/20211113231449889665_24.png,News,1280x720,freetv-fun-all.txt,313,403,成功,h264,25.0,有音频,0.855,8,8
2021年网络火爆伤感情歌6首,https://vdse.bdstatic.com//80e0473f97055cec1c9c76c1c7e5498a.mp4,,,,,,,1920x1080,CCSH.txt,2064,200,成功,h264,24.941506408974938,有音频,4.955,25,21
1994年春晚,https://alimov2.a.kwimgs.com/upic/2023/01/13/22/BMjAyMzAxMTMyMjEwMDNfNDAzMDAxOTlfOTM1MTIzMzYxMjNfMF8z_b_B3dde97f36273f04403d4dc5eec611a35.mp4,,1994年春晚,,,,,982x720,TianmuTNT.txt,1262,200,成功,h264,24.99986249608114,有音频,1.184,25,21
[HD]ช่อง playboy plus,https://t.freetv.fun/live/ch-ng-playboy-plus.m3u8,,A PLUS,India,India,https://epg.pw/media/img/logo/A_PLUS.PNG,Generic,1280x720,freetv-fun-all.txt,22,403,成功,h264,25.0,有音频,1.306,156,128
怪医文三块影视剧,https://yylunbo.ottiptv.cc/yy/1354936154,,怪医文三块影视剧,,,,,1920x1080,TianmuTNT.txt,4905,200,成功,h264,30.0,有音频,10.890,48,40
陕西洋县国宝朱鹮03,https://gcalic.v.myalicdn.com/gc/zh03_1/index.m3u8,,,,,,,1920x1080,CCSH.txt,1129,200,成功,h264,25.0,有音频,3.777,14,12
2006年春晚,https://alimov2.a.kwimgs.com/upic/2023/01/13/20/BMjAyMzAxMTMyMDA5MjJfNDAzMDAxOTlfOTM0OTkwNDQyNzlfMF8z_b_Bbc3703fc331dc994c50859c19aad28ff.mp4,,2006年春晚,,,,,786x576,TianmuTNT.txt,300,200,成功,h264,24.999915277787192,有音频,1.006,25,21
[BD]5 канал україна,https://t.freetv.fun/live/5-kanal-ukraina.m3u8,,7 канал (Одесса),Ukraine,Ukraine,https://epg.pw/media/images/channel/2022/05/06/large/20220506174819530509_49.png,News,1920x1080,freetv-fun-all.txt,21,403,成功,h264,50.0,有音频,3.293,156,128
DJ舞曲《让我做你的眼睛》,https://vd2.bdstatic.com/mda-mhaargrart2qrkdz/1080p/cae_h264/1629630942996744682/mda-mhaargrart2qrkdz.mp4,,,,,,,1280x720,CCSH.txt,147,200,成功,h264,25.0,有音频,1.104,24,20
江苏-南京玄武湖公园,https://gcalic.v.myalicdn.com/gc/xwh01_1/index.m3u8?contentid=2820180516001,,,,,,,1280x720,CCSH.txt,270,200,成功,h264,25.0,有音频,3.519,8,8
2021最佳伤感情歌HD,https://vdse.bdstatic.com//59c5abc138bf1da5585bb765c530137e.mp4,,,,,,,1280x720,CCSH.txt,1978,200,成功,h264,24.938649454092072,有音频,4.329,25,21
[BD]tv flow,https://t.freetv.fun/live/tv-flow-1.m3u8,,112 Украина,Ukraine,Ukraine,https://epg.pw/media/uploads/tmp_logo/2016/05/26/20160526054905439808_39.png,News,1920x1080,freetv-fun-all.txt,21,403,成功,h264,25.0,有音频,2.438,8,8
2005年春晚,https://alimov2.a.kwimgs.com/upic/2023/01/13/20/BMjAyMzAxMTMyMDA5MjJfNDAzMDAxOTlfOTM0OTkwNDQyMzhfMF8z_b_B35ad7cc86aec8fc9e5ddfb31fc7bed63.mp4,,2005年春晚,,,,,982x720,TianmuTNT.txt,398,200,成功,h264,24.999565772447394,有音频,0.570,25,21
黄山,https://gcalic.v.myalicdn.com/gc/ahhs01_1/index.m3u8,,,,,,,1920x1080,CCSH.txt,1147,200,成功,h264,25.0,有音频,3.512,13,12
《爱难求情难断…》,https://vdse.bdstatic.com//0c8ed110c5522e9bd31752ecb999b1ab.mp4,,,,,,,1920x1080,CCSH.txt,698,200,成功,h264,24.94096826259632,有音频,4.809,25,21
天津,https://newcntv.qcloudcdn.com/asp/hls/main/0303000a/3/default/5f03d9f1684241f696b25a19ffc44145/main.m3u8,,,,,,,480x270,CCSH.txt,470,200,成功,h264,25.0,有音频,5.438,25,21
2007年春晚,https://alimov2.a.kwimgs.com/upic/2023/01/13/20/BMjAyMzAxMTMyMDA5MjJfNDAzMDAxOTlfOTM0OTkwNDQzMjNfMF8z_b_B00b069c7899976459ceeaa99353dfefe.mp4,,2007年春晚,,,,,982x720,TianmuTNT.txt,129,200,成功,h264,24.999814593700634,有音频,0.953,25,21
[HD]fifa plus,https://t.freetv.fun/live/fifa-plus-3.m3u8,,A PLUS,India,India,https://epg.pw/media/img/logo/A_PLUS.PNG,Generic,1280x720,freetv-fun-all.txt,20,403,成功,h264,29.97002997002997,有音频,4.689,16,12
[SD]walla ! plus,https://t.freetv.fun/live/walla-plus.m3u8,,A PLUS,India,India,https://epg.pw/media/img/logo/A_PLUS.PNG,Generic,896x504,freetv-fun-all.txt,324,403,成功,h264,25.0,有音频,2.549,8,8
湖南张家界将军列队,https://gcalic.v.myalicdn.com/gc/zjjjjdl_1/index.m3u8,,,,,,,1280x720,CCSH.txt,263,200,成功,h264,25.0,有音频,3.038,8,8
广西玉林大容山莲花山顶,https://gcalic.v.myalicdn.com/gc/drs01_1/index.m3u8,,,,,,,1920x1080,CCSH.txt,235,200,成功,h264,25.0,有音频,3.220,8,8
1988年春晚,https://txmov2.a.kwimgs.com/bs3/video-hls/5216575810935394655_hlsb.m3u8,,1988年春晚,,,,,640x480,TianmuTNT.txt,393,200,成功,h264,25.0,有音频,1.059,65,53
2009年春晚,https://alimov2.a.kwimgs.com/upic/2023/01/13/20/BMjAyMzAxMTMyMDA5MjJfNDAzMDAxOTlfOTM0OTkwNDQzOTBfMF8z_b_B29a36a85e0277f6c2a1f033ef7c10708.mp4,,2009年春晚,,,,,786x576,TianmuTNT.txt,120,200,成功,h264,24.999920070593653,有音频,1.049,25,21
[SD]9x tashan,https://t.freetv.fun/live/9x-tashan-1.m3u8,,9X TASHAN,India,India,https://epg.pw/media/images/channel/2022/05/06/large/20220506164732623933_11.png,Entertainment,896x504,freetv-fun-all.txt,331,403,成功,h264,25.0,有音频,2.110,8,8
哈尔滨都市咨询,http://stream.hrbtv.net/zxpd/sd/live.m3u8?zheild,,哈尔滨都市咨询,,,,,640x480,TianmuTNT.txt,520,200,成功,h264,25.0,有音频,2.637,157,129
鸣沙山,https://gcalic.v.myalicdn.com/gc/dhyyqst_1/index.m3u8,,,,,,,1280x720,CCSH.txt,1199,200,成功,h264,25.0,有音频,3.227,22,20
1987年春晚,https://txmov2.a.kwimgs.com/bs3/video-hls/5195746663405928031_hlsb.m3u8,,1987年春晚,,,,,640x480,TianmuTNT.txt,592,200,成功,h264,25.0,有音频,0.981,65,53
海峡卫视,http://38.64.72.148:80/hls/modn/list/4009/playlist.m3u8,,海峡卫视,,,,,704x480,TianmuTNT.txt,66,200,成功,h264,29.97002997002997,有音频,1.116,27,21
雪乡大石碑,https://gcalic.v.myalicdn.com/gc/mdjxxdsb_1/index.m3u8,,,,,,,1920x1080,CCSH.txt,1204,200,成功,h264,25.0,有音频,3.532,12,11
江苏-徐州云龙湖观景台西,https://gcalic.v.myalicdn.com/gc/ylh04_1/index.m3u8?contentid=2820180516001,,,,,,,1920x1080,CCSH.txt,266,200,成功,h264,25.0,有音频,3.441,8,8
[BD]ช่อง game plus,https://t.freetv.fun/live/ch-ng-game-plus.m3u8,,A PLUS,India,India,https://epg.pw/media/img/logo/A_PLUS.PNG,Generic,1280x720,freetv-fun-all.txt,22,403,成功,h264,29.97002997002997,有音频,0.774,8,8
泰山白云亭悬崖,https://gcalic.v.myalicdn.com/gc/hkts02_1/index.m3u8,,,,,,,1280x720,CCSH.txt,283,200,成功,h264,25.0,有音频,3.910,14,12
dj舞曲女人版,https://vd3.bdstatic.com/mda-mkp88kxv6r8y73k9/sc/cae_h264/1637733263867775329/mda-mkp88kxv6r8y73k9.mp4,,,,,,,1280x720,CCSH.txt,147,200,成功,h264,25.0,有音频,0.375,24,20
[BD]8 канал україна,https://t.freetv.fun/live/8-kanal-ukraina-1.m3u8,,7 канал (Одесса),Ukraine,Ukraine,https://epg.pw/media/images/channel/2022/05/06/large/20220506174819530509_49.png,News,1920x1080,freetv-fun-all.txt,21,403,成功,h264,50.0,有音频,3.266,156,128
[BD]9x tashan,https://t.freetv.fun/live/9x-tashan.m3u8,,9X TASHAN,India,India,https://epg.pw/media/images/channel/2022/05/06/large/20220506164732623933_11.png,Entertainment,384x216,freetv-fun-all.txt,327,403,成功,h264,25.0,有音频,6.478,7,5
2010年春晚,https://alimov2.a.kwimgs.com/upic/2023/01/13/20/BMjAyMzAxMTMyMDA5MjJfNDAzMDAxOTlfOTM0OTkwNDQ0MjlfMF8z_b_B8818807a00eed329a69fb494f405bd43.mp4,,2010年春晚,,,,,982x720,TianmuTNT.txt,125,200,成功,h264,24.999808930584482,有音频,0.952,25,21
1989年春晚,https://txmov2.a.kwimgs.com/bs3/video-hls/5194620763762726260_hlsb.m3u8,,1989年春晚,,,,,640x480,TianmuTNT.txt,275,200,成功,h264,25.0,有音频,1.099,65,53
飞碟之谜02,https://newcntv.qcloudcdn.com/asp/hls/2000/0303000a/3/default/d2454bbb542d4613a9db478dab2addfd/2000.m3u8,,飞碟之谜02,,,,,480x270,TianmuTNT.txt,1723,200,成功,h264,25.0,有音频,3.832,25,21
八里沟风景区天界山玻璃栈道,https://gcalic.v.myalicdn.com/gc/blg03_1/index.m3u8,,,,,,,1920x1080,CCSH.txt,288,200,成功,h264,25.0,有音频,3.609,33,27
电影电影电影电影电影电影,https://yylunbo.ottiptv.cc/yy/1351496216,,电影电影电影电影电影电影,,,,,1920x1080,TianmuTNT.txt,7991,200,成功,h264,30.0,有音频,10.892,88,72
自然传奇,http://newcntv.qcloudcdn.com/asp/hls/1200/0303000a/3/default/81a1ad3a661748bfb8560c92d38204ca/1200.m3u8,,自然传奇,,,,,480x270,TianmuTNT.txt,302,200,成功,h264,25.0,有音频,1.890,35,29
黄山卧云峰,https://gcalic.v.myalicdn.com/gc/hswlf_1/index.m3u8,,,,,,,1920x1080,CCSH.txt,888,200,成功,h264,25.0,有音频,4.468,19,17
湖南张家界御笔峰,https://gcalic.v.myalicdn.com/gc/zjjybf_1/index.m3u8,,,,,,,1280x720,CCSH.txt,293,200,成功,h264,25.0,有音频,3.589,18,17
[BD]ми україна,https://t.freetv.fun/live/mi-ukraina.m3u8,,112 Україна,Ukraine,Ukraine,https://epg.pw/media/images/channel/2021/11/13/large/20211113232150978400_51.png,News,1920x1080,freetv-fun-all.txt,65,403,成功,h264,50.0,有音频,3.088,156,128
湖南张家界水绕四门,https://gcalic.v.myalicdn.com/gc/zjjsrsm_1/index.m3u8,,,,,,,1920x1080,CCSH.txt,231,200,成功,h264,25.0,有音频,3.408,32,29
雪乡梦幻家园,https://gcalic.v.myalicdn.com/gc/mdjxxmhjyxj_1/index.m3u8,,,,,,,1920x1080,CCSH.txt,1239,200,成功,h264,25.0,有音频,3.466,38,30
乌镇龙形田,https://gcalic.v.myalicdn.com/gc/zjwzlxt_1/index.m3u8,,,,,,,1280x720,CCSH.txt,266,200,成功,h264,25.0,有音频,3.239,8,8
[HD]ช่อง a e,https://t.freetv.fun/live/ch-ng-a-e.m3u8,,A&E,United States,United States,https://epg.pw/media/images/channel/2025/01/30/large/20250130005928094199_61.png,Generic,1280x720,freetv-fun-all.txt,20,403,成功,h264,25.0,有音频,1.278,156,128
永远快乐的小美女6091425,https://live.ottiptv.cc/douyu/6091425,,,,,,,1920x1080,tvbwipv_4.txt,3855,502,成功,h264,30.0,有音频,1.555,8,8
2013年春晚,https://alimov2.a.kwimgs.com/upic/2023/01/13/20/BMjAyMzAxMTMyMDA5MjJfNDAzMDAxOTlfOTM0OTkwNDQ1NjNfMF8z_b_B4fea55408dca4471a68a963ae096be59.mp4,,2013年春晚,,,,,768x576,TianmuTNT.txt,120,200,成功,h264,24.999924155317775,有音频,1.064,25,21
dj舞曲英雄泪,https://vd3.bdstatic.com/mda-mkt45tnypacz3smk/sc/cae_h264/1638069225501294830/mda-mkt45tnypacz3smk.mp4,,,,,,,1280x720,CCSH.txt,158,200,成功,h264,25.0,有音频,0.447,24,20
[BD]dungeons dragons adventures,https://t.freetv.fun/live/dungeons-dragons-adventures.m3u8,,&FlixHD,India,India,https://epg.pw/media/images/channel/2021/06/24/large/20210624003447280269_10.png,Movies,384x216,freetv-fun-all.txt,21,403,成功,h264,29.97002997002997,有音频,3.323,7,5
[BD]новий канал,https://t.freetv.fun/live/novii-kanal-1.m3u8,,7 канал (Одесса),Ukraine,Ukraine,https://epg.pw/media/images/channel/2022/05/06/large/20220506174819530509_49.png,News,1920x1080,freetv-fun-all.txt,22,403,成功,h264,50.0,有音频,3.183,156,128
[BD]ми україна,https://t.freetv.fun/live/mi-ukraina-1.m3u8,,112 Україна,Ukraine,Ukraine,https://epg.pw/media/images/channel/2021/11/13/large/20211113232150978400_51.png,News,1920x1080,freetv-fun-all.txt,22,403,成功,h264,50.0,有音频,3.044,156,128
泰山碧霞祠,https://gcalic.v.myalicdn.com/gc/hkts03_1/index.m3u8,,,,,,,1280x720,CCSH.txt,325,200,成功,h264,25.0,有音频,3.736,35,29
黄山排云亭,https://gcalic.v.myalicdn.com/gc/hspyt_1/index.m3u8,,,,,,,1280x720,CCSH.txt,676,200,成功,h264,25.0,有音频,3.207,14,14
八里沟风景区桃花湾瀑布,https://gcalic.v.myalicdn.com/gc/blg05_1/index.m3u8,,,,,,,1920x1080,CCSH.txt,279,200,成功,h264,25.0,有音频,3.472,32,26
[HD]abc news,https://t.freetv.fun/live/abc-news-1.m3u8,,ABC NEWS,United States,United States,https://epg.pw/media/uploads/tmp_logo/2017/10/09/20171009012506131666_63.png,News,,freetv-fun-all.txt,66,403,成功,h264,,有音频,7.187,68,54
春晚2024,https://dh5.cntv.qcloudcdn.com/asp/h5e/hls/main/0303000a/3/default/290f96e5fe034fe9aceb0b9d15315813/main.m3u8,,,,,,,1280x720,CCSH.txt,1309,200,成功,h264,25.0,有音频,11.696,48,40
[BD]cctv17,https://t.freetv.fun/live/cctv17-1.m3u8,378835,CCTV17,China,China,https://epg.pw/media/images/channel/2025/01/25/large/20250125001508671387_16.jpg,Other,1920x1080,freetv-fun-all.txt,31,403,成功,h264,25.0,有音频,1.100,8,8
[BD]telesur english,https://t.freetv.fun/live/telesur-english-2.m3u8,,DW English,Germany,Germany,https://epg.pw/media/images/channel/2024/02/05/large/20240205014234637777_71.png,News,1920x1080,freetv-fun-all.txt,20,403,成功,h264,,有音频,1.268,9,9
[BD]cctv2,https://t.freetv.fun/live/cctv2-10.m3u8,378820,CCTV2,China,China,https://epg.pw/media/images/channel/2025/01/25/large/20250125001945876001_87.png,News,1920x1080,freetv-fun-all.txt,28,403,成功,h264,25.0,有音频,1.285,8,8
[HD]chc动作电影,https://t.freetv.fun/live/chcdong-zuo-dian-ying.m3u8,,CHC動作電影,China,China,https://epg.pw/media/images/channel/2023/07/20/large/20230720204146046493_74.png,Movies,1280x720,freetv-fun-all.txt,30,403,成功,h264,25.0,有音频,0.461,8,8
[HD]ช่อง bally sports north,https://t.freetv.fun/live/ch-ng-bally-sports-north.m3u8,,Bally Sports North,United States,United States,https://epg.pw/media/images/channel/2024/04/23/large/20240423072329413918_41.png,Sports,1280x720,freetv-fun-all.txt,27,403,成功,h264,25.0,有音频,1.835,156,128
[HD]ช่อง ctv news channel,https://t.freetv.fun/live/ch-ng-ctv-news-channel.m3u8,470313,CTV News Channel,Canada,Canada,https://epg.pw/media/images/channel/2022/03/04/large/20220304182551139789_85.png,News,1280x720,freetv-fun-all.txt,27,403,成功,h264,25.0,有音频,1.850,156,128
[SD]dora tv,https://t.freetv.fun/live/dora-tv.m3u8,,Dorar TV,Saudi Arabia,Saudi Arabia,https://epg.pw/media/uploads/tmp_logo/2017/03/21/20170321100723902700_14.jpg,Generic,426x240,freetv-fun-all.txt,25,403,成功,h264,30.0,有音频,2.196,17,13
[HD]abc news live 8,https://t.freetv.fun/live/abc-news-live-8.m3u8,,ABC News Live,United States,United States,https://epg.pw/media/,News,1280x720,freetv-fun-all.txt,25,403,成功,h264,29.97002997002997,有音频,1.081,59,47
[BD]cgtn en español ᴴᴰ,https://t.freetv.fun/live/cgtn-en-espanol-hd.m3u8,,CGTN Español,China,China,https://epg.pw/media/images/channel/2022/05/20/large/20220520002125587039_56.jpg,Generic,1920x1080,freetv-fun-all.txt,20,403,成功,h264,25.0,有音频,0.912,8,8
[BD]cctv9,https://t.freetv.fun/live/cctv9-4.m3u8,378828,CCTV9,China,China,https://epg.pw/media/images/channel/2025/01/25/large/20250125001710136564_30.png,Knowledge,1920x1080,freetv-fun-all.txt,35,403,成功,h264,25.0,有音频,0.373,8,8
[BD]dubai sports 2,https://t.freetv.fun/live/dubai-sports-2-2.m3u8,,Dubai Sports UAE,United Arab Emirates,United Arab Emirates,https://epg.pw/media/images/channel/2024/03/13/large/20240313161442698741_15.png,Sports,1920x1080,freetv-fun-all.txt,33,403,成功,h264,25.0,有音频,2.301,8,8
[BD]amc,https://t.freetv.fun/live/amc-1.m3u8,,AMC,United States,United States,https://epg.pw/media/images/channel/2018/01/18/large/20180118210133904705_73.png,Movies,1920x1080,freetv-fun-all.txt,28,403,成功,h264,25.0,有音频,2.784,36,32
[BD]bollywood,https://t.freetv.fun/live/bollywood-2.m3u8,7094,Bollywood HD,Russia,Russia,https://epg.pw/media/images/channel/2022/05/06/large/20220506164739314866_74.png,Movies,,freetv-fun-all.txt,32,403,成功,h264,,有音频,1.361,10,10
[HD]people are awesome,https://t.freetv.fun/live/people-are-awesome-2.m3u8,,Awesome tv,Malaysia,Malaysia,https://epg.pw/media/images/channel/2023/11/28/large/20231128184149398211_42.png,Entertainment,1280x720,freetv-fun-all.txt,21,403,成功,h264,29.97002997002997,有音频,1.179,8,8
[HD]Astro Awani *eg,https://t.freetv.fun/live/astro-awani-eg.php,3958,Astro AWANI FHD,Malaysia,Malaysia,https://epg.pw/media/images/channel/2023/06/02/large/20230602231401396043_82.jpg,News,1280x720,freetv-fun-all.txt,25,403,成功,h264,25.0,有音频,2.047,8,8
[BD]dubai tv,https://t.freetv.fun/live/dubai-tv.m3u8,,Dubai Racing 2 TV,United Arab Emirates,United Arab Emirates,https://epg.pw/media/images/channel/2022/05/06/large/20220506163800003846_85.png,Sports,1920x1080,freetv-fun-all.txt,20,403,成功,h264,25.0,有音频,3.267,8,8
[BD]cctv16,https://t.freetv.fun/live/cctv16-3.php,,CCTV16,China,China,https://epg.pw/media/images/channel/2025/01/25/large/20250125001520864227_20.jpg,Sports,1920x1080,freetv-fun-all.txt,33,403,成功,hevc,25.0,有音频,5.558,8,8
[HD]crime plus investigation,https://t.freetv.fun/live/crime-plus-investigation-1.m3u8,465040,Crime Investigation,United States,United States,https://epg.pw/media/images/channel/2022/12/28/large/20221228232959122383_97.png,Knowledge,1280x720,freetv-fun-all.txt,28,403,成功,h264,29.97002997002997,有音频,2.583,8,8
[BD]bloomberg fr,https://t.freetv.fun/live/bloomberg-fr.m3u8,,Bloomberg 4K,United States,United States,https://epg.pw/media/images/channel/2022/11/22/large/20221122143643242989_22.png,News,1280x720,freetv-fun-all.txt,27,403,成功,hevc,29.97002997002997,有音频,4.320,87,71
[HD]abc news live 9,https://t.freetv.fun/live/abc-news-live-9.m3u8,,ABC News Live,United States,United States,https://epg.pw/media/,News,1280x720,freetv-fun-all.txt,20,403,成功,h264,29.97002997002997,有音频,0.904,56,44
[HD]tve 24 h,https://t.freetv.fun/live/tve-24-h-1.m3u8,,H&H,Spain,Spain,https://epg.pw/media/uploads/tmp_logo/2016/05/07/20160507094444820333_82.png,Entertainment,640x360,freetv-fun-all.txt,26,403,成功,h264,25.0,有音频,2.349,9,9
[BD]al-sharqiya,https://t.freetv.fun/live/al-sharqiya-1.m3u8,,Al Sharqiya,Saudi Arabia,Saudi Arabia,https://epg.pw/media/images/channel/2022/05/06/large/20220506174746429595_47.png,Generic,1920x1080,freetv-fun-all.txt,17,403,成功,h264,15.0,有音频,2.206,9,9
[HD]ny en español,https://t.freetv.fun/live/ny-en-espanol.m3u8,,CNN en Español,United States,United States,https://epg.pw/media/images/channel/2022/05/06/large/20220506174411879285_41.png,News,426x240,freetv-fun-all.txt,22,403,成功,h264,30.0,有音频,1.770,129,105
[VGA]fox news,https://t.freetv.fun/live/fox-news-1.m3u8,,Fox News,United States,United States,https://epg.pw/media/images/channel/2022/05/17/large/20220517053232753908_86.png,News,426x240,freetv-fun-all.txt,28,403,成功,h264,29.97002997002997,无音频,1.498,9,9
[BD]canal 25 tv,https://t.freetv.fun/live/canal-25-tv.m3u8,,Canal 9 TV,Canada,Canada,https://epg.pw/media/images/channel/2021/10/16/large/20211016152129145817_55.png,Kids,1920x1080,freetv-fun-all.txt,30,403,成功,h264,50.0,有音频,2.643,8,8
[BD]h1,https://t.freetv.fun/live/h1.m3u8,,H1,Germany,Germany,https://epg.pw/media/images/channel/2022/05/06/large/20220506174636823772_47.png,Generic,1920x1080,freetv-fun-all.txt,22,403,成功,h264,50.0,有音频,2.992,156,128
[HD]espn,https://t.freetv.fun/live/espn.m3u8,,ESPN HD,United States,United States,https://epg.pw/media/images/channel/2014/11/25/large/20141125170114178278_47.jpg,Sports,1280x720,freetv-fun-all.txt,29,403,成功,h264,59.94005994005994,有音频,0.965,8,8
[BD]hbo usa *s,https://t.freetv.fun/live/hbo-usa-s.m3u8,,HBO USA,United States,United States,https://epg.pw/media/images/channel/2023/07/20/large/20230720205301496306_92.png,Movies,960x540,freetv-fun-all.txt,28,403,成功,h264,29.97002997002997,有音频,1.552,8,8
[VGA]arte network,https://t.freetv.fun/live/arte-network.m3u8,,Cartoon Network,United States,United States,https://epg.pw/media/images/channel/2025/01/28/large/20250128060650320978_43.jpg,Kids,854x480,freetv-fun-all.txt,20,403,成功,h264,25.0,有音频,3.244,8,8
[SD]concord tv (concord ca) (720p),https://t.freetv.fun/live/concord-tv-concord-ca-720p.m3u8,,Cocoro TV,United States,United States,https://epg.pw/media/images/channel/2022/01/19/large/20220119220023717248_81.png,Kids,640x360,freetv-fun-all.txt,29,403,成功,h264,30.0,有音频,2.231,9,9
[BD]cctv2,https://t.freetv.fun/live/cctv2-3.php,378820,CCTV2,China,China,https://epg.pw/media/images/channel/2025/01/25/large/20250125001945876001_87.png,News,1920x1080,freetv-fun-all.txt,22,403,成功,hevc,25.0,有音频,9.561,26,20
[BD]cctv5,https://t.freetv.fun/live/cctv5.m3u8,378823,CCTV5,China,China,https://epg.pw/media/images/channel/2025/01/25/large/20250125001827124534_66.png,Sports,1920x1080,freetv-fun-all.txt,27,403,成功,h264,50.0,有音频,4.741,26,20
[VGA]fox sports 2,https://t.freetv.fun/live/fox-sports-2.m3u8,,FOX Sports 2,United States,United States,https://epg.pw/media/images/channel/2023/07/20/large/20230720210021959688_47.png,Sports,640x360,freetv-fun-all.txt,26,403,成功,h264,59.94005994005994,有音频,3.211,129,105
[BD]the first tv,https://t.freetv.fun/live/the-first-tv.m3u8,,First TV,Tunisia,Tunisia,https://epg.pw/media/uploads/tmp_logo/2015/08/21/20150821032327406197_44.png,Generic,1920x1080,freetv-fun-all.txt,26,403,成功,h264,29.97002997002997,有音频,1.959,8,8
[BD]cctv1,https://t.freetv.fun/live/cctv1-1.m3u8,378819,CCTV1,China,China,https://epg.pw/media/images/channel/2025/01/25/large/20250125001359645907_15.png,Generic,1920x1080,freetv-fun-all.txt,21,403,成功,h264,25.0,有音频,0.432,8,8
[VGA]telesur english,https://t.freetv.fun/live/telesur-english-3.m3u8,,DW English,Germany,Germany,https://epg.pw/media/images/channel/2024/02/05/large/20240205014234637777_71.png,News,640x360,freetv-fun-all.txt,28,403,成功,h264,29.97002997002997,有音频,0.371,9,9
[BD]chc家庭影院,https://t.freetv.fun/live/chcjia-ting-ying-yuan-4.m3u8,,CHC家庭影院,China,China,https://epg.pw/media/images/channel/2023/07/20/large/20230720204118595367_23.png,Movies,1920x1080,freetv-fun-all.txt,29,403,成功,h264,28.0,有音频,0.840,144,116
[BD]cctv3,https://t.freetv.fun/live/cctv3-11.php,378821,CCTV3,China,China,https://epg.pw/media/images/channel/2025/01/25/large/20250125001936710108_56.png,Entertainment,1920x1080,freetv-fun-all.txt,27,403,成功,hevc,25.0,有音频,10.207,36,28
[BD]bbc world news *s,https://t.freetv.fun/live/bbc-world-news-s.m3u8,12152,BBC World News,United Kingdom,United Kingdom,https://epg.pw/media/img/logo/1_189.jpg,News,1920x1080,freetv-fun-all.txt,28,403,成功,h264,50.0,有音频,1.870,8,8
[HD]ช่อง bally sports midwest,https://t.freetv.fun/live/ch-ng-bally-sports-midwest.m3u8,,Bally Sports,United States,United States,https://epg.pw/media/images/channel/2022/08/12/large/20220812183654653156_51.png,Sports,1280x720,freetv-fun-all.txt,29,403,成功,h264,25.0,有音频,1.133,156,128
[HD]baby shark tv,https://t.freetv.fun/live/baby-shark-tv-1.m3u8,,Baby Shark TV,United States,United States,https://epg.pw/media/images/channel/2024/04/04/large/20240404170401338457_35.png,Kids,1280x720,freetv-fun-all.txt,28,403,成功,h264,29.97002997002997,有音频,0.969,8,8
[HD]abc news live 10,https://t.freetv.fun/live/abc-news-live-10.m3u8,,ABC News Live,United States,United States,https://epg.pw/media/,News,1280x720,freetv-fun-all.txt,39,403,成功,h264,29.97002997002997,有音频,0.740,8,8
[HD]channel one,https://t.freetv.fun/live/channel-one.m3u8,,Channel One Russia,Russia,Russia,https://epg.pw/media/images/channel/2022/04/19/large/20220419003815815386_62.jpg,News,1280x720,freetv-fun-all.txt,25,403,成功,h264,25.0,有音频,2.471,36,32
[BD]city tv,https://t.freetv.fun/live/city-tv-1.m3u8,,City TV,Canada,Canada,https://epg.pw/media/images/channel/2022/04/14/large/20220414154904496870_95.png,Generic,1280x720,freetv-fun-all.txt,27,403,成功,h264,50.0,有音频,7.942,26,20
[BD]dubai sports 3,https://t.freetv.fun/live/dubai-sports-3-2.m3u8,,Dubai Sports UAE,United Arab Emirates,United Arab Emirates,https://epg.pw/media/images/channel/2024/03/13/large/20240313161442698741_15.png,Sports,1920x1080,freetv-fun-all.txt,27,403,成功,h264,25.0,有音频,1.994,8,8
[SD]classic tv,https://t.freetv.fun/live/classic-tv.m3u8,,Bridge TV Classic,United Kingdom,United Kingdom,https://epg.pw/media/uploads/tmp_logo/2017/02/23/20170223041449844107_44.png,Other,426x240,freetv-fun-all.txt,28,403,成功,h264,30.0,有音频,1.632,9,9
[BD]dubai tv,https://t.freetv.fun/live/dubai-tv-1.m3u8,,Dubai Racing 2 TV,United Arab Emirates,United Arab Emirates,https://epg.pw/media/images/channel/2022/05/06/large/20220506163800003846_85.png,Sports,1920x1080,freetv-fun-all.txt,39,403,成功,h264,25.0,有音频,3.541,8,8
[HD]ช่อง crime plus investigation,https://t.freetv.fun/live/ch-ng-crime-plus-investigation.m3u8,465040,Crime Investigation,United States,United States,https://epg.pw/media/images/channel/2022/12/28/large/20221228232959122383_97.png,Knowledge,1280x720,freetv-fun-all.txt,27,403,成功,h264,25.0,有音频,1.174,156,128
[BD]cctv16,https://t.freetv.fun/live/cctv16.m3u8,,CCTV16,China,China,https://epg.pw/media/images/channel/2025/01/25/large/20250125001520864227_20.jpg,Sports,1920x1080,freetv-fun-all.txt,23,403,成功,h264,25.0,有音频,0.436,38,32
[BD]cctv1,https://t.freetv.fun/live/cctv1-8.m3u8,368552,CCTV1(RTHK33),Hong Kong,Hong Kong,https://epg.pw/media/images/channel/2024/05/16/large/20240516043525045887_55.png,News,1920x1080,freetv-fun-all.txt,26,403,成功,h264,25.0,有音频,0.893,8,8
[BD]cctv8,https://t.freetv.fun/live/cctv8-1.php,378827,CCTV8,China,China,https://epg.pw/media/images/channel/2025/01/25/large/20250125001717964200_12.png,Movies,1920x1080,freetv-fun-all.txt,38,403,成功,hevc,25.0,有音频,3.159,60,48
[VGA]cctv9,https://t.freetv.fun/live/cctv9-2.m3u8,378828,CCTV9,China,China,https://epg.pw/media/images/channel/2025/01/25/large/20250125001710136564_30.png,Knowledge,480x360,freetv-fun-all.txt,22,403,成功,h264,25.0,无音频,0.560,25,21
[BD]bloomberg tv,https://t.freetv.fun/live/bloomberg-tv-1.m3u8,465324,Bloomberg TV,United States,United States,https://epg.pw/media/images/channel/2025/01/28/large/20250128060606937621_37.png,News,3840x2160,freetv-fun-all.txt,29,403,成功,hevc,59.94005994005994,有音频,1.217,92,74
[HD]ช่อง eurosport 2,https://t.freetv.fun/live/ch-ng-eurosport-2.m3u8,,Eurosport,Romania,Romania,https://epg.pw/media/uploads/tmp_logo/2015/12/30/20151230055619280597_21.png,Sports,1280x720,freetv-fun-all.txt,26,403,成功,h264,25.0,有音频,1.215,156,128
[VGA]disney channel,https://t.freetv.fun/live/disney-channel.m3u8,,Disney Channel(IN),Indonesia,Indonesia,https://epg.pw/media/images/channel/2022/05/10/large/20220510162628655897_28.jpg,Kids,1920x1080,freetv-fun-all.txt,25,403,成功,h264,50.0,有音频,1.223,8,8
[BD]fashion tv,https://t.freetv.fun/live/fashion-tv-3.m3u8,55949,Fashion TV,France,France,https://epg.pw/media/images/channel/2022/04/25/large/20220425141945869569_85.jpg,Entertainment,1920x1080,freetv-fun-all.txt,38,403,成功,h264,25.0,有音频,2.618,24,20
[BD]cctv11,https://t.freetv.fun/live/cctv11-1.m3u8,378830,CCTV11,China,China,https://epg.pw/media/images/channel/2025/01/25/large/20250125001605278776_41.png,Movies,1920x1080,freetv-fun-all.txt,28,403,成功,h264,25.0,有音频,0.454,8,8
[HD]hmong tv network,https://t.freetv.fun/live/hmong-tv-network.m3u8,,FOX TV Network,United States,United States,https://epg.pw/media/uploads/tmp_logo/2014/05/28/20140528160602880583_13.png,Generic,1280x720,freetv-fun-all.txt,27,403,成功,h264,29.97002997002997,有音频,0.915,8,8
[BD]akc tv,https://t.freetv.fun/live/akc-tv.m3u8,,AKC TV,United States,United States,https://epg.pw/media/images/channel/2022/02/10/large/20220210222026702209_76.png,Other,1920x1080,freetv-fun-all.txt,23,403,成功,h264,29.97002997002997,有音频,2.057,24,20
[BD]cctv-1高清,https://t.freetv.fun/live/cctv-1gao-qing.m3u8,368552,CCTV1(RTHK33),Hong Kong,Hong Kong,https://epg.pw/media/images/channel/2024/05/16/large/20240516043525045887_55.png,News,1920x1080,freetv-fun-all.txt,21,403,成功,h264,50.0,有音频,3.212,16,12
[HD]entella tv,https://t.freetv.fun/live/entella-tv.m3u8,,Estrella TV,United States,United States,https://epg.pw/media/images/channel/2024/04/04/large/20240404163520450680_81.png,Entertainment,1280x720,freetv-fun-all.txt,25,403,成功,h264,25.0,有音频,2.287,8,8
[BD]sumtv english,https://t.freetv.fun/live/sumtv-english.m3u8,,DW English,Germany,Germany,https://epg.pw/media/images/channel/2024/02/05/large/20240205014234637777_71.png,News,1920x1080,freetv-fun-all.txt,27,403,成功,h264,29.97002997002997,有音频,12.453,16,12
[HD]pluto tv animaux,https://t.freetv.fun/live/pluto-tv-animaux.m3u8,,Animaux,France,France,https://epg.pw/media/images/channel/2024/04/19/large/20240419014406169987_83.PNG,Knowledge,426x240,freetv-fun-all.txt,28,403,成功,h264,30.0,有音频,1.881,9,9
[BD]cgtn-français,https://t.freetv.fun/live/cgtn-francais-2.m3u8,,CGTN Français,China,China,https://epg.pw/media/images/channel/2022/05/20/large/20220520002319040251_53.jpg,Generic,1920x1080,freetv-fun-all.txt,21,403,成功,h264,25.0,有音频,1.133,8,8
[SD]baby shark tv (720p),https://t.freetv.fun/live/baby-shark-tv-720p.m3u8,,Baby Shark TV,United States,United States,https://epg.pw/media/images/channel/2024/04/04/large/20240404170401338457_35.png,Kids,1280x720,freetv-fun-all.txt,27,403,成功,h264,29.97002997002997,有音频,1.089,8,8
[HD]abc news live 4,https://t.freetv.fun/live/abc-news-live-4.m3u8,,ABC News Live,United States,United States,https://epg.pw/media/,News,1280x720,freetv-fun-all.txt,38,403,成功,h264,29.97002997002997,有音频,0.888,36,28
[BD]agro tv,https://t.freetv.fun/live/agro-tv-1.m3u8,,Agro TV,Romania,Romania,https://epg.pw/media/images/channel/2021/06/24/large/20210624003555527162_18.png,Generic,1920x1080,freetv-fun-all.txt,26,403,成功,h264,25.0,有音频,1.081,8,8
[HD]canal málaga,https://t.freetv.fun/live/canal-malaga.m3u8,,Canal 9 HD,France,France,https://epg.pw/media/images/channel/2022/05/06/large/20220506174853139444_50.png,Generic,1280x720,freetv-fun-all.txt,26,403,成功,h264,25.0,有音频,0.879,8,8
[SD]cctv8,https://t.freetv.fun/live/cctv8-34.m3u8,378827,CCTV8,China,China,https://epg.pw/media/images/channel/2025/01/25/large/20250125001717964200_12.png,Movies,960x540,freetv-fun-all.txt,40,403,成功,h264,25.0,有音频,5.095,76,61
[VGA]hbo 2 *s,https://t.freetv.fun/live/hbo-2-s.m3u8,,HBO 2 HD,United States,United States,https://epg.pw/media/images/channel/2016/06/18/large/20160618150034715461_79.jpg,Movies,768x432,freetv-fun-all.txt,27,403,成功,h264,29.97002997002997,有音频,1.248,8,8
[BD]cctv15,https://t.freetv.fun/live/cctv15-8.php,378834,CCTV15,China,China,https://epg.pw/media/images/channel/2025/01/25/large/20250125001529466715_75.png,Music,1920x1080,freetv-fun-all.txt,39,403,成功,hevc,25.0,有音频,3.521,46,36
[HD]ช่อง fox sports 2,https://t.freetv.fun/live/ch-ng-fox-sports-2.m3u8,,FOX Sports 2,United States,United States,https://epg.pw/media/images/channel/2023/07/20/large/20230720210021959688_47.png,Sports,1280x720,freetv-fun-all.txt,29,403,成功,h264,25.0,有音频,1.052,156,128
[BD]chc家庭影院,https://t.freetv.fun/live/chcjia-ting-ying-yuan-8.m3u8,,CHC家庭影院,China,China,https://epg.pw/media/images/channel/2023/07/20/large/20230720204118595367_23.png,Movies,1920x1080,freetv-fun-all.txt,24,403,成功,h264,28.0,有音频,0.624,144,116
[BD]rakuten tv comedy movies italy,https://t.freetv.fun/live/rakuten-tv-comedy-movies-italy.m3u8,,Comedy Movies HD,United States,United States,https://epg.pw/media/,Movies,1920x1080,freetv-fun-all.txt,26,403,成功,h264,25.0,有音频,6.449,56,44
[VGA]dubai racing 3,https://t.freetv.fun/live/dubai-racing-3.m3u8,,Dubai Racing 2 TV,United Arab Emirates,United Arab Emirates,https://epg.pw/media/images/channel/2022/05/06/large/20220506163800003846_85.png,Sports,1920x1080,freetv-fun-all.txt,33,403,成功,h264,25.0,有音频,3.859,8,8
[HD]euronews,https://t.freetv.fun/live/euronews-8.m3u8,,EuroNews Spanish,France,France,https://epg.pw/media/images/channel/2022/04/19/large/20220419010749751376_23.png,News,426x240,freetv-fun-all.txt,27,403,成功,h264,30.0,有音频,7.296,129,105
[VGA]artn tv,https://t.freetv.fun/live/artn-tv.m3u8,,Arte TV,Brazil,Brazil,https://epg.pw/media/uploads/tmp_logo/2014/09/09/20140909012316867540_85.jpg,Generic,640x360,freetv-fun-all.txt,27,403,成功,h264,29.97002997002997,有音频,1.273,9,9
[BD]cctv-17hd,https://t.freetv.fun/live/cctv-17hd.m3u8,378835,CCTV17,China,China,https://epg.pw/media/images/channel/2025/01/25/large/20250125001508671387_16.jpg,Other,1920x1080,freetv-fun-all.txt,30,403,成功,h264,25.0,有音频,0.352,8,8
[HD]feel good drama,https://t.freetv.fun/live/feel-good-drama.m3u8,,Drama 2,Egypt,Egypt,https://epg.pw/media/images/channel/2022/05/06/large/20220506174532875254_91.png,Generic,426x240,freetv-fun-all.txt,26,403,成功,h264,30.0,有音频,0.671,9,9
[HD]Astro Arena *eg,https://t.freetv.fun/live/astro-arena-eg.php,2552,ASTRO Arena,Malaysia,Malaysia,https://epg.pw/media/images/channel/2022/02/26/large/20220226172707246841_66.jpg,Sports,1280x720,freetv-fun-all.txt,21,403,成功,h264,25.0,有音频,2.079,46,36
[BD]cgtn français,https://t.freetv.fun/live/cgtn-francais-1.m3u8,,CGTN Français,China,China,https://epg.pw/media/images/channel/2022/05/20/large/20220520002319040251_53.jpg,Generic,1920x1080,freetv-fun-all.txt,22,403,成功,h264,25.0,有音频,1.104,8,8
[HD]alhurra,https://t.freetv.fun/live/alhurra.m3u8,,Al Hurra,Iraq,Iraq,https://epg.pw/media/images/channel/2022/05/06/large/20220506173758528361_28.png,News,1280x720,freetv-fun-all.txt,28,403,成功,h264,29.97002997002997,有音频,2.853,156,128
[HD]cnbc,https://t.freetv.fun/live/cnbc-2.m3u8,,CNBC(USA),United States,United States,https://epg.pw/media/images/channel/2022/03/10/large/20220310182519775139_27.png,News,1280x720,freetv-fun-all.txt,27,403,成功,h264,29.97002997002997,有音频,0.846,8,8
[BD]cctv13,https://t.freetv.fun/live/cctv13.m3u8,378832,CCTV13,China,China,https://epg.pw/media/images/channel/2025/01/25/large/20250125001548035027_74.png,News,1920x1080,freetv-fun-all.txt,26,403,成功,h264,25.0,有音频,1.787,117,95
[HD]hbo zone,https://t.freetv.fun/live/hbo-zone.m3u8,,HBO Zone,United States,United States,https://epg.pw/media/images/channel/2024/04/11/large/20240411180058847905_35.png,Movies,1280x720,freetv-fun-all.txt,28,403,成功,h264,29.97002997002997,有音频,0.731,8,8
[HD]comedy central pluto tv,https://t.freetv.fun/live/comedy-central-pluto-tv.m3u8,,Comedy Central (NL),Netherlands,Netherlands,https://epg.pw/media/uploads/tmp_logo/2015/08/21/20150821160657487535_90.jpg,Generic,,freetv-fun-all.txt,23,403,成功,h264,,有音频,0.898,10,10
[HD]abc news live 1,https://t.freetv.fun/live/abc-news-live-1.m3u8,,ABC News Live,United States,United States,https://epg.pw/media/,News,1280x720,freetv-fun-all.txt,40,403,成功,h264,29.97002997002997,有音频,0.546,26,20
[SD]abc 7 los angeles ca (kabc-tv) (720p),https://t.freetv.fun/live/abc-7-los-angeles-ca-kabc-tv-720p.m3u8,,FOX Los Angeles,United States,United States,https://epg.pw/media/images/channel/2025/06/28/large/20250628062548683604_71.png,Generic,640x360,freetv-fun-all.txt,26,403,成功,h264,,有音频,3.586,28,22
[HD]etv,https://t.freetv.fun/live/etv-2.m3u8,,ETV,Mongolia,Mongolia,https://epg.pw/media/images/channel/2022/05/06/large/20220506164603528342_17.png,News,1280x720,freetv-fun-all.txt,17,403,成功,h264,25.0,有音频,6.465,8,8
[HD]al horreya tv,https://t.freetv.fun/live/al-horreya-tv-1.m3u8,,AL HORRYA,Egypt,Egypt,https://epg.pw/media/uploads/tmp_logo/2017/04/21/20170421053628262694_69.jpg,News,1280x720,freetv-fun-all.txt,28,403,成功,h264,30.0,有音频,1.152,8,8
[HD]bbc america,https://t.freetv.fun/live/bbc-america.m3u8,,BBC America,United Kingdom,United Kingdom,https://epg.pw/media/images/channel/2020/06/04/large/20200604225821916068_55.png,Generic,480x270,freetv-fun-all.txt,40,403,成功,h264,59.94005994005994,有音频,1.898,9,9
[BD]world fashion channel en,https://t.freetv.fun/live/world-fashion-channel-en.m3u8,,Fashion World,France,France,https://epg.pw/media/images/channel/2020/03/03/large/20200303232008412011_84.png,Entertainment,1920x1080,freetv-fun-all.txt,40,403,成功,h264,25.0,有音频,1.430,8,8
[BD]tv asia,https://t.freetv.fun/live/tv-asia.m3u8,,Asia Arab TV,Iraq,Iraq,https://epg.pw/media/uploads/tmp_logo/2017/03/21/20170321120539749017_58.jpg,Entertainment,1920x1080,freetv-fun-all.txt,20,403,成功,h264,29.97002997002997,有音频,1.972,8,8
[BD]christian youth channel,https://t.freetv.fun/live/christian-youth-channel-1.m3u8,,Christian Youth Channel CYC,United States,United States,https://epg.pw/media/images/channel/2022/05/06/large/20220506174038918186_33.png,Other,1920x1080,freetv-fun-all.txt,21,403,成功,h264,30.0,有音频,0.545,8,8
[SD]cctv2,https://t.freetv.fun/live/cctv2.m3u8,378820,CCTV2,China,China,https://epg.pw/media/images/channel/2025/01/25/large/20250125001945876001_87.png,News,1024x576,freetv-fun-all.txt,24,403,成功,h264,25.0,有音频,5.790,94,76
[HD]chc家庭影院,https://t.freetv.fun/live/chcjia-ting-ying-yuan.m3u8,,CHC家庭影院,China,China,https://epg.pw/media/images/channel/2023/07/20/large/20230720204118595367_23.png,Movies,1280x720,freetv-fun-all.txt,29,403,成功,h264,25.0,有音频,0.437,8,8
[BD]cctv12hd,https://t.freetv.fun/live/cctv12hd.m3u8,378831,CCTV12,China,China,https://epg.pw/media/images/channel/2025/01/25/large/20250125001556307504_11.png,Generic,1920x1080,freetv-fun-all.txt,27,403,成功,h264,25.0,有音频,0.740,8,8
[BD]gong,https://t.freetv.fun/live/gong.m3u8,,GONG TV,France,France,https://epg.pw/media/uploads/tmp_logo/2015/11/30/20151130205759744461_91.jpg,Entertainment,1920x1080,freetv-fun-all.txt,569,403,成功,h264,25.0,有音频,0.931,8,8
[HD]tele m1,https://t.freetv.fun/live/tele-m1.m3u8,,AMI Tele,Canada,Canada,https://epg.pw/media/images/channel/2022/03/18/large/20220318085754122364_59.png,News,1280x720,freetv-fun-all.txt,23,403,成功,h264,25.0,有音频,0.686,8,8
[BD]arti tv,https://t.freetv.fun/live/arti-tv.m3u8,,Arte TV,Brazil,Brazil,https://epg.pw/media/uploads/tmp_logo/2014/09/09/20140909012316867540_85.jpg,Generic,1920x1080,freetv-fun-all.txt,21,403,成功,h264,25.0,有音频,2.689,36,32
[BD]chc家庭影院,https://t.freetv.fun/live/chcjia-ting-ying-yuan-9.m3u8,,CHC家庭影院,China,China,https://epg.pw/media/images/channel/2023/07/20/large/20230720204118595367_23.png,Movies,1920x1080,freetv-fun-all.txt,28,403,成功,h264,28.0,有音频,0.604,144,116
[VGA]bloomberg tv europe,https://t.freetv.fun/live/bloomberg-tv-europe-1.m3u8,,Bloomberg 4K,United States,United States,https://epg.pw/media/images/channel/2022/11/22/large/20221122143643242989_22.png,News,480x272,freetv-fun-all.txt,557,403,成功,h264,59.94005994005994,有音频,1.130,9,9
[BD]cctv-14hd,https://t.freetv.fun/live/cctv-14hd.m3u8,378833,CCTV14,China,China,https://epg.pw/media/images/channel/2025/01/25/large/20250125001539178535_27.png,Kids,1920x1080,freetv-fun-all.txt,20,403,成功,h264,25.0,有音频,0.389,8,8
[HD]ช่อง bally sports southeast carolinas,https://t.freetv.fun/live/ch-ng-bally-sports-southeast-carolinas.m3u8,,Bally Sports Southeast,United States,United States,https://epg.pw/media/images/channel/2023/07/16/large/20230716172744053303_21.png,Sports,1280x720,freetv-fun-all.txt,25,403,成功,h264,25.0,有音频,0.948,156,128
[BD]cctv4,https://t.freetv.fun/live/cctv4-2.m3u8,378822,CCTV4 FHD,China,China,https://epg.pw/media/images/channel/2025/01/25/large/20250125001917639668_91.png,News,1920x1080,freetv-fun-all.txt,558,403,成功,h264,25.0,有音频,0.730,8,8
[BD]cctv-16hd,https://t.freetv.fun/live/cctv-16hd.m3u8,,CCTV16,China,China,https://epg.pw/media/images/channel/2025/01/25/large/20250125001520864227_20.jpg,Sports,1920x1080,freetv-fun-all.txt,21,403,成功,h264,25.0,有音频,0.345,16,12
[HD]long beach television,https://t.freetv.fun/live/long-beach-television.m3u8,,CBC Television,United States,United States,https://epg.pw/media/images/channel/2019/01/06/large/20190106152133298331_44.png,Generic,1280x720,freetv-fun-all.txt,39,403,成功,h264,30.0,有音频,0.453,8,8
[HD]cctv-4k超高清,https://t.freetv.fun/live/cctv-4kchao-gao-qing.m3u8,378826,CCTV7,China,China,https://epg.pw/media/images/channel/2025/01/25/large/20250125001726519561_49.png,Other,1280x720,freetv-fun-all.txt,29,403,成功,h264,50.0,有音频,0.342,8,8
[HD]ewtn africa-asia,https://t.freetv.fun/live/ewtn-africa-asia.m3u8,,EWTN Asia-Pacific,United States,United States,https://epg.pw/media/images/channel/2022/03/18/large/20220318090047293384_48.png,News,320x180,freetv-fun-all.txt,572,403,成功,h264,29.97002997002997,有音频,1.499,9,9
[HD]ning tv,https://t.freetv.fun/live/ning-tv.m3u8,,DJING TV,United States,United States,https://epg.pw/media/uploads/tmp_logo/2015/09/25/20150925155650329558_72.png,Entertainment,1280x720,freetv-fun-all.txt,558,403,成功,h264,29.97002997002997,有音频,0.987,8,8
[VGA]agro tv,https://t.freetv.fun/live/agro-tv-4.m3u8,,Agro TV,Romania,Romania,https://epg.pw/media/images/channel/2021/06/24/large/20210624003555527162_18.png,Generic,640x360,freetv-fun-all.txt,28,403,成功,h264,25.0,有音频,3.434,9,9
[HD]serie max,https://t.freetv.fun/live/serie-max.m3u8,,EI MAX HD,Brazil,Brazil,https://epg.pw/media/uploads/tmp_logo/2017/06/11/20170611062303386894_13.jpg,Sports,1280x720,freetv-fun-all.txt,28,403,成功,h264,25.0,有音频,0.828,38,32
[HD]ช่อง naughty america,https://t.freetv.fun/live/ch-ng-naughty-america.m3u8,,America TV,Argentina,Argentina,https://epg.pw/media/images/channel/2022/05/06/large/20220506174407806332_73.png,Generic,1280x720,freetv-fun-all.txt,556,403,成功,h264,25.0,有音频,1.056,156,128
[SD]cctv3,https://t.freetv.fun/live/cctv3-2.m3u8,378821,CCTV3,China,China,https://epg.pw/media/images/channel/2025/01/25/large/20250125001936710108_56.png,Entertainment,854x480,freetv-fun-all.txt,27,403,成功,h264,25.0,有音频,7.468,126,102
[BD]la 1 uhd,https://t.freetv.fun/live/la-1-uhd.m3u8,,CanalSat A La Carte 1,France,France,https://epg.pw/media/,Movies,3840x2160,freetv-fun-all.txt,21,403,成功,hevc,50.0,有音频,4.723,46,36
[VGA]mihan tv,https://t.freetv.fun/live/mihan-tv.m3u8,,Cihan TV,Kurdistan,Kurdistan,https://epg.pw/media/images/channel/2022/05/06/large/20220506175033520459_95.png,Entertainment,,freetv-fun-all.txt,27,403,成功,h264,,有音频,2.381,10,10
[BD]cctv4,https://t.freetv.fun/live/cctv4.m3u8,378822,CCTV4,China,China,https://epg.pw/media/images/channel/2025/01/25/large/20250125001925822086_33.png,News,1920x1080,freetv-fun-all.txt,10,403,成功,h264,25.0,有音频,0.660,8,8
[SD]euronews pt,https://t.freetv.fun/live/euronews-pt-1.m3u8,,EuroNews Deutschland,Germany,Germany,https://epg.pw/media/uploads/tmp_logo/2015/02/20/20150220165831768637_33.jpg,News,1280x720,freetv-fun-all.txt,28,403,成功,h264,30.0,有音频,0.691,8,8
[BD]cctv-10,https://t.freetv.fun/live/cctv-10.php,378829,CCTV10,China,China,https://epg.pw/media/images/channel/2025/01/25/large/20250125001612572151_13.png,Other,1920x1080,freetv-fun-all.txt,557,403,成功,hevc,25.0,有音频,3.179,8,8
[HD]c-span,https://t.freetv.fun/live/c-span.m3u8,,C-SPAN 1,United States,United States,https://epg.pw/media/img/logo/2013/10/30/98f609949d0056fd4c19c7a4a1401187.png,Other,1280x720,freetv-fun-all.txt,26,403,成功,h264,59.94005994005994,有音频,1.024,8,8
[HD]sizart canal 24,https://t.freetv.fun/live/sizart-canal-24.m3u8,,Canal 3,Moldova,Moldova,https://epg.pw/media/images/channel/2022/05/06/large/20220506174522009953_10.png,Generic,1280x720,freetv-fun-all.txt,557,403,成功,h264,30.0,有音频,1.327,8,8
[HD]abc news live 7,https://t.freetv.fun/live/abc-news-live-7.m3u8,,ABC News Live,United States,United States,https://epg.pw/media/,News,1280x720,freetv-fun-all.txt,39,403,成功,h264,29.97002997002997,有音频,0.861,58,46
[HD]best tv,https://t.freetv.fun/live/best-tv-1.m3u8,,Best TV Türkiye,Türkiye,Türkiye,https://epg.pw/media/,Generic,1280x720,freetv-fun-all.txt,15,403,成功,h264,25.0,有音频,2.564,8,8
[HD]ช่อง ctv drama channel,https://t.freetv.fun/live/ch-ng-ctv-drama-channel.m3u8,,CTV Drama Channel,Canada,Canada,https://epg.pw/media/images/channel/2022/03/18/large/20220318090336303381_92.png,News,1280x720,freetv-fun-all.txt,19,403,成功,h264,25.0,有音频,0.944,156,128
[HD]bloomberg tv australia (270p),https://t.freetv.fun/live/bloomberg-tv-australia-270p.m3u8,,Bloomberg TV USA,United States,United States,https://epg.pw/media/img/logo/2013/10/30/2eab15998af3155577d75830500772ae.jpg,News,480x272,freetv-fun-all.txt,28,403,成功,h264,25.0,有音频,1.422,9,9
[BD]fnx,https://t.freetv.fun/live/fnx-1.m3u8,470910,FX,Canada,Canada,https://epg.pw/media/images/channel/2020/02/29/large/20200229001608560661_60.png,Movies,416x234,freetv-fun-all.txt,25,403,成功,h264,29.97002997002997,有音频,1.535,9,9
[HD]bloomberg ht,https://t.freetv.fun/live/bloomberg-ht-1.m3u8,,Bloomberg 4K,United States,United States,https://epg.pw/media/images/channel/2022/11/22/large/20221122143643242989_22.png,News,640x360,freetv-fun-all.txt,556,403,成功,h264,25.0,有音频,2.508,9,9
[BD]bloomberg tv plus,https://t.freetv.fun/live/bloomberg-tv-plus.m3u8,,Bloomberg 4K,United States,United States,https://epg.pw/media/images/channel/2022/11/22/large/20221122143643242989_22.png,News,1280x720,freetv-fun-all.txt,571,403,成功,hevc,59.94005994005994,有音频,2.638,94,76
[BD]hbo,https://t.freetv.fun/live/hbo-1.m3u8,,HBO(TW),United States,United States,https://epg.pw/media/images/channel/2024/06/10/large/20240610185422140004_63.png,Movies,1920x1080,freetv-fun-all.txt,27,403,成功,h264,30.0,有音频,1.699,36,32
[BD]chc家庭影院,https://t.freetv.fun/live/chcjia-ting-ying-yuan-11.m3u8,,CHC家庭影院,China,China,https://epg.pw/media/images/channel/2023/07/20/large/20230720204118595367_23.png,Movies,1920x1080,freetv-fun-all.txt,27,403,成功,h264,28.0,有音频,0.606,144,116
[SD]long beach television (720p),https://t.freetv.fun/live/long-beach-television-720p.m3u8,,CBC Television,United States,United States,https://epg.pw/media/images/channel/2019/01/06/large/20190106152133298331_44.png,Generic,1280x720,freetv-fun-all.txt,34,403,成功,h264,30.0,有音频,0.443,8,8
[HD]mlb network,https://t.freetv.fun/live/mlb-network-1.m3u8,,CBS NETWORK,United States,United States,https://epg.pw/media/images/channel/2017/09/17/large/20170917225055829014_84.jpg,Generic,1280x720,freetv-fun-all.txt,27,403,成功,h264,59.94005994005994,有音频,1.234,8,8
[BD]cctv6,https://t.freetv.fun/live/cctv6-4.m3u8,378825,CCTV6,China,China,https://epg.pw/media/images/channel/2025/01/25/large/20250125001735955364_69.png,Movies,1920x1080,freetv-fun-all.txt,19,403,成功,h264,25.0,有音频,0.476,8,8
[HD]canal 13 chiapas,https://t.freetv.fun/live/canal-13-chiapas.m3u8,,Canal TV10 Chiapas,Mexico,Mexico,https://epg.pw/media/uploads/tmp_logo/2017/02/03/20170203063338293847_51.png,Knowledge,1280x720,freetv-fun-all.txt,23,403,成功,h264,,有音频,0.985,9,9
[HD]cctv4中文国际,https://t.freetv.fun/live/cctv4zhong-wen-guo-ji.php,378841,CCTV4中文國際美洲,China,China,https://epg.pw/media/images/channel/2025/01/25/large/20250125055001229701_29.jpg,Generic,1280x720,freetv-fun-all.txt,568,403,成功,h264,25.0,有音频,3.590,8,8
[HD]world billiards tv,https://t.freetv.fun/live/world-billiards-tv.m3u8,,Billiards TV,Korea,Korea,https://epg.pw/media/images/channel/2022/12/24/large/20221224210657687848_92.jpeg,News,1280x720,freetv-fun-all.txt,558,403,成功,h264,29.97002997002997,有音频,1.310,8,8
[BD]cctv14hd,https://t.freetv.fun/live/cctv14hd.m3u8,378833,CCTV14,China,China,https://epg.pw/media/images/channel/2025/01/25/large/20250125001539178535_27.png,Kids,1920x1080,freetv-fun-all.txt,27,403,成功,h264,25.0,有音频,0.814,8,8
[HD]disney jr.,https://t.freetv.fun/live/disney-jr.m3u8,,Disney Jr,United States,United States,https://epg.pw/media/images/channel/2020/01/16/large/20200116165755665560_74.PNG,Kids,1280x720,freetv-fun-all.txt,25,403,成功,h264,25.0,有音频,1.314,8,8
[BD]chc家庭影院,https://t.freetv.fun/live/chcjia-ting-ying-yuan-13.m3u8,,CHC家庭影院,China,China,https://epg.pw/media/images/channel/2023/07/20/large/20230720204118595367_23.png,Movies,1920x1080,freetv-fun-all.txt,20,403,成功,h264,28.0,有音频,0.587,144,116
[VGA]cgtn法语,https://t.freetv.fun/live/cgtnfa-yu-2.php,,CGTN(Spain),Spain,Spain,https://epg.pw/media/uploads/tmp_logo/2018/05/16/20180516070123835480_63.jpg,News,854x480,freetv-fun-all.txt,570,403,成功,h264,25.0,有音频,3.599,8,8
[BD]hbo famliy,https://t.freetv.fun/live/hbo-famliy.m3u8,,HBO Family(USA),United States,United States,https://epg.pw/media/images/channel/2022/05/24/large/20220524233028154751_25.png,Movies,1920x1080,freetv-fun-all.txt,18,403,成功,h264,30.0,有音频,1.204,36,32
[SD]comedy central south park,https://t.freetv.fun/live/comedy-central-south-park-1.m3u8,,Comedy Central (NL),Netherlands,Netherlands,https://epg.pw/media/uploads/tmp_logo/2015/08/21/20150821160657487535_90.jpg,Generic,426x240,freetv-fun-all.txt,24,403,成功,h264,30.0,有音频,0.756,9,9
[BD]el pingüino tv,https://t.freetv.fun/live/el-pinguino-tv.m3u8,,El Pinguino,Chile,Chile,https://epg.pw/media/uploads/tmp_logo/2017/06/25/20170625145526166324_78.jpg,Generic,,freetv-fun-all.txt,556,403,成功,h264,,有音频,15.411,8,6
[BD]cctv14,https://t.freetv.fun/live/cctv14-2.m3u8,378833,CCTV14,China,China,https://epg.pw/media/images/channel/2025/01/25/large/20250125001539178535_27.png,Kids,1920x1080,freetv-fun-all.txt,25,403,成功,h264,25.0,有音频,0.447,8,8
[BD]cctv10,https://t.freetv.fun/live/cctv10-1.m3u8,378829,CCTV10,China,China,https://epg.pw/media/images/channel/2025/01/25/large/20250125001612572151_13.png,Other,1920x1080,freetv-fun-all.txt,15,403,成功,h264,25.0,有音频,0.439,8,8
[HD]ช่อง bbc first,https://t.freetv.fun/live/ch-ng-bbc-first.m3u8,,BBC First,United Kingdom,United Kingdom,https://epg.pw/media/images/channel/2019/03/04/large/20190304000008060329_57.png,Movies,1280x720,freetv-fun-all.txt,32,403,成功,h264,25.0,有音频,0.932,156,128
[BD]france 24,https://t.freetv.fun/live/france-24-2.m3u8,,France 24 (French),France,France,https://epg.pw/media/uploads/tmp_logo/2015/08/21/20150821104841185612_92.png,News,1920x1080,freetv-fun-all.txt,21,403,成功,h264,25.0,有音频,1.892,8,8
[HD]ช่อง bally sports sun,https://t.freetv.fun/live/ch-ng-bally-sports-sun.m3u8,,Bally Sports,United States,United States,https://epg.pw/media/images/channel/2022/08/12/large/20220812183654653156_51.png,Sports,1280x720,freetv-fun-all.txt,22,403,成功,h264,25.0,有音频,0.987,156,128
[HD]abc news live 3,https://t.freetv.fun/live/abc-news-live-3.m3u8,,ABC News Live,United States,United States,https://epg.pw/media/,News,1280x720,freetv-fun-all.txt,20,403,成功,h264,29.97002997002997,有音频,0.719,56,44
[BD]chc家庭影院,https://t.freetv.fun/live/chcjia-ting-ying-yuan-12.m3u8,,CHC家庭影院,China,China,https://epg.pw/media/images/channel/2023/07/20/large/20230720204118595367_23.png,Movies,1920x1080,freetv-fun-all.txt,22,403,成功,h264,28.0,有音频,0.623,144,116
[BD]cctv-15hd,https://t.freetv.fun/live/cctv-15hd.m3u8,378834,CCTV15,China,China,https://epg.pw/media/images/channel/2025/01/25/large/20250125001529466715_75.png,Music,1920x1080,freetv-fun-all.txt,40,403,成功,h264,25.0,有音频,0.340,8,8
[BD]euronews english,https://t.freetv.fun/live/euronews-english.m3u8,,Euronews English,United Kingdom,United Kingdom,https://epg.pw/media/uploads/tmp_logo/2014/05/19/20140519055858083746_84.png,News,1920x1080,freetv-fun-all.txt,26,403,成功,h264,25.0,有音频,2.340,8,8
[BD]canal sur noticias,https://t.freetv.fun/live/canal-sur-noticias.m3u8,,CANAL DE NOTICIAS COLCHAHUA CHILE LATAM,Chile,Chile,https://epg.pw/media/images/channel/2022/05/06/large/20220506173724046984_73.png,News,1920x1080,freetv-fun-all.txt,21,403,成功,h264,25.0,有音频,0.796,8,8
[HD]amasia,https://t.freetv.fun/live/amasia.m3u8,,Al Masria,Egypt,Egypt,https://epg.pw/media/uploads/tmp_logo/2015/07/17/20150717074143180221_67.jpg,Generic,1280x720,freetv-fun-all.txt,26,403,成功,h264,29.97002997002997,有音频,1.453,8,8
[VGA]canal savoir,https://t.freetv.fun/live/canal-savoir.m3u8,,CANAL SAVOIR,France,France,https://epg.pw/media/images/channel/2022/05/25/large/20220525022138110323_98.png,Knowledge,640x360,freetv-fun-all.txt,20,403,成功,h264,24.0,有音频,1.252,10,10
[BD]cnbc asia *4g,https://t.freetv.fun/live/cnbc-asia-4g.m3u8,,CNBC ASIA,United States,United States,https://epg.pw/media/images/channel/2024/07/13/large/20240713001632561840_94.png,News,1920x1080,freetv-fun-all.txt,25,403,成功,h264,30.0,有音频,5.270,8,8
[BD]lgtv,https://t.freetv.fun/live/lgtv.m3u8,,GTV (GHANA),Africa,Africa,https://epg.pw/media/uploads/tmp_logo/2015/10/19/20151019150514143371_66.jpg,Generic,1920x1080,freetv-fun-all.txt,579,403,成功,h264,29.97002997002997,有音频,3.482,8,8
[BD]beyblade en español,https://t.freetv.fun/live/beyblade-en-espanol.m3u8,,CNN en Español,United States,United States,https://epg.pw/media/images/channel/2022/05/06/large/20220506174411879285_41.png,News,1920x1080,freetv-fun-all.txt,22,403,成功,h264,25.0,有音频,2.684,8,8
[HD]ช่อง bloomberg,https://t.freetv.fun/live/ch-ng-bloomberg.m3u8,,Bloomberg 4K,United States,United States,https://epg.pw/media/images/channel/2022/11/22/large/20221122143643242989_22.png,News,480x272,freetv-fun-all.txt,580,403,成功,h264,29.97002997002997,有音频,0.783,9,9
[BD]asharq news,https://t.freetv.fun/live/asharq-news-2.m3u8,,ALSHARQIYA NEWS,Iraq,Iraq,https://epg.pw/media/img/logo/2013/10/30/8edf68fca605a7b93c190c26e55838a3.png,News,720x1280,freetv-fun-all.txt,26,403,成功,h264,25.0,有音频,1.815,24,20
[HD]al sahat,https://t.freetv.fun/live/al-sahat.m3u8,,Al shasha,Egypt,Egypt,https://epg.pw/media/uploads/tmp_logo/2017/02/16/20170216054227823531_23.jpg,Entertainment,1024x768,freetv-fun-all.txt,16,403,成功,h264,30.0,有音频,1.050,8,8
[BD]cctv13,https://t.freetv.fun/live/cctv13-21.m3u8,378832,CCTV13,China,China,https://epg.pw/media/images/channel/2025/01/25/large/20250125001548035027_74.png,News,1920x1080,freetv-fun-all.txt,28,403,成功,h264,25.0,有音频,5.012,120,96
[HD]travelxp france,https://t.freetv.fun/live/travelxp-france.m3u8,,France 2,France,France,https://epg.pw/media/uploads/tmp_logo/2014/06/01/20140601220752317893_19.png,Generic,1280x720,freetv-fun-all.txt,24,403,成功,h264,29.97002997002997,有音频,1.459,8,8
[HD]cctv4欧洲,https://t.freetv.fun/live/cctv4ou-zhou.php,378822,CCTV4,China,China,https://epg.pw/media/images/channel/2025/01/25/large/20250125001925822086_33.png,News,1280x720,freetv-fun-all.txt,559,403,成功,h264,25.0,有音频,3.793,8,8
[SD]comedy central animation,https://t.freetv.fun/live/comedy-central-animation-1.m3u8,,Comedy Central (NL),Netherlands,Netherlands,https://epg.pw/media/uploads/tmp_logo/2015/08/21/20150821160657487535_90.jpg,Generic,426x240,freetv-fun-all.txt,22,403,成功,h264,30.0,有音频,0.972,129,105
[HD]fx *s,https://t.freetv.fun/live/fx-s.m3u8,470910,FX,Canada,Canada,https://epg.pw/media/images/channel/2020/02/29/large/20200229001608560661_60.png,Movies,1280x720,freetv-fun-all.txt,21,403,成功,h264,59.94005994005994,有音频,1.731,8,8
[HD]chc影迷电影,https://t.freetv.fun/live/chcying-mi-dian-ying.m3u8,,CHC影迷電影,China,China,https://epg.pw/media/images/channel/2024/07/28/large/20240728161930253838_70.jpg,Movies,1280x720,freetv-fun-all.txt,19,403,成功,h264,25.0,有音频,0.779,8,8
[HD]sec network,https://t.freetv.fun/live/sec-network-1.m3u8,,CBS NETWORK,United States,United States,https://epg.pw/media/images/channel/2017/09/17/large/20170917225055829014_84.jpg,Generic,1280x720,freetv-fun-all.txt,26,403,成功,h264,59.94005994005994,有音频,0.407,8,8
[HD]people are awesome,https://t.freetv.fun/live/people-are-awesome-1.m3u8,,Awesome tv,Malaysia,Malaysia,https://epg.pw/media/images/channel/2023/11/28/large/20231128184149398211_42.png,Entertainment,1280x720,freetv-fun-all.txt,26,403,成功,h264,29.97002997002997,有音频,1.619,8,8
[BD]cctv15,https://t.freetv.fun/live/cctv15.m3u8,378834,CCTV15,China,China,https://epg.pw/media/images/channel/2025/01/25/large/20250125001529466715_75.png,Music,1920x1080,freetv-fun-all.txt,27,403,成功,h264,25.0,有音频,0.476,8,8
[HD]newport beach television (720p),https://t.freetv.fun/live/newport-beach-television-720p.m3u8,,CBC Television,United States,United States,https://epg.pw/media/images/channel/2019/01/06/large/20190106152133298331_44.png,Generic,1280x720,freetv-fun-all.txt,41,403,成功,h264,25.0,有音频,0.560,8,8
[HD]cops en español,https://t.freetv.fun/live/cops-en-espanol.m3u8,,CNN en Español,United States,United States,https://epg.pw/media/images/channel/2022/05/06/large/20220506174411879285_41.png,News,1280x720,freetv-fun-all.txt,20,403,成功,h264,29.97002997002997,有音频,1.028,8,8
[HD]channel 10,https://t.freetv.fun/live/channel-10.m3u8,,Channel 10 Israel,Israel,Israel,https://epg.pw/media/,Generic,1280x720,freetv-fun-all.txt,21,403,成功,h264,25.0,有音频,1.964,11,11
[BD]cnn brasil,https://t.freetv.fun/live/cnn-brasil-2.m3u8,,CN Brazil,Brazil,Brazil,https://epg.pw/media/images/channel/2022/05/27/large/20220527020654244584_90.png,Kids,640x360,freetv-fun-all.txt,26,403,成功,hevc,30.0,有音频,1.369,9,9
[VGA]ebs 1,https://t.freetv.fun/live/ebs-1-1.m3u8,,EBS,Korea,Korea,https://epg.pw/media/images/channel/2022/09/30/large/20220930173328314305_74.jpg,Generic,720x400,freetv-fun-all.txt,21,403,成功,h264,29.97002997002997,有音频,1.639,8,8
[BD]cctv14,https://t.freetv.fun/live/cctv14-8.m3u8,378833,CCTV14,China,China,https://epg.pw/media/images/channel/2025/01/25/large/20250125001539178535_27.png,Kids,1920x1080,freetv-fun-all.txt,20,403,成功,h264,25.0,有音频,4.799,146,119
[BD]cctv-10hd,https://t.freetv.fun/live/cctv-10hd.m3u8,378829,CCTV10,China,China,https://epg.pw/media/images/channel/2025/01/25/large/20250125001612572151_13.png,Other,1920x1080,freetv-fun-all.txt,567,403,成功,h264,25.0,有音频,0.475,8,8
[BD]cgtn,https://t.freetv.fun/live/cgtn-4.m3u8,,CGTN(Spain),Spain,Spain,https://epg.pw/media/uploads/tmp_logo/2018/05/16/20180516070123835480_63.jpg,News,1920x1080,freetv-fun-all.txt,20,403,成功,h264,25.0,有音频,0.674,8,8
[HD]filmzie,https://t.freetv.fun/live/filmzie.m3u8,,Filmazia,India,India,https://epg.pw/media/img/logo/Filmazia.png,Movies,1280x720,freetv-fun-all.txt,39,403,成功,h264,29.97002997002997,有音频,1.493,8,8
[BD]bloomberg tv plus,https://t.freetv.fun/live/bloomberg-tv-plus-3.m3u8,,Bloomberg TV USA,United States,United States,https://epg.pw/media/img/logo/2013/10/30/2eab15998af3155577d75830500772ae.jpg,News,1280x720,freetv-fun-all.txt,23,403,成功,hevc,59.94005994005994,有音频,3.132,83,67
[SD]comedy central,https://t.freetv.fun/live/comedy-central-2.m3u8,,Comedy Central (NL),Netherlands,Netherlands,https://epg.pw/media/uploads/tmp_logo/2015/08/21/20150821160657487535_90.jpg,Generic,426x240,freetv-fun-all.txt,20,403,成功,h264,30.0,有音频,1.989,129,105
[HD]akit tv,https://t.freetv.fun/live/akit-tv.m3u8,,Akit TV Türkiye,Türkiye,Türkiye,https://epg.pw/media/,Generic,640x360,freetv-fun-all.txt,26,403,成功,h264,25.0,有音频,6.091,9,7
[BD]cctv12,https://t.freetv.fun/live/cctv12-4.m3u8,378831,CCTV12,China,China,https://epg.pw/media/images/channel/2025/01/25/large/20250125001556307504_11.png,Generic,1920x1080,freetv-fun-all.txt,20,403,成功,h264,25.0,有音频,0.748,8,8
[BD]cnn brasil,https://t.freetv.fun/live/cnn-brasil-3.m3u8,,CN Brazil,Brazil,Brazil,https://epg.pw/media/images/channel/2022/05/27/large/20220527020654244584_90.png,Kids,1920x1080,freetv-fun-all.txt,25,403,成功,hevc,30.0,有音频,0.640,8,8
[HD]bloomberg tv europe (720p),https://t.freetv.fun/live/bloomberg-tv-europe-720p.m3u8,,Bloomberg 4K,United States,United States,https://epg.pw/media/images/channel/2022/11/22/large/20221122143643242989_22.png,News,480x272,freetv-fun-all.txt,21,403,成功,h264,25.0,有音频,1.321,9,9
[BD]cctv-10,https://t.freetv.fun/live/cctv-10-2.m3u8,378829,CCTV10,China,China,https://epg.pw/media/images/channel/2025/01/25/large/20250125001612572151_13.png,Other,1920x1080,freetv-fun-all.txt,569,403,成功,h264,30.0,有音频,3.005,8,8
[HD]el pingüino tv,https://t.freetv.fun/live/el-pinguino-tv-1.m3u8,,El Pinguino,Chile,Chile,https://epg.pw/media/uploads/tmp_logo/2017/06/25/20170625145526166324_78.jpg,Generic,1280x720,freetv-fun-all.txt,569,403,成功,h264,30.0,有音频,0.500,8,8
[HD]reshet 13,https://t.freetv.fun/live/reshet-13.m3u8,,Channel 13 israel,Israel,Israel,https://epg.pw/media/uploads/tmp_logo/2017/11/02/20171102113459482072_96.jpg,Entertainment,1280x720,freetv-fun-all.txt,20,403,成功,h264,25.0,有音频,1.948,8,8
[BD]concord tv,https://t.freetv.fun/live/concord-tv.m3u8,,Cocoro TV,United States,United States,https://epg.pw/media/images/channel/2022/01/19/large/20220119220023717248_81.png,Kids,640x360,freetv-fun-all.txt,20,403,成功,h264,30.0,有音频,2.551,9,9
[SD]al masar tv,https://t.freetv.fun/live/al-masar-tv.m3u8,,Al Masar,Saudi Arabia,Saudi Arabia,https://epg.pw/media/uploads/tmp_logo/2014/06/13/20140613182249433693_39.png,News,1024x576,freetv-fun-all.txt,27,403,成功,h264,25.0,有音频,2.651,8,8
[BD]cctv11,https://t.freetv.fun/live/cctv11-3.m3u8,378830,CCTV11,China,China,https://epg.pw/media/images/channel/2025/01/25/large/20250125001605278776_41.png,Movies,1920x1080,freetv-fun-all.txt,21,403,成功,h264,25.0,有音频,0.829,8,8
[BD]bloomberg originals,https://t.freetv.fun/live/bloomberg-originals.m3u8,,Bloomberg 4K,United States,United States,https://epg.pw/media/images/channel/2022/11/22/large/20221122143643242989_22.png,News,480x272,freetv-fun-all.txt,568,403,成功,h264,29.97002997002997,有音频,1.396,9,9
[SD]cinemax,https://t.freetv.fun/live/cinemax-2.m3u8,,Cinemax(USA),United States,United States,https://epg.pw/media/images/channel/2017/10/29/large/20171029231536415059_20.png,Movies,960x540,freetv-fun-all.txt,34,403,成功,h264,29.97002997002997,有音频,0.956,8,8
[BD]trece,https://t.freetv.fun/live/trece-1.m3u8,,Canal Trece Colombia,Colombia,Colombia,https://epg.pw/media/uploads/tmp_logo/2015/07/30/20150730231804405793_22.png,Entertainment,1920x1080,freetv-fun-all.txt,19,403,成功,h264,25.0,有音频,2.806,7,7
[HD]defa tv,https://t.freetv.fun/live/defa-tv.m3u8,,Deals TV,Saudi Arabia,Saudi Arabia,https://epg.pw/media/images/channel/2022/05/06/large/20220506174812899119_44.png,Entertainment,1280x720,freetv-fun-all.txt,29,403,成功,h264,29.97002997002997,有音频,1.276,8,8
[HD]home plus,https://t.freetv.fun/live/home-plus.m3u8,,HBO PLUS,United States,United States,https://epg.pw/media/images/channel/2023/02/12/large/20230212215529490602_27.png,Movies,1280x720,freetv-fun-all.txt,24,403,成功,h264,25.0,有音频,2.170,26,23
[HD]cgtv,https://t.freetv.fun/live/cgtv.m3u8,,CGCTV,Canada,Canada,https://epg.pw/media/uploads/tmp_logo/2014/08/22/20140822124316882229_60.jpg,News,1280x720,freetv-fun-all.txt,27,403,成功,h264,29.97002997002997,有音频,1.285,8,8
[HD]beverly hills television 35 (720p),https://t.freetv.fun/live/beverly-hills-television-35-720p.m3u8,,CBC Television,United States,United States,https://epg.pw/media/images/channel/2019/01/06/large/20190106152133298331_44.png,Generic,1280x720,freetv-fun-all.txt,33,403,成功,h264,25.0,有音频,0.448,8,8
[BD]HOY 77 *sg,https://t.freetv.fun/live/hoy-77-sg.m3u8,,HOY TV,Hong Kong,Hong Kong,https://epg.pw/media/images/channel/2023/07/22/large/20230722211941013059_20.png,News,1920x1080,freetv-fun-all.txt,26,403,成功,h264,50.0,有音频,0.352,8,8
[SD]cctv第一剧场,https://t.freetv.fun/live/cctvdi-yi-ju-chang-1.m3u8,,CCTV第一劇場,China,China,https://epg.pw/media/images/channel/2022/09/07/large/20220907150153591598_13.jpg,Movies,720x576,freetv-fun-all.txt,20,403,成功,mpeg2video,25.0,有音频,2.263,36,32
[BD]cgtn西语,https://t.freetv.fun/live/cgtnxi-yu.m3u8,,CGTN(Spain),Spain,Spain,https://epg.pw/media/uploads/tmp_logo/2018/05/16/20180516070123835480_63.jpg,News,1920x1080,freetv-fun-all.txt,558,403,成功,h264,25.0,有音频,2.546,8,8
[BD]animal planet,https://t.freetv.fun/live/animal-planet-1.m3u8,465310,Animal Planet,United States,United States,https://epg.pw/media/images/channel/2025/01/28/large/20250128061020658752_30.png,Knowledge,1920x1080,freetv-fun-all.txt,20,403,成功,h264,25.0,有音频,5.754,26,20
[HD]cnn brasil,https://t.freetv.fun/live/cnn-brasil-5.m3u8,,CN Brazil,Brazil,Brazil,https://epg.pw/media/images/channel/2022/05/27/large/20220527020654244584_90.png,Kids,1280x720,freetv-fun-all.txt,24,403,成功,hevc,30.0,有音频,0.437,8,8
[HD]cbs news,https://t.freetv.fun/live/cbs-news-1.m3u8,,CBS News,United States,United States,https://epg.pw/media/images/channel/2022/09/21/large/20220921003134675689_79.png,News,426x240,freetv-fun-all.txt,29,403,成功,h264,30.0,有音频,1.567,9,9
[BD]cctv7-军事农业,https://t.freetv.fun/live/cctv7-jun-shi-nong-ye-1.php,378826,CCTV7,China,China,https://epg.pw/media/images/channel/2025/01/25/large/20250125001726519561_49.png,Other,1920x1080,freetv-fun-all.txt,29,403,成功,hevc,25.0,有音频,3.017,16,12
[BD]documentary plus,https://t.freetv.fun/live/documentary-plus.m3u8,,CGTN Documentary,China,China,https://epg.pw/media/images/channel/2022/04/29/large/20220429020115798784_73.png,Knowledge,384x216,freetv-fun-all.txt,27,403,成功,h264,29.97002997002997,有音频,4.995,7,5
[VGA]telemundo al dia,https://t.freetv.fun/live/telemundo-al-dia.m3u8,,Telemundo,United States,United States,https://epg.pw/media/images/channel/2022/05/06/large/20220506174246283512_52.png,Sports,640x360,freetv-fun-all.txt,19,403,成功,h264,30.0,有音频,1.374,9,9
[HD]reggio tv,https://t.freetv.fun/live/reggio-tv.m3u8,,Regio TV,Germany,Germany,https://epg.pw/media/uploads/tmp_logo/2014/06/13/20140613200719649628_15.png,Generic,1280x720,freetv-fun-all.txt,19,403,成功,h264,25.0,有音频,2.334,8,8
[SD]i on tv uk,https://t.freetv.fun/live/i-on-tv-uk.m3u8,9195,ON TV,Egypt,Egypt,https://epg.pw/media/uploads/tmp_logo/2014/06/13/20140613190857893129_31.png,Generic,1024x576,freetv-fun-all.txt,28,403,成功,h264,25.0,有音频,2.717,8,8
[HD]national geographic us eastern,https://t.freetv.fun/live/national-geographic-us-eastern.m3u8,6303,National Geographic,Romania,Romania,https://epg.pw/media/images/channel/2022/05/06/large/20220506163824809340_39.png,Knowledge,1280x720,freetv-fun-all.txt,27,403,成功,h264,30.0,无音频,4.656,122,98
[HD]fanduel sports network ohio,https://t.freetv.fun/live/fanduel-sports-network-ohio.m3u8,,Sports Network,Canada,Canada,https://epg.pw/media/images/channel/2017/01/05/large/20170105145517180728_73.png,Sports,1280x720,freetv-fun-all.txt,18,403,成功,h264,25.0,有音频,1.920,156,128
[BD]viutv,https://t.freetv.fun/live/viutv-7.m3u8,,ViuTV HD,Hong Kong,Hong Kong,https://epg.pw/media/images/channel/2023/07/20/large/20230720193225282526_84.png,Entertainment,1920x1080,freetv-fun-all.txt,24,403,成功,h264,50.0,有音频,2.062,8,8
[HD]travel xp,https://t.freetv.fun/live/travel-xp-3.m3u8,,TRAVEL,United States,United States,https://epg.pw/media/images/channel/2017/02/26/large/20170226212754000637_52.jpg,Other,1280x720,freetv-fun-all.txt,19,403,成功,h264,29.97002997002997,有音频,2.239,8,8
[SD]pluto tv retro kid,https://t.freetv.fun/live/pluto-tv-retro-kid.m3u8,,RETRO TV,United States,United States,https://epg.pw/media/img/logo/1_118.jpg,Other,426x240,freetv-fun-all.txt,19,403,成功,h264,30.0,有音频,4.980,117,93
[SD]national geographic east (720p),https://t.freetv.fun/live/national-geographic-east-720p.m3u8,6303,National Geographic,Romania,Romania,https://epg.pw/media/images/channel/2022/05/06/large/20220506163824809340_39.png,Knowledge,1280x720,freetv-fun-all.txt,20,403,成功,h264,30.0,无音频,3.711,122,98
[HD]sportsnet pacific,https://t.freetv.fun/live/sportsnet-pacific.m3u8,,SportsNet Pacific,Canada,Canada,https://epg.pw/media/images/channel/2023/09/10/large/20230910195234972796_16.png,Sports,1280x720,freetv-fun-all.txt,18,403,成功,h264,25.0,有音频,1.591,156,128
[HD]artflix movie classics,https://t.freetv.fun/live/artflix-movie-classics.m3u8,,MOVIE MOVIE,Hong Kong,Hong Kong,https://epg.pw/media/images/channel/2024/04/15/large/20240415121455440051_22.png,Movies,1280x720,freetv-fun-all.txt,21,403,成功,h264,29.97002997002997,有音频,1.069,8,8
[BD]hits *4g,https://t.freetv.fun/live/hits-4g.m3u8,,Hits(TW),Singapore,Singapore,https://epg.pw/media/images/channel/2024/06/11/large/20240611010918611570_10.jpg,Movies,1920x1080,freetv-fun-all.txt,19,403,成功,h264,30.0,有音频,3.665,8,8
[VGA]музыка 2 international,https://t.freetv.fun/live/muzyka-2-international-1.m3u8,,LBC International,Lebanon,Lebanon,https://epg.pw/media/images/channel/2022/05/06/large/20220506174912035196_59.png,Generic,768x432,freetv-fun-all.txt,26,403,成功,h264,25.0,有音频,2.969,36,28
[HD]vevo true school hip-hop,https://t.freetv.fun/live/vevo-true-school-hip-hop.m3u8,,VEVO 1,United States,United States,https://epg.pw/media/uploads/tmp_logo/2016/08/12/20160812131347436928_29.jpg,Entertainment,426x240,freetv-fun-all.txt,18,403,成功,h264,30.0,有音频,5.269,7,5
[BD]RTHK32 *sg,https://t.freetv.fun/live/rthk32-sg.m3u8,,RTHK32,Hong Kong,Hong Kong,https://epg.pw/media/images/channel/2023/07/19/large/20230719083827856598_33.png,News,1920x1080,freetv-fun-all.txt,21,403,成功,h264,25.0,有音频,0.477,8,8
[BD]motor trend,https://t.freetv.fun/live/motor-trend-1.m3u8,,MotorTrend,United States,United States,https://epg.pw/media/images/channel/2019/01/10/large/20190110224925174615_29.jpg,Knowledge,1920x1080,freetv-fun-all.txt,17,403,成功,h264,29.97002997002997,有音频,1.015,8,8
[HD]motor racing,https://t.freetv.fun/live/motor-racing.m3u8,,Racing UK,United Kingdom,United Kingdom,https://epg.pw/media/uploads/tmp_logo/2015/02/11/20150211202256317139_27.jpg,Sports,1280x720,freetv-fun-all.txt,21,403,成功,h264,25.0,有音频,2.198,8,8
[HD]hallmark movies more,https://t.freetv.fun/live/hallmark-movies-more-1.m3u8,,Hallmark Movies & More,United States,United States,https://epg.pw/media/images/channel/2021/11/13/large/20211113232619185280_33.png,Movies,426x240,freetv-fun-all.txt,20,403,成功,h264,30.0,有音频,5.093,117,93
[BD]tennis plus,https://t.freetv.fun/live/tennis-plus.m3u8,408617,Tennis,United States,United States,https://epg.pw/media/images/channel/2025/01/31/large/20250131032247367159_67.jpg,Sports,1920x1080,freetv-fun-all.txt,27,403,成功,h264,25.0,有音频,2.433,8,8
[BD]nickelodeon,https://t.freetv.fun/live/nickelodeon-2.m3u8,,Nickelodeon  (UK),United Kingdom,United Kingdom,https://epg.pw/media/,Generic,1920x1080,freetv-fun-all.txt,14,403,成功,h264,25.0,有音频,1.838,8,8
[BD]Viutv *sg,https://t.freetv.fun/live/viutv-sg.m3u8,,ViuTV HD,Hong Kong,Hong Kong,https://epg.pw/media/images/channel/2023/07/20/large/20230720193225282526_84.png,Entertainment,1920x1080,freetv-fun-all.txt,23,403,成功,h264,50.0,有音频,0.535,8,8
[HD]fanduel sports network north,https://t.freetv.fun/live/fanduel-sports-network-north.m3u8,,Sports Network,Canada,Canada,https://epg.pw/media/images/channel/2017/01/05/large/20170105145517180728_73.png,Sports,1280x720,freetv-fun-all.txt,18,403,成功,h264,25.0,有音频,1.829,156,128
[VGA]minika çocuk,https://t.freetv.fun/live/minika-cocuk-1.m3u8,,MinikaÇOCUK,Türkiye,Türkiye,https://epg.pw/media/images/channel/2021/10/16/large/20211016152155254946_76.png,Kids,854x480,freetv-fun-all.txt,19,403,成功,h264,25.0,有音频,4.137,8,8
[BD]eko tv,https://t.freetv.fun/live/eko-tv-2.m3u8,,NEO TV,Pakistan,Pakistan,https://epg.pw/media/images/channel/2022/05/06/large/20220506174708907557_96.png,News,1920x1080,freetv-fun-all.txt,23,403,成功,h264,50.0,有音频,3.948,156,128
[BD]star,https://t.freetv.fun/live/star-1.m3u8,,Star HD,Mongolia,Mongolia,https://epg.pw/media/uploads/tmp_logo/2017/02/10/20170210220150037360_96.png,Generic,1920x1080,freetv-fun-all.txt,18,403,成功,h264,25.0,有音频,9.559,16,12
[HD]sky cinema thriller *s,https://t.freetv.fun/live/sky-cinema-thriller-s.m3u8,,SKY Cinema Thriller,United Kingdom,United Kingdom,https://epg.pw/media/images/channel/2022/08/17/large/20220817145317304738_63.jpg,Movies,1280x720,freetv-fun-all.txt,26,403,成功,h264,25.0,有音频,2.322,8,8
[BD]relax 7,https://t.freetv.fun/live/relax-7.m3u8,,Relax TV Czech Republic,Czech,Czech,https://epg.pw/media/,Generic,1920x1080,freetv-fun-all.txt,10,403,成功,h264,25.0,有音频,3.745,8,8
[BD]super,https://t.freetv.fun/live/super.m3u8,,TV Super Sky Macedonia,Macedonia,Macedonia,https://epg.pw/media/,Generic,1920x1080,freetv-fun-all.txt,20,403,成功,h264,50.0,有音频,3.036,156,128
[BD]eko tv,https://t.freetv.fun/live/eko-tv-1.m3u8,,NEO TV,Pakistan,Pakistan,https://epg.pw/media/images/channel/2022/05/06/large/20220506174708907557_96.png,News,1920x1080,freetv-fun-all.txt,25,403,成功,h264,50.0,有音频,3.415,156,128
[BD]ช่อง jupiter shop channel,https://t.freetv.fun/live/ch-ng-jupiter-shop-channel.m3u8,,Jupiter Shop Channel,Japan,Japan,https://epg.pw/media/images/channel/2021/12/12/large/20211212021011582910_71.png,Other,1920x1080,freetv-fun-all.txt,26,403,成功,h264,29.97002997002997,有音频,0.879,8,8
[BD]TVN Movies *tt,https://t.freetv.fun/live/tvn-movies-tt.m3u8,2726,TvN Movies(MY),Korea,Korea,https://epg.pw/media/images/channel/2022/12/24/large/20221224134310212498_37.jpg,Movies,1440x1080,freetv-fun-all.txt,21,403,成功,h264,50.0,有音频,1.414,8,8
[SD]mtv hits uk *s,https://t.freetv.fun/live/mtv-hits-uk-s.m3u8,,MTV UK,United Kingdom,United Kingdom,https://epg.pw/media/images/channel/2022/04/18/large/20220418230044523988_98.png,Music,720x576,freetv-fun-all.txt,18,403,成功,mpeg2video,25.0,有音频,3.019,11,11
[VGA]tvge,https://t.freetv.fun/live/tvge-1.m3u8,,TVE,Spain,Spain,https://epg.pw/media/img/logo/1_454.jpg,Generic,640x360,freetv-fun-all.txt,25,403,成功,h264,25.0,有音频,0.642,9,9
[HD]ช่อง sportsnet pacific,https://t.freetv.fun/live/ch-ng-sportsnet-pacific.m3u8,,SportsNet Pacific,Canada,Canada,https://epg.pw/media/images/channel/2023/09/10/large/20230910195234972796_16.png,Sports,1280x720,freetv-fun-all.txt,25,403,成功,h264,25.0,有音频,1.723,156,128
[BD]ion plus,https://t.freetv.fun/live/ion-plus-1.m3u8,,ON Plus,Egypt,Egypt,https://epg.pw/media/uploads/tmp_logo/2017/01/31/20170131165125367318_70.png,Entertainment,1920x1080,freetv-fun-all.txt,21,403,成功,h264,29.97002997002997,有音频,2.132,8,8
[HD]itv deportes,https://t.freetv.fun/live/itv-deportes.m3u8,,Mitele Deportes,Spain,Spain,https://epg.pw/media/images/channel/2021/11/13/large/20211113231455046218_14.png,Sports,640x360,freetv-fun-all.txt,28,403,成功,h264,29.97002997002997,有音频,1.044,9,9
[HD]ช่อง sky sports plus,https://t.freetv.fun/live/ch-ng-sky-sports-plus.m3u8,,Sports Plus 1,Hong Kong,Hong Kong,https://epg.pw/media/images/channel/2022/08/07/large/20220807222724425696_46.jpg,Sports,1280x720,freetv-fun-all.txt,25,403,成功,h264,25.0,有音频,1.501,156,128
[HD]老挝hmong star tv,https://t.freetv.fun/live/lao-zhua-hmong-star-tv.m3u8,,Star TV,Mongolia,Mongolia,https://epg.pw/media/images/channel/2022/05/06/large/20220506174525906561_91.png,News,1280x720,freetv-fun-all.txt,20,403,成功,h264,29.97002997002997,有音频,1.267,8,8
[BD]enntivision,https://t.freetv.fun/live/enntivision.m3u8,,UNIVISION,United States,United States,https://epg.pw/media/images/channel/2022/05/06/large/20220506175031386401_36.png,Entertainment,1920x1080,freetv-fun-all.txt,25,403,成功,h264,59.94005994005994,有音频,1.983,8,8
[HD]the pet collective international,https://t.freetv.fun/live/the-pet-collective-international.m3u8,,LBC International,Lebanon,Lebanon,https://epg.pw/media/images/channel/2022/05/06/large/20220506174912035196_59.png,Generic,1280x720,freetv-fun-all.txt,19,403,成功,h264,29.97002997002997,有音频,2.934,8,8
[BD]nhl,https://t.freetv.fun/live/nhl-1.m3u8,,NHL Network,United States,United States,https://epg.pw/media/images/channel/2022/06/26/large/20220626164110274832_61.jpg,Sports,640x360,freetv-fun-all.txt,35,403,成功,h264,29.97002997002997,有音频,4.165,17,13
[VGA]nfl redzone,https://t.freetv.fun/live/nfl-redzone.m3u8,,NFL REDZONE,United States,United States,https://epg.pw/media/images/channel/2023/01/25/large/20230125165404930106_48.jpg,Sports,640x360,freetv-fun-all.txt,21,403,成功,h264,59.94005994005994,有音频,4.178,132,108
[BD]kanal d,https://t.freetv.fun/live/kanal-d-4.m3u8,,Kanal D,Romania,Romania,https://epg.pw/media/images/channel/2022/05/06/large/20220506175021665970_15.png,Generic,640x360,freetv-fun-all.txt,25,403,成功,h264,25.0,有音频,8.119,37,29
[BD]imam hussein tv 2,https://t.freetv.fun/live/imam-hussein-tv-2-2.m3u8,,IMAM HUSSEIN 2 TV,Iran,Iran,https://epg.pw/media/,Other,1920x1080,freetv-fun-all.txt,32,403,成功,h264,25.0,有音频,2.385,8,8
[SD]sky news,https://t.freetv.fun/live/sky-news-1.m3u8,12069,SKY NEWS HD,United Kingdom,United Kingdom,https://epg.pw/media/img/logo/1_215.jpg,News,1280x720,freetv-fun-all.txt,20,403,成功,h264,30.0,有音频,3.207,8,8
[HD]lex tv,https://t.freetv.fun/live/lex-tv.m3u8,,Lindex TV,Algeria,Algeria,https://epg.pw/media/uploads/tmp_logo/2015/08/21/20150821025454902386_25.png,Generic,1280x720,freetv-fun-all.txt,18,403,成功,h264,25.0,有音频,4.349,8,8
[HD]ช่อง nhk world tv,https://t.freetv.fun/live/ch-ng-nhk-world-tv.m3u8,,NHK World FHD,Japan,Japan,https://epg.pw/media/images/channel/2022/05/13/large/20220513225311089225_30.jpg,Generic,1280x720,freetv-fun-all.txt,18,403,成功,h264,25.0,有音频,1.470,156,128
[BD]nba tv,https://t.freetv.fun/live/nba-tv.m3u8,,NBA TV HD,United States,United States,https://epg.pw/media/uploads/tmp_logo/2015/10/06/20151006162032850296_37.jpg,Sports,426x240,freetv-fun-all.txt,20,403,成功,h264,29.97002997002997,有音频,2.253,7,5
[HD]ช่อง sportsnet one,https://t.freetv.fun/live/ch-ng-sportsnet-one.m3u8,,SportsNet One,Canada,Canada,https://epg.pw/media/images/channel/2023/09/10/large/20230910194953438917_10.png,Sports,1280x720,freetv-fun-all.txt,24,403,成功,h264,25.0,有音频,1.461,156,128
[HD]sportsnet west,https://t.freetv.fun/live/sportsnet-west.m3u8,,SportsNet West,Canada,Canada,https://epg.pw/media/images/channel/2025/01/30/large/20250130005722946333_89.png,Sports,1280x720,freetv-fun-all.txt,20,403,成功,h264,25.0,有音频,1.521,156,128
[HD]trt 1,https://t.freetv.fun/live/trt-1.m3u8,,TRT 1 HD,Türkiye,Türkiye,https://epg.pw/media/uploads/tmp_logo/2016/02/17/20160217232446180603_93.jpg,Generic,1280x720,freetv-fun-all.txt,16,403,成功,h264,25.0,有音频,1.224,8,8
[HD]tea tv,https://t.freetv.fun/live/tea-tv-1.m3u8,,TEC TV HD,Argentina,Argentina,https://epg.pw/media/uploads/tmp_logo/2017/06/16/20170616034423669528_60.jpg,Knowledge,1280x720,freetv-fun-all.txt,33,403,成功,h264,29.97002997002997,有音频,0.752,32,26
[BD]ictv,https://t.freetv.fun/live/ictv-1.m3u8,6941,ICTV,Ukraine,Ukraine,https://epg.pw/media/images/channel/2022/11/24/large/20221124234759643697_22.png,Generic,1920x1080,freetv-fun-all.txt,25,403,成功,h264,50.0,有音频,3.272,156,128
[HD]tea tv,https://t.freetv.fun/live/tea-tv.m3u8,,TEC TV HD,Argentina,Argentina,https://epg.pw/media/uploads/tmp_logo/2017/06/16/20170616034423669528_60.jpg,Knowledge,1280x720,freetv-fun-all.txt,35,403,成功,h264,29.97002997002997,有音频,0.673,38,32
[BD]ufc,https://t.freetv.fun/live/ufc.m3u8,,UFC TV,United States,United States,https://epg.pw/media/images/channel/2022/05/27/large/20220527020637494753_10.png,Sports,384x216,freetv-fun-all.txt,19,403,成功,h264,29.97002997002997,有音频,1.739,99,81
[HD]sony one classics,https://t.freetv.fun/live/sony-one-classics.m3u8,369728,Sony One HD,Singapore,Singapore,https://epg.pw/media/img/logo/sony_one.jpg,Movies,1280x720,freetv-fun-all.txt,19,403,成功,h264,29.97002997002997,有音频,0.987,8,8
[HD]super tv,https://t.freetv.fun/live/super-tv-2.m3u8,,Super TV Italia,Italy,Italy,https://epg.pw/media/,Generic,1280x720,freetv-fun-all.txt,25,403,成功,h264,25.0,有音频,2.198,8,8
[HD]ช่อง spectrum sportsnet,https://t.freetv.fun/live/ch-ng-spectrum-sportsnet.m3u8,,Spectrum sportsnet,United States,United States,https://epg.pw/media/images/channel/2023/10/27/large/20231027181432143729_67.png,Sports,1280x720,freetv-fun-all.txt,14,403,成功,h264,25.0,有音频,1.741,156,128
[HD]ช่อง sportsnet,https://t.freetv.fun/live/ch-ng-sportsnet.m3u8,,SportsNet One,Canada,Canada,https://epg.pw/media/images/channel/2023/09/10/large/20230910194953438917_10.png,Sports,1280x720,freetv-fun-all.txt,19,403,成功,h264,25.0,有音频,1.613,156,128
[HD]the pet collective international,https://t.freetv.fun/live/the-pet-collective-international-1.m3u8,,LBC International,Lebanon,Lebanon,https://epg.pw/media/images/channel/2022/05/06/large/20220506174912035196_59.png,Generic,1280x720,freetv-fun-all.txt,25,403,成功,h264,29.97002997002997,有音频,2.725,8,8
[HD]ช่อง nesn,https://t.freetv.fun/live/ch-ng-nesn.m3u8,,NESN,United States,United States,https://epg.pw/media/images/channel/2023/06/01/large/20230601220959793959_91.png,Sports,1280x720,freetv-fun-all.txt,26,403,成功,h264,25.0,有音频,1.485,156,128
[HD]ช่อง premier sports 1,https://t.freetv.fun/live/ch-ng-premier-sports-1.m3u8,3625,Premier Sports,Malaysia,Malaysia,https://epg.pw/media/images/channel/2022/06/09/large/20220609233720370622_81.png,Sports,1280x720,freetv-fun-all.txt,20,403,成功,h264,25.0,有音频,1.276,156,128
[VGA]national geographic wild east,https://t.freetv.fun/live/national-geographic-wild-east.m3u8,6303,National Geographic,Romania,Romania,https://epg.pw/media/images/channel/2022/05/06/large/20220506163824809340_39.png,Knowledge,1280x720,freetv-fun-all.txt,19,403,成功,h264,30.0,无音频,3.756,76,60
[HD]ช่อง nba tv,https://t.freetv.fun/live/ch-ng-nba-tv.m3u8,,NBA TV HD,United States,United States,https://epg.pw/media/uploads/tmp_logo/2015/10/06/20151006162032850296_37.jpg,Sports,1280x720,freetv-fun-all.txt,25,403,成功,h264,25.0,有音频,1.663,156,128
[HD]sharjah sports,https://t.freetv.fun/live/sharjah-sports-1.m3u8,,Sharjah,Saudi Arabia,Saudi Arabia,https://epg.pw/media/images/channel/2022/05/06/large/20220506174532004101_74.png,Generic,1280x720,freetv-fun-all.txt,28,403,成功,h264,25.0,有音频,2.077,8,8
[HD]vevo '80s,https://t.freetv.fun/live/vevo-80s.m3u8,,VEVO 3,United States,United States,https://epg.pw/media/uploads/tmp_logo/2016/08/12/20160812131559629236_65.jpg,Entertainment,426x240,freetv-fun-all.txt,19,403,成功,h264,30.0,有音频,4.935,37,29
[HD]ช่อง sportsnet 360,https://t.freetv.fun/live/ch-ng-sportsnet-360.m3u8,,SportsNet One,Canada,Canada,https://epg.pw/media/images/channel/2023/09/10/large/20230910194953438917_10.png,Sports,1280x720,freetv-fun-all.txt,18,403,成功,h264,25.0,有音频,1.481,156,128
[VGA]starz cinema *s,https://t.freetv.fun/live/starz-cinema-s.m3u8,,Starz Cinema,United States,United States,https://epg.pw/media/images/channel/2024/07/15/large/20240715155016051510_82.png,Movies,768x432,freetv-fun-all.txt,24,403,成功,h264,29.97002997002997,有音频,1.874,8,8
[HD]soap latino,https://t.freetv.fun/live/soap-latino.m3u8,,Son Latino,Colombia,Colombia,https://epg.pw/media/uploads/tmp_logo/2015/03/24/20150324100009652321_52.jpg,Entertainment,1280x720,freetv-fun-all.txt,21,403,成功,h264,29.97002997002997,有音频,2.833,8,8
[HD]sportsnet ontario,https://t.freetv.fun/live/sportsnet-ontario-1.m3u8,,Sportsnet Ontario,Canada,Canada,https://epg.pw/media/images/channel/2025/01/31/large/20250131031730760929_90.png,Sports,1280x720,freetv-fun-all.txt,21,403,成功,h264,25.0,有音频,2.005,156,128
[BD]sky movies scifi (uk) *s,https://t.freetv.fun/live/sky-movies-scifi-uk-s.m3u8,,Sky Movies Scifi HD (UK),United Kingdom,United Kingdom,https://epg.pw/media/uploads/tmp_logo/2015/08/21/20150821131503382756_62.jpg,Generic,1920x1080,freetv-fun-all.txt,18,403,成功,h264,50.0,有音频,2.867,8,8
[VGA]abn africa (480p),https://t.freetv.fun/live/abn-africa-480p.m3u8,,RTB Africa,Africa,Africa,https://epg.pw/media/images/channel/2022/05/07/large/20220507001546506887_78.png,News,560x420,freetv-fun-all.txt,21,403,成功,h264,24.0,有音频,1.391,18,14
[HD]love hip hop,https://t.freetv.fun/live/love-hip-hop-1.m3u8,,Lofi Hip Hop,United States,United States,https://epg.pw/media/images/channel/2023/10/07/large/20231007175057250379_74.jpg,Music,426x240,freetv-fun-all.txt,25,403,成功,h264,30.0,有音频,3.767,117,93
[HD]lao-thai tv,https://t.freetv.fun/live/lao-thai-tv-1.m3u8,,THAI TV,Thailand,Thailand,https://epg.pw/media/uploads/tmp_logo/2015/07/17/20150717223008241505_30.png,Generic,1280x720,freetv-fun-all.txt,20,403,成功,h264,59.94005994005994,有音频,0.641,8,8
[BD]insighttv,https://t.freetv.fun/live/insighttv.m3u8,197226,INSIGHT TV,Netherlands,Netherlands,https://epg.pw/media/images/channel/2024/08/16/large/20240816032119028184_96.png,Knowledge,1920x1080,freetv-fun-all.txt,28,403,成功,h264,25.0,有音频,6.935,16,12
[HD]1 plus 1 марафон,https://t.freetv.fun/live/1-plus-1-marafon-1.m3u8,,K+1 HD,Vietnam,Vietnam,https://epg.pw/media/img/logo/K1_1.png,Sports,1280x720,freetv-fun-all.txt,20,403,成功,h264,29.97002997002997,无音频,1.795,66,56
[HD]lao net tv,https://t.freetv.fun/live/lao-net-tv.m3u8,,NET TV,Kurdistan,Kurdistan,https://epg.pw/media/images/channel/2022/05/06/large/20220506173945800787_75.png,Other,1280x720,freetv-fun-all.txt,20,403,成功,h264,29.97002997002997,有音频,0.524,60,48
[HD]spirit tv,https://t.freetv.fun/live/spirit-tv-2.m3u8,,Spirit TV,United Kingdom,United Kingdom,https://epg.pw/media/images/channel/2022/05/06/large/20220506173957126450_71.png,Entertainment,1280x720,freetv-fun-all.txt,9,403,成功,h264,30.0,有音频,1.315,8,8
[HD]vevo '70s,https://t.freetv.fun/live/vevo-70s-1.m3u8,,VEVO 3,United States,United States,https://epg.pw/media/uploads/tmp_logo/2016/08/12/20160812131559629236_65.jpg,Entertainment,426x240,freetv-fun-all.txt,20,403,成功,h264,30.0,有音频,4.426,117,93
[BD]tvb plus,https://t.freetv.fun/live/tvb-plus-3.m3u8,368361,TVB Plus,Hong Kong,Hong Kong,https://epg.pw/media/images/channel/2023/07/22/large/20230722193451659796_71.png,Entertainment,1920x1080,freetv-fun-all.txt,21,403,成功,h264,25.0,有音频,1.153,8,8
[VGA]atv colombia,https://t.freetv.fun/live/atv-colombia.m3u8,,Hosanna Vision Colombia,Colombia,Colombia,https://epg.pw/media/images/channel/2022/05/06/large/20220506173813571454_94.png,Entertainment,640x360,freetv-fun-all.txt,9,403,成功,h264,29.97002997002997,有音频,1.420,9,9
[BD]nhk world *4g,https://t.freetv.fun/live/nhk-world-4g.m3u8,,NHK World FHD,Japan,Japan,https://epg.pw/media/images/channel/2022/05/13/large/20220513225311089225_30.jpg,Generic,1920x1080,freetv-fun-all.txt,21,403,成功,h264,30.0,有音频,3.699,8,8
[HD]telebarn,https://t.freetv.fun/live/telebarn.m3u8,,Telebarn,Germany,Germany,https://epg.pw/media/uploads/tmp_logo/2014/06/13/20140613195929881385_72.png,Generic,1280x720,freetv-fun-all.txt,277,403,成功,h264,25.0,有音频,1.350,8,8
[SD]tiji,https://t.freetv.fun/live/tiji.m3u8,,TiJi,France,France,https://epg.pw/media/images/channel/2022/04/18/large/20220418235419528366_62.jpg,Kids,720x576,freetv-fun-all.txt,19,403,成功,h264,25.0,有音频,2.046,8,8
[BD]cnews prime,https://t.freetv.fun/live/cnews-prime-1.m3u8,,Prime9 News,India,India,https://epg.pw/media/images/channel/2023/08/18/large/20230818092210687335_41.png,News,1920x1080,freetv-fun-all.txt,20,403,成功,h264,50.0,有音频,3.388,23,20
[HD]gtn canada,https://t.freetv.fun/live/gtn-canada.m3u8,,TSNcanada,Canada,Canada,https://epg.pw/media/uploads/tmp_logo/2015/03/11/20150311041449396186_43.jpg,Entertainment,1280x720,freetv-fun-all.txt,287,403,成功,h264,30.0,有音频,1.439,32,26
[HD]ช่อง nbc buffalo,https://t.freetv.fun/live/ch-ng-nbc-buffalo.m3u8,,NBC Buffalo,United States,United States,https://epg.pw/media/images/channel/2022/03/18/large/20220318090322701392_73.png,News,1280x720,freetv-fun-all.txt,20,403,成功,h264,25.0,有音频,1.464,156,128
[HD]tvb星河,https://t.freetv.fun/live/tvbxing-he.m3u8,3493,TVB星河(粵),Hong Kong,Hong Kong,https://epg.pw/media/images/channel/2018/03/13/large/20180313203118850563_68.jpg,Movies,1280x720,freetv-fun-all.txt,20,403,成功,h264,25.0,有音频,1.832,8,8
[BD]rtb sukmaindera,https://t.freetv.fun/live/rtb-sukmaindera.m3u8,,RTB Sukmaindera,Brunei,Brunei,https://epg.pw/media/images/channel/2020/07/26/large/20200726144349728969_43.png,Generic,1920x1080,freetv-fun-all.txt,20,403,成功,h264,25.0,有音频,0.975,8,8
[HD]ช่อง nbc sports network,https://t.freetv.fun/live/ch-ng-nbc-sports-network.m3u8,,Sports Network,Canada,Canada,https://epg.pw/media/images/channel/2017/01/05/large/20170105145517180728_73.png,Sports,1280x720,freetv-fun-all.txt,274,403,成功,h264,25.0,有音频,1.707,156,128
[VGA]tv4,https://t.freetv.fun/live/tv4-1.m3u8,,TV4 Film Sweden,Sweden,Sweden,https://epg.pw/media/,Movies,640x360,freetv-fun-all.txt,33,403,成功,h264,25.0,有音频,1.221,9,9
[SD]gtn canada (1080i) [geo-blocked],https://t.freetv.fun/live/gtn-canada-1080i-geo-blocked.m3u8,,TSNcanada,Canada,Canada,https://epg.pw/media/uploads/tmp_logo/2015/03/11/20150311041449396186_43.jpg,Entertainment,1280x720,freetv-fun-all.txt,286,403,成功,h264,30.0,有音频,1.369,16,12
[SD]radio 51 tv,https://t.freetv.fun/live/radio-51-tv-1.m3u8,,RADIO 105 TV,Italy,Italy,https://epg.pw/media/img/logo/1_121.jpg,Entertainment,720x576,freetv-fun-all.txt,276,403,成功,h264,50.0,有音频,1.688,8,8
[HD]starz encore *s,https://t.freetv.fun/live/starz-encore-s.m3u8,,Starz Encore,United States,United States,https://epg.pw/media/images/channel/2023/02/14/large/20230214172751661171_74.png,Movies,1280x720,freetv-fun-all.txt,19,403,成功,h264,59.94005994005994,有音频,2.183,8,8
[HD]nbc news,https://t.freetv.fun/live/nbc-news-1.m3u8,,NBC NEWS,United States,United States,https://epg.pw/media/images/channel/2019/01/21/large/20190121225455145966_13.png,News,1280x720,freetv-fun-all.txt,19,403,成功,h264,30.0,有音频,2.426,8,8
[VGA]tv4 (360p),https://t.freetv.fun/live/tv4-360p.m3u8,,TV4 Fakta Sweden,Sweden,Sweden,https://epg.pw/media/,Entertainment,640x360,freetv-fun-all.txt,34,403,成功,h264,25.0,有音频,0.271,17,13
[HD]teletur,https://t.freetv.fun/live/teletur.m3u8,,Telefuturo,Honduras,Honduras,https://epg.pw/media/,Generic,1280x720,freetv-fun-all.txt,274,403,成功,h264,29.97002997002997,有音频,1.900,92,74
[VGA]etv plus,https://t.freetv.fun/live/etv-plus-1.m3u8,368361,TVB Plus,Hong Kong,Hong Kong,https://epg.pw/media/images/channel/2023/07/22/large/20230722193451659796_71.png,Entertainment,1280x720,freetv-fun-all.txt,18,403,成功,h264,25.0,有音频,9.066,26,22
[SD]noursat english,https://t.freetv.fun/live/noursat-english.m3u8,,NOURSAT,United Arab Emirates,United Arab Emirates,https://epg.pw/media/images/channel/2022/05/06/large/20220506174257288016_34.png,Generic,1024x576,freetv-fun-all.txt,28,403,成功,h264,25.0,有音频,3.189,8,8
[VGA]national geographic east,https://t.freetv.fun/live/national-geographic-east.m3u8,6303,National Geographic,Romania,Romania,https://epg.pw/media/images/channel/2022/05/06/large/20220506163824809340_39.png,Knowledge,1280x720,freetv-fun-all.txt,18,403,成功,h264,30.0,无音频,3.676,122,98
[HD]porto canal,https://t.freetv.fun/live/porto-canal-1.m3u8,,Porto Canal,Portugal,Portugal,https://epg.pw/media/images/channel/2022/05/06/large/20220506173755198502_94.png,Sports,1280x720,freetv-fun-all.txt,25,403,成功,h264,25.0,有音频,1.540,8,8
[BD]TVB 翡翠台 *sg,https://t.freetv.fun/live/tvb-fei-cui-tai-sg.m3u8,,TVB華劇,Hong Kong,Hong Kong,https://epg.pw/media/images/channel/2024/08/15/large/20240815025528255713_48.png,Movies,1920x1080,freetv-fun-all.txt,27,403,成功,h264,50.0,有音频,0.691,8,8
[BD]history2 *s,https://t.freetv.fun/live/history2-s.m3u8,,History2(USA),United States,United States,https://epg.pw/media/images/channel/2022/05/23/large/20220523014821537815_27.jpg,Knowledge,960x540,freetv-fun-all.txt,26,403,成功,h264,29.97002997002997,有音频,2.380,16,12
[BD]venevision,https://t.freetv.fun/live/venevision.m3u8,,Venevision,Venezuela,Venezuela,https://epg.pw/media/images/channel/2020/06/12/large/20200612211543589984_48.png,Entertainment,1920x1080,freetv-fun-all.txt,25,403,成功,h264,30.0,有音频,0.802,8,8
[BD]rtg,https://t.freetv.fun/live/rtg.m3u8,,RTG,Russia,Russia,https://epg.pw/media/images/channel/2022/05/06/large/20220506164557683738_64.png,Knowledge,1920x1080,freetv-fun-all.txt,19,403,成功,h264,50.0,有音频,2.020,36,28
[HD]wnbc-dt1,https://t.freetv.fun/live/wnbc-dt1.m3u8,,WNBC TV,United States,United States,https://epg.pw/media/images/channel/2022/03/18/large/20220318085534532810_32.png,News,1280x720,freetv-fun-all.txt,24,403,成功,h264,59.94005994005994,有音频,3.012,36,28
[BD]tv slo 2,https://t.freetv.fun/live/tv-slo-2.m3u8,,TV 2,New Zealand,New Zealand,https://epg.pw/media/images/channel/2022/05/06/large/20220506163756123824_29.png,Other,1920x1080,freetv-fun-all.txt,21,403,成功,h264,50.0,有音频,1.675,8,8
[HD]starz west *s,https://t.freetv.fun/live/starz-west-s.m3u8,,Starz West,United States,United States,https://epg.pw/media/images/channel/2022/05/27/large/20220527020552744884_81.png,Movies,1280x720,freetv-fun-all.txt,24,403,成功,h264,29.97002997002997,有音频,2.651,8,8
[BD]travel xp,https://t.freetv.fun/live/travel-xp-1.m3u8,,TRAVEL,United States,United States,https://epg.pw/media/images/channel/2017/02/26/large/20170226212754000637_52.jpg,Other,1280x720,freetv-fun-all.txt,20,403,成功,h264,25.0,有音频,1.614,17,17
[HD]rai news 24,https://t.freetv.fun/live/rai-news-24-1.m3u8,,Rai News 24,Italy,Italy,https://epg.pw/media/images/channel/2022/05/06/large/20220506174021801258_80.png,News,1280x720,freetv-fun-all.txt,26,403,成功,h264,25.0,有音频,2.035,8,8
[HD]tele mantova,https://t.freetv.fun/live/tele-mantova.m3u8,,TELEMANTOVA,Italy,Italy,https://epg.pw/media/uploads/tmp_logo/2014/08/25/20140825030919471970_91.jpg,Generic,1280x720,freetv-fun-all.txt,22,403,成功,h264,25.0,有音频,3.048,8,8
[SD]popc,https://t.freetv.fun/live/popc-1.m3u8,,Popc,Hong Kong,Hong Kong,https://epg.pw/media/images/channel/2024/08/13/large/20240813015310724171_63.png,Movies,1024x576,freetv-fun-all.txt,26,403,成功,hevc,25.0,有音频,1.412,76,60
[HD]ช่อง usa network,https://t.freetv.fun/live/ch-ng-usa-network.m3u8,,USA Network,United States,United States,https://epg.pw/media/images/channel/2022/05/27/large/20220527020311345024_21.png,Entertainment,1280x720,freetv-fun-all.txt,20,403,成功,h264,25.0,有音频,1.462,156,128
[HD]viasat sport,https://t.freetv.fun/live/viasat-sport.php,,Viasat Sport Sweden,Sweden,Sweden,https://epg.pw/media/,Sports,1600x1058,freetv-fun-all.txt,24,403,成功,h264,30.0,有音频,2.799,36,32
[HD]the pet collective international,https://t.freetv.fun/live/the-pet-collective-international-2.m3u8,,LBC International,Lebanon,Lebanon,https://epg.pw/media/images/channel/2022/05/06/large/20220506174912035196_59.png,Generic,1280x720,freetv-fun-all.txt,26,403,成功,h264,29.97002997002997,有音频,2.883,8,8
[HD]nautical channel,https://t.freetv.fun/live/nautical-channel.m3u8,,Nautical Channel Russia,Russia,Russia,https://epg.pw/media/uploads/tmp_logo/2015/05/30/20150530111020641300_38.jpg,Sports,1280x720,freetv-fun-all.txt,25,403,成功,h264,25.0,有音频,0.547,8,8
[SD]otv,https://t.freetv.fun/live/otv.m3u8,,OTV (LB),Lebanon,Lebanon,https://epg.pw/media/uploads/tmp_logo/2015/04/24/20150424231848703885_68.png,Entertainment,720x576,freetv-fun-all.txt,25,403,成功,h264,25.0,有音频,1.985,8,8
[HD]lao net tv,https://t.freetv.fun/live/lao-net-tv-1.m3u8,,NET TV,Kurdistan,Kurdistan,https://epg.pw/media/images/channel/2022/05/06/large/20220506173945800787_75.png,Other,1280x720,freetv-fun-all.txt,24,403,成功,h264,29.97002997002997,有音频,0.534,68,56
[BD]1 plus 1 марафон,https://t.freetv.fun/live/1-plus-1-marafon-2.m3u8,,K+1 HD,Vietnam,Vietnam,https://epg.pw/media/img/logo/K1_1.png,Sports,1920x1080,freetv-fun-all.txt,21,403,成功,h264,50.0,有音频,3.299,156,128
[SD]showtime *s,https://t.freetv.fun/live/showtime-s.m3u8,,Showtime,United States,United States,https://epg.pw/media/images/channel/2025/01/30/large/20250130005547573438_56.png,Movies,960x540,freetv-fun-all.txt,23,403,成功,h264,29.97002997002997,有音频,1.870,8,8
[HD]hadi tv 2,https://t.freetv.fun/live/hadi-tv-2.m3u8,,TV 2,New Zealand,New Zealand,https://epg.pw/media/images/channel/2022/05/06/large/20220506163756123824_29.png,Other,1280x720,freetv-fun-all.txt,20,403,成功,h264,25.0,有音频,11.066,56,47
[VGA]jtv,https://t.freetv.fun/live/jtv-1.m3u8,,JTV,Other,Other,https://epg.pw/media/img/logo/1_102.jpg,Other,854x480,freetv-fun-all.txt,25,403,成功,h264,25.0,有音频,2.010,8,8
[HD]ช่อง xy plus 1,https://t.freetv.fun/live/ch-ng-xy-plus-1.m3u8,,K+1 HD,Vietnam,Vietnam,https://epg.pw/media/img/logo/K1_1.png,Sports,1280x720,freetv-fun-all.txt,20,403,成功,h264,25.0,有音频,1.615,156,128
[BD]newsmax 2,https://t.freetv.fun/live/newsmax-2-1.m3u8,464863,Newsmax,United States,United States,https://epg.pw/media/images/channel/2021/01/21/large/20210121205319348415_63.png,News,1920x1080,freetv-fun-all.txt,19,403,成功,h264,29.97002997002997,有音频,3.250,8,8
[HD]bek tv,https://t.freetv.fun/live/bek-tv.m3u8,,RBK TV,Russia,Russia,https://epg.pw/media/uploads/tmp_logo/2014/05/23/20140523214811494393_30.jpg,Other,1280x720,freetv-fun-all.txt,287,403,成功,h264,29.97002997002997,有音频,0.870,8,8
[HD]ช่อง red bull tv,https://t.freetv.fun/live/ch-ng-red-bull-tv-1.m3u8,,Red Bull TV,United Kingdom,United Kingdom,https://epg.pw/media/images/channel/2022/05/16/large/20220516155835221115_90.jpg,Sports,1280x720,freetv-fun-all.txt,20,403,成功,h264,25.0,有音频,1.661,156,128
[HD]ช่อง tsn 1,https://t.freetv.fun/live/ch-ng-tsn-1.m3u8,,TSN 1  (USA),United States,United States,https://epg.pw/media/uploads/tmp_logo/2015/08/21/20150821155352783803_74.png,Generic,1280x720,freetv-fun-all.txt,289,403,成功,h264,25.0,有音频,1.626,156,128
[HD]rtg tv,https://t.freetv.fun/live/rtg-tv.m3u8,,RTG,Russia,Russia,https://epg.pw/media/images/channel/2022/05/06/large/20220506164557683738_64.png,Knowledge,1280x720,freetv-fun-all.txt,25,403,成功,h264,50.0,有音频,2.106,8,8
[HD]nautical channel,https://t.freetv.fun/live/nautical-channel-1.m3u8,,Nautical Channel Russia,Russia,Russia,https://epg.pw/media/uploads/tmp_logo/2015/05/30/20150530111020641300_38.jpg,Sports,1280x720,freetv-fun-all.txt,20,403,成功,h264,25.0,有音频,0.375,8,8
[BD]nile family ==,https://t.freetv.fun/live/nile-family.ts,,Nile Family,Egypt,Egypt,https://epg.pw/media/uploads/tmp_logo/2014/06/13/20140613191131893280_64.png,Movies,1920x1080,freetv-fun-all.txt,276,403,成功,h264,25.0,有音频,1.422,8,8
[BD]national geographic wild,https://t.freetv.fun/live/national-geographic-wild-1.m3u8,6303,National Geographic,Romania,Romania,https://epg.pw/media/images/channel/2022/05/06/large/20220506163824809340_39.png,Knowledge,1280x720,freetv-fun-all.txt,21,403,成功,h264,30.0,无音频,3.624,122,98
[VGA]vip news,https://t.freetv.fun/live/vip-news.m3u8,,Shri News,India,India,https://epg.pw/media/uploads/tmp_logo/2015/06/20/20150620200044875591_94.jpg,News,640x360,freetv-fun-all.txt,20,403,成功,h264,25.0,有音频,2.181,9,9
[BD]yo! mtv,https://t.freetv.fun/live/yo-mtv.m3u8,,MTV HD(Korea),United States,United States,https://epg.pw/media/images/channel/2017/11/12/large/20171112002356623871_27.png,Music,426x240,freetv-fun-all.txt,20,403,成功,h264,30.0,有音频,4.636,117,93
[SD]mtv classic,https://t.freetv.fun/live/mtv-classic.m3u8,,VH1 Classic,United Kingdom,United Kingdom,https://epg.pw/media/uploads/tmp_logo/2014/05/30/20140530204029763453_36.png,Entertainment,426x240,freetv-fun-all.txt,26,403,成功,h264,30.0,有音频,4.398,7,5
[HD]icnet 2,https://t.freetv.fun/live/icnet-2.m3u8,,ICnet TV 2,Canada,Canada,https://epg.pw/media/images/channel/2022/03/18/large/20220318085647468875_50.png,News,1280x720,freetv-fun-all.txt,28,403,成功,h264,25.0,有音频,2.978,11,11
[VGA]kanal d,https://t.freetv.fun/live/kanal-d.m3u8,,Kanal D,Romania,Romania,https://epg.pw/media/images/channel/2022/05/06/large/20220506175021665970_15.png,Generic,640x360,freetv-fun-all.txt,293,403,成功,h264,25.0,有音频,7.443,17,13
[HD]star trek,https://t.freetv.fun/live/star-trek.m3u8,,Trek,France,France,https://epg.pw/media/uploads/tmp_logo/2015/07/01/20150701232704939472_76.png,Entertainment,426x240,freetv-fun-all.txt,20,403,成功,h264,30.0,有音频,3.903,9,9
[HD]fanduel sports network detroit,https://t.freetv.fun/live/fanduel-sports-network-detroit.m3u8,,Sports Network,Canada,Canada,https://epg.pw/media/images/channel/2017/01/05/large/20170105145517180728_73.png,Sports,1280x720,freetv-fun-all.txt,298,403,成功,h264,25.0,有音频,1.642,156,128
[BD]telecibaohd,https://t.freetv.fun/live/telecibaohd.m3u8,,TeleBilbao,Spain,Spain,https://epg.pw/media/uploads/tmp_logo/2014/06/01/20140601224252785187_91.png,Generic,1920x1080,freetv-fun-all.txt,278,403,成功,h264,29.97002997002997,有音频,1.973,8,8
[BD]RTHK31 *sg,https://t.freetv.fun/live/rthk31-sg.m3u8,,RTHK31,Hong Kong,Hong Kong,https://epg.pw/media/images/channel/2023/07/19/large/20230719083758215404_92.png,Entertainment,1920x1080,freetv-fun-all.txt,21,403,成功,h264,25.0,有音频,0.611,8,8
[VGA]relax 5,https://t.freetv.fun/live/relax-5.m3u8,,Relax TV Czech Republic,Czech,Czech,https://epg.pw/media/,Generic,1920x1080,freetv-fun-all.txt,277,403,成功,h264,29.97002997002997,有音频,1.364,8,8
[VGA]oman tv,https://t.freetv.fun/live/oman-tv-2.m3u8,,OMAN TV,Oman,Oman,https://epg.pw/media/images/channel/2024/03/13/large/20240313150229044538_15.png,Generic,426x240,freetv-fun-all.txt,20,403,成功,h264,25.0,有音频,1.408,9,9
[BD]travel plus,https://t.freetv.fun/live/travel-plus.m3u8,,TRAVEL,United States,United States,https://epg.pw/media/images/channel/2017/02/26/large/20170226212754000637_52.jpg,Other,1920x1080,freetv-fun-all.txt,20,403,成功,hevc,29.97002997002997,有音频,0.765,16,12
[HD]one,https://t.freetv.fun/live/one.m3u8,,ONE (Malay),Korea,Korea,https://epg.pw/media/img/logo/1_240.jpg,Other,1280x720,freetv-fun-all.txt,18,403,成功,h264,25.0,有音频,0.626,8,8
[SD]vevo country,https://t.freetv.fun/live/vevo-country.m3u8,,VEVO 1,United States,United States,https://epg.pw/media/uploads/tmp_logo/2016/08/12/20160812131347436928_29.jpg,Entertainment,426x240,freetv-fun-all.txt,20,403,成功,h264,30.0,有音频,4.935,57,45
[SD]beyond history,https://t.freetv.fun/live/beyond-history.m3u8,,History(USA),United States,United States,https://epg.pw/media/images/channel/2022/05/23/large/20220523014634644875_63.jpg,Knowledge,640x360,freetv-fun-all.txt,19,403,成功,h264,30.0,有音频,3.618,129,105
[HD]fanduel sports network florida,https://t.freetv.fun/live/fanduel-sports-network-florida.m3u8,,Sports Network,Canada,Canada,https://epg.pw/media/images/channel/2017/01/05/large/20170105145517180728_73.png,Sports,1280x720,freetv-fun-all.txt,20,403,成功,h264,25.0,有音频,1.453,156,128
[HD]ช่อง cbs sports network,https://t.freetv.fun/live/ch-ng-cbs-sports-network.m3u8,,Sports Network,Canada,Canada,https://epg.pw/media/images/channel/2017/01/05/large/20170105145517180728_73.png,Sports,1280x720,freetv-fun-all.txt,286,403,成功,h264,25.0,有音频,1.654,156,128
[BD]star channel,https://t.freetv.fun/live/star-channel-1.m3u8,,STAR CHANNEL 2,Japan,Japan,https://epg.pw/media/uploads/tmp_logo/2017/11/04/20171104205524509480_52.jpg,Movies,1920x1080,freetv-fun-all.txt,18,403,成功,h264,25.0,有音频,2.725,17,17
[HD]trc televisión,https://t.freetv.fun/live/trc-television.m3u8,,Meridiano Televisión,Venezuela,Venezuela,https://epg.pw/media/images/channel/2021/11/13/large/20211113231456450069_26.png,Sports,1280x720,freetv-fun-all.txt,21,403,成功,h264,60.0,有音频,0.961,8,8
[SD]tv one,https://t.freetv.fun/live/tv-one.m3u8,,One TV Australia,Australia,Australia,https://epg.pw/media/images/channel/2021/11/13/large/20211113231053033929_49.png,Sports,1024x576,freetv-fun-all.txt,18,403,成功,h264,25.0,有音频,1.687,8,8
[VGA]imam hussein tv 4,https://t.freetv.fun/live/imam-hussein-tv-4.m3u8,,IMAM HUSSEIN 2 TV,Iran,Iran,https://epg.pw/media/,Other,426x240,freetv-fun-all.txt,26,403,成功,h264,25.0,有音频,5.957,7,5
[HD]premier sports 1,https://t.freetv.fun/live/premier-sports-1.m3u8,3625,Premier Sports,Malaysia,Malaysia,https://epg.pw/media/images/channel/2022/06/09/large/20220609233720370622_81.png,Sports,1280x720,freetv-fun-all.txt,19,403,成功,h264,25.0,有音频,1.608,156,128
[VGA]marka tv,https://t.freetv.fun/live/marka-tv.m3u8,,Mara TV,Malaysia,Malaysia,https://epg.pw/media/images/channel/2022/02/10/large/20220210222252166727_36.png,Other,640x360,freetv-fun-all.txt,278,403,成功,h264,29.97002997002997,有音频,1.509,9,9
[HD]fanduel sports network socal,https://t.freetv.fun/live/fanduel-sports-network-socal.m3u8,,Sports Network,Canada,Canada,https://epg.pw/media/images/channel/2017/01/05/large/20170105145517180728_73.png,Sports,1280x720,freetv-fun-all.txt,285,403,成功,h264,25.0,有音频,1.459,156,128
[HD]arvan tv,https://t.freetv.fun/live/arvan-tv.m3u8,,Mara TV,Malaysia,Malaysia,https://epg.pw/media/images/channel/2022/02/10/large/20220210222252166727_36.png,Other,1280x720,freetv-fun-all.txt,276,403,成功,h264,25.0,有音频,2.631,36,28
[HD]tvo,https://t.freetv.fun/live/tvo-1.m3u8,,TVO kids,Canada,Canada,https://epg.pw/media/images/channel/2022/01/19/large/20220119220049109204_92.png,Kids,1280x720,freetv-fun-all.txt,25,403,成功,h264,25.0,有音频,1.578,8,8
[HD]fanduel sports network sun,https://t.freetv.fun/live/fanduel-sports-network-sun.m3u8,,Sports Network,Canada,Canada,https://epg.pw/media/images/channel/2017/01/05/large/20170105145517180728_73.png,Sports,1280x720,freetv-fun-all.txt,19,403,成功,h264,25.0,有音频,1.453,156,128
[BD]tv aparecida,https://t.freetv.fun/live/tv-aparecida-1.m3u8,,TV Aparecida,Brazil,Brazil,https://epg.pw/media/images/channel/2022/05/06/large/20220506174836266287_33.png,Generic,1920x1080,freetv-fun-all.txt,20,403,成功,hevc,29.97002997002997,有音频,0.683,16,12
[BD]mytime movie network,https://t.freetv.fun/live/mytime-movie-network-4.m3u8,,MOVIE MOVIE,Hong Kong,Hong Kong,https://epg.pw/media/images/channel/2024/04/15/large/20240415121455440051_22.png,Movies,1920x1080,freetv-fun-all.txt,26,403,成功,h264,29.97002997002997,有音频,2.909,8,8
[HD]tv chosun 2,https://t.freetv.fun/live/tv-chosun-2-1.m3u8,,TV Chosun,Korea,Korea,https://epg.pw/media/uploads/tmp_logo/2017/03/10/20170310113425678591_70.png,News,1280x720,freetv-fun-all.txt,18,403,成功,h264,29.97002997002997,有音频,2.117,8,8
[BD]mci televisión,https://t.freetv.fun/live/mci-television.m3u8,,Meridiano Televisión,Venezuela,Venezuela,https://epg.pw/media/images/channel/2021/11/13/large/20211113231456450069_26.png,Sports,1920x1080,freetv-fun-all.txt,20,403,成功,h264,30.0,有音频,1.379,56,47
[HD]stv,https://t.freetv.fun/live/stv.m3u8,9266,STV,Türkiye,Türkiye,https://epg.pw/media/images/channel/2022/05/06/large/20220506174752690075_12.png,Entertainment,1280x720,freetv-fun-all.txt,17,403,成功,h264,12.5,有音频,1.376,17,13
[SD]national geographic wild east (720p),https://t.freetv.fun/live/national-geographic-wild-east-720p.m3u8,6303,National Geographic,Romania,Romania,https://epg.pw/media/images/channel/2022/05/06/large/20220506163824809340_39.png,Knowledge,1280x720,freetv-fun-all.txt,26,403,成功,h264,30.0,无音频,3.784,122,98
[VGA]imam hussein tv 1,https://t.freetv.fun/live/imam-hussein-tv-1.m3u8,,IMAM HUSSEIN 2 TV,Iran,Iran,https://epg.pw/media/,Other,426x240,freetv-fun-all.txt,35,403,成功,h264,25.0,有音频,6.570,9,9
[VGA]pbs ket world (480p),https://t.freetv.fun/live/pbs-ket-world-480p.m3u8,,KBS World HD,Korea,Korea,https://epg.pw/media/images/channel/2017/03/04/large/20170304152645606329_83.png,Movies,640x360,freetv-fun-all.txt,24,403,成功,h264,30.0,有音频,0.475,157,129
[HD]ช่อง nickelodeon,https://t.freetv.fun/live/ch-ng-nickelodeon.m3u8,,Nickelodeon  (UK),United Kingdom,United Kingdom,https://epg.pw/media/,Generic,1280x720,freetv-fun-all.txt,14,403,成功,h264,25.0,有音频,1.465,156,128
[HD]hallmark movies more *s,https://t.freetv.fun/live/hallmark-movies-more-s.m3u8,,Hallmark Movies,United States,United States,https://epg.pw/media/images/channel/2023/10/10/large/20231010183832198739_23.png,Movies,1280x720,freetv-fun-all.txt,21,403,成功,h264,29.97002997002997,有音频,2.674,8,8
[BD]rtl tvi,https://t.freetv.fun/live/rtl-tvi.m3u8,,RTL TVI,Belgium,Belgium,https://epg.pw/media/uploads/tmp_logo/2015/07/01/20150701122606398337_65.jpg,Generic,1920x1080,freetv-fun-all.txt,19,403,成功,h264,25.0,有音频,10.451,24,20
[BD]北京卫视,https://t.freetv.fun/live/bei-jing-wei-shi-11.m3u8,378847,北京衛視,China,China,https://epg.pw/media/images/channel/2024/10/29/large/20241029101351559578_45.png,Generic,1920x1080,freetv-fun-all.txt,21,403,成功,h264,25.0,有音频,0.835,8,8
[BD]广西卫视,https://t.freetv.fun/live/yan-xi-wei-shi-2.m3u8,378860,廣西衛視,China,China,https://epg.pw/media/images/channel/2025/01/28/large/20250128055652623222_35.jpg,Generic,1920x1080,freetv-fun-all.txt,21,403,成功,h264,25.0,有音频,0.852,8,8
[VGA]wild earth,https://t.freetv.fun/live/wild-earth-1.m3u8,,Wild Earth,United Kingdom,United Kingdom,https://epg.pw/media/images/channel/2024/08/16/large/20240816033156038757_67.png,Knowledge,768x432,freetv-fun-all.txt,20,403,成功,h264,25.0,有音频,1.636,60,48
[BD]台州新闻综合,https://t.freetv.fun/live/tai-zhou-xin-wen-zong-he.m3u8,,台州新聞綜合,China,China,https://epg.pw/media/images/channel/2022/11/01/large/20221101020712299758_11.jpg,News,1920x1080,freetv-fun-all.txt,13,403,成功,h264,25.0,有音频,3.310,24,20
[BD]海峡卫视,https://t.freetv.fun/live/hai-xia-wei-shi.m3u8,,海峽衛視,China,China,https://epg.pw/media/images/channel/2025/01/28/large/20250128060839855238_81.jpg,Generic,1920x1080,freetv-fun-all.txt,17,403,成功,h264,29.97002997002997,有音频,0.857,26,20
[VGA]海峡卫视,https://t.freetv.fun/live/hai-xia-wei-shi-10.m3u8,,海峽衛視,China,China,https://epg.pw/media/images/channel/2025/01/28/large/20250128060839855238_81.jpg,Generic,704x480,freetv-fun-all.txt,25,403,成功,h264,29.97002997002997,有音频,0.526,57,45
[BD]wild earth *y,https://t.freetv.fun/live/wild-earth-y.m3u8,,Wild Earth,United Kingdom,United Kingdom,https://epg.pw/media/images/channel/2024/08/16/large/20240816033156038757_67.png,Knowledge,1920x1080,freetv-fun-all.txt,20,403,成功,h264,25.0,有音频,1.345,48,38
[SD]浙江生活,https://t.freetv.fun/live/zhe-jiang-sheng-huo.m3u8,,浙江經濟生活,China,China,https://epg.pw/media/images/channel/2022/05/30/large/20220530220929501840_43.jpg,Generic,640x360,freetv-fun-all.txt,19,403,成功,h264,25.0,有音频,2.019,9,9
[BD]wildearth,https://t.freetv.fun/live/wildearth-1.m3u8,,Wild Earth,United Kingdom,United Kingdom,https://epg.pw/media/images/channel/2024/08/16/large/20240816033156038757_67.png,Knowledge,720x404,freetv-fun-all.txt,23,403,成功,h264,25.0,有音频,6.573,46,36
[BD]tv zoom,https://t.freetv.fun/live/tv-zoom.m3u8,6513,ZOOM,Israel,Israel,https://epg.pw/media/images/channel/2022/05/06/large/20220506164604570567_51.png,Kids,1920x1080,freetv-fun-all.txt,25,403,成功,h264,,有音频,3.833,9,9
[BD]wildearth,https://t.freetv.fun/live/wildearth.m3u8,,Wild Earth,United Kingdom,United Kingdom,https://epg.pw/media/images/channel/2024/08/16/large/20240816033156038757_67.png,Knowledge,1920x1080,freetv-fun-all.txt,22,403,成功,h264,29.97002997002997,有音频,7.230,46,36
[BD]дом,https://t.freetv.fun/live/dom.m3u8,,Твой Дом,Russia,Russia,https://epg.pw/media/uploads/tmp_logo/2017/01/22/20170122173455996757_36.png,Generic,1920x1080,freetv-fun-all.txt,20,403,成功,h264,50.0,有音频,3.438,156,128
[BD]明珠,https://t.freetv.fun/live/ming-zhu.php,368369,明珠臺(備),Hong Kong,Hong Kong,https://epg.pw/media/images/channel/2024/12/26/large/20241226141312380293_76.png,Movies,1920x1080,freetv-fun-all.txt,22,403,成功,hevc,50.0,有音频,1.348,8,8
[BD]明珠,https://t.freetv.fun/live/ming-zhu-4.m3u8,,明珠,Hong Kong,Hong Kong,https://epg.pw/media/images/channel/2024/12/26/large/20241226141232820122_81.png,Movies,1920x1080,freetv-fun-all.txt,22,403,成功,h264,25.0,有音频,6.408,8,8
[BD]перший,https://t.freetv.fun/live/pershii-2.m3u8,,Перший Avtomobilniy,Ukraine,Ukraine,https://epg.pw/media/uploads/tmp_logo/2014/06/01/20140601223020220468_59.png,Sports,1920x1080,freetv-fun-all.txt,24,403,成功,h264,50.0,有音频,3.606,156,128
[BD]zoom,https://t.freetv.fun/live/zoom-1.m3u8,6513,ZOOM,Israel,Israel,https://epg.pw/media/images/channel/2022/05/06/large/20220506164604570567_51.png,Kids,1920x1080,freetv-fun-all.txt,22,403,成功,h264,50.0,有音频,3.339,156,128
[BD]world poker tour,https://t.freetv.fun/live/world-poker-tour-3.m3u8,,World Poker Tour,United States,United States,https://epg.pw/media/images/channel/2022/01/19/large/20220119215837807839_96.png,Other,1920x1080,freetv-fun-all.txt,18,403,成功,h264,29.97002997002997,有音频,2.610,8,8
[BD]перший,https://t.freetv.fun/live/pershii-1.m3u8,,Перший Avtomobilniy,Ukraine,Ukraine,https://epg.pw/media/uploads/tmp_logo/2014/06/01/20140601223020220468_59.png,Sports,1920x1080,freetv-fun-all.txt,25,403,成功,h264,50.0,有音频,3.075,156,128
[BD]浙江卫视,https://t.freetv.fun/live/zhe-jiang-wei-shi-27.m3u8,378845,浙江衛視,China,China,https://epg.pw/media/images/channel/2024/03/11/large/20240311112431672505_47.png,Generic,1920x1080,freetv-fun-all.txt,23,403,成功,h264,25.0,有音频,0.471,8,8
[BD]深圳卫视,https://t.freetv.fun/live/shen-zhen-wei-shi-6.m3u8,378851,深圳衛視,China,China,https://epg.pw/media/images/channel/2024/03/11/large/20240311112310613998_63.png,Generic,1920x1080,freetv-fun-all.txt,25,403,成功,h264,25.0,有音频,0.495,8,8
[BD]翡翠,https://t.freetv.fun/live/fei-cui-6.m3u8,368366,翡翠台,Hong Kong,Hong Kong,https://epg.pw/media/images/channel/2023/07/20/large/20230720173151124119_90.png,Generic,1920x1080,freetv-fun-all.txt,25,403,成功,h264,25.0,有音频,1.588,8,8
[BD]now直播,https://t.freetv.fun/live/nowzhi-bo.m3u8,,now直播台,Hong Kong,Hong Kong,https://epg.pw/media/images/channel/2023/07/22/large/20230722210546156852_48.png,News,1920x1080,freetv-fun-all.txt,13,403,成功,h264,50.0,有音频,1.856,8,8
[BD]海南卫视,https://t.freetv.fun/live/hai-nan-wei-shi-3.m3u8,,海南衛視,China,China,https://epg.pw/media/images/channel/2021/09/13/large/20210913004059839717_73.png,Generic,1920x1080,freetv-fun-all.txt,22,403,成功,h264,25.0,有音频,0.683,8,8
[BD]нтн,https://t.freetv.fun/live/ntn-1.m3u8,6798,НТН,Ukraine,Ukraine,https://epg.pw/media/images/channel/2022/05/06/large/20220506173900196271_61.png,Generic,1920x1080,freetv-fun-all.txt,27,403,成功,h264,50.0,有音频,3.221,156,128
[HD]моя планета,https://t.freetv.fun/live/moia-planeta.m3u8,6724,Планета HD,Russia,Russia,https://epg.pw/media/uploads/tmp_logo/2017/02/26/20170226043945102800_42.jpg,Knowledge,1280x720,freetv-fun-all.txt,24,403,成功,h264,50.0,有音频,1.951,8,8
[BD]海峡卫视,https://t.freetv.fun/live/hai-xia-wei-shi-4.m3u8,,海峽衛視,China,China,https://epg.pw/media/images/channel/2025/01/28/large/20250128060839855238_81.jpg,Generic,1920x1080,freetv-fun-all.txt,20,403,成功,h264,25.0,有音频,2.805,8,8
[BD]россия 24,https://t.freetv.fun/live/rossiia-24.m3u8,5960,РОССИЯ 24,Russia,Russia,https://epg.pw/media/images/channel/2022/05/06/large/20220506174957550925_86.png,News,1920x1080,freetv-fun-all.txt,25,403,成功,h264,25.0,有音频,1.081,8,8
[HD]盐城新闻综合,https://t.freetv.fun/live/yan-cheng-xin-wen-zong-he.php,,鹽城新聞綜合,China,China,https://epg.pw/media/images/channel/2022/05/31/large/20220531231343728219_21.jpg,News,1280x720,freetv-fun-all.txt,29,403,成功,h264,25.0,有音频,4.159,8,8
[BD]澳视综艺,https://t.freetv.fun/live/ao-shi-zong-yi-1.m3u8,,澳視綜藝,Macao,Macao,https://epg.pw/media/images/channel/2022/05/21/large/20220521133414352048_88.jpg,Entertainment,1920x1080,freetv-fun-all.txt,23,403,成功,h264,25.0,有音频,4.243,14,14
[BD]мир 24,https://t.freetv.fun/live/mir-24.m3u8,7101,МИР 24,Russia,Russia,https://epg.pw/media/images/channel/2022/05/06/large/20220506174922581585_83.png,Knowledge,1920x1080,freetv-fun-all.txt,23,403,成功,h264,25.0,有音频,2.652,8,8
[BD]凤凰香港 *sg,https://t.freetv.fun/live/feng-huang-xiang-gang-sg.m3u8,,鳳凰香港,Hong Kong,Hong Kong,https://epg.pw/media/images/channel/2023/07/20/large/20230720101153992346_85.png,Generic,1920x1080,freetv-fun-all.txt,30,403,成功,hevc,25.0,有音频,0.803,8,8
[BD]凤凰中文 *sg,https://t.freetv.fun/live/feng-huang-zhong-wen-sg.m3u8,368338,鳳凰衛視中文,Hong Kong,Hong Kong,https://epg.pw/media/images/channel/2025/01/28/large/20250128061049622730_55.png,Generic,1920x1080,freetv-fun-all.txt,19,403,成功,hevc,25.0,有音频,0.646,8,8
[BD]青海卫视,https://t.freetv.fun/live/qing-hai-wei-shi-4.m3u8,,青海衛視,China,China,https://epg.pw/media/images/channel/2022/05/31/large/20220531153842547224_70.jpg,Generic,1920x1080,freetv-fun-all.txt,21,403,成功,h264,25.0,有音频,0.466,8,8
[BD]телеканал мтм,https://t.freetv.fun/live/telekanal-mtm.m3u8,,Телеканал Тамыр,Russia,Russia,https://epg.pw/media/images/channel/2021/10/16/large/20211016224755339636_86.png,Kids,1920x1080,freetv-fun-all.txt,22,403,成功,h264,50.0,有音频,2.861,156,128
[BD]-揭阳综合,https://t.freetv.fun/live/jie-yang-zong-he.m3u8,,揭陽新聞綜合,China,China,https://epg.pw/media/uploads/tmp_logo/2014/06/05/20140605225331495365_87.jpg,News,1920x1080,freetv-fun-all.txt,21,403,成功,h264,25.0,有音频,3.785,24,20
[BD]湖南卫视,https://t.freetv.fun/live/hu-nan-wei-shi-10.m3u8,378844,湖南衛視,China,China,https://epg.pw/media/images/channel/2024/03/11/large/20240311111749846409_90.png,Generic,1920x1080,freetv-fun-all.txt,28,403,成功,h264,25.0,有音频,0.480,8,8
[BD]newsy,https://t.freetv.fun/live/newsy-1.m3u8,,news HD,Kurdistan,Kurdistan,https://epg.pw/media/uploads/tmp_logo/2016/05/18/20160518053416189910_56.png,News,1920x1080,freetv-fun-all.txt,22,403,成功,h264,29.97002997002997,有音频,2.245,16,12
[BD]翡翠,https://t.freetv.fun/live/fei-cui-2.php,368366,翡翠台,Hong Kong,Hong Kong,https://epg.pw/media/images/channel/2023/07/20/large/20230720173151124119_90.png,Generic,1920x1080,freetv-fun-all.txt,21,403,成功,h264,25.0,有音频,1.346,8,8
[BD]翡翠,https://t.freetv.fun/live/fei-cui-3.m3u8,368366,翡翠台,Hong Kong,Hong Kong,https://epg.pw/media/images/channel/2023/07/20/large/20230720173151124119_90.png,Generic,1920x1080,freetv-fun-all.txt,22,403,成功,hevc,50.0,有音频,0.394,22,18
[BD]海峡卫视,https://t.freetv.fun/live/hai-xia-wei-shi-5.m3u8,,海峽衛視,China,China,https://epg.pw/media/images/channel/2025/01/28/large/20250128060839855238_81.jpg,Generic,1920x1080,freetv-fun-all.txt,27,403,成功,h264,25.0,有音频,2.366,8,8
[BD]江苏影视,https://t.freetv.fun/live/jiang-su-ying-shi.m3u8,,江蘇影視,China,China,https://epg.pw/media/images/channel/2022/05/30/large/20220530230645676753_16.jpg,Movies,1920x1080,freetv-fun-all.txt,296,403,成功,h264,28.0,有音频,1.062,144,116
[HD]sol tv,https://t.freetv.fun/live/sol-tv.m3u8,,yol tv hd,Kurdistan,Kurdistan,https://epg.pw/media/uploads/tmp_logo/2017/01/04/20170104012449530917_60.png,Entertainment,1280x720,freetv-fun-all.txt,285,403,成功,h264,60.0,有音频,1.843,8,8
[BD]山西卫视,https://t.freetv.fun/live/shan-xi-wei-shi-2-1.m3u8,13895,山西衛視,China,China,https://epg.pw/media/images/channel/2023/08/04/large/20230804221555254122_47.jpg,Generic,1920x1080,freetv-fun-all.txt,284,403,成功,h264,25.0,有音频,0.488,8,8
[BD]江苏体育,https://t.freetv.fun/live/jiang-su-ti-yu-1.m3u8,,江蘇體育休閒,China,China,https://epg.pw/media/images/channel/2022/05/30/large/20220530230519981125_89.jpg,Sports,1920x1080,freetv-fun-all.txt,294,403,成功,h264,28.0,有音频,1.096,144,116
[SD]岭南戏曲,https://t.freetv.fun/live/ling-nan-xi-qu-1.m3u8,,嶺南戲曲,China,China,https://epg.pw/media/images/channel/2024/01/14/large/20240114131157979340_60.png,Other,960x540,freetv-fun-all.txt,294,403,成功,h264,25.0,有音频,0.566,8,8
[BD]贵州卫视,https://t.freetv.fun/live/gui-zhou-wei-shi-2.m3u8,378861,貴州衛視,China,China,https://epg.pw/media/images/channel/2022/05/31/large/20220531144236171971_20.jpg,Generic,1920x1080,freetv-fun-all.txt,299,403,成功,h264,25.0,有音频,0.475,8,8
[VGA]江苏教育,https://t.freetv.fun/live/jiang-su-jiao-yu.php,,江蘇教育,China,China,https://epg.pw/media/images/channel/2022/05/30/large/20220530230411135215_95.jpg,Other,854x480,freetv-fun-all.txt,285,403,成功,h264,25.0,有音频,3.443,8,8
[BD]翡翠,https://t.freetv.fun/live/fei-cui-4.php,368366,翡翠台,Hong Kong,Hong Kong,https://epg.pw/media/images/channel/2023/07/20/large/20230720173151124119_90.png,Generic,1920x1080,freetv-fun-all.txt,19,403,成功,hevc,50.0,有音频,0.576,32,26
[BD]安徽卫视,https://t.freetv.fun/live/an-hui-wei-shi-3.m3u8,378849,安徽衛視,China,China,https://epg.pw/media/images/channel/2023/07/19/large/20230719113027191823_22.jpg,Generic,1920x1080,freetv-fun-all.txt,297,403,成功,h264,25.0,有音频,0.535,8,8
[BD]ช่อง 澳視體育,https://t.freetv.fun/live/ch-ng-ao-shi-ti-yu-1.m3u8,,澳視體育,Macao,Macao,https://epg.pw/media/images/channel/2016/07/19/large/20160719143523253830_24.png,Sports,1920x1080,freetv-fun-all.txt,21,403,成功,h264,25.0,有音频,3.611,36,32
[BD]-汕头生活,https://t.freetv.fun/live/shan-tou-sheng-huo.m3u8,,汕頭經濟生活,China,China,https://epg.pw/media/images/channel/2023/10/07/large/20231007180745847184_87.jpg,Generic,1920x1080,freetv-fun-all.txt,287,403,成功,h264,25.0,有音频,3.187,24,20
[BD]广东卫视,https://t.freetv.fun/live/yan-dong-wei-shi-8.m3u8,378850,廣東衛視,China,China,https://epg.pw/media/images/channel/2024/01/11/large/20240111225144968877_94.png,Generic,1920x1080,freetv-fun-all.txt,21,403,成功,h264,25.0,有音频,0.469,8,8
[BD]江苏体育,https://t.freetv.fun/live/jiang-su-ti-yu-4.m3u8,,江蘇體育休閒,China,China,https://epg.pw/media/images/channel/2022/05/30/large/20220530230519981125_89.jpg,Sports,1920x1080,freetv-fun-all.txt,283,403,成功,h264,28.0,有音频,1.088,144,116
[BD]江苏体育,https://t.freetv.fun/live/jiang-su-ti-yu.m3u8,,江蘇體育休閒,China,China,https://epg.pw/media/images/channel/2022/05/30/large/20220530230519981125_89.jpg,Sports,1920x1080,freetv-fun-all.txt,295,403,成功,h264,28.0,有音频,1.108,144,116
[BD]翡翠,https://t.freetv.fun/live/fei-cui-11.php,368366,翡翠台,Hong Kong,Hong Kong,https://epg.pw/media/images/channel/2023/07/20/large/20230720173151124119_90.png,Generic,1920x1080,freetv-fun-all.txt,18,403,成功,h264,60.0,无音频,1.288,156,128
[BD]重庆新闻,https://t.freetv.fun/live/zhong-qing-xin-wen.m3u8,,重慶新聞,China,China,https://epg.pw/media/images/channel/2024/07/29/large/20240729015842242001_19.jpg,News,1920x1080,freetv-fun-all.txt,287,403,成功,h264,25.0,有音频,0.638,8,8
[SD]ностальгия,https://t.freetv.fun/live/nostalgiia.m3u8,,ностальгия Россия,Russia,Russia,https://epg.pw/media/uploads/tmp_logo/2015/02/20/20150220201128121385_39.jpg,Movies,720x576,freetv-fun-all.txt,26,403,成功,h264,25.0,有音频,1.902,8,8
[BD]江苏卫视,https://t.freetv.fun/live/jiang-su-wei-shi-10.m3u8,378846,江蘇衛視,China,China,https://epg.pw/media/images/channel/2022/05/30/large/20220530225651709500_84.jpg,Generic,1920x1080,freetv-fun-all.txt,296,403,成功,h264,25.0,有音频,0.464,8,8
[VGA]连云港新闻综合,https://t.freetv.fun/live/lian-yun-gang-xin-wen-zong-he.php,,連雲港新聞綜合,China,China,https://epg.pw/media/images/channel/2022/11/01/large/20221101022805784877_41.jpg,News,854x480,freetv-fun-all.txt,288,403,成功,h264,25.0,有音频,3.462,8,8
[HD]himlen tv7,https://t.freetv.fun/live/himlen-tv7-1.m3u8,,tv7 himlen,Sweden,Sweden,https://epg.pw/media/uploads/tmp_logo/2016/11/26/20161126095704433134_49.png,Knowledge,1280x720,freetv-fun-all.txt,298,403,成功,h264,25.0,有音频,1.921,8,8
[BD]陕西卫视,https://t.freetv.fun/live/shan-xi-wei-shi-9-1.m3u8,13896,陝西衛視,China,China,https://epg.pw/media/images/channel/2022/05/31/large/20220531150903888489_91.jpg,Generic,1920x1080,freetv-fun-all.txt,284,403,成功,h264,25.0,有音频,0.462,8,8
[BD]翡翠,https://t.freetv.fun/live/fei-cui-12.php,368366,翡翠台,Hong Kong,Hong Kong,https://epg.pw/media/images/channel/2023/07/20/large/20230720173151124119_90.png,Generic,1920x1080,freetv-fun-all.txt,15,403,成功,h264,60.0,无音频,0.874,156,128
[BD]浙江｜上虞新闻综合,https://t.freetv.fun/live/zhe-jiang-shang-yu-xin-wen-zong-he.m3u8,,上虞新聞綜合,China,China,https://epg.pw/media/images/channel/2023/10/13/large/20231013202735777838_86.png,News,1920x1080,freetv-fun-all.txt,23,403,成功,h264,25.0,有音频,2.567,122,98
[VGA]extrema cartoons,https://t.freetv.fun/live/extrema-cartoons.m3u8,,cartoons 4U,United States,United States,https://epg.pw/media/images/channel/2022/02/10/large/20220210221721042504_96.png,Kids,,freetv-fun-all.txt,22,403,成功,h264,25.0,有音频,2.158,9,9
[BD]翡翠,https://t.freetv.fun/live/fei-cui-14.php,368366,翡翠台,Hong Kong,Hong Kong,https://epg.pw/media/images/channel/2023/07/20/large/20230720173151124119_90.png,Generic,1920x1080,freetv-fun-all.txt,14,403,成功,h264,60.0,无音频,0.720,140,116
[BD]宁波新闻综合,https://t.freetv.fun/live/zhu-bo-xin-wen-zong-he.m3u8,,寧波新聞綜合,China,China,https://epg.pw/media/images/channel/2022/08/12/large/20220812220328701004_15.jpg,News,1920x1080,freetv-fun-all.txt,296,403,成功,h264,25.0,有音频,2.344,24,20
[BD]now直播,https://t.freetv.fun/live/nowzhi-bo-1.m3u8,,now直播台,Hong Kong,Hong Kong,https://epg.pw/media/images/channel/2023/07/22/large/20230722210546156852_48.png,News,1920x1080,freetv-fun-all.txt,286,403,成功,h264,50.0,有音频,1.299,8,8
[HD]high news,https://t.freetv.fun/live/high-news.m3u8,,news HD,Kurdistan,Kurdistan,https://epg.pw/media/uploads/tmp_logo/2016/05/18/20160518053416189910_56.png,News,1280x720,freetv-fun-all.txt,22,403,成功,h264,29.97002997002997,有音频,1.521,8,8
[BD]四川卫视,https://t.freetv.fun/live/si-chuan-wei-shi.m3u8,378866,四川衛視,China,China,https://epg.pw/media/images/channel/2022/05/28/large/20220528220452110808_30.jpg,Generic,1920x1080,freetv-fun-all.txt,289,403,成功,h264,25.0,有音频,0.476,8,8
[SD]白城新闻综合,https://t.freetv.fun/live/bai-cheng-xin-wen-zong-he-2.m3u8,,晉城新聞綜合,China,China,https://epg.pw/media/images/channel/2022/11/01/large/20221101013959508413_44.jpg,News,720x576,freetv-fun-all.txt,15,403,成功,h264,25.0,有音频,3.290,8,8
[BD]广西国际,https://t.freetv.fun/live/yan-xi-guo-ji-1.m3u8,,廣西國際,China,China,https://epg.pw/media/images/channel/2022/05/27/large/20220527160856596479_90.jpg,Other,1920x1080,freetv-fun-all.txt,21,403,成功,h264,25.0,有音频,4.415,8,8
[BD]天津卫视,https://t.freetv.fun/live/tian-jin-wei-shi-2.m3u8,378856,天津衛視,China,China,https://epg.pw/media/images/channel/2019/01/23/large/20190123011224766299_56.jpg,Generic,1920x1080,freetv-fun-all.txt,288,403,成功,h264,25.0,有音频,0.464,8,8
[BD]翡翠,https://t.freetv.fun/live/fei-cui-13.php,368366,翡翠台,Hong Kong,Hong Kong,https://epg.pw/media/images/channel/2023/07/20/large/20230720173151124119_90.png,Generic,1920x1080,freetv-fun-all.txt,15,403,成功,h264,60.0,无音频,1.046,140,116
[BD]重庆卫视,https://t.freetv.fun/live/zhong-qing-wei-shi-8.m3u8,378857,重慶衛視,China,China,https://epg.pw/media/images/channel/2024/03/11/large/20240311111314058451_54.png,Generic,1920x1080,freetv-fun-all.txt,286,403,成功,h264,25.0,有音频,0.493,8,8
[SD]杭州萧山综合,https://t.freetv.fun/live/hang-zhou-xiao-shan-zong-he.m3u8,,杭州綜合,China,China,https://epg.pw/media/images/channel/2022/05/30/large/20220530221552085085_23.jpg,Generic,720x576,freetv-fun-all.txt,15,403,成功,h264,30.0,有音频,2.120,20,20
[BD]к2,https://t.freetv.fun/live/k2.m3u8,,К2,Ukraine,Ukraine,https://epg.pw/media/uploads/tmp_logo/2017/01/29/20170129014127831918_94.png,Knowledge,1920x1080,freetv-fun-all.txt,16,403,成功,h264,50.0,有音频,3.875,156,128
[HD]panamericana tv ᴴᴰ,https://t.freetv.fun/live/panamericana-tv-hd.m3u8,,panamericana,Colombia,Colombia,https://epg.pw/media/uploads/tmp_logo/2015/08/02/20150802210322858817_33.png,Entertainment,1280x720,freetv-fun-all.txt,262,403,成功,h264,30.0,有音频,2.089,8,8
[BD]辽宁卫视,https://t.freetv.fun/live/liao-zhu-wei-shi-4.m3u8,378853,遼寧衛視,China,China,https://epg.pw/media/images/channel/2025/01/28/large/20250128060733782674_48.jpg,Generic,1920x1080,freetv-fun-all.txt,288,403,成功,h264,25.0,有音频,0.497,16,12
[BD]江西卫视,https://t.freetv.fun/live/jiang-xi-wei-shi-1.m3u8,,江西衛視,China,China,https://epg.pw/media/images/channel/2022/05/31/large/20220531144408646863_42.jpg,Generic,1920x1080,freetv-fun-all.txt,300,403,成功,h264,25.0,有音频,0.503,8,8
[BD]广西国际,https://t.freetv.fun/live/yan-xi-guo-ji-2.m3u8,,廣西國際,China,China,https://epg.pw/media/images/channel/2022/05/27/large/20220527160856596479_90.jpg,Other,1920x1080,freetv-fun-all.txt,20,403,成功,h264,25.0,有音频,3.009,26,20
[SD]news live,https://t.freetv.fun/live/news-live.m3u8,,news HD,Kurdistan,Kurdistan,https://epg.pw/media/uploads/tmp_logo/2016/05/18/20160518053416189910_56.png,News,424x240,freetv-fun-all.txt,18,403,成功,h264,25.0,有音频,9.793,7,5
[BD]东南卫视,https://t.freetv.fun/live/dong-nan-wei-shi-2.m3u8,378858,東南衛視,China,China,https://epg.pw/media/images/channel/2025/01/28/large/20250128055858539901_84.jpg,Generic,1920x1080,freetv-fun-all.txt,15,403,成功,h264,25.0,有音频,0.461,8,8
[HD]weathernation new york,https://t.freetv.fun/live/weathernation-new-york.m3u8,,WeatherNation TV,United States,United States,https://epg.pw/media/images/channel/2022/05/06/large/20220506174924795125_65.png,News,426x240,freetv-fun-all.txt,20,403,成功,h264,30.0,有音频,4.849,117,93
[BD]fashion tv africa,https://t.freetv.fun/live/fashion-tv-africa.m3u8,,africa tv,South Africa,South Africa,https://epg.pw/media/images/channel/2022/05/06/large/20220506174940484793_35.png,Other,1920x1080,freetv-fun-all.txt,16,403,成功,h264,25.0,有音频,2.531,36,32
[BD]інтер,https://t.freetv.fun/live/inter.m3u8,,Интер,Ukraine,Ukraine,https://epg.pw/media/uploads/tmp_logo/2017/01/01/20170101183113012164_74.png,Generic,1920x1080,freetv-fun-all.txt,300,403,成功,h264,50.0,有音频,2.986,156,128
[BD]беларусь 3,https://t.freetv.fun/live/belarus-3.m3u8,7836,Беларусь 5,Belarus,Belarus,https://epg.pw/media/images/channel/2021/11/13/large/20211113232258940510_13.png,Sports,1920x1080,freetv-fun-all.txt,284,403,成功,h264,25.0,有音频,4.283,92,74
[BD]云南卫视,https://t.freetv.fun/live/yun-nan-wei-shi.m3u8,13899,雲南衛視,China,China,https://epg.pw/media/images/channel/2022/05/31/large/20220531145024469645_82.jpg,Other,1920x1080,freetv-fun-all.txt,301,403,成功,h264,25.0,有音频,0.466,8,8
[BD]内蒙古卫视,https://t.freetv.fun/live/nei-meng-gu-wei-shi.m3u8,13893,內蒙古衛視,China,China,https://epg.pw/media/images/channel/2022/05/31/large/20220531160914023715_85.jpg,Generic,1920x1080,freetv-fun-all.txt,25,403,成功,h264,25.0,有音频,0.531,68,56
[BD]-汕头综合,https://t.freetv.fun/live/shan-tou-zong-he.m3u8,,汕頭綜合,China,China,https://epg.pw/media/images/channel/2023/11/01/large/20231101223003485086_27.jpg,Generic,1920x1080,freetv-fun-all.txt,288,403,成功,h264,25.0,有音频,2.709,36,32
[VGA]黑龙江哈尔滨都市资讯,https://t.freetv.fun/live/hei-long-jiang-ha-er-bin-du-shi-zi-xun.m3u8,,哈爾濱都市資訊,China,China,https://epg.pw/media/images/channel/2022/10/24/large/20221024220307974062_61.jpg,Generic,640x480,freetv-fun-all.txt,263,403,成功,h264,25.0,有音频,5.278,157,129
[BD]к1,https://t.freetv.fun/live/k1.m3u8,5757,К1,Ukraine,Ukraine,https://epg.pw/media/images/channel/2022/05/06/large/20220506174412993335_36.png,Knowledge,1920x1080,freetv-fun-all.txt,21,403,成功,h264,50.0,有音频,3.035,156,128
[BD]sbt news,https://t.freetv.fun/live/sbt-news-1.m3u8,,news HD,Kurdistan,Kurdistan,https://epg.pw/media/uploads/tmp_logo/2016/05/18/20160518053416189910_56.png,News,1024x576,freetv-fun-all.txt,15,403,成功,hevc,29.97002997002997,有音频,2.196,70,56
[BD]甘肃卫视,https://t.freetv.fun/live/gan-su-wei-shi-2.m3u8,378859,甘肅衛視,China,China,https://epg.pw/media/images/channel/2022/05/31/large/20220531224357857126_28.jpg,Generic,1920x1080,freetv-fun-all.txt,28,403,成功,h264,25.0,有音频,0.454,8,8
[VGA]哈尔滨新闻,https://t.freetv.fun/live/ha-er-bin-xin-wen-2.m3u8,,哈爾濱新聞綜合,China,China,https://epg.pw/media/images/channel/2022/10/24/large/20221024220235986162_73.jpg,News,640x480,freetv-fun-all.txt,291,403,成功,h264,25.0,有音频,7.272,7,5
Canal Más Televisión (720p),https://movil.ejeserver.com/live/teledoradahd.m3u8,CanalMasTelevision.co@SD,,,,https://i.imgur.com/ODMa27W.jpg,General,1280x720,iptv-org-all.txt,75,200,成功,h264,29.97002997002997,有音频,1.855,8,8
Canal 7 Salta (1080p),https://vivo.solumedia.com:19360/cooperativa/cooperativa.m3u8,Canal7Salta.ar@SD,,,,https://i.imgur.com/CudG6sl.png,Undefined,720x480,iptv-org-all.txt,612,200,成功,h264,25.0,有音频,1.942,8,8
Canal 3 Las Heras (720p),https://stream.arcast.com.ar/canal3/canal3/playlist.m3u8,Canal3LasHeras.ar@SD,,,,https://i.imgur.com/bd2afET.png,Undefined,1280x720,iptv-org-all.txt,64,200,成功,h264,29.97002997002997,有音频,2.414,8,8
Canal 9 Resistencia (720p),http://coninfo.net:1935/9linklivert/smil:9linkmultibr.smil/playlist.m3u8,Canal9Resistencia.ar@SD,,,,https://i.imgur.com/xqgRFpC.png,General,,iptv-org-all.txt,1545,200,成功,h264,,有音频,1.568,10,10
Canal Coín (1080p),https://canalcoin.garjim.es/hls/directo.m3u8,CanalCoinTV.es@SD,,,,https://i.imgur.com/3QPJIpa.png,General,1920x1080,iptv-org-all.txt,611,200,成功,h264,50.0,有音频,3.151,8,8
Canal 10 (720p),https://5ca3e84a76d30.streamlock.net/tves/videotves/playlist.m3u8,Canal10.sv@SD,,,,https://i.imgur.com/y2ppMnY.png,General,1280x720,iptv-org-all.txt,858,200,成功,h264,29.97002997002997,有音频,0.724,8,8
Bref Cinéma 100% Court Métrage,https://lagenceducourtmetrage-brefcinema-01-eu.rakuten.wurl.tv/playlist.m3u8,,,,,,Undefined,1280x720,iptv-org-all.txt,3244,200,成功,h264,29.97002997002997,有音频,3.993,8,8
Canada One (720p) [Not 24/7],http://cdn8.live247stream.com/canadaone/tv/playlist.m3u8,CanadaOne.ca@SD,,,,,Undefined,1280x720,iptv-org-all.txt,3359,200,成功,h264,29.97002997002997,有音频,0.917,8,8
Austral TV (1080p),https://stmv3.voxtvhd.com.br/australtv/australtv/playlist.m3u8,AustralTV.ec@SD,,,,https://i.imgur.com/zgGuCYL.png,General,1280x720,iptv-org-all.txt,2218,200,成功,h264,60.0,有音频,1.821,8,8
Bad Girls Club,https://xumo-xumoent-vc-118-jed5p.fast.nbcuni.com/live/master.m3u8,,,,,,Undefined,426x240,iptv-org-all.txt,1574,200,成功,h264,30.0,有音频,6.091,39,31
Bloomberg TV US Live Event (720p),https://bloomberg.com/media-manifest/streams/us-event.m3u8,BloombergTV.us@LiveEvent,,,,https://i.imgur.com/OuogLHx.png,Business,480x272,iptv-org-all.txt,342,200,成功,h264,29.97002997002997,有音频,3.950,9,9
Canal Siete,https://vivo.solumedia.com:19360/canalsiete/canalsiete.m3u8,CanalSiete.ar@SD,,,,https://i.imgur.com/NdQF9K9.png,General,1280x720,iptv-org-all.txt,76,200,成功,h264,25.0,有音频,1.382,8,8
ASTV News 1 (720p) [Not 24/7],http://news1.live14.com/stream/news1.m3u8,News1.th@SD,,,,,News,1280x720,iptv-org-all.txt,2275,200,成功,h264,25.0,有音频,4.200,8,8
Bleav Football,https://linear-493.frequency.stream/dist/glewedtv/493/hls/master/playlist.m3u8,,,,,,Undefined,384x216,iptv-org-all.txt,412,200,成功,h264,29.97002997002997,有音频,2.258,9,9
Auction Hunters,http://cfd-v4-service-channel-stitcher-use1-1.prd.pluto.tv/stitch/hls/channel/5ede45d077746000072be0fe/master.m3u8?appName=web&appVersion=unknown&clientTime=0&deviceDNT=0&deviceId=bc82bb03-4b91-11ef-8a44-83c5e90e038f&deviceMake=Chrome&deviceModel=web&deviceType=web&deviceVersion=unknown&includeExtendedEvents=false&serverSideAds=false&sid=3f2717fb-1dc4-4bc1-920e-7ffbaf3d3a22,,,,,,Undefined,426x240,iptv-org-all.txt,79,200,成功,h264,30.0,有音频,1.883,129,105
Cáritas TV (1080p),https://rds3.desdeparaguay.net/caritastv/caritastv/playlist.m3u8,CaritasTV.py@SD,,,,https://i.ibb.co/rwkpQx6/unnamed-2.png,General;Religious,1920x1080,iptv-org-all.txt,760,200,成功,h264,29.97002997002997,有音频,2.337,8,8
ARTN TV (1080p) [Not 24/7],https://streamer1.connectto.com/ARTN_mobile/index.m3u8,ARTNTV.us@SD,,,,,General,640x360,iptv-org-all.txt,803,200,成功,h264,29.97002997002997,有音频,0.492,9,9
Brian TV (720p) [Not 24/7],https://livefta.malimarcdn.com/ftaedge00/briantv.sdp/playlist.m3u8,BrianTV.la@SD,,,,https://i.imgur.com/zG1WNgU.jpg,News,1280x720,iptv-org-all.txt,3105,200,成功,h264,29.97002997002997,有音频,0.919,8,8
Carlsbad City TV Channel (Carlsbad CA) (720p),https://edge-f.swagit.com/live/carlsbadca/live-3-a-1/playlist.m3u8,CityTVCarlsbad.us@SD,,,,https://i.imgur.com/G6h8efT.png,General,1280x720,iptv-org-all.txt,807,200,成功,h264,29.97002997002997,有音频,0.596,8,8
Canaf54 TV,https://5caf24a595d94.streamlock.net:1937/pvyugfkzkc/pvyugfkzkc/playlist.m3u8,Canaf54TV.uk@SD,,,,https://i.imgur.com/viB0FS2.png,General,854x480,iptv-org-all.txt,3156,200,成功,h264,29.97002997002997,有音频,1.231,8,8
Canal 3 Impresionante (480p),https://cloud2.streaminglivehd.com:2020/hls/8036/8036.m3u8,Canal3Impresionante.sv@SD,,,,https://i.imgur.com/mdfiWG9.png,General,1280x720,iptv-org-all.txt,740,200,成功,h264,29.97002997002997,有音频,1.222,24,20
Bolivisión LPZ (720p),https://alba-bo-bolivision-bolivision.stream.mediatiquestream.com/index.m3u8,Bolivision.bo@SD,,,,https://i.imgur.com/U98Z5zn.png,General,640x360,iptv-org-all.txt,1668,200,成功,h264,30.0,有音频,1.283,9,9
Canal 44 Chihuahua (720p) [Not 24/7],https://5e50264bd6766.streamlock.net/canal442/videocanal442/playlist.m3u8,Canal44.mx@SD,,,,https://i.imgur.com/YDp8MlN.png,Undefined,1280x720,iptv-org-all.txt,11,200,成功,h264,30.0,有音频,0.523,8,8
CC Pluto TV,http://cfd-v4-service-channel-stitcher-use1-1.prd.pluto.tv/stitch/hls/channel/5d4947590ba40f75dc29c26b/master.m3u8?appName=web&appVersion=unknown&clientTime=0&deviceDNT=0&deviceId=84aca4b4-4b92-11ef-aece-533610f1ea34&deviceMake=Chrome&deviceModel=web&deviceType=web&deviceVersion=unknown&includeExtendedEvents=false&serverSideAds=false&sid=c4adaaf6-09fa-43e6-a254-c92d6891db35,CCPlutoTV.us@Germany,,,,https://i.imgur.com/MjC40At.png,Comedy,426x240,iptv-org-all.txt,84,200,成功,h264,30.0,有音频,3.628,129,105
Calabasas Channel (480p),https://cdn3.wowza.com/5/UWpORHhLSEs5SkJs/calabasas/G0009_003/playlist.m3u8,CTV.us@SD,,,,https://i.imgur.com/N5uiIJo.png,Undefined,640x480,iptv-org-all.txt,431,200,成功,h264,25.0,有音频,1.317,9,9
Canal 44 Ciudad Juárez (720p) [Not 24/7],https://5e50264bd6766.streamlock.net/canal44/videocanal44/playlist.m3u8,XHIJTDT.mx@SD,,,,https://i.imgur.com/oRudPXX.png,General,1280x720,iptv-org-all.txt,10,200,成功,h264,30.0,有音频,0.486,8,8
CBS 8 Des Moines IA (KCCI) (720p),https://aegis-cloudfront-1.tubi.video/8d1f164d-34ef-4f70-b948-ae33826a0aaa/playlist.m3u8,KCCIDT1.us@SD,,,,https://i.imgur.com/6xjshQj.png,General,384x216,iptv-org-all.txt,145,200,成功,h264,29.97002997002997,有音频,1.603,17,13
Canal San Roque (1080p) [Not 24/7],https://cdnlivevlc.codev8.net/aytosanroquelive/smil:channel1.smil/playlist.m3u8,CanalSanRoque.es@SD,,,,https://i.imgur.com/SN9kFKh.png,General,1920x1080,iptv-org-all.txt,2597,200,成功,h264,50.0,有音频,2.200,68,56
Best TV (720p) [Not 24/7],http://push-int.siliconweb.com/bestTV/stream/playlist.m3u8,BestTV.gr@SD,,,,https://i.imgur.com/AeeeDUc.png,Undefined,1920x1080,iptv-org-all.txt,1001,200,成功,h264,25.0,有音频,2.480,8,8
BBC America,https://bcovlive-a.akamaihd.net/7f5ec16d102f4b5d92e8e27bc95ff424/us-east-1/6240731308001/playlist.m3u8,BBCAmerica.us@East,,,,https://i.imgur.com/pTiiPz0.png,Entertainment,480x270,iptv-org-all.txt,331,200,成功,h264,59.94005994005994,有音频,1.697,9,9
Bollywood HD,https://d35j504z0x2vu2.cloudfront.net/v1/master/0bc8e8376bd8417a1b6761138aa41c26c7309312/bollywood-hd/manifest.m3u8,BollywoodHD.ro@SD,,,,https://i.imgur.com/scDKOLS.png,Movies,,iptv-org-all.txt,1872,200,成功,h264,,有音频,1.892,10,10
Bloomberg HT (720p) [Not 24/7],https://tv.ensonhaber.com/bloomberght/bloomberght.m3u8,BloombergHT.tr@SD,,,,https://i.imgur.com/bmkXfIE.png,Business,640x360,iptv-org-all.txt,413,403,成功,h264,25.0,有音频,3.595,9,9
CBS 6 Richmond VA (WTVR) (720p),https://aegis-cloudfront-1.tubi.video/d8fc1d6c-fd55-45c8-973b-b7327ee1a6e0/playlist.m3u8,WTVRDT1.us@SD,,,,https://upload.wikimedia.org/wikipedia/commons/thumb/e/ee/CBS_logo_%282020%29.svg/512px-CBS_logo_%282020%29.svg.png,Undefined,426x240,iptv-org-all.txt,294,200,成功,h264,29.97002997002997,有音频,6.181,7,5
Canal 4 (720p) [Geo-blocked],https://alba-cr-repretel-c4.stream.mediatiquestream.com/index.m3u8,Canal4.cr@SD,,,,https://i.imgur.com/5arZEgO.png,General,640x360,iptv-org-all.txt,507,200,成功,h264,30.0,有音频,1.261,9,9
Bahry (1080p),https://live.kwikmotion.com/bahry1live/bahry1.smil/playlist.m3u8,Bahry.kw@HD,,,,https://bahry.faulio.com/storage/mediagallery/9a/c7/fullhd_6a5a505408b027c0d4a4453c72258f9db0d2cb20.png,Undefined,568x320,iptv-org-all.txt,1869,200,成功,h264,25.0,有音频,12.409,37,29
Canal Provincial (360p),https://streaming.telered.com.ar/provincial/streaming/mystream.m3u8,CanalProvincial.ar@SD,,,,https://i.imgur.com/bXHHtcb.png,General,416x234,iptv-org-all.txt,3281,200,成功,h264,14.985014985014985,有音频,6.866,10,10
Avers (480p),https://avers.pp.ua/hls/efir.m3u8,Avers.ua@SD,,,,https://i.imgur.com/rHHz94D.png,General,858x480,iptv-org-all.txt,4187,200,成功,h264,25.0,有音频,3.649,68,56
Burbank Channel (720p),https://cdn3.wowza.com/5/djRwZmQvTEJidmZD/burbank/G0240_009/playlist.m3u8,TheBurbankChannel.us@SD,,,,https://i.imgur.com/SpkR1Fb.png,General,1280x720,iptv-org-all.txt,1120,200,成功,h264,25.0,有音频,1.325,8,8
Canale 21 Extra (576p),https://0ff9dd7fe9b64bc08a5fc4ed525454c3.msvdn.net/live/S42170132/sT6C3LFaD1iA/playlist.m3u8,Canale21Extra.it@SD,,,,https://i.imgur.com/Jy8lMOg.png,General,1920x1080,iptv-org-all.txt,4043,200,成功,h264,25.0,有音频,3.578,20,20
Canal Santa María (360p),https://streaming.telered.com.ar/santa-maria/streaming/mystream.m3u8,CanalSantaMaria.ar@SD,,,,https://www.canalsantamaria.com.ar/images/santamaria_logo.jpg,Religious,416x234,iptv-org-all.txt,2394,200,成功,h264,14.985014985014985,有音频,7.705,12,12
Atacama TV (Copiapó) (720p) [Not 24/7],https://v2.tustreaming.cl/atacamatv/index.m3u8,AtacamaTV.cl@SD,,,,https://i.postimg.cc/rwS082hL/atacama-tv.png,Undefined,1280x720,iptv-org-all.txt,1872,200,成功,h264,60.0,有音频,3.330,98,80
BritBox Mysteries,http://cfd-v4-service-channel-stitcher-use1-1.prd.pluto.tv/stitch/hls/channel/60f5d389985a0c0007357304/master.m3u8?appName=web&appVersion=unknown&clientTime=0&deviceDNT=0&deviceId=6c2743c9-30d3-11ef-9cf5-e9ddff8ff496&deviceMake=Chrome&deviceModel=web&deviceType=web&deviceVersion=unknown&includeExtendedEvents=false&serverSideAds=false&sid=7df7400e-1d21-4d2c-9534-db1c6d847a42,BritBoxMysteries.us@SD,,,,https://i.imgur.com/PJdzoLN.png,Documentary,426x240,iptv-org-all.txt,356,200,成功,h264,30.0,有音频,4.278,117,93
BNR Nieuwsradio (720p) [Geo-blocked],https://bnr-cache-cdp.triple-it.nl/studio/index.m3u8,BNRNieuwsradio.nl@SD,,,,https://i.imgur.com/d0KLwkj.png,Undefined,1920x1080,iptv-org-all.txt,1185,200,成功,h264,25.0,有音频,2.764,8,8
Bonce TV (480p) [Not 24/7],https://seswa.bonce.tv/hls/bonceswa.m3u8,BonceTV.cw@SD,,,,https://i.imgur.com/7cVkllH.png,Entertainment,640x360,iptv-org-all.txt,1556,200,成功,h264,30.0,有音频,1.388,9,9
BEK TV News (720p),https://cdn3.wowza.com/5/ZWQ1K2NYTmpFbGsr/BEK-WOWZA-1/smil:BEKPRIMEeast.smil/playlist.m3u8,BEKNews.us@SD,,,,https://i.imgur.com/m80uxdz.png,News,320x240,iptv-org-all.txt,406,200,成功,h264,29.97002997002997,有音频,2.055,9,9
Cartoon Classics,https://daiconnect.com/live/hls/tvup/rk-cartoonclassics/578f4b7eb725168349ec0af81b21d388/index.m3u8,CartoonClassics.pl@FAST,,,,https://images-3.rakuten.tv/storage/global-live-channel/translation/artwork/3227c06e-333b-4b1b-b657-3e3ab99ebd06-width200-quality90.jpeg,Animation;Kids,640x360,iptv-org-all.txt,1299,200,成功,h264,25.0,有音频,1.030,27,21
ATV Argentina,https://tv.streaming.com.bo/atvargentina/index.m3u8,ATVArgentina.ar@SD,,,,https://i.ibb.co/rMBVDmZ/atvargentina-x1.png,News,854x480,iptv-org-all.txt,1873,200,成功,h264,29.97002997002997,有音频,2.495,52,42
B15 Fresnillo (1080p),https://s5.mexside.net:1936/lsac/lsac/playlist.m3u8,B15Fresnillo.mx@SD,,,,https://i.imgur.com/kaUhEQy.png,General,1920x1080,iptv-org-all.txt,20,200,成功,h264,,有音频,0.802,9,9
ATV Sur (720p) [Not 24/7],https://alba-pe-atv-atvsur.stream.mediatiquestream.com/index.m3u8,ATVSur.pe@SD,,,,https://i.imgur.com/LnyVa5H.png,General,640x360,iptv-org-all.txt,1427,200,成功,h264,29.97002997002997,有音频,1.557,9,9
Asharq News Portrait (1280p),https://bcovlive-a.akamaihd.net/ed81ac1118414d4fa893d3a83ccec9be/eu-central-1/6203311941001/playlist.m3u8,AsharqNewsPortrait.sa@SD,,,,https://i.imgur.com/bqRC3sl.png,Business;News,720x1280,iptv-org-all.txt,1900,200,成功,h264,25.0,有音频,1.895,24,20
Beach TV Key West & Florida Keys (720p),https://5ed325193d4e1.streamlock.net:444/LiveTV/KTVHD/playlist.m3u8,BeachTVKeyWestFloridaKeys.us@SD,,,,https://i.imgur.com/XhDBdff.png,Travel,1280x720,iptv-org-all.txt,3938,200,成功,h264,29.97002997002997,有音频,2.108,76,60
Camera Smile (480p),https://rpn.bozztv.com/gusa/gusa-camerasmile/index.m3u8,CameraSmileTV.us@SD,,,,https://i.imgur.com/V5h4R83.png,Comedy,1280x720,iptv-org-all.txt,1736,200,成功,h264,29.97002997002997,有音频,1.510,8,8
Bolton Community Voice Channel (CVC) Government (Bolton CT) (480p),https://dlttx48mxf9m3.cloudfront.net/vod_clients/bolton/live/ch3/video.m3u8,CVCGovernment.us@SD,,,,https://i.imgur.com/qLJhNhq.png,Legislative,1280x720,iptv-org-all.txt,1824,200,成功,h264,29.97002997002997,有音频,1.301,8,8
Bolton Community Voice Channel (CVC) Public (Bolton CT) (480p),https://dlttx48mxf9m3.cloudfront.net/vod_clients/bolton/live/ch1/video.m3u8,CVCPublic.us@SD,,,,https://i.imgur.com/KiTtkBQ.png,General,1280x720,iptv-org-all.txt,1607,200,成功,h264,29.97002997002997,有音频,1.287,8,8
Canal 14 San Carlos (720p) [Not 24/7],http://tvn.obix.tv:1935/TVN/CH14.stream_720p/playlist.m3u8,TVN14.cr@SD,,,,https://i.imgur.com/1aNEo6U.png,Undefined,1280x720,iptv-org-all.txt,2729,200,成功,h264,29.97002997002997,有音频,2.703,8,8
Bolton Community Voice Channel (CVC) Education (Bolton CT) (480p),https://dlttx48mxf9m3.cloudfront.net/vod_clients/bolton/live/ch2/video.m3u8,CVCEducation.us@SD,,,,https://i.imgur.com/tUgEAUJ.png,Education,1280x720,iptv-org-all.txt,2226,200,成功,h264,29.97002997002997,有音频,1.322,38,32
Beverly Hills 90210,http://cfd-v4-service-channel-stitcher-use1-1.prd.pluto.tv/stitch/hls/channel/60afb576053df900076fa2f0/master.m3u8?appName=web&appVersion=unknown&clientTime=0&deviceDNT=0&deviceId=bc830924-4b91-11ef-8a44-83c5e90e038f&deviceMake=Chrome&deviceModel=web&deviceType=web&deviceVersion=unknown&includeExtendedEvents=false&serverSideAds=false&sid=76c958ac-284b-4b67-8fba-4dab528ab122,,,,,,Undefined,426x240,iptv-org-all.txt,96,200,成功,h264,30.0,有音频,4.455,129,105
Batam TV (480p) [Not 24/7],http://122.248.43.242:1935/BATAMTV/_definst_/myStream/playlist.m3u8,BatamTV.id@SD,,,,https://i.imgur.com/lo7YXnW.png,General,852x480,iptv-org-all.txt,395,200,成功,h264,59.94005994005994,有音频,2.205,8,8
Canale 8 (480p),http://wms.shared.streamshow.it/canale8/canale8/playlist.m3u8,Canale8.it@SD,,,,https://i.imgur.com/xwYmFgj.png,Undefined,854x480,iptv-org-all.txt,3703,200,成功,h264,25.0,有音频,2.079,36,32
Brevard County Government Access TV (Brevard FL) (720p),https://cdn3.wowza.com/5/cXdyRHF0Z3kxN0k2/brevardfl/G2111_002/playlist.m3u8,BrevardGovernmentAccessTV.us@SD,,,,https://i.imgur.com/eUTDIQ2.png,Legislative,1280x720,iptv-org-all.txt,385,200,成功,h264,29.97002997002997,有音频,1.236,8,8
Bibel TV (720p),https://bibint01.iptv-playoutcenter.de/bibint01/bibint01.stream_all/playlist.m3u8,BibelTV.de@SD,,,,https://i.imgur.com/RLwmrk3.png,Undefined,1280x720,iptv-org-all.txt,3533,200,成功,h264,25.0,无音频,6.056,36,32
Canal Sur Andalucía 2 (720p),https://cdnlive.codev8.net/rtvalive/smil:channel22.smil/playlist.m3u8,CanalSur2.es@SD,,,,https://upload.wikimedia.org/wikipedia/commons/thumb/b/b4/Canal_Sur_2_-_2017_logo.png/500px-Canal_Sur_2_-_2017_logo.png,General;Public,1280x720,iptv-org-all.txt,182,200,成功,h264,25.0,有音频,0.691,8,8
Canal Parlamento del Congreso de Jalisco (720p) [Not 24/7],https://60417ddeaf0d9.streamlock.net/srtc/smil:srtc.smil/playlist.m3u8,CanalParlamentodelCongresodeJalisco.mx@SD,,,,https://i.imgur.com/fLpkHfZ.png,Legislative,1280x720,iptv-org-all.txt,1551,200,成功,h264,29.97002997002997,有音频,1.121,8,8
Cao Bang TV (480p),http://118.107.85.4:1935/live/smil:CRTV.smil/playlist.m3u8,CaoBangTV.vn@SD,,,,https://i.imgur.com/dGonewm.png,General,854x480,iptv-org-all.txt,629,200,成功,h264,25.0,有音频,3.884,36,28
Biznet Adventure (1080p),http://livestream.biznetvideo.net/biznet_adventure/smil:adventure.smil/playlist.m3u8,BiznetAdventure.id@SD,,,,https://i.imgur.com/ZREy4zM.png,Undefined,1280x720,iptv-org-all.txt,4790,200,成功,h264,25.0,有音频,2.613,8,8
BX Culture (720p),https://reflect-stream-bronxnet.cablecast.tv/live-7/live/stream-3/live.m3u8,BXCulture.us@SD,,,,https://i.imgur.com/PF71rdZ.png,Culture,480x270,iptv-org-all.txt,2212,200,成功,h264,30.0,有音频,2.705,9,9
BX1 (720p) [Not 24/7],https://59959724487e3.streamlock.net/stream/live/playlist.m3u8,BX1.be@SD,,,,https://i.imgur.com/0OkSa6c.png,Undefined,1280x720,iptv-org-all.txt,2458,200,成功,h264,25.0,有音频,4.984,8,8
BX Inform (1080p),https://reflect-stream-bronxnet.cablecast.tv/live-8/live/stream-4/live.m3u8,BXInform.us@SD,,,,https://i.imgur.com/PF71rdZ.png,General;News,480x270,iptv-org-all.txt,1976,200,成功,h264,30.0,有音频,3.921,9,9
BTA TV (720p),https://cloud.fastchannel.es/manifiest/hls/prog9/btatv.m3u8,BTATV.ve@SD,,,,https://i.imgur.com/vygOosC.png,Music,1280x720,iptv-org-all.txt,743,200,成功,h264,29.97002997002997,有音频,1.012,86,68
BX Arts (720p),https://reflect-stream-bronxnet.cablecast.tv/live-19/live/stream-2/live.m3u8,BXArts.us@SD,,,,https://i.imgur.com/PF71rdZ.png,Culture,480x270,iptv-org-all.txt,2436,200,成功,h264,30.0,有音频,2.655,9,9
Canal Sur Noticias,https://cdnlive.codev8.net/rtvalive/smil:channel42.smil/playlist.m3u8,CanalSurNoticias.es@SD,,,,https://i.imgur.com/A3JscwS.png,News;Public,1920x1080,iptv-org-all.txt,181,200,成功,h264,25.0,有音频,1.026,38,32
Canal 79 Santa Clara del Mar (240p),https://streamconex.com:19360/santaclara-1/santaclara-1.m3u8,Canal79SantaClaradelMar.ar@SD,,,,https://i.imgur.com/I93ypGY.png,Undefined,1920x1080,iptv-org-all.txt,2357,200,成功,h264,30.0,有音频,1.949,16,12
Campus TV (480p) [Not 24/7],https://5e85d90130e77.streamlock.net/6052/6052/playlist.m3u8,CampusTV.hn@SD,,,,https://i.imgur.com/E1TmADM.png,Education,512x288,iptv-org-all.txt,2111,200,成功,h264,30.0,有音频,1.563,9,9
Baywatch (1080p),https://amg00145-fremantlemedian-baywatch-samsungau-gtsd6.amagi.tv/playlist/amg00145-fremantlemedian-baywatch-samsungau/playlist.m3u8,Baywatch.us@US,,,,https://i.imgur.com/c2esKHg.png,Series,1920x1080,iptv-org-all.txt,2663,200,成功,h264,29.97002997002997,有音频,5.678,8,8
BX Omni (720p),https://reflect-stream-bronxnet.cablecast.tv/live-16/live/stream-1/live.m3u8,BXOmni.us@SD,,,,https://i.imgur.com/PF71rdZ.png,General,480x270,iptv-org-all.txt,1745,200,成功,h264,30.0,有音频,1.950,9,9
Bondi Vet (720p),https://wtfn-bondivet-1-au.samsung.wurl.tv/playlist.m3u8,,,,,,Undefined,1280x720,iptv-org-all.txt,1746,200,成功,h264,29.97002997002997,有音频,3.176,8,8
Canal 79 La Costa (240p),https://streamconex.com:19360/lacosta/lacosta.m3u8,Canal79LaCosta.ar@SD,,,,https://i.imgur.com/HYuSqJy.png,Undefined,1920x1080,iptv-org-all.txt,2676,200,成功,h264,10.0,有音频,1.944,9,9
Beverly Hills Television 10 (720p),https://cdn3.wowza.com/5/V2Y2VmhqMEFDTUkx/beverlyhills/G0072_006/playlist.m3u8,BHTV10.us@SD,,,,https://i.imgur.com/NRrJ6xb.png,Undefined,1280x720,iptv-org-all.txt,192,200,成功,h264,25.0,有音频,0.815,8,8
BX Inspire (720p),https://reflect-stream-bronxnet.cablecast.tv/live-18/live/stream-7/live.m3u8,BXInspire.us@SD,,,,https://i.imgur.com/PF71rdZ.png,General;Religious,480x270,iptv-org-all.txt,1852,200,成功,h264,30.0,有音频,2.398,9,9
Ax Men,http://cfd-v4-service-channel-stitcher-use1-1.prd.pluto.tv/stitch/hls/channel/6540fe4bbdf3cf0008aa2cdd/master.m3u8?appName=web&appVersion=unknown&clientTime=0&deviceDNT=0&deviceId=2c794331-35fc-11ef-a031-2b5d494037a2&deviceMake=Chrome&deviceModel=web&deviceType=web&deviceVersion=unknown&includeExtendedEvents=false&serverSideAds=false&sid=334b8ad2-5361-4ae2-a1fd-41fb46bc4c2d,,,,,,Undefined,426x240,iptv-org-all.txt,223,200,成功,h264,30.0,有音频,4.303,117,93
Biznet Lifestyle (1080p),http://livestream.biznetvideo.net/biznet_lifestyle/smil:lifestyle.smil/index.m3u8,BiznetLifestyle.id@SD,,,,https://i.imgur.com/XqUfQKA.png,Lifestyle,1920x1080,iptv-org-all.txt,4222,200,成功,h264,25.0,有音频,10.025,26,20
Bacán Te Veo (360p),https://stmv6.voxtvhd.com.br/vacantveo2/vacantveo2/playlist.m3u8,BacanTeVeo.ec@SD,,,,https://i.imgur.com/m1LK6rY.png,Entertainment,1920x1080,iptv-org-all.txt,1584,200,成功,h264,25.0,有音频,1.843,8,8
CBN Gospel (720p),https://59d39900ebfb8.streamlock.net/ccbn/ccbn/playlist.m3u8,CBNGospel.vg@SD,,,,https://i.imgur.com/SHBAblV.png,Religious,1280x720,iptv-org-all.txt,55,200,成功,h264,30.0,有音频,1.605,8,8
Atomic Academy TV (480p),https://atomic.streamnet.ro/academia.m3u8,AtomicAcademyTV.ro@SD,,,,https://i.imgur.com/ZbrDIbZ.png,Music,640x360,iptv-org-all.txt,1955,200,成功,h264,25.0,有音频,3.272,7,5
Buena TV (1080p),https://59825a54e4454.streamlock.net:8443/papo351/papo351/playlist.m3u8,BuenaTV.pr@SD,,,,https://i.imgur.com/tsajuxi.png,Entertainment,1920x1080,iptv-org-all.txt,1722,200,成功,h264,30.0,有音频,1.229,8,8
B+ TV (480p),https://tv.btnrwanda.com:3432/live/bpluslive.m3u8,BPlusTV.rw@SD,,,,https://i.ibb.co/WzLwj3X/IMG-20230703-155036.jpg,Entertainment,1280x720,iptv-org-all.txt,210,200,成功,h264,25.0,有音频,1.054,8,8
Canal 10 Cordoba,https://stream.arcast.net:4443/canal10/ngrp:canal10_all/playlist.m3u8,Canal10Cordoba.ar@SD,,,,https://i.imgur.com/87WCHtd.png,Undefined,416x234,iptv-org-all.txt,1813,200,成功,h264,25.0,有音频,2.862,9,9
Canal Savoir (360p),https://hls.savoir.media/live/stream.m3u8,CFTUDT.ca@SD,,,,https://upload.wikimedia.org/wikipedia/commons/9/97/Savoir_m%C3%A9dia_logo_3.png,Education,640x360,iptv-org-all.txt,3131,200,成功,h264,24.0,有音频,2.007,10,10
Bloomberg TV + (2160p),https://66e4bbba.wurl.com/master/f36d25e7e52f1ba8d7e56eb859c636563214f541/TEctZ2JfQmxvb21iZXJnVFZQbHVzX0hMUw/playlist.m3u8,BloombergTV.us@Plus,,,,https://i.imgur.com/OuogLHx.png,Business,1280x720,iptv-org-all.txt,933,200,成功,hevc,59.94005994005994,有音频,5.358,94,76
Beverly Hills Television 35 (720p),https://cdn3.wowza.com/5/V2Y2VmhqMEFDTUkx/beverlyhills/G0072_007/playlist.m3u8,BHTV35.us@SD,,,,https://i.imgur.com/3Gqc5f2.png,Undefined,1280x720,iptv-org-all.txt,211,200,成功,h264,25.0,有音频,0.897,8,8
Canal Dos Yopal (720p),http://131.221.41.94/hls/canal2.m3u8,CanalDos.co@SD,,,,https://i.imgur.com/BYsyNHZ.jpg,General,1280x720,iptv-org-all.txt,206,200,成功,h264,50.0,有音频,1.852,8,8
Beats Radio (480p),https://videostream.shockmedia.com.ar:19360/beatsradio/beatsradio.m3u8,BeatsRadio.ar@SD,,,,https://i.imgur.com/zkNUO5p.png,Music,854x480,iptv-org-all.txt,2486,200,成功,h264,25.0,有音频,1.711,16,12
ATB La Paz (614p) [Not 24/7],http://186.121.206.197/live/daniel/index.m3u8,ATBLaPaz.bo@SD,,,,https://i.imgur.com/E243X2x.png,General,496x278,iptv-org-all.txt,335,200,成功,h264,30.0,有音频,1.399,9,9
Bloomberg TV Asia Live Event (720p),https://bloomberg.com/media-manifest/streams/asia-event.m3u8,BloombergTV.us@AsiaLiveEvent,,,,https://i.imgur.com/OuogLHx.png,Business,480x272,iptv-org-all.txt,687,200,成功,h264,25.0,有音频,3.950,9,9
AssyriaSat (720p) [Not 24/7],http://66.242.170.53/hls/live/temp/index.m3u8,KBSVDT1.us@SD,,,,https://i.imgur.com/6lklsyN.png,General;Religious,1600x900,iptv-org-all.txt,45,200,成功,h264,30.0,有音频,0.283,8,8
Bloomberg TV Asia (720p),https://bloomberg.com/media-manifest/streams/asia.m3u8,BloombergTV.us@Asia,,,,https://i.imgur.com/OuogLHx.png,Business,480x272,iptv-org-all.txt,722,200,成功,h264,25.0,有音频,2.729,9,9
BET Jams,https://fl1.moveonjoy.com/BET_Jams/index.m3u8,BETJams.us@SD,,,,https://upload.wikimedia.org/wikipedia/en/thumb/c/c9/BET_Jams_2021.png/512px-BET_Jams_2021.png,Undefined,720x480,iptv-org-all.txt,2230,200,成功,h264,29.97002997002997,有音频,1.410,8,8
Berente TV (1080p),https://stream.streaming4u.hu/BerenteTV/index.m3u8,BerenteTV.hu@SD,,,,https://i.imgur.com/3H3Ct9f.png,General,1920x1080,iptv-org-all.txt,2932,200,成功,h264,,有音频,4.546,25,21
Candelita TV (480p),https://6110f70ea8d0e.streamlock.net/1689/1689/playlist.m3u8,CandelitaTV.pr@SD,,,,https://i.imgur.com/34BvVDl.png,Religious,1280x720,iptv-org-all.txt,963,200,成功,h264,29.97002997002997,有音频,0.873,8,8
Buin Somos Todos (720p) [Not 24/7],https://bst.buin.cl/0.m3u8,BuinSomosTodos.cl@SD,,,,https://i.imgur.com/zzeBtux.png,Undefined,1280x720,iptv-org-all.txt,2120,200,成功,h264,30.0,有音频,2.473,56,47
Caillou,https://do7nccdsswstc.cloudfront.net/v1/manifest/3722c60a815c199d9c0ef36c5b73da68a62b09d1/cc-1aso0bc668saa/a5233c83-f772-4a81-959a-45ec7877ef61/5.m3u8,Caillou.fr@SD,,,,https://i.imgur.com/RgKaoe4.png,Undefined,648x432,iptv-org-all.txt,2455,200,成功,h264,23.976023976023978,有音频,0.896,100,82
Catatumbo TV (406p),https://cloud.fastchannel.es/manifiest/hls/prog9/catatumbotv.m3u8,CatatumboTV.ve@SD,,,,https://i.imgur.com/LBI2la0.png,General,720x406,iptv-org-all.txt,1533,200,成功,h264,29.97002997002997,有音频,1.121,8,8
Canal 45 (576p),https://nlb1-live.emitstream.com/hls/625csn5et2iszm9oze65/master.m3u8,Canal45.es@SD,,,,https://i.imgur.com/yEfSnGt.png,Undefined,720x576,iptv-org-all.txt,1116,200,成功,h264,25.0,有音频,6.865,126,104
Better Life TV (720p),https://tgn.bozztv.com/betterlife/betterlife/betterlife/index.m3u8,BetterLifeTV.us@SD,,,,https://i.imgur.com/OWI7Y0l.png,Religious,1280x720,iptv-org-all.txt,1265,200,成功,h264,29.97002997002997,有音频,1.479,8,8
Canal 5 Pico Truncado (540p),https://stream.arcast.com.ar/canal5picotruncado/canal5picotruncado/playlist.m3u8,Canal5PicoTruncado.ar@SD,,,,https://i.imgur.com/VwUiSVF.png,Undefined,960x540,iptv-org-all.txt,65,200,成功,h264,29.97002997002997,有音频,1.743,24,20
C-SPAN 2 (720p) [Not 24/7],https://tvpass.org/live/CSPAN2/hd,CSPAN2.us@SD,,,,https://i.postimg.cc/t4qZPdcq/cspan2.png,Legislative,1280x720,iptv-org-all.txt,5217,200,成功,h264,30.0,无音频,3.768,122,98
Canal 5 Del Pueblo [Not 24/7],https://stmv4.voxtvhd.com.br/canal5pueblo/canal5pueblo/playlist.m3u8,Canal5DelPueblo.ar@SD,,,,https://i.ibb.co/XzcYYMc/Canal-5-alcorta-ver.jpg,General,640x360,iptv-org-all.txt,339,200,成功,h264,25.0,有音频,1.554,9,9
Canal 13 Chiapas (720p) [Not 24/7],https://stream-207963.castr.net/65313d270e749722b6474684/live_55784330f36711ee97a7a19a8448730c/index.fmp4.m3u8,Canal13Chiapas.mx@SD,,,,https://i.imgur.com/SlycKgZ.png,General,1280x720,iptv-org-all.txt,1979,200,成功,h264,,有音频,2.231,7,5
Better Life Nature Channel (480p),https://tgn.bozztv.com/betterlife/betternature/betternature/index.m3u8,BetterLifeNatureChannel.us@SD,,,,https://i.imgur.com/D8Vuw6I.png,Relax,704x480,iptv-org-all.txt,1479,200,成功,h264,29.97002997002997,有音频,2.107,9,9
CBS News Sacramento (720p),https://lineup.cbsivideo.com/playout/c1ed69db-6b71-4581-a937-a70ab4089f8a/index.m3u8,CBSNewsSacramento.us@SD,,,,https://i.imgur.com/0e1kSGX.png,News,1280x720,iptv-org-all.txt,1020,200,成功,h264,29.97002997002997,有音频,1.788,8,8
ATV (360p),http://rnttwmjcin.turknet.ercdn.net/lcpmvefbyo/atv/atv_360p.m3u8,ATV.tr@SD,,,,https://i.imgur.com/HyVUwFC.png,General,640x360,iptv-org-all.txt,1687,200,成功,h264,25.0,有音频,1.483,9,9
CBS 9 Oklahoma City OK (KWTV-DT1) (720p) [Not 24/7],https://fuel-streaming-prod01.fuelmedia.io/v1/sem/e48409e7-672d-42f2-b5e0-ebb6744b0425.m3u8,KWTVDT1.us@SD,,,,https://upload.wikimedia.org/wikipedia/commons/thumb/e/ee/CBS_logo_%282020%29.svg/512px-CBS_logo_%282020%29.svg.png,General,,iptv-org-all.txt,3127,200,成功,h264,,有音频,2.169,10,10
Canal Sur (720p),https://avm.ecuamedia.net/canalsur/live/playlist.m3u8,CanalSur.ec@SD,,,,https://i.imgur.com/LMoIpU2.jpg,General,1280x720,iptv-org-all.txt,1748,200,成功,h264,30.0,有音频,1.449,8,8
BTN TV (480p),https://tv.btnrwanda.com:3086/live/btnlive.m3u8,BTNTV.rw@SD,,,,https://i.imgur.com/WmaP8zP.png,General,864x480,iptv-org-all.txt,796,200,成功,h264,50.0,有音频,0.950,8,8
Canal 7 Neuquén (1080p),https://stream.arcast.com.ar/c7nq/ngrp:c7nq_all/playlist.m3u8,Canal7Neuquen.ar@SD,,,,https://i.ibb.co/BrvQsWm/C7neuquenlogo2023.png,General,416x234,iptv-org-all.txt,604,200,成功,h264,29.97002997002997,有音频,4.215,9,9
Buzzfeed Unsolved,https://d39g1vxj2ef6in.cloudfront.net/v1/master/3fec3e5cac39a52b2132f9c66c83dae043dc17d4/prod-rakuten-stitched/master.m3u8?ads.xumo_channelId=88883099,BuzzfeedUnsolved.pl@FAST,,,,https://images-0.rakuten.tv/storage/global-live-channel/translation/artwork/e16cfcc7-2040-4bd5-8339-16d499f8799e-width200-quality90.png,Undefined,1280x720,iptv-org-all.txt,1438,200,成功,h264,23.976023976023978,有音频,4.742,7,5
Enntivision (1080p) [Not 24/7],https://mlb.essastream.com:8081/enntivision/tracks-v1a1/mono.m3u8,Enntivision.do@SD,,,,https://i.imgur.com/nePOFZW.png,General,1920x1080,iptv-org-all.txt,67,200,成功,h264,59.94005994005994,有音频,1.530,8,8
Dry Bar Comedy (720p),https://drybar-drybarcomedy-1-au.samsung.wurl.tv/playlist.m3u8,DryBarComedyPlus.us@SD,,,,https://i.imgur.com/3N2C60N.png,Comedy,1280x720,iptv-org-all.txt,1526,200,成功,h264,29.97002997002997,有音频,2.152,8,8
Elive TV Brescia (720p) [Not 24/7],https://59d7d6f47d7fc.streamlock.net/elivebresciatv/elivebresciatv/playlist.m3u8,EliveTVBrescia.it@SD,,,,https://i.imgur.com/gZxjLph.png,General,1280x720,iptv-org-all.txt,117,200,成功,h264,25.0,有音频,2.901,8,8
CG Grandi Film (720p),https://cgentertainment-cgtv-1-it.rakuten.wurl.tv/playlist.m3u8,,,,,,Undefined,1280x720,iptv-org-all.txt,1358,200,成功,h264,29.97002997002997,有音频,1.369,8,8
English Club TV,https://dash2.antik.sk/live/test_ectv_hd_1200/playlist.m3u8,EnglishClubTV.uk@SD,,,,https://i.postimg.cc/cCYVhnrT/englishclubtv.png,Education,1280x720,iptv-org-all.txt,1124,200,成功,h264,25.0,有音频,2.032,8,8
CTB Perth News (720p),https://news.ctbperth.net.au/hls/stream.m3u8,,,,,,Undefined,854x480,iptv-org-all.txt,1854,200,成功,h264,24.0,有音频,4.578,105,85
Collier County Public Schools CCPS Education Channel (Naples FL) (480p),https://watch.collierschools.com/EducationChannel/educhannel.stream/playlist.m3u8,CCPSEducationChannel.us@SD,,,,https://i.imgur.com/62S7dI8.png,Education,720x480,iptv-org-all.txt,1646,200,成功,h264,60.0,有音频,2.922,11,11
Comedy Play (720p),https://stream1.antenaplay.ro/live/ComedyPlay/playlist.m3u8,ComedyPlay.ro@SD,,,,https://i.imgur.com/6kAeVOk.png,Comedy,640x360,iptv-org-all.txt,1586,200,成功,h264,25.0,有音频,2.931,9,9
CTB Perth Movies (720p),https://movies.ctbperth.net.au/hls/stream.m3u8,CTBPerthMoviesChannel.au@SD,,,,https://i.imgur.com/VB8gtCy.jpeg,Movies,854x480,iptv-org-all.txt,2167,200,成功,h264,24.0,有音频,3.694,135,109
English TV,https://streams2.sofast.tv/v1/master/611d79b11b77e2f571934fd80ca1413453772ac7/a5e9aebd-1df4-4e56-be4f-33a891756f9b/manifest.m3u8,,,,,,Undefined,1920x1080,iptv-org-all.txt,798,200,成功,h264,25.0,有音频,5.181,16,12
Dallas Cowboys Cheerleaders,http://cfd-v4-service-channel-stitcher-use1-1.prd.pluto.tv/stitch/hls/channel/5d40855b3fb0855028c99b6f/master.m3u8?appName=web&appVersion=unknown&clientTime=0&deviceDNT=0&deviceId=6c287c40-30d3-11ef-9cf5-e9ddff8ff496&deviceMake=Chrome&deviceModel=web&deviceType=web&deviceVersion=unknown&includeExtendedEvents=false&serverSideAds=false&sid=92a113fc-f35c-4160-9c63-27cd8537a39f,DallasCowboysCheerleaders.us@SD,,,,https://i.imgur.com/73HlRCg.png,Documentary,426x240,iptv-org-all.txt,47,200,成功,h264,30.0,有音频,1.734,9,9
Dudelange TV (720p),https://streamer20.multimedia.blue/Eltrona/DudelangeTV/playlist.m3u8,DudelangeTV.lu@SD,,,,https://i.imgur.com/2dLYZsc.png,General,1280x720,iptv-org-all.txt,1471,200,成功,h264,25.0,有音频,3.277,8,8
Ein Engel auf Erden,http://cfd-v4-service-channel-stitcher-use1-1.prd.pluto.tv/stitch/hls/channel/622f487722d9d400075f74dd/master.m3u8?appName=web&appVersion=unknown&clientTime=0&deviceDNT=0&deviceId=1b1d8ac3-4b81-11ef-a8ac-e146e4e7be02&deviceMake=Chrome&deviceModel=web&deviceType=web&deviceVersion=unknown&includeExtendedEvents=false&serverSideAds=false&sid=afbd6aab-03f2-4c6e-8850-7a0f7f4a3a60,,,,,,Undefined,426x240,iptv-org-all.txt,62,200,成功,h264,30.0,有音频,2.471,117,93
Costa Rica Channel (576p) [Not 24/7],https://video0.rogohosting.com:19360/8006/8006.m3u8,CostaRicaChannel.cr@SD,,,,https://i.imgur.com/N4pFVVF.png,Culture;Travel,1280x720,iptv-org-all.txt,1097,200,成功,h264,29.97002997002997,有音频,1.144,8,8
ElyTV (360p),https://stmv1.srvsite.com/ely/ely/playlist.m3u8,ElyTV.br@SD,,,,https://i.imgur.com/1eHNe91.png,Entertainment,1280x720,iptv-org-all.txt,6363,200,成功,h264,29.97002997002997,有音频,5.612,8,8
Duck Dynasty,http://cfd-v4-service-channel-stitcher-use1-1.prd.pluto.tv/stitch/hls/channel/6540fe6fbfbaec0008a583ae/master.m3u8?appName=web&appVersion=unknown&clientTime=0&deviceDNT=0&deviceId=2c7a2d90-35fc-11ef-a031-2b5d494037a2&deviceMake=Chrome&deviceModel=web&deviceType=web&deviceVersion=unknown&includeExtendedEvents=false&serverSideAds=false&sid=b2414064-7363-4d88-b917-86f379a71ce9,DuckDynasty.us@UK,,,,https://i.imgur.com/vMcSlwm.png,Series,426x240,iptv-org-all.txt,163,200,成功,h264,30.0,有音频,1.728,9,9
Comedy Central Pluto TV,http://cfd-v4-service-channel-stitcher-use1-1.prd.pluto.tv/stitch/hls/channel/5ca671f215a62078d2ec0abf/master.m3u8?appName=web&appVersion=unknown&clientTime=0&deviceDNT=0&deviceId=6c282e20-30d3-11ef-9cf5-e9ddff8ff496&deviceMake=Chrome&deviceModel=web&deviceType=web&deviceVersion=unknown&includeExtendedEvents=false&serverSideAds=false&sid=c8883a8b-3441-4f7d-a15e-3a8365fbcaef,ComedyCentralPlutoTV.us@US,,,,https://i.imgur.com/9y6TtjF.png,Comedy,426x240,iptv-org-all.txt,58,200,成功,h264,30.0,有音频,1.341,117,93
Cerritos TV3 (360p),https://cdn3.wowza.com/5/UWpORHhLSEs5SkJs/cerritos/G0010_002/playlist.m3u8,CerritosTV3.us@SD,,,,https://i.imgur.com/huCBOIy.png,General,480x360,iptv-org-all.txt,374,200,成功,h264,25.0,有音频,0.885,141,117
Dog Whisperer with Cesar Millan [Geo-blocked],https://amg01201-cinedigm-amg01201c30-xumo-us-2277.playouts.now.amagi.tv/cinedigm-dogwhisperer-hls/playlist.m3u8,,,,,,Undefined,1920x1080,iptv-org-all.txt,962,200,成功,h264,29.97002997002997,有音频,2.255,16,12
Collier Television CTV (Naples FL) (720p),https://reflect-collier-countyboc.cablecast.tv/live-4/live/stream-1/live.m3u8,CollierTV.us@SD,,,,https://i.imgur.com/dkpTHI9.png,Legislative,960x540,iptv-org-all.txt,1762,200,成功,h264,30.0,有音频,2.843,8,8
Cinevision Canal 19 (720p),https://cdn.mycloudstream.io/hls/live/broadcast/etyetihk/index.m3u8,CinevisionCanal19.do@SD,,,,https://i.imgur.com/mJN2XNm.png,General,1920x1080,iptv-org-all.txt,1126,200,成功,h264,60.0,有音频,1.220,8,8
DryBar Comedy,https://drybar-drybarcomedy-1-ca.samsung.wurl.tv/playlist.m3u8,,,,,,Undefined,1280x720,iptv-org-all.txt,1372,200,成功,h264,29.97002997002997,有音频,1.104,8,8
Dukh Nivaran (720p) [Not 24/7],http://cdn12.henico.net:8080/live/dncal/index.m3u8,DukhNivaran.ca@SD,,,,https://i.imgur.com/Zh60l1x.png,Culture,1280x720,iptv-org-all.txt,943,200,成功,h264,29.97002997002997,有音频,0.615,8,8
CTNi (Christian Television Network International) (480p) [Not 24/7],https://video1.getstreamhosting.com:1936/8226/8226/playlist.m3u8,WELUDT1.pr@SD,,,,https://i.imgur.com/42UdwD0.png,Religious,1280x720,iptv-org-all.txt,1541,200,成功,h264,29.97002997002997,有音频,1.248,8,8
Enquêtes de Choc,http://cfd-v4-service-channel-stitcher-use1-1.prd.pluto.tv/stitch/hls/channel/63921a1bf76e7d0007c998a6/master.m3u8?appName=web&appVersion=unknown&clientTime=0&deviceDNT=0&deviceId=8e06d816-1f2c-11ef-86d8-5d587df108c6&deviceMake=Chrome&deviceModel=web&deviceType=web&deviceVersion=unknown&includeExtendedEvents=false&serverSideAds=false&sid=7931c2bb-1392-4543-8cc4-684661cfd449,,,,,,Undefined,426x240,iptv-org-all.txt,153,200,成功,h264,30.0,有音频,2.240,117,93
COStv,https://irctv.cablecast.tv/live/stream-1/live.m3u8,COStv.us@SD,,,,https://i.imgur.com/IVqjCRE.png,Legislative,640x360,iptv-org-all.txt,1019,200,成功,h264,30.0,有音频,3.173,9,9
Duck Dynasty (1080p),https://aegis-cloudfront-1.tubi.video/ae3cd8ce-3c41-452b-92a0-78fdb3c5b855/playlist.m3u8,DuckDynasty.us@US,,,,https://i.imgur.com/vMcSlwm.png,Series,1920x1080,iptv-org-all.txt,68,200,成功,h264,29.97002997002997,有音频,2.329,8,8
CreaTV Community Channel 15 (San Jose CA) (720p),https://reflect-creatv.cablecast.tv/live-13/live/live.m3u8,CreaTVChannel15.us@SD,,,,https://i.imgur.com/Lwzio0H.png,General,1280x720,iptv-org-all.txt,769,200,成功,h264,30.0,有音频,1.138,28,22
Chroma TV (480p),https://5c483b9d1019c.streamlock.net/8054/8054/playlist.m3u8,ChromaTV.br@SD,,,,https://i.imgur.com/SnaIMgj.png,Entertainment,854x480,iptv-org-all.txt,1249,200,成功,h264,24.0,有音频,1.081,9,9
Crímenes Imperfectos,http://cfd-v4-service-channel-stitcher-use1-1.prd.pluto.tv/stitch/hls/channel/5e94cd036cc69d0007e8a1ba/master.m3u8?appName=web&appVersion=unknown&clientTime=0&deviceDNT=0&deviceId=6c282e26-30d3-11ef-9cf5-e9ddff8ff496&deviceMake=Chrome&deviceModel=web&deviceType=web&deviceVersion=unknown&includeExtendedEvents=false&serverSideAds=false&sid=5d8759e1-73d6-4b32-b216-07bf992c281a,CrimenesImperfectos.us@SD,,,,https://i.imgur.com/kzUrWR5.png,Undefined,426x240,iptv-org-all.txt,50,200,成功,h264,30.0,有音频,2.329,129,105
Die Neue Zeit (576p),https://bild-und-ton.stream/die-neue-zeit-tv-live/smil:dnz-de.smil/playlist.m3u8,DieNeueZeitTV.ch@SD,,,,https://i.imgur.com/K3lvrog.png,Religious,1024x576,iptv-org-all.txt,3262,200,成功,h264,25.0,有音频,5.998,8,8
Equinoxe TV,http://69.64.57.208/equinoxtv/playlist.m3u8,EquinoxeTV.cm@SD,,,,https://i.imgur.com/GKbnBlo.png,General,1280x720,iptv-org-all.txt,82,200,成功,h264,50.0,有音频,0.835,76,60
DEFA TV (720p),https://wdrmediagroup-defatv-1-eu.rakuten.wurl.tv/playlist.m3u8,,,,,,Undefined,1280x720,iptv-org-all.txt,987,200,成功,h264,29.97002997002997,有音频,1.415,8,8
Costa Noroeste TV (1080p) [Not 24/7],https://limited31.todostreaming.es/live/noroestetv-livestream.m3u8,CostaNoroesteTV.es@SD,,,,https://i.imgur.com/iM9AN6Z.png,General,1920x1080,iptv-org-all.txt,1502,200,成功,h264,30.0,有音频,2.552,8,8
Enterate RD [Not 24/7],https://5790d294af2dc.streamlock.net/enteraterd/enteraterd/playlist.m3u8,EnterateRD.do@HD,,,,https://www.vivalivetv.com/public/files/shows/0/1/3508-294x165-FFFFFF.jpg,General,1280x720,iptv-org-all.txt,32,200,成功,h264,25.0,有音频,1.073,8,8
Cheers,http://cfd-v4-service-channel-stitcher-use1-1.prd.pluto.tv/stitch/hls/channel/611e7f224676bf00076a4d8d/master.m3u8?appName=web&appVersion=unknown&clientTime=0&deviceDNT=0&deviceId=bc835743-4b91-11ef-8a44-83c5e90e038f&deviceMake=Chrome&deviceModel=web&deviceType=web&deviceVersion=unknown&includeExtendedEvents=false&serverSideAds=false&sid=fdd20197-2ce0-4cb8-b35e-ee6f316a3ff8,,,,,,Undefined,426x240,iptv-org-all.txt,162,200,成功,h264,30.0,有音频,1.605,37,29
Cornerstone TV (720p),https://2-fss-1.themediacdn.com/pl_122/206280-3059514-1/playlist.m3u8,CornerstoneTV.us@SD,,,,https://i.imgur.com/d6ADcR5.png,Religious,1280x720,iptv-org-all.txt,1210,200,成功,h264,59.94005994005994,有音频,0.553,8,8
CSI,http://cfd-v4-service-channel-stitcher-use1-1.prd.pluto.tv/stitch/hls/channel/62e9224f41d5e100076db2b6/master.m3u8?appName=web&appVersion=unknown&clientTime=0&deviceDNT=0&deviceId=2c79df70-35fc-11ef-a031-2b5d494037a2&deviceMake=Chrome&deviceModel=web&deviceType=web&deviceVersion=unknown&includeExtendedEvents=false&serverSideAds=false&sid=dec120d8-b140-4915-a068-07986f2860d1,CSI.us@SD,,,,https://i.imgur.com/xLLNEfA.png,Series,426x240,iptv-org-all.txt,177,200,成功,h264,30.0,有音频,1.374,129,105
Entuno TV [Not 24/7],https://vdopanel.jlahozconsulting.com:3460/hybrid/play.m3u8,EntunoTV.do@HD,,,,https://imgur.com/U9OsybQ.jpg,General,1280x720,iptv-org-all.txt,3333,200,成功,h264,29.97002997002997,有音频,5.081,36,28
CityTV San Diego (360p),https://cdn3.wowza.com/5/dk84U1p2UUdoMGxT/sandiego/G1826_005/playlist.m3u8,CityTVSanDiego.us@SD,,,,https://i.imgur.com/OfNV6I7.png,Legislative,1280x720,iptv-org-all.txt,107,200,成功,h264,25.0,有音频,1.060,8,8
E! Keeping Up,https://xumo-xumoent-vc-117-a3ga4.fast.nbcuni.com/live/master.m3u8,,,,,,Undefined,426x240,iptv-org-all.txt,1025,200,成功,h264,30.0,有音频,3.032,37,29
Escape to the Country (1080p),https://amg00145-amg00145c11-samsung-au-6579.playouts.now.amagi.tv/playlist.m3u8,,,,,,Undefined,1920x1080,iptv-org-all.txt,1379,200,成功,h264,29.97002997002997,有音频,2.622,36,28
DLTV 13 (1080p),https://cdn-live.dltv.ac.th/dltv13.m3u8,DLTV13.th@SD,,,,https://i.imgur.com/asB5w3v.png,Education,1920x1080,iptv-org-all.txt,258,200,成功,h264,25.0,有音频,12.465,8,8
Enlace (720p),https://livecdn.enlace.plus/enlace/smil:enlace-hd.smil/playlist.m3u8,Enlace.cr@SD,,,,https://i.imgur.com/YwUVTmS.png,Religious,640x360,iptv-org-all.txt,1502,200,成功,h264,30.0,有音频,1.312,9,9
Elbeshara GTV (1080p) [Not 24/7],http://media3.smc-host.com:1935/elbesharagtv.com/gtv.smil/playlist.m3u8,ElbesharaGTV.us@SD,,,,https://i.imgur.com/b0Wx7pE.png,Religious,1920x1080,iptv-org-all.txt,62,200,成功,h264,30.0,有音频,0.914,8,8
Chino Hills City TV Channel 3/41 (360p),https://edge-f.swagit.com/live/chinohillsca/live-1-a/playlist.m3u8,CityTVChannel341.us@SD,,,,https://i.imgur.com/L0vaDea.png,Legislative,1280x720,iptv-org-all.txt,1360,200,成功,h264,30.0,有音频,0.749,8,8
CTB Perth (720p),https://live.ctbperth.net.au/hls/0/stream.m3u8,CTBPerth.au@SD,,,,https://i.imgur.com/VB8gtCy.jpeg,General,854x480,iptv-org-all.txt,1825,200,成功,h264,24.0,有音频,2.650,135,109
Channel One,https://pemirateshls.persiana.live/hls/stream.m3u8,ChannelOne.us@SD,,,,https://i.imgur.com/igskUo0.png,Culture;News,1280x720,iptv-org-all.txt,1558,200,成功,h264,25.0,有音频,2.445,36,32
Elim TV (480p) [Not 24/7],https://stream.soporteccrtv.xyz/hls/master-dveo.m3u8,ElimTV.sv@SD,,,,https://i.imgur.com/payIg0N.png,Religious,960x540,iptv-org-all.txt,1749,200,成功,h264,29.97002997002997,有音频,1.186,8,8
Coral 39 (480p),http://190.110.36.254/CORAL39/index.m3u8,Coral39.do@SD,,,,https://i.imgur.com/k6cv9A9.png,General,720x480,iptv-org-all.txt,125,200,成功,mpeg2video,29.97002997002997,有音频,0.696,8,8
Cenovision HD (720p),https://5790d294af2dc.streamlock.net/cenovision/cenovision/playlist.m3u8,CenovisionHD.do@HD,,,,https://imgur.com/ShPaOvn.jpg,General,640x360,iptv-org-all.txt,1335,200,成功,h264,29.97002997002997,有音频,1.126,9,9
Cruz TV,https://reflect-communitytv.cablecast.tv/live-4/live/stream-2/live.m3u8,CruzTV.us@SD,,,,https://i.imgur.com/qOO2SaH.png,Legislative,480x270,iptv-org-all.txt,2837,200,成功,h264,30.0,有音频,2.489,9,9
Dance Moms,http://cfd-v4-service-channel-stitcher-use1-1.prd.pluto.tv/stitch/hls/channel/6540fec1770cf1000866b65b/master.m3u8?appName=web&appVersion=unknown&clientTime=0&deviceDNT=0&deviceId=2c79df73-35fc-11ef-a031-2b5d494037a2&deviceMake=Chrome&deviceModel=web&deviceType=web&deviceVersion=unknown&includeExtendedEvents=false&serverSideAds=false&sid=64043e4b-3a3a-42a9-bce9-67430c31c9f5,,,,,,Undefined,426x240,iptv-org-all.txt,227,200,成功,h264,30.0,有音频,1.938,117,93
CWB TV (720p),https://59d39900ebfb8.streamlock.net/cwbtv/cwbtv/playlist.m3u8,CWBTV.br@SD,,,,https://i.imgur.com/S0ISpmU.png,Family;General,1280x720,iptv-org-all.txt,654,200,成功,h264,30.0,有音频,1.208,8,8
Eclipse TV (720p),https://vdo6.instainternet.com:3272/live/jobetalborezlive.m3u8,EclipseTV.mx@SD,,,,https://i.imgur.com/GiDD8xG.jpg,General,1280x720,iptv-org-all.txt,2917,200,成功,h264,23.976023976023978,有音频,1.193,9,9
CSat TV (1080p) [Not 24/7],http://media.smc-host.com:1935/csat.tv/smil:csat.smil/playlist.m3u8,CSatTV.us@SD,,,,https://i.imgur.com/fp2EaLJ.png,Religious,1920x1080,iptv-org-all.txt,2896,200,成功,h264,29.97002997002997,有音频,0.631,8,8
Coral Gables Television (Coral Gables FL) (720p),https://cdn3.wowza.com/5/R09KQXpaMWlrRjly/coralgables/G0937_004/playlist.m3u8,CoralGablesTV.us@SD,,,,https://i.imgur.com/Z7QvRzd.png,Legislative,1280x720,iptv-org-all.txt,86,200,成功,h264,59.94005994005994,有音频,1.037,104,86
Declassified,http://cfd-v4-service-channel-stitcher-use1-1.prd.pluto.tv/stitch/hls/channel/62bdaf9cf1bdc500073a8bcb/master.m3u8?appName=web&appVersion=unknown&clientTime=0&deviceDNT=0&deviceId=2c79df76-35fc-11ef-a031-2b5d494037a2&deviceMake=Chrome&deviceModel=web&deviceType=web&deviceVersion=unknown&includeExtendedEvents=false&serverSideAds=false&sid=77b58119-8b6e-403d-b5dd-1096e48e0c09,,,,,,Undefined,426x240,iptv-org-all.txt,182,200,成功,h264,30.0,有音频,3.479,17,13
CSI en Español,http://cfd-v4-service-channel-stitcher-use1-1.prd.pluto.tv/stitch/hls/channel/604928d54a4f730007ff76bc/master.m3u8?appName=web&appVersion=unknown&clientTime=0&deviceDNT=0&deviceId=6c285532-30d3-11ef-9cf5-e9ddff8ff496&deviceMake=Chrome&deviceModel=web&deviceType=web&deviceVersion=unknown&includeExtendedEvents=false&serverSideAds=false&sid=ec065848-4bdc-45cb-ad2c-0ef96c23d424,CSIenespanol.us@SD,,,,https://i.imgur.com/ifarQil.png,Undefined,426x240,iptv-org-all.txt,186,200,成功,h264,30.0,有音频,1.460,9,9
Eduvision (1080p),https://stmv3.voxtvhd.com.br/conex2/conex2/playlist.m3u8,Eduvision.co@SD,,,,https://i.imgur.com/ppBdqel.png,Education,1920x1080,iptv-org-all.txt,1525,200,成功,h264,25.0,有音频,1.756,36,32
EarthDay 365,http://cfd-v4-service-channel-stitcher-use1-1.prd.pluto.tv/stitch/hls/channel/650b69cfd1f20c0008586bac/master.m3u8?appName=web&appVersion=unknown&clientTime=0&deviceDNT=0&deviceId=6c28a351-30d3-11ef-9cf5-e9ddff8ff496&deviceMake=Chrome&deviceModel=web&deviceType=web&deviceVersion=unknown&includeExtendedEvents=false&serverSideAds=false&sid=99d5f340-8533-449d-baf7-62a01ce5a66d,,,,,,Undefined,426x240,iptv-org-all.txt,70,200,成功,h264,30.0,有音频,1.237,57,45
CoastTV NBC (WRDE-LD) (720p) [Not 24/7],https://live.field59.com/wrde/wrde1/playlist.m3u8,WRDELD1.us@SD,,,,https://upload.wikimedia.org/wikipedia/commons/thumb/7/7a/NBC_logo_2022_%28vertical%29.svg/512px-NBC_logo_2022_%28vertical%29.svg.png,Undefined,1280x720,iptv-org-all.txt,871,200,成功,h264,29.97002997002997,有音频,1.423,36,32
Denver 8 TV (Denver CO) (720p),https://cdn3.wowza.com/5/bGZUOHp2TnhudnM2/denver/G0080_002/playlist.m3u8,Denver8TV.us@SD,,,,https://i.imgur.com/wMIy5jb.png,Legislative,1280x720,iptv-org-all.txt,76,200,成功,h264,25.0,有音频,0.693,8,8
CNC Santander de Quilichao (480p),https://movil.ejeserver.com/live/cncsantander.m3u8,CNCSantanderdeQuilichao.co@SD,,,,https://i.imgur.com/LNl2o9q.jpg,General,640x360,iptv-org-all.txt,62,200,成功,h264,29.97002997002997,有音频,0.824,9,9
Circle [Geo-blocked],https://amg00432-circletvfast-amg00432c1-cineverse-us-1112.playouts.now.amagi.tv/playlist/amg00432-circletv-circletv-cineverseus/playlist.m3u8,Circle.us@SD,,,,https://upload.wikimedia.org/wikipedia/commons/thumb/e/e8/Circle_Network_logo.svg/512px-Circle_Network_logo.svg.png,Entertainment,1920x1080,iptv-org-all.txt,903,200,成功,h264,29.97002997002997,有音频,3.700,8,8
Celta TV (240p),https://vivo.solumedia.com:19360/celta/celta.m3u8,CeltaTV.ar@SD,,,,https://i.imgur.com/rwoIF4w.png,Undefined,640x360,iptv-org-all.txt,934,200,成功,h264,25.0,有音频,0.978,9,9
DASDING 90.8 (720p),https://swrdasdingvr-hls.akamaized.net/hls/live/2018681/dasdingvr/master.m3u8,DASDING908.de@SD,,,,https://i.imgur.com/BmklHs8.png,Music,480x270,iptv-org-all.txt,1625,200,成功,h264,50.0,有音频,10.162,17,13
Estepona Televisión (720p),https://cloudvideo.servers10.com:8081/8022/index.m3u8,EsteponaTelevision.es@SD,,,,https://i.imgur.com/rMAB720.png,Undefined,1280x720,iptv-org-all.txt,474,200,成功,h264,25.0,有音频,3.315,8,8
Der Denver-Clan,http://cfd-v4-service-channel-stitcher-use1-1.prd.pluto.tv/stitch/hls/channel/62cebd7302478b00073a6b71/master.m3u8?appName=web&appVersion=unknown&clientTime=0&deviceDNT=0&deviceId=1b1d63b1-4b81-11ef-a8ac-e146e4e7be02&deviceMake=Chrome&deviceModel=web&deviceType=web&deviceVersion=unknown&includeExtendedEvents=false&serverSideAds=false&sid=c1976749-dc67-441a-aa5b-1e7f21edcbf9,,,,,,Undefined,426x240,iptv-org-all.txt,50,200,成功,h264,30.0,有音频,1.715,9,9
Cheers,http://cfd-v4-service-channel-stitcher-use1-1.prd.pluto.tv/stitch/hls/channel/62bdb7f0db2eb30007376d4d/master.m3u8?appName=web&appVersion=unknown&clientTime=0&deviceDNT=0&deviceId=2c799155-35fc-11ef-a031-2b5d494037a2&deviceMake=Chrome&deviceModel=web&deviceType=web&deviceVersion=unknown&includeExtendedEvents=false&serverSideAds=false&sid=794ad915-7321-49a1-8f52-1d90f588cfd9,Cheers.us@Canada,,,,https://i.imgur.com/xIlF92v.png,Series,640x360,iptv-org-all.txt,48,200,成功,h264,30.0,有音频,1.322,129,105
Chaos City,http://cfd-v4-service-channel-stitcher-use1-1.prd.pluto.tv/stitch/hls/channel/60afbad343e3840007164348/master.m3u8?appName=web&appVersion=unknown&clientTime=0&deviceDNT=0&deviceId=1b1cee86-4b81-11ef-a8ac-e146e4e7be02&deviceMake=Chrome&deviceModel=web&deviceType=web&deviceVersion=unknown&includeExtendedEvents=false&serverSideAds=false&sid=ca3136b0-37bd-40d7-b812-6644e5be773f,ChaosCity.us@Austria,,,,https://i.imgur.com/1UZNdRH.png,Series,426x240,iptv-org-all.txt,49,200,成功,h264,30.0,有音频,1.456,117,93
Compassion TV (240p),https://tnt-television.com/COMPASSION_FM/index.m3u8,CompassionTV.cd@SD,,,,https://i.imgur.com/lfoUsyR.jpeg,Religious,426x240,iptv-org-all.txt,3309,200,成功,h264,29.97002997002997,有音频,3.183,30,27
Cheers,http://cfd-v4-service-channel-stitcher-use1-1.prd.pluto.tv/stitch/hls/channel/611e7f224676bf00076a4d8d/master.m3u8?appName=web&appVersion=unknown&clientTime=0&deviceDNT=0&deviceId=84aca4b6-4b92-11ef-aece-533610f1ea34&deviceMake=Chrome&deviceModel=web&deviceType=web&deviceVersion=unknown&includeExtendedEvents=false&serverSideAds=false&sid=0d96d22d-3148-4e7e-b0e9-67b35648c724,Cheers.us@Germany,,,,https://i.imgur.com/xIlF92v.png,Series,426x240,iptv-org-all.txt,60,200,成功,h264,30.0,有音频,1.195,117,93
Cypress Public Access Channel 36 (Cypress CA) (360p),https://livestream-us-east-edge-2.granicusops.com/live/cypressca/live-1-a/playlist.m3u8,CypressChannel36.us@SD,,,,https://i.imgur.com/vOvoHBC.png,Legislative,1280x720,iptv-org-all.txt,743,200,成功,h264,30.0,有音频,1.053,8,8
Costa Mesa's Municipal Access Channel CMTV 3 (720p),https://cdn3.wowza.com/5/UWpORHhLSEs5SkJs/costamesa/G0075_002/playlist.m3u8,CMTV.us@SD,,,,https://i.imgur.com/73LKwAK.png,General,1280x720,iptv-org-all.txt,358,200,成功,h264,25.0,有音频,1.230,8,8
CCX1 (1080p),http://reflect-ccx.cablecast.tv/live-9/live/stream-1/live.m3u8,CCX1.us@SD,,,,https://i.imgur.com/1hHW3IK.png,General,480x270,iptv-org-all.txt,976,200,成功,h264,30.0,有音频,1.995,9,9
Espíritu Santo Y Fuego TV (480p),https://inliveserver.com:1936/8392/8392/playlist.m3u8,EspirituSantoYFuegoTV.gt@SD,,,,https://i.imgur.com/8mdSWO4.jpg,Religious,720x480,iptv-org-all.txt,24,200,成功,h264,30.0,有音频,1.364,8,8
Classica,http://cfd-v4-service-channel-stitcher-use1-1.prd.pluto.tv/stitch/hls/channel/5f779951372da90007fd45e8/master.m3u8?appName=web&appVersion=unknown&clientTime=0&deviceDNT=0&deviceId=6c280711-30d3-11ef-9cf5-e9ddff8ff496&deviceMake=Chrome&deviceModel=web&deviceType=web&deviceVersion=unknown&includeExtendedEvents=false&serverSideAds=false&sid=1c3ac7db-5cfe-4d39-aec3-70a684e58c38,Classica.us@SD,,,,https://i.imgur.com/bLjmQTU.png,Music,426x240,iptv-org-all.txt,348,200,成功,h264,29.97002997002997,有音频,1.598,9,9
Cricket Gold (1080p),https://d382r3rgbxdixq.cloudfront.net/scheduler/scheduleMaster/418.m3u8,,,,,,Undefined,768x432,iptv-org-all.txt,641,200,成功,h264,29.97002997002997,有音频,3.197,8,8
CGTN Russian,https://dash3.antik.sk/live/test_cgtn_rus_tizen/playlist.m3u8,CGTNRussian.cn@SD,,,,https://i.imgur.com/nDWkCmL.png,News,1280x720,iptv-org-all.txt,421,200,成功,h264,25.0,有音频,2.052,8,8
Escúchame Radio TV (720p) [Not 24/7],https://stmv1.transmissaodigital.com/pedro9800/pedro9800/playlist.m3u8,EscuchameRadioTV.ni@SD,,,,https://i.imgur.com/gt6UvG8.png,Religious,1080x460,iptv-org-all.txt,1248,200,成功,h264,,有音频,1.655,9,9
Chaos City,http://cfd-v4-service-channel-stitcher-use1-1.prd.pluto.tv/stitch/hls/channel/60afbad343e3840007164348/master.m3u8?appName=web&appVersion=unknown&clientTime=0&deviceDNT=0&deviceId=84aca4b5-4b92-11ef-aece-533610f1ea34&deviceMake=Chrome&deviceModel=web&deviceType=web&deviceVersion=unknown&includeExtendedEvents=false&serverSideAds=false&sid=ac925887-52f7-4055-a15c-ef63b5a406a8,ChaosCity.us@Germany,,,,https://i.imgur.com/1UZNdRH.png,Series,426x240,iptv-org-all.txt,50,200,成功,h264,30.0,有音频,2.007,117,93
DM TV Malang,https://e.siar.us/live/dmtv.m3u8,DMTVMalang.id@SD,,,,https://i.imgur.com/3iC41QX.png,General,1280x720,iptv-org-all.txt,222,200,成功,h264,50.0,有音频,3.616,40,33
Dog the Bounty Hunter,http://cfd-v4-service-channel-stitcher-use1-1.prd.pluto.tv/stitch/hls/channel/5bee1a7359ee03633e780238/master.m3u8?appName=web&appVersion=unknown&clientTime=0&deviceDNT=0&deviceId=6c287c47-30d3-11ef-9cf5-e9ddff8ff496&deviceMake=Chrome&deviceModel=web&deviceType=web&deviceVersion=unknown&includeExtendedEvents=false&serverSideAds=false&sid=ca19e89b-4eb2-4f32-b300-8e26501d6dd2,DogtheBountyHunter.us@US,,,,https://i.imgur.com/lMICupK.png,Series,426x240,iptv-org-all.txt,190,200,成功,h264,30.0,有音频,1.212,117,93
EBS HD (1080p),https://rpn.bozztv.com/ebstv/ebstv/index.m3u8,EBS.us@HD,,,,https://i.imgur.com/zqbK2IB.png,Culture,1920x1080,iptv-org-all.txt,1251,200,成功,h264,30.0,有音频,1.303,8,8
CGTN French,https://dash4.antik.sk/live/test_cgtn_fra_tizen/playlist.m3u8,CGTNFrench.cn@SD,,,,https://i.imgur.com/BwhledK.png,News,1280x720,iptv-org-all.txt,843,200,成功,h264,25.0,有音频,2.041,8,8
Cine XOXO,http://cfd-v4-service-channel-stitcher-use1-1.prd.pluto.tv/stitch/hls/channel/5f5136317aedfb0007016f93/master.m3u8?appName=web&appVersion=unknown&clientTime=0&deviceDNT=0&deviceId=6c27e002-30d3-11ef-9cf5-e9ddff8ff496&deviceMake=Chrome&deviceModel=web&deviceType=web&deviceVersion=unknown&includeExtendedEvents=false&serverSideAds=false&sid=308fd9dd-2f8a-441f-b59d-e02f4b0aacd7,CineXOXO.us@SD,,,,https://i.imgur.com/eAS86qH.png,Movies,426x240,iptv-org-all.txt,56,200,成功,h264,30.0,有音频,1.089,117,93
Eawaz TV (720p) [Not 24/7],https://streamer12.vdn.dstreamone.net/saazoawaz/saazoawaz/playlist.m3u8,EawazTV.ca@SD,,,,https://i.imgur.com/vB4yzen.png,Culture,1280x720,iptv-org-all.txt,665,200,成功,h264,30.0,有音频,0.956,8,8
EBS Musika (720p),https://rpn.bozztv.com/ebstv/ebsmusika/index.m3u8,EBSMusika.us@SD,,,,https://i.imgur.com/lSpplhD.png,Music,1280x720,iptv-org-all.txt,637,200,成功,h264,29.97002997002997,有音频,1.025,8,8
Crave 3,https://fl1.moveonjoy.com/CRAVE_3/index.m3u8,Crave3.ca@SD,,,,https://i.imgur.com/kOi0Adn.png,Movies,1280x720,iptv-org-all.txt,1155,200,成功,h264,30.0,有音频,1.460,8,8
Cine en Espanol (720p) [Geo-blocked],https://amg02724-somos-amg02724c1-klowdtv-us-2002.playouts.now.amagi.tv/playlist/amg02724-somosfast-cineenespanol-klowdtvus/playlist.m3u8,,,,,,Undefined,1280x720,iptv-org-all.txt,1439,200,成功,h264,29.97002997002997,有音频,0.947,8,8
Crave 1,https://fl1.moveonjoy.com/CRAVE_1/index.m3u8,Crave1.ca@SD,,,,https://i.imgur.com/ZkRQ0r1.png,Movies,1280x720,iptv-org-all.txt,1787,200,成功,h264,30.0,有音频,1.181,8,8
Couleur 3 (720p),https://rtsc3video.akamaized.net/hls/live/2042837/c3video/3/playlist.m3u8,Couleur3.ch@SD,,,,https://i.imgur.com/VOIwYYd.png,Music,,iptv-org-all.txt,1270,200,成功,h264,,有音频,6.221,10,10
Cops en Español (720p),https://rightsboosterltd-cops-1-es.rakuten.wurl.tv/playlist.m3u8,,,,,,Undefined,1280x720,iptv-org-all.txt,1208,200,成功,h264,29.97002997002997,有音频,1.377,8,8
CT-N Court Feed (360p) [Not 24/7],http://video.ct-n.com/live/ctnSupreme/playlist_DVR.m3u8,CTNCourtFeed.us@SD,,,,https://i.imgur.com/pb0TFQt.jpeg,Legislative,1280x720,iptv-org-all.txt,1283,200,成功,h264,29.97002997002997,有音频,1.071,124,100
Del Mar TV (720p),https://d25ykpi2vxhoyc.cloudfront.net/delmar-cdn/dmtv/playlist.m3u8,DMTV.us@SD,,,,https://i.imgur.com/M1eQ1eZ.png,Undefined,1280x720,iptv-org-all.txt,679,200,成功,h264,30.0,有音频,1.211,8,8
Der Denver-Clan,http://cfd-v4-service-channel-stitcher-use1-1.prd.pluto.tv/stitch/hls/channel/62cebd7302478b00073a6b71/master.m3u8?appName=web&appVersion=unknown&clientTime=0&deviceDNT=0&deviceId=84ad19e1-4b92-11ef-aece-533610f1ea34&deviceMake=Chrome&deviceModel=web&deviceType=web&deviceVersion=unknown&includeExtendedEvents=false&serverSideAds=false&sid=90febea4-cfd6-4ae3-909d-07bf5e002eda,,,,,,Undefined,426x240,iptv-org-all.txt,49,200,成功,h264,30.0,有音频,2.035,117,93
DanceHits80,http://dancehits80.denvs.ru:8080/index.m3u8,DanceHits80.ru@SD,,,,https://i.imgur.com/uMw3kks.png,Music,768x432,iptv-org-all.txt,8459,200,成功,h264,25.0,有音频,11.372,8,8
Def Jam (720p),https://aegis-cloudfront-1.tubi.video/ff2a53ec-9887-4aa3-a9e4-38746eba97de/index.m3u8,,,,,,Undefined,640x360,iptv-org-all.txt,56,200,成功,h264,30.0,有音频,1.587,12,12
Channel Y (720p) [Not 24/7],http://cdn19.live247stream.com/channely/tv/playlist.m3u8,ChannelY.ca@SD,,,,https://i.imgur.com/OqSl2Qf.png,News,960x540,iptv-org-all.txt,1637,200,成功,h264,29.97002997002997,有音频,1.244,8,8
Dynasty,http://cfd-v4-service-channel-stitcher-use1-1.prd.pluto.tv/stitch/hls/channel/64d1606b4c5ed80008e3b8b9/master.m3u8?appName=web&appVersion=unknown&clientTime=0&deviceDNT=0&deviceId=6c28a350-30d3-11ef-9cf5-e9ddff8ff496&deviceMake=Chrome&deviceModel=web&deviceType=web&deviceVersion=unknown&includeExtendedEvents=false&serverSideAds=false&sid=c4fb05d1-b382-4722-a7d5-66fbce6da394,,,,,,Undefined,426x240,iptv-org-all.txt,86,200,成功,h264,30.0,有音频,2.260,7,5
Digital809 TV (720p),https://inliveserver.com:1936/digital809tv/digital809tv/playlist.m3u8,Digital809TV.do@SD,,,,https://i.imgur.com/NKdV8b1.png,General,1280x720,iptv-org-all.txt,570,200,成功,h264,23.976023976023978,有音频,1.365,9,9
Charlotte County CC-TV (Charlotte County FA) (720p),https://cdn3.wowza.com/5/cHYzekYzM2kvTVFH/charlotte/G0055_009/playlist.m3u8,CCTV.us@SD,,,,,Undefined,1280x720,iptv-org-all.txt,615,200,成功,h264,25.0,有音频,1.220,8,8
Este Canal TV (576p),http://synclosdragos1.syncsolutions.es:8008/live3/emision/index.m3u8,EsteCanalTV.es@SD,,,,https://i.imgur.com/jDT5XFs.jpg,General,1920x1080,iptv-org-all.txt,1330,200,成功,h264,25.0,有音频,1.361,8,8
DiscoverFilm,https://discoverfilm-discoverfilm-1-nl.samsung.wurl.tv/playlist.m3u8,DiscoverFilm.uk@SD,,,,https://i.imgur.com/oMnpsQ5.png,Movies,1280x720,iptv-org-all.txt,1189,200,成功,h264,29.97002997002997,有音频,1.486,8,8
Dora TV,http://cfd-v4-service-channel-stitcher-use1-1.prd.pluto.tv/stitch/hls/channel/5d14fb6c84dd37df3b4290c5/master.m3u8?appName=web&appVersion=unknown&clientTime=0&deviceDNT=0&deviceId=6c287c49-30d3-11ef-9cf5-e9ddff8ff496&deviceMake=Chrome&deviceModel=web&deviceType=web&deviceVersion=unknown&includeExtendedEvents=false&serverSideAds=false&sid=58d418cb-223d-4b93-bc8e-5666e9995949,DoraTV.us@US,,,,https://i.imgur.com/zJuSbmU.png,Kids,426x240,iptv-org-all.txt,59,200,成功,h264,30.0,有音频,1.365,31,25
Disney Channel (576p),http://151.80.18.177:86/Disney_Channel_HD/index.m3u8,DisneyChannel.pt@SD,,,,https://i.postimg.cc/854KwmH1/disneychannel.png,Kids,1920x1080,iptv-org-all.txt,227,200,成功,h264,50.0,有音频,1.216,8,8
City of Oakland (KTOP) (480p),https://cdn3.wowza.com/5/cHYzekYzM2kvTVFH/oakland/G0219_002/playlist.m3u8,KTOP.us@SD,,,,https://i.imgur.com/duM548G.png,Legislative,720x480,iptv-org-all.txt,392,200,成功,h264,25.0,有音频,1.210,8,8
ConecTV Brasil (720p),https://stream01.msolutionbrasil.com.br/hls/conectv/live.m3u8,ConecTVBrasil.br@SD,,,,https://i.imgur.com/XN6jjMR.png,General,1280x720,iptv-org-all.txt,785,200,成功,h264,30.0,有音频,1.369,8,8
El Sonorense (1080p) [Not 24/7],https://s5.mexside.net:1936/elsonorense/elsonorense/playlist.m3u8,ElSonorense.mx@SD,,,,https://i.imgur.com/aKvPd4g.jpg,Culture,1920x1080,iptv-org-all.txt,48,200,成功,h264,,有音频,1.469,9,9
dTVi,https://e.siar.us/live/dtvi.m3u8,dTVi.id@SD,,,,https://upload.wikimedia.org/wikipedia/commons/9/90/Logo_DTVI.png,General,1280x720,iptv-org-all.txt,1678,200,成功,h264,25.0,有音频,3.366,96,80
Dit is Helmond (480p),http://ms2.mx-cd.net/tv/Omroep_Helmond.smil/chunklist.m3u8,DitisHelmond.nl@SD,,,,https://i.imgur.com/fGAaBAs.png,General,854x480,iptv-org-all.txt,1527,200,成功,h264,25.0,有音频,2.606,8,8
Cozi TV,https://fl1.moveonjoy.com/COZI_TV/index.m3u8,CoziTV.us@SD,,,,https://upload.wikimedia.org/wikipedia/commons/thumb/f/f4/Cozi_TV_logo.svg/512px-Cozi_TV_logo.svg.png,Entertainment,1280x720,iptv-org-all.txt,237,200,成功,h264,29.97002997002997,有音频,3.171,8,8
EDN TV (1080p) [Not 24/7],https://60417ddeaf0d9.streamlock.net/edntv/videoedntv/playlist.m3u8,EDNTV.hn@SD,,,,https://i.imgur.com/5fPsYTz.png,Entertainment,1920x1080,iptv-org-all.txt,1281,200,成功,h264,30.0,有音频,1.300,8,8
Die Thundermans,http://cfd-v4-service-channel-stitcher-use1-1.prd.pluto.tv/stitch/hls/channel/6447df8cd3fdde0008f1f627/master.m3u8?appName=web&appVersion=unknown&clientTime=0&deviceDNT=0&deviceId=bc83cc74-4b91-11ef-8a44-83c5e90e038f&deviceMake=Chrome&deviceModel=web&deviceType=web&deviceVersion=unknown&includeExtendedEvents=false&serverSideAds=false&sid=f02dde53-47b9-4c4f-995a-8dcff3877391,,,,,,Undefined,426x240,iptv-org-all.txt,56,200,成功,h264,30.0,有音频,1.630,129,105
Drake & Josh,http://cfd-v4-service-channel-stitcher-use1-1.prd.pluto.tv/stitch/hls/channel/65a67c494a10d800085cab06/master.m3u8?appName=web&appVersion=unknown&clientTime=0&deviceDNT=0&deviceId=1b1d8ac2-4b81-11ef-a8ac-e146e4e7be02&deviceMake=Chrome&deviceModel=web&deviceType=web&deviceVersion=unknown&includeExtendedEvents=false&serverSideAds=false&sid=21f677bd-eae9-4c92-b0c5-ad664796ccf0,,,,,,Undefined,426x240,iptv-org-all.txt,1879,200,成功,h264,30.0,有音频,1.973,9,9
Dao Lane Xang (720p) [Not 24/7],https://livefta.malimarcdn.com/ftaedge00/khaomwungmai.sdp/playlist.m3u8,DaoLaneXangTV.la@SD,,,,https://i.imgur.com/yE7nZ6w.png,General,1280x720,iptv-org-all.txt,1184,200,成功,h264,29.97002997002997,有音频,1.517,11,11
Christian Youth Channel (CYC) (1080p),http://media3.smc-host.com:1935/cycnow.com/smil:cyc.smil/playlist.m3u8,ChristianYouthChannelCYC.us@SD,,,,https://i.imgur.com/61eV77C.png,Kids;Religious,1280x720,iptv-org-all.txt,1284,200,成功,h264,30.0,有音频,0.895,8,8
Cine Clásico,http://cfd-v4-service-channel-stitcher-use1-1.prd.pluto.tv/stitch/hls/channel/64b9671cdac71b0008f371df/master.m3u8?appName=web&appVersion=unknown&clientTime=0&deviceDNT=0&deviceId=6c27b8f8-30d3-11ef-9cf5-e9ddff8ff496&deviceMake=Chrome&deviceModel=web&deviceType=web&deviceVersion=unknown&includeExtendedEvents=false&serverSideAds=false&sid=28fb2aae-fcc1-4b39-a190-1ac70222ae41,PlutoTVCineClasico.us@US,,,,https://i.imgur.com/hCA5BRr.png,Movies,426x240,iptv-org-all.txt,59,200,成功,h264,30.0,有音频,1.955,117,93
Electric Now (1080p) [Not 24/7],https://elec-en.otteravision.com/elec/en/elec_en.m3u8,ElectricNow.us@SD,,,,,Entertainment,1920x1080,iptv-org-all.txt,1053,200,成功,h264,24.0,有音频,3.574,25,21
CR Televisión Moyobamba (720p) [Not 24/7],https://live.obslivestream.com/crtvmux/index.m3u8,CRTelevision.pe@SD,,,,https://i.imgur.com/oxycMeA.png,General,1280x720,iptv-org-all.txt,45,200,成功,h264,29.97002997002997,有音频,1.488,62,50
CG Entertainment,https://cgentertainment-cgtv-1-it.samsung.wurl.tv/playlist.m3u8,CGEntertainment.it@SD,,,,https://i.imgur.com/XeWzy7e.png,Entertainment,1280x720,iptv-org-all.txt,1317,200,成功,h264,29.97002997002997,有音频,1.775,8,8
Diyar TV (720p),https://live.artidijitalmedya.com/artidijital_diyartv/diyartv/playlist.m3u8,DiyarTV.tr@SD,,,,https://i.imgur.com/qWkHjRA.png,Religious,1280x720,iptv-org-all.txt,303,200,成功,h264,50.0,有音频,5.960,30,24
EmanTv (1080p),https://avr.host247.net/live/emantv/playlist.m3u8,EmanTv.iq@HD,,,,https://i.imgur.com/QmgaPSi.png,Family,1920x1080,iptv-org-all.txt,1438,200,成功,h264,25.0,有音频,1.890,8,8
Dark Matter TV (720p),https://tricoast-tv-dark-matter-01-us.ono.wurl.tv/playlist.m3u8,DarkMatterTV.us@SD,,,,https://i.imgur.com/9K8T3ND.png,Series,1280x720,iptv-org-all.txt,1089,200,成功,h264,29.97002997002997,有音频,2.006,38,32
Cherifla TV (360p),http://69.64.57.208/cherifla/playlist.m3u8,CheriflaTV.ml@SD,,,,https://i.imgur.com/V8nuoEW.png,General,600x480,iptv-org-all.txt,28,200,成功,h264,25.0,有音频,0.340,129,105
Ciudades Del Ocio TV (720p),https://cloudvideo.servers10.com:8081/8024/index.m3u8,CiudadesdelOcioTV.es@SD,,,,https://i.imgur.com/CTQgqsM.png,Entertainment,1280x720,iptv-org-all.txt,1666,200,成功,h264,50.0,有音频,3.132,140,116
Cinevault Westerns (540p) [Geo-blocked],https://gsn-cinevault-westerns-2-us.roku.wurl.tv/playlist.m3u8,CinevaultWesterns.us@SD,,,,https://i.imgur.com/K1W137J.png,Classic,960x540,iptv-org-all.txt,872,200,成功,h264,29.97002997002997,有音频,1.286,8,8
Cox Meriden Public Access Channel 15 (Meriden CT) (720p),http://applevalley.coxctv.com/live-1/live/live.m3u8,,,,,,Undefined,1920x1080,iptv-org-all.txt,1250,200,成功,h264,30.0,有音频,1.908,156,128
Divin Amour TV (720p),https://voozmedia.fun/divinamourtv/livestream/playlist.m3u8,DivinAmourTV.ci@SD,,,,https://i.imgur.com/UUSAQET.png,Religious,1280x720,iptv-org-all.txt,1690,200,成功,h264,25.0,有音频,3.807,8,8
Gospel Cartoon (360p),https://stmv1.srvif.com/gospelcartoon/gospelcartoon/playlist.m3u8,GospelCartoon.br@SD,,,,https://i.imgur.com/yxjPno5.png,Religious,640x480,iptv-org-all.txt,792,200,成功,h264,29.97002997002997,有音频,1.136,9,9
HTV 2 Houston Television (720p),https://stream.swagit.com/live-edge/houstontx/smil:hd-16x9-2-b/playlist.m3u8,HTV2HoustonTelevision.us@SD,,,,https://i.imgur.com/zvj1boM.jpg,Legislative,426x240,iptv-org-all.txt,951,200,成功,h264,29.97002997002997,有音频,1.131,9,9
Happy Days,http://cfd-v4-service-channel-stitcher-use1-1.prd.pluto.tv/stitch/hls/channel/62e917b5e354cf0007b97a67/master.m3u8?appName=web&appVersion=unknown&clientTime=0&deviceDNT=0&deviceId=2c7aa2c3-35fc-11ef-a031-2b5d494037a2&deviceMake=Chrome&deviceModel=web&deviceType=web&deviceVersion=unknown&includeExtendedEvents=false&serverSideAds=false&sid=b9cae61e-6671-48b9-8e36-973e2921034d,HappyDays.us@SD,,,,https://i.imgur.com/LPjoORg.png,Series,640x360,iptv-org-all.txt,103,200,成功,h264,30.0,有音频,2.279,9,9
Frasier,http://cfd-v4-service-channel-stitcher-use1-1.prd.pluto.tv/stitch/hls/channel/62cebf042ffc6d0007c4e59a/master.m3u8?appName=web&appVersion=unknown&clientTime=0&deviceDNT=0&deviceId=84ad6800-4b92-11ef-aece-533610f1ea34&deviceMake=Chrome&deviceModel=web&deviceType=web&deviceVersion=unknown&includeExtendedEvents=false&serverSideAds=false&sid=f552b359-8c8e-4816-8106-6f91f060d965,Frasier.us@Germany,,,,https://images.pluto.tv/channels/62f4f90e39183b000769f12b/colorLogoPNG.png,Series,426x240,iptv-org-all.txt,46,200,成功,h264,30.0,有音频,1.411,129,105
GEM Series,https://wild-dawn-81ef.srmhoburfqyupzwxbu.workers.dev/?url=https://ca-rt.onetv.app/gemseries/index-0.m3u8,GEMSeries.tr@SD,,,,https://i.imgur.com/M0WMDXm.png,Series,720x576,iptv-org-all.txt,53,200,成功,h264,25.0,有音频,0.739,8,8
GTN Canada (1080i) [Geo-blocked],https://streamer12.vdn.dstreamone.net/carishowtime/showtime/chunks.m3u8,GTNCanada.ca@SD,,,,https://i.imgur.com/7bQPJOd.png,General,1280x720,iptv-org-all.txt,1514,200,成功,h264,30.0,有音频,0.688,16,12
Golden Boy,https://goldenboy.duckhunting.playout.vju.tv/DuckhuntingTV_GoldenBoy/main.m3u8,,,,,,Undefined,1920x1080,iptv-org-all.txt,2284,200,成功,h264,30.0,有音频,4.396,66,56
Global News Saskatoon,http://cfd-v4-service-channel-stitcher-use1-1.prd.pluto.tv/stitch/hls/channel/62cc00359cb58900088dc840/master.m3u8?appName=web&appVersion=unknown&clientTime=0&deviceDNT=0&deviceId=2c7a7bb6-35fc-11ef-a031-2b5d494037a2&deviceMake=Chrome&deviceModel=web&deviceType=web&deviceVersion=unknown&includeExtendedEvents=false&serverSideAds=false&sid=1bc20851-ccc6-43b2-a6cc-fbad52695d98,,,,,,Undefined,426x240,iptv-org-all.txt,85,200,成功,h264,30.0,有音频,1.811,29,23
GoodTV (1080p),http://mobliestream.c3tv.com:1935/live/goodtv.sdp/playlist.m3u8,GoodTV.kr@SD,,,,https://i.ibb.co/1v913gn/logo-goodtv.png,Religious,1920x1080,iptv-org-all.txt,1401,200,成功,h264,29.97002997002997,有音频,3.406,8,8
Fresno CMAC 1 Public Channel (720p),https://reflect-vod-cmac.cablecast.tv/live-11/live/stream-1/live.m3u8,CMAC1.us@SD,,,,https://i.imgur.com/PYhdQy9.png,General,480x270,iptv-org-all.txt,1752,200,成功,h264,30.0,有音频,5.149,9,9
Guada TV (720p) [Not 24/7],https://cloud.streamingconnect.tv/hls/guadatv/guadatv.m3u8,GuadaTV.es@SD,,,,https://i.imgur.com/YaDNsYN.png,General,1280x720,iptv-org-all.txt,1574,200,成功,h264,25.0,有音频,2.086,128,104
IBN TV (480p),http://138.68.138.119:8080/live/5a8993709ea19/index.m3u8,IBNTV.tz@SD,,,,https://i.imgur.com/hkV51ij.png,Religious,1280x720,iptv-org-all.txt,176,200,成功,h264,25.0,有音频,0.705,8,8
HSN2,https://qvc-amd-live.akamaized.net/hls/live/2034113/lshsn2us/master.m3u8,HSN2.us@SD,,,,https://i.imgur.com/R6oC2A3.png,Shop,640x360,iptv-org-all.txt,62,200,成功,h264,30.0,有音频,0.925,9,9
Flicks of Fury,http://cfd-v4-service-channel-stitcher-use1-1.prd.pluto.tv/stitch/hls/channel/58e55b14ad8e9c364d55f717/master.m3u8?appName=web&appVersion=unknown&clientTime=0&deviceDNT=0&deviceId=6c28ca66-30d3-11ef-9cf5-e9ddff8ff496&deviceMake=Chrome&deviceModel=web&deviceType=web&deviceVersion=unknown&includeExtendedEvents=false&serverSideAds=false&sid=671a0e89-5b21-406b-95a9-b395c4ef4b07,FlicksofFury.us@SD,,,,https://i.imgur.com/rtL5L81.png,Movies,426x240,iptv-org-all.txt,36,200,成功,h264,30.0,有音频,1.248,9,9
Great British Menu (720p),https://all3media-great-british-menu-1-gb.rakuten.wurl.tv/playlist.m3u8,,,,,,Undefined,1280x720,iptv-org-all.txt,689,200,成功,h264,29.97002997002997,有音频,0.823,8,8
Hallmark Movies Mysteries East,https://fl1.moveonjoy.com/HALLMARK_MOVIES_MYSTERIES/index.m3u8,HallmarkMoviesMysteries.us@East,,,,https://i.imgur.com/GPRGA9C.png,Movies,1280x720,iptv-org-all.txt,374,200,成功,h264,29.97002997002997,有音频,2.790,8,8
India TV (720p),https://pl-indiatvnews.akamaized.net/out/v1/db79179b608641ceaa5a4d0dd0dca8da/index.m3u8,IndiaTV.in@SD,,,,https://xstreamcp-assets-msp.streamready.in/assets/LIVETV/LIVECHANNEL/LIVETV_LIVETVCHANNEL_INDIA_TV/images/LOGO_HD/image.png,News,480x270,iptv-org-all.txt,1068,200,成功,h264,29.97002997002997,有音频,1.672,9,9
Fox Sports 2 (720p) [Not 24/7],https://tvpass.org/live/FoxSports2/hd,,,,,,Undefined,1280x720,iptv-org-all.txt,2666,200,成功,h264,30.0,无音频,2.860,128,104
Forever Kids,http://cfd-v4-service-channel-stitcher-use1-1.prd.pluto.tv/stitch/hls/channel/56171fafada51f8004c4b40f/master.m3u8?appName=web&appVersion=unknown&clientTime=0&deviceDNT=0&deviceId=6c28f171-30d3-11ef-9cf5-e9ddff8ff496&deviceMake=Chrome&deviceModel=web&deviceType=web&deviceVersion=unknown&includeExtendedEvents=false&serverSideAds=false&sid=1acb41ce-ae24-4bbc-bf7d-831de72589e8,ForeverKids.us@SD,,,,https://i.imgur.com/deeQqYZ.png,Kids,426x240,iptv-org-all.txt,35,200,成功,h264,30.0,有音频,1.222,27,21
Fox Sports 2 (360p) [Not 24/7],https://tvpass.org/live/FoxSports2/sd,,,,,,Undefined,1280x720,iptv-org-all.txt,2674,200,成功,h264,30.0,无音频,2.660,76,60
ETV+ (720p),https://sb.err.ee/live/etvpluss.m3u8,ETVPlus.ee@SD,,,,https://upload.wikimedia.org/wikipedia/commons/a/a2/ETV%2B_logo.png,Entertainment,1280x720,iptv-org-all.txt,124,200,成功,h264,25.0,有音频,6.928,24,20
Hamaika Telebista (1080p),https://cdn3.wowza.com/1/RERMR282dnU5eE5Z/OHY0dVFs/hls/live/playlist.m3u8,HamaikaTelebista.es@SD,,,,https://i.imgur.com/HR3G3Ie.png,Culture,1920x1080,iptv-org-all.txt,148,200,成功,h264,25.0,有音频,0.643,8,8
Guardian Talk Radio (1080p),https://cdn-edge1.streamcomedia.com/abr_tngr969fm/abr-tngr969fm_streams/playlist.m3u8,GuardianTalkRadio.bs@SD,,,,https://i.imgur.com/o3cWUwL.png,News,1280x720,iptv-org-all.txt,1465,200,成功,h264,,有音频,2.566,27,24
Good Idea TV (720p) [Not 24/7],http://stream1.ai-net.net:1935/gtv1/_definst_/smil:gtv.smil/playlist.m3u8,GoodIdeaTV.th@SD,,,,https://i.imgur.com/ETgVyTy.png,Entertainment,1280x720,iptv-org-all.txt,1347,200,成功,h264,29.97002997002997,有音频,1.135,8,8
Home Crashers,http://cfd-v4-service-channel-stitcher-use1-1.prd.pluto.tv/stitch/hls/channel/65654230c917a5000844ce96/master.m3u8?appName=web&appVersion=unknown&clientTime=0&deviceDNT=0&deviceId=6c293f92-30d3-11ef-9cf5-e9ddff8ff496&deviceMake=Chrome&deviceModel=web&deviceType=web&deviceVersion=unknown&includeExtendedEvents=false&serverSideAds=false&sid=37e2ce0e-7a37-431d-a73d-1d46665426b0,,,,,,Undefined,640x360,iptv-org-all.txt,30,200,成功,h264,30.0,有音频,1.094,129,105
I Love Lucy,http://cfd-v4-service-channel-stitcher-use1-1.prd.pluto.tv/stitch/hls/channel/63a2f1dda0d69700078b7cba/master.m3u8?appName=web&appVersion=unknown&clientTime=0&deviceDNT=0&deviceId=2c7aa2c9-35fc-11ef-a031-2b5d494037a2&deviceMake=Chrome&deviceModel=web&deviceType=web&deviceVersion=unknown&includeExtendedEvents=false&serverSideAds=false&sid=64cc0043-fd97-4489-ba4d-03d1eab764c2,,,,,,Undefined,426x240,iptv-org-all.txt,28,200,成功,h264,30.0,有音频,1.285,129,105
Horror Machine (720p) [Geo-blocked],https://naviofrequency-horrormachine-klowdtv.amagi.tv/playlist.m3u8,,,,,,Undefined,384x216,iptv-org-all.txt,1650,200,成功,h264,29.97002997002997,有音频,2.132,7,5
FOX 23 Cape Girardeau MO (KBSI-DT1) (720p) [Not 24/7],https://live.field59.com/kbsi/kbsi1/playlist.m3u8,KBSIDT1.us@SD,,,,https://static.wikia.nocookie.net/tvstations/images/8/8e/KBSIO6.png,General,1280x720,iptv-org-all.txt,642,200,成功,h264,59.94005994005994,有音频,0.594,8,8
Farra Play (720p) [Not 24/7],http://159.203.148.226/live/farra.m3u8,FarraPlay.py@SD,,,,https://i.imgur.com/bXWzstH.png,Music,1280x720,iptv-org-all.txt,71,200,成功,h264,25.0,有音频,0.865,8,8
IFC East (720p) [Not 24/7],https://tvpass.org/live/IFCEast/hd,IFC.us@East,,,,https://i.imgur.com/bQdkyF9.png,Movies,640x360,iptv-org-all.txt,2129,200,成功,h264,59.94005994005994,有音频,2.731,123,99
Hermanas Mirabal TV (720p) [Not 24/7],https://cnn.essastream.com:3091/live/hmtvlive.m3u8,HermanasMirabalTV.do@SD,,,,https://i.imgur.com/cbKgcGh.png,News,1280x720,iptv-org-all.txt,1542,200,成功,h264,29.97002997002997,有音频,0.702,8,8
Holidayscapes (1080p),https://plextv.ott-channels.stingray.com/holidayscapes/master.m3u8,,,,,,Undefined,1920x1080,iptv-org-all.txt,916,200,成功,h264,29.97002997002997,有音频,0.944,8,8
Fujairah TV (720p),https://live.kwikmotion.com/fujairahlive/fujairah.smil/playlist.m3u8,FujairahTV.ae@SD,,,,https://i.postimg.cc/6TxTbnzQ/fujairahtv.png,Entertainment,426x240,iptv-org-all.txt,1062,200,成功,h264,25.0,有音频,4.353,17,13
HSN West,https://qvc-amd-live.akamaized.net/hls/live/2034113/lshsn1uswest/master.m3u8,HSN.us@West,,,,https://i.imgur.com/rnZN7rD.png,Shop,640x360,iptv-org-all.txt,68,200,成功,h264,30.0,有音频,1.246,9,9
Goiena Eus (720p),https://zuzenean.goienamedia.eus/goiena-telebista.m3u8,GoienaEus.es@SD,,,,https://i.imgur.com/eaLIJzK.png,Undefined,1920x1080,iptv-org-all.txt,1613,200,成功,h264,25.0,有音频,1.876,8,8
FITE 24/7 (1080p),https://d3d85c7qkywguj.cloudfront.net/scheduler/scheduleMaster/263.m3u8,FITE247.us@SD,,,,https://i.imgur.com/ESV6qgH.png,Sports,960x540,iptv-org-all.txt,1336,200,成功,h264,29.97002997002997,有音频,1.008,8,8
France 24 Español (1080p),https://live.france24.com/hls/live/2037220-b/F24_ES_HI_HLS/master_5000.m3u8,France24.fr@Spanish,,,,https://upload.wikimedia.org/wikipedia/commons/thumb/c/c1/France_24_logo_%282013%29.svg/512px-France_24_logo_%282013%29.svg.png,News,1920x1080,iptv-org-all.txt,1065,200,成功,h264,25.0,有音频,0.625,46,36
GuyBai TV (1080p),https://livechannel.mdc.akamaized.net/stitch/livechannel/1342/master1400000.m3u8;session=live_stream_1342,GuyBaiTV.us@SD,,,,https://i.imgur.com/LlASANE.png,General,842x474,iptv-org-all.txt,343,200,成功,h264,30.0,有音频,0.500,20,20
Hillsborough County TV HTV (Hillsborough County FL) (360p),https://cdn3.wowza.com/5/M0lyamVmM2JWcjhQ/hillsboroughcounty/G2155_002/playlist.m3u8,HillsboroughTV.us@SD,,,,https://i.imgur.com/fUne7FX.png,Legislative,640x360,iptv-org-all.txt,440,200,成功,h264,25.0,有音频,1.319,9,9
IBN TV Africa (720p),http://68.183.41.209:8080/live/5d9a537c64b9c/index.m3u8,IBNTVAfrica.tz@SD,,,,https://i.imgur.com/eKy2ocd.png,Religious,720x576,iptv-org-all.txt,174,200,成功,h264,,有音频,0.666,9,9
Immaculata TV (720p),https://g5nl63z8lpq6-hls-live.5centscdn.com/tvistream/a5586d8ea3b7b021120a05c60dc59876.sdp/playlist.m3u8,ImmaculataTV.ch@SD,,,,https://i.imgur.com/8WsYVpt.png,Religious,1280x720,iptv-org-all.txt,1206,200,成功,h264,50.0,有音频,1.807,8,8
Frasier,http://cfd-v4-service-channel-stitcher-use1-1.prd.pluto.tv/stitch/hls/channel/62cebf042ffc6d0007c4e59a/master.m3u8?appName=web&appVersion=unknown&clientTime=0&deviceDNT=0&deviceId=bc83f388-4b91-11ef-8a44-83c5e90e038f&deviceMake=Chrome&deviceModel=web&deviceType=web&deviceVersion=unknown&includeExtendedEvents=false&serverSideAds=false&sid=d1dffc8a-1a3d-4e7e-8de7-c4d2e8c81946,,,,,,Undefined,426x240,iptv-org-all.txt,34,200,成功,h264,30.0,有音频,1.273,129,105
Fort Collins Cable TV (FCTV) (Fort Collins CO) (1080p),https://reflect-vod-fcgov.cablecast.tv/live-9/live/stream-1/live.m3u8,FCTV.us@SD,,,,https://i.imgur.com/N5Canf3.png,General,416x234,iptv-org-all.txt,1276,200,成功,h264,30.0,有音频,3.671,9,9
Glendale 11 AZ (360p),https://edge-f.swagit.com/live/glendaleaz/live-1-a-1/playlist.m3u8,Glendale11AZ.us@SD,,,,https://i.imgur.com/jehiyV7.png,Legislative,1920x1080,iptv-org-all.txt,958,200,成功,h264,29.97002997002997,有音频,0.346,8,8
Inazuma Eleven Go Italy (720p),https://minerva-pictures-inazumaelevengo-1-it.rakuten.wurl.tv/playlist.m3u8,,,,,,Undefined,1280x720,iptv-org-all.txt,991,200,成功,h264,29.97002997002997,有音频,0.998,8,8
Freeform (720p),https://tvpass.org/live/FreeformEast/hd,Freeform.us@East,,,,https://i.imgur.com/BGAGeIf.png,Family,640x360,iptv-org-all.txt,489,200,成功,h264,29.97002997002997,有音频,2.942,123,99
Homicide,http://cfd-v4-service-channel-stitcher-use1-1.prd.pluto.tv/stitch/hls/channel/63921a3d00c96100082a3cb4/master.m3u8?appName=web&appVersion=unknown&clientTime=0&deviceDNT=0&deviceId=8e06ff20-1f2c-11ef-86d8-5d587df108c6&deviceMake=Chrome&deviceModel=web&deviceType=web&deviceVersion=unknown&includeExtendedEvents=false&serverSideAds=false&sid=565ac5c2-e1ef-42f5-ae84-d1094ca9e136,,,,,,Undefined,426x240,iptv-org-all.txt,80,200,成功,h264,30.0,有音频,1.652,141,117
Infinita TV (1080p),https://s2.tvdatta.com:3753/hybrid/play.m3u8,InfinitaTV.ec@SD,,,,https://i.imgur.com/1nHxdkR.png,Music,1920x1080,iptv-org-all.txt,812,200,成功,h264,29.97002997002997,有音频,0.901,8,8
Euronews English (720p),https://a-cdn.klowdtv.com/live3/euronews_720p/playlist.m3u8,EuronewsEnglish.fr@SD,,,,https://jiotvimages.cdn.jio.com/dare_images/images/Euro_News.png,News,1280x720,iptv-org-all.txt,309,200,成功,h264,25.0,有音频,0.819,8,8
Filamchi Bhojpuri (1080p),https://epiconvh.akamaized.net/live/filamchi/master.m3u8,FilamchiBhojpuri.in@SD,,,,https://xstreamcp-assets-msp.streamready.in/assets/LIVETV/LIVECHANNEL/LIVETV_LIVETVCHANNEL_FILAMCHI_BHOJPURI/images/LOGO_HD/image.png,Movies,1920x1080,iptv-org-all.txt,1810,200,成功,h264,25.0,有音频,9.111,26,20
Filmgold,http://cfd-v4-service-channel-stitcher-use1-1.prd.pluto.tv/stitch/hls/channel/6305ca798bd95300072d2f93/master.m3u8?appName=web&appVersion=unknown&clientTime=0&deviceDNT=0&deviceId=bc83f386-4b91-11ef-8a44-83c5e90e038f&deviceMake=Chrome&deviceModel=web&deviceType=web&deviceVersion=unknown&includeExtendedEvents=false&serverSideAds=false&sid=2c13829c-c398-43d8-a725-567a36c336be,,,,,,Undefined,426x240,iptv-org-all.txt,71,200,成功,h264,30.0,有音频,2.151,129,105
GS TV (1080p),https://cdnplay.livecast.io/560828843292539228453915.m3u8,GSTV.in@SD,,,,https://jiotvimages.cdn.jio.com/dare_images/images/GS_TV.png,News,1920x1080,iptv-org-all.txt,2544,200,成功,h264,25.0,有音频,1.631,8,8
Humor Mill (1080p) [Not 24/7],https://damkf751d85s1.cloudfront.net/v1/master/9d062541f2ff39b5c0f48b743c6411d25f62fc25/HumorMill-DistroTV/152.m3u8,HumorMill.us@SD,,,,https://i.imgur.com/e5W91v2.png,Comedy,640x360,iptv-org-all.txt,984,200,成功,h264,30.0,有音频,2.953,9,9
Exitosa (720p),https://luna-1-video.mediaserver.digital/exitosatv_233b-4b49-a726-5a3cb0e3243c/video.m3u8,ExitosaTV.pe@SD,,,,https://i.imgur.com/pu0BSB7.png,News,1280x720,iptv-org-all.txt,1799,200,成功,h264,30.0,有音频,0.925,8,8
Gonca TV (720p),https://edge1.socialsmart.tv/goncatv/bant1/playlist.m3u8,GoncaTV.tr@SD,,,,https://i.imgur.com/TwqIJwo.png,General,1280x720,iptv-org-all.txt,184,200,成功,h264,12.5,有音频,1.981,157,129
INFAST (1080p),https://amg00861-terninternation-lifestyle-samsungau-kdlyy.amagi.tv/playlist/amg00861-terninternation-lifestyle-samsungau/playlist.m3u8,INFAST.us@SD,,,,,Undefined,1920x1080,iptv-org-all.txt,894,200,成功,h264,25.0,有音频,4.394,26,20
GurSikh Sabha TV (720p) [Not 24/7],http://cdn12.henico.net:8080/live/gsctv/index.m3u8,GurSikhSabhaTV.ca@SD,,,,https://i.imgur.com/2EKCtQm.png,Religious,1280x720,iptv-org-all.txt,1128,200,成功,h264,29.97002997002997,有音频,0.416,8,8
Iglesia Del Camino (480p) [Not 24/7],http://streamingcontrol.com:1935/ectv/ectv/playlist.m3u8,IglesiaDelCamino.gt@SD,,,,https://i.imgur.com/vHfb3Z4.png,Religious,1280x720,iptv-org-all.txt,1328,200,成功,h264,30.0,有音频,0.752,8,8
ici Elsass,https://raw.githubusercontent.com/Sibprod/streams/main/ressources/dm/py/hls/icielsass.m3u8,iciElsass.fr@SD,,,,https://upload.wikimedia.org/wikipedia/fr/6/69/Ici_Elsass.svg,General,320x184,iptv-org-all.txt,31,200,成功,h264,25.0,有音频,1.094,7,5
Frasier,http://cfd-v4-service-channel-stitcher-use1-1.prd.pluto.tv/stitch/hls/channel/62cebf042ffc6d0007c4e59a/master.m3u8?appName=web&appVersion=unknown&clientTime=0&deviceDNT=0&deviceId=1b1dd8e1-4b81-11ef-a8ac-e146e4e7be02&deviceMake=Chrome&deviceModel=web&deviceType=web&deviceVersion=unknown&includeExtendedEvents=false&serverSideAds=false&sid=93a1fd73-2968-4d81-b6fb-bcaca3db87db,Frasier.us@Austria,,,,https://images.pluto.tv/channels/62f4f90e39183b000769f12b/colorLogoPNG.png,Series,426x240,iptv-org-all.txt,27,200,成功,h264,30.0,有音频,1.385,129,105
FM Mundo (1080p),https://video2.makrodigital.com/fmmundo/fmmundo/playlist.m3u8,FMMundo.ec@SD,,,,https://i.imgur.com/1nNnYQO.png,Music,1280x720,iptv-org-all.txt,666,200,成功,h264,60.0,有音频,0.696,8,8
HTV Live (1080p),https://vdo1.streamgato.us:3833/live/canalhtvlivelive.m3u8,HTVLive.do@SD,,,,https://i.imgur.com/0WBsAin.png,Entertainment,1920x1080,iptv-org-all.txt,1203,200,成功,h264,29.97002997002997,有音频,0.605,8,8
Game Show Network East (720p) [Not 24/7],https://a-cdn.klowdtv.com/live2/gsn_720p/playlist.m3u8,GameShowNetwork.us@East,,,,https://www.gameshownetwork.com/storage/app/media/2020/Navigation/gsn_logo.jpg,Entertainment,1280x720,iptv-org-all.txt,142,200,成功,h264,29.97002997002997,有音频,0.754,8,8
FX Movie Channel (720p) [Not 24/7],https://tvpass.org/live/FXMovieChannel/hd,FXMovieChannel.us@SD,,,,https://upload.wikimedia.org/wikipedia/commons/thumb/e/e7/FXM_Logo.svg/512px-FXM_Logo.svg.png,Movies,640x360,iptv-org-all.txt,1313,200,成功,h264,29.97002997002997,有音频,2.780,129,105
February Channel (1080p),https://b01c02nl.mediatriple.net/videoonlylive/mtfknklgwrlive/broadcast_5dc818c793576.smil/playlist.m3u8,FebruaryChannel.ly@SD,,,,https://i.imgur.com/WdMIpsA.png,News,1920x1080,iptv-org-all.txt,1096,200,成功,h264,25.0,有音频,3.232,140,116
Hard Knocks Fighting Championship,https://d39g1vxj2ef6in.cloudfront.net/v1/master/3fec3e5cac39a52b2132f9c66c83dae043dc17d4/prod-rakuten-stitched/master.m3u8?ads.xumo_channelId=88883037,HardKnocksFightingChampionship.pl@SD,,,,https://images-1.rakuten.tv/storage/global-live-channel/translation/artwork/13b0a6c7-4307-4c8d-9fc4-df2a4f8e8b38-hard-knocks-fighting-1602077398-width200-quality90.jpeg,Undefined,1280x720,iptv-org-all.txt,25,200,成功,h264,25.0,有音频,2.071,16,12
Faro de Santidad TV (720p),https://5dbcd1053301e.streamlock.net:4443/farodesantidad/farodesantidad/playlist.m3u8,FarodeSantidadTV.pr@SD,,,,https://i.imgur.com/GoNBFzI.png,Religious,1280x720,iptv-org-all.txt,972,200,成功,h264,29.97002997002997,有音频,1.350,8,8
Fox News Radio (720p),https://radiovid.foxnews.com/hls/live/661547/RADIOVID/index.m3u8,FoxNewsRadio.us@SD,,,,https://radio.foxnews.com/wp-content/uploads/2017/10/default_logo-150x150.png,News,256x144,iptv-org-all.txt,790,200,成功,h264,29.97002997002997,有音频,2.845,9,9
Hope Channel Philippines (1080p),https://jstre.am/live/jsl:7A1swL7Fhlh.m3u8,HopeChannelPhilippines.ph@SD,,,,https://i.imgur.com/LB2vmMt.png,Religious,640x360,iptv-org-all.txt,2577,200,成功,h264,30.0,有音频,6.812,9,9
Galicia TV Europa (720p),https://crtvg-europa.flumotion.cloud/playlist.m3u8,GaliciaTVEuropa.es@SD,,,,https://i.imgur.com/dvkzH8n.png,General;Public,640x360,iptv-org-all.txt,1018,200,成功,h264,50.0,有音频,1.000,9,9
FREEDOM,https://dash2.antik.sk/live/test_uatv/playlist.m3u8,FREEDOM.ua@SD,,,,https://upload.wikimedia.org/wikipedia/commons/thumb/f/f2/FreeDOMUAlogo.svg/512px-FreeDOMUAlogo.svg.png,News,720x576,iptv-org-all.txt,1719,200,成功,h264,25.0,有音频,1.479,8,8
Gamavisión (720p) [Not 24/7],https://stream.esradioecuador.com/hls/stream.m3u8,Gamavision.ec@SD,,,,https://upload.wikimedia.org/wikipedia/commons/9/94/Gamavisi%C3%B3n2018new.png,General,1280x720,iptv-org-all.txt,625,200,成功,h264,29.97002997002997,有音频,0.930,8,8
FS1 Salzburg (720p) [Not 24/7],http://stream.fs1.tv:8080/hls/webstream.m3u8,FS1Salzburg.at@SD,,,,https://i.imgur.com/74gMaPK.png,General,1920x1080,iptv-org-all.txt,1866,200,成功,h264,25.0,有音频,1.591,8,8
Impact Network (720p),https://edge1.lifestreamcdn.com/live/impactroku1/index.m3u8,ImpactNetwork.us@SD,,,,https://i.imgur.com/57NH9sS.png,Entertainment,1280x720,iptv-org-all.txt,13,200,成功,h264,59.94005994005994,有音频,0.617,8,8
Ideaal TV (480p) [Not 24/7],https://ms2.mx-cd.net/dtv-09/236-2051366/Ideaal_TV.smil/playlist.m3u8,IdeaalTV.nl@SD,,,,https://i.postimg.cc/wMj1sLFy/ideaaltv.png,General,1280x720,iptv-org-all.txt,1958,200,成功,h264,25.0,有音频,3.290,8,8
Home.Made.Nation,http://cfd-v4-service-channel-stitcher-use1-1.prd.pluto.tv/stitch/hls/channel/5dc1cb279c91420009db261d/master.m3u8?appName=web&appVersion=unknown&clientTime=0&deviceDNT=0&deviceId=6c293f93-30d3-11ef-9cf5-e9ddff8ff496&deviceMake=Chrome&deviceModel=web&deviceType=web&deviceVersion=unknown&includeExtendedEvents=false&serverSideAds=false&sid=5d04cbed-3ba0-4e3b-9baf-dc4eb838fa1c,HomeMadeNation.us@SD,,,,https://i.imgur.com/IdGNIoB.png,Series,426x240,iptv-org-all.txt,146,200,成功,h264,30.0,有音频,1.687,9,9
Francophonie (360p),http://mv2.tvfrancophonie.org/live/Stream1/playlist.m3u8,Francophonie24.fr@SD,,,,https://i.imgur.com/uM1v1sd.png,Documentary,640x360,iptv-org-all.txt,1839,200,成功,h264,25.0,有音频,1.859,157,129
Formula 1 Channel,http://cfd-v4-service-channel-stitcher-use1-1.prd.pluto.tv/stitch/hls/channel/65c69ee3d77d450008c80438/master.m3u8?appName=web&appVersion=unknown&clientTime=0&deviceDNT=0&deviceId=6c28f172-30d3-11ef-9cf5-e9ddff8ff496&deviceMake=Chrome&deviceModel=web&deviceType=web&deviceVersion=unknown&includeExtendedEvents=false&serverSideAds=false&sid=922e06a8-1ba6-4236-9931-06d471735996,,,,,,Undefined,426x240,iptv-org-all.txt,106,200,成功,h264,30.0,有音频,1.328,117,93
Grjngo Western Movies (720p),https://amogonetworx-grjngo-3-dk.samsung.wurl.tv/playlist.m3u8,GrjngoWesternMovies.de@SD,,,,https://i.imgur.com/wFqhK3p.png,Movies,1280x720,iptv-org-all.txt,582,200,成功,h264,29.97002997002997,有音频,1.021,38,32
Hilando Fino TV (1080p),https://hilandofinotv.essastream.com:3606/live/canalhilandofinotvlive.m3u8,HilandoFinoTV.do@SD,,,,https://i.imgur.com/E7ta6g8.png,General,1920x1080,iptv-org-all.txt,1276,200,成功,h264,29.97002997002997,有音频,0.851,8,8
Feel Good TV (720p) [Not 24/7],https://58c04fb1d143f.streamlock.net/feel_good_radio_1/feel_good_radio_1/playlist.m3u8,FeelGoodTV.nl@SD,,,,https://i.postimg.cc/cL90rfY8/feelgoodtv.png,Undefined,1280x720,iptv-org-all.txt,1136,200,成功,h264,25.0,有音频,3.636,8,8
GEM Pixel,https://glserver1.tamashaland.com/live/aBCH96886YznRbGOiqTnnQ__/stream_0.m3u8,GEMPixel.tr@SD,,,,https://i.ibb.co/Q3tkbPrn/icon-27.png,Movies,720x576,iptv-org-all.txt,1914,200,成功,h264,25.0,有音频,1.210,66,56
Homes Under The Hammer (720p),https://all3media-homes-under-the-hammer-1-au.samsung.wurl.tv/playlist.m3u8,HomesUnderHammer.us@UK,,,,https://i.imgur.com/P5Haaln.png,Series,1280x720,iptv-org-all.txt,853,200,成功,h264,29.97002997002997,有音频,0.799,8,8
GMTV (1080p),https://livechannel.mdc.akamaized.net/stitch/livechannel/1341/master1400000.m3u8;session=live_stream_1341,GMTV.us@SD,,,,https://i.imgur.com/GJYb8c8.png,Music,640x360,iptv-org-all.txt,602,200,成功,h264,30.0,有音频,1.131,9,9
FarmodaTV (1080p),https://avr.host247.net/live/FarmodaTV/playlist.m3u8,FarmodaTV.iq@HD,,,,https://i.imgur.com/x4KCQlH.png,Religious,1920x1080,iptv-org-all.txt,1234,200,成功,h264,25.0,有音频,1.656,8,8
Filmzie (720p),https://filmzie-filmzie-1-eu.rakuten.wurl.tv/playlist.m3u8,,,,,,Undefined,1280x720,iptv-org-all.txt,1106,200,成功,h264,29.97002997002997,有音频,0.936,8,8
Gawahi TV (720p),https://livecdn.live247stream.com/gawahi/tv/playlist.m3u8,GawahiTV.pk@SD,,,,https://i.imgur.com/0W6zzHS.png,Religious,1280x720,iptv-org-all.txt,655,200,成功,h264,30.0,有音频,2.281,156,128
Fork & Flight,https://amg00346-vizioono-forkandfligt-xumo-us.amagi.tv/playlist.m3u8,,,,,,Undefined,1920x1080,iptv-org-all.txt,784,200,成功,h264,29.97002997002997,有音频,1.190,8,8
ETB 2 (720p),https://multimedia.eitb.eus/live-content/etb2hd-hls/master.m3u8,ETB2.es@SD,,,,https://upload.wikimedia.org/wikipedia/commons/thumb/c/c4/ETB2_2022_logo.svg/512px-ETB2_2022_logo.svg.png,General;Public,1920x1080,iptv-org-all.txt,722,200,成功,h264,25.0,有音频,1.782,8,8
History,https://fl1.moveonjoy.com/history_channel/index.m3u8,History.us@East,,,,https://upload.wikimedia.org/wikipedia/commons/thumb/0/01/History_%282021%29.svg/512px-History_%282021%29.svg.png,Documentary,1280x720,iptv-org-all.txt,727,200,成功,h264,29.97002997002997,有音频,1.028,38,32
Hell's Kitchen Italy (1080p),https://amg00654-itv-amg00654c20-rakuten-it-3615.playouts.now.amagi.tv/playlist.m3u8,,,,,,Undefined,1920x1080,iptv-org-all.txt,1789,200,成功,h264,25.0,有音频,2.298,26,20
ETB 1 (720p),https://multimedia.eitb.eus/live-content/etb1hd-hls/master.m3u8,ETB1.es@SD,,,,https://upload.wikimedia.org/wikipedia/commons/thumb/f/f4/ETB1_2022_logo.svg/512px-ETB1_2022_logo.svg.png,General;Public,1920x1080,iptv-org-all.txt,779,200,成功,h264,25.0,有音频,1.247,8,8
ETB Basque (480p),https://multimedia.eitb.eus/live-content/eitbbasque-hls/master.m3u8,ETBBasque.es@SD,,,,https://upload.wikimedia.org/wikipedia/commons/thumb/c/ca/ETB_Basque_2022_logo.svg/512px-ETB_Basque_2022_logo.svg.png,Culture;Public,1920x1080,iptv-org-all.txt,775,200,成功,h264,25.0,有音频,3.199,8,8
Gaunda Punjab TV,http://cdn6.live247stream.com/gaundapunjab/tv/playlist.m3u8,GaundaPunjabTV.ca@SD,,,,https://i.imgur.com/ArRZRM3.png,General,640x360,iptv-org-all.txt,614,200,成功,h264,29.97002997002997,有音频,0.821,9,9
Four in a Bed (720p),https://all3media-four-in-a-bed-1-au.samsung.wurl.tv/playlist.m3u8,,,,,,Undefined,1280x720,iptv-org-all.txt,581,200,成功,h264,29.97002997002997,有音频,1.167,8,8
Impossible Quiz Show (1080p),https://bbc-impossible-1-us.roku.wurl.tv/playlist.m3u8,ImpossibleQuizShow.us@SD,,,,https://i.imgur.com/9EWffqx.png,Series,1920x1080,iptv-org-all.txt,804,200,成功,h264,29.97002997002997,有音频,1.648,8,8
Ghost Hunters,http://cfd-v4-service-channel-stitcher-use1-1.prd.pluto.tv/stitch/hls/channel/64e561a4354251000823a0e0/master.m3u8?appName=web&appVersion=unknown&clientTime=0&deviceDNT=0&deviceId=6c28f177-30d3-11ef-9cf5-e9ddff8ff496&deviceMake=Chrome&deviceModel=web&deviceType=web&deviceVersion=unknown&includeExtendedEvents=false&serverSideAds=false&sid=15d446c5-1e1e-4ecb-8d96-6d0b45104d20,GhostHunters.us@US,,,,https://i.imgur.com/KdBr6rG.png,Series,426x240,iptv-org-all.txt,27,200,成功,h264,30.0,有音频,1.143,9,9
Harvest TV Keralam (720p),https://7mbd4ogkr3gx-hls-live.wmncdn.net/harvestenglish/d1796a22d24e8696c7d5d0b5c349fdd2.sdp/index.m3u8,HarvestTVKeralam.in@SD,,,,https://i.imgur.com/1DyPuIt.png,Religious,1280x720,iptv-org-all.txt,1501,200,成功,h264,25.0,有音频,2.155,8,8
F.B.I. Files,http://cfd-v4-service-channel-stitcher-use1-1.prd.pluto.tv/stitch/hls/channel/64eddce19001910008df22b8/master.m3u8?appName=web&appVersion=unknown&clientTime=0&deviceDNT=0&deviceId=84ad40f4-4b92-11ef-aece-533610f1ea34&deviceMake=Chrome&deviceModel=web&deviceType=web&deviceVersion=unknown&includeExtendedEvents=false&serverSideAds=false&sid=4f14a19a-0066-4a45-be41-279347754e05,,,,,,Undefined,426x240,iptv-org-all.txt,30,200,成功,h264,30.0,有音频,1.829,117,93
GO-TV Canale 163 (720p),https://6zklxkbbdw9b-hls-live.mariatvcdn.it/msmotor/2f759512164fc6fe4acbed6a5648993a.sdp/playlist.m3u8,GOTVCanale163.it@SD,,,,https://i.imgur.com/11V0QSp.png,General,1920x1080,iptv-org-all.txt,2026,200,成功,h264,25.0,有音频,1.207,8,8
Harvest TV (720p),https://7mbd4ogkr3gx-hls-live.wmncdn.net/harvesttvlive1/bbb19eae240ec100af921d511efc86a0.sdp/index.m3u8,HarvestTV.in@SD,,,,https://xstreamcp-assets-msp.streamready.in/assets/LIVETV/LIVECHANNEL/LIVETV_LIVETVCHANNEL_HARVEST_TV_24X7/images/LOGO_HD/image.png,Religious,1280x720,iptv-org-all.txt,1587,200,成功,h264,25.0,有音频,5.138,8,8
ICI RDI (720p),https://rcavlive.akamaized.net/hls/live/704025/xcanrdi/master.m3u8,IciRDI.ca@SD,,,,https://upload.wikimedia.org/wikipedia/commons/thumb/0/0a/ICI_RDI_logo.svg/512px-ICI_RDI_logo.svg.png,News,416x234,iptv-org-all.txt,35,200,成功,h264,29.97002997002997,有音频,1.280,9,9
Grjngo,https://b6c7c7d1020a4588982ca7c2625f85d1.mediatailor.us-east-1.amazonaws.com/v1/master/0fb304b2320b25f067414d481a779b77db81760d/RakutenTV-eu_GrjngoWesterny/playlist.m3u8,Grjngo.pl@SD,,,,https://images-2.rakuten.tv/storage/global-live-channel/translation/artwork/22c730ab-2e9f-47dc-b35a-ad8c081fec40-width200-quality90.jpeg,Undefined,1280x720,iptv-org-all.txt,640,200,成功,h264,29.97002997002997,有音频,1.633,8,8
EWTN Europe (720p),https://cdn3.wowza.com/1/T2NXeHF6UGlGbHY3/WFluRldQ/hls/live/playlist.m3u8,EWTN.us@Europe,,,,https://i.imgur.com/sua70RO.png,Religious,320x180,iptv-org-all.txt,919,200,成功,h264,29.97002997002997,有音频,1.735,9,9
Informatia TV,https://informatia.streamnet.ro/mobile_tv/informatiatv.m3u8,InformatiaTV.ro@SD,,,,https://i.imgur.com/P1ZbVRg.png,News,640x360,iptv-org-all.txt,1350,200,成功,h264,25.0,有音频,3.291,37,33
Greensboro TV (Greensboro NC) (720p),https://lin12.isilive.ca/live/greensboro/GTN/index.m3u8,GreensboroTV.us@SD,,,,,Legislative,1920x1080,iptv-org-all.txt,1148,200,成功,h264,30.0,有音频,1.019,8,8
Hitradio O3,https://studiocam-oe3.mdn.ors.at/orf/studiocam_oe3/q6a/manifest.mpd,HitradioO3.at@SD,,,,https://upload.wikimedia.org/wikipedia/commons/thumb/7/7a/Hitradio_%C3%963.svg/512px-Hitradio_%C3%963.svg.png,Music,1280x720,iptv-org-all.txt,3315,200,成功,h264,600.0,有音频,8.201,8,8
Holvoet TV (Copiapó) (720p) [Not 24/7],https://unlimited1-us.dps.live/holvoettv/holvoettv.smil/playlist.m3u8,HolvoetTV.cl@SD,,,,https://i.imgur.com/9JKRO3R.png,Culture,426x240,iptv-org-all.txt,1071,200,成功,h264,29.97002997002997,有音频,3.768,7,5
Fluss-Monster,http://cfd-v4-service-channel-stitcher-use1-1.prd.pluto.tv/stitch/hls/channel/62a0b2aff4cf470007e47e29/master.m3u8?appName=web&appVersion=unknown&clientTime=0&deviceDNT=0&deviceId=bc83f387-4b91-11ef-8a44-83c5e90e038f&deviceMake=Chrome&deviceModel=web&deviceType=web&deviceVersion=unknown&includeExtendedEvents=false&serverSideAds=false&sid=b5cd2715-9b54-45e3-b10e-55e411cdc02d,,,,,,Undefined,426x240,iptv-org-all.txt,43,200,成功,h264,30.0,有音频,0.981,77,61
Hesper TV (1080p),https://streamer20.multimedia.blue/Eltrona/HesperangeTV/playlist.m3u8,HesperTV.lu@SD,,,,https://i.imgur.com/91CJCPs.png,General,1920x1080,iptv-org-all.txt,2202,200,成功,h264,25.0,有音频,3.568,8,8
Gainesville Community 12TV (Gainesville FL) (720p),https://lin10.isilive.ca/live/gainesville/live/index.m3u8,Community12TV.us@SD,,,,https://i.imgur.com/Oel3q43.png,Legislative,1280x720,iptv-org-all.txt,904,200,成功,h264,30.0,有音频,0.939,38,32
Future TV (1080p),https://live.kwikmotion.com/futurelive/ftv.smil/playlist.m3u8,FutureTV.lb@SD,,,,https://i.postimg.cc/43Ww9bQV/futuretv.png,General,426x240,iptv-org-all.txt,402,200,成功,h264,25.0,有音频,2.893,9,9
ICI Montreal (720p),https://amdici.akamaized.net/hls/live/873426/ICI-Live-Stream/master.m3u8,CFHDDT.ca@SD,,,,https://i.imgur.com/x0vLIWr.png,General,640x360,iptv-org-all.txt,658,200,成功,h264,29.97002997002997,有音频,1.109,17,13
IIPC TV (480p) [Geo-blocked],https://uni10rtmp.tulix.tv/iipctv/iipctv.smil/playlist.m3u8,IIPCTV.ca@SD,,,,https://i.imgur.com/mIih39Y.png,Religious,1280x720,iptv-org-all.txt,1147,200,成功,h264,29.97002997002997,有音频,1.372,8,8
Flame TV (576p),https://viewmedia7219.bozztv.com/wmedia/viewmedia100/web_010/Stream/playlist.m3u8,FlameTV.ng@SD,,,,https://i.imgur.com/ORKcnzr.png,Religious,,iptv-org-all.txt,1520,200,成功,h264,,有音频,7.218,10,10
Gen (480p),https://gentvpeer.desdeparaguay.net/gentvpeer/gentv_py_baja/playlist.m3u8,Gen.py@SD,,,,https://i.imgur.com/vEMnZF4.png,General,854x480,iptv-org-all.txt,1432,200,成功,h264,29.97002997002997,有音频,2.685,16,12
Inazuma Eleven,http://cfd-v4-service-channel-stitcher-use1-1.prd.pluto.tv/stitch/hls/channel/611e75226b7f420007c3f319/master.m3u8?appName=web&appVersion=unknown&clientTime=0&deviceDNT=0&deviceId=8e063bd2-1f2c-11ef-86d8-5d587df108c6&deviceMake=Chrome&deviceModel=web&deviceType=web&deviceVersion=unknown&includeExtendedEvents=false&serverSideAds=false&sid=80879397-91d6-4d71-9c36-ad9f3ac25c0e,InazumaEleven.us@France,,,,https://i.imgur.com/pLv0T3D.png,Kids;Series,426x240,iptv-org-all.txt,29,200,成功,h264,30.0,有音频,2.406,117,93
Ice Pilots,http://cfd-v4-service-channel-stitcher-use1-1.prd.pluto.tv/stitch/hls/channel/5ce40f42ba7f7f5ea9518fe1/master.m3u8?appName=web&appVersion=unknown&clientTime=0&deviceDNT=0&deviceId=bc8441a1-4b91-11ef-8a44-83c5e90e038f&deviceMake=Chrome&deviceModel=web&deviceType=web&deviceVersion=unknown&includeExtendedEvents=false&serverSideAds=false&sid=f10ce5e9-31e3-41fd-a053-af4a8931d22f,,,,,,Undefined,426x240,iptv-org-all.txt,29,200,成功,h264,30.0,有音频,1.707,7,5
Home Plus,https://homeplushls.wns.live/hls/stream.m3u8,HomePlus.ir@SD,,,,https://www.lyngsat.com/logo/tv/hh/homeplus.png,Movies,1280x720,iptv-org-all.txt,735,200,成功,h264,25.0,有音频,1.740,30,26
EWTN Canada (720p),https://cdn3.wowza.com/1/YW5wSWZiRGd2eFlU/bGV0aVBq/hls/live/playlist.m3u8,EWTN.us@Canada,,,,https://i.imgur.com/sua70RO.png,Religious,320x180,iptv-org-all.txt,1068,200,成功,h264,29.97002997002997,有音频,1.494,9,9
Hévízi TV (1080p),https://cloudfront44.lexanetwork.com:1344/relay03/livestream003.sdp/playlist.m3u8,HeviziTV.hu@SD,,,,https://i.imgur.com/zuWQKDm.png,General,1920x1080,iptv-org-all.txt,1995,200,成功,h264,25.0,有音频,3.570,20,20
Everyday Refresh,https://qvc-amd-live.akamaized.net/hls/live/2034113/lsqvc6us/master.m3u8,,,,,,Undefined,640x360,iptv-org-all.txt,187,200,成功,h264,30.0,有音频,1.128,9,9
Euronews Albania,https://gjirafa-video-live.gjirafa.net/gjvideo-live/2dw-zuf-1c9-pxu/index.m3u8,EuronewsAlbania.al@SD,,,,https://i.postimg.cc/RhN0ZGph/euronewsalbania.png,News,1280x720,iptv-org-all.txt,1194,200,成功,h264,25.0,有音频,1.363,8,8
Family Feud Classic,http://cfd-v4-service-channel-stitcher-use1-1.prd.pluto.tv/stitch/hls/channel/64c2222fb0cf5c0008288c4f/master.m3u8?appName=web&appVersion=unknown&clientTime=0&deviceDNT=0&deviceId=2c7a2d93-35fc-11ef-a031-2b5d494037a2&deviceMake=Chrome&deviceModel=web&deviceType=web&deviceVersion=unknown&includeExtendedEvents=false&serverSideAds=false&sid=5513d020-7e3c-4428-8383-36d51d71d616,,,,,,Undefined,426x240,iptv-org-all.txt,92,200,成功,h264,30.0,有音频,1.606,117,93
GAMTV.cr (720p),https://v2.azulstream.com:8081/gamtv/gamtv/index.m3u8,GAMTVcr.cr@SD,,,,https://i.ibb.co/xFCS7wM/GAMTVCR.png,General,1280x720,iptv-org-all.txt,669,200,成功,h264,29.97002997002997,有音频,1.009,8,8
EWTN Asia-Pacific (720p),https://cdn3.wowza.com/1/QmVNUVhTNTZSS3Uz/YWQ0aHpi/hls/live/playlist.m3u8,EWTN.us@AsiaPacific,,,,https://i.imgur.com/sua70RO.png,Religious,320x180,iptv-org-all.txt,1084,200,成功,h264,29.97002997002997,有音频,2.429,9,9
EWTN,https://dash3.antik.sk/live/test_ewtn_tizen/playlist.m3u8,EWTN.de@SD,,,,https://i.imgur.com/NXeygNk.png,Religious,352x240,iptv-org-all.txt,1092,200,成功,h264,25.0,有音频,1.433,9,9
IERTBCS Canal 8 La Paz (1080p) [Not 24/7],https://s5.mexside.net:1936/xhbzc81/xhbzc81/playlist.m3u8,XHBZCTDT.mx@SD,,,,https://i.imgur.com/R3icGuG.png,General,1280x720,iptv-org-all.txt,1848,200,成功,h264,29.97002997002997,有音频,1.801,8,8
Game+ (720p),https://a-cdn.klowdtv.com/live2/fntsy_720p/playlist.m3u8,GamePlus.ca@SD,,,,https://i.imgur.com/Lj69WbR.png,Sports,1280x720,iptv-org-all.txt,784,200,成功,h264,29.97002997002997,有音频,0.936,8,8
GSG TV (720p),https://schurch1.bozztv.com/livecdn69/live/playlist.m3u8,GSGTV.sv@SD,,,,https://i.imgur.com/8fZnNu0.png,Religious,1280x720,iptv-org-all.txt,1813,200,成功,h264,29.97002997002997,有音频,0.792,8,8
Global TV (720p),https://stmv4.voxtvhd.com.br/globaltv/globaltv/playlist.m3u8,GlobalTV.do@SD,,,,https://i.imgur.com/1rQaROm.png,General,1280x720,iptv-org-all.txt,739,200,成功,h264,29.97002997002997,有音频,0.707,8,8
Funny AF,http://cfd-v4-service-channel-stitcher-use1-1.prd.pluto.tv/stitch/hls/channel/580e87ff497c73ba2f321dd3/master.m3u8?appName=web&appVersion=unknown&clientTime=0&deviceDNT=0&deviceId=6c28f174-30d3-11ef-9cf5-e9ddff8ff496&deviceMake=Chrome&deviceModel=web&deviceType=web&deviceVersion=unknown&includeExtendedEvents=false&serverSideAds=false&sid=bbaba395-2ecd-414c-971c-2d705e4b67d5,FunnyAF.us@SD,,,,https://i.imgur.com/UCwjdtQ.png,Comedy,426x240,iptv-org-all.txt,23,200,成功,h264,30.0,有音频,1.535,9,9
IERTBCS Canal 8.2 La Paz (1080p) [Not 24/7],https://s5.mexside.net:1936/xhbzc82/xhbzc82/playlist.m3u8,IERTBCSCanal82.mx@SD,,,,https://i.imgur.com/R3icGuG.png,Entertainment,1280x720,iptv-org-all.txt,2184,200,成功,h264,29.97002997002997,有音频,1.839,38,32
Grjngo Italy (720p),https://amogonetworx-grjngo-6-it.rakuten.wurl.tv/playlist.m3u8,,,,,,Undefined,1280x720,iptv-org-all.txt,308,200,成功,h264,29.97002997002997,有音频,0.921,8,8
Guide Love TV (720p),https://video1.getstreamhosting.com:1936/8056/8056/playlist.m3u8,GuideLoveTV.ci@SD,,,,https://i.ibb.co/9gS2Y4G/guidelove-logo.png,Lifestyle,854x480,iptv-org-all.txt,2031,200,成功,h264,30.0,有音频,0.751,8,8
EWTN Spanish (720p) [Geo-blocked],https://cdn3.wowza.com/1/TUI5dU5ucnUxdGFD/ZFlVeGRl/hls/live/playlist.m3u8,EWTN.us@Spanish,,,,https://i.imgur.com/sua70RO.png,Religious,320x180,iptv-org-all.txt,784,200,成功,h264,29.97002997002997,有音频,1.895,9,9
GH Canada TV,https://stream.bozztv.com/tvstat-tamar/tvstat-tamar/playlist.m3u8,GHCanadaTV.ca@SD,,,,https://www.lyngsat.com/logo/tv/gg/gh-canada-tv-ca.png,General,1280x720,iptv-org-all.txt,1021,200,成功,h264,25.0,有音频,0.628,8,8
Ice Pilots,http://cfd-v4-service-channel-stitcher-use1-1.prd.pluto.tv/stitch/hls/channel/5ce40f42ba7f7f5ea9518fe1/master.m3u8?appName=web&appVersion=unknown&clientTime=0&deviceDNT=0&deviceId=1b1e2701-4b81-11ef-a8ac-e146e4e7be02&deviceMake=Chrome&deviceModel=web&deviceType=web&deviceVersion=unknown&includeExtendedEvents=false&serverSideAds=false&sid=222c4206-ad06-4ed1-92c8-8b5ca13adcdb,IcePilots.us@Austria,,,,https://i.imgur.com/F8GBYq3.png,Series,640x360,iptv-org-all.txt,26,200,成功,h264,30.0,有音频,1.374,9,9
GZT (1080p),https://mn-nl.mncdn.com/gzttv/gzttv/playlist.m3u8,GZT.tr@SD,,,,https://upload.wikimedia.org/wikipedia/commons/thumb/e/ef/GZT_logo.svg/320px-GZT_logo.svg.png,Documentary;Series,1920x1080,iptv-org-all.txt,1167,200,成功,h264,25.0,有音频,2.160,8,8
GO TV (720p),https://rds3.desdeparaguay.net/gotv/gotv/playlist.m3u8,GOTV.py@SD,,,,https://i.ibb.co/jkvYVyz/Captura.png,Entertainment;Music,1920x1080,iptv-org-all.txt,1312,200,成功,h264,50.0,有音频,1.816,8,8
FilmRise Binge Watch France (720p),https://d39g1vxj2ef6in.cloudfront.net/v1/master/3fec3e5cac39a52b2132f9c66c83dae043dc17d4/prod-rakuten-stitched/master.m3u8?ads.xumo_channelId=88883021,,,,,,Undefined,1280x720,iptv-org-all.txt,1841,200,成功,h264,25.0,有音频,2.193,8,8
FB TV,http://1hskrdto.rocketcdn.com/fenerbahcetv.smil/playlist.m3u8,FBTV.tr@SD,,,,https://i.imgur.com/qBVqtYd.png,Sports,1280x720,iptv-org-all.txt,940,200,成功,h264,60.0,有音频,3.438,8,8
Fort Lauderdale FLTV (Fort Lauderdale FL) (720p),https://cdn3.wowza.com/5/cFh0V0QwUVc4SDl2/fortlauderdale/G1118_002/playlist.m3u8,FLTV.us@SD,,,,https://i.imgur.com/lQZ9RoB.png,Legislative,1280x720,iptv-org-all.txt,462,200,成功,h264,25.0,有音频,1.306,8,8
Huda TV (720p) [Not 24/7],https://cdn.bestream.io:19360/elfaro1/elfaro1.m3u8,HudaTV.eg@SD,,,,https://i.imgur.com/1UUjU26.png,Religious,1280x720,iptv-org-all.txt,1367,200,成功,h264,25.0,有音频,2.415,16,12
Hell's Kitchen,http://cfd-v4-service-channel-stitcher-use1-1.prd.pluto.tv/stitch/hls/channel/644257fe7cb4b100081ed874/master.m3u8?appName=web&appVersion=unknown&clientTime=0&deviceDNT=0&deviceId=1b1dfff3-4b81-11ef-a8ac-e146e4e7be02&deviceMake=Chrome&deviceModel=web&deviceType=web&deviceVersion=unknown&includeExtendedEvents=false&serverSideAds=false&sid=7b7e432f-2d49-4cd8-8764-94e38b421dbb,HellsKitchen.us@Austria,,,,https://i.imgur.com/P9eT0O9.png,Series,426x240,iptv-org-all.txt,79,200,成功,h264,30.0,有音频,2.030,129,105
Grand Cinema,https://gcinemahls.wns.live/hls/stream.m3u8,GrandCinema.tr@SD,,,,https://www.lyngsat.com/logo/tv/gg/grand-cinema.png,Movies,1280x720,iptv-org-all.txt,840,200,成功,h264,25.0,有音频,1.639,62,53
Hallmark Movies & More,http://cfd-v4-service-channel-stitcher-use1-1.prd.pluto.tv/stitch/hls/channel/628e685ba3811100070551a8/master.m3u8?appName=web&appVersion=unknown&clientTime=0&deviceDNT=0&deviceId=6c291886-30d3-11ef-9cf5-e9ddff8ff496&deviceMake=Chrome&deviceModel=web&deviceType=web&deviceVersion=unknown&includeExtendedEvents=false&serverSideAds=false&sid=58dbb587-5d0d-412d-ae10-107ee9caac5a,HallmarkMoviesMore.us@SD,,,,,Movies,426x240,iptv-org-all.txt,138,200,成功,h264,30.0,有音频,1.447,9,9
FilmRise Hot Ones (720p),https://d39g1vxj2ef6in.cloudfront.net/v1/master/3fec3e5cac39a52b2132f9c66c83dae043dc17d4/prod-rakuten-stitched/master.m3u8?ads.xumo_channelId=88883082,,,,,,Undefined,1280x720,iptv-org-all.txt,936,200,成功,h264,23.976023976023978,有音频,1.843,9,9
Ice Pilots,http://cfd-v4-service-channel-stitcher-use1-1.prd.pluto.tv/stitch/hls/channel/5ce40f42ba7f7f5ea9518fe1/master.m3u8?appName=web&appVersion=unknown&clientTime=0&deviceDNT=0&deviceId=84ad8f14-4b92-11ef-aece-533610f1ea34&deviceMake=Chrome&deviceModel=web&deviceType=web&deviceVersion=unknown&includeExtendedEvents=false&serverSideAds=false&sid=9e3f7479-1434-4263-91dc-309a9e66bfbe,IcePilots.us@Germany,,,,https://i.imgur.com/F8GBYq3.png,Series,640x360,iptv-org-all.txt,32,200,成功,h264,30.0,有音频,1.477,7,5
Family Club,http://cfd-v4-service-channel-stitcher-use1-1.prd.pluto.tv/stitch/hls/channel/64c9260ac0222700089ee62b/master.m3u8?appName=web&appVersion=unknown&clientTime=0&deviceDNT=0&deviceId=8e072631-1f2c-11ef-86d8-5d587df108c6&deviceMake=Chrome&deviceModel=web&deviceType=web&deviceVersion=unknown&includeExtendedEvents=false&serverSideAds=false&sid=364c137f-40b0-4bdd-a96c-0065bd886eaf,,,,,,Undefined,426x240,iptv-org-all.txt,461,200,成功,h264,30.0,有音频,2.222,17,13
Ganj e Hozour TV (1080p),https://media.parvizshahbazi.com/ganjehozour/Main_tv/playlist.m3u8,GanjeHozourTV.us@SD,,,,https://i.imgur.com/TnQYtKh.png,General,1920x1080,iptv-org-all.txt,643,200,成功,h264,29.97002997002997,有音频,0.490,8,8
Hardcore Pawn (1080p),https://amg00627-amg00627c8-rakuten-uk-4801.playouts.now.amagi.tv/playlist.m3u8,,,,,,Undefined,1920x1080,iptv-org-all.txt,606,200,成功,h264,25.0,有音频,1.554,8,8
GH Television (1080p) [Not 24/7],https://fox.hostlagarto.com:8081/ghtelevision/tracks-v1a1/mono.m3u8,GHTelevision.do@SD,,,,https://i.imgur.com/xhkiiO3.png,General,1920x1080,iptv-org-all.txt,837,200,成功,h264,29.97002997002997,有音频,0.510,8,8
Fox Sports 1,https://fl1.moveonjoy.com/FOX_Sports_1/index.m3u8,,,,,,Undefined,1280x720,iptv-org-all.txt,341,200,成功,h264,59.94005994005994,有音频,0.980,8,8
Gilroy CMAP TV Channel 17 (720p),https://livestream.telvue.com/cmap1/f7b44cfafd5c52223d5498196c8a2e7b.sdp/playlist.m3u8,CMAPChannel17.us@SD,,,,https://i.imgur.com/wlYUEYc.png,Legislative,1280x720,iptv-org-all.txt,1670,200,成功,h264,29.97002997002997,有音频,1.257,8,8
HarPal Geo (360p),https://jk3lz82elw79-hls-live.5centscdn.com/harPalGeo/955ad3298db330b5ee880c2c9e6f23a0.sdp/playlist.m3u8,HarPalGeo.pk@SD,,,,https://i.imgur.com/NX3vvAX.png,Culture,1280x720,iptv-org-all.txt,435,200,成功,h264,25.0,有音频,0.975,8,8
Fresno CMAC 3 Government Channel (720p),https://reflect-vod-cmac.cablecast.tv/live-11/live/stream-3/live.m3u8,CMAC3.us@SD,,,,https://i.imgur.com/ToZzguz.png,Legislative,480x270,iptv-org-all.txt,940,200,成功,h264,30.0,有音频,5.181,9,9
Gong (1080p),https://amg01596-gongnetworks-gong-ono-vh5f2.amagi.tv/1080p-vtt/index.m3u8,Gong.fr@SD,,,,https://i.imgur.com/lA9UFMG.png,Animation,1920x1080,iptv-org-all.txt,1308,200,成功,h264,25.0,有音频,0.920,8,8
Gold TV (576p),https://streaming.softwarecreation.it/GoldTv/GoldTv/playlist.m3u8,GoldTV.it@SD,,,,https://i.imgur.com/Yzc47k9.png,Entertainment,1920x1080,iptv-org-all.txt,2467,200,成功,h264,25.0,有音频,3.921,8,8
Family Feud Classic,http://cfd-v4-service-channel-stitcher-use1-1.prd.pluto.tv/stitch/hls/channel/643f03b9d8436e0008edf021/master.m3u8?appName=web&appVersion=unknown&clientTime=0&deviceDNT=0&deviceId=6c28a359-30d3-11ef-9cf5-e9ddff8ff496&deviceMake=Chrome&deviceModel=web&deviceType=web&deviceVersion=unknown&includeExtendedEvents=false&serverSideAds=false&sid=8763840e-c36c-4cb7-b51f-a83433e8ecfc,,,,,,Undefined,426x240,iptv-org-all.txt,109,200,成功,h264,30.0,有音频,1.506,117,93
Fresno CMAC 2 Education Channel (720p),https://reflect-vod-cmac.cablecast.tv/live-11/live/stream-2/live.m3u8,CMAC2.us@SD,,,,https://i.imgur.com/O0sYOED.png,Education,480x270,iptv-org-all.txt,1290,200,成功,h264,30.0,有音频,3.641,9,9
FC Public Media (Fort Collins CO) (1080p),https://reflect-fcpublicmedia.cablecast.tv/live-5/live/stream-1/live.m3u8,FCPublicMedia.us@SD,,,,https://i.imgur.com/naLbZuo.png,General,416x234,iptv-org-all.txt,1064,200,成功,h264,30.0,有音频,5.090,9,9
Grjngo Films de Western (1080p),https://d46c0ebf9ef94053848fdd7b1f2f6b90.mediatailor.eu-central-1.amazonaws.com/v1/master/81bfcafb76f9c947b24574657a9ce7fe14ad75c0/live-prod/a5fc1b02-5945-11ef-a2df-87241c204d22/0/master.m3u8?country=fr&vendor=rakuten,,,,,,Undefined,320x180,iptv-org-all.txt,423,200,成功,h264,25.0,有音频,5.693,7,5
Lao Net TV (720p),https://livefta.malimarcdn.com/ftaedge00/laonet.sdp/playlist.m3u8,LaoNetTV.la@SD,,,,https://i.imgur.com/ohbRT05.png,Undefined,1280x720,iptv-org-all.txt,1643,200,成功,h264,29.97002997002997,有音频,1.296,38,30
LifevisionTV (406p) [Not 24/7],https://tgn.bozztv.com/lifevision/lifevision/index.m3u8,LifevisionTV.us@SD,,,,,Religious,1280x720,iptv-org-all.txt,1866,200,成功,h264,30.0,有音频,1.438,8,8
Kaloopy TV (720p),https://d35j504z0x2vu2.cloudfront.net/v1/master/0bc8e8376bd8417a1b6761138aa41c26c7309312/kaloopy/master.m3u8,KaloopyTV.us@SD,,,,https://i.ibb.co/Kcg56MFt/long-logo-kaloopy.jpg,Lifestyle,1280x720,iptv-org-all.txt,74,200,成功,h264,23.976023976023978,有音频,2.706,9,9
Makao TV (360p),https://live.obslivestream.com/makaomux/tracks-v2a1/playlist.m3u8,MakaoTV.do@SD,,,,https://i.imgur.com/asD5y7i.png,Music,1280x720,iptv-org-all.txt,856,200,成功,h264,29.97002997002997,有音频,1.194,8,8
KurdMax Show (720p),https://6476e46b58f91.streamlock.net/liveTrans/SHOWS123/playlist.m3u8,KurdMaxShow.iq@SD,,,,https://i.imgur.com/XTmyGmL.png,Entertainment,1280x720,iptv-org-all.txt,1848,200,成功,h264,30.0,有音频,4.433,8,8
Max & Ruby,http://cfd-v4-service-channel-stitcher-use1-1.prd.pluto.tv/stitch/hls/channel/62fb6a4feb32e8000708f4d0/master.m3u8?appName=web&appVersion=unknown&clientTime=0&deviceDNT=0&deviceId=2c7b17f0-35fc-11ef-a031-2b5d494037a2&deviceMake=Chrome&deviceModel=web&deviceType=web&deviceVersion=unknown&includeExtendedEvents=false&serverSideAds=false&sid=ef7abed0-920d-4c83-92ed-2a600f6fc6d8,,,,,,Undefined,426x240,iptv-org-all.txt,81,200,成功,h264,30.0,有音频,4.604,129,105
LTV (360p),https://p-ltv.akamaized.net/ltv/ltv.m3u8,LanaTV.lb@SD,,,,https://i.imgur.com/xPoycVY.png,General,640x360,iptv-org-all.txt,1591,200,成功,h264,25.0,有音频,3.114,9,9
Jimani TV (360p) [Geo-blocked],https://cloud2.streaminglivehd.com:1936/8246/8246/playlist.m3u8,JimaniTV.do@SD,,,,https://imgur.com/EPYHUSc.jpeg,General,854x480,iptv-org-all.txt,2145,200,成功,h264,25.0,有音频,1.759,8,8
Mahaa Max (1080p),https://d35j504z0x2vu2.cloudfront.net/v1/master/0bc8e8376bd8417a1b6761138aa41c26c7309312/mahaa-max/index.m3u8,MahaaMax.in@SD,,,,https://objectstorage.ap-mumbai-1.oraclecloud.com/p/7Eg7LPw1gBcncVDrfwf__7yyrg13awaU6DmMk4gutavGYZgoAuAziv8e0aSEdU4G/n/bmaqqlwez184/b/GTPL_CHANNEL_LOGO/o/gtpl/MAHAA+MAX+LOGO.png,Entertainment,1920x1080,iptv-org-all.txt,384,200,成功,h264,25.0,有音频,1.587,8,8
KVF Sjonvarp,https://live.kringvarp.fo/uttanlands/720/playlist.m3u8,KVFSjonvarp.fo@SD,,,,https://www.lyngsat.com/logo/tv/kk/kvf-sjonvarp-fo.png,General,1280x720,iptv-org-all.txt,2798,200,成功,h264,25.0,有音频,6.587,8,8
La 1 UHD (2160p),http://176.65.146.237:8401/play/a09u/index.m3u8,La1.es@UHD,,,,https://i.imgur.com/1jDS9UC.png,General;Public,3840x2160,iptv-org-all.txt,287,200,成功,hevc,50.0,有音频,3.253,72,58
Island Luck TV,https://cdn3.wowza.com/5/dFA0TmRpeFdNVXhT/NetUp/ILTV.stream/playlist.m3u8,IslandLuckTV.bs@SD,,,,https://i.imgur.com/P0gDN5n.png,Entertainment,1280x720,iptv-org-all.txt,368,200,成功,h264,59.94005994005994,有音频,0.877,8,8
JPD TV [Not 24/7],https://imagenuniversaltv.net:3026/live/juanpabloduartetvlive.m3u8,JPDTV.do@HD,,,,https://i0.wp.com/juanpabloduartetv.com/wp-content/uploads/2024/08/logo-JPDTV-100-x-100.png,General,1280x720,iptv-org-all.txt,997,200,成功,h264,29.97002997002997,有音频,1.087,8,8
Koogi TV (1080p),https://5d658d7e9f562.streamlock.net/koogi.tv/koogi.smil/playlist.m3u8,KoogiTV.eg@SD,,,,https://i.imgur.com/zojMTP9.png,Kids;Religious,1280x720,iptv-org-all.txt,878,200,成功,h264,25.0,有音频,2.857,8,8
KITE Victers (Kerala) (720p) [Not 24/7],https://932y4x26ljv8-hls-live.5centscdn.com/victers/tv.stream/playlist.m3u8,KiteVicters.in@SD,,,,https://i.imgur.com/kj4OEsb.png,Education,1920x1080,iptv-org-all.txt,2511,200,成功,h264,25.0,有音频,1.328,38,32
LS TV (480p),https://livefta.malimarcdn.com/ftaedge00/laostv.sdp/playlist.m3u8,LSTV.la@SD,,,,https://i.imgur.com/fs3dQ6J.png,Shop,1280x720,iptv-org-all.txt,37,200,成功,h264,29.97002997002997,有音频,0.748,8,8
La Reina TV [Geo-blocked],https://cloud2.streaminglivehd.com:1936/lareinatv/lareinatv/playlist.m3u8,LaReinaTV.do@HD,,,,https://www.vivalivetv.com/public/files/shows/0/1/3386-294x165-FFFFFF.jpg,General,1280x720,iptv-org-all.txt,60,200,成功,h264,60.0,有音频,1.563,38,32
Mahaa News (720p),https://d35j504z0x2vu2.cloudfront.net/v1/master/0bc8e8376bd8417a1b6761138aa41c26c7309312/mahaa-news/index.m3u8,MahaaNews.in@SD,,,,https://i.imgur.com/buT76vR.png,News,1920x1080,iptv-org-all.txt,328,200,成功,h264,25.0,有音频,1.442,8,8
MaTele (1080p) [Not 24/7],https://live.matele.be/hls/live.m3u8,Matele.be@SD,,,,https://i.postimg.cc/KvBBtrDw/matele.png,General,1920x1080,iptv-org-all.txt,1638,200,成功,h264,25.0,有音频,3.834,8,8
Mad Dog and Merrill (540p) [Not 24/7],https://rpn.bozztv.com/gusa/gusa-mwg/index.m3u8,MadDogandMerrill.us@SD,,,,https://i.imgur.com/5QQy3aW.png,Cooking,1280x720,iptv-org-all.txt,875,200,成功,h264,24.0,有音频,1.172,9,9
Liceum TV (576p),http://193.225.32.62:8890/live.m3u8,LiceumTV.hu@SD,,,,https://i.imgur.com/Hf122ZD.png,Culture;Education,1024x576,iptv-org-all.txt,325,200,成功,h264,25.0,有音频,1.385,8,8
Logo East (720p) [Not 24/7],https://tvpass.org/live/LogoEast/hd,Logo.us@East,,,,https://upload.wikimedia.org/wikipedia/commons/thumb/2/2f/Logo_TV_2015.svg/512px-Logo_TV_2015.svg.png,Entertainment,640x360,iptv-org-all.txt,1650,200,成功,h264,29.97002997002997,有音频,3.823,77,61
La Voz del Tropico (480p) [Geo-blocked],https://ss2.tvrdomi.com:1936/lavozdeltropico/lavozdeltropico/playlist.m3u8,LaVozdelTropico.do@SD,,,,https://i.imgur.com/DKDFpHt.png,Music,1280x720,iptv-org-all.txt,63,200,成功,h264,29.97002997002997,有音频,2.857,128,104
Kaumudy TV (720p),https://oqgdrkxby4rm-hls-live.5centscdn.com/kaumudytv/live.stream/playlist.m3u8,KaumudyTV.in@SD,,,,https://xstreamcp-assets-msp.streamready.in/assets/LIVETV/LIVECHANNEL/LIVETV_LIVETVCHANNEL_KAUMUDY_TV/images/LOGO_HD/image.png,General,640x360,iptv-org-all.txt,1650,200,成功,h264,25.0,有音频,1.571,9,9
La Voz de Jesus HD (720p),https://live20.bozztv.com/giatvplayout7/giatv-208429/playlist.m3u8,LaVozdeJesusHD.do@HD,,,,https://gia.tv/streams/pstream/208429.png,Religious,1280x720,iptv-org-all.txt,919,200,成功,h264,24.416666666666668,有音频,1.140,9,9
KCBS-DT1 (1080p) [Not 24/7],https://tvpass.org/live/cbs-kcbs-los-angeles-ca/hd,KCBSDT1.us@SD,,,,https://i.imgur.com/RIFC1Y6.jpg,General,640x360,iptv-org-all.txt,1621,200,成功,h264,59.94005994005994,有音频,3.382,37,29
Marka TV,https://5790d294af2dc.streamlock.net/markatv/markatv1/playlist.m3u8,MarkaTV.do@HD,,,,https://www.vivalivetv.com/public/files/shows/0/1/3355-294x165-FFFFFF.jpg,General,640x360,iptv-org-all.txt,60,200,成功,h264,29.97002997002997,有音频,1.590,9,9
Jail (720p),https://langleyproductions-jail-1-eu.rakuten.wurl.tv/playlist.m3u8,,,,,,Undefined,1280x720,iptv-org-all.txt,456,200,成功,h264,29.97002997002997,有音频,2.714,8,8
LifeTv (1080p),https://lifetv.mpks.sk/s.m3u8,LifeTv.sk@SD,,,,https://i.imgur.com/jO8kAY2.png,Religious,1920x1080,iptv-org-all.txt,3034,200,成功,h264,25.0,有音频,4.457,8,8
Lobo TV (720p),https://5ca3e84a76d30.streamlock.net/tvlobo/videotvlobo/playlist.m3u8,LoboTV.mx@SD,,,,https://i.imgur.com/3fA50RJ.png,Music,1280x720,iptv-org-all.txt,590,200,成功,h264,60.0,有音频,0.533,8,8
Iran Jewish TV,http://iran620.com:1935/live/IranJewishTv/playlist.m3u8,IranJewishTV.ir@SD,,,,https://i.ibb.co/JWXs7csN/en.png,Religious,1280x720,iptv-org-all.txt,1324,200,成功,h264,30.0,有音频,2.605,8,8
Juste pour Rire,http://cfd-v4-service-channel-stitcher-use1-1.prd.pluto.tv/stitch/hls/channel/60afa1508284e60007163c08/master.m3u8?appName=web&appVersion=unknown&clientTime=0&deviceDNT=0&deviceId=8e05edb3-1f2c-11ef-86d8-5d587df108c6&deviceMake=Chrome&deviceModel=web&deviceType=web&deviceVersion=unknown&includeExtendedEvents=false&serverSideAds=false&sid=a0ee8bde-7a09-45e2-b51d-4cf3012304cd,JustepourRire.us@France,,,,https://i.imgur.com/m5lO27j.png,Comedy,426x240,iptv-org-all.txt,253,200,成功,h264,30.0,有音频,4.648,77,61
Loading (720p),https://stmv1.srvif.com/loadingtv/loadingtv/playlist.m3u8,Loading.br@SD,,,,https://i.imgur.com/R0aflu1.png,Entertainment,1280x720,iptv-org-all.txt,824,200,成功,h264,29.97002997002997,有音频,1.440,8,8
M+ (1080p),https://d35j504z0x2vu2.cloudfront.net/v1/master/0bc8e8376bd8417a1b6761138aa41c26c7309312/m-plus/master.m3u8,MPlus.sa@SD,,,,https://i.imgur.com/Ho8N310.png,Music,1920x1080,iptv-org-all.txt,104,200,成功,h264,30.0,有音频,2.136,8,8
KFMB-DT2 (720p) [Not 24/7],https://tvpass.org/live/cw-kfmbtv2-san-diego-ca/hd,KFMBDT2.us@SD,,,,https://i.imgur.com/GCB3vun.png,Entertainment,640x360,iptv-org-all.txt,773,200,成功,h264,29.97002997002997,有音频,3.811,9,9
Ink Master,http://cfd-v4-service-channel-stitcher-use1-1.prd.pluto.tv/stitch/hls/channel/655f2d713944b60008bc7e90/master.m3u8?appName=web&appVersion=unknown&clientTime=0&deviceDNT=0&deviceId=2c7ac9d2-35fc-11ef-a031-2b5d494037a2&deviceMake=Chrome&deviceModel=web&deviceType=web&deviceVersion=unknown&includeExtendedEvents=false&serverSideAds=false&sid=e7b1d981-a145-4f0e-b936-2e3b59397aee,InkMaster.us@SD,,,,https://i.imgur.com/DiBojYh.png,Documentary,426x240,iptv-org-all.txt,227,200,成功,h264,30.0,有音频,4.650,117,93
Light Channel (480p) [Not 24/7],https://streamer1.streamhost.org/salive/GMIlcbgM/playlist.m3u8,LightChannel.bg@SD,,,,https://i.imgur.com/S3Fbf8T.png,Religious,852x480,iptv-org-all.txt,2605,200,成功,h264,25.0,有音频,5.132,8,8
La Voz de Maria (720p),https://live.lavozdemaria.com:3436/live/lavozdemarialive.m3u8,LaVozdeMaria.do@SD,,,,https://i.imgur.com/Zv8CxZX.png,Religious,1920x1080,iptv-org-all.txt,1269,200,成功,h264,29.97002997002997,有音频,2.008,16,12
LPTV (1080p),https://livestream.telvue.com/lexmedia1/f7b44cfafd5c52223d5498196c8a2e7b.sdp/lexmedia1/stream1/playlist.m3u8,LPTV.us@SD,,,,https://i.imgur.com/d5w2pT4.png,General,1920x1080,iptv-org-all.txt,2477,200,成功,h264,29.97002997002997,有音频,3.927,8,8
La Descarga TV [Geo-blocked],https://video.udwn.net:19360/ladescargatv/ladescargatv.m3u8,LaDescargaTV.do@HD,,,,https://imgur.com/kq1CrDE.png,General,1920x1080,iptv-org-all.txt,769,200,成功,h264,29.97002997002997,有音频,1.538,16,12
Les Z'Amours,https://amg02393-awpg-amg02393c3-rakuten-uk-2462.playouts.now.amagi.tv/playlist/amg02393-awpg-leszamours-rakutenuk/playlist.m3u8,,,,,,Undefined,1920x1080,iptv-org-all.txt,136,200,成功,h264,29.97002997002997,有音频,3.852,8,8
Latvijas Radio 3 Klasika (240p),https://5a44e5b800a41.streamlock.net/liveVLR3/mp4:Klasika/playlist.m3u8,,,,,,Undefined,320x240,iptv-org-all.txt,1452,200,成功,h264,25.0,有音频,5.060,67,57
Kayhan TV (720p),https://playout395.livestreamingcdn.com/live/Stream1/playlist.m3u8,KayhanTV.af@SD,,,,https://i.imgur.com/2MDjU7x.png,Music,1280x720,iptv-org-all.txt,1076,200,成功,h264,29.97002997002997,有音频,2.137,8,8
Islam Channel Urdu,https://live-islamtv-urdu.simplestreamcdn.com/live13/islamtv_urdu/bitrate1.isml/live.m3u8,IslamChannelUrdu.uk@SD,,,,https://i.imgur.com/j1ZBAgg.png,Religious,1024x576,iptv-org-all.txt,1955,200,成功,h264,25.0,有音频,2.438,36,28
Lighting Lives Blessing Nations TV Korean (LLBN) (480p),https://brightstar-korean-pull-secure.akamaized.net/brightstarkorean/stream.m3u8,LLBNTVKorean.us@SD,,,,https://i.imgur.com/WsOfy19.png,Religious,640x480,iptv-org-all.txt,1560,200,成功,h264,29.97002997002997,有音频,3.654,17,13
ISTV (480p),https://livefta.malimarcdn.com/ftaedge00/ichannel.sdp/playlist.m3u8,ISTV.la@SD,,,,https://i.imgur.com/TGAKFcV.jpg,General,1280x720,iptv-org-all.txt,58,200,成功,h264,29.97002997002997,有音频,0.777,8,8
KidsFlix (1080p) [Not 24/7],https://stream-us-east-1.getpublica.com/playlist.m3u8?network_id=50,KidsFlix.us@SD,,,,https://i.imgur.com/4Pn0ADQ.png,Kids;Movies,1280x720,iptv-org-all.txt,580,200,成功,h264,23.976023976023978,有音频,4.151,9,9
M-1 (480p),https://m-1.data.lt/m-1/smil:m-1.smil/playlist.m3u8,M1.lt@SD,,,,https://i.ibb.co/gb4NmNHT/M1-2025.png,Music,854x480,iptv-org-all.txt,2405,200,成功,h264,25.0,有音频,7.502,31,25
Life Downunder (720p),https://wtfn-lifedownunder-1-au.samsung.wurl.tv/playlist.m3u8,,,,,,Undefined,1280x720,iptv-org-all.txt,745,200,成功,h264,29.97002997002997,有音频,3.487,8,8
LON TV (720p),https://streamingserver02.omroepnuenen.nl/lon/lonweb/chunklist_w1463772894.m3u8,LONTV.nl@SD,,,,https://i.imgur.com/bH4XSGw.png,Undefined,1280x720,iptv-org-all.txt,1252,200,成功,h264,50.0,有音频,3.175,8,8
Let's Make a deal,http://cfd-v4-service-channel-stitcher-use1-1.prd.pluto.tv/stitch/hls/channel/64c2201a2a7f2200089a0af2/master.m3u8?appName=web&appVersion=unknown&clientTime=0&deviceDNT=0&deviceId=2c7af0e2-35fc-11ef-a031-2b5d494037a2&deviceMake=Chrome&deviceModel=web&deviceType=web&deviceVersion=unknown&includeExtendedEvents=false&serverSideAds=false&sid=58a05062-88d0-47f4-955b-e4e552292ea4,,,,,,Undefined,426x240,iptv-org-all.txt,232,200,成功,h264,30.0,有音频,4.470,145,117
Maison & Travaux TV,https://raw.githubusercontent.com/Sibprod/streams/main/ressources/dm/py/hls/maisonettravaux.m3u8,MaisonTravauxTV.fr@SD,,,,https://i.imgur.com/uYpc6nE.png,Lifestyle,320x184,iptv-org-all.txt,111,200,成功,h264,25.0,有音频,2.228,7,5
ITV Deportes,https://thm-it-roku.otteravision.com/thm/it/it.m3u8,ITVDeportes.mx@SD,,,,https://iili.io/J1kV1Bn.png,Entertainment;Sports,640x360,iptv-org-all.txt,831,200,成功,h264,29.97002997002997,有音频,1.421,9,9
ION TV East,https://fl1.moveonjoy.com/ION_TV/index.m3u8,IONTV.us@East,,,,https://upload.wikimedia.org/wikipedia/commons/thumb/2/28/Ion_logo.svg/512px-Ion_logo.svg.png,Entertainment,1280x720,iptv-org-all.txt,1474,200,成功,h264,59.94005994005994,有音频,1.575,8,8
ITV Life (2160p),https://ca1.buximedia.com/itv/life/tracks-v1a1/mono.m3u8,ITVLife.ir@SD,,,,https://i.ibb.co/pvLQmQK7/itv.png,Entertainment,1280x720,iptv-org-all.txt,76,200,成功,h264,30.0,有音频,1.691,8,8
KRIS-DT1 (1080p),https://content.uplynk.com/channel/e72660594b7a4182982af1690609683d.m3u8,KRISDT1.us@SD,,,,https://upload.wikimedia.org/wikipedia/commons/thumb/7/7a/NBC_logo_2022_%28vertical%29.svg/512px-NBC_logo_2022_%28vertical%29.svg.png,General,960x540,iptv-org-all.txt,93,200,成功,h264,29.97002997002997,有音频,5.414,8,8
Martin County MCTV (Martin County FL) (720p),https://cdn3.wowza.com/5/UWpORHhLSEs5SkJs/martin/G0074_002/playlist.m3u8,MartinCountyTV.us@SD,,,,https://i.imgur.com/7VzlbLp.png,Legislative,1280x720,iptv-org-all.txt,427,200,成功,h264,25.0,有音频,0.788,8,8
Kern County Television,https://cdn3.wowza.com/5/dk84U1p2UUdoMGxT/kern/G0169_003/playlist.m3u8,KernCountyTV.us@SD,,,,https://i.imgur.com/AJcuBCF.png,Legislative,1280x720,iptv-org-all.txt,119,200,成功,h264,25.0,有音频,0.756,8,8
KABC-DT1 (360p) [Not 24/7],https://tvpass.org/live/abc-kabc-los-angeles-ca/sd,KABCDT1.us@SD,,,,https://upload.wikimedia.org/wikipedia/commons/thumb/b/bc/KABC-TV-Logo-2021.png/512px-KABC-TV-Logo-2021.png,General,1280x720,iptv-org-all.txt,358,200,成功,h264,30.0,无音频,3.609,122,98
Legislative Assembly of Ontario,https://temp3.isilive.ca/live/_definst_/ontla/house-en/playlist.m3u8,LegislativeAssemblyofOntario.ca@SD,,,,https://i.imgur.com/n24MrsX.png,Legislative,1280x720,iptv-org-all.txt,609,200,成功,h264,29.97002997002997,有音频,1.939,8,8
MasMusica FM (720p),https://movil.ejeserver.com/live/masmusica.m3u8,MasMusicaFM.co@SD,,,,https://i.imgur.com/tCg7owd.png,Music,1280x720,iptv-org-all.txt,975,200,成功,h264,30.0,有音频,1.381,36,32
La Hora TV [Geo-blocked],https://cloud5.livescast.com:19360/lahoratv/lahoratv.m3u8,LaHoraTV.do@HD,,,,https://www.vivalivetv.com/public/files/shows/0/1/3807-294x165-FFFFFF.jpg,General,1280x720,iptv-org-all.txt,774,200,成功,h264,29.97002997002997,有音频,1.656,36,32
Kung Fu+,https://streams2.sofast.tv/v1/master/611d79b11b77e2f571934fd80ca1413453772ac7/06862a07-6a92-4b4d-abc3-5fea131713b5/manifest.m3u8,,,,,,Undefined,1920x1080,iptv-org-all.txt,1240,200,成功,h264,25.0,有音频,4.462,8,8
LIM TV (720p),https://tv.invasivamedia.com/hls/limtv.m3u8,LIMTV.py@SD,,,,https://i.imgur.com/CALoCyo.png,General,1280x720,iptv-org-all.txt,1126,200,成功,h264,25.0,有音频,3.303,38,32
KNBC-DT1 (1080p),https://nbculocallive.akamaized.net/hls/live/2037084/losangeles/stream1/master.m3u8,KNBCDT1.us@SD,,,,https://upload.wikimedia.org/wikipedia/commons/thumb/7/7a/NBC_logo_2022_%28vertical%29.svg/512px-NBC_logo_2022_%28vertical%29.svg.png,General,426x240,iptv-org-all.txt,1557,200,成功,h264,29.97002997002997,有音频,2.568,9,9
JFV TV (720p),https://2nbyj587d53k-hls-live.5centscdn.com/09/25b94ec89b2aa708c3c4ad0014b09845.sdp/playlist.m3u8,JFVTV.sv@SD,,,,https://i.imgur.com/SrmI6nU.jpeg,Religious,1280x720,iptv-org-all.txt,3138,200,成功,h264,29.97002997002997,有音频,1.195,38,32
Kapos TV (1080p),https://cloudfront63.lexanetwork.com:1344/relay01/livestream004.sdp/playlist.m3u8,KaposTV.hu@SD,,,,https://i.imgur.com/ZMrj2C5.png,General,1280x720,iptv-org-all.txt,2257,200,成功,h264,25.0,有音频,4.953,8,8
INH 24x7 (360p),https://7epd6o8edk9b-hls-live.wmncdn.net/inh24/live.stream/playlist.m3u8,INH24x7.in@SD,,,,https://xstreamcp-assets-msp.streamready.in/assets/LIVETV/LIVECHANNEL/LIVETV_LIVETVCHANNEL_INH_24X7/images/LOGO_HD/image.png,News,640x360,iptv-org-all.txt,3147,200,成功,h264,25.0,有音频,3.322,9,9
La Hermandad Salsera (1080p) [Not 24/7],https://streamlov.alsolnet.com/hermandadsalsera/live/playlist.m3u8,LaHermandadSalsera.co@SD,,,,https://i.imgur.com/7Wlt6bc.png,Music,1920x1080,iptv-org-all.txt,1054,200,成功,h264,30.0,有音频,2.194,41,34
ITSF,https://streams2.sofast.tv/v1/master/611d79b11b77e2f571934fd80ca1413453772ac7/20a0ac30-d157-4400-8f64-3c52b37c645c/manifest.m3u8,,,,,,Undefined,1920x1080,iptv-org-all.txt,1080,200,成功,h264,25.0,有音频,6.672,8,8
KaufBei TV (576p),https://api.alpaca.t62a.com/hls/9103/index.m3u8,KaufBeiTV.de@SD,,,,https://i.imgur.com/CVJWiM0.png,Shop,640x360,iptv-org-all.txt,149,200,成功,h264,25.0,有音频,5.168,25,21
KempenTV (480p),http://ms7.mx-cd.net/tv/Omroep_de_Kempen.smil/playlist.m3u8,KempenTV.nl@SD,,,,https://i.imgur.com/ZiPL9ar.png,General,1280x720,iptv-org-all.txt,1003,200,成功,h264,25.0,有音频,2.000,8,8
LoveWorld Arabic (360p),https://go5lm6a6dawb-hls-live.5centscdn.com/lwarabic/53132d996b4263ec0d7b602292c46eaf.sdp/playlist.m3u8,LoveWorldArabic.ng@SD,,,,https://i.imgur.com/KYMjRjK.png,Religious,720x576,iptv-org-all.txt,2379,200,成功,h264,50.0,有音频,1.539,8,8
LRT Radijas (1080p),https://stream-live.lrt.lt/radijas/master.m3u8,LRTRadijas.lt@SD,,,,https://i.imgur.com/gYoaqju.png,News,1920x1080,iptv-org-all.txt,1493,200,成功,h264,25.0,有音频,5.669,32,26
Kino Barrandov (720p),http://83.167.253.107/hdmi1_ext,KinoBarrandov.cz@SD,,,,https://upload.wikimedia.org/wikipedia/commons/thumb/8/80/Kino_Barrandov_logo.png/512px-Kino_Barrandov_logo.png,Movies,1280x720,iptv-org-all.txt,310,200,成功,h264,,有音频,5.487,37,33
ITV Persian Music (1080p),https://ca1.buximedia.com/itv/persian/tracks-v1a1/mono.m3u8,ITVPersianMusic.ir@SD,,,,https://i.ibb.co/pvLQmQK7/itv.png,Music,1920x1080,iptv-org-all.txt,75,200,成功,h264,30.0,有音频,1.529,8,8
Jawa Pos TV Magelang (720p),http://122.248.43.242:1935/JAWAPOSTVMAGELANG/_definst_/myStream/playlist.m3u8,JawaPosTV.id@Magelang,,,,https://upload.wikimedia.org/wikipedia/commons/thumb/7/77/Jawa_Pos_TV_2024.svg/2560px-Jawa_Pos_TV_2024.svg.png,General,1280x720,iptv-org-all.txt,589,200,成功,h264,25.0,有音频,2.448,8,8
Legislative Assembly of El Salvador (1080p) [Not 24/7],https://streaming.asamblea.gob.sv/hls/plenariahd.m3u8,LegislativeAssemblyofElSalvador.sv@SD,,,,https://i.imgur.com/OBuiCyb.png,Legislative,1920x1080,iptv-org-all.txt,1123,200,成功,h264,59.94005994005994,有音频,2.583,80,68
La Morada Radio TV (720p),https://movil.ejeserver.com/live/lamoradatv.m3u8,LaMoradaRadioTV.co@SD,,,,https://i.imgur.com/E3wDEX5.png,Music,1920x1080,iptv-org-all.txt,77,200,成功,h264,29.97002997002997,有音频,1.556,8,8
Maria Vision (1080p),https://1601580044.rsc.cdn77.org/live/_jcn_/amlst:CHANNEL_2/playlist.m3u8,MariaVisionItalia.it@SD,,,,https://www.lyngsat.com/logo/tv/mm/maria-plus-vision-italia-mx-it.png,Religious,,iptv-org-all.txt,1014,200,成功,h264,,有音频,2.697,10,10
Legislative Assembly of British Columbia Committee A,https://cdn3.wowza.com/5/YldIU1hsTlljRWZF/hbs-prim-dougfir-httpo/DougFirP.smil/playlist.m3u8,LegislativeAssemblyofBritishColumbiaCommitteeA.ca@SD,,,,https://www.lyngsat.com/logo/tv/ll/legislative-assembly-of-british-columbia-ca.png,Legislative,960x540,iptv-org-all.txt,1269,200,成功,h264,29.97002997002997,有音频,13.511,53,44
La Top 102.9 (720p),https://59d39900ebfb8.streamlock.net/top102/top102/playlist.m3u8,LaTop1029.hn@SD,,,,https://i.imgur.com/ZqwLPag.jpg,Music,1920x1080,iptv-org-all.txt,64,200,成功,h264,30.0,有音频,1.617,8,8
Legislative Assembly of Ontario (without interpretation),https://temp2.isilive.ca/live/_definst_/ontla/house-en-cc/playlist.m3u8,,,,,,Undefined,1280x720,iptv-org-all.txt,785,200,成功,h264,29.97002997002997,有音频,2.588,45,37
MaxTV/Dieu TV (1080p),https://cdn.katapy.io/cache/stream/katapytv/dieu/playlist.m3u8,MaxTV.ch@SD,,,,https://i.postimg.cc/02YKz58q/maxtv.png,General,1280x720,iptv-org-all.txt,570,200,成功,h264,25.0,有音频,1.989,8,8
Kingsview TV (1080p),https://j78dp6reyq5r-hls-live.5centscdn.com/4896_push_1963_001/00cb1f2e4ff89048f2e77e26940c00e6.sdp/playlist.m3u8,KingsviewTV.ng@SD,,,,https://i.imgur.com/py1XOXX.png,Entertainment,854x480,iptv-org-all.txt,3402,200,成功,h264,25.0,有音频,0.989,8,8
Mahar TV (720p),https://tv.mahar.live/mahar/website.stream/playlist.m3u8,MaharTV.mm@SD,,,,https://i.imgur.com/ig0QECf.png,General,1920x1080,iptv-org-all.txt,710,200,成功,h264,25.0,有音频,1.624,8,8
Law & Crime (720p),https://a-cdn.klowdtv.com/live3/law_720p/playlist.m3u8,LawCrime.us@SD,,,,https://yt3.googleusercontent.com/CRP3YudPa55QypbDnIvuh3erLZTsn2HK8ESR-2fJFFiLJVf7US2CKQELCKK_UowmHA3wCjAdxg=s512-c-k-c0x00ffffff-no-rj,Documentary,1280x720,iptv-org-all.txt,1805,200,成功,h264,29.97002997002997,有音频,0.915,8,8
KultKrimi,http://cfd-v4-service-channel-stitcher-use1-1.prd.pluto.tv/stitch/hls/channel/5cb5cfe5caf83414128f209e/master.m3u8?appName=web&appVersion=unknown&clientTime=0&deviceDNT=0&deviceId=84ad8f18-4b92-11ef-aece-533610f1ea34&deviceMake=Chrome&deviceModel=web&deviceType=web&deviceVersion=unknown&includeExtendedEvents=false&serverSideAds=false&sid=834d5c49-37ba-4a4c-84d2-e2c8886e2eb3,,,,,,Undefined,640x360,iptv-org-all.txt,73,200,成功,h264,30.0,有音频,3.299,129,105
Kecskemeti TV (416p) [Not 24/7],http://rtmp1.40e.hu:8000/live/ktv.m3u8,KecskemetiTV.hu@SD,,,,https://i.imgur.com/yxwrX2N.png,General,720x416,iptv-org-all.txt,1413,200,成功,h264,25.0,有音频,3.082,8,8
Kajou TV (720p) [Not 24/7],https://video1.getstreamhosting.com:1936/8055/8055/playlist.m3u8,KajouTV.us@SD,,,,https://i.imgur.com/2XzghdT.png,Culture,1280x720,iptv-org-all.txt,62,200,成功,h264,30.0,有音频,1.762,8,8
Made in Hollywood,https://connection3-ent-nz.samsung.wurl.tv/playlist.m3u8,MadeInHollywood.us@SD,,,,https://i.imgur.com/p16HNIM.png,Movies,1280x720,iptv-org-all.txt,446,200,成功,h264,29.97002997002997,有音频,2.614,8,8
Kulinar TV,https://api.alpaca.t62a.com/hls/9110/index.m3u8,KulinarTV.ru@SD,,,,https://smotret.tv/images/kulinar-tv.webp,Cooking,640x360,iptv-org-all.txt,2728,200,成功,h264,25.0,有音频,4.688,25,21
KVIE-DT2,https://kviedt2.lls.pbs.org/kviedt2-hls.m3u8,KVIEDT2.us@SD,,,,https://upload.wikimedia.org/wikipedia/commons/3/36/World_Channel_2023.svg,Entertainment,416x234,iptv-org-all.txt,1508,200,成功,h264,29.97002997002997,有音频,1.747,9,9
M95 Televisión Marbella (1080p) [Not 24/7],https://limited2.todostreaming.es/live/m95-livestream.m3u8,M95TelevisionMarbella.es@SD,,,,https://i.imgur.com/RzAkP1V.png,News,1920x1080,iptv-org-all.txt,1592,200,成功,h264,25.0,有音频,3.599,8,8
KMCT-DT1 (720p),https://cdn-unified-hls.streamspot.com/ingest1/4b4d895dd6/playlist.m3u8?origin=1,KMCTDT1.us@SD,,,,https://upload.wikimedia.org/wikipedia/en/d/d9/KMCT_Monroe%27s_Christian_Television_logo.png,Entertainment,1280x720,iptv-org-all.txt,1093,200,成功,h264,29.97002997002997,有音频,1.051,8,8
Lompoc TAP TV Channel 23 (720p),https://livestream.telvue.com/lompoccmttv1/f7b44cfafd5c52223d5498196c8a2e7b.sdp/playlist.m3u8,TAPTVChannel23.us@SD,,,,https://i.imgur.com/5mhYHtD.png,Undefined,416x234,iptv-org-all.txt,581,200,成功,h264,29.97002997002997,有音频,3.201,9,9
Legislative Assembly of Ontario Committees (room 2),https://lin13.isilive.ca/live/_definst_/ontla/committee_2-en/playlist.m3u8,,,,,,Undefined,1280x720,iptv-org-all.txt,554,200,成功,h264,29.97002997002997,有音频,1.904,12,10
Just Tattoo of Us,http://cfd-v4-service-channel-stitcher-use1-1.prd.pluto.tv/stitch/hls/channel/6304f20c941c5d00089634e7/master.m3u8?appName=web&appVersion=unknown&clientTime=0&deviceDNT=0&deviceId=8e06d813-1f2c-11ef-86d8-5d587df108c6&deviceMake=Chrome&deviceModel=web&deviceType=web&deviceVersion=unknown&includeExtendedEvents=false&serverSideAds=false&sid=bd619bf4-9a83-4ae8-86d7-ec8f0db9023c,,,,,,Undefined,426x240,iptv-org-all.txt,71,200,成功,h264,30.0,有音频,4.776,117,93
Just For Laughs Gags (720p),https://distributionsjustepourrire-justforlaughsgags-1-be.samsung.wurl.tv/playlist.m3u8,JustforLaughsGags.us@SD,,,,https://i.imgur.com/HjVEVMJ.png,Comedy,1280x720,iptv-org-all.txt,239,200,成功,h264,29.97002997002997,有音频,2.852,8,8
KYW-DT1,https://fl1.moveonjoy.com/PA_PHILADELPHIA_CBS/index.m3u8,KYWDT1.us@SD,,,,https://upload.wikimedia.org/wikipedia/commons/9/96/KYW-TV_CBS_2013_logo.png,General,1920x1080,iptv-org-all.txt,52,200,成功,h264,29.97002997002997,有音频,1.705,8,8
Lakewood CityTV (720p),https://dlttx48mxf9m3.cloudfront.net/vod_clients/lakewood/live/ch1/video.m3u8,CityTVLakewood.us@SD,,,,https://i.imgur.com/e1shzv9.png,General,1280x720,iptv-org-all.txt,2520,200,成功,h264,29.97002997002997,有音频,0.982,8,8
M-Net Kids (720p),http://ares.mnet.mk/hls/mnet-kids.m3u8,MNetKids.mk@SD,,,,https://i.imgur.com/SbKkpuH.png,Kids,1280x720,iptv-org-all.txt,711,200,成功,h264,25.0,有音频,1.795,8,8
Life! Christian Broadcasting Network (360p),https://2-fss-2.streamhoster.com/pl_138/200226-1359204-1/playlist.m3u8,KSCEDT1.us@SD,,,,https://i.imgur.com/FioxUa3.png,Religious,640x360,iptv-org-all.txt,2816,200,成功,h264,30.0,有音频,0.953,9,9
LGTV (1080p),https://livestream.telvue.com/lexmedia3/f7b44cfafd5c52223d5498196c8a2e7b.sdp/lexmedia3/stream1/playlist.m3u8,LGTV.us@SD,,,,https://i.imgur.com/d5w2pT4.png,Legislative,1920x1080,iptv-org-all.txt,453,200,成功,h264,29.97002997002997,有音频,3.237,8,8
LiraTV (720p),https://cloud2.streaminglivehd.com:1936/liratv/liratv/playlist.m3u8,LiraTV.es@SD,,,,https://i.imgur.com/hBswXYZ.png,Music,1280x720,iptv-org-all.txt,60,200,成功,h264,30.0,有音频,1.749,8,8
Magna Vision (1080p),https://j78dpa3edq5r-hls-live.5centscdn.com/abr/0864028584026e6ad9cdf922473177a4/playlist.m3u8,MagnavisionTV.uk@SD,,,,https://i.imgur.com/mUHixbi.png,Entertainment,1920x1080,iptv-org-all.txt,235,200,成功,h264,25.0,有音频,2.254,8,8
LHCAZTV,https://cdn3.wowza.com/5/cHYzekYzM2kvTVFH/lakehavasucity/G0643_003/playlist.m3u8,LakeHavasuCity4.us@SD,,,,https://yt3.googleusercontent.com/ytc/AIdro_lQ_vy6By43AoSdSQbFUzQePU0NWWIM-uzsAqnbbQXAql4=s512,Legislative,640x360,iptv-org-all.txt,441,200,成功,h264,25.0,有音频,1.410,39,33
Lalegul TV (1080p),https://lbl.netmedya.net/hls/lalegultv.m3u8,LalegulTV.tr@SD,,,,https://i.imgur.com/wwCysFs.png,Religious,1280x720,iptv-org-all.txt,2996,200,成功,h264,25.0,有音频,1.299,8,8
Lompoc TAP TV Channel 25 (720p),https://livestream.telvue.com/lompoccmttv3/f7b44cfafd5c52223d5498196c8a2e7b.sdp/playlist.m3u8,TAPTVChannel25.us@SD,,,,https://i.imgur.com/5mhYHtD.png,General,416x234,iptv-org-all.txt,561,200,成功,h264,29.97002997002997,有音频,3.754,7,5
Kohavision,https://gjirafa-video-live.gjirafa.net/gjvideo-livestream/lj9-pxm-o53-rp0/tracks-v4a1/mono.m3u8,Kohavision.xk@SD,,,,https://i.imgur.com/LOi9yma.png,News,1920x1080,iptv-org-all.txt,1128,200,成功,h264,30.0,有音频,0.762,8,8
Inmaculada TV (720p) [Not 24/7],https://live20.bozztv.com/akamaissh101/ssh101/radiotvcholy/playlist.m3u8,InmaculadaTV.hn@SD,,,,https://i.imgur.com/2lisFJV.png,Religious,1280x720,iptv-org-all.txt,2640,200,成功,h264,25.0,无音频,1.190,81,67
MBC America (1080p),https://cdn-us-east-prod-ingest-infra-dacast-com.akamaized.net/624ff8f9-db18-da92-4d42-896fa2ff3eb3/source/index.m3u8,MBCAmerica.us@SD,,,,https://i.imgur.com/RRc23ra.png,Culture;Entertainment;Music,1920x1080,iptv-org-all.txt,289,200,成功,h264,29.97002997002997,有音频,0.475,8,8
Logos TV English (1080p) [Not 24/7],https://5aafcc5de91f1.streamlock.net/logoschannel.com/logoseng/playlist.m3u8,LogosTVEnglish.us@SD,,,,https://i.imgur.com/LDfEK81.png,Religious,1920x1080,iptv-org-all.txt,665,200,成功,h264,30.0,有音频,3.765,8,8
IQ Channel (720p),https://rtmp.info/iqtv/envivo/playlist.m3u8,IQChannel.cr@SD,,,,https://i.imgur.com/hwuaomt.png,Music,1280x720,iptv-org-all.txt,2646,200,成功,h264,29.97002997002997,有音频,2.792,8,8
KZTV-DT1 (720p),https://content.uplynk.com/channel/d1f868588ae5476dadaeff450170a183.m3u8,KZTVDT1.us@SD,,,,https://upload.wikimedia.org/wikipedia/commons/thumb/e/ee/CBS_logo_%282020%29.svg/512px-CBS_logo_%282020%29.svg.png,General,960x540,iptv-org-all.txt,78,200,成功,h264,29.97002997002997,有音频,6.702,16,12
KSBY News San Louis Obispo CA (720p),https://content.uplynk.com/channel/5545aa8a7e5a480d85fd1cff8d0cf610.m3u8,KSBYDT1.us@SD,,,,https://upload.wikimedia.org/wikipedia/commons/thumb/7/7a/NBC_logo_2022_%28vertical%29.svg/512px-NBC_logo_2022_%28vertical%29.svg.png,General,960x540,iptv-org-all.txt,84,200,成功,h264,29.97002997002997,有音频,6.208,80,68
Nova Era TV (1080p) [Not 24/7],http://wz3.dnip.com.br:1935/novaeratv/novaeratv.sdp/live.m3u8,NovaEraTV.br@SD,,,,https://i.imgur.com/IK3F9Uq.png,Undefined,1920x1080,iptv-org-all.txt,831,200,成功,h264,29.97002997002997,有音频,0.976,8,8
Multivisión Sports (720p) [Not 24/7],https://stream.digitalgt.com:3605/live/multivisionsportslive.m3u8,MultivisionSports.gt@SD,,,,https://i.imgur.com/wLjSSo2.jpg,Sports,1280x720,iptv-org-all.txt,996,200,成功,h264,29.97002997002997,有音频,1.283,8,8
MI Turno TV,https://video.udwn.net:19360/miturnotv/miturnotv.m3u8,MITurnoTV.do@SD,,,,https://imgur.com/uODDaEY.png,General,1920x1080,iptv-org-all.txt,1314,200,成功,h264,30.0,有音频,1.617,8,8
NTD TV Canada West,https://live.ntdtv.com/cwlive220/playlist.m3u8,NTDTVCanada.us@West,,,,https://i.imgur.com/iyFXcDy.png,General,320x216,iptv-org-all.txt,74,200,成功,h264,29.97002997002997,有音频,1.884,9,9
Nuevo Tiempo (720p) [Not 24/7],https://stream.live.novotempo.com/tv/smil:tvnuevotiempo.smil/playlist.m3u8,NuevoTiempo.br@SD,,,,,Religious,1280x720,iptv-org-all.txt,1340,200,成功,h264,29.97002997002997,有音频,1.388,8,8
Once México (1080p),https://vivo.canaloncelive.tv/securepkgr3/oncemexico/playlist.m3u8,XEIPNTDT.mx@SD,,,,https://i.imgur.com/K0351vF.png,Education,1920x1080,iptv-org-all.txt,1184,200,成功,h264,29.97002997002997,有音频,0.312,8,8
NTD TV Canada,https://live.ntdtv.com/mllive860/playlist.m3u8,NTDTVCanada.us@East,,,,https://i.imgur.com/iyFXcDy.png,General,1280x720,iptv-org-all.txt,386,200,成功,h264,29.97002997002997,有音频,1.201,8,8
Medical Incredible,http://cfd-v4-service-channel-stitcher-use1-1.prd.pluto.tv/stitch/hls/channel/6565436c9d5ac4000822f552/master.m3u8?appName=web&appVersion=unknown&clientTime=0&deviceDNT=0&deviceId=6c29b4c5-30d3-11ef-9cf5-e9ddff8ff496&deviceMake=Chrome&deviceModel=web&deviceType=web&deviceVersion=unknown&includeExtendedEvents=false&serverSideAds=false&sid=9c4baf85-c54e-4b52-be3a-46a8711afead,,,,,,Undefined,426x240,iptv-org-all.txt,44,200,成功,h264,30.0,有音频,1.378,17,13
Mojitv,https://odmedia-mojitv-1-be.samsung.wurl.tv/playlist.m3u8,,,,,,Undefined,1280x720,iptv-org-all.txt,163,200,成功,h264,29.97002997002997,有音频,1.036,8,8
NDTV LANKA (1080p),https://g4wlkqqwl23a-hls-live.5centscdn.com/NDTVLANKA/1ff5fa54d14c3ff6c6bd3918bbb7db5d.sdp/playlist.m3u8,NDTVLANKA.lk@SD,,,,https://i.imgur.com/5cyTVRJ.png,Entertainment,1920x1080,iptv-org-all.txt,1227,200,成功,h264,60.0,有音频,1.245,8,8
Nick Jr. Pluto TV,http://cfd-v4-service-channel-stitcher-use1-1.prd.pluto.tv/stitch/hls/channel/62bdb75c3afd1200079146a6/master.m3u8?appName=web&appVersion=unknown&clientTime=0&deviceDNT=0&deviceId=2c7b3f07-35fc-11ef-a031-2b5d494037a2&deviceMake=Chrome&deviceModel=web&deviceType=web&deviceVersion=unknown&includeExtendedEvents=false&serverSideAds=false&sid=08e1ba5b-febb-444b-927d-f017f608e57e,NickJrPlutoTV.us@Canada,,,,https://i.imgur.com/8DAe8wr.png,Kids,426x240,iptv-org-all.txt,36,200,成功,h264,30.0,有音频,2.142,129,105
Mystery Science Theater 3000 (1080p),https://mst3k-vizio.amagi.tv/playlist.m3u8,MysteryScienceTheater3000.us@SD,,,,https://i.imgur.com/8KWjY4o.png,Comedy,,iptv-org-all.txt,573,200,成功,h264,,有音频,2.875,38,34
Moconomy,https://3ee905090d464be5a51478fd9c642e93.mediatailor.us-east-1.amazonaws.com/v1/master/44f73ba4d03e9607dcd9bebdcb8494d86964f1d8/RakutenTV-pl_Moconomy/playlist.m3u8,Moconomy.pl@SD,,,,https://images-0.rakuten.tv/storage/global-live-channel/translation/artwork/9da0ec4d-85ea-45f4-b3f9-ae917d1714f9-width200-quality90.jpeg,Undefined,1280x720,iptv-org-all.txt,501,200,成功,h264,29.97002997002997,有音频,1.336,8,8
MediCOOL TV (720p),https://stream1.antenaplay.ro/live/MediCOOLTV/chunklist.m3u8,MediCOOLTV.ro@SD,,,,https://i.imgur.com/Xe7x1k2.png,Lifestyle,854x480,iptv-org-all.txt,122,200,成功,h264,25.0,有音频,2.107,8,8
Montecristi Digital 8 [Geo-blocked],https://soportedvb.click:3400/live/montecristitvlive.m3u8,MontecristiDigital8.do@HD,,,,https://imgur.com/ExoOHQI.jpeg,General,1280x720,iptv-org-all.txt,1326,200,成功,h264,25.0,有音频,0.709,8,8
Mechplus (720p),https://mechtvltd-mechplus-1-no.samsung.wurl.tv/playlist.m3u8,,,,,,Undefined,1280x720,iptv-org-all.txt,591,200,成功,h264,29.97002997002997,有音频,0.850,8,8
Mojitv,https://odmedia-mojitv-1-nl.samsung.wurl.tv/playlist.m3u8,,,,,,Undefined,1280x720,iptv-org-all.txt,228,200,成功,h264,29.97002997002997,有音频,0.954,8,8
MISA TV,https://vidl.misatv.ro:5050/MSTV/romanian_720p_baseline/playlist.m3u8,MISATV.ro@SD,,,,https://i.imgur.com/2RxQNm6.png,Religious,1280x720,iptv-org-all.txt,1428,200,成功,h264,25.0,有音频,3.087,28,22
Musayof (Israel) (240p) [Not 24/7],http://wowza.media-line.co.il/Musayof-Live/livestream.sdp/playlist.m3u8,,,,,,Undefined,640x360,iptv-org-all.txt,1256,200,成功,h264,30.0,有音频,1.926,9,9
Nickelodeon,http://23.237.104.106:8080/USA_NICKELODEON/index.m3u8,Nickelodeon.us@East,,,,https://i.imgur.com/E84jnP8.png,Kids,1920x1080,iptv-org-all.txt,151,200,成功,h264,59.94005994005994,有音频,0.804,56,44
Mechplus (720p),https://mechtvltd-mechplus-1-se.samsung.wurl.tv/playlist.m3u8,,,,,,Undefined,1280x720,iptv-org-all.txt,447,200,成功,h264,29.97002997002997,有音频,1.061,8,8
National Geographic Wild HD East (720p) [Not 24/7],https://tvpass.org/live/NationalGeographicWildEast/hd,NationalGeographicWild.us@HDEast,,,,https://upload.wikimedia.org/wikipedia/commons/thumb/2/27/National_Geographic_Wild_logo.svg/512px-National_Geographic_Wild_logo.svg.png,Documentary,640x360,iptv-org-all.txt,617,200,成功,h264,59.94005994005994,有音频,2.775,123,99
Nickelodeon en Español,http://cfd-v4-service-channel-stitcher-use1-1.prd.pluto.tv/stitch/hls/channel/5d8d08395f39465da6fb3ec4/master.m3u8?appName=web&appVersion=unknown&clientTime=0&deviceDNT=0&deviceId=6c2a5107-30d3-11ef-9cf5-e9ddff8ff496&deviceMake=Chrome&deviceModel=web&deviceType=web&deviceVersion=unknown&includeExtendedEvents=false&serverSideAds=false&sid=919bc5fd-6cce-44a6-bb39-2894dea1c988,NickenEspanol.us@SD,,,,https://i.imgur.com/G1J4IsT.png,Kids,426x240,iptv-org-all.txt,33,200,成功,h264,30.0,有音频,1.218,129,105
Ninja Kidz TV,https://playworksdigital-ninjakidztv-1-us.xumo.wurl.tv/playlist.m3u8,NinjaKidzTV.us@SD,,,,https://i.imgur.com/7EngqUi.png,Kids,1920x1080,iptv-org-all.txt,581,200,成功,h264,29.97002997002997,有音频,1.482,8,8
National Geographic HD East (720p) [Not 24/7],https://tvpass.org/live/NationalGeographicEast/hd,NationalGeographic.us@HDEast,,,,https://upload.wikimedia.org/wikipedia/commons/thumb/f/fc/Natgeologo.svg/512px-Natgeologo.svg.png,Documentary,640x360,iptv-org-all.txt,1570,200,成功,h264,59.94005994005994,有音频,2.785,129,105
Mihan TV,https://iptv.mihantv.com/mihantv/playlist.m3u8,MihanTV.ir@SD,,,,https://i.imgur.com/XEMsM7w.png,News,1280x720,iptv-org-all.txt,1279,200,成功,h264,30.0,有音频,2.918,8,8
National Geographic Latin America,https://cors-proxy.cooks.fyi/https://streamer1.nexgen.bz/NAT_GEO/index.m3u8,NationalGeographicLatinAmerica.us@Panregional,,,,https://upload.wikimedia.org/wikipedia/commons/thumb/f/fc/Natgeologo.svg/512px-Natgeologo.svg.png,Documentary,1920x1080,iptv-org-all.txt,1460,200,成功,h264,29.97002997002997,有音频,6.702,16,12
MTV Pluto TV,http://cfd-v4-service-channel-stitcher-use1-1.prd.pluto.tv/stitch/hls/channel/5ca672f515a62078d2ec0ad2/master.m3u8?appName=web&appVersion=unknown&clientTime=0&deviceDNT=0&deviceId=6c2a29f2-30d3-11ef-9cf5-e9ddff8ff496&deviceMake=Chrome&deviceModel=web&deviceType=web&deviceVersion=unknown&includeExtendedEvents=false&serverSideAds=false&sid=21f0e654-cec9-4722-a81b-dd17d02581d3,MTVPlutoTV.us@US,,,,https://i.imgur.com/WsQRCmZ.png,Entertainment,426x240,iptv-org-all.txt,27,200,成功,h264,30.0,有音频,7.651,117,93
N24 Doku,http://cfd-v4-service-channel-stitcher-use1-1.prd.pluto.tv/stitch/hls/channel/60080e8a4bf36000076a81b1/master.m3u8?appName=web&appVersion=unknown&clientTime=0&deviceDNT=0&deviceId=84ae2b55-4b92-11ef-aece-533610f1ea34&deviceMake=Chrome&deviceModel=web&deviceType=web&deviceVersion=unknown&includeExtendedEvents=false&serverSideAds=false&sid=39199e43-689e-4f83-9f74-b89605373bf0,N24Doku.de@SD,,,,https://upload.wikimedia.org/wikipedia/commons/thumb/3/3f/N24Doku.svg/512px-N24Doku.svg.png,Documentary,426x240,iptv-org-all.txt,159,200,成功,h264,30.0,有音频,1.168,129,105
NBC Universo West (720p),http://190.11.225.124:5000/live/universo_hd/playlist.m3u8,NBCUniverso.us@West,,,,https://i.imgur.com/RZ8pIKe.png,Entertainment,1280x720,iptv-org-all.txt,115,200,成功,h264,59.94005994005994,有音频,0.774,8,8
Murder She Wrote,http://cfd-v4-service-channel-stitcher-use1-1.prd.pluto.tv/stitch/hls/channel/6549337183595c000815ad05/master.m3u8?appName=web&appVersion=unknown&clientTime=0&deviceDNT=0&deviceId=6c2a29f7-30d3-11ef-9cf5-e9ddff8ff496&deviceMake=Chrome&deviceModel=web&deviceType=web&deviceVersion=unknown&includeExtendedEvents=false&serverSideAds=false&sid=8b79f9ba-6021-48dd-b1ca-e60b7396018c,,,,,,Undefined,426x240,iptv-org-all.txt,146,200,成功,h264,30.0,有音频,1.229,9,9
Nonstop Drama,http://cfd-v4-service-channel-stitcher-use1-1.prd.pluto.tv/stitch/hls/channel/62fb9ade112ca70007d8441d/master.m3u8?appName=web&appVersion=unknown&clientTime=0&deviceDNT=0&deviceId=2c7b6612-35fc-11ef-a031-2b5d494037a2&deviceMake=Chrome&deviceModel=web&deviceType=web&deviceVersion=unknown&includeExtendedEvents=false&serverSideAds=false&sid=f86ca519-ca18-4239-ab5b-089b2094739d,,,,,,Undefined,426x240,iptv-org-all.txt,161,200,成功,h264,30.0,有音频,1.299,129,105
Motor Trend,http://104.255.88.155/motortrend/index.m3u8,MotorTrend.us@SD,,,,https://i.imgur.com/hKDccCL.png,Auto,1920x1080,iptv-org-all.txt,20,200,成功,h264,29.97002997002997,有音频,0.270,8,8
Mega Cine TV (720p),https://cloudflare.streamgato.us:3125/live/megacinetvlive.m3u8,MegaCineTV.do@HD,,,,https://canalesdominicanos.live/template/images/radios/small/mega-cine-tv.png,Movies,1280x720,iptv-org-all.txt,1211,200,成功,h264,29.97002997002997,有音频,0.545,8,8
Movies! (480p),https://bozztv.com/dvrfl03/hdirect/hdirect-ovair1-movies!/index.m3u8,Movies.us@SD,,,,https://i.imgur.com/gAGn3mK.png,Movies,704x480,iptv-org-all.txt,919,200,成功,h264,29.97002997002997,有音频,0.588,9,9
Notele (576p) [Not 24/7],https://streaming01.divercom.be/notele_live/direct.stream/playlist.m3u8,Notele.be@SD,,,,https://i.imgur.com/fGS55nR.png,General,1280x720,iptv-org-all.txt,1742,200,成功,h264,50.0,有音频,2.154,8,8
Moinesti FM (720p),https://video.moinestifm.ro/hls/moinestifm.m3u8,,,,,,Undefined,1280x720,iptv-org-all.txt,1093,200,成功,h264,25.0,有音频,2.724,25,23
NBC 8 Lancaster PA (WGAL) (720p),https://aegis-cloudfront-1.tubi.video/5d314174-0110-42af-8811-feaae073ea1e/playlist.m3u8,WGALDT1.us@SD,,,,https://upload.wikimedia.org/wikipedia/commons/thumb/7/7a/NBC_logo_2022_%28vertical%29.svg/512px-NBC_logo_2022_%28vertical%29.svg.png,News,384x216,iptv-org-all.txt,116,200,成功,h264,29.97002997002997,有音频,1.803,9,9
MTV Biggest Pop,http://cfd-v4-service-channel-stitcher-use1-1.prd.pluto.tv/stitch/hls/channel/65410176770cf1000866bf31/master.m3u8?appName=web&appVersion=unknown&clientTime=0&deviceDNT=0&deviceId=2c7b17f7-35fc-11ef-a031-2b5d494037a2&deviceMake=Chrome&deviceModel=web&deviceType=web&deviceVersion=unknown&includeExtendedEvents=false&serverSideAds=false&sid=bcf56774-6379-4d92-a0d3-c5c517f6e994,MTVBiggestPop.us@Canada,,,,https://i.imgur.com/AOaZmlS.png,Music,426x240,iptv-org-all.txt,206,200,成功,h264,30.0,有音频,1.413,117,93
Monster Jam,http://cfd-v4-service-channel-stitcher-use1-1.prd.pluto.tv/stitch/hls/channel/65bcc9c8d77d450008b34c6b/master.m3u8?appName=web&appVersion=unknown&clientTime=0&deviceDNT=0&deviceId=2c7b17f4-35fc-11ef-a031-2b5d494037a2&deviceMake=Chrome&deviceModel=web&deviceType=web&deviceVersion=unknown&includeExtendedEvents=false&serverSideAds=false&sid=4ef65ab7-424b-4423-93e5-e94da98d875f,MonsterJam.pl@SD,,,,https://images-1.rakuten.tv/storage/global-live-channel/translation/artwork/0734ee9d-7417-4f53-a092-e29d6e8146ee-width200-quality90.jpeg,Undefined,426x240,iptv-org-all.txt,208,200,成功,h264,30.0,有音频,1.261,9,9
NHTV (720p),http://nonghyup.flive.skcdn.com/nonghyup/_definst_/nhlive/playlist.m3u8,NHTV.kr@SD,,,,https://i.imgur.com/DfECkgB.png,Entertainment,1280x720,iptv-org-all.txt,1718,200,成功,h264,29.97002997002997,有音频,2.826,24,20
MTV Catfish TV Show,http://cfd-v4-service-channel-stitcher-use1-1.prd.pluto.tv/stitch/hls/channel/5db6a697d5f34a000934cd13/master.m3u8?appName=web&appVersion=unknown&clientTime=0&deviceDNT=0&deviceId=1b1e9c32-4b81-11ef-a8ac-e146e4e7be02&deviceMake=Chrome&deviceModel=web&deviceType=web&deviceVersion=unknown&includeExtendedEvents=false&serverSideAds=false&sid=0e455fb2-5933-41b1-9dd6-9e67c05a465a,MTVCatfishTVShow.us@Austria,,,,https://i.imgur.com/tpLRnP2.png,Series,426x240,iptv-org-all.txt,214,200,成功,h264,30.0,有音频,1.542,141,117
Nickelodeon Junior,http://151.80.18.177:86/Nickelodeon_Junior/index.m3u8,NickelodeonJunior.fr@SD,,,,https://upload.wikimedia.org/wikipedia/commons/thumb/9/99/Nickelodeon_Junior.png/512px-Nickelodeon_Junior.png,Kids,1920x1080,iptv-org-all.txt,86,200,成功,h264,25.0,有音频,1.046,8,8
Omega TV (720p) [Not 24/7],https://5caf24a595d94.streamlock.net:1937/8142/8142/playlist.m3u8,RadioOmegaTV.hn@SD,,,,https://i.ibb.co/nfJhQMx/Bj7qf5-Tb-Z9.jpg,Entertainment,1920x1080,iptv-org-all.txt,1359,200,成功,h264,60.0,有音频,1.518,8,8
Monterrico TV (1080p) [Not 24/7],https://www.opencaster.com/resources/hls_stream/hipodromojcp2.m3u8,MonterricoTV.pe@SD,,,,https://i.imgur.com/SuVO9T7.png,Sports,,iptv-org-all.txt,1356,200,成功,h264,,有音频,2.250,7,7
One,https://2-fss-1.streamhoster.com/pl_148/201830-1293592-1/playlist.m3u8,One.mt@SD,,,,https://i.imgur.com/UPlfzFx.png,General,1280x720,iptv-org-all.txt,101,200,成功,h264,25.0,有音频,1.081,8,8
MTV Classic,http://cfd-v4-service-channel-stitcher-use1-1.prd.pluto.tv/stitch/hls/channel/654100b4bdf3cf0008aa49c7/master.m3u8?appName=web&appVersion=unknown&clientTime=0&deviceDNT=0&deviceId=2c7b17f8-35fc-11ef-a031-2b5d494037a2&deviceMake=Chrome&deviceModel=web&deviceType=web&deviceVersion=unknown&includeExtendedEvents=false&serverSideAds=false&sid=0f6e1478-21f2-4086-89a2-f5bf724e1c45,MTVClassic.us@Canada,,,,https://upload.wikimedia.org/wikipedia/commons/thumb/1/10/MTV_Classic_US.svg/512px-MTV_Classic_US.svg.png,Music,426x240,iptv-org-all.txt,221,200,成功,h264,30.0,有音频,1.679,117,93
Mr. Bean Animated (1080p),https://amg00627-amg00627c23-samsung-au-4110.playouts.now.amagi.tv/playlist.m3u8,,,,,,Undefined,1920x1080,iptv-org-all.txt,1195,200,成功,h264,25.0,有音频,1.535,36,28
MTV en Español,http://cfd-v4-service-channel-stitcher-use1-1.prd.pluto.tv/stitch/hls/channel/5cf96d351652631e36d4331f/master.m3u8?appName=web&appVersion=unknown&clientTime=0&deviceDNT=0&deviceId=6c2a02e9-30d3-11ef-9cf5-e9ddff8ff496&deviceMake=Chrome&deviceModel=web&deviceType=web&deviceVersion=unknown&includeExtendedEvents=false&serverSideAds=false&sid=dcbebf0b-626f-449a-85cf-4ce663af39d1,MTVenEspanol.us@SD,,,,https://i.imgur.com/vQWWfyW.png,Entertainment,426x240,iptv-org-all.txt,27,200,成功,h264,30.0,有音频,1.115,117,93
MTV Ridiculousness,http://cfd-v4-service-channel-stitcher-use1-1.prd.pluto.tv/stitch/hls/channel/5f9847fd513250000728a9a5/master.m3u8?appName=web&appVersion=unknown&clientTime=0&deviceDNT=0&deviceId=bc84b6d6-4b91-11ef-8a44-83c5e90e038f&deviceMake=Chrome&deviceModel=web&deviceType=web&deviceVersion=unknown&includeExtendedEvents=false&serverSideAds=false&sid=0c3ba8fb-636a-42a9-a5aa-febbf26f4628,,,,,,Undefined,426x240,iptv-org-all.txt,120,200,成功,h264,30.0,有音频,1.712,117,93
Olelo Community Media Channel 49 (720p),https://cdn3.wowza.com/5/V2Y2VmhqMEFDTUkx/olelo/G0125_009/playlist.m3u8,Olelo49.us@SD,,,,https://i.imgur.com/4C5Xp8M.png,Legislative,1280x720,iptv-org-all.txt,64,200,成功,h264,25.0,有音频,0.703,8,8
NG Federal (720p),http://www.coninfo.net:1935/tvlink/live/playlist.m3u8,NGFederal.ar@SD,,,,https://i.imgur.com/lJCIqYn.png,General,1280x720,iptv-org-all.txt,1462,200,成功,h264,25.0,有音频,1.574,8,8
Omstars (1080p),https://d1too6m5v9oyet.cloudfront.net/scheduler/scheduleMaster/281.m3u8,,,,,,Undefined,960x540,iptv-org-all.txt,1098,200,成功,h264,29.97002997002997,有音频,2.090,68,56
NETALKOLE TV (720p) [Not 24/7],https://watch.haitilive.net/naktvhd/index.m3u8,,,,,,Undefined,1024x576,iptv-org-all.txt,822,200,成功,h264,25.0,有音频,0.528,8,8
NEW K-POP (1080p),https://newidco-newkid-1-eu.xiaomi.wurl.tv/playlist.m3u8,NEWKPOP.us@SD,,,,https://i.imgur.com/B7ILXMc.png,Music,1920x1080,iptv-org-all.txt,1304,200,成功,h264,29.97002997002997,有音频,1.499,8,8
Mijas 3.40TV (720p),https://streaming004.gestec-video.com/hls/MIJAS.m3u8,Mijas340TV.es@SD,,,,https://i.imgur.com/RH1zLLs.png,General,1280x720,iptv-org-all.txt,1717,200,成功,h264,25.0,有音频,2.545,8,8
Now TV 102.3FM Edmonton (CKNO-FM),https://videostream.jpbgdigital.com/NOWTV.m3u8,CKNOFM.ca@SD,,,,https://i.imgur.com/sF2g7KE.png,Music,1096x616,iptv-org-all.txt,1209,200,成功,h264,30.0,有音频,1.362,20,20
Montreal Greek TV (480p),http://live.greektv.ca/hls1/greektv.m3u8,MontrealGreekTV.ca@SD,,,,https://i.imgur.com/Y5YnUit.png,Culture,640x480,iptv-org-all.txt,1166,200,成功,h264,29.97002997002997,有音频,1.462,9,9
News 12 New York,http://cfd-v4-service-channel-stitcher-use1-1.prd.pluto.tv/stitch/hls/channel/5fff49cfb5cd4f0007c2b0dc/master.m3u8?appName=web&appVersion=unknown&clientTime=0&deviceDNT=0&deviceId=6c2a5103-30d3-11ef-9cf5-e9ddff8ff496&deviceMake=Chrome&deviceModel=web&deviceType=web&deviceVersion=unknown&includeExtendedEvents=false&serverSideAds=false&sid=c438c5e4-4d4e-4037-8b44-c6782c44b796,News12NewYork.us@SD,,,,https://i.imgur.com/Ez7qAZP.png,News,426x240,iptv-org-all.txt,253,200,成功,h264,30.0,有音频,1.460,117,93
MTV Flow Latino,http://cfd-v4-service-channel-stitcher-use1-1.prd.pluto.tv/stitch/hls/channel/5d3609cd6a6c78d7672f2a81/master.m3u8?appName=web&appVersion=unknown&clientTime=0&deviceDNT=0&deviceId=6c2a29f0-30d3-11ef-9cf5-e9ddff8ff496&deviceMake=Chrome&deviceModel=web&deviceType=web&deviceVersion=unknown&includeExtendedEvents=false&serverSideAds=false&sid=85a85ad1-7bde-49e4-8ce9-39bcfed2588f,,,,,,Undefined,426x240,iptv-org-all.txt,141,200,成功,h264,30.0,有音频,1.448,117,93
Nasul TV (720p) [Not 24/7],https://live.nasul.tv/live/stream.m3u8,NasulTV.ro@SD,,,,https://i.imgur.com/MoguWme.png,General,1280x720,iptv-org-all.txt,1165,200,成功,h264,25.0,有音频,1.523,8,8
Number 1 Ask (720p),https://b01c02nl.mediatriple.net/videoonlylive/mtkgeuihrlfwlive/u_stream_5c9e18f9cea15_1/playlist.m3u8,Number1Ask.tr@SD,,,,https://i.imgur.com/slwbux7.png,Music,1280x720,iptv-org-all.txt,1840,200,成功,h264,25.0,有音频,3.758,16,12
Mohabat TV (540p),http://204.11.235.251:1935/live_transcoder/ngrp:mohabat.stream_all/playlist.m3u8,MohabatTV.ir@SD,,,,https://i.imgur.com/Ig0SPev.png,Religious,284x160,iptv-org-all.txt,72,200,成功,h264,25.0,有音频,0.920,9,9
Olelo Community Media Channel 53 (720p),https://cdn3.wowza.com/5/V2Y2VmhqMEFDTUkx/olelo/G0125_011/playlist.m3u8,Olelo53.us@SD,,,,https://i.imgur.com/xDuUrj9.png,Culture,1280x720,iptv-org-all.txt,116,200,成功,h264,25.0,有音频,0.668,8,8
Olam Metro TV (720p),https://netzerstreaming.com:4433/hls/olammetro/index.m3u8,OlamMetroTV.ni@SD,,,,https://i.imgur.com/dDZnyUA.jpeg,Religious,1280x720,iptv-org-all.txt,1074,200,成功,h264,29.97002997002997,有音频,2.144,8,8
Number 1 TV (720p),https://b01c02nl.mediatriple.net/videoonlylive/mtkgeuihrlfwlive/broadcast_5c9e17cd59e8b.smil/playlist.m3u8,Number1TV.tr@SD,,,,https://i.imgur.com/02cDIBi.png,Music,1280x720,iptv-org-all.txt,986,200,成功,h264,25.0,有音频,2.992,16,12
Onda Algeciras TV (576p),https://cloudtv.provideo.es/live/algecirastv-livestream.m3u8,OndaAlgeciras.es@SD,,,,https://i.imgur.com/kUhFkVF.png,General,1280x720,iptv-org-all.txt,1865,200,成功,h264,25.0,有音频,2.508,8,8
NG Radio TV (360p),https://67acccf130420.streamlock.net/ngradiotv/ngradiotv/playlist.m3u8,NGRadioTV.pr@SD,,,,https://i.imgur.com/KsNI3vQ.jpg,Religious,854x362,iptv-org-all.txt,1586,200,成功,h264,23.976023976023978,有音频,1.506,9,9
MTR (1080p),https://cdnsk003.panaccess.com/local/Ruzomberok/index.m3u8,MTR.sk@SD,,,,https://www.mtr.sk/img/logo-mtr-0.png,General,1920x1080,iptv-org-all.txt,687,200,成功,h264,25.0,有音频,2.928,8,8
Nieta TV,http://69.64.57.208/nieta/playlist.m3u8,NietaTV.ml@SD,,,,https://i.imgur.com/5RoXTaN.png,Religious,720x576,iptv-org-all.txt,84,200,成功,h264,25.0,有音频,0.346,38,32
MOVIEDOME,http://cfd-v4-service-channel-stitcher-use1-1.prd.pluto.tv/stitch/hls/channel/615c1e5ce3039400070a0547/master.m3u8?appName=web&appVersion=unknown&clientTime=0&deviceDNT=0&deviceId=84addd31-4b92-11ef-aece-533610f1ea34&deviceMake=Chrome&deviceModel=web&deviceType=web&deviceVersion=unknown&includeExtendedEvents=false&serverSideAds=false&sid=5bdf8fde-2533-4c16-b518-58e9777e93ca,Moviedome.us@Germany,,,,https://i.imgur.com/8c54ycg.png,Movies,426x240,iptv-org-all.txt,95,200,成功,h264,30.0,有音频,1.579,117,93
MTV Ridiculousness,http://cfd-v4-service-channel-stitcher-use1-1.prd.pluto.tv/stitch/hls/channel/5f9847fd513250000728a9a5/master.m3u8?appName=web&appVersion=unknown&clientTime=0&deviceDNT=0&deviceId=1b1eea52-4b81-11ef-a8ac-e146e4e7be02&deviceMake=Chrome&deviceModel=web&deviceType=web&deviceVersion=unknown&includeExtendedEvents=false&serverSideAds=false&sid=f7637460-bb95-4ce8-9c82-0af6b2f51601,MTVRidiculousness.us@Austria,,,,https://i.imgur.com/GIKkbjT.png,Entertainment,426x240,iptv-org-all.txt,238,200,成功,h264,30.0,有音频,1.985,29,23
Mr. Bean Anime Italy (1080p),https://amg00627-amg00627c29-rakuten-it-3989.playouts.now.amagi.tv/playlist/amg00627-banijayfast-mrbeanitcc-rakutenit/playlist.m3u8,,,,,,Undefined,1920x1080,iptv-org-all.txt,1368,200,成功,h264,25.0,有音频,2.700,76,60
Nueva Vida TV (720p),https://stream.nuevavidafm.net:3937/live/nuevavidalive.m3u8,NuevaVidaFM.pr@SD,,,,https://i.ibb.co/3mbZWyN/nav-Bar-title-Image-iphone6plus.png,Music;Religious,1280x720,iptv-org-all.txt,882,200,成功,h264,,有音频,0.834,9,9
Nour Al Sharq (576p),https://svs.itworkscdn.net/nour8satlive/livestream/playlist.m3u8,NourAlSharq.lb@SD,,,,https://i.imgur.com/EEy2dUr.png,Religious,1024x576,iptv-org-all.txt,1419,200,成功,h264,25.0,有音频,1.965,8,8
MCI Televisión (1080p),https://video.ejeserver.com/live/mcitelevision.m3u8,MCITelevision.co@SD,,,,https://pbs.twimg.com/profile_images/1836009952420274177/FfYonU6r_400x400.jpg,Family;General;Movies,1920x1080,iptv-org-all.txt,1277,200,成功,h264,30.0,有音频,0.561,68,56
Moorpark Government Channel (360p),https://cdn3.wowza.com/5/cXdyRHF0Z3kxN0k2/moorpark/G0086_003/playlist.m3u8,MPTV.us@SD,,,,https://i.imgur.com/OOQqMQz.png,Legislative,480x360,iptv-org-all.txt,1072,200,成功,h264,25.0,有音频,1.194,9,9
Nitida TV (720p) [Not 24/7],https://vs20.live.opencaster.com/bznudxxdtppv/index.m3u8,NitidaTV.do@SD,,,,https://i.imgur.com/z9JkxcM.png,Entertainment,1280x720,iptv-org-all.txt,739,200,成功,h264,29.97002997002997,有音频,0.976,8,8
More TV Drama,http://cfd-v4-service-channel-stitcher-use1-1.prd.pluto.tv/stitch/hls/channel/613260e4bdb71c00070d63fa/master.m3u8?appName=web&appVersion=unknown&clientTime=0&deviceDNT=0&deviceId=6c29dbd7-30d3-11ef-9cf5-e9ddff8ff496&deviceMake=Chrome&deviceModel=web&deviceType=web&deviceVersion=unknown&includeExtendedEvents=false&serverSideAds=false&sid=f1dbd4b6-a07d-4f52-b7b5-f1c84ee32628,MoreTVDrama.us@SD,,,,https://i.imgur.com/Tw3rTxP.png,Entertainment,426x240,iptv-org-all.txt,44,200,成功,h264,30.0,有音频,1.313,77,61
New Canaan Television 79 (NCTV79) (New Canaan CT) (1080p),https://livestream.telvue.com/nctv791/f7b44cfafd5c52223d5498196c8a2e7b.sdp/playlist.m3u8,NCTV79.us@SD,,,,https://i.imgur.com/64sZVF9.jpg,General,512x288,iptv-org-all.txt,384,200,成功,h264,29.97002997002997,有音频,3.549,21,21
NBC Sports Philadelphia (720p) [Not 24/7],https://tvpass.org/live/nbc-sports-philadelphia/hd,NBCSportsPhiladelphia.us@SD,,,,https://upload.wikimedia.org/wikipedia/commons/thumb/0/01/NBC_Sports_Philadelphia.png/512px-NBC_Sports_Philadelphia.png,Sports,1280x720,iptv-org-all.txt,2314,503,成功,h264,30.0,无音频,2.927,122,98
Nour Mariam (576p),https://svs.itworkscdn.net/nour9satlive/livestream/playlist.m3u8,NourMariam.lb@SD,,,,https://i.imgur.com/Ow5Lqh6.jpg,Religious,1024x576,iptv-org-all.txt,1291,200,成功,h264,25.0,有音频,1.237,8,8
MovieSphere (1080p),https://amg00353-amg00353c32-samsung-nz-3588.playouts.now.amagi.tv/playlist.m3u8,,,,,,Undefined,1920x1080,iptv-org-all.txt,1016,200,成功,h264,29.97002997002997,有音频,1.739,38,32
Moviepilot TV mit Pluto TV,http://cfd-v4-service-channel-stitcher-use1-1.prd.pluto.tv/stitch/hls/channel/65a67d572fac9c000835eb3a/master.m3u8?appName=web&appVersion=unknown&clientTime=0&deviceDNT=0&deviceId=84addd32-4b92-11ef-aece-533610f1ea34&deviceMake=Chrome&deviceModel=web&deviceType=web&deviceVersion=unknown&includeExtendedEvents=false&serverSideAds=false&sid=fcc33217-17d7-4dc5-9361-70dd91fef90e,,,,,,Undefined,426x240,iptv-org-all.txt,42,200,成功,h264,30.0,有音频,2.046,9,9
NOOS TV (720p),https://ms2.mx-cd.net/tv/276-2860564/Omroep_NOOS.smil/playlist.m3u8,NOOSTV.nl@SD,,,,https://i.imgur.com/X8xLcpT.png,General,1280x720,iptv-org-all.txt,901,200,成功,h264,25.0,有音频,4.025,8,8
Nour El Shabeb,https://svs.itworkscdn.net/nour3satlive/livestream/playlist.m3u8,NourElShabeb.lb@SD,,,,https://i.postimg.cc/Y9qqCgpv/nourelshabeb.png,Religious,1280x720,iptv-org-all.txt,1484,200,成功,h264,25.0,有音频,1.863,8,8
Negocios TV (1080p),https://streaming013.gestec-video.com/hls/negociostv.m3u8,NegociosTV.es@SD,,,,https://m.media-amazon.com/images/I/21HEgSJn2gL.png,Business,1280x720,iptv-org-all.txt,1162,200,成功,h264,25.0,有音频,2.627,8,8
OK Flensburg (576p),https://live-cdn.oksh.de/play/hls/flensburgtv/index.m3u8,OKFlensburg.de@SD,,,,https://i.imgur.com/NPbfgQC.png,General,720x576,iptv-org-all.txt,1690,200,成功,h264,25.0,有音频,2.482,26,20
Monroe County Television MCTV (Monroe County FL) (1080p),https://castus-vod-dev.s3.amazonaws.com/vod_clients/monroe/live/ch1/video.m3u8,MonroeCountyTV.us@SD,,,,https://i.imgur.com/YJfzdSu.png,Legislative,1920x1080,iptv-org-all.txt,954,200,成功,h264,29.97002997002997,有音频,0.409,8,8
NotiUno TV (854p) [Not 24/7],https://59a564764e2b6.streamlock.net/notiunotv/notiunotv/playlist.m3u8,NotiUnoTV.pr@SD,,,,https://i.imgur.com/qNdywBT.png,News,640x360,iptv-org-all.txt,1933,200,成功,h264,29.97002997002997,有音频,2.898,9,9
OK Kiel (576p),https://live-cdn.oksh.de/play/hls/kieltv/index.m3u8,OKKiel.de@SD,,,,https://i.imgur.com/eToHabX.png,General,1280x720,iptv-org-all.txt,1384,200,成功,h264,25.0,有音频,2.607,8,8
Nour Al Koddas (406p) [Not 24/7],https://svs.itworkscdn.net/nour1satlive/livestream/playlist.m3u8,NourAlKoddass.lb@SD,,,,https://i.imgur.com/dF4Mvts.png,Religious,1024x576,iptv-org-all.txt,1787,200,成功,h264,25.0,有音频,1.940,8,8
Midpen Media Center Government etc Channel 26 (720p),https://5c2974786200d.streamlock.net/live-chan26/ngrp:ch26_all/playlist.m3u8,MidpenMediaCenterChannel26.us@SD,,,,https://i.imgur.com/aX1GkCD.png,Undefined,1280x720,iptv-org-all.txt,1228,200,成功,h264,,有音频,4.043,9,9
My Money (1080p),https://d3bqd6nz14unwy.cloudfront.net/scheduler/scheduleMaster/468.m3u8,,,,,,Undefined,960x540,iptv-org-all.txt,819,200,成功,h264,29.97002997002997,有音频,1.958,16,12
Ondambiental TV (360p),https://stmv4.voxtvhd.com.br/ondastereo/ondastereo/playlist.m3u8,OndambientalTV.co@SD,,,,https://i.imgur.com/u5804Au.jpg,Culture;Music,640x360,iptv-org-all.txt,1197,200,成功,h264,25.0,有音频,0.807,9,9
Midpen Media Center Government etc Channel 29 (720p),https://5c2974786200d.streamlock.net/live-chan29/ngrp:ch29_all/playlist.m3u8,MidpenMediaCenterChannel29.us@SD,,,,https://i.imgur.com/RPJiolQ.png,Legislative,1280x720,iptv-org-all.txt,1101,200,成功,h264,,有音频,4.214,129,105
Noursat English (576p),https://svs.itworkscdn.net/noursatenglive/noursateng.smil/playlist.m3u8,NoursatEnglish.lb@SD,,,,https://i.postimg.cc/h4YPKfNG/noursatenglish.png,Religious,1024x576,iptv-org-all.txt,828,200,成功,h264,25.0,有音频,2.151,8,8
MCN6 Arts Channel (1080p) [Not 24/7],https://d18fcxaqfnwjhj.cloudfront.net/CDN_Ingest/MCN6_COMEDY.smil/Playlist.m3u8,MCN6ArtsChannel.us@SD,,,,https://i.imgur.com/j6IiysJ.png,Culture;Education,1920x1080,iptv-org-all.txt,1208,200,成功,h264,30.0,有音频,0.664,8,8
MyTime Movie Network Germany (1080p),https://appletree-mytimemoviegerman-rakuten.amagi.tv/playlist.m3u8,,,,,,Undefined,1920x1080,iptv-org-all.txt,527,200,成功,h264,29.97002997002997,有音频,1.666,8,8
MKK Web TV (720p) [Not 24/7],https://video01.logicahost.com.br/mkkwebtv/mkkwebtv/playlist.m3u8,MKKWebTV.br@SD,,,,https://i.imgur.com/A8Yhtid.png,General,640x360,iptv-org-all.txt,1980,200,成功,h264,23.976023976023978,有音频,4.290,10,10
Mohabat TV (540p),http://media.mohabat.tv:1935/live_transcoder/ngrp:mohabat.stream_all/playlist.m3u8,MohabatTV.us@SD,,,,https://i.imgur.com/tucTC1O.jpg,Religious,284x160,iptv-org-all.txt,349,200,成功,h264,25.0,有音频,1.251,9,9
NBC Sports Boston (1080p) [Not 24/7],https://tvpass.org/live/nbc-sports-boston/hd,NBCSportsBoston.us@SD,,,,https://upload.wikimedia.org/wikipedia/commons/thumb/9/93/NBC_Sports_Boston.png/512px-NBC_Sports_Boston.png,Sports,1280x720,iptv-org-all.txt,2488,200,成功,h264,30.0,无音频,2.676,122,98
MCN6 (1080p) [Not 24/7],https://d18fcxaqfnwjhj.cloudfront.net/CDN_Ingest/MCN6_MAIN.smil/Playlist.m3u8,MCN6MainChannel.us@SD,,,,https://i.imgur.com/j6IiysJ.png,Entertainment;General,1280x720,iptv-org-all.txt,1348,200,成功,h264,59.94005994005994,有音频,0.538,8,8
OneFM (720p) [Not 24/7],https://hms.pfs.gdn/v1/broadcast/onefm/playlist.m3u8,OneFM.lb@SD,,,,https://i.ibb.co/Vp2G9wTz/onefmlb.png,Music,1920x1080,iptv-org-all.txt,731,200,成功,h264,24.0,有音频,0.777,9,9
NBC Sports Bay Area (720p) [Not 24/7],https://tvpass.org/live/nbc-sports-bay-area/hd,NBCSportsBayArea.us@SD,,,,https://i.imgur.com/MTgUVKx.png,Sports,1280x720,iptv-org-all.txt,2493,200,成功,h264,30.0,无音频,2.745,76,60
MiTV (720p),https://rds3.desdeparaguay.net/mitv/mitv/playlist.m3u8,MiTV.py@SD,,,,https://i.imgur.com/sgrEt9z.png,Undefined,1920x1080,iptv-org-all.txt,937,200,成功,h264,29.97002997002997,有音频,1.675,8,8
Nativa (720p) [Not 24/7],https://oneplay.iptvperu.tv:1936/static/nativa1.stream/chunks.m3u8,Nativa.pe@SD,,,,https://i.imgur.com/Y9k9XSO.png,General,1280x720,iptv-org-all.txt,1703,200,成功,h264,30.0,有音频,2.742,8,8
Mechplus (720p),https://mechtvltd-mechplus-1-dk.samsung.wurl.tv/playlist.m3u8,,,,,,Undefined,1280x720,iptv-org-all.txt,585,200,成功,h264,29.97002997002997,有音频,0.919,8,8
Nautical Channel (720p),https://a-cdn.klowdtv.com/live2/nautical_720p/playlist.m3u8,NauticalChannel.it@SD,,,,https://i.imgur.com/2ByDyzL.png,Sports,1280x720,iptv-org-all.txt,286,200,成功,h264,25.0,有音频,1.153,8,8
MONO 29 (1080p),https://monomax-uiripn.cdn.byteark.com/plain/th/1080p/index.m3u8,MONO29.th@SD,,,,https://upload.wikimedia.org/wikipedia/commons/d/d5/Mono_29_Logo.png,Entertainment,1920x1080,iptv-org-all.txt,1134,200,成功,h264,50.0,有音频,1.051,8,8
Moon TV (720p),https://player.mslivestream.net/mslive/e10bb900976df9177b9a080314f26f86.sdp/index.m3u8,MoonTV.in@SD,,,,https://i.imgur.com/3l25EZI.png,News,1280x720,iptv-org-all.txt,1643,200,成功,h264,25.0,有音频,1.822,8,8
MTV TV,https://raw.githubusercontent.com/UzunMuhalefet/streams/refs/heads/main/myvideo-az/mtv-azerbaycan.m3u8,,,,,,Undefined,1920x1080,iptv-org-all.txt,813,200,成功,h264,50.0,有音频,1.504,24,20
NickToons (720p),http://143.244.60.30/NICKTOONS/index.m3u8,Nicktoons.us@East,,,,https://upload.wikimedia.org/wikipedia/commons/thumb/f/f8/Nicktoons_Network_logo_2009.svg/512px-Nicktoons_Network_logo_2009.svg.png,Kids,1280x720,iptv-org-all.txt,44,200,成功,h264,59.94005994005994,有音频,0.281,8,8
Nosey (1080p),https://nosey-intl-1-samsungau.amagi.tv/playlist.m3u8,Nosey.us@US,,,,https://i.imgur.com/i5doCQK.png,Series,1920x1080,iptv-org-all.txt,1205,200,成功,h264,29.97002997002997,有音频,1.537,8,8
Nim TV (720p) [Not 24/7],https://cdn.streamhispanatv.net:3210/live/nimtvgtlive.m3u8,NimTV.gt@SD,,,,https://i.imgur.com/mBNOSzl.png,General,1280x720,iptv-org-all.txt,662,200,成功,h264,29.97002997002997,有音频,0.834,8,8
Ondas Quevedeñas TV (720p) [Not 24/7],https://stmv6.voxtvhd.com.br/radiosuprema/radiosuprema/playlist.m3u8,OndasQuevedenasTV.ec@SD,,,,https://i.imgur.com/K9pW0LA.jpeg,General,1280x720,iptv-org-all.txt,1100,200,成功,h264,29.97002997002997,有音频,1.014,8,8
Muzangala TV (1080p),https://5cf4a2c2512a2.streamlock.net/tvmuzangala/tvmuzangala/playlist.m3u8,MuzangalaTV.ao@SD,,,,https://i.imgur.com/fBeaJoS.png,Music,848x480,iptv-org-all.txt,1449,200,成功,h264,,有音频,1.089,9,9
Mission Impossible,http://cfd-v4-service-channel-stitcher-use1-1.prd.pluto.tv/stitch/hls/channel/634fe5afece2e60007c9d8b8/master.m3u8?appName=web&appVersion=unknown&clientTime=0&deviceDNT=0&deviceId=bc8468b4-4b91-11ef-8a44-83c5e90e038f&deviceMake=Chrome&deviceModel=web&deviceType=web&deviceVersion=unknown&includeExtendedEvents=false&serverSideAds=false&sid=ba63718b-58e5-4710-8f32-86c6af58620d,,,,,,Undefined,640x360,iptv-org-all.txt,34,200,成功,h264,30.0,有音频,1.215,129,105
Mechplus (720p),https://mechtvltd-mechplus-1-fi.samsung.wurl.tv/playlist.m3u8,,,,,,Undefined,1280x720,iptv-org-all.txt,559,200,成功,h264,29.97002997002997,有音频,1.061,8,8
Mundo Viajero,http://cfd-v4-service-channel-stitcher-use1-1.prd.pluto.tv/stitch/hls/channel/60511efd71ec430007f50d97/master.m3u8?appName=web&appVersion=unknown&clientTime=0&deviceDNT=0&deviceId=6c2a29f6-30d3-11ef-9cf5-e9ddff8ff496&deviceMake=Chrome&deviceModel=web&deviceType=web&deviceVersion=unknown&includeExtendedEvents=false&serverSideAds=false&sid=e048dd46-54cc-485e-b0d7-5ee578a0a861,MundoViajero.us@SD,,,,https://i.imgur.com/lW74nDH.png,Culture,640x360,iptv-org-all.txt,31,200,成功,h264,30.0,有音频,1.295,117,93
NTD TV Asia-Pacific,https://live.ntdtv.com/aplive200/playlist.m3u8,NTDTVAsiaPacific.us@SD,,,,https://i.imgur.com/iyFXcDy.png,General,854x480,iptv-org-all.txt,381,200,成功,h264,29.97002997002997,有音频,0.443,8,8
Omroep Lingewaard (720p),https://58c04fb1d143f.streamlock.net/omroeplingewaard_1/omroeplingewaard_1/playlist.m3u8,OmroepLingewaard.nl@SD,,,,https://i.imgur.com/FqyTFVN.png,General,1280x720,iptv-org-all.txt,1203,200,成功,h264,50.0,有音频,3.477,8,8
ON Vie Drama,http://dvrfl05.bozztv.com/vch_vchannel18/index.m3u8,ONVieDrama.vn@SD,,,,https://i.postimg.cc/3J83gWVQ/ON-Vie-Dramas.png,Entertainment,1280x720,iptv-org-all.txt,1038,200,成功,h264,25.0,有音频,0.395,8,8
Miami Beach Tv (MBTV) (Miami Beach FL) (720p),https://edge-f.swagit.com/live/miamibeachfl/live-1-a/playlist.m3u8,MBTV.us@SD,,,,https://i.imgur.com/LyqFr9E.png,Legislative,1280x720,iptv-org-all.txt,1286,200,成功,h264,30.0,有音频,0.371,8,8
Melody,https://raw.githubusercontent.com/Sibprod/streams/main/ressources/dm/py/hls/radiokaraoke.m3u8,Melody.fr@SD,,,,https://i.imgur.com/9GVyQ6x.png,Music,320x184,iptv-org-all.txt,40,200,成功,h264,30.0,有音频,1.683,9,9
Mechplus (720p),https://mechtvltd-mechplus-1-nl.samsung.wurl.tv/playlist.m3u8,,,,,,Undefined,1280x720,iptv-org-all.txt,366,200,成功,h264,29.97002997002997,有音频,1.100,8,8
MTV Teen Mom,http://cfd-v4-service-channel-stitcher-use1-1.prd.pluto.tv/stitch/hls/channel/5cffcf5686dfe15595fb3f56/master.m3u8?appName=web&appVersion=unknown&clientTime=0&deviceDNT=0&deviceId=1b1eea55-4b81-11ef-a8ac-e146e4e7be02&deviceMake=Chrome&deviceModel=web&deviceType=web&deviceVersion=unknown&includeExtendedEvents=false&serverSideAds=false&sid=7d2ddc91-5fb2-44c2-aeed-f44a38cfe217,MTVTeenMom.us@Austria,,,,https://i.imgur.com/6EzdThG.png,Series,426x240,iptv-org-all.txt,83,200,成功,h264,30.0,有音频,1.380,129,105
Multivision Federal,https://panel.host-live.com:19360/8250/8250.m3u8,MultivisionFederal.ar@SD,,,,https://i.imgur.com/jX0lqy3.png,News,1280x720,iptv-org-all.txt,1013,200,成功,h264,30.0,有音频,2.002,8,8
Padang TV (720p) [Not 24/7],http://122.248.43.242:1935/PADANGTV/_definst_/myStream/playlist.m3u8,PadangTV.id@SD,,,,https://i.imgur.com/EL2BfxY.png,General,1280x720,iptv-org-all.txt,591,200,成功,h264,25.0,有音频,2.449,8,8
PONTV (720p),http://122.248.43.242:1935/PONTV/_definst_/myStream/playlist.m3u8,PONTV.id@SD,,,,https://i.imgur.com/P5erWzm.png,Undefined,1280x720,iptv-org-all.txt,394,200,成功,h264,50.0,有音频,2.486,8,8
Pluto TV Archivos Forenses (720p),https://service-stitcher.clusters.pluto.tv/v1/stitch/embed/hls/channel/5f984f4a09e92d0007d74647/master.m3u8?advertisingId=channel&appName=rokuchannel&appVersion=1.0&bmodel=bm1&content=channel&content_rating=ROKU_ADS_CONTENT_RATING&content_type=livefeed&coppa=false&deviceDNT=1&deviceId=channel&deviceMake=rokuChannel&deviceModel=web&deviceType=rokuChannel&deviceVersion=1.0&embedPartner=rokuChannel&is_lat=1&platform=web&rdid=channel&tags=ROKU_CONTENT_TAGS,ArchivosForenses.us@Spain,,,,https://i.imgur.com/Pxrl9Ug.png,Documentary,426x240,iptv-org-all.txt,320,200,成功,h264,30.0,有音频,5.150,37,29
Play TV (720p) [Not 24/7],http://connectiktv.ddns.net:5000/playtv/@playtv/playlist.m3u8,PlayTV.cm@SD,,,,https://i.imgur.com/1dmBqpf.png,Music,1280x720,iptv-org-all.txt,1676,200,成功,h264,25.0,有音频,1.801,8,8
Rararadio (720p),https://58c04fb1d143f.streamlock.net/rararadio/rararadio/playlist.m3u8,Rararadio.nl@SD,,,,https://i.imgur.com/vTpfxUG.png,Music,1920x1080,iptv-org-all.txt,2340,200,成功,h264,30.0,有音频,4.818,8,8
Paraíso TV (720p),https://stream.eleden.com/livewtpm/ngrp:livewtpm_all/playlist.m3u8,ParaisoTV.pr@SD,,,,https://i.imgur.com/wE31GIP.jpg,Religious,426x240,iptv-org-all.txt,1872,200,成功,h264,29.97002997002997,有音频,2.385,9,9
Radio 51 TV (480p) [Geo-blocked],http://178.32.140.155/canale51/canale51/playlist.m3u8,Radio51TV.it@SD,,,,https://i.imgur.com/UupkBt6.png,Undefined,720x576,iptv-org-all.txt,438,200,成功,h264,50.0,有音频,1.520,8,8
Pluto TV Kids Animation,http://cfd-v4-service-channel-stitcher-use1-1.prd.pluto.tv/stitch/hls/channel/5f8eba14a4ffb8000764e950/master.m3u8?appName=web&appVersion=unknown&clientTime=0&deviceDNT=0&deviceId=8e04dc42-1f2c-11ef-86d8-5d587df108c6&deviceMake=Chrome&deviceModel=web&deviceType=web&deviceVersion=unknown&includeExtendedEvents=false&serverSideAds=false&sid=1894d5d0-76ab-4321-9f74-30abda806f6e,PlutoTVKidsAnimation.us@France,,,,https://i.imgur.com/l1d9j4d.png,Kids,1280x720,iptv-org-all.txt,355,200,成功,h264,30.0,有音频,1.943,116,92
Pluto TV Turma da Mônica (720p),https://service-stitcher.clusters.pluto.tv/v1/stitch/embed/hls/channel/5f997e44949bc70007a6941e/master.m3u8?advertisingId=channel&appName=rokuchannel&appVersion=1.0&bmodel=bm1&channel_id=channel&content=channel&content_rating=ROKU_ADS_CONTENT_RATING&content_type=livefeed&coppa=false&deviceDNT=1&deviceId=channel&deviceMake=rokuChannel&deviceModel=web&deviceType=rokuChannel&deviceVersion=1.0&embedPartner=rokuChannel&genre=ROKU_ADS_CONTENT_GENRE&is_lat=1&platform=web&rdid=channel&studio_id=viacom&tags=ROKU_CONTENT_TAGS,TurmadaMonica.us@Brazil,,,,https://i.imgur.com/nrvPPrW.png,Kids,426x240,iptv-org-all.txt,272,200,成功,h264,30.0,有音频,2.579,129,105
Popflix (720p),https://signatureentertainment-popflix-1-gb.rakuten.wurl.tv/playlist.m3u8,,,,,,Undefined,1280x720,iptv-org-all.txt,1225,200,成功,h264,29.97002997002997,有音频,2.442,16,12
Pluto TV Polizeiserien,http://cfd-v4-service-channel-stitcher-use1-1.prd.pluto.tv/stitch/hls/channel/64be64445dc166000899ce75/master.m3u8?appName=web&appVersion=unknown&clientTime=0&deviceDNT=0&deviceId=1b1ffbc3-4b81-11ef-a8ac-e146e4e7be02&deviceMake=Chrome&deviceModel=web&deviceType=web&deviceVersion=unknown&includeExtendedEvents=false&serverSideAds=false&sid=52239dde-3e69-4840-8825-c224d9ed739a,,,,,,Undefined,426x240,iptv-org-all.txt,71,200,成功,h264,30.0,有音频,4.630,117,93
Pinole Community Television (PCTV) Channel 26 (Pinole CA) (480p),https://cdn3.wowza.com/5/cXdyRHF0Z3kxN0k2/pinole/G0032_004/playlist.m3u8,PCTV26.us@SD,,,,https://i.imgur.com/3tMAQU7.png,Legislative,640x480,iptv-org-all.txt,478,200,成功,h264,25.0,有音频,1.320,157,129
R Plus Gold (720p),https://cdn-4.pishow.tv/live/1231/master.m3u8,RPlusGold.in@SD,,,,https://i.imgur.com/dpI7XPC.png,Undefined,,iptv-org-all.txt,890,200,成功,h264,,有音频,12.117,38,34
Parnian TV (720p),https://live2.parnian.tv/hls/.m3u8,ParnianTV.ca@SD,,,,https://i.imgur.com/J8ejADF.png,General,1280x720,iptv-org-all.txt,1351,200,成功,h264,30.0,有音频,1.394,66,56
Panc TV Peru (1080p),https://panel.host-live.com:19360/20000/20000.m3u8,PancTVPeru.pe@SD,,,,https://play-lh.googleusercontent.com/-FVhaeUjvONL49NYdVMchoLXU421387791mp8zZ15JFic_kPyb3vULf86ffIr-NeOg,Entertainment,720x404,iptv-org-all.txt,2345,200,成功,h264,10.0,有音频,3.198,9,9
Pinole Community Television (PCTV) Channel 28 (Pinole CA) (480p),https://cdn3.wowza.com/5/cXdyRHF0Z3kxN0k2/pinole/G0032_002/playlist.m3u8,PCTV28.us@SD,,,,https://i.imgur.com/WahZg3L.png,General,640x360,iptv-org-all.txt,430,200,成功,h264,25.0,有音频,1.365,67,57
Ovacion TV (720p) [Not 24/7],http://cdn2.ujjina.com:1935/iptvovacion1/liveovacion1tv/playlist.m3u8,OvacionTV.pe@SD,,,,https://i.imgur.com/7Xndgxk.png,Sports,1920x1080,iptv-org-all.txt,417,200,成功,h264,29.97002997002997,有音频,0.927,8,8
Pluto TV Crime,http://cfd-v4-service-channel-stitcher-use1-1.prd.pluto.tv/stitch/hls/channel/5e7b6c60fd20c50007910bf5/master.m3u8?appName=web&appVersion=unknown&clientTime=0&deviceDNT=0&deviceId=84ae7973-4b92-11ef-aece-533610f1ea34&deviceMake=Chrome&deviceModel=web&deviceType=web&deviceVersion=unknown&includeExtendedEvents=false&serverSideAds=false&sid=69be320f-69fa-4e89-9e79-4dce587a0151,PlutoTVCrime.us@Germany,,,,https://i.imgur.com/QwEpDY9.png,Documentary,426x240,iptv-org-all.txt,94,200,成功,h264,30.0,有音频,3.614,129,105
Out TV Proud,http://cfd-v4-service-channel-stitcher-use1-1.prd.pluto.tv/stitch/hls/channel/6368e15a51e9560007c592ed/master.m3u8?appName=web&appVersion=unknown&clientTime=0&deviceDNT=0&deviceId=2c7b6614-35fc-11ef-a031-2b5d494037a2&deviceMake=Chrome&deviceModel=web&deviceType=web&deviceVersion=unknown&includeExtendedEvents=false&serverSideAds=false&sid=48221a4e-19a7-43c2-952b-2a59f488a79d,,,,,,Undefined,426x240,iptv-org-all.txt,260,200,成功,h264,30.0,有音频,5.053,117,93
Rakuten TV Drama Movies UK (1080p),https://fee09fd665814f51b939b6d106cf5f66.mediatailor.eu-west-1.amazonaws.com/v1/master/0547f18649bd788bec7b67b746e47670f558b6b2/production-LiveChannel-6093/master.m3u8,RakutenTVDramaMovies.es@UK,,,,https://i.imgur.com/Meew6eX.png,Movies,1920x1080,iptv-org-all.txt,2117,200,成功,h264,25.0,有音频,8.213,86,68
Persiana Music,https://musichls.persiana.live/hls/stream.m3u8,4Music.fr@SD,,,,https://i.postimg.cc/W1XctWXT/4music-01.jpg,Music,1280x720,iptv-org-all.txt,2177,200,成功,h264,25.0,有音频,2.679,8,8
Radio Turrialba TV Sports (576p) [Geo-blocked],https://live21.bozztv.com/akamaissh101/ssh101/turrialbatv/playlist.m3u8,RadioTurrialbaTVSports.cr@SD,,,,https://i.imgur.com/2ZcUXbE.png,Sports,1280x720,iptv-org-all.txt,48,200,成功,h264,30.0,有音频,1.146,8,8
OTV,https://5dcabf026b188.streamlock.net/OceansTV/livestream/playlist.m3u8,OTV.gh@SD,,,,https://pbs.twimg.com/profile_images/1034118312437919744/emeWo-ag_400x400.jpg,Entertainment,720x576,iptv-org-all.txt,1378,200,成功,h264,25.0,有音频,2.021,8,8
Pluto TV Catastrophe,http://cfd-v4-service-channel-stitcher-use1-1.prd.pluto.tv/stitch/hls/channel/65a69ef53af63d000825e0ee/master.m3u8?appName=web&appVersion=unknown&clientTime=0&deviceDNT=0&deviceId=8e074d42-1f2c-11ef-86d8-5d587df108c6&deviceMake=Chrome&deviceModel=web&deviceType=web&deviceVersion=unknown&includeExtendedEvents=false&serverSideAds=false&sid=68b1c3a0-a3f2-41b3-ae05-e83e4e687617,,,,,,Undefined,426x240,iptv-org-all.txt,78,200,成功,h264,30.0,有音频,3.969,117,93
Pluto TV Horror,http://cfd-v4-service-channel-stitcher-use1-1.prd.pluto.tv/stitch/hls/channel/62f4f4b88157cf00075c22db/master.m3u8?appName=web&appVersion=unknown&clientTime=0&deviceDNT=0&deviceId=bc855319-4b91-11ef-8a44-83c5e90e038f&deviceMake=Chrome&deviceModel=web&deviceType=web&deviceVersion=unknown&includeExtendedEvents=false&serverSideAds=false&sid=06931d84-a426-40a9-a48b-79153be696f3,,,,,,Undefined,426x240,iptv-org-all.txt,75,200,成功,h264,30.0,有音频,4.659,37,29
Orler TV (420p) [Not 24/7],https://w1.mediastreaming.it/orlertv/livestream/playlist.m3u8,OrlerTV.it@SD,,,,https://i.postimg.cc/RZH2z89h/orlertv.png,Culture,720x410,iptv-org-all.txt,2069,200,成功,h264,25.0,有音频,3.934,16,12
Pluto TV Anime,http://cfd-v4-service-channel-stitcher-use1-1.prd.pluto.tv/stitch/hls/channel/608181d420fc8500075f612a/master.m3u8?appName=web&appVersion=unknown&clientTime=0&deviceDNT=0&deviceId=84ae7970-4b92-11ef-aece-533610f1ea34&deviceMake=Chrome&deviceModel=web&deviceType=web&deviceVersion=unknown&includeExtendedEvents=false&serverSideAds=false&sid=042724a5-f12e-43ab-9538-dac62e47d082,PlutoTVAnime.us@Germany,,,,https://i.imgur.com/bvbn8pa.png,Entertainment,426x240,iptv-org-all.txt,202,200,成功,h264,30.0,有音频,3.407,117,93
Pluto TV Comedia (Made in Spain) (720p) [Not 24/7],https://service-stitcher.clusters.pluto.tv/v1/stitch/embed/hls/channel/5f1abce155a03d0007718834/master.m3u8?advertisingId=channel&appName=rokuchannel&appVersion=1.0&bmodel=bm1&content=channel&content_rating=ROKU_ADS_CONTENT_RATING&content_type=livefeed&coppa=false&deviceDNT=1&deviceId=channel&deviceMake=rokuChannel&deviceModel=web&deviceType=rokuChannel&deviceVersion=1.0&embedPartner=rokuChannel&is_lat=1&platform=web&rdid=channel&tags=ROKU_CONTENT_TAGS,,,,,,Undefined,426x240,iptv-org-all.txt,81,200,成功,h264,30.0,有音频,4.090,129,105
Pravasi Channel (1080p),https://m6gdavepdn93-hls-live.5centscdn.com/pravasi/d0dbe915091d400bd8ee7f27f0791303.sdp/playlist.m3u8,PravasiChannel.in@SD,,,,https://i.imgur.com/1dHarb7.png,Undefined,1920x1080,iptv-org-all.txt,498,200,成功,h264,30.0,有音频,1.249,68,56
Pluto TV Animaux,http://cfd-v4-service-channel-stitcher-use1-1.prd.pluto.tv/stitch/hls/channel/60925a44f0350600075a1fdc/master.m3u8?appName=web&appVersion=unknown&clientTime=0&deviceDNT=0&deviceId=8e05edb2-1f2c-11ef-86d8-5d587df108c6&deviceMake=Chrome&deviceModel=web&deviceType=web&deviceVersion=unknown&includeExtendedEvents=false&serverSideAds=false&sid=754cd30f-6a34-42d3-9e06-63128a8e07e3,PlutoTVAnimaux.us@France,,,,https://i.imgur.com/jxYlLsd.png,Travel,426x240,iptv-org-all.txt,203,200,成功,h264,30.0,有音频,3.636,27,21
Rakuten TV Viki Europe (720p),https://newidco-rakutenviki-2-eu.rakuten.wurl.tv/playlist.m3u8,,,,,,Undefined,1280x720,iptv-org-all.txt,1399,200,成功,h264,29.97002997002997,有音频,1.821,8,8
PRO TV Chisinau (480p),https://stream.protv.md/live/sursa-1/index.m3u8,PROTVChisinau.md@SD,,,,https://i.imgur.com/X5PYRxF.png,General;News,720x404,iptv-org-all.txt,2712,200,成功,h264,24.0,有音频,4.139,9,9
PBR RidePass,http://cfd-v4-service-channel-stitcher-use1-1.prd.pluto.tv/stitch/hls/channel/60d39387706fe50007fda8e8/master.m3u8?appName=web&appVersion=unknown&clientTime=0&deviceDNT=0&deviceId=6c2a9f21-30d3-11ef-9cf5-e9ddff8ff496&deviceMake=Chrome&deviceModel=web&deviceType=web&deviceVersion=unknown&includeExtendedEvents=false&serverSideAds=false&sid=f7275d4e-aa8e-4e8d-9d5e-6a5665bf8190,PBRRidePass.us@SD,,,,https://i.imgur.com/gUxH97E.png,Sports,426x240,iptv-org-all.txt,478,200,成功,h264,30.0,有音频,2.371,129,105
PSN (288p),https://srspsn.live/live/livestream.m3u8,PSN.mx@SD,,,,https://i.imgur.com/7i7GkSL.png,Entertainment;News,512x288,iptv-org-all.txt,1268,200,成功,h264,23.976023976023978,有音频,0.684,10,10
Pluto TV Anime,http://cfd-v4-service-channel-stitcher-use1-1.prd.pluto.tv/stitch/hls/channel/608181d420fc8500075f612a/master.m3u8?appName=web&appVersion=unknown&clientTime=0&deviceDNT=0&deviceId=1b1f5f82-4b81-11ef-a8ac-e146e4e7be02&deviceMake=Chrome&deviceModel=web&deviceType=web&deviceVersion=unknown&includeExtendedEvents=false&serverSideAds=false&sid=95e1f29c-bf6d-41bb-9fce-486049aaae5d,PlutoTVAnime.us@Austria,,,,https://i.imgur.com/bvbn8pa.png,Entertainment,426x240,iptv-org-all.txt,209,200,成功,h264,30.0,有音频,3.924,77,61
Pluto TV Space,http://cfd-v4-service-channel-stitcher-use1-1.prd.pluto.tv/stitch/hls/channel/61409f8d6feb30000766b675/master.m3u8?appName=web&appVersion=unknown&clientTime=0&deviceDNT=0&deviceId=84aeeea6-4b92-11ef-aece-533610f1ea34&deviceMake=Chrome&deviceModel=web&deviceType=web&deviceVersion=unknown&includeExtendedEvents=false&serverSideAds=false&sid=aee0c343-6689-49c1-9090-319522e3c837,PlutoTVSpace.us@Germany,,,,https://i.imgur.com/hQwS3ui.png,Science,426x240,iptv-org-all.txt,210,200,成功,h264,30.0,有音频,2.393,117,93
Pluto TV El Reino Infantil (720p) [Not 24/7],https://service-stitcher.clusters.pluto.tv/stitch/hls/channel/5f4d3d06fb60d8000781fce8/master.m3u8?advertisingId=&appName=web&appVersion=5.14.0-0f5ca04c21649b8c8aad4e56266a23b96d73b83a&app_name=web&clientDeviceType=0&clientID=6fbead95-26b1-415d-998f-1bdef62d10be&clientModelNumber=na&deviceDNT=false&deviceId=6fbead95-26b1-415d-998f-1bdef62d10be&deviceLat=19.4358&deviceLon=-99.1441&deviceMake=Chrome&deviceModel=web&deviceType=web&deviceVersion=88.0.4324.150&marketingRegion=VE&serverSideAds=false&sessionID=b8e5a857-714a-11eb-b532-0242ac110002&sid=b8e5a857-714a-11eb-b532-0242ac110002&userId=,PlutoTVElReinoInfantil.us@SD,,,,https://i.imgur.com/u7DOoBK.png,Undefined,854x480,iptv-org-all.txt,82,200,成功,h264,30.0,有音频,1.962,116,92
Pluto TV Romance (720p) [Not 24/7],https://service-stitcher.clusters.pluto.tv/v1/stitch/embed/hls/channel/5a66795ef91fef2c7031c599/master.m3u8?advertisingId=channel&appName=rokuchannel&appVersion=1.0&bmodel=bm1&channel_id=channel&content=channel&content_rating=ROKU_ADS_CONTENT_RATING&content_type=livefeed&coppa=false&deviceDNT=1&deviceId=channel&deviceMake=rokuChannel&deviceModel=web&deviceType=rokuChannel&deviceVersion=1.0&embedPartner=rokuChannel&genre=ROKU_ADS_CONTENT_GENRE&is_lat=1&platform=web&rdid=channel&studio_id=viacom&tags=ROKU_CONTENT_TAGS,PlutoTVRomance.us@UK,,,,https://i.imgur.com/GJBxfyf.png,Movies,426x240,iptv-org-all.txt,151,200,成功,h264,30.0,有音频,2.997,129,105
Payam-e-Afghan TV (480p) [Not 24/7],https://g5nl6xx5lpq6-hls-live.5centscdn.com/live1234/2621b29e501b445fabf227b086123b70.sdp/mono.m3u8,PayameAfghanTV.us@SD,,,,https://i.imgur.com/t9wYYY9.png,General,1920x1080,iptv-org-all.txt,1540,200,成功,h264,29.97002997002997,有音频,1.663,8,8
Puringla TV (720p),https://stmv1.srvif.com/puringla/puringla/playlist.m3u8,PuringlaTV.hn@SD,,,,https://i.imgur.com/CGyjxPO.jpg,General,1280x720,iptv-org-all.txt,858,200,成功,h264,29.97002997002997,有音频,1.546,36,32
Paramount Channel (1080p),https://viamotionhsi.netplus.ch/live/eds/paramount/browser-HLS8/paramount.m3u8,,,,,,Undefined,1280x720,iptv-org-all.txt,3967,200,成功,h264,50.0,无音频,8.501,15,12
Palestine Al Yawm (720p),https://live.paltodaytv.com/paltv/live/playlist_sfm4s.m3u8,PalestineAlYawm.lb@SD,,,,https://i.postimg.cc/HLTzPPkf/palestinealyawm.png,News,1280x720,iptv-org-all.txt,2323,200,成功,h264,25.0,有音频,7.379,8,8
Qello Concerts by Stingray,https://d39g1vxj2ef6in.cloudfront.net/v1/master/3fec3e5cac39a52b2132f9c66c83dae043dc17d4/prod-rakuten-stitched/master.m3u8?ads.xumo_channelId=88883052,QelloConcertsbyStingray.ca@Poland,,,,https://i.imgur.com/IRyFTWq.png,Music,256x144,iptv-org-all.txt,1426,200,成功,h264,29.97002997002997,有音频,4.255,17,13
PSN Canal 45.2 (288p),https://srspsn2.live/live/livestream.m3u8,PSNCanal452.mx@SD,,,,https://i.imgur.com/7i7GkSL.png,News,,iptv-org-all.txt,1193,200,成功,h264,23.976023976023978,有音频,0.513,10,10
Palm Beach County TV Channel 20 (Palm Beach County FL) (720p),https://pbcvideostreams1.pbc.gov/memfs/1af49f9a-6b90-4ec2-a640-7f65ceebed4a.m3u8,PBCTVChannel20.us@SD,,,,https://i.imgur.com/2bGBbOZ.png,Legislative,1280x720,iptv-org-all.txt,2050,200,成功,h264,29.97002997002997,无音频,1.684,8,8
Radio Freccia TV (1080p),https://dd782ed59e2a4e86aabf6fc508674b59.msvdn.net/live/S3160845/0tuSetc8UFkF/playlist_video.m3u8,Radiofreccia.it@SD,,,,https://i.imgur.com/RxeRlar.png,Music,640x360,iptv-org-all.txt,296,200,成功,h264,25.0,有音频,11.688,7,5
Prime Canada TV (720p) [Not 24/7],http://cdn27.live247stream.com/primecanada/247/primecanada/stream1/playlist.m3u8,PrimeCanadaTV.ca@SD,,,,https://i.imgur.com/Vji81jB.png,Entertainment,1280x720,iptv-org-all.txt,2058,200,成功,h264,29.97002997002997,有音频,0.967,8,8
Pluto TV Kultfilme,http://cfd-v4-service-channel-stitcher-use1-1.prd.pluto.tv/stitch/hls/channel/5dde47b63585b500099f74ec/master.m3u8?appName=web&appVersion=unknown&clientTime=0&deviceDNT=0&deviceId=1b1fd4b0-4b81-11ef-a8ac-e146e4e7be02&deviceMake=Chrome&deviceModel=web&deviceType=web&deviceVersion=unknown&includeExtendedEvents=false&serverSideAds=false&sid=03130bd3-7919-4831-bc2e-4f5c3b202f88,PlutoTVKultfilme.us@Austria,,,,https://i.imgur.com/RJhxl8t.png,Movies,854x480,iptv-org-all.txt,213,200,成功,h264,30.0,有音频,1.473,116,92
Parranda Vallenata (720p),https://backupmaxmedia.hvmultiplay.com/hls/stream3/parrandavallenata.m3u8,ParrandaVallenata.co@SD,,,,https://i.imgur.com/BzBX7Qx.jpeg,Music,1280x720,iptv-org-all.txt,1783,200,成功,h264,29.97002997002997,有音频,2.239,8,8
Rakuten Top Movies UK (1080p),https://0145451975a64b35866170fd2e8fa486.mediatailor.eu-west-1.amazonaws.com/v1/master/0547f18649bd788bec7b67b746e47670f558b6b2/production-LiveChannel-5987/master.m3u8,RakutenTVTopMovies.es@UK,,,,https://i.imgur.com/Meew6eX.png,Movies,1920x1080,iptv-org-all.txt,1508,200,成功,h264,25.0,有音频,6.254,86,68
PVS TV,https://2-fss-1.streamhoster.com/pl_122/202676-1357858-1/playlist.m3u8,PVSTV.us@SD,,,,https://i.imgur.com/7YCi514.png,General,1280x720,iptv-org-all.txt,245,200,成功,h264,30.0,有音频,0.701,8,8
Qello Concerts,http://cfd-v4-service-channel-stitcher-use1-1.prd.pluto.tv/stitch/hls/channel/64240d3d466225000827412b/master.m3u8?appName=web&appVersion=unknown&clientTime=0&deviceDNT=0&deviceId=2c7bb439-35fc-11ef-a031-2b5d494037a2&deviceMake=Chrome&deviceModel=web&deviceType=web&deviceVersion=unknown&includeExtendedEvents=false&serverSideAds=false&sid=6ba3de05-22ef-4ab2-8d11-c4a6c21d39ba,QelloConcertsbyStingray.ca@SD,,,,https://i.imgur.com/IRyFTWq.png,Music,426x240,iptv-org-all.txt,263,200,成功,h264,30.0,有音频,4.050,129,105
Pluto TV Comédie,http://cfd-v4-service-channel-stitcher-use1-1.prd.pluto.tv/stitch/hls/channel/5f8eb91bb9b9e7000817e67f/master.m3u8?appName=web&appVersion=unknown&clientTime=0&deviceDNT=0&deviceId=8e04dc40-1f2c-11ef-86d8-5d587df108c6&deviceMake=Chrome&deviceModel=web&deviceType=web&deviceVersion=unknown&includeExtendedEvents=false&serverSideAds=false&sid=7eeb5026-2fd1-4f02-8b21-df9f69932d00,PlutoTVComedie.us@France,,,,https://i.imgur.com/1e4IFrS.png,Comedy,426x240,iptv-org-all.txt,165,200,成功,h264,30.0,有音频,4.031,129,105
Popular TV Melilla (1080p) [Not 24/7],http://5940924978228.streamlock.net:1935/8009/8009/playlist.m3u8,PopularTVMelilla.es@SD,,,,https://i.imgur.com/TbevWX4.png,Undefined,1280x720,iptv-org-all.txt,1667,200,成功,h264,50.0,有音频,1.664,8,8
P3TV [Not 24/7],https://5790d294af2dc.streamlock.net/8042/8042/playlist.m3u8,P3TV.us@SD,,,,https://www.vivalivetv.com/public/files/shows/0/1/3449-294x165-FFFFFF.jpg,General,1120x700,iptv-org-all.txt,1562,200,成功,h264,30.0,有音频,1.591,8,8
Polimer News (576p),https://segment.yuppcdn.net/110322/polimernews/playlist.m3u8,PolimerNews.in@SD,,,,https://i.imgur.com/CxcuvXX.png,News,512x288,iptv-org-all.txt,1201,200,成功,h264,25.0,有音频,7.358,7,5
Pluto TV Comedy,http://cfd-v4-service-channel-stitcher-use1-1.prd.pluto.tv/stitch/hls/channel/62e92178946c8000079a3160/master.m3u8?appName=web&appVersion=unknown&clientTime=0&deviceDNT=0&deviceId=2c7b8d23-35fc-11ef-a031-2b5d494037a2&deviceMake=Chrome&deviceModel=web&deviceType=web&deviceVersion=unknown&includeExtendedEvents=false&serverSideAds=false&sid=7bb58dcf-41b0-4375-8a36-1b947b81616b,PlutoTVComedy.us@Canada,,,,https://i.imgur.com/MTVrbd5.png,Comedy,426x240,iptv-org-all.txt,80,200,成功,h264,30.0,有音频,4.045,37,29
Pluto TV Bob Esponja (720p),https://service-stitcher.clusters.pluto.tv/v1/stitch/embed/hls/channel/5f1aca0b4e448e00075e7c5e/master.m3u8?advertisingId=channel&appName=rokuchannel&appVersion=1.0&bmodel=bm1&content=channel&content_rating=ROKU_ADS_CONTENT_RATING&content_type=livefeed&coppa=false&deviceDNT=1&deviceId=channel&deviceMake=rokuChannel&deviceModel=web&deviceType=rokuChannel&deviceVersion=1.0&embedPartner=rokuChannel&is_lat=1&platform=web&rdid=channel&tags=ROKU_CONTENT_TAGS,BobEsponja.us@SD,,,,https://i.imgur.com/nmZ2nId.png,Kids,426x240,iptv-org-all.txt,438,200,成功,h264,30.0,有音频,4.848,7,5
Ontario Public Access Channel (360p),https://cdn3.wowza.com/5/dk84U1p2UUdoMGxT/ontarioca/G2446_002/playlist.m3u8,OntarioPublicAccessChannel.us@SD,,,,https://i.imgur.com/jg0cFDd.png,General,640x360,iptv-org-all.txt,944,200,成功,h264,25.0,有音频,0.933,9,9
QVC,https://qvc-amd-live.akamaized.net/hls/live/2034113/lsqvc1us/master.m3u8,QVC.us@SD,,,,https://upload.wikimedia.org/wikipedia/commons/thumb/3/31/QVC_logo_2019.svg/512px-QVC_logo_2019.svg.png,Shop,640x360,iptv-org-all.txt,1635,200,成功,h264,30.0,有音频,1.161,9,9
Outside TV,https://outsidetv-firetv.amagi.tv/playlist.m3u8,OutsideTV.us@SD,,,,https://i.imgur.com/0UMmG41.png,Outdoor,384x216,iptv-org-all.txt,257,200,成功,h264,29.97002997002997,有音频,5.060,17,13
Payam Javan TV (720p) [Not 24/7],https://uni01rtmp.tulix.tv/kensecure/pjtv.stream/playlist.m3u8,PayamJavanTV.us@SD,,,,https://i.imgur.com/GYfsHh9.png,Education,1280x720,iptv-org-all.txt,41,200,成功,h264,29.97002997002997,有音频,1.798,8,8
Pluto TV Western,http://cfd-v4-service-channel-stitcher-use1-1.prd.pluto.tv/stitch/hls/channel/630dd3b2605f140007e002f5/master.m3u8?appName=web&appVersion=unknown&clientTime=0&deviceDNT=0&deviceId=bc85ef51-4b91-11ef-8a44-83c5e90e038f&deviceMake=Chrome&deviceModel=web&deviceType=web&deviceVersion=unknown&includeExtendedEvents=false&serverSideAds=false&sid=1c1f8ee8-e3dc-46cf-aaf3-725e6cc98fdb,,,,,,Undefined,426x240,iptv-org-all.txt,88,200,成功,h264,30.0,有音频,4.508,129,105
Payvand TV (720p) [Not 24/7],https://bozztv.com/cus01/ucur1/Payvand/index.m3u8,PayvandTV.us@SD,,,,https://i.imgur.com/A4gqEmG.png,News,1280x720,iptv-org-all.txt,1432,200,成功,h264,59.94005994005994,有音频,1.592,8,8
PBS KET2 (720p),https://2-fss-2.streamhoster.com/pl_140/amlst:200914-1315484/playlist.m3u8,WKPCDT2.us@SD,,,,https://upload.wikimedia.org/wikipedia/commons/8/89/PBS_logo_2019.svg,Undefined,640x360,iptv-org-all.txt,2160,200,成功,h264,30.0,有音频,1.184,9,9
QVC 3 (1080p),https://qvc-amd-live.akamaized.net/hls/live/2034113/lsqvc3us/master.m3u8,QVC3.us@SD,,,,https://i.imgur.com/edswdOO.png,Shop,640x360,iptv-org-all.txt,1108,200,成功,h264,30.0,有音频,1.538,9,9
Payvand TV [Not 24/7],https://uni6rtmp.tulix.tv/ucur1/Payvand/playlist.m3u8,PayvandTV.ir@SD,,,,https://i.imgur.com/o2Ww77N.png,Religious,1280x720,iptv-org-all.txt,1640,200,成功,h264,59.94005994005994,有音频,1.464,8,8
PHXTV,https://cdn3.wowza.com/5/bGZUOHp2TnhudnM2/phoenix/G1498_006/playlist.m3u8,PHXTV.us@SD,,,,https://i.imgur.com/RkTKR6x.png,Legislative,1280x720,iptv-org-all.txt,675,200,成功,h264,25.0,有音频,0.778,8,8
Pluto TV Lives,http://cfd-v4-service-channel-stitcher-use1-1.prd.pluto.tv/stitch/hls/channel/5d8beeb39b5d5d5f8c672530/master.m3u8?appName=web&appVersion=unknown&clientTime=0&deviceDNT=0&deviceId=6c2b1452-30d3-11ef-9cf5-e9ddff8ff496&deviceMake=Chrome&deviceModel=web&deviceType=web&deviceVersion=unknown&includeExtendedEvents=false&serverSideAds=false&sid=bffb5ed7-ddb0-4c7b-9457-e8614af008a2,PlutoTVLives.us@US,,,,https://i.imgur.com/laupYwG.png,Series,426x240,iptv-org-all.txt,75,200,成功,h264,30.0,有音频,3.432,7,5
Rakuten TV Family Movies Italy (1080p),https://3315fc3e7276420f895e19cf807dbee1.mediatailor.eu-west-1.amazonaws.com/v1/master/0547f18649bd788bec7b67b746e47670f558b6b2/production-LiveChannel-6215/master.m3u8,RakutenTVFamilyMovies.es@Italy,,,,https://i.imgur.com/Meew6eX.png,Family;Movies,1920x1080,iptv-org-all.txt,1713,200,成功,h264,25.0,有音频,8.562,16,12
Pluto TV Comedy,http://cfd-v4-service-channel-stitcher-use1-1.prd.pluto.tv/stitch/hls/channel/5a4d3a00ad95e4718ae8d8db/master.m3u8?appName=web&appVersion=unknown&clientTime=0&deviceDNT=0&deviceId=6c2ac639-30d3-11ef-9cf5-e9ddff8ff496&deviceMake=Chrome&deviceModel=web&deviceType=web&deviceVersion=unknown&includeExtendedEvents=false&serverSideAds=false&sid=b9ed92f1-1fa3-4a05-abd8-e6b077ed35c4,PlutoTVComedy.us@US,,,,https://i.imgur.com/MTVrbd5.png,Comedy,426x240,iptv-org-all.txt,76,200,成功,h264,30.0,有音频,2.073,7,5
Rákosmente TV (720p),http://rakosmentetv.hu:8080/hls/rmtv.m3u8,RakosmenteTV.hu@SD,,,,https://i.imgur.com/n39a2DT.png,General,1280x720,iptv-org-all.txt,2027,200,成功,h264,25.0,有音频,2.423,8,8
Pluto TV Horror,http://cfd-v4-service-channel-stitcher-use1-1.prd.pluto.tv/stitch/hls/channel/62f4f4b88157cf00075c22db/master.m3u8?appName=web&appVersion=unknown&clientTime=0&deviceDNT=0&deviceId=84aea083-4b92-11ef-aece-533610f1ea34&deviceMake=Chrome&deviceModel=web&deviceType=web&deviceVersion=unknown&includeExtendedEvents=false&serverSideAds=false&sid=67746cb2-93c1-4a0a-874d-a4043328cb08,PlutoTVHorror.us@Germany,,,,https://i.imgur.com/k6qttca.png,Movies,426x240,iptv-org-all.txt,88,200,成功,h264,30.0,有音频,5.652,37,29
Pluto TV Serie,http://cfd-v4-service-channel-stitcher-use1-1.prd.pluto.tv/stitch/hls/channel/5dc190f7bfed110009d934c3/master.m3u8?appName=web&appVersion=unknown&clientTime=0&deviceDNT=0&deviceId=1b2022d2-4b81-11ef-a8ac-e146e4e7be02&deviceMake=Chrome&deviceModel=web&deviceType=web&deviceVersion=unknown&includeExtendedEvents=false&serverSideAds=false&sid=e7d734a7-ff35-48a1-bfca-2a48e9148931,PlutoTVSerie.us@Austria,,,,https://i.imgur.com/u3c80e8.png,Series,640x360,iptv-org-all.txt,79,200,成功,h264,30.0,有音频,1.477,129,105
Pluto TV EN DIRECTO EN VIVO (720p) [Not 24/7],https://service-stitcher.clusters.pluto.tv/stitch/hls/channel/5d8d180092e97a5e107638d3/master.m3u8?appVersion=0&deviceDNT=0&deviceId=0&deviceMake=0&deviceModel=0&deviceType=0&deviceVersion=0&sid=9f61,,,,,,Undefined,640x360,iptv-org-all.txt,142,200,成功,h264,30.0,有音频,1.739,129,105
Pluto TV Paranormal,http://cfd-v4-service-channel-stitcher-use1-1.prd.pluto.tv/stitch/hls/channel/5adf96e3e738977e2c31cb04/master.m3u8?appName=web&appVersion=unknown&clientTime=0&deviceDNT=0&deviceId=6c2b1455-30d3-11ef-9cf5-e9ddff8ff496&deviceMake=Chrome&deviceModel=web&deviceType=web&deviceVersion=unknown&includeExtendedEvents=false&serverSideAds=false&sid=a6d0c5d3-d3a3-4e4b-acd3-5b277ebb8723,PlutoTVParanormal.us@US,,,,https://i.imgur.com/ApN6nfw.png,Documentary,426x240,iptv-org-all.txt,73,200,成功,h264,30.0,有音频,3.466,117,93
PBS Science (1080p),https://amg02333-pbs-amg02333c13-samsung-au-6858.playouts.now.amagi.tv/playlist.m3u8,,,,,,Undefined,1920x1080,iptv-org-all.txt,746,200,成功,h264,29.97002997002997,有音频,4.071,8,8
Quarto Canale Flegreo (720p),https://live.mariatvcdn.com/dialogos/171e41deedf405f10c7dd6311387fb43.sdp/playlist.m3u8,QuartoCanaleFlegreo.it@SD,,,,https://i.imgur.com/XfNSWp0.png,General,1280x720,iptv-org-all.txt,2410,200,成功,h264,30.0,有音频,1.199,8,8
Radio Czwórka (1080p),https://stream14.polskieradio.pl/pr4_video/video_pr4.stream/playlist.m3u8,RadiowaCzworka.pl@SD,,,,https://i.imgur.com/VAtxF7k.png,Entertainment,1920x1080,iptv-org-all.txt,1408,200,成功,h264,30.0,有音频,5.146,8,8
Pluto TV Horror,http://cfd-v4-service-channel-stitcher-use1-1.prd.pluto.tv/stitch/hls/channel/569546031a619b8f07ce6e25/master.m3u8?appName=web&appVersion=unknown&clientTime=0&deviceDNT=0&deviceId=6c2b1450-30d3-11ef-9cf5-e9ddff8ff496&deviceMake=Chrome&deviceModel=web&deviceType=web&deviceVersion=unknown&includeExtendedEvents=false&serverSideAds=false&sid=3f8b9bca-2807-48aa-a7cc-8513d68f8d92,PlutoTVHorror.us@US,,,,https://i.imgur.com/k6qttca.png,Movies,426x240,iptv-org-all.txt,78,200,成功,h264,30.0,有音频,2.242,7,5
Pluto TV Paranormal (England) (720p),https://service-stitcher.clusters.pluto.tv/stitch/hls/channel/5d4af2ffa9506ab29cf38c38/master.m3u8?advertisingId=&appName=web&appStoreUrl=&appVersion=DNT&app_name=&architecture=&buildVersion=&deviceDNT=0&deviceId=5d4af2ffa9506ab29cf38c38&deviceLat=&deviceLon=&deviceMake=web&deviceModel=web&deviceType=web&deviceVersion=DNT&includeExtendedEvents=false&marketingRegion=US&serverSideAds=false&sid=216&terminate=false&userId=,,,,,,Undefined,426x240,iptv-org-all.txt,97,200,成功,h264,30.0,有音频,4.274,129,105
Platzi TV (1080p),https://mdstrm.com/live-stream-playlist/629a63ae8df27c082901f78b.m3u8,PlatziTV.es@SD,,,,https://i.imgur.com/vEzeqHP.png,Education,1280x720,iptv-org-all.txt,3677,200,成功,h264,30.0,有音频,1.578,8,8
Pluto TV Natureza (720p),https://service-stitcher.clusters.pluto.tv/v1/stitch/embed/hls/channel/5f1213ba0ecebc00070e170f/master.m3u8?advertisingId=channel&appName=rokuchannel&appVersion=1.0&bmodel=bm1&channel_id=channel&content=channel&content_rating=ROKU_ADS_CONTENT_RATING&content_type=livefeed&coppa=false&deviceDNT=1&deviceId=channel&deviceMake=rokuChannel&deviceModel=web&deviceType=rokuChannel&deviceVersion=1.0&embedPartner=rokuChannel&genre=ROKU_ADS_CONTENT_GENRE&is_lat=1&platform=web&rdid=channel&studio_id=viacom&tags=ROKU_CONTENT_TAGS,PlutoTVNatureza.us@Brazil,,,,https://i.imgur.com/RuyQQ6M.png,Education,426x240,iptv-org-all.txt,78,200,成功,h264,30.0,有音频,4.063,7,5
Quantica TV,https://videostream.shockmedia.com.ar:19360/quanticatv/quanticatv.m3u8,QuanticaTV.ar@SD,,,,https://i.imgur.com/6f8EYC2.jpeg,News,1280x720,iptv-org-all.txt,2543,200,成功,h264,30.0,有音频,1.782,122,98
PromarTV (1080p) [Not 24/7],http://vcp1.myplaytv.com:1935/promar/promar/playlist.m3u8,PromarTV.ve@SD,,,,https://upload.wikimedia.org/wikipedia/commons/9/9f/Promar_Television.png,General,1080x608,iptv-org-all.txt,1678,200,成功,h264,29.97002997002997,有音频,0.785,8,8
Pluto TV Explore,http://cfd-v4-service-channel-stitcher-use1-1.prd.pluto.tv/stitch/hls/channel/5ad9b8551b95267e225e59c1/master.m3u8?appName=web&appVersion=unknown&clientTime=0&deviceDNT=0&deviceId=bc855314-4b91-11ef-8a44-83c5e90e038f&deviceMake=Chrome&deviceModel=web&deviceType=web&deviceVersion=unknown&includeExtendedEvents=false&serverSideAds=false&sid=64f3cdf6-1108-4dba-aaa7-66a51e739485,,,,,,Undefined,640x360,iptv-org-all.txt,77,200,成功,h264,30.0,有音频,1.523,157,129
People Are Awesome,https://3ab76e42.wurl.com/master/f36d25e7e52f1ba8d7e56eb859c636563214f541/UmFrdXRlblRWLWV1X1Blb3BsZUFyZUF3ZXNvbWVfSExT/playlist.m3u8,PeopleAreAwesome.us@Poland,,,,https://i.imgur.com/MsIx7Ax.png,Entertainment,384x216,iptv-org-all.txt,1580,200,成功,h264,29.97002997002997,有音频,2.446,17,13
OUN (1080p),https://live.knou.ac.kr/knou1/live1/playlist.m3u8,OUN.kr@SD,,,,https://i.imgur.com/7s6JtcU.png,Education,1920x1080,iptv-org-all.txt,1909,200,成功,h264,29.97002997002997,有音频,6.208,8,8
Pasco TV (Pasco County FL) (480p),https://cpcdn.azureedge.net/PASCOCOFLLIVE1/PASCOCOFLLIVE1/playlist.m3u8,PascoTV.us@SD,,,,https://i.imgur.com/CM91sME.png,Legislative,720x480,iptv-org-all.txt,1708,200,成功,h264,29.97002997002997,有音频,1.041,8,8
PBS Kids Hawaii,https://livestream.pbskids.org/out/v1/aa31792fee094b24b09045483f04d150/hast.m3u8,PBSKidsHawaii.us@SD,,,,https://i.imgur.com/ambc9le.png,Education;Kids,416x234,iptv-org-all.txt,897,200,成功,h264,29.97002997002997,有音频,2.145,7,5
QVC West,https://qvc-amd-live.akamaized.net/hls/live/2034113/lsqvc1uswest/master.m3u8,,,,,,Undefined,640x360,iptv-org-all.txt,83,200,成功,h264,30.0,有音频,1.503,9,9
Radio Télé Hit (480p),https://59d39900ebfb8.streamlock.net/RadioTelehit/RadioTelehit/playlist.m3u8,RadioTeleHit.ht@SD,,,,https://i.ibb.co/Gt2QDgf/cropped-transparent2-103x70.png,Music,1280x720,iptv-org-all.txt,1786,200,成功,h264,25.0,有音频,1.549,8,8
Pluto TV Explore,http://cfd-v4-service-channel-stitcher-use1-1.prd.pluto.tv/stitch/hls/channel/5ad9b8551b95267e225e59c1/master.m3u8?appName=web&appVersion=unknown&clientTime=0&deviceDNT=0&deviceId=1b1f8693-4b81-11ef-a8ac-e146e4e7be02&deviceMake=Chrome&deviceModel=web&deviceType=web&deviceVersion=unknown&includeExtendedEvents=false&serverSideAds=false&sid=bf2169a4-2ef0-4804-81ed-f3c18de5f07c,PlutoTVExplore.us@Austria,,,,https://i.imgur.com/Fhrcxje.png,Undefined,640x360,iptv-org-all.txt,73,200,成功,h264,30.0,有音频,1.571,117,93
Rakuten TV Romance Movies Italy (1080p),https://3e0f2491d8634a58967529df3f424c0d.mediatailor.eu-west-1.amazonaws.com/v1/master/0547f18649bd788bec7b67b746e47670f558b6b2/production-LiveChannel-6193/master.m3u8,,,,,,Undefined,1920x1080,iptv-org-all.txt,1234,200,成功,h264,25.0,有音频,7.234,36,28
Plous TV (1080p),https://vcp.myplaytv.com/glowtv/glowtv/playlist.m3u8,PlousTV.ve@SD,,,,https://i.imgur.com/OSet4en.png,Lifestyle,1920x1080,iptv-org-all.txt,61,200,成功,h264,30.0,有音频,2.245,16,12
Pluto TV Cine Drama (720p),https://service-stitcher.clusters.pluto.tv/v1/stitch/embed/hls/channel/5f1210d14ae1f80007bafb1d/master.m3u8?advertisingId=channel&appName=rokuchannel&appVersion=1.0&bmodel=bm1&channel_id=channel&content=channel&content_rating=ROKU_ADS_CONTENT_RATING&content_type=livefeed&coppa=false&deviceDNT=1&deviceId=channel&deviceMake=rokuChannel&deviceModel=web&deviceType=rokuChannel&deviceVersion=1.0&embedPartner=rokuChannel&genre=ROKU_ADS_CONTENT_GENRE&is_lat=1&platform=web&rdid=channel&studio_id=viacom&tags=ROKU_CONTENT_TAGS,PlutoTVCineDrama.us@Brazil,,,,https://i.imgur.com/AQBtheU.png,Movies,426x240,iptv-org-all.txt,76,200,成功,h264,30.0,有音频,4.102,9,9
Pluto TV Sitcoms,http://cfd-v4-service-channel-stitcher-use1-1.prd.pluto.tv/stitch/hls/channel/5d767ab2b456c8cf265ce921/master.m3u8?appName=web&appVersion=unknown&clientTime=0&deviceDNT=0&deviceId=bc85c844-4b91-11ef-8a44-83c5e90e038f&deviceMake=Chrome&deviceModel=web&deviceType=web&deviceVersion=unknown&includeExtendedEvents=false&serverSideAds=false&sid=dfc7676f-1675-4cca-b1d1-5701f84c4908,,,,,,Undefined,426x240,iptv-org-all.txt,96,200,成功,h264,30.0,有音频,4.790,129,105
Pronems TV [Geo-blocked],https://vdo1.streamgato.us:3418/live/pronemstvlive.m3u8,PronemsTV.do@SD,,,,https://i.imgur.com/a9ORO1G.png,Entertainment,1920x1080,iptv-org-all.txt,1765,200,成功,h264,30.0,有音频,1.397,8,8
Parlamentsfernsehen 4 (1080p) [Not 24/7],https://bttv-live-z.r53.cdn.tv1.eu/13014bundestag-hk4/_definst_/live/video/hk4_de.smil/playlist.m3u8,Parlamentsfernsehen4.de@SD,,,,https://i.imgur.com/mksEgwx.png,Legislative,480x270,iptv-org-all.txt,1191,200,成功,h264,50.0,有音频,6.368,9,9
Pluto TV Explore,http://cfd-v4-service-channel-stitcher-use1-1.prd.pluto.tv/stitch/hls/channel/5ad9b8551b95267e225e59c1/master.m3u8?appName=web&appVersion=unknown&clientTime=0&deviceDNT=0&deviceId=84ae7978-4b92-11ef-aece-533610f1ea34&deviceMake=Chrome&deviceModel=web&deviceType=web&deviceVersion=unknown&includeExtendedEvents=false&serverSideAds=false&sid=48b4a91c-514f-44ce-b5b2-0f355a642d0e,PlutoTVExplore.us@Germany,,,,https://i.imgur.com/Fhrcxje.png,Undefined,640x360,iptv-org-all.txt,80,200,成功,h264,30.0,有音频,1.473,117,93
PBS KET World (480p),https://2-fss-1.streamhoster.com/pl_122/amlst:200914-2942150/playlist.m3u8,WKMJDT3.us@SD,,,,https://upload.wikimedia.org/wikipedia/commons/3/36/World_Channel_2023.svg,Undefined,640x360,iptv-org-all.txt,94,200,成功,h264,30.0,有音频,0.791,157,129
Pluto TV MTV Tattoo A Dos (720p),https://service-stitcher.clusters.pluto.tv/v1/stitch/embed/hls/channel/611b87946b7f420007c22361/master.m3u8?advertisingId=channel&appName=rokuchannel&appVersion=1.0&bmodel=bm1&channel_id=channel&content=channel&content_rating=ROKU_ADS_CONTENT_RATING&content_type=livefeed&coppa=false&deviceDNT=1&deviceId=channel&deviceMake=rokuChannel&deviceModel=web&deviceType=rokuChannel&deviceVersion=1.0&embedPartner=rokuChannel&genre=ROKU_ADS_CONTENT_GENRE&is_lat=1&platform=web&rdid=channel&serverSideAds=false&studio_id=viacom&tags=ROKU_CONTENT_TAGS,MTVTattooados.us@Spain,,,,https://i.imgur.com/VisA1sY.png,Series,426x240,iptv-org-all.txt,83,200,成功,h264,30.0,有音频,1.880,37,33
Pluto TV Sitcoms,http://cfd-v4-service-channel-stitcher-use1-1.prd.pluto.tv/stitch/hls/channel/5d767ab2b456c8cf265ce921/master.m3u8?appName=web&appVersion=unknown&clientTime=0&deviceDNT=0&deviceId=84aeeea4-4b92-11ef-aece-533610f1ea34&deviceMake=Chrome&deviceModel=web&deviceType=web&deviceVersion=unknown&includeExtendedEvents=false&serverSideAds=false&sid=280db36d-ffba-4223-8a7d-77e6a96d3758,PlutoTVSitcoms.us@Germany,,,,https://i.imgur.com/YzrUL8P.png,Comedy,426x240,iptv-org-all.txt,90,200,成功,h264,30.0,有音频,1.483,129,105
Pluto TV History,http://cfd-v4-service-channel-stitcher-use1-1.prd.pluto.tv/stitch/hls/channel/5d767b1c126c65d0a307355f/master.m3u8?appName=web&appVersion=unknown&clientTime=0&deviceDNT=0&deviceId=1b1f8696-4b81-11ef-a8ac-e146e4e7be02&deviceMake=Chrome&deviceModel=web&deviceType=web&deviceVersion=unknown&includeExtendedEvents=false&serverSideAds=false&sid=48a854a2-55e8-45ea-9da1-dc34e62691ed,PlutoTVHistory.us@Austria,,,,https://i.imgur.com/XkQD5kM.png,Documentary,426x240,iptv-org-all.txt,78,200,成功,h264,30.0,有音频,3.387,129,105
QazSport (480p) [Geo-blocked],https://qazsporttv-stream.qazcdn.com/qazsporttv/qazsporttv/playlist.m3u8,QazSport.kz@SD,,,,https://i.imgur.com/UDJ0P5Q.png,Sports,852x480,iptv-org-all.txt,4872,200,成功,h264,30.0,有音频,3.090,24,20
Peniel Musical (480p),https://s.emisoras.tv:8081/penielmusical/index.m3u8,PenielMusical.gt@SD,,,,https://i.imgur.com/IFQbGEf.png,Religious,720x480,iptv-org-all.txt,1231,200,成功,h264,29.97002997002997,有音频,1.635,8,8
ORBIT TV (1080p) [Not 24/7],https://cnn.hostlagarto.com/orbittv/tracks-v1a1/mono.m3u8,ORBITTV.do@SD,,,,https://i.imgur.com/lizQs3n.png,General,1920x1080,iptv-org-all.txt,1195,200,成功,h264,30.0,有音频,1.162,8,8
Radio Number One (720p) [Not 24/7],https://56b50ada2d659.streamlock.net/RN1TV/livestream/playlist.m3u8,RadioNumberOne.it@SD,,,,https://i.imgur.com/8cpuaG5.png,Undefined,1280x720,iptv-org-all.txt,1602,200,成功,h264,25.0,有音频,3.156,11,11
Pluto TV Crime,http://cfd-v4-service-channel-stitcher-use1-1.prd.pluto.tv/stitch/hls/channel/5e7b6c60fd20c50007910bf5/master.m3u8?appName=web&appVersion=unknown&clientTime=0&deviceDNT=0&deviceId=bc852c07-4b91-11ef-8a44-83c5e90e038f&deviceMake=Chrome&deviceModel=web&deviceType=web&deviceVersion=unknown&includeExtendedEvents=false&serverSideAds=false&sid=3a486b02-8bef-4c1a-8260-a6759eab3a41,,,,,,Undefined,426x240,iptv-org-all.txt,79,200,成功,h264,30.0,有音频,3.957,9,9
Pluto TV Sci-Fi,http://cfd-v4-service-channel-stitcher-use1-1.prd.pluto.tv/stitch/hls/channel/5b4fc274694c027be6ed3eea/master.m3u8?appName=web&appVersion=unknown&clientTime=0&deviceDNT=0&deviceId=6c2b3b60-30d3-11ef-9cf5-e9ddff8ff496&deviceMake=Chrome&deviceModel=web&deviceType=web&deviceVersion=unknown&includeExtendedEvents=false&serverSideAds=false&sid=ed62db1c-5556-4fa7-b231-9514fcc69832,PlutoTVSciFi.us@US,,,,https://i.imgur.com/vSzd5m7.png,Movies,426x240,iptv-org-all.txt,70,200,成功,h264,30.0,有音频,3.858,129,105
Radio Televizija Banovina (1080p) [Not 24/7],https://pool.alter-media.hr:1936/live/myStream/playlist.m3u8?DVR=,RadioTelevizijaBanovina.hr@SD,,,,https://i.imgur.com/gCFgC5D.png,Undefined,1280x720,iptv-org-all.txt,1640,200,成功,h264,25.0,有音频,3.837,24,20
Rai 3 (720p) [Not 24/7],https://wzstreaming.rai.it/TVlive/liveStream/chunklist_w823540263.m3u8,Rai3.it@HD,,,,https://upload.wikimedia.org/wikipedia/commons/thumb/4/47/Rai_3_-_Logo_2016.svg/512px-Rai_3_-_Logo_2016.svg.png,Undefined,1280x720,iptv-org-all.txt,3156,200,成功,h264,25.0,有音频,4.460,16,12
Streekstad Alkmaar Centraal (1080p),https://videostreams.streekstadcentraal.nl/hls/streekstad_alkmaar/streekstad_alkmaar.m3u8,StreekstadCentral.nl@SD,,,,https://i.imgur.com/9gM6rPb.png,General,1280x720,iptv-org-all.txt,1830,200,成功,h264,50.0,有音频,2.017,8,8
Sharjah Radio (1080p),https://svs.itworkscdn.net/smcradiolive/smcradiolive/playlist.m3u8,SharjahRadio.ae@SD,,,,https://i.imgur.com/q7GGALe.png,General,1920x1080,iptv-org-all.txt,632,200,成功,h264,25.0,有音频,1.603,36,32
Strongman Champions League (720p),https://rightsboosterltd-scl-2-eu.rakuten.wurl.tv/playlist.m3u8,Strongman.us@Germany,,,,https://i.imgur.com/bVQBF6R.png,Sports,1280x720,iptv-org-all.txt,1404,200,成功,h264,29.97002997002997,有音频,0.838,8,8
RTSH 1 (1080p),http://178.33.11.6:8696/live/rtsh1ott/playlist.m3u8,RTSH1.al@SD,,,,https://i.postimg.cc/nhsKSjBf/rtsh1.png,General,960x540,iptv-org-all.txt,497,200,成功,h264,25.0,有音频,1.452,8,8
Sportsman Channel,https://fl1.moveonjoy.com/SPORTSMAN_CHANNEL/index.m3u8,SportsmanChannel.us@SD,,,,https://i.imgur.com/CXauv8M.png,Sports,1280x720,iptv-org-all.txt,28,200,成功,h264,59.94005994005994,有音频,1.086,8,8
Reno Duo,http://cfd-v4-service-channel-stitcher-use1-1.prd.pluto.tv/stitch/hls/channel/62fb61992443200008c59aef/master.m3u8?appName=web&appVersion=unknown&clientTime=0&deviceDNT=0&deviceId=2c7bdb45-35fc-11ef-a031-2b5d494037a2&deviceMake=Chrome&deviceModel=web&deviceType=web&deviceVersion=unknown&includeExtendedEvents=false&serverSideAds=false&sid=0c1620de-10e8-43be-a702-425e955f679c,,,,,,Undefined,640x360,iptv-org-all.txt,497,200,成功,h264,30.0,有音频,1.274,9,9
Sabrina Total verhext!,http://cfd-v4-service-channel-stitcher-use1-1.prd.pluto.tv/stitch/hls/channel/622f40c901d4b70007ad7609/master.m3u8?appName=web&appVersion=unknown&clientTime=0&deviceDNT=0&deviceId=1b209803-4b81-11ef-a8ac-e146e4e7be02&deviceMake=Chrome&deviceModel=web&deviceType=web&deviceVersion=unknown&includeExtendedEvents=false&serverSideAds=false&sid=65054aae-377a-4ff9-a879-77d94991662b,,,,,,Undefined,426x240,iptv-org-all.txt,32,200,成功,h264,30.0,有音频,1.818,9,9
SIC Alta Definição (1080p),https://production-fast-sic.content.okast.tv/fa2e8c4385712f9aa54bbe52b1bd9b6b/channels/d9070446-8448-455e-8075-773b1ba12562/fc831b20-f252-4e7d-8cc5-2d05f4d43c1c/media_.m3u8,SICAltaDefinicao.pt@SD,,,,https://i.imgur.com/VdPwyQv.png,Undefined,640x360,iptv-org-all.txt,5063,200,成功,h264,29.97002997002997,有音频,1.554,9,9
South Park: Cartman Collection,http://cfd-v4-service-channel-stitcher-use1-1.prd.pluto.tv/stitch/hls/channel/646b14747cb4b1000875724d/master.m3u8?appName=web&appVersion=unknown&clientTime=0&deviceDNT=0&deviceId=84af3cc9-4b92-11ef-aece-533610f1ea34&deviceMake=Chrome&deviceModel=web&deviceType=web&deviceVersion=unknown&includeExtendedEvents=false&serverSideAds=false&sid=e444da25-6dad-4895-9653-bc36313c7b82,,,,,,Undefined,426x240,iptv-org-all.txt,24,200,成功,h264,30.0,有音频,2.105,129,105
Sochi Live HD (720p) [Not 24/7],http://serv30.vintera.tv:8081/sochi/sochi_stream/playlist.m3u8,SochiLive.ru@HD,,,,https://www.cableman.ru/sites/default/files/sochi_live.png,General,1280x720,iptv-org-all.txt,401,200,成功,h264,50.0,有音频,2.459,8,8
South Park: Original Version,http://cfd-v4-service-channel-stitcher-use1-1.prd.pluto.tv/stitch/hls/channel/646b150a15939400089e2702/master.m3u8?appName=web&appVersion=unknown&clientTime=0&deviceDNT=0&deviceId=bc863d77-4b91-11ef-8a44-83c5e90e038f&deviceMake=Chrome&deviceModel=web&deviceType=web&deviceVersion=unknown&includeExtendedEvents=false&serverSideAds=false&sid=098bc676-0805-452f-bab9-1ccd93461e99,,,,,,Undefined,640x360,iptv-org-all.txt,154,200,成功,h264,30.0,有音频,1.165,9,9
Red TVE Ventanas (432p),https://s2.tvdatta.com:3825/live/redtvelive.m3u8,RedTVEVentanas.ec@SD,,,,https://i.imgur.com/Pzf2ZAW.png,General,768x432,iptv-org-all.txt,1232,200,成功,h264,30.0,有音频,0.821,8,8
SoloBáilalo (480p),https://5ff3d9babae13.streamlock.net/8000/8000/playlist.m3u8,SoloBailalo.cl@SD,,,,https://i.imgur.com/SImJE7c.png,Music,1280x720,iptv-org-all.txt,1608,200,成功,h264,29.97002997002997,有音频,2.870,8,8
RTM TV (1080p),https://5f22d76e220e1.streamlock.net/rtm/rtm/playlist.m3u8,RTMTV.it@SD,,,,https://i.imgur.com/w9Twxsi.png,General,1920x1080,iptv-org-all.txt,96,200,成功,h264,30.0,有音频,2.566,8,8
Star Trek Deep Space Nine,http://cfd-v4-service-channel-stitcher-use1-1.prd.pluto.tv/stitch/hls/channel/65c69bbfd77d450008c7ffee/master.m3u8?appName=web&appVersion=unknown&clientTime=0&deviceDNT=0&deviceId=6c2bd7a3-30d3-11ef-9cf5-e9ddff8ff496&deviceMake=Chrome&deviceModel=web&deviceType=web&deviceVersion=unknown&includeExtendedEvents=false&serverSideAds=false&sid=6e3a3277-9d15-4813-a57c-5547e9d53d6e,,,,,,Undefined,426x240,iptv-org-all.txt,26,200,成功,h264,30.0,有音频,1.393,9,9
Stingray Remember the 80s,https://d39g1vxj2ef6in.cloudfront.net/v1/manifest/3fec3e5cac39a52b2132f9c66c83dae043dc17d4/prod-rakuten-stitched/68cc5f97-cf6c-4ff7-9125-f56f272dbcb6/1.m3u8,StingrayRememberthe80s.ca@SD,,,,https://i.imgur.com/duwc8E8.png,Music,1920x1080,iptv-org-all.txt,88,200,成功,h264,29.97002997002997,有音频,0.364,8,8
Sky News Extra 2 (540p) [Not 24/7],https://skynewsau-live.akamaized.net/hls/live/2002690/skynewsau-extra2/master.m3u8,SkyNewsExtra2.au@SD,,,,https://i.imgur.com/ZsPb8nL.png,News,640x360,iptv-org-all.txt,1892,200,成功,h264,25.0,有音频,5.942,110,88
Sadhna Plus News (720p),https://6n3yow8pl9ok-hls-live.5centscdn.com/sadhananewstv/live.stream/playlist.m3u8,SadhnaPlusNews.in@SD,,,,https://jiotvimages.cdn.jio.com/dare_images/images/Sadhna_News_Plus.png,News,1280x720,iptv-org-all.txt,1542,200,成功,h264,25.0,有音频,1.159,8,8
Strongman Champions League (720p),https://rightsboosterltd-scl-1-be.samsung.wurl.tv/playlist.m3u8,StrongmanChampionsLeague.pl@SD,,,,https://images-0.rakuten.tv/storage/global-live-channel/translation/artwork/30ccc088-dca7-4458-ad5a-328fef06e1ca-width200-quality90.png,Undefined,1280x720,iptv-org-all.txt,1358,200,成功,h264,29.97002997002997,有音频,0.881,8,8
Sharjah Radio Quran (1080p),https://live.kwikmotion.com/smcquranlive/quranradiolive/playlist.m3u8,SharjahRadioQuran.ae@SD,,,,https://i.imgur.com/MxZlOvc.png,Religious,1920x1080,iptv-org-all.txt,653,200,成功,h264,25.0,有音频,0.971,36,32
Rustic Retreats,http://cfd-v4-service-channel-stitcher-use1-1.prd.pluto.tv/stitch/hls/channel/6565430c9d5ac4000822f508/master.m3u8?appName=web&appVersion=unknown&clientTime=0&deviceDNT=0&deviceId=6c2b8983-30d3-11ef-9cf5-e9ddff8ff496&deviceMake=Chrome&deviceModel=web&deviceType=web&deviceVersion=unknown&includeExtendedEvents=false&serverSideAds=false&sid=9d5dc865-5e56-4a6e-b60d-1bb0e2b7c2e2,,,,,,Undefined,426x240,iptv-org-all.txt,135,200,成功,h264,30.0,有音频,1.459,67,53
Ridiculousness,http://cfd-v4-service-channel-stitcher-use1-1.prd.pluto.tv/stitch/hls/channel/5f8eb8a8b2619a000710605c/master.m3u8?appName=web&appVersion=unknown&clientTime=0&deviceDNT=0&deviceId=8e04b532-1f2c-11ef-86d8-5d587df108c6&deviceMake=Chrome&deviceModel=web&deviceType=web&deviceVersion=unknown&includeExtendedEvents=false&serverSideAds=false&sid=62fcc810-774f-4c6c-8c43-6a67070856ac,,,,,,Undefined,426x240,iptv-org-all.txt,69,200,成功,h264,30.0,有音频,1.485,7,5
Samuel Goldwyn Classics (1080p),https://samuelgoldwyn-classics-1-us.roku.wurl.tv/playlist.m3u8,SamuelGoldwynClassics.us@SD,,,,https://i.imgur.com/XC30JAF.png,Classic,1920x1080,iptv-org-all.txt,1922,200,成功,h264,29.97002997002997,有音频,1.964,8,8
RTU (1080p) [Not 24/7],https://video1.makrodigital.com/rtu/rtu/chunks.m3u8?nimblesessionid=,RTU.ec@SD,,,,https://i.imgur.com/1OWvMP4.png,News,1920x1080,iptv-org-all.txt,1493,200,成功,h264,30.0,有音频,0.711,8,8
STAR HD [Non geo blocked],http://livestar.siliconweb.com/starvod/star4/star4.m3u8,StarChannel.gr@SD,,,,https://i.imgur.com/6NUpxhr.png,Entertainment,960x540,iptv-org-all.txt,2179,200,成功,h264,25.0,有音频,3.914,8,8
Shamshad TV [Not 24/7],https://5a1178b42cc03.streamlock.net/shamshadtelevision/shamshadtelevision/playlist.m3u8,ShamshadTV.af@SD,,,,https://upload.wikimedia.org/wikipedia/commons/2/28/Shamshad_tv_logo.jpg,Entertainment,320x240,iptv-org-all.txt,1640,200,成功,h264,25.0,有音频,2.515,9,9
Stingray Rock Alternative (1080p),https://lotus.stingray.com/manifest/ose-102ads-montreal/samsungtvplus/master.m3u8,StingrayRockAlternative.ca@SD,,,,https://i.imgur.com/mt8ulVX.png,Music,1920x1080,iptv-org-all.txt,28,200,成功,h264,29.97002997002997,有音频,0.598,8,8
Sabrina Total verhext!,http://cfd-v4-service-channel-stitcher-use1-1.prd.pluto.tv/stitch/hls/channel/622f40c901d4b70007ad7609/master.m3u8?appName=web&appVersion=unknown&clientTime=0&deviceDNT=0&deviceId=bc861664-4b91-11ef-8a44-83c5e90e038f&deviceMake=Chrome&deviceModel=web&deviceType=web&deviceVersion=unknown&includeExtendedEvents=false&serverSideAds=false&sid=eba33661-1a6e-424e-b84a-cabde460287f,,,,,,Undefined,426x240,iptv-org-all.txt,54,200,成功,h264,30.0,有音频,1.562,9,9
Ryan and Friends (1080p),https://ryanandfriends-samsungau.amagi.tv/playlist.m3u8,RyanandFriends.us@SD,,,,https://i.imgur.com/jcIprmt.png,Kids,1920x1080,iptv-org-all.txt,1385,200,成功,h264,29.97002997002997,有音频,1.447,8,8
Stingray Greatest Hits,https://d39g1vxj2ef6in.cloudfront.net/v1/master/3fec3e5cac39a52b2132f9c66c83dae043dc17d4/prod-rakuten-stitched/master.m3u8?ads.xumo_channelId=88883053,StingrayGreatestHits.ca@Poland,,,,,Music,1920x1080,iptv-org-all.txt,797,200,成功,h264,29.97002997002997,有音频,0.569,8,8
Sky News Extra 1 (540p),https://skynewsau-live.akamaized.net/hls/live/2002689/skynewsau-extra1/master.m3u8,SkyNewsExtra1.au@SD,,,,https://i.imgur.com/ZsPb8nL.png,News,640x360,iptv-org-all.txt,2204,200,成功,h264,25.0,有音频,5.031,119,97
Scripps News (720p),https://content.uplynk.com/channel/4bb4901b934c4e029fd4c1abfc766c37.m3u8,ScrippsNews.us,,,,https://i.imgur.com/W0Jvi5o.png,News,960x540,iptv-org-all.txt,728,200,成功,h264,29.97002997002997,有音频,4.197,16,12
Stingray Hitlist,https://d39g1vxj2ef6in.cloudfront.net/v1/master/3fec3e5cac39a52b2132f9c66c83dae043dc17d4/prod-rakuten-stitched/master.m3u8?ads.xumo_channelId=88883054,StingrayHitList.ca@Poland,,,,https://i.imgur.com/lgpIwId.png,Music,1920x1080,iptv-org-all.txt,806,200,成功,h264,29.97002997002997,有音频,0.557,8,8
Soap Latino (720p),https://fast-channels-network-soaplatino-1-it.rakuten.wurl.tv/playlist.m3u8,,,,,,Undefined,1280x720,iptv-org-all.txt,1676,200,成功,h264,29.97002997002997,有音频,1.134,8,8
SEC Network,http://fl1.moveonjoy.com/SEC_NETWORK/index.m3u8,SECNetwork.us@SD,,,,https://upload.wikimedia.org/wikipedia/commons/thumb/b/b9/SEC_Network_logo.svg/512px-SEC_Network_logo.svg.png,Undefined,1280x720,iptv-org-all.txt,1402,200,成功,h264,59.94005994005994,有音频,0.413,8,8
Smithsonian Channel East,https://fl1.moveonjoy.com/SMITHSONIAN_CHANNEL/index.m3u8,SmithsonianChannel.us@East,,,,https://upload.wikimedia.org/wikipedia/commons/thumb/6/67/SmithsonianChannellogo.png/512px-SmithsonianChannellogo.png,Science,1280x720,iptv-org-all.txt,132,200,成功,h264,59.94005994005994,有音频,2.454,8,8
Sound View Community Media Education (480p),https://livestream.telvue.com/soundviewcmt2/f7b44cfafd5c52223d5498196c8a2e7b.sdp/playlist.m3u8,SoundViewCommunityMedia.us@SD,,,,https://i.imgur.com/3gASzGc.png,General,416x234,iptv-org-all.txt,2229,200,成功,h264,29.97002997002997,有音频,4.703,7,5
Stingray Nothin' But 90s (1080p),https://lotus.stingray.com/manifest/ose-142ads-montreal/samsungtvplus/master.m3u8,StingrayNothinBut90s.ca@SD,,,,https://i.imgur.com/Tq3I0po.png,Music,1920x1080,iptv-org-all.txt,12,200,成功,h264,29.97002997002997,有音频,0.424,8,8
Stormcast Novelas,https://stormcast-novelas-2-es.rakuten.wurl.tv/playlist.m3u8,,,,,,Undefined,1280x720,iptv-org-all.txt,1963,200,成功,h264,29.97002997002997,有音频,0.564,8,8
Soap Turco (720p),https://fast-channels-network-soapturco-1-it.rakuten.wurl.tv/playlist.m3u8,,,,,,Undefined,1280x720,iptv-org-all.txt,1455,200,成功,h264,29.97002997002997,有音频,1.102,8,8
Star Family (576p) [Not 24/7],http://c0.cdn.trinity-tv.net/stream/zfmjgma9zn46fa797ez9fgkw7msh9mj4tppspg23gey6mmx5fqiy7ky3jqx4uhgsfsrd8r76si8ykb2anw9442g4qkq5fzpdvwdqf5te24ixu9zrx3aesm9fzt59q5y2s8qwgbqhvf6d3z5bjy3qb2t4.m3u8,,,,,,Undefined,720x576,iptv-org-all.txt,1521,200,成功,h264,25.0,有音频,0.826,36,32
Sharjah Sports (1080p) [Geo-blocked],https://svs.itworkscdn.net/smc4sportslive/smc4.smil/playlist.m3u8,SharjahSports.ae@SD,,,,https://i.imgur.com/CsEElsJ.png,Sports,1280x720,iptv-org-all.txt,905,200,成功,h264,25.0,有音频,0.632,8,8
rbb Fernsehen,https://dash2.antik.sk/live/test_rbb_tizen/playlist.m3u8,rbbFernsehen.de@SD,,,,https://upload.wikimedia.org/wikipedia/commons/thumb/e/ec/Rbb_Fernsehen_Logo_2017.08.svg/512px-Rbb_Fernsehen_Logo_2017.08.svg.png,Undefined,1280x720,iptv-org-all.txt,103,200,成功,h264,50.0,有音频,1.459,8,8
Star Trek Voyager,http://cfd-v4-service-channel-stitcher-use1-1.prd.pluto.tv/stitch/hls/channel/634dacf51d90320007fcd5fa/master.m3u8?appName=web&appVersion=unknown&clientTime=0&deviceDNT=0&deviceId=6c2bd7a4-30d3-11ef-9cf5-e9ddff8ff496&deviceMake=Chrome&deviceModel=web&deviceType=web&deviceVersion=unknown&includeExtendedEvents=false&serverSideAds=false&sid=234402c1-3013-44bc-8b1d-c32ced363ff7,,,,,,Undefined,426x240,iptv-org-all.txt,213,200,成功,h264,30.0,有音频,1.137,9,9
Rig TV,https://buzzr-rigtv-xumo.amagi.tv/playlist.m3u8,,,,,,Undefined,1920x1080,iptv-org-all.txt,1290,200,成功,h264,29.97002997002997,有音频,1.205,8,8
Stormcast Novelas TV,https://stormcast-telenovelatv-1-fr.samsung.wurl.tv/playlist.m3u8,,,,,,Undefined,1280x720,iptv-org-all.txt,1999,200,成功,h264,29.97002997002997,有音频,0.704,8,8
Stingray Holiday Hits (1080p),https://lotus.stingray.com/manifest/ose-155ads-montreal/samsungtvplus/master.m3u8,StingrayHolidayHits.ca@SD,,,,https://i.imgur.com/4xVVKH8.png,Music,1920x1080,iptv-org-all.txt,1147,503,成功,h264,29.97002997002997,有音频,0.415,8,8
Scares by Shudder,https://amc-scaresbyshudder-1-us.xumo.wurl.tv/playlist.m3u8,,,,,,Undefined,1920x1080,iptv-org-all.txt,1496,200,成功,h264,29.97002997002997,有音频,1.352,8,8
Red ADvenir TV (360p) [Not 24/7],http://streamer1.streamhost.org:1935/salive/GMIredadvenirm/playlist.m3u8,RedADvenirTV.bo@SD,,,,https://i.imgur.com/WGkMt2j.png,Undefined,640x360,iptv-org-all.txt,1869,200,成功,h264,29.97002997002997,有音频,2.347,9,9
Real Disaster Channel,http://cfd-v4-service-channel-stitcher-use1-1.prd.pluto.tv/stitch/hls/channel/64e89cfc9c1e3900084ca663/master.m3u8?appName=web&appVersion=unknown&clientTime=0&deviceDNT=0&deviceId=2c7bdb42-35fc-11ef-a031-2b5d494037a2&deviceMake=Chrome&deviceModel=web&deviceType=web&deviceVersion=unknown&includeExtendedEvents=false&serverSideAds=false&sid=24208564-c527-4b10-9747-f554361463a7,,,,,,Undefined,426x240,iptv-org-all.txt,77,200,成功,h264,30.0,有音频,2.147,9,9
RTV Maastricht (720p) [Not 24/7],http://stream.rtvmaastricht.nl:8081/rtvm_live/tv/playlist.m3u8,RTVMaastricht.nl@SD,,,,https://i.imgur.com/nYl8H2e.png,Undefined,1280x720,iptv-org-all.txt,2221,200,成功,h264,50.0,有音频,1.294,8,8
RTM ASEAN,https://d25tgymtnqzu8s.cloudfront.net/event/smil:event1/chunklist_b2596000_slENG.m3u8,RTMASEAN.my@SD,,,,https://i.imgur.com/skAiUxg.png,News,1920x1080,iptv-org-all.txt,1852,200,成功,h264,25.0,有音频,0.225,8,8
Real America's Voice (720p),https://d2jiqiw4g5lj5k.cloudfront.net/v1/master/3722c60a815c199d9c0ef36c5b73da68a62b09d1/AmericasVoiceChannel-prod/AVSamsung/AVSamsung.m3u8,RealAmericasVoice.us@SD,,,,https://i.imgur.com/l7tmTjX.png,Undefined,426x240,iptv-org-all.txt,1669,200,成功,h264,30.0,有音频,2.195,9,9
Roya Kids Originals (1080p),https://playlist.fasttvcdn.com/pl/ptllxjd03j6g9oxxjdfapg/roya-kids-originals/playlist.m3u8,RoyaKidsOriginals.jo@SD,,,,https://i.imgur.com/acuCGF8.png,Kids,640x360,iptv-org-all.txt,1157,200,成功,h264,25.0,有音频,7.961,9,9
Stingray Greatest Holiday Hits,https://d39g1vxj2ef6in.cloudfront.net/v1/manifest/3fec3e5cac39a52b2132f9c66c83dae043dc17d4/prod-rakuten-stitched/54947915-6504-4548-aaef-eabd451f8607/1.m3u8,StingrayGreatestHolidayHits.us@SD,,,,https://i.imgur.com/Hz2d6og.png,Music,1920x1080,iptv-org-all.txt,1218,504,成功,h264,29.97002997002997,有音频,0.390,8,8
RTB Sukmaindera (720p),https://d1211whpimeups.cloudfront.net/smil:rtb1/playlist.m3u8,RTBSukmaindera.bn@SD,,,,https://i.imgur.com/WpMGnTr.png,General,640x360,iptv-org-all.txt,1308,200,成功,h264,25.0,有音频,3.618,9,9
Solidaria TV (720p),https://canadaremar2.todostreaming.es/live/solidariatv-webhd.m3u8,SolidariaTV.es@SD,,,,https://i.imgur.com/Bgm2iZY.png,Undefined,1280x720,iptv-org-all.txt,1200,200,成功,h264,50.0,有音频,2.688,8,8
Shemaroo Marathi Bana (720p),https://airtelapp.shemaroo.com/marathibana/smil:marathibanaadp.smil/playlist.m3u8,ShemarooMarathiBana.in@SD,,,,https://xstreamcp-assets-msp.streamready.in/assets/LIVETV/LIVECHANNEL/LIVETV_LIVETVCHANNEL_SHEMAROO_MARATHIBANA/images/LOGO_HD/image.png,Undefined,1280x720,iptv-org-all.txt,6690,200,成功,h264,25.0,有音频,2.949,8,8
RTB Go (720p),https://d1211whpimeups.cloudfront.net/smil:rtbgo/playlist.m3u8,RTBGo.bn@SD,,,,https://i.imgur.com/CGlzsD5.png,General,640x360,iptv-org-all.txt,1497,200,成功,h264,30.0,有音频,3.659,37,33
RFPtv (360p),https://video03.logicahost.com.br/rfptv/rfptv/playlist.m3u8,RFPtv.pt@SD,,,,https://i.imgur.com/I60nQuR.png,Music,640x360,iptv-org-all.txt,24,200,成功,h264,25.0,有音频,1.762,9,9
Regio TV,https://dash2.antik.sk/live/test_regio_tv/playlist.m3u8,RegioTV.sk@SD,,,,https://i.imgur.com/WlF6tlZ.png,General,720x576,iptv-org-all.txt,103,200,成功,h264,25.0,有音频,1.375,8,8
South Park: Stan Collection,http://cfd-v4-service-channel-stitcher-use1-1.prd.pluto.tv/stitch/hls/channel/646b1438e94c3800082a8cff/master.m3u8?appName=web&appVersion=unknown&clientTime=0&deviceDNT=0&deviceId=bc863d78-4b91-11ef-8a44-83c5e90e038f&deviceMake=Chrome&deviceModel=web&deviceType=web&deviceVersion=unknown&includeExtendedEvents=false&serverSideAds=false&sid=b5cdff11-5975-43e0-bd1f-e66ef910dc26,,,,,,Undefined,426x240,iptv-org-all.txt,26,200,成功,h264,30.0,有音频,1.569,9,9
RTB Aneka (720p),https://d1211whpimeups.cloudfront.net/smil:rtb2/playlist.m3u8,RTBAneka.bn@SD,,,,https://i.imgur.com/MY40GrC.png,General,640x360,iptv-org-all.txt,1657,200,成功,h264,25.0,有音频,3.446,9,9
Senzi (720p),http://lb.streaming.sk/senzi/stream/playlist.m3u8,Senzi.sk@SD,,,,https://i.imgur.com/1qJMmBu.png,Undefined,1280x720,iptv-org-all.txt,2282,200,成功,h264,25.0,有音频,1.826,8,8
Stingray Soul Storm (1080p),https://lotus.stingray.com/manifest/ose-134ads-montreal/samsungtvplus/master.m3u8,StingraySoulStorm.ca@SD,,,,https://i.imgur.com/dU1KC3f.png,Music,1920x1080,iptv-org-all.txt,45,200,成功,h264,29.97002997002997,有音频,0.613,8,8
RTL-TVI (1080p) [Not 24/7],https://tvi-live-hls.akamaized.net/hls/live/2038650/TVI-Live-HLS/master.m3u8,RTLTVI.be@SD,,,,https://i.imgur.com/2CimAAN.png,Undefined,1920x1080,iptv-org-all.txt,2292,200,成功,h264,25.0,有音频,6.542,24,20
Stingray Karaoke (1080p),https://lotus.stingray.com/manifest/karaoke-kar000-montreal/samsungtvplus/master.m3u8,StingrayKaraoke.ca@SD,,,,https://i.imgur.com/9TLTLS3.png,Music,256x144,iptv-org-all.txt,897,503,成功,h264,29.97002997002997,有音频,0.918,9,9
RTV Vida (1080p),https://vidartv2.todostreaming.es/live/radiovida-emisiontvhd.m3u8,RTVVida.es@SD,,,,https://i.imgur.com/EqUfEAh.png,Music,1920x1080,iptv-org-all.txt,2053,200,成功,h264,50.0,有音频,1.676,8,8
Stingray Hot Country (1080p),https://lotus.stingray.com/manifest/ose-108ads-montreal/samsungtvplus/master.m3u8,StingrayHotCountry.ca@SD,,,,https://i.imgur.com/PZhxyIT.png,Music,1920x1080,iptv-org-all.txt,1116,200,成功,h264,29.97002997002997,有音频,0.527,8,8
RTB 3,https://edge13.vedge.infomaniak.com/livecast/ik:rtb3-1/manifest.m3u8,RTB3.bf@SD,,,,https://i.imgur.com/OFZm8ic.png,Culture,1280x720,iptv-org-all.txt,2041,200,成功,h264,30.0,有音频,2.894,8,8
Regio TV Schwaben (1080p),https://stream05.welocal.stream/stream/fhd-regiotv_182913/ngrp:stream_all/playlist.m3u8,RegioTVSchwaben.de@SD,,,,https://i.imgur.com/3koyLef.png,Undefined,426x240,iptv-org-all.txt,3072,200,成功,h264,25.0,有音频,6.880,9,9
Sportoutdoor.tv,https://gto2000-sportoutdoortv-1-it.samsung.wurl.tv/playlist.m3u8,,,,,,Undefined,1280x720,iptv-org-all.txt,1423,200,成功,h264,29.97002997002997,有音频,0.677,8,8
Shopping NT (720p),https://live.shoppingntmall.com/live/10011.m3u8,ShoppingNT.kr@SD,,,,https://i.imgur.com/BgbJp5X.png,Shop,1280x720,iptv-org-all.txt,4198,200,成功,h264,30.0,有音频,5.963,8,8
Shubhsandesh TV (720p) [Not 24/7],https://6284rn2xr7xv-hls-live.wmncdn.net/shubhsandeshtv1/live123.stream/index.m3u8,ShubhsandeshTV.in@SD,,,,https://xstreamcp-assets-msp.streamready.in/assets/LIVETV/LIVECHANNEL/LIVETV_LIVETVCHANNEL_SHUBHSANDESH_TV/images/LOGO_HD/image.png,Undefined,640x360,iptv-org-all.txt,1346,200,成功,h264,25.0,有音频,1.188,9,9
Stingray Smooth Jazz (1080p),https://lotus.stingray.com/manifest/ose-140ads-montreal/samsungtvplus/master.m3u8,StingraySmoothJazz.ca@SD,,,,https://i.imgur.com/h1DsOzH.png,Music,1920x1080,iptv-org-all.txt,37,200,成功,h264,29.97002997002997,有音频,10.005,8,8
Stingray Remember the 80s (1080p),https://lotus.stingray.com/manifest/ose-128ads-montreal/samsungtvplus/master.m3u8,StingrayEverything80s.ca@SD,,,,https://i.imgur.com/6E3wYrb.png,Music,1920x1080,iptv-org-all.txt,39,200,成功,h264,29.97002997002997,有音频,8.946,8,8
Star Trek: Deep Space Nine,http://cfd-v4-service-channel-stitcher-use1-1.prd.pluto.tv/stitch/hls/channel/65a67d200c7ff50008cb131a/master.m3u8?appName=web&appVersion=unknown&clientTime=0&deviceDNT=0&deviceId=84af63d9-4b92-11ef-aece-533610f1ea34&deviceMake=Chrome&deviceModel=web&deviceType=web&deviceVersion=unknown&includeExtendedEvents=false&serverSideAds=false&sid=2bc71210-8348-497e-9c67-114c5ae83332,,,,,,Undefined,426x240,iptv-org-all.txt,35,200,成功,h264,30.0,有音频,1.348,37,29
Stingray Remember the 80s,https://d39g1vxj2ef6in.cloudfront.net/v1/master/3fec3e5cac39a52b2132f9c66c83dae043dc17d4/prod-rakuten-stitched/master.m3u8?ads.xumo_channelId=88883071,StingrayRememberthe80s.ca@Poland,,,,https://i.imgur.com/duwc8E8.png,Music,1920x1080,iptv-org-all.txt,17,504,成功,h264,29.97002997002997,有音频,2.029,8,8
Story Television,https://2-fss-1.streamhoster.com/pl_122/206858-4412976-1/chunklist.m3u8,WCIUDT5.us@SD,,,,https://upload.wikimedia.org/wikipedia/en/e/e1/Story_television_logo.png,Undefined,720x480,iptv-org-all.txt,2005,200,成功,h264,30.0,有音频,0.493,8,8
Stories by AMC,http://cfd-v4-service-channel-stitcher-use1-1.prd.pluto.tv/stitch/hls/channel/5e8254118601b80007b4b7ae/master.m3u8?appName=web&appVersion=unknown&clientTime=0&deviceDNT=0&deviceId=6c2bd7a7-30d3-11ef-9cf5-e9ddff8ff496&deviceMake=Chrome&deviceModel=web&deviceType=web&deviceVersion=unknown&includeExtendedEvents=false&serverSideAds=false&sid=376bc851-10a1-4952-ada7-86e9d28d5845,StoriesbyAMC.us@SD,,,,https://i.imgur.com/QJtwJoS.png,Entertainment,426x240,iptv-org-all.txt,41,200,成功,h264,30.0,有音频,1.411,81,65
Silverbird News 24 (576p),https://viewmedia7219.bozztv.com/wmedia/viewmedia100/web_029/Stream/playlist.m3u8,SilverbirdNews24.ng@SD,,,,https://i.imgur.com/9jcV9oG.png,News,426x240,iptv-org-all.txt,322,200,成功,h264,25.0,有音频,4.046,16,14
RTQ Querétaro (1080p),https://59d39900ebfb8.streamlock.net/rytqrolive/rytqrolive/chunklist.m3u8,RTQQueretaro.mx@SD,,,,https://i.imgur.com/RRckCvf.png,Undefined,640x360,iptv-org-all.txt,11,200,成功,h264,,有音频,0.721,10,10
Santa Monica City TV 20 (Santa Monica CA) (360p) [Not 24/7],https://cdn3.wowza.com/5/bGZUOHp2TnhudnM2/santamonica/G0039_002/playlist.m3u8,CityTV20SantaMonica.us@SD,,,,https://i.imgur.com/NY4fOLy.png,Legislative,480x360,iptv-org-all.txt,343,200,成功,h264,25.0,有音频,0.744,157,129
SET Televisión Canal 26.1 (720p) [Not 24/7],https://5d0d1d7a6be9e.streamlock.net/sicom/canal1/playlist.m3u8,XHPBZCTDT1.mx@SD,,,,https://i.imgur.com/dbJKErB.png,Undefined,1280x720,iptv-org-all.txt,1827,200,成功,h264,30.0,有音频,2.165,8,8
Siembra TV [Not 24/7],https://cloud2.streaminglivehd.com:1936/siembratv/siembratv/playlist.m3u8,SiembraTV.ve@SD,,,,https://i.imgur.com/zRX91Xr.png,General,1280x720,iptv-org-all.txt,1502,200,成功,h264,30.0,有音频,1.040,8,8
Red CCTV (480p),https://solo.disfrutaenlared.com:1936/redcctv/redcctv/playlist.m3u8,RedCCTV.bo@SD,,,,https://i.imgur.com/YC5FRmq.png,Undefined,854x480,iptv-org-all.txt,1390,200,成功,h264,29.97002997002997,有音频,1.235,8,8
River Monsters,http://cfd-v4-service-channel-stitcher-use1-1.prd.pluto.tv/stitch/hls/channel/65367e914f123d000877d021/master.m3u8?appName=web&appVersion=unknown&clientTime=0&deviceDNT=0&deviceId=2c7bdb47-35fc-11ef-a031-2b5d494037a2&deviceMake=Chrome&deviceModel=web&deviceType=web&deviceVersion=unknown&includeExtendedEvents=false&serverSideAds=false&sid=e137c165-f05c-4ec7-8b23-8d14d8c59871,,,,,,Undefined,426x240,iptv-org-all.txt,75,200,成功,h264,30.0,有音频,1.857,117,93
Sports First (1080p),https://d4ddgdmj1cvnm.cloudfront.net/scheduler/scheduleMaster/409.m3u8,,,,,,Undefined,,iptv-org-all.txt,1282,200,成功,h264,,有音频,2.037,10,10
Real News Kerala (1080p) [Not 24/7],https://bk7l298nyx53-hls-live.5centscdn.com/realnews/e7dee419f91aa9e65939d3677fb9c4f5.sdp/playlist.m3u8,RealNewsKerala.in@SD,,,,https://jiotvimages.cdn.jio.com/dare_images/images/Real_News_Kerala.png,News,1920x1080,iptv-org-all.txt,2126,200,成功,h264,30.0,有音频,2.379,8,8
RTV21,https://gjirafa-video-live.gjirafa.net/gjvideo-live/2cz-npl-jfn-9he/tracks-v2a1/mono.m3u8,RTV21.xk@SD,,,,https://i.postimg.cc/cC3bw9h6/rtv21.png,Undefined,1280x720,iptv-org-all.txt,1278,200,成功,h264,25.0,有音频,1.301,8,8
Stingray Today's Latin Pop (1080p),https://lotus.stingray.com/manifest/ose-190ads-montreal/samsungtvplus/master.m3u8,StingrayTodaysLatinPop.ca@SD,,,,https://i.imgur.com/Os3kRRP.png,Music,1920x1080,iptv-org-all.txt,11,200,成功,h264,29.97002997002997,有音频,0.522,8,8
ReggioTV (480p) [Not 24/7],https://cdn10.streamshow.it/cloud-reggiotv/reggiotv/playlist.m3u8,ReggioTV.it@SD,,,,https://i.imgur.com/cEwJkRV.png,Undefined,1280x720,iptv-org-all.txt,2038,200,成功,h264,25.0,有音频,0.776,8,8
Semerkand TV (1080p) [Not 24/7],https://b01c02nl.mediatriple.net/videoonlylive/mtisvwurbfcyslive/broadcast_58d915bd40efc.smil/playlist.m3u8,SemerkandTV.tr@SD,,,,https://i.imgur.com/UVGGrQd.png,Undefined,640x360,iptv-org-all.txt,1918,200,成功,h264,25.0,有音频,8.545,29,23
Rete 8,https://64b16f23efbee.streamlock.net/rete8/rete8/playlist.m3u8,Rete8.it@SD,,,,https://i.imgur.com/jojCxg3.png,General,1920x1080,iptv-org-all.txt,1784,200,成功,h264,25.0,有音频,2.699,8,8
RCG TV (Timeshifted -2 Hours) (432p),https://video1.getstreamhosting.com:1936/8246/8246/playlist.m3u8,,,,,,Undefined,640x360,iptv-org-all.txt,189,200,成功,h264,29.97002997002997,有音频,0.694,9,9
Serially Crime (720p),https://ixmediasrl-seriallycrime-1-it.rakuten.wurl.tv/playlist.m3u8,,,,,,Undefined,1280x720,iptv-org-all.txt,1569,200,成功,h264,29.97002997002997,有音频,1.014,8,8
SGTV (Seminole County FL) (1080p),https://live.seminolecountyfl.gov/live-2/live/stream-1/live.m3u8,SGTV.us@SD,,,,https://i.imgur.com/rVyWa2A.png,Legislative,480x270,iptv-org-all.txt,1597,200,成功,h264,30.0,有音频,4.440,9,9
SL 1,https://slonehls.wns.live/hls/stream.m3u8,SL1.ir@SD,,,,https://i.imgur.com/n9cuM2W.jpg,Movies,1280x720,iptv-org-all.txt,1380,200,成功,h264,25.0,有音频,2.527,26,23
RTV Riobamba (720p) [Not 24/7],https://sv72.ecuaradiotv.net/rtvhd/live/manifest.m3u8,RTV.ec@SD,,,,https://i.imgur.com/DzxGHRZ.png,General,1280x720,iptv-org-all.txt,1682,200,成功,h264,29.97002997002997,有音频,1.503,8,8
Sama Dubai (1080p),https://dmieigthvllta.cdn.mgmlcdn.com/samadubaiht/smil:samadubai.stream.smil/chunklist.m3u8,SamaDubai.ae@SD,,,,https://i.imgur.com/F5g3ymW.png,General,1920x1080,iptv-org-all.txt,1766,200,成功,h264,25.0,有音频,2.456,8,8
Señal Perú TV (404p) [Not 24/7],https://livestream.perucast.com/hls/stream.m3u8,SenalPeruTV.pe@SD,,,,https://i.imgur.com/1q0R6R9.png,Undefined,1280x720,iptv-org-all.txt,1796,200,成功,h264,59.94005994005994,有音频,0.817,8,8
RTP,https://rtp.noxun.net/hls/stream.m3u8,RTP.bo@SD,,,,https://i.imgur.com/cECNvvr.png,General,1440x810,iptv-org-all.txt,1972,200,成功,h264,29.97002997002997,有音频,1.006,8,8
República TV (720p),https://rds3.desdeparaguay.net/republicatv/republicatv/playlist.m3u8,RepublicaTV.py@SD,,,,https://i.ibb.co/qYRw4JP/Captura.png,General,1280x720,iptv-org-all.txt,1391,200,成功,h264,25.0,有音频,1.783,8,8
RTS 1 (720p),http://69.64.57.208/rts1/playlist.m3u8,RTS1.sn@SD,,,,https://i.imgur.com/HHGktpF.png,General,720x576,iptv-org-all.txt,90,200,成功,h264,25.0,有音频,0.749,8,8
Sanskar Web TV (1080p),https://deatfcv3xdvi3.cloudfront.net/out/v1/7a43dd2f64e34ec28da1b4bd6923251a/index.m3u8,SanskarWebTV.in@SD,,,,https://i.imgur.com/mu2B6hw.png,Religious,384x288,iptv-org-all.txt,2095,200,成功,h264,25.0,有音频,4.169,17,13
Reelz (720p),https://fl1.moveonjoy.com/REELZ/index.m3u8,Reelz.us@SD,,,,https://upload.wikimedia.org/wikipedia/commons/thumb/1/19/Reelz.svg/512px-Reelz.svg.png,Documentary,1280x720,iptv-org-all.txt,45,200,成功,h264,59.94005994005994,有音频,0.964,8,8
Sangeet Bangla (720p),https://cdn-4.pishow.tv/live/1143/master.m3u8,SangeetBangla.in@SD,,,,https://ltsk-cdn.s3.eu-west-1.amazonaws.com/jumpstart/Temp_Live/cdn/HLS/Channel/transparentImages/Sangeet%20Bangla.png,Music,424x240,iptv-org-all.txt,2067,200,成功,h264,25.0,有音频,10.061,7,5
Ruta66 TV (720p),https://cnn.livestreaminggroup.info:3796/live/ruta66tvlive.m3u8,Ruta66TV.do@SD,,,,https://i.imgur.com/oY4Xfvq.png,General,1920x1080,iptv-org-all.txt,1148,200,成功,h264,29.97002997002997,有音频,0.558,8,8
Stingray Classica (1080p),https://lotus.stingray.com/manifest/classica-cla008-montreal/samsungtvplus/master.m3u8,StingrayClassica.ca@SD,,,,https://i.imgur.com/nh1k5RC.png,Music,256x144,iptv-org-all.txt,2832,200,成功,h264,29.97002997002997,有音频,1.120,9,9
Stingray Flashback 70s (1080p),https://lotus.stingray.com/manifest/ose-115ads-montreal/samsungtvplus/master.m3u8,StingrayFlashback70s.ca@SD,,,,https://i.imgur.com/jf5C9QF.png,Music,1920x1080,iptv-org-all.txt,216,200,成功,h264,29.97002997002997,有音频,0.479,8,8
Royalworld,https://ac76260b1102416c93f3d20958bfeb4b.mediatailor.us-east-1.amazonaws.com/v1/master/44f73ba4d03e9607dcd9bebdcb8494d86964f1d8/RakutenTV-pl_Royalworld/playlist.m3u8,Royalworld.pl@FAST,,,,https://images-3.rakuten.tv/storage/global-live-channel/translation/artwork/39438460-99ba-412e-ac19-9342249384af-width200-quality90.jpeg,Undefined,1280x720,iptv-org-all.txt,1267,200,成功,h264,29.97002997002997,有音频,1.048,8,8
StoryChannel TV (720p),https://136044159.r.cdnsun.net/storychannel.m3u8,StoryChannelTV.ma@SD,,,,https://i.imgur.com/ZBV6xph.png,Culture,1280x720,iptv-org-all.txt,2161,200,成功,h264,25.0,有音频,1.794,8,8
Stingray DJAZZ (1080p),https://lotus.stingray.com/manifest/djazz-djaads-montreal/samsungtvplus/master.m3u8,StingrayDJAZZ.ca@SD,,,,https://upload.wikimedia.org/wikipedia/commons/thumb/1/14/Stingray_Djazz.png/512px-Stingray_Djazz.png,Music,256x144,iptv-org-all.txt,218,200,成功,h264,29.97002997002997,有音频,1.087,69,57
Sada TV (1080p) [Not 24/7],http://cdn12.henico.net:8080/live/sadatv/index.m3u8,SADATV.in@SD,,,,https://i.ibb.co/cXPzpGp/SADA-CHANNEL-HBN-global-Punjabi-Satellite-TV.png,Entertainment,1280x720,iptv-org-all.txt,1892,200,成功,h264,59.94005994005994,有音频,0.363,26,20
Rocky Hill Government Access Channel 16 (480p),https://securestream9.champds.com/LIVE/RockyHillCTLIVE/RockyHillCTLIVE.m3u8,RockyHillChannel16.us@SD,,,,https://i.imgur.com/2ZDcH2L.png,Legislative,960x540,iptv-org-all.txt,1997,200,成功,h264,30.0,有音频,1.427,8,8
Sardari TV (1080p) [Not 24/7],http://158.69.124.9:1935/sardaritv/sardaritv/playlist.m3u8,SardariTV.ca@SD,,,,,Undefined,1920x1080,iptv-org-all.txt,76,200,成功,h264,29.97002997002997,有音频,0.394,8,8
Sigma TV (576p) [Not 24/7],https://sl2.sigmatv.com/hls/live.m3u8,SigmaTV.cy@SD,,,,https://i.postimg.cc/25d0rDB2/sigmatv.png,Undefined,1024x576,iptv-org-all.txt,1686,200,成功,h264,25.0,有音频,3.018,8,8
Serie Max,https://video1.getstreamhosting.com:1936/8330/8330/playlist.m3u8,SerieMax.ci@SD,,,,https://i.imgur.com/GaRQXHT.png,Series,1280x720,iptv-org-all.txt,1593,200,成功,h264,25.0,有音频,0.639,38,32
Stingray Today's KPOP (1080p),https://lotus.stingray.com/manifest/ose-317ads-montreal/samsungtvplus/master.m3u8,StingrayTodaysKPop.ca@SD,,,,https://i.imgur.com/mMbntB5.png,Music,1920x1080,iptv-org-all.txt,671,200,成功,h264,29.97002997002997,有音频,0.556,8,8
SKWAD (1080p),https://stream-us-east-1.getpublica.com/playlist.m3u8?network_id=71,SkwadPlay.us@SD,,,,https://i.imgur.com/cP56PrG.png,Kids,960x540,iptv-org-all.txt,1538,200,成功,h264,30.0,有音频,2.527,36,28
Star Trek,http://cfd-v4-service-channel-stitcher-use1-1.prd.pluto.tv/stitch/hls/channel/5efbd39f8c4ce900075d7698/master.m3u8?appName=web&appVersion=unknown&clientTime=0&deviceDNT=0&deviceId=6c2bd7a1-30d3-11ef-9cf5-e9ddff8ff496&deviceMake=Chrome&deviceModel=web&deviceType=web&deviceVersion=unknown&includeExtendedEvents=false&serverSideAds=false&sid=d71afd5b-b301-46b0-bf30-b8f1833c66d5,StarTrek.us@SD,,,,https://i.imgur.com/8cvXYiT.png,Series,426x240,iptv-org-all.txt,29,200,成功,h264,30.0,有音频,1.321,9,9
Sangeet Marathi (720p),https://cdn-3.pishow.tv/live/1229/master.m3u8,SangeetMarathi.in@SD,,,,https://xstreamcp-assets-msp.streamready.in/assets/LIVETV/LIVECHANNEL/LIVETV_LIVETVCHANNEL_SANGEET_MARATHI/images/LOGO_HD/image.png,Music,424x240,iptv-org-all.txt,2041,200,成功,h264,25.0,有音频,9.990,7,5
Star 101 FM (KNUT Guam) [Not 24/7],https://live2.tensila.com/knut-v-1.choice/hls/master.m3u8,Star101FM.gu@SD,,,,https://star101.gu/images/fb_icon.jpg,Music,1920x1080,iptv-org-all.txt,1569,200,成功,h264,30.0,有音频,1.397,8,8
Revolt,https://fl1.moveonjoy.com/REVOLT/index.m3u8,Revolt.us@SD,,,,https://i.postimg.cc/4xnH4Dx6/revolt.png,Undefined,1280x720,iptv-org-all.txt,45,200,成功,h264,59.94005994005994,有音频,1.018,8,8
Sono Onda TV (720p),https://live.obslivestream.com/sonoondatv/index.m3u8,SonoOndaTV.ec@SD,,,,https://i.imgur.com/HWHeqWY.png,Undefined,1024x576,iptv-org-all.txt,1339,200,成功,h264,25.0,有音频,1.932,8,8
Stockton GovTV (Stockton CA) (720p),https://cdn3.wowza.com/5/dk84U1p2UUdoMGxT/stockton/G0044_008/playlist.m3u8,StocktonGovTV.us@SD,,,,https://i.imgur.com/Ko4m4iw.png,Legislative,1280x720,iptv-org-all.txt,1952,200,成功,h264,25.0,有音频,0.740,8,8
Royalworld Germany (720p),https://amogonetworx-royalworld-2-de.rakuten.wurl.tv/playlist.m3u8,,,,,,Undefined,1280x720,iptv-org-all.txt,1308,200,成功,h264,29.97002997002997,有音频,0.986,8,8
Sertão TV (720p),http://wz4.dnip.com.br/sertaotv/sertaotv.sdp/playlist.m3u8,SertaoTV.br@SD,,,,https://i.imgur.com/b5xOCsC.png,General,1280x720,iptv-org-all.txt,1414,200,成功,h264,29.97002997002997,有音频,0.455,68,56
Streek TV (720p) [Not 24/7],http://cdn22.streampartner.nl/streektv/streektv/playlist.m3u8,StreekTV.nl@SD,,,,https://i.imgur.com/48lkh57.png,Undefined,1280x720,iptv-org-all.txt,1808,200,成功,h264,50.0,有音频,1.213,8,8
Spirit TV (720p) [Not 24/7],https://cdnlive.myspirit.tv/LS-ATL-43240-2/index.m3u8,SpiritTV.us@SD,,,,https://i.imgur.com/yCp6vXz.png,Music;Religious,1280x720,iptv-org-all.txt,424,200,成功,h264,30.0,有音频,0.546,8,8
SpongeBob Schwammkopf,http://cfd-v4-service-channel-stitcher-use1-1.prd.pluto.tv/stitch/hls/channel/5d00e8adaab96b5635b2a005/master.m3u8?appName=web&appVersion=unknown&clientTime=0&deviceDNT=0&deviceId=1b210d33-4b81-11ef-a8ac-e146e4e7be02&deviceMake=Chrome&deviceModel=web&deviceType=web&deviceVersion=unknown&includeExtendedEvents=false&serverSideAds=false&sid=d0e90d58-c732-45e6-912f-8699db8e3f73,SpongeBobSchwammkopf.us@Austria,,,,https://i.imgur.com/NIsgNvI.png,Kids,426x240,iptv-org-all.txt,436,200,成功,h264,30.0,有音频,1.167,29,23
Strongman (720p),https://rightsboosterltd-scl-1-eu.rakuten.wurl.tv/playlist.m3u8,Strongman.us@UK,,,,https://i.imgur.com/bVQBF6R.png,Sports,1280x720,iptv-org-all.txt,1437,200,成功,h264,29.97002997002997,有音频,0.813,8,8
Stargate,http://cfd-v4-service-channel-stitcher-use1-1.prd.pluto.tv/stitch/hls/channel/620bfa7df72827000703ddb1/master.m3u8?appName=web&appVersion=unknown&clientTime=0&deviceDNT=0&deviceId=6c2bd7a5-30d3-11ef-9cf5-e9ddff8ff496&deviceMake=Chrome&deviceModel=web&deviceType=web&deviceVersion=unknown&includeExtendedEvents=false&serverSideAds=false&sid=5881254c-5290-452b-a946-d919b7bb1297,,,,,,Undefined,426x240,iptv-org-all.txt,112,200,成功,h264,30.0,有音频,1.477,37,29
SpongeBob Schwammkopf,http://cfd-v4-service-channel-stitcher-use1-1.prd.pluto.tv/stitch/hls/channel/5d00e8adaab96b5635b2a005/master.m3u8?appName=web&appVersion=unknown&clientTime=0&deviceDNT=0&deviceId=bc866482-4b91-11ef-8a44-83c5e90e038f&deviceMake=Chrome&deviceModel=web&deviceType=web&deviceVersion=unknown&includeExtendedEvents=false&serverSideAds=false&sid=30a0d034-7ffa-4bcb-914c-4d4a5482d9ea,,,,,,Undefined,426x240,iptv-org-all.txt,440,200,成功,h264,30.0,有音频,0.995,9,9
Sheffield Live TV (360p) [Not 24/7],http://tv.sheffieldlive.org/hls/main.m3u8,SheffieldLiveTV.uk@SD,,,,https://i.imgur.com/p0QzCFs.png,Undefined,640x360,iptv-org-all.txt,2382,200,成功,h264,25.0,有音频,1.390,9,9
Riau TV (1080p) [Not 24/7],http://122.248.43.242:1935/RIAUTV/_definst_/myStream/playlist.m3u8,RiauTV.id@SD,,,,https://i.imgur.com/1g8FtJi.png,Undefined,1920x1080,iptv-org-all.txt,478,200,成功,h264,25.0,有音频,2.948,8,8
Salvación TV (720p),https://stream.eleden.com/livesalvatv/ngrp:livesalvatv_all/playlist.m3u8,SalvacionTV.pr@SD,,,,https://i.imgur.com/6HOViG9.png,Religious,426x240,iptv-org-all.txt,1522,200,成功,h264,30.0,有音频,1.884,9,9
St. Pete TV (SPTV) (St Petersburg FL) (360p),https://cdn3.wowza.com/5/RXJNMFI3VlVkOEFP/stpete/G0187_003/playlist.m3u8,SPTV.us@SD,,,,https://i.imgur.com/fl8I3cg.png,Legislative,640x360,iptv-org-all.txt,138,200,成功,h264,25.0,有音频,0.524,9,9
Regio TV Bodensee (1080p),https://regiotv-b.iptv-playoutcenter.de/regiotv-b/regiotv-b.stream_1/playlist.m3u8,RegioTVBodensee.de@SD,,,,https://i.imgur.com/3koyLef.png,Undefined,1920x1080,iptv-org-all.txt,2615,200,成功,h264,25.0,有音频,2.652,26,20
SpongeBob Schwammkopf,http://cfd-v4-service-channel-stitcher-use1-1.prd.pluto.tv/stitch/hls/channel/5d00e8adaab96b5635b2a005/master.m3u8?appName=web&appVersion=unknown&clientTime=0&deviceDNT=0&deviceId=84af63d8-4b92-11ef-aece-533610f1ea34&deviceMake=Chrome&deviceModel=web&deviceType=web&deviceVersion=unknown&includeExtendedEvents=false&serverSideAds=false&sid=3e6bdc7a-78a0-4fdd-8f37-ea9905c5e422,SpongeBobSchwammkopf.us@Germany,,,,https://i.imgur.com/NIsgNvI.png,Kids,426x240,iptv-org-all.txt,440,200,成功,h264,30.0,有音频,1.283,129,105
RTV SLOS (720p),https://d3b6teev8t7bb2.cloudfront.net/nlpo/clr-nlpo/rtvslos/index.m3u8,RTVSLOS.nl@SD,,,,https://i.postimg.cc/qBPCBbCS/rtvslos.png,Undefined,1280x720,iptv-org-all.txt,1647,200,成功,h264,25.0,有音频,10.445,8,8
Star Trek 2,http://cfd-v4-service-channel-stitcher-use1-1.prd.pluto.tv/stitch/hls/channel/5f77879983bec60007e2a196/master.m3u8?appName=web&appVersion=unknown&clientTime=0&deviceDNT=0&deviceId=6c2bd7a2-30d3-11ef-9cf5-e9ddff8ff496&deviceMake=Chrome&deviceModel=web&deviceType=web&deviceVersion=unknown&includeExtendedEvents=false&serverSideAds=false&sid=ffc48245-dd1f-42c0-a844-75a8a43e52b0,,,,,,Undefined,640x360,iptv-org-all.txt,27,200,成功,h264,30.0,有音频,1.152,117,93
Senal Digital TV [Not 24/7],https://soportedvb.click:3494/live/senaldigitaltvlive.m3u8,SenalDigitalTV.do@HD,,,,https://imgur.com/KGqUu1X.jpg,General,1280x720,iptv-org-all.txt,1411,200,成功,h264,29.97002997002997,有音频,0.741,8,8
South Park: Cartman Collection,http://cfd-v4-service-channel-stitcher-use1-1.prd.pluto.tv/stitch/hls/channel/646b14747cb4b1000875724d/master.m3u8?appName=web&appVersion=unknown&clientTime=0&deviceDNT=0&deviceId=bc863d73-4b91-11ef-8a44-83c5e90e038f&deviceMake=Chrome&deviceModel=web&deviceType=web&deviceVersion=unknown&includeExtendedEvents=false&serverSideAds=false&sid=2ab3f647-2d4e-4dbe-8cc6-2ae639492542,,,,,,Undefined,426x240,iptv-org-all.txt,32,200,成功,h264,30.0,有音频,2.692,9,9
SF Commons Channel 29 (San Francisco CA) (480p),https://reflect-bayarea.cablecast.tv/live-5/live/live.m3u8,SFCommons29.us@SD,,,,https://i.imgur.com/aVkJkgm.png,General,400x300,iptv-org-all.txt,1719,200,成功,h264,30.0,有音频,3.178,9,9
Reyali (614p),https://eu1.servers10.com:8081/8090/index.m3u8,Reyali.co@SD,,,,https://i.imgur.com/YmFjnsF.png,Music,512x288,iptv-org-all.txt,86,200,成功,h264,30.0,有音频,2.669,37,29
SF Commons Channel 76 (San Francisco CA) (480p),https://reflect-bayarea.cablecast.tv/live-6/live/live.m3u8,SFCommons76.us@SD,,,,https://i.imgur.com/7L53Gju.png,General,400x300,iptv-org-all.txt,1432,200,成功,h264,30.0,有音频,2.649,9,9
RTG (720p),https://5e50264bd6766.streamlock.net/radtvguerrero/videoradtvguerrero/playlist.m3u8,RTG.mx@SD,,,,https://i.imgur.com/k9M2MOT.png,Undefined,1920x1080,iptv-org-all.txt,1601,200,成功,h264,30.0,有音频,1.806,8,8
Sky News Extra 3 (1080p),https://skynewsau-live.akamaized.net/hls/live/2002691/skynewsau-extra3/master.m3u8,SkyNewsExtra3.au@SD,,,,https://i.imgur.com/ZsPb8nL.png,News,640x360,iptv-org-all.txt,1494,200,成功,h264,25.0,有音频,4.581,120,96
