频道名,地址,回播地址,回播类型,回播天数,tvg-id,tvg-name,国家分组,语言分组,图标,原分组,分辨率,来源文件,检测时间,状态码,ffprobe是否成功,视频编码,分辨率,帧率,音频,ffprobe探测时间
Olelo 49 (720p),https://cdn3.wowza.com/5/V2Y2VmhqMEFDTUkx/olelo/G0125_009/playlist.m3u8,,,,Olelo49.us@SD,,,,https://i.imgur.com/4C5Xp8M.png,Legislative,1280x720,iptv-org-all.txt,972,200,成功,h264,1280x720,25.0,有音频,1.668
Olelo 54 (720p),https://cdn3.wowza.com/5/V2Y2VmhqMEFDTUkx/olelo/G0125_012/playlist.m3u8,,,,Olelo54.us@SD,,,,https://i.imgur.com/8BG31QL.png,Legislative,1280x720,iptv-org-all.txt,965,200,成功,h264,1280x720,25.0,有音频,1.750
Nasul TV (720p) [Not 24/7],https://live.nasul.tv/live/stream.m3u8,,,,NasulTV.ro@SD,,,,https://i.imgur.com/MoguWme.png,General,1280x720,iptv-org-all.txt,1467,200,成功,h264,1280x720,25.0,有音频,1.789
MTV Dating (Sweden) NO (720p),https://jmp2.uk/plu-685140bd21f49d1b9d177e21.m3u8,,,,MTVDating.se@NO,,,,https://images.pluto.tv/channels/6851407c21f49d1b9d177493/colorLogoPNG_1750843393149.png,Entertainment,1216x684,iptv-org-all.txt,650,200,成功,h264,1216x684,30.0,有音频,1.950
NTV Series (576p),http://stream.mcquack.net/301/index.m3u8,,,,NTVSeries.ru@SD,,,,https://i.imgur.com/QdVa8tl.png,Series,720x576,iptv-org-all.txt,180,200,成功,h264,720x576,25.0,有音频,2.420
Nickelodeon Toons (720p),https://jmp2.uk/plu-645951c0e94c38000802d2cb.m3u8,,,,NickelodeonToons.us@BR,,,,https://images.pluto.tv/channels/645951c0e94c38000802d2cb/colorLogoPNG_1767888119852.png,Kids,1280x720,iptv-org-all.txt,689,200,成功,h264,1280x720,30.0,有音频,2.468
PBS KVIE (1080p),https://kviedt2.lls.pbs.org/kviedt2-hls.m3u8,,,,PBS.us@KVIE,,,,https://i.imgur.com/8c8isLj.png,Education,416x234,iptv-org-all.txt,2022,200,成功,h264,416x234,29.97002997002997,有音频,2.507
NCIS: Los Angeles (United States),https://jmp2.uk/plu-66a106c8a79dea0008aa5ef3.m3u8,,,,NCISLosAngeles.us@CA,,,,https://images.pluto.tv/channels/66a106c8a79dea0008aa5ef3/colorLogoPNG.png,Series,1280x720,iptv-org-all.txt,314,200,成功,h264,1280x720,30.0,有音频,2.611
MTV Catfish (Sweden) (720p),https://jmp2.uk/plu-61780d4267bf4d00077ddd73.m3u8,,,,MTVCatfish.se@SE,,,,https://images.pluto.tv/channels/6177fe76691b2e000702c7fc/colorLogoPNG_1750864554364.png,Entertainment,1280x720,iptv-org-all.txt,96,200,成功,h264,1280x720,30.0,有音频,2.621
Ostrosyuzhetnoye HD (1080p),http://stream.mcquack.net/214/index.m3u8,,,,Ostrosyuzhetnoye.ru@HD,,,,https://i.imgur.com/NwQ7GBy.png,Movies,1920x1080,iptv-org-all.txt,170,200,成功,h264,1920x1080,25.0,有音频,2.638
Nickelodeon (Russia) (576p),http://stream.mcquack.net/443/index.m3u8,,,,Nickelodeon.ru@SD,,,,https://i.imgur.com/w8iE8dV.png,Kids,1920x1080,iptv-org-all.txt,175,200,成功,h264,1920x1080,25.0,有音频,2.633
Persiana Reality,https://twohls.persiana.live/hls/stream.m3u8,,,,PersianaReality.fr@HD,,,,,Entertainment,1280x720,iptv-org-all.txt,1115,200,成功,h264,1280x720,25.0,有音频,2.635
MTV Drag,https://jmp2.uk/plu-645111f1d8436e00081bb2bd.m3u8,,,,MTVDrag.us@BR,,,,https://images.pluto.tv/channels/645111f1d8436e00081bb2bd/colorLogoPNG.png,Entertainment,1216x684,iptv-org-all.txt,117,200,成功,h264,1216x684,30.0,有音频,2.799
PBS Travel (1080p),https://d3hqevbyoxtkoi.cloudfront.net/PBS_Travel.m3u8,,,,PBSTravel.us@SD,,,,https://i.imgur.com/A6GXhta.png,Lifestyle,1920x1080,iptv-org-all.txt,1195,200,成功,h264,1920x1080,29.97002997002997,有音频,2.118
NDTV Profit (1080p),https://ndtvprofit.akamaized.net/hls/live/2107404/ndtvprofit/chunklist_5.m3u8,,,,NDTVProfit.in@SD,,,,https://xstreamcp-assets-msp.streamready.in/assets/LIVETV/LIVECHANNEL/LIVETV_LIVETVCHANNEL_NDTV_PROFIT_PRIME/images/LOGO_HD/image.png,Business,1920x1080,iptv-org-all.txt,1110,200,成功,h264,1920x1080,25.0,有音频,2.983
Pasiones Latin America (1080p),http://15.204.246.24:8080/PasionesHD/index.m3u8,,,,PasionesLatinAmerica.us@SD,,,,https://i.imgur.com/VGnbWjO.png,Entertainment,1920x1080,iptv-org-all.txt,51,200,成功,h264,1920x1080,29.97002997002997,有音频,0.618
Nickelodeon (India) (576p),http://103.185.24.134:3001/NICK/index.m3u8,,,,Nickelodeon.in@SD,,,,https://xstreamcp-assets-msp.streamready.in/assets/LIVETV/LIVECHANNEL/LIVETV_LIVETVCHANNEL_NICK/images/LOGO_HD/image.png,Kids,720x576,iptv-org-all.txt,252,200,成功,h264,720x576,25.0,有音频,3.192
Mundos Lacustres TV (720p),https://video.ipstream.cl:3710/hybrid/play.m3u8,,,,MundosLacustresTV.cl@SD,,,,https://i.imgur.com/5xKtvnD.jpeg,General,1280x720,iptv-org-all.txt,1248,200,成功,h264,1280x720,24.0,有音频,3.186
News Capital Gujarat (1080p),https://newscapital.com/hls/main4/stream.m3u8,,,,NewsCapitalGujarat.in@SD,,,,https://jiotvimages.cdn.jio.com/dare_images/images/NewsCapital_Gujarat.png,News,1280x720,iptv-org-all.txt,2932,200,成功,h264,1280x720,50.0,有音频,3.641
Olelo 53 (720p),https://cdn3.wowza.com/5/V2Y2VmhqMEFDTUkx/olelo/G0125_011/playlist.m3u8,,,,Olelo53.us@SD,,,,https://i.imgur.com/xDuUrj9.png,Culture,1280x720,iptv-org-all.txt,972,200,成功,h264,1280x720,25.0,有音频,1.281
NHK General TV (720p),https://nhk4.mov3.co/hls/nhk.m3u8,,,,NHKGeneralTV.jp@SD,,,,https://i.imgur.com/fAZ2BEZ.png,General,960x540,iptv-org-all.txt,820,200,成功,h264,960x540,25.0,有音频,0.683
noa4 Hamburg (1080p),https://hls1.wtnet.de/noa4hh/apple/wifi6500.m3u8,,,,noa4Hamburg.de@SD,,,,https://i.imgur.com/7A2LRKI.png,General,1920x1080,iptv-org-all.txt,2984,200,成功,h264,1920x1080,25.0,有音频,3.973
Ocko Black,https://dash2.antik.sk/live/test_ocko_black/playlist.m3u8,,,,OckoBlack.cz@SD,,,,https://i.imgur.com/5rw9tWy.png,Music,1920x1080,iptv-org-all.txt,137,200,成功,h264,1920x1080,25.0,有音频,2.260
Olelo 55 (720p),https://cdn3.wowza.com/5/V2Y2VmhqMEFDTUkx/olelo/G0125_013/playlist.m3u8,,,,Olelo55.us@SD,,,,https://i.imgur.com/0qe2R8b.png,Entertainment,1280x720,iptv-org-all.txt,973,200,成功,h264,1280x720,25.0,有音频,1.282
MTV Drag LatAm,https://jmp2.uk/plu-64510d3ad3fdde00080951f2.m3u8,,,,MTVDrag.us@LatAm,,,,https://images.pluto.tv/channels/645111f1d8436e00081bb2bd/colorLogoPNG.png,Entertainment,1280x720,iptv-org-all.txt,97,200,成功,h264,1280x720,30.0,有音频,2.029
Novo Tempo (720p),http://45.162.64.114/NOVO_TEMPO/index.m3u8,,,,NovoTempo.br@SD,,,,,Religious,1280x720,iptv-org-all.txt,345,200,成功,h264,1280x720,30.0,有音频,1.782
MTV Classic LatAm (720p),https://jmp2.uk/plu-66a11a21a79dea0008aa90ca.m3u8,,,,MTVClassic.us@LatAm,,,,https://images.pluto.tv/channels/66a01dcb8561260008b0a41d/colorLogoPNG.png,Music,1216x684,iptv-org-all.txt,146,200,成功,h264,1216x684,30.0,有音频,1.938
NFL Channel (720p),https://jmp2.uk/plu-5ced7d5df64be98e07ed47b6.m3u8,,,,NFLChannel.us@SD,,,,https://i.imgur.com/mPGtwAP.png,Sports,1280x720,iptv-org-all.txt,345,200,成功,h264,1280x720,30.0,有音频,5.004
PBS WEDQ (1080p),https://wedqdt4.lls.pbs.org/wedqdt4-hls.m3u8,,,,PBS.us@WEDQ,,,,https://i.imgur.com/8c8isLj.png,Education,416x234,iptv-org-all.txt,1887,200,成功,h264,416x234,29.97002997002997,有音频,2.109
Panik TV (1080p),https://livetv.streams.ovh:1936/paniktv/paniktv/playlist.m3u8,,,,PanikTV.gr@SD,,,,https://i.imgur.com/13C3CPr.png,Music,1280x720,iptv-org-all.txt,2943,200,成功,h264,1280x720,30.0,有音频,5.281
Peer TV South Tyrol (1280p),https://iptv.peer.biz/live/peertv-en.m3u8,,,,PeerTVSouthTyrol.it@SD,,,,https://www.peer.biz/peertv-iptv/peer-tv-south-tyrol.png,Outdoor;Travel,1920x1080,iptv-org-all.txt,2426,200,成功,h264,1920x1080,50.0,有音频,5.282
Nusantara TV (1080p),https://nusantaratv.siar.us/nusantaratv/live/playlist.m3u8,,,,NusantaraTV.id@SD,,,,https://i.imgur.com/viun5hj.png,General,1920x1080,iptv-org-all.txt,1433,200,成功,h264,1920x1080,25.0,有音频,3.920
Nova Era TV (1080p) [Not 24/7],http://wz3.dnip.com.br:1935/novaeratv/novaeratv.sdp/live.m3u8,,,,NovaEraTV.br@SD,,,,https://i.imgur.com/IK3F9Uq.png,Undefined,1920x1080,iptv-org-all.txt,915,200,成功,h264,1920x1080,29.97002997002997,有音频,0.961
Peppa Pig,https://jmp2.uk/plu-5d14fb6c84dd37df3b4290c5.m3u8,,,,PeppaPig.us@SD,,,,https://images.pluto.tv/channels/5d14fb6c84dd37df3b4290c5/colorLogoPNG_1730733871298.png,Kids,1216x684,iptv-org-all.txt,105,200,成功,h264,1216x684,30.0,有音频,1.363
OK Magdeburg (1080p),http://58bd5b7a98e04.streamlock.net/medienasa-live/ok-magdeburg_high/playlist.m3u8,,,,OKMagdeburg.de@SD,,,,https://i.imgur.com/zftoymR.png,General,1920x1080,iptv-org-all.txt,412,200,成功,h264,1920x1080,25.0,有音频,1.922
Persiana Family,https://familyhls.persiana.live/hls/stream.m3u8,,,,PersianaFamily.fr@SD,,,,https://i.imgur.com/lMZsuWi.png,Movies,1280x720,iptv-org-all.txt,1924,200,成功,h264,1280x720,25.0,有音频,2.395
Naruto en espanol,https://jmp2.uk/plu-5ee92e72fb286e0007285fec.m3u8,,,,Narutoenespanol.us@SD,,,,https://i.imgur.com/hG8F0RY.png,Animation,1280x720,iptv-org-all.txt,144,200,成功,h264,1280x720,30.0,有音频,1.872
News12 Bronx [Geo-blocked],https://mdc.ott.alticeusa.net/live4.ott.optimum.net/live4-uploads/N12XH_A1/index_new.m3u8?omap=https,,,,News12Bronx.us@SD,,,,https://i.imgur.com/d6xQiaf.png,News,1920x1080,iptv-org-all.txt,259,200,成功,h264,1920x1080,59.94005994005994,有音频,6.377
O'zbekiston Tarixi (1080p),https://stream8.cinerama.uz/1209/tracks-v1a1/playlist.m3u8,,,,OzbekistonTarixi.uz@SD,,,,https://i.imgur.com/iTTd3Ir.png,Documentary,1920x1080,iptv-org-all.txt,213,200,成功,h264,1920x1080,25.0,有音频,4.778
Omroep Gelderland HD (1080p),https://d2od87akyl46nm.cloudfront.net/live/omroepgelderland/tvgelderland-hls/index.m3u8,,,,OmroepGelderland.nl@HD,,,,https://i.imgur.com/G08hKit.png,General,1024x576,iptv-org-all.txt,1225,200,成功,h264,1024x576,25.0,有音频,3.436
OAN Plus KPVM-LD,https://2-fss-2.streamhoster.com/pl_118/206858-4404458-1/playlist.m3u8,,,,OANPlus.us@KPVMLD,,,,https://i.imgur.com/T9VhMAD.png,News,1920x1080,iptv-org-all.txt,94,200,成功,h264,1920x1080,30.0,有音频,0.957
NHK World-Japan (1080p),https://masterpl.hls.nhkworld.jp/hls/w/live/smarttv.m3u8,,,,NHKWorldJapan.jp@SD,,,,https://jiotvimages.cdn.jio.com/dare_images/images/NHK_World_Japan.png,Culture;News,1280x720,iptv-org-all.txt,1806,200,成功,h264,1280x720,29.97002997002997,有音频,3.726
Outdoor Channel (1080p),https://amg00718-outdoorchannela-outdoortv-samsungau-uc7mp.amagi.tv/playlist/amg00718-outdoorchannela-outdoortv-samsungau/playlist.m3u8,,,,OutdoorChannel.us@SD,,,,https://i.imgur.com/Kh4MWaY.png,Outdoor,426x240,iptv-org-all.txt,1484,200,成功,h264,426x240,29.97002997002997,有音频,7.202
Nickelodeon Toons LatAm (720p),https://jmp2.uk/plu-645952687cb4b100084ed52e.m3u8,,,,NickelodeonToons.us@LatAm,,,,https://images.pluto.tv/channels/645951c0e94c38000802d2cb/colorLogoPNG_1767888119852.png,Kids,1280x720,iptv-org-all.txt,679,200,成功,h264,1280x720,30.0,有音频,2.128
Nitro,https://dash4.antik.sk/live/test_rtl_nitro_tizen/playlist.m3u8,,,,Nitro.de@SD,,,,https://upload.wikimedia.org/wikipedia/commons/thumb/8/87/Nitro_Logo.svg/960px-Nitro_Logo.svg.png,Entertainment,720x576,iptv-org-all.txt,1007,200,成功,h264,720x576,25.0,有音频,2.140
Nolly Africa (1080p),https://amg02784-amg02784c2-amgplt0002.playout.now3.amagi.tv/ts-eu-w1-n2/playlist/amg02784-amg02784c2-amgplt0002/playlist.m3u8,,,,NollyAfrica.uk@SD,,,,https://i.imgur.com/IxtGpti.png,Movies,640x360,iptv-org-all.txt,2231,200,成功,h264,640x360,29.97002997002997,有音频,7.414
Peer TV Alto Adige (1280p),https://iptv.peer.biz/live/peertv-it.m3u8,,,,PeerTVAltoAdige.it@SD,,,,https://www.peer.biz/peertv-iptv/peer-tv-alto-adige.png,Outdoor;Travel,1920x1080,iptv-org-all.txt,2530,200,成功,h264,1920x1080,50.0,有音频,7.471
Now 70s (720p),https://lightningnow70-samsungau.amagi.tv/playlist.m3u8,,,,Now70s.uk@SD,,,,https://i.imgur.com/qiCCX5X.png,Music,1280x720,iptv-org-all.txt,2330,200,成功,h264,1280x720,25.0,有音频,3.096
MTV CLASSICS,https://jmp2.uk/plu-5f92b56a367e170007cd43f4.m3u8,,,,MTVCLASSICS.de@FR,,,,https://images.pluto.tv/channels/5f92b56a367e170007cd43f4/colorLogoPNG.png,Entertainment,1280x720,iptv-org-all.txt,147,200,成功,h264,1280x720,30.0,有音频,2.037
Nuestra Imagen TV,https://live.tvcontrolcp.com:1936/tvnitelevision/tvnitelevision/playlist.m3u8,,,,NuestraImagenTV.gt@SD,,,,https://i.imgur.com/sknLXZI.jpeg,General,1280x720,iptv-org-all.txt,2020,200,成功,h264,1280x720,60.0,有音频,3.921
Oxygen (720p),http://198.58.104.90:8989/oxygen/index.m3u8,,,,Oxygen.us@East,,,,https://upload.wikimedia.org/wikipedia/commons/thumb/d/df/Oxygen_TV_%282017_Logo%29.svg/960px-Oxygen_TV_%282017_Logo%29.svg.png,Entertainment,1280x720,iptv-org-all.txt,37,200,成功,mpeg2video,1280x720,59.94005994005994,有音频,0.223
Niki Junior (1080p),http://stream.mcquack.net/262/index.m3u8,,,,NikiJunior.ua@SD,,,,https://i.imgur.com/DrHsNin.png,Kids,1920x1080,iptv-org-all.txt,178,200,成功,h264,1920x1080,25.0,有音频,1.949
MTV Volgograd (720p) [Not 24/7],http://hls.volgograd1vtv.cdnvideo.ru/volgograd1vtv/volgograd1vtv.sdp/playlist.m3u8,,,,MTVVolgograd.ru@SD,,,,https://i.imgur.com/pdCAUrP.png,General,1280x720,iptv-org-all.txt,2855,200,成功,h264,1280x720,25.0,有音频,2.762
NTV+,https://2-fss-1.streamhoster.com/pl_122/201748-1431018-1/chunklist.m3u8,,,,NTVPlus.ca@SD,,,,https://i.imgur.com/YEUhPBv.png,Undefined,854x480,iptv-org-all.txt,1410,200,成功,h264,854x480,,有音频,0.565
NuView TV (360p),https://viewmedia7219.bozztv.com/wmedia/viewmedia100/web_002/Stream/playlist.m3u8,,,,NuViewTV.za@SD,,,,https://i.imgur.com/dYRJ7F0.png,Entertainment,426x240,iptv-org-all.txt,1274,200,成功,h264,426x240,25.0,有音频,6.025
News Live Bangla (576p),https://mumt06.tangotv.in/qYyB8fXVINDRADHANU/index.m3u8,,,,NewsLiveBangla.in@SD,,,,https://papaji.freetvindia.com/media/News_Live_Bangla.png,News,448x360,iptv-org-all.txt,3017,200,成功,h264,448x360,25.0,有音频,6.243
OTV (Ukraine),https://stream.otv.ua/memfs/028e5947-073f-4b4e-a47f-70e59ca3ee36.m3u8,,,,OTV.ua@SD,,,,https://i.imgur.com/TkGGGAj.png,Undefined,720x576,iptv-org-all.txt,2003,200,成功,h264,720x576,25.0,有音频,3.350
News12 Hudson Valley [Geo-blocked],https://mdc.ott.alticeusa.net/live4.ott.optimum.net/live4-uploads/N12HH_A1/index_new.m3u8?omap=https,,,,News12HudsonValley.us@SD,,,,https://upload.wikimedia.org/wikipedia/commons/thumb/7/7a/News_12_logo_2019.png/960px-News_12_logo_2019.png,News,1920x1080,iptv-org-all.txt,57,200,成功,h264,1920x1080,59.94005994005994,有音频,5.241
MyTime Movie Network (Brazil) (720p),https://appletree-mytime-samsungbrazil.amagi.tv/playlist.m3u8,,,,MyTimeMovieNetwork.br@SD,,,,https://i.imgur.com/aiGQtzI.png,Movies,1280x720,iptv-org-all.txt,701,200,成功,h264,1280x720,30.0,有音频,1.621
Nigbati (720p) [Not 24/7],https://viewmedia7219.bozztv.com/wmedia/viewmedia100/web_023/Stream/playlist.m3u8,,,,Nigbati.ng@SD,,,,,Culture,426x240,iptv-org-all.txt,379,200,成功,h264,426x240,25.0,有音频,9.208
Panafrican Media TV (480p),https://live20.bozztv.com/giatv/giatv-pmtv/pmtv/playlist.m3u8,,,,PanafricanMediaTV.cm@SD,,,,https://i.imgur.com/wneSSYM.png,News,854x480,iptv-org-all.txt,35,200,成功,h264,854x480,29.97002997002997,有音频,0.995
Mystery TV (1080p),https://aenetworks-mysterytv-rakuten.amagi.tv/playlist.m3u8,,,,MysteryTV.us@UK,,,,https://i.imgur.com/K4gwstM.png,Entertainment,1920x1080,iptv-org-all.txt,1131,200,成功,h264,1920x1080,25.0,有音频,6.448
Nada Es Imposible TV,https://vdochile.com:3194/live/mvqutymylive.m3u8,,,,NadaEsImposibleTV.cl@SD,,,,https://i.imgur.com/cGNgvOD.png,Entertainment,1280x720,iptv-org-all.txt,1147,200,成功,h264,1280x720,29.97002997002997,有音频,1.034
Persiana Series,https://onehls.persiana.live/hls/stream.m3u8,,,,PersianaSeries.fr@HD,,,,,Series,1280x720,iptv-org-all.txt,1025,200,成功,h264,1280x720,25.0,有音频,2.393
NBC KSHB-TV (720p),https://content.uplynk.com/channel/50d0fa1b042945a3a4f550f9b8412c83.m3u8,,,,NBC.us@KSHBTV,,,,https://i.imgur.com/nxY84W5.png,General,960x540,iptv-org-all.txt,80,200,成功,h264,960x540,29.97002997002997,有音频,5.954
Notele (576p) [Not 24/7],https://streaming01.divercom.be/notele_live/direct.stream/playlist.m3u8,,,,Notele.be@SD,,,,https://i.imgur.com/fGS55nR.png,General,1920x1080,iptv-org-all.txt,1844,200,成功,h264,1920x1080,50.0,有音频,3.001
MTV Dating (United States),https://jmp2.uk/plu-6851bb3426beced4f2f67ee6.m3u8,,,,MTVDating.us@BR,,,,https://images.pluto.tv/channels/6851bb3426beced4f2f67ee6/colorLogoPNG_1750686926779.png,Series,1216x684,iptv-org-all.txt,656,200,成功,h264,1216x684,30.0,有音频,1.452
MTV Teen Mom (Sweden) (720p),https://jmp2.uk/plu-61c09342b3a6230007a45119.m3u8,,,,MTVTeenMom.se@SE,,,,https://images.pluto.tv/channels/61c092157e1b8b0007372a35/colorLogoPNG_1748001686588.png,Entertainment,1216x684,iptv-org-all.txt,704,200,成功,h264,1216x684,30.0,有音频,1.480
Now 90s00s (1080p),https://amg01076-amg01076c19-rakuten-gb-8653.playouts.now.amagi.tv/playlist/amg01076-lightning-now90s00s-rakutengb/playlist.m3u8,,,,Now90s00s.uk@Poland,,,,https://images.pluto.tv/channels/660c209e19ca71000846cf38/colorLogoPNG.png,Music,1920x1080,iptv-org-all.txt,1924,200,成功,h264,1920x1080,25.0,有音频,1.133
OK Merseburg-Querfurt (1080p) [Not 24/7],http://58bd5b7a98e04.streamlock.net/medienasa-live/ok-merseburg_high/playlist.m3u8,,,,OKMerseburgQuerfurt.de@SD,,,,https://i.imgur.com/QfzdESc.png,General,1920x1080,iptv-org-all.txt,268,200,成功,h264,1920x1080,25.0,有音频,1.810
NSTV (1080p),https://sistemastr.tropicalmoonmedia.com/live/2C7CA6CECC9B8F8C3A07315FDA110936/21.m3u8,,,,NSTV.co@SD,,,,https://i.imgur.com/ES6xFAv.png,General,1920x1080,iptv-org-all.txt,842,200,成功,h264,1920x1080,29.97002997002997,有音频,1.215
Nevskiy (1080p),https://cdn-dvr.ntv.ru/Nevskiy/index.m3u8,,,,Nevskiy.ru@SD,,,,https://cdn2-static.ntv.ru/home/promo/24740/nevski_llive.jpg,Series,1280x720,iptv-org-all.txt,2391,200,成功,h264,1280x720,25.0,有音频,4.706
NBC Comedy Vault (1080p),https://xumo-xumoent-vc-105-z0vpm.fast.nbcuni.com/live/master.m3u8,,,,NBCComedyVault.us@SD,,,,https://i.imgur.com/nydZWwg.png,Comedy,426x240,iptv-org-all.txt,1104,200,成功,h264,426x240,30.0,有音频,4.302
News Daily 24 (576p),https://mumt01.tangotv.in/O5aw8Zn3NEWSDAILY24/index.m3u8,,,,NewsDaily24.in@SD,,,,https://i.imgur.com/lT8rihP.png,News,448x360,iptv-org-all.txt,996,200,成功,h264,448x360,25.0,有音频,6.899
Pardesi TV (720p),http://stream.pardesitv.online/pardesi/tracks-v1a1/mono.m3u8,,,,PardesiTV.ca@SD,,,,https://i.imgur.com/CwAdPpZ.jpg,Culture,1280x720,iptv-org-all.txt,725,200,成功,h264,1280x720,29.97002997002997,有音频,0.795
Numbers (Sweden),https://jmp2.uk/plu-62bebb3a67307900077a7f9d.m3u8,,,,Numbers.se@DK,,,,https://images.pluto.tv/channels/62bebb3a67307900077a7f9d/colorLogoPNG.png,Series,1216x684,iptv-org-all.txt,499,200,成功,h264,1216x684,30.0,有音频,1.442
MTV Biggest Pop CA (1080p),https://jmp2.uk/plu-65410176770cf1000866bf31.m3u8,,,,MTVBiggestPop.us@CA,,,,https://images.pluto.tv/channels/6047fbdbbb776a0007e7f2ff/colorLogoPNG.png,Music,1280x720,iptv-org-all.txt,837,200,成功,h264,1280x720,30.0,有音频,3.980
Panorama TV,https://159.69.221.56/panorama/livestream/playlist.m3u8,,,,PanoramaTV.al@SD,,,,https://upload.wikimedia.org/wikipedia/commons/thumb/2/24/Panorama_logo.svg/960px-Panorama_logo.svg.png,News,1280x720,iptv-org-all.txt,426,200,成功,h264,1280x720,25.0,有音频,2.963
NBC WTOV-TV (1080p),https://linear-699.frequency.stream/dist/stirr/699/hls/master/playlist.m3u8,,,,NBC.us@WTOVTV,,,,https://i.imgur.com/nxY84W5.png,General,384x216,iptv-org-all.txt,1136,200,成功,h264,384x216,29.97002997002997,有音频,3.538
Naruto Shippuden,https://jmp2.uk/plu-64c92f965580090008084968.m3u8,,,,NarutoShippuden.us@LatAm,,,,https://images.pluto.tv/channels/64c92fea3c3344000869e8a9/colorLogoPNG.png,Animation,1280x720,iptv-org-all.txt,148,200,成功,h264,1280x720,30.0,有音频,2.150
Omroep Tilburg (480p),https://ms7.mx-cd.net/tv/184-782326/Omroep_Tilburg_TV.smil/playlist.m3u8,,,,OmroepTilburg.nl@SD,,,,https://i.imgur.com/rhazkU7.png,General,1280x720,iptv-org-all.txt,121,200,成功,h264,1280x720,25.0,有音频,5.004
Notisur TV [Not 24/7],https://ss2.tvrdomi.com:1936/notisur/notisur/playlist.m3u8,,,,NotisurTV.do@HD,,,,https://rdomint.com/images/station/300.jpg,General,1280x720,iptv-org-all.txt,1246,200,成功,h264,1280x720,29.97002997002997,有音频,1.472
Navo (576p),https://stream8.cinerama.uz/1008/tracks-v1a1/playlist.m3u8,,,,Navo.uz@SD,,,,https://i.imgur.com/7dZ64y9.png,General,1024x576,iptv-org-all.txt,232,200,成功,h264,1024x576,25.0,有音频,4.012
Pars TV,https://parshls.wns.live/hls/stream.m3u8,,,,ParsTV.us@SD,,,,https://i.imgur.com/RQ5DzEE.png,General,1280x720,iptv-org-all.txt,813,200,成功,h264,1280x720,29.97002997002997,有音频,2.360
Ontario Parliamentary Network (720p),https://origin-http-delivery.isilive.ca/live/_definst_/ontla/house-en/playlist.m3u8,,,,OntarioParliamentaryNetwork.ca@SD,,,,https://i.imgur.com/xKXs6ER.png,Legislative,1280x720,iptv-org-all.txt,747,200,成功,h264,1280x720,29.97002997002997,有音频,1.593
Parole di Vita (1080p),https://stream.paroledivita.org/paroledivita.m3u8,,,,ParolediVita.it@SD,,,,https://i.imgur.com/vkFlXbR.png,Religious,426x240,iptv-org-all.txt,1199,200,成功,h264,426x240,25.0,有音频,7.700
Muz-TV (576p),http://46.32.176.50/muztv/index.m3u8,,,,MuzTV.ru@SD,,,,https://i.imgur.com/BtqrHmz.png,Music,720x576,iptv-org-all.txt,394,200,成功,h264,720x576,25.0,有音频,2.030
Newsmax 2 (1080p),https://amg00217-newsmax-newsmax-zeasn-022k9.amagi.tv/playlist.m3u8,,,,Newsmax2.us@SD,,,,https://i.imgur.com/iE1izWq.png,News,1920x1080,iptv-org-all.txt,1320,200,成功,h264,1920x1080,29.97002997002997,有音频,2.425
Onda Valencia TV (720p),https://cloudvideo.servers10.com:8081/8116/index.m3u8,,,,OndaValenciaTV.es@SD,,,,https://i.imgur.com/6HxLUQd.png,Music;News,1280x720,iptv-org-all.txt,124,200,成功,h264,1280x720,29.97002997002997,有音频,3.504
News 1 India (576p),https://mumt07.tangotv.in/zHjX9OFlNEWS1INDIA/index.m3u8,,,,News1India.in@SD,,,,https://xstreamcp-assets-msp.streamready.in/assets/LIVETV/LIVECHANNEL/LIVETV_LIVETVCHANNEL_NEWS_1_INDIA/images/LOGO_HD/image.png,News,448x360,iptv-org-all.txt,3708,200,成功,h264,448x360,25.0,有音频,7.226
NHTV (720p),http://nonghyup.flive.skcdn.com/nonghyup/_definst_/nhlive/playlist.m3u8,,,,NHTV.kr@SD,,,,https://i.imgur.com/DfECkgB.png,Entertainment,1280x720,iptv-org-all.txt,1362,200,成功,h264,1280x720,60.0,有音频,1.811
NH (1080p),https://takeoff.jetstre.am/?account=nhnieuws&file=live&output=playlist.m3u8&protocol=https&service=wowza&type=live,,,,NH.nl@SD,,,,https://i.imgur.com/SPkK4md.png,General;News,1920x1080,iptv-org-all.txt,2913,200,成功,h264,1920x1080,50.0,有音频,5.129
NBC WHEC-TV (1080p),https://amg01942-amg01942c4-stirr-us-10190.playouts.now.amagi.tv/playlist.m3u8,,,,NBC.us@WHECTV,,,,https://i.imgur.com/nxY84W5.png,General,720x404,iptv-org-all.txt,594,200,成功,h264,720x404,29.97002997002997,有音频,2.998
Nayarit Comunica (1080p),https://live.iplanay.gob.mx/hls/nayarittv.m3u8,,,,NayaritComunica.mx@SD,,,,https://i.imgur.com/aZCTkjU.jpg,General,1920x1080,iptv-org-all.txt,1134,200,成功,h264,1920x1080,29.97002997002997,有音频,1.677
Outside TV (1080p),https://outsidetv-firetv.amagi.tv/playlist.m3u8,,,,OutsideTV.us@SD,,,,https://www.cynopsis.com/wp-content/uploads/2018/02/outside-tv.png,Outdoor,384x216,iptv-org-all.txt,1123,200,成功,h264,384x216,29.97002997002997,有音频,3.890
Outlaw WGGS-TV (720p),https://content.uplynk.com/channel/1f93c13275024afb9e0ead299624073d.m3u8,,,,Outlaw.us@WGGSTV,,,,https://i.imgur.com/tSNwL8W.png,Entertainment,960x540,iptv-org-all.txt,1254,200,成功,h264,960x540,29.97002997002997,有音频,6.410
Namayesh TV,https://ncdn.telewebion.ir/namayesh/live/playlist.m3u8,,,,NamayeshTV.ir@SD,,,,https://upload.wikimedia.org/wikipedia/commons/thumb/f/fc/Namayesh_TV_logo.svg/960px-Namayesh_TV_logo.svg.png,Entertainment,1920x1080,iptv-org-all.txt,6070,200,成功,h264,1920x1080,30.0,有音频,15.369
NBC WMAQ-TV (1080p),https://d368vp0qqzvkid.cloudfront.net/11603/88889704/hls/master.m3u8?ads.xumo_channelId=88889704a&ads.xumo_ifaType=&ads.xumo_providerId=3818&ads.xumo_providerName=NBCNCHI,,,,NBC.us@WMAQTV,,,,https://i.imgur.com/nxY84W5.png,General,426x240,iptv-org-all.txt,68,200,成功,h264,426x240,30.0,有音频,2.452
Music India (576p),https://streams.tangotv.in/MUSICINDIA/ORIGIN/index.m3u8,,,,MusicIndia.in@SD,,,,https://dtil.tmsimg.com/assets/s143563_ld_h15_aa.png?lock=720x540,Music,448x360,iptv-org-all.txt,2492,200,成功,h264,448x360,25.0,有音频,5.674
Oman Sports TV (1080p) [Not 24/7],https://partneta.cdn.mgmlcdn.com/omsport/smil:omsport.stream.smil/chunklist.m3u8,,,,OmanSportsTV.om@SD,,,,https://i.imgur.com/1omi7p8.png,Sports,426x240,iptv-org-all.txt,1975,200,成功,h264,426x240,25.0,有音频,8.964
News18 Urdu (1080p),https://n18syndication.akamaized.net/bpk-tv/News18_Urdu_NW18_MOB/output01/master.m3u8,,,,News18Urdu.in@SD,,,,https://i.imgur.com/8xnwMRR.png,News,1920x1080,iptv-org-all.txt,321,200,成功,h264,1920x1080,25.0,有音频,15.828
Okto (1080p),https://cdn3.wowza.com/1/MHFtazJReW5rOFhP/N2NWNDZ2/hls/live/playlist.m3u8,,,,Okto.at@SD,,,,https://i.imgur.com/9XfhgbS.png,General,640x360,iptv-org-all.txt,1159,200,成功,h264,640x360,25.0,有音频,6.483
Nickelodeon Junior (1080p),http://151.80.18.177:86/Nickelodeon_Junior/index.m3u8,,,,NickelodeonJunior.fr@SD,,,,https://upload.wikimedia.org/wikipedia/commons/thumb/9/99/Nickelodeon_Junior.png/960px-Nickelodeon_Junior.png,Kids,1920x1080,iptv-org-all.txt,262,200,成功,h264,1920x1080,25.0,有音频,3.342
Nickelodeon (Brazil) (480p),https://stmv2.srvif.com/gafeab/gafeab/playlist.m3u8,,,,Nickelodeon.br@SD,,,,https://i.imgur.com/E84jnP8.png,Kids,854x480,iptv-org-all.txt,1704,200,成功,h264,854x480,24.0,有音频,0.988
Ocko Gold (540p),https://ocko-live.ssl.cdn.cra.cz/channels/ocko_gold/playlist.m3u8,,,,OckoGold.cz@SD,,,,https://i.imgur.com/nrWNyLc.jpg,Music,960x540,iptv-org-all.txt,1259,200,成功,h264,960x540,25.0,有音频,7.332
Persiana Fight,https://fighthls.persiana.live/hls/stream.m3u8,,,,PersianaFight.fr@HD,,,,,Sports,1280x720,iptv-org-all.txt,2100,200,成功,h264,1280x720,25.0,有音频,2.395
Nandejara Ne'e TV,https://copacogen.desdeparaguay.net/nandejaraneetv/nandejaraneetv/playlist.m3u8?admin=tvaccion,,,,NandejaraNeeTV.py@SD,,,,https://i.imgur.com/VFxuBdL.jpg,Religious,1920x1080,iptv-org-all.txt,2254,200,成功,h264,1920x1080,25.0,有音频,3.433
Peniel Musical (480p),https://s.emisoras.tv:8081/penielmusical/index.m3u8,,,,PenielMusical.gt@SD,,,,https://i.imgur.com/IFQbGEf.png,Religious,854x480,iptv-org-all.txt,917,200,成功,h264,854x480,29.97002997002997,有音频,1.396
MyTime Movie Network (Spain) (1080p),https://appletree-mytimespain-rakuten.amagi.tv/playlist.m3u8,,,,MyTimeMovieNetwork.es@SD,,,,https://i.imgur.com/pw4NZK1.png,Movies,1920x1080,iptv-org-all.txt,436,200,成功,h264,1920x1080,29.97002997002997,有音频,2.495
NMBTV (720p),https://cdn3.wowza.com/5/cXdyRHF0Z3kxN0k2/citynmb/G2044_002/playlist.m3u8,,,,NMBTV.us@SD,,,,https://i.imgur.com/HTNoNnh.png,Legislative,1280x720,iptv-org-all.txt,1240,200,成功,h264,1280x720,25.0,有音频,2.725
Nabawi TV (720p),http://202.150.161.117:8000/play/NabawiTV,,,,NabawiTV.id@SD,,,,https://i.imgur.com/O8WONFB.png,Religious,1280x720,iptv-org-all.txt,1243,200,成功,h264,1280x720,25.0,有音频,5.801
Olam Metro TV (720p),https://netzerstreaming.com:4433/hls/olammetro/index.m3u8,,,,OlamMetroTV.ni@SD,,,,https://i.imgur.com/dDZnyUA.jpeg,Religious,1280x720,iptv-org-all.txt,1273,200,成功,h264,1280x720,29.97002997002997,有音频,1.955
Outdoor Channel HD (720p),http://23.237.104.106:8080/USA_OUTDOOR/index.m3u8,,,,OutdoorChannel.us@HD,,,,https://i.imgur.com/Kh4MWaY.png,Outdoor,1920x1080,iptv-org-all.txt,122,200,成功,h264,1920x1080,59.94005994005994,有音频,0.643
Niki Kids (1080p),http://stream.mcquack.net/271/index.m3u8,,,,NikiKids.ua@SD,,,,https://i.imgur.com/HH4HZ2J.png,Kids,1920x1080,iptv-org-all.txt,180,200,成功,h264,1920x1080,25.0,有音频,2.338
National Geographic (Croatia) (1080p),http://176.61.157.250/NationalGeographic/index.m3u8,,,,NationalGeographic.hr@SD,,,,https://upload.wikimedia.org/wikipedia/commons/thumb/f/fc/Natgeologo.svg/960px-Natgeologo.svg.png,Documentary,1920x1080,iptv-org-all.txt,338,200,成功,h264,1920x1080,25.0,有音频,6.162
Ocko Expres (540p),https://ocko-live.ssl.cdn.cra.cz/channels/ocko_expres/playlist.m3u8,,,,OckoExpres.cz@SD,,,,https://upload.wikimedia.org/wikipedia/commons/thumb/2/2b/%C3%93%C4%8Dko_Expres_logo.png/960px-%C3%93%C4%8Dko_Expres_logo.png,Music,960x540,iptv-org-all.txt,1634,200,成功,h264,960x540,25.0,有音频,7.008
Persiana Folk,https://sonhls.persiana.live/hls/stream.m3u8,,,,PersianaFolk.fr@HD,,,,,Music,1280x720,iptv-org-all.txt,1954,200,成功,h264,1280x720,25.0,有音频,2.277
Persiana Travel,https://ptravelhls.persiana.live/hls/stream.m3u8,,,,PersianaTravel.fr@SD,,,,,Documentary,1280x720,iptv-org-all.txt,756,200,成功,h264,1280x720,25.0,有音频,2.295
Parranda Vallenata (720p),https://backupmaxmedia.hvmultiplay.com/hls/stream3/parrandavallenata.m3u8,,,,ParrandaVallenata.co@SD,,,,https://i.imgur.com/BzBX7Qx.jpeg,Music,1280x720,iptv-org-all.txt,1134,200,成功,h264,1280x720,29.97002997002997,有音频,2.686
Novorossiya TV (1080p) [Geo-blocked],http://31.131.139.253:9002/novoros/index.m3u8,,,,NovorossiyaTV.ru@SD,,,,https://i.imgur.com/ijmf0bV.png,News,720x576,iptv-org-all.txt,350,200,成功,h264,720x576,25.0,有音频,2.053
News One (720p),https://vodzong.mjunoon.tv:8087/streamtest/NEWS1-128/playlist.m3u8,,,,NewsOne.pk@SD,,,,https://i.imgur.com/ivrRYMk.png,News,480x270,iptv-org-all.txt,2485,200,成功,h264,480x270,25.0,有音频,5.338
Navoiy MTRK (576i),https://stream8.cinerama.uz/1460/tracks-v1a1/mono.m3u8,,,,NavoiyMTRK.uz@SD,,,,https://i.imgur.com/qa4VlYh.png,General,1920x1080,iptv-org-all.txt,214,200,成功,h264,1920x1080,25.0,有音频,4.433
NCTV79 (1080p),https://livestream.telvue.com/nctv791/f7b44cfafd5c52223d5498196c8a2e7b.sdp/playlist.m3u8,,,,NCTV79.us@SD,,,,https://i.imgur.com/64sZVF9.jpg,General,512x288,iptv-org-all.txt,1502,200,成功,h264,512x288,29.97002997002997,有音频,4.045
Nour Al Sharq (576p),https://svs.itworkscdn.net/nour8satlive/livestream/playlist.m3u8,,,,NourAlSharq.lb@SD,,,,https://i.imgur.com/EEy2dUr.png,Religious,1024x576,iptv-org-all.txt,942,200,成功,h264,1024x576,25.0,有音频,1.180
Now 80s (1080p),https://lightningnow80-samsungau.amagi.tv/playlist.m3u8,,,,Now80s.uk@SD,,,,https://i.imgur.com/YyPnMeB.png,Music,1920x1080,iptv-org-all.txt,2175,200,成功,h264,1920x1080,25.0,有音频,8.407
Oh Muang Lao TV (720p),https://livefta.malimarcdn.com/ftaedge00/ohmuanglao.stream/playlist.m3u8,,,,OhMuangLaoTV.la@SD,,,,https://i.imgur.com/SdB3Vyr.jpg,General,1920x1080,iptv-org-all.txt,119,200,成功,h264,1920x1080,29.97002997002997,有音频,0.834
NBC News NOW (1080p),https://d1si3n1st4nkgb.cloudfront.net/10502/88896001/hls/master.m3u8?ads.xumo_channelId=88896001,,,,NBCNewsNOW.us@SD,,,,https://i.imgur.com/JZt2qh5.png,News,426x240,iptv-org-all.txt,1427,200,成功,h264,426x240,30.0,有音频,2.242
Nickelodeon (Germany),https://ma.anixa.tv/clips/stream/nickelodeon/playlist.php,,,,Nickelodeon.de@SD,,,,https://i.imgur.com/E84jnP8.png,Kids,640x360,iptv-org-all.txt,1166,200,成功,h264,640x360,25.0,有音频,3.071
Nopola News (1080p) [Not 24/7],https://virta2.nopolanews.fi:8443/live/smil:Stream1.smil/playlist.m3u8,,,,NopolaNews.fi@SD,,,,https://i.imgur.com/vDoQaGl.png,News,640x360,iptv-org-all.txt,2196,200,成功,h264,640x360,25.0,有音频,9.690
Oman TV (1080p),https://partneta.cdn.mgmlcdn.com/omantv/smil:omantv.stream.smil/chunklist.m3u8,,,,OmanTV.om@SD,,,,https://i.imgur.com/rBftT9x.png,General,426x240,iptv-org-all.txt,1963,200,成功,h264,426x240,25.0,有音频,10.353
Network 10 (720p),https://mumbai-edge.smartplaytv.in/Network10/index.m3u8,,,,Network10.in@SD,,,,https://jiotvimages.cdn.jio.com/dare_images/images/Network_10.png,General,1280x720,iptv-org-all.txt,238,200,成功,h264,1280x720,25.0,有音频,5.836
PCT Channel 27 (720p),https://livestream.telvue.com/pacificaca1/f7b44cfafd5c52223d5498196c8a2e7b.sdp/playlist.m3u8,,,,PCTChannel27.us@SD,,,,https://i.imgur.com/b0ufMkd.png,General,416x234,iptv-org-all.txt,1255,200,成功,h264,416x234,29.97002997002997,有音频,5.117
Noticias RCN (720p),https://jmp2.uk/plu-67d9b0ebc290c9499046e88f.m3u8,,,,NoticiasRCN.co@SD,,,,https://i.imgur.com/FMX4QCM.png,News,1216x684,iptv-org-all.txt,171,200,成功,h264,1216x684,30.0,有音频,1.552
Peniel TV Biblia Abierta (480p),https://s.emisoras.tv:8081/penielbibliaabierta/index.m3u8,,,,PenielTVBibliaAbierta.gt@SD,,,,https://i.ibb.co/j3gGwYk/D64575438be2a3a54fdf64d4035ade48.png,Religious,654x480,iptv-org-all.txt,895,200,成功,h264,654x480,29.97002997002997,有音频,6.233
Neox TV [Not 24/7],https://tv.streamcasthd.com:3031/live/neoxtvlive.m3u8,,,,NeoxTV.ar@SD,,,,https://i.imgur.com/eIX71c9.png,General,1280x720,iptv-org-all.txt,1171,200,成功,h264,1280x720,25.0,有音频,1.507
Perviy otdel (1080p),https://cdn-dvr.ntv.ru/Perviy_otdel/index.m3u8,,,,Perviyotdel.ru@SD,,,,https://cdn2-static.ntv.ru/home/promo/24740/perv_otdel_llive.jpg,Series,1280x720,iptv-org-all.txt,196,200,成功,h264,1280x720,25.0,有音频,4.740
Noursat English (576p),https://svs.itworkscdn.net/noursatenglive/noursateng.smil/playlist.m3u8,,,,NoursatEnglish.lb@SD,,,,https://i.imgur.com/RC5Kw82.png,Religious,1024x576,iptv-org-all.txt,359,200,成功,h264,1024x576,25.0,有音频,1.852
Pear TV (576p),https://mumt01.tangotv.in/O5aw8Zn3PEARTV/index.m3u8,,,,PearTV.in@SD,,,,https://xstreamcp-assets-msp.streamready.in/assets/LIVETV/LIVECHANNEL/LIVETV_LIVETVCHANNEL_PEARS_TV/images/LOGO_HD/image.png,Entertainment,448x360,iptv-org-all.txt,229,200,成功,h264,448x360,25.0,有音频,9.621
Nickelodeon (United States) (720p),http://198.58.104.90:8989/nickelodeon/index.m3u8,,,,Nickelodeon.us@East,,,,https://i.imgur.com/E84jnP8.png,Kids,1280x720,iptv-org-all.txt,21,200,成功,mpeg2video,1280x720,59.94005994005994,有音频,0.243
Nashua ETV (720p),https://livestream.telvue.com/nashuanh2/f7b44cfafd5c52223d5498196c8a2e7b.sdp/playlist.m3u8,,,,NashuaETV.us@SD,,,,https://i.imgur.com/iv9Vfcb.png,Education,416x234,iptv-org-all.txt,619,200,成功,h264,416x234,29.97002997002997,有音频,4.108
Peniel K&Y (480p),https://s.emisoras.tv:8081/penielkids/index.m3u8,,,,PenielKY.gt@SD,,,,https://i.imgur.com/YtPRKmS.png,Religious,854x480,iptv-org-all.txt,958,200,成功,h264,854x480,29.97002997002997,有音频,5.854
PBC TV Channel 20 (720p),https://pbcvideostreams1.pbc.gov/memfs/1af49f9a-6b90-4ec2-a640-7f65ceebed4a.m3u8,,,,PBCTVChannel20.us@SD,,,,https://i.imgur.com/2bGBbOZ.png,Legislative,1280x720,iptv-org-all.txt,1359,200,成功,h264,1280x720,29.97002997002997,无音频,6.796
NBC LX Home (1080p),https://plex-xumoent-ch485-e7l5l.fast.nbcuni.com/live/master_5.m3u8,,,,NBCLXHome.us@HD,,,,https://upload.wikimedia.org/wikipedia/commons/7/70/NBC_LX_Home_2023.svg,Entertainment;Lifestyle,1920x1080,iptv-org-all.txt,1610,200,成功,h264,1920x1080,30.0,有音频,0.421
Nordisk krim fra Viaplay,https://jmp2.uk/plu-64eca23c9c1e390008524ae6.m3u8,,,,NordiskkrimfraViaplay.se@NO,,,,https://images.pluto.tv/channels/64eca23c9c1e390008524ae6/colorLogoPNG.png,Series,1280x720,iptv-org-all.txt,666,200,成功,h264,1280x720,30.0,有音频,3.120
MTV (Germany),https://ma.anixa.tv/clips/stream/mtv/playlist.php,,,,MTV.de@SD,,,,https://upload.wikimedia.org/wikipedia/commons/thumb/6/68/MTV_2021_%28brand_version%29.svg/960px-MTV_2021_%28brand_version%29.svg.png,Entertainment,640x360,iptv-org-all.txt,2356,200,成功,h264,640x360,25.0,有音频,2.670
PhillyCAM (720p),https://livestream.telvue.com/phillycam1/f7b44cfafd5c52223d5498196c8a2e7b.sdp/playlist.m3u8,,,,PhillyCAM.us@SD,,,,https://i.imgur.com/ENOr31n.png,General,416x234,iptv-org-all.txt,260,200,成功,h264,416x234,29.97002997002997,有音频,4.098
Persiana Turkiye,https://turkhls.persiana.live/hls/stream.m3u8,,,,PersianaTurkiye.fr@SD,,,,,Entertainment,1280x720,iptv-org-all.txt,646,200,成功,h264,1280x720,25.0,有音频,2.239
MTV2 (720p),http://198.58.104.90:8989/mtv2/index.m3u8,,,,MTV2.us@East,,,,https://upload.wikimedia.org/wikipedia/en/thumb/2/21/MTV2_logo_2013.svg/960px-MTV2_logo_2013.svg.png,Entertainment,1280x720,iptv-org-all.txt,18,200,成功,mpeg2video,1280x720,59.94005994005994,有音频,0.236
Naruto Brazil,https://jmp2.uk/plu-5f6df5a173d7340007c559f7.m3u8,,,,Naruto.us@Brazil,,,,https://i.imgur.com/M8X3Kvc.png,Animation,1280x720,iptv-org-all.txt,685,200,成功,h264,1280x720,30.0,有音频,2.106
Noursat (576p),https://svs.itworkscdn.net/nour4satlive/livestream/playlist.m3u8,,,,Noursat.lb@SD,,,,https://i.imgur.com/6Zs5rx4.png,Religious,1024x576,iptv-org-all.txt,476,200,成功,h264,1024x576,25.0,有音频,0.784
News18 Uttar Pradesh Uttarakhand (1080p),https://n18syndication.akamaized.net/bpk-tv/News18_UP_Uttarakhand_NW18_MOB/output01/master.m3u8,,,,News18UttarPradeshUttarakhand.in@SD,,,,https://xstreamcp-assets-msp.streamready.in/assets/LIVETV/LIVECHANNEL/LIVETV_LIVETVCHANNEL_NEWS18_UTTAR_PRADESH_UTTARAKHAND/images/LOGO_HD/image.png,News,1920x1080,iptv-org-all.txt,350,200,成功,h264,1920x1080,25.0,有音频,15.678
Nandighosha TV (576p),https://mumt05.tangotv.in/87NeALx2NANDIGHOSHATV/index.m3u8,,,,NandighoshaTV.in@SD,,,,https://jiotvimages.cdn.jio.com/dare_images/images/Nandighosha.png,General,448x360,iptv-org-all.txt,3617,200,成功,h264,448x360,25.0,有音频,10.532
NDTV Madhya Pradesh Chhattisgarh (1080p),https://ndtvregional.akamaized.net/hls/live/2102726-b/ndtvmpcg/master_1.m3u8,,,,NDTVMadhyaPradeshChhattisgarh.in@SD,,,,https://xstreamcp-assets-msp.streamready.in/assets/LIVETV/LIVECHANNEL/LIVETV_LIVETVCHANNEL_NDTV_MPCG/images/LOGO_HD/image.png,News,1920x1080,iptv-org-all.txt,1486,200,成功,h264,1920x1080,25.0,有音频,15.770
On The Case,https://jmp2.uk/plu-62cd971cec90c20007081050.m3u8,,,,OnTheCase.us@UK,,,,https://i.imgur.com/TAmVjUL.png,Documentary,1280x720,iptv-org-all.txt,356,200,成功,h264,1280x720,30.0,有音频,2.714
Nosey (1080p),https://nosey-intl-1-samsungau.amagi.tv/playlist.m3u8,,,,Nosey.us@US,,,,https://i.imgur.com/i5doCQK.png,Series,1920x1080,iptv-org-all.txt,1129,200,成功,h264,1920x1080,29.97002997002997,有音频,2.995
Noticiero 90 Minutos (1080p),https://play.cdn.enetres.net/621B146D29C541AFB1507809F038F471021/021/playlist.m3u8,,,,Noticiero90Minutos.co@SD,,,,https://i.imgur.com/ThaRRCN.png,News,854x480,iptv-org-all.txt,1546,200,成功,h264,854x480,59.94005994005994,有音频,12.249
Oroszlanyi Varosi Televizio (720p),https://cloudfront44.lexanetwork.com:1344/relay01/broadcast002.sdp/playlist.m3u8,,,,OroszlanyiVarosiTelevizio.hu@SD,,,,https://i.imgur.com/P0fxUH5.png,General,1280x720,iptv-org-all.txt,1503,200,成功,h264,1280x720,30.0,有音频,5.191
Navahang TV (720p),https://hls.navahang.live/hls/stream.m3u8,,,,NavahangTV.fi@SD,,,,https://i.imgur.com/YteKXJy.png,Music,1280x720,iptv-org-all.txt,584,200,成功,h264,1280x720,25.0,有音频,2.615
Namdhari TV (404p) [Not 24/7],https://namdhari.tv/live/sbs1.m3u8,,,,NamdhariTV.in@SD,,,,https://i.imgur.com/NalsXTo.png,Religious,640x360,iptv-org-all.txt,3278,200,成功,h264,640x360,25.0,有音频,10.082
Nicktoons (United States) (1080p),https://sra72yz.s.gy/NICKTOONS_HD.m3u8,,,,Nicktoons.us@East,,,,https://images.pluto.tv/channels/654ca7f92c1d3300086b608c/colorLogoPNG_1751457678592.png,Kids,1920x1080,iptv-org-all.txt,421,200,成功,h264,1920x1080,59.94005994005994,有音频,1.432
Nelonen (720p),https://live-fi.tvkaista.net/nelonen/live.m3u8,,,,Nelonen.fi@SD,,,,https://i.imgur.com/BFbCyfY.png,General,1280x720,iptv-org-all.txt,1706,200,成功,h264,1280x720,30.0,无音频,3.464
OPEN Rotterdam TV (480p) [Not 24/7],https://ms2.mx-cd.net/tv/141-573555/OPEN_Rotterdam.smil/playlist.m3u8,,,,OPENRotterdamTV.nl@SD,,,,https://i.imgur.com/nWahRAb.png,General,1280x720,iptv-org-all.txt,122,200,成功,h264,1280x720,50.0,有音频,3.212
Perviy Krymskiy (720p),https://live1.1tvcrimea.ru/1tvcrimea.m3u8,,,,PerviyKrymskiy.ru@SD,,,,https://i.imgur.com/i6hg7QG.png,General,960x540,iptv-org-all.txt,1465,200,成功,h264,960x540,25.0,有音频,4.565
Paradise,https://jmp2.uk/plu-6380c73f76e43f000721f73b.m3u8,,,,Paradise.se@SE,,,,https://images.pluto.tv/channels/629e095e511d4b00070c9f44/colorLogoPNG.png,Entertainment,1216x684,iptv-org-all.txt,370,200,成功,h264,1216x684,30.0,有音频,2.599
Niederbayern TV (720p),https://stream03.welocal.stream/stream/sat-nby/ngrp:sat-nby.stream_all/index.m3u8,,,,NiederbayernTV.de@SD,,,,https://i.imgur.com/9uaMgTk.png,General,426x240,iptv-org-all.txt,1409,200,成功,h264,426x240,25.0,有音频,6.797
National Geographic Wild (United States) HD East (720p),http://198.58.104.90:8989/natgeowild/index.m3u8,,,,NationalGeographicWild.us@HDEast,,,,https://upload.wikimedia.org/wikipedia/commons/thumb/2/27/National_Geographic_Wild_logo.svg/960px-National_Geographic_Wild_logo.svg.png,Documentary,1280x720,iptv-org-all.txt,18,200,成功,mpeg2video,1280x720,59.94005994005994,有音频,0.226
NCIS (United States) LatAm,https://jmp2.uk/plu-63eb947c4e83e70008ab877b.m3u8,,,,NCIS.us@LatAm,,,,https://images.pluto.tv/channels/63eb9fdda995710008991c54/colorLogoPNG.png,Series,1216x684,iptv-org-all.txt,832,200,成功,h264,1216x684,30.0,有音频,1.537
Odisea TV (720p),https://v2.tustreaming.cl/odiseatv/index.m3u8,,,,OdiseaTV.cl@SD,,,,https://i.imgur.com/8SCnoiZ.png,General,1280x720,iptv-org-all.txt,911,200,成功,h264,1280x720,29.97002997002997,有音频,3.299
MTV Catfish (United States),https://jmp2.uk/plu-64f8a2a23a0d700008a6ed7b.m3u8,,,,MTVCatfish.us@CA,,,,https://images.pluto.tv/channels/626c2a3502d84a0007cec817/colorLogoPNG.png,Entertainment,1216x684,iptv-org-all.txt,1385,200,成功,h264,1216x684,30.0,有音频,2.190
NowMedia Television Spanish (1080p),https://stream-204968.castr.net/64e0c91d08bff3041638aee3/live_a16fa020f4c411f09ddaa1978319689a/index.m3u8,,,,NowMediaTelevision.us@Spanish,,,,https://i.imgur.com/8m8gy0n.png,Lifestyle;News,1920x1080,iptv-org-all.txt,1411,200,成功,h264,1920x1080,30.0,有音频,2.381
News Live (576p),https://prideeast.thelegitpro.in/newslive/newslive/index.m3u8,,,,NewsLive.in@SD,,,,https://xstreamcp-assets-msp.streamready.in/assets/LIVETV/LIVECHANNEL/LIVETV_LIVETVCHANNEL_NEWS_LIVE/images/LOGO_HD/image.png,News,1920x1080,iptv-org-all.txt,1560,200,成功,h264,1920x1080,25.0,有音频,5.803
Newsmax 2 KPVM-LD,https://2-fss-2.streamhoster.com/pl_120/206858-4404556-1/playlist.m3u8,,,,Newsmax2.us@KPVMLD,,,,https://i.imgur.com/iE1izWq.png,News,720x484,iptv-org-all.txt,1157,200,成功,h264,720x484,59.94005994005994,有音频,0.753
Ovacion TV (720p) [Not 24/7],http://cdn2.ujjina.com:1935/iptvovacion1/liveovacion1tv/playlist.m3u8,,,,OvacionTV.pe@SD,,,,https://i.imgur.com/7Xndgxk.png,Sports,1920x1080,iptv-org-all.txt,1209,200,成功,h264,1920x1080,29.97002997002997,有音频,0.523
PCT Channel 26 (720p),https://livestream.telvue.com/pacificaca2/f7b44cfafd5c52223d5498196c8a2e7b.sdp/playlist.m3u8,,,,PCTChannel26.us@SD,,,,https://i.imgur.com/xJSya25.png,General,416x234,iptv-org-all.txt,1482,200,成功,h264,416x234,29.97002997002997,有音频,4.595
MyTime Movie Network (Mexico) (720p),https://appletree-mytime-samsungmexico.amagi.tv/playlist.m3u8,,,,MyTimeMovieNetwork.mx@SD,,,,https://i.imgur.com/pw4NZK1.png,Movies,1280x720,iptv-org-all.txt,734,200,成功,h264,1280x720,30.0,有音频,1.529
Niederbayern TV Deggendorf & Straubing (1080p),https://stream03.welocal.stream/stream/fhd-nbydeggendorf_99148/ngrp:stream_all/index.m3u8,,,,NiederbayernTVDeggendorfStraubing.de@SD,,,,https://i.imgur.com/mAaIh3C.png,General,426x240,iptv-org-all.txt,1325,200,成功,h264,426x240,25.0,有音频,6.385
Muzhskoe kino (576p),http://stream.mcquack.net/107/index.m3u8,,,,Muzhskoekino.ru@SD,,,,https://i.imgur.com/8RN3tQC.png,Movies,1920x1080,iptv-org-all.txt,193,200,成功,h264,1920x1080,25.0,有音频,2.291
NBC KXAS-TV (1080p),https://d368vp0qqzvkid.cloudfront.net/11603/88889706/hls/master.m3u8?ads.xumo_channelId=88889706a&ads.xumo_ifaType=&ads.xumo_providerId=3831&ads.xumo_providerName=NBCNDAL,,,,NBC.us@KXASTV,,,,https://i.imgur.com/nxY84W5.png,General,426x240,iptv-org-all.txt,65,200,成功,h264,426x240,30.0,有音频,2.229
News18 Gujarati (1080p),https://n18syndication.akamaized.net/bpk-tv/News18_Gujarati_NW18_MOB/output01/master.m3u8,,,,News18Gujarati.in@SD,,,,https://xstreamcp-assets-msp.streamready.in/assets/LIVETV/LIVECHANNEL/LIVETV_LIVETVCHANNEL_NEWS18_GUJARATI/images/LOGO_HD/image.png,News,1920x1080,iptv-org-all.txt,343,200,成功,h264,1920x1080,25.0,有音频,15.107
O'zbekiston (576p),https://stream8.cinerama.uz/1001/tracks-v1a1/playlist.m3u8,,,,Ozbekiston.uz@SD,,,,https://i.imgur.com/QUIIhTD.png,General,720x576,iptv-org-all.txt,695,200,成功,h264,720x576,25.0,有音频,3.876
Nano (576p),http://stream.mcquack.net/419/index.m3u8,,,,Nano.ru@SD,,,,https://i.imgur.com/dYj3XDa.png,Documentary,1920x1080,iptv-org-all.txt,176,200,成功,h264,1920x1080,25.0,有音频,2.042
Nuka TV (720p) [Not 24/7],https://cloudvideo.servers10.com:8081/8118/index.m3u8,,,,NukaTV.ec@SD,,,,https://i.imgur.com/4r2Ycju.png,General,640x338,iptv-org-all.txt,1629,200,成功,h264,640x338,23.976023976023978,有音频,3.513
ORTS TV (480p) [Not 24/7],https://ms7.mx-cd.net/tv/200-1006554/ORTS_TV.smil/playlist.m3u8,,,,ORTSTV.nl@SD,,,,https://i.imgur.com/RZM4Myo.png,General,1280x720,iptv-org-all.txt,1734,200,成功,h264,1280x720,25.0,有音频,3.347
Pamir TV (1080p) [Not 24/7],http://live.stream.cdn.pamirtv.com/ptv/d0dbe915091d400bd8ee7f27f0791303.sdp/index.m3u8,,,,PamirTV.ca@SD,,,,https://i.imgur.com/sCBbBOj.png,Culture;Music,1920x1080,iptv-org-all.txt,3013,200,成功,h264,1920x1080,24.0,有音频,1.364
Niederbayern TV Landshut (1080p),https://stream03.welocal.stream/stream/fhd-nbylandshut_75262/ngrp:stream_all/index.m3u8,,,,NiederbayernTVLandshut.de@SD,,,,https://i.imgur.com/5sHzZAh.png,General,426x240,iptv-org-all.txt,1050,200,成功,h264,426x240,25.0,有音频,6.657
Nour Al Koddass (406p) [Not 24/7],https://svs.itworkscdn.net/nour1satlive/livestream/playlist.m3u8,,,,NourAlKoddass.lb@SD,,,,https://i.imgur.com/dF4Mvts.png,Religious,1024x576,iptv-org-all.txt,1094,200,成功,h264,1024x576,25.0,有音频,0.967
OlayTurk TV (720p) [Geo-blocked],https://live.artidijitalmedya.com/artidijital_olayturk/olayturk/playlist.m3u8,,,,OlayTurkTV.tr@SD,,,,https://i.imgur.com/e9ca6gc.png,News,1920x1080,iptv-org-all.txt,3303,200,成功,h264,1920x1080,50.0,有音频,6.300
MTV Latin America (1080p),http://15.204.246.24:8080/MTVHD/index.m3u8,,,,MTVLatinAmerica.us@Panregional,,,,https://upload.wikimedia.org/wikipedia/commons/thumb/6/68/MTV_2021_%28brand_version%29.svg/960px-MTV_2021_%28brand_version%29.svg.png,Entertainment,1920x1080,iptv-org-all.txt,50,200,成功,h264,1920x1080,59.94005994005994,有音频,0.503
PFL MMA (720p),https://jmp2.uk/plu-64f6180130ab3300083d896b.m3u8,,,,PFLMMA.us@SD,,,,https://provider-static.plex.tv/epg/cms/production/96dd0531-b500-4bd4-93ca-763cbf46defe/1500x1000_PFL_SHIELD_DARK_BG_-_Allie_Dinsmore.png,Sports,1280x720,iptv-org-all.txt,636,200,成功,h264,1280x720,30.0,有音频,1.860
NTN (Ukraine) (1080i),https://cdn15.live-tv.cloud/ua_infinitas_tv/ntn-abr/playlist.m3u8,,,,NTN.ua@SD,,,,https://i.imgur.com/AmyCNJv.png,General,1280x720,iptv-org-all.txt,321,200,成功,h264,1280x720,25.0,有音频,4.666
Pervyy Respublikanskiy,https://streaming.televizor-24-tochka.ru/live/27.m3u8,,,,PervyyRespublikanskiy.ru@SD,,,,https://i.imgur.com/ti4OMBv.png,News,640x360,iptv-org-all.txt,2955,200,成功,h264,640x360,25.0,有音频,12.010
Paradise Hotel: Under lagnerne,https://jmp2.uk/plu-662b71658dd8160008fc3abf.m3u8,,,,ParadiseHotelUnderlagnerne.se@DK,,,,https://images.pluto.tv/channels/662b71658dd8160008fc3abf/colorLogoPNG.png,Entertainment,1216x684,iptv-org-all.txt,708,200,成功,h264,1216x684,30.0,有音频,2.278
Panamericana TV (1080p),http://45.171.108.253:8888/PANAMERICANA/index.m3u8,,,,PanamericanaTV.pe@SD,,,,https://i.imgur.com/uQhEDES.png,General,1920x1080,iptv-org-all.txt,235,200,成功,h264,1920x1080,29.97002997002997,有音频,1.367
NBC Sports NOW (1080p),https://d4whmvwm0rdvi.cloudfront.net/10007/99993008/hls/master.m3u8?ads.xumo_channelId=99993008,,,,NBCSportsNOW.us@SD,,,,https://i.imgur.com/EzNf2Yx.png,Sports,426x240,iptv-org-all.txt,1802,200,成功,h264,426x240,30.0,有音频,2.401
News Nation (1080p),https://d3qs3d2rkhfqrt.cloudfront.net/out/v1/6cd2f649739a45ca9de1daf81cc7d0f2/index.m3u8,,,,NewsNation.in@SD,,,,https://dtil.tmsimg.com/assets/s143596_ld_h15_aa.png?lock=720x540,News,1920x1080,iptv-org-all.txt,1712,200,成功,h264,1920x1080,25.0,有音频,6.220
Nashville CA,https://jmp2.uk/plu-65cf8d7428730900087c5907.m3u8,,,,Nashville.us@CA,,,,https://images.pluto.tv/channels/65cf8d7428730900087c5907/colorLogoPNG.png,Series,1216x684,iptv-org-all.txt,625,200,成功,h264,1216x684,30.0,有音频,1.993
Naruto Germany (720p),https://jmp2.uk/plu-65d5fc39a25d5e00082895c4.m3u8,,,,Naruto.us@Germany,,,,https://i.imgur.com/M8X3Kvc.png,Animation,1216x684,iptv-org-all.txt,658,200,成功,h264,1216x684,30.0,有音频,1.366
NowMedia Television (1080p),https://stream-204968.castr.net/64e0c91d08bff3041638aee3/live_a4243540d4b911f0b624bda5e9a32aa9/index.m3u8,,,,NowMediaTelevision.us@HD,,,,https://i.imgur.com/8m8gy0n.png,Lifestyle;News,1920x1080,iptv-org-all.txt,1667,200,成功,h264,1920x1080,30.0,有音频,2.341
Oman TV Cultural (1080p),https://partwota.cdn.mgmlcdn.com/omcultural/smil:omcultural.stream.smil/chunklist.m3u8,,,,OmanTVCultural.om@SD,,,,https://i.imgur.com/b38wNPK.png,Culture,1920x1080,iptv-org-all.txt,1574,200,成功,h264,1920x1080,25.0,有音频,6.695
PBS (1080p) [Geo-blocked],https://pbs.lls.cdn.pbs.org/est/index.m3u8,,,,PBS.us@East,,,,https://i.imgur.com/8c8isLj.png,Education,416x234,iptv-org-all.txt,1837,200,成功,h264,416x234,29.97002997002997,有音频,1.913
NVK Sakha (1080p) [Not 24/7],https://live-saha.cdnvideo.ru/saha/saha/playlist.m3u8,,,,NVKSakha.ru@SD,,,,https://i.imgur.com/LwXNUhf.png,General,1920x1080,iptv-org-all.txt,1504,200,成功,h264,1920x1080,25.0,有音频,2.171
News12 New Jersey [Geo-blocked],https://mdc.ott.alticeusa.net/live4.ott.optimum.net/live4-uploads/N12JH_CENT_A1/index_new.m3u8?omap=https,,,,News12NewJersey.us@SD,,,,https://upload.wikimedia.org/wikipedia/commons/thumb/7/7a/News_12_logo_2019.png/960px-News_12_logo_2019.png,News,1920x1080,iptv-org-all.txt,93,200,成功,h264,1920x1080,59.94005994005994,有音频,5.539
MTV Catfish (United States) BR (720p),https://jmp2.uk/plu-626c2a3502d84a0007cec817.m3u8,,,,MTVCatfish.us@BR,,,,https://images.pluto.tv/channels/626c2a3502d84a0007cec817/colorLogoPNG.png,Entertainment,1280x720,iptv-org-all.txt,1225,200,成功,h264,1280x720,30.0,有音频,1.982
Paramount Movie Channel,https://jmp2.uk/plu-5cb0cae7a461406ffe3f5213.m3u8,,,,ParamountMovieChannel.us@SD,,,,https://i.imgur.com/sj5h9bl.png,Movies,1280x720,iptv-org-all.txt,292,200,成功,h264,1280x720,30.0,有音频,3.209
News18 Bihar Jharkhand (1080p),https://n18syndication.akamaized.net/bpk-tv/News18_Bihar_Jharkhand_NW18_MOB/output01/master.m3u8,,,,News18BiharJharkhand.in@SD,,,,https://i.imgur.com/FQ3zDZE.png,News,1920x1080,iptv-org-all.txt,627,200,成功,h264,1920x1080,25.0,有音频,17.174
Omrop Fryslan (1080p) [Not 24/7],https://s-d15f8b0b.b.cdn.bluebillywig.com/live/omropfryslan/f8f68bd5/index.m3u8,,,,OmropFryslan.nl@SD,,,,https://i.imgur.com/khacDTU.png,General,256x144,iptv-org-all.txt,1290,200,成功,h264,256x144,25.0,有音频,6.443
Numeros,https://jmp2.uk/plu-67f960680072d6b187a0682e.m3u8,,,,Numeros.us@LatAm,,,,https://images.pluto.tv/channels/67f960680072d6b187a0682e/colorLogoPNG_1747415112008.png,Series,1216x684,iptv-org-all.txt,612,200,成功,h264,1216x684,30.0,有音频,1.853
Muslim Network TV,https://afghantv.app/hls2/muslimnetwork/index.m3u8,,,,MuslimNetworkTV.us@SD,,,,,Religious,1280x720,iptv-org-all.txt,2023,200,成功,h264,1280x720,29.97002997002997,有音频,2.624
OTV-Prim,https://jz2lo90hnpy.a.trbcdn.net/livemaster/yo8gr_live-5gorrrfpouq.smil/playlist.m3u8,,,,OTVPrim.ru@SD,,,,https://i.imgur.com/2zd8trG.png,Entertainment,1920x1080,iptv-org-all.txt,2255,200,成功,h264,1920x1080,25.0,有音频,8.061
News18 Assam North-East (1080p),https://n18syndication.akamaized.net/bpk-tv/News18_Assam_North_East_NW18_MOB/output01/master.m3u8,,,,News18AssamNorthEast.in@SD,,,,https://xstreamcp-assets-msp.streamready.in/assets/LIVETV/LIVECHANNEL/LIVETV_LIVETVCHANNEL_NEWS18_ASSAM_NORTHSYMHYPEAST/images/LOGO_HD/image.png,News,1920x1080,iptv-org-all.txt,876,200,成功,h264,1920x1080,25.0,有音频,16.757
NH BollyGold (1080p),https://0dc330e6408b4c3b9ac31fd37b121368.mediatailor.ap-south-1.amazonaws.com/v1/master/d367f9b863a7a04827f71ecab4cbeeb11f78a827/nh-bollygold-airtel/playlist.m3u8,,,,NHBollyGold.in@HD,,,,https://i.ibb.co/x9PsrMy/NH-BOLLYGOLD.png,Movies,640x360,iptv-org-all.txt,1632,200,成功,h264,640x360,25.0,有音频,7.932
One Piece BR,https://jmp2.uk/plu-624b1c8d4321e200073ee421.m3u8,,,,OnePiece.us@BR,,,,https://i.imgur.com/XsvbAWR.png,Animation,1280x720,iptv-org-all.txt,1339,200,成功,h264,1280x720,30.0,有音频,2.069
One Piece,https://jmp2.uk/plu-69affcad8940750a23a7231a.m3u8,,,,OnePiece.us@US,,,,https://images.pluto.tv/channels/5f7790b3ed0c88000720b241/colorLogoPNG_1731837233662.png,Animation,1216x684,iptv-org-all.txt,103,200,成功,h264,1216x684,30.0,有音频,2.122
News18 Delhi NCR JK (1080p),https://n18syndication.akamaized.net/bpk-tv/News18_JKLH_NW18_MOB/output01/master.m3u8,,,,News18DelhiNCRJK.in@SD,,,,https://jiotvimages.cdn.jio.com/dare_images/images/News18JKLH.png,News,1920x1080,iptv-org-all.txt,475,200,成功,h264,1920x1080,25.0,有音频,15.805
Pac-12 Insider (1080p),https://pac12-firetv.amagi.tv/playlist.m3u8,,,,Pac12Insider.us@SD,,,,https://i.imgur.com/736QREy.png,Sports,1920x1080,iptv-org-all.txt,986,200,成功,h264,1920x1080,29.97002997002997,有音频,6.171
MTV Jersey Shore,https://jmp2.uk/plu-68b9b0dbf9cf3d7cb9f56d88.m3u8,,,,MTVJerseyShore.us@CA,,,,https://images.pluto.tv/channels/68b9b0dbf9cf3d7cb9f56d88/colorLogoPNG_1757455543454.png,Entertainment,1280x720,iptv-org-all.txt,373,200,成功,h264,1280x720,30.0,有音频,1.816
Niederbayern TV Passau (1080p),https://stream03.welocal.stream/stream/fhd-nbypassau_49171/ngrp:stream_all/index.m3u8,,,,NiederbayernTVPassau.de@SD,,,,https://i.imgur.com/0wnFhNi.png,General,426x240,iptv-org-all.txt,797,200,成功,h264,426x240,25.0,有音频,5.832
Nick Jr. Club (United States) LatAm (720p),https://jmp2.uk/plu-5ddd7cb2cbb9010009b4fe32.m3u8,,,,NickJrClub.us@LatAm,,,,https://images.pluto.tv/channels/5f121460b73ac6000719fbaf/colorLogoPNG_1748348856602.png,Kids,1280x720,iptv-org-all.txt,155,200,成功,h264,1280x720,30.0,有音频,1.955
Oman TV Mubashir (1080p),https://partwota.cdn.mgmlcdn.com/omlive/smil:omlive.stream.smil/chunklist.m3u8,,,,OmanTVMubashir.om@SD,,,,https://i.imgur.com/UkQTR5b.png,News,1920x1080,iptv-org-all.txt,1378,200,成功,h264,1920x1080,25.0,有音频,5.640
Music TV Granada (1080p) [Not 24/7],https://cloudvideo.servers10.com:8081/8032/index.m3u8,,,,MusicTVGranada.es@SD,,,,https://i.ibb.co/Swd9NP7n/music-tv-granada.png,Music,1920x1080,iptv-org-all.txt,129,200,成功,h264,1920x1080,29.97002997002997,有音频,3.541
Persiana Vibe,https://raphls.persiana.live/hls/stream.m3u8,,,,PersianaVibe.fr@HD,,,,,Music,1280x720,iptv-org-all.txt,546,200,成功,h264,1280x720,25.0,有音频,2.423
Onda Algeciras (576p),https://cloudtv.provideo.es/live/algecirastv-livestream.m3u8,,,,OndaAlgeciras.es@SD,,,,https://i.imgur.com/kUhFkVF.png,General,1280x720,iptv-org-all.txt,1398,200,成功,h264,1280x720,25.0,有音频,1.526
Nickelodeon Clasico (720p),https://jmp2.uk/plu-6824cda00101510f9eeaa011.m3u8,,,,NickelodeonClasico.us@LatAm,,,,https://images.pluto.tv/channels/5ddd7c348520b40009c347e2/colorLogoPNG_1750157294622.png,Kids,1216x684,iptv-org-all.txt,1041,200,成功,h264,1216x684,30.0,有音频,1.389
Onda 15 TV (224p),https://cloudvideo.servers10.com:8081/8034/index.m3u8,,,,Onda15TV.es@SD,,,,https://i.imgur.com/mUrZz9O.png,Music;News,1280x720,iptv-org-all.txt,128,200,成功,h264,1280x720,29.97002997002997,有音频,3.267
PHLgovTV (720p),https://livestream.telvue.com/ctyphiladelphia1/f7b44cfafd5c52223d5498196c8a2e7b.sdp/playlist.m3u8,,,,PHLgovTV.us@SD,,,,https://i.imgur.com/BmNc3hu.png,Legislative,416x234,iptv-org-all.txt,199,200,成功,h264,416x234,29.97002997002997,有音频,4.031
NCIS: Los Angeles (Sweden),https://jmp2.uk/plu-66fbf4d3d7de140008d41f5b.m3u8,,,,NCISLosAngeles.se@DK,,,,https://images.pluto.tv/channels/66fbf4d3d7de140008d41f5b/colorLogoPNG.png,Series,1216x684,iptv-org-all.txt,828,200,成功,h264,1216x684,30.0,有音频,1.342
NewFlix,https://newfhls.wns.live/hls/stream.m3u8,,,,NewFlix.ir@SD,,,,,Movies,1280x720,iptv-org-all.txt,1991,200,成功,h264,1280x720,25.0,有音频,2.599
N24 Doku,https://jmp2.uk/plu-60080e8a4bf36000076a81b1.m3u8,,,,N24Doku.de@SD,,,,https://upload.wikimedia.org/wikipedia/commons/thumb/3/3f/N24Doku.svg/960px-N24Doku.svg.png,Documentary,1280x720,iptv-org-all.txt,95,200,成功,h264,1280x720,30.0,有音频,2.433
Otkritiy mir. Zdorove (576p),https://v4.proofix.ru/0mir/index.m3u8,,,,OtkritiymirZdorove.ru@SD,,,,https://i.imgur.com/7orZOJA.png,Lifestyle,1024x576,iptv-org-all.txt,2440,200,成功,h264,1024x576,25.0,有音频,5.031
MTV Catfish (Sweden) DK (720p),https://jmp2.uk/plu-6177fe76691b2e000702c7fc.m3u8,,,,MTVCatfish.se@DK,,,,https://images.pluto.tv/channels/6177fe76691b2e000702c7fc/colorLogoPNG_1750864554364.png,Entertainment,1280x720,iptv-org-all.txt,625,200,成功,h264,1280x720,30.0,有音频,1.814
One TV E-School Cambodia (1080p),http://49.156.33.114:5080/live/streams/elearning.playlist.m3u8,,,,OneTVESchoolCambodia.kh@SD,,,,https://i.imgur.com/wLzVdeT.png,Education,1920x1080,iptv-org-all.txt,433,200,成功,h264,1920x1080,30.0,有音频,1.991
Observator News (360p),https://live77cdn2.antenaplay.ro/live_ObservatorNews/live_ObservatorNews.m3u8,,,,ObservatorNews.ro@SD,,,,https://i.imgur.com/f6xEIAr.png,News,1280x720,iptv-org-all.txt,1949,200,成功,h264,1280x720,25.0,有音频,5.194
Peace of Mind TV (576p),https://yuppnimrestreammum.akamaized.net/181224/smil:peaceofmind.smil/playlist.m3u8?hdnts=st=1735898689~exp=1835898688~acl=*~hmac=f5fe24724fe05481e3841f9eb5ab8efdee0a3dd83645ae9dcf45703f525bab7b,,,,PeaceofMindTV.in@SD,,,,https://xstreamcp-assets-msp.streamready.in/assets/LIVETV/LIVECHANNEL/LIVETV_LIVETVCHANNEL_PEACE_OF_MIND/images/LOGO_HD/image.png,Religious,512x288,iptv-org-all.txt,1012,200,成功,h264,512x288,25.0,有音频,8.146
Nurafshon TV,https://stream8.cinerama.uz/1220/tracks-v1a1/mono.m3u8,,,,NurafshonTV.uz@SD,,,,https://i.imgur.com/MMdNyBU.jpeg,General,720x576,iptv-org-all.txt,2041,200,成功,h264,720x576,25.0,有音频,3.372
MTV Jerseys,https://jmp2.uk/plu-62ac3d7dc23b400008ae5b5a.m3u8,,,,MTVJerseys.de@ES,,,,https://images.pluto.tv/channels/62ac3d7dc23b400008ae5b5a/colorLogoPNG.png,Entertainment,1280x720,iptv-org-all.txt,330,200,成功,h264,1280x720,30.0,有音频,2.342
Omroep Land van Cuijk (720p),https://d3go236bg358u.cloudfront.net/nlpo/clr-nlpo/omroeplandvancuijk/index.m3u8,,,,OmroepLandvanCuijk.nl@SD,,,,https://i.imgur.com/Pt2gXJ1.png,General,1280x720,iptv-org-all.txt,1279,200,成功,h264,1280x720,25.0,有音频,6.432
NBS (720p),https://media.joycorp.co.kr:4443/live/ngrp:live_all/playlist.m3u8,,,,NBS.kr@SD,,,,https://i.imgur.com/pOSroOE.png,Education,640x360,iptv-org-all.txt,2621,200,成功,h264,640x360,29.97002997002997,有音频,8.555
PBS WNET (720p),http://4.30.180.36:8420/wnethd/index.m3u8?token=test,,,,PBS.us@WNET,,,,https://i.imgur.com/8c8isLj.png,Education,1280x720,iptv-org-all.txt,184,200,成功,h264,1280x720,29.97002997002997,有音频,0.704
Nicktoons CIS (1080p),https://stream8.cinerama.uz/1502/playlist.m3u8,,,,NicktoonsCIS.ru@SD,,,,https://upload.wikimedia.org/wikipedia/commons/d/d8/Nicktoons_UK_Logo_2014.png,Kids,1920x1080,iptv-org-all.txt,232,200,成功,h264,1920x1080,25.0,有音频,10.324
Naftemporiki TV (1080p),https://telmaco.ascdn.broadpeak.io/nafteboriki/default/index.m3u8,,,,NaftemporikiTV.gr@HD,,,,https://i.imgur.com/9OFdMud.png,News,1920x1080,iptv-org-all.txt,1930,200,成功,h264,1920x1080,25.0,有音频,5.200
Ning TV (720p),https://livefta.malimarcdn.com/ftaedge00/ningtv.sdp/playlist.m3u8,,,,NingTV.la@SD,,,,https://i.imgur.com/ANnEPnK.png,Entertainment,1280x720,iptv-org-all.txt,96,200,成功,h264,1280x720,29.97002997002997,有音频,0.839
OSN,http://osnmedia.servicecdn.ru/streams/17603_88089/playlist.m3u8,,,,OSN.ru@SD,,,,https://www.osnmedia.ru/wp-content/uploads/2024/11/osn-logo-header.png,General,1920x1080,iptv-org-all.txt,3432,200,成功,h264,1920x1080,25.0,有音频,6.255
News Tamil 24x7 (576p),https://cdn.pishow.tv/ott/live/1433/master.m3u8,,,,NewsTamil24x7.in@SD,,,,https://xstreamcp-assets-msp.streamready.in/assets/LIVETV/LIVECHANNEL/LIVETV_LIVETVCHANNEL_NEWS_TAMIL_24X7/images/LOGO_HD/image.png,News,424x240,iptv-org-all.txt,234,200,成功,h264,424x240,25.0,有音频,9.578
Nick Jr. (Croatia) (540p),http://176.61.157.250/NickJr/index.m3u8,,,,NickJr.hr@SD,,,,https://upload.wikimedia.org/wikipedia/commons/thumb/c/c5/Nick_Jr._logo_2023_(outline).svg/960px-Nick_Jr._logo_2023_(outline).svg.png,Kids,960x540,iptv-org-all.txt,167,200,成功,h264,960x540,25.0,有音频,2.504
NOST (720p),https://a-cdn.klowdtv.com/live2/nost_720p/playlist.m3u8,,,,NOST.us@SD,,,,https://upload.wikimedia.org/wikipedia/commons/thumb/5/59/NOST-1080x1080.jpg/250px-NOST-1080x1080.jpg,Movies,1280x720,iptv-org-all.txt,1138,200,成功,h264,1280x720,30.0,有音频,0.870
Persiana Iranian,https://irhls.persiana.live/hls/stream.m3u8,,,,PersianaIranian.fr@SD,,,,https://i.imgur.com/vqrrpBi.png,Movies,1280x720,iptv-org-all.txt,1895,200,成功,h264,1280x720,25.0,有音频,2.234
PBS WJXT (720p),https://dai.google.com/linear/hls/event/RDmbn03GRCOLNG1eetEKhg/master.m3u8,,,,PBS.us@WJXT,,,,https://i.imgur.com/8c8isLj.png,Education,256x144,iptv-org-all.txt,2083,200,成功,h264,256x144,30.0,有音频,3.618
Paradise Hotel,https://jmp2.uk/plu-61c18e1e0cd4cc00076bc4b3.m3u8,,,,ParadiseHotel.se@SE,,,,https://images.pluto.tv/channels/61c19af83fae0a00078c8918/colorLogoPNG.png,Entertainment,1216x684,iptv-org-all.txt,1340,200,成功,h264,1216x684,30.0,有音频,2.743
News of the World Arabic (720p),https://live.nowtelly.com/now_arabic/live/playlist.m3u8,,,,NewsoftheWorld.us@Arabic,,,,https://i.imgur.com/MfyRQCs.png,News,1280x720,iptv-org-all.txt,2074,200,成功,h264,1280x720,24.0,有音频,1.103
NTD TV (1080p),https://ntd02.akamaized.net/HD-NY/index.m3u8,,,,NTDTV.us@East,,,,https://upload.wikimedia.org/wikipedia/commons/thumb/2/2b/NTD_Logo_with_symbol.svg/960px-NTD_Logo_with_symbol.svg.png,General,1920x1080,iptv-org-all.txt,888,200,成功,h264,1920x1080,29.97002997002997,有音频,2.671
MTV Classic BR (720p),https://jmp2.uk/plu-66a01dcb8561260008b0a41d.m3u8,,,,MTVClassic.us@BR,,,,https://images.pluto.tv/channels/66a01dcb8561260008b0a41d/colorLogoPNG.png,Music,1216x684,iptv-org-all.txt,724,200,成功,h264,1216x684,30.0,有音频,1.698
Ozdi Varosi TV (720p) [Not 24/7],http://stream.nmih.hu:7980/live.m3u8,,,,OzdiVarosiTV.hu@SD,,,,https://i.imgur.com/t0Aq3UD.png,General,1280x720,iptv-org-all.txt,1705,200,成功,h264,1280x720,25.0,有音频,1.911
Onni TV (720p),https://onnitv.digitacdn.net/live/ott/onnitv/playlist.m3u8,,,,OnniTV.fi@SD,,,,https://i.imgur.com/Vba4jUk.png,General,1280x720,iptv-org-all.txt,1215,200,成功,h264,1280x720,25.0,有音频,5.653
OK Salzwedel (1080p) [Not 24/7],http://58bd5b7a98e04.streamlock.net/medienasa-live/ok-salzwedel_high/playlist.m3u8,,,,OKSalzwedel.de@SD,,,,https://i.imgur.com/jDmiTOS.png,General,1920x1080,iptv-org-all.txt,392,200,成功,h264,1920x1080,25.0,有音频,2.083
Oxygen Music (1080p),https://oxygenmusic.hu:2443/hls/oxygenmusic.m3u8,,,,OxygenMusic.hu@HD,,,,https://oxygenmusic.hu/static/media/logo.png,Music,640x360,iptv-org-all.txt,1807,200,成功,h264,640x360,25.0,有音频,11.564
NSC9 News (1080p),https://legitpro.co.in/nsc9/index.m3u8,,,,NSC9News.in@SD,,,,https://jiotvimages.cdn.jio.com/dare_images/images/nsc9.png,News,1920x1080,iptv-org-all.txt,1394,200,成功,h264,1920x1080,25.0,有音频,8.566
Numb3rs,https://jmp2.uk/plu-63dbe8a1c111bc0008dec8b8.m3u8,,,,Numb3rs.se@SE,,,,https://images.pluto.tv/channels/642e94c1af2bd90008852697/colorLogoPNG_1756716763207.png,Series,1216x684,iptv-org-all.txt,119,200,成功,h264,1216x684,30.0,有音频,3.482
News Marathi 24x7 (720p),https://live1.ottlive.co.in/newsmarathi/newsmarathi/index.m3u8,,,,NewsMarathi24x7.in@SD,,,,https://jiotvimages.cdn.jio.com/dare_images/images/channel/cb84d7f7e19bcbfb9b6d664e7fb2adee.png,News,1280x720,iptv-org-all.txt,1947,200,成功,h264,1280x720,30.0,有音频,5.825
News18 Bangla (1080p),https://n18syndication.akamaized.net/bpk-tv/News18_Bangla_NW18_MOB/output01/master.m3u8,,,,News18Bangla.in@SD,,,,https://xstreamcp-assets-msp.streamready.in/assets/LIVETV/LIVECHANNEL/LIVETV_LIVETVCHANNEL_NEWS18_BANGLA/images/LOGO_HD/image.png,News,1920x1080,iptv-org-all.txt,789,200,成功,h264,1920x1080,25.0,有音频,17.411
Peppers TV (751p),https://cdn.pishow.tv/ott/live/1383/master.m3u8,,,,PeppersTV.in@SD,,,,https://jiotvimages.cdn.jio.com/dare_images/images/Peppers_TV.png,Music,424x240,iptv-org-all.txt,256,200,成功,h264,424x240,25.0,有音频,9.253
News of the World Spanish (1080p),https://live.nowtelly.com/now_spanish/live/playlist.m3u8,,,,NewsoftheWorld.us@Spanish,,,,https://i.imgur.com/MfyRQCs.png,News,1920x1080,iptv-org-all.txt,2084,200,成功,h264,1920x1080,29.97002997002997,有音频,1.175
PBS Antiques Roadshow (1080p),https://amg00953-pbsusa-antiroadshow-xumo-x6ud5.amagi.tv/playlist.m3u8,,,,PBSAntiquesRoadshow.us@SD,,,,https://i.imgur.com/U9CYaok.png,Series,1920x1080,iptv-org-all.txt,1030,200,成功,h264,1920x1080,29.97002997002997,有音频,2.765
Overtime (1080p),https://d1a8aq6t30gkqj.cloudfront.net/v1/amc_overtime_1/samsungheadend_us/latest/main/hls/playlist_hd.m3u8,,,,Overtime.us@SD,,,,https://i.imgur.com/9S9k4IK.png,Sports,384x216,iptv-org-all.txt,1090,200,成功,h264,384x216,29.97002997002997,有音频,5.515
Nexo TV,https://vs20.live.opencaster.com/nexotv_7576198a/index.m3u8,,,,NexoTV.co@SD,,,,https://i.imgur.com/tkEFZWo.png,General,1280x720,iptv-org-all.txt,110,200,成功,h264,1280x720,29.97002997002997,有音频,1.308
Muz Soyuz (576p),https://hls-tvsoyuz.cdnvideo.ru/tvsoyuz2/muzsoyuz.6fw0-58xp-acts-esy0/playlist.m3u8,,,,MuzSoyuz.ru@SD,,,,https://i.imgur.com/Puk1Bhx.png,Music;Religious,1920x1080,iptv-org-all.txt,2736,200,成功,h264,1920x1080,25.0,有音频,1.771
Nation TV,https://live-us1.thaimomo.com/live-as/chNation-3/playlist.m3u8,,,,NationTV.th@SD,,,,https://i.imgur.com/h3TY38F.png,News,1024x576,iptv-org-all.txt,1081,200,成功,h264,1024x576,25.0,有音频,1.106
NDTV 24x7 (720p),https://raw.githubusercontent.com/amazeyourself/adaptive-streams/refs/heads/main/streams/in/YuppTV/NDTV24x7.m3u8,,,,NDTV24x7.in@SD,,,,https://dtil.tmsimg.com/assets/s154895_ld_h15_aa.png?lock=720x540,News,1280x720,iptv-org-all.txt,883,200,成功,h264,1280x720,25.0,有音频,3.123
NBA TV (720p),http://23.237.104.106:8080/USA_NBA/index.m3u8,,,,NBATV.us@SD,,,,https://upload.wikimedia.org/wikipedia/en/thumb/d/d2/NBA_TV.svg/960px-NBA_TV.svg.png,Sports,1920x1080,iptv-org-all.txt,61,200,成功,h264,1920x1080,59.94005994005994,有音频,0.760
NH BollyRaga (1080p),https://jmp2.uk/stvp-IN460001373,,,,NHBollyRaga.in@HD,,,,https://i.ibb.co/BKB9mv1K/NH-Bolly-Raga.png,Music,640x360,iptv-org-all.txt,2921,200,成功,h264,640x360,25.0,有音频,8.161
Munchen TV (1080p) [Not 24/7],https://muenchentv.iptv-playoutcenter.de/muenchentv/muenchentv.stream_1/playlist.m3u8,,,,MunchenTV.de@SD,,,,https://i.imgur.com/lt7xNWW.png,General,1920x1080,iptv-org-all.txt,2048,200,成功,h264,1920x1080,25.0,有音频,4.283
News of the World USA (1080p),https://live.nowtelly.com/now_usa/live_usa/playlist.m3u8,,,,NewsoftheWorld.us@USA,,,,https://i.imgur.com/MfyRQCs.png,News,1280x720,iptv-org-all.txt,1635,200,成功,h264,1280x720,24.0,有音频,1.063
NBC WBAL-TV (720p),https://aegis-cloudfront-1.tubi.video/888aedca-93fb-4aed-bb92-4beb8f1323c6/playlist.m3u8,,,,NBC.us@WBALTV,,,,https://i.imgur.com/nxY84W5.png,General,384x216,iptv-org-all.txt,145,200,成功,h264,384x216,29.97002997002997,有音频,2.848
Multivision Canal 3 (720p) [Not 24/7],https://stream.digitalgt.com:3136/live/multivisionlive.m3u8,,,,MultivisionCanal3.gt@SD,,,,https://i.imgur.com/6bdj2BV.jpg,General,1280x720,iptv-org-all.txt,1098,200,成功,h264,1280x720,29.97002997002997,有音频,1.266
Nortevision (1080p),http://amaru.dyndns.org:8870/0.m3u8,,,,Nortevision.es@SD,,,,https://i.imgur.com/C5SYw7B.png,Undefined,1920x1080,iptv-org-all.txt,1815,200,成功,h264,1920x1080,25.0,有音频,2.250
OK Stendal (1080p),http://58bd5b7a98e04.streamlock.net/medienasa-live/ok-stendal_high/playlist.m3u8,,,,OKStendal.de@SD,,,,https://i.imgur.com/s9wo85l.png,General,1920x1080,iptv-org-all.txt,308,200,成功,h264,1920x1080,25.0,有音频,1.705
OTV (Ghana) (720p),https://5dcabf026b188.streamlock.net/OceansTV/livestream/playlist.m3u8,,,,OTV.gh@SD,,,,https://pbs.twimg.com/profile_images/1034118312437919744/emeWo-ag_400x400.jpg,Entertainment,1280x720,iptv-org-all.txt,1140,200,成功,h264,1280x720,25.0,有音频,1.441
Nick Jr. Club (Germany) (720p),https://jmp2.uk/plu-67f3eb1c443f0671bc03ece8.m3u8,,,,NickJrClub.de@DACH,,,,https://images.pluto.tv/channels/67f3eb1c443f0671bc03ece8/colorLogoPNG_1748329104247.png,Kids,1280x720,iptv-org-all.txt,675,200,成功,h264,1280x720,30.0,有音频,2.173
Ocko Star,https://dash4.antik.sk/live/test_ocko_star/playlist.m3u8,,,,OckoStar.cz@SD,,,,https://upload.wikimedia.org/wikipedia/commons/thumb/b/b5/%C3%93%C4%8Dko_Star_logo.png/960px-%C3%93%C4%8Dko_Star_logo.png,Music,1920x1080,iptv-org-all.txt,137,200,成功,h264,1920x1080,25.0,有音频,2.213
Nicktoons (United States) CA,https://jmp2.uk/plu-654ca7f92c1d3300086b608c.m3u8,,,,Nicktoons.us@CA,,,,https://images.pluto.tv/channels/654ca7f92c1d3300086b608c/colorLogoPNG_1751457678592.png,Kids,1280x720,iptv-org-all.txt,614,200,成功,h264,1280x720,30.0,有音频,2.217
News of the World (720p),https://nowhls.wns.live/hls/stream.m3u8,,,,NewsoftheWorld.us@Global,,,,https://i.imgur.com/MfyRQCs.png,News,1280x720,iptv-org-all.txt,2186,200,成功,h264,1280x720,25.0,有音频,2.249
MyTime Movie Network (United Kingdom) (1080p),https://appletree-mytimeuk-rakuten.amagi.tv/playlist.m3u8,,,,MyTimeMovieNetwork.uk@SD,,,,https://i.imgur.com/pw4NZK1.png,Movies,1920x1080,iptv-org-all.txt,573,200,成功,h264,1920x1080,29.97002997002997,有音频,2.474
Ofogh TV,https://ncdn.telewebion.ir/ofogh/live/playlist.m3u8,,,,OfoghTV.ir@SD,,,,https://upload.wikimedia.org/wikipedia/fa/thumb/f/fe/Ofogh_TV_logo.svg/960px-Ofogh_TV_logo.svg.png,Culture,426x240,iptv-org-all.txt,1547,200,成功,h264,426x240,30.0,有音频,15.597
MTV Embarazada a los 16,https://jmp2.uk/plu-5f98537a5a4341000733aefe.m3u8,,,,MTVEmbarazadaalos16.de@ES,,,,https://images.pluto.tv/channels/5f98537a5a4341000733aefe/colorLogoPNG.png,Entertainment,1216x684,iptv-org-all.txt,618,200,成功,h264,1216x684,30.0,有音频,1.876
NKR TV Kannada (1080p),https://stream.ottlive.co.in/nkrtv/index.m3u8,,,,NKRTVKannada.in@SD,,,,https://jiotvimages.cdn.jio.com/dare_images/images/NKRTV.png,General,1920x1080,iptv-org-all.txt,1861,200,成功,h264,1920x1080,25.0,有音频,13.287
NOW Rock (1080p),https://lightning-now90s-samsungnz.amagi.tv/playlist.m3u8,,,,NOWRock.uk@SD,,,,https://i.imgur.com/GuM4GnX.png,Music,1920x1080,iptv-org-all.txt,2391,200,成功,h264,1920x1080,25.0,有音频,3.743
Persiana Junior,https://junhls.persiana.live/hls/stream.m3u8,,,,PersianaJunior.fr@SD,,,,https://i.imgur.com/zeKHZYG.png,Kids,1280x720,iptv-org-all.txt,1828,200,成功,h264,1280x720,25.0,有音频,2.285
Munsif TV (576p),https://live1.ottlive.co.in/munsiftv/munsiftv/index.m3u8,,,,MunsifTV.in@SD,,,,https://jiotvimages.cdn.jio.com/dare_images/images/Munsif_TV.png,News,1280x720,iptv-org-all.txt,229,200,成功,h264,1280x720,25.0,有音频,5.776
NTD TV West (720p),https://ntd02.akamaized.net/HD-LA/index.m3u8,,,,NTDTV.us@West,,,,https://upload.wikimedia.org/wikipedia/commons/thumb/2/2b/NTD_Logo_with_symbol.svg/960px-NTD_Logo_with_symbol.svg.png,General,1280x720,iptv-org-all.txt,770,200,成功,h264,1280x720,29.97002997002997,有音频,4.068
Parliament TV (New Zealand) (1080p),https://ptvlive.kordia.net.nz/out/v1/daf20b9a9ec5449dadd734e50ce52b74/index.m3u8,,,,ParliamentTV.nz@SD,,,,https://i.imgur.com/2aHW4q7.png,Legislative,1920x1080,iptv-org-all.txt,1762,200,成功,h264,1920x1080,25.0,有音频,13.960
MyTime Movie Network East (1080p),https://appletree-mytimeau-samsung.amagi.tv/playlist.m3u8,,,,MyTimeMovieNetworkEast.us@SD,,,,https://i.imgur.com/HYgxPVQ.png,Movies,1920x1080,iptv-org-all.txt,511,200,成功,h264,1920x1080,29.97002997002997,有音频,2.445
Nano HD (1080p),http://185.23.80.23:8080/NANO_HD/index.m3u8,,,,Nano.ru@HD,,,,https://i.imgur.com/dYj3XDa.png,Documentary,1920x1080,iptv-org-all.txt,348,200,成功,h264,1920x1080,25.0,有音频,1.952
MTV The Hills NO,https://jmp2.uk/plu-61c1d56f28e94c0007827bdb.m3u8,,,,MTVTheHills.se@NO,,,,https://images.pluto.tv/channels/61c09039ebd75200072587f9/colorLogoPNG.png,Entertainment,1280x720,iptv-org-all.txt,618,200,成功,h264,1280x720,30.0,有音频,2.332
Palestine Today (480p) [Geo-blocked],https://live.paltodaytv.com/paltv/live/playlist.m3u8,,,,PalestineToday.ps@SD,,,,https://i.imgur.com/BS8XXug.png,News,1280x720,iptv-org-all.txt,1186,200,成功,h264,1280x720,25.0,有音频,6.727
NDTV India (720p),https://raw.githubusercontent.com/amazeyourself/adaptive-streams/refs/heads/main/streams/in/YuppTV/NDTVIndia.m3u8,,,,NDTVIndia.in@SD,,,,https://xstreamcp-assets-msp.streamready.in/assets/LIVETV/LIVECHANNEL/LIVETV_LIVETVCHANNEL_NDTV_INDIA/images/LOGO_HD/image.png,News,1280x720,iptv-org-all.txt,707,200,成功,h264,1280x720,25.0,有音频,4.916
One Piece Spain,https://jmp2.uk/plu-680ba8992472a7200a183eb5.m3u8,,,,OnePiece.us@Spain,,,,https://i.imgur.com/XsvbAWR.png,Animation,1216x684,iptv-org-all.txt,620,200,成功,h264,1216x684,30.0,有音频,1.909
OM TV (576p),https://mumt01.tangotv.in/O5aw8Zn3OMTV/index.m3u8,,,,OMTV.in@SD,,,,https://jiotvimages.cdn.jio.com/dare_images/images/OM_TV.png,Religious,448x360,iptv-org-all.txt,918,200,成功,h264,448x360,25.0,有音频,15.854
Nickelodeon Classico (720p),https://jmp2.uk/plu-6824ce10c5d53e1351ceb8d1.m3u8,,,,NickelodeonClassico.us@BR,,,,https://images.pluto.tv/channels/5f12151794c1800007a8ae63/colorLogoPNG_1750157164414.png,Kids,1216x684,iptv-org-all.txt,868,200,成功,h264,1216x684,30.0,有音频,1.348
MTV (United States) (1080p),http://23.237.104.106:8080/USA_MTV/index.m3u8,,,,MTV.us@East,,,,https://upload.wikimedia.org/wikipedia/commons/thumb/6/68/MTV_2021_%28brand_version%29.svg/960px-MTV_2021_%28brand_version%29.svg.png,Entertainment,1920x1080,iptv-org-all.txt,60,200,成功,h264,1920x1080,59.94005994005994,有音频,0.625
National Geographic (Mexico) (1080p),http://138.121.15.230:9002/NAT-GEO/index.m3u8,,,,NationalGeographic.mx@SD,,,,https://upload.wikimedia.org/wikipedia/commons/thumb/f/fc/Natgeologo.svg/960px-Natgeologo.svg.png,Documentary,1920x1080,iptv-org-all.txt,215,200,成功,h264,1920x1080,59.94005994005994,有音频,2.578
Newsmax Spanish (1080p),https://n1ottesorkatv.akamaized.net/hls/live/2113795/Live_1/index.m3u8,,,,NewsmaxSpanish.us@SD,,,,https://i.imgur.com/mrXMW7H.png,News,640x480,iptv-org-all.txt,1209,200,成功,h264,640x480,29.97002997002997,有音频,1.631
Oasis TV (Paraguay) (720p),https://video.hostingcaaguazu.com:19360/oasistv/oasistv.m3u8,,,,OasisTV.py@SD,,,,https://i.imgur.com/u9umNKp.jpeg,Entertainment,1280x720,iptv-org-all.txt,232,200,成功,h264,1280x720,29.97002997002997,有音频,4.205
NBC WBTS-CD (1080p),https://d368vp0qqzvkid.cloudfront.net/11603/88889713/hls/master.m3u8?ads.xumo_channelId=88889713a&ads.xumo_ifaType=&ads.xumo_providerId=3820&ads.xumo_providerName=NBCNBOS,,,,NBC.us@WBTSCD,,,,https://i.imgur.com/nxY84W5.png,General,426x240,iptv-org-all.txt,72,200,成功,h264,426x240,30.0,有音频,2.855
One Paschima (400p),https://live.ekamraott.com/onepaschima/onepaschima/index.m3u8,,,,OnePaschima.in@SD,,,,https://jiotv.catchup.cdn.jio.com/dare_images/images/One_Paschima.png,Entertainment,720x400,iptv-org-all.txt,1891,200,成功,h264,720x400,25.0,有音频,5.716
Persiana Korea,https://korhls.persiana.live/hls/stream.m3u8,,,,PersianaKorea.fr@SD,,,,https://i.imgur.com/si2ZnIA.png,Movies,1280x720,iptv-org-all.txt,1624,200,成功,h264,1280x720,25.0,有音频,2.175
Natick Education Channel (720p),https://livestream.telvue.com/natickpegasus1/f7b44cfafd5c52223d5498196c8a2e7b.sdp/playlist.m3u8,,,,NatickEducationChannel.us@SD,,,,https://i.imgur.com/VKU9qwy.png,Education,416x234,iptv-org-all.txt,238,200,成功,h264,416x234,29.97002997002997,有音频,4.959
National Iranian Congress TV,https://tv.iraniancongress.com/stream/tv.m3u8,,,,NationalIranianCongressTV.us@SD,,,,https://iraniancongress.com/tv/logo.png,News,1280x720,iptv-org-all.txt,2585,200,成功,h264,1280x720,30.0,有音频,4.605
News18 Kerala (1080p),https://n18syndication.akamaized.net/bpk-tv/News18_Kerala_NW18_MOB/output01/master.m3u8,,,,News18Kerala.in@SD,,,,https://xstreamcp-assets-msp.streamready.in/assets/LIVETV/LIVECHANNEL/LIVETV_LIVETVCHANNEL_NEWS18_KERALA/images/LOGO_HD/image.png,News,1920x1080,iptv-org-all.txt,406,200,成功,h264,1920x1080,25.0,有音频,17.655
MUTV (720p),https://fastly.live.brightcove.com/6374054671112/eu-west-1/6058004203001/eyJhbGciOiJIUzI1NiIsInR5cCI6IkpXVCJ9.eyJob3N0IjoiYXplMnp5LmVncmVzcy55ODN1ZWIiLCJhY2NvdW50X2lkIjoiNjA1ODAwNDIwMzAwMSIsImVobiI6ImZhc3RseS5saXZlLmJyaWdodGNvdmUuY29tIiwiaXNzIjoiYmxpdmUtcGxheWJhY2stc291cmNlLWFwaSIsInN1YiI6InBhdGhtYXB0b2tlbiIsImF1ZCI6WyI2MDU4MDA0MjAzMDAxIl0sImp0aSI6IjYzNzQwNTQ2NzExMTIifQ.3FmuTna3DAmY7xlhK5fk6LMrosrtrR5VsU2QOgYO5y4/playlist-hls.m3u8,,,,MUTV.uk@SD,,,,https://d2n0069hmnqmmx.cloudfront.net/epgdata/1.0/newchanlogos/512/512/skychb1834.png,Sports,1280x720,iptv-org-all.txt,2013,200,成功,h264,1280x720,25.0,有音频,3.813
Palestine Al Yawm (720p),https://live.paltodaytv.com/paltv/live/playlist_sfm4s.m3u8,,,,PalestineAlYawm.lb@SD,,,,https://i.imgur.com/n8dSgx4.png,News,1280x720,iptv-org-all.txt,1432,200,成功,h264,1280x720,25.0,有音频,6.490
Oli TV (India) (1080p),https://live.olidigital.in/olitv/olitv/index.m3u8,,,,OliTV.in@SD,,,,https://i.ibb.co/XfvTQyJn/main-removebg-preview.png,Entertainment,1920x1080,iptv-org-all.txt,3009,200,成功,h264,1920x1080,29.97002997002997,有音频,7.728
Oruzhie (576p),https://fs.uplink.kz/oruzhie/mono.m3u8?token=onlinetv,,,,Oruzhie.ru@SD,,,,https://i.imgur.com/lfJQJqa.png,Entertainment,720x576,iptv-org-all.txt,2219,200,成功,h264,720x576,25.0,有音频,4.456
NBC TV (1080p) [Not 24/7],https://205444.global.ssl.fastly.net/64ee8a084b935f9f8a6f8825/live_ab333a6093bc11eeb89fbd81423485b7/index.fmp4.m3u8,,,,NBCTV.pg@SD,,,,https://i.imgur.com/KNaaG5u.png,General,1280x720,iptv-org-all.txt,2364,200,成功,h264,1280x720,50.0,有音频,3.283
Muzyka 1 [Not 24/7],https://kino-1.catcast.tv/content/37745/index.m3u8,,,,Muzyka1.ru@International,,,,https://i.imgur.com/DIKe5vA.png,Music,768x432,iptv-org-all.txt,1133,200,成功,h264,768x432,25.0,有音频,2.667
News 1st (576p),https://d1msejlow1t3l4.cloudfront.net/fta/News1st/playlist.m3u8,,,,News1st.in@SD,,,,https://dtil.tmsimg.com/assets/s143587_ld_h15_aa.png?lock=720x540,News,704x396,iptv-org-all.txt,1521,200,成功,h264,704x396,25.0,有音频,1.619
Natick Government Channel (720p),https://livestream.telvue.com/natickpegasus3/f7b44cfafd5c52223d5498196c8a2e7b.sdp/playlist.m3u8,,,,NatickGovernmentChannel.us@SD,,,,https://i.imgur.com/eA2WSXa.png,Legislative,416x234,iptv-org-all.txt,154,200,成功,h264,416x234,29.97002997002997,有音频,4.268
MTC,https://mtchls.wns.live/hls/stream.m3u8,,,,MTC.us@SD,,,,https://i.imgur.com/JxoAR4j.png,Undefined,1280x720,iptv-org-all.txt,1293,200,成功,h264,1280x720,25.0,有音频,2.241
Oli TV (Chile) (1080p),https://v4.tustreaming.cl/retroplaytv/index.m3u8,,,,OliTV.cl@SD,,,,https://i.imgur.com/2emMRvf.jpeg,General,1920x1080,iptv-org-all.txt,2450,200,成功,h264,1920x1080,30.0,有音频,1.312
Peravia Vision (480p) [Geo-blocked],https://ss2.tvrdomi.com:1936/peraviavision/peraviavision/playlist.m3u8,,,,PeraviaVision.do@SD,,,,https://i.imgur.com/k1Wj5ka.png,General,1280x720,iptv-org-all.txt,49,200,成功,h264,1280x720,29.97002997002997,有音频,1.783
Muzyka Kino [Not 24/7],https://kino-1.catcast.tv/content/37739/index.m3u8,,,,MuzykaKino.ru@International,,,,https://i.imgur.com/2SG0Swa.png,Music,768x432,iptv-org-all.txt,976,200,成功,h264,768x432,25.0,有音频,2.451
MTV Classic CA (720p),https://jmp2.uk/plu-654100b4bdf3cf0008aa49c7.m3u8,,,,MTVClassic.us@CA,,,,https://images.pluto.tv/channels/66a01dcb8561260008b0a41d/colorLogoPNG.png,Music,1216x684,iptv-org-all.txt,632,200,成功,h264,1216x684,30.0,有音频,1.818
OUN (1080p),https://live.knou.ac.kr/knou1/live1/playlist.m3u8,,,,OUN.kr@SD,,,,https://i.imgur.com/7s6JtcU.png,Education,1920x1080,iptv-org-all.txt,2569,200,成功,h264,1920x1080,29.97002997002997,有音频,6.213
NTV Telugu (1080p),https://mumbai-edge.smartplaytv.in/NTVTelugu/index.m3u8,,,,NTVTelugu.in@SD,,,,https://i.imgur.com/WqTIoWS.png,News,704x396,iptv-org-all.txt,2692,200,成功,h264,704x396,25.0,有音频,6.362
MTV Catfish (Sweden) NO,https://jmp2.uk/plu-61781a52a3638a00078fa57e.m3u8,,,,MTVCatfish.se@NO,,,,https://images.pluto.tv/channels/6177fe76691b2e000702c7fc/colorLogoPNG_1750864554364.png,Entertainment,1280x720,iptv-org-all.txt,711,200,成功,h264,1280x720,30.0,有音频,2.166
Norte TV (720p) [Not 24/7],https://ntvcanal7.com.ar:81/dash/stream.mpd,,,,NorteTV.ar@SD,,,,https://i.imgur.com/jTX2vp0.png,General,1280x720,iptv-org-all.txt,2099,200,成功,h264,1280x720,25.0,有音频,9.033
MTV Uutiset (720p),https://live.streaming.a2d.tv/asset/20025962.isml/.m3u8,,,,MTVUutiset.fi@SD,,,,https://i.imgur.com/ZO8ShOK.png,News,1280x720,iptv-org-all.txt,1859,200,成功,h264,1280x720,600.0,有音频,17.882
Panche Television,https://vs20.live.opencaster.com/panche_3c70d368/index.m3u8,,,,PancheTelevision.co@SD,,,,https://i.imgur.com/BJVlOVA.jpeg,General,1280x720,iptv-org-all.txt,111,200,成功,h264,1280x720,29.97002997002997,有音频,1.280
Panjab TV (576p),https://panjabtv.akamaized.net/panjabtv/panjabtvhlsout/playlist.m3u8,,,,PanjabTV.uk@SD,,,,https://d2n0069hmnqmmx.cloudfront.net/epgdata/1.0/newchanlogos/10000/10000/skychb1041.png,Religious,320x180,iptv-org-all.txt,1759,200,成功,h264,320x180,25.0,有音频,13.735
OK Kiel (576p),https://live-cdn.oksh.de/play/hls/kieltv/index.m3u8,,,,OKKiel.de@SD,,,,https://i.imgur.com/eToHabX.png,General,1280x720,iptv-org-all.txt,1164,200,成功,h264,1280x720,25.0,有音频,3.399
Number 1 TV (720p),https://b01c02nl.mediatriple.net/videoonlylive/mtkgeuihrlfwlive/broadcast_5c9e17cd59e8b.smil/playlist.m3u8,,,,Number1TV.tr@SD,,,,https://i.imgur.com/02cDIBi.png,Music,1280x720,iptv-org-all.txt,1331,200,成功,h264,1280x720,25.0,有音频,3.896
NBC KSBY (720p),https://aegis-cloudfront-1.tubi.video/d5f0543d-5f83-4a69-ba01-c5a68f0c09a1/playlist.m3u8,,,,NBC.us@KSBY,,,,https://i.imgur.com/nxY84W5.png,General,426x240,iptv-org-all.txt,952,200,成功,h264,426x240,29.97002997002997,有音频,4.255
Nick Jr. Club (United States) BR (720p),https://jmp2.uk/plu-6824ce95f09106f4b18f4114.m3u8,,,,NickJrClub.us@BR,,,,https://images.pluto.tv/channels/5f121460b73ac6000719fbaf/colorLogoPNG_1748348856602.png,Kids,1216x684,iptv-org-all.txt,688,200,成功,h264,1216x684,30.0,有音频,1.396
News 24 MP & Chhattisgarh (576p),https://mumt04.tangotv.in/m18aqlK4NEWS24MPCG/index.m3u8,,,,News24MPChhattisgarh.in@SD,,,,https://xstreamcp-assets-msp.streamready.in/assets/LIVETV/LIVECHANNEL/LIVETV_LIVETVCHANNEL_NEWS24_MPCG/images/LOGO_HD/image.png,News,448x360,iptv-org-all.txt,224,200,成功,h264,448x360,25.0,有音频,7.856
Nim TV (720p) [Not 24/7],https://cdn.streamhispanatv.net:3210/live/nimtvgtlive.m3u8,,,,NimTV.gt@SD,,,,https://i.imgur.com/mBNOSzl.png,General,1280x720,iptv-org-all.txt,551,200,成功,h264,1280x720,29.97002997002997,有音频,1.135
News18 Madhya Pradesh/Chhattisgarh (1080p),https://n18syndication.akamaized.net/bpk-tv/News18_MP_Chhattisgarh_NW18_MOB/output01/master.m3u8,,,,News18MadhyaPradeshChhattisgarh.in@SD,,,,https://xstreamcp-assets-msp.streamready.in/assets/LIVETV/LIVECHANNEL/LIVETV_LIVETVCHANNEL_NEWS18_MADHYA_PRADESH_CHHATTISGARH/images/LOGO_HD/image.png,News,1920x1080,iptv-org-all.txt,284,200,成功,h264,1920x1080,25.0,有音频,15.637
OTR (576p),http://flussonic.linkintel.ru/otr/index.m3u8,,,,OTR.ru@SD,,,,https://i.imgur.com/VaWlnjZ.png,General,1920x1080,iptv-org-all.txt,2619,200,成功,h264,1920x1080,25.0,有音频,2.898
MTV The Hills DK,https://jmp2.uk/plu-61c09039ebd75200072587f9.m3u8,,,,MTVTheHills.se@DK,,,,https://images.pluto.tv/channels/61c09039ebd75200072587f9/colorLogoPNG.png,Entertainment,1216x684,iptv-org-all.txt,866,200,成功,h264,1216x684,30.0,有音频,1.371
OK Flensburg (576p),https://live-cdn.oksh.de/play/hls/flensburgtv/index.m3u8,,,,OKFlensburg.de@SD,,,,https://i.imgur.com/NPbfgQC.png,General,720x576,iptv-org-all.txt,1821,200,成功,h264,720x576,25.0,有音频,3.232
MTV en Espanol,https://jmp2.uk/plu-5cf96d351652631e36d4331f.m3u8,,,,MTVenEspanol.us@SD,,,,https://i.imgur.com/vQWWfyW.png,Entertainment,1280x720,iptv-org-all.txt,622,200,成功,h264,1280x720,30.0,有音频,2.143
ON FM (720p),https://5ce9406b73c33.streamlock.net/ONFM/livestream/playlist.m3u8,,,,ONFM.pt@SD,,,,https://onfmwordpressfiles.ams3.digitaloceanspaces.com/wp-content/uploads/2023/03/17130121/logo-on-fm.png,Music,1280x720,iptv-org-all.txt,1243,200,成功,h264,1280x720,25.0,有音频,3.000
NH BollyFlix (1080p),https://jmp2.uk/stvp-IN46000140Q,,,,NHBollyFlix.in@HD,,,,https://i.ibb.co/yF9MPTDK/blyflx.png,Movies,640x360,iptv-org-all.txt,3340,200,成功,h264,640x360,25.0,有音频,9.303
MTV Rocks,https://jmp2.uk/plu-66a01e07d2d50d0008100d6a.m3u8,,,,MTVRocks.us@BR,,,,https://images.pluto.tv/channels/66a01e07d2d50d0008100d6a/colorLogoPNG.png,Entertainment,1216x684,iptv-org-all.txt,1503,200,成功,h264,1216x684,30.0,有音频,1.837
MTV Live (720p),http://23.237.104.106:8080/USA_MTV_LIVE/index.m3u8,,,,MTVLive.us@SD,,,,https://i.imgur.com/3UByLqb.png,Music,1920x1080,iptv-org-all.txt,62,200,成功,h264,1920x1080,59.94005994005994,有音频,0.701
Number 1 Ask (720p),https://b01c02nl.mediatriple.net/videoonlylive/mtkgeuihrlfwlive/u_stream_5c9e18f9cea15_1/playlist.m3u8,,,,Number1Ask.tr@SD,,,,https://i.imgur.com/slwbux7.png,Music,1280x720,iptv-org-all.txt,1668,200,成功,h264,1280x720,25.0,有音频,3.571
Paras Gold (576p),https://mumt04.tangotv.in/m18aqlK4PARASGOLD/index.m3u8,,,,ParasGold.in@SD,,,,https://xstreamcp-assets-msp.streamready.in/assets/LIVETV/LIVECHANNEL/LIVETV_LIVETVCHANNEL_PARAS_GOLD_ONE/images/LOGO_HD/image.png,Religious,448x360,iptv-org-all.txt,1433,200,成功,h264,448x360,25.0,有音频,10.493
MTV Guyana (1080p) [Not 24/7],https://stream.mtvgy.com/mtvguyana/index.fmp4.m3u8,,,,MTVGuyana.gy@SD,,,,https://i.imgur.com/Ky70brA.png,General,1920x1080,iptv-org-all.txt,688,200,成功,h264,1920x1080,29.97002997002997,有音频,8.784
Pet Club TV (1080p),https://petclub-samsungaus.amagi.tv/playlist.m3u8,,,,PetClubTV.hk@SD,,,,https://i.imgur.com/ykPNNwQ.png,Entertainment,1920x1080,iptv-org-all.txt,1392,200,成功,h264,1920x1080,25.0,有音频,6.790
PBS Kids (720p),https://livestream.pbskids.org/out/v1/14507d931bbe48a69287e4850e53443c/est.m3u8,,,,PBSKids.us@SD,,,,https://i.imgur.com/fg8c9WK.png,Education;Kids,416x234,iptv-org-all.txt,1286,200,成功,h264,416x234,29.97002997002997,有音频,1.740
NonStop Kung Fu,https://jmp2.uk/plu-6728d33f030a2c0008edf4be.m3u8,,,,NonStopKungFu.se@SE,,,,https://images.pluto.tv/channels/6728d2be529ac9000830dc15/colorLogoPNG_1732110461260.png,Movies,1280x720,iptv-org-all.txt,1503,200,成功,h264,1280x720,30.0,有音频,1.971
Omroep Sudwest (720p),https://d2ecwd3cgy6wo0.cloudfront.net/nlpo/clr-nlpo/omroepsudwest/index.m3u8,,,,OmroepSudwest.nl@SD,,,,https://i.imgur.com/XtKLmQS.png,General,1280x720,iptv-org-all.txt,1103,200,成功,h264,1280x720,25.0,有音频,6.553
One Piece CA,https://jmp2.uk/plu-62e94ec74823db0007277a8f.m3u8,,,,OnePiece.us@CA,,,,https://i.imgur.com/XsvbAWR.png,Animation,1216x684,iptv-org-all.txt,113,200,成功,h264,1216x684,30.0,有音频,2.127
NorCast Weather (1080p),https://norcast-weather.streamology.live/api/v1/streams/c1b5b114698e1ad4687153c4402d5ef0/live.m3u8,,,,NorCastWeather.us@HD,,,,https://i.imgur.com/AfjoZgo.png,Weather,1920x1080,iptv-org-all.txt,2858,200,成功,h264,1920x1080,30.0,有音频,2.538
ONDA DIGITAL (720p),https://tv.ondadigital.pe/ondadigital/index.m3u8,,,,ONDADIGITAL.pe@SD,,,,https://i.imgur.com/3R2emx7.jpg,General,1280x720,iptv-org-all.txt,1486,200,成功,h264,1280x720,60.0,有音频,2.328
Natick Public Access Channel (720p),https://livestream.telvue.com/natickpegasus2/f7b44cfafd5c52223d5498196c8a2e7b.sdp/playlist.m3u8,,,,NatickPublicAccessChannel.us@SD,,,,https://i.imgur.com/G4a3gW0.png,General,416x234,iptv-org-all.txt,195,200,成功,h264,416x234,29.97002997002997,有音频,3.907
MTV Reality (United States) LatAm (720p),https://jmp2.uk/plu-5de91b7ea86ee60009d89e75.m3u8,,,,MTVReality.us@LatAm,,,,https://images.pluto.tv/channels/6493f4f566e485000853d640/colorLogoPNG.png,Entertainment,1280x720,iptv-org-all.txt,2496,200,成功,h264,1280x720,30.0,有音频,2.231
PBS Kids Alaska (1080p),https://livestream.pbskids.org/out/v1/94b88ad58fc14f84a9382341f1c00b82/akst.m3u8,,,,PBSKidsAlaska.us@SD,,,,https://i.imgur.com/ambc9le.png,Education;Kids,416x234,iptv-org-all.txt,1271,200,成功,h264,416x234,29.97002997002997,有音频,2.362
MTRK (576p),https://tvcdn01.esilnet.kz/tv/mtrk/index.m3u8,,,,MTRK.kz@SD,,,,https://i.imgur.com/XMyRwDk.png,General,720x576,iptv-org-all.txt,3334,200,成功,h264,720x576,25.0,有音频,6.867
NTD TV China,https://live.ntdtv.com/cnlive900/playlist.m3u8,,,,NTDTVChina.us@SD,,,,https://i.imgur.com/OpWTWdh.png,General,864x486,iptv-org-all.txt,607,200,成功,h264,864x486,29.97002997002997,有音频,0.904
NosTV Bonaire 2,https://stream2.nostvbonaire.com/hls/0/stream.m3u8,,,,NosTVBonaire2.bq@SD,,,,https://i.imgur.com/9pQdGw1.png,General,1920x1080,iptv-org-all.txt,1324,200,成功,h264,1920x1080,24.0,有音频,1.966
Nickelodeon en espanol,https://jmp2.uk/plu-5d8d08395f39465da6fb3ec4.m3u8,,,,Nickelodeonenespanol.us@SD,,,,https://images.pluto.tv/channels/5d8d08395f39465da6fb3ec4/colorLogoPNG.png,Kids,1216x684,iptv-org-all.txt,612,200,成功,h264,1216x684,30.0,有音频,1.439
NHL Network (1080p),https://nhl-firetv.amagi.tv/playlist.m3u8,,,,NHLNetwork.us@SD,,,,https://i.imgur.com/UNZ8bef.png,Sports,640x360,iptv-org-all.txt,1068,200,成功,h264,640x360,29.97002997002997,有音频,3.732
Ohotnik i rybolov (576i),https://stream8.cinerama.uz/1413/tracks-v1a1/mono.m3u8,,,,Ohotnikirybolov.ru@SD,,,,https://i.imgur.com/Bj1jI7F.png,Outdoor,1024x576,iptv-org-all.txt,213,200,成功,h264,1024x576,25.0,有音频,4.386
Pichilemu TV (1080p),https://5ff3d9babae13.streamlock.net/8028/8028/playlist.m3u8,,,,PichilemuTV.cl@SD,,,,https://i.imgur.com/eaJVCwM.png,Undefined,1280x720,iptv-org-all.txt,1355,200,成功,h264,1280x720,30.0,有音频,3.664
News Nation 81 (1080p),https://live.newsnation81.com/newsnation81/newsnation81/index.m3u8,,,,NewsNation81.in@SD,,,,https://jiotvimages.cdn.jio.com/dare_images/images/News_Nation_81.png,News,1920x1080,iptv-org-all.txt,2455,200,成功,h264,1920x1080,29.97002997002997,有音频,7.457
MTV Pluto TV LatAm (720p),https://jmp2.uk/plu-5fab088b3279760007d4e4fd.m3u8,,,,MTVPlutoTV.us@LatAm,,,,https://images.pluto.tv/channels/5fab088b3279760007d4e4fd/colorLogoPNG_1764875981566.png,Entertainment,1216x684,iptv-org-all.txt,2500,200,成功,h264,1216x684,30.0,有音频,1.934
PGA Tour (1080p),https://d11k1mnrgfposz.cloudfront.net/playlist.m3u8,,,,PGATour.us@SD,,,,https://i.imgur.com/J0TY9dG.png,Sports,384x216,iptv-org-all.txt,1046,200,成功,h264,384x216,29.97002997002997,有音频,3.854
Nika TV (576p) [Not 24/7],https://live-nikatv.cdnvideo.ru/nikatv/nikatv.sdp/playlist.m3u8,,,,NikaTV.ru@SD,,,,https://i.imgur.com/dccsFAu.png,General,1280x720,iptv-org-all.txt,880,200,成功,h264,1280x720,25.0,有音频,2.062
National TV,https://hls01ns.antenaplay.ro/hls/national-tv-sd/index.m3u8,,,,NationalTV.ro@SD,,,,https://i.imgur.com/KHzUIwG.png,General,720x576,iptv-org-all.txt,166,200,成功,h264,720x576,25.0,有音频,3.082
NHK World Premium (720p),https://media-tyo.hls.nhkworld.jp/hls/wp/live/master.m3u8,,,,NHKWorldPremium.jp@SD,,,,https://i.imgur.com/4ESi2La.png,Entertainment,320x180,iptv-org-all.txt,1241,200,成功,h264,320x180,,有音频,8.906
One,https://2-fss-1.streamhoster.com/pl_148/201830-1293592-1/playlist.m3u8,,,,One.mt@SD,,,,https://i.imgur.com/UPlfzFx.png,General,1280x720,iptv-org-all.txt,136,200,成功,h264,1280x720,25.0,有音频,1.125
Oberpfalz TV (1080p),https://oberpfalztv.iptv-playoutcenter.de/oberpfalztv/oberpfalztv.stream_1/playlist.m3u8,,,,OberpfalzTV.de@SD,,,,https://i.imgur.com/ISI5KDd.png,General,1920x1080,iptv-org-all.txt,2769,200,成功,h264,1920x1080,25.0,有音频,3.990
PBS Kids Hawaii (720p),https://livestream.pbskids.org/out/v1/aa31792fee094b24b09045483f04d150/hast.m3u8,,,,PBSKidsHawaii.us@SD,,,,https://i.imgur.com/ambc9le.png,Education;Kids,416x234,iptv-org-all.txt,1136,200,成功,h264,416x234,29.97002997002997,有音频,2.120
Noor TV (United Kingdom) (720p),https://sscsott.com/srt/noortvuk/index.m3u8,,,,NoorTV.uk@SD,,,,https://i.imgur.com/DlKgIuQ.png,Religious,1280x720,iptv-org-all.txt,1580,200,成功,h264,1280x720,25.0,有音频,3.573
MTV Reality (Sweden) NO,https://jmp2.uk/plu-68513950f212bedacf8ec48f.m3u8,,,,MTVReality.se@NO,,,,https://images.pluto.tv/channels/685137f4a1e091e16f2dd471/colorLogoPNG_1780301718240.png,General,1216x684,iptv-org-all.txt,2499,200,成功,h264,1216x684,30.0,有音频,2.347
O! (576p),http://stream.mcquack.net/60/index.m3u8,,,,O.ru@SD,,,,https://i.imgur.com/pDc665V.png,Kids,720x576,iptv-org-all.txt,174,200,成功,h264,720x576,25.0,有音频,1.899
OCN TV,https://5d12bc59c4748.streamlock.net/redirect/ocnbroadcasting.com/ocnbroadcasting2?type=m3u8,,,,OCNTV.us@SD,,,,https://i.imgur.com/iSB5Obl.png,Religious,1920x1080,iptv-org-all.txt,1298,200,成功,h264,1920x1080,29.97002997002997,有音频,1.881
Paraguay TV (1080p),https://stream.paraguaytv.gov.py/memfs/bbe36fed-9b49-4d1d-adaa-4bd6d1b2e386.m3u8,,,,ParaguayTV.py@SD,,,,https://i.imgur.com/TWnTZ3c.png,General,1920x1080,iptv-org-all.txt,3828,200,成功,h264,1920x1080,25.0,有音频,12.259
Pannon TV (648p),https://stream.nmih.hu:4102/live.m3u8,,,,PannonTV.rs@SD,,,,https://i.imgur.com/xQa2idL.png,General,1152x648,iptv-org-all.txt,2931,200,成功,h264,1152x648,25.0,有音频,3.939
Nova TV (1080p),http://176.61.157.250/NovaTV/index.m3u8,,,,NovaTV.hr@SD,,,,https://upload.wikimedia.org/wikipedia/commons/thumb/4/4a/Nova_TV_Croatia_logo.png/960px-Nova_TV_Croatia_logo.png,General,1920x1080,iptv-org-all.txt,312,200,成功,h264,1920x1080,50.0,有音频,5.475
MTV Ex On The Beach,https://jmp2.uk/plu-61c09072a09bbe00078f5692.m3u8,,,,MTVExOnTheBeach.se@SE,,,,https://images.pluto.tv/channels/61c0909b872c650008ed42e4/colorLogoPNG.png,Entertainment,1280x720,iptv-org-all.txt,661,200,成功,h264,1280x720,30.0,有音频,2.581
Ozono TV (720p),https://live-evg8.tv360.bitel.com.pe/bitel/ozonotv/playlist.m3u8,,,,OzonoTV.pe@SD,,,,https://i.imgur.com/Wkdibpv.png,General,1280x720,iptv-org-all.txt,3243,200,成功,h264,1280x720,29.97002997002997,有音频,4.577
PBS Kids Pacific (1080p),https://livestream.pbskids.org/out/v1/11f2e6b73eaa4887b3746cb863960e79/pst.m3u8,,,,PBSKidsPacific.us@SD,,,,https://i.imgur.com/ambc9le.png,Education;Kids,416x234,iptv-org-all.txt,811,200,成功,h264,416x234,29.97002997002997,有音频,1.834
NTD TV English UK (1080p),https://ntd02.akamaized.net/NTD-UK/index.m3u8,,,,NTDTVEnglish.us@UK,,,,https://i.imgur.com/26uv1ww.png,General;News,1280x720,iptv-org-all.txt,84,200,成功,h264,1280x720,29.97002997002997,有音频,4.669
MyZen TV (1080p),https://cdn-ue1-prod.tsv2.amagi.tv/linear/amg01255-secomcofites-my-myzen-en-plex/playlist.m3u8,,,,MyZenTV.fr@SD,,,,https://i.imgur.com/fIi8o0C.png,Relax,1920x1080,iptv-org-all.txt,621,200,成功,h264,1920x1080,25.0,有音频,4.498
Ohotnik i rybolov HD (1080p),http://stream.mcquack.net/194/index.m3u8,,,,Ohotnikirybolov.ru@HD,,,,https://i.imgur.com/Bj1jI7F.png,Outdoor,1920x1080,iptv-org-all.txt,179,200,成功,h264,1920x1080,25.0,有音频,2.018
NCIS (Sweden),https://jmp2.uk/plu-6319ec31c62c3f00075c90b1.m3u8,,,,NCIS.se@DK,,,,https://images.pluto.tv/channels/6319ec31c62c3f00075c90b1/colorLogoPNG.png,Series,1216x684,iptv-org-all.txt,1071,200,成功,h264,1216x684,30.0,有音频,3.296
News18 Marathi (1080p),https://n18syndication.akamaized.net/bpk-tv/News18_Lokmat_NW18_MOB/output01/master.m3u8,,,,News18Marathi.in@SD,,,,https://xstreamcp-assets-msp.streamready.in/assets/LIVETV/LIVECHANNEL/LIVETV_LIVETVCHANNEL_NEWS18_LOKMAT/images/LOGO_HD/image.png,News,1920x1080,iptv-org-all.txt,323,200,成功,h264,1920x1080,25.0,有音频,16.375
One Channel (1080p) [Geo-blocked],https://onechannel.siliconweb.com/one/stream/chunks.m3u8,,,,OneChannel.gr@HD,,,,https://upload.wikimedia.org/wikipedia/commons/3/37/One_Channel_Logo_2019.png,General,1920x1080,iptv-org-all.txt,1920,200,成功,h264,1920x1080,25.0,有音频,2.875
MTV Reality (United States) CA,https://jmp2.uk/plu-64f89fcfd661bb00081ba45c.m3u8,,,,MTVReality.us@CA,,,,https://images.pluto.tv/channels/6493f4f566e485000853d640/colorLogoPNG.png,Entertainment,1216x684,iptv-org-all.txt,2499,200,成功,h264,1216x684,30.0,有音频,1.948
Nepal 1 (576p),https://mumt05.tangotv.in/87NeALx2NEPAL1/index.m3u8,,,,Nepal1.in@SD,,,,https://i.imgur.com/Xr4FjC8.png,Entertainment,448x360,iptv-org-all.txt,228,200,成功,h264,448x360,25.0,有音频,7.304
NBC WPTV-TV (720p),https://content.uplynk.com/channel/b02350ef854c4eef8358eead1f59a5cc.m3u8,,,,NBC.us@WPTVTV,,,,https://i.imgur.com/nxY84W5.png,General,960x540,iptv-org-all.txt,49,200,成功,h264,960x540,29.97002997002997,有音频,5.309
MTV Shore,https://jmp2.uk/plu-625463563b8ddc0007134aeb.m3u8,,,,MTVShore.us@BR,,,,https://images.pluto.tv/channels/625463563b8ddc0007134aeb/colorLogoPNG.png,Entertainment,1216x684,iptv-org-all.txt,999,200,成功,h264,1216x684,30.0,有音频,1.440
News 24 (Albania) (392p),http://tv.balkanweb.com:8081/news24/livestream/playlist.m3u8,,,,News24.al@SD,,,,https://i.imgur.com/eG33jue.png,News,1920x1080,iptv-org-all.txt,759,200,成功,h264,1920x1080,30.0,有音频,1.660
One TV (720p) [Not 24/7],https://hms.pfs.gdn/v1/broadcast/one/playlist.m3u8,,,,OneTV.lb@SD,,,,https://i.imgur.com/O4DuR9G.png,Music,1920x1080,iptv-org-all.txt,592,200,成功,h264,1920x1080,25.0,有音频,10.190
MTurk TV (1080p),https://edge1.socialsmart.tv/muglaturk/bant1/playlist.m3u8,,,,MTurkTV.tr@SD,,,,https://i.imgur.com/xj1gvrq.png,General,1280x720,iptv-org-all.txt,903,200,成功,h264,1280x720,25.0,有音频,4.428
PBS Kids Mountain (1080p),https://livestream.pbskids.org/out/v1/3fe3030a2c8045a3932f4289d9eba3e6/mst.m3u8,,,,PBSKidsMountain.us@SD,,,,https://i.imgur.com/ambc9le.png,Education;Kids,416x234,iptv-org-all.txt,999,200,成功,h264,416x234,29.97002997002997,有音频,1.911
Number 1 Dance (720p),https://b01c02nl.mediatriple.net/videoonlylive/mtkgeuihrlfwlive/u_stream_5c9e2aa8acf44_1/playlist.m3u8,,,,Number1Dance.tr@SD,,,,https://i.imgur.com/ZM4PSyq.png,Music,1280x720,iptv-org-all.txt,1509,200,成功,h264,1280x720,25.0,有音频,3.925
NonStop Kung Fu DK,https://jmp2.uk/plu-6728d2be529ac9000830dc15.m3u8,,,,NonStopKungFu.se@DK,,,,https://images.pluto.tv/channels/6728d2be529ac9000830dc15/colorLogoPNG_1732110461260.png,Movies,1216x684,iptv-org-all.txt,1261,200,成功,h264,1216x684,30.0,有音频,1.460
NatureTime AU (1080p),https://amg00090-blueantllc-lovenature-au-samsungau-wggcn.amagi.tv/playlist/amg00090-blueantllc-lovenature-au-samsungau/playlist.m3u8,,,,NatureTime.ca@AU,,,,https://i.imgur.com/72JmyjM.png,Documentary,1920x1080,iptv-org-all.txt,1237,200,成功,h264,1920x1080,25.0,有音频,7.792
NTK (576p),http://stream.mcquack.net/389/index.m3u8,,,,NTK.kz@SD,,,,https://i.imgur.com/hHSCH4L.png,General,720x576,iptv-org-all.txt,176,200,成功,h264,720x576,25.0,有音频,1.770
Persiana Latino,https://latinohls.persiana.live/hls/stream.m3u8,,,,PersianaLatino.fr@SD,,,,,Movies,1280x720,iptv-org-all.txt,1690,200,成功,h264,1280x720,25.0,有音频,2.285
Nickelodeon CIS (1080p),https://stream8.cinerama.uz/1500/playlist.m3u8,,,,NickelodeonCIS.kz@SD,,,,https://i.imgur.com/E84jnP8.png,Kids,1920x1080,iptv-org-all.txt,231,200,成功,h264,1920x1080,25.0,有音频,9.346
News12 New York (1080p),https://aegis-cloudfront-1.tubi.video/97fbb992-c212-4164-8406-abb6f731e517/playlist.m3u8,,,,News12NewYork.us@SD,,,,https://i.imgur.com/Ez7qAZP.png,News,416x234,iptv-org-all.txt,215,200,成功,h264,416x234,29.97002997002997,有音频,4.563
News24 (1080p),https://skynewsau-live-premium.akamaized.net/hls/live/2105299/skynews/live.m3u8,,,,News24.au@SD,,,,https://i.imgur.com/KagpoPN.png,News,640x360,iptv-org-all.txt,601,200,成功,h264,640x360,25.0,有音频,5.931
Notioi TV (1080p),https://srv.streamserver.gr:3451/stream/play.m3u8,,,,NotioiTV.gr@SD,,,,https://i.imgur.com/Nq00n8h.png,General,1920x1080,iptv-org-all.txt,1798,200,成功,h264,1920x1080,23.976023976023978,有音频,5.766
NH Tamil Gold (1080p),https://d3arbp6l7f096k.cloudfront.net/v1/master/3722c60a815c199d9c0ef36c5b73da68a62b09d1/pb-gv6wgpbb4mgwk/playlist.m3u8?ads.ads_cdn=cf&ads.app_domain=APP_DOMAIN&ads.cdn=cf,,,,NHTamilGold.in@HD,,,,https://tvpnlogopus.samsungcloud.tv/platform/image/sourcelogo/vc/00/02/34/IN400061DB_20260623T015348SQUARE.png,Movies,1920x1080,iptv-org-all.txt,1667,200,成功,h264,1920x1080,25.0,有音频,7.394
News18 India (1080p),https://n18syndication.akamaized.net/bpk-tv/News18_India_NW18_MOB/output01/master.m3u8,,,,News18India.in@SD,,,,https://xstreamcp-assets-msp.streamready.in/assets/LIVETV/LIVECHANNEL/LIVETV_LIVETVCHANNEL_NEWS18_INDIA/images/LOGO_HD/image.png,News,1920x1080,iptv-org-all.txt,862,200,成功,h264,1920x1080,25.0,有音频,16.864
Palm Beaches TV (720p),https://live.feed.thepalmbeaches.tv/index.m3u8,,,,PalmBeachesTV.us@SD,,,,https://i.imgur.com/kBol4Pf.png,Travel,640x480,iptv-org-all.txt,1294,200,成功,h264,640x480,59.94005994005994,有音频,2.311
Panorama FM (1080p),https://d6izdil55uftn.cloudfront.net/out/v1/0a06d1d6377c47edbd48721ed724bd08/index.m3u8,,,,PanoramaFM.sa@SD,,,,https://i.imgur.com/JkDD3bK.png,Music,512x288,iptv-org-all.txt,1538,200,成功,h264,512x288,25.0,有音频,14.711
MTNA TV,https://live.mtna.tv/hls/mtna/mtna.m3u8,,,,MTNATV.cl@SD,,,,https://i.imgur.com/v7SA92F.png,Religious,1920x1080,iptv-org-all.txt,1300,200,成功,h264,1920x1080,30.0,有音频,1.017
OK Wernigerode (1080p),http://58bd5b7a98e04.streamlock.net/medienasa-live/mp4:ok-wernigerode_high/playlist.m3u8,,,,OKWernigerode.de@SD,,,,https://i.imgur.com/3gQvhSy.png,General,1920x1080,iptv-org-all.txt,308,200,成功,h264,1920x1080,25.0,有音频,2.204
P2M TV (720p),https://vdo2.pro-fhi.net:3207/stream/play.m3u8,,,,P2MTV.fr@SD,,,,https://i.imgur.com/TrecSeG.png,Music,1280x720,iptv-org-all.txt,1689,200,成功,h264,1280x720,30.0,有音频,3.330
MTV Ridiculousness (United States) LatAm (720p),https://jmp2.uk/plu-5e98a911c881310007d7aae2.m3u8,,,,MTVRidiculousness.us@LatAm,,,,https://images.pluto.tv/channels/68641eb4852dfe78698c3390/colorLogoPNG_1751392300412.png,Entertainment,1280x720,iptv-org-all.txt,1644,200,成功,h264,1280x720,30.0,有音频,2.174
NCTV (1080p),https://pantera1-100gb-cl-movistar.dps.live/nctv/nctv.smil/playlist.m3u8,,,,NCTV.cl@SD,,,,https://i.imgur.com/oo5vDBv.png,News,1920x1080,iptv-org-all.txt,2037,200,成功,h264,1920x1080,30.0,有音频,3.714
Nosey UK,https://jmp2.uk/plu-5dc2ba1a9c91420009db4858.m3u8,,,,Nosey.us@UK,,,,https://i.imgur.com/i5doCQK.png,Series,1216x684,iptv-org-all.txt,94,200,成功,h264,1216x684,30.0,有音频,2.203
NTD TV Asia-Pacific,https://live.ntdtv.com/aplive200/playlist.m3u8,,,,NTDTVAsiaPacific.us@SD,,,,https://i.imgur.com/iyFXcDy.png,General,854x480,iptv-org-all.txt,1221,200,成功,h264,854x480,29.97002997002997,有音频,1.299
MWD (720p) [Not 24/7],http://203.81.84.130/hls/mwd/index.m3u8,,,,MWD.mm@SD,,,,https://i.imgur.com/zyTQG9F.png,General,1280x720,iptv-org-all.txt,505,200,成功,h264,1280x720,30.0,有音频,2.721
Nesiha TV (720p),https://stream.cisk.tech/nasihatv/index.m3u8,,,,NesihaTV.et@SD,,,,https://i.imgur.com/rqEyzjE.png,Religious,1280x720,iptv-org-all.txt,1677,200,成功,h264,1280x720,25.0,有音频,5.048
MTV Reality (Sweden) DK (720p),https://jmp2.uk/plu-685137f4a1e091e16f2dd471.m3u8,,,,MTVReality.se@DK,,,,https://images.pluto.tv/channels/685137f4a1e091e16f2dd471/colorLogoPNG_1780301718240.png,General,1216x684,iptv-org-all.txt,2508,200,成功,h264,1216x684,30.0,有音频,1.352
OTV (Lebanon) (1080p),https://otv.hibridcdn.net/otv/tv_abr/playlist.m3u8,,,,OTV.lb@SD,,,,https://i.imgur.com/toxFMeY.png,General,1920x1080,iptv-org-all.txt,1368,200,成功,h264,1920x1080,25.0,有音频,4.689
n-tv,https://dash4.antik.sk/live/test_ntv_tizen/playlist.m3u8,,,,ntv.de@SD,,,,https://upload.wikimedia.org/wikipedia/commons/thumb/f/f6/N-tv_logo-september2017.svg/960px-N-tv_logo-september2017.svg.png,General,720x576,iptv-org-all.txt,137,200,成功,h264,720x576,25.0,有音频,1.893
NDR Fernsehen Mecklenburg Vorpommern (720p),https://mcdn.ndr.de/ndr/hls/ndr_fs/ndr_mv/master.m3u8,,,,NDRFernsehen.de@MecklenburgVorpommern,,,,https://upload.wikimedia.org/wikipedia/commons/thumb/e/e9/Logo_NDR_Fernsehen_2017.svg/960px-Logo_NDR_Fernsehen_2017.svg.png,General,480x270,iptv-org-all.txt,1667,200,成功,h264,480x270,50.0,有音频,12.695
Persiana Medical,https://phd2hls.persiana.live/hls/stream.m3u8,,,,PersianaMedical.fr@SD,,,,,Education,1280x720,iptv-org-all.txt,1384,200,成功,h264,1280x720,25.0,有音频,2.136
New Vision TV (360p),https://viewmedia7219.bozztv.com/wmedia/viewmedia100/web_027/Stream/playlist.m3u8,,,,NewVisionTV.ng@SD,,,,,Religious,426x240,iptv-org-all.txt,294,200,成功,h264,426x240,25.0,有音频,7.969
Pent TV,https://playlist.dacast.com/live/a72117af-d78e-7ffe-7c12-1af6cd4a8483-live-42172a86-494b-a866-498f-dbaff4b5e3c0/master.m3u8,,,,PentTV.gh@SD,,,,https://i.imgur.com/Jw6d3dR.png,Religious,1280x720,iptv-org-all.txt,1219,200,成功,h264,1280x720,25.0,有音频,1.409
NTD TV Canada,https://live.ntdtv.com/mllive860/playlist.m3u8,,,,NTDTVCanada.us@East,,,,https://i.imgur.com/iyFXcDy.png,General,1280x720,iptv-org-all.txt,1130,200,成功,h264,1280x720,29.97002997002997,有音频,1.331
Odisha TV (720p),https://livetv.tarangplus.in/otv-origin/live/playlist.m3u8,,,,OdishaTV.in@SD,,,,https://dtil.tmsimg.com/assets/s143639_ld_h15_aa.png?lock=720x540,Culture,1280x720,iptv-org-all.txt,963,200,成功,h264,1280x720,25.0,有音频,5.577
Peace TV English (1080p),https://dzkyvlfyge.erbvr.com/PeaceTvEnglish/index.m3u8,,,,PeaceTVEnglish.ae@SD,,,,https://i.imgur.com/rjgCM2B.png,Religious,,iptv-org-all.txt,1144,200,成功,h264,,,有音频,11.829
Paranormal State,https://jmp2.uk/plu-60804d85858bd00007c5d591.m3u8,,,,ParanormalState.us@UK,,,,https://i.imgur.com/NmxhvAE.png,Entertainment,1216x684,iptv-org-all.txt,291,200,成功,h264,1216x684,30.0,有音频,1.475
NTV (Canada) CJON-DT (480p),https://2-fss-1.streamhoster.com/pl_122/201748-1431018-1/playlist.m3u8,,,,NTV.ca@CJONDT,,,,https://i.imgur.com/KQtQg5y.png,General,854x480,iptv-org-all.txt,66,200,成功,h264,854x480,,有音频,0.629
Muzvar (1080p),https://cdn15.live-tv.cloud/ua_infinitas_tv/muzvar-abr/playlist.m3u8,,,,Muzvar.ua@SD,,,,https://i.imgur.com/Klu5k9U.png,Music,640x360,iptv-org-all.txt,320,200,成功,h264,640x360,25.0,有音频,8.067
Panico (576p),http://181.78.8.199:8000/play/a0bt/index.m3u8,,,,Panico.mx@SD,,,,https://i.imgur.com/XOJzlfS.png,Undefined,1280x720,iptv-org-all.txt,255,200,成功,h264,1280x720,30.0,有音频,1.224
NHRA TV (1080p),https://d265y4sk8257lt.cloudfront.net/nh.m3u8,,,,NHRATV.us@SD,,,,https://i.imgur.com/jZgcm4k.png,Sports,640x360,iptv-org-all.txt,921,200,成功,h264,640x360,30.0,有音频,3.410
MTV Jovens e Maes (720p),https://jmp2.uk/plu-620fdc7d8a36fc000710e3ba.m3u8,,,,MTVJovenseMaes.us@BR,,,,https://images.pluto.tv/channels/620fdc7d8a36fc000710e3ba/colorLogoPNG.png,Entertainment,1280x720,iptv-org-all.txt,643,200,成功,h264,1280x720,30.0,有音频,1.865
NTD TV Canada West,https://live.ntdtv.com/cwlive220/playlist.m3u8,,,,NTDTVCanada.us@West,,,,https://i.imgur.com/iyFXcDy.png,General,320x216,iptv-org-all.txt,981,200,成功,h264,320x216,29.97002997002997,有音频,1.171
News State MP & CHG (1080p),https://jmp2.uk/stvp-IN4000012ML,,,,NewsStateMPCHG.in@SD,,,,https://xstreamcp-assets-msp.streamready.in/assets/LIVETV/LIVECHANNEL/LIVETV_LIVETVCHANNEL_NEWS_STATE_MADHYA_PRADESH_CHHATTISGARH/images/LOGO_HD/image.png,News,1920x1080,iptv-org-all.txt,2897,200,成功,h264,1920x1080,25.0,有音频,9.601
MTV Verguenza ajena (720p),https://jmp2.uk/plu-63eb9495a8b227000841bf64.m3u8,,,,MTVVerguenzaajena.de@ES,,,,https://images.pluto.tv/channels/63eb9495a8b227000841bf64/colorLogoPNG.png,Entertainment,1280x720,iptv-org-all.txt,644,200,成功,h264,1280x720,30.0,有音频,2.116
MTV Rocks LatAm,https://jmp2.uk/plu-66a01b52a4ee27000808ea36.m3u8,,,,MTVRocks.us@LatAm,,,,https://images.pluto.tv/channels/66a01e07d2d50d0008100d6a/colorLogoPNG.png,Entertainment,1216x684,iptv-org-all.txt,1350,200,成功,h264,1216x684,30.0,有音频,2.203
Nexxo TV,https://5790d294af2dc.streamlock.net/Nexxo/Nexxo/playlist.m3u8,,,,NexxoTV.do@SD,,,,https://i.imgur.com/2OpCxa6.png,General,1920x1080,iptv-org-all.txt,1485,200,成功,h264,1920x1080,30.0,有音频,2.106
MTV Reality (United States) (720p),https://jmp2.uk/plu-6851bdfc9ac48fde5e07f5ae.m3u8,,,,MTVReality.us@BR,,,,https://images.pluto.tv/channels/6493f4f566e485000853d640/colorLogoPNG.png,Entertainment,1216x684,iptv-org-all.txt,2510,200,成功,h264,1216x684,30.0,有音频,1.440
Nash Bridges (720p),https://jmp2.uk/plu-666021cccb3ea10008406866.m3u8,,,,NashBridges.us@SD,,,,https://images.pluto.tv/channels/666021cccb3ea10008406866/colorLogoPNG.png,Series,1216x684,iptv-org-all.txt,644,200,成功,h264,1216x684,30.0,有音频,1.411
NRG 91 (720p) [Not 24/7],http://tv.nrg91.gr:1935/onweb/live/master.m3u8,,,,NRG91.gr@SD,,,,https://i.imgur.com/1Zl1OJ5.png,Music,1280x720,iptv-org-all.txt,2151,200,成功,h264,1280x720,25.0,有音频,2.317
Newsmax TV (720p),https://nmx1ota.akamaized.net/hls/live/2107010/Live_1/index.m3u8,,,,NewsmaxTV.us@SD,,,,https://upload.wikimedia.org/wikipedia/commons/thumb/8/85/Newsmax_logo.svg/960px-Newsmax_logo.svg.png,News,1920x1080,iptv-org-all.txt,1393,200,成功,h264,1920x1080,29.97002997002997,有音频,1.237
National Geographic (United States) HD East (720p),http://198.58.104.90:8989/natgeo/index.m3u8,,,,NationalGeographic.us@HDEast,,,,https://upload.wikimedia.org/wikipedia/commons/thumb/f/fc/Natgeologo.svg/960px-Natgeologo.svg.png,Documentary,1280x720,iptv-org-all.txt,18,200,成功,mpeg2video,1280x720,59.94005994005994,有音频,0.214
MTV Are you the One?,https://jmp2.uk/plu-5f6108d8cc331900075e98e4.m3u8,,,,MTVAreyoutheOne.us@BR,,,,https://images.pluto.tv/channels/5f6108d8cc331900075e98e4/colorLogoPNG.png,Series,1280x720,iptv-org-all.txt,139,200,成功,h264,1280x720,30.0,有音频,3.458
NDR Fernsehen Schleswig Holstein (720p),https://mcdn.ndr.de/ndr/hls/ndr_fs/ndr_sh/master.m3u8,,,,NDRFernsehen.de@SchleswigHolstein,,,,https://upload.wikimedia.org/wikipedia/commons/thumb/e/e9/Logo_NDR_Fernsehen_2017.svg/960px-Logo_NDR_Fernsehen_2017.svg.png,General,480x270,iptv-org-all.txt,1475,200,成功,h264,480x270,50.0,有音频,12.346
Nautical Channel (720p),https://a-cdn.klowdtv.com/live2/nautical_720p/playlist.m3u8,,,,NauticalChannel.it@SD,,,,https://i.imgur.com/2ByDyzL.png,Sports,1280x720,iptv-org-all.txt,150,200,成功,h264,1280x720,25.0,有音频,0.946
MTV Spankin' New (1080p),https://jmp2.uk/plu-5d14fdb8ca91eedee1633117.m3u8,,,,MTVSpankinNew.us@US,,,,https://images.pluto.tv/channels/6541010f770cf1000866be98/colorLogoPNG.png,Music,1280x720,iptv-org-all.txt,670,200,成功,h264,1280x720,30.0,有音频,2.522
NTC TV (720p),https://galaxyott.live/hls/ntv.m3u8,,,,NTCTV.in@SD,,,,https://jiotvimages.cdn.jio.com/dare_images/images/ntvtamil.png,Entertainment,1280x720,iptv-org-all.txt,1566,200,成功,h264,1280x720,25.0,有音频,6.701
Onda TV (Peru) (720p),https://live-evg5.tv360.bitel.com.pe/bitel/onda/playlist.m3u8,,,,OndaTV.pe@SD,,,,https://i.imgur.com/gbjdiLW.jpeg,General,1280x720,iptv-org-all.txt,3728,200,成功,h264,1280x720,29.97002997002997,有音频,4.457
MTV Ridiculousness (Sweden) DK (720p),https://jmp2.uk/plu-62cd9641393d8400076f34db.m3u8,,,,MTVRidiculousness.se@DK,,,,https://images.pluto.tv/channels/62cd9641393d8400076f34db/colorLogoPNG_1762770639864.png,Entertainment,1280x720,iptv-org-all.txt,2515,200,成功,h264,1280x720,30.0,有音频,2.039
Nick Jr. Pluto TV (720p),https://jmp2.uk/plu-5ca6748a37b88b269472dad9.m3u8,,,,NickJrPlutoTV.us@US,,,,https://images.pluto.tv/channels/62bdb75c3afd1200079146a6/colorLogoPNG.png,Kids,1280x720,iptv-org-all.txt,629,200,成功,h264,1280x720,30.0,有音频,1.405
Oggy e as Baratas Tontas,https://jmp2.uk/plu-63221bafdc6e110007b50270.m3u8,,,,OggyeasBaratasTontas.us@BR,,,,https://images.pluto.tv/channels/63221bafdc6e110007b50270/colorLogoPNG.png,Kids,1280x720,iptv-org-all.txt,616,200,成功,h264,1280x720,30.0,有音频,2.349
Number 1 Damar (720p),https://b01c02nl.mediatriple.net/videoonlylive/mtkgeuihrlfwlive/u_stream_5c9e198784bdc_1/playlist.m3u8,,,,Number1Damar.tr@SD,,,,https://i.imgur.com/rYtbAGZ.png,Music,1280x720,iptv-org-all.txt,1697,200,成功,h264,1280x720,25.0,有音频,3.698
O! International (576p),https://fs.uplink.kz/o/mono.m3u8?token=onlinetv,,,,O.ru@International,,,,https://i.imgur.com/pDc665V.png,Kids,720x576,iptv-org-all.txt,202,200,成功,h264,720x576,25.0,有音频,4.065
NBC WNYT (1080p),https://amg01942-amg01942c5-stirr-us-10184.playouts.now.amagi.tv/playlist.m3u8,,,,NBC.us@WNYT,,,,https://i.imgur.com/nxY84W5.png,General,720x404,iptv-org-all.txt,647,200,成功,h264,720x404,29.97002997002997,有音频,3.026
MTV Ridiculousness (Sweden) NO (720p),https://jmp2.uk/plu-62cd9e0d10bb020007005628.m3u8,,,,MTVRidiculousness.se@NO,,,,https://images.pluto.tv/channels/62cd9641393d8400076f34db/colorLogoPNG_1762770639864.png,Entertainment,1216x684,iptv-org-all.txt,2518,200,成功,h264,1216x684,30.0,有音频,1.330
Oplot TV (1080p) [Geo-blocked],http://31.131.141.195:8000/play/a006/index.m3u8,,,,OplotTV.ru@Khartsyzsk,,,,https://i.imgur.com/RvUkId2.png,News,1280x720,iptv-org-all.txt,358,200,成功,h264,1280x720,25.0,有音频,3.451
Oromar TV (1080p),http://45.224.97.181:9999/Oromar/index.m3u8,,,,OromarTV.ec@SD,,,,https://oromartv.com/images/OTV400.png,General,1920x1080,iptv-org-all.txt,240,200,成功,h264,1920x1080,30.0,有音频,1.383
Mult International (576p),https://fs.uplink.kz/mult/mono.m3u8?token=onlinetv,,,,Mult.ru@International,,,,https://i.imgur.com/xi351Fx.png,Kids,720x576,iptv-org-all.txt,203,200,成功,h264,720x576,25.0,有音频,3.886
NEW K.MOVIES (1080p),https://ads.its-newid.net/api/manifest.m3u8?ads.service_id=GB1700007PK&channel_id=newid_343&tp=samsung_tvplus,,,,NEWKMOVIES.us@SD,,,,https://i.imgur.com/wCgirjc.png,Movies,960x540,iptv-org-all.txt,3001,200,成功,h264,960x540,30.0,有音频,6.095
Pes (1080p),https://cdn-dvr.ntv.ru/Pes/index.m3u8,,,,Pes.ru@SD,,,,https://cdn2-static.ntv.ru/home/promo/24740/pes_llive.jpg,Series,1280x720,iptv-org-all.txt,190,200,成功,h264,1280x720,25.0,有音频,5.270
MTV Ex On The Beach DK,https://jmp2.uk/plu-61c0909b872c650008ed42e4.m3u8,,,,MTVExOnTheBeach.se@DK,,,,https://images.pluto.tv/channels/61c0909b872c650008ed42e4/colorLogoPNG.png,Entertainment,1216x684,iptv-org-all.txt,640,200,成功,h264,1216x684,30.0,有音频,2.975
Only Bharat (576p),https://mumt07.tangotv.in/zHjX9OFlONLYBHARAT/index.m3u8,,,,OnlyBharat.in@SD,,,,https://xstreamcp-assets-msp.streamready.in/assets/LIVETV/LIVECHANNEL/LIVETV_LIVETVCHANNEL_AMV_NETWORK/images/LOGO_HD/image.png,News,448x360,iptv-org-all.txt,223,200,成功,h264,448x360,25.0,有音频,8.128
OF-TV Offenbach (720p),https://5864df9ceac85.streamlock.net/germanpictures-live/_definst_/mp4:streamschedule/playlist.m3u8,,,,OFTVOffenbach.de@SD,,,,https://i.imgur.com/WAcxCJr.png,General,1920x1080,iptv-org-all.txt,764,200,成功,h264,1920x1080,25.0,有音频,3.815
MTV Dating (Sweden) (720p),https://jmp2.uk/plu-685140f121f49d1b9d178249.m3u8,,,,MTVDating.se@SE,,,,https://images.pluto.tv/channels/6851407c21f49d1b9d177493/colorLogoPNG_1750843393149.png,Entertainment,1216x684,iptv-org-all.txt,369,200,成功,h264,1216x684,30.0,有音频,1.392
Paraiso TV (720p),https://stream.eleden.com/livewtpm/ngrp:livewtpm_all/playlist.m3u8,,,,ParaisoTV.pr@SD,,,,https://i.imgur.com/wE31GIP.jpg,Religious,426x240,iptv-org-all.txt,729,200,成功,h264,426x240,29.97002997002997,有音频,2.689
Peretz International (576p),http://stream.mcquack.net/121/index.m3u8,,,,PeretzInternational.ru@SD,,,,https://i.imgur.com/On6ggLe.png,Entertainment,720x576,iptv-org-all.txt,182,200,成功,h264,720x576,25.0,有音频,1.748
Naruto (1080p),https://d21vn5eki5qsdi.cloudfront.net/playlist.m3u8,,,,Naruto.us@US,,,,https://i.imgur.com/M8X3Kvc.png,Animation,640x360,iptv-org-all.txt,1400,200,成功,hevc,640x360,29.97002997002997,有音频,3.035
NBC WGAL (720p),https://aegis-cloudfront-1.tubi.video/5d314174-0110-42af-8811-feaae073ea1e/playlist.m3u8,,,,NBC.us@WGAL,,,,https://i.imgur.com/nxY84W5.png,General,384x216,iptv-org-all.txt,154,200,成功,h264,384x216,29.97002997002997,有音频,2.797
NDR Fernsehen Niedersachsen (720p),https://mcdn.ndr.de/ndr/hls/ndr_fs/ndr_nds/master.m3u8,,,,NDRFernsehen.de@Niedersachsen,,,,https://upload.wikimedia.org/wikipedia/commons/thumb/e/e9/Logo_NDR_Fernsehen_2017.svg/960px-Logo_NDR_Fernsehen_2017.svg.png,General,480x270,iptv-org-all.txt,1537,200,成功,h264,480x270,50.0,有音频,12.904
NTS (1080p) [Not 24/7],https://peqk71plnjy.a.trbcdn.net/livemaster/w4kz7pki62_nts_tv/playlist.m3u8,,,,NTS.ru@SD,,,,https://i.imgur.com/skkDR7q.png,General,1920x1080,iptv-org-all.txt,895,200,成功,h264,1920x1080,25.0,有音频,3.509
PHXTV,https://cdn3.wowza.com/5/bGZUOHp2TnhudnM2/phoenix/G1498_006/playlist.m3u8,,,,PHXTV.us@SD,,,,https://i.imgur.com/RkTKR6x.png,Legislative,1280x720,iptv-org-all.txt,235,200,成功,h264,1280x720,25.0,有音频,1.411
MTV Spankin' New CA (1080p),https://jmp2.uk/plu-6541010f770cf1000866be98.m3u8,,,,MTVSpankinNew.us@CA,,,,https://images.pluto.tv/channels/6541010f770cf1000866be98/colorLogoPNG.png,Music,1280x720,iptv-org-all.txt,437,200,成功,h264,1280x720,30.0,有音频,2.748
People Are Awesome Poland (720p),https://3ab76e42.wurl.com/master/f36d25e7e52f1ba8d7e56eb859c636563214f541/UmFrdXRlblRWLWV1X1Blb3BsZUFyZUF3ZXNvbWVfSExT/playlist.m3u8,,,,PeopleAreAwesome.us@Poland,,,,https://i.imgur.com/MsIx7Ax.png,Entertainment,384x216,iptv-org-all.txt,927,200,成功,h264,384x216,29.97002997002997,有音频,3.544
News18 Odia (1080p),https://n18syndication.akamaized.net/bpk-tv/News18_Odia_NW18_MOB/output01/master.m3u8,,,,News18Odia.in@SD,,,,https://xstreamcp-assets-msp.streamready.in/assets/LIVETV/LIVECHANNEL/LIVETV_LIVETVCHANNEL_NEWS18_ODIA/images/LOGO_HD/image.png,News,1920x1080,iptv-org-all.txt,315,200,成功,h264,1920x1080,25.0,有音频,16.167
PBS KMOS-TV (1080p) [Geo-blocked],https://hls-kmosdt.lls.cdn.pbs.org/hls/live/index.m3u8,,,,PBS.us@KMOSTV,,,,https://i.imgur.com/8c8isLj.png,Education,,iptv-org-all.txt,2527,200,成功,h264,,,有音频,1.907
News1,https://live-us1.thaimomo.com/live-as/chnews1-2/playlist.m3u8,,,,News1.th@SD,,,,,News,1024x576,iptv-org-all.txt,106,200,成功,h264,1024x576,25.0,有音频,1.025
Muzangala TV (1080p),https://5cf4a2c2512a2.streamlock.net/tvmuzangala/tvmuzangala/playlist.m3u8,,,,MuzangalaTV.ao@SD,,,,https://i.imgur.com/fBeaJoS.png,Music,1920x1080,iptv-org-all.txt,1323,200,成功,h264,1920x1080,,有音频,1.644
Nativa (720p),http://187.102.210.46/NATIVATV/index.m3u8,,,,Nativa.pe@SD,,,,https://i.imgur.com/Y9k9XSO.png,General,1280x720,iptv-org-all.txt,336,200,成功,h264,1280x720,30.0,有音频,1.775
NBC WMGT-TV (720p),https://townnews.g-mana.live/media/e6909128-cd42-4690-8340-4b8a49455666/main.m3u8,,,,NBC.us@WMGTTV,,,,https://i.imgur.com/nxY84W5.png,General,640x360,iptv-org-all.txt,771,200,成功,h264,640x360,29.97002997002997,有音频,2.742
Okhota i rybalka (576p),http://stream.mcquack.net/155/index.m3u8,,,,Okhotairybalka.ru@SD,,,,https://i.imgur.com/nZwBaeW.png,Outdoor,720x576,iptv-org-all.txt,177,200,成功,h264,720x576,25.0,有音频,1.836
Peace TV Urdu (1080p),https://dzkyvlfyge.erbvr.com/PeaceTvUrdu/index.m3u8,,,,PeaceTVUrdu.ae@SD,,,,https://github.com/fawazahmed0/tiger/raw/master/peace/urdu.jpg,Religious,1920x1080,iptv-org-all.txt,1057,200,成功,h264,1920x1080,25.0,有音频,9.585
PBR RidePass (720p),https://jmp2.uk/plu-60d39387706fe50007fda8e8.m3u8,,,,PBRRidePass.us@SD,,,,https://i.imgur.com/gUxH97E.png,Sports,1280x720,iptv-org-all.txt,2553,200,成功,h264,1280x720,30.0,有音频,2.012
News State UP & UK (1080p),https://jmp2.uk/stvp-IN3000846P,,,,NewsStateUPUK.in@SD,,,,https://xstreamcp-assets-msp.streamready.in/assets/LIVETV/LIVECHANNEL/LIVETV_LIVETVCHANNEL_NEWS_STATE_UP_UK/images/LOGO_HD/image.png,News,1920x1080,iptv-org-all.txt,2743,200,成功,h264,1920x1080,25.0,有音频,9.753
Nick Jr. (Russia) (576p),http://stream.mcquack.net/220/index.m3u8,,,,NickJr.ru@SD,,,,https://upload.wikimedia.org/wikipedia/commons/thumb/c/c5/Nick_Jr._logo_2023_(outline).svg/960px-Nick_Jr._logo_2023_(outline).svg.png,Kids,720x576,iptv-org-all.txt,170,200,成功,h264,720x576,25.0,有音频,1.691
Muscel TV (720p),https://cdn.streamnet.pro/musceltv/live/playlist.m3u8,,,,MuscelTV.ro@SD,,,,https://i.ibb.co/Bq9CHyn/Musceltv1.png,General,1280x720,iptv-org-all.txt,2075,200,成功,h264,1280x720,25.0,有音频,5.016
OAN Plus (1080p),https://oan-plus-tcl.amagi.tv/playlist.m3u8,,,,OANPlus.us@SD,,,,https://i.imgur.com/T9VhMAD.png,News,384x216,iptv-org-all.txt,1469,200,成功,h264,384x216,29.97002997002997,有音频,3.918
Nick Jr. (India) (576p),http://103.185.24.134:3001/NICK-JR/index.m3u8,,,,NickJr.in@SD,,,,https://xstreamcp-assets-msp.streamready.in/assets/LIVETV/LIVECHANNEL/LIVETV_LIVETVCHANNEL_NICK_JUNIOR/images/LOGO_HD/image.png,Kids,720x576,iptv-org-all.txt,496,200,成功,h264,720x576,25.0,有音频,2.780
ON Vie Drama (720p),http://dvrfl05.bozztv.com/vch_vchannel18/index.m3u8,,,,ONVieDrama.vn@SD,,,,https://i.ibb.co/VptvgFVx/IMG-2530.webp,Entertainment,1280x720,iptv-org-all.txt,737,200,成功,h264,1280x720,25.0,有音频,0.560
Omroep Brabant (1080p),https://d3slqp9xhts6qb.cloudfront.net/live/omroepbrabant/tv/index.m3u8,,,,OmroepBrabant.nl@SD,,,,https://i.imgur.com/KLYsKKC.png,General,320x180,iptv-org-all.txt,1392,200,成功,h264,320x180,25.0,有音频,3.254
MWD Documentary [Geo-blocked],http://203.81.84.130/hls/mwd_document/index.m3u8,,,,MWDDocumentary.mm@SD,,,,https://i.imgur.com/4XV7cjU.png,Documentary,1280x720,iptv-org-all.txt,511,200,成功,h264,1280x720,30.0,有音频,2.789
Persiana Nostalgia,https://noshls.persiana.live/hls/stream.m3u8,,,,PersianaNostalgia.fr@SD,,,,https://i.imgur.com/SWO9CKA.png,Classic;Music,1280x720,iptv-org-all.txt,1394,200,成功,h264,1280x720,25.0,有音频,2.271
Pervyy gorodskoy. Odessa (576p),http://91.194.79.46:8081/stream2/channel2/playlist.m3u8,,,,PervyygorodskoyOdessa.ua@SD,,,,https://i.imgur.com/8qdc6aO.png,General,720x576,iptv-org-all.txt,523,200,成功,h264,720x576,25.0,有音频,2.275
One America News Network (720p),http://23.237.104.106:8080/USA_OAN/index.m3u8,,,,OneAmericaNewsNetwork.us@SD,,,,https://upload.wikimedia.org/wikipedia/en/thumb/8/84/One_America_News_Network_logo.svg/960px-One_America_News_Network_logo.svg.png,News,1920x1080,iptv-org-all.txt,60,200,成功,h264,1920x1080,29.97002997002997,有音频,0.779
Pacific Island Network (1080p),https://cdn.vegasplus.us/vegas/mpin/playlist.m3u8,,,,PacificIslandNetwork.us@HD,,,,https://i.imgur.com/OtT1qYE.png,General,1280x720,iptv-org-all.txt,1335,200,成功,h264,1280x720,30.0,有音频,1.544
MTV Reality (Sweden) (720p),https://jmp2.uk/plu-685139b0f7d8b74b62f41c96.m3u8,,,,MTVReality.se@SE,,,,https://images.pluto.tv/channels/685137f4a1e091e16f2dd471/colorLogoPNG_1780301718240.png,General,1216x684,iptv-org-all.txt,2567,200,成功,h264,1216x684,30.0,有音频,1.400
Nueva Vida FM (720p),https://stream.nuevavidafm.net:3937/live/nuevavidalive.m3u8,,,,NuevaVidaFM.pr@SD,,,,https://i.ibb.co/3mbZWyN/nav-Bar-title-Image-iphone6plus.png,Music;Religious,1280x720,iptv-org-all.txt,1416,200,成功,h264,1280x720,,有音频,1.278
Nick Jr. (United States) East HD (1080p),https://sra72yz.s.gy/NICK_JR_HD.m3u8,,,,NickJr.us@EastHD,,,,https://i.imgur.com/KT4tdQs.png,Kids,1920x1080,iptv-org-all.txt,4091,200,成功,h264,1920x1080,59.94005994005994,有音频,2.098
MTV Flow Latino (720p),https://jmp2.uk/plu-5d3609cd6a6c78d7672f2a81.m3u8,,,,MTVFlowLatino.us@SD,,,,https://images.pluto.tv/channels/62b218fc511d4b00070ddc0c/colorLogoPNG.png,Music,1280x720,iptv-org-all.txt,318,200,成功,h264,1280x720,30.0,有音频,1.990
Peace TV Chinese (1080p),https://dzkyvlfyge.erbvr.com/PeaceTvChinese/index.m3u8,,,,PeaceTVChinese.ae@SD,,,,https://github.com/fawazahmed0/tiger/raw/master/peace/chinese.jpg,Religious,1920x1080,iptv-org-all.txt,1310,200,成功,h264,1920x1080,25.0,有音频,13.431
MTV Com o Ex,https://jmp2.uk/plu-61a528267e1b8b0007357920.m3u8,,,,MTVComoEx.us@BR,,,,https://images.pluto.tv/channels/61a528267e1b8b0007357920/colorLogoPNG.png,Series,1280x720,iptv-org-all.txt,662,200,成功,h264,1280x720,30.0,有音频,2.195
MTV Ridiculousness (Sweden) (720p),https://jmp2.uk/plu-62cda0dfddc1040008fccacc.m3u8,,,,MTVRidiculousness.se@SE,,,,https://images.pluto.tv/channels/62cd9641393d8400076f34db/colorLogoPNG_1762770639864.png,Entertainment,1280x720,iptv-org-all.txt,2560,200,成功,h264,1280x720,30.0,有音频,3.260
Onda Novara TV (720p) [Not 24/7],https://585b674743bbb.streamlock.net/9006/9006/master.m3u8,,,,OndaNovaraTV.it@SD,,,,https://i.imgur.com/DTxhOhT.png,General,1280x720,iptv-org-all.txt,1802,200,成功,h264,1280x720,25.0,有音频,3.280
One Piece FR,https://jmp2.uk/plu-6380c94947c72b0007ee9a13.m3u8,,,,OnePiece.us@FR,,,,https://i.imgur.com/XsvbAWR.png,Animation,1216x684,iptv-org-all.txt,408,200,成功,h264,1216x684,30.0,有音频,2.077
MTV Pluto TV,https://jmp2.uk/plu-5ca672f515a62078d2ec0ad2.m3u8,,,,MTVPlutoTV.us@US,,,,https://images.pluto.tv/channels/5f1212fb81e85c00077ae9ef/colorLogoPNG_1759263027326.png,Entertainment,1280x720,iptv-org-all.txt,2611,200,成功,h264,1280x720,30.0,有音频,1.624
N Sports (1080p),https://ogc-nsprt-tcl-roku-syndication.otteravision.com/ogc/nsprt/nsprt.m3u8,,,,NSports.br@SD,,,,https://i.imgur.com/7QnJojr.png,Sports,640x360,iptv-org-all.txt,694,200,成功,h264,640x360,30.0,有音频,2.577
Nick Jr. Pluto TV CA,https://jmp2.uk/plu-62bdb75c3afd1200079146a6.m3u8,,,,NickJrPlutoTV.us@CA,,,,https://images.pluto.tv/channels/62bdb75c3afd1200079146a6/colorLogoPNG.png,Kids,1280x720,iptv-org-all.txt,661,200,成功,h264,1280x720,30.0,有音频,2.286
Noticias 16 (720p) [Not 24/7],https://edge.essastream.com/noticias16/playlist.m3u8,,,,Noticias16.do@SD,,,,,News,1920x1080,iptv-org-all.txt,1057,200,成功,h264,1920x1080,30.0,有音频,1.184
MY5 (576p),https://stream8.cinerama.uz/1217/tracks-v1a1/playlist.m3u8,,,,MY5.uz@SD,,,,https://i.imgur.com/bjlzu5k.png,Entertainment,1024x576,iptv-org-all.txt,232,200,成功,h264,1024x576,25.0,有音频,3.390
Omroep Brabant Radio (1080p),https://d3slqp9xhts6qb.cloudfront.net/live/omroepbrabant/visualradio/index.m3u8,,,,OmroepBrabantRadio.nl@SD,,,,,General,320x180,iptv-org-all.txt,1347,200,成功,h264,320x180,25.0,有音频,3.885
NewsWorld (1080p),https://amg01076-lightning-amg01076c5-rakuten-us-1788.playouts.now.amagi.tv/playlist/amg01076-lightning-newsworld-rakutenus/playlist.m3u8,,,,NewsWorld.hk@FAST,,,,https://provider-static.plex.tv/epg/cms/production/2e3bf0d9-3ca6-4f65-b1d4-f180ef725d96/NewsWorld_logo_dark_-_Angela_Chan.png,News,426x240,iptv-org-all.txt,1350,200,成功,h264,426x240,25.0,有音频,7.168
Nea TV (720p),https://live.neatv.gr:8888/hls/neatv.m3u8,,,,NeaTV.gr@SD,,,,https://i.imgur.com/nvNW8G7.png,General,,iptv-org-all.txt,1427,200,成功,h264,,,有音频,10.585
Palestine Edu (1080p),https://pbc.furrera.ps/PalestineEDU/index.m3u8,,,,PalestineEdu.ps@SD,,,,https://i.imgur.com/AwVHXyC.png,Education,1920x1080,iptv-org-all.txt,4278,200,成功,h264,1920x1080,25.0,有音频,11.413
Nickelodeon Pluto TV (720p),https://jmp2.uk/plu-5ca673e0d0bd6c2689c94ce3.m3u8,,,,NickelodeonPlutoTV.us@SD,,,,https://images.pluto.tv/channels/5ca673e0d0bd6c2689c94ce3/colorLogoPNG.png,Animation;Kids,1280x720,iptv-org-all.txt,674,200,成功,h264,1280x720,30.0,有音频,1.327
Omid e Iran TV,https://oitnhls.wns.live/hls/stream.m3u8,,,,OmideIranTV.us@SD,,,,https://i.imgur.com/CeMf68L.png,Entertainment,720x576,iptv-org-all.txt,1523,200,成功,h264,720x576,25.0,有音频,2.397
MTA8 America (1080p),https://chlivemta.akamaized.net/hls/live/2016718/mta8/playlist.m3u8,,,,MTA8America.uk@SD,,,,https://i.imgur.com/CF6X9wB.png,Religious,1920x1080,iptv-org-all.txt,2062,200,成功,hevc,1920x1080,50.0,有音频,12.073
One Piece LatAm,https://jmp2.uk/plu-5ff4b9ccf938f8000779eb99.m3u8,,,,OnePiece.us@LatAm,,,,https://i.imgur.com/XsvbAWR.png,Animation,1280x720,iptv-org-all.txt,195,200,成功,h264,1280x720,30.0,有音频,1.898
Petlovers TV,https://video04.logicahost.com.br/petloverstv/petloverstv/playlist.m3u8,,,,PetloversTV.br@SD,,,,https://petloverstv.com.br/storage/357/config/yqP4nOugWRxRFCmgLqXF4gRKyM9ybsAOfHgUaqPt.png,Entertainment,1454x1080,iptv-org-all.txt,1787,200,成功,h264,1454x1080,23.976023976023978,有音频,5.720
MTV Flow Latino LatAm (720p),https://jmp2.uk/plu-62b218fc511d4b00070ddc0c.m3u8,,,,MTVFlowLatino.us@LatAm,,,,https://images.pluto.tv/channels/62b218fc511d4b00070ddc0c/colorLogoPNG.png,Music,1280x720,iptv-org-all.txt,124,200,成功,h264,1280x720,30.0,有音频,1.516
Paravision,http://45.170.130.224:8000/play/a032/index.m3u8?hls,,,,Paravision.py@SD,,,,https://i.imgur.com/yd9Dw2G.png,General,720x480,iptv-org-all.txt,346,200,成功,mpeg2video,720x480,29.97002997002997,有音频,1.591
Palmar TV [Not 24/7],https://streamunoapp.com:3255/live/palmartvlive.m3u8,,,,PalmarTV.do@SD,,,,https://www.vivalivetv.com/public/files/shows/0/1/3328-294x165-FFFFFF.jpg,General,1280x720,iptv-org-all.txt,1593,200,成功,h264,1280x720,29.97002997002997,有音频,2.990
Perry Mason,https://jmp2.uk/plu-6197086891ddd4000739941a.m3u8,,,,PerryMason.us@SD,,,,https://images.pluto.tv/channels/63e20bd160bc8f0008b4c949/colorLogoPNG.png,Series,1024x576,iptv-org-all.txt,140,200,成功,h264,1024x576,30.0,有音频,2.336
NicoyaTV (720p) [Not 24/7],https://59ef525c24caa.streamlock.net/nicoyatv/nicoyatv/playlist.m3u8,,,,NicoyaTV.cr@SD,,,,https://i.imgur.com/Lj2jRn3.png,General,1280x720,iptv-org-all.txt,1165,200,成功,h264,1280x720,29.97002997002997,有音频,4.407
MultiPremier (1080p),http://168.196.127.137:6001/play/a08n/index.m3u8,,,,MultiPremier.mx@SD,,,,https://i.imgur.com/H3PzGZW.png,Movies,544x480,iptv-org-all.txt,141,200,成功,h264,544x480,29.97002997002997,有音频,0.749
NCIS: Det bedste med Gibbs,https://jmp2.uk/plu-6901d952ec12c3c759fdc7cd.m3u8,,,,NCISDetbedstemedGibbs.se@DK,,,,https://images.pluto.tv/channels/6901d952ec12c3c759fdc7cd/colorLogoPNG_1763121346503.png,Series,1216x684,iptv-org-all.txt,97,200,成功,h264,1216x684,30.0,有音频,2.844
O Encantador de Caes,https://jmp2.uk/plu-61099df8cee03b00074b2ecf.m3u8,,,,OEncantadordeCaes.us@Brazil,,,,https://i.imgur.com/sQn6vvh.png,Education,1280x720,iptv-org-all.txt,635,200,成功,h264,1280x720,30.0,有音频,2.171
OOG TV (720p),https://d1xcc1603wntzx.cloudfront.net/nlpo/clr-nlpo/oogtv/index.m3u8,,,,OOGTV.nl@SD,,,,https://i.imgur.com/WzxY0PL.png,General,1280x720,iptv-org-all.txt,1374,200,成功,h264,1280x720,25.0,有音频,6.089
MTV Biggest Pop (1080p),https://jmp2.uk/plu-5d14fd1a252d35decbc4080c.m3u8,,,,MTVBiggestPop.us@US,,,,https://images.pluto.tv/channels/6047fbdbbb776a0007e7f2ff/colorLogoPNG.png,Music,1280x720,iptv-org-all.txt,293,200,成功,h264,1280x720,30.0,有音频,3.113
Payam Javan TV (720p) [Not 24/7],https://uni01rtmp.tulix.tv/kensecure/pjtv.stream/playlist.m3u8,,,,PayamJavanTV.us@SD,,,,https://i.imgur.com/GYfsHh9.png,Education,1280x720,iptv-org-all.txt,860,200,成功,h264,1280x720,,有音频,1.985
Paradise DK,https://jmp2.uk/plu-629e095e511d4b00070c9f44.m3u8,,,,Paradise.se@DK,,,,https://images.pluto.tv/channels/629e095e511d4b00070c9f44/colorLogoPNG.png,Entertainment,1280x720,iptv-org-all.txt,891,200,成功,h264,1280x720,30.0,有音频,2.529
ntv (720p),https://protokolldns.xyz/ntv.l.i.v.e5547892023/index.m3u8,,,,ntv.al@SD,,,,https://i.imgur.com/gtZLzxq.png,News,1280x720,iptv-org-all.txt,1040,200,成功,h264,1280x720,25.0,有音频,3.160
Nitida TV (720p) [Not 24/7],https://vs20.live.opencaster.com/bznudxxdtppv/index.m3u8,,,,NitidaTV.do@SD,,,,https://i.imgur.com/z9JkxcM.png,Entertainment,1280x720,iptv-org-all.txt,459,200,成功,h264,1280x720,29.97002997002997,有音频,1.581
MTV Dating (United States) CA,https://jmp2.uk/plu-64f8a0c230ab3300084369b8.m3u8,,,,MTVDating.us@CA,,,,https://images.pluto.tv/channels/6851bb3426beced4f2f67ee6/colorLogoPNG_1750686926779.png,Series,1216x684,iptv-org-all.txt,97,200,成功,h264,1216x684,30.0,有音频,2.666
Nina TV (720p),https://tv1.ninatv.cl/hls/stream.m3u8,,,,NinaTV.cl@SD,,,,https://cdn.m3u.cl/logo/1552_Nina_TV.png,General,1920x1080,iptv-org-all.txt,978,200,成功,h264,1920x1080,30.0,有音频,3.903
NBC KRIS-TV (1080p),https://content.uplynk.com/channel/e72660594b7a4182982af1690609683d.m3u8,,,,NBC.us@KRISTV,,,,https://i.imgur.com/nxY84W5.png,General,960x540,iptv-org-all.txt,55,200,成功,h264,960x540,29.97002997002997,有音频,5.865
PBO (1080p),http://190.93.224.42/PBO/index.m3u8,,,,PBO.pe@SD,,,,https://i.imgur.com/vBpxX4S.png,News,1280x720,iptv-org-all.txt,312,200,成功,h264,1280x720,59.94005994005994,有音频,1.525
MTR (1080p),https://cdnsk003.panaccess.com/local/Ruzomberok/index.m3u8,,,,MTR.sk@SD,,,,https://www.mtr.sk/img/logo-mtr-0.png,General,1920x1080,iptv-org-all.txt,1605,200,成功,h264,1920x1080,25.0,有音频,3.589
Paramount+ Picks,https://jmp2.uk/plu-5ff8c708653d080007361b14.m3u8,,,,ParamountPlusPicks.us@SD,,,,https://images.pluto.tv/channels/5ff8c708653d080007361b14/featuredImage.jpg,Movies,1216x684,iptv-org-all.txt,663,200,成功,h264,1216x684,30.0,有音频,1.920
NOW TV (720p),https://uycyyuuzyh.turknet.ercdn.net/nphindgytw/nowtv/nowtv.m3u8,,,,NOWTV.tr@SD,,,,https://i.imgur.com/5EYjWK7.png,Entertainment,640x360,iptv-org-all.txt,2641,200,成功,h264,640x360,25.0,有音频,11.027
Onda TV (Italy) (568p),https://5926fc9c7c5b2.streamlock.net/9040/9040/chunklist_w1373908906.m3u8,,,,OndaTV.it@SD,,,,https://upload.wikimedia.org/wikipedia/it/thumb/9/99/Ondatv.jpg/512px-Ondatv.jpg,General,940x560,iptv-org-all.txt,1766,200,成功,h264,940x560,50.0,有音频,2.305
NDTV Good Times (1080p),https://amg01448-samsungin-ndtvgoodtimes-samsungin-ad-gp.amagi.tv/playlist/amg01448-samsungin-ndtvgoodtimes-samsungin/playlist.m3u8,,,,NDTVGoodTimes.in@SD,,,,https://xstreamcp-assets-msp.streamready.in/assets/LIVETV/LIVECHANNEL/LIVETV_LIVETVCHANNEL_GOOD_TIMES/images/LOGO_HD/image.png,Lifestyle,1920x1080,iptv-org-all.txt,1191,200,成功,h264,1920x1080,25.0,有音频,7.052
Paradise Hotel NO,https://jmp2.uk/plu-61c1db901346480007b7c345.m3u8,,,,ParadiseHotel.se@NO,,,,https://images.pluto.tv/channels/61c19af83fae0a00078c8918/colorLogoPNG.png,Entertainment,1216x684,iptv-org-all.txt,411,200,成功,h264,1216x684,30.0,有音频,2.362
Nexus TV (576p),https://tvsen6.aynaott.com/Epm7WrFa/index.m3u8,,,,NexusTV.bd@SD,,,,https://i.imgur.com/XcJZKg4.png,General,1280x720,iptv-org-all.txt,1627,200,成功,h264,1280x720,25.0,有音频,4.834
NDR Fernsehen (720p),https://mcdn.ndr.de/ndr/hls/ndr_fs/ndr_hh/master.m3u8,,,,NDRFernsehen.de@Hamburg,,,,https://upload.wikimedia.org/wikipedia/commons/thumb/e/e9/Logo_NDR_Fernsehen_2017.svg/960px-Logo_NDR_Fernsehen_2017.svg.png,General,480x270,iptv-org-all.txt,1869,200,成功,h264,480x270,50.0,有音频,14.595
Payame Aramesh TV (720p),https://hls.keshishhamid.live/hls/stream.m3u8,,,,PayameArameshTV.us@SD,,,,https://i.imgur.com/WaPr0t0.png,Religious,1280x720,iptv-org-all.txt,243,200,成功,h264,1280x720,25.0,有音频,1.181
NatureTime LATAM (684p),https://jmp2.uk/plu-681ba2729624e6275efe0044.m3u8,,,,NatureTime.ca@LATAM,,,,https://i.imgur.com/72JmyjM.png,Documentary,1216x684,iptv-org-all.txt,870,200,成功,h264,1216x684,30.0,有音频,1.478
Nar-TV (360p),https://streaming.nartv.fi/live/ngrp:NAR_TV.stream_all/playlist.m3u8,,,,NarTV.fi@SD,,,,https://i.imgur.com/Ht5yePq.png,General,284x160,iptv-org-all.txt,1911,200,成功,h264,284x160,25.0,有音频,8.148
News18 Punjab/Haryana/Himachal (1080p),https://n18syndication.akamaized.net/bpk-tv/News18_Punjab_Haryana_HP_NW18_MOB/output01/master.m3u8,,,,News18PunjabHaryanaHimachal.in@SD,,,,https://xstreamcp-assets-msp.streamready.in/assets/LIVETV/LIVECHANNEL/LIVETV_LIVETVCHANNEL_NEWS18_PUNJAB_HARYANA/images/LOGO_HD/image.png,News,1920x1080,iptv-org-all.txt,280,200,成功,h264,1920x1080,25.0,有音频,16.003
National Geographic Latin America (1080p),http://15.204.246.24:8080/NatGeoHD/index.m3u8,,,,NationalGeographicLatinAmerica.us@Panregional,,,,https://upload.wikimedia.org/wikipedia/commons/thumb/f/fc/Natgeologo.svg/960px-Natgeologo.svg.png,Documentary,1920x1080,iptv-org-all.txt,49,200,成功,h264,1920x1080,59.94005994005994,有音频,0.992
NK TV 24x7 (1080p),https://nktv.smartstream.video/smartstream-us/nktvplus/nktvplus/chunks.m3u8,,,,NKTV24x7.in@SD,,,,https://www.nktv.in/wp-content/uploads/2023/01/NEW-LOGO-NEW.png,News,1920x1080,iptv-org-all.txt,2606,200,成功,h264,1920x1080,25.0,有音频,4.109
OXIR TV,https://hls.oxir.live/hls/stream.m3u8,,,,OXIRTV.ir@SD,,,,https://i.imgur.com/MGMhUDx.png,Entertainment,1280x720,iptv-org-all.txt,1358,200,成功,h264,1280x720,25.0,有音频,2.457
OEPM TV (720p),https://cnn.hostlagarto.com/oepmtelevision/tracks-v1a1/mono.m3u8,,,,OEPMTV.do@SD,,,,https://i.imgur.com/QghtwMB.jpeg,Travel,1280x720,iptv-org-all.txt,34,200,成功,h264,1280x720,29.97002997002997,有音频,1.024
MTV Originals,https://jmp2.uk/plu-5f1aadf373bed3000794d1d7.m3u8,,,,MTVOriginals.de@ES,,,,https://images.pluto.tv/channels/5f1aadf373bed3000794d1d7/colorLogoPNG.png,Entertainment,1216x684,iptv-org-all.txt,770,200,成功,h264,1216x684,30.0,有音频,2.121
NonStop Kung Fu NO,https://jmp2.uk/plu-6728d30cdaad7f000881d979.m3u8,,,,NonStopKungFu.se@NO,,,,https://images.pluto.tv/channels/6728d2be529ac9000830dc15/colorLogoPNG_1732110461260.png,Movies,1280x720,iptv-org-all.txt,917,200,成功,h264,1280x720,30.0,有音频,1.793
MWD Movies [Not 24/7],http://203.81.84.130/hls/mwd_movie/index.m3u8,,,,MWDMovies.mm@SD,,,,https://i.imgur.com/5KRsqeF.png,Movies,1280x720,iptv-org-all.txt,500,200,成功,h264,1280x720,30.0,有音频,2.631
News 11 (576p),https://mumt07.tangotv.in/zHjX9OFlNEWS11BHARAT/index.m3u8,,,,News11.in@SD,,,,https://jiotvimages.cdn.jio.com/dare_images/images/News11.png,General,448x360,iptv-org-all.txt,1351,200,成功,h264,448x360,25.0,有音频,9.346
Nick Jr. (Italy) (720p),http://102.129.186.182:81/nick/index.m3u8,,,,NickJr.it@SD,,,,https://i.imgur.com/6p3eFgf.png,Kids,,iptv-org-all.txt,329,200,成功,h264,,,有音频,7.001
Payvand TV (Iran) (720p) [Not 24/7],https://uni6rtmp.tulix.tv/ucur1/Payvand/playlist.m3u8,,,,PayvandTV.ir@SD,,,,https://i.imgur.com/o2Ww77N.png,Religious,1280x720,iptv-org-all.txt,497,200,成功,h264,1280x720,59.94005994005994,有音频,1.451
National 24 Plus,https://hls01ns.antenaplay.ro/hls/n24-plus-sd/index.m3u8,,,,National24Plus.ro@SD,,,,https://i.imgur.com/VxBdga3.png,General,720x576,iptv-org-all.txt,1546,200,成功,h264,720x576,25.0,有音频,3.183
MTV Ex On The Beach NO,https://jmp2.uk/plu-61c1d66518447e000717e4c2.m3u8,,,,MTVExOnTheBeach.se@NO,,,,https://images.pluto.tv/channels/61c0909b872c650008ed42e4/colorLogoPNG.png,Entertainment,1280x720,iptv-org-all.txt,652,200,成功,h264,1280x720,30.0,有音频,2.932
MTV Con Mi Ex,https://jmp2.uk/plu-638693db857364000781b471.m3u8,,,,MTVConMiEx.us@LatAm,,,,https://images.pluto.tv/channels/638693db857364000781b471/colorLogoPNG.png,Entertainment,1280x720,iptv-org-all.txt,665,200,成功,h264,1280x720,30.0,有音频,1.912
O'zbekiston 24 (1080p),https://stream8.cinerama.uz/1011/tracks-v1a1/playlist.m3u8,,,,Ozbekiston24.uz@SD,,,,https://i.imgur.com/VRFhKbw.png,News,1920x1080,iptv-org-all.txt,214,200,成功,h264,1920x1080,25.0,有音频,4.842
Onda Cadiz (720p),https://ondacadiztv.es:30443/octv/24h/playlist.m3u8,,,,OndaCadiz.es@SD,,,,https://i.imgur.com/sOBMnby.png,General,1920x1080,iptv-org-all.txt,2218,200,成功,h264,1920x1080,50.0,有音频,3.688
Omroep Lingewaard (720p),https://highvolume02.streampartner.nl/omroeplingewaard_1/omroeplingewaard_1/playlist.m3u8,,,,OmroepLingewaard.nl@SD,,,,https://i.imgur.com/FqyTFVN.png,General,1280x720,iptv-org-all.txt,1851,200,成功,h264,1280x720,50.0,有音频,2.990
Nueve TV (720p),https://5ca9af4645e15.streamlock.net/nuevetv/videonuevetv/.m3u8,,,,NueveTV.mx@SD,,,,https://i.imgur.com/3fzB7zY.png,General,1920x1080,iptv-org-all.txt,1349,200,成功,h264,1920x1080,30.0,有音频,1.247
Numb3rs NO,https://jmp2.uk/plu-63dbe78051f5d000083e9249.m3u8,,,,Numb3rs.se@NO,,,,https://images.pluto.tv/channels/642e94c1af2bd90008852697/colorLogoPNG_1756716763207.png,Series,1216x684,iptv-org-all.txt,625,200,成功,h264,1216x684,30.0,有音频,4.300
Muzyka Live (576p),http://stream.mcquack.net/303/index.m3u8,,,,MuzykaLive.ru@SD,,,,https://i.imgur.com/RH6hTWG.png,Music,720x576,iptv-org-all.txt,178,200,成功,h264,720x576,25.0,有音频,1.869
NBC WGBA-TV (720p),https://aegis-cloudfront-1.tubi.video/b32c0573-4add-4b47-b826-24412d952164/playlist.m3u8,,,,NBC.us@WGBATV,,,,https://i.imgur.com/nxY84W5.png,General,426x240,iptv-org-all.txt,92,200,成功,h264,426x240,29.97002997002997,有音频,6.430
My TV Channel (720p) [Not 24/7],http://connectiktv.ddns.net:5000/mytvchannel/@mytvchannel/playlist.m3u8,,,,MyTVChannel.cm@SD,,,,https://i.imgur.com/vh2373L.png,Undefined,1280x720,iptv-org-all.txt,1273,200,成功,h264,1280x720,25.0,有音频,1.927
Ninh Thuan TV (1080p),https://cdnbaokhanhhoa.com/live/90405a889081.m3u8?vhost=video,,,,NinhThuanTV.vn@SD,,,,https://i.imgur.com/HIyUzLM.png,General,1920x1080,iptv-org-all.txt,853,200,成功,h264,1920x1080,30.0,有音频,1.954
Navarrete Television (1080p) [Not 24/7],https://cnn.hostlagarto.com/ntvnavarrete/index.m3u8,,,,NavarreteTelevision.do@HD,,,,https://dominicanchannels.com/wp-content/uploads/navarrete.png,General,960x540,iptv-org-all.txt,39,200,成功,h264,960x540,50.0,有音频,1.295
Mystery Science Theater 3000 (1080p),https://d1c73nj8qxp55a.cloudfront.net/Mystery_Science_Theater_3000.m3u8,,,,MysteryScienceTheater3000.us@SD,,,,https://i.imgur.com/8KWjY4o.png,Comedy,1920x1080,iptv-org-all.txt,859,200,成功,h264,1920x1080,29.97002997002997,有音频,5.274
Omega Channel (576i),https://l1.cloudskep.com/omegatv/omcy/playlist.m3u8,,,,OmegaChannel.cy@SD,,,,https://i.ibb.co/QrSzNn6/31087.png,General,512x288,iptv-org-all.txt,1579,200,成功,h264,512x288,25.0,有音频,3.569
NEW K-POP (1080p),https://ads.its-newid.net/api/manifest.m3u8?ads.service_id=GB17000088V&channel_id=newid_086&tp=samsung_tvplus,,,,NEWKPOP.us@SD,,,,https://i.imgur.com/B7ILXMc.png,Music,960x540,iptv-org-all.txt,3496,200,成功,h264,960x540,30.0,有音频,7.784
Okko Prajm Sport (1080p),http://stream.mcquack.net/493/index.m3u8,,,,OkkoPrajmSport.ru@SD,,,,https://i.imgur.com/kQq5DMU.png,Sports,1920x1080,iptv-org-all.txt,538,200,成功,h264,1920x1080,50.0,有音频,1.924
Nour TV,https://cdn.bestream.io:19360/elfaro4/elfaro4.m3u8,,,,NourTV.ae@SD,,,,https://upload.wikimedia.org/wikipedia/en/8/8c/Nourtv_logo.jpg,Religious,1920x1080,iptv-org-all.txt,1347,200,成功,h264,1920x1080,25.0,有音频,2.911
Nativa TV Satipo (720p),https://live-evg7.tv360.bitel.com.pe/bitel/nativachanchamayoSRT/playlist.m3u8,,,,NativaTVSatipo.pe@SD,,,,https://i.imgur.com/ScCAgGB.png,General,1920x1080,iptv-org-all.txt,150,200,成功,h264,1920x1080,30.0,有音频,2.869
Palitra News (480p) [Not 24/7],https://live.palitranews.ge/hls/palitratv/index.m3u8,,,,PalitraNews.ge@SD,,,,https://i.imgur.com/BW95PMF.png,News,854x480,iptv-org-all.txt,1939,200,成功,h264,854x480,29.97002997002997,有音频,4.173
MTV Lebanon (1080p),https://shd-gcp-live.edgenextcdn.net/live/bitmovin-mtv-lebanon/b8ebb2a5affb812f1541712adde10e26/index.m3u8,,,,MTVLebanon.lb@SD,,,,https://upload.wikimedia.org/wikipedia/commons/7/75/Murr_tv.png,General,1280x720,iptv-org-all.txt,1070,200,成功,h264,1280x720,25.0,有音频,6.206
National Geographic (United States) (720p),http://212.5.144.156:8080/natgeo/index.m3u8,,,,NationalGeographic.us@East,,,,https://upload.wikimedia.org/wikipedia/commons/thumb/f/fc/Natgeologo.svg/960px-Natgeologo.svg.png,Documentary,1280x720,iptv-org-all.txt,313,200,成功,hevc,1280x720,25.0,有音频,1.513
Obshchestvennoe Nezavisimoe Televidenie (576p),http://85.238.112.40:8810/hls_sec/239.33.75.33-.m3u8,,,,ObshchestvennoeNezavisimoeTelevidenie.ua@SD,,,,https://i.imgur.com/jFP50g2.png,News,720x576,iptv-org-all.txt,355,200,成功,h264,720x576,25.0,有音频,1.577
Outdoor America (1080p),https://d1e354daam8g5r.cloudfront.net/playlist.m3u8,,,,OutdoorAmerica.us@SD,,,,https://i.imgur.com/UKfimFD.png,Outdoor,384x216,iptv-org-all.txt,1315,200,成功,h264,384x216,29.97002997002997,有音频,4.131
MWD Variety (720p) [Not 24/7],http://203.81.84.130/hls/mwd_variety/index.m3u8,,,,MWDVariety.mm@SD,,,,https://i.imgur.com/wb3Ku8X.png,Entertainment,1280x720,iptv-org-all.txt,502,200,成功,h264,1280x720,,有音频,2.825
Ontario Public Access Channel (360p),https://cdn3.wowza.com/5/dk84U1p2UUdoMGxT/ontarioca/G2446_002/playlist.m3u8,,,,OntarioPublicAccessChannel.us@SD,,,,https://i.imgur.com/jg0cFDd.png,General,640x360,iptv-org-all.txt,274,200,成功,h264,640x360,25.0,有音频,0.891
Nashe muzhskoe HD (1080p),http://stream.mcquack.net/362/index.m3u8,,,,Nashemuzhskoe.ru@HD,,,,https://i.imgur.com/QRWKpmb.png,Movies,1920x1080,iptv-org-all.txt,171,200,成功,h264,1920x1080,25.0,有音频,1.831
Paci Contemporary Channel (720p),https://5f22d76e220e1.streamlock.net/pacicontemporarychannel/pacicontemporarychannel/playlist.m3u8,,,,PaciContemporaryChannel.it@SD,,,,https://i.imgur.com/RtOvD2M.png,Culture,1280x720,iptv-org-all.txt,1585,200,成功,h264,1280x720,25.0,有音频,3.395
Nickelodeon Teen (720p),https://jmp2.uk/plu-60f5fabf0721880007cd50e3.m3u8,,,,NickelodeonTeen.us@BR,,,,https://images.pluto.tv/channels/60f5fabf0721880007cd50e3/colorLogoPNG_1767888207915.png,Kids,1280x720,iptv-org-all.txt,671,200,成功,h264,1280x720,30.0,有音频,2.037
Nidae AlIslam Radio (1080p),https://live.kwikmotion.com/sbrksanedaradiolive/srpksanedaradio/playlist.m3u8,,,,NidaeAlIslamRadio.sa@SD,,,,https://aloula.faulio.com/storage/mediagallery/0f/c5/fullhd_5da380cdfc304fd7d4672a83aeb6c62bc1d3d3e8.png,Music,1920x1080,iptv-org-all.txt,1072,200,成功,h264,1920x1080,30.0,有音频,2.094
Okko Sport (1080p),http://stream.mcquack.net/492/index.m3u8,,,,OkkoSport.ru@SD,,,,https://i.imgur.com/SYOaOQc.png,Sports,1920x1080,iptv-org-all.txt,557,200,成功,h264,1920x1080,50.0,有音频,2.262
NTM (720p) [Not 24/7],https://live-ntm13.cdnvideo.ru/ntm13/smil:ntm13.smil/playlist.m3u8,,,,NTM.ru@SD,,,,https://i.imgur.com/AH50pGT.png,General,426x240,iptv-org-all.txt,1999,200,成功,h264,426x240,25.0,有音频,5.366
NBC KNTV (1080p),https://d368vp0qqzvkid.cloudfront.net/11603/88889711/hls/master.m3u8?ads.xumo_channelId=88889711a&ads.xumo_ifaType=&ads.xumo_providerId=3822&ads.xumo_providerName=NBCNBA,,,,NBC.us@KNTV,,,,https://i.imgur.com/nxY84W5.png,General,426x240,iptv-org-all.txt,267,200,成功,h264,426x240,30.0,有音频,5.025
Next HD (480p),https://live.enhdtv.com:19360/nexthd/nexthd.m3u8,,,,NextHD.py@SD,,,,https://i.imgur.com/c2rF3SS.png,Movies;Music,1920x1080,iptv-org-all.txt,2043,200,成功,h264,1920x1080,30.0,有音频,1.340
Ninja Kidz TV (720p),https://d3868b4ny0rgdf.cloudfront.net/playlist.m3u8,,,,NinjaKidzTV.us@SD,,,,https://i.imgur.com/7EngqUi.png,Kids,1280x720,iptv-org-all.txt,763,200,成功,h264,1280x720,29.97002997002997,有音频,3.067
NAT TV (1080p),https://livefta.malimarcdn.com/ftaedge00/nat.sdp/playlist.m3u8,,,,NATTV.us@SD,,,,https://i.imgur.com/a7tNaD5.png,General,1920x1080,iptv-org-all.txt,979,200,成功,h264,1920x1080,,有音频,0.855
Okko Futbol (1080p),http://stream.mcquack.net/491/index.m3u8,,,,OkkoFutbol.ru@SD,,,,https://xml-epgservice.cdnvideo.ru/EPGService/hs/xmldata/852f4b92-cae5-463e-aad6-cd8844c5a49/logo/8986.png,Sports,1920x1080,iptv-org-all.txt,561,200,成功,h264,1920x1080,50.0,有音频,2.024
NTV (Maldives),https://sunplay-cdn.bitratelabs.com/live/local-channel/ntv-e3d4300b49c8c901e9339174215d7580/index.m3u8,,,,NTV.mv@SD,,,,https://i.imgur.com/jnXpcwV.png,General,1920x1080,iptv-org-all.txt,688,200,成功,h264,1920x1080,50.0,有音频,1.219
Perviy Informationniy HD (1080p),https://ngtrk.dc.beltelecom.by/ngtrk/smil:informacionnyy.smil/playlist.m3u8,,,,PerviyInformationniy.by@HD,,,,https://i.imgur.com/eIiXRAI.png,News,640x360,iptv-org-all.txt,2706,200,成功,h264,640x360,25.0,有音频,11.715
NTV (Bangladesh) (720p),https://tvsen5.aynaott.com/xV4jEKf3D9zc/index.m3u8,,,,NTV.bd@SD,,,,https://i.imgur.com/l75bDTx.png,General,1280x720,iptv-org-all.txt,1205,200,成功,h264,1280x720,25.0,有音频,4.388
Perry Mason CA,https://jmp2.uk/plu-63e20bd160bc8f0008b4c949.m3u8,,,,PerryMason.us@CA,,,,https://images.pluto.tv/channels/63e20bd160bc8f0008b4c949/colorLogoPNG.png,Series,1216x684,iptv-org-all.txt,143,200,成功,h264,1216x684,30.0,有音频,3.402
PBS KQED (1080p),https://kqeddt2.lls.pbs.org/kqeddt2-hls.m3u8,,,,PBS.us@KQED,,,,https://i.imgur.com/8c8isLj.png,Education,416x234,iptv-org-all.txt,2093,200,成功,h264,416x234,29.97002997002997,有音频,2.726
NBC WTMJ-TV (720p),https://aegis-cloudfront-1.tubi.video/d4d923f2-17de-4371-b86d-43490499bcdb/playlist.m3u8,,,,NBC.us@WTMJTV,,,,https://i.imgur.com/nxY84W5.png,General,426x240,iptv-org-all.txt,549,200,成功,h264,426x240,29.97002997002997,有音频,4.846
O Dia TV,https://6836041ea1117.streamlock.net/tvodia/tvodia/playlist.m3u8,,,,ODiaTV.br@SD,,,,https://i.imgur.com/1LUbAVP.png,General,800x450,iptv-org-all.txt,898,200,成功,h264,800x450,29.97002997002997,有音频,1.289
Nevis Television,https://media.slactech.com:1936/NTvDirect/ngrp:NTvDirect_all/playlist.m3u8,,,,NevisTelevision.kn@SD,,,,https://i.imgur.com/u76GqAi.png,General,640x360,iptv-org-all.txt,1744,200,成功,h264,640x360,30.0,有音频,2.519
Netmax TV (720p),https://es1.crystalweb.net:1936/netmaxtv/netmaxtv/playlist.m3u8,,,,NetmaxTV.gr@SD,,,,https://i.imgur.com/dLvRD4k.png,Entertainment,1280x720,iptv-org-all.txt,1855,200,成功,h264,1280x720,23.976023976023978,有音频,4.093
Peques TV (720p),https://live-evg7.tv360.bitel.com.pe/bitel/pequestv/playlist.m3u8,,,,PequesTV.pe@SD,,,,https://img-evg3.tv360.bitel.com.pe/peru-image/2026/01/06/04/1767647409377/6123aa5e7fc7.png,Kids,1920x1080,iptv-org-all.txt,2490,200,成功,h264,1920x1080,30.0,有音频,1.655
MTV Dating (United States) LatAm (720p),https://jmp2.uk/plu-6851b909954170e0128bc71d.m3u8,,,,MTVDating.us@LatAm,,,,https://images.pluto.tv/channels/6851bb3426beced4f2f67ee6/colorLogoPNG_1750686926779.png,Series,1216x684,iptv-org-all.txt,120,200,成功,h264,1216x684,30.0,有音频,1.437
MTV Teen Mom (Sweden) DK (720p),https://jmp2.uk/plu-61c092157e1b8b0007372a35.m3u8,,,,MTVTeenMom.se@DK,,,,https://images.pluto.tv/channels/61c092157e1b8b0007372a35/colorLogoPNG_1748001686588.png,Entertainment,1216x684,iptv-org-all.txt,169,200,成功,h264,1216x684,30.0,有音频,1.368
NOOS TV (720p),https://ms2.mx-cd.net/tv/276-2860564/Omroep_NOOS.smil/playlist.m3u8,,,,NOOSTV.nl@SD,,,,https://i.imgur.com/X8xLcpT.png,General,1280x720,iptv-org-all.txt,1666,200,成功,h264,1280x720,25.0,有音频,3.517
Padre Pio TV (1080p),https://600f07e114306.streamlock.net/PadrePioTV/livestream/playlist.m3u8,,,,PadrePioTV.it@SD,,,,https://upload.wikimedia.org/wikipedia/en/a/a4/Padre_Pio_TV.jpg,Religious,1920x1080,iptv-org-all.txt,1111,200,成功,h264,1920x1080,25.0,有音频,3.409
NASHE Music (720p),https://cdn15.live-tv.cloud/ua_infinitas_tv/nashemus-abr/playlist.m3u8,,,,NASHEMusic.ua@SD,,,,https://i.imgur.com/ienkbOc.png,Music,640x360,iptv-org-all.txt,1766,200,成功,h264,640x360,25.0,有音频,7.954
Picosa TV (720p),http://45.167.2.101:8000/play/a0sd/index.m3u8,,,,PicosaTV.hn@SD,,,,https://i.imgur.com/AGFeu7r.png,Music,1024x768,iptv-org-all.txt,185,200,成功,h264,1024x768,30.0,有音频,1.034
Nickelodeon (Croatia) (1080p),http://176.61.157.250/Nickelodeon/index.m3u8,,,,Nickelodeon.hr@SD,,,,https://upload.wikimedia.org/wikipedia/commons/thumb/7/7a/Nickelodeon_2009_logo.svg/960px-Nickelodeon_2009_logo.svg.png,Kids,1920x1080,iptv-org-all.txt,157,200,成功,h264,1920x1080,25.0,有音频,6.930
NTD TV English (1080p),https://amg17596-ntdtv-amg17596c1-rakuten-gb-6741.playouts.now.amagi.tv/playlist/amg17596-newtangdynastytelevision-ntdtv-rakutengb/playlist.m3u8,,,,NTDTVEnglish.us@USA,,,,https://i.imgur.com/26uv1ww.png,General;News,1920x1080,iptv-org-all.txt,1093,200,成功,h264,1920x1080,29.97002997002997,有音频,3.877
NBC WJAR (1080p),https://pubads.g.doubleclick.net/ssai/event/kpannrCBQ5KwdV3Hag3Wog/master.m3u8,,,,NBC.us@WJAR,,,,https://i.imgur.com/nxY84W5.png,General,1920x1080,iptv-org-all.txt,1729,200,成功,h264,1920x1080,29.97002997002997,有音频,3.814
Omroep Hoeksche Waard (480p),https://ms2.mx-cd.net/tv/272-2641704/Hoeksche_Waard_TV.smil/playlist.m3u8,,,,OmroepHoekscheWaard.nl@SD,,,,https://i.imgur.com/pgMwNGV.png,General,854x480,iptv-org-all.txt,810,200,成功,h264,854x480,25.0,有音频,3.661
O Reino Infantil,https://jmp2.uk/plu-5f5c216df68f920007888315.m3u8,,,,OReinoInfantil.us@Brazil,,,,https://i.imgur.com/qoVxc13.png,Kids,1280x720,iptv-org-all.txt,646,200,成功,h264,1280x720,30.0,有音频,1.991
Patagonia Radio TV (720p),https://video01.logicahost.com.br/grupomedia/grupomedia/playlist.m3u8,,,,PatagoniaRadioTV.cl@SD,,,,https://i.imgur.com/oFuWBZO.png,Music,1280x720,iptv-org-all.txt,1428,200,成功,h264,1280x720,29.97002997002997,有音频,5.217
NE News (576p),https://mumt05.tangotv.in/87NeALx2NENEWS/index.m3u8,,,,NENews.in@SD,,,,https://i.imgur.com/L5GeJFb.png,News,440x360,iptv-org-all.txt,229,200,成功,h264,440x360,25.0,有音频,6.753
Omroep Venlo (720p),https://d2pqcu7r58rgg1.cloudfront.net/nlpo/clr-nlpo/omroepvenlo/index.m3u8,,,,OmroepVenlo.nl@SD,,,,https://i.imgur.com/zjDZdmM.png,General,1280x720,iptv-org-all.txt,1196,200,成功,h264,1280x720,25.0,有音频,6.340
NBCLX (1080p),https://nbculocallive.akamaized.net/hls/live/2037096/lx/use1.m3u8,,,,NBCLX.us@SD,,,,https://i.imgur.com/5iT7hEa.png,Entertainment,426x240,iptv-org-all.txt,417,200,成功,h264,426x240,30.0,有音频,3.437
MTV Ridiculousness (United States) CA,https://jmp2.uk/plu-64f9cccf110545000837912e.m3u8,,,,MTVRidiculousness.us@CA,,,,https://images.pluto.tv/channels/68641eb4852dfe78698c3390/colorLogoPNG_1751392300412.png,Entertainment,1280x720,iptv-org-all.txt,1986,200,成功,h264,1280x720,30.0,有音频,2.429
OnTV4U (1080p) [Geo-blocked],https://stirr.b-cdn.net/stirr/playlist.m3u8,,,,OnTV4U.us@SD,,,,https://i.imgur.com/yaCK1Mh.png,Shop,1920x1080,iptv-org-all.txt,1842,200,成功,h264,1920x1080,60.0,有音频,3.940
OK Dessau (1080p) [Not 24/7],http://58bd5b7a98e04.streamlock.net/medienasa-live/ok-dessau_high/playlist.m3u8,,,,OKDessau.de@SD,,,,https://i.imgur.com/nx4Wc8l.png,General,1920x1080,iptv-org-all.txt,1172,200,成功,h264,1920x1080,25.0,有音频,1.708
NBC WPXI (1080p),https://cdn-ue1-prod.tsv2.amagi.tv/linear/amg00327-coxmediagroup-wpxibreaking-ono/playlist.m3u8,,,,NBC.us@WPXI,,,,https://i.imgur.com/nxY84W5.png,General,1920x1080,iptv-org-all.txt,881,200,成功,h264,1920x1080,29.97002997002997,有音频,4.170
Persiana Plus,https://euhls.persiana.live/hls/stream.m3u8,,,,PersianaPlus.fr@SD,,,,https://i.imgur.com/0xttibX.png,Movies,1280x720,iptv-org-all.txt,1341,200,成功,h264,1280x720,25.0,有音频,2.107
Peace TV Bangla (1080p),https://dzkyvlfyge.erbvr.com/PeaceTvBangla/index.m3u8,,,,PeaceTVBangla.ae@SD,,,,https://i.imgur.com/1ztVXUi.png,Religious,1920x1080,iptv-org-all.txt,1643,200,成功,h264,1920x1080,25.0,有音频,9.188
NK TV Bangla (1080p),https://nktv.smartstream.video/smartstream-us/nkbangla/nkbangla/playlist.m3u8,,,,NKTVBangla.in@SD,,,,https://www.nktvbangla.com/wp-content/uploads/2023/09/WhatsApp-Image-2023-09-12-at-2.59.18-PM.jpg,News,1920x1080,iptv-org-all.txt,2663,200,成功,h264,1920x1080,25.0,有音频,6.105
Narodna TV (720p),https://edge8.pink.rs/narodnatv/index.m3u8,,,,NarodnaTV.rs@SD,,,,https://i.imgur.com/dua57HD.png,Undefined,1280x720,iptv-org-all.txt,1713,200,成功,h264,1280x720,25.0,有音频,3.694
PCTV 26 (480p),https://cdn3.wowza.com/5/cXdyRHF0Z3kxN0k2/pinole/G0032_004/playlist.m3u8,,,,PCTV26.us@SD,,,,https://i.imgur.com/3tMAQU7.png,Legislative,640x480,iptv-org-all.txt,485,200,成功,h264,640x480,25.0,有音频,2.288
Payam-e-Afghan TV (480p) [Not 24/7],https://g5nl6xx5lpq6-hls-live.5centscdn.com/live1234/2621b29e501b445fabf227b086123b70.sdp/mono.m3u8,,,,PayameAfghanTV.us@SD,,,,https://i.imgur.com/t9wYYY9.png,General,1920x1080,iptv-org-all.txt,927,200,成功,h264,1920x1080,29.97002997002997,有音频,1.931
Persiana Cinema,https://cinehls.persiana.live/hls/stream.m3u8,,,,PersianaCinema.fr@SD,,,,https://i.imgur.com/hgIro9r.png,Movies,1280x720,iptv-org-all.txt,1824,200,成功,h264,1280x720,25.0,有音频,2.410
News State Punjab Haryana Himachal (1080p),https://jmp2.uk/stvp-IN300083R1,,,,NewsStatePunjabHaryanaHimachal.in@SD,,,,,News,1920x1080,iptv-org-all.txt,3174,200,成功,h264,1920x1080,25.0,有音频,9.549
Music Box Brazil (720p),http://168.197.104.22/MUSIC/index.m3u8,,,,MusicBoxBrazil.br@SD,,,,https://i.imgur.com/CDPCF2X.png,Music,1280x720,iptv-org-all.txt,321,200,成功,h264,1280x720,30.0,有音频,1.680
Occidental TV,https://video.wilohosting.com:19360/occidentaltv/occidentaltv.m3u8,,,,OccidentalTV.py@SD,,,,https://i.imgur.com/8IRBA9h.png,General,1092x614,iptv-org-all.txt,206,200,成功,h264,1092x614,30.0,有音频,4.080
NCIS: Det bedste med Tony & Ziva,https://jmp2.uk/plu-68921b2f4fa995eff24df6c8.m3u8,,,,NCISDetbedstemedTonyZiva.se@DK,,,,https://images.pluto.tv/channels/68921b2f4fa995eff24df6c8/colorLogoPNG_1756105299557.png,Series,1216x684,iptv-org-all.txt,178,200,成功,h264,1216x684,30.0,有音频,3.199
MTV Teen Mom (Sweden) NO (720p),https://jmp2.uk/plu-61c1df62b7672a0007b6c9ba.m3u8,,,,MTVTeenMom.se@NO,,,,https://images.pluto.tv/channels/61c092157e1b8b0007372a35/colorLogoPNG_1748001686588.png,Entertainment,1216x684,iptv-org-all.txt,174,200,成功,h264,1216x684,30.0,有音频,2.078
Negocios TV (1080p),https://streaming013.gestec-video.com/hls/negociostv.m3u8,,,,NegociosTV.es@SD,,,,https://m.media-amazon.com/images/I/21HEgSJn2gL.png,Business,1280x720,iptv-org-all.txt,1634,200,成功,h264,1280x720,25.0,有音频,3.002
NTK TV (1080p) [Not 24/7],https://stream.ntktv.ua/s/ntk/ntk.m3u8,,,,NTKTV.ua@SD,,,,https://www.ntktv.ua/bitrix/templates/ntk_copy/images/logo.png,General,1920x1080,iptv-org-all.txt,2445,200,成功,h264,1920x1080,50.0,有音频,4.806
Nickelodeon Classics (720p),https://jmp2.uk/plu-67f3eb800a1beb98767ca748.m3u8,,,,NickelodeonClassics.de@DACH,,,,https://images.pluto.tv/channels/67f3eb800a1beb98767ca748/colorLogoPNG_1749200817646.png,Kids,1280x720,iptv-org-all.txt,137,200,成功,h264,1280x720,30.0,有音频,1.813
Pasand TV (576p),https://d1msejlow1t3l4.cloudfront.net/fta/pasand/playlist.m3u8,,,,PasandTV.in@SD,,,,https://dtil.tmsimg.com/assets/GNLZZGG002NFYY1.png?lock=720x540,Entertainment,704x396,iptv-org-all.txt,260,200,成功,h264,704x396,25.0,有音频,1.601
Omroep Venray (720p),https://d3j015sg8r68y.cloudfront.net/nlpo/clr-nlpo/omroepvenray/index.m3u8,,,,OmroepVenray.nl@SD,,,,https://i.imgur.com/uVqTbi2.png,General,1280x720,iptv-org-all.txt,1129,200,成功,h264,1280x720,25.0,有音频,5.744
NHK World-Japan HD (720p),http://170.83.16.50/NHK_WORLD/index.m3u8,,,,NHKWorldJapan.jp@HD,,,,https://jiotvimages.cdn.jio.com/dare_images/images/NHK_World_Japan.png,Culture;News,1280x720,iptv-org-all.txt,327,200,成功,h264,1280x720,29.97002997002997,有音频,1.734
MTV Catfish (United States) LatAm (720p),https://jmp2.uk/plu-625461ef01f27a0007976ad1.m3u8,,,,MTVCatfish.us@LatAm,,,,https://images.pluto.tv/channels/626c2a3502d84a0007cec817/colorLogoPNG.png,Entertainment,1280x720,iptv-org-all.txt,650,200,成功,h264,1280x720,30.0,有音频,1.532
Payam TV (1080p),https://hlspackager.akamaized.net/live/DB/PAYAM_TV/HLS/PAYAM_TV.m3u8,,,,PayamTV.iq@SD,,,,https://i.imgur.com/qySEibb.png,News,1920x1080,iptv-org-all.txt,1038,200,成功,h264,1920x1080,25.0,有音频,5.028
Omroep West HD (1080p) [Not 24/7],https://d1axml5ozykh3g.cloudfront.net/live/omroepwest/tv/index.m3u8,,,,OmroepWest.nl@HD,,,,https://i.imgur.com/5IDb9fk.png,Undefined,256x144,iptv-org-all.txt,1037,200,成功,h264,256x144,25.0,有音频,4.281
MTV Teen Mom (United States) (720p),https://jmp2.uk/plu-620fd9f4afb9a80007a9c6d5.m3u8,,,,MTVTeenMom.us@LatAm,,,,https://images.pluto.tv/channels/620fd9f4afb9a80007a9c6d5/colorLogoPNG.png,Series,1280x720,iptv-org-all.txt,118,200,成功,h264,1280x720,30.0,有音频,2.587
NRWision (1080p),https://fms.nrwision.de/live/ngrp:livestreamHD.stream/playlist.m3u8,,,,NRWision.de@SD,,,,https://i.imgur.com/RkF2Kmx.png,Education,1920x1080,iptv-org-all.txt,1017,200,成功,h264,1920x1080,25.0,有音频,9.404
NAN TV,https://app.ncare.live/c3VydmVyX8RpbEU9Mi8xNy8yMDE0GIDU6RgzQ6NTAgdEoaeFzbF92YWxIZTO0U0ezN1IzMyfvcGVMZEJCTEFWeVN3PTOmdFsaWRtaW51aiPhnPTI2/nantv.stream/live-orgin/nantv.stream/playlist.m3u8,,,,NANTV.bd@SD,,,,https://www.jagobd.com/wp-content/uploads/2019/11/NAN-TV-Logo-02.png,News,1280x720,iptv-org-all.txt,2535,200,成功,h264,1280x720,25.0,有音频,1.974
Multilandia (576p),https://fs.uplink.kz/multilandia/mono.m3u8?token=onlinetv,,,,Multilandia.ru@SD,,,,https://i.imgur.com/ccwijY0.png,Kids,720x576,iptv-org-all.txt,201,200,成功,h264,720x576,25.0,有音频,4.220
Oasis TV (Colombia) (720p) [Not 24/7],https://5e85d90130e77.streamlock.net/6020/6020/playlist.m3u8,,,,OasisTV.co@SD,,,,https://i.imgur.com/VKYzFpZ.png,Religious,1280x720,iptv-org-all.txt,1960,200,成功,h264,1280x720,30.0,有音频,1.644
Now 14 (1080p),https://r.il.cdn-redge.media/livehls/oil/ch14/live/ch14/live.livx/playlist.m3u8,,,,Now14.il@SD,,,,https://i.imgur.com/Iq2Kb69.png,General,960x540,iptv-org-all.txt,3934,200,成功,h264,960x540,50.0,有音频,7.849
NZTV,https://dash2.antik.sk/live/test_nove_zamky/playlist.m3u8,,,,NZTV.sk@SD,,,,https://i.imgur.com/jGZlnzT.png,General,1920x1080,iptv-org-all.txt,1275,200,成功,h264,1920x1080,25.0,有音频,2.494
NTN24 (720p),http://181.78.12.119:16123/play/ch80/index.m3u8,,,,NTN24.co@SD,,,,https://i.imgur.com/UoKmSAP.png,News,1280x720,iptv-org-all.txt,209,200,成功,h264,1280x720,29.97002997002997,有音频,1.204
Neo TV (Argentina),https://videostream.shockmedia.com.ar:19360/neotvdigital/neotvdigital.m3u8,,,,NeoTV.ar@SD,,,,https://i.imgur.com/Xtu85tb.png,General,1280x720,iptv-org-all.txt,1032,200,成功,h264,1280x720,30.0,有音频,3.605
Omroep Peelrand (720p),https://ms7.mx-cd.net/dtv-11/208-1258878/Omroep_Peelrand_TV.smil/playlist.m3u8,,,,OmroepPeelrand.nl@SD,,,,https://i.imgur.com/K4AhATP.png,General,1280x720,iptv-org-all.txt,120,200,成功,h264,1280x720,25.0,有音频,3.262
Orler TV (420p) [Not 24/7],https://w1.mediastreaming.it/orlertv/livestream/playlist.m3u8,,,,OrlerTV.it@SD,,,,https://i.imgur.com/Ia7iULa.png,Culture,720x410,iptv-org-all.txt,1509,200,成功,h264,720x410,25.0,有音频,3.984
MTV The Hills,https://jmp2.uk/plu-61c08d7c73bdb800070eef0a.m3u8,,,,MTVTheHills.se@SE,,,,https://images.pluto.tv/channels/61c09039ebd75200072587f9/colorLogoPNG.png,Entertainment,1280x720,iptv-org-all.txt,106,200,成功,h264,1280x720,30.0,有音频,2.062
News18 Rajasthan (1080p),https://n18syndication.akamaized.net/bpk-tv/News18_Rajasthan_NW18_MOB/output01/master.m3u8,,,,News18Rajasthan.in@SD,,,,https://xstreamcp-assets-msp.streamready.in/assets/LIVETV/LIVECHANNEL/LIVETV_LIVETVCHANNEL_NEWS18_RAJASTHAN/images/LOGO_HD/image.png,News,1920x1080,iptv-org-all.txt,402,200,成功,h264,1920x1080,25.0,有音频,14.562
NET TV (720p),http://45.134.141.161:2200/ARG/Net_TV/index.m3u8,,,,NETTV.ar@SD,,,,https://i.imgur.com/IhJ0BjF.png,General,1280x720,iptv-org-all.txt,306,200,成功,h264,1280x720,30.0,有音频,1.587
NBC WTVJ (1080p),https://nbculocallive.akamaized.net/hls/live/2037498/miami/stream1/master.m3u8,,,,NBC.us@WTVJ,,,,https://i.imgur.com/nxY84W5.png,General,426x240,iptv-org-all.txt,798,200,成功,h264,426x240,29.97002997002997,有音频,2.249
NBC KSBW (720p),https://aegis-cloudfront-1.tubi.video/8e6af50d-76df-4208-ab8d-3ff8f512cd38/playlist.m3u8,,,,NBC.us@KSBW,,,,https://i.imgur.com/nxY84W5.png,General,384x216,iptv-org-all.txt,152,200,成功,h264,384x216,29.97002997002997,有音频,2.976
Oromar TV+ (720p),https://stream.oromar.tv/hls/camriva/index.m3u8,,,,OromarTVPlus.ec@SD,,,,https://oromartv.com/images/OTV400.png,General,1920x1080,iptv-org-all.txt,1269,200,成功,h264,1920x1080,60.0,有音频,2.521
Paradise Hotel DK,https://jmp2.uk/plu-61c19af83fae0a00078c8918.m3u8,,,,ParadiseHotel.se@DK,,,,https://images.pluto.tv/channels/61c19af83fae0a00078c8918/colorLogoPNG.png,Entertainment,1216x684,iptv-org-all.txt,711,200,成功,h264,1216x684,30.0,有音频,3.204
News India 24x7,https://cdn.pishow.tv/ott/live/273/master.m3u8,,,,NewsIndia24x7.in@SD,,,,https://dtil.tmsimg.com/assets/GNLZZGG002N1TXH.png?lock=720x540,News,424x240,iptv-org-all.txt,750,200,成功,h264,424x240,25.0,有音频,9.449
PCTV 28 (480p),https://cdn3.wowza.com/5/cXdyRHF0Z3kxN0k2/pinole/G0032_002/playlist.m3u8,,,,PCTV28.us@SD,,,,https://i.imgur.com/WahZg3L.png,General,640x360,iptv-org-all.txt,476,200,成功,h264,640x360,25.0,有音频,2.552
NACTV,https://stream2.pivotalelements.com/memfs/2d2e1038-9eb2-44df-a9b9-109de5752f3b_output_0.m3u8,,,,NACTV.ca@SD,,,,https://i.imgur.com/FzM95rH.png,General,1920x1080,iptv-org-all.txt,858,200,成功,h264,1920x1080,29.97002997002997,有音频,0.862
Nickelodeon Teen LatAm (720p),https://jmp2.uk/plu-5fab09a8749b1a00077d35d2.m3u8,,,,NickelodeonTeen.us@LatAm,,,,https://images.pluto.tv/channels/60f5fabf0721880007cd50e3/colorLogoPNG_1767888207915.png,Kids,1280x720,iptv-org-all.txt,682,200,成功,h264,1280x720,30.0,有音频,1.793
Persiana Comedy,https://comedyhls.persiana.live/hls/stream.m3u8,,,,PersianaComedy.fr@SD,,,,https://i.imgur.com/DBZ3Pi5.png,Comedy,1280x720,iptv-org-all.txt,2022,200,成功,h264,1280x720,25.0,有音频,2.393
Omroep Dommelland (720p),https://de68fck4398ez.cloudfront.net/nlpo/clr-nlpo/omroepdommelland/index.m3u8,,,,OmroepDommelland.nl@SD,,,,https://i.imgur.com/6Tkd9Pv.png,General,1280x720,iptv-org-all.txt,1290,200,成功,h264,1280x720,25.0,有音频,5.633
Pauta (1080p),https://redirector.rudo.video/hls-video/ey6283je82983je9823je8jowowiekldk9838274/pautatv/pautatv.smil/playlist.m3u8,,,,Pauta.cl@SD,,,,https://i.imgur.com/UAKLJAt.png,Music,,iptv-org-all.txt,1624,200,成功,h264,,,有音频,6.876
Nick Jr. (United States) (720p),http://212.5.144.156:8080/nickjr/index.m3u8,,,,NickJr.us@East,,,,https://i.imgur.com/KT4tdQs.png,Kids,1280x720,iptv-org-all.txt,311,200,成功,hevc,1280x720,25.0,有音频,1.635
Nuestra Tele Internacional (720p),http://170.238.200.199/nuestra-tele/index.m3u8,,,,NuestraTeleInternacional.co@SD,,,,https://i.imgur.com/JoGQqmP.png,General,1920x1080,iptv-org-all.txt,276,200,成功,h264,1920x1080,29.97002997002997,有音频,1.733
Nireekshana TV (576p),https://cdn.pishow.tv/ott/live/965/master.m3u8,,,,NireekshanaTV.in@SD,,,,https://i.imgur.com/nGJv6QR.png,Religious,424x240,iptv-org-all.txt,763,200,成功,h264,424x240,25.0,有音频,9.500
Pershyi (1080p),https://api-tv.ipnet.ua/api/v1/manifest/2118742505.m3u8,,,,Pershyi.ua@SD,,,,https://i.imgur.com/osTQLED.png,General,1920x1080,iptv-org-all.txt,2164,200,成功,h264,1920x1080,25.0,有音频,6.352
PBS Nature (1080p),https://d3mr43kyql7wgk.cloudfront.net/PBS_Nature.m3u8,,,,PBSNature.us@SD,,,,https://i.imgur.com/Brry7cZ.png,Series,1920x1080,iptv-org-all.txt,1148,200,成功,h264,1920x1080,29.97002997002997,有音频,2.201
Orange Bangla TV (720p),https://cdn.pishow.tv/ott/live/1499/master.m3u8,,,,OrangeBanglaTV.in@SD,,,,https://i.imgur.com/wjSaHj5.png,Music,424x240,iptv-org-all.txt,235,200,成功,h264,424x240,25.0,有音频,9.278
Norte Informativo TV (240p),https://videohd.live:19360/8076/8076.m3u8,,,,NorteInformativoTV.cr@SD,,,,https://i.ibb.co/2MNzXN7/Channels4-profile-9.jpg,News,1280x720,iptv-org-all.txt,1391,200,成功,h264,1280x720,29.97002997002997,有音频,1.615
Oscar Movies Bhojpuri (720p),https://cdn.pishow.tv/ott/live/233/master.m3u8,,,,OscarMoviesBhojpuri.in@SD,,,,https://dtil.tmsimg.com/assets/s143638_ld_h9_ab.png?lock=720x540,Movies,424x240,iptv-org-all.txt,759,200,成功,h264,424x240,25.0,有音频,9.207
NatureTime UK (1080p),https://amg01515-amg01515c43-samsung-gb-9038.playouts.now.amagi.tv/playlist.m3u8,,,,NatureTime.ca@UK,,,,https://i.imgur.com/72JmyjM.png,Documentary,1920x1080,iptv-org-all.txt,787,200,成功,h264,1920x1080,29.97002997002997,有音频,2.627
NewsX World (576p),https://mumt03.tangotv.in/Dsly5z3HNEWSXWORLD/index.m3u8,,,,NewsXWorld.in@HD,,,,https://jiotvimages.cdn.jio.com/dare_images/images/News_X_World.png,News,880x720,iptv-org-all.txt,2938,200,成功,h264,880x720,25.0,有音频,11.772
NG Federal (720p),http://www.coninfo.net:1935/tvlink/live/playlist.m3u8,,,,NGFederal.ar@SD,,,,https://i.imgur.com/lJCIqYn.png,General,1280x720,iptv-org-all.txt,1774,200,成功,h264,1280x720,25.0,有音频,2.173
PBC Tapesh TV (720p),https://iptv.tapesh.tv/tapesh/playlist.m3u8,,,,PBCTapeshTV.us@SD,,,,https://i.imgur.com/50JzsmH.png,General,,iptv-org-all.txt,867,200,成功,h264,,,有音频,2.387
NCIS (United States) CA,https://jmp2.uk/plu-62f4f5de1c100100075665ef.m3u8,,,,NCIS.us@CA,,,,https://images.pluto.tv/channels/63eb9fdda995710008991c54/colorLogoPNG.png,Series,1280x720,iptv-org-all.txt,620,200,成功,h264,1280x720,30.0,有音频,2.891
Persiana Docs,https://scihls.persiana.live/hls/stream.m3u8,,,,PersianaDocs.fr@HD,,,,,Documentary,1280x720,iptv-org-all.txt,1884,200,成功,h264,1280x720,25.0,有音频,2.304
Patriot (720p),https://stream.smotrim.ru/hls2/static/playlist_4.m3u8,,,,Patriot.ru@SD,,,,https://patriotkanal.ru/assets/cached/2025/02/resize/264_112_q100_patriot-only-logo.png,Movies,1280x720,iptv-org-all.txt,1852,200,成功,h264,1280x720,25.0,有音频,4.450
NTV (Brazil) (720p),https://cdn.livespanel.com/nossatv/nossatv/playlist.m3u8,,,,NTV.br@SD,,,,https://i.imgur.com/n79nkVC.png,Entertainment;General,1280x720,iptv-org-all.txt,1671,200,成功,h264,1280x720,29.97002997002997,有音频,3.730
Noor TV (Iran),https://ncdn.telewebion.ir/noor/live/playlist.m3u8,,,,NoorTV.ir@SD,,,,https://upload.wikimedia.org/wikipedia/fa/thumb/c/ce/Qum_Noor_TV.svg/960px-Qum_Noor_TV.svg.png,Undefined,426x240,iptv-org-all.txt,4009,200,成功,h264,426x240,25.0,有音频,8.787
Payvand TV (United States) (720p),https://tgn.bozztv.com/cus01/ucur1/Payvand/index.m3u8,,,,PayvandTV.us@SD,,,,https://i.imgur.com/A4gqEmG.png,News,1280x720,iptv-org-all.txt,908,200,成功,h264,1280x720,59.94005994005994,有音频,1.069
Mythbusters (1080p),https://d2bog959vw5xq.cloudfront.net/playlist/amg00627-banijayfast-mythbusters-samsungau/playlist.m3u8,,,,Mythbusters.us@UK,,,,https://i.imgur.com/wzzjvcH.png,Series,1920x1080,iptv-org-all.txt,728,200,成功,h264,1920x1080,25.0,有音频,4.319
Omroep Zeeland (1080p),https://d3isaxd2t6q8zm.cloudfront.net/live/omroepzeeland/tv/index.m3u8,,,,OmroepZeeland.nl@SD,,,,https://i.imgur.com/3c3QUSn.png,General,854x480,iptv-org-all.txt,1012,200,成功,h264,854x480,25.0,有音频,2.798
Nambikkai TV,https://cdn.pishow.tv/ott/live/1389/master.m3u8,,,,NambikkaiTV.in@SD,,,,https://xstreamcp-assets-msp.streamready.in/assets/LIVETV/LIVECHANNEL/LIVETV_LIVETVCHANNEL_NAMBIKKAI_TV/images/LOGO_HD/image.png,Religious,424x240,iptv-org-all.txt,768,200,成功,h264,424x240,25.0,有音频,9.235
Muz TV Uzbekistan,https://stream8.cinerama.uz/1063/tracks-v1a1/mono.m3u8,,,,MuzTVUzbekistan.uz@SD,,,,https://s8.vcdn.biz/static/f/6010782281/image.jpg,Music,1920x1080,iptv-org-all.txt,231,200,成功,h264,1920x1080,25.0,有音频,5.155
Pella TV (576p) [Not 24/7],https://video.streams.ovh:1936/pellatv/pellatv/master.m3u8,,,,PellaTV.gr@SD,,,,https://i.imgur.com/JnDXKZo.png,General,1280x720,iptv-org-all.txt,2074,200,成功,h264,1280x720,25.0,有音频,4.425
ORBIT TV (1080p),https://edge.essastream.com/orbittv/index.m3u8,,,,ORBITTV.do@SD,,,,https://i.imgur.com/lizQs3n.png,General,1920x1080,iptv-org-all.txt,46,200,成功,h264,1920x1080,30.0,有音频,1.162
News12+ New York (1080p) [Geo-blocked],https://mdc.ott.alticeusa.net/live4.ott.optimum.net/live4-uploads/N12PLUS_H_NYC_A1/index_new.m3u8,,,,News12PlusNewYork.us@HD,,,,https://i.ibb.co/tThKYM09/news12plus-NYC.jpg,News,1920x1080,iptv-org-all.txt,407,200,成功,h264,1920x1080,59.94005994005994,有音频,4.163
NCIS (United States),https://jmp2.uk/plu-63eb9fdda995710008991c54.m3u8,,,,NCIS.us@BR,,,,https://images.pluto.tv/channels/63eb9fdda995710008991c54/colorLogoPNG.png,Series,1280x720,iptv-org-all.txt,1054,200,成功,h264,1280x720,30.0,有音频,2.190
MTV Biggest Pop BR (1080p),https://jmp2.uk/plu-6047fbdbbb776a0007e7f2ff.m3u8,,,,MTVBiggestPop.us@BR,,,,https://images.pluto.tv/channels/6047fbdbbb776a0007e7f2ff/colorLogoPNG.png,Music,1280x720,iptv-org-all.txt,822,200,成功,h264,1280x720,30.0,有音频,1.987
Numbers (United States),https://jmp2.uk/plu-67f960c5441853fe50e7afc1.m3u8,,,,Numbers.us@BR,,,,https://images.pluto.tv/channels/67f960c5441853fe50e7afc1/colorLogoPNG_1747430170532.png,Series,1216x684,iptv-org-all.txt,99,200,成功,h264,1216x684,30.0,有音频,2.571
Novoe televidenie (576p),https://fs.uplink.kz/novoe_tv/mono.m3u8?token=onlinetv,,,,Novoetelevidenie.kz@SD,,,,https://i.imgur.com/mmKWrWs.png,General,1280x720,iptv-org-all.txt,202,200,成功,h264,1280x720,25.0,有音频,3.880
NatureTime (1080p),https://bamusa-naturetime-emea-eng-rakuten.amagi.tv/playlist.m3u8,,,,NatureTime.ca@SD,,,,https://i.imgur.com/72JmyjM.png,Documentary,1920x1080,iptv-org-all.txt,2102,200,成功,h264,1920x1080,25.0,有音频,2.174
My Cinema Europe,https://op-group1-densxvisionhd-1.dens.tv/h/h18/index.m3u8,,,,MyCinemaEurope.ch@SD,,,,https://i.imgur.com/jz0d8tH.png,Movies,1280x720,iptv-org-all.txt,2365,200,成功,h264,1280x720,29.97002997002997,有音频,7.393
Musavision (1080p),https://cnn.hostlagarto.com/musavisiontv/tracks-v1a1/mono.m3u8,,,,Musavision.do@SD,,,,https://i.imgur.com/wMse6cT.png,General,1920x1080,iptv-org-all.txt,835,200,成功,h264,1920x1080,29.97002997002997,有音频,1.005
MTV Dating (Sweden) DK (720p),https://jmp2.uk/plu-6851407c21f49d1b9d177493.m3u8,,,,MTVDating.se@DK,,,,https://images.pluto.tv/channels/6851407c21f49d1b9d177493/colorLogoPNG_1750843393149.png,Entertainment,1216x684,iptv-org-all.txt,672,200,成功,h264,1216x684,30.0,有音频,1.530
Naxcivan TV (720p),https://str2.yodacdn.net/ntv/video.m3u8,,,,NaxcivanTV.az@SD,,,,https://i.imgur.com/8yLFkdE.png,General,1280x720,iptv-org-all.txt,954,200,成功,h264,1280x720,25.0,有音频,4.418
Omroep Flevoland (720p) [Not 24/7],https://d5ms27yy6exnf.cloudfront.net/live/omroepflevoland/tv/index.m3u8,,,,OmroepFlevoland.nl@SD,,,,https://i.imgur.com/rF4MTYD.png,General,1280x720,iptv-org-all.txt,1264,200,成功,h264,1280x720,25.0,有音频,2.885
MTV Pluto TV BR,https://jmp2.uk/plu-5f1212fb81e85c00077ae9ef.m3u8,,,,MTVPlutoTV.us@BR,,,,https://images.pluto.tv/channels/5f1212fb81e85c00077ae9ef/colorLogoPNG_1759263027326.png,Entertainment,1216x684,iptv-org-all.txt,2952,200,成功,h264,1216x684,30.0,有音频,1.984
NBC WVIT (1080p),https://d368vp0qqzvkid.cloudfront.net/11603/88889707/hls/master.m3u8?ads.xumo_channelId=88889707a&ads.xumo_ifaType=&ads.xumo_providerId=3832&ads.xumo_providerName=NBCNCT,,,,NBC.us@WVIT,,,,https://i.imgur.com/nxY84W5.png,General,426x240,iptv-org-all.txt,910,200,成功,h264,426x240,30.0,有音频,3.231
Onda TV (Dominican Republic) (720p),https://cnn.hostlagarto.com/ondatv/index.m3u8,,,,OndaTV.do@SD,,,,https://i.imgur.com/RUIyD9a.png,General,1280x720,iptv-org-all.txt,318,200,成功,h264,1280x720,29.97002997002997,有音频,1.140
NatureTime France (1080p),https://bamusa-naturetime-emea-fra-rakuten.amagi.tv/playlist.m3u8,,,,NatureTime.ca@France,,,,https://i.imgur.com/72JmyjM.png,Documentary,1920x1080,iptv-org-all.txt,1228,200,成功,h264,1920x1080,25.0,有音频,3.020
OuterSphere (1080p),https://d3o593mz1glx8d.cloudfront.net/OuterSphere_US.m3u8,,,,OuterSphere.us@SD,,,,https://provider-static.plex.tv/epg/cms/production/f162df8b-6532-43fe-9202-83a658090651/OuterSphere_1500x1000_Logo_Dark_-_Chris_Connors__1_.png,Movies;Series,1920x1080,iptv-org-all.txt,1124,200,成功,h264,1920x1080,29.97002997002997,有音频,2.688
Ocko (540p),https://ocko-live-dash.ssl.cdn.cra.cz/cra_live2/ocko.stream.1.smil/playlist.m3u8,,,,Ocko.cz@SD,,,,https://upload.wikimedia.org/wikipedia/commons/thumb/2/20/%C3%93%C4%8Dko_logo_2012.png/960px-%C3%93%C4%8Dko_logo_2012.png,Music,720x400,iptv-org-all.txt,1866,200,成功,h264,720x400,25.0,有音频,5.808
NTV Mir (576p),http://5.188.159.128:8070/ntvmir_TV/index.m3u8,,,,NTVMir.ru@SD,,,,https://i.imgur.com/pUcV46F.png,Culture,720x576,iptv-org-all.txt,394,200,成功,h264,720x576,25.0,有音频,2.235
Noroc TV,https://media.noroc.tv/noroc/bitrate_1080p.m3u8,,,,NorocTV.md@SD,,,,https://i.imgur.com/XvYqpqG.png,Music,1920x1080,iptv-org-all.txt,1681,200,成功,h264,1920x1080,25.0,有音频,2.108
Muzyka Pervogo (576p),http://stream.mcquack.net/153/index.m3u8,,,,MuzykaPervogo.ru@SD,,,,https://i.imgur.com/U0vKj3P.png,Music,720x576,iptv-org-all.txt,176,200,成功,h264,720x576,25.0,有音频,1.773
Nation News (720p),https://server.playontv.in/nationnews/index.m3u8,,,,NationNews.in@SD,,,,https://jiotvimages.cdn.jio.com/dare_images/images/nationnews.png,News,1280x720,iptv-org-all.txt,1813,200,成功,h264,1280x720,29.97002997002997,有音频,6.313
Newsy (1080p),https://547f72e6652371c3.mediapackage.us-east-1.amazonaws.com/out/v1/e3e6e29095844c4ba7d887f01e44a5ef/index.m3u8,,,,Newsy.us@SD,,,,https://upload.wikimedia.org/wikipedia/commons/thumb/6/69/Newsy_2021.svg/960px-Newsy_2021.svg.png,News,384x216,iptv-org-all.txt,1305,200,成功,h264,384x216,29.97002997002997,有音频,7.663
Orange Government Access TV (720p),https://livestream.telvue.com/ogat1/f7b44cfafd5c52223d5498196c8a2e7b.sdp/playlist.m3u8,,,,OrangeGovernmentAccessTV.us@SD,,,,https://i.imgur.com/hyPTfxA.png,Legislative,416x234,iptv-org-all.txt,239,200,成功,h264,416x234,29.97002997002997,有音频,3.935
News Capital Market (1080p),https://newscapital.com/hls/stream.m3u8?token=Nc360PermanentSecureKey987,,,,NewsCapitalMarket.in@SD,,,,https://jiotvimages.cdn.jio.com/dare_images/images/NewsCapitalMarket.png,Business,1920x1080,iptv-org-all.txt,8108,200,成功,h264,1920x1080,25.0,有音频,2.688
MTV Biggest Pop LatAm (1080p),https://jmp2.uk/plu-6047fabfce6e8e00070bcc9f.m3u8,,,,MTVBiggestPop.us@LatAm,,,,https://images.pluto.tv/channels/6047fbdbbb776a0007e7f2ff/colorLogoPNG.png,Music,1280x720,iptv-org-all.txt,401,200,成功,h264,1280x720,30.0,有音频,3.453
noa4 Norderstedt (1080p),https://hls1.wtnet.de/noa4/apple/wifi6500.m3u8,,,,noa4Norderstedt.de@SD,,,,https://i.imgur.com/941nrGb.png,General,1920x1080,iptv-org-all.txt,2958,200,成功,h264,1920x1080,25.0,有音频,3.858
Peer TV Sudtirol (1080p),https://iptv.peer.biz/live/peertv.m3u8,,,,PeerTVSudtirol.it@SD,,,,https://www.peer.biz/peertv-iptv/peer-tv-suedtirol.png,Outdoor;Travel,1920x1080,iptv-org-all.txt,2227,200,成功,h264,1920x1080,50.0,有音频,6.111
NTV (Turkiye),https://dogus.daioncdn.net/ntv/ntv.m3u8?app=ntv_web,,,,NTV.tr@SD,,,,https://upload.wikimedia.org/wikipedia/commons/thumb/0/0c/NTV_%28Turkey%29_logo.svg/960px-NTV_%28Turkey%29_logo.svg.png,General,640x360,iptv-org-all.txt,2823,200,成功,h264,640x360,25.0,有音频,9.201
Nasim,https://ncdn.telewebion.ir/nasim/live/playlist.m3u8,,,,Nasim.ir@SD,,,,https://upload.wikimedia.org/wikipedia/commons/thumb/e/e9/Nasim_TV_logo.svg/960px-Nasim_TV_logo.svg.png,Entertainment,1920x1080,iptv-org-all.txt,1489,200,成功,h264,1920x1080,30.0,有音频,14.796
News18 Tamil Nadu (1080p),https://n18syndication.akamaized.net/bpk-tv/News18_Tamil_Nadu_NW18_MOB/output01/master.m3u8,,,,News18TamilNadu.in@SD,,,,https://xstreamcp-assets-msp.streamready.in/assets/LIVETV/LIVECHANNEL/LIVETV_LIVETVCHANNEL_NEWS18_TAMIL_NADU/images/LOGO_HD/image.png,News,1920x1080,iptv-org-all.txt,374,200,成功,h264,1920x1080,25.0,有音频,17.476
NDTV Rajasthan (1080p),https://ndtvregional.akamaized.net/hls/live/2102726-b/ndtvraj/master_1.m3u8,,,,NDTVRajasthan.in@SD,,,,https://xstreamcp-assets-msp.streamready.in/assets/LIVETV/LIVECHANNEL/LIVETV_LIVETVCHANNEL_NDTV_RAJASTHAN/images/LOGO_HD/image.png,News,,iptv-org-all.txt,854,200,成功,h264,,,有音频,16.196
ON Life (720p),https://freem3u.xyz/api/live/play.m3u8?vid=188,,,,ONLife.vn@SD,,,,https://i.ibb.co/XxtcgQQv/IMG-2513.webp,Lifestyle,1920x1080,iptv-org-all.txt,2218,200,成功,h264,1920x1080,25.0,有音频,14.843
ON Movies (720p),https://freem3u.xyz/api/live/play.m3u8?vid=181,,,,ONMovies.vn@SD,,,,https://i.ibb.co/fdbgvtT8/IMG-2523.webp,Movies,1920x1080,iptv-org-all.txt,2216,200,成功,h264,1920x1080,25.0,有音频,17.732
News9Live (1080p),https://amg01106-amg01106c3-amgplt0844.playout.now3.amagi.tv/ts-ap-s1-n1/playlist/amg01106-amg01106c3-amgplt0844/playlist.m3u8,,,,News9Live.in@SD,,,,https://jiotvimages.cdn.jio.com/dare_images/images/News9.png,News,426x240,iptv-org-all.txt,1806,200,成功,h264,426x240,25.0,有音频,13.295
Palestinetv,https://ncdn.telewebion.ir/palestine/live/playlist.m3u8,,,,Palestinetv.ir@SD,,,,https://i.ibb.co/svrZNZTX/Palestine.png,General,,iptv-org-all.txt,2617,200,成功,h264,,,有音频,17.294
ON Kids (720p),https://freem3u.xyz/api/live/play.m3u8?vid=179,,,,ONKids.vn@SD,,,,https://i.ibb.co/RGsg8XfM/IMG-2512.webp,Kids,1920x1080,iptv-org-all.txt,2235,200,成功,h264,1920x1080,25.0,有音频,17.287
ORF III HD (720p),https://orf3.mdn.ors.at/orf/orf3/qxa/manifest.m3u8,,,,ORFIII.at@HD,,,,https://upload.wikimedia.org/wikipedia/commons/thumb/e/ed/ORF_III_Logo_Monochrom.svg/960px-ORF_III_Logo_Monochrom.svg.png,Culture,1280x720,iptv-org-all.txt,7395,200,成功,h264,1280x720,50.0,有音频,16.202
