频道名,地址,回播地址,回播类型,回播天数,tvg-id,tvg-name,国家分组,语言分组,图标,原分组,分辨率,来源文件,检测时间,状态码,ffprobe是否成功,视频编码,分辨率,帧率,音频,ffprobe探测时间
南宁新闻综合,https://t.freetv.fun/live/nan-bu-xin-wen-zong-he.m3u8,,,,,,,,,,1280x720,CCSH.txt,176,403,成功,h264,1280x720,25.0,有音频,1.732
枣庄教育,https://t.freetv.fun/live/zao-zhuang-jiao-yu-1.m3u8,,,,,,,,,,1280x720,CCSH.txt,5,403,成功,h264,1280x720,25.0,有音频,1.778
河北都市,https://t.freetv.fun/live/he-bei-du-shi-gao-qing.m3u8,,,,,,,,,,1280x720,CCSH.txt,7,403,成功,h264,1280x720,25.0,有音频,1.782
湖北生活,https://t.freetv.fun/live/hu-bei-sheng-huo-3.m3u8,,,,,,,,,,1280x720,CCSH.txt,5,403,成功,h264,1280x720,25.0,有音频,1.787
广东文化,https://t.freetv.fun/live/yan-dong-wen-hua-3.m3u8,,,,,,,,,,1280x720,CCSH.txt,20,403,成功,h264,1280x720,25.0,有音频,1.908
杭州综合,https://t.freetv.fun/live/hang-zhou-zong-he-pin-dao.m3u8,,,,,,,,,,1280x720,CCSH.txt,175,403,成功,h264,1280x720,25.0,有音频,1.963
金华教育科技,https://t.freetv.fun/live/jin-hua-jiao-yu-ke-ji-1.m3u8,,,,,,,,,,1280x720,CCSH.txt,6,403,成功,h264,1280x720,25.0,有音频,1.986
浙江新闻,https://t.freetv.fun/live/zhe-jiang-xin-wen-2-1.m3u8,,,,,,,,,,1280x720,CCSH.txt,15,403,成功,h264,1280x720,25.0,有音频,1.986
广州综合,https://t.freetv.fun/live/yan-zhou-zong-he-28.m3u8,,,,,,,,,,1280x720,CCSH.txt,6,403,成功,h264,1280x720,25.0,有音频,2.010
广州影视,https://t.freetv.fun/live/yan-zhou-ying-shi-29.m3u8,,,,,,,,,,1280x720,CCSH.txt,177,403,成功,h264,1280x720,25.0,有音频,2.066
金鹰纪实,https://t.freetv.fun/live/jin-ying-ji-shi-3-1.m3u8,,,,,,,,,,1280x720,CCSH.txt,15,403,成功,h264,1280x720,25.0,有音频,2.079
湖北影视,https://stream1.freetv.fun/hu-bei-ying-shi-5.m3u8,,,,,,,,,,1280x720,CCSH.txt,7,403,成功,h264,1280x720,25.0,有音频,2.156
湖北经视,https://stream1.freetv.fun/hu-bei-jing-shi-9.m3u8,,,,,,,,,,1280x720,CCSH.txt,13,403,成功,h264,1280x720,25.0,有音频,2.174
山东体育,https://stream1.freetv.fun/shan-dong-ti-yu-9.m3u8,,,,,,,,,,1280x720,CCSH.txt,289,403,成功,h264,1280x720,25.0,有音频,2.196
湖南经视,https://stream1.freetv.fun/hu-nan-jing-shi-9.m3u8,,,,,,,,,,1280x720,CCSH.txt,6,403,成功,h264,1280x720,25.0,有音频,2.225
河北农民,https://stream1.freetv.fun/he-bei-nong-min-14.m3u8,,,,,,,,,,1280x720,CCSH.txt,11,403,成功,h264,1280x720,25.0,有音频,2.251
石家庄娱乐,https://stream1.freetv.fun/shi-jia-zhuang-yu-le-10.m3u8,,,,,,,,,,1280x720,CCSH.txt,5,403,成功,h264,1280x720,25.0,有音频,2.264
山东体育,https://stream1.freetv.fun/shan-dong-ti-yu-13.m3u8,,,,,,,,,,1280x720,CCSH.txt,134,403,成功,h264,1280x720,25.0,有音频,2.327
杭州生活,https://t.freetv.fun/live/hang-zhou-sheng-huo-pin-dao.m3u8,,,,,,,,,,1280x720,CCSH.txt,176,403,成功,h264,1280x720,25.0,有音频,1.372
广州影视,https://stream1.freetv.fun/yan-zhou-ying-shi-3.m3u8,,,,,,,,,,1280x720,CCSH.txt,288,403,成功,h264,1280x720,25.0,有音频,2.404
湖南电影,https://stream1.freetv.fun/hu-nan-dian-ying-17.ctv,,,,,,,,,,1280x720,CCSH.txt,7,403,成功,h264,1280x720,25.0,有音频,2.454
湖南都市,https://stream1.freetv.fun/hu-nan-du-shi-6.m3u8,,,,,,,,,,1280x720,CCSH.txt,4,403,成功,h264,1280x720,25.0,有音频,2.481
佛山影视,https://stream1.freetv.fun/fo-shan-ying-shi-21.ctv,,,,,,,,,,1280x720,CCSH.txt,4,403,成功,h264,1280x720,25.0,有音频,2.564
浙江民生休闲,https://t.freetv.fun/live/zhe-jiang-min-sheng-xiu-xian-3-1.m3u8,,,,,,,,,,1280x720,CCSH.txt,6,403,成功,h264,1280x720,25.0,有音频,1.401
北京生活,http://wstvcpudali.v.myalicdn.com/wstvcpud/udrmbtv7_1/index.m3u8,,,,,,,,,,960x540,CCSH.txt,1052,200,成功,h264,960x540,25.0,有音频,2.709
广州影视,https://stream1.freetv.fun/yan-zhou-ying-shi-14.ctv,,,,,,,,,,1280x720,CCSH.txt,138,403,成功,h264,1280x720,25.0,有音频,1.618
湖北经视,https://stream1.freetv.fun/hu-bei-jing-shi-22.m3u8,,,,,,,,,,1280x720,CCSH.txt,290,403,成功,h264,1280x720,25.0,有音频,1.686
晋江电视台,https://t.freetv.fun/live/jin-jiang-dian-shi-tai.m3u8,,,,,,,,,,1280x720,CCSH.txt,5,403,成功,h264,1280x720,25.0,有音频,1.202
丽水新闻,https://t.freetv.fun/live/li-shui-xin-wen.m3u8,,,,,,,,,,1280x720,CCSH.txt,20,403,成功,h264,1280x720,25.0,有音频,1.459
天水新闻综合,https://t.freetv.fun/live/lin-shui-xin-wen-zong-he-2.m3u8,,,,,,,,,,1280x720,CCSH.txt,20,403,成功,h264,1280x720,25.0,有音频,1.159
芜湖新闻综合,https://t.freetv.fun/live/wu-hu-xin-wen-zong-he-1.m3u8,,,,,,,,,,1280x720,CCSH.txt,176,403,成功,h264,1280x720,25.0,有音频,1.202
温州经济科教,https://t.freetv.fun/live/jing-ji-ke-jiao-gao-qing-14.m3u8,,,,,,,,,,1280x720,CCSH.txt,4,403,成功,h264,1280x720,25.0,有音频,1.368
南宁新闻综合,https://t.freetv.fun/live/sui-zhu-xin-wen-zong-he.m3u8,,,,,,,,,,1280x720,CCSH.txt,175,403,成功,h264,1280x720,25.0,有音频,1.566
湖北影视,https://stream1.freetv.fun/hu-bei-ying-shi-8.m3u8,,,,,,,,,,1280x720,CCSH.txt,13,403,成功,h264,1280x720,25.0,有音频,1.762
钱江都市,http://ali-m-l.cztv.com/channels/lantian/channel002/1080p.m3u8?zzhed,,,,,,,,,,1920x1080,CCSH.txt,995,200,成功,h264,1920x1080,25.0,有音频,1.809
佛山综合,https://stream1.freetv.fun/fo-shan-zong-he-16.ctv,,,,,,,,,,1280x720,CCSH.txt,4,403,成功,h264,1280x720,25.0,有音频,1.733
湖南经视,https://t.freetv.fun/live/hu-nan-jing-shi-2-1.m3u8,,,,,,,,,,1280x720,CCSH.txt,6,403,成功,h264,1280x720,25.0,有音频,1.474
绍兴新闻综合,http://live.shaoxing.com.cn/video/s10001-sxhb/index.m3u8,,,,,,,,,,1280x720,CCSH.txt,445,200,成功,h264,1280x720,25.0,有音频,1.748
河北都市,https://t.freetv.fun/live/he-bei-he-bei-du-shi.m3u8,,,,,,,,,,1280x720,CCSH.txt,5,403,成功,h264,1280x720,25.0,有音频,1.237
内蒙经济,https://t.freetv.fun/live/nei-meng-gu-jing-ji-sheng-huo.m3u8,,,,,,,,,,1280x720,CCSH.txt,15,403,成功,h264,1280x720,25.0,有音频,1.292
湖州新闻综合,https://t.freetv.fun/live/hu-zhou-xin-wen-zong-he-1-1.m3u8,,,,,,,,,,1280x720,CCSH.txt,24,403,成功,h264,1280x720,25.0,有音频,1.485
河北农民,https://stream1.freetv.fun/he-bei-nong-min-7.ctv,,,,,,,,,,1280x720,CCSH.txt,15,403,成功,h264,1280x720,25.0,有音频,1.727
金鹰纪实,https://t.freetv.fun/live/jin-ying-ji-shi-2-1.m3u8,,,,,,,,,,1280x720,CCSH.txt,17,403,成功,h264,1280x720,25.0,有音频,1.345
杭州明珠,https://stream1.freetv.fun/hang-zhou-ming-zhu-4.m3u8,,,,,,,,,,1280x720,CCSH.txt,314,403,成功,h264,1280x720,25.0,有音频,1.928
湖北经视,https://stream1.freetv.fun/hu-bei-jing-shi-8.m3u8,,,,,,,,,,1280x720,CCSH.txt,310,403,成功,h264,1280x720,25.0,有音频,1.759
广州影视,https://t.freetv.fun/live/yan-zhou-ying-shi-27.m3u8,,,,,,,,,,1280x720,CCSH.txt,177,403,成功,h264,1280x720,25.0,有音频,1.468
湖北垄上,https://stream1.freetv.fun/hu-bei-long-shang-14.m3u8,,,,,,,,,,1280x720,CCSH.txt,5,403,成功,h264,1280x720,25.0,有音频,1.682
北京新闻,http://player.cntv.cn/standard/live_HLSDRM20180524.swf?ChannelID=btv9&videoTVChannel=btv9&P2PChannelID=pd://cctv_p2p_hdbtv9&tai=btv9&VideoName=btv9&channelID=btv9,,,,,,,,,,19x24,CCSH.txt,244,200,成功,rawvideo,19x24,25.0,无音频,0.703
钱江都市,https://stream1.freetv.fun/qian-jiang-du-shi-1.m3u8,,,,,,,,,,1920x1080,CCSH.txt,294,403,成功,h264,1920x1080,25.0,有音频,4.244
山东体育,https://stream1.freetv.fun/shan-dong-ti-yu-2.m3u8,,,,,,,,,,1280x720,CCSH.txt,310,403,成功,h264,1280x720,25.0,有音频,1.630
山东新闻,https://stream1.freetv.fun/shan-dong-xin-wen-10.m3u8,,,,,,,,,,1280x720,CCSH.txt,7,403,成功,h264,1280x720,25.0,有音频,1.649
江门综合,https://stream1.freetv.fun/jiang-men-zong-he-10.ctv,,,,,,,,,,1280x720,CCSH.txt,12,403,成功,h264,1280x720,25.0,有音频,2.244
湖北生活,https://t.freetv.fun/live/hu-bei-sheng-huo-2.m3u8,,,,,,,,,,1280x720,CCSH.txt,28,403,成功,h264,1280x720,25.0,有音频,1.124
广东文化,https://t.freetv.fun/live/yan-dong-yan-dong-wen-hua.m3u8,,,,,,,,,,1280x720,CCSH.txt,5,403,成功,h264,1280x720,25.0,有音频,1.390
之江纪录,http://ali-m-l.cztv.com/channels/lantian/channel12/1080p.m3u8,,,,,,,,,,1920x1080,CCSH.txt,263,200,成功,h264,1920x1080,25.0,有音频,2.245
佛山影视,https://stream1.freetv.fun/fo-shan-ying-shi-19.ctv,,,,,,,,,,1280x720,CCSH.txt,5,403,成功,h264,1280x720,25.0,有音频,1.893
芜湖公共,https://t.freetv.fun/live/wu-hu-gong-gong-1.m3u8,,,,,,,,,,1280x720,CCSH.txt,178,403,成功,h264,1280x720,25.0,有音频,1.144
广州影视,https://t.freetv.fun/live/yan-zhou-ying-shi-26.m3u8,,,,,,,,,,1280x720,CCSH.txt,176,403,成功,h264,1280x720,25.0,有音频,1.435
广州竞赛,https://t.freetv.fun/live/yan-zhou-jing-sai-3-1.m3u8,,,,,,,,,,1280x720,CCSH.txt,14,403,成功,h264,1280x720,25.0,有音频,1.488
溧水新闻综合,https://t.freetv.fun/live/li-shui-xin-wen-zong-he-6.m3u8,,,,,,,,,,1280x720,CCSH.txt,7,403,成功,h264,1280x720,25.0,有音频,1.355
河北都市,https://stream1.freetv.fun/he-bei-du-shi-11.m3u8,,,,,,,,,,1280x720,CCSH.txt,7,403,成功,h264,1280x720,25.0,有音频,1.679
广州影视,https://stream1.freetv.fun/yan-zhou-ying-shi-23.ctv,,,,,,,,,,1280x720,CCSH.txt,311,403,成功,h264,1280x720,25.0,有音频,1.739
福建电视剧,https://stream1.freetv.fun/fu-jian-dian-shi-ju-6.m3u8,,,,,,,,,,1280x720,CCSH.txt,13,403,成功,h264,1280x720,25.0,有音频,1.691
武汉教育,https://stream1.freetv.fun/wu-yi-jiao-yu-18.m3u8,,,,,,,,,,1280x720,CCSH.txt,16,403,成功,h264,1280x720,25.0,有音频,1.629
靖江新闻综合,https://t.freetv.fun/live/jing-jiang-xin-wen-zong-he-5.m3u8,,,,,,,,,,1280x720,CCSH.txt,15,403,成功,h264,1280x720,25.0,有音频,1.438
湖北垄上,https://stream1.freetv.fun/hu-bei-long-shang-10.ctv,,,,,,,,,,1280x720,CCSH.txt,6,403,成功,h264,1280x720,25.0,有音频,1.644
义乌新闻综合,https://t.freetv.fun/live/yi-wu-xin-wen-zong-he-1.m3u8,,,,,,,,,,1280x720,CCSH.txt,12,403,成功,h264,1280x720,25.0,有音频,1.440
湖北经视,https://stream1.freetv.fun/hu-bei-jing-shi-12.m3u8,,,,,,,,,,1280x720,CCSH.txt,312,403,成功,h264,1280x720,25.0,有音频,1.970
浙江新闻,https://t.freetv.fun/live/zhe-jiang-xin-wen-3-1.m3u8,,,,,,,,,,1280x720,CCSH.txt,14,403,成功,h264,1280x720,25.0,有音频,1.430
长沙新闻,https://t.freetv.fun/live/chang-sha-xin-wen-1-1.m3u8,,,,,,,,,,1280x720,CCSH.txt,179,403,成功,h264,1280x720,25.0,有音频,1.487
武汉一台新闻综合,https://stream1.freetv.fun/wu-yi-yi-tai-xin-wen-zong-he-4.m3u8,,,,,,,,,,1280x720,CCSH.txt,39,403,成功,h264,1280x720,25.0,有音频,1.617
海宁新闻综合,https://p2hs.vzan.com/slowlive/317913155078575177/live.m3u8?zbid=293304&tpid=1708007815,,,,,,,,,,1280x720,CCSH.txt,1251,200,成功,h264,1280x720,25.0,有音频,2.691
内蒙文体,https://t.freetv.fun/live/nei-meng-gu-wen-ti-yu-le.m3u8,,,,,,,,,,1280x720,CCSH.txt,17,403,成功,h264,1280x720,25.0,有音频,1.154
长沙新闻,https://t.freetv.fun/live/chang-sha-xin-wen-5.m3u8,,,,,,,,,,1280x720,CCSH.txt,178,403,成功,h264,1280x720,25.0,有音频,1.430
浙江国际,https://t.freetv.fun/live/zhe-jiang-zhe-jiang-guo-ji-pin-dao.m3u8,,,,,,,,,,1280x720,CCSH.txt,42,403,成功,h264,1280x720,25.0,有音频,1.468
佛山影视,https://stream1.freetv.fun/fo-shan-ying-shi-2.ctv,,,,,,,,,,1280x720,CCSH.txt,4,403,成功,h264,1280x720,25.0,有音频,1.899
广州综合,https://t.freetv.fun/live/yan-zhou-zong-he-3-1.m3u8,,,,,,,,,,1280x720,CCSH.txt,4,403,成功,h264,1280x720,25.0,有音频,1.414
湖北教育,https://t.freetv.fun/live/hu-bei-jiao-yu-3.m3u8,,,,,,,,,,1280x720,CCSH.txt,7,403,成功,h264,1280x720,25.0,有音频,1.218
汕头综合,https://t.freetv.fun/live/shan-tou-zong-he-gao-qing-20.m3u8,,,,,,,,,,1280x720,CCSH.txt,5,403,成功,h264,1280x720,25.0,有音频,1.462
湖南都市,https://stream1.freetv.fun/hu-nan-du-shi-7.m3u8,,,,,,,,,,1280x720,CCSH.txt,5,403,成功,h264,1280x720,25.0,有音频,2.028
舟山新闻综合,https://t.freetv.fun/live/zhou-shan-xin-wen-zong-he-2.m3u8,,,,,,,,,,1280x720,CCSH.txt,13,403,成功,h264,1280x720,25.0,有音频,1.454
运城公共频道,https://t.freetv.fun/live/yun-cheng-gong-gong-pin-dao.m3u8,,,,,,,,,,1280x720,CCSH.txt,179,403,成功,h264,1280x720,25.0,有音频,1.452
枣庄新闻综合,https://t.freetv.fun/live/zao-zhuang-xin-wen-zong-he.m3u8,,,,,,,,,,1280x720,CCSH.txt,4,403,成功,h264,1280x720,25.0,有音频,1.148
朝阳新闻综合,https://t.freetv.fun/live/zhao-yang-xin-wen-zong-he-1.m3u8,,,,,,,,,,1280x720,CCSH.txt,14,403,成功,h264,1280x720,25.0,有音频,1.392
浙江民生休闲,https://t.freetv.fun/live/zhe-jiang-min-sheng-xiu-xian-4-1.m3u8,,,,,,,,,,1280x720,CCSH.txt,4,403,成功,h264,1280x720,25.0,有音频,1.427
福建综合,https://live.264788.xyz/channel/fujianzonghe?streamid=6464f306ec4c0acd88d9a698fc2d699e&livekey=01WgOR41rriMmMkzNsd0UoaxJRwetZdxIvtVk,,,,,,,,,,1920x1080,CCSH.txt,749,200,成功,h264,1920x1080,25.0,有音频,2.437
靖江新闻综合,http://visit.jjbctv.com:1935/live/xwzhmb/playlist.m3u8?zjiangsd,,,,,,,,,,1280x720,CCSH.txt,906,200,成功,h264,1280x720,25.0,有音频,3.498
海南文旅,https://t.freetv.fun/live/hai-nan-wen-lu-2.m3u8,,,,,,,,,,1280x720,CCSH.txt,35,403,成功,h264,1280x720,25.0,有音频,1.179
广东珠江,https://t.freetv.fun/live/yan-dong-zhu-jiang-3-1.m3u8,,,,,,,,,,1280x720,CCSH.txt,179,403,成功,h264,1280x720,25.0,有音频,1.378
辽宁都市,http://dassby.qqff.top:99/live/辽宁都市/index.m3u8,,,,,,,,,,1920x1080,CCSH.txt,873,200,成功,h264,1920x1080,25.0,有音频,3.143
万州三峡移民,http://123.146.162.24:8017/c2F0hmi/1000/live.m3u8?zzhongqd,,,,,,,,,,720x576,CCSH.txt,452,200,成功,h264,720x576,25.0,有音频,1.292
苏州新闻综合,https://t.freetv.fun/live/su-zhou-xin-wen-zong-he-4.m3u8,,,,,,,,,,1280x720,CCSH.txt,5,403,成功,h264,1280x720,25.0,有音频,1.149
江津新闻综合,https://t.freetv.fun/live/jiang-jin-xin-wen-zong-he-2-1.m3u8,,,,,,,,,,1280x720,CCSH.txt,16,403,成功,h264,1280x720,25.0,有音频,1.396
石家庄生活,https://t.freetv.fun/live/shi-jia-zhuang-sheng-huo-2.m3u8,,,,,,,,,,1280x720,CCSH.txt,12,403,成功,h264,1280x720,25.0,有音频,1.166
福建新闻,https://live.264788.xyz/channel/fujianxinwen?streamid=d8a3bcf60a1ed185e1456a00c9277485&livekey=01WgOR41rriMmMkzNsd0UoaxJRwetZdxIvtVk,,,,,,,,,,1920x1080,CCSH.txt,2181,200,成功,h264,1920x1080,25.0,有音频,1.908
山东体育,https://stream1.freetv.fun/shan-dong-ti-yu-26.m3u8,,,,,,,,,,1280x720,CCSH.txt,34,403,成功,h264,1280x720,25.0,有音频,2.556
句容党建频道,http://jrlive.jrntv.com/live/_definst_/dangjians/playlist.m3u8,,,,,,,,,,720x576,CCSH.txt,1025,200,成功,h264,720x576,25.0,有音频,4.259
安徽综艺体育,https://t.freetv.fun/live/an-hui-zong-yi-ti-yu-3.m3u8,,,,,,,,,,1280x720,CCSH.txt,15,403,成功,h264,1280x720,25.0,有音频,1.245
湖州新闻综合,https://t.freetv.fun/live/gan-zhou-xin-wen-zong-he-1-1.m3u8,,,,,,,,,,1280x720,CCSH.txt,11,403,成功,h264,1280x720,25.0,有音频,1.346
运城新闻综合,https://t.freetv.fun/live/shan-xi-yun-cheng-xin-wen-zong-he.m3u8,,,,,,,,,,1280x720,CCSH.txt,178,403,成功,h264,1280x720,25.0,有音频,1.260
湖北影视,https://stream1.freetv.fun/hu-bei-ying-shi-6.m3u8,,,,,,,,,,1280x720,CCSH.txt,4,403,成功,h264,1280x720,25.0,有音频,2.480
潼南综合,http://183.230.184.51:65500/tntv1.m3u8,,,,,,,,,,1920x1080,CCSH.txt,660,200,成功,h264,1920x1080,25.0,有音频,2.587
句容新闻综合,http://jrlive.jrntv.com/live/_definst_/jrxwzhs/playlist.m3u8,,,,,,,,,,720x576,CCSH.txt,854,200,成功,h264,720x576,25.0,有音频,3.865
佛山综合,https://stream1.freetv.fun/fo-shan-zong-he-20.ctv,,,,,,,,,,1280x720,CCSH.txt,17,403,成功,h264,1280x720,25.0,有音频,2.447
浙江国际,https://t.freetv.fun/live/cn-zhe-jiang-guo-ji.m3u8,,,,,,,,,,1280x720,CCSH.txt,34,403,成功,h264,1280x720,25.0,有音频,1.345
湖南电影,https://stream1.freetv.fun/hu-nan-dian-ying-9.m3u8,,,,,,,,,,1280x720,CCSH.txt,6,403,成功,h264,1280x720,25.0,有音频,4.098
陕西体育休闲,https://t.freetv.fun/live/ti-yu-xiu-xian-1.m3u8,,,,,,,,,,1280x720,CCSH.txt,4,403,成功,h264,1280x720,25.0,有音频,1.197
福建综合,https://live.264788.xyz/channel/fujianzonghe?streamid=a8df03a67061b34e40ecb8863060a8fa&livekey=01WgOR41rriMmMkzNsd0UoaxJRwetZdxIvtVk,,,,,,,,,,1920x1080,CCSH.txt,1145,200,成功,h264,1920x1080,25.0,有音频,0.836
佛山公共,https://stream1.freetv.fun/fo-shan-gong-gong-16.ctv,,,,,,,,,,1280x720,CCSH.txt,6,403,成功,h264,1280x720,25.0,有音频,2.363
太和新闻综合,https://t.freetv.fun/live/tai-he-xin-wen-zong-he.m3u8,,,,,,,,,,1280x720,CCSH.txt,12,403,成功,h264,1280x720,25.0,有音频,1.173
灵石新闻综合,https://t.freetv.fun/live/ling-shi-xin-wen-zong-he-1.m3u8,,,,,,,,,,1280x720,CCSH.txt,180,403,成功,h264,1280x720,25.0,有音频,1.133
辽宁生活,https://t.freetv.fun/live/liao-zhu-sheng-huo-1.m3u8,,,,,,,,,,1280x720,CCSH.txt,5,403,成功,h264,1280x720,25.0,有音频,1.045
湖北公共,https://stream1.freetv.fun/hu-bei-gong-gong-9.m3u8,,,,,,,,,,1280x720,CCSH.txt,7,403,成功,h264,1280x720,25.0,有音频,1.904
河北农民,https://stream1.freetv.fun/he-bei-nong-min-15.m3u8,,,,,,,,,,1280x720,CCSH.txt,13,403,成功,h264,1280x720,25.0,有音频,2.067
湖北生活,https://stream1.freetv.fun/hu-bei-sheng-huo-1.m3u8,,,,,,,,,,1280x720,CCSH.txt,8,403,成功,h264,1280x720,25.0,有音频,1.716
万州综合,http://123.146.162.24:8017/iTXwrGs/800/live.m3u8?zzhongqd,,,,,,,,,,720x576,CCSH.txt,428,200,成功,h264,720x576,25.0,有音频,1.358
湖州文化娱乐,https://hzcm-live.media.hugd.com/613c47f0ab0d4eaa98b21378d0db6ded/0051d31c9dd543a7825eea4e49675b2a.m3u8?auth_key=2277598059-0a5ebfa1c0dc4671b42a60810fc37039-0-fa625b7d1feab612062453c12e3c8887,,,,,,,,,,1280x720,CCSH.txt,1474,200,成功,h264,1280x720,29.97002997002997,有音频,6.331
繁昌新闻综合,https://t.freetv.fun/live/fan-chang-xin-wen-zong-he.m3u8,,,,,,,,,,1280x720,CCSH.txt,179,403,成功,h264,1280x720,25.0,有音频,1.245
温州经济科教,https://t.freetv.fun/live/wen-zhou-jing-ji-ke-jiao.m3u8,,,,,,,,,,1280x720,CCSH.txt,4,403,成功,h264,1280x720,25.0,有音频,1.432
佛山影视,https://stream1.freetv.fun/fo-shan-ying-shi-17.ctv,,,,,,,,,,1280x720,CCSH.txt,4,403,成功,h264,1280x720,25.0,有音频,1.998
江夏新闻综合,http://59.175.226.142:280/gb28181/xwzh.m3u8?%E5%85%B3%E6%B3%A8%E5%BE%AE%E4%BF%A1%E5%85%AC%E4%BC%97%E5%8F%B7[%E6%99%B4%E5%9B%AD],,,,,,,,,,720x576,CCSH.txt,665,200,成功,h264,720x576,25.0,有音频,2.178
石家庄娱乐,https://stream1.freetv.fun/shi-jia-zhuang-yu-le-11.m3u8,,,,,,,,,,1280x720,CCSH.txt,5,403,成功,h264,1280x720,25.0,有音频,1.700
晋江电视台,https://t.freetv.fun/live/jin-jiang-dian-shi-1.m3u8,,,,,,,,,,1280x720,CCSH.txt,5,403,成功,h264,1280x720,25.0,有音频,1.212
山东体育,https://stream1.freetv.fun/shan-dong-ti-yu-22.m3u8,,,,,,,,,,1280x720,CCSH.txt,109,403,成功,h264,1280x720,25.0,有音频,1.884
湖北综合,https://stream1.freetv.fun/hu-bei-zong-he-12.m3u8,,,,,,,,,,1280x720,CCSH.txt,35,403,成功,h264,1280x720,25.0,有音频,1.939
武汉一台新闻综合,https://stream1.freetv.fun/wu-yi-1xin-wen-zong-he-2.m3u8,,,,,,,,,,1280x720,CCSH.txt,35,403,成功,h264,1280x720,25.0,有音频,1.647
湖北教育,https://t.freetv.fun/live/hu-bei-jiao-yu-1.m3u8,,,,,,,,,,1280x720,CCSH.txt,5,403,成功,h264,1280x720,25.0,有音频,1.191
湖南经视,https://stream1.freetv.fun/hu-nan-jing-shi-4.m3u8,,,,,,,,,,1280x720,CCSH.txt,6,403,成功,h264,1280x720,25.0,有音频,1.581
湖北综合,https://stream1.freetv.fun/hu-bei-zong-he-13.m3u8,,,,,,,,,,1280x720,CCSH.txt,111,403,成功,h264,1280x720,25.0,有音频,1.861
淮南新闻综合,https://t.freetv.fun/live/huai-nan-xin-wen-zong-he.m3u8,,,,,,,,,,1280x720,CCSH.txt,180,403,成功,h264,1280x720,25.0,有音频,1.148
广东新闻,https://t.freetv.fun/live/yan-dong-xin-wen-gao-qing-10.m3u8,,,,,,,,,,1280x720,CCSH.txt,4,403,成功,h264,1280x720,25.0,有音频,1.322
广州竞赛,https://t.freetv.fun/live/yan-zhou-jing-sai-gao-qing.m3u8,,,,,,,,,,1280x720,CCSH.txt,7,403,成功,h264,1280x720,25.0,有音频,1.363
广州新闻,https://t.freetv.fun/live/yan-zhou-xin-wen-6-1.m3u8,,,,,,,,,,1280x720,CCSH.txt,35,403,成功,h264,1280x720,25.0,有音频,1.437
天水新闻综合,https://t.freetv.fun/live/lin-shui-xin-wen-zong-he-1.m3u8,,,,,,,,,,1280x720,CCSH.txt,25,403,成功,h264,1280x720,25.0,有音频,1.172
南宁新闻综合,https://t.freetv.fun/live/long-nan-xin-wen-zong-he.m3u8,,,,,,,,,,1280x720,CCSH.txt,177,403,成功,h264,1280x720,25.0,有音频,1.201
福建综合,https://live.264788.xyz/channel/fujianzonghe?streamid=4e7312db2a9e0b2effa6c08feab90786&livekey=01WgOR41rriMmMkzNsd0UoaxJRwetZdxIvtVk,,,,,,,,,,1920x1080,CCSH.txt,1176,200,成功,h264,1920x1080,25.0,有音频,1.304
湖州文化娱乐,http://hzcm-live.media.hugd.com/613c47f0ab0d4eaa98b21378d0db6ded/0051d31c9dd543a7825eea4e49675b2a.m3u8?auth_key=2277598059-0a5ebfa1c0dc4671b42a60810fc37039-0-fa625b7d1feab612062453c12e3c8887&fbl=,,,,,,,,,,1280x720,CCSH.txt,1775,200,成功,h264,1280x720,29.97002997002997,有音频,2.913
山东新闻,https://stream1.freetv.fun/shan-dong-xin-wen-7.m3u8,,,,,,,,,,1280x720,CCSH.txt,7,403,成功,h264,1280x720,25.0,有音频,1.682
河北都市,https://stream1.freetv.fun/he-bei-du-shi-20.ctv,,,,,,,,,,1280x720,CCSH.txt,7,403,成功,h264,1280x720,25.0,有音频,1.701
海安新闻综合,https://t.freetv.fun/live/hai-an-xin-wen-zong-he-1.m3u8,,,,,,,,,,1280x720,CCSH.txt,33,403,成功,h264,1280x720,25.0,有音频,1.381
浙江新闻,https://t.freetv.fun/live/zhe-jiang-xin-wen-4-1.m3u8,,,,,,,,,,1280x720,CCSH.txt,7,403,成功,h264,1280x720,25.0,有音频,1.417
佛山综合,https://stream1.freetv.fun/fo-shan-zong-he-11.ctv,,,,,,,,,,1280x720,CCSH.txt,6,403,成功,h264,1280x720,25.0,有音频,1.671
湖北垄上,https://stream1.freetv.fun/hu-bei-long-shang-6.m3u8,,,,,,,,,,1280x720,CCSH.txt,5,403,成功,h264,1280x720,25.0,有音频,1.794
固镇新闻,http://www.guzhenm.com:7001/hls/hd-live.m3u8?zanhd,,,,,,,,,,1920x1080,CCSH.txt,1646,200,成功,h264,1920x1080,25.0,有音频,2.124
浙江钱江,https://stream1.freetv.fun/zhe-jiang-qian-jiang-du-shi-2.m3u8,,,,,,,,,,1920x1080,CCSH.txt,5,403,成功,h264,1920x1080,25.0,有音频,8.580
金鹰纪实,https://t.freetv.fun/live/jin-ying-ji-shi-4-1.m3u8,,,,,,,,,,1280x720,CCSH.txt,17,403,成功,h264,1280x720,25.0,有音频,1.359
福建综合,https://live.264788.xyz/channel/fujianzonghe?streamid=f614d92b7259456dde72c14924c6323a&livekey=01WgOR41rriMmMkzNsd0UoaxJRwetZdxIvtVk,,,,,,,,,,1920x1080,CCSH.txt,1270,200,成功,h264,1920x1080,25.0,有音频,1.258
昆明影综艺,https://t.freetv.fun/live/kun-ming-ying-zong-yi.m3u8,,,,,,,,,,1280x720,CCSH.txt,176,403,成功,h264,1280x720,25.0,有音频,1.227
浙江钱江,https://stream1.freetv.fun/zhe-jiang-qian-jiang-du-shi-1.m3u8,,,,,,,,,,1280x720,CCSH.txt,5,403,成功,h264,1280x720,25.0,有音频,12.659
广州新闻,https://t.freetv.fun/live/yan-zhou-xin-wen-20.m3u8,,,,,,,,,,1280x720,CCSH.txt,33,403,成功,h264,1280x720,25.0,有音频,1.374
陕西新闻资讯,https://t.freetv.fun/live/shan-xi-xin-wen-zi-xun-4.m3u8,,,,,,,,,,1280x720,CCSH.txt,4,403,成功,h264,1280x720,25.0,有音频,1.189
辽宁公共,https://t.freetv.fun/live/liao-zhu-gong-gong-1.m3u8,,,,,,,,,,1280x720,CCSH.txt,7,403,成功,h264,1280x720,25.0,有音频,1.402
湖南电视剧,https://stream1.freetv.fun/hu-nan-dian-shi-ju-4.m3u8,,,,,,,,,,640x360,CCSH.txt,6,403,成功,h264,640x360,25.0,有音频,2.237
昆明新闻综合,https://t.freetv.fun/live/kun-ming-xin-wen-zong-he-2.m3u8,,,,,,,,,,1280x720,CCSH.txt,180,403,成功,h264,1280x720,25.0,有音频,1.207
灌阳新闻综合,https://t.freetv.fun/live/guan-yang-xin-wen-zong-he.m3u8,,,,,,,,,,1280x720,CCSH.txt,35,403,成功,h264,1280x720,25.0,有音频,1.227
湖北公共,https://stream1.freetv.fun/hu-bei-gong-gong-3.m3u8,,,,,,,,,,1280x720,CCSH.txt,5,403,成功,h264,1280x720,25.0,有音频,1.654
湖北垄上,https://stream1.freetv.fun/hu-bei-long-shang-11.m3u8,,,,,,,,,,1280x720,CCSH.txt,6,403,成功,h264,1280x720,25.0,有音频,1.629
佛山影视,https://stream1.freetv.fun/fo-shan-ying-shi-11.ctv,,,,,,,,,,1280x720,CCSH.txt,5,403,成功,h264,1280x720,25.0,有音频,1.881
深圳财经生活,https://stream1.freetv.fun/shen-zhen-cai-jing-sheng-huo-4.ctv,,,,,,,,,,1280x720,CCSH.txt,6,403,成功,h264,1280x720,25.0,有音频,1.895
石家庄生活,https://t.freetv.fun/live/shi-jia-zhuang-sheng.m3u8,,,,,,,,,,1280x720,CCSH.txt,5,403,成功,h264,1280x720,25.0,有音频,1.223
绍兴公共,http://live.shaoxing.com.cn/video/s10001-sxtv2/index.m3u8?zzhed,,,,,,,,,,1280x720,CCSH.txt,642,200,成功,h264,1280x720,30.0,有音频,1.964
河北农民,https://stream1.freetv.fun/he-bei-nong-min-9.m3u8,,,,,,,,,,1280x720,CCSH.txt,7,403,成功,h264,1280x720,25.0,有音频,1.663
江门综合,https://t.freetv.fun/live/jiang-men-zong-he.m3u8,,,,,,,,,,1280x720,CCSH.txt,5,403,成功,h264,1280x720,25.0,有音频,1.427
南宁新闻综合,https://t.freetv.fun/live/nan-zhu-xin-wen-zong-he-2-1.m3u8,,,,,,,,,,1280x720,CCSH.txt,180,403,成功,h264,1280x720,25.0,有音频,1.164
河北都市,https://stream1.freetv.fun/he-bei-du-shi-12.m3u8,,,,,,,,,,1280x720,CCSH.txt,5,403,成功,h264,1280x720,25.0,有音频,3.496
南京生活,https://t.freetv.fun/live/nan-jing-sheng-huo-2.m3u8,,,,,,,,,,1280x720,CCSH.txt,12,403,成功,h264,1280x720,25.0,有音频,1.380
辽宁公共,http://dassby.qqff.top:99/live/辽宁公共/index.m3u8,,,,,,,,,,1920x1080,CCSH.txt,993,200,成功,h264,1920x1080,25.0,有音频,3.334
佛山影视,https://stream1.freetv.fun/fo-shan-ying-shi-13.ctv,,,,,,,,,,1280x720,CCSH.txt,5,403,成功,h264,1280x720,25.0,有音频,1.804
辽宁教育青少,http://dassby.qqff.top:99/live/辽宁教育青少/index.m3u8,,,,,,,,,,1920x1080,CCSH.txt,965,200,成功,h264,1920x1080,25.0,有音频,4.353
湖南电影,https://stream1.freetv.fun/hu-nan-dian-ying-7.m3u8,,,,,,,,,,1280x720,CCSH.txt,6,403,成功,h264,1280x720,25.0,有音频,1.997
浙江国际,https://t.freetv.fun/live/zhe-jiang-guo-ji-1-2.m3u8,,,,,,,,,,1280x720,CCSH.txt,33,403,成功,h264,1280x720,25.0,有音频,1.421
汕头综合,https://t.freetv.fun/live/shan-tou-zong-he-gao-qing-9.m3u8,,,,,,,,,,1280x720,CCSH.txt,4,403,成功,h264,1280x720,25.0,有音频,1.425
湖北公共,https://stream1.freetv.fun/hu-bei-gong-gong-10.m3u8,,,,,,,,,,1280x720,CCSH.txt,8,403,成功,h264,1280x720,25.0,有音频,1.658
湖南都市,https://t.freetv.fun/live/hu-nan-du-shi-1-1.m3u8,,,,,,,,,,1280x720,CCSH.txt,28,403,成功,h264,1280x720,25.0,有音频,1.375
南京新闻综合,https://t.freetv.fun/live/nan-jing-xin-wen-zong-he-3.m3u8,,,,,,,,,,1280x720,CCSH.txt,20,403,成功,h264,1280x720,25.0,有音频,1.342
安徽综艺体育,https://t.freetv.fun/live/an-hui-zong-yi-ti-yu-1-1.m3u8,,,,,,,,,,1280x720,CCSH.txt,12,403,成功,h264,1280x720,25.0,有音频,1.214
佛山公共,https://stream1.freetv.fun/fo-shan-gong-gong-8.ctv,,,,,,,,,,1280x720,CCSH.txt,5,403,成功,h264,1280x720,25.0,有音频,1.860
保康新闻综合,https://t.freetv.fun/live/bao-kang-xin-wen-zong-he-1.m3u8,,,,,,,,,,1280x720,CCSH.txt,182,403,成功,h264,1280x720,25.0,有音频,1.155
海南新闻,https://t.freetv.fun/live/hai-nan-xin-wen.m3u8,,,,,,,,,,1280x720,CCSH.txt,33,403,成功,h264,1280x720,25.0,有音频,1.198
枣庄新闻综合,https://t.freetv.fun/live/zao-zhuang-xin-wen-zong-he-1.m3u8,,,,,,,,,,1280x720,CCSH.txt,4,403,成功,h264,1280x720,25.0,有音频,1.127
浙江民生休闲,https://t.freetv.fun/live/zhe-jiang-min-sheng-xiu-xian-7.m3u8,,,,,,,,,,1280x720,CCSH.txt,5,403,成功,h264,1280x720,25.0,有音频,1.439
安庆公共,https://t.freetv.fun/live/an-qing-gong-gong.m3u8,,,,,,,,,,1280x720,CCSH.txt,14,403,成功,h264,1280x720,25.0,有音频,1.191
苏州新闻综合,https://t.freetv.fun/live/jiang-su-xin-wen-zong-he.m3u8,,,,,,,,,,1280x720,CCSH.txt,16,403,成功,h264,1280x720,25.0,有音频,1.395
湖南都市,https://t.freetv.fun/live/hu-nan-du-shi-3-1.m3u8,,,,,,,,,,1280x720,CCSH.txt,4,403,成功,h264,1280x720,25.0,有音频,1.404
舟山新闻综合,https://t.freetv.fun/live/le-shan-xin-wen-zong-he.m3u8,,,,,,,,,,1280x720,CCSH.txt,18,403,成功,h264,1280x720,25.0,有音频,1.427
芜湖生活,https://t.freetv.fun/live/wu-hu-sheng-huo-1.m3u8,,,,,,,,,,1280x720,CCSH.txt,182,403,成功,h264,1280x720,25.0,有音频,1.216
南国都市,http://tencentplaygzrb01.gztv.com/live/nanguodushi.m3u8,,,,,,,,,,1920x1080,CCSH.txt,1263,200,成功,h264,1920x1080,50.0,有音频,3.172
广州综合,https://t.freetv.fun/live/yan-zhou-zong-he-gao-qing.m3u8,,,,,,,,,,1280x720,CCSH.txt,6,403,成功,h264,1280x720,25.0,有音频,1.384
益阳新闻综合,https://t.freetv.fun/live/yi-yang-xin-wen-zong-he.m3u8,,,,,,,,,,1280x720,CCSH.txt,5,403,成功,h264,1280x720,25.0,有音频,1.335
石家庄娱乐,https://stream1.freetv.fun/shi-jia-zhuang-yu-le-12.ctv,,,,,,,,,,1280x720,CCSH.txt,4,403,成功,h264,1280x720,25.0,有音频,1.630
湖北综合,https://stream1.freetv.fun/hu-bei-zong-he-7.m3u8,,,,,,,,,,1280x720,CCSH.txt,33,403,成功,h264,1280x720,25.0,有音频,1.901
海宁新闻综合,https://t.freetv.fun/live/hai-zhu-xin-wen-zong-he-2.m3u8,,,,,,,,,,1280x720,CCSH.txt,16,403,成功,h264,1280x720,25.0,有音频,3.446
湖北影视,https://stream1.freetv.fun/hu-bei-ying-shi-15.ctv,,,,,,,,,,1280x720,CCSH.txt,4,403,成功,h264,1280x720,25.0,有音频,1.676
崇阳新闻综合,https://t.freetv.fun/live/chong-yang-xin-wen-zong-he-1.m3u8,,,,,,,,,,1280x720,CCSH.txt,181,403,成功,h264,1280x720,25.0,有音频,1.160
漳州新闻综合,https://t.freetv.fun/live/zhang-zhou-xin-wen-zong-he-1.m3u8,,,,,,,,,,1280x720,CCSH.txt,4,403,成功,h264,1280x720,25.0,有音频,0.992
安顺新闻,https://t.freetv.fun/live/an-shun-xin-wen.m3u8,,,,,,,,,,1280x720,CCSH.txt,32,403,成功,h264,1280x720,25.0,有音频,1.243
湖北生活,https://stream1.freetv.fun/hu-bei-sheng-huo-11.m3u8,,,,,,,,,,1280x720,CCSH.txt,5,403,成功,h264,1280x720,25.0,有音频,1.582
浙江新闻,https://t.freetv.fun/live/zhe-jiang-xin-wen-1-2.m3u8,,,,,,,,,,1280x720,CCSH.txt,8,403,成功,h264,1280x720,25.0,有音频,1.345
湖北公共,https://stream1.freetv.fun/hu-bei-gong-gong-xin-wen-4.m3u8,,,,,,,,,,1280x720,CCSH.txt,7,403,成功,h264,1280x720,25.0,有音频,2.133
陕西新闻资讯,https://t.freetv.fun/live/shan-xi-xin-wen-zi-xun-2.m3u8,,,,,,,,,,720x576,CCSH.txt,18,403,成功,h264,720x576,50.0,有音频,11.665
陕西体育休闲,https://t.freetv.fun/live/shan-xi-ti-yu-2.m3u8,,,,,,,,,,1280x720,CCSH.txt,4,403,成功,h264,1280x720,25.0,有音频,1.237
辽宁影视剧,http://120.76.248.139/live/bfgd/4200000070.m3u8,,,,,,,,,,1920x1080,CCSH.txt,399,200,成功,h264,1920x1080,25.0,有音频,2.208
福建新闻,https://live.264788.xyz/channel/fujianxinwen?streamid=3c0a220a2e444b45de5dbc40f99aa11b&livekey=01WgOR41rriMmMkzNsd0UoaxJRwetZdxIvtVk,,,,,,,,,,1920x1080,CCSH.txt,2928,200,成功,h264,1920x1080,25.0,有音频,3.545
佛山综合,https://t.freetv.fun/live/fo-shan-zong-he-13.m3u8,,,,,,,,,,1280x720,CCSH.txt,6,403,成功,h264,1280x720,25.0,有音频,1.354
郧阳新闻综合,https://t.freetv.fun/live/yun-yang-xin-wen-zong-he.m3u8,,,,,,,,,,1280x720,CCSH.txt,10,403,成功,h264,1280x720,25.0,有音频,1.159
南宁新闻综合,https://t.freetv.fun/live/nan-zhu-xin-wen-zong-he-1-2.m3u8,,,,,,,,,,1280x720,CCSH.txt,182,403,成功,h264,1280x720,25.0,有音频,1.240
金鹰纪实,https://t.freetv.fun/live/jin-ying-ji-shi-hd.m3u8,,,,,,,,,,1280x720,CCSH.txt,6,403,成功,h264,1280x720,25.0,有音频,1.439
湖北教育,https://t.freetv.fun/live/hu-bei-jiao-yu-2.m3u8,,,,,,,,,,1280x720,CCSH.txt,18,403,成功,h264,1280x720,25.0,有音频,1.155
昆明新闻综合,https://t.freetv.fun/live/kun-ming-xin-wen-zong-he-1.m3u8,,,,,,,,,,1280x720,CCSH.txt,181,403,成功,h264,1280x720,25.0,有音频,1.232
武汉二台电视剧,https://stream1.freetv.fun/wu-yi-er-tai-dian-shi-ju-3.ctv,,,,,,,,,,1280x720,CCSH.txt,33,403,成功,h264,1280x720,25.0,有音频,1.673
温州经济科教,https://t.freetv.fun/live/jing-ji-ke-jiao-gao-qing-19.m3u8,,,,,,,,,,1280x720,CCSH.txt,5,403,成功,h264,1280x720,25.0,有音频,1.484
义乌新闻综合,https://t.freetv.fun/live/gong-yi-xin-wen-zong-he-1.m3u8,,,,,,,,,,1280x720,CCSH.txt,24,403,成功,h264,1280x720,25.0,有音频,1.420
湖北公共,https://stream1.freetv.fun/hu-bei-gong-gong-1.m3u8,,,,,,,,,,1280x720,CCSH.txt,4,403,成功,h264,1280x720,25.0,有音频,1.758
福建新闻,https://live.264788.xyz/channel/fujianxinwen?streamid=1d7a4e8614e13d43791f381297047a1a&livekey=01WgOR41rriMmMkzNsd0UoaxJRwetZdxIvtVk,,,,,,,,,,1920x1080,CCSH.txt,3054,200,成功,h264,1920x1080,25.0,有音频,1.545
河北都市,https://stream1.freetv.fun/he-bei-du-shi-18.m3u8,,,,,,,,,,1280x720,CCSH.txt,7,403,成功,h264,1280x720,25.0,有音频,1.593
南国都市,https://tencentplay.gztv.com/live/nanguodushi.m3u8?txSecret=59b2d3f371597c07d47815034a0e6e78&txTime=19019c65629,,,,,,,,,,1920x1080,CCSH.txt,1099,200,成功,h264,1920x1080,50.0,有音频,3.355
辽宁公共,https://stream1.freetv.fun/liao-zhu-gong-gong-2.m3u8,,,,,,,,,,1280x720,CCSH.txt,8,403,成功,h264,1280x720,25.0,有音频,1.823
湖北综合,https://stream1.freetv.fun/hu-bei-zong-he-10.m3u8,,,,,,,,,,1280x720,CCSH.txt,32,403,成功,h264,1280x720,25.0,有音频,1.867
靖江新闻综合,https://t.freetv.fun/live/jing-jiang-xin-wen-zong-he-6.m3u8,,,,,,,,,,1280x720,CCSH.txt,4,403,成功,h264,1280x720,25.0,有音频,1.398
南宁新闻综合,https://t.freetv.fun/live/cn-nan-zhu-xin-wen-zong-he.m3u8,,,,,,,,,,1280x720,CCSH.txt,181,403,成功,h264,1280x720,25.0,有音频,1.160
重庆汽摩,http://183.230.184.51:65500/tntv1.m3u8?zzhongqd,,,,,,,,,,1920x1080,CCSH.txt,682,200,成功,h264,1920x1080,25.0,有音频,2.393
广东新闻,https://t.freetv.fun/live/yan-dong-xin-wen-gao-qing-18.m3u8,,,,,,,,,,1280x720,CCSH.txt,4,403,成功,h264,1280x720,25.0,有音频,1.453
广州竞赛,https://stream1.freetv.fun/yan-zhou-jing-sai-5.m3u8,,,,,,,,,,1280x720,CCSH.txt,7,403,成功,h264,1280x720,25.0,有音频,5.327
佛山影视,https://stream1.freetv.fun/fo-shan-ying-shi-3.ctv,,,,,,,,,,1280x720,CCSH.txt,4,403,成功,h264,1280x720,25.0,有音频,1.883
山东体育,https://stream1.freetv.fun/shan-dong-ti-yu-11.m3u8,,,,,,,,,,1280x720,CCSH.txt,33,403,成功,h264,1280x720,25.0,有音频,1.647
河北农民,https://stream1.freetv.fun/he-bei-nong-min-8.m3u8,,,,,,,,,,1280x720,CCSH.txt,8,403,成功,h264,1280x720,25.0,有音频,1.623
南国都市,https://t.freetv.fun/live/nan-guo-du-shi-1-1.m3u8,,,,,,,,,,1280x720,CCSH.txt,25,403,成功,h264,1280x720,25.0,有音频,1.394
湖北垄上,https://stream1.freetv.fun/hu-bei-long-shang-18.m3u8,,,,,,,,,,1280x720,CCSH.txt,5,403,成功,h264,1280x720,25.0,有音频,1.650
佛山公共,https://stream1.freetv.fun/fo-shan-gong-gong-2.ctv,,,,,,,,,,1280x720,CCSH.txt,5,403,成功,h264,1280x720,25.0,有音频,1.874
海南新闻,https://t.freetv.fun/live/hai-nan-xin-wen-2.m3u8,,,,,,,,,,1280x720,CCSH.txt,32,403,成功,h264,1280x720,25.0,有音频,1.258
湖南电视剧,https://stream1.freetv.fun/hu-nan-dian-shi-ju-gao-qing-1.m3u8,,,,,,,,,,1280x720,CCSH.txt,5,403,成功,h264,1280x720,25.0,有音频,1.873
南通都市生活,https://t.freetv.fun/live/nan-tong-du-shi-sheng-huo.m3u8,,,,,,,,,,1280x720,CCSH.txt,184,403,成功,h264,1280x720,25.0,有音频,1.413
深圳少儿,https://stream1.freetv.fun/shen-zhen-shao-er-7.ctv,,,,,,,,,,1280x720,CCSH.txt,14,403,成功,h264,1280x720,25.0,有音频,1.919
南京新闻综合,https://t.freetv.fun/live/nan-jing-xin-wen-zong-he-4.m3u8,,,,,,,,,,1280x720,CCSH.txt,11,403,成功,h264,1280x720,25.0,有音频,1.355
靖江新闻综合,http://dassby.qqff.top:99/live/辽宁北方/index.m3u8,,,,,,,,,,1920x1080,CCSH.txt,914,200,成功,h264,1920x1080,25.0,有音频,9.711
舟山新闻综合,https://t.freetv.fun/live/zhe-jiang-zhou-shan-xin-wen-zong-he.m3u8,,,,,,,,,,1280x720,CCSH.txt,8,403,成功,h264,1280x720,25.0,有音频,1.377
南国都市,https://tencentplay.gztv.com/live/nanguodushi.m3u8?txSecret=627498b93bc6f5d6e2460d0823bf81a3&txTime=18e6df74fc2,,,,,,,,,,1920x1080,CCSH.txt,1292,200,成功,h264,1920x1080,50.0,有音频,4.283
江门综合,https://stream1.freetv.fun/jiang-men-zong-he-13.ctv,,,,,,,,,,1280x720,CCSH.txt,4,403,成功,h264,1280x720,25.0,有音频,1.681
湖北垄上,https://stream1.freetv.fun/hu-bei-long-shang-13.m3u8,,,,,,,,,,1280x720,CCSH.txt,5,403,成功,h264,1280x720,25.0,有音频,1.831
昆明影综艺,https://t.freetv.fun/live/kun-ming-ying-zong-yi-1.m3u8,,,,,,,,,,1280x720,CCSH.txt,186,403,成功,h264,1280x720,25.0,有音频,1.126
浙江国际,https://t.freetv.fun/live/zhe-jiang-guo-ji-5-1.m3u8,,,,,,,,,,1280x720,CCSH.txt,32,403,成功,h264,1280x720,25.0,有音频,1.386
福建新闻,https://live.264788.xyz/channel/fujianxinwen?streamid=12a259df7c10f9ab7fde3c0c3aa1ba60&livekey=01WgOR41rriMmMkzNsd0UoaxJRwetZdxIvtVk,,,,,,,,,,1920x1080,CCSH.txt,3159,200,成功,h264,1920x1080,25.0,有音频,0.994
石家庄生活,https://t.freetv.fun/live/he-bei-shi-jia-zhuang-sheng-huo.m3u8,,,,,,,,,,1280x720,CCSH.txt,4,403,成功,h264,1280x720,25.0,有音频,1.170
汕头经济,https://t.freetv.fun/live/shan-tou-sheng-huo-gao-qing-21.m3u8,,,,,,,,,,1280x720,CCSH.txt,5,403,成功,h264,1280x720,25.0,有音频,1.451
金鹰纪实,https://t.freetv.fun/live/jin-ying-ji-shi-12-1.m3u8,,,,,,,,,,1280x720,CCSH.txt,6,403,成功,h264,1280x720,25.0,有音频,1.382
桐庐综合,https://t.freetv.fun/live/tong-xiang-xin-wen-zong-he.m3u8,,,,,,,,,,1280x720,CCSH.txt,186,403,成功,h264,1280x720,25.0,有音频,1.431
辽宁公共,https://stream1.freetv.fun/liao-zhu-gong-gong-3.m3u8,,,,,,,,,,1280x720,CCSH.txt,8,403,成功,h264,1280x720,25.0,有音频,1.836
河北农民,https://stream1.freetv.fun/he-bei-nong-min-12.m3u8,,,,,,,,,,1280x720,CCSH.txt,7,403,成功,h264,1280x720,25.0,有音频,2.821
无锡都市资讯,https://t.freetv.fun/live/wu-xi-du-shi.m3u8,,,,,,,,,,1280x720,CCSH.txt,36,403,成功,h264,1280x720,25.0,有音频,1.436
佛山影视,https://stream1.freetv.fun/fo-shan-ying-shi-20.ctv,,,,,,,,,,1280x720,CCSH.txt,5,403,成功,h264,1280x720,25.0,有音频,1.864
浙江民生休闲,https://t.freetv.fun/live/zhe-jiang-min-sheng-xiu-xian-2-1.m3u8,,,,,,,,,,1280x720,CCSH.txt,5,403,成功,h264,1280x720,25.0,有音频,1.386
汕头综合,https://t.freetv.fun/live/shan-tou-zong-he-gao-qing-10.m3u8,,,,,,,,,,1280x720,CCSH.txt,4,403,成功,h264,1280x720,25.0,有音频,1.350
湖南电影,https://stream1.freetv.fun/hu-nan-dian-ying-8.m3u8,,,,,,,,,,1280x720,CCSH.txt,6,403,成功,h264,1280x720,25.0,有音频,3.079
苏州生活资讯,https://t.freetv.fun/live/su-zhou-sheng-huo-zi-xun-3.m3u8,,,,,,,,,,1280x720,CCSH.txt,4,403,成功,h264,1280x720,25.0,有音频,1.440
湖北公共,https://stream1.freetv.fun/hu-bei-gong-gong-11.m3u8,,,,,,,,,,1280x720,CCSH.txt,7,403,成功,h264,1280x720,25.0,有音频,1.729
海南公共,https://t.freetv.fun/live/hai-nan-gong-gong-3.m3u8,,,,,,,,,,1280x720,CCSH.txt,23,403,成功,h264,1280x720,25.0,有音频,1.166
义乌新闻综合,https://t.freetv.fun/live/zun-yi-xin-wen-zong-he.m3u8,,,,,,,,,,1280x720,CCSH.txt,17,403,成功,h264,1280x720,25.0,有音频,1.385
湖北影视,https://stream1.freetv.fun/hu-bei-ying-shi-10.m3u8,,,,,,,,,,1280x720,CCSH.txt,6,403,成功,h264,1280x720,25.0,有音频,1.620
枣庄新闻综合,https://t.freetv.fun/live/shan-dong-zao-zhuang-xin-wen-zong-he.m3u8,,,,,,,,,,1280x720,CCSH.txt,4,403,成功,h264,1280x720,25.0,有音频,1.181
辽宁移动电视,https://t.freetv.fun/live/liao-zhu-yi-dong-dian-shi.m3u8,,,,,,,,,,1280x720,CCSH.txt,4,403,成功,h264,1280x720,25.0,有音频,1.430
深圳财经生活,https://stream1.freetv.fun/shen-zhen-cai-jing-sheng-huo-1.m3u8,,,,,,,,,,1280x720,CCSH.txt,26,403,成功,h264,1280x720,25.0,有音频,1.856
山东体育,https://stream1.freetv.fun/shan-dong-ti-yu-18.m3u8,,,,,,,,,,1280x720,CCSH.txt,146,403,成功,h264,1280x720,25.0,有音频,1.635
北京财经,http://player.cntv.cn/standard/live_HLSDRM20180524.swf?ChannelID=btv5&videoTVChannel=btv5&P2PChannelID=pd://cctv_p2p_hdbtv5&tai=btv5&VideoName=btv5&channelID=btv5,,,,,,,,,,19x24,CCSH.txt,125,200,成功,rawvideo,19x24,25.0,无音频,0.872
昆明科学教育,https://t.freetv.fun/live/kun-ming-ke-xue-jiao-yu.m3u8,,,,,,,,,,1280x720,CCSH.txt,23,403,成功,h264,1280x720,25.0,有音频,1.130
湖南都市,https://t.freetv.fun/live/hu-nan-du-shi-2-1.m3u8,,,,,,,,,,1280x720,CCSH.txt,14,403,成功,h264,1280x720,25.0,有音频,1.366
南通新闻综合,https://t.freetv.fun/live/nan-tong-xin-wen-zong-he-4.m3u8,,,,,,,,,,1280x720,CCSH.txt,15,403,成功,h264,1280x720,25.0,有音频,1.462
北京科教,http://player.cntv.cn/standard/live_HLSDRM20180606.swf?ChannelID=btv3&P2PChannelID=pd://cctv_p2p_hdbtv3,,,,,,,,,,19x24,CCSH.txt,150,200,成功,rawvideo,19x24,25.0,无音频,0.591
广州新闻,https://t.freetv.fun/live/yan-zhou-xin-wen-21.m3u8,,,,,,,,,,1280x720,CCSH.txt,33,403,成功,h264,1280x720,25.0,有音频,1.434
石家庄新闻综合,https://t.freetv.fun/live/shi-jia-zhuang-xin-wen-zong-he.m3u8,,,,,,,,,,1280x720,CCSH.txt,4,403,成功,h264,1280x720,25.0,有音频,1.205
浙江钱江,https://t.freetv.fun/live/zhe-jiang-qian-jiang-du-shi-3-1.m3u8,,,,,,,,,,1280x720,CCSH.txt,5,403,成功,h264,1280x720,25.0,有音频,1.406
佛山综合,https://t.freetv.fun/live/fo-shan-zong-he-12.m3u8,,,,,,,,,,1280x720,CCSH.txt,5,403,成功,h264,1280x720,25.0,有音频,1.401
衡阳新闻综合,https://t.freetv.fun/live/heng-yang-xin-wen-zong-he-3.m3u8,,,,,,,,,,1280x720,CCSH.txt,5,403,成功,h264,1280x720,25.0,有音频,1.340
广东新闻,https://t.freetv.fun/live/yan-dong-xin-wen-gao-qing-13.m3u8,,,,,,,,,,1280x720,CCSH.txt,4,403,成功,h264,1280x720,25.0,有音频,1.410
铜梁综合,http://183.64.174.171:40123/ch1.m3u8,,,,,,,,,,720x576,CCSH.txt,700,200,成功,h264,720x576,25.0,有音频,2.223
南宁新闻综合,https://t.freetv.fun/live/yan-xi-nan-zhu-xin-wen-zong-he.m3u8,,,,,,,,,,1280x720,CCSH.txt,23,403,成功,h264,1280x720,25.0,有音频,1.166
浙江新闻,https://t.freetv.fun/live/zhe-jiang-xin-wen-6-1.m3u8,,,,,,,,,,1280x720,CCSH.txt,10,403,成功,h264,1280x720,25.0,有音频,1.371
南国都市,https://tencentplaygsm.gztv.com/live/nanguodushi.m3u8?txTime=6594e9d5&txSecret=e783742d1233ae402ec4566b8537ca17,,,,,,,,,,1920x1080,CCSH.txt,1152,200,成功,h264,1920x1080,50.0,有音频,4.458
河北都市,http://1.94.31.214/php/hebei.php?id=hbds,,,,,,,,,,960x540,CCSH.txt,1703,200,成功,h264,960x540,25.0,有音频,6.201
南国都市,https://tencentplaygsm.gztv.com/live/nanguodushi.m3u8?txTime=659a5130&txSecret=79b02fdfa77e39b5f5b86cd4bb848a0e,,,,,,,,,,1920x1080,CCSH.txt,1276,200,成功,h264,1920x1080,50.0,有音频,5.148
武汉二台电视剧,https://stream1.freetv.fun/wu-yi-er-tai-dian-shi-ju-1.m3u8,,,,,,,,,,1280x720,CCSH.txt,32,403,成功,h264,1280x720,25.0,有音频,1.587
武乡新闻综合,http://60.220.198.84:81/0.m3u8,,,,,,,,,,1280x720,CCSH.txt,855,200,成功,h264,1280x720,30.0,有音频,2.510
湖北教育,https://stream1.freetv.fun/hu-bei-jiao-yu-2.m3u8,,,,,,,,,,1280x720,CCSH.txt,12,403,成功,h264,1280x720,25.0,有音频,1.492
永嘉新闻综合,https://t.freetv.fun/live/yong-kang-xin-wen-zong-he-1.m3u8,,,,,,,,,,1280x720,CCSH.txt,24,403,成功,h264,1280x720,25.0,有音频,1.344
漳州新闻综合,https://t.freetv.fun/live/zhang-zhou-xin-wen-zong-he-1.php,,,,,,,,,,1280x720,CCSH.txt,5,403,成功,h264,1280x720,25.0,有音频,1.141
陕西体育休闲,https://t.freetv.fun/live/shan-xi-ti-yu.m3u8,,,,,,,,,,1280x720,CCSH.txt,4,403,成功,h264,1280x720,25.0,有音频,1.173
深圳少儿,https://stream1.freetv.fun/shen-zhen-shao-er-1.m3u8,,,,,,,,,,1280x720,CCSH.txt,4,403,成功,h264,1280x720,25.0,有音频,1.831
淮安新闻综合,https://t.freetv.fun/live/huai-an-xin-wen-zong-he-1-1.m3u8,,,,,,,,,,1280x720,CCSH.txt,32,403,成功,h264,1280x720,25.0,有音频,1.432
温州都市生活,https://t.freetv.fun/live/wen-zhou-du-shi-sheng-huo.m3u8,,,,,,,,,,1280x720,CCSH.txt,5,403,成功,h264,1280x720,25.0,有音频,1.368
河北都市,https://t.freetv.fun/live/he-bei-du-shi-4.php,,,,,,,,,,1280x720,CCSH.txt,4,403,成功,h264,1280x720,25.0,有音频,1.168
湖北综合,https://t.freetv.fun/live/hu-bei-zong-he-2.m3u8,,,,,,,,,,1280x720,CCSH.txt,27,403,成功,h264,1280x720,25.0,有音频,1.433
湖北经视,https://stream1.freetv.fun/hu-bei-jing-shi-7.m3u8,,,,,,,,,,1280x720,CCSH.txt,147,403,成功,h264,1280x720,25.0,有音频,1.591
湖南经视,https://stream1.freetv.fun/hu-nan-jing-shi-14.m3u8,,,,,,,,,,1280x720,CCSH.txt,5,403,成功,h264,1280x720,25.0,有音频,1.861
湖北公共,https://stream1.freetv.fun/hu-bei-gong-gong-2.m3u8,,,,,,,,,,1280x720,CCSH.txt,4,403,成功,h264,1280x720,25.0,有音频,1.640
安徽综艺体育,https://stream1.freetv.fun/an-hui-zong-yi-ti-yu-6.m3u8,,,,,,,,,,1280x720,CCSH.txt,21,403,成功,h264,1280x720,25.0,有音频,1.821
湖南电影,https://stream1.freetv.fun/hu-nan-dian-ying-11.m3u8,,,,,,,,,,1280x720,CCSH.txt,10,403,成功,h264,1280x720,25.0,有音频,1.893
清镇新闻综合,https://t.freetv.fun/live/qing-zhen-xin-wen-zong-he.m3u8,,,,,,,,,,1280x720,CCSH.txt,28,403,成功,h264,1280x720,25.0,有音频,1.170
浙江新闻,https://stream1.freetv.fun/7fa07158e038a9bae3747a0cb9f8e8ff1aaba32669d28d99a498716f16569c1d.m3u8,,,,,,,,,,1920x1080,CCSH.txt,8,403,成功,h264,1920x1080,25.0,有音频,2.572
义乌新闻综合,https://t.freetv.fun/live/xiao-yi-xin-wen-zong-he.m3u8,,,,,,,,,,1280x720,CCSH.txt,8,403,成功,h264,1280x720,25.0,有音频,1.391
如东新闻综合,https://t.freetv.fun/live/dong-zhi-xin-wen-zong-he-1.m3u8,,,,,,,,,,1280x720,CCSH.txt,26,403,成功,h264,1280x720,25.0,有音频,1.358
绍兴文化,http://live.shaoxing.com.cn/video/s10001-sxtv3/index.m3u8?zzhed?,,,,,,,,,,1280x720,CCSH.txt,587,200,成功,h264,1280x720,25.0,有音频,3.203
汕头经济,https://t.freetv.fun/live/shan-tou-sheng-huo-gao-qing-14.m3u8,,,,,,,,,,1280x720,CCSH.txt,5,403,成功,h264,1280x720,25.0,有音频,1.373
句容新闻综合,http://jrlive.jrntv.com/live/_definst_/jrxwzhs/playlist.m3u8?zjiangsd,,,,,,,,,,720x576,CCSH.txt,923,200,成功,h264,720x576,25.0,有音频,3.767
湖北垄上,https://stream1.freetv.fun/hu-bei-long-shang-13.ctv,,,,,,,,,,1280x720,CCSH.txt,4,403,成功,h264,1280x720,25.0,有音频,1.643
武汉教育,https://t.freetv.fun/live/wu-yi-jiao-yu-1.m3u8,,,,,,,,,,1280x720,CCSH.txt,28,403,成功,h264,1280x720,25.0,有音频,1.021
南宁都市生活,https://t.freetv.fun/live/nan-zhu-du-shi-sheng-huo-1-1.m3u8,,,,,,,,,,1280x720,CCSH.txt,25,403,成功,h264,1280x720,25.0,有音频,1.228
浙江数码时代,https://ali-m-l.cztv.com/channels/lantian/channel012/1080p.m3u8\r\n,,,,,,,,,,1920x1080,CCSH.txt,1106,200,成功,h264,1920x1080,25.0,有音频,2.684
湖北生活,https://stream1.freetv.fun/hu-bei-sheng-huo-12.m3u8,,,,,,,,,,1280x720,CCSH.txt,13,403,成功,h264,1280x720,25.0,有音频,1.625
湖州新闻综合,https://hzcm-live.media.hugd.com/3f5fa7d64c7c46a38c6bd8ad35e836cc/65128273761b4731ae53729ea6dcf932.m3u8?auth_key=2277598215-9d21c15111244bea8d298c361d31a72e-0-d031198f58d44b0e91ba2e3f3b188865,,,,,,,,,,1280x720,CCSH.txt,1918,200,成功,h264,1280x720,29.97002997002997,有音频,4.954
河北都市,https://stream1.freetv.fun/he-bei-du-shi-7.m3u8,,,,,,,,,,1280x720,CCSH.txt,6,403,成功,h264,1280x720,25.0,有音频,1.622
河北农民,https://stream1.freetv.fun/he-bei-nong-min-18.m3u8,,,,,,,,,,1280x720,CCSH.txt,7,403,成功,h264,1280x720,25.0,有音频,1.722
南通新闻综合,https://t.freetv.fun/live/nan-tong-xin-wen-zong-he-7.m3u8,,,,,,,,,,1280x720,CCSH.txt,4,403,成功,h264,1280x720,25.0,有音频,1.344
湖州新闻综合,https://t.freetv.fun/live/gan-zhou-xin-wen-zong-he-2.flv,,,,,,,,,,1280x720,CCSH.txt,4,403,成功,h264,1280x720,25.0,有音频,1.458
浙江留学,https://ali-m-l.cztv.com/channels/lantian/channel009/1080p.m3u8,,,,,,,,,,1920x1080,CCSH.txt,707,200,成功,h264,1920x1080,25.0,有音频,2.409
湖南电视剧,https://stream1.freetv.fun/hu-nan-dian-shi-ju-15.m3u8,,,,,,,,,,1280x720,CCSH.txt,5,403,成功,h264,1280x720,25.0,有音频,1.802
南国都市,https://tencentplay.gztv.com/live/nanguodushi.m3u8?txSecret=c82f82d7a6beda92b2b1ce93753dcacb&txTime=18e4a381d46,,,,,,,,,,1920x1080,CCSH.txt,2546,200,成功,h264,1920x1080,50.0,有音频,3.536
永嘉新闻综合,https://t.freetv.fun/live/yong-nian-xin-wen-zong-he.m3u8,,,,,,,,,,1280x720,CCSH.txt,27,403,成功,h264,1280x720,25.0,有音频,1.404
广州新闻,https://t.freetv.fun/live/yan-zhou-xin-wen-2-1.m3u8,,,,,,,,,,1280x720,CCSH.txt,28,403,成功,h264,1280x720,25.0,有音频,1.388
陕西西部电影,https://t.freetv.fun/live/shan-xi-xi-bu-dian-ying-1.m3u8,,,,,,,,,,1280x720,CCSH.txt,14,403,成功,h264,1280x720,25.0,有音频,1.357
南宁新闻综合,https://t.freetv.fun/live/an-hui-huai-nan-xin-wen-zong-he-1.m3u8,,,,,,,,,,1280x720,CCSH.txt,26,403,成功,h264,1280x720,25.0,有音频,1.186
石家庄生活,https://stream1.freetv.fun/shi-jia-zhuang-sheng-huo-10.ctv,,,,,,,,,,1280x720,CCSH.txt,20,403,成功,h264,1280x720,25.0,有音频,1.672
佛山公共,https://stream1.freetv.fun/fo-shan-gong-gong-3.ctv,,,,,,,,,,1280x720,CCSH.txt,6,403,成功,h264,1280x720,25.0,有音频,1.878
佛山影视,https://stream1.freetv.fun/fo-shan-ying-shi-14.ctv,,,,,,,,,,1280x720,CCSH.txt,4,403,成功,h264,1280x720,25.0,有音频,1.921
浙江民生休闲,https://t.freetv.fun/live/zhe-jiang-zhe-jiang-min-sheng-xiu-xian.m3u8,,,,,,,,,,1280x720,CCSH.txt,5,403,成功,h264,1280x720,25.0,有音频,1.604
湖北垄上,https://stream1.freetv.fun/hu-bei-long-shang-12.m3u8,,,,,,,,,,1280x720,CCSH.txt,5,403,成功,h264,1280x720,25.0,有音频,1.612
山东体育,https://stream1.freetv.fun/shan-dong-ti-yu-12.m3u8,,,,,,,,,,1280x720,CCSH.txt,163,403,成功,h264,1280x720,25.0,有音频,1.772
南京新闻综合,https://t.freetv.fun/live/fu-nan-xin-wen-zong-he.m3u8,,,,,,,,,,1280x720,CCSH.txt,19,403,成功,h264,1280x720,25.0,有音频,1.459
海南公共,https://t.freetv.fun/live/hai-nan-gong-gong-1.m3u8,,,,,,,,,,1280x720,CCSH.txt,26,403,成功,h264,1280x720,25.0,有音频,1.206
湖北影视,https://stream1.freetv.fun/hu-bei-ying-shi-13.m3u8,,,,,,,,,,1280x720,CCSH.txt,5,403,成功,h264,1280x720,25.0,有音频,1.671
北京新闻,http://wstvcpudali.v.myalicdn.com/wstvcpud/udrmbtv9_1/index.m3u8,,,,,,,,,,960x540,CCSH.txt,6168,200,成功,h264,960x540,25.0,有音频,3.259
安徽综艺体育,https://stream1.freetv.fun/an-hui-zong-yi-ti-yu-2.m3u8,,,,,,,,,,1280x720,CCSH.txt,7,403,成功,h264,1280x720,25.0,有音频,1.740
北京生活,http://player.cntv.cn/standard/live_HLSDRM20180524.swf?ChannelID=btv7&videoTVChannel=btv7&P2PChannelID=pd://cctv_p2p_hdbtv7&tai=btv7&VideoName=btv7&channelID=btv7,,,,,,,,,,19x24,CCSH.txt,179,200,成功,rawvideo,19x24,25.0,无音频,0.338
湖南电视剧,https://t.freetv.fun/live/hu-nan-dian-shi-ju-1-1.m3u8,,,,,,,,,,1280x720,CCSH.txt,7,403,成功,h264,1280x720,25.0,有音频,1.429
江夏新闻综合,http://59.175.226.142:280/gb28181/xwzh.m3u8,,,,,,,,,,720x576,CCSH.txt,731,200,成功,h264,720x576,25.0,有音频,5.912
安徽经济生活,https://t.freetv.fun/live/an-hui-jing-ji-sheng-huo-2.m3u8,,,,,,,,,,1280x720,CCSH.txt,20,403,成功,h264,1280x720,25.0,有音频,1.173
广州影视,https://stream1.freetv.fun/yan-zhou-ying-shi-1.m3u8,,,,,,,,,,1280x720,CCSH.txt,162,403,成功,h264,1280x720,25.0,有音频,1.667
湖北公共,https://stream1.freetv.fun/hu-bei-gong-gong-13.m3u8,,,,,,,,,,1280x720,CCSH.txt,7,403,成功,h264,1280x720,25.0,有音频,1.642
江门综合,https://stream1.freetv.fun/jiang-men-zong-he-5.ctv,,,,,,,,,,1280x720,CCSH.txt,4,403,成功,h264,1280x720,25.0,有音频,1.587
昆明经济生活,https://t.freetv.fun/live/kun-ming-jing-ji-sheng-huo.m3u8,,,,,,,,,,1280x720,CCSH.txt,27,403,成功,h264,1280x720,25.0,有音频,1.180
歙县综合,https://ahlive.ahwanyun.cn/live/09c5ad9fdb8a44fbaf152b03f8402589/hls.m3u8,,,,,,,,,,1920x1080,CCSH.txt,2313,200,成功,h264,1920x1080,30.0,有音频,4.957
佛山影视,https://stream1.freetv.fun/fo-shan-ying-shi-16.ctv,,,,,,,,,,1280x720,CCSH.txt,5,403,成功,h264,1280x720,25.0,有音频,1.850
深圳少儿,https://stream1.freetv.fun/shen-zhen-shao-er-3.m3u8,,,,,,,,,,1280x720,CCSH.txt,6,403,成功,h264,1280x720,25.0,有音频,1.817
佛山公共,https://t.freetv.fun/live/fo-shan-gong-gong-12.m3u8,,,,,,,,,,1280x720,CCSH.txt,7,403,成功,h264,1280x720,25.0,有音频,1.427
浙江钱江,https://t.freetv.fun/live/zhe-jiang-qian-jiang-du-shi-2-1.m3u8,,,,,,,,,,1280x720,CCSH.txt,5,403,成功,h264,1280x720,25.0,有音频,1.405
南京娱乐,https://t.freetv.fun/live/nan-jing-yu-le-1.m3u8,,,,,,,,,,1280x720,CCSH.txt,4,403,成功,h264,1280x720,25.0,有音频,1.421
衡阳新闻综合,https://t.freetv.fun/live/heng-yang-xin-wen-zong-he-2.m3u8,,,,,,,,,,1280x720,CCSH.txt,5,403,成功,h264,1280x720,25.0,有音频,1.384
金鹰纪实,https://t.freetv.fun/live/jin-ying-ji-shi-10-1.m3u8,,,,,,,,,,1280x720,CCSH.txt,4,403,成功,h264,1280x720,25.0,有音频,1.430
如东新闻综合,https://t.freetv.fun/live/dong-zhi-xin-wen-zong-he.m3u8,,,,,,,,,,1280x720,CCSH.txt,24,403,成功,h264,1280x720,25.0,有音频,1.398
上虞新闻综合,http://l.cztvcloud.com/channels/lantian/SXshangyu1/720p.m3u8,,,,,,,,,,1920x1080,CCSH.txt,5647,200,成功,h264,1920x1080,25.0,有音频,3.465
石家庄新闻综合,https://t.freetv.fun/live/shi-jia-zhuang-zong-he.m3u8,,,,,,,,,,1280x720,CCSH.txt,5,403,成功,h264,1280x720,25.0,有音频,1.170
辽宁经济,https://t.freetv.fun/live/liao-zhu-jing-ji-1.m3u8,,,,,,,,,,1280x720,CCSH.txt,5,403,成功,h264,1280x720,25.0,有音频,1.407
湖北综合,https://stream1.freetv.fun/hu-bei-zong-he-2.m3u8,,,,,,,,,,1280x720,CCSH.txt,160,403,成功,h264,1280x720,25.0,有音频,1.517
汕头综合,https://t.freetv.fun/live/shan-tou-zong-he-2.m3u8,,,,,,,,,,1280x720,CCSH.txt,6,403,成功,h264,1280x720,25.0,有音频,1.438
山东体育,https://stream1.freetv.fun/shan-dong-ti-yu-23.m3u8,,,,,,,,,,1280x720,CCSH.txt,162,403,成功,h264,1280x720,25.0,有音频,2.354
佛山综合,https://stream1.freetv.fun/fo-shan-zong-he-24.ctv,,,,,,,,,,1280x720,CCSH.txt,11,403,成功,h264,1280x720,25.0,有音频,2.152
湖北教育,https://stream1.freetv.fun/hu-bei-jiao-yu-13.m3u8,,,,,,,,,,1280x720,CCSH.txt,4,403,成功,h264,1280x720,25.0,有音频,1.629
湖北生活,https://stream1.freetv.fun/hu-bei-sheng-huo-12.ctv,,,,,,,,,,1280x720,CCSH.txt,4,403,成功,h264,1280x720,25.0,有音频,1.649
济南教育,https://t.freetv.fun/live/ji-nan-jiao-yu-1.m3u8,,,,,,,,,,1280x720,CCSH.txt,4,403,成功,h264,1280x720,25.0,有音频,0.962
山东体育,https://stream1.freetv.fun/shan-dong-ti-yu-3.m3u8,,,,,,,,,,1280x720,CCSH.txt,160,403,成功,h264,1280x720,25.0,有音频,1.665
漳浦综合,https://t.freetv.fun/live/fu-jian-zhang-pu-zong-he.m3u8,,,,,,,,,,1280x720,CCSH.txt,6,403,成功,h264,1280x720,25.0,有音频,1.152
河北都市,https://stream1.freetv.fun/he-bei-du-shi-21.ctv,,,,,,,,,,1280x720,CCSH.txt,4,403,成功,h264,1280x720,25.0,有音频,1.626
湖北综合,https://t.freetv.fun/live/hu-bei-zong-he-3.m3u8,,,,,,,,,,1280x720,CCSH.txt,26,403,成功,h264,1280x720,25.0,有音频,1.448
绍兴文化影院,http://live.shaoxing.com.cn/video/s10001-sxtv3/index.m3u8?zzhed,,,,,,,,,,1280x720,CCSH.txt,424,200,成功,h264,1280x720,25.0,有音频,4.011
辽宁影视,http://dassby.qqff.top:99/live/辽宁影视剧/index.m3u8,,,,,,,,,,1920x1080,CCSH.txt,219,200,成功,h264,1920x1080,25.0,有音频,4.176
辽宁生活,http://dassby.qqff.top:99/live/辽宁生活/index.m3u8,,,,,,,,,,1920x1080,CCSH.txt,221,200,成功,h264,1920x1080,25.0,有音频,3.361
绍兴公共,http://live.shaoxing.com.cn/video/s10001-sxtv2/index.m3u8?,,,,,,,,,,1280x720,CCSH.txt,221,200,成功,h264,1280x720,30.0,有音频,2.506
湖南经视,https://stream1.freetv.fun/hu-nan-jing-shi-10.m3u8,,,,,,,,,,1280x720,CCSH.txt,4,403,成功,h264,1280x720,25.0,有音频,1.985
苏州生活资讯,https://t.freetv.fun/live/su-zhou-sheng-huo-zi-xun-2-1.m3u8,,,,,,,,,,1280x720,CCSH.txt,16,403,成功,h264,1280x720,25.0,有音频,1.785
广东民生,https://t.freetv.fun/live/yan-dong-min-sheng-2-1.m3u8,,,,,,,,,,1280x720,CCSH.txt,6,403,成功,h264,1280x720,25.0,有音频,1.354
海南公共,https://t.freetv.fun/live/hai-nan-gong-gong-4.m3u8,,,,,,,,,,1280x720,CCSH.txt,24,403,成功,h264,1280x720,25.0,有音频,1.197
重庆汽摩,http://183.64.181.25:40023/rongchang01.m3u8?%E5%85%B3%E6%B3%A8%E5%BE%AE%E4%BF%A1%E5%85%AC%E4%BC%97%E5%8F%B7[%E6%99%B4%E5%9B%AD],,,,,,,,,,720x404,CCSH.txt,726,200,成功,h264,720x404,25.0,有音频,5.998
南京新闻综合,https://t.freetv.fun/live/nan-jing-xin-wen-zong-he-3-1.m3u8,,,,,,,,,,1280x720,CCSH.txt,5,403,成功,h264,1280x720,25.0,有音频,1.585
湖北影视,https://t.freetv.fun/live/hu-bei-ying-shi-2.m3u8,,,,,,,,,,1280x720,CCSH.txt,4,403,成功,h264,1280x720,25.0,有音频,1.162
广州影视,https://stream1.freetv.fun/yan-zhou-ying-shi-17.ctv,,,,,,,,,,1280x720,CCSH.txt,161,403,成功,h264,1280x720,25.0,有音频,1.725
安徽经济生活,https://stream1.freetv.fun/an-hui-jing-ji-sheng-huo-2.m3u8,,,,,,,,,,1280x720,CCSH.txt,4,403,成功,h264,1280x720,25.0,有音频,1.438
海南公共,https://t.freetv.fun/live/hai-nan-gong-gong.m3u8,,,,,,,,,,1280x720,CCSH.txt,27,403,成功,h264,1280x720,25.0,有音频,1.268
石家庄生活,https://stream1.freetv.fun/shi-jia-zhuang-sheng-huo-11.ctv,,,,,,,,,,1280x720,CCSH.txt,5,403,成功,h264,1280x720,25.0,有音频,1.619
湖南电影,https://stream1.freetv.fun/hu-nan-dian-ying-14.m3u8,,,,,,,,,,1280x720,CCSH.txt,6,403,成功,h264,1280x720,25.0,有音频,1.954
湖南电视剧,https://t.freetv.fun/live/hu-nan-dian-shi-ju-2.m3u8,,,,,,,,,,640x360,CCSH.txt,6,403,成功,h264,640x360,25.0,有音频,2.075
湖北公共,https://stream1.freetv.fun/hu-bei-gong-gong-xin-wen-2.m3u8,,,,,,,,,,1280x720,CCSH.txt,6,403,成功,h264,1280x720,25.0,有音频,1.670
广州影视,https://stream1.freetv.fun/yan-zhou-ying-shi-12.ctv,,,,,,,,,,1280x720,CCSH.txt,164,403,成功,h264,1280x720,25.0,有音频,1.641
陕西体育休闲,https://t.freetv.fun/live/shan-xi-ti-yu-1.m3u8,,,,,,,,,,1280x720,CCSH.txt,5,403,成功,h264,1280x720,25.0,有音频,1.549
浙江新闻,https://stream1.freetv.fun/zhe-jiang-xin-wen-7.m3u8,,,,,,,,,,1280x720,CCSH.txt,7,403,成功,h264,1280x720,25.0,有音频,3.849
永嘉新闻综合,https://stream1.freetv.fun/yong-jia-xin-wen-zong-he-1.m3u8,,,,,,,,,,1920x1080,CCSH.txt,163,403,成功,h264,1920x1080,25.0,有音频,3.590
佛山公共,https://stream1.freetv.fun/fo-shan-gong-gong-17.ctv,,,,,,,,,,1280x720,CCSH.txt,6,403,成功,h264,1280x720,25.0,有音频,1.869
湖南都市,https://stream1.freetv.fun/hu-nan-du-shi-15.m3u8,,,,,,,,,,1280x720,CCSH.txt,18,403,成功,h264,1280x720,25.0,有音频,1.792
苍南新闻综合,https://stream1.freetv.fun/cang-nan-xin-wen-zong-he-7.m3u8,,,,,,,,,,1280x720,CCSH.txt,5,403,成功,h264,1280x720,25.0,有音频,2.019
佛山影视,https://stream1.freetv.fun/fo-shan-ying-shi-7.ctv,,,,,,,,,,1280x720,CCSH.txt,4,403,成功,h264,1280x720,25.0,有音频,1.890
辽宁经济,http://dassby.qqff.top:99/live/辽宁经济/index.m3u8,,,,,,,,,,1920x1080,CCSH.txt,1140,200,成功,h264,1920x1080,25.0,有音频,3.534
安徽综艺体育,https://stream1.freetv.fun/an-hui-zong-yi-ti-yu-18.m3u8,,,,,,,,,,1280x720,CCSH.txt,5,403,成功,h264,1280x720,25.0,有音频,1.605
湖北垄上,https://t.freetv.fun/live/hu-bei-long-shang-2.m3u8,,,,,,,,,,1280x720,CCSH.txt,6,403,成功,h264,1280x720,25.0,有音频,1.186
武汉一台新闻综合,https://t.freetv.fun/live/wu-yi-xin-wen-zong-he-1-2.m3u8,,,,,,,,,,1280x720,CCSH.txt,28,403,成功,h264,1280x720,25.0,有音频,1.470
武汉一台新闻综合,https://t.freetv.fun/live/wu-yi-xin-wen-zong-he-1.m3u8,,,,,,,,,,1280x720,CCSH.txt,27,403,成功,h264,1280x720,25.0,有音频,1.000
河北农民,https://stream1.freetv.fun/he-bei-nong-min-17.m3u8,,,,,,,,,,1280x720,CCSH.txt,7,403,成功,h264,1280x720,25.0,有音频,1.608
山东体育,https://stream1.freetv.fun/shan-dong-ti-yu-15.m3u8,,,,,,,,,,1280x720,CCSH.txt,161,403,成功,h264,1280x720,25.0,有音频,1.660
海南新闻,https://t.freetv.fun/live/hai-nan-xin-wen-1.m3u8,,,,,,,,,,1280x720,CCSH.txt,24,403,成功,h264,1280x720,25.0,有音频,1.172
南通新闻综合,https://t.freetv.fun/live/nan-tong-xin-wen-zong-he-6.m3u8,,,,,,,,,,1280x720,CCSH.txt,6,403,成功,h264,1280x720,25.0,有音频,1.455
衡阳新闻综合,https://t.freetv.fun/live/heng-yang-xin-wen-zong-he-1.m3u8,,,,,,,,,,1280x720,CCSH.txt,14,403,成功,h264,1280x720,25.0,有音频,1.602
浙江生活,https://t.freetv.fun/live/zhe-jiang-jing-ji-sheng-huo-1-2.m3u8,,,,,,,,,,1280x720,CCSH.txt,4,403,成功,h264,1280x720,25.0,有音频,1.419
山东教育,http://dassby.qqff.top:99/live/山东教育卫视/index.m3u8,,,,,,,,,,720x576,CCSH.txt,1182,200,成功,h264,720x576,25.0,有音频,5.339
湖北影视,https://stream1.freetv.fun/hu-bei-ying-shi-7.m3u8,,,,,,,,,,1280x720,CCSH.txt,18,403,成功,h264,1280x720,25.0,有音频,1.637
甘肃少儿,https://t.freetv.fun/live/gan-su-shao-er.m3u8,,,,,,,,,,1280x720,CCSH.txt,5,403,成功,h264,1280x720,25.0,有音频,1.186
南宁都市生活,https://t.freetv.fun/live/nan-zhu-du-shi-sheng-huo-2-1.m3u8,,,,,,,,,,1280x720,CCSH.txt,24,403,成功,h264,1280x720,25.0,有音频,1.190
湖南电视剧,https://stream1.freetv.fun/hu-nan-dian-shi-ju-5.m3u8,,,,,,,,,,1280x720,CCSH.txt,4,403,成功,h264,1280x720,25.0,有音频,1.904
石家庄娱乐,https://t.freetv.fun/live/shi-jia-zhuang-yu-le-2.m3u8,,,,,,,,,,1280x720,CCSH.txt,5,403,成功,h264,1280x720,25.0,有音频,1.203
湖北教育,https://stream1.freetv.fun/hu-bei-jiao-yu-9.m3u8,,,,,,,,,,1280x720,CCSH.txt,5,403,成功,h264,1280x720,25.0,有音频,1.657
荆门新闻综合,http://stream.jmtv.com.cn/xwzh/sd/live.m3u8?zhubd,,,,,,,,,,1920x1080,CCSH.txt,1255,200,成功,h264,1920x1080,25.0,有音频,2.603
汕头经济,https://t.freetv.fun/live/shan-tou-sheng-huo.m3u8,,,,,,,,,,1280x720,CCSH.txt,7,403,成功,h264,1280x720,25.0,有音频,1.433
武汉一台新闻综合,https://t.freetv.fun/live/he-bei-wu-yi-xin-wen-zong-he.m3u8,,,,,,,,,,1280x720,CCSH.txt,24,403,成功,h264,1280x720,25.0,有音频,1.197
淮安新闻综合,https://t.freetv.fun/live/huai-an-xin-wen-zong-he-2.m3u8,,,,,,,,,,1280x720,CCSH.txt,24,403,成功,h264,1280x720,25.0,有音频,1.345
江门综合,https://stream1.freetv.fun/jiang-men-zong-he-14.ctv,,,,,,,,,,1280x720,CCSH.txt,5,403,成功,h264,1280x720,25.0,有音频,1.796
湖北生活,https://stream1.freetv.fun/hu-bei-sheng-huo-5.m3u8,,,,,,,,,,1280x720,CCSH.txt,4,403,成功,h264,1280x720,25.0,有音频,1.667
海宁生活服务,https://t.freetv.fun/live/hai-zhu-sheng-huo-fu-wu-2.m3u8,,,,,,,,,,1280x720,CCSH.txt,4,403,成功,h264,1280x720,25.0,有音频,1.389
湖州公共,http://hzcm-live.media.hugd.com/1e6b554b9ab74513958c0e1ffe664d22/9acaa7634309494cb29a85eb12136607.m3u8?auth_key=2272900830-9a2389b8bf4e49d580d4ad807423d326-0-ea78a5c7a678c436263582d368f5009e&amp;fbl=,,,,,,,,,,1280x720,CCSH.txt,1114,200,成功,h264,1280x720,25.0,有音频,1.809
浙江国际,https://stream1.freetv.fun/8edc171ba7945fd93cc0f2c9e39b48ba0a94500d0029db9456dfdc2d75f9ea9d.m3u8,,,,,,,,,,1280x720,CCSH.txt,25,403,成功,h264,1280x720,25.0,有音频,2.279
湖北垄上,https://stream1.freetv.fun/hu-bei-long-shang-4.m3u8,,,,,,,,,,1280x720,CCSH.txt,4,403,成功,h264,1280x720,25.0,有音频,1.618
广东民生,https://t.freetv.fun/live/yan-dong-min-sheng-biao-qing.m3u8,,,,,,,,,,1280x720,CCSH.txt,4,403,成功,h264,1280x720,25.0,有音频,1.400
湖北综合,https://t.freetv.fun/live/hu-bei-zong-he-1.m3u8,,,,,,,,,,1280x720,CCSH.txt,25,403,成功,h264,1280x720,25.0,有音频,1.398
湖北垄上,https://t.freetv.fun/live/hu-bei-long-shang-3.m3u8,,,,,,,,,,1280x720,CCSH.txt,4,403,成功,h264,1280x720,25.0,有音频,1.165
辽宁北方,https://t.freetv.fun/live/liao-zhu-bei-fang-1.m3u8,,,,,,,,,,1280x720,CCSH.txt,5,403,成功,h264,1280x720,25.0,有音频,1.356
佛山综合,https://stream1.freetv.fun/fo-shan-zong-he-5.ctv,,,,,,,,,,1280x720,CCSH.txt,22,403,成功,h264,1280x720,25.0,有音频,1.762
武汉一台新闻综合,https://t.freetv.fun/live/wu-yi-xin-wen-zong-he-pin-dao.m3u8,,,,,,,,,,1280x720,CCSH.txt,25,403,成功,h264,1280x720,25.0,有音频,1.121
重庆汽摩,http://222.179.155.21:1935/ch1.m3u8?%E5%85%B3%E6%B3%A8%E5%BE%AE%E4%BF%A1%E5%85%AC%E4%BC%97%E5%8F%B7[%E6%99%B4%E5%9B%AD],,,,,,,,,,1920x1080,CCSH.txt,475,200,成功,h264,1920x1080,25.0,有音频,4.173
广州影视,https://stream1.freetv.fun/yan-zhou-ying-shi-21.ctv,,,,,,,,,,1280x720,CCSH.txt,162,403,成功,h264,1280x720,25.0,有音频,1.675
南京新闻综合,https://t.freetv.fun/live/fu-nan-xin-wen-zong-he-1.m3u8,,,,,,,,,,1280x720,CCSH.txt,19,403,成功,h264,1280x720,25.0,有音频,1.367
漳浦综合,https://t.freetv.fun/live/zhang-pu-zong-he-2.m3u8,,,,,,,,,,1280x720,CCSH.txt,6,403,成功,h264,1280x720,25.0,有音频,1.186
嘉兴新闻综合,https://t.freetv.fun/live/jia-xing-xin-wen-zong-he-1-1.m3u8,,,,,,,,,,1280x720,CCSH.txt,5,403,成功,h264,1280x720,25.0,有音频,1.461
佛山影视,https://stream1.freetv.fun/fo-shan-ying-shi-5.ctv,,,,,,,,,,1280x720,CCSH.txt,4,403,成功,h264,1280x720,25.0,有音频,1.915
汕头综合,https://t.freetv.fun/live/shan-tou-zong-he-gao-qing-11.m3u8,,,,,,,,,,1280x720,CCSH.txt,5,403,成功,h264,1280x720,25.0,有音频,1.392
休宁新闻综合,https://t.freetv.fun/live/xiu-zhu-xin-wen-zong-he.m3u8,,,,,,,,,,1280x720,CCSH.txt,4,403,成功,h264,1280x720,25.0,有音频,1.224
南国都市,https://t.freetv.fun/live/nan-guo-du-shi-1.php,,,,,,,,,,1920x1080,CCSH.txt,19,403,成功,h264,1920x1080,50.0,有音频,2.416
深圳少儿,https://stream1.freetv.fun/shen-zhen-shao-er-6.ctv,,,,,,,,,,1280x720,CCSH.txt,14,403,成功,h264,1280x720,25.0,有音频,1.892
山东少儿,https://stream1.freetv.fun/shan-dong-shao-er-1.m3u8,,,,,,,,,,1280x720,CCSH.txt,25,403,成功,h264,1280x720,25.0,有音频,1.770
南通新闻综合,https://t.freetv.fun/live/nan-tong-xin-wen-zong-he-5.m3u8,,,,,,,,,,1280x720,CCSH.txt,4,403,成功,h264,1280x720,25.0,有音频,1.362
河北农民,https://t.freetv.fun/live/he-bei-nong-min-5.m3u8,,,,,,,,,,1280x720,CCSH.txt,24,403,成功,h264,1280x720,25.0,有音频,1.229
浙江国际,https://t.freetv.fun/live/zhe-jiang-guo-ji-3-1.m3u8,,,,,,,,,,1280x720,CCSH.txt,24,403,成功,h264,1280x720,25.0,有音频,1.390
安徽经济生活,https://stream1.freetv.fun/an-hui-jing-ji-sheng-huo-13.m3u8,,,,,,,,,,1280x720,CCSH.txt,14,403,成功,h264,1280x720,25.0,有音频,1.602
浙江钱江,https://t.freetv.fun/live/zhe-jiang-qian-jiang-du-shi-4.m3u8,,,,,,,,,,1280x720,CCSH.txt,5,403,成功,h264,1280x720,25.0,有音频,1.422
海南公共,https://t.freetv.fun/live/hai-nan-gong-gong-2.m3u8,,,,,,,,,,1280x720,CCSH.txt,24,403,成功,h264,1280x720,25.0,有音频,1.156
南京娱乐,https://t.freetv.fun/live/jiang-su-nan-jing-yu-le.m3u8,,,,,,,,,,1280x720,CCSH.txt,14,403,成功,h264,1280x720,25.0,有音频,1.406
河北都市,https://stream1.freetv.fun/he-bei-du-shi-22.ctv,,,,,,,,,,1280x720,CCSH.txt,6,403,成功,h264,1280x720,25.0,有音频,1.664
苏州生活资讯,https://t.freetv.fun/live/su-zhou-sheng-huo-zi-xun-1.m3u8,,,,,,,,,,1280x720,CCSH.txt,15,403,成功,h264,1280x720,25.0,有音频,1.051
佛山公共,https://t.freetv.fun/live/fo-shan-gong-gong-13.m3u8,,,,,,,,,,1280x720,CCSH.txt,9,403,成功,h264,1280x720,25.0,有音频,1.377
湖南电影,https://stream1.freetv.fun/hu-nan-dian-ying-12.m3u8,,,,,,,,,,1280x720,CCSH.txt,5,403,成功,h264,1280x720,25.0,有音频,1.940
福建综合,https://stream1.freetv.fun/fu-jian-zong-he-2.m3u8,,,,,,,,,,1280x720,CCSH.txt,20,403,成功,h264,1280x720,25.0,有音频,1.649
南宁都市生活,https://t.freetv.fun/live/yan-xi-nan-zhu-du-shi-sheng-huo.m3u8,,,,,,,,,,1280x720,CCSH.txt,22,403,成功,h264,1280x720,25.0,有音频,1.168
武汉教育,https://stream1.freetv.fun/wu-yi-jiao-yu-7.m3u8,,,,,,,,,,1280x720,CCSH.txt,37,403,成功,h264,1280x720,25.0,有音频,1.603
济南新闻综合,https://stream1.freetv.fun/ipv6-ji-nan-xin-wen-zong-he-8.m3u8,,,,,,,,,,1280x720,CCSH.txt,4,403,成功,h264,1280x720,25.0,有音频,1.617
佛山公共,https://stream1.freetv.fun/fo-shan-gong-gong-6.ctv,,,,,,,,,,1280x720,CCSH.txt,5,403,成功,h264,1280x720,25.0,有音频,1.868
滨海新闻综合,https://t.freetv.fun/live/bin-hai-xin-wen-zong-he-3.m3u8,,,,,,,,,,1280x720,CCSH.txt,4,403,成功,h264,1280x720,25.0,有音频,1.414
金鹰纪实,https://t.freetv.fun/live/jin-ying-ji-shi-5-1.m3u8,,,,,,,,,,1280x720,CCSH.txt,5,403,成功,h264,1280x720,25.0,有音频,1.380
山东少儿,https://stream1.freetv.fun/shan-dong-shao-er-10.m3u8,,,,,,,,,,1280x720,CCSH.txt,35,403,成功,h264,1280x720,25.0,有音频,1.638
金鹰纪实,https://t.freetv.fun/live/jin-ying-ji-shi-gao-qing-1.m3u8,,,,,,,,,,1280x720,CCSH.txt,14,403,成功,h264,1280x720,25.0,有音频,1.376
麻城综合,https://video.yscxy.cn:8888/mctv1.m3u8,,,,,,,,,,1920x1080,CCSH.txt,1243,200,成功,h264,1920x1080,25.0,有音频,4.952
石家庄新闻综合,https://stream1.freetv.fun/shi-jia-zhuang-xin-wen-zong-he-10.m3u8,,,,,,,,,,1280x720,CCSH.txt,4,403,成功,h264,1280x720,25.0,有音频,1.604
湖南都市,https://stream1.freetv.fun/hu-nan-du-shi-1.m3u8,,,,,,,,,,1280x720,CCSH.txt,14,403,成功,h264,1280x720,25.0,有音频,1.615
武汉一台新闻综合,https://t.freetv.fun/live/wu-zhi-xin-wen-zong-he.m3u8,,,,,,,,,,1280x720,CCSH.txt,53,403,成功,h264,1280x720,25.0,有音频,1.458
淮安新闻综合,https://t.freetv.fun/live/huai-an-xin-wen-zong-he-2-1.m3u8,,,,,,,,,,1280x720,CCSH.txt,35,403,成功,h264,1280x720,25.0,有音频,1.428
苍南新闻综合,https://stream1.freetv.fun/cang-nan-xin-wen-zong-he-2.m3u8,,,,,,,,,,1920x1080,CCSH.txt,15,403,成功,h264,1920x1080,25.0,有音频,10.065
汕头经济,https://t.freetv.fun/live/shan-tou-jing-ji-sheng-huo-1.m3u8,,,,,,,,,,1280x720,CCSH.txt,6,403,成功,h264,1280x720,25.0,有音频,1.387
石家庄娱乐,https://t.freetv.fun/live/shi-jia-zhuang-yu.m3u8,,,,,,,,,,1280x720,CCSH.txt,5,403,成功,h264,1280x720,25.0,有音频,1.205
湖北影视,https://t.freetv.fun/live/hu-bei-ying-shi.m3u8,,,,,,,,,,1280x720,CCSH.txt,6,403,成功,h264,1280x720,25.0,有音频,1.190
湖北公共,https://stream1.freetv.fun/hu-bei-gong-gong-xin-wen-3.ctv,,,,,,,,,,1280x720,CCSH.txt,6,403,成功,h264,1280x720,25.0,有音频,1.670
浙江新闻,https://stream1.freetv.fun/zhe-jiang-xin-wen-10.m3u8,,,,,,,,,,1920x1080,CCSH.txt,6,403,成功,h264,1920x1080,25.0,有音频,4.184
浙江国际,https://t.freetv.fun/live/zhe-jiang-guo-ji-6-1.m3u8,,,,,,,,,,1280x720,CCSH.txt,53,403,成功,h264,1280x720,25.0,有音频,1.393
石家庄生活,https://stream1.freetv.fun/shi-jia-zhuang-sheng-huo-15.ctv,,,,,,,,,,1280x720,CCSH.txt,16,403,成功,h264,1280x720,25.0,有音频,1.700
湖北教育,https://stream1.freetv.fun/hu-bei-jiao-yu-14.m3u8,,,,,,,,,,1280x720,CCSH.txt,15,403,成功,h264,1280x720,25.0,有音频,1.673
荆门新闻综合,http://stream.jmtv.com.cn/xwzh/sd/live.m3u8?%E5%85%B3%E6%B3%A8%E5%BE%AE%E4%BF%A1%E5%85%AC%E4%BC%97%E5%8F%B7[%E6%99%B4%E5%9B%AD],,,,,,,,,,1920x1080,CCSH.txt,1301,200,成功,h264,1920x1080,25.0,有音频,3.415
安徽综艺体育,https://stream1.freetv.fun/an-hui-zong-yi-ti-yu-5.m3u8,,,,,,,,,,1280x720,CCSH.txt,4,403,成功,h264,1280x720,25.0,有音频,1.703
佛山公共,https://t.freetv.fun/live/fo-shan-gong-gong-10.m3u8,,,,,,,,,,1280x720,CCSH.txt,6,403,成功,h264,1280x720,25.0,有音频,1.388
太谷新闻综合,https://t.freetv.fun/live/tai-gu-xin-wen-zong-he-1-1.m3u8,,,,,,,,,,1280x720,CCSH.txt,5,403,成功,h264,1280x720,25.0,有音频,1.196
辽宁都市,https://t.freetv.fun/live/liao-zhu-du-shi-1-1.m3u8,,,,,,,,,,1280x720,CCSH.txt,5,403,成功,h264,1280x720,25.0,有音频,1.444
武汉教育,https://stream1.freetv.fun/wu-yi-jiao-yu-15.m3u8,,,,,,,,,,1280x720,CCSH.txt,35,403,成功,h264,1280x720,25.0,有音频,1.648
荆门新闻综合,https://t.freetv.fun/live/jing-men-xin-wen-zong-he-2-1.m3u8,,,,,,,,,,1280x720,CCSH.txt,35,403,成功,h264,1280x720,25.0,有音频,1.186
无锡新闻综合,https://t.freetv.fun/live/wu-xi-xin-wen-zong-he-1-1.m3u8,,,,,,,,,,1280x720,CCSH.txt,53,403,成功,h264,1280x720,25.0,有音频,1.411
江门综合,https://stream1.freetv.fun/jiang-men-zong-he-8.ctv,,,,,,,,,,1280x720,CCSH.txt,5,403,成功,h264,1280x720,25.0,有音频,1.676
浙江生活,https://t.freetv.fun/live/zhe-jiang-jing-ji-sheng-huo-2-1.m3u8,,,,,,,,,,1280x720,CCSH.txt,7,403,成功,h264,1280x720,25.0,有音频,1.426
温州新闻综合,https://t.freetv.fun/live/wen-zhou-xin-wen-zong-he-1.m3u8,,,,,,,,,,1280x720,CCSH.txt,4,403,成功,h264,1280x720,25.0,有音频,1.482
深圳少儿,https://stream1.freetv.fun/shen-zhen-shao-er-5.ctv,,,,,,,,,,1280x720,CCSH.txt,5,403,成功,h264,1280x720,25.0,有音频,1.950
南宁都市生活,https://t.freetv.fun/live/nan-zhu-sheng-huo-gao-qing.php,,,,,,,,,,1280x720,CCSH.txt,71,403,成功,h264,1280x720,25.0,有音频,1.189
南京新闻综合,https://t.freetv.fun/live/nan-jing-xin-wen.m3u8,,,,,,,,,,1280x720,CCSH.txt,20,403,成功,h264,1280x720,25.0,有音频,1.438
湖北垄上,https://stream1.freetv.fun/hu-bei-long-shang-17.m3u8,,,,,,,,,,1280x720,CCSH.txt,5,403,成功,h264,1280x720,25.0,有音频,1.680
上虞文化,https://stream1.freetv.fun/shang-yu-wen-hua-1.m3u8,,,,,,,,,,1280x720,CCSH.txt,17,403,成功,h264,1280x720,25.0,有音频,2.009
湖北影视,https://stream1.freetv.fun/hu-bei-ying-shi-12.m3u8,,,,,,,,,,1280x720,CCSH.txt,25,403,成功,h264,1280x720,25.0,有音频,1.702
河北农民,https://stream1.freetv.fun/he-bei-nong-min-18.ctv,,,,,,,,,,1280x720,CCSH.txt,6,403,成功,h264,1280x720,25.0,有音频,1.843
湖州公共民生,https://t.freetv.fun/live/hu-zhou-gong-gong-min-sheng-1.m3u8,,,,,,,,,,1280x720,CCSH.txt,8,403,成功,h264,1280x720,25.0,有音频,1.339
山东少儿,https://stream1.freetv.fun/shan-dong-shao-er-8.m3u8,,,,,,,,,,1280x720,CCSH.txt,34,403,成功,h264,1280x720,25.0,有音频,1.625
绍兴新闻综合,http://live.shaoxing.com.cn/video/s10001-sxhb/index.m3u8?zzhed,,,,,,,,,,1280x720,CCSH.txt,398,200,成功,h264,1280x720,25.0,有音频,1.820
石狮综合,https://t.freetv.fun/live/shi-shi-zong-he.m3u8,,,,,,,,,,1280x720,CCSH.txt,6,403,成功,h264,1280x720,25.0,有音频,1.139
河北都市,https://stream1.freetv.fun/he-bei-du-shi-14.m3u8,,,,,,,,,,1280x720,CCSH.txt,5,403,成功,h264,1280x720,25.0,有音频,1.769
佛山影视,https://stream1.freetv.fun/fo-shan-ying-shi-22.ctv,,,,,,,,,,1280x720,CCSH.txt,4,403,成功,h264,1280x720,25.0,有音频,1.830
海南文旅,http://vapi.91kds.cc/live1/hitv.m3u8?id=hiys&apiKey=2079b631b519ec17da0bc09844eb8419,,,,,,,,,,1280x720,CCSH.txt,2400,200,成功,h264,1280x720,25.0,有音频,4.728
陕西1套,http://112.46.85.60:8009/hls/18/index.m3u8,,,,,,,,,,720x576,CCSH.txt,416,200,成功,h264,720x576,50.0,有音频,6.918
汕尾新闻综合,https://t.freetv.fun/live/shan-wei-xin-wen-zong-he-1.m3u8,,,,,,,,,,1280x720,CCSH.txt,6,403,成功,h264,1280x720,25.0,有音频,1.421
南京少儿,https://t.freetv.fun/live/nan-jing-shao-er-1.m3u8,,,,,,,,,,1280x720,CCSH.txt,7,403,成功,h264,1280x720,25.0,有音频,1.439
三明新闻综合,https://t.freetv.fun/live/san-ming-xin-wen-zong-he-1.m3u8,,,,,,,,,,1280x720,CCSH.txt,5,403,成功,h264,1280x720,25.0,有音频,1.158
嵊泗综合,https://t.freetv.fun/live/sheng-zhou-xin-wen-zong-he-3.m3u8,,,,,,,,,,1280x720,CCSH.txt,7,403,成功,h264,1280x720,25.0,有音频,1.437
浙江国际,https://t.freetv.fun/live/zhe-jiang-guo-ji-2-2.m3u8,,,,,,,,,,1280x720,CCSH.txt,65,403,成功,h264,1280x720,25.0,有音频,1.482
浙江钱江,https://t.freetv.fun/live/zhe-jiang-qian-jiang-du-shi-1-1.m3u8,,,,,,,,,,1280x720,CCSH.txt,4,403,成功,h264,1280x720,25.0,有音频,1.408
安徽经济生活,https://stream1.freetv.fun/an-hui-jing-ji-sheng-huo-11.m3u8,,,,,,,,,,1280x720,CCSH.txt,20,403,成功,h264,1280x720,25.0,有音频,1.590
海南新闻,https://stream1.freetv.fun/ipv6-hai-nan-xin-wen-10.m3u8,,,,,,,,,,1280x720,CCSH.txt,35,403,成功,h264,1280x720,25.0,有音频,1.640
佛山综合,https://stream1.freetv.fun/fo-shan-zong-he-23.ctv,,,,,,,,,,1280x720,CCSH.txt,15,403,成功,h264,1280x720,25.0,有音频,1.832
山东新闻,http://123.129.70.178:9901/tsfile/live/1000_1.m3u8?key=txiptv&playlive=1&authid=0,,,,,,,,,,1920x1080,CCSH.txt,422,200,成功,h264,1920x1080,25.0,有音频,13.297
浙江国际,https://stream1.freetv.fun/zhe-jiang-guo-ji-6.m3u8,,,,,,,,,,1920x1080,CCSH.txt,36,403,成功,h264,1920x1080,25.0,有音频,2.290
萧山新闻综合,https://stream1.freetv.fun/xiao-shan-xin-wen-zong-he-7.m3u8,,,,,,,,,,1280x720,CCSH.txt,7,403,成功,h264,1280x720,25.0,有音频,2.671
河北农民,https://t.freetv.fun/live/he-bei-nong-min-3-1.m3u8,,,,,,,,,,1280x720,CCSH.txt,34,403,成功,h264,1280x720,25.0,有音频,1.207
萧山新闻综合,https://stream1.freetv.fun/xiao-shan-xin-wen-zong-he-3.m3u8,,,,,,,,,,1280x720,CCSH.txt,5,403,成功,h264,1280x720,25.0,有音频,6.343
湖北经视,https://stream1.freetv.fun/hu-bei-jing-shi-14.m3u8,,,,,,,,,,1280x720,CCSH.txt,276,403,成功,h264,1280x720,25.0,有音频,2.686
福建电视剧,https://live.264788.xyz/channel/fujiandianshiju?streamid=b352b4dff13dc95a2ab310f90faec19f&livekey=01WgOR41rriMmMkzNsd0UoaxJRwetZdxIvtVk,,,,,,,,,,1920x1080,CCSH.txt,914,200,成功,h264,1920x1080,25.0,有音频,1.482
佛山影视,https://stream1.freetv.fun/fo-shan-ying-shi-10.ctv,,,,,,,,,,1280x720,CCSH.txt,21,403,成功,h264,1280x720,25.0,有音频,1.920
湖北垄上,https://t.freetv.fun/live/hu-bei-long-shang-1.m3u8,,,,,,,,,,1280x720,CCSH.txt,6,403,成功,h264,1280x720,25.0,有音频,1.184
武汉一台新闻综合,https://t.freetv.fun/live/wu-yi-xin-wen-zong-he-4-1.m3u8,,,,,,,,,,1280x720,CCSH.txt,65,403,成功,h264,1280x720,25.0,有音频,1.442
滨州新闻综合,https://t.freetv.fun/live/bin-zhou-xin-wen-zong-he.m3u8,,,,,,,,,,1280x720,CCSH.txt,5,403,成功,h264,1280x720,25.0,有音频,1.159
苏州电影娱乐,https://t.freetv.fun/live/su-zhou-dian-ying-yu-le-1.m3u8,,,,,,,,,,1280x720,CCSH.txt,14,403,成功,h264,1280x720,25.0,有音频,1.383
金鹰纪实,https://t.freetv.fun/live/jin-ying-ji-shi-1-3.m3u8,,,,,,,,,,1280x720,CCSH.txt,6,403,成功,h264,1280x720,25.0,有音频,1.456
金鹰纪实,https://t.freetv.fun/live/jin-ying-ji-shi-8.m3u8,,,,,,,,,,1280x720,CCSH.txt,14,403,成功,h264,1280x720,25.0,有音频,1.457
无锡新闻综合,https://t.freetv.fun/live/wu-xi-xin-wen.m3u8,,,,,,,,,,1280x720,CCSH.txt,34,403,成功,h264,1280x720,25.0,有音频,1.406
石家庄都市,https://t.freetv.fun/live/shi-jia-zhuang-du-shi-2.m3u8,,,,,,,,,,1280x720,CCSH.txt,5,403,成功,h264,1280x720,25.0,有音频,1.147
安徽综艺体育,https://t.freetv.fun/live/an-hui-zong-yi-ti-yu-3.flv,,,,,,,,,,1280x720,CCSH.txt,5,403,成功,h264,1280x720,25.0,有音频,1.238
苏州文化生活,https://t.freetv.fun/live/su-zhou-wen-hua-sheng-huo-3.m3u8,,,,,,,,,,1280x720,CCSH.txt,4,403,成功,h264,1280x720,25.0,有音频,1.453
广州竞赛,https://stream1.freetv.fun/yan-zhou-jing-sai-19.ctv,,,,,,,,,,1280x720,CCSH.txt,7,403,成功,h264,1280x720,25.0,有音频,1.644
武汉一台新闻综合,https://t.freetv.fun/live/wu-yi-xin-wen-zong-he-3-1.m3u8,,,,,,,,,,1280x720,CCSH.txt,33,403,成功,h264,1280x720,25.0,有音频,1.395
石家庄新闻综合,https://stream1.freetv.fun/shi-jia-zhuang-xin-wen-zong-he-3.m3u8,,,,,,,,,,1280x720,CCSH.txt,4,403,成功,h264,1280x720,25.0,有音频,1.680
湖北教育,https://stream1.freetv.fun/hu-bei-jiao-yu-10.ctv,,,,,,,,,,1280x720,CCSH.txt,20,403,成功,h264,1280x720,25.0,有音频,1.649
广东民生,https://t.freetv.fun/live/yan-dong-min-sheng-23.m3u8,,,,,,,,,,1280x720,CCSH.txt,16,403,成功,h264,1280x720,25.0,有音频,1.229
湖北影视,https://t.freetv.fun/live/hu-bei-ying-shi-3.m3u8,,,,,,,,,,1280x720,CCSH.txt,5,403,成功,h264,1280x720,25.0,有音频,1.308
佛山公共,https://stream1.freetv.fun/fo-shan-gong-gong-27.ctv,,,,,,,,,,1280x720,CCSH.txt,5,403,成功,h264,1280x720,25.0,有音频,1.891
海南文旅,https://t.freetv.fun/live/hai-nan-wen-lu-3.m3u8,,,,,,,,,,1280x720,CCSH.txt,33,403,成功,h264,1280x720,25.0,有音频,1.236
武汉教育,https://stream1.freetv.fun/wu-yi-jiao-yu-12.m3u8,,,,,,,,,,1280x720,CCSH.txt,34,403,成功,h264,1280x720,25.0,有音频,1.630
云浮综合,https://livestream.oeeee.com/slive/28283.m3u8,,,,,,,,,,720x404,CCSH.txt,1337,200,成功,h264,720x404,25.0,有音频,2.273
浙江生活,https://t.freetv.fun/live/zhe-jiang-jing-ji-sheng-huo-4-1.m3u8,,,,,,,,,,1280x720,CCSH.txt,5,403,成功,h264,1280x720,25.0,有音频,1.509
广州新闻,https://t.freetv.fun/live/yan-zhou-xin-wen-19.m3u8,,,,,,,,,,1280x720,CCSH.txt,33,403,成功,h264,1280x720,25.0,有音频,1.399
福建少儿,https://live.264788.xyz/channel/fujianshaoer?streamid=98ccc174671e43f0e307e3445e59e2b5&livekey=01WgOR41rriMmMkzNsd0UoaxJRwetZdxIvtVk,,,,,,,,,,1920x1080,CCSH.txt,2797,200,成功,h264,1920x1080,25.0,有音频,3.100
浙江新闻,https://stream1.freetv.fun/zhe-jiang-xin-wen-9.m3u8,,,,,,,,,,1920x1080,CCSH.txt,6,403,成功,h264,1920x1080,25.0,有音频,4.250
浙江国际,https://stream1.freetv.fun/zhe-jiang-guo-ji-11.m3u8,,,,,,,,,,1920x1080,CCSH.txt,34,403,成功,h264,1920x1080,25.0,有音频,2.341
石家庄娱乐,https://t.freetv.fun/live/he-bei-shi-jia-zhuang-yu-le.m3u8,,,,,,,,,,1280x720,CCSH.txt,5,403,成功,h264,1280x720,25.0,有音频,1.195
湖北公共,https://stream1.freetv.fun/hu-bei-gong-gong-12.m3u8,,,,,,,,,,1280x720,CCSH.txt,5,403,成功,h264,1280x720,25.0,有音频,1.656
汕头经济,https://t.freetv.fun/live/shan-tou-jing-ji-4.m3u8,,,,,,,,,,1280x720,CCSH.txt,6,403,成功,h264,1280x720,25.0,有音频,1.387
福建新闻,https://stream1.freetv.fun/fu-jian-xin-wen-4.m3u8,,,,,,,,,,1280x720,CCSH.txt,5,403,成功,h264,1280x720,25.0,有音频,1.903
绍兴文化,https://stream1.freetv.fun/shao-xing-wen-hua-1.m3u8,,,,,,,,,,1280x720,CCSH.txt,13,403,成功,h264,1280x720,25.0,有音频,1.906
武汉一台新闻综合,https://t.freetv.fun/live/wu-yi-xin-wen.m3u8,,,,,,,,,,1280x720,CCSH.txt,32,403,成功,h264,1280x720,25.0,有音频,1.226
湖北影视,https://stream1.freetv.fun/hu-bei-ying-shi-11.m3u8,,,,,,,,,,1280x720,CCSH.txt,5,403,成功,h264,1280x720,25.0,有音频,1.615
湖南都市,https://stream1.freetv.fun/hu-nan-du-shi-5.m3u8,,,,,,,,,,1280x720,CCSH.txt,5,403,成功,h264,1280x720,25.0,有音频,2.336
枣庄公共,https://t.freetv.fun/live/zao-zhuang-gong-gong.m3u8,,,,,,,,,,1280x720,CCSH.txt,5,403,成功,h264,1280x720,25.0,有音频,1.150
金鹰纪实,https://t.freetv.fun/live/jin-ying-ji-shi-gao-qing-2.m3u8,,,,,,,,,,1280x720,CCSH.txt,5,403,成功,h264,1280x720,25.0,有音频,1.445
广州新闻,https://t.freetv.fun/live/yan-zhou-xin-wen-18.m3u8,,,,,,,,,,1280x720,CCSH.txt,35,403,成功,h264,1280x720,25.0,有音频,1.406
佛山公共,https://t.freetv.fun/live/fo-shan-gong-gong-11.m3u8,,,,,,,,,,1280x720,CCSH.txt,5,403,成功,h264,1280x720,25.0,有音频,1.415
武进新闻频道,https://live.wjyanghu.com/live/CH1.m3u8?zjiangsd,,,,,,,,,,720x576,CCSH.txt,1414,200,成功,h264,720x576,25.0,有音频,4.071
南京新闻综合,https://t.freetv.fun/live/nan-ling-xin-wen-zong-he.m3u8,,,,,,,,,,1280x720,CCSH.txt,15,403,成功,h264,1280x720,25.0,有音频,1.412
辽宁都市,https://t.freetv.fun/live/liao-zhu-du-shi-1.m3u8,,,,,,,,,,1280x720,CCSH.txt,5,403,成功,h264,1280x720,25.0,有音频,1.384
浙江影视,https://t.freetv.fun/live/zhe-jiang-ying-shi-1-1.m3u8,,,,,,,,,,1280x720,CCSH.txt,32,403,成功,h264,1280x720,25.0,有音频,1.469
海南文旅,https://t.freetv.fun/live/hai-nan-wen-lu-1.m3u8,,,,,,,,,,1280x720,CCSH.txt,34,403,成功,h264,1280x720,25.0,有音频,1.477
湖南经视,https://t.freetv.fun/live/hu-nan-jing-shi-4.m3u8,,,,,,,,,,1280x720,CCSH.txt,4,403,成功,h264,1280x720,25.0,有音频,1.016
石狮综合,https://t.freetv.fun/live/fu-jian-shi-shi-zong-he.m3u8,,,,,,,,,,1280x720,CCSH.txt,6,403,成功,h264,1280x720,25.0,有音频,1.188
广东民生,https://t.freetv.fun/live/yan-dong-min-sheng-1-1.m3u8,,,,,,,,,,1280x720,CCSH.txt,4,403,成功,h264,1280x720,25.0,有音频,1.434
佛山综合,https://stream1.freetv.fun/fo-shan-zong-he-8.ctv,,,,,,,,,,1280x720,CCSH.txt,5,403,成功,h264,1280x720,25.0,有音频,1.895
浙江国际,https://t.freetv.fun/live/zhe-jiang-guo-ji-4-1.m3u8,,,,,,,,,,1280x720,CCSH.txt,33,403,成功,h264,1280x720,25.0,有音频,1.471
广州新闻,https://t.freetv.fun/live/yan-zhou-xin-wen-gao-qing.m3u8,,,,,,,,,,1280x720,CCSH.txt,36,403,成功,h264,1280x720,25.0,有音频,1.463
湖北经视,https://stream1.freetv.fun/hu-bei-jing-shi-1.m3u8,,,,,,,,,,1280x720,CCSH.txt,5,403,成功,h264,1280x720,25.0,有音频,1.948
湖南电影,https://stream1.freetv.fun/hu-nan-dian-ying-2.m3u8,,,,,,,,,,1280x720,CCSH.txt,6,403,成功,h264,1280x720,25.0,有音频,1.880
福建文体,https://live.264788.xyz/channel/fujianwenti?streamid=4601ea23011cea7e8814e708f2b0ada0&livekey=01WgOR41rriMmMkzNsd0UoaxJRwetZdxIvtVk,,,,,,,,,,1920x1080,CCSH.txt,2001,200,成功,h264,1920x1080,25.0,有音频,1.291
安徽经济生活,https://stream1.freetv.fun/an-hui-jing-ji-sheng-huo-1.m3u8,,,,,,,,,,1280x720,CCSH.txt,13,403,成功,h264,1280x720,25.0,有音频,1.656
山西影视,https://t.freetv.fun/live/shan-xi-ying-shi-gao-qing-1.m3u8,,,,,,,,,,1280x720,CCSH.txt,13,403,成功,h264,1280x720,25.0,有音频,1.259
福建文体,https://live.264788.xyz/channel/fujianwenti?streamid=5b085b708bf8a4e62daa5ed392f810ce&livekey=01WgOR41rriMmMkzNsd0UoaxJRwetZdxIvtVk,,,,,,,,,,1920x1080,CCSH.txt,2038,200,成功,h264,1920x1080,25.0,有音频,2.705
深圳少儿,https://stream1.freetv.fun/shen-zhen-shao-er-3.ctv,,,,,,,,,,1280x720,CCSH.txt,21,403,成功,h264,1280x720,25.0,有音频,1.831
佛山影视,https://stream1.freetv.fun/fo-shan-ying-shi-6.ctv,,,,,,,,,,1280x720,CCSH.txt,15,403,成功,h264,1280x720,25.0,有音频,1.988
江门综合,https://stream1.freetv.fun/jiang-men-zong-he-9.ctv,,,,,,,,,,1280x720,CCSH.txt,17,403,成功,h264,1280x720,25.0,有音频,1.644
湖州文化娱乐,https://t.freetv.fun/live/hu-zhou-wen-hua-yu-le-4.m3u8,,,,,,,,,,1280x720,CCSH.txt,18,403,成功,h264,1280x720,25.0,有音频,1.193
河北农民,https://stream1.freetv.fun/he-bei-nong-min-3.ctv,,,,,,,,,,1280x720,CCSH.txt,5,403,成功,h264,1280x720,30.0,有音频,5.077
南京少儿,https://t.freetv.fun/live/nan-jing-shao-er-2.m3u8,,,,,,,,,,1280x720,CCSH.txt,14,403,成功,h264,1280x720,25.0,有音频,1.431
河北都市,https://stream1.freetv.fun/he-bei-du-shi-16.ctv,,,,,,,,,,1280x720,CCSH.txt,6,403,成功,h264,1280x720,25.0,有音频,1.662
浙江新闻,https://stream1.freetv.fun/zhe-jiang-xin-wen-6.m3u8,,,,,,,,,,1280x720,CCSH.txt,5,403,成功,h264,1280x720,25.0,有音频,2.192
河北农民,https://t.freetv.fun/live/he-bei-nong-min-tai-gao-qing.m3u8,,,,,,,,,,1280x720,CCSH.txt,35,403,成功,h264,1280x720,25.0,有音频,1.178
广州影视,https://stream1.freetv.fun/yan-zhou-ying-shi-2.ctv,,,,,,,,,,1280x720,CCSH.txt,172,403,成功,h264,1280x720,25.0,有音频,1.778
三明新闻综合,https://t.freetv.fun/live/fu-jian-san-ming-xin-wen-zong-he.m3u8,,,,,,,,,,1280x720,CCSH.txt,4,403,成功,h264,1280x720,25.0,有音频,1.226
广州竞赛,https://stream1.freetv.fun/yan-zhou-jing-sai-22.m3u8,,,,,,,,,,1280x720,CCSH.txt,6,403,成功,h264,1280x720,25.0,有音频,1.898
无锡新闻综合,https://t.freetv.fun/live/jiang-su-wu-xi-xin-wen-zong-he.m3u8,,,,,,,,,,1280x720,CCSH.txt,33,403,成功,h264,1280x720,25.0,有音频,1.466
安徽综艺体育,https://t.freetv.fun/live/an-hui-zong-yi-ti-yu-2.m3u8,,,,,,,,,,1280x720,CCSH.txt,4,403,成功,h264,1280x720,25.0,有音频,1.049
嵊泗综合,https://stream1.freetv.fun/sheng-zhou-xin-wen-zong-he-3.m3u8,,,,,,,,,,1280x720,CCSH.txt,5,403,成功,h264,1280x720,25.0,有音频,1.589
金华新闻综合,https://t.freetv.fun/live/jin-hua-xin-wen-zong-he-1.m3u8,,,,,,,,,,1280x720,CCSH.txt,171,403,成功,h264,1280x720,25.0,有音频,1.413
福建电视剧,https://live.264788.xyz/channel/fujiandianshiju?streamid=c26b66c59ee4773061c78154e5877244&livekey=01WgOR41rriMmMkzNsd0UoaxJRwetZdxIvtVk,,,,,,,,,,1920x1080,CCSH.txt,735,200,成功,h264,1920x1080,25.0,有音频,1.697
涡阳新闻综合,https://t.freetv.fun/live/wo-yang-xin-wen-zong-he-1.m3u8,,,,,,,,,,1280x720,CCSH.txt,170,403,成功,h264,1280x720,25.0,有音频,1.270
温州经济科教,https://t.freetv.fun/live/jing-ji-ke-jiao-gao-qing-9.m3u8,,,,,,,,,,1280x720,CCSH.txt,20,403,成功,h264,1280x720,25.0,有音频,1.427
重庆汽摩,http://120.76.248.139/live/bfgd/4200000168.m3u8,,,,,,,,,,720x576,CCSH.txt,521,200,成功,mpeg2video,720x576,25.0,有音频,2.230
金鹰纪实,https://t.freetv.fun/live/jin-ying-ji-shi-6-1.m3u8,,,,,,,,,,1280x720,CCSH.txt,15,403,成功,h264,1280x720,25.0,有音频,1.423
湖南电视剧,https://stream1.freetv.fun/hu-nan-dian-shi-ju-6.m3u8,,,,,,,,,,1280x720,CCSH.txt,4,403,成功,h264,1280x720,25.0,有音频,1.810
湖北垄上,https://stream1.freetv.fun/hu-bei-long-shang-3.m3u8,,,,,,,,,,1280x720,CCSH.txt,5,403,成功,h264,1280x720,25.0,有音频,1.480
汕尾新闻综合,https://t.freetv.fun/live/shan-wei-xin-wen-zong-he.m3u8,,,,,,,,,,1280x720,CCSH.txt,5,403,成功,h264,1280x720,25.0,有音频,1.427
湖北垄上,https://stream1.freetv.fun/hu-bei-long-shang-5.m3u8,,,,,,,,,,1280x720,CCSH.txt,4,403,成功,h264,1280x720,25.0,有音频,1.866
湖北经视,https://stream1.freetv.fun/hu-bei-jing-shi-6.m3u8,,,,,,,,,,1280x720,CCSH.txt,280,403,成功,h264,1280x720,25.0,有音频,1.767
湖南电影,https://stream1.freetv.fun/hu-nan-dian-ying-6.m3u8,,,,,,,,,,1280x720,CCSH.txt,5,403,成功,h264,1280x720,25.0,有音频,1.846
金华新闻综合,https://t.freetv.fun/live/jin-hua-xin-wen-zong-he-1-1.m3u8,,,,,,,,,,1280x720,CCSH.txt,169,403,成功,h264,1280x720,25.0,有音频,1.455
广州综合,https://t.freetv.fun/live/yan-zhou-zong-he-27.m3u8,,,,,,,,,,1280x720,CCSH.txt,4,403,成功,h264,1280x720,25.0,有音频,1.422
萧山新闻综合,https://stream1.freetv.fun/xiao-shan-xin-wen-zong-he-1.m3u8,,,,,,,,,,1280x720,CCSH.txt,5,403,成功,h264,1280x720,25.0,有音频,1.625
湖北综合,https://stream1.freetv.fun/hu-bei-zong-he-3.m3u8,,,,,,,,,,1280x720,CCSH.txt,172,403,成功,h264,1280x720,25.0,有音频,1.579
山西影视,https://t.freetv.fun/live/shan-xi-ying-shi-gao-qing.m3u8,,,,,,,,,,1280x720,CCSH.txt,4,403,成功,h264,1280x720,25.0,有音频,1.188
湖北经视,https://stream1.freetv.fun/hu-bei-jing-shi-23.m3u8,,,,,,,,,,1280x720,CCSH.txt,282,403,成功,h264,1280x720,25.0,有音频,1.663
南宁公共,https://t.freetv.fun/live/yan-xi-nan-zhu-gong-gong.m3u8,,,,,,,,,,1280x720,CCSH.txt,168,403,成功,h264,1280x720,25.0,有音频,1.225
石家庄都市,https://t.freetv.fun/live/he-bei-shi-jia-zhuang-du-shi.m3u8,,,,,,,,,,1280x720,CCSH.txt,10,403,成功,h264,1280x720,25.0,有音频,1.437
湖州新闻综合,http://hzcm-live.media.hugd.com/3f5fa7d64c7c46a38c6bd8ad35e836cc/65128273761b4731ae53729ea6dcf932.m3u8?auth_key=2277598215-9d21c15111244bea8d298c361d31a72e-0-d031198f58d44b0e91ba2e3f3b188865&amp;fbl=,,,,,,,,,,1280x720,CCSH.txt,430,200,成功,h264,1280x720,29.97002997002997,有音频,2.019
荆门新闻综合,https://stream1.freetv.fun/jing-men-xin-wen-zong-he-5.m3u8,,,,,,,,,,1920x1080,CCSH.txt,33,403,成功,h264,1920x1080,25.0,有音频,2.557
佛山公共,https://stream1.freetv.fun/fo-shan-gong-gong-4.ctv,,,,,,,,,,1280x720,CCSH.txt,6,403,成功,h264,1280x720,25.0,有音频,1.888
湖北教育,https://stream1.freetv.fun/hu-bei-jiao-yu-8.m3u8,,,,,,,,,,1280x720,CCSH.txt,13,403,成功,h264,1280x720,25.0,有音频,1.720
湖北公共,https://stream1.freetv.fun/hu-bei-gong-gong-5.m3u8,,,,,,,,,,1280x720,CCSH.txt,6,403,成功,h264,1280x720,25.0,有音频,1.714
汕头经济,https://t.freetv.fun/live/shan-tou-jing-ji-sheng-huo.m3u8,,,,,,,,,,1280x720,CCSH.txt,5,403,成功,h264,1280x720,25.0,有音频,1.448
佛山影视,https://stream1.freetv.fun/fo-shan-ying-shi-8.ctv,,,,,,,,,,1280x720,CCSH.txt,6,403,成功,h264,1280x720,25.0,有音频,1.961
金鹰纪实,https://stream1.freetv.fun/jin-ying-ji-shi-8.m3u8,,,,,,,,,,1280x720,CCSH.txt,5,403,成功,h264,1280x720,25.0,有音频,1.402
长沙新闻,https://t.freetv.fun/live/chang-sha-xin-wen-3.m3u8,,,,,,,,,,1280x720,CCSH.txt,170,403,成功,h264,1280x720,25.0,有音频,1.435
浙江钱江,https://stream1.freetv.fun/bf079ada709563bdd095159c02dfb5afb53c24e643b73f987100b9d25e9c8f41.m3u8,,,,,,,,,,1280x720,CCSH.txt,7,403,成功,h264,1280x720,25.0,有音频,1.946
石家庄新闻综合,https://stream1.freetv.fun/shi-jia-zhuang-xin-wen-zong-he-4.m3u8,,,,,,,,,,1280x720,CCSH.txt,4,403,成功,h264,1280x720,25.0,有音频,1.719
山东体育,https://stream1.freetv.fun/shan-dong-ti-yu-1.m3u8,,,,,,,,,,1280x720,CCSH.txt,278,403,成功,h264,1280x720,25.0,有音频,2.081
上虞综合,https://stream1.freetv.fun/shang-yu-zong-he-1.m3u8,,,,,,,,,,1280x720,CCSH.txt,17,403,成功,h264,1280x720,25.0,有音频,1.859
海南公共,https://stream1.freetv.fun/ipv6-hai-nan-gong-gong-16.m3u8,,,,,,,,,,1280x720,CCSH.txt,175,403,成功,h264,1280x720,25.0,有音频,2.187
湖南都市,https://stream1.freetv.fun/hu-nan-du-shi-14.m3u8,,,,,,,,,,1280x720,CCSH.txt,13,403,成功,h264,1280x720,25.0,有音频,1.896
佛山公共,https://t.freetv.fun/live/fo-shan-gong-gong-9.m3u8,,,,,,,,,,1280x720,CCSH.txt,5,403,成功,h264,1280x720,25.0,有音频,1.387
南宁公共,https://t.freetv.fun/live/nan-zhu-gong-gong-1.m3u8,,,,,,,,,,1280x720,CCSH.txt,169,403,成功,h264,1280x720,25.0,有音频,1.052
苏州社会经济,https://t.freetv.fun/live/su-zhou-she-hui-jing-ji-3.m3u8,,,,,,,,,,1280x720,CCSH.txt,14,403,成功,h264,1280x720,25.0,有音频,1.356
浙江生活,https://t.freetv.fun/live/zhe-jiang-jing-ji-sheng-huo-7.m3u8,,,,,,,,,,1280x720,CCSH.txt,4,403,成功,h264,1280x720,25.0,有音频,1.403
苏州文化生活,https://t.freetv.fun/live/su-zhou-wen-hua-sheng-huo-2-1.m3u8,,,,,,,,,,1280x720,CCSH.txt,4,403,成功,h264,1280x720,25.0,有音频,1.398
枣庄公共,https://t.freetv.fun/live/zao-zhuang-gong-gong-1.m3u8,,,,,,,,,,1280x720,CCSH.txt,4,403,成功,h264,1280x720,25.0,有音频,1.192
广州影视,https://stream1.freetv.fun/yan-zhou-ying-shi-16.m3u8,,,,,,,,,,1280x720,CCSH.txt,164,403,成功,h264,1280x720,25.0,有音频,1.918
安徽经济生活,https://stream1.freetv.fun/an-hui-jing-ji-sheng-huo-10.m3u8,,,,,,,,,,1280x720,CCSH.txt,4,403,成功,h264,1280x720,25.0,有音频,1.919
湖北经视,https://stream1.freetv.fun/hu-bei-jing-shi-10.m3u8,,,,,,,,,,1280x720,CCSH.txt,4,403,成功,h264,1280x720,25.0,有音频,1.890
山东体育,https://stream1.freetv.fun/shan-dong-ti-yu-6.m3u8,,,,,,,,,,1280x720,CCSH.txt,177,403,成功,h264,1280x720,25.0,有音频,1.733
辽宁教育青少,https://t.freetv.fun/live/liao-zhu-jiao-yu-qing-shao-1.m3u8,,,,,,,,,,1280x720,CCSH.txt,4,403,成功,h264,1280x720,25.0,有音频,1.039
山东体育,https://stream1.freetv.fun/shan-dong-ti-yu-10.m3u8,,,,,,,,,,1280x720,CCSH.txt,277,403,成功,h264,1280x720,25.0,有音频,1.771
福建新闻,https://stream1.freetv.fun/fu-jian-xin-wen-5.m3u8,,,,,,,,,,1280x720,CCSH.txt,6,403,成功,h264,1280x720,25.0,有音频,1.704
河北农民,https://stream1.freetv.fun/he-bei-nong-min-13.ctv,,,,,,,,,,1280x720,CCSH.txt,7,403,成功,h264,1280x720,25.0,有音频,1.819
杭州影视,https://t.freetv.fun/live/hang-zhou-ying-shi-pin-dao.m3u8,,,,,,,,,,1280x720,CCSH.txt,169,403,成功,h264,1280x720,25.0,有音频,1.391
无锡生活,https://t.freetv.fun/live/wu-xi-sheng-huo-3.m3u8,,,,,,,,,,1280x720,CCSH.txt,32,403,成功,h264,1280x720,25.0,有音频,1.452
广州新闻,https://t.freetv.fun/live/yan-zhou-xin-wen-17.m3u8,,,,,,,,,,1280x720,CCSH.txt,16,403,成功,h264,1280x720,25.0,有音频,1.427
湖北影视,https://stream1.freetv.fun/hu-bei-ying-shi-15.m3u8,,,,,,,,,,1280x720,CCSH.txt,7,403,成功,h264,1280x720,25.0,有音频,1.766
湖南经视,https://stream1.freetv.fun/hu-nan-jing-shi-gao-qing-2.m3u8,,,,,,,,,,1280x720,CCSH.txt,15,403,成功,h264,1280x720,25.0,有音频,1.986
浙江国际,https://t.freetv.fun/live/zhe-jiang-zhe-jiang-guo-ji-pin-dao-1.m3u8,,,,,,,,,,1280x720,CCSH.txt,32,403,成功,h264,1280x720,25.0,有音频,1.357
南京新闻综合,https://t.freetv.fun/live/zhu-nan-xin-wen-zong-he.m3u8,,,,,,,,,,1280x720,CCSH.txt,18,403,成功,h264,1280x720,25.0,有音频,1.482
海南自贸,https://t.freetv.fun/live/hai-nan-zi-mao-2-1.m3u8,,,,,,,,,,1280x720,CCSH.txt,15,403,成功,h264,1280x720,25.0,有音频,1.398
长沙新闻,https://t.freetv.fun/live/chang-sha-xin-wen-2.m3u8,,,,,,,,,,1280x720,CCSH.txt,193,403,成功,h264,1280x720,25.0,有音频,1.452
湖北影视,https://stream1.freetv.fun/hu-bei-ying-shi-2.m3u8,,,,,,,,,,1280x720,CCSH.txt,15,403,成功,h264,1280x720,25.0,有音频,1.564
山东体育,https://stream1.freetv.fun/shan-dong-ti-yu-25.m3u8,,,,,,,,,,1280x720,CCSH.txt,275,403,成功,h264,1280x720,25.0,有音频,3.170
河北都市,https://t.freetv.fun/live/he-bei-du-shi-5.m3u8,,,,,,,,,,1280x720,CCSH.txt,5,403,成功,h264,1280x720,25.0,有音频,1.193
佛山综合,https://stream1.freetv.fun/fo-shan-zong-he-21.ctv,,,,,,,,,,1280x720,CCSH.txt,12,403,成功,h264,1280x720,25.0,有音频,1.718
福建少儿,https://stream1.freetv.fun/fu-jian-shao-er-3.m3u8,,,,,,,,,,1280x720,CCSH.txt,8,403,成功,h264,1280x720,25.0,有音频,1.939
石家庄娱乐,https://stream1.freetv.fun/shi-jia-zhuang-yu-le-3.m3u8,,,,,,,,,,1280x720,CCSH.txt,7,403,成功,h264,1280x720,25.0,有音频,2.021
金鹰纪实,https://t.freetv.fun/live/jin-ying-ji-shi-9.m3u8,,,,,,,,,,1280x720,CCSH.txt,5,403,成功,h264,1280x720,25.0,有音频,1.224
潞城新闻综合,https://t.freetv.fun/live/lu-cheng-xin-wen-zong-he-1.m3u8,,,,,,,,,,1280x720,CCSH.txt,180,403,成功,h264,1280x720,25.0,有音频,1.141
河北都市,https://stream1.freetv.fun/he-bei-du-shi-2.m3u8,,,,,,,,,,1280x720,CCSH.txt,8,403,成功,h264,1280x720,25.0,有音频,1.690
嵊泗综合,https://stream1.freetv.fun/sheng-zhou-xin-wen-zong-he-2.m3u8,,,,,,,,,,1280x720,CCSH.txt,4,403,成功,h264,1280x720,25.0,有音频,2.159
湖州文化娱乐,https://t.freetv.fun/live/hu-zhou-wen-hua-yu-le-1-1.m3u8,,,,,,,,,,1280x720,CCSH.txt,5,403,成功,h264,1280x720,25.0,有音频,1.443
广东民生,https://t.freetv.fun/live/yan-dong-min-sheng-18.m3u8,,,,,,,,,,1280x720,CCSH.txt,15,403,成功,h264,1280x720,25.0,有音频,1.433
溧水新闻综合,https://t.freetv.fun/live/li-shui-xin-wen-zong-he-5.m3u8,,,,,,,,,,1280x720,CCSH.txt,10,403,成功,h264,1280x720,25.0,有音频,1.390
福建少儿,https://live.264788.xyz/channel/fujianshaoer?streamid=e835a9456b847a72e1a0b8d64b585300&livekey=01WgOR41rriMmMkzNsd0UoaxJRwetZdxIvtVk,,,,,,,,,,1920x1080,CCSH.txt,2176,200,成功,h264,1920x1080,25.0,有音频,2.882
佛山影视,https://stream1.freetv.fun/fo-shan-ying-shi-1.ctv,,,,,,,,,,1280x720,CCSH.txt,16,403,成功,h264,1280x720,25.0,有音频,1.808
湖南经视,https://t.freetv.fun/live/hu-nan-jing-shi-1-1.m3u8,,,,,,,,,,1280x720,CCSH.txt,4,403,成功,h264,1280x720,25.0,有音频,1.388
广德新闻综合,https://t.freetv.fun/live/yan-de-xin-wen-zong-he-1.m3u8,,,,,,,,,,1280x720,CCSH.txt,13,403,成功,h264,1280x720,25.0,有音频,1.185
南宁影娱乐,https://t.freetv.fun/live/nan-zhu-ying-yu-le.m3u8,,,,,,,,,,1280x720,CCSH.txt,177,403,成功,h264,1280x720,25.0,有音频,1.192
湖南电视剧,https://stream1.freetv.fun/hu-nan-dian-shi-ju-8.m3u8,,,,,,,,,,1280x720,CCSH.txt,5,403,成功,h264,1280x720,25.0,有音频,1.638
江门综合,https://stream1.freetv.fun/jiang-men-zong-he-11.ctv,,,,,,,,,,1280x720,CCSH.txt,5,403,成功,h264,1280x720,25.0,有音频,1.669
五华综合,http://p2hs.vzan.com/slowlive/621139761151691240/live.m3u8,,,,,,,,,,1920x1080,CCSH.txt,1459,200,成功,h264,1920x1080,30.0,有音频,1.681
湖北垄上,https://stream1.freetv.fun/hu-bei-long-shang-1.m3u8,,,,,,,,,,1280x720,CCSH.txt,4,403,成功,h264,1280x720,25.0,有音频,1.457
南宁新闻综合,https://t.freetv.fun/live/nan-zhu-xin-wen-zong-he-3.m3u8,,,,,,,,,,1280x720,CCSH.txt,177,403,成功,h264,1280x720,25.0,有音频,0.950
温州经济科教,https://t.freetv.fun/live/jing-ji-ke-jiao-gao-qing-13.m3u8,,,,,,,,,,1280x720,CCSH.txt,4,403,成功,h264,1280x720,25.0,有音频,1.399
山西社会与法治,https://t.freetv.fun/live/shan-xi-she-hui-yu-fa-zhi-1.m3u8,,,,,,,,,,1280x720,CCSH.txt,4,403,成功,h264,1280x720,25.0,有音频,1.232
湖北垄上,https://stream1.freetv.fun/hu-bei-long-shang-15.m3u8,,,,,,,,,,1280x720,CCSH.txt,6,403,成功,h264,1280x720,25.0,有音频,1.644
河北农民,https://t.freetv.fun/live/he-bei-nong-min-1-1.m3u8,,,,,,,,,,1280x720,CCSH.txt,17,403,成功,h264,1280x720,25.0,有音频,1.183
丽水公共,https://t.freetv.fun/live/li-shui-gong-gong-1.m3u8,,,,,,,,,,1280x720,CCSH.txt,16,403,成功,h264,1280x720,25.0,有音频,1.395
福建文体,https://live.264788.xyz/channel/fujianwenti?streamid=6374cbc5f2d95cc57cd0e9ef03792b12&livekey=01WgOR41rriMmMkzNsd0UoaxJRwetZdxIvtVk,,,,,,,,,,1920x1080,CCSH.txt,2112,200,成功,h264,1920x1080,25.0,有音频,2.150
海宁新闻综合,http://p2hs.vzan.com/slowlive/317913155078575177/live.m3u8,,,,,,,,,,1280x720,CCSH.txt,786,200,成功,h264,1280x720,25.0,有音频,1.739
广东珠江,https://stream1.freetv.fun/943a56c1980ac8d65adeb0603437a8cd8da6241b019e93bba89c37ff050946e5.m3u8,,,,,,,,,,1920x1080,CCSH.txt,281,403,成功,h264,1920x1080,25.0,有音频,2.388
苏州社会经济,https://t.freetv.fun/live/su-zhou-she-hui-jing-ji-2-1.m3u8,,,,,,,,,,1280x720,CCSH.txt,4,403,成功,h264,1280x720,25.0,有音频,1.436
南京新闻综合,https://t.freetv.fun/live/nan-jing-liu-he-xin-wen-zong-he.m3u8,,,,,,,,,,1280x720,CCSH.txt,4,403,成功,h264,1280x720,25.0,有音频,1.474
佛山公共,https://stream1.freetv.fun/fo-shan-gong-gong-5.ctv,,,,,,,,,,1280x720,CCSH.txt,5,403,成功,h264,1280x720,25.0,有音频,1.881
佛山公共,https://stream1.freetv.fun/fo-shan-gong-gong-25.ctv,,,,,,,,,,1280x720,CCSH.txt,5,403,成功,h264,1280x720,25.0,有音频,1.840
金鹰纪实,https://stream1.freetv.fun/jin-ying-ji-shi-gao-qing-2.m3u8,,,,,,,,,,1280x720,CCSH.txt,4,403,成功,h264,1280x720,25.0,有音频,1.471
杭州明珠,https://t.freetv.fun/live/hang-zhou-ming-zhu-pin-dao.m3u8,,,,,,,,,,1280x720,CCSH.txt,177,403,成功,h264,1280x720,25.0,有音频,1.406
湖北经视,https://stream1.freetv.fun/hu-bei-jing-shi-13.m3u8,,,,,,,,,,1280x720,CCSH.txt,280,403,成功,h264,1280x720,25.0,有音频,2.120
佛山影视,https://stream1.freetv.fun/fo-shan-ying-shi-9.ctv,,,,,,,,,,1280x720,CCSH.txt,6,403,成功,h264,1280x720,25.0,有音频,1.872
石家庄都市,https://t.freetv.fun/live/shi-jia-zhuang-shi.m3u8,,,,,,,,,,1280x720,CCSH.txt,5,403,成功,h264,1280x720,25.0,有音频,1.238
荆门新闻综合,https://stream1.freetv.fun/jing-men-xin-wen-zong-he-1.m3u8,,,,,,,,,,1280x720,CCSH.txt,15,403,成功,h264,1280x720,25.0,有音频,1.635
汕头综合,https://t.freetv.fun/live/shan-tou-zong-he-1.m3u8,,,,,,,,,,1280x720,CCSH.txt,4,403,成功,h264,1280x720,25.0,有音频,1.437
浙江新闻,https://stream1.freetv.fun/zhe-jiang-xin-wen-11.m3u8,,,,,,,,,,1280x720,CCSH.txt,8,403,成功,h264,1280x720,25.0,有音频,3.206
运城科技教育,https://t.freetv.fun/live/yun-cheng-ke-ji-jiao-yu.m3u8,,,,,,,,,,1280x720,CCSH.txt,176,403,成功,h264,1280x720,25.0,有音频,1.158
广东珠江,https://stream1.freetv.fun/5f12b986a77ebe5440c508c13895b3e7f8767b2a47c79f3f5fe948097e15337d.m3u8,,,,,,,,,,1280x720,CCSH.txt,282,403,成功,h264,1280x720,25.0,有音频,1.841
新昌新闻综合,https://stream1.freetv.fun/xin-chang-xin-wen-zong-he-1.m3u8,,,,,,,,,,1920x1080,CCSH.txt,283,403,成功,h264,1920x1080,25.0,有音频,9.716
辽宁公共,http://120.76.248.139/live/bfgd/4200000481.m3u8,,,,,,,,,,1920x1080,CCSH.txt,535,200,成功,h264,1920x1080,25.0,有音频,4.365
福建文体,https://live.264788.xyz/channel/fujianwenti?streamid=54c2018d31ad7d7907e394cea5c188e2&livekey=01WgOR41rriMmMkzNsd0UoaxJRwetZdxIvtVk,,,,,,,,,,1920x1080,CCSH.txt,2109,200,成功,h264,1920x1080,25.0,有音频,1.625
湖北公共,https://stream1.freetv.fun/hu-bei-gong-gong-4.m3u8,,,,,,,,,,1280x720,CCSH.txt,6,403,成功,h264,1280x720,25.0,有音频,2.019
汕尾新闻综合,https://stream1.freetv.fun/shan-wei-xin-wen-zong-he-2.m3u8,,,,,,,,,,1280x720,CCSH.txt,6,403,成功,h264,1280x720,25.0,有音频,1.974
三明新闻综合,https://t.freetv.fun/live/san-ming-zong-he.php,,,,,,,,,,1280x720,CCSH.txt,8,403,成功,h264,1280x720,25.0,有音频,1.162
浙江生活,https://t.freetv.fun/live/zhe-jiang-jing-ji-3.m3u8,,,,,,,,,,1280x720,CCSH.txt,4,403,成功,h264,1280x720,25.0,有音频,1.397
浙江钱江,https://t.freetv.fun/live/zhe-jiang-zhe-jiang-qian-jiang-du-shi.m3u8,,,,,,,,,,1280x720,CCSH.txt,4,403,成功,h264,1280x720,25.0,有音频,1.389
南京教科,https://t.freetv.fun/live/nan-jing-jiao-ke-2.m3u8,,,,,,,,,,1280x720,CCSH.txt,6,403,成功,h264,1280x720,25.0,有音频,1.437
芜湖生活,https://t.freetv.fun/live/wu-hu-sheng-huo.m3u8,,,,,,,,,,1280x720,CCSH.txt,174,403,成功,h264,1280x720,25.0,有音频,1.239
武汉教育,https://stream1.freetv.fun/wu-yi-jiao-yu-5.m3u8,,,,,,,,,,1280x720,CCSH.txt,15,403,成功,h264,1280x720,25.0,有音频,1.630
湖北经视,https://stream1.freetv.fun/hu-bei-jing-shi-20.m3u8,,,,,,,,,,1280x720,CCSH.txt,4,403,成功,h264,1280x720,25.0,有音频,2.103
湖北经视,https://stream1.freetv.fun/hu-bei-jing-shi-19.ctv,,,,,,,,,,1280x720,CCSH.txt,277,403,成功,h264,1280x720,25.0,有音频,1.886
安徽经济生活,https://stream1.freetv.fun/an-hui-jing-ji-sheng-huo-9.m3u8,,,,,,,,,,1280x720,CCSH.txt,4,403,成功,h264,1280x720,25.0,有音频,1.631
枣庄教育,https://t.freetv.fun/live/zao-zhuang-jiao-yu.m3u8,,,,,,,,,,1280x720,CCSH.txt,5,403,成功,h264,1280x720,25.0,有音频,1.162
嵊泗综合,https://t.freetv.fun/live/sheng-zhou-xin-wen-zong-he-2.m3u8,,,,,,,,,,1280x720,CCSH.txt,4,403,成功,h264,1280x720,25.0,有音频,0.962
湖南都市,https://stream1.freetv.fun/hu-nan-du-shi-gao-qing-3.m3u8,,,,,,,,,,1280x720,CCSH.txt,15,403,成功,h264,1280x720,25.0,有音频,1.845
南京信息,https://t.freetv.fun/live/nan-jing-xin-xi-1.m3u8,,,,,,,,,,1280x720,CCSH.txt,5,403,成功,h264,1280x720,25.0,有音频,1.360
天水新闻综合,https://t.freetv.fun/live/tian-shui-xin-wen-zong-he.m3u8,,,,,,,,,,1280x720,CCSH.txt,4,403,成功,h264,1280x720,25.0,有音频,1.234
山东少儿,https://stream1.freetv.fun/shan-dong-shao-er-6.m3u8,,,,,,,,,,1920x1080,CCSH.txt,16,403,成功,h264,1920x1080,25.0,有音频,4.738
运城新闻综合,https://t.freetv.fun/live/yun-cheng-xin-wen-zong-he.m3u8,,,,,,,,,,1280x720,CCSH.txt,178,403,成功,h264,1280x720,25.0,有音频,1.139
广东珠江,https://stream1.freetv.fun/967c330a56e8f2fed10ea053ac29b132d29e323680b5e20a53e3af6bcf7b2f54.m3u8,,,,,,,,,,1280x720,CCSH.txt,4,403,成功,h264,1280x720,25.0,有音频,1.990
广州影视,https://stream1.freetv.fun/yan-zhou-ying-shi-5.ctv,,,,,,,,,,1280x720,CCSH.txt,134,403,成功,h264,1280x720,25.0,有音频,1.625
海南文旅,https://t.freetv.fun/live/hai-nan-wen-lu-4.m3u8,,,,,,,,,,1280x720,CCSH.txt,32,403,成功,h264,1280x720,25.0,有音频,1.216
杭州明珠,https://stream1.freetv.fun/hang-zhou-ming-zhu-2.m3u8,,,,,,,,,,1280x720,CCSH.txt,278,403,成功,h264,1280x720,25.0,有音频,1.885
湖北影视,https://stream1.freetv.fun/hu-bei-ying-shi-16.m3u8,,,,,,,,,,1280x720,CCSH.txt,27,403,成功,h264,1280x720,25.0,有音频,1.633
广州综合,https://t.freetv.fun/live/yan-zhou-zong-he-1-1.m3u8,,,,,,,,,,1280x720,CCSH.txt,5,403,成功,h264,1280x720,25.0,有音频,1.468
湖南经视,https://stream1.freetv.fun/hu-nan-jing-shi-10.ctv,,,,,,,,,,1280x720,CCSH.txt,12,403,成功,h264,1280x720,25.0,有音频,1.797
铜梁综合,https://tlpc01.cqliving.com/ch1.m3u8,,,,,,,,,,720x576,CCSH.txt,1509,200,成功,h264,720x576,25.0,有音频,4.090
运城科技教育,https://t.freetv.fun/live/shan-xi-yun-cheng-ke-ji-jiao-yu.m3u8,,,,,,,,,,1280x720,CCSH.txt,175,403,成功,h264,1280x720,25.0,有音频,1.179
苏州文化生活,https://t.freetv.fun/live/su-zhou-wen-hua-sheng-huo-1.m3u8,,,,,,,,,,1280x720,CCSH.txt,5,403,成功,h264,1280x720,25.0,有音频,1.427
金鹰纪实,https://t.freetv.fun/live/jin-ying-ji-shi-7-1.m3u8,,,,,,,,,,1280x720,CCSH.txt,4,403,成功,h264,1280x720,25.0,有音频,1.494
石家庄新闻综合,https://stream1.freetv.fun/shi-jia-zhuang-xin-wen-zong-he-11.ctv,,,,,,,,,,1280x720,CCSH.txt,15,403,成功,h264,1280x720,25.0,有音频,1.618
湖北生活,https://t.freetv.fun/live/hu-bei-sheng-huo-1.m3u8,,,,,,,,,,1280x720,CCSH.txt,15,403,成功,h264,1280x720,25.0,有音频,1.010
辽宁都市,https://t.freetv.fun/live/liao-zhu-du-shi-1.php,,,,,,,,,,1280x720,CCSH.txt,4,403,成功,h264,1280x720,25.0,有音频,1.347
佛山综合,https://stream1.freetv.fun/fo-shan-zong-he-3.ctv,,,,,,,,,,1280x720,CCSH.txt,6,403,成功,h264,1280x720,25.0,有音频,1.881
湖北影视,https://stream1.freetv.fun/hu-bei-ying-shi-3.m3u8,,,,,,,,,,1280x720,CCSH.txt,11,403,成功,h264,1280x720,25.0,有音频,1.426
石家庄娱乐,https://stream1.freetv.fun/shi-jia-zhuang-yu-le-8.m3u8,,,,,,,,,,1280x720,CCSH.txt,5,403,成功,h264,1280x720,25.0,有音频,1.599
杭州明珠,https://t.freetv.fun/live/hang-zhou-xi-hu-ming-zhu.m3u8,,,,,,,,,,1280x720,CCSH.txt,178,403,成功,h264,1280x720,25.0,有音频,1.433
新昌新闻综合,https://stream1.freetv.fun/xin-chang-xin-wen-zong-he-3.m3u8,,,,,,,,,,1280x720,CCSH.txt,282,403,成功,h264,1280x720,25.0,有音频,1.995
荆门新闻综合,https://stream1.freetv.fun/jing-men-xin-wen-zong-he-4.m3u8,,,,,,,,,,1920x1080,CCSH.txt,16,403,成功,h264,1920x1080,25.0,有音频,6.666
湖南电影,https://stream1.freetv.fun/hu-nan-dian-ying-10.m3u8,,,,,,,,,,1280x720,CCSH.txt,8,403,成功,h264,1280x720,25.0,有音频,1.914
浙江民生休闲,https://t.freetv.fun/live/zhe-jiang-min-sheng-xiu-xian-1-2.m3u8,,,,,,,,,,1280x720,CCSH.txt,5,403,成功,h264,1280x720,25.0,有音频,1.451
湖南电影,https://stream1.freetv.fun/hu-nan-dian-ying-4.m3u8,,,,,,,,,,640x360,CCSH.txt,15,403,成功,h264,640x360,25.0,有音频,2.177
广东珠江,https://stream1.freetv.fun/468bff09871ed8a1eba7a539f461001a9683ac2cbb084ef2d52449c7f1a52478.m3u8,,,,,,,,,,1280x720,CCSH.txt,284,403,成功,h264,1280x720,25.0,有音频,1.857
广东文化,https://t.freetv.fun/live/yan-dong-wen-hua-1.m3u8,,,,,,,,,,1280x720,CCSH.txt,17,403,成功,h264,1280x720,25.0,有音频,1.391
浙江遂昌,http://play-sh13.quklive.com/live/1708426592499070.m3u8?auth_key=2028414342-e92bda8423ad478c987a8b7ae82abe0e-0-c616f7fabb9675e1ed1d84d9edae7e07,,,,,,,,,,1920x1080,CCSH.txt,1181,200,成功,h264,1920x1080,25.0,有音频,1.785
武汉教育,https://stream1.freetv.fun/wu-yi-jiao-yu-17.m3u8,,,,,,,,,,1280x720,CCSH.txt,17,403,成功,h264,1280x720,25.0,有音频,2.041
佛山影视,https://stream1.freetv.fun/fo-shan-ying-shi-12.ctv,,,,,,,,,,1280x720,CCSH.txt,14,403,成功,h264,1280x720,25.0,有音频,1.896
广州影视,https://t.freetv.fun/live/yan-zhou-ying-shi-28.m3u8,,,,,,,,,,1280x720,CCSH.txt,174,403,成功,h264,1280x720,25.0,有音频,1.452
溧水新闻综合,https://t.freetv.fun/live/li-shui-xin-wen-zong-he-4.m3u8,,,,,,,,,,1280x720,CCSH.txt,5,403,成功,h264,1280x720,25.0,有音频,1.433
丽水公共,https://t.freetv.fun/live/li-shui-gong-gong.m3u8,,,,,,,,,,1280x720,CCSH.txt,17,403,成功,h264,1280x720,25.0,有音频,1.193
广德新闻综合,https://t.freetv.fun/live/yan-de-xin-wen-zong-he-1.flv,,,,,,,,,,1280x720,CCSH.txt,18,403,成功,h264,1280x720,25.0,有音频,1.163
山东体育,https://stream1.freetv.fun/shan-dong-ti-yu-24.m3u8,,,,,,,,,,1280x720,CCSH.txt,135,403,成功,h264,1280x720,25.0,有音频,1.663
温州经济科教,https://t.freetv.fun/live/jing-ji-ke-jiao-gao-qing-10.m3u8,,,,,,,,,,1280x720,CCSH.txt,5,403,成功,h264,1280x720,25.0,有音频,1.399
滁州新闻综合,https://t.freetv.fun/live/chu-zhou-xin-wen-zong-he.m3u8,,,,,,,,,,1280x720,CCSH.txt,179,403,成功,h264,1280x720,25.0,有音频,1.200
河北都市,https://stream1.freetv.fun/he-bei-du-shi-24.m3u8,,,,,,,,,,1280x720,CCSH.txt,5,403,成功,h264,1280x720,25.0,有音频,1.703
钱江都市,https://stream1.freetv.fun/qian-jiang-du-shi-2.m3u8,,,,,,,,,,1280x720,CCSH.txt,281,403,成功,h264,1280x720,25.0,有音频,1.891
浙江教科影院,http://ali-m-l.cztv.com/channels/lantian/channel004/1080p.m3u8?zzhed,,,,,,,,,,1920x1080,CCSH.txt,583,200,成功,h264,1920x1080,25.0,有音频,1.667
辽宁教育青少,http://120.76.248.139/live/bfgd/4200000075.m3u8,,,,,,,,,,1920x1080,CCSH.txt,530,200,成功,h264,1920x1080,25.0,有音频,2.757
湖南都市,https://stream1.freetv.fun/hu-nan-du-shi-gao-qing-1.m3u8,,,,,,,,,,1280x720,CCSH.txt,14,403,成功,h264,1280x720,25.0,有音频,1.878
湖南经视,https://t.freetv.fun/live/hu-nan-jing-shi-4-1.m3u8,,,,,,,,,,1280x720,CCSH.txt,4,403,成功,h264,1280x720,25.0,有音频,1.378
湖北经视,https://stream1.freetv.fun/hu-bei-jing-shi-11.m3u8,,,,,,,,,,1280x720,CCSH.txt,282,403,成功,h264,1280x720,25.0,有音频,1.645
德化新闻综合,https://t.freetv.fun/live/de-hua-xin-wen-zong-he.m3u8,,,,,,,,,,1280x720,CCSH.txt,4,403,成功,h264,1280x720,25.0,有音频,1.179
平遥新闻综合,https://t.freetv.fun/live/ping-yao-xin-wen-zong-he-1.m3u8,,,,,,,,,,1280x720,CCSH.txt,16,403,成功,h264,1280x720,25.0,有音频,1.234
芜湖新闻综合,https://t.freetv.fun/live/wu-hu-xin-wen-zong-he.m3u8,,,,,,,,,,1280x720,CCSH.txt,175,403,成功,h264,1280x720,25.0,有音频,1.174
江门综合,https://stream1.freetv.fun/jiang-men-zong-he-12.ctv,,,,,,,,,,1280x720,CCSH.txt,15,403,成功,h264,1280x720,25.0,有音频,1.600
湖北综合,https://stream1.freetv.fun/hu-bei-zong-he-9.m3u8,,,,,,,,,,1280x720,CCSH.txt,134,403,成功,h264,1280x720,25.0,有音频,1.875
固镇新闻,http://www.guzhenm.com:7001/hls/hd-live.m3u8,,,,,,,,,,1920x1080,CCSH.txt,1104,200,成功,h264,1920x1080,25.0,有音频,4.265
绍兴新闻综合,http://live.shaoxing.com.cn/video/s10001-sxtv1/index.m3u8?zzhed,,,,,,,,,,720x576,CCSH.txt,407,200,成功,h264,720x576,25.0,有音频,3.753
石家庄都市,https://t.freetv.fun/live/shi-jia-zhuang-du.m3u8,,,,,,,,,,1280x720,CCSH.txt,22,403,成功,h264,1280x720,25.0,有音频,1.157
北海新闻综合,https://t.freetv.fun/live/bei-hai-xin-wen-zong-he-2.m3u8,,,,,,,,,,1280x720,CCSH.txt,12,403,成功,h264,1280x720,25.0,有音频,1.184
长沙新闻,https://t.freetv.fun/live/chang-sha-xin-wen-4.m3u8,,,,,,,,,,1280x720,CCSH.txt,178,403,成功,h264,1280x720,25.0,有音频,1.344
山东体育,https://stream1.freetv.fun/shan-dong-ti-yu-5.m3u8,,,,,,,,,,1280x720,CCSH.txt,279,403,成功,h264,1280x720,25.0,有音频,1.704
湖北垄上,https://stream1.freetv.fun/hu-bei-long-shang-10.m3u8,,,,,,,,,,1280x720,CCSH.txt,6,403,成功,h264,1280x720,25.0,有音频,1.734
北京青年,http://player.cntv.cn/standard/live_HLSDRM20180919.swf?v=180.171.5.8.9.6.3.9&ChannelID=btv8&videoTVChannel=btv8&P2PChannelID=pd://cctv_p2p_hdbtv8&tai=btv8&VideoName=btv8&channelID=btv8,,,,,,,,,,19x24,CCSH.txt,91,200,成功,rawvideo,19x24,25.0,无音频,0.565
湖北综合,https://stream1.freetv.fun/hu-bei-zong-he-8.m3u8,,,,,,,,,,1280x720,CCSH.txt,133,403,成功,h264,1280x720,25.0,有音频,1.885
湖北垄上,https://stream1.freetv.fun/hu-bei-long-shang-16.m3u8,,,,,,,,,,1280x720,CCSH.txt,5,403,成功,h264,1280x720,25.0,有音频,1.914
广州新闻,https://stream1.freetv.fun/yan-zhou-xin-wen-3.m3u8,,,,,,,,,,1280x720,CCSH.txt,14,403,成功,h264,1280x720,25.0,有音频,5.443
湖北经视,https://stream1.freetv.fun/hu-bei-jing-shi-18.m3u8,,,,,,,,,,1280x720,CCSH.txt,279,403,成功,h264,1280x720,25.0,有音频,1.650
苏州社会经济,https://t.freetv.fun/live/su-zhou-she-hui-jing-ji-1.m3u8,,,,,,,,,,1280x720,CCSH.txt,20,403,成功,h264,1280x720,25.0,有音频,1.196
湖南电视剧,http://175.155.106.72:89/live1/live1.m3u8?zsicd 72.会东新闻,,,,,,,,,,1920x1080,CCSH.txt,426,200,成功,h264,1920x1080,25.0,有音频,2.045
芜湖公共,https://t.freetv.fun/live/wu-hu-gong-gong.m3u8,,,,,,,,,,1280x720,CCSH.txt,177,403,成功,h264,1280x720,25.0,有音频,1.215
湖北公共,https://stream1.freetv.fun/hu-bei-gong-gong-7.m3u8,,,,,,,,,,1280x720,CCSH.txt,4,403,成功,h264,1280x720,25.0,有音频,1.629
福建电视剧,https://live.264788.xyz/channel/fujiandianshiju?streamid=71f9763d50865c64951321e69e83c6f8&livekey=01WgOR41rriMmMkzNsd0UoaxJRwetZdxIvtVk,,,,,,,,,,1920x1080,CCSH.txt,1249,200,成功,h264,1920x1080,25.0,有音频,1.406
金鹰纪实,https://stream1.freetv.fun/jin-ying-ji-shi-9.m3u8,,,,,,,,,,1280x720,CCSH.txt,5,403,成功,h264,1280x720,25.0,有音频,1.442
佛山公共,https://stream1.freetv.fun/fo-shan-gong-gong-15.ctv,,,,,,,,,,1280x720,CCSH.txt,6,403,成功,h264,1280x720,25.0,有音频,1.829
湖北影视,https://stream1.freetv.fun/hu-bei-ying-shi-4.m3u8,,,,,,,,,,1280x720,CCSH.txt,14,403,成功,h264,1280x720,25.0,有音频,1.690
佛山影视,https://stream1.freetv.fun/fo-shan-ying-shi-4.ctv,,,,,,,,,,1280x720,CCSH.txt,5,403,成功,h264,1280x720,25.0,有音频,1.887
湖北经视,https://stream1.freetv.fun/hu-bei-jing-shi-19.m3u8,,,,,,,,,,1280x720,CCSH.txt,279,403,成功,h264,1280x720,25.0,有音频,1.648
汕头综合,https://t.freetv.fun/live/shan-tou-zong-he.m3u8,,,,,,,,,,1280x720,CCSH.txt,5,403,成功,h264,1280x720,25.0,有音频,1.372
陕西新闻资讯,https://t.freetv.fun/live/shan-xi-xin-wen-zi-xun-3.m3u8,,,,,,,,,,1280x720,CCSH.txt,16,403,成功,h264,1280x720,25.0,有音频,1.210
湖北综合,https://stream1.freetv.fun/hu-bei-zong-he-11.ctv,,,,,,,,,,1280x720,CCSH.txt,172,403,成功,h264,1280x720,25.0,有音频,1.855
福建电视剧,https://live.264788.xyz/channel/fujiandianshiju?streamid=a179dae6ca1718f987dd24134561ac27&livekey=01WgOR41rriMmMkzNsd0UoaxJRwetZdxIvtVk,,,,,,,,,,1920x1080,CCSH.txt,984,200,成功,h264,1920x1080,25.0,有音频,3.350
德清新闻综合,https://t.freetv.fun/live/de-qing-xin-wen-zong-he-1.m3u8,,,,,,,,,,1280x720,CCSH.txt,4,403,成功,h264,1280x720,25.0,有音频,1.353
浙江生活,https://t.freetv.fun/live/zhe-jiang-jing-ji-sheng-huo-5-1.m3u8,,,,,,,,,,1280x720,CCSH.txt,5,403,成功,h264,1280x720,25.0,有音频,1.386
长沙新闻,https://t.freetv.fun/live/chang-sha-xin-wen-2-1.m3u8,,,,,,,,,,1280x720,CCSH.txt,180,403,成功,h264,1280x720,25.0,有音频,1.460
广州新闻,https://t.freetv.fun/live/yan-zhou-xin-wen-22.m3u8,,,,,,,,,,1280x720,CCSH.txt,23,403,成功,h264,1280x720,25.0,有音频,1.449
佛山综合,https://stream1.freetv.fun/fo-shan-zong-he-14.ctv,,,,,,,,,,1280x720,CCSH.txt,13,403,成功,h264,1280x720,25.0,有音频,1.801
天水新闻综合,https://t.freetv.fun/live/zhao-tian-xin-wen-zong-he.m3u8,,,,,,,,,,1280x720,CCSH.txt,14,403,成功,h264,1280x720,25.0,有音频,1.234
广东珠江,https://t.freetv.fun/live/yan-dong-zhu-jiang-23.m3u8,,,,,,,,,,1280x720,CCSH.txt,5,403,成功,h264,1280x720,25.0,有音频,1.364
涪陵电视台,http://183.64.215.48:1002/1.m3u8,,,,,,,,,,1920x1080,CCSH.txt,1731,200,成功,h264,1920x1080,,有音频,4.173
佛山公共,https://stream1.freetv.fun/fo-shan-gong-gong-18.ctv,,,,,,,,,,1280x720,CCSH.txt,5,403,成功,h264,1280x720,25.0,有音频,1.953
石家庄新闻综合,https://stream1.freetv.fun/shi-jia-zhuang-xin-wen-zong-he-8.m3u8,,,,,,,,,,1280x720,CCSH.txt,21,403,成功,h264,1280x720,25.0,有音频,1.638
山东体育,https://stream1.freetv.fun/shan-dong-ti-yu-14.m3u8,,,,,,,,,,1280x720,CCSH.txt,133,403,成功,h264,1280x720,25.0,有音频,1.816
汕尾新闻综合,https://stream1.freetv.fun/shan-wei-xin-wen-zong-he-3.ctv,,,,,,,,,,1280x720,CCSH.txt,4,403,成功,h264,1280x720,25.0,有音频,1.783
河北农民,https://stream1.freetv.fun/he-bei-nong-min-1.m3u8,,,,,,,,,,1280x720,CCSH.txt,16,403,成功,h264,1280x720,30.0,有音频,4.224
湖州公共,https://hzcm-live.media.hugd.com/1e6b554b9ab74513958c0e1ffe664d22/9acaa7634309494cb29a85eb12136607.m3u8?auth_key=2272900830-9a2389b8bf4e49d580d4ad807423d326-0-ea78a5c7a678c436263582d368f5009e,,,,,,,,,,1280x720,CCSH.txt,1408,200,成功,h264,1280x720,25.0,有音频,4.783
山东新闻,https://stream1.freetv.fun/shan-dong-xin-wen-3.m3u8,,,,,,,,,,1920x1080,CCSH.txt,6,403,成功,h264,1920x1080,25.0,有音频,13.859
