频道名,地址,回播地址,回播类型,回播天数,tvg-id,tvg-name,国家分组,语言分组,图标,原分组,分辨率,来源文件,检测时间,状态码,ffprobe是否成功,视频编码,分辨率,帧率,音频,ffprobe探测时间
Utsav Bharat (720p),https://d1taaads3ztvmu.cloudfront.net/120723/smil:lifeokuk.smil/playlist.m3u8?hdnts=st=1735898689~exp=1835898688~acl=*~hmac=f5fe24724fe05481e3841f9eb5ab8efdee0a3dd83645ae9dcf45703f525bab7b,,,,UtsavBharat.uk@SD,,,,https://i.imgur.com/IQ2n0WY.png,Undefined,1280x720,iptv-org-all.txt,822,200,成功,h264,1280x720,25.0,有音频,1.131
TV Copan (720p) [Not 24/7],https://s.emisoras.tv:8081/tvcopan/index.m3u8,,,,TVCopan.hn@SD,,,,https://i.imgur.com/JiPmRFr.png,Undefined,1280x720,iptv-org-all.txt,55,200,成功,h264,1280x720,29.97002997002997,有音频,1.190
Utsav Plus (720p),https://raw.githubusercontent.com/amazeyourself/adaptive-streams/refs/heads/main/streams/gb/YuppTV/UtsavPlus.m3u8,,,,UtsavPlus.uk@SD,,,,https://i.imgur.com/TERVtWT.png,Undefined,1280x720,iptv-org-all.txt,826,200,成功,h264,1280x720,25.0,有音频,1.236
TV 10 San Juan (720p) [Not 24/7],https://59d39900ebfb8.streamlock.net/tv10sanjuan/tv10sanjuan/playlist.m3u8,,,,TV10SanJuan.do@SD,,,,https://i.imgur.com/e2BXUdH.png,General,1280x720,iptv-org-all.txt,8,200,成功,h264,1280x720,60.0,有音频,1.243
Video Mix TV,https://2-fss-2.streamhoster.com/pl_118/206436-3189488-1/playlist.m3u8,,,,VideoMixTV.us@SD,,,,https://i.imgur.com/nyLrIPP.png,Music,1920x1080,iptv-org-all.txt,1374,200,成功,h264,1920x1080,29.97002997002997,有音频,1.327
TVS Sports Bureau (720p),https://rpn.bozztv.com/gusa/gusa-tvssportsbureau/index.m3u8,,,,TVSSportsBureau.us@SD,,,,,Sports,1280x720,iptv-org-all.txt,21,200,成功,h264,1280x720,29.97002997002997,有音频,1.408
UniMas KFTR-DT [Geo-blocked],https://streaming-live-fcdn.api.prd.univisionnow.com/kftr/kftr.isml/hls/kftr.m3u8,,,,UniMas.us@KFTRDT,,,,https://upload.wikimedia.org/wikipedia/commons/thumb/3/34/Logo_UniM%C3%A1s_2021.svg/960px-Logo_UniM%C3%A1s_2021.svg.png,Undefined,1920x1080,iptv-org-all.txt,534,200,成功,h264,1920x1080,30.0,有音频,1.528
UniMas KUVN-DT,https://streaming-live-fcdn.api.prd.univisionnow.com/kuvn/kuvn.isml/hls/kuvn.m3u8,,,,UniMas.us@KUVNDT,,,,https://upload.wikimedia.org/wikipedia/commons/thumb/3/34/Logo_UniM%C3%A1s_2021.svg/960px-Logo_UniM%C3%A1s_2021.svg.png,Undefined,1920x1080,iptv-org-all.txt,341,200,成功,h264,1920x1080,30.0,有音频,1.570
Univision West (1080p) [Geo-blocked],https://streaming-live-fcdn.api.prd.univisionnow.com/uniwest/uniwest.isml/hls/uniwest.m3u8,,,,Univision.us@West,,,,https://upload.wikimedia.org/wikipedia/commons/thumb/a/af/Logo_Univision_2019.svg/960px-Logo_Univision_2019.svg.png,Undefined,1920x1080,iptv-org-all.txt,7,200,成功,h264,1920x1080,30.0,有音频,1.690
TVC Benin (720p),https://live.tvcbenin.com/direct/729c37a1d3319ee21991227b1f84c687.sdp/playlist.m3u8,,,,TVCBenin.bj@SD,,,,https://i.imgur.com/oUnEYl5.png,General,1280x720,iptv-org-all.txt,969,200,成功,h264,1280x720,30.0,有音频,0.736
TV LocAll (406p),http://tv.geniusnet.sk:8081/localltv/pl.m3u8,,,,TVLocAll.sk@SD,,,,https://i.imgur.com/xN1CJol.png,Undefined,720x406,iptv-org-all.txt,1242,200,成功,h264,720x406,25.0,有音频,1.731
UniMas WAMI-DT (1080p),http://190.197.41.183/Unimas/index.m3u8,,,,UniMas.us@WAMIDT,,,,https://i.imgur.com/UpnzXnr.png,Undefined,1280x720,iptv-org-all.txt,49,200,成功,h264,1280x720,30.0,有音频,1.718
TV Mais Marica (1080p),https://5cf4a2c2512a2.streamlock.net/tvmaismarica/tvmaismarica/playlist.m3u8,,,,TVMaisMarica.br@SD,,,,https://i.imgur.com/lgCRX7q.png,General,1920x1080,iptv-org-all.txt,80,200,成功,h264,1920x1080,30.0,有音频,1.861
TV NOVA 12 (576p) [Not 24/7],http://151.236.247.171:8080/nova/index.m3u8,,,,TVNOVA12.mk@SD,,,,https://i.imgur.com/Qo3Hj3t.png,General,720x576,iptv-org-all.txt,263,200,成功,h264,720x576,25.0,有音频,1.963
TVOMIX (1080p),https://cloud.tvomix.com/TVOMIX/index.m3u8,,,,TVOMIX.es@HD,,,,https://ugc.production.linktr.ee/7ef61237-c46d-456b-afe3-a42ef49a979e_Mejorado2.png,Music,1280x720,iptv-org-all.txt,101,200,成功,h264,1280x720,25.0,有音频,1.256
TVenLinea (1080p),https://srt.tvdatta.com/tvenlinea/index.m3u8,,,,TVenLinea.pe@SD,,,,https://i.imgur.com/txV8lw0.png,General,1920x1080,iptv-org-all.txt,1247,200,成功,h264,1920x1080,29.97002997002997,有音频,2.051
TV Ellef (1080p),http://cdn22.streampartner.nl/tvellef/livestream/playlist.m3u8,,,,TVEllef.nl@SD,,,,https://i.imgur.com/FaCd2QY.png,Undefined,1920x1080,iptv-org-all.txt,354,200,成功,h264,1920x1080,25.0,有音频,2.135
viju Explore (576p),http://stream.mcquack.net/239/index.m3u8,,,,vijuExplore.ru@SD,,,,https://i.imgur.com/EGIpLPu.png,Documentary,1920x1080,iptv-org-all.txt,126,200,成功,h264,1920x1080,25.0,有音频,2.300
UP NOW (720p),http://45.122.122.61:8080/UPNOW/video.m3u8,,,,UPNOW.in@SD,,,,https://papaji.freetvindia.com/media/channels/Upnow.png,News,1280x720,iptv-org-all.txt,437,200,成功,h264,1280x720,25.0,有音频,2.429
Verso TV,https://verso.coopcom.cl/live/SHf6GLCpn4hDSpWdzaDzgX0ciU82/index.m3u8,,,,VersoTV.cl@SD,,,,https://i.imgur.com/zdv4IF8.png,Culture,1920x1080,iptv-org-all.txt,521,200,成功,h264,1920x1080,30.0,有音频,1.587
TV Kujawy (576p) [Not 24/7],http://stream.tvkujawy.pl:8080/live/broadcast.m3u8,,,,TVKujawy.pl@SD,,,,https://i.imgur.com/dGP7cIW.png,Undefined,1280x720,iptv-org-all.txt,1454,200,成功,h264,1280x720,25.0,有音频,1.387
TV Povazie (1080p),https://dash3.antik.sk/live/test_povazie/playlist.m3u8,,,,TVPovazie.sk@SD,,,,https://i.imgur.com/JRD9YIY.png,Undefined,1280x720,iptv-org-all.txt,983,200,成功,h264,1280x720,25.0,有音频,1.553
TV Panon,https://stream2.nmih.hu:4102/live.m3u8,,,,TVPanon.rs@SD,,,,https://i.imgur.com/9ZKA4Gx.png,Undefined,1152x648,iptv-org-all.txt,480,200,成功,h264,1152x648,25.0,有音频,2.421
Vision (India) (576p),http://103.85.204.205:1935/VISIONMEDIA/live/playlist.m3u8,,,,Vision.in@SD,,,,https://i.imgur.com/YozqNL3.jpg,General,720x576,iptv-org-all.txt,685,200,成功,h264,720x576,50.0,有音频,3.367
UMA TV,https://umatv.nuvemplay.live/hls/stream.m3u8,,,,UMATV.br@HD,,,,https://i.imgur.com/m0RVb79.png,Entertainment,1920x1080,iptv-org-all.txt,1394,200,成功,h264,1920x1080,30.0,有音频,2.289
TVPlus Suceava (576p),http://85.186.22.140/testing/pl5/playlist/ram/playlist.m3u8,,,,TVPlusSuceava.ro@SD,,,,https://i.imgur.com/f4fzoLe.png,Undefined,960x540,iptv-org-all.txt,274,200,成功,h264,960x540,25.0,有音频,1.170
UniMas WFUT-DT (720p) [Geo-blocked],https://streaming-live-fcdn.api.prd.univisionnow.com/wfut/wfut.isml/hls/wfut.m3u8,,,,UniMas.us@WFUTDT,,,,https://upload.wikimedia.org/wikipedia/commons/thumb/3/3b/WFUT-DT_(2021).svg/960px-WFUT-DT_(2021).svg.png,Undefined,1920x1080,iptv-org-all.txt,5,200,成功,h264,1920x1080,30.0,有音频,1.490
TVS Hi Tops (720p),https://rpn.bozztv.com/gusa/gusa-hitops/index.m3u8,,,,TVSHiTops.us@SD,,,,https://i.imgur.com/RiWg1IA.png,Kids,640x480,iptv-org-all.txt,21,200,成功,h264,640x480,,有音频,0.641
V6 News (576p),https://yuppmedtaorire.akamaized.net/v1/master/a0d007312bfd99c47f76b77ae26b1ccdaae76cb1/v6news_nim_https/140622/v6news/playlist.m3u8,,,,V6News.in@SD,,,,https://dtil.tmsimg.com/assets/s144047_ld_h15_aa.png?lock=720x540,News,384x216,iptv-org-all.txt,1334,200,成功,h264,384x216,25.0,有音频,4.217
Vidusdaugavas Televizija (576p),https://straume.vdtv.lv/vdtv2/index.m3u8,,,,VidusdaugavasTelevizija.lv@SD,,,,https://i.imgur.com/L5U3PQR.png,General,1024x576,iptv-org-all.txt,2175,200,成功,h264,1024x576,25.0,有音频,4.299
VNM TV (576p),http://51.75.127.199:3141/vnmtv/index.m3u8,,,,VNMTV.in@SD,,,,https://jiotvimages.cdn.jio.com/dare_images/images/VNM_News.png,News,1920x1080,iptv-org-all.txt,175,200,成功,h264,1920x1080,25.0,有音频,0.945
Vision Latina (1080p),https://cdn-cloudfront.us-east-1.prod.ingest.aws-infra.dacast.com/live/64917431-2f51-0a46-d4d0-04d111b2393f/master.m3u8,,,,VisionLatina.pa@SD,,,,https://i.imgur.com/TG30lWA.jpg,Religious,1920x1080,iptv-org-all.txt,389,200,成功,h264,1920x1080,29.97002997002997,有音频,0.216
Vaanavil TV (720p),https://6n3yope4d9ok-hls-live.5centscdn.com/vaanavil/TV.stream/playlist.m3u8,,,,VaanavilTV.in@SD,,,,https://jiotvimages.cdn.jio.com/dare_images/images/Vaanavil_TV.png,Music,1280x720,iptv-org-all.txt,1989,200,成功,h264,1280x720,25.0,有音频,0.639
VBS TV (480p) [Not 24/7],https://tgn.bozztv.com/vbstvcdn/vbstv/ngrp:vbstv_all/playlist.m3u8,,,,VBSTV.us@SD,,,,https://i.imgur.com/OkslYzP.png,General,640x360,iptv-org-all.txt,21,200,成功,h264,640x360,29.97002997002997,有音频,2.429
TV Monaco (1080p),https://production-fast-mcrtv.content.okast.tv/channels/2116dc08-1959-465d-857f-3619daefb66b/b702b2b9-aebd-436c-be69-2118f56f3d86/master.m3u8,,,,TVMonaco.mc@SD,,,,https://upload.wikimedia.org/wikipedia/commons/thumb/4/4b/TVMonaco_2023.svg/960px-TVMonaco_2023.svg.png,General,640x360,iptv-org-all.txt,245,200,成功,h264,640x360,25.0,有音频,1.770
Uniregion TV,https://5ff3d9babae13.streamlock.net/ubyecbxnfd/ubyecbxnfd/playlist.m3u8,,,,UniregionTV.cl@SD,,,,https://i.imgur.com/VEO6aos.png,General,1280x720,iptv-org-all.txt,803,200,成功,h264,1280x720,30.0,有音频,3.710
TV 52 (720p) [Not 24/7],https://edge1.socialsmart.tv/tv52/bant1/playlist.m3u8,,,,TV52.tr@SD,,,,https://i.imgur.com/k4R5CzO.png,Undefined,1280x720,iptv-org-all.txt,1037,200,成功,h264,1280x720,25.0,有音频,2.586
Vizion Plus (1080p),https://tringliveviz.akamaized.net/delta/105/out/u/qwaszxerdfcvrtryuy.m3u8,,,,VizionPlus.al@SD,,,,https://upload.wikimedia.org/wikipedia/commons/thumb/f/fc/Vizion_Plus.svg/960px-Vizion_Plus.svg.png,General,854x480,iptv-org-all.txt,508,200,成功,h264,854x480,25.0,有音频,5.448
TV45 (1080p),https://server.livelegitpro.in/bnews24/bnews24/video.m3u8,,,,TV45.in@SD,,,,https://jiotvimages.cdn.jio.com/dare_images/images/TV45.png,News,1280x720,iptv-org-all.txt,904,200,成功,h264,1280x720,29.97002997002997,有音频,5.525
TVS Talk Network (360p),https://rpn.bozztv.com/gusa/gusa-TVStalk/index.m3u8,,,,TVSTalkNetwork.us@SD,,,,https://i.imgur.com/WsaVAhx.png,Classic,480x360,iptv-org-all.txt,18,200,成功,h264,480x360,29.97002997002997,有音频,1.684
TV Aldeia (720p),https://stmv1.samcast.com.br/giovane7843/giovane7843/playlist.m3u8,,,,TVAldeia.br@SD,,,,https://i.imgur.com/rsfnv4Z.png,General,1920x1080,iptv-org-all.txt,1615,200,成功,h264,1920x1080,30.0,有音频,2.522
TV Brusque (720p),https://5ad482a77183d.streamlock.net/rodrigotvbrusque.com.br/5d880199c902eb4a1e8df00d/playlist.m3u8,,,,TVBrusque.br@SD,,,,https://i.imgur.com/J2EAZPS.png,News,1280x720,iptv-org-all.txt,728,200,成功,h264,1280x720,59.94005994005994,有音频,3.135
TVONE Nicaragua (720p) [Not 24/7],https://hdbox.chunklistv.com/live?stream=tvone,,,,TVONENicaragua.ni@SD,,,,https://i.imgur.com/FNk6rdz.png,Music,1280x720,iptv-org-all.txt,445,403,成功,h264,1280x720,29.96969696969697,有音频,2.237
TV Guara (720p) [Not 24/7],https://video02.logicahost.com.br/tvguara23/tvguara23/playlist.m3u8,,,,TVGuara.br@SD,,,,https://i.imgur.com/8PErNBT.png,Undefined,1280x720,iptv-org-all.txt,2488,200,成功,h264,1280x720,29.97002997002997,有音频,5.431
Villa Elisa Radio TV (1080p),https://copacogen.desdeparaguay.net/villaelisatv/villaelisatv/playlist.m3u8?admin=nacion,,,,VillaElisaRadioTV.py@SD,,,,https://i.imgur.com/ryzCsvy.jpg,General,1280x720,iptv-org-all.txt,1351,200,成功,h264,1280x720,60.0,有音频,2.680
TV Series (480p),https://stmv1.srvif.com/tvserie/tvserie/playlist.m3u8,,,,TVSeries.br@SD,,,,https://i.imgur.com/Ff5mj0o.png,Series,496x360,iptv-org-all.txt,1041,200,成功,h264,496x360,23.976023976023978,有音频,0.497
TV MAR (720p),https://live-evg11.tv360.bitel.com.pe/bitel/tvmarSRT/playlist.m3u8,,,,TVMAR.pe@SD,,,,https://i.imgur.com/VXvbNjT.png,General,1280x720,iptv-org-all.txt,374,200,成功,h264,1280x720,30.0,有音频,1.647
TVSat (576p) [Not 24/7],http://89.38.8.130:39443,,,,TVSat.ro@SD,,,,https://i.imgur.com/54GHZMv.png,Undefined,720x576,iptv-org-all.txt,316,200,成功,mpeg2video,720x576,25.0,有音频,5.473
W Polsce PL (720p),https://str.onnetwork.tv/hls/onnet-358726_hi/index.m3u8,,,,WPolscePL.pl@SD,,,,https://i.imgur.com/HQ8UyhL.png,Undefined,1280x720,iptv-org-all.txt,1418,200,成功,h264,1280x720,25.0,有音频,2.414
VEJA+ TV (1080p),https://gpa-vja.otteravision.com/gpa/vja/vja.m3u8,,,,VEJAPlusTV.br@HD,,,,https://i.imgur.com/n0pxHo4.png,News,1920x1080,iptv-org-all.txt,48,200,成功,h264,1920x1080,25.0,有音频,1.109
TV Panou (720p) [Not 24/7],http://tvpanoucom.srfms.com:1935/tvpanoucom/livestream/playlist.m3u8,,,,TVPanou.ht@SD,,,,https://i.imgur.com/zee6sWn.png,General,1280x720,iptv-org-all.txt,210,200,成功,h264,1280x720,10.0,有音频,1.007
TVideoNews (720p) [Not 24/7],https://video01.logicahost.com.br/tvideonews/tvideonews/playlist.m3u8,,,,TVideoNews.br@SD,,,,https://i.imgur.com/vstHOYx.png,News,1920x1080,iptv-org-all.txt,115,200,成功,h264,1920x1080,30.0,有音频,4.829
True History (720p),https://linear-188.frequency.stream/dist/glewedtv/188/hls/master/playlist.m3u8,,,,TrueHistory.us@SD,,,,https://i.imgur.com/1BHDGXx.png,Undefined,384x216,iptv-org-all.txt,1068,200,成功,h264,384x216,29.97002997002997,有音频,0.994
Unisul TV (720p),https://sitetv.brasilstream.com.br/hls/sitetv/index.m3u8?token=,,,,UnisulTV.br@SD,,,,https://i.imgur.com/N0TvAFz.png,Culture;Education,1280x720,iptv-org-all.txt,567,200,成功,h264,1280x720,29.97002997002997,有音频,2.630
TurkHaber TV (720p),https://edge1.socialsmart.tv/turkhaber/bant1/playlist.m3u8,,,,TurkHaberTV.tr@SD,,,,https://i.imgur.com/2AcRKdL.png,News,1920x1080,iptv-org-all.txt,175,200,成功,h264,1920x1080,25.0,有音频,3.130
TV Mana Russkiy (1080p),https://w1.manasat.com/tvmana-leste/smil:tvmana-leste.smil/playlist.m3u8,,,,TVManaRusskiy.pt@SD,,,,https://i.imgur.com/fACHqmY.png,Religious,640x360,iptv-org-all.txt,519,200,成功,h264,640x360,25.0,有音频,6.583
TV Yes Italia (720p),https://stream1.aswifi.it/radioyes/live/index.m3u8,,,,TVYesItalia.it@SD,,,,https://i.imgur.com/3CDxatu.png,Undefined,1280x720,iptv-org-all.txt,673,200,成功,h264,1280x720,29.97002997002997,有音频,3.284
TVRI Southeast Sulawesi (480p),https://ott-balancer.tvri.go.id/live/eds/Sultra/hls/Sultra.m3u8,,,,TVRI.id@SoutheastSulawesi,,,,https://upload.wikimedia.org/wikipedia/commons/thumb/e/eb/TVRILogo2019.svg/960px-TVRILogo2019.svg.png,General,1920x1080,iptv-org-all.txt,254,200,成功,h264,1920x1080,25.0,有音频,9.050
TV10 (720p),https://5c46fa289c89f.streamlock.net/pub1live/mystream/playlist.m3u8,,,,TV10.rw@SD,,,,https://i.imgur.com/DeaWC1N.png,General,1280x720,iptv-org-all.txt,919,200,成功,h264,1280x720,25.0,有音频,4.699
viju+ Sport (576p),http://stream.mcquack.net/333/index.m3u8,,,,vijuPlusSport.ru@SD,,,,https://i.imgur.com/fXESG0l.png,Sports,1920x1080,iptv-org-all.txt,127,200,成功,h264,1920x1080,25.0,有音频,1.692
Uniteve (720p) [Not 24/7],https://vivo.solumedia.com:19360/uniteve/uniteve.m3u8,,,,Uniteve.ar@SD,,,,https://pbs.twimg.com/profile_images/720276300888453120/a_SDOmBc_400x400.jpg,Undefined,1280x720,iptv-org-all.txt,83,200,成功,h264,1280x720,30.0,有音频,0.417
Vision NDV (720p) [Not 24/7],https://soportedvb.click:3891/live/visionndvlive.m3u8,,,,VisionNDV.do@SD,,,,https://i.imgur.com/4gj5NMa.png,Entertainment,1280x720,iptv-org-all.txt,137,200,成功,h264,1280x720,30.0,有音频,0.510
TV Zagora (576p),http://zagoratv.ddns.net:8080/tvzagora.m3u8,,,,TVZagora.bg@SD,,,,https://i.imgur.com/DvBboqe.png,General,1920x1080,iptv-org-all.txt,678,200,成功,h264,1920x1080,25.0,有音频,1.399
TV Mar Puerto Vallarta (1080p),https://5ca9af4645e15.streamlock.net/tvmarvallarta/videotvmarvallarta/playlist.m3u8,,,,TVMarPuertoVallarta.mx@SD,,,,https://i.imgur.com/z9iVlMn.png,General,1920x1088,iptv-org-all.txt,60,200,成功,h264,1920x1088,29.97002997002997,有音频,1.740
Une Vinalopo (576p) [Not 24/7],https://streamingtvi.gestec-video.com/hls/unesd.m3u8,,,,UneVinalopo.es@SD,,,,https://i.imgur.com/WpGR7RQ.png,Undefined,1024x576,iptv-org-all.txt,1386,200,成功,h264,1024x576,25.0,有音频,2.097
TV BRICS Chinese (1080p),https://chibrics.mediacdn.ru/cdn/brics/chinese/playlist.m3u8,,,,TVBRICSChinese.cn@SD,,,,https://i.imgur.com/896132Z.png,General,1920x1080,iptv-org-all.txt,1670,200,成功,h264,1920x1080,25.0,有音频,3.055
W14DK-D 14.1,https://2-fss-2.streamhoster.com/pl_118/amlst:204972-1949480/playlist.m3u8,,,,W14DKD141.us@HD,,,,https://i.imgur.com/TjQP7kS.png,Religious,1280x720,iptv-org-all.txt,96,200,成功,h264,1280x720,30.0,有音频,0.701
TVRI (1080i),https://ott-balancer.tvri.go.id/live/eds/Nasional/hls/Nasional.m3u8,,,,TVRI.id@HD,,,,https://upload.wikimedia.org/wikipedia/commons/thumb/e/eb/TVRILogo2019.svg/960px-TVRILogo2019.svg.png,General,1920x1080,iptv-org-all.txt,2738,200,成功,h264,1920x1080,25.0,有音频,7.957
TVR International,https://tvr-international.lg.mncdn.com/tvrinternational/smil:tvrinternational.smil/playlist.m3u8,,,,TVRInternational.ro@SD,,,,https://i.imgur.com/w28wcHs.png,General,,iptv-org-all.txt,823,200,成功,h264,,,有音频,10.019
Via Altomayo (720p) [Not 24/7],https://live.obslivestream.com/viaaltomayomux/index.m3u8,,,,ViaAltomayo.pe@SD,,,,https://i.imgur.com/aJ4XExn.png,General,1280x720,iptv-org-all.txt,28,200,成功,h264,1280x720,29.97002997002997,有音频,1.007
VH1 Queens of Reality,https://jmp2.uk/plu-66abefe5d2d50d00082c7d12.m3u8,,,,VH1QueensofReality.us@SD,,,,https://images.pluto.tv/channels/66abefe5d2d50d00082c7d12/colorLogoPNG.png,Entertainment,1280x720,iptv-org-all.txt,650,200,成功,h264,1280x720,30.0,有音频,0.579
UATV (1080p) [Not 24/7],https://unlimited1-us.dps.live/uatv/uatv.smil/playlist.m3u8,,,,UATV.cl@SD,,,,https://i.imgur.com/BdZGS66.png,Undefined,1920x1080,iptv-org-all.txt,1125,200,成功,h264,1920x1080,30.0,无音频,2.323
W24 (720p) [Not 24/7],https://ms01.w24.at/W24/smil:liveevent.smil/playlist.m3u8,,,,W24.at@SD,,,,https://i.imgur.com/FpVNrxk.png,Undefined,1280x720,iptv-org-all.txt,1479,200,成功,h264,1280x720,25.0,有音频,10.431
UNews (1080p),https://cdn.catiacast.video/abr/9436b5ab3c1171ab04a59af11951292f/playlist.m3u8,,,,UNews.lb@SD,,,,,News,1920x1080,iptv-org-all.txt,1317,200,成功,h264,1920x1080,30.0,有音频,2.132
TVCa (720p),https://live20.bozztv.com/akamaissh101/ssh101/tvcaelsalvador/playlist.m3u8,,,,TVCa.sv@SD,,,,https://i.imgur.com/uPWWtCA.png,Religious,1920x1080,iptv-org-all.txt,1132,200,成功,h264,1920x1080,30.0,有音频,0.706
Vintage Music (720p),https://59ef525c24caa.streamlock.net/vmtv/tvvintage/playlist.m3u8,,,,VintageMusic.cr@SD,,,,https://i.imgur.com/KImqYnN.jpeg,Music,1152x720,iptv-org-all.txt,42,200,成功,h264,1152x720,30.0,有音频,1.488
Turkmenistan (406p) [Not 24/7],https://alpha.tv.online.tm/hls/ch007.m3u8,,,,Turkmenistan.tm@SD,,,,https://i.imgur.com/iBBpBx4.png,General,720x406,iptv-org-all.txt,1611,200,成功,h264,720x406,25.0,有音频,10.872
UTalca TV (1080p),https://unlimited1-us.dps.live/campustv/campustv.smil/campustv/livestream1/chunks.m3u8,,,,UTalcaTV.cl@SD,,,,https://i.imgur.com/2AK61FQ.png,Education,1280x720,iptv-org-all.txt,1133,200,成功,h264,1280x720,30.0,有音频,1.799
TVS Hollywood History (582p),https://rpn.bozztv.com/gusa/gusa-tvshollywoohistory/index.m3u8,,,,TVSHollywoodHistory.us@SD,,,,https://i.imgur.com/QtQGyMS.png,Classic,720x432,iptv-org-all.txt,26,200,成功,h264,720x432,23.976023976023978,有音频,0.685
TV Golfo Uraba,https://stmv7.voxtvhd.com.br/golfo/golfo/playlist.m3u8,,,,TVGolfoUraba.co@SD,,,,https://i.imgur.com/Nd5axnS.png,Entertainment,640x360,iptv-org-all.txt,1136,200,成功,h264,640x360,29.97002997002997,有音频,0.417
VNP,https://videoserver.tmcreativos.com:19360/visionnoticias/visionnoticias.m3u8,,,,VNP.pe@SD,,,,https://i.imgur.com/TOnknEW.png,News,1280x720,iptv-org-all.txt,26,200,成功,h264,1280x720,30.0,有音频,0.739
Vesti FM (720p),https://stream.smotrim.ru/hls2/vesti_fm/playlist_4.m3u8,,,,VestiFM.ru@HD,,,,https://i.imgur.com/ZBHqSZj.png,News,1280x720,iptv-org-all.txt,980,200,成功,h264,1280x720,25.0,有音频,2.359
UniMas WXTV-DT,https://streaming-live-fcdn.api.prd.univisionnow.com/wxtv/wxtv.isml/hls/wxtv.m3u8,,,,UniMas.us@WXTVDT,,,,https://upload.wikimedia.org/wikipedia/commons/thumb/3/34/Logo_UniM%C3%A1s_2021.svg/960px-Logo_UniM%C3%A1s_2021.svg.png,Undefined,1920x1080,iptv-org-all.txt,7,200,成功,h264,1920x1080,30.0,有音频,0.595
TV3 La Plata (480p),https://live.amelbatv.co:81/teleopita/index.fmp4.m3u8,,,,TV3LaPlata.co@SD,,,,https://i.imgur.com/uRMq5HC.jpeg,General,852x480,iptv-org-all.txt,611,200,成功,h264,852x480,23.976023976023978,有音频,2.234
viju+ Serial HD (1080p),http://stream.mcquack.net/311/index.m3u8,,,,vijuPlusSerial.ru@HD,,,,https://i.imgur.com/8yXZET5.png,Series,1920x1080,iptv-org-all.txt,254,200,成功,h264,1920x1080,25.0,有音频,1.730
TSTV (720p),https://reflector.watchtstv.com/hls/livestream.m3u8,,,,TSTV.us@SD,,,,,Undefined,640x360,iptv-org-all.txt,1310,200,成功,h264,640x360,29.97002997002997,有音频,1.769
TV Universal Ecuador (720p),https://cdn.mycloudstream.io/hls/live/broadcast/uwcedjt2/index.m3u8,,,,TVUniversalEcuador.ec@SD,,,,https://i.imgur.com/TIsk5zN.png,Religious,1280x720,iptv-org-all.txt,45,200,成功,h264,1280x720,29.97002997002997,有音频,0.856
TVRI Aceh (720p),https://ott-balancer.tvri.go.id/live/eds/Aceh/hls/Aceh.m3u8,,,,TVRI.id@Aceh,,,,https://upload.wikimedia.org/wikipedia/commons/thumb/e/eb/TVRILogo2019.svg/960px-TVRILogo2019.svg.png,General,1920x1080,iptv-org-all.txt,2485,200,成功,h264,1920x1080,25.0,有音频,8.913
TV Universal (480p),https://644398c.ha.azioncdn.net/primary/tvuniversal_480p.sdp/playlist.m3u8,,,,TVUniversal.br@SD,,,,https://i.imgur.com/TIsk5zN.png,Religious,640x360,iptv-org-all.txt,83,200,成功,h264,640x360,29.97002997002997,有音频,4.491
Turkmenistan Sport (406p) [Not 24/7],https://alpha.tv.online.tm/hls/ch004.m3u8,,,,TurkmenistanSport.tm@SD,,,,https://i.imgur.com/n6vITLu.png,Sports,720x406,iptv-org-all.txt,1502,200,成功,h264,720x406,25.0,有音频,11.237
Villa Mantero TV,https://micanal.ovh/livestreams/515.AUTOOAAZ721F.m3u8,,,,VillaManteroTV.ar@SD,,,,https://i.imgur.com/mmEenTm.png,Undefined,960x540,iptv-org-all.txt,1410,200,成功,h264,960x540,29.97002997002997,有音频,1.695
TV Panorama,https://public.live.rebit.tv/live/20750f0b-e12d-4915-a4c3-47c5db9ccbf6/main.m3u8,,,,TVPanorama.sk@SD,,,,https://i.imgur.com/0YtCG4Y.png,General,768x432,iptv-org-all.txt,549,200,成功,h264,768x432,50.0,有音频,7.178
TV Pantanal MS (360p) [Not 24/7],https://5a2b083e9f360.streamlock.net/tvpantanal/tvpantanal.sdp/playlist.m3u8,,,,TVPantanalMS.br@SD,,,,https://i.imgur.com/0FOmktl.png,Undefined,480x360,iptv-org-all.txt,18,200,成功,h264,480x360,30.0,有音频,0.486
TVRI West Java (480p),https://ott-balancer.tvri.go.id/live/eds/Jabar/hls/Jabar.m3u8,,,,TVRI.id@WestJava,,,,https://upload.wikimedia.org/wikipedia/commons/thumb/e/eb/TVRILogo2019.svg/960px-TVRILogo2019.svg.png,General,1920x1080,iptv-org-all.txt,250,200,成功,h264,1920x1080,25.0,有音频,4.831
Turkmen Owazy (406p) [Not 24/7],https://alpha.tv.online.tm/hls/ch005.m3u8,,,,TurkmenOwazy.tm@SD,,,,https://i.imgur.com/Ap7l2jC.png,Music,,iptv-org-all.txt,1801,200,成功,h264,,,有音频,11.372
UGTV (720p),https://cdn.gunadarma.ac.id/streams/ugtv/ingestugtv.m3u8,,,,UGTV.id@SD,,,,https://i.imgur.com/iEKDH26.png,Undefined,1280x720,iptv-org-all.txt,2078,200,成功,h264,1280x720,30.0,有音频,13.180
TVG2 (720p) [Geo-blocked],https://crtvg-tvg2.flumotion.cloud/playlist.m3u8,,,,TVG2.es@SD,,,,https://i.imgur.com/yFy6gxg.png,General,640x360,iptv-org-all.txt,1357,200,成功,h264,640x360,50.0,有音频,0.677
Unicanal,http://45.170.130.224:8000/play/a04y/index.m3u8?hls,,,,Unicanal.py@SD,,,,https://i.imgur.com/cgTD2TW.png,News,1280x720,iptv-org-all.txt,284,200,成功,h264,1280x720,29.97002997002997,有音频,1.626
TVS Tally Ho (360p),https://rpn.bozztv.com/gusa/gusa-tvstallyho/index.m3u8,,,,TVSTallyHo.us@SD,,,,https://i.imgur.com/JlFwnDD.png,Classic,640x480,iptv-org-all.txt,19,200,成功,h264,640x480,29.97002997002997,有音频,0.613
TVRI Jambi (720p) [Not 24/7],https://ott-balancer.tvri.go.id/live/eds/Jambi/hls/Jambi.m3u8,,,,TVRI.id@Jambi,,,,https://upload.wikimedia.org/wikipedia/commons/thumb/e/eb/TVRILogo2019.svg/960px-TVRILogo2019.svg.png,General,1920x1080,iptv-org-all.txt,248,200,成功,h264,1920x1080,25.0,有音频,9.333
Waar TV (1080p),https://hlspackager.akamaized.net/live/DB/WAAR_HD/HLS/WAAR_HD.m3u8,,,,WaarTV.iq@SD,,,,https://i.imgur.com/rK0y02d.png,Undefined,1920x1080,iptv-org-all.txt,1339,200,成功,h264,1920x1080,25.0,有音频,3.788
Vitebsk,https://live.dc.beltelecom.by/vtv/vitebsk.stream/playlist.m3u8,,,,Vitebsk.by@SD,,,,https://i.imgur.com/qr26qQn.png,Undefined,1280x720,iptv-org-all.txt,607,200,成功,h264,1280x720,25.0,有音频,3.688
Vendhar TV (576p),https://mumt04.tangotv.in/m18aqlK4VENDHARTV/index.m3u8,,,,VendharTV.in@SD,,,,https://jiotvimages.cdn.jio.com/dare_images/images/Vendhar_TV.png,Entertainment,448x360,iptv-org-all.txt,198,200,成功,h264,448x360,25.0,有音频,4.722
TV7 Bharat (576p),https://stream.ottlive.co.in/tv7bharat/index.m3u8,,,,TV7Bharat.in@SD,,,,https://tv7bharat.tv/wp-content/uploads/2023/07/Logo-Bharat.jpg,News,1920x1080,iptv-org-all.txt,1160,200,成功,h264,1920x1080,25.0,有音频,12.013
TV Cosmos (720p),https://videoserver.tmcreativos.com:19360/tvcosmos/tvcosmos.m3u8,,,,TVCosmos.pe@SD,,,,https://i.imgur.com/nr4ctt4.png,General,854x480,iptv-org-all.txt,219,200,成功,h264,854x480,29.97002997002997,有音频,0.827
TV Nova (720p),https://stream.agatin.hr:3727/live/tvnovalive.m3u8,,,,TVNova.hr@SD,,,,https://i.imgur.com/gFjJ7YB.png,Entertainment,1280x720,iptv-org-all.txt,959,200,成功,h264,1280x720,25.0,有音频,3.592
TVSN (1080p),https://tvsnhlslivetest.akamaized.net/hls/live/2034711/TVSN-MSL4/master.m3u8,,,,TVSN.au@SD,,,,https://i.imgur.com/lmoAFm3.png,Shop,1920x1080,iptv-org-all.txt,954,200,成功,h264,1920x1080,25.0,有音频,2.018
TV Bella Asuncion,https://s2.tvdatta.com:3687/hybrid/play.m3u8,,,,TVBellaAsuncion.pe@SD,,,,https://i.imgur.com/H69eLFW.png,Undefined,1920x1080,iptv-org-all.txt,1126,200,成功,h264,1920x1080,23.976023976023978,有音频,0.621
TV9 (Slovakia),https://dash4.antik.sk/live/test_tv9/playlist.m3u8,,,,TV9.sk@SD,,,,https://i.imgur.com/Sco4x8t.png,Undefined,1280x720,iptv-org-all.txt,103,200,成功,h264,1280x720,25.0,有音频,1.547
TV West (720p),https://stream.hydeinnovations.com/tvwest-flussonic/index.m3u8,,,,TVWest.ug@SD,,,,https://i.imgur.com/EiJzkIz.png,General,1280x720,iptv-org-all.txt,969,200,成功,h264,1280x720,25.0,有音频,8.733
TV A Folha (720p),https://video01.logicahost.com.br/tvafolha/tvafolha/playlist.m3u8,,,,TVAFolha.br@SD,,,,https://i.imgur.com/I7XGMhj.png,News,854x480,iptv-org-all.txt,2354,200,成功,h264,854x480,30.0,有音频,3.932
Valam TV Dayro (576p),https://mumt03.tangotv.in/Dsly5z3HVALAMDAIRO/index.m3u8,,,,ValamTVDayro.in@SD,,,,https://papaji.freetvindia.com/media/channels/Valam_Dayro.png,Religious,640x360,iptv-org-all.txt,1838,200,成功,h264,640x360,30.0,有音频,4.709
TV Mar Los Cabos (1080p),https://5fc584f3f19c9.streamlock.net/tvmarloscabos/smil:tvmarloscabos.smil/playlist.m3u8,,,,TVMarLosCabos.mx@SD,,,,https://i.imgur.com/z9iVlMn.png,General,1920x1080,iptv-org-all.txt,245,200,成功,h264,1920x1080,29.97002997002997,有音频,1.802
TV Prato (1080p),https://live.mariatvcdn.com/tvprato/2db0dd5674586686a867ec52c3aa8e06.sdp/index.m3u8,,,,TVPrato.it@SD,,,,https://i.imgur.com/72mAJtf.png,Undefined,1920x1080,iptv-org-all.txt,1293,200,成功,h264,1920x1080,25.0,有音频,2.448
Venevision Internacional (720p),https://vod2live.univtec.com/manifest/4c41c0d8-e2e4-43cc-bd43-79afe715e1b3.m3u8,,,,VenevisionInternacional.ve@SD,,,,https://i.imgur.com/vtGED07.jpg,General,1920x1080,iptv-org-all.txt,12,200,成功,h264,1920x1080,30.0,有音频,0.764
Umm TV,https://live-us1.thaimomo.com/live-as/chtvb-2/playlist.m3u8,,,,UmmTV.th@SD,,,,https://i.imgur.com/5AV0JpL.png,Undefined,1024x576,iptv-org-all.txt,1043,200,成功,h264,1024x576,25.0,有音频,0.465
Vmeste-RF,https://qcpdqumitwf.a.trbcdn.net/livemastersrt/pr4mw_lvie-vmesterf-srt.smil/playlist.m3u8,,,,VmesteRF.ru@SD,,,,https://i.imgur.com/KI1qZNc.png,Undefined,1920x1080,iptv-org-all.txt,901,200,成功,h264,1920x1080,25.0,有音频,4.177
TV Buzau (576p),http://78.96.33.89:8080,,,,TVBuzau.ro@SD,,,,https://i.imgur.com/GhFmUVO.png,General,720x576,iptv-org-all.txt,277,200,成功,vp8,720x576,1000.0,有音频,3.386
Univision Latin America (1080p),http://138.121.15.230:9002/UNIVISION/index.m3u8,,,,UnivisionLatinAmerica.mx@Panregional,,,,https://upload.wikimedia.org/wikipedia/commons/thumb/a/af/Logo_Univision_2019.svg/960px-Logo_Univision_2019.svg.png,Undefined,1920x1080,iptv-org-all.txt,168,200,成功,h264,1920x1080,30.0,有音频,1.011
TVCARiB Cinema (720p) [Not 24/7],https://cdn.mycloudstream.io/hls/live/broadcast/l3vslw4i/index.m3u8,,,,TVCARiBCinema.sx@SD,,,,https://i.imgur.com/fvGlwKo.png,Movies,1280x720,iptv-org-all.txt,1330,200,成功,h264,1280x720,30.0,有音频,0.695
TV Mar La Paz (1080p),https://5fc584f3f19c9.streamlock.net/tvmarlapaz/smil:tvmarlapaz.smil/playlist.m3u8,,,,TVMarLaPaz.mx@SD,,,,https://i.imgur.com/z9iVlMn.png,General,1920x1080,iptv-org-all.txt,364,200,成功,h264,1920x1080,59.94005994005994,有音频,3.468
TV Alianca Catarinense (720p),https://video01.logicahost.com.br/tvalianca/tvalianca/playlist.m3u8,,,,TVAliancaCatarinense.br@SD,,,,https://i.imgur.com/eqmOhtP.png,General,856x480,iptv-org-all.txt,1448,200,成功,h264,856x480,30.0,有音频,3.782
TV 100 (Greece) (720p),https://gwebstream.net/hls/master.m3u8,,,,TV100.gr@SD,,,,https://i.imgur.com/OBH2DfE.png,General,854x480,iptv-org-all.txt,1198,200,成功,h264,854x480,25.0,有音频,3.984
TV Aire,https://video.hostingcaaguazu.com:19360/tvairepy/tvairepy.m3u8,,,,TVAire.py@SD,,,,https://i.imgur.com/7gHFKPZ.png,General,1280x720,iptv-org-all.txt,1750,200,成功,h264,1280x720,60.0,有音频,3.080
Vati Lao (720p),https://livefta.malimarcdn.com/ftaedge00/vatilaotv.stream/playlist.m3u8,,,,VatiLao.la@SD,,,,https://i.imgur.com/NwxXABV.png,Entertainment,1280x720,iptv-org-all.txt,1317,200,成功,h264,1280x720,29.97002997002997,有音频,0.809
W14DK-D 14.2,https://2-fss-2.streamhoster.com/pl_118/204972-1954106-1/playlist.m3u8,,,,W14DKD142.us@SD,,,,https://upload.wikimedia.org/wikipedia/commons/9/98/NewsNetLogo2022.png,News,1280x720,iptv-org-all.txt,71,200,成功,h264,1280x720,30.0,有音频,0.421
TVCARiB Kids & Teens (720p) [Not 24/7],https://cdn.mycloudstream.io/hls/live/broadcast/nro19k2h/index.m3u8,,,,TVCARiBKidsTeens.sx@SD,,,,https://i.imgur.com/fvGlwKo.png,Kids,1280x720,iptv-org-all.txt,1330,200,成功,h264,1280x720,30.0,有音频,0.647
Via Television [Not 24/7],https://videoserver.tmcreativos.com:19360/cablerasvia/cablerasvia.m3u8,,,,ViaTelevision.pe@SD,,,,https://i.imgur.com/FiptbGQ.png,General,1280x720,iptv-org-all.txt,24,200,成功,h264,1280x720,29.97002997002997,有音频,0.730
TVRI East Kalimantan (720p),https://ott-balancer.tvri.go.id/live/eds/Kaltim/hls/Kaltim.m3u8,,,,TVRI.id@EastKalimantan,,,,https://upload.wikimedia.org/wikipedia/commons/thumb/e/eb/TVRILogo2019.svg/960px-TVRILogo2019.svg.png,General,1920x1080,iptv-org-all.txt,796,200,成功,h264,1920x1080,25.0,有音频,11.074
TVRI Gorontalo (480p),https://ott-balancer.tvri.go.id/live/eds/Gorontalo/hls/Gorontalo.m3u8,,,,TVRI.id@Gorontalo,,,,https://upload.wikimedia.org/wikipedia/commons/thumb/e/eb/TVRILogo2019.svg/960px-TVRILogo2019.svg.png,General,1920x1080,iptv-org-all.txt,545,200,成功,h264,1920x1080,25.0,有音频,9.264
TVS Mainstreet (360p) [Not 24/7],https://rpn.bozztv.com/gusa/gusa-tvsmainst/index.m3u8,,,,TVSMainstreet.us@SD,,,,https://i.imgur.com/N9nQpnP.png,Classic,1280x720,iptv-org-all.txt,14,200,成功,h264,1280x720,29.97002997002997,有音频,1.276
TvOro (1080p),http://45.187.0.19:9090/tvusa/index.m3u8,,,,TvOro.ec@SD,,,,https://i.imgur.com/9d02qUU.jpeg,General,1280x720,iptv-org-all.txt,221,200,成功,h264,1280x720,30.0,有音频,1.142
TV2 (Algeria) (1080p),http://185.9.2.18/chid_347/index.m3u8,,,,TV2.dz@SD,,,,https://i.imgur.com/VEb631f.png,General,1920x1080,iptv-org-all.txt,200,200,成功,h264,1920x1080,25.0,有音频,1.368
TVRI East Nusa Tenggara (480p),https://ott-balancer.tvri.go.id/live/eds/NTT/hls/NTT.m3u8,,,,TVRI.id@EastNusaTenggara,,,,https://upload.wikimedia.org/wikipedia/commons/thumb/e/eb/TVRILogo2019.svg/960px-TVRILogo2019.svg.png,General,1920x1080,iptv-org-all.txt,640,200,成功,h264,1920x1080,25.0,有音频,8.671
TVRI Central Kalimantan (480p),https://ott-balancer.tvri.go.id/live/eds/Kalteng/hls/Kalteng.m3u8,,,,TVRI.id@CentralKalimantan,,,,https://upload.wikimedia.org/wikipedia/commons/thumb/e/eb/TVRILogo2019.svg/960px-TVRILogo2019.svg.png,General,1920x1080,iptv-org-all.txt,1395,200,成功,h264,1920x1080,25.0,有音频,10.552
TV Mana Argentina (576p) [Not 24/7],https://w2.manasat.com/tvmana-ar/smil:tvmana-ar.smil/playlist.m3u8,,,,TVManaArgentina.ar@SD,,,,https://i.imgur.com/jars0mP.png,Religious,450x360,iptv-org-all.txt,1769,200,成功,h264,450x360,25.0,有音频,6.267
Viva Nicaragua Canal 13 (720p),https://cdn.vivamediosni.com/viva_720p/index.m3u8,,,,VivaNicaraguaCanal13.ni@SD,,,,https://i.imgur.com/9q7Ajz4.png,General,1280x720,iptv-org-all.txt,232,200,成功,h264,1280x720,60.0,有音频,0.938
Vechtdal TV (480p),https://ms2.mx-cd.net/tv/81-334271/VechtdalTV.smil/playlist.m3u8,,,,VechtdalTV.nl@SD,,,,https://i.imgur.com/MhcKEwr.png,Undefined,1280x720,iptv-org-all.txt,1106,200,成功,h264,1280x720,25.0,有音频,3.367
TVCARiB Gospel (480p) [Not 24/7],https://cdn.mycloudstream.io/hls/live/broadcast/wokrhjkd/index.m3u8,,,,TVCARiBGospel.sx@SD,,,,https://i.imgur.com/fvGlwKo.png,Religious,1280x720,iptv-org-all.txt,1336,200,成功,h264,1280x720,30.0,有音频,0.602
TV Teuta,http://143.244.204.5/tvteuta/tracks-v1a1/mono.m3u8,,,,TVTeuta.me@SD,,,,https://i.imgur.com/sWVqBuW.png,General,1280x720,iptv-org-all.txt,185,200,成功,h264,1280x720,25.0,有音频,0.807
U (720p),https://bl.rutube.ru/livestream/5c9327074e25ca86f3111d4085cbbb65/index.m3u8?e=2066519758&s=9cPc1rCGu6M932eqrifRhQ&scheme=https,,,,U.ru@SD,,,,https://i.imgur.com/KDZvt0Q.png,Entertainment,1280x720,iptv-org-all.txt,1054,200,成功,h264,1280x720,25.0,有音频,14.175
Vasarhelyi Televizio (576p),https://stream.vasarhelyitelevizio.hu/stream/stream.m3u8,,,,VasarhelyiTelevizio.hu@SD,,,,https://i.imgur.com/WOEqdmx.png,General,720x576,iptv-org-all.txt,1503,200,成功,h264,720x576,25.0,有音频,3.976
TV Estrella (720p),https://s.emisoras.tv:8081/tve/index.m3u8,,,,TVEstrella.hn@SD,,,,https://i.imgur.com/QqSR7l7.png,Religious,1280x720,iptv-org-all.txt,8,200,成功,h264,1280x720,29.97002997002997,有音频,0.676
WACX 55.1 (720p),https://6305c8676ce84.streamlock.net/live/live/playlist.m3u8,,,,WACX551.us@SD,,,,https://upload.wikimedia.org/wikipedia/commons/thumb/b/bc/WACX_logo_2021.png/960px-WACX_logo_2021.png,Undefined,1920x1080,iptv-org-all.txt,1404,200,成功,h264,1920x1080,59.94005994005994,有音频,1.330
TVCARiB Latino (720p) [Not 24/7],https://cdn.mycloudstream.io/hls/live/broadcast/xn44vdc5/index.m3u8,,,,TVCARiBLatino.sx@SD,,,,https://i.imgur.com/fvGlwKo.png,Entertainment,1280x720,iptv-org-all.txt,1085,200,成功,h264,1280x720,30.0,有音频,1.172
TV UFOP (1080p),https://app.tvufop.com.br/hls/tvufop.m3u8,,,,TVUFOP.br@HD,,,,https://raw.githubusercontent.com/daniloroxette/tvufop/refs/heads/main/images/tvufop_logo.png,Culture;Education;Public,1920x1080,iptv-org-all.txt,705,200,成功,h264,1920x1080,30.0,有音频,3.122
UniTV (720p),https://vcp6.myplaytv.com/unitv/unitv/playlist.m3u8,,,,UniTV.ve@SD,,,,https://i.imgur.com/KLGeznX.png,General,1920x1080,iptv-org-all.txt,123,200,成功,h264,1920x1080,29.97002997002997,有音频,0.779
UMSA TVU Internacional (720p),https://edge.enhdtv.com/8026/index.m3u8,,,,UMSATVUInternacional.bo@HD,,,,https://tvu.umsa.bo/documents/780216/12171558/Logo+TVU-Int.png/b67c9c61-7516-e38a-a425-72e61f3824c6?t=1751574228493,Documentary;Education;Science,1280x720,iptv-org-all.txt,971,200,成功,h264,1280x720,30.0,有音频,1.113
VSiN (720p),https://vsin-sgrewind.streamguys1.com/scte/live-2k/playlist.m3u8,,,,VSiN.us@SD,,,,https://i.imgur.com/C4wIRxg.png,Undefined,1920x1080,iptv-org-all.txt,1343,200,成功,h264,1920x1080,29.97002997002997,有音频,0.508
viju History (576p),http://178.124.179.122:8080/HistoryHD/index.m3u8,,,,vijuHistory.ru@SD,,,,https://i.imgur.com/FqWkeXb.png,Documentary,768x432,iptv-org-all.txt,243,200,成功,h264,768x432,25.0,有音频,1.781
TVRI Jakarta (576i) [Not 24/7],https://ott-balancer.tvri.go.id/live/eds/DKI/hls/DKI.m3u8,,,,TVRI.id@Jakarta,,,,https://upload.wikimedia.org/wikipedia/commons/thumb/e/eb/TVRILogo2019.svg/960px-TVRILogo2019.svg.png,General,1920x1080,iptv-org-all.txt,494,200,成功,h264,1920x1080,25.0,有音频,9.237
Vetta 24 (576p) [Not 24/7],http://serv24.vintera.tv:8081/vetta/vetta_office/playlist.m3u8,,,,Vetta24.ru@SD,,,,https://i.imgur.com/zKH1b5k.png,Undefined,720x480,iptv-org-all.txt,1043,200,成功,h264,720x480,25.0,有音频,2.336
UMSA TVU LP (720p),https://edge.enhdtv.com/8190/index.m3u8,,,,UMSATVULP.bo@SD,,,,https://tvu.umsa.bo/documents/780216/12171558/logo+tvu+icon.png/4367e79e-4541-d340-0e82-3943b73e7b18?t=1747686917412,Culture;Education;News,1280x720,iptv-org-all.txt,766,200,成功,h264,1280x720,29.97002997002997,有音频,0.908
TVRI West Kalimantan (480p),https://ott-balancer.tvri.go.id/live/eds/Kalbar/hls/Kalbar.m3u8,,,,TVRI.id@WestKalimantan,,,,https://upload.wikimedia.org/wikipedia/commons/thumb/e/eb/TVRILogo2019.svg/960px-TVRILogo2019.svg.png,General,1920x1080,iptv-org-all.txt,248,200,成功,h264,1920x1080,25.0,有音频,8.890
Volksmusik TV (1080p),https://vmtv.iptv-playoutcenter.de/vmtv/vmtv1/playlist.m3u8,,,,VolksmusikTV.de@SD,,,,https://i.imgur.com/EsWuCJ3.png,Music,1920x1080,iptv-org-all.txt,1148,200,成功,h264,1920x1080,25.0,有音频,4.640
Tvoye TV Yumor (1080p),http://tvoetv.space:8080/tvoetv_humor/index.m3u8,,,,TvoyeTVYumor.ru@SD,,,,https://smotret.tv/images/tvoe-tv-yumor.webp,Comedy,1920x1080,iptv-org-all.txt,113,200,成功,h264,1920x1080,25.0,有音频,1.941
U Bangla (1080p),https://stream.ottlive.co.in/ubangla/index.m3u8,,,,UBangla.in@SD,,,,https://jiotvimages.cdn.jio.com/dare_images/images/U_Bangla.png,Undefined,1920x1080,iptv-org-all.txt,1342,200,成功,h264,1920x1080,25.0,有音频,4.344
TV OFF (1080p),https://edge.enhdtv.com/tvoff/index.m3u8,,,,TVOFF.bo@SD,,,,https://i.imgur.com/vBe1GgI.png,Travel,1920x1080,iptv-org-all.txt,33,200,成功,h264,1920x1080,29.97002997002997,有音频,0.982
TV Mulhouse (1080p),http://194.163.157.137:8080/hls/radiomulhouse.m3u8,,,,TVMulhouse.fr@HD,,,,https://academie.kasumay.international/ico/radiomulhouse.png,General,1920x1080,iptv-org-all.txt,107,200,成功,h264,1920x1080,25.0,有音频,1.103
TVR 2,https://tvr-2.lg.mncdn.com/tvr2/smil:tvr2.smil/playlist.m3u8,,,,TVR2.ro@SD,,,,https://i.imgur.com/mKouHIZ.png,General,2560x1440,iptv-org-all.txt,279,200,成功,h264,2560x1440,25.0,有音频,5.790
TV Centr International (576p),https://stream8.cinerama.uz/1281/tracks-v1a1/mono.m3u8,,,,TVCentrInternational.ru@SD,,,,https://i.imgur.com/tsCOnBW.png,Undefined,1024x576,iptv-org-all.txt,166,200,成功,h264,1024x576,25.0,有音频,4.429
TV BRICS English (1080p),https://engbrics.mediacdn.ru/cdn/brics/english/playlist.m3u8,,,,TVBRICSEnglish.in@SD,,,,https://i.imgur.com/8rKNuS6.png,General,1920x1080,iptv-org-all.txt,1942,200,成功,h264,1920x1080,25.0,有音频,2.942
TV Hram (576p) [Not 24/7],https://vod1.laki.eu/live/hram/index.m3u8,,,,TVHram.rs@SD,,,,https://i.imgur.com/XzAYOFK.png,Undefined,720x576,iptv-org-all.txt,1802,200,成功,h264,720x576,25.0,有音频,5.096
TV Mana Mocambique (1080p),https://w2.manasat.com/tvmana-mz/smil:tvmana-mz.smil/playlist.m3u8,,,,TVManaMocambique.mz@SD,,,,https://i.imgur.com/R5YrV5s.png,Religious,640x360,iptv-org-all.txt,852,200,成功,h264,640x360,25.0,有音频,6.016
TVR Moldova HD (1440p),https://tvr-moldova.lg.mncdn.com/tvrmoldova/smil:tvrmoldova.smil/chunklist.m3u8,,,,TVRMoldova.md@HD,,,,https://i.imgur.com/wDe9gL2.png,General,2560x1440,iptv-org-all.txt,1058,200,成功,h264,2560x1440,25.0,有音频,15.862
TV1 (Rwanda),https://live.tv1.rw/index.m3u8,,,,TV1.rw@SD,,,,https://i.imgur.com/wk59tHA.png,General,854x480,iptv-org-all.txt,1204,200,成功,h264,854x480,25.0,有音频,1.244
Vasanth TV (576p),https://mumt04.tangotv.in/m18aqlK4VASANTHTV/index.m3u8,,,,VasanthTV.in@SD,,,,https://dtil.tmsimg.com/assets/s144068_ld_h15_aa.png?lock=720x540,Entertainment,340x360,iptv-org-all.txt,1720,200,成功,h264,340x360,25.0,有音频,5.103
TVR 1,https://tvr-1.lg.mncdn.com/tvr1/smil:tvr1.smil/playlist.m3u8,,,,TVR1.ro@SD,,,,https://i.imgur.com/CcUX1gB.png,General,2560x1440,iptv-org-all.txt,416,200,成功,h264,2560x1440,25.0,有音频,10.569
TVMarineret (1080p),http://sdream.info:8080/hls/livestream/index.m3u8,,,,TVMarineret.dk@SD,,,,https://i.imgur.com/r1Caske.jpg,General,1280x720,iptv-org-all.txt,946,200,成功,h264,1280x720,25.0,有音频,2.108
TV GRANDE NATAL HDTV BRASIL (1080p),http://tvgrandenatalhd.duckdns.org:8080/hls/live.m3u8,,,,TVGRANDENATALHDTVBRASIL.br@SD,,,,https://i.imgur.com/MTuErdw.png,Entertainment,1280x720,iptv-org-all.txt,1370,200,成功,h264,1280x720,60.0,有音频,1.021
TV Ingolstadt (1080p),https://stream01.welocal.stream/stream/fhd-tvingolstadt_44349/ngrp:stream_all/playlist.m3u8,,,,TVIngolstadt.de@SD,,,,https://i.imgur.com/Ymh11VV.png,Undefined,426x240,iptv-org-all.txt,1517,200,成功,h264,426x240,25.0,有音频,5.995
TVE RS (1080p),https://streaming.procergs.com.br:8443/tve/stve/playlist.m3u8,,,,TVERS.br@SD,,,,https://i.imgur.com/MQ6lJpS.png,Culture;Education,1920x1080,iptv-org-all.txt,2024,200,成功,h264,1920x1080,59.94005994005994,有音频,4.780
TV Evangelizar (720p),http://45.162.64.114/EVANGELIZAR/index.m3u8,,,,TVEvangelizar.br@SD,,,,https://i.imgur.com/IrYR7Kp.png,Religious,1280x720,iptv-org-all.txt,132,200,成功,h264,1280x720,30.0,有音频,1.362
VTU (1080p),https://lbgo.bozztv.com/ssh101/ssh101/afghantheatretv/playlist.m3u8,,,,VTU.in@SD,,,,https://i.imgur.com/zMwZRGJ.png,Undefined,1280x720,iptv-org-all.txt,1380,200,成功,h264,1280x720,30.0,有音频,0.889
Velayat TV Network (480p),https://nl.livekadeh.com/hls2/velayattv.m3u8,,,,VelayatTVNetwork.us@SD,,,,https://i.imgur.com/bRQSzhs.png,Religious,1280x720,iptv-org-all.txt,95,200,成功,h264,1280x720,25.0,有音频,2.293
TVS Tavern (480p),https://rpn.bozztv.com/gusa/gusa-tavern/index.m3u8,,,,TVSTavern.us@SD,,,,https://i.imgur.com/3GTIs4j.png,Classic,384x288,iptv-org-all.txt,19,200,成功,h264,384x288,29.97002997002997,有音频,1.277
TVCG MNE (1080p),https://rtcg-live-open.morescreens.com/RTCG_1_004/playlist.m3u8,,,,TVCGMNE.me@SD,,,,https://i.imgur.com/pf8VEwf.png,Undefined,1920x1080,iptv-org-all.txt,1472,200,成功,h264,1920x1080,50.0,有音频,8.682
TVC (Nigeria) (1080p),https://tvce.gridpapaservers.com/TVCSEPT/ngrp:myStream_all/playlist.m3u8,,,,TVC.ng@SD,,,,https://i.imgur.com/ReV8R5S.png,Undefined,284x160,iptv-org-all.txt,1186,200,成功,h264,284x160,29.97002997002997,有音频,11.580
UTV (Chile) (720p),https://v2.tustreaming.cl/utv/index.m3u8,,,,UTV.cl@SD,,,,https://i.imgur.com/ZJNSpfZ.png,Undefined,1920x1080,iptv-org-all.txt,1357,200,成功,h264,1920x1080,29.97002997002997,有音频,2.888
TV13 Gujarati (480p),https://live.wrencdn.in/wrencdn/hls/tv13_web/index.m3u8,,,,TV13Gujarati.in@SD,,,,https://www.tv13gujarati.com/assets/front/img/footer-logo.jpg,News,720x480,iptv-org-all.txt,1205,200,成功,h264,720x480,25.0,有音频,6.141
Urbano TV (720p),https://59ef525c24caa.streamlock.net/tvurbano/tvurbano/playlist.m3u8,,,,UrbanoTV.cr@SD,,,,https://i.imgur.com/KVVU9PI.png,Music,1280x720,iptv-org-all.txt,42,200,成功,h264,1280x720,29.97002997002997,有音频,1.658
TV Latina (1080p),https://castv10.plugstreaming.com:19360/redtv/redtv.m3u8,,,,TVLatina.bo@SD,,,,https://i.imgur.com/V6wxEdh.png,Undefined,1920x1080,iptv-org-all.txt,1200,200,成功,h264,1920x1080,29.97002997002997,有音频,1.511
Voprosy i Otvety (576p),http://stream.mcquack.net/76/index.m3u8,,,,VoprosyiOtvety.ru@SD,,,,https://i.imgur.com/yjETxk1.png,Entertainment,720x576,iptv-org-all.txt,155,200,成功,h264,720x576,25.0,有音频,3.546
TUTV (1080p),https://livestream.telvue.com/templeuni1/f7b44cfafd5c52223d5498196c8a2e7b.sdp/playlist.m3u8,,,,TUTV.us@SD,,,,https://i.imgur.com/At0BPeA.png,Education,416x234,iptv-org-all.txt,1591,200,成功,h264,416x234,29.97002997002997,有音频,3.916
TVK Stella (576p),https://stream.tvkstella.pl/stella/stella.m3u8,,,,TVKStella.pl@SD,,,,https://www.tvkstella.pl/img/poster.png,General;News,854x480,iptv-org-all.txt,1486,200,成功,h264,854x480,25.0,有音频,2.369
TVCOM Maceio (480p),https://srv5.zcast.com.br/tvcommaceio/tvcommaceio/playlist.m3u8,,,,TVCOMMaceio.br@SD,,,,https://i.imgur.com/IE7IZzi.png,General,854x480,iptv-org-all.txt,1258,200,成功,h264,854x480,29.97002997002997,有音频,0.643
TV NRSR (720p) [Not 24/7],https://n11.stv.livebox.sk/stv-tv/stv4.stream/playlist.m3u8,,,,TVNRSR.sk@SD,,,,https://i.imgur.com/hsJsu3I.png,Legislative,1280x720,iptv-org-all.txt,1086,200,成功,h264,1280x720,25.0,有音频,3.209
Vegavision Canal 18 (1080p) [Not 24/7],https://fox.hostlagarto.com:8081/canal26/tracks-v1a1/mono.m3u8,,,,VegavisionCanal18.do@SD,,,,https://i.imgur.com/352jxnd.png,General,1920x1080,iptv-org-all.txt,460,200,成功,h264,1920x1080,29.97002997002997,有音频,1.110
TVS Music Network (720p),https://rpn.bozztv.com/gusa/gusa-tvsmusic/index.m3u8,,,,TVSMusicNetwork.us@SD,,,,,Music,640x360,iptv-org-all.txt,21,200,成功,h264,640x360,29.97002997002997,有音频,2.111
TV3V (720p),https://tv3v.live-kd.com/live/tv3v/livestream/index.m3u8,,,,TV3V.fr@SD,,,,https://i.ibb.co/X2yd0zL/logo-tv3v.jpg,General,1280x720,iptv-org-all.txt,686,200,成功,h264,1280x720,25.0,有音频,2.842
Viva Premium (1080p),http://stream.mcquack.net/43/index.m3u8,,,,VivaPremium.il@SD,,,,https://cdn.epg.one/img2/9055.png,General,1920x1080,iptv-org-all.txt,124,200,成功,h264,1920x1080,25.0,有音频,3.636
TV8 (Turkiye) (1080p),https://tv8.daioncdn.net/tv8/tv8.m3u8?app=7ddc255a-ef47-4e81-ab14-c0e5f2949788&ce=3,,,,TV8.tr@SD,,,,https://upload.wikimedia.org/wikipedia/tr/thumb/6/68/Tv8_Yeni_Logo.png/960px-Tv8_Yeni_Logo.png,General,640x360,iptv-org-all.txt,1021,200,成功,h264,640x360,25.0,有音频,7.444
TV Zdravkin (400p),http://zdravkin.hugo.mk:1935/live/zdravkin/playlist.m3u8,,,,TVZdravkin.mk@SD,,,,https://i.imgur.com/w4rRUNQ.png,General,720x400,iptv-org-all.txt,390,200,成功,h264,720x400,25.0,有音频,1.586
UA Music (1080p),http://stream.mcquack.net/281/index.m3u8,,,,UAMusic.ua@HD,,,,https://upload.wikimedia.org/wikipedia/commons/6/6c/UA_Music.png?_=20230223183537,Music,1920x1080,iptv-org-all.txt,1385,200,成功,h264,1920x1080,25.0,有音频,2.373
TVN 14 (720p) [Not 24/7],http://tvn.obix.tv:1935/TVN/CH14.stream_720p/playlist.m3u8,,,,TVN14.cr@SD,,,,https://i.imgur.com/1aNEo6U.png,Undefined,1280x720,iptv-org-all.txt,1068,200,成功,h264,1280x720,29.97002997002997,有音频,1.767
UzReport TV (1080p),https://stream8.cinerama.uz/1015/tracks-v1a1/playlist.m3u8,,,,UzReportTV.uz@SD,,,,https://i.imgur.com/Bch2RHc.jpg,News,1920x1080,iptv-org-all.txt,1938,200,成功,h264,1920x1080,25.0,有音频,3.664
V gostyakh u skazki (1080p),https://stream8.cinerama.uz/1270/tracks-v1a1/mono.m3u8,,,,Vgostyakhuskazki.ru@SD,,,,https://i.imgur.com/jNJkLHl.png,Kids,1920x1080,iptv-org-all.txt,1267,200,成功,h264,1920x1080,25.0,有音频,4.404
UNIANDES TV (720p) [Not 24/7],https://video.compuwebecuador.com:3323/live/uniandeslive.m3u8,,,,UNIANDESTV.ec@SD,,,,https://i.imgur.com/1rluyB7.png,Education,1280x720,iptv-org-all.txt,1206,200,成功,h264,1280x720,30.0,有音频,0.771
VoA TV (1080p),https://voa-ingest.akamaized.net/hls/live/2033874/tvmc06/playlist.m3u8,,,,VoATV.us@SD,,,,https://i.imgur.com/rtRnlqN.png,News,426x240,iptv-org-all.txt,192,200,成功,h264,426x240,25.0,有音频,3.253
TV Liptov (1080p),http://95.105.255.137:1935/tvturiec/tvliptov.stream/playlist.m3u8,,,,TVLiptov.sk@SD,,,,https://i.imgur.com/CkvB3af.png,General,1920x1080,iptv-org-all.txt,315,200,成功,h264,1920x1080,25.0,有音频,1.574
TV Den (576p) [Not 24/7],http://canli.tvden.com.tr/hls/live.m3u8,,,,TVDen.tr@SD,,,,https://i.imgur.com/Uhg95Ze.png,Undefined,832x468,iptv-org-all.txt,1200,200,成功,h264,832x468,25.0,有音频,2.912
Vision Sur (720p),https://live-evg8.tv360.bitel.com.pe/bitel/visionsur/playlist.m3u8,,,,VisionSur.pe@SD,,,,https://i.imgur.com/AbZYWEQ.png,General,1920x1080,iptv-org-all.txt,2126,200,成功,h264,1920x1080,30.0,有音频,3.113
Vision TV (Guatemala) (720p),https://cdn.streamhispanatv.net:3076/live/visiontvlive.m3u8,,,,VisionTV.gt@SD,,,,https://i.imgur.com/S0JrfIl.png,Undefined,1280x720,iptv-org-all.txt,70,200,成功,h264,1280x720,29.97002997002997,有音频,0.542
TV Parana Turismo (720p) [Not 24/7],http://200.189.113.201/hls/tve.m3u8,,,,TVParanaTurismo.br@SD,,,,https://i.imgur.com/I6pKoBd.png,Travel,1280x720,iptv-org-all.txt,238,200,成功,h264,1280x720,30.0,有音频,1.826
TV ASTA (720p),https://5cce8c6f0e84c.streamlock.net/LiveCast/smil:PlayStream9.smil/playlist.m3u8,,,,TVASTA.pl@SD,,,,https://i.imgur.com/5g7lq9N.png,General,1280x720,iptv-org-all.txt,1601,200,成功,h264,1280x720,25.0,有音频,2.736
TVRI Lampung (720p),https://ott-balancer.tvri.go.id/live/eds/Lampung/hls/Lampung.m3u8,,,,TVRI.id@Lampung,,,,https://upload.wikimedia.org/wikipedia/commons/thumb/e/eb/TVRILogo2019.svg/960px-TVRILogo2019.svg.png,General,1920x1080,iptv-org-all.txt,263,200,成功,h264,1920x1080,25.0,有音频,8.500
TVS Television Network (480p),https://rpn.bozztv.com/gusa/gusa-tvstn/index.m3u8,,,,TVSTelevisionNetwork.us@SD,,,,,General,498x360,iptv-org-all.txt,18,200,成功,h264,498x360,25.0,有音频,1.027
TV BRICS Portuguese (1080p),https://porbrics.mediacdn.ru/cdn/brics/portuguese/playlist.m3u8,,,,TVBRICSPortuguese.br@SD,,,,https://i.imgur.com/vLpm8tN.png,General,1920x1080,iptv-org-all.txt,2006,200,成功,h264,1920x1080,25.0,有音频,2.880
Vegas Life TV (1080p),https://cdn.vegasplus.us/vegas/vltv/playlist.m3u8,,,,VegasLifeTV.us@HD,,,,https://i.imgur.com/G7lONcu.png,General,1280x720,iptv-org-all.txt,705,200,成功,h264,1280x720,30.0,有音频,2.129
Urban Mix (720p),https://cloud.tvomix.com/URBANMIX/index.m3u8,,,,UrbanMix.ar@SD,,,,https://tvomix.com/Logos/Urbanmix.png,Undefined,1280x720,iptv-org-all.txt,317,200,成功,h264,1280x720,25.0,有音频,1.495
TV Senado (Brazil) (720p),http://45.162.64.114/TV_SENADO/index.m3u8,,,,TVSenado.br@SD,,,,https://i.imgur.com/duy6waL.png,Undefined,718x480,iptv-org-all.txt,132,200,成功,h264,718x480,30.0,有音频,1.230
TV Difusao (720p),https://tvdsoultv.acessaradios.com.br/tvdsoultv/tvdsoultv.stream/playlist.m3u8,,,,TVDifusao.br@SD,,,,https://storage.googleapis.com/soultv-prod-media/media/brand/LOGO_TV_DIFUS%C3%83O_100x100px_doiivZN.png,General,1280x720,iptv-org-all.txt,261,200,成功,h264,1280x720,30.0,有音频,1.067
TV SE (576p) [Not 24/7],http://89.38.8.130:39419,,,,TVSE.ro@SD,,,,https://i.imgur.com/r4zKU1e.png,Undefined,720x576,iptv-org-all.txt,382,200,成功,mpeg2video,720x576,25.0,有音频,5.442
TV MAX (720p),https://live-evg8.tv360.bitel.com.pe/bitel/nexSRT_TRA/playlist.m3u8,,,,TVMAX.pe@SD,,,,https://i.imgur.com/JFBpDJ1.jpeg,General,1920x1080,iptv-org-all.txt,1551,200,成功,h264,1920x1080,29.97002997002997,有音频,2.863
TVP Culiacan (720p) [Not 24/7],https://5ca3e84a76d30.streamlock.net/gpacifico1/smil:gpculiacan.smil/playlist.m3u8,,,,TVPCuliacan.mx@SD,,,,https://i.imgur.com/uX1S3kt.png,General,1920x1080,iptv-org-all.txt,55,200,成功,h264,1920x1080,,有音频,2.405
TVA (Germany) (1080p) [Not 24/7],https://tvaktuellr.iptv-playoutcenter.de/tvaktuellr/tvaktuellr.stream_1/playlist.m3u8,,,,TVA.de@SD,,,,https://i.imgur.com/Gg6d4Jb.png,Undefined,1920x1080,iptv-org-all.txt,955,200,成功,h264,1920x1080,25.0,有音频,4.388
Vallevision (720p) [Not 24/7],https://streaming.telecablecentral.com.do/Vallevision/ValleHD/playlist.m3u8,,,,Vallevision.do@SD,,,,https://i.imgur.com/lNpgFAU.png,General,1280x720,iptv-org-all.txt,1452,200,成功,h264,1280x720,29.97002997002997,有音频,2.818
TV BRICS Africa (1080p),https://cdn.freevisiontv.co.za/sttv/smil:brics.stream.smil/playlist.m3u8,,,,TVBRICSAfrica.za@SD,,,,https://admango.cdn.mangomolo.com/analytics/uploads/188/666abcee75.jpeg,General,1920x1080,iptv-org-all.txt,341,200,成功,h264,1920x1080,25.0,有音频,3.577
TVS Nostalgia (472p),https://rpn.bozztv.com/gusa/gusa-nostalgia/index.m3u8,,,,TVSNostalgia.us@SD,,,,https://i.imgur.com/q72FCCQ.png,Classic,348x474,iptv-org-all.txt,18,200,成功,h264,348x474,,有音频,0.606
TVRI West Nusa Tenggara (720p),https://ott-balancer.tvri.go.id/live/eds/NTB/hls/NTB.m3u8,,,,TVRI.id@WestNusaTenggara,,,,https://upload.wikimedia.org/wikipedia/commons/thumb/e/eb/TVRILogo2019.svg/960px-TVRILogo2019.svg.png,General,1920x1080,iptv-org-all.txt,247,200,成功,h264,1920x1080,25.0,有音频,6.825
Unife TV,https://cdn.mycloudstream.io/hls/live/broadcast/xundwjvp/index.m3u8,,,,UnifeTV.ar@SD,,,,https://i.imgur.com/TLM592m.png,Religious,1280x720,iptv-org-all.txt,60,200,成功,h264,1280x720,25.0,有音频,0.733
Unitel (1080p),https://play.agenciastreaming.com:8081/uniteltv/index.m3u8,,,,Unitel.pe@SD,,,,https://i.imgur.com/F0PWpyc.png,General,1920x1080,iptv-org-all.txt,491,200,成功,h264,1920x1080,29.97002997002997,有音频,2.888
TVS (Dominican Republic) (540p) [Not 24/7],https://imagenuniversaltv.net:3741/live/tvslive.m3u8,,,,TVS.do@SD,,,,https://i.imgur.com/a2YX1oj.jpg,Entertainment,1280x720,iptv-org-all.txt,1363,200,成功,h264,1280x720,29.97002997002997,有音频,1.679
TVR Sport,https://tvr-sport.lg.mncdn.com/tvrsport/smil:tvrsport.smil/playlist.m3u8,,,,TVRSport.ro@SD,,,,https://upload.wikimedia.org/wikipedia/commons/thumb/9/93/TVR_Sport_Logo_2023.svg/960px-TVR_Sport_Logo_2023.svg.png,General;Sports,2560x1440,iptv-org-all.txt,1456,200,成功,h264,2560x1440,25.0,有音频,4.681
TVA (Ukraine) (576p),http://hls.cdn.ua/tva.ua_live/livestream/chunklist_w396178779.m3u8,,,,TVA.ua@SD,,,,https://i.imgur.com/PtTQ5lv.png,Undefined,1280x720,iptv-org-all.txt,434,200,成功,h264,1280x720,25.0,有音频,1.370
TV PRO,http://rtmp.tvpro-online.ru/hls/ch1.m3u8,,,,TVPRO.ru@SD,,,,https://i.imgur.com/sbuSefI.png,Undefined,1024x576,iptv-org-all.txt,1551,200,成功,h264,1024x576,25.0,有音频,2.322
TV Dielli (720p) [Not 24/7],http://stream.tvdielli.com:8081/dielli/index.m3u8,,,,TVDielli.xk@SD,,,,https://i.imgur.com/kLl3ar5.png,Undefined,1280x720,iptv-org-all.txt,523,200,成功,h264,1280x720,25.0,有音频,4.262
TV Passo Fundo (720p),https://5a57bda70564a.streamlock.net/tvpasso/tvpasso.sdp/playlist.m3u8,,,,TVPassoFundo.br@SD,,,,https://i.imgur.com/QFE6TiV.png,General,1920x1080,iptv-org-all.txt,237,200,成功,h264,1920x1080,29.97002997002997,有音频,0.705
TVR 3,https://tvr-3.lg.mncdn.com/tvr3/smil:tvr3.smil/playlist.m3u8,,,,TVR3.ro@SD,,,,https://i.imgur.com/yHCuTap.png,General,,iptv-org-all.txt,335,200,成功,h264,,,有音频,7.045
VoA TV China (1080p),https://voa-ingest.akamaized.net/hls/live/2033878/tvmc08/playlist.m3u8,,,,VoATVChina.cn@SD,,,,https://i.imgur.com/XCTZkoq.png,Undefined,426x240,iptv-org-all.txt,206,200,成功,h264,426x240,25.0,有音频,5.590
Ve Plus Panregional (1080p),http://190.61.114.186:8000/play/a03i/index.m3u8,,,,VePlus.ve@Panregional,,,,https://i.imgur.com/uc3zqcP.png,Entertainment,1920x1080,iptv-org-all.txt,113,200,成功,h264,1920x1080,29.97002997002997,有音频,0.795
W Shopping (720p),https://liveout.catenoid.net/live-05-wshopping/wshopping_1500k/playlist.m3u8,,,,WShopping.kr@SD,,,,https://i.imgur.com/hfXjVJd.png,Shop,1280x720,iptv-org-all.txt,2060,200,成功,h264,1280x720,29.97002997002997,有音频,4.855
TV Keszthely (360p),https://cloudfront44.lexanetwork.com:1344/freerelay/keszthelyivtv.sdp/playlist.m3u8,,,,TVKeszthely.hu@SD,,,,https://i.imgur.com/2LE8xSW.png,General,640x360,iptv-org-all.txt,2015,200,成功,h264,640x360,25.0,有音频,4.123
VoA TV Persian (1080p),https://voa-ingest.akamaized.net/hls/live/2033876/tvmc07/playlist.m3u8,,,,VoATVPersian.us@SD,,,,https://i.imgur.com/TmqComb.png,News,426x240,iptv-org-all.txt,22,200,成功,h264,426x240,25.0,有音频,1.267
TVT (Slovakia) (486p),https://5ca49f2417d90.streamlock.net/live/turzovka/playlist.m3u8,,,,TVT.sk@SD,,,,https://i.imgur.com/QG0iZlG.png,Undefined,864x486,iptv-org-all.txt,706,200,成功,h264,864x486,25.0,有音频,2.775
TV 21 (576p),http://178.134.1.158:8081/TVXXI/index.m3u8,,,,TV21.ru@SD,,,,https://i.imgur.com/nSmSnH6.png,Movies,720x576,iptv-org-all.txt,161,200,成功,h264,720x576,50.0,有音频,3.733
Vav TV,https://playlist.fasttvcdn.com/pl/rfrk9821hdy9dayo8wfyha/kltr-sanat-tv/playlist.m3u8,,,,VavTV.tr@SD,,,,https://i.imgur.com/jw0gB8L.png,Undefined,640x360,iptv-org-all.txt,1398,200,成功,h264,640x360,25.0,有音频,7.277
UAA TV (1080p),https://5fe2654d6127d.streamlock.net:443/uaa2/videouaa2/playlist.m3u8,,,,UAATV.mx@SD,,,,https://i.imgur.com/brCSiGh.png,Culture;Education;Public,1088x614,iptv-org-all.txt,1589,200,成功,h264,1088x614,30.0,有音频,1.843
viju TV1000 (576p),http://stream.mcquack.net/110/index.m3u8,,,,vijuTV1000.ru@SD,,,,https://i.imgur.com/ZMsyjSr.png,Movies,1920x1080,iptv-org-all.txt,129,200,成功,h264,1920x1080,25.0,有音频,1.554
VAM TV (720p),https://sincerecloud.stream/loadbalancer/public/J9EmQQGf.m3u8,,,,VAMTV.cw@SD,,,,https://i.imgur.com/CD1PffA.png,Music,852x480,iptv-org-all.txt,1246,200,成功,h264,852x480,59.94005994005994,有音频,1.561
TVS Travel Network (720p) [Not 24/7],https://rpn.bozztv.com/gusa/gusa-tvstravel/index.m3u8,,,,TVSTravelNetwork.us@SD,,,,https://i.imgur.com/vSFf5Ce.png,Travel,1280x720,iptv-org-all.txt,19,200,成功,h264,1280x720,25.0,有音频,0.637
TV Centro 27.2 HD (720p),https://cloud2.streaminglivehd.com:1936/8004/8004/playlist.m3u8,,,,TVCentro272HD.hn@SD,,,,https://i.imgur.com/Wo2scQf.jpg,Entertainment,1280x720,iptv-org-all.txt,300,200,成功,h264,1280x720,,有音频,1.060
TV2000 (720p),https://hls-live-tv2000.akamaized.net/hls/live/2028510/tv2000/master.m3u8,,,,TV2000.it@SD,,,,https://upload.wikimedia.org/wikipedia/it/thumb/0/0d/Logo_tv2000_2015.svg/960px-Logo_tv2000_2015.svg.png,Religious,1920x1080,iptv-org-all.txt,3025,200,成功,h264,1920x1080,29.97002997002997,无音频,6.076
TV Camara (Paraguay) (1080p),http://45.170.130.224:8000/play/a03x/index.m3u8?hls,,,,TVCamara.py@SD,,,,https://i.imgur.com/Mfypr0t.png,Legislative,720x480,iptv-org-all.txt,273,200,成功,mpeg2video,720x480,29.97002997002997,有音频,1.341
Unknown Russia HD (1080p),http://185.23.80.23:8080/NeizvestnayaRossia/index.m3u8,,,,UnknownRussia.ru@HD,,,,https://i.imgur.com/W7ste2f.png,Undefined,1920x1080,iptv-org-all.txt,129,200,成功,h264,1920x1080,25.0,有音频,2.893
VSBet HD (1080p),https://live05.meung.app/live/16226575.m3u8,,,,VSBetHD.vn@HD,,,,https://i.imgur.com/sMhL2Nl.png,Sports,1280x720,iptv-org-all.txt,1578,200,成功,h264,1280x720,30.0,有音频,3.493
TV Zoom (720p),https://cdn.jmvstream.com/w/LVW-9730/LVW9730_LmUwslM8jt/playlist.m3u8,,,,TVZoom.br@SD,,,,https://i.imgur.com/jCGrjf5.png,Entertainment;News,1920x1080,iptv-org-all.txt,254,200,成功,h264,1920x1080,,有音频,1.509
Vision Television (720p),https://cloudvideo.servers10.com:8081/8016/index.m3u8,,,,VisionTelevision.mx@SD,,,,https://i.imgur.com/HV5tgcM.png,Music,640x360,iptv-org-all.txt,464,200,成功,h264,640x360,23.976023976023978,有音频,3.000
TVA (Spain) (576p),https://streaming007.gestec-video.com/hls/artequatreTVA.m3u8,,,,TVA.es@SD,,,,https://i.imgur.com/aobkgrS.png,Undefined,1920x1080,iptv-org-all.txt,656,200,成功,h264,1920x1080,25.0,有音频,2.759
UTV (Iraq) (1080p),https://utviraqi-live.lg.mncdn.com/utviraqi-live/64c80359/index.m3u8,,,,UTV.iq@SD,,,,https://i.imgur.com/9qFHjnu.png,Undefined,1920x1080,iptv-org-all.txt,1649,200,成功,h264,1920x1080,25.0,有音频,2.679
TV5 News (576p),https://yuppmedtaorire.akamaized.net/v1/master/a0d007312bfd99c47f76b77ae26b1ccdaae76cb1/tv5_nim_https/110322/tv5/playlist.m3u8,,,,TV5News.in@SD,,,,https://xstreamcp-assets-msp.streamready.in/assets/LIVETV/LIVECHANNEL/LIVETV_LIVETVCHANNEL_TV5_TELUGU/images/LOGO_HD/image.png,News,384x216,iptv-org-all.txt,245,200,成功,h264,384x216,25.0,有音频,2.982
UDAR (1080p),http://5.188.159.128:8070/udar/index.m3u8,,,,UDAR.ru@SD,,,,https://mt.media/upload/iblock/2b3/2b3cf99141bf7f99cda377eec62ec084.png,Sports,1920x1080,iptv-org-all.txt,281,200,成功,h264,1920x1080,25.0,有音频,1.698
TV Alsace (1080p),http://194.163.157.137:8080/hls/radioalsace.m3u8,,,,TVAlsace.fr@HD,,,,https://academie.kasumay.international/ico/radioalsace.png,General,1920x1080,iptv-org-all.txt,200,200,成功,h264,1920x1080,25.0,有音频,1.005
TVRI Maluku (480p),https://ott-balancer.tvri.go.id/live/eds/Ambon/hls/Ambon.m3u8,,,,TVRI.id@Maluku,,,,https://upload.wikimedia.org/wikipedia/commons/thumb/e/eb/TVRILogo2019.svg/960px-TVRILogo2019.svg.png,General,1920x1080,iptv-org-all.txt,260,200,成功,h264,1920x1080,25.0,有音频,8.229
TVK (Russia) (576p),https://air.tvk6.ru/tvk24/playlist.m3u8,,,,TVK.ru@SD,,,,https://upload.wikimedia.org/wikipedia/commons/e/e7/%D0%9B%D0%BE%D0%B3%D0%BE%D1%82%D0%B8%D0%BF_%D0%BA%D1%80%D0%B0%D1%81%D0%BD%D0%BE%D1%8F%D1%80%D1%81%D0%BA%D0%BE%D0%B3%D0%BE_%D1%82%D0%B5%D0%BB%D0%B5%D0%BA%D0%B0%D0%BD%D0%B0%D0%BB%D0%B0_%D0%A2%D0%92%D0%9A_%282015%29.png,Undefined,1024x576,iptv-org-all.txt,1821,200,成功,h264,1024x576,25.0,有音频,10.473
TV Johaniter (720p),https://protokolldns.xyz/johaniterweb44547dsd/index.m3u8,,,,TVJohaniter.al@SD,,,,https://i.imgur.com/Zo9lJgP.png,General,1280x720,iptv-org-all.txt,1179,200,成功,h264,1280x720,25.0,有音频,1.690
TV Central (540p),https://arenasportslovakia.ddns.net/hls/cetv2.m3u8,,,,TVCentral.sk@SD,,,,https://i.imgur.com/LqGT8o9.png,Undefined,960x540,iptv-org-all.txt,424,200,成功,h264,960x540,25.0,有音频,2.313
TV Centro HD (720p),https://cloud2.streaminglivehd.com:1936/8032/8032/playlist.m3u8,,,,TVCentroHD.hn@SD,,,,https://i.imgur.com/bcfmqHb.png,General,1280x720,iptv-org-all.txt,158,200,成功,h264,1280x720,,有音频,1.108
Unidad de investigacion,https://jmp2.uk/plu-61bb2814ac085a00074309a6.m3u8,,,,Unidaddeinvestigacion.us@Spain,,,,https://i.imgur.com/tc3zenG.png,Undefined,1280x720,iptv-org-all.txt,639,200,成功,h264,1280x720,30.0,有音频,0.522
TVR Targu-Mures,https://tvr-tgmures.lg.mncdn.com/tvrtgmures/smil:tvrtgmures.smil/playlist.m3u8,,,,TVRTarguMures.ro@SD,,,,https://i.imgur.com/9Hptdqj.png,General,2560x1440,iptv-org-all.txt,1492,200,成功,h264,2560x1440,25.0,有音频,7.733
TV ITN,https://itnhls.wns.live/hls/stream.m3u8,,,,TVITN.ir@SD,,,,https://i.imgur.com/U4sKHWy.png,Entertainment,1280x720,iptv-org-all.txt,1597,200,成功,h264,1280x720,25.0,有音频,2.864
Tu Universo TV (720p),https://5bf8041cb3fed.streamlock.net/TUUNIVERSOTV/TUUNIVERSOTV/playlist.m3u8,,,,TuUniversoTV.co@SD,,,,https://i.imgur.com/e6esjLZ.jpg,Religious,1280x720,iptv-org-all.txt,1167,200,成功,h264,1280x720,29.97002997002997,有音频,0.362
TV Punjab (720p) [Geo-blocked],https://932y483pdjv8-hls-live.5centscdn.com/stream/deb10bae362f810630ec3abedcae5894.sdp/playlist.m3u8,,,,TVPunjab.ca@SD,,,,https://en.tvpunjab.com/storage/2022/03/logo-2022.png,News,1280x720,iptv-org-all.txt,1430,200,成功,h264,1280x720,59.94005994005994,有音频,1.423
TSC (720p),https://tscamd.akamaized.net/hls/live/503340/TSCLive/master.m3u8,,,,TSC.ca@SD,,,,https://upload.wikimedia.org/wikipedia/commons/thumb/a/ab/TSC_logo.svg/960px-TSC_logo.svg.png,Shop,848x480,iptv-org-all.txt,1250,200,成功,h264,848x480,29.97002997002997,有音频,0.508
TV Exitos (720p),https://streaming.grupomediosdelnorte.com:19360/tvexitos/tvexitos.m3u8,,,,TVExitos.do@SD,,,,https://i.imgur.com/ahz7X7u.png,Music,1280x720,iptv-org-all.txt,330,200,成功,h264,1280x720,30.0,有音频,1.587
Turismo Travel TV,https://stmv3.voxtvhd.com.br/turismotraveltv/turismotraveltv/playlist.m3u8,,,,TurismoTravelTV.cl@SD,,,,https://i.imgur.com/4ixl8Px.png,Travel,1920x1080,iptv-org-all.txt,955,200,成功,h264,1920x1080,25.0,有音频,0.541
Vistaar News (1080p),https://stream.ottlive.co.in/vistaartv/index.m3u8,,,,VistaarNews.in@SD,,,,https://xstreamcp-assets-msp.streamready.in/assets/LIVETV/LIVECHANNEL/LIVETV_LIVETVCHANNEL_VISTAAR_NEWS/images/LOGO_HD/image.png,News,,iptv-org-all.txt,1170,200,成功,h264,,,有音频,17.791
Vos y TV (720p) [Not 24/7],https://cloud37.ecuatel.com/vostv/live/manifest.m3u8,,,,VosyTV.ec@SD,,,,https://i.imgur.com/294FDCB.png,Music,1280x720,iptv-org-all.txt,119,200,成功,h264,1280x720,25.0,有音频,0.982
TV BRICS Spanish (1080p),https://espbrics.mediacdn.ru/cdn/brics/spanish/playlist.m3u8,,,,TVBRICSSpanish.es@HD,,,,https://i.imgur.com/vLpm8tN.png,General,1920x1080,iptv-org-all.txt,2041,200,成功,h264,1920x1080,25.0,有音频,3.823
TV Oberfranken (1080p) [Not 24/7],https://tvoberfranken.iptv-playoutcenter.de/tvoberfranken/tvoberfranken.stream_1/playlist.m3u8,,,,TVOberfranken.de@SD,,,,https://i.imgur.com/tjD9fX2.png,General,1920x1080,iptv-org-all.txt,938,200,成功,h264,1920x1080,25.0,有音频,3.828
TV7 Benevento (288p) [Not 24/7],http://streaming.senecadot.com/live/flv:tv7.sdp/playlist.m3u8,,,,TV7Benevento.it@SD,,,,https://i.imgur.com/VBhVaKB.png,Undefined,720x576,iptv-org-all.txt,3042,200,成功,h264,720x576,25.0,有音频,1.736
TV Chile (720p),http://168.196.127.137:6001/play/a03n/index.m3u8,,,,TVChile.cl@SD,,,,https://i.imgur.com/oYFto0V.png,General,544x480,iptv-org-all.txt,96,200,成功,h264,544x480,59.94005994005994,有音频,0.772
Unifranz (720p),https://edge.enhdtv.com/8192/index.m3u8,,,,Unifranz.bo@HD,,,,https://unifranz.edu.bo/wp-content/themes/unifranz-web/public/images/logos/logo-light-min.442cee.svg,Education;Entertainment;News,1280x720,iptv-org-all.txt,33,200,成功,h264,1280x720,29.97002997002997,有音频,1.009
TV 21 International (576p),http://stream.mcquack.net/152/index.m3u8,,,,TV21International.ru@SD,,,,https://ibb.co/BH6CZx3K,Movies,720x576,iptv-org-all.txt,130,200,成功,h264,720x576,25.0,有音频,1.423
viju Nature (576p),https://fs.uplink.kz/viju_nature/mono.m3u8?token=onlinetv,,,,vijuNature.ru@SD,,,,https://i.imgur.com/8BPZ18l.png,Documentary,720x576,iptv-org-all.txt,2071,200,成功,h264,720x576,50.0,有音频,3.685
TVNBN (720p),https://cdn.jmvstream.com/w/LVW-8410/LVW8410_uiZOVm6vz1/playlist.m3u8,,,,TVNBN.br@SD,,,,https://i.imgur.com/zoHBxn1.png,General,1920x1080,iptv-org-all.txt,414,200,成功,h264,1920x1080,29.97002997002997,有音频,1.560
TVRI North Sulawesi (1080p),https://ott-balancer.tvri.go.id/live/eds/Sulut/hls/Sulut.m3u8,,,,TVRI.id@NorthSulawesi,,,,https://upload.wikimedia.org/wikipedia/commons/thumb/e/eb/TVRILogo2019.svg/960px-TVRILogo2019.svg.png,General,1920x1080,iptv-org-all.txt,257,200,成功,h264,1920x1080,25.0,有音频,8.119
TV Cuatro 4.1 (1080p),https://5ca3e84a76d30.streamlock.net/tv4gto/tv4gto.smil/.m3u8,,,,TVCuatro41.mx@SD,,,,https://i.imgur.com/Of044Jx.png,General,426x240,iptv-org-all.txt,55,200,成功,h264,426x240,29.97002997002997,有音频,4.556
TVP Info,https://dash4.antik.sk/live/test_tvp_info/playlist.m3u8,,,,TVPInfo.pl@SD,,,,https://upload.wikimedia.org/wikipedia/commons/2/28/TVP_info_%282024%29.png,Undefined,1920x1080,iptv-org-all.txt,103,200,成功,h264,1920x1080,25.0,有音频,1.864
TV9 Bangla (720p),https://dyjmyiv3bp2ez.cloudfront.net/pub-iotv9banaen8yq/liveabr/playlist.m3u8,,,,TV9Bangla.in@SD,,,,https://xstreamcp-assets-msp.streamready.in/assets/LIVETV/LIVECHANNEL/LIVETV_LIVETVCHANNEL_TV9_BANGLA/images/LOGO_HD/image.png,News,640x360,iptv-org-all.txt,880,200,成功,h264,640x360,25.0,有音频,3.490
TVS Turbo (360p),https://rpn.bozztv.com/gusa/gusa-tvsturbo/index.m3u8,,,,TVSTurbo.us@SD,,,,https://i.imgur.com/7zYIbU1.png,Sports,320x240,iptv-org-all.txt,27,200,成功,h264,320x240,30.0,有音频,0.610
TVR Timisoara,https://tvr-timisoara.lg.mncdn.com/tvrtimisoara/smil:tvrtimisoara.smil/playlist.m3u8,,,,TVRTimisoara.ro@SD,,,,https://i.imgur.com/0x6Edei.png,General,2560x1440,iptv-org-all.txt,1461,200,成功,h264,2560x1440,25.0,有音频,10.715
Ulytau,https://ulytau.tv/hls/master.m3u8,,,,Ulytau.kz@SD,,,,https://i.imgur.com/jTL6TvC.png,General,1280x720,iptv-org-all.txt,2077,200,成功,h264,1280x720,25.0,有音频,5.194
TV Land Drama,https://jmp2.uk/plu-5d40bebc5e3d2750a2239d7e.m3u8,,,,TVLandDrama.us@SD,,,,https://i.imgur.com/y1rXIAS.png,Movies,1216x684,iptv-org-all.txt,1745,200,成功,h264,1216x684,30.0,有音频,0.551
Turan TV (576p),https://fs.uplink.kz/turan_tv/mono.m3u8?token=onlinetv,,,,TuranTV.kz@SD,,,,https://i.imgur.com/VagTPMo.png,Undefined,720x576,iptv-org-all.txt,2068,200,成功,h264,720x576,50.0,有音频,3.803
TV Camara (Brazil) (1080p),https://stream3.camara.gov.br/tv1/manifest.m3u8,,,,TVCamara.br@SD,,,,https://i.imgur.com/Sdou1Ab.png,Legislative,1920x1080,iptv-org-all.txt,2431,200,成功,h264,1920x1080,29.97002997002997,有音频,8.146
Uniquely Thai (720p),https://livefta.malimarcdn.com/ftaedge00/uniquely.sdp/playlist.m3u8,,,,UniquelyThai.vn@SD,,,,https://i.imgur.com/cTSDB8O.png,Shop,1280x720,iptv-org-all.txt,138,200,成功,h264,1280x720,29.97002997002997,有音频,0.803
TV Peru (1080p),http://190.93.224.42/TV-PERU/index.m3u8,,,,TVPeru.pe@SD,,,,https://i.imgur.com/6io0IrX.png,General,1920x1080,iptv-org-all.txt,236,200,成功,h264,1920x1080,25.0,有音频,1.382
TV Land Sitcoms,https://jmp2.uk/plu-5c2d64ffbdf11b71587184b8.m3u8,,,,TVLandSitcoms.us@SD,,,,https://i.imgur.com/phHHs7l.png,Comedy,1280x720,iptv-org-all.txt,1531,200,成功,h264,1280x720,30.0,有音频,0.509
Village TV (1080p),https://live.villagetv.net/villagetv/hd/index.m3u8,,,,VillageTV.in@SD,,,,https://jiotvimages.cdn.jio.com/dare_images/images/VillageTV.png,Religious,1920x1080,iptv-org-all.txt,1917,200,成功,h264,1920x1080,25.0,有音频,5.254
Univers TV (720p),https://cloud2.streaminglivehd.com:1936/universfaller/universfaller/playlist.m3u8,,,,UniversTV.es@SD,,,,https://i.imgur.com/EW2bfix.png,Entertainment,1280x720,iptv-org-all.txt,35,200,成功,h264,1280x720,29.97002997002997,有音频,1.057
Uranio TV (720p),https://live-evg8.tv360.bitel.com.pe/bitel/uranioyurimaguasSRT/playlist.m3u8,,,,UranioTV.pe@SD,,,,https://i.imgur.com/EeNpfIr.png,Undefined,1280x720,iptv-org-all.txt,899,200,成功,h264,1280x720,29.97002997002997,有音频,5.717
Vea Canal (720p),http://181.78.106.127:5000/play/ca090/index.m3u8,,,,VeaCanal.gt@SD,,,,https://i.imgur.com/oPJlbNf.png,Undefined,704x480,iptv-org-all.txt,109,200,成功,h264,704x480,59.94005994005994,有音频,0.527
TV Solidaria (576p),https://canadaremar2.todostreaming.es/live/argentina-web.m3u8,,,,TVSolidaria.ar@SD,,,,https://i.imgur.com/M0fMypR.png,Undefined,720x576,iptv-org-all.txt,1496,200,成功,h264,720x576,50.0,有音频,2.073
Venus Media (1080p),https://tigocloud.desdeparaguay.net/venusmedia/venusmedia/playlist.m3u8,,,,VenusMedia.py@SD,,,,https://i.imgur.com/XwmUbfp.png,Music,1920x1080,iptv-org-all.txt,115,200,成功,h264,1920x1080,25.0,有音频,2.707
V Classic TV (720p),https://5eaccbab48461.streamlock.net:1936/8112/8112/playlist.m3u8,,,,VClassicTV.cl@SD,,,,https://i.imgur.com/WIACJSy.png,Music,1920x1080,iptv-org-all.txt,1940,200,成功,h264,1920x1080,30.0,有音频,3.425
Turf Movil (720p),https://tvturf4.janus.cl/playlist/stream.m3u8?d=w&id=,,,,TurfMovil.cl@SD,,,,https://i.imgur.com/TwIe4lK.png,Sports,,iptv-org-all.txt,1390,200,成功,h264,,,有音频,7.526
UTV (Czech Republic) (1080p),https://vysilani.zaktv.cz/broadcast/hls/utv/index.m3u8,,,,UTV.cz@SD,,,,https://i.imgur.com/ulfeIwM.png,Undefined,1920x1080,iptv-org-all.txt,1714,200,成功,h264,1920x1080,25.0,有音频,2.599
TV Higuey Digital (720p) [Not 24/7],https://host.streamingnation.live/p/3467/live/tvhigueylive.m3u8,,,,TVHigueyDigital.do@SD,,,,https://i.imgur.com/ptQyOMi.png,General,1280x720,iptv-org-all.txt,1253,200,成功,h264,1280x720,29.97002997002997,有音频,1.238
Vedic (576p),https://mumt05.tangotv.in/87NeALx2VEDIC/index.m3u8,,,,Vedic.in@SD,,,,https://dtil.tmsimg.com/assets/s144069_ld_h15_aa.png?lock=720x540,Religious,448x360,iptv-org-all.txt,1213,200,成功,h264,448x360,25.0,有音频,4.685
Vietnam Today (1080p),https://amagi-live.ondemandkorea.com/amgplt0456.m3u8,,,,VietnamToday.vn@HD,,,,https://i.imgur.com/xW9rY7s.png,Undefined,426x240,iptv-org-all.txt,1200,200,成功,h264,426x240,25.0,有音频,1.176
Turbo (720p),https://jmp2.uk/plu-66f55c3955567d0008ef9b68.m3u8,,,,Turbo.de@FR,,,,https://images.pluto.tv/channels/66f55c3955567d0008ef9b68/colorLogoPNG.png,Entertainment,1216x684,iptv-org-all.txt,2001,200,成功,h264,1216x684,30.0,有音频,0.602
TV 24 (576p),http://51.75.127.199:3141/tv24/index.m3u8,,,,TV24.in@SD,,,,https://jiotvimages.cdn.jio.com/dare_images/images/TV24.png,News,1024x576,iptv-org-all.txt,174,200,成功,h264,1024x576,25.0,有音频,0.927
Union TV,https://tigocloud.desdeparaguay.net/800tv/800tv/playlist.m3u8,,,,UnionTV.py@SD,,,,https://i.imgur.com/No9YzNC.png,General,1920x1080,iptv-org-all.txt,385,200,成功,h264,1920x1080,25.0,有音频,2.734
Viva TV Yurimaguas (720p),https://live.obslivestream.com/vivatv/index.m3u8,,,,VivaTVYurimaguas.pe@SD,,,,https://i.imgur.com/GkSoxhx.png,Undefined,1280x720,iptv-org-all.txt,258,200,成功,h264,1280x720,29.97002997002997,有音频,1.264
TV A Critica,https://cdn.live.br1.jmvstream.com/w/LVW-20715/LVW20715_50E3x2MCm2/playlist.m3u8,,,,TVACritica.br@SD,,,,https://i.imgur.com/j51rBro.png,Undefined,1920x1080,iptv-org-all.txt,1547,200,成功,h264,1920x1080,29.97002997002997,有音频,0.984
TVE Internacional America HD (1080p) [Geo-blocked],https://rtvelivestream-rtveplayplus.rtve.es/rtvesec/int/tvei_ame_main_1080.m3u8,,,,TVEInternacionalAmerica.es@HD,,,,https://i.ibb.co/RpKLCMvp/tve.png,Undefined,1920x1080,iptv-org-all.txt,1174,200,成功,h264,1920x1080,25.0,有音频,0.355
TV Maya (480p),https://5ca9af4645e15.streamlock.net/mayas/videomayas/playlist.m3u8,,,,TVMaya.gt@SD,,,,https://i.imgur.com/BGFa4OO.png,Education,1280x720,iptv-org-all.txt,61,200,成功,h264,1280x720,60.0,有音频,1.499
TV Cidade,https://stmv1.srvif.com/tvcidade/tvcidade/playlist.m3u8,,,,TVCidade.cv@SD,,,,https://i.imgur.com/gmSu21X.jpg,Music,1092x614,iptv-org-all.txt,45,200,成功,h264,1092x614,25.0,有音频,0.482
VR Live (720p),https://channel.vrlivegujarat.com/hls/vrchannel.m3u8,,,,VRLive.in@SD,,,,https://jiotvimages.cdn.jio.com/dare_images/images/VRLive.png,News,1280x720,iptv-org-all.txt,1674,200,成功,h264,1280x720,50.0,有音频,4.606
TV9 Bharatvarsh (720p),https://dyjmyiv3bp2ez.cloudfront.net/pub-iotv9hinjzgtpe/liveabr/playlist.m3u8,,,,TV9Bharatvarsh.in@SD,,,,https://xstreamcp-assets-msp.streamready.in/assets/LIVETV/LIVECHANNEL/LIVETV_LIVETVCHANNEL_TV9_BHARATVARSH/images/LOGO_HD/image.png,News,640x360,iptv-org-all.txt,734,200,成功,h264,640x360,25.0,有音频,3.312
V2BEAT TV (720p) [Not 24/7],https://abr.de1se01.v2beat.live/playlist.m3u8,,,,V2BEATTV.uk@SD,,,,https://i.imgur.com/PXGqyLn.png,Music,1280x720,iptv-org-all.txt,2203,200,成功,h264,1280x720,30.0,有音频,3.217
TVS Bowling Network (720p),https://rpn.bozztv.com/gusa/gusa-tvsbowling/index.m3u8,,,,TVSBowlingNetwork.us@SD,,,,https://www.watchyour.tv/channels/logo/tvs-bowling-network.jpg,Sports,1280x720,iptv-org-all.txt,1264,200,成功,h264,1280x720,29.97002997002997,有音频,0.804
TV 4 (720p),https://turkmedya-live.ercdn.net/tv4/tv4.m3u8,,,,TV4.tr@SD,,,,https://i.imgur.com/UpsQsbd.png,Undefined,640x360,iptv-org-all.txt,613,200,成功,h264,640x360,25.0,有音频,4.999
TV Natal (1080p),http://185.228.163.146:8000/play/a01y/index.m3u8,,,,TVNatal.br@SD,,,,https://i.imgur.com/wqQmQml.png,Entertainment;General;News,1920x1080,iptv-org-all.txt,201,200,成功,h264,1920x1080,30.0,有音频,1.348
TVS Pet Parade Network (360p),https://rpn.bozztv.com/gusa/gusa-petparadenetwork/index.m3u8,,,,TVSPetParadeNetwork.us@SD,,,,https://i.imgur.com/oGE1MOP.png,Classic,470x360,iptv-org-all.txt,20,200,成功,h264,470x360,23.976023976023978,有音频,0.608
TV Regionalna Lubin (1080p),https://tvregfull.mailfull.pl/tvregfull/memfs/e64b3e05-649c-4939-9ff6-584e79285ccd.m3u8,,,,TVRegionalnaLubin.pl@SD,,,,https://i.imgur.com/2WVNt3f.png,Undefined,1920x1080,iptv-org-all.txt,1773,200,成功,h264,1920x1080,25.0,有音频,4.089
viju TV1000 russkoe (576p),https://fs.uplink.kz/viju_tv1000_russkoe/mono.m3u8?token=onlinetv,,,,vijuTV1000russkoe.ru@SD,,,,https://i.imgur.com/Meak2y4.png,Movies,720x576,iptv-org-all.txt,1427,200,成功,h264,720x576,25.0,有音频,4.126
TVS Classic Sports (360p),https://rpn.bozztv.com/gusa/gusa-tvs/index.m3u8,,,,TVSClassicSports.us@SD,,,,https://i.imgur.com/auR0Mi6.png,Sports,1280x720,iptv-org-all.txt,396,200,成功,h264,1280x720,29.97002997002997,有音频,0.764
TV Alternativa (410p),https://stmv5.samcast.com.br/wagner7919/wagner7919/playlist.m3u8,,,,TVAlternativa.br@SD,,,,https://i.imgur.com/wM9xXhc.png,General,1280x720,iptv-org-all.txt,1693,200,成功,h264,1280x720,29.97002997002997,有音频,2.085
TV Peruanisima (720p),https://k20.usastreams.com:8081/tvperuanisima/index.m3u8,,,,TVPeruanisima.pe@SD,,,,https://i.imgur.com/m50qAVY.png,Music,1280x720,iptv-org-all.txt,20,200,成功,h264,1280x720,30.0,有音频,0.658
TVRI North Sumatra (1080p),https://ott-balancer.tvri.go.id/live/eds/Sumut/hls/Sumut.m3u8,,,,TVRI.id@NorthSumatra,,,,https://upload.wikimedia.org/wikipedia/commons/thumb/e/eb/TVRILogo2019.svg/960px-TVRILogo2019.svg.png,General,1920x1080,iptv-org-all.txt,278,200,成功,h264,1920x1080,25.0,有音频,9.499
TV Campane 1 (720p),https://eu1.servers10.com:8081/8032/index.m3u8,,,,TVCampane1.it@SD,,,,https://i.imgur.com/GsdVpll.png,General,852x480,iptv-org-all.txt,83,200,成功,h264,852x480,30.0,有音频,2.782
TVU Sucre (720p),https://edge.enhdtv.com/8214/index.m3u8,,,,TVUSucre.bo@SD,,,,https://i.imgur.com/7c0b4Y4.png,General,1280x720,iptv-org-all.txt,32,200,成功,h264,1280x720,30.0,有音频,0.974
UMC TV (720p),https://streaming5.globalhostla.com/rtplive/unamirad/playlist.m3u8,,,,UMCTV.co@SD,,,,https://i.imgur.com/YQUK4wO.png,Outdoor,1280x720,iptv-org-all.txt,1489,200,成功,h264,1280x720,29.97002997002997,有音频,2.352
TV4 (United States) (360p),https://cdn3.wowza.com/5/UWpORHhLSEs5SkJs/bullheadcity/G0860_002/playlist.m3u8,,,,TV4.us@SD,,,,https://i.imgur.com/CRvQ6sF.png,Legislative,640x360,iptv-org-all.txt,681,200,成功,h264,640x360,25.0,有音频,1.309
TVReus (720p) [Not 24/7],https://eu1.servers10.com:8081/8166/index.m3u8,,,,TVReus.es@SD,,,,https://i.imgur.com/Ee0C8UH.jpg,General,1920x1080,iptv-org-all.txt,1804,200,成功,h264,1920x1080,60.0,有音频,2.868
Value 24 TV,https://5f22d76e220e1.streamlock.net/canale1/canale1/playlist.m3u8,,,,Value24TV.it@SD,,,,https://i.imgur.com/FdEyI96.png,General,1920x1080,iptv-org-all.txt,1489,200,成功,h264,1920x1080,25.0,有音频,2.386
VR Canal 21 Nasca (720p),https://live-evg10.tv360.bitel.com.pe/bitel/nasca/playlist.m3u8,,,,VRCanal21Nasca.pe@SD,,,,https://i.imgur.com/rxzz6kD.jpeg,General,1280x720,iptv-org-all.txt,1861,200,成功,h264,1280x720,29.97002997002997,有音频,2.101
V mire zhivotnykh (1080p),http://stream.mcquack.net/241/index.m3u8,,,,Vmirezhivotnykh.ru@SD,,,,https://i.imgur.com/6uotdVQ.png,Undefined,1920x1080,iptv-org-all.txt,128,200,成功,h264,1920x1080,25.0,有音频,1.561
viju TV1000 action (576p),http://stream.mcquack.net/100/index.m3u8,,,,vijuTV1000action.ru@SD,,,,https://i.imgur.com/TMmyuzh.png,Movies,1920x1080,iptv-org-all.txt,126,200,成功,h264,1920x1080,25.0,有音频,1.552
TVP Los Mochis (720p) [Not 24/7],https://5ca3e84a76d30.streamlock.net/gpacifico2/mochis.smil/playlist.m3u8,,,,TVPLosMochis.mx@SD,,,,https://i.imgur.com/uX1S3kt.png,General,964x542,iptv-org-all.txt,55,200,成功,h264,964x542,29.97002997002997,有音频,2.274
TVS Boxing (360p),https://rpn.bozztv.com/gusa/gusa-tvsboxing/index.m3u8,,,,TVSBoxing.us@SD,,,,https://i.imgur.com/30ZoF75.png,Sports,1280x720,iptv-org-all.txt,1080,200,成功,h264,1280x720,29.97002997002997,有音频,0.814
TVS Cipher Network (360p),https://rpn.bozztv.com/gusa/gusa-tvsmystery/index.m3u8,,,,TVSCipherNetwork.us@SD,,,,https://i.imgur.com/yyz1S2W.png,Classic,500x360,iptv-org-all.txt,904,200,成功,h264,500x360,23.976023976023978,有音频,1.875
TVS Vintage Network (360p),https://rpn.bozztv.com/gusa/gusa-tvsvintage/index.m3u8,,,,TVSVintageNetwork.us@SD,,,,https://www.watchyour.tv/channels/logo/tvs-vintage-network.jpg,Entertainment,480x360,iptv-org-all.txt,20,200,成功,h264,480x360,29.97002997002997,有音频,0.839
Uchu TV (720p),https://live-evg11.tv360.bitel.com.pe/bitel/ucayalitvSRT/playlist.m3u8,,,,UchuTV.pe@SD,,,,https://i.imgur.com/xYGkUR9.png,General,1920x1080,iptv-org-all.txt,2868,200,成功,h264,1920x1080,30.0,有音频,2.887
Ucayalina de Television (720p),https://live-evg11.tv360.bitel.com.pe/bitel/utv/playlist.m3u8,,,,UcayalinadeTelevision.pe@SD,,,,https://i.imgur.com/jBhfcqy.png,Undefined,1920x1080,iptv-org-all.txt,3122,200,成功,h264,1920x1080,29.97002997002997,有音频,2.313
UniNettuno University TV (720p),https://stream6-rai-it.akamaized.net/live/uninettuno/playlist.m3u8,,,,UniNettunoUniversityTV.it@SD,,,,https://i.imgur.com/c9So8nf.png,Undefined,1280x720,iptv-org-all.txt,650,200,成功,h264,1280x720,25.0,有音频,1.026
TV Florencia (720p),https://cdn.streamhispanatv.net:3819/live/tvflorecialive.m3u8,,,,TVFlorencia.gt@SD,,,,https://i.imgur.com/jsbwnRb.png,General,1280x720,iptv-org-all.txt,65,200,成功,h264,1280x720,29.97002997002997,有音频,0.698
TV9 Gujarati (720p),https://dyjmyiv3bp2ez.cloudfront.net/pub-iotv9guj3ki8lu/liveabr/playlist.m3u8,,,,TV9Gujarati.in@SD,,,,https://xstreamcp-assets-msp.streamready.in/assets/LIVETV/LIVECHANNEL/LIVETV_LIVETVCHANNEL_TV9_GUJARATI/images/LOGO_HD/image.png,News,640x360,iptv-org-all.txt,635,200,成功,h264,640x360,25.0,有音频,3.285
TV Publica Fueguina (1080p),https://nd106.republicaservers.com/hls/c8094/index.m3u8,,,,TVPublicaFueguina.ar@SD,,,,https://i.imgur.com/4dUvFqa.png,Undefined,1920x1080,iptv-org-all.txt,1842,200,成功,h264,1920x1080,30.0,有音频,3.216
Ve Plus (720p),http://186.148.196.100:8000/play/a01d,,,,VePlus.ve@Venezuela,,,,https://i.imgur.com/uc3zqcP.png,Entertainment,1920x1080,iptv-org-all.txt,616,200,成功,h264,1920x1080,30.0,有音频,5.487
TVS Nostalgia Movies (480p),https://rpn.bozztv.com/gusa/gusa-tvsNostalgiaMovies/index.m3u8,,,,TVSNostalgiaMovies.us@SD,,,,https://i.imgur.com/w4fxiKi.png,Classic,478x360,iptv-org-all.txt,243,200,成功,h264,478x360,23.976023976023978,有音频,0.572
TVRI West Papua (1080p),https://ott-balancer.tvri.go.id/live/eds/Pabar/hls/Pabar.m3u8,,,,TVRI.id@WestPapua,,,,https://upload.wikimedia.org/wikipedia/commons/thumb/e/eb/TVRILogo2019.svg/960px-TVRILogo2019.svg.png,General,1920x1080,iptv-org-all.txt,250,200,成功,h264,1920x1080,25.0,有音频,7.508
Urfa Natik TV (720p),https://live.artidijitalmedya.com/artidijital_urfanatiktv/urfanatiktv/playlist.m3u8,,,,UrfaNatikTV.tr@SD,,,,https://i.imgur.com/8KO0uxn.png,Undefined,1920x1080,iptv-org-all.txt,244,200,成功,h264,1920x1080,25.0,有音频,5.360
TV Famille (720p),https://streamer1.streamhost.org/salive/GMItvfh/playlist.m3u8,,,,TVFamille.mq@SD,,,,https://i.imgur.com/Kbfihk5.png,Family;Religious,1280x720,iptv-org-all.txt,103,200,成功,h264,1280x720,25.0,有音频,3.685
TVS Comedy Network (720p),https://rpn.bozztv.com/gusa/gusa-tvscomedy/index.m3u8,,,,TVSComedyNetwork.us@SD,,,,https://i.imgur.com/rXORbti.png,Comedy,1280x720,iptv-org-all.txt,20,200,成功,h264,1280x720,29.97002997002997,有音频,0.514
TV27 News (576p),http://51.75.127.199:3141/tv27news/index.m3u8,,,,TV27News.in@SD,,,,https://jiotvimages.cdn.jio.com/dare_images/images/TV27_News.png,News,1024x576,iptv-org-all.txt,91,200,成功,h264,1024x576,25.0,有音频,0.972
Turistik TV (720p),https://cdn1.cef-technology.com/stream_web/turistik/playlist.m3u8,,,,TuristikTV.mx@SD,,,,https://i.imgur.com/g9j0ze8.png,Travel,1280x720,iptv-org-all.txt,902,200,成功,h264,1280x720,30.0,有音频,0.496
TV Terceiro Anjo (360p),https://streamer1.streamhost.org/salive/GMI3anjoh/playlist.m3u8,,,,TVTerceiroAnjo.br@SD,,,,https://i.imgur.com/PExKWNv.png,Religious,1280x720,iptv-org-all.txt,845,200,成功,h264,1280x720,29.97002997002997,有音频,4.908
Turbo TV (1080p),https://dash3.antik.sk/live/turbo_tv_avc_25p/playlist.m3u8,,,,TurboTV.sk@SD,,,,https://i.imgur.com/HI7bCHq.png,Undefined,1920x1080,iptv-org-all.txt,101,200,成功,h264,1920x1080,25.0,有音频,1.683
TVS Classic Movies (288p),https://rpn.bozztv.com/gusa/gusa-tvsclassicmovies/index.m3u8,,,,TVSClassicMovies.us@SD,,,,https://i.imgur.com/st1xMsw.png,Classic,640x360,iptv-org-all.txt,608,200,成功,h264,640x360,23.976023976023978,有音频,1.862
USA Network (720p),http://190.197.41.183/USA_NETWORK/index.m3u8,,,,USANetwork.us@East,,,,https://upload.wikimedia.org/wikipedia/commons/thumb/d/d7/USA_Network_logo_%282016%29.svg/960px-USA_Network_logo_%282016%29.svg.png,Comedy;Movies;Series;Sports,1280x720,iptv-org-all.txt,50,200,成功,h264,1280x720,59.94005994005994,有音频,0.566
TV Leon de Juda (720p),https://6110f70ea8d0e.streamlock.net/1838/1838/playlist.m3u8,,,,TVLeondeJuda.sv@SD,,,,https://i.imgur.com/ZUCppwi.png,Religious,1280x720,iptv-org-all.txt,1218,200,成功,h264,1280x720,25.0,有音频,1.631
Vision 3000 [Geo-blocked],https://ss2.tvrdomi.com:1936/vision3000/vision3000/playlist.m3u8,,,,Vision3000.do@SD,,,,https://i.imgur.com/mogsnzp.png,General,1280x720,iptv-org-all.txt,15,200,成功,h264,1280x720,29.97002997002997,有音频,1.096
TV Paraense (720p),https://video09.logicahost.com.br/tvparaense/tvparaense/playlist.m3u,,,,TVParaense.br@HD,,,,https://duckduckgo.com/i/e408ea02.png,Entertainment;Family;General;News,1280x720,iptv-org-all.txt,1245,200,成功,h264,1280x720,30.0,有音频,5.180
TV Torun (1080p) [Not 24/7],http://217.173.176.107:1935/live/tvk.stream/playlist.m3u8,,,,TVTorun.pl@SD,,,,https://i.imgur.com/ZJ0yDWI.png,Undefined,1920x1080,iptv-org-all.txt,303,200,成功,h264,1920x1080,25.0,有音频,1.562
Vital Drive,https://autopilot.catcast.tv/content/37909/index.m3u8,,,,VitalDrive.ru@HD,,,,https://i.imgur.com/XoR9zLh.png,Sports,1280x720,iptv-org-all.txt,1457,200,成功,h264,1280x720,30.0,有音频,5.017
Vocea Basarabiei TV,https://media.voceabasarabiei.md/vocea/bitrate_1080p.m3u8,,,,VoceaBasarabieiTV.md@SD,,,,https://i.imgur.com/irP8QLs.png,Undefined,1920x1080,iptv-org-all.txt,566,200,成功,h264,1920x1080,25.0,有音频,1.766
TV Canal 72,https://stmv1.voxtvhd.com.br/canal72tv2/canal72tv2/playlist.m3u8,,,,TVCanal72.ar@SD,,,,https://tvcanal72.com.ar/wp-content/uploads/2022/08/LOGO-CANAL-72-1-1024x256.png,General,640x360,iptv-org-all.txt,48,200,成功,h264,640x360,25.0,有音频,0.429
TV Qui Modena (480p),https://59d7d6f47d7fc.streamlock.net/tvqui/tvqui/playlist.m3u8,,,,TVQuiModena.it@SD,,,,https://i.imgur.com/YfMVNDE.png,Undefined,1280x720,iptv-org-all.txt,1505,200,成功,h264,1280x720,50.0,有音频,2.196
TV 264 (1080p),https://b01c02nl.mediatriple.net/videoonlylive/mtdxkkitgbrckilive/broadcast_5ee244263fd6d.smil/playlist.m3u8,,,,TV264.tr@SD,,,,https://i.imgur.com/tudXdOZ.png,Undefined,640x360,iptv-org-all.txt,1721,200,成功,h264,640x360,24.0,有音频,7.939
Vitrina TV (720p),https://live-11cinema.cdnvideo.ru/11cinema/11cinema/playlist.m3u8,,,,VitrinaTV.ru@SD,,,,https://i.imgur.com/lzQsVfn.png,Shop,1920x1080,iptv-org-all.txt,1087,200,成功,h264,1920x1080,25.0,有音频,2.525
TV Quisqueya (720p),https://cloud5.livescast.com:19360/canaltvquisqueya/canaltvquisqueya.m3u8,,,,TVQuisqueya.us@SD,,,,https://i.imgur.com/G7X4LQI.png,General,850x480,iptv-org-all.txt,1269,200,成功,h264,850x480,30.0,有音频,0.638
TV+ Chincha (720p),https://live-evg11.tv360.bitel.com.pe/bitel/tvchincha/playlist.m3u8,,,,TVPlusChincha.pe@SD,,,,https://i.imgur.com/bjQpQsu.jpeg,General,1280x720,iptv-org-all.txt,388,200,成功,h264,1280x720,29.97002997002997,有音频,1.551
TV Cuatro 4.3 (1080p),https://5ca3e84a76d30.streamlock.net/tv43gto/tv43gto.smil/.m3u8,,,,TVCuatro43.mx@SD,,,,https://i.imgur.com/Of044Jx.png,Sports,426x240,iptv-org-all.txt,55,200,成功,h264,426x240,29.97002997002997,有音频,4.514
UTV Africa (720p),https://oqgdro3xd4rm-hls-live.5centscdn.com/tfmediacastlivestreamUTV/8f263182c36c7e5c56a986bf770091e3.sdp/playlist.m3u8,,,,UTVAfrica.ng@SD,,,,https://www.utvafrica.com/images/utv-logo.png,General,1280x720,iptv-org-all.txt,2023,200,成功,h264,1280x720,50.0,有音频,2.124
TV Sim Cachoeiro (720p),https://5cf4a2c2512a2.streamlock.net/8104/8104/playlist.m3u8,,,,TVSimCachoeiro.br@SD,,,,https://i.imgur.com/t5oUK3C.png,News,1920x1080,iptv-org-all.txt,1097,200,成功,h264,1920x1080,29.97002997002997,有音频,1.296
Viafree Movies,https://jmp2.uk/plu-62f64ec9eb1045000728cad6.m3u8,,,,ViafreeMovies.se@SE,,,,https://images.pluto.tv/channels/62bebc3459624e00078209c3/colorLogoPNG.png,Movies,1216x684,iptv-org-all.txt,682,200,成功,h264,1216x684,30.0,有音频,1.018
TV Creta (540p) [Not 24/7],http://live.streams.ovh:1935/tvcreta/tvcreta/playlist.m3u8,,,,TVCreta.gr@SD,,,,https://i.imgur.com/CpIeJyt.png,Undefined,960x540,iptv-org-all.txt,562,200,成功,h264,960x540,25.0,有音频,1.899
Vepaco TV (480p),https://cloud.fastchannel.es/manifiest/hls/prog9/vepacotv.m3u8,,,,VepacoTV.ve@SD,,,,https://i.imgur.com/0bqJksL.png,General,1280x720,iptv-org-all.txt,309,200,成功,h264,1280x720,59.94005994005994,有音频,0.713
TV Sim Sao Mateus (720p),https://5cf4a2c2512a2.streamlock.net/8236/8236/playlist.m3u8,,,,TVSimSaoMateus.br@SD,,,,https://i.imgur.com/t5oUK3C.png,News,1280x720,iptv-org-all.txt,868,200,成功,h264,1280x720,29.97002997002997,有音频,1.168
TV Peru Noticias (1080p),http://190.93.224.42/TV-PERU-NOTICIAS/index.m3u8,,,,TVPeruNoticias.pe@SD,,,,https://upload.wikimedia.org/wikipedia/commons/thumb/d/d9/TV_Per%C3%BA_Noticias_-_2019_logo.png/960px-TV_Per%C3%BA_Noticias_-_2019_logo.png,News,1920x1080,iptv-org-all.txt,119,200,成功,h264,1920x1080,59.94005994005994,有音频,2.788
Umbria TV (576p) [Not 24/7],https://umbriatv.stream.rubidia.it:8083/live/umbriatv/playlist.m3u8,,,,UmbriaTV.it@SD,,,,https://i.imgur.com/olJIJ7c.png,Undefined,1280x720,iptv-org-all.txt,1713,200,成功,h264,1280x720,25.0,有音频,3.600
viaTelePaese (720p),https://srv.webtvmanager.fr:3970/live/viatelepaeselive.m3u8,,,,viaTelePaese.fr@SD,,,,https://i.imgur.com/TLZsAKK.png,General,1280x720,iptv-org-all.txt,1715,200,成功,h264,1280x720,30.0,有音频,2.482
UCL (1080p),https://livedelta.cdn.antel.net.uy/out/u/url_canalu_2.m3u8?m=1670250741,,,,UCL.uy@SD,,,,https://i.imgur.com/BzQphbw.png,Culture,852x480,iptv-org-all.txt,2464,200,成功,h264,852x480,25.0,有音频,3.693
UN Web TV (540p),https://cdnapi.kaltura.com/p/2503451/sp/250345100/playManifest/entryId/1_gb6tjmle/protocol/https/format/applehttp/a.m3u8,,,,UNWebTV.us@SD,,,,https://i.imgur.com/UcAwBep.png,News,1920x1080,iptv-org-all.txt,941,200,成功,h264,1920x1080,29.97002997002997,有音频,0.481
TVS Consumer Direct (720p),https://rpn.bozztv.com/gusa/gusa-ConsumerDirect/index.m3u8,,,,TVSConsumerDirect.us@SD,,,,https://www.watchyour.tv/channels/logo/tvs-consumer-direct.jpg,Shop,1280x720,iptv-org-all.txt,18,200,成功,h264,1280x720,59.94005994005994,有音频,0.615
UMTV (1080p) [Not 24/7],https://60417ddeaf0d9.streamlock.net/montemorelos/videomontemorelos/playlist.m3u8,,,,UMTV.mx@SD,,,,https://i.imgur.com/sjxVdPh.png,Undefined,1920x1080,iptv-org-all.txt,1042,200,成功,h264,1920x1080,30.0,有音频,1.554
Unsion TV (1080p),http://provedores.unsion.tv:8081/srt/1/playlist.m3u8,,,,UnsionTV.ec@SD,,,,https://i.imgur.com/HQGBqGU.png,Undefined,1920x1080,iptv-org-all.txt,296,200,成功,h264,1920x1080,30.0,有音频,2.416
Tu TV (720p),https://astl-mainstr.qvixsolutions.com/asltvtu_ext/index.m3u8,,,,TuTV.ve@SD,,,,https://i.imgur.com/OBEmXQF.png,General,1280x720,iptv-org-all.txt,1421,200,成功,h264,1280x720,30.0,有音频,3.033
TV Usach (720p),https://stv4.janus.cl/playlist/stream.m3u8,,,,TVUsach.cl@SD,,,,https://i.imgur.com/KDC7IVl.png,Education,640x360,iptv-org-all.txt,452,200,成功,h264,640x360,30.0,有音频,6.756
TV Direct 13 (480p) [Not 24/7],https://oqgdrog4d4rm-hls-live.5centscdn.com/tvdirect/f7b44cfafd5c52223d5498196c8a2e7b.sdp/playlist.m3u8,,,,TVDirect13.cw@SD,,,,https://i.imgur.com/T2IbQqv.png,General,1920x1080,iptv-org-all.txt,141,200,成功,h264,1920x1080,29.97002997002997,有音频,1.392
Univalle Television (1080p),https://master.tucableip.com/univalletv/playlist.m3u8,,,,UnivalleTelevision.bo@SD,,,,https://i.imgur.com/qgrWDIs.png,Undefined,1920x1080,iptv-org-all.txt,578,200,成功,h264,1920x1080,29.97002997002997,有音频,2.619
TV Ruzinov (1080p) [Not 24/7],http://lb.streaming.sk/tvruzinov/stream/playlist.m3u8,,,,TVRuzinov.sk@SD,,,,https://i.imgur.com/bUGuntH.png,Undefined,1920x1080,iptv-org-all.txt,1418,200,成功,h264,1920x1080,25.0,有音频,2.508
TVC-Rio,https://video05.logicahost.com.br/comunitariario/comunitariario/playlist.m3u8,,,,TVCRio.br@SD,,,,https://i.imgur.com/WDiikWv.png,General,1920x1080,iptv-org-all.txt,1971,200,成功,h264,1920x1080,29.97002997002997,有音频,4.975
TV from the Danish Parliament (1080p) [Not 24/7],https://cdnapi.kaltura.com/p/2158211/sp/327418300/playManifest/entryId/1_24gfa7qq/protocol/https/format/applehttp/a.m3u8,,,,TVfromtheDanishParliament.dk@SD,,,,https://i.imgur.com/RqQDUzX.png,Legislative,1920x1080,iptv-org-all.txt,64,200,成功,h264,1920x1080,25.0,有音频,0.503
Universal TV Latin America (1080p),http://15.204.246.24:8080/UniversalHD/index.m3u8,,,,UniversalTVLatinAmerica.us@Panregional,,,,https://upload.wikimedia.org/wikipedia/commons/thumb/4/42/Universal_TV_logo.svg/960px-Universal_TV_logo.svg.png,Undefined,1920x1080,iptv-org-all.txt,4,200,成功,h264,1920x1080,59.94005994005994,有音频,0.208
Turbo Mix Radio TV (720p),https://live-evg11.tv360.bitel.com.pe/bitel/turbomixSRT/playlist.m3u8,,,,TurboMixRadioTV.pe@SD,,,,https://i.imgur.com/AsdBQa3.png,Music,1920x1080,iptv-org-all.txt,473,200,成功,h264,1920x1080,30.0,有音频,1.489
TVO (720p) [Not 24/7],https://videoserver.tmcreativos.com:19360/gkemzxrrmr/gkemzxrrmr.m3u8,,,,TVO.do@SD,,,,https://i.imgur.com/MhloaFB.png,General,1280x720,iptv-org-all.txt,27,200,成功,h264,1280x720,29.97002997002997,有音频,0.987
TVitape (720p),https://stream01.msolutionbrasil.com.br/hls/tvitape/live.m3u8,,,,TVitape.br@SD,,,,https://i.imgur.com/XeqcwKe.png,General,1920x1080,iptv-org-all.txt,746,200,成功,h264,1920x1080,29.97002997002997,有音频,0.645
TVA Vicenza (720p),http://fms.tvavicenza.it:1935/live/diretta_1/playlist.m3u8,,,,TVAVicenza.it@SD,,,,https://upload.wikimedia.org/wikipedia/it/thumb/0/0f/TVA_Vicenza_-_Logo_2018.svg/512px-TVA_Vicenza_-_Logo_2018.svg.png,Undefined,1280x720,iptv-org-all.txt,602,200,成功,h264,1280x720,50.0,有音频,2.575
Voice of Lebanon (1080p),https://svs.itworkscdn.net/vdltvlive/vdltv.smil/playlist.m3u8,,,,VoiceofLebanon.lb@SD,,,,https://i.imgur.com/f8WcqRY.png,News,640x360,iptv-org-all.txt,277,200,成功,h264,640x360,25.0,有音频,2.725
TVRI West Sulawesi (720p),https://ott-balancer.tvri.go.id/live/eds/Sulbar/hls/Sulbar.m3u8,,,,TVRI.id@WestSulawesi,,,,https://upload.wikimedia.org/wikipedia/commons/thumb/e/eb/TVRILogo2019.svg/960px-TVRILogo2019.svg.png,General,1920x1080,iptv-org-all.txt,251,200,成功,h264,1920x1080,25.0,有音频,6.793
TV5Monde Africa (720p),http://5.9.121.178/tv5monde/index.m3u8,,,,TV5MondeAfrica.fr@SD,,,,https://i.imgur.com/0N64Ddn.png,Undefined,1280x720,iptv-org-all.txt,192,200,成功,h264,1280x720,25.0,有音频,2.483
TV Sao Raimundo (268p),https://stmv1.voxtvhd.com.br/9030/9030/playlist.m3u8,,,,TVSaoRaimundo.br@SD,,,,https://i.imgur.com/f34CQIG.png,General,720x480,iptv-org-all.txt,1359,200,成功,h264,720x480,25.0,有音频,0.329
TVS Western Movie (270p),https://rpn.bozztv.com/gusa/gusa-tvswesternmovies/index.m3u8,,,,TVSWesternMovie.us@SD,,,,https://i.imgur.com/dwr98qb.png,Classic,640x360,iptv-org-all.txt,18,200,成功,h264,640x360,29.97002997002997,有音频,0.754
TVUNO (720p),https://streamtv.onliv3.online:1936/karibtv/karibtv/playlist.m3u8,,,,TVUNO.pe@SD,,,,https://i.imgur.com/dht94P4.png,Music,576x324,iptv-org-all.txt,158,200,成功,h264,576x324,30.0,有音频,0.931
TVP Mazatlan (720p) [Not 24/7],https://5ca3e84a76d30.streamlock.net/gpacifico4/smil:mazatlan.smil/playlist.m3u8,,,,TVPMazatlan.mx@SD,,,,https://i.imgur.com/uX1S3kt.png,General,1920x1080,iptv-org-all.txt,55,200,成功,h264,1920x1080,59.94005994005994,有音频,2.050
TV BRICS Russian (1080p),http://185.23.80.23:8080/TVBRICS/index.m3u8,,,,TVBRICSRussian.ru@SD,,,,https://i.imgur.com/vLpm8tN.png,General,1920x1080,iptv-org-all.txt,259,200,成功,h264,1920x1080,25.0,有音频,1.534
Tshwane TV (576p),https://cdn.freevisiontv.co.za/sttv/smil:tshwane.stream.smil/playlist.m3u8,,,,TshwaneTV.za@SD,,,,https://admango.cdn.mangomolo.com/analytics/uploads/188/654a3ec660.png,Entertainment;Family;General,720x576,iptv-org-all.txt,1324,200,成功,h264,720x576,25.0,有音频,2.014
VB Media TV (1080p),https://capomo01-enitv.eninetworks.com/locales_vbmedia_publico/index.m3u8,,,,VBMediaTV.mx@SD,,,,https://i.imgur.com/5qlVblr.png,Entertainment,1024x576,iptv-org-all.txt,1704,200,成功,h264,1024x576,30.0,有音频,4.131
TVB Vietnam (1080p),https://amg01868-amg01868c3-tvbanywhere-us-4491.playouts.now.amagi.tv/playlist/amg01868-tvbusa-tvbvietnam-tvbanywhereus/playlist.m3u8,,,,TVBVietnam.vn@SD,,,,https://raw.githubusercontent.com/songwenhui239/Songwenhui239/refs/heads/main/TVB%20Vietnam.jpeg,General,1920x1080,iptv-org-all.txt,245,200,成功,h264,1920x1080,29.97002997002997,有音频,1.323
Turismo HD (720p),https://live20.bozztv.com/giatvplayout7/giatv-208343/playlist.m3u8,,,,TurismoHD.do@HD,,,,https://gia.tv/streams/pptv/208343.jpg,Entertainment,1280x720,iptv-org-all.txt,25,200,成功,h264,1280x720,23.976023976023978,有音频,0.678
VTV Canal 32 (1080p),https://cnn.livestreaminggroup.info:3507/live/vtv32live.m3u8,,,,VTVCanal32.do@SD,,,,https://i.imgur.com/qjm4B0J.png,General,1280x720,iptv-org-all.txt,2152,200,成功,h264,1280x720,30.0,有音频,1.459
TV Mainfranken (1080p) [Not 24/7],https://tvtouringw.iptv-playoutcenter.de/tvtouringw/tvtouringw.stream_1/playlist.m3u8,,,,TVMainfranken.de@SD,,,,https://raw.githubusercontent.com/jnk22/kodinerds-iptv/master/logos/tv/tvmainfranken.png,Undefined,1920x1080,iptv-org-all.txt,1931,200,成功,h264,1920x1080,25.0,有音频,3.878
UniMas Central (720p),http://190.197.41.183/Unimas/mono.m3u8,,,,UniMas.us@Central,,,,https://upload.wikimedia.org/wikipedia/commons/thumb/3/34/Logo_UniM%C3%A1s_2021.svg/960px-Logo_UniM%C3%A1s_2021.svg.png,Undefined,1280x720,iptv-org-all.txt,100,200,成功,h264,1280x720,30.0,有音频,0.504
TV Trwam (1080p) [Geo-blocked],https://live-ch1.trwam.cf.insyscd.net/out/v1/b99041a282774d4a8fe84a54243af5de/trwamtv-live-ch1.mpd,,,,TVTrwam.pl@SD,,,,https://i.imgur.com/yq10wS5.png,Undefined,426x240,iptv-org-all.txt,150,200,成功,h264,426x240,25.0,有音频,4.972
UniRadio TV (1080p),https://video.hostingcaaguazu.com:19360/uniradiotv/uniradiotv.m3u8,,,,UniRadioTV.py@SD,,,,https://i.imgur.com/Co3YrU0.png,Undefined,1280x720,iptv-org-all.txt,173,200,成功,h264,1280x720,29.97002997002997,有音频,3.330
Vida Mejor TV (480p),https://tgn.bozztv.com/betterlife/bettervida/bettervida/index.m3u8,,,,VidaMejorTV.us@SD,,,,https://i.imgur.com/1hJ16i0.png,Religious,704x480,iptv-org-all.txt,1201,200,成功,h264,704x480,29.97002997002997,有音频,0.651
TVLatinaSat (720p),https://www.latinasat.com.br/hls/live/stream/index.m3u8,,,,TVLatinaSat.br@HD,,,,https://latinasat.com.br/logo.png,General,1280x720,iptv-org-all.txt,1869,200,成功,h264,1280x720,30.0,有音频,2.578
TV Cuatro 4.4 (1080p),https://5ca3e84a76d30.streamlock.net/tv44gto/tv44gto.smil/.m3u8,,,,TVCuatro44.mx@SD,,,,https://i.imgur.com/Of044Jx.png,Education,426x240,iptv-org-all.txt,55,200,成功,h264,426x240,30.0,有音频,4.386
TV5 Linares (720p),https://v1.tustreaming.cl/tv5linares/index.m3u8,,,,TV5Linares.cl@SD,,,,https://i.imgur.com/PNKlJBj.png,Undefined,1280x720,iptv-org-all.txt,473,200,成功,h264,1280x720,25.0,有音频,2.738
TVS Quiz Show Network (720p),https://rpn.bozztv.com/gusa/gusa-tvsgameshow/index.m3u8,,,,TVSQuizShowNetwork.us@SD,,,,https://i.imgur.com/5ljQwx2.png,Classic,640x480,iptv-org-all.txt,19,200,成功,h264,640x480,29.97002997002997,有音频,0.809
Unbeaten (1080p),https://d1t5afz6qed3xk.cloudfront.net/Unbeaten.m3u8,,,,Unbeaten.us@SD,,,,https://i.imgur.com/LmkNt3v.png,Sports,1920x1080,iptv-org-all.txt,735,200,成功,h264,1920x1080,25.0,有音频,1.824
Vevo Latino (1080p),https://amg00056-amg00056c13-rakuten-es-3246.playouts.now.amagi.tv/playlist.m3u8,,,,VevoLatino.us@SD,,,,https://i.imgur.com/D7SwmuB.png,Music,1920x1080,iptv-org-all.txt,450,200,成功,h264,1920x1080,29.97002997002997,有音频,1.757
USA Network Latin America (1080p),http://138.121.15.230:9002/USA/index.m3u8,,,,USANetworkLatinAmerica.us@Panregional,,,,https://upload.wikimedia.org/wikipedia/commons/thumb/d/d7/USA_Network_logo_%282016%29.svg/960px-USA_Network_logo_%282016%29.svg.png,Undefined,1920x1080,iptv-org-all.txt,84,200,成功,h264,1920x1080,59.94005994005994,有音频,1.209
TVNET (Latvia) (360p),https://player.tvnet.lv/stream/amlst:61659/playlist.m3u8,,,,TVNET.lv@SD,,,,https://i.imgur.com/jzv1ssE.png,Undefined,640x360,iptv-org-all.txt,715,200,成功,h264,640x360,23.976023976023978,有音频,3.111
TSV (1080p),https://tsv.md/stream/hls/tsv-online/index.m3u8,,,,TSV.md@SD,,,,https://i.imgur.com/6p4weSK.png,General,1920x1080,iptv-org-all.txt,1877,200,成功,h264,1920x1080,25.0,有音频,4.619
TV Veseljak Golica HD,https://radio.serv.si/VeseljakGolicaTV/tracks-v1a1/mono.m3u8,,,,TVVeseljakGolicaHD.si@SD,,,,https://i.imgur.com/49VrbSW.png,Undefined,1920x1080,iptv-org-all.txt,523,200,成功,h264,1920x1080,25.0,有音频,2.814
TVE Star (576p),https://rtvelivestream-rtveplayplus.rtve.es/rtvesec/int/star_main_576.m3u8,,,,TVEStar.es@SD,,,,https://i.ibb.co/j98NY8Mr/starcolor.png,Series,1024x576,iptv-org-all.txt,891,200,成功,h264,1024x576,25.0,有音频,1.839
TV9 Kannada (576p),https://streams.tangotv.in/TV9KANNADA/ORIGIN/index.m3u8,,,,TV9Kannada.in@SD,,,,https://xstreamcp-assets-msp.streamready.in/assets/LIVETV/LIVECHANNEL/LIVETV_LIVETVCHANNEL_TV9_KANNADA/images/LOGO_HD/image.png,News,448x360,iptv-org-all.txt,845,200,成功,h264,448x360,25.0,有音频,4.895
TV Spravedliva Bulgariya,https://tv.tvsb.bg/112.m3u8,,,,TVSpravedlivaBulgariya.bg@SD,,,,https://tvsb.bg/theme/images/logo.png,General,1920x1080,iptv-org-all.txt,1701,200,成功,h264,1920x1080,25.0,有音频,1.884
Vosges TV (576p) [Not 24/7],https://vosgestv.live-kd.com/live/vosgestv/vosgestv/playlist.m3u8,,,,VosgesTV.fr@SD,,,,https://i.imgur.com/7y7ancc.png,Undefined,720x576,iptv-org-all.txt,604,200,成功,h264,720x576,25.0,有音频,3.110
TV Niksic (720p),https://tv.rtv-niksic.me/hls/stream.m3u8,,,,TVNiksic.me@SD,,,,https://i.imgur.com/51fGwzn.png,Undefined,1280x720,iptv-org-all.txt,400,200,成功,h264,1280x720,60.0,有音频,1.941
TV Aparecida (720p),http://45.162.64.114/TV_APARECIDA/index.m3u8,,,,TVAparecida.br@SD,,,,https://i.imgur.com/kxrja0X.png,Religious,1280x720,iptv-org-all.txt,132,200,成功,h264,1280x720,30.0,有音频,2.683
VoiceOver Radio TV (720p),https://cloudvideo.servers10.com:8081/8198/index.m3u8,,,,VoiceOverRadioTV.cr@SD,,,,https://i.imgur.com/HzGs1Eh.png,Music,1280x720,iptv-org-all.txt,86,200,成功,h264,1280x720,29.97002997002997,有音频,2.951
TVRI Papua (480p),https://ott-balancer.tvri.go.id/live/eds/Papua/hls/Papua.m3u8,,,,TVRI.id@Papua,,,,https://upload.wikimedia.org/wikipedia/commons/thumb/e/eb/TVRILogo2019.svg/960px-TVRILogo2019.svg.png,General,1920x1080,iptv-org-all.txt,259,200,成功,h264,1920x1080,25.0,有音频,7.495
TVS Drive In Movie (360p),https://rpn.bozztv.com/gusa/gusa-tvsdriveinmovie/index.m3u8,,,,TVSDriveInMovie.us@SD,,,,https://i.imgur.com/OR9APjb.png,Movies,1184x720,iptv-org-all.txt,14,200,成功,h264,1184x720,23.976023976023978,有音频,0.652
TV Luz (480p),https://host.streamingnation.live/p/3780/live/tvluzlive.m3u8,,,,TVLuz.do@SD,,,,https://i.imgur.com/FZUQ2WP.png,Religious,854x480,iptv-org-all.txt,27,200,成功,h264,854x480,29.97002997002997,有音频,0.724
TVS Women Sports (720p),https://rpn.bozztv.com/gusa/gusa-tvswsn/index.m3u8,,,,TVSWomenSports.us@SD,,,,https://i.imgur.com/8hC4PfF.png,Sports,708x480,iptv-org-all.txt,17,200,成功,h264,708x480,,有音频,0.629
TV Norte Chiclayo (720p),https://live-evg5.tv360.bitel.com.pe/bitel/tvnorte/playlist.m3u8,,,,TVNorteChiclayo.pe@SD,,,,https://i.imgur.com/0fg6m2L.png,Undefined,1280x720,iptv-org-all.txt,3012,200,成功,h264,1280x720,29.97002997002997,有音频,11.100
Unidentified (1080p),https://d3ify425qsio2d.cloudfront.net/playlist.m3u8,,,,Unidentified.us@SD,,,,https://i.imgur.com/naYszow.jpg,Documentary,384x216,iptv-org-all.txt,1207,200,成功,h264,384x216,29.97002997002997,有音频,2.218
TVP Obregon (720p) [Not 24/7],https://5ca3e84a76d30.streamlock.net/gpacifico3/obregon.smil/playlist.m3u8,,,,TVPObregon.mx@SD,,,,https://i.imgur.com/uX1S3kt.png,General,1920x1080,iptv-org-all.txt,55,200,成功,h264,1920x1080,59.94005994005994,有音频,2.028
TV Muslim Thailand,https://vdo.plathong.net/tvmuslim/tvmuslim/playlist.m3u8,,,,TVMuslimThailand.th@SD,,,,https://i.imgur.com/aCFpuzW.png,Religious,1280x720,iptv-org-all.txt,814,200,成功,h264,1280x720,29.97002997002997,有音频,4.387
VTV News (576p),https://live1.ottlive.co.in/vtvgujarati/vtvgujarati/index.m3u8,,,,VTVNews.in@SD,,,,https://xstreamcp-assets-msp.streamready.in/assets/LIVETV/LIVECHANNEL/LIVETV_LIVETVCHANNEL_VTV_GUJARATI/images/LOGO_HD/image.png,News,720x576,iptv-org-all.txt,1607,200,成功,h264,720x576,25.0,有音频,4.777
TVE Star HD (1080p),https://rtvelivestream-rtveplayplus.rtve.es/rtvesec/int/star_main_1080.m3u8,,,,TVEStar.es@HD,,,,https://i.ibb.co/j98NY8Mr/starcolor.png,Series,1920x1080,iptv-org-all.txt,844,200,成功,h264,1920x1080,25.0,有音频,2.165
VOX,https://dash4.antik.sk/live/test_vox_tizen/playlist.m3u8,,,,VOX.de@SD,,,,https://i.imgur.com/QPcmfZb.png,Undefined,720x576,iptv-org-all.txt,103,200,成功,h264,720x576,25.0,有音频,1.644
Unsolved Mysteries (720p),https://d31z96rdrmwfsp.cloudfront.net/master.m3u8,,,,UnsolvedMysteries.us@US,,,,https://i.imgur.com/De3khrX.png,Series,576x432,iptv-org-all.txt,236,200,成功,h264,576x432,29.97002997002997,有音频,1.827
viju+ Comedy HD (1080p),http://stream.mcquack.net/201/index.m3u8,,,,vijuPlusComedy.ru@HD,,,,https://i.imgur.com/YoNOFu7.png,Comedy,1920x1080,iptv-org-all.txt,126,200,成功,h264,1920x1080,25.0,有音频,1.585
TV Vila Real (720p),https://cdn.jmvstream.com/w/LVW-10841/LVW10841_mT77z9o2cP/playlist.m3u8,,,,TVVilaReal.br@SD,,,,https://i.imgur.com/Z1uWe7g.png,Undefined,1920x1080,iptv-org-all.txt,255,200,成功,h264,1920x1080,30.0,有音频,1.546
True crime fran Viaplay,https://jmp2.uk/plu-645cb7857cb4b1000859c57c.m3u8,,,,TruecrimefranViaplay.se@SE,,,,https://images.pluto.tv/channels/645cb7857cb4b1000859c57c/colorLogoPNG.png,Series,1216x684,iptv-org-all.txt,1907,200,成功,h264,1216x684,30.0,有音频,0.810
TV Marajoara (720p),https://tv02.zas.media:1936/tvmarajoara/tvmarajoara/playlist.m3u8,,,,TVMarajoara.br@SD,,,,https://i.imgur.com/9d9vBN7.png,General,1280x720,iptv-org-all.txt,911,200,成功,h264,1280x720,29.97002997002997,有音频,3.146
TV CRET (1080p),https://radiocret.net:8082/hls/tvcret.m3u8,,,,TVCRET.sv@SD,,,,https://i.imgur.com/ChonoKb.png,Religious,1920x1080,iptv-org-all.txt,927,200,成功,h264,1920x1080,29.97002997002997,有音频,3.182
TVR Cluj,https://tvr-cluj.lg.mncdn.com/tvrcluj/smil:tvrcluj.smil/playlist.m3u8,,,,TVRCluj.ro@SD,,,,https://i.imgur.com/RkDra93.png,General,2560x1440,iptv-org-all.txt,300,200,成功,h264,2560x1440,25.0,有音频,7.910
TVJ (720p) [Not 24/7],https://vod2live.univtec.com/manifest/a99a1804-dc83-411f-8c1c-b62f08cdfa59.m3u8,,,,TVJ.jm@SD,,,,https://i.imgur.com/R4PoC3L.png,General,1280x720,iptv-org-all.txt,731,200,成功,h264,1280x720,30.0,有音频,1.175
Viafree Movies DK,https://jmp2.uk/plu-62bebc3459624e00078209c3.m3u8,,,,ViafreeMovies.se@DK,,,,https://images.pluto.tv/channels/62bebc3459624e00078209c3/colorLogoPNG.png,Movies,1280x720,iptv-org-all.txt,850,200,成功,h264,1280x720,30.0,有音频,1.530
True Crime by Pluto TV,https://jmp2.uk/plu-5f914f4b36d67d0007a91a04.m3u8,,,,TrueCrimebyPlutoTV.de@FR,,,,https://images.pluto.tv/channels/5f914f4b36d67d0007a91a04/colorLogoPNG.png,Series,1216x684,iptv-org-all.txt,646,200,成功,h264,1216x684,30.0,有音频,0.575
TV Vita,https://dash3.antik.sk/live/test_vita/playlist.m3u8,,,,TVVita.sk@SD,,,,https://i.imgur.com/Cx1GLbo.png,Culture,1280x720,iptv-org-all.txt,101,200,成功,h264,1280x720,50.0,有音频,1.364
Visual Radio (576p) [Not 24/7],http://wms.shared.streamshow.it:1935/visualradio/visualradio/live.m3u8,,,,VisualRadio.it@SD,,,,https://i.imgur.com/ah14ah0.png,Undefined,720x576,iptv-org-all.txt,184,200,成功,h264,720x576,25.0,有音频,1.596
TVI (720p),https://raw.githubusercontent.com/thomraider12/canaistvpt/main/m3u8s/tvi.m3u8,,,,TVI.pt@SD,,,,https://i.imgur.com/H8Tgl7m.png,General,1280x720,iptv-org-all.txt,46,200,成功,h264,1280x720,25.0,有音频,2.167
TVBS-Asia (1080p),http://38.64.72.148/hls/modn/list/4005/playlist.m3u8,,,,TVBSAsia.tw@SD,,,,https://i.imgur.com/4S1rkhm.png,Entertainment,1920x1080,iptv-org-all.txt,123,200,成功,h264,1920x1080,29.97002997002997,有音频,1.073
Vision (Peru) (480p),https://lbgo.bozztv.com/ssh101/ssh101/visiononline/playlist.m3u8,,,,Vision.pe@SD,,,,https://i.imgur.com/gyuoNZk.png,Religious,854x480,iptv-org-all.txt,28,200,成功,h264,854x480,29.97002997002997,有音频,0.731
TV Cultura (720p),http://45.162.64.114/TV_CULTURA/index.m3u8,,,,TVCultura.br@SD,,,,https://i.ibb.co/nm0jXMM/cultura-3x.png,Undefined,1280x720,iptv-org-all.txt,132,200,成功,h264,1280x720,30.0,有音频,1.379
Undercover Boss Global (720p),https://all3media-international-undercoverboss-1-au.samsung.wurl.tv/playlist.m3u8,,,,UndercoverBossGlobal.us@UK,,,,https://i.imgur.com/O9lwu23.png,Entertainment,1280x720,iptv-org-all.txt,795,200,成功,h264,1280x720,29.97002997002997,有音频,0.502
TV Opoja (720p) [Not 24/7],http://ip.opoja.tv:1935/tvopoja/tvopoja/playlist.m3u8,,,,TVOpoja.xk@SD,,,,https://i.imgur.com/hxi4Qiq.png,Undefined,1920x1080,iptv-org-all.txt,566,200,成功,h264,1920x1080,29.97002997002997,有音频,2.238
Visir (1080p),https://live.visir.is/hls-live/visir.smil/playlist.m3u8,,,,Visir.is@SD,,,,https://i.imgur.com/07Vlt6i.jpg,News,640x360,iptv-org-all.txt,520,200,成功,h264,640x360,25.0,有音频,7.742
viju+ Megahit HD (1080p),http://stream.mcquack.net/200/index.m3u8,,,,vijuPlusMegahit.ru@HD,,,,https://i.imgur.com/oIQNddV.png,Movies,1920x1080,iptv-org-all.txt,164,200,成功,h264,1920x1080,25.0,有音频,1.650
Urola Telebista (416p),https://5940924978228.streamlock.net/j_Directo2/mp4:j_Directo2/playlist.m3u8,,,,UrolaTelebista.es@SD,,,,https://i.imgur.com/V23bltn.png,General,1280x720,iptv-org-all.txt,551,200,成功,h264,1280x720,25.0,有音频,2.298
TV5 Cambodia,https://ip.pdtvhd.com/Khmer/streams/CTV5.m3u8,,,,TV5Cambodia.kh@SD,,,,https://i.imgur.com/iMZLyoX.png,Undefined,1920x1080,iptv-org-all.txt,860,200,成功,h264,1920x1080,25.0,有音频,4.469
TV 100 (India) (576p),http://51.75.127.199:3141/tv100/index.m3u8,,,,TV100.in@SD,,,,https://jiotvimages.cdn.jio.com/dare_images/images/TV_100.png,Undefined,1024x576,iptv-org-all.txt,200,200,成功,h264,1024x576,25.0,有音频,1.013
TV Nitricka,https://dash4.antik.sk/live/test_nitricka/playlist.m3u8,,,,TVNitricka.sk@SD,,,,https://i.imgur.com/iwWyG1A.png,General,1280x720,iptv-org-all.txt,437,200,成功,h264,1280x720,25.0,有音频,1.544
TV5MONDE Chefs (1080p),https://tvf-tv5ch.otteravision.com/tvf/tv5ch/tv5ch.m3u8,,,,TV5MONDEChefs.fr@SD,,,,https://psi.tv5monde.com/media/static/default/lives/tv5monde-chef.png,Cooking;Lifestyle,640x360,iptv-org-all.txt,163,200,成功,h264,640x360,25.0,有音频,2.508
Vale TV (480p) [Not 24/7],https://59d39900ebfb8.streamlock.net/valetv_480/valetv_480/playlist.m3u8,,,,ValeTV.ve@SD,,,,https://i.imgur.com/NMI2Wed.png,General,1280x720,iptv-org-all.txt,1097,200,成功,h264,1280x720,59.94005994005994,有音频,0.458
TV9 Marathi (720p),https://dyjmyiv3bp2ez.cloudfront.net/pub-iotv9marlygv8h/liveabr/playlist.m3u8,,,,TV9Marathi.in@SD,,,,https://xstreamcp-assets-msp.streamready.in/assets/LIVETV/LIVECHANNEL/LIVETV_LIVETVCHANNEL_TV9_MARATHI/images/LOGO_HD/image.png,News,640x360,iptv-org-all.txt,475,200,成功,h264,640x360,25.0,有音频,3.760
TVRI Yogyakarta (720p),https://ott-balancer.tvri.go.id/live/eds/Jogjakarta/hls/Jogjakarta.m3u8,,,,TVRI.id@Yogyakarta,,,,https://upload.wikimedia.org/wikipedia/commons/thumb/e/eb/TVRILogo2019.svg/960px-TVRILogo2019.svg.png,General,1920x1080,iptv-org-all.txt,250,200,成功,h264,1920x1080,25.0,有音频,7.392
Velicham TV (576p),https://mumt05.tangotv.in/87NeALx2VALICHAMPLUS/index.m3u8,,,,VelichamTV.in@SD,,,,https://upload.wikimedia.org/wikipedia/en/e/e4/Logo_of_Velicham_TV.png,News,448x360,iptv-org-all.txt,761,200,成功,h264,448x360,25.0,有音频,4.675
TVI Ficcao (720p),https://raw.githubusercontent.com/thomraider12/canaistvpt/main/m3u8s/tvificcao.m3u8,,,,TVIFiccao.pt@SD,,,,https://cdn.iol.pt/img/logostvi/branco/tvificcao.png,Series,1280x720,iptv-org-all.txt,5,200,成功,h264,1280x720,25.0,有音频,1.849
TV Clube (720p),https://5c483b9d1019c.streamlock.net/8186/8186/playlist.m3u8,,,,TVClube.br@SD,,,,https://i.imgur.com/CpXjcyE.png,Undefined,1280x720,iptv-org-all.txt,121,200,成功,h264,1280x720,30.0,有音频,0.723
ViaMatele (1080p),https://5dd226f8f01e8.streamlock.net/via-matele-live/matelelive_1080/playlist.m3u8,,,,ViaMatele.fr@SD,,,,https://i.imgur.com/XVCV9rj.png,Undefined,1920x1080,iptv-org-all.txt,547,200,成功,h264,1920x1080,50.0,有音频,2.433
TV Hispanic [Not 24/7],https://livetv.305streamhd.com:3504/live/tvhispaniclive.m3u8,,,,TVHispanic.us@SD,,,,https://i.imgur.com/eThe0io.png,General,1280x720,iptv-org-all.txt,1436,200,成功,h264,1280x720,30.0,有音频,1.674
Univision (1080p),http://190.197.41.183/Univision/index.m3u8,,,,Univision.us@East,,,,https://upload.wikimedia.org/wikipedia/commons/thumb/a/af/Logo_Univision_2019.svg/960px-Logo_Univision_2019.svg.png,Undefined,1280x720,iptv-org-all.txt,49,200,成功,h264,1280x720,30.0,有音频,0.545
Voyages & Saveurs (720p),https://jmp2.uk/plu-680291e38e1ff89c2427aefd.m3u8,,,,VoyagesSaveurs.es@FR,,,,https://images.pluto.tv/channels/680291e38e1ff89c2427aefd/colorLogoPNG_1749650211442.png,Lifestyle;Travel,1216x684,iptv-org-all.txt,47,200,成功,h264,1216x684,30.0,有音频,1.197
TVU (1080p),https://unlimited1-cl-isp.dps.live/tvu/tvu.smil/playlist.m3u8,,,,TVU.cl@SD,,,,https://i.ibb.co/5vFMTxt/Logo-tvu.png,General,854x480,iptv-org-all.txt,1107,200,成功,h264,854x480,29.97002997002997,有音频,7.809
TVR Craiova,https://tvr-craiova.lg.mncdn.com/tvrcraiova/smil:tvrcraiova.smil/playlist.m3u8,,,,TVRCraiova.ro@SD,,,,https://i.imgur.com/vxWbQiy.png,General,2560x1440,iptv-org-all.txt,393,200,成功,h264,2560x1440,25.0,有音频,7.794
TV 2/Bornholm (1080p) [Not 24/7],https://livecdn.euw1-0005.jwplive.com/live/sites/J42OBHtp/media/vvNWt4O9/live.isml/.m3u8,,,,TV2Bornholm.dk@SD,,,,https://i.imgur.com/cEOpXU6.png,Undefined,1920x1080,iptv-org-all.txt,1211,200,成功,h264,1920x1080,30.0,有音频,2.355
V+ TVI (720p),https://raw.githubusercontent.com/thomraider12/canaistvpt/main/m3u8s/vmaistvi.m3u8,,,,VPlusTVI.pt@SD,,,,https://upload.wikimedia.org/wikipedia/pt/e/ef/V%2BTVI_Logo.png,General,1280x720,iptv-org-all.txt,54,200,成功,h264,1280x720,25.0,有音频,2.048
V Sport Golf [Not 24/7],http://315e5a5d.ottrast.com/iptv/8XFKA8883W9M5K/12077/index.m3u8,,,,VSportGolf.se@SD,,,,https://i.imgur.com/wCw8Pmz.png,Sports,1920x1080,iptv-org-all.txt,156,200,成功,h264,1920x1080,25.0,无音频,1.209
TVC (Poland) (1080p),http://57.128.231.171:8080/214/index.m3u8,,,,TVC.pl@SD,,,,https://i.imgur.com/1Wmib2f.png,Undefined,1920x1080,iptv-org-all.txt,237,200,成功,h264,1920x1080,50.0,有音频,1.318
TVRI Riau (720p) [Not 24/7],https://ott-balancer.tvri.go.id/live/eds/Riau/hls/Riau.m3u8,,,,TVRI.id@Riau,,,,https://upload.wikimedia.org/wikipedia/commons/thumb/e/eb/TVRILogo2019.svg/960px-TVRILogo2019.svg.png,General,1920x1080,iptv-org-all.txt,251,200,成功,h264,1920x1080,25.0,有音频,8.471
TV Brasil (720p),http://45.162.64.114/TV_BRASIL/index.m3u8,,,,TVBrasil.br@SD,,,,https://upload.wikimedia.org/wikipedia/commons/thumb/9/91/TvBrasil2023.png/960px-TvBrasil2023.png,Undefined,1280x720,iptv-org-all.txt,134,200,成功,h264,1280x720,29.97002997002997,有音频,1.606
TV Tabalong (720p) [Not 24/7],https://5bf7b725107e5.streamlock.net/tvtabalong/tvtabalong/playlist.m3u8,,,,TVTabalong.id@SD,,,,https://i.imgur.com/2YhDH98.png,Undefined,1280x720,iptv-org-all.txt,1399,200,成功,h264,1280x720,50.0,有音频,4.895
TVE Bahia (1080p),http://streaming.procergs.com.br:1935/tve/stve/playlist.m3u8,,,,TVEBahia.br@SD,,,,https://upload.wikimedia.org/wikipedia/commons/thumb/0/0d/TVE_Bahia_logo.svg/960px-TVE_Bahia_logo.svg.png,Undefined,1920x1080,iptv-org-all.txt,1942,200,成功,h264,1920x1080,59.94005994005994,有音频,2.762
Velayat TV,https://ncdn.telewebion.ir/velayat/live/playlist.m3u8,,,,VelayatTV.ir@SD,,,,https://static.telewebion.com/channelsLogo/ae05de5b-9fe4-4012-900a-4d0763d6fafc/default,Undefined,1280x720,iptv-org-all.txt,996,200,成功,h264,1280x720,25.0,有音频,10.133
TV Cancao Nova (720p),http://45.162.64.114/CANCAO_NOVA/index.m3u8,,,,TVCancaoNova.br@SD,,,,https://i.imgur.com/OaM9hkH.png,Undefined,1280x720,iptv-org-all.txt,131,200,成功,h264,1280x720,30.0,有音频,1.479
TV Life America (720p),https://streaming.cloudecast.com/hls/tvlifeamerica/index.m3u8,,,,TVLifeAmerica.br@HD,,,,https://i.imgur.com/HZI0ilU.png,Culture,1920x1080,iptv-org-all.txt,1257,200,成功,h264,1920x1080,30.0,有音频,2.686
Turma da Monica (720p),https://jmp2.uk/plu-5f997e44949bc70007a6941e.m3u8,,,,TurmadaMonica.us@Brazil,,,,https://i.imgur.com/nrvPPrW.png,Kids,1216x684,iptv-org-all.txt,758,200,成功,h264,1216x684,30.0,有音频,0.609
TVR Cultural,https://tvr-cultural.lg.mncdn.com/tvrcultural/smil:tvrcultural.smil/playlist.m3u8,,,,TVRCultural.ro@SD,,,,https://i.imgur.com/U9i70C9.png,Culture,2560x1440,iptv-org-all.txt,359,200,成功,h264,2560x1440,25.0,有音频,3.974
TVO Canal 23 (720p),https://tvo.flynetwifi.com/5crjmr1645tqt71ovagufgc1x3d/playlist.m3u8,,,,TVOCanal23.sv@SD,,,,https://i.imgur.com/nsXXEUZ.png,General,1280x720,iptv-org-all.txt,285,200,成功,h264,1280x720,,有音频,1.262
Viafree Movies NO,https://jmp2.uk/plu-62beb44e3afd120007915d1b.m3u8,,,,ViafreeMovies.se@NO,,,,https://images.pluto.tv/channels/62bebc3459624e00078209c3/colorLogoPNG.png,Movies,1216x684,iptv-org-all.txt,722,200,成功,h264,1216x684,30.0,有音频,1.144
TVRI West Sumatra (720p),https://ott-balancer.tvri.go.id/live/eds/Sumbar/hls/Sumbar.m3u8,,,,TVRI.id@WestSumatra,,,,https://upload.wikimedia.org/wikipedia/commons/thumb/e/eb/TVRILogo2019.svg/960px-TVRILogo2019.svg.png,General,1920x1080,iptv-org-all.txt,498,200,成功,h264,1920x1080,25.0,有音频,6.175
TVS Retro (720p),https://cdn.streamhispanatv.net:3531/live/tvsretrogtlive.m3u8,,,,TVSRetro.gt@SD,,,,https://i.imgur.com/jdnHci0.png,Classic,1280x720,iptv-org-all.txt,69,200,成功,h264,1280x720,29.97002997002997,有音频,0.576
TVS Family Channel (360p),https://rpn.bozztv.com/gusa/gusa-TVSFamilyChannel/index.m3u8,,,,TVSFamilyChannel.us@SD,,,,https://i.imgur.com/Y3EV3DL.png,Family,640x480,iptv-org-all.txt,17,200,成功,h264,640x480,,有音频,0.656
Vivo TV,https://5eaccbab48461.streamlock.net:1936/8264/8264/playlist.m3u8,,,,VivoTV.cl@SD,,,,https://i.imgur.com/kBRbCUb.png,Undefined,1920x1080,iptv-org-all.txt,154,200,成功,h264,1920x1080,29.97002997002997,有音频,3.811
TV+ (1080p),https://jireh-8-hls-video-us-isp.dps.live/hls-video/ey6283je82983je9823je8jowowiekldk9838274/tvmas/tvmas.smil/playlist.m3u8,,,,TVPlus.cl@SD,,,,https://upload.wikimedia.org/wikipedia/commons/thumb/9/9b/TV%2B_%282018%29.png/960px-TV%2B_%282018%29.png,General,426x240,iptv-org-all.txt,1272,200,成功,h264,426x240,30.0,有音频,5.410
TV Curuca (360p),https://stmv1.srvif.com/tvcurucasp/tvcurucasp/playlist.m3u8,,,,TVCuruca.br@SD,,,,https://i.imgur.com/JdCKNZ4.png,Entertainment,1920x1080,iptv-org-all.txt,14,200,成功,h264,1920x1080,60.0,有音频,0.686
Vilayet TV,https://nl.livekadeh.com/hls2/vilayet.m3u8,,,,VilayetTV.az@SD,,,,https://vilayet.tv/wp-content/uploads/elementor/thumbs/logo-q3w2md1u47q39x7d0004wqzz74xdv1glw356ex6ph0.png,General,1280x720,iptv-org-all.txt,3155,200,成功,h264,1280x720,25.0,有音频,12.067
TV5 Kannada (576p),https://mumt07.tangotv.in/zHjX9OFlTV5KANNADA/index.m3u8,,,,TV5Kannada.in@SD,,,,https://dtil.tmsimg.com/assets/s144024_ld_h15_aa.png?lock=720x540,News,448x360,iptv-org-all.txt,791,200,成功,h264,448x360,25.0,有音频,4.897
Vega Teve (720p) [Not 24/7],https://cloud5.livescast.com:19360/canalvegateve/canalvegateve.m3u8,,,,VegaTeve.do@SD,,,,https://i.imgur.com/jiyMOZx.png,General,1280x720,iptv-org-all.txt,43,200,成功,h264,1280x720,29.97002997002997,有音频,0.642
Vanitha TV (576p),https://mumt01.tangotv.in/O5aw8Zn3VANITHA/index.m3u8,,,,VanithaTV.in@SD,,,,https://jiotvimages.cdn.jio.com/dare_images/images/Vanitha.png,Entertainment,448x360,iptv-org-all.txt,1580,200,成功,h264,448x360,25.0,有音频,4.808
Vijay Super (576p),http://51.75.127.199:3141/vijaysuper/index.m3u8,,,,VijaySuper.in@SD,,,,https://i.imgur.com/3MWm9nD.png,Movies,1024x576,iptv-org-all.txt,87,200,成功,h264,1024x576,25.0,有音频,0.936
TVRI South Kalimantan (720p),https://ott-balancer.tvri.go.id/live/eds/Kalsel/hls/Kalsel.m3u8,,,,TVRI.id@SouthKalimantan,,,,https://upload.wikimedia.org/wikipedia/commons/thumb/e/eb/TVRILogo2019.svg/960px-TVRILogo2019.svg.png,General,1920x1080,iptv-org-all.txt,247,200,成功,h264,1920x1080,25.0,有音频,7.572
TV+Pet,https://stmv5.samcast.com.br/tvmaispet6354/tvmaispet6354/playlist.m3u8,,,,TVPlusPet.br@SD,,,,https://www.tvmaispet.com.br/images/tvpet-logo.png,Entertainment,1280x720,iptv-org-all.txt,581,200,成功,h264,1280x720,29.97002997002997,有音频,2.700
TyC Sports USA,http://45.170.130.224:8000/play/a020/index.m3u8,,,,TyCSportsUSA.ar@SD,,,,https://upload.wikimedia.org/wikipedia/commons/thumb/5/54/TyC_Sports_logo.svg/960px-TyC_Sports_logo.svg.png,Sports,720x480,iptv-org-all.txt,275,200,成功,mpeg2video,720x480,29.97002997002997,有音频,1.435
TVSA Government Channel (720p),https://edge-f.swagit.com/live/sanantoniotx/live-1-a/playlist.m3u8,,,,TVSAGovernmentChannel.us@SD,,,,https://i.imgur.com/3Om5TUc.png,Legislative,1280x720,iptv-org-all.txt,142,200,成功,h264,1280x720,30.0,有音频,0.367
TV Padre Cicero (720p),https://video01.logicahost.com.br/tvpadrecicero/tvpadrecicero/playlist.m3u8,,,,TVPadreCicero.br@SD,,,,https://i.imgur.com/Y7b29VG.png,Religious,1280x720,iptv-org-all.txt,123,200,成功,h264,1280x720,59.94005994005994,有音频,4.583
Viasat Kino Balkan (1080p),http://176.61.157.250/TV1000/index.m3u8,,,,ViasatKino.ua@Balkan,,,,https://i.imgur.com/io0WAkA.png,Movies,1920x1080,iptv-org-all.txt,255,200,成功,h264,1920x1080,25.0,有音频,2.797
TV 9 Nusantara (720p),https://5bf7b725107e5.streamlock.net/tv9/tv9/playlist.m3u8,,,,TV9Nusantara.id@SD,,,,https://upload.wikimedia.org/wikipedia/id/e/ed/TV9_Nusantara.png,Undefined,1280x720,iptv-org-all.txt,238,200,成功,h264,1280x720,25.0,有音频,5.643
TV5Monde Europe (1080p),http://5.180.164.197:8080/TV5MONDE/index.m3u8,,,,TV5MondeEurope.fr@SD,,,,https://i.imgur.com/rPAbMSu.png,General,1920x1080,iptv-org-all.txt,191,200,成功,h264,1920x1080,25.0,有音频,1.072
TV Legislativa (1080p) [Not 24/7],https://streamingav.asambleanacional.gob.ec/hls/stream.m3u8,,,,TVLegislativa.ec@SD,,,,https://i.imgur.com/3Y6Lp5l.png,Legislative,960x540,iptv-org-all.txt,1836,200,成功,h264,960x540,30.0,有音频,4.615
UCTV (720p) [Not 24/7],https://59e8e1c60a2b2.streamlock.net/509/509.stream/playlist.m3u8,,,,UCTV.us@SD,,,,https://i.imgur.com/ehMz9T5.png,Education,1280x720,iptv-org-all.txt,1218,200,成功,h264,1280x720,29.97002997002997,有音频,1.688
TV Gazeta (720p),http://45.162.64.114/GAZETA/index.m3u8,,,,TVGazeta.br@SD,,,,https://i.imgur.com/0sksWse.png,Undefined,1920x1080,iptv-org-all.txt,290,200,成功,h264,1920x1080,30.0,无音频,1.761
TV-3 Belarus (576p),http://178.124.179.122:8080/TB-3/index.m3u8,,,,TV3.ru@Belarus,,,,https://i.imgur.com/JLAvq8O.png,Entertainment,640x360,iptv-org-all.txt,121,200,成功,h264,640x360,25.0,有音频,2.917
TVP Polonia,https://dash2.antik.sk/live/test_tvp_polonia/playlist.m3u8,,,,TVPPolonia.pl@SD,,,,https://upload.wikimedia.org/wikipedia/commons/thumb/1/1a/TVP_Polonia_Logo_2020.svg/960px-TVP_Polonia_Logo_2020.svg.png,Undefined,1920x1080,iptv-org-all.txt,102,200,成功,h264,1920x1080,25.0,有音频,1.633
TV Jadran (720p) [Not 24/7],https://tvjadran.stream.agatin.hr:3412/live/tvjadranlive.m3u8,,,,TVJadran.hr@SD,,,,https://i.imgur.com/UWMHnOG.png,News,1280x720,iptv-org-all.txt,1966,200,成功,h264,1280x720,25.0,有音频,3.242
TVRI World (1080p),https://ott-balancer.tvri.go.id/live/eds/TVRIWorld/hls/TVRIWorld.m3u8,,,,TVRIWorld.id@SD,,,,https://upload.wikimedia.org/wikipedia/commons/thumb/9/9e/TVRIWorld.png/960px-TVRIWorld.png,Undefined,1920x1080,iptv-org-all.txt,249,200,成功,h264,1920x1080,25.0,有音频,9.041
USMPTV (720p),http://187.102.210.46/USMP/index.m3u8,,,,USMPTV.pe@SD,,,,https://i.imgur.com/9cmIv3q.png,Culture,1920x1080,iptv-org-all.txt,320,200,成功,h264,1920x1080,29.97002997002997,有音频,1.663
TV Lobo (720p),https://5ca9af4645e15.streamlock.net/lobodurango/videolobodurango/playlist.m3u8,,,,TVLobo.mx@SD,,,,https://i.imgur.com/q9p1Spj.png,Undefined,1280x720,iptv-org-all.txt,999,200,成功,h264,1280x720,30.48780487804878,有音频,1.515
TVN (Chile) (1080p),http://15.204.246.24:8080/TVNHD/index.m3u8,,,,TVN.cl@SD,,,,https://i.imgur.com/3FKZHL4.png,General,1920x1080,iptv-org-all.txt,9,200,成功,h264,1920x1080,59.94005994005994,有音频,0.152
Ultra TV Puebla (720p) [Not 24/7],https://5e50264bd6766.streamlock.net/telemetrika2/smil:telemetrika2.smil/playlist.m3u8,,,,UltraTVPuebla.mx@SD,,,,https://www.ultralaradio.mx/sad/imagenes/sucursales/1.png,Undefined,1280x720,iptv-org-all.txt,1252,200,成功,h264,1280x720,25.0,有音频,4.295
TV Show Fortaleza (720p),https://stmv8.samcast.com.br/raimundoanselmolimamororo1908/raimundoanselmolimamororo1908/playlist.m3u8,,,,TVShowFortaleza.br@SD,,,,https://static.wixstatic.com/media/9af6b8_e963e864c8fb40d3954f5c1c8cab1b40~mv2.png,General,1920x1080,iptv-org-all.txt,1457,200,成功,h264,1920x1080,29.97002997002997,有音频,11.650
TV Brasil Oeste (720p),https://5ad482a77183d.streamlock.net/operacaotbomt.com/operacaotbomt.com/playlist.m3u8,,,,TVBrasilOeste.br@SD,,,,https://i.imgur.com/noqGfuy.png,General,1920x1080,iptv-org-all.txt,1734,403,成功,h264,1920x1080,29.97002997002997,有音频,3.059
UNE TV (720p),https://amixtv.com:8081/unetvhn/tracks-v1a1/mono.m3u8,,,,UNETV.hn@SD,,,,https://i.imgur.com/V9Fpd3Y.png,News,1280x720,iptv-org-all.txt,922,200,成功,h264,1280x720,30.0,有音频,0.499
TV Ostfold (1080p),https://streamnorge.com:8088/hls/tvo.m3u8,,,,TVOstfold.no@SD,,,,https://i.ibb.co/HHxGQGD/TVO-kanalbanner-page-0002-1-removebg-preview-300x94.png,General,1920x1080,iptv-org-all.txt,496,200,成功,h264,1920x1080,50.0,有音频,2.054
TV Justica (720p),http://45.162.64.114/TV_JUSTICA/index.m3u8,,,,TVJustica.br@SD,,,,https://i.imgur.com/rOQKiMO.png,Undefined,1280x720,iptv-org-all.txt,131,200,成功,h264,1280x720,29.97002997002997,有音频,1.397
Vera 24,https://5f05e059699ae.streamlock.net/WEB_Vera24/ngrp:Vera24.stream-adaptive/playlist.m3u8,,,,Vera24.ru@SD,,,,https://i.imgur.com/Qer5Lnh.png,Religious,1280x720,iptv-org-all.txt,704,200,成功,h264,1280x720,25.0,有音频,4.409
TV Futuro (1080p),https://tv02.zas.media:1936/tvfuturo/tvfuturo/playlist.m3u8,,,,TVFuturo.br@SD,,,,https://i.imgur.com/xonrNBf.png,General,1920x1080,iptv-org-all.txt,116,200,成功,h264,1920x1080,29.97002997002997,有音频,2.937
Waffi TV (240p),https://oqgdro3xd4rm-hls-live.5centscdn.com/waffiitvstreaminglivetfmediacast/e0885d428bea69e372309657f3bd895f.sdp/playlist.m3u8,,,,WaffiTV.ng@SD,,,,https://i.imgur.com/3uEuzVH.jpeg,General,1280x720,iptv-org-all.txt,272,200,成功,h264,1280x720,50.0,有音频,1.487
TVSA Public Channel (720p),https://edge-f.swagit.com/live/sanantoniotx/live-2-a/playlist.m3u8,,,,TVSAPublicChannel.us@SD,,,,https://i.imgur.com/3Om5TUc.png,General,1280x720,iptv-org-all.txt,13,200,成功,h264,1280x720,30.0,有音频,0.264
TVS Select Network (720p),https://rpn.bozztv.com/gusa/gusa-tvsselect/index.m3u8,,,,TVSSelectNetwork.us@SD,,,,,General,1280x720,iptv-org-all.txt,19,200,成功,h264,1280x720,29.97002997002997,有音频,0.592
USA TODAY (1080p),https://cdn-ue1-prod.tsv2.amagi.tv/linear/amg00731-gannettcoinc-usatodaynews-plex/playlist.m3u8,,,,USATODAY.us@SD,,,,https://i.imgur.com/37K0AZX.png,News,1920x1080,iptv-org-all.txt,347,200,成功,h264,1920x1080,29.97002997002997,有音频,1.514
TVK (Cambodia) (720p),https://live.kh.malimarcdn.com/live/tvk.stream/playlist.m3u8,,,,TVK.kh@SD,,,,https://i.imgur.com/5hPxjcl.png,General,1280x720,iptv-org-all.txt,862,200,成功,h264,1280x720,25.0,有音频,0.725
True Crime Network WCVB-TV (720p),https://aegis-cloudfront-1.tubi.video/c2e3094d-ad56-4c5f-9655-cd80df71fbab/playlist.m3u8,,,,TrueCrimeNetwork.us@WCVBTV,,,,https://www.truecrimenetworktv.com/sites/all/themes/jntheme/images/tcnetwork-logo-main.png,Series,384x216,iptv-org-all.txt,439,200,成功,h264,384x216,29.97002997002997,有音频,1.543
TVC (Ecuador) (1080p),http://45.224.97.181:9999/TVC/index.m3u8,,,,TVC.ec@SD,,,,https://i.imgur.com/zhdIwlm.png,General,1920x1080,iptv-org-all.txt,189,200,成功,h264,1920x1080,30.0,有音频,0.871
True Crime Now (1080p),https://amg00376-magellan-amg00376c12-samsung-au-1725.playouts.now.amagi.tv/playlist/amg00376-magellantv-truecrimenowaunzin-samsungau/playlist.m3u8,,,,TrueCrimeNow.us@SD,,,,https://i.imgur.com/Y6Hix17.png,Undefined,1280x720,iptv-org-all.txt,366,200,成功,h264,1280x720,29.97002997002997,有音频,2.977
TV Universidad,https://stratus.stream.cespi.unlp.edu.ar/hls/tvunlp.m3u8,,,,TVUniversidad.ar@SD,,,,https://i.imgur.com/0MXsQ25.png,Education,1280x720,iptv-org-all.txt,1254,200,成功,h264,1280x720,30.0,有音频,3.811
TV Plata (720p) [Geo-blocked],https://ss2.tvrdomi.com:1936/tvplata/tvplata/playlist.m3u8,,,,TVPlata.do@SD,,,,https://i.imgur.com/r3urUnn.png,General,1920x1080,iptv-org-all.txt,421,200,成功,h264,1920x1080,29.97002997002997,有音频,1.038
TV Arta (720p),https://gjirafa-video-live.gjirafa.net/gjvideo-live/mps-vgx-u9p-qv1/index.m3u8,,,,TVArta.xk@SD,,,,https://i.imgur.com/MAhJkK9.png,News,1280x720,iptv-org-all.txt,1239,200,成功,h264,1280x720,25.0,有音频,1.897
TV 1 Oberosterreich (1080p),https://streaming10.huberwebmedia.at/LiveApp/streams/238985177034727564068269_adaptive.m3u8,,,,TV1Oberosterreich.at@SD,,,,https://i.imgur.com/KbMkEIn.png,Undefined,1920x1080,iptv-org-all.txt,1725,200,成功,h264,1920x1080,25.0,有音频,11.143
TV Rain (1080p) [Geo-blocked],https://wl.tvrain.tv/transcode/ngrp:ses_all/playlist.m3u8,,,,TVRain.nl@SD,,,,https://upload.wikimedia.org/wikipedia/commons/thumb/a/ad/Tvrain.svg/960px-Tvrain.svg.png,Undefined,640x360,iptv-org-all.txt,1292,200,成功,h264,640x360,25.0,有音频,2.340
Vergina TV (1080p),https://verginanews.gr:8443/hls_live/stream1.m3u8,,,,VerginaTV.gr@SD,,,,https://i.imgur.com/abQmFoH.png,Entertainment;News,1920x1080,iptv-org-all.txt,174,200,成功,h264,1920x1080,25.0,有音频,0.886
TV30 India (1080p),https://stream.tv30bharat.com/hls/shree/bhattji.m3u8,,,,TV30India.in@SD,,,,https://jiotvimages.cdn.jio.com/dare_images/images/TV30India.png,News,1920x1080,iptv-org-all.txt,703,200,成功,h264,1920x1080,30.0,有音频,4.237
Vijay Takkar APAC (1080p),https://tglmp01.akamaized.net/out/v1/c1071012b73f4f189b202e1529e8f802/manifest.mpd,,,,VijayTakkar.in@APAC,,,,https://dtil.tmsimg.com/assets/s144078_ld_h15_aa.png?lock=720x540,Music,1920x1080,iptv-org-all.txt,1578,200,成功,h264,1920x1080,25.0,有音频,4.770
Van 65 TV,https://live.artidijitalmedya.com/artidijital_van65/van65/playlist.m3u8,,,,Van65TV.tr@SD,,,,https://van65tv.com/assets/images/logo/logo.png,General,1280x720,iptv-org-all.txt,1929,200,成功,h264,1280x720,25.0,有音频,7.215
TV Mana 2 (1080p),https://w1.manasat.com/tvmana-2/smil:tvmana-2.smil/playlist.m3u8,,,,TVMana2.pt@SD,,,,https://i.imgur.com/VYNjVov.png,Religious,640x360,iptv-org-all.txt,1503,200,成功,h264,640x360,25.0,有音频,6.197
Ultimate TV (1080p),https://stream.ottlive.co.in/utvtamil/index.m3u8,,,,UltimateTV.in@SD,,,,https://jiotvimages.cdn.jio.com/dare_images/images/utvtamil.png,Music,1920x1080,iptv-org-all.txt,14,200,成功,h264,1920x1080,25.0,有音频,7.870
Unique TV (576p),https://mumt05.tangotv.in/87NeALx2UNIQUETV/index.m3u8,,,,UniqueTV.in@SD,,,,https://jiotvimages.cdn.jio.com/dare_images/images/Unique_Tv.png,Entertainment;Kids,720x720,iptv-org-all.txt,800,200,成功,h264,720x720,25.0,有音频,5.095
TVK 2 (720p),https://live.kh.malimarcdn.com/live/tvk2.stream/playlist.m3u8,,,,TVK2.kh@SD,,,,https://i.imgur.com/L36ptO2.png,Education,1280x720,iptv-org-all.txt,990,200,成功,h264,1280x720,25.0,有音频,0.740
TV Mistral,https://dash3.antik.sk/live/test_mistral_atktv/playlist.m3u8,,,,TVMistral.sk@SD,,,,https://i.imgur.com/IOJ6rcb.jpeg,General,1280x720,iptv-org-all.txt,101,200,成功,h264,1280x720,25.0,有音频,1.632
TVI Reality (720p) [Not 24/7],https://raw.githubusercontent.com/thomraider12/canaistvpt/main/m3u8s/tvireality.m3u8,,,,TVIReality.pt@SD,,,,https://i.imgur.com/C9rxqA5.png,Entertainment,1280x720,iptv-org-all.txt,4,200,成功,h264,1280x720,25.0,有音频,1.911
Twoja.TV (1080p),https://stream.twoja.tv/ttv_hls/live.m3u8,,,,TwojaTV.pl@SD,,,,https://i.ibb.co/vxntQD60/twojatv-hd-online.png,Undefined,480x270,iptv-org-all.txt,625,200,成功,h264,480x270,50.0,有音频,10.536
TV Syri (720p),https://gjirafa-video-live.gjirafa.net/gjvideo-live/xej-xnb-ba0-kup/index.m3u8,,,,TVSyri.xk@SD,,,,https://i.imgur.com/ZQuFosn.png,Undefined,1280x720,iptv-org-all.txt,219,200,成功,h264,1280x720,25.0,有音频,1.356
viju+ Planet HD (1080p),http://stream.mcquack.net/240/index.m3u8,,,,vijuPlusPlanet.ru@HD,,,,https://i.imgur.com/9Weqdsk.png,Documentary,1920x1080,iptv-org-all.txt,128,200,成功,h264,1920x1080,25.0,有音频,1.591
Usadba (576p),http://stream.mcquack.net/211/index.m3u8,,,,Usadba.ru@SD,,,,https://i.imgur.com/mf13haG.png,Undefined,720x576,iptv-org-all.txt,125,200,成功,h264,720x576,25.0,有音频,1.382
TV Mana Brasil (1080p),https://w1.manasat.com/tvmana-brasil/smil:tvmana-brasil.smil/playlist.m3u8,,,,TVManaBrasil.pt@SD,,,,https://i.imgur.com/AFb712e.png,Religious,640x360,iptv-org-all.txt,1021,200,成功,h264,640x360,25.0,有音频,6.271
TVRI South Sulawesi (480p),https://ott-balancer.tvri.go.id/live/eds/Sulsel/hls/Sulsel.m3u8,,,,TVRI.id@SouthSulawesi,,,,https://upload.wikimedia.org/wikipedia/commons/thumb/e/eb/TVRILogo2019.svg/960px-TVRILogo2019.svg.png,General,1920x1080,iptv-org-all.txt,254,200,成功,h264,1920x1080,25.0,有音频,7.762
Unsolved Mysteries UK,https://jmp2.uk/plu-5bd05b4694d45d266bc951f2.m3u8,,,,UnsolvedMysteries.us@UK,,,,https://i.imgur.com/De3khrX.png,Series,1216x684,iptv-org-all.txt,665,200,成功,h264,1216x684,30.0,有音频,1.696
Volga,http://tele2dvrnat01-02.cdnvideo.ru/stream/NAT_Volga/hls/1920x1080@4504/playlist.m3u8,,,,Volga.ru@SD,,,,https://i.imgur.com/xHs1pr1.png,Undefined,1280x720,iptv-org-all.txt,396,200,成功,h264,1280x720,25.0,有音频,2.559
Valle Nuevo TV,https://stmv6.voxtvhd.com.br/vallenuevotv/vallenuevotv/playlist.m3u8,,,,ValleNuevoTV.do@SD,,,,https://i.imgur.com/RvIkFxp.png,General,1920x1080,iptv-org-all.txt,1210,200,成功,h264,1920x1080,24.0,有音频,0.643
TVN24 (720p) [Not 24/7],https://edge.essastream.com/vozzmedia/index.m3u8,,,,TVN24.do@SD,,,,https://i.imgur.com/bu6bQMa.png,News,1280x720,iptv-org-all.txt,214,200,成功,h264,1280x720,30.0,有音频,1.633
TV Pai Eterno (720p),http://45.162.64.114/TV_PAI_ETERNO/index.m3u8,,,,TVPaiEterno.br@SD,,,,https://i.imgur.com/iuoXchN.png,Religious,1280x720,iptv-org-all.txt,132,200,成功,h264,1280x720,30.0,有音频,1.390
Tvoe TV (1080p),http://tvoetv.space:8080/tvoetv/index.m3u8,,,,TvoeTV.ru@SD,,,,https://i.imgur.com/kKAM7dP.png,Entertainment,1920x1080,iptv-org-all.txt,232,200,成功,h264,1920x1080,25.0,有音频,1.497
TVO Jesus (720p),https://cloud.tvomix.com/TVOJESUS/index.m3u8,,,,TVOJesus.es@SD,,,,https://tvomix.com/Logos/Tvojesus.png,Undefined,1280x720,iptv-org-all.txt,385,200,成功,h264,1280x720,25.0,有音频,0.990
TV 45 (720p) [Not 24/7],https://hdbox.chunklistv.com/live?stream=3abn-nicaragua,,,,TV45.ni@SD,,,,https://i.imgur.com/sI0msrn.png,Religious,1920x1080,iptv-org-all.txt,521,403,成功,h264,1920x1080,62.5,有音频,1.597
TV Mana English (1080p),https://w1.manasat.com/tvmana-english/smil:tvmana-english.smil/playlist.m3u8,,,,TVManaEnglish.pt@SD,,,,https://i.imgur.com/I66IkCw.png,Religious,640x360,iptv-org-all.txt,774,200,成功,h264,640x360,25.0,有音频,6.230
Universal Cinema (1080p),http://45.167.1.138:8000/play/a06m,,,,UniversalCinema.us@SD,,,,https://i.imgur.com/XxfET68.png,Movies,1920x1080,iptv-org-all.txt,730,200,成功,h264,1920x1080,29.97002997002997,有音频,6.061
Viasat Nature (Sweden) [Not 24/7],http://315e5a5d.ottrast.com/iptv/8XFKA8883W9M5K/12084/index.m3u8,,,,ViasatNature.se@SD,,,,https://i.imgur.com/ousRqqD.png,Documentary,1920x1080,iptv-org-all.txt,527,200,成功,h264,1920x1080,25.0,无音频,0.904
TV-3 HD (1080p),http://stream.mcquack.net/136/index.m3u8,,,,TV3.ru@HD,,,,https://i.imgur.com/JLAvq8O.png,Entertainment,1920x1080,iptv-org-all.txt,129,200,成功,h264,1920x1080,25.0,有音频,1.608
TV Fronteira (480i),https://tvfronteira.brasilstream.com.br/hls/tvfronteira/index.m3u8,,,,TVFronteira.br@SD,,,,https://i.imgur.com/NtcoW6G.png,Undefined,1280x720,iptv-org-all.txt,522,200,成功,h264,1280x720,30.0,有音频,2.370
TV Mana Espanhol (1080p),https://w1.manasat.com/tvmana-espanol/smil:tvmana-espanol.smil/playlist.m3u8,,,,TVManaEspanhol.pt@SD,,,,https://i.imgur.com/sUlrSwP.png,Religious,640x360,iptv-org-all.txt,564,200,成功,h264,640x360,25.0,有音频,5.966
TVR Folclor,https://tvr-folclor.lg.mncdn.com/tvrfolclor/smil:tvrfolclor.smil/playlist.m3u8,,,,TVRFolclor.ro@SD,,,,https://upload.wikimedia.org/wikipedia/commons/thumb/c/ce/TVR_Folclor_Logo_2023.svg/960px-TVR_Folclor_Logo_2023.svg.png,General;Music,2560x1440,iptv-org-all.txt,445,200,成功,h264,2560x1440,25.0,有音频,4.242
TV Pirveli,http://nue01-edge01.itdc.ge/pirvelitv/mpegts,,,,TVPirveli.ge@SD,,,,https://i.imgur.com/cGHsM1x.png,General,1280x720,iptv-org-all.txt,435,200,成功,h264,1280x720,25.0,有音频,4.274
TV Comunitaria (360p),https://5b7f3c45ab7c2.streamlock.net/8008/smil:8008.smil/playlist.m3u8?DVR=,,,,TVComunitaria.br@SD,,,,https://i.imgur.com/uxefHY3.png,General,640x360,iptv-org-all.txt,39,200,成功,h264,640x360,29.97002997002997,有音频,1.506
TV Today Janakpur,https://tvtoday.rpmc.com.np/hls/bipashatech/1_2/index.m3u8,,,,TVTodayJanakpur.np@SD,,,,https://i.imgur.com/5fZF69m.png,Entertainment;General,1280x720,iptv-org-all.txt,961,200,成功,h264,1280x720,25.0,有音频,2.940
Viasat Epic Drama Ukraine (576p),http://195.189.60.253/118/index.m3u8,,,,ViasatEpicDrama.uk@Ukraine,,,,https://upload.wikimedia.org/wikipedia/commons/e/e1/Viasat_Epic_Drama_2026.svg,Series,720x576,iptv-org-all.txt,256,200,成功,h264,720x576,25.0,有音频,1.358
Vissa TV (576p),https://mumt07.tangotv.in/zHjX9OFlVISSATV/index.m3u8,,,,VissaTV.in@SD,,,,https://xstreamcp-assets-msp.streamready.in/assets/LIVETV/LIVECHANNEL/LIVETV_LIVETVCHANNEL_VISSA_TV/images/LOGO_HD/image.png,Entertainment,448x360,iptv-org-all.txt,771,200,成功,h264,448x360,25.0,有音频,4.684
Viasat Explore (Sweden) [Not 24/7],http://315e5a5d.ottrast.com/iptv/8XFKA8883W9M5K/12085/index.m3u8,,,,ViasatExplore.se@SD,,,,https://i.imgur.com/DyT5pKB.png,Documentary,1920x1080,iptv-org-all.txt,536,200,成功,h264,1920x1080,25.0,无音频,1.136
Vychodoceska TV (1080p),https://stream.polar.cz/vctv/vctvlive-1/playlist.m3u8,,,,VychodoceskaTV.cz@SD,,,,https://i.imgur.com/4Wwptd3.png,Undefined,1920x1080,iptv-org-all.txt,1753,200,成功,h264,1920x1080,25.0,有音频,3.404
TV Mana 1 (1080p),https://w1.manasat.com/tvmana-1/smil:tvmana-1.smil/playlist.m3u8,,,,TVMana1.pt@SD,,,,https://i.imgur.com/6jNqpTP.png,Religious,640x360,iptv-org-all.txt,1741,200,成功,h264,640x360,25.0,有音频,5.911
TV 1 (720p),https://edge1.socialsmart.tv/tv1/bant1/playlist.m3u8,,,,TV1.tr@SD,,,,https://i.imgur.com/8CtrYVb.png,Undefined,1280x720,iptv-org-all.txt,176,200,成功,h264,1280x720,25.0,有音频,3.144
UTV Palakkad (1080p),https://em4qj6nedyvg-hls-live.wmncdn.net/liveunit/89b1e919eed04e59383cf820d644c20e.sdp/playlist.m3u8,,,,UTVPalakkad.in@SD,,,,https://utvpkd.in/assets/img/logo.png,General,720x576,iptv-org-all.txt,2152,200,成功,h264,720x576,25.0,有音频,7.138
TVOKids (720p),https://fastly.live.brightcove.com/6369851620112/us-east-1/15364602001/eyJhbGciOiJIUzI1NiIsInR5cCI6IkpXVCJ9.eyJob3N0IjoicGZncmlmLmVncmVzcy50N2M3emwiLCJhY2NvdW50X2lkIjoiMTUzNjQ2MDIwMDEiLCJlaG4iOiJmYXN0bHkubGl2ZS5icmlnaHRjb3ZlLmNvbSIsImlzcyI6ImJsaXZlLXBsYXliYWNrLXNvdXJjZS1hcGkiLCJzdWIiOiJwYXRobWFwdG9rZW4iLCJhdWQiOlsiMTUzNjQ2MDIwMDEiXSwianRpIjoiNjM2OTg1MTYyMDExMiJ9.zRE6fD9JwdbNLUIK5zgvlTAvXCQ3HeeE5p0yH0Pd3-Q/playlist-hls.m3u8,,,,TVOKids.ca@SD,,,,https://upload.wikimedia.org/wikipedia/commons/thumb/d/d5/Tvokids-logo.svg/960px-Tvokids-logo.svg.png,Kids,480x270,iptv-org-all.txt,17,200,成功,h264,480x270,30.0,有音频,1.360
TV Migrante (720p),https://s5.mexside.net:1936/tvmigrante/tvmigrante/playlist.m3u8,,,,TVMigrante.mx@SD,,,,https://i.imgur.com/tVgkiJF.png,General,1920x1080,iptv-org-all.txt,350,200,成功,h264,1920x1080,30.0,有音频,1.737
Viasat History (Sweden) [Not 24/7],http://315e5a5d.ottrast.com/iptv/8XFKA8883W9M5K/12101/index.m3u8,,,,ViasatHistory.se@SD,,,,https://i.imgur.com/wRP9XA7.png,Documentary,1920x1080,iptv-org-all.txt,539,200,成功,h264,1920x1080,25.0,无音频,1.227
Vipa TV (1080p),https://fastly.live.brightcove.com/1846248737588002042/ap-southeast-1/6075037809001/eyJhbGciOiJIUzI1NiIsInR5cCI6IkpXVCJ9.eyJob3N0IjoibzRoaGc2LmVncmVzcy5zYjBmOGsiLCJhY2NvdW50X2lkIjoiNjA3NTAzNzgwOTAwMSIsImVobiI6ImZhc3RseS5saXZlLmJyaWdodGNvdmUuY29tIiwiaXNzIjoiYmxpdmUtcGxheWJhY2stc291cmNlLWFwaSIsInN1YiI6InBhdGhtYXB0b2tlbiIsImF1ZCI6WyI2MDc1MDM3ODA5MDAxIl0sImp0aSI6IjE4NDYyNDg3Mzc1ODgwMDIwNDIifQ.HbjGHxGv87ivAdsCtAdEDjj2SVCfRnCUMYWn2fCkVPY/playlist-hls.m3u8,,,,VipaTV.th@SD,,,,https://raw.githubusercontent.com/songwenhui239/Songwenhui239/refs/heads/main/Vipa%20TV.jpg,General,1920x1080,iptv-org-all.txt,957,200,成功,h264,1920x1080,30.0,有音频,5.413
VTV Valle de Aconcagua (720p) [Not 24/7],https://unlimited1-us.dps.live/vtv/vtv.smil/playlist.m3u8,,,,VTVValledeAconcagua.cl@SD,,,,https://i.imgur.com/0bFVvKj.png,Undefined,1280x720,iptv-org-all.txt,423,200,成功,h264,1280x720,30.0,有音频,2.315
TV-3 (576p),http://flussonic.linkintel.ru/tv-3/index.m3u8,,,,TV3.ru@SD,,,,https://i.imgur.com/JLAvq8O.png,Entertainment,720x576,iptv-org-all.txt,784,200,成功,mpeg2video,720x576,25.0,有音频,3.263
TV SLO 2 HD,https://dash2.antik.sk/live/test_slo2_tizen/playlist.m3u8,,,,TVSLO2.si@HD,,,,https://i.imgur.com/OPlzjjv.png,Undefined,1920x1080,iptv-org-all.txt,990,200,成功,h264,1920x1080,25.0,有音频,1.648
VTV (Maldives),https://sunplay-cdn.bitratelabs.com/live/local-channel/vtv-7a0f24809c234ea78d972b1f336ac1b9/index.m3u8,,,,VTV.mv@SD,,,,https://i.imgur.com/6bY9Umo.png,News,1280x720,iptv-org-all.txt,1376,200,成功,h264,1280x720,25.0,有音频,1.330
TV Color Canal 36 (720p),https://video.compuwebecuador.com:3067/live/tvcolorlive.m3u8,,,,TVColorCanal36.ec@SD,,,,https://i.imgur.com/QJW6khK.jpg,General,1280x720,iptv-org-all.txt,200,200,成功,h264,1280x720,30.0,有音频,0.653
Vantage Music UK (1080p) [Geo-blocked],https://hls.vantagetv.co.uk/vmusicuk_stream/index.m3u8,,,,VantageMusic.ee@UK,,,,https://vantagetv.ee/vantage_music.png,Music,1280x720,iptv-org-all.txt,3766,200,成功,h264,1280x720,50.0,有音频,3.834
Univision KMEX-DT [Geo-blocked],https://streaming-live-fcdn.api.prd.univisionnow.com/kmex/kmex.isml/hls/kmex.m3u8,,,,Univision.us@KMEXDT,,,,https://upload.wikimedia.org/wikipedia/commons/thumb/a/af/Logo_Univision_2019.svg/960px-Logo_Univision_2019.svg.png,Undefined,1920x1080,iptv-org-all.txt,4,200,成功,h264,1920x1080,30.0,有音频,0.882
Vevo True School Hip-Hop,https://jmp2.uk/plu-61d4c2817a823d00070ba53e.m3u8,,,,VevoTrueSchoolHipHop.us@SD,,,,https://i.imgur.com/owUXUih.png,Music,1216x684,iptv-org-all.txt,60,200,成功,h264,1216x684,30.0,有音频,1.098
TV Getsemani (720p),https://serversv.com:8080/hls/tvgetsemani.m3u8,,,,TVGetsemani.sv@SD,,,,https://i.imgur.com/C9SJCcE.jpg,Religious,1280x720,iptv-org-all.txt,662,200,成功,h264,1280x720,29.97002997002997,有音频,0.954
True Crime Network (1080p) [Geo-blocked],https://amg00979-amg00979c1-firetv-us-3622.playouts.now.amagi.tv/playlist.m3u8,,,,TrueCrimeNetwork.us@SD,,,,https://www.truecrimenetworktv.com/sites/all/themes/jntheme/images/tcnetwork-logo-main.png,Series,1920x1080,iptv-org-all.txt,597,200,成功,h264,1920x1080,29.97002997002997,有音频,0.841
TV Brno 1 (1080p),https://stream.polar.cz/tvbrno1/tvbrno1live-1/playlist.m3u8,,,,TVBrno1.cz@SD,,,,https://i.imgur.com/8Xm3WSn.png,General,1920x1080,iptv-org-all.txt,659,200,成功,h264,1920x1080,25.0,有音频,3.834
Vacation Channel,https://d1yd8hohnldm33.cloudfront.net/out/v1/19dee23c2cc24f689bd4e1288661ee0c/index_2.m3u8,,,,VacationChannel.il@SD,,,,https://static.g-cdn.app/streams/vacation-channel-il-hd.png,Entertainment,1280x720,iptv-org-all.txt,1645,200,成功,h264,1280x720,25.0,有音频,1.128
TV SLO 1 HD,https://dash2.antik.sk/live/test_slo1_tizen/playlist.m3u8,,,,TVSLO1.si@HD,,,,https://i.imgur.com/E3YmlxF.png,Undefined,1920x1080,iptv-org-all.txt,1188,200,成功,h264,1920x1080,25.0,有音频,1.556
Vantage Rock (720p) [Geo-blocked],https://hls.vantagetv.ee/vrock_stream/index.m3u8,,,,VantageRock.ee@HD,,,,https://vantagetv.ee/vantage_rock.png,Music,1280x720,iptv-org-all.txt,3622,200,成功,h264,1280x720,50.0,有音频,4.075
TV38 Sudost-Niedersachen (1080p),https://h057.video-stream-hosting.de/tv38-live/_definst_/smil:livestream.smil/playlist.m3u8?ref=,,,,TV38SudostNiedersachen.de@SD,,,,https://i.imgur.com/ob9JJPU.png,Undefined,1280x720,iptv-org-all.txt,623,200,成功,h264,1280x720,25.0,有音频,6.197
TV Canindeyu (1080p),https://video.hostingcaaguazu.com:19360/tvcanindeyu/tvcanindeyu.m3u8,,,,TVCanindeyu.py@SD,,,,https://i.imgur.com/cateqjx.jpeg,General,1280x720,iptv-org-all.txt,170,200,成功,h264,1280x720,30.0,有音频,2.939
TV Sur Canal 14 (1080p),https://k20.usastreams.com:8081/tvsur/index.m3u8,,,,TVSurCanal14.cr@SD,,,,https://i.imgur.com/OpHYYZA.png,Undefined,1920x1080,iptv-org-all.txt,559,200,成功,h264,1920x1080,29.97002997002997,有音频,0.686
VTV Canal 17 (720p) [Not 24/7],https://solo.disfrutaenlared.com:1936/vtvcanal/vtvcanal/playlist.m3u8,,,,VTVCanal17.bo@SD,,,,https://i.imgur.com/TUhFzql.png,Religious,1280x720,iptv-org-all.txt,1304,200,成功,h264,1280x720,29.97002997002997,有音频,0.852
TSN The Ocho (1080p),https://d3pnbvng3bx2nj.cloudfront.net/v1/master/3722c60a815c199d9c0ef36c5b73da68a62b09d1/cc-rds8g35qfqrnv/TSN_The_Ocho.m3u8,,,,TSNTheOcho.ca@SD,,,,https://tvpnlogopus.samsungcloud.tv/platform/image/sourcelogo/vc/00/02/34/CA1400003R3_20240709T002034SQUARE.png,Sports,1920x1080,iptv-org-all.txt,1232,200,成功,h264,1920x1080,29.97002997002997,有音频,1.145
Unison TV (1080p) [Not 24/7],https://stream.unison.mx/hls/unisontvatem.m3u8,,,,UnisonTV.mx@SD,,,,https://i.imgur.com/7ixWRId.png,Education,1280x720,iptv-org-all.txt,422,200,成功,h264,1280x720,50.0,有音频,2.047
Unga Mammor,https://jmp2.uk/plu-61c1900995f417000731a002.m3u8,,,,UngaMammor.se@SE,,,,https://images.pluto.tv/channels/61c1e1c445b45d0007aad03e/colorLogoPNG.png,Series,1280x720,iptv-org-all.txt,792,200,成功,h264,1280x720,30.0,有音频,1.489
TV9 Telugu (720p),https://dyjmyiv3bp2ez.cloudfront.net/pub-iotv9telcmjhcs/liveabr/playlist.m3u8,,,,TV9Telugu.in@SD,,,,https://xstreamcp-assets-msp.streamready.in/assets/LIVETV/LIVECHANNEL/LIVETV_LIVETVCHANNEL_TV9_TELUGU_NEWS/images/LOGO_HD/image.png,News,640x360,iptv-org-all.txt,474,200,成功,h264,640x360,25.0,有音频,4.022
TV7 Colmar (576p),https://tv7.live-kd.com/live/tv7/livestream/playlist.m3u8,,,,TV7Colmar.fr@SD,,,,https://i.imgur.com/kSdGi43.png,General,1024x576,iptv-org-all.txt,532,200,成功,h264,1024x576,25.0,有音频,2.205
Up Network,https://dash.antik.sk/live/test_upnetwork/playlist.m3u8,,,,UpNetwork.cz@SD,,,,https://i.imgur.com/cwlHDjh.png,Undefined,1920x1080,iptv-org-all.txt,555,200,成功,h264,1920x1080,50.0,有音频,2.042
TVS Sports (720p) [Not 24/7],https://rpn.bozztv.com/gusa/gusa-tvssports/index.m3u8,,,,TVSSports.us@SD,,,,https://i.imgur.com/Lwwq62E.png,Sports,1280x720,iptv-org-all.txt,22,200,成功,h264,1280x720,23.976023976023978,有音频,0.866
TVRI Bangka Belitung (480p),https://ott-balancer.tvri.go.id/live/eds/Babel/hls/Babel.m3u8,,,,TVRI.id@BangkaBelitung,,,,https://upload.wikimedia.org/wikipedia/commons/thumb/e/eb/TVRILogo2019.svg/960px-TVRILogo2019.svg.png,General,1920x1080,iptv-org-all.txt,1599,200,成功,h264,1920x1080,25.0,有音频,9.064
UStad (1080p),http://media.rtvutrecht.nl/live/rtvutrecht/ustad/index.m3u8,,,,UStad.nl@SD,,,,https://i.imgur.com/9F8ieEz.png,Undefined,360x202,iptv-org-all.txt,708,200,成功,h264,360x202,25.0,有音频,1.711
TV Assembleia Piaui,https://stmv1.srvstm.com/piaui8071/piaui8071/playlist.m3u8,,,,TVAssembleiaPiaui.br@SD,,,,https://i.imgur.com/eMguSjM.png,Legislative,960x540,iptv-org-all.txt,1283,200,成功,h264,960x540,30.0,有音频,0.562
Vyas Channel (576p),https://playhls.media.nic.in/hls/live/vyas/vyas.m3u8,,,,VyasChannel.in@SD,,,,https://www.yupptv.com/seo_img/UGC_GEC_big.jpg,Education,636x360,iptv-org-all.txt,1841,200,成功,h264,636x360,25.0,有音频,8.439
TVP Rozrywka (576p),http://185.227.34.179:8080/tvp-rozrywka/index.m3u8,,,,TVPRozrywka.pl@SD,,,,https://i.imgur.com/05Vx5px.png,Undefined,720x576,iptv-org-all.txt,191,200,成功,h264,720x576,25.0,有音频,0.954
Viasat Explore Classic (720p),https://da9c49fa.wurl.com/master/f36d25e7e52f1ba8d7e56eb859c636563214f541/UmFrdXRlblRWLXBsX1ZpYXNhdEV4cGxvcmVfSExT/playlist.m3u8,,,,ViasatExploreClassic.pl@SD,,,,https://images-0.rakuten.tv/storage/global-live-channel/translation/artwork/1f51bd5f-5c9a-486d-8720-800de7f73129-width200-quality90.jpeg,Undefined,1280x720,iptv-org-all.txt,710,200,成功,h264,1280x720,29.97002997002997,有音频,0.882
Vaya semanita,https://jmp2.uk/plu-5f28009b150b2500077766b8.m3u8,,,,Vayasemanita.us@Spain,,,,https://i.imgur.com/0bCLNUG.png,Comedy,1216x684,iptv-org-all.txt,281,200,成功,h264,1216x684,30.0,有音频,0.982
TVM para ti (1080p),https://streamtv.intervenhosting.net:3529/live/tvmparatilive.m3u8,,,,TVMparati.ve@SD,,,,https://intervenhosting.net/imagenes/tvmparati.jpg,General,1280x720,iptv-org-all.txt,744,200,成功,h264,1280x720,29.97002997002997,有音频,0.731
TV Pi Kanal (576p) [Not 24/7],https://stream.pikanal.rs/pikanal/pgm.m3u8,,,,TVPiKanal.rs@SD,,,,https://i.imgur.com/8ugnFa3.png,Undefined,720x576,iptv-org-all.txt,1071,200,成功,h264,720x576,25.0,有音频,2.235
VM Latino (720p) [Not 24/7],https://59ef525c24caa.streamlock.net/vmtv/vmlatino/playlist.m3u8,,,,VMLatino.cr@SD,,,,https://i.imgur.com/Dvo1b82.png,Music,1280x720,iptv-org-all.txt,43,200,成功,h264,1280x720,29.97002997002997,有音频,1.370
VICE TV (1080p),http://23.237.104.106:8080/USA_VICETV/index.m3u8,,,,VICETV.us@SD,,,,https://upload.wikimedia.org/wikipedia/commons/thumb/d/dc/Vice_TV_logo.svg/960px-Vice_TV_logo.svg.png,Undefined,1920x1080,iptv-org-all.txt,109,200,成功,h264,1920x1080,59.94005994005994,有音频,0.830
TVN (Dominican Republic) (1080p) [Not 24/7],https://5790d294af2dc.streamlock.net/tvn/tvn/playlist.m3u8,,,,TVN.do@HD,,,,https://www.vivalivetv.com/public/files/shows/0/1/4037-294x165-FFFFFF.jpg,General,1920x1080,iptv-org-all.txt,72,200,成功,h264,1920x1080,29.97002997002997,有音频,0.608
TVS Flashback Network (360p),https://rpn.bozztv.com/gusa/gusa-TVSFlashback/index.m3u8,,,,TVSFlashbackNetwork.us@SD,,,,https://www.watchyour.tv/channels/logo/tvs-flashback-network.jpg,Entertainment,500x360,iptv-org-all.txt,18,200,成功,h264,500x360,23.976023976023978,有音频,0.625
TV UG (1080p) [Not 24/7],https://5ca3e84a76d30.streamlock.net/universidadgto/videouniversidadgto/playlist.m3u8,,,,TVUG.mx@SD,,,,https://i.imgur.com/pxkDpTU.jpeg,Education,1920x1080,iptv-org-all.txt,54,200,成功,h264,1920x1080,59.94005994005994,有音频,1.408
TVRI Bengkulu (480p),https://ott-balancer.tvri.go.id/live/eds/Bengkulu/hls/Bengkulu.m3u8,,,,TVRI.id@Bengkulu,,,,https://upload.wikimedia.org/wikipedia/commons/thumb/e/eb/TVRILogo2019.svg/960px-TVRILogo2019.svg.png,General,1920x1080,iptv-org-all.txt,1383,200,成功,h264,1920x1080,25.0,有音频,9.560
Tulja Bhavani (576p),http://51.75.127.199:3141/tuljabhavani/index.m3u8,,,,TuljaBhavani.in@SD,,,,https://jiotvimages.cdn.jio.com/dare_images/images/Tulja_Bhavani.png,Religious,854x480,iptv-org-all.txt,87,200,成功,h264,854x480,25.0,有音频,0.844
TV Eger (1080p),http://stream.tveger.hu:8010/live.m3u8,,,,TVEger.hu@SD,,,,https://i.imgur.com/GUVW073.png,Undefined,1920x1080,iptv-org-all.txt,426,200,成功,h264,1920x1080,50.0,有音频,1.527
TVRI Central Java (720p),https://ott-balancer.tvri.go.id/live/eds/Jateng/hls/Jateng.m3u8,,,,TVRI.id@CentralJava,,,,https://upload.wikimedia.org/wikipedia/commons/thumb/e/eb/TVRILogo2019.svg/960px-TVRILogo2019.svg.png,General,1920x1080,iptv-org-all.txt,1319,200,成功,h264,1920x1080,25.0,有音频,8.736
viju+ Premiere HD (1080p),http://stream.mcquack.net/202/index.m3u8,,,,vijuPlusPremiere.ru@HD,,,,https://i.imgur.com/klRvhR5.png,Movies,1920x1080,iptv-org-all.txt,131,200,成功,h264,1920x1080,25.0,有音频,1.501
Unga Mammor NO,https://jmp2.uk/plu-61c1e1c445b45d0007aad03e.m3u8,,,,UngaMammor.se@NO,,,,https://images.pluto.tv/channels/61c1e1c445b45d0007aad03e/colorLogoPNG.png,Series,1280x720,iptv-org-all.txt,687,200,成功,h264,1280x720,30.0,有音频,1.648
TVRI South Sumatra (480p),https://ott-balancer.tvri.go.id/live/eds/Sumsel/hls/Sumsel.m3u8,,,,TVRI.id@SouthSumatra,,,,https://upload.wikimedia.org/wikipedia/commons/thumb/e/eb/TVRILogo2019.svg/960px-TVRILogo2019.svg.png,General,1920x1080,iptv-org-all.txt,247,200,成功,h264,1920x1080,25.0,有音频,8.260
Ugra-TV (1080p),https://live-ugratv.cdnvideo.ru/ugratv/ugratv/playlist.m3u8,,,,UgraTV.ru@SD,,,,https://i.imgur.com/561FRwI.png,Undefined,1920x1080,iptv-org-all.txt,2226,200,成功,h264,1920x1080,24.0,有音频,1.882
TVP World,https://dash2.antik.sk/live/test_tvp_world/playlist.m3u8,,,,TVPWorld.pl@SD,,,,https://i.imgur.com/lB4MgRI.png,News,1920x1080,iptv-org-all.txt,102,200,成功,h264,1920x1080,25.0,有音频,1.689
U Los Lagos TV (1080p) [Not 24/7],http://tv.ulagos.cl/web/live.m3u8,,,,ULosLagosTV.cl@SD,,,,https://i.imgur.com/HxUZseV.png,Undefined,1920x1080,iptv-org-all.txt,818,200,成功,h264,1920x1080,59.94005994005994,有音频,1.622
TV Petropolis (720p),https://video02.logicahost.com.br/tvpetropolis/tvpetropolis/playlist.m3u8,,,,TVPetropolis.br@SD,,,,https://web2.petropolis.rj.gov.br/imc/film-commission/uploads/profissional/perfil/785b645d9c574b4d88504a85dbd6ef37.png,General,1280x720,iptv-org-all.txt,1236,200,成功,h264,1280x720,29.97002997002997,有音频,4.740
TVRI East Java (720p),https://ott-balancer.tvri.go.id/live/eds/Jatim/hls/Jatim.m3u8,,,,TVRI.id@EastJava,,,,https://upload.wikimedia.org/wikipedia/commons/thumb/e/eb/TVRILogo2019.svg/960px-TVRILogo2019.svg.png,General,1920x1080,iptv-org-all.txt,775,200,成功,h264,1920x1080,25.0,有音频,8.534
TVR Iasi,https://tvr-iasi.lg.mncdn.com/tvriasi/smil:tvriasi.smil/playlist.m3u8,,,,TVRIasi.ro@SD,,,,https://i.imgur.com/Kxkihds.png,General,2560x1440,iptv-org-all.txt,414,200,成功,h264,2560x1440,25.0,有音频,6.438
Ultra Casanare TV (1080p) [Not 24/7],https://eu1.servers10.com:8081/8072/index.m3u8,,,,UltraCasanareTV.co@SD,,,,https://i.imgur.com/1voWgLI.png,Entertainment,1920x1080,iptv-org-all.txt,85,200,成功,h264,1920x1080,25.0,有音频,3.109
Vkus (576p),http://178.134.1.158:8081/vkus/index.m3u8,,,,Vkus.ru@SD,,,,https://www.cableman.ru/sites/default/files/logo%20%287%29%20%281%29.png,Travel,720x576,iptv-org-all.txt,321,200,成功,h264,720x576,25.0,有音频,2.668
TV Noe+ (720p) [Geo-blocked],https://n105.quickmedia.tv/noetvplus/live/noetvplus/Shz3_1_1/chunks_dvr_timeshift-0-7200.m3u8,,,,TVNoePlus.cz@SD,,,,https://i.imgur.com/p4FtFUl.png,General,1280x720,iptv-org-all.txt,622,200,成功,h264,1280x720,25.0,有音频,3.324
TV Metropole (720p) [Not 24/7],https://cdn-fundacao-2110.ciclano.io:1443/fundacao-2110/fundacao-2110/playlist.m3u8,,,,TVMetropole.br@SD,,,,https://i.imgur.com/bJyjLpg.png,General,1280x720,iptv-org-all.txt,641,200,成功,h264,1280x720,29.97002997002997,有音频,3.513
Vinh Long TV 4 (720p),https://dethich.pw/thvl4/index.m3u8,,,,VinhLongTV4.vn@SD,,,,https://i.imgur.com/ARhIkvR.png,Culture;Entertainment;Sports;Travel,1920x1080,iptv-org-all.txt,3574,200,成功,h264,1920x1080,25.0,有音频,19.552
TV Noe (720p) [Geo-blocked],https://n105.quickmedia.tv/noetv/live/noetv/Ifd4_1_4/chunks_dvr_timeshift-0-7200.m3u8,,,,TVNoe.cz@SD,,,,https://upload.wikimedia.org/wikipedia/commons/thumb/5/51/Noe-logo-2016.png/500px-Noe-logo-2016.png,Undefined,1280x720,iptv-org-all.txt,842,200,成功,h264,1280x720,25.0,有音频,4.697
TVRI Central Sulawesi (720p),https://ott-balancer.tvri.go.id/live/eds/Sulteng/hls/Sulteng.m3u8,,,,TVRI.id@CentralSulawesi,,,,https://upload.wikimedia.org/wikipedia/commons/thumb/e/eb/TVRILogo2019.svg/960px-TVRILogo2019.svg.png,General,1920x1080,iptv-org-all.txt,935,200,成功,h264,1920x1080,25.0,有音频,9.744
TVRI Bali (480p),https://ott-balancer.tvri.go.id/live/eds/Bali/hls/Bali.m3u8,,,,TVRI.id@Bali,,,,https://upload.wikimedia.org/wikipedia/commons/thumb/e/eb/TVRILogo2019.svg/960px-TVRILogo2019.svg.png,General,1920x1080,iptv-org-all.txt,1983,200,成功,h264,1920x1080,25.0,有音频,10.496
Univer TV (1080p),https://cdn.universmotri.ru/live/smil:univer.smil/playlist.m3u8,,,,UniverTV.ru@SD,,,,https://i.imgur.com/r3u0mxr.png,Undefined,,iptv-org-all.txt,1212,200,成功,h264,,,有音频,18.557
TV Jurmala (1080p),https://air.star.lv/TV_Jurmala_multistream/index.m3u8,,,,TVJurmala.lv@SD,,,,https://i.imgur.com/tQHkHD0.png,General,1920x1080,iptv-org-all.txt,3816,200,成功,h264,1920x1080,,有音频,18.878
