频道名,地址,回播地址,回播类型,回播天数,tvg-id,tvg-name,国家分组,语言分组,图标,原分组,分辨率,来源文件,检测时间,状态码,ffprobe是否成功,视频编码,分辨率,帧率,音频,ffprobe探测时间
CBS Sports HQ (720p),https://jmp2.uk/plu-5e9f2c05172a0f0007db4786.m3u8,,,,CBSSportsHQ.us@SD,,,,https://i.imgur.com/q8BENJg.png,Sports,1280x720,iptv-org-all.txt,565,200,成功,h264,1280x720,30.0,有音频,1.449
CBS KCCI (720p),https://aegis-cloudfront-1.tubi.video/8d1f164d-34ef-4f70-b948-ae33826a0aaa/playlist.m3u8,,,,CBS.us@KCCI,,,,https://upload.wikimedia.org/wikipedia/commons/thumb/e/ee/CBS_logo_%282020%29.svg/960px-CBS_logo_%282020%29.svg.png,General,384x216,iptv-org-all.txt,624,200,成功,h264,384x216,29.97002997002997,有音频,1.676
Best of Paradise Hotel: Kyssar & karlek,https://jmp2.uk/plu-65b1077e0d9ab40008245b20.m3u8,,,,BestofParadiseHotelKyssarkarlek.se@SE,,,,https://images.pluto.tv/channels/65b1077e0d9ab40008245b20/colorLogoPNG.png,Entertainment,1280x720,iptv-org-all.txt,272,200,成功,h264,1280x720,30.0,有音频,1.726
Canal 56 Quiero TV (720p),http://45.5.118.152:8000/play/a08z/index.m3u8,,,,Canal56QuieroTV.bo@SD,,,,https://i.imgur.com/l9kDNld.jpeg,General,1920x1080,iptv-org-all.txt,173,200,成功,h264,1920x1080,29.97002997002997,有音频,1.720
Cine Romance by Pluto TV,https://jmp2.uk/plu-60812fc8539963000707d1e1.m3u8,,,,CineRomancebyPlutoTV.de@FR,,,,https://images.pluto.tv/channels/60812fc8539963000707d1e1/colorLogoPNG_1775048649580.png,Movies,1216x684,iptv-org-all.txt,90,200,成功,h264,1216x684,30.0,有音频,1.802
Classique TV (360p),https://stmv1.srvif.com/classique/classique/playlist.m3u8,,,,ClassiqueTV.br@SD,,,,https://i.imgur.com/rHxcraT.png,Movies,640x360,iptv-org-all.txt,1044,200,成功,h264,640x360,24.0,有音频,1.837
Caoba TV Radio (720p) [Not 24/7],https://host.streamingnation.live:3940/live/caobatvlive.m3u8,,,,CaobaTVRadio.do@HD,,,,https://www.vivalivetv.com/public/files/shows/0/1/3906-294x165-FFFFFF.jpg,General,1280x720,iptv-org-all.txt,1087,200,成功,h264,1280x720,29.97002997002997,有音频,1.834
Canal 79 Villa Maza,https://streamconex.com:19360/villamaza/villamaza.m3u8,,,,Canal79VillaMaza.ar@SD,,,,https://i.imgur.com/HYuSqJy.png,Undefined,1350x1080,iptv-org-all.txt,581,200,成功,h264,1350x1080,25.0,有音频,2.096
Beyond the Gates,https://jmp2.uk/plu-687ff00ff6bc08130f16ab81.m3u8,,,,BeyondtheGates.us@SD,,,,https://images.pluto.tv/channels/687ff00ff6bc08130f16ab81/colorLogoPNG_1755074273752.png,Entertainment,1216x684,iptv-org-all.txt,555,200,成功,h264,1216x684,30.0,有音频,1.163
Canal Telefamilia (360p) [Not 24/7],https://stmv2.voxtvhd.com.br/telefamilia/telefamilia/playlist.m3u8,,,,CanalTelefamilia.co@SD,,,,https://i.imgur.com/D1s1Q3k.png,Religious,1280x720,iptv-org-all.txt,650,200,成功,h264,1280x720,29.97002997002997,有音频,2.373
CCTV-Storm Music (1080p),http://38.75.136.137:98/gslb/dsdqpub/fyyy.m3u8?auth=testpub,,,,CCTVStormMusic.cn@HD,,,,https://i.imgur.com/IiiRmrf.png,Music,1920x1080,iptv-org-all.txt,108,200,成功,h264,1920x1080,25.0,有音频,0.542
BRIDGE Classic (576p),http://stream.mcquack.net/272/index.m3u8,,,,BRIDGEClassic.ru@SD,,,,https://i.imgur.com/JJTQq81.png,Classic;Music,704x576,iptv-org-all.txt,179,200,成功,h264,704x576,25.0,有音频,2.787
Cheers (Sweden) NO,https://jmp2.uk/plu-63e389dcc111bc0008ee5b8c.m3u8,,,,Cheers.se@NO,,,,https://images.pluto.tv/channels/642e9575af2bd900088527dd/colorLogoPNG.png,Comedy,1216x684,iptv-org-all.txt,81,200,成功,h264,1216x684,30.0,有音频,1.603
Biz TV (1080p),https://2-fss-1.streamhoster.com/pl_154/205722-2251224-1/playlist.m3u8,,,,BizTV.us@SD,,,,https://upload.wikimedia.org/wikipedia/commons/0/05/A_logo_for_BizTV.png,Lifestyle,1920x1080,iptv-org-all.txt,423,200,成功,h264,1920x1080,29.97002997002997,有音频,0.758
Canal 44 (720p) [Not 24/7],https://5e50264bd6766.streamlock.net/canal442/videocanal442/playlist.m3u8,,,,Canal44.mx@SD,,,,https://i.imgur.com/YDp8MlN.png,Undefined,1280x720,iptv-org-all.txt,631,200,成功,h264,1280x720,30.0,有音频,0.461
Canal 79 Mar del Plata,https://streamconex.com:19360/mardelplata/mardelplata.m3u8,,,,Canal79MardelPlata.ar@SD,,,,https://i.imgur.com/I93ypGY.png,Undefined,1920x1080,iptv-org-all.txt,1000,200,成功,h264,1920x1080,30.0,有音频,1.524
Caroline in the City,https://jmp2.uk/plu-66a7ab4dcd0d3100084395b4.m3u8,,,,CarolineintheCity.se@SE,,,,https://images.pluto.tv/channels/66a7aa44cd0d31000843942b/colorLogoPNG.png,Comedy,1216x684,iptv-org-all.txt,99,200,成功,h264,1216x684,30.0,有音频,1.434
Chamame TV,https://srv4.zcast.com.br/chamametv/chamametv/playlist.m3u8,,,,ChamameTV.ar@SD,,,,https://i.imgur.com/JigzJck.png,Music,854x480,iptv-org-all.txt,1075,200,成功,h264,854x480,25.0,有音频,1.703
Canal 1 (Costa Rica) (720p) [Not 24/7],https://vid.canal1cr.com:3424/multi_live/play_720.m3u8,,,,Canal1.cr@SD,,,,https://i.ibb.co/KhNS8Dy/cropped-logoo-1.png,General,1280x720,iptv-org-all.txt,643,200,成功,h264,1280x720,29.97002997002997,有音频,3.561
CBS KIRO-TV (1080p),https://cdn-ue1-prod.tsv2.amagi.tv/linear/amg00327-coxmediagroup-kirobreaking-ono/playlist.m3u8,,,,CBS.us@KIROTV,,,,https://upload.wikimedia.org/wikipedia/commons/thumb/e/ee/CBS_logo_%282020%29.svg/960px-CBS_logo_%282020%29.svg.png,General,,iptv-org-all.txt,1726,200,成功,h264,,,有音频,3.632
Cine Western (France) (1080p),https://amg00711-zylo-amg00711c8-rakuten-uk-2686.playouts.now.amagi.tv/playlist/amg00711-zylofast-cinewestern-rakutenuk/playlist.m3u8,,,,CineWestern.fr@SD,,,,https://i.imgur.com/tteOFkL.png,Movies,1920x1080,iptv-org-all.txt,544,200,成功,h264,1920x1080,25.0,有音频,3.723
Canal 26 (Mexico) (1080p),https://60417ddeaf0d9.streamlock.net/telemetrika3/smil:telemetrika3.smil/playlist.m3u8,,,,Canal26.mx@SD,,,,https://i.imgur.com/PAvnVN9.png,Undefined,1920x1080,iptv-org-all.txt,664,200,成功,h264,1920x1080,29.97002997002997,有音频,1.428
Canal Metropolitano de Noticias,https://stmv5.samcast.com.br/claudio8701/claudio8701/playlist.m3u8,,,,CanalMetropolitanodeNoticias.br@SD,,,,https://i.imgur.com/G0x4xqa.png,News,1280x720,iptv-org-all.txt,995,200,成功,h264,1280x720,,有音频,4.125
Brit Asia TV (1080p),https://hls.autopo.st/hls/britasiatv/index.m3u8,,,,BritAsiaTV.uk@HD,,,,https://jiotvimages.cdn.jio.com/dare_images/images/Brit_Asia.png,Undefined,1920x1080,iptv-org-all.txt,660,200,成功,h264,1920x1080,25.0,有音频,4.139
BM&C News (720p),https://jmp2.uk/plu-666c9c60a7efd40008f552f0.m3u8,,,,BMCNews.br@SD,,,,https://i.imgur.com/pOUY2Uz.png,News,1216x684,iptv-org-all.txt,124,200,成功,h264,1216x684,30.0,有音频,0.716
Canal 79 Puan (240p),https://streamconex.com:19360/puan/puan.m3u8,,,,Canal79Puan.ar@SD,,,,https://i.imgur.com/HYuSqJy.png,Undefined,1280x720,iptv-org-all.txt,849,200,成功,h264,1280x720,30.0,有音频,1.584
BET NO,https://jmp2.uk/plu-61dd5bf8db0b8e00080804ff.m3u8,,,,BET.se@NO,,,,https://images.pluto.tv/channels/61c1939b8929e40007ff6382/colorLogoPNG.png,Series,1216x684,iptv-org-all.txt,315,200,成功,h264,1216x684,30.0,有音频,1.514
CCTV-4K HD (1080p),http://198.204.240.250:82/live/cctv4k.m3u8,,,,CCTV4K.cn@HD,,,,https://i.imgur.com/fxusYlX.png,General,1280x720,iptv-org-all.txt,146,200,成功,h264,1280x720,30.0,有音频,1.402
Canal 9 Resistencia (720p),http://coninfo.net:1935/9linklivert/smil:9linkmultibr.smil/playlist.m3u8,,,,Canal9Resistencia.ar@SD,,,,https://i.imgur.com/xqgRFpC.png,General,,iptv-org-all.txt,747,200,成功,h264,,,有音频,4.947
Canal Futura (720p),http://45.162.64.114/FUTURA/index.m3u8,,,,CanalFutura.br@SD,,,,https://i.imgur.com/LgynEBC.png,Education,1280x720,iptv-org-all.txt,372,200,成功,h264,1280x720,30.0,有音频,1.903
Canal 8 Mar del Plata (720p) [Not 24/7],https://canal8mdq.unpocodeawita.workers.dev/,,,,Canal8MardelPlata.ar@SD,,,,https://i.imgur.com/G7TaQ1L.png,Undefined,416x234,iptv-org-all.txt,393,502,成功,h264,416x234,25.0,有音频,5.318
Bharat Express (576p),https://mumt07.tangotv.in/zHjX9OFlBHARATEXPRESS/index.m3u8,,,,BharatExpress.in@SD,,,,https://xstreamcp-assets-msp.streamready.in/assets/LIVETV/LIVECHANNEL/LIVETV_LIVETVCHANNEL_BHARAT_EXPRESS/images/LOGO_HD/image.png,News,448x360,iptv-org-all.txt,1063,200,成功,h264,448x360,25.0,有音频,5.968
Cay TV (720p),https://edge1.socialsmart.tv/caytv/bant1/playlist.m3u8,,,,CayTV.tr@SD,,,,https://i.imgur.com/ndupxwu.png,General,1280x720,iptv-org-all.txt,2057,200,成功,h264,1280x720,25.0,有音频,5.988
Bhakti Sagar (576p),https://mumt05.tangotv.in/87NeALx2BHAKTISAGAR/index.m3u8,,,,BhaktiSagar.in@SD,,,,https://jiotvimages.cdn.jio.com/dare_images/images/Bhaktisagar.png,Religious,448x360,iptv-org-all.txt,218,200,成功,h264,448x360,25.0,有音频,6.110
CGTN Arabic,https://dash3.antik.sk/live/test_cgtn_arb_tizen/playlist.m3u8,,,,CGTNArabic.cn@SD,,,,https://i.imgur.com/AkFFrS7.png,News,1920x1080,iptv-org-all.txt,673,200,成功,h264,1920x1080,25.0,有音频,2.478
Cine Sci-Fi by Pluto TV,https://jmp2.uk/plu-60c34592c911890007f29a73.m3u8,,,,CineSciFibyPlutoTV.de@FR,,,,https://images.pluto.tv/channels/60c34592c911890007f29a73/colorLogoPNG.png,Movies,1280x720,iptv-org-all.txt,88,200,成功,h264,1280x720,30.0,有音频,0.985
CCTV+ 2 (600p) [Not 24/7],https://cd-live-stream.news.cctvplus.com/live/smil:CHANNEL2.smil/playlist.m3u8,,,,CCTVPlus2.cn@SD,,,,https://i.imgur.com/qSg862A.png,News,1066x600,iptv-org-all.txt,833,200,成功,h264,1066x600,25.0,有音频,6.377
Canal Orbe 21,https://stream.arcast.net:4443/canal21/ngrp:canal21_all/playlist.m3u8,,,,CanalOrbe21.ar@SD,,,,https://i.imgur.com/USD6Wn8.png,Religious,416x234,iptv-org-all.txt,70,200,成功,h264,416x234,29.97002997002997,有音频,4.792
CANAL M Television (720p),https://live-evg10.tv360.bitel.com.pe/bitel/anqaratv/playlist.m3u8,,,,CANALMTelevision.pe@SD,,,,https://i.imgur.com/EcdNFuJ.png,General,1920x1080,iptv-org-all.txt,307,200,成功,h264,1920x1080,29.97002997002997,有音频,2.036
Camera dei Deputati (240p),https://video-ar.radioradicale.it/diretta/camera2/playlist.m3u8,,,,CameradeiDeputati.it@SD,,,,https://i.imgur.com/hv4zi9N.png,Legislative,640x360,iptv-org-all.txt,1745,200,成功,h264,640x360,20.0,有音频,5.076
Choppertown (720p),https://linear-11.frequency.stream/dist/glewedtv/11/hls/master/playlist.m3u8,,,,Choppertown.us@SD,,,,https://i.imgur.com/U6cu5Ms.png,Auto;Series,384x216,iptv-org-all.txt,654,200,成功,h264,384x216,29.97002997002997,有音频,2.536
BIZ TV (1080p),https://fl.biztv.media/biz_tv_720_uni8jhub4h8fub4idejswh8dh3j94finbu4nidj39inwsj92in3d/index.m3u8,,,,BIZTV.uz@SD,,,,https://biztv.uz/static/media/logo.5f993187.png,Entertainment,1280x720,iptv-org-all.txt,219,200,成功,h264,1280x720,25.0,有音频,7.347
Ch4Teen Documentary (1080p),https://ch14.tv/live/ch4teendoc/playlist.m3u8,,,,Ch4TeenDocumentary.kw@SD,,,,https://i.imgur.com/pHpFGeg.png,Religious,1920x1080,iptv-org-all.txt,733,200,成功,h264,1920x1080,29.97002997002997,有音频,1.097
Bir TV (720p),https://edge.taksimbilisim.com/birtv/bant1/playlist.m3u8,,,,BirTV.tr@SD,,,,https://birtv.tv/assets/upload/637f83951df60.png,Undefined,1280x720,iptv-org-all.txt,791,200,成功,h264,1280x720,50.0,有音频,3.848
BVC,https://vivo.solumedia.com:19360/bvnet/bvnet.m3u8,,,,BVC.ar@SD,,,,https://i.imgur.com/I06TSx0.png,Undefined,850x480,iptv-org-all.txt,130,200,成功,h264,850x480,25.0,有音频,1.566
BNT 1 (1080p),https://shift03.isp.bg/BNT1_HD/index.m3u8,,,,BNT1.bg@SD,,,,https://i.imgur.com/7JU9b5j.png,General,1920x1080,iptv-org-all.txt,1380,200,成功,h264,1920x1080,50.0,有音频,6.356
Big Brother,https://jmp2.uk/plu-6661f11a41af6400080e90d8.m3u8,,,,BigBrother.us@SD,,,,https://images.pluto.tv/channels/6661f11a41af6400080e90d8/colorLogoPNG.png,Entertainment,1216x684,iptv-org-all.txt,87,200,成功,h264,1216x684,30.0,有音频,1.117
City Eden KinoDok [Not 24/7],https://cityeden.catcast.tv/content/38354/index.m3u8,,,,CityEdenKinoDok.ru@HD,,,,https://i.imgur.com/itRbMX3.png,Documentary;Series,1280x720,iptv-org-all.txt,2689,200,成功,h264,1280x720,29.97002997002997,有音频,4.824
BYU TV (1080p),https://d13j8jpstr8iqz.cloudfront.net/BYUtv.m3u8,,,,BYUTV.us@SD,,,,https://i.imgur.com/mruGyuu.png,Undefined,640x360,iptv-org-all.txt,430,200,成功,h264,640x360,29.97002997002997,有音频,1.675
BTN TV (South Korea) (1080p),https://btn.nowcdn.co.kr/btn/btnlive2m/playlist.m3u8,,,,BTNTV.kr@SD,,,,https://i.imgur.com/sOoS7RQ.png,Religious,1920x1080,iptv-org-all.txt,2742,200,成功,h264,1920x1080,29.97002997002997,有音频,8.585
Classic Arts Showcase (720p),https://classicarts.akamaized.net/hls/live/1024257/CAS/master.m3u8,,,,ClassicArtsShowcase.us@SD,,,,https://i.imgur.com/M6FFkc3.png,Culture;Education,430x240,iptv-org-all.txt,731,200,成功,h264,430x240,29.97002997002997,有音频,3.993
Canal 79 Santa Clara del Mar (240p),https://streamconex.com:19360/santaclara-1/santaclara-1.m3u8,,,,Canal79SantaClaradelMar.ar@SD,,,,https://i.imgur.com/I93ypGY.png,Undefined,1920x1080,iptv-org-all.txt,772,200,成功,h264,1920x1080,30.0,有音频,1.424
CBS WTVR-TV (720p),https://aegis-cloudfront-1.tubi.video/d8fc1d6c-fd55-45c8-973b-b7327ee1a6e0/playlist.m3u8,,,,CBS.us@WTVRTV,,,,https://upload.wikimedia.org/wikipedia/commons/thumb/e/ee/CBS_logo_%282020%29.svg/960px-CBS_logo_%282020%29.svg.png,General,426x240,iptv-org-all.txt,264,200,成功,h264,426x240,29.97002997002997,有音频,2.579
Canal 2 Alpavision Neiva (720p) [Not 24/7],https://stmv1.voxtvhd.com.br/alpavision/alpavision/playlist.m3u8,,,,Canal2AlpavisionNeiva.co@SD,,,,https://i.imgur.com/Yv8XIGW.png,General,1280x720,iptv-org-all.txt,819,200,成功,h264,1280x720,29.97002997002997,有音频,1.601
Cerritos TV3 (360p),https://cdn3.wowza.com/5/UWpORHhLSEs5SkJs/cerritos/G0010_002/playlist.m3u8,,,,CerritosTV3.us@SD,,,,https://i.imgur.com/huCBOIy.png,General,480x360,iptv-org-all.txt,365,200,成功,h264,480x360,25.0,有音频,1.950
Canal Gov (720p),http://45.177.114.115/TV_BRASIL_2/index.m3u8,,,,CanalGov.br@SD,,,,https://i.imgur.com/rHPY0Yv.png,Legislative,1920x1080,iptv-org-all.txt,335,200,成功,h264,1920x1080,29.97002997002997,有音频,3.410
Cadena TV (720p) [Not 24/7],https://tv.bitstreaming.net:3789/live/cdntvlive.m3u8,,,,CadenaTV.pe@HD,,,,https://i.imgur.com/stvzqzd.png,Undefined,1280x720,iptv-org-all.txt,485,200,成功,h264,1280x720,59.94005994005994,有音频,1.421
Candelita TV (480p),https://6110f70ea8d0e.streamlock.net/1689/1689/playlist.m3u8,,,,CandelitaTV.pr@SD,,,,https://i.imgur.com/34BvVDl.png,Religious,1280x720,iptv-org-all.txt,603,200,成功,h264,1280x720,29.97002997002997,有音频,0.776
BUTV10 (1080p) [Not 24/7],https://cdnapisec.kaltura.com/p/2184561/sp/218456100/playManifest/entryId/1_68qxw4eu/format/applehttp/a.m3u8,,,,BUTV10.us@SD,,,,https://i.imgur.com/Iv1Fe67.png,Education,1280x720,iptv-org-all.txt,490,200,成功,h264,1280x720,30.0,有音频,1.970
CINDIE TV (1080p),https://cc-hqw8u5r1nshjc.akamaized.net/scheduler/scheduleMaster/352.m3u8,,,,CINDIETV.br@HD,,,,https://a.jsrdn.com/hls/23208/cindie-tv/logo_20250225_222520_68.png,Movies,960x540,iptv-org-all.txt,660,200,成功,h264,960x540,29.97002997002997,有音频,8.042
Bounce (720p),http://23.237.104.106:8080/USA_BOUNCE/index.m3u8,,,,Bounce.us@SD,,,,https://m.media-amazon.com/images/I/718bHckb8eL.png,Undefined,1920x1080,iptv-org-all.txt,78,200,成功,h264,1920x1080,59.94005994005994,有音频,0.812
BNT 3 (1080p),https://shift03.isp.bg/BNT3_HD/index.m3u8,,,,BNT3.bg@SD,,,,https://i.imgur.com/pPpSJ4u.png,General,1920x1080,iptv-org-all.txt,1153,200,成功,h264,1920x1080,25.0,有音频,6.099
Bull NO,https://jmp2.uk/plu-6964b9b97d2afdec4f9390f6.m3u8,,,,Bull.se@NO,,,,https://images.pluto.tv/channels/6964b982ca459f9b939da8e6/colorLogoPNG_1770900947317.png,Series,1216x684,iptv-org-all.txt,84,200,成功,h264,1216x684,30.0,有音频,1.506
CBS Sports Golazo Network (720p),https://dai.google.com/linear/hls/event/7f3Wv6f7QEKfQna22jHqLQ/master.m3u8,,,,CBSSportsGolazoNetwork.us@SD,,,,https://i.imgur.com/eMjutHS.png,Sports,1920x1080,iptv-org-all.txt,1696,200,成功,h264,1920x1080,59.94005994005994,有音频,9.994
Channel 12 (1080p),https://12channel.bonus-tv.ru/cdn/12channel/playlist.m3u8,,,,Channel12.ru@SD,,,,https://i.imgur.com/OA9hm6e.png,General,640x360,iptv-org-all.txt,2097,200,成功,h264,640x360,25.0,有音频,9.137
Canal Congreso (1080p),http://138.121.15.230:9002/CANAL-CONGRESO/index.m3u8,,,,CanalCongreso.co@SD,,,,https://i.imgur.com/3VnL8dp.png,Legislative,720x480,iptv-org-all.txt,115,200,成功,mpeg2video,720x480,29.97002997002997,有音频,1.145
CCTV+ 1 (600p) [Not 24/7],https://cd-live-stream.news.cctvplus.com/live/smil:CHANNEL1.smil/playlist.m3u8,,,,CCTVPlus1.cn@SD,,,,https://i.imgur.com/U8d4Is6.png,News,1066x600,iptv-org-all.txt,1163,200,成功,h264,1066x600,25.0,有音频,4.626
Bharat Samachar (576p),https://mumt03.tangotv.in/Dsly5z3HBHARATSAMACHAR/index.m3u8,,,,BharatSamachar.in@SD,,,,https://xstreamcp-assets-msp.streamready.in/assets/LIVETV/LIVECHANNEL/LIVETV_LIVETVCHANNEL_BHARAT_SAMACHAR/images/LOGO_HD/image.png,News,448x360,iptv-org-all.txt,1012,200,成功,h264,448x360,25.0,有音频,5.289
Best of Paradise Hotel: Pandoras Ask,https://jmp2.uk/plu-65e97d760d456100082da660.m3u8,,,,BestofParadiseHotelPandorasAsk.se@SE,,,,https://images.pluto.tv/channels/65e97d760d456100082da660/colorLogoPNG.png,Entertainment,1216x684,iptv-org-all.txt,135,200,成功,h264,1216x684,30.0,有音频,1.450
Car City Adventures,https://d39g1vxj2ef6in.cloudfront.net/v1/master/3fec3e5cac39a52b2132f9c66c83dae043dc17d4/prod-rakuten-stitched/master.m3u8?ads.xumo_channelId=88883095,,,,CarCityAdventures.pl@SD,,,,https://images-0.rakuten.tv/storage/global-live-channel/translation/artwork/bd356b80-79d9-46ff-9674-e69aaf10022f-width200-quality90.jpeg,Undefined,1280x720,iptv-org-all.txt,531,200,成功,h264,1280x720,25.0,有音频,2.742
BNT 4 (1080p),https://shift03.isp.bg/BNT4_HD/index.m3u8,,,,BNT4.bg@SD,,,,https://i.imgur.com/Lw8b3yu.png,General,1920x1080,iptv-org-all.txt,1104,200,成功,h264,1920x1080,25.0,有音频,6.475
Chocolate FM (720p),https://5eaccbab48461.streamlock.net:1936/8180/8180/playlist.m3u8,,,,ChocolateFM.cl@SD,,,,https://cdn.m3u.cl/logo/382_ChocolateFM.png,Music,1280x720,iptv-org-all.txt,826,200,成功,h264,1280x720,30.0,有音频,3.554
City TV (Bulgaria) (576p) [Not 24/7],https://tv.city.bg/play/tshls/citytv/index.m3u8,,,,CityTV.bg@SD,,,,https://i.imgur.com/mFL452f.png,Music,1280x720,iptv-org-all.txt,870,200,成功,h264,1280x720,50.0,有音频,12.070
Catatumbo TV (406p),https://cloud.fastchannel.es/manifiest/hls/prog9/catatumbotv.m3u8,,,,CatatumboTV.ve@SD,,,,https://i.imgur.com/LBI2la0.png,General,720x406,iptv-org-all.txt,71,200,成功,h264,720x406,29.97002997002997,有音频,1.482
Charapa TV (720p),https://live-evg10.tv360.bitel.com.pe/bitel/charapatvSRT/playlist.m3u8,,,,CharapaTV.pe@SD,,,,https://i.imgur.com/tFRmMkf.png,General,1920x1080,iptv-org-all.txt,341,200,成功,h264,1920x1080,29.97002997002997,有音频,1.750
BET Comedy Movies,https://jmp2.uk/plu-68c32d88f56983aba40052bd.m3u8,,,,BETComedyMovies.us@SD,,,,https://images.pluto.tv/channels/68c32d88f56983aba40052bd/colorLogoPNG_1759246622596.png,Movies,1216x684,iptv-org-all.txt,82,200,成功,h264,1216x684,30.0,有音频,0.841
Canal 1 Mar Menor Torre Pacheco (1080p),https://directo.tuwebtv.es/canal1.m3u8,,,,Canal1MarMenorTorrePacheco.es@SD,,,,https://i.imgur.com/MQOwCdZ.png,General;News,1920x1080,iptv-org-all.txt,827,200,成功,h264,1920x1080,25.0,有音频,3.789
Britain's Next Top Model NO,https://jmp2.uk/plu-67a09e25c070cf00083c40fa.m3u8,,,,BritainsNextTopModel.se@NO,,,,https://images.pluto.tv/channels/67a09ddc21af380008088dc3/colorLogoPNG.png,Series,1024x576,iptv-org-all.txt,1904,200,成功,h264,1024x576,30.0,有音频,1.066
CCTV-Storm Theater (1080p),http://38.75.136.137:98/gslb/dsdqpub/fyjc.m3u8?auth=testpub,,,,CCTVStormTheater.cn@HD,,,,https://i.imgur.com/rEttkKm.png,Movies,1920x1080,iptv-org-all.txt,105,200,成功,h264,1920x1080,25.0,有音频,0.558
Canal 3 Pinamar,http://intelincloud01.com.ar/hls/cn3/index.m3u8,,,,Canal3Pinamar.ar@SD,,,,https://i.imgur.com/IABFaH1.png,Undefined,1280x720,iptv-org-all.txt,2817,200,成功,h264,1280x720,29.97002997002997,有音频,4.956
CBS KMTV-TV (720p),https://aegis-cloudfront-1.tubi.video/0b16cabe-a8fd-4d91-99e5-3efb7aa740cc/playlist.m3u8,,,,CBS.us@KMTVTV,,,,https://i.imgur.com/E4PkyqN.png,General,426x240,iptv-org-all.txt,620,200,成功,h264,426x240,29.97002997002997,有音频,3.048
CityNews Edmonton,https://citynewsregional.akamaized.net/hls/live/1024053/Regional_Live_8/Video-2Mbps.m3u8,,,,CityNewsEdmonton.ca@SD,,,,https://m.media-amazon.com/images/I/51Icdznow+L.png,News,960x540,iptv-org-all.txt,510,200,成功,h264,960x540,29.97002997002997,有音频,0.881
CKNO-FM (616p),https://videostream.jpbgdigital.com/NOWTV.m3u8,,,,CKNOFM.ca@SD,,,,https://i.imgur.com/sF2g7KE.png,Music,1096x616,iptv-org-all.txt,243,200,成功,h264,1096x616,30.0,有音频,0.848
Canal 79 La Costa (240p),https://streamconex.com:19360/lacosta/lacosta.m3u8,,,,Canal79LaCosta.ar@SD,,,,https://i.imgur.com/HYuSqJy.png,Undefined,1920x1080,iptv-org-all.txt,1184,200,成功,h264,1920x1080,10.0,有音频,1.692
Calabria TV,https://64b16f23efbee.streamlock.net/calabriatv/calabriatv/playlist.m3u8,,,,CalabriaTV.it@SD,,,,https://i.imgur.com/noTgJJp.png,General,1920x1080,iptv-org-all.txt,1048,200,成功,h264,1920x1080,25.0,有音频,3.600
Canal 9 Bio-Bio Television (1080p) [Not 24/7],https://unlimited6-cl.dps.live/c9/c9.smil/playlist.m3u8,,,,Canal9BioBioTelevision.cl@SD,,,,https://i.imgur.com/J2G1WMs.png,Undefined,426x240,iptv-org-all.txt,1197,200,成功,h264,426x240,30.0,有音频,9.993
BVG (576p),https://mumt05.tangotv.in/87NeALx2BVG/index.m3u8,,,,BVG.in@SD,,,,https://jiotvimages.cdn.jio.com/dare_images/images/BVG.png,Education,448x360,iptv-org-all.txt,890,200,成功,h264,448x360,25.0,有音频,5.274
Casma TV (720p),https://live-evg7.tv360.bitel.com.pe/bitel/casmatvSRT-TRA/playlist.m3u8,,,,CasmaTV.pe@SD,,,,https://i.imgur.com/42aE0nm.jpeg,General,854x480,iptv-org-all.txt,1868,200,成功,h264,854x480,29.97002997002997,有音频,1.082
Bollywood Film,https://tvextra-hls.b-cdn.net/bollywoodfilm/bollywoodfilm.m3u8,,,,BollywoodFilm.ro@SD,,,,https://i.imgur.com/bEMUpHZ.png,Classic;Movies,720x576,iptv-org-all.txt,849,200,成功,h264,720x576,25.0,有音频,1.875
BIG BROTHER CLASSIC,https://jmp2.uk/plu-663e09e4b18d700008e48dcf.m3u8,,,,BIGBROTHERCLASSIC.de@DACH,,,,https://images.pluto.tv/channels/663e09e4b18d700008e48dcf/colorLogoPNG.png,Entertainment,1216x684,iptv-org-all.txt,89,200,成功,h264,1216x684,30.0,有音频,1.418
CityTV 20 Santa Monica (360p) [Not 24/7],https://cdn3.wowza.com/5/bGZUOHp2TnhudnM2/santamonica/G0039_002/playlist.m3u8,,,,CityTV20SantaMonica.us@SD,,,,https://i.imgur.com/NY4fOLy.png,Legislative,480x360,iptv-org-all.txt,118,200,成功,h264,480x360,25.0,有音频,0.561
California Music Channel (1080p),https://cmc-cmctv-cineverse.amagi.tv/playlist.m3u8,,,,CaliforniaMusicChannel.us@SD,,,,https://i.imgur.com/FyNot5W.png,Music,1920x1080,iptv-org-all.txt,811,200,成功,h264,1920x1080,29.97002997002997,有音频,3.143
BSTV (Pakistan) (576p),https://lbgo.bozztv.com/ssh101/ssh101/bstv/playlist.m3u8,,,,BSTV.pk@SD,,,,https://www.vivalivetv.com/public/files/shows/0/1/3952-640x360-FFFFFF.jpg,General,1280x720,iptv-org-all.txt,535,200,成功,h264,1280x720,25.0,有音频,1.317
Buzzfeed Unsolved,https://d39g1vxj2ef6in.cloudfront.net/v1/master/3fec3e5cac39a52b2132f9c66c83dae043dc17d4/prod-rakuten-stitched/master.m3u8?ads.xumo_channelId=88883099,,,,BuzzfeedUnsolved.pl@FAST,,,,https://images-0.rakuten.tv/storage/global-live-channel/translation/artwork/e16cfcc7-2040-4bd5-8339-16d499f8799e-width200-quality90.png,Undefined,1280x720,iptv-org-all.txt,353,200,成功,h264,1280x720,23.976023976023978,有音频,2.785
CMT (720p),http://23.237.104.106:8080/USA_CMT/index.m3u8,,,,CMT.us@East,,,,https://i.imgur.com/S7DOpdY.png,Music,1920x1080,iptv-org-all.txt,77,200,成功,h264,1920x1080,59.94005994005994,有音频,0.769
bon appetit (1080p),https://bonappetit-samsung.amagi.tv/playlist.m3u8,,,,bonappetit.us@SD,,,,https://i.imgur.com/YhFFxlE.png,Cooking,1920x1080,iptv-org-all.txt,616,200,成功,h264,1920x1080,29.97002997002997,有音频,2.108
Bruno Masi TV (720p),https://rds3.desdeparaguay.net/brunomasitv/brunomasitv/playlist.m3u8,,,,BrunoMasiTV.py@SD,,,,https://i.ibb.co/QFmyjZN/unnamed-1.png,General,1920x1080,iptv-org-all.txt,989,200,成功,h264,1920x1080,25.0,有音频,2.395
BNB Digital (720p),https://live-evg8.tv360.bitel.com.pe/bitel/bnbSRT/playlist.m3u8,,,,BNBDigital.pe@SD,,,,https://i.imgur.com/MgEN1F8.png,General,1920x1080,iptv-org-all.txt,819,200,成功,h264,1920x1080,30.0,有音频,1.980
BTB 2 (1080p),https://emisja.btb.j00r.us/iptv/session/2/hls.m3u8,,,,BTB2.pl@SD,,,,https://i.imgur.com/C5g0ejM.png,General,1600x900,iptv-org-all.txt,1461,200,成功,h264,1600x900,30.0,有音频,2.772
Canal 8 Catacaos (720p) [Not 24/7],https://live.obslivestream.com/canal8/index.m3u8,,,,Canal8Catacaos.pe@SD,,,,https://i.imgur.com/O5MrFjY.png,General,1280x720,iptv-org-all.txt,580,200,成功,h264,1280x720,29.97002997002997,有音频,1.816
CBS en espanol,https://jmp2.uk/plu-668c5cb4f01dbe0008dd4082.m3u8,,,,CBSenespanol.us@SD,,,,https://images.pluto.tv/channels/668c5cb4f01dbe0008dd4082/colorLogoPNG.png,Entertainment,1280x720,iptv-org-all.txt,219,200,成功,h264,1280x720,30.0,有音频,1.609
BET Classics Pluto TV,https://jmp2.uk/plu-60f85644a9493e0007a1f035.m3u8,,,,BETClassicsPlutoTV.us@SD,,,,https://images.pluto.tv/channels/60f85644a9493e0007a1f035/colorLogoPNG_1759339662769.png,Entertainment,1216x684,iptv-org-all.txt,199,200,成功,h264,1216x684,30.0,有音频,0.734
City Eden KinoAction [Not 24/7],https://cityeden.catcast.tv/content/41333/index.m3u8,,,,CityEdenKinoAction.ru@HD,,,,https://i.imgur.com/uuzuvD0.png,Movies,1280x720,iptv-org-all.txt,2957,200,成功,h264,1280x720,25.0,有音频,8.264
Canal+ Action Europe Czechia,http://46.149.191.219:9106/play/a01g,,,,CanalPlusActionEurope.nl@Czechia,,,,https://upload.wikimedia.org/wikipedia/commons/thumb/5/58/Canal%2B_Action_2024.svg/1920px-Canal%2B_Action_2024.svg.png,Movies,1920x1080,iptv-org-all.txt,850,200,成功,h264,1920x1080,25.0,有音频,5.705
Canal 3 Impresionante (480p),https://cloud2.streaminglivehd.com:2020/hls/8036/8036.m3u8,,,,Canal3Impresionante.sv@SD,,,,https://i.imgur.com/mdfiWG9.png,General,426x240,iptv-org-all.txt,843,200,成功,h264,426x240,29.97002997002997,有音频,1.277
CCTV-The First Theater (1080p),http://38.75.136.137:98/gslb/dsdqpub/dyjc.m3u8?auth=testpub,,,,CCTVTheFirstTheater.cn@HD,,,,https://i.imgur.com/eFxD3hq.png,Movies,1920x1080,iptv-org-all.txt,108,200,成功,h264,1920x1080,25.0,有音频,0.616
City Eden Sirtaki TV [Not 24/7],https://cityeden.catcast.tv/content/46421/index.m3u8,,,,CityEdenSirtakiTV.ru@HD,,,,https://i.imgur.com/V3MTfyc.png,Music,640x360,iptv-org-all.txt,1862,200,成功,h264,640x360,25.0,有音频,7.459
Bravo TV (1080p),https://redirector.rudo.video/hls-video/c54ac2799874375c81c1672abb700870537c5223/bravo/bravo.smil/playlist.m3u8,,,,BravoTV.ar@SD,,,,https://upload.wikimedia.org/wikipedia/commons/5/5e/Bravotv.png,General,,iptv-org-all.txt,1353,200,成功,h264,,,有音频,6.156
Caroline in the City DK,https://jmp2.uk/plu-66a7aa44cd0d31000843942b.m3u8,,,,CarolineintheCity.se@DK,,,,https://images.pluto.tv/channels/66a7aa44cd0d31000843942b/colorLogoPNG.png,Comedy,1216x684,iptv-org-all.txt,93,200,成功,h264,1216x684,30.0,有音频,2.012
CityNews Vancouver (720p),https://citynewsregional.akamaized.net/hls/live/1024054/Regional_Live_9/master.m3u8,,,,CityNewsVancouver.ca@SD,,,,https://m.media-amazon.com/images/I/51Icdznow+L.png,News,640x360,iptv-org-all.txt,279,200,成功,h264,640x360,29.97002997002997,有音频,1.989
Christian Youth Channel CYC (1080p),http://media3.smc-host.com:1935/cycnow.com/smil:cyc.smil/playlist.m3u8,,,,ChristianYouthChannelCYC.us@SD,,,,https://i.imgur.com/61eV77C.png,Kids;Religious,1280x720,iptv-org-all.txt,529,200,成功,h264,1280x720,30.0,有音频,1.943
Central TV (Chile) (720p),https://freya.mivideo.pro/centraltv/video.m3u8,,,,CentralTV.cl@SD,,,,https://cdn.m3u.cl/logo/1706_Central_TV.png,General,1920x1080,iptv-org-all.txt,652,200,成功,h264,1920x1080,29.97002997002997,有音频,3.658
Canal Parlamento del Congreso de Jalisco (720p) [Not 24/7],https://60417ddeaf0d9.streamlock.net/srtc/smil:srtc.smil/playlist.m3u8,,,,CanalParlamentodelCongresodeJalisco.mx@SD,,,,https://i.imgur.com/fLpkHfZ.png,Legislative,1280x720,iptv-org-all.txt,21,200,成功,h264,1280x720,29.97002997002997,有音频,1.170
Cloudflare TV (720p),https://cloudflare.tv/hls/live.m3u8,,,,CloudflareTV.us@SD,,,,https://i.imgur.com/l4m0is8.jpeg,Education,426x240,iptv-org-all.txt,768,200,成功,h264,426x240,,有音频,7.683
BTN TV (Rwanda),https://tv.btnrwanda.com:3973/live/btnv2live.m3u8,,,,BTNTV.rw@SD,,,,https://i.imgur.com/WmaP8zP.png,General,850x480,iptv-org-all.txt,832,200,成功,h264,850x480,50.0,有音频,1.302
BS Film (576p),https://lbgo.bozztv.com/ssh101/ssh101/bsfilm/playlist.m3u8,,,,BSFilm.pk@SD,,,,https://www.vivalivetv.com/public/files/shows/0/1/3953-640x360-FFFFFF.jpg,General,720x576,iptv-org-all.txt,858,200,成功,h264,720x576,25.0,有音频,1.323
Cheers + Frasier,https://jmp2.uk/plu-66ba495ffe11e5000881f049.m3u8,,,,CheersPlusFrasier.us@SD,,,,https://images.pluto.tv/channels/66ba495ffe11e5000881f049/colorLogoPNG.png,Comedy,1216x684,iptv-org-all.txt,91,200,成功,h264,1216x684,30.0,有音频,0.973
Capuchin TV,https://goliveafrica.media:9998/live/64227f58b8413/index.m3u8,,,,CapuchinTV.ke@SD,,,,https://i.imgur.com/VCDSjX7.png,Religious,1920x1080,iptv-org-all.txt,181,200,成功,h264,1920x1080,25.0,有音频,3.379
Channel 13 (Maldives),https://sunplay-cdn.bitratelabs.com/live/local-channel-fhd/ch13-28754fda0a7f338e8fccfe7206ab9be8_1080p/index.m3u8,,,,Channel13.mv@SD,,,,https://i.imgur.com/lR5jUSU.jpeg,General,1920x1080,iptv-org-all.txt,1049,200,成功,h264,1920x1080,25.0,有音频,1.345
Cheers (United States),https://jmp2.uk/plu-62bdb7f0db2eb30007376d4d.m3u8,,,,Cheers.us@CA,,,,https://images.pluto.tv/channels/62bdb7f0db2eb30007376d4d/colorLogoPNG.png,Series,1216x684,iptv-org-all.txt,228,200,成功,h264,1216x684,30.0,有音频,0.801
Canal do Boi (720p),http://45.162.64.114/CANAL_DO_BOI/index.m3u8,,,,CanaldoBoi.br@SD,,,,https://i.imgur.com/pVM5MhS.png,Undefined,1280x720,iptv-org-all.txt,371,200,成功,h264,1280x720,30.0,有音频,1.905
BRIDGE Deluxe HD (576p),http://stream.mcquack.net/92/index.m3u8,,,,BRIDGEDeluxe.ru@HD,,,,https://i.imgur.com/EazL8w7.png,Music,1920x1080,iptv-org-all.txt,180,200,成功,h264,1920x1080,25.0,有音频,2.427
CMTV (720p),https://cdn3.wowza.com/5/UWpORHhLSEs5SkJs/costamesa/G0075_002/playlist.m3u8,,,,CMTV.us@SD,,,,https://i.imgur.com/73LKwAK.png,General,1280x720,iptv-org-all.txt,1301,200,成功,h264,1280x720,25.0,有音频,1.602
Classic Music (1080p),http://stream.mcquack.net/312/index.m3u8,,,,ClassicMusic.ru@SD,,,,https://i.imgur.com/TpXs1qA.png,Music,1920x1080,iptv-org-all.txt,875,200,成功,h264,1920x1080,25.0,有音频,2.629
City Eden Play [Not 24/7],https://cityeden.catcast.tv/content/34100/index.m3u8,,,,CityEdenPlay.ru@HD,,,,https://i.imgur.com/ozEqob9.png,Music,1280x720,iptv-org-all.txt,1954,200,成功,h264,1280x720,30.0,有音频,15.766
CMB Television (1080p),https://cdn1.cmbcolombia.tv/bethesda/video.m3u8,,,,CMBTelevision.co@SD,,,,https://i.imgur.com/akGKPsk.png,Religious,1920x1080,iptv-org-all.txt,604,200,成功,h264,1920x1080,30.0,有音频,1.336
Blokbaster HD (1080p),http://stream.mcquack.net/364/index.m3u8,,,,Blokbaster.ru@HD,,,,https://i.imgur.com/KcOi4Os.png,Movies,1920x1080,iptv-org-all.txt,886,200,成功,h264,1920x1080,25.0,有音频,2.558
Canal TV Radio Maya TGBA (480p),https://s.emisoras.tv:8081/radiomaya/index.m3u8,,,,CanalTVRadioMayaTGBA.gt@SD,,,,https://i.imgur.com/kORStT1.png,Religious,854x480,iptv-org-all.txt,927,200,成功,h264,854x480,29.97002997002997,有音频,1.773
Belarus-4 Vitebsk (1080p),https://ngtrk.dc.beltelecom.by/vtv/bt4.stream/playlist.m3u8,,,,Belarus4.by@Vitebsk,,,,https://i.imgur.com/XNkQrMr.png,General,1280x720,iptv-org-all.txt,875,200,成功,h264,1280x720,25.0,有音频,4.673
Canal Alpha Neuchatel (1080p) [Not 24/7],https://canalalpha.vedge.infomaniak.com/livecast/ik:canalalpha/playlist.m3u8,,,,CanalAlphaNeuchatel.ch@SD,,,,https://i.imgur.com/eQ8xHK9.jpg,Undefined,640x360,iptv-org-all.txt,2236,200,成功,h264,640x360,50.0,有音频,14.852
Bonches Latinos TV (720p),https://5790d294af2dc.streamlock.net/latinostv/latinostv/playlist.m3u8,,,,BonchesLatinosTV.do@SD,,,,https://i.imgur.com/Kp8x0NS.png,Entertainment,1920x1080,iptv-org-all.txt,81,200,成功,h264,1920x1080,30.0,有音频,1.862
Canal 30 TV Bethel (720p) [Not 24/7],https://s.emisoras.tv:8081/canal30tvbethel/index.m3u8,,,,Canal30TVBethel.gt@SD,,,,https://i.imgur.com/PP4U1JL.png,Religious,640x360,iptv-org-all.txt,733,200,成功,h264,640x360,24.0,有音频,1.800
Buying Blind Denmark,https://jmp2.uk/plu-63c6a7544faf1c0007b496d7.m3u8,,,,BuyingBlindDenmark.se@SE,,,,https://images.pluto.tv/channels/63c6a7544faf1c0007b496d7/colorLogoPNG.png,Cooking;Lifestyle,1280x720,iptv-org-all.txt,495,200,成功,h264,1280x720,30.0,有音频,1.415
Bigtime,https://103f01c3ff79408e83c9212f8a374ecc.mediatailor.us-east-1.amazonaws.com/v1/master/0fb304b2320b25f067414d481a779b77db81760d/RakutenTV-eu_BjgtjmeDarmoweFilmy/playlist.m3u8,,,,Bigtime.pl@SD,,,,https://images-3.rakuten.tv/storage/global-live-channel/translation/artwork/1fe37ff8-c6b7-4123-8c68-653d657b4c5f-width200-quality90.jpeg,Undefined,1280x720,iptv-org-all.txt,817,200,成功,h264,1280x720,29.97002997002997,有音频,2.089
BUM Television (720p) [Not 24/7],https://movil.ejeserver.com/live/visiondorada.m3u8,,,,BUMTelevision.co@SD,,,,https://i.imgur.com/I0eGYI0.png,General,1280x720,iptv-org-all.txt,1037,200,成功,h264,1280x720,29.97002997002997,有音频,6.265
Canal 17 RTVD (1080p),https://cdn.protvradiostream.com/rtvd17/ngrp:rtvd17_all/playlist.m3u8,,,,Canal17RTVD.do@HD,,,,https://i.ibb.co/2YvKhjW4/Quisqueya-17-AZUL.png,Culture,640x360,iptv-org-all.txt,56,200,成功,h264,640x360,30.0,有音频,3.373
CCV (480p),https://5a1178b42cc03.streamlock.net/8212/8212/playlist.m3u8,,,,CCV.in@SD,,,,https://i.imgur.com/4ss0KfA.png,General,1920x1080,iptv-org-all.txt,1138,200,成功,h264,1920x1080,29.97002997002997,有音频,3.639
CCTV-14 HD (1080p),http://74.91.26.218:82/live/cctv14hd.m3u8,,,,CCTV14.cn@HD,,,,https://i.imgur.com/c5SXW7i.png,Kids,1280x720,iptv-org-all.txt,156,200,成功,h264,1280x720,25.0,有音频,0.632
Canal Sierra de Cadiz (1080p) [Not 24/7],https://s.emisoras.tv:8081/sierradecadiz/index.m3u8,,,,CanalSierradeCadiz.es@SD,,,,https://i.imgur.com/94rn7pb.png,General,1920x1080,iptv-org-all.txt,70,200,成功,h264,1920x1080,25.0,有音频,1.971
Canal I (1080p),https://streaming.canal-i.com/canal-i/live/master.m3u8,,,,CanalI.ve@SD,,,,https://i.imgur.com/vKfOavW.png,News,1280x720,iptv-org-all.txt,412,200,成功,h264,1280x720,,有音频,2.616
Channel 10 (United States) (720p),https://cdn3.wowza.com/5/cFh0V0QwUVc4SDl2/santa-paula/G0930_002/playlist.m3u8,,,,Channel10.us@SD,,,,https://spcity.org/ImageRepository/Document?documentID=4246,Legislative,1280x720,iptv-org-all.txt,1318,200,成功,h264,1280x720,25.0,有音频,1.626
CNA International (576p),https://mumt05.tangotv.in/87NeALx2CNA/index.m3u8,,,,CNAInternational.sg@SD,,,,https://i.imgur.com/xWglicB.png,News,640x360,iptv-org-all.txt,1809,200,成功,h264,640x360,25.0,有音频,5.280
Canela TV (1080p),https://d3cx6yargdnl7q.cloudfront.net/canelatv.m3u8,,,,CanelaTV.us@SD,,,,https://i.imgur.com/8Hllkpk.png,Entertainment,1920x1080,iptv-org-all.txt,532,200,成功,h264,1920x1080,29.97002997002997,有音频,1.841
Classic TV,https://clshls.wns.live/hls/stream.m3u8,,,,ClassicTV.ir@SD,,,,,Classic,1280x720,iptv-org-all.txt,997,200,成功,h264,1280x720,25.0,有音频,2.554
Cagney & Lacey,https://jmp2.uk/plu-6960c5a906d76f50db2816dc.m3u8,,,,CagneyLacey.de@GB,,,,https://images.pluto.tv/channels/6960c5a906d76f50db2816dc/colorLogoPNG_1767949823270.png,Series,1216x684,iptv-org-all.txt,140,200,成功,h264,1216x684,30.0,有音频,2.025
CAN TV19 (1080p),https://cantv.streamguys1.com/cantv/cantv19hls/playlist.m3u8,,,,CANTV19.us@SD,,,,https://i.imgur.com/PUQtIa3.png,General,1920x1080,iptv-org-all.txt,655,200,成功,h264,1920x1080,59.94005994005994,有音频,1.950
Belarus-3 HD (1080p) [Not 24/7],https://ngtrk.dc.beltelecom.by/ngtrk/smil:belarus3.smil/playlist.m3u8,,,,Belarus3.by@HD,,,,https://i.imgur.com/JkcDycn.png,Culture,640x360,iptv-org-all.txt,870,200,成功,h264,640x360,25.0,有音频,10.179
Channel One (United States),https://pemirateshls.persiana.live/hls/stream.m3u8,,,,ChannelOne.us@SD,,,,https://i.imgur.com/igskUo0.png,Culture;News,1280x720,iptv-org-all.txt,812,200,成功,h264,1280x720,25.0,有音频,2.458
City Eden KinoArt [Not 24/7],https://cityeden.catcast.tv/content/38398/index.m3u8,,,,CityEdenKinoArt.ru@HD,,,,https://i.imgur.com/67CWCtz.png,Movies,1280x720,iptv-org-all.txt,2883,200,成功,h264,1280x720,25.0,有音频,16.473
Center TV (1080p),https://eu1.streams.gr:8081/centertv/index.m3u8,,,,CenterTV.gr@SD,,,,https://i.imgur.com/52JW71Q.png,General,1920x1080,iptv-org-all.txt,856,200,成功,h264,1920x1080,25.0,有音频,5.136
Blu Radio (720p),https://mdstrm.com/live-stream-playlist/58d1921a72e2b22e2905e493.m3u8,,,,BluRadio.co@SD,,,,https://i.imgur.com/w2t8CGT.png,General,426x240,iptv-org-all.txt,3044,200,成功,h264,426x240,30.0,有音频,5.658
Belarus-24 HD (1080p),https://ngtrk.dc.beltelecom.by/ngtrk/smil:belarus24.smil/playlist.m3u8,,,,Belarus24.by@HD,,,,https://i.imgur.com/BP7tY6F.png,News,640x360,iptv-org-all.txt,867,200,成功,h264,640x360,25.0,有音频,9.668
Cadena Elite (720p) [Not 24/7],https://cloudvideo.servers10.com:8081/8004/index.m3u8,,,,CadenaElite.es@SD,,,,https://i.imgur.com/3yeGDTP.png,Music,1920x1080,iptv-org-all.txt,791,200,成功,h264,1920x1080,29.97002997002997,有音频,4.673
BOKTV (720p) [Not 24/7],https://livestream2.bokradio.co.za/hls/Bok5c.m3u8,,,,BOKTV.za@SD,,,,https://i.imgur.com/mcNjuuO.png,Music,1280x720,iptv-org-all.txt,2014,200,成功,h264,1280x720,25.0,有音频,18.907
BR6 TV (720p),https://58c04fb1d143f.streamlock.net/slob/slob/playlist.m3u8,,,,BR6TV.nl@SD,,,,https://i.imgur.com/NKtAiXu.png,Undefined,1280x720,iptv-org-all.txt,1148,200,成功,h264,1280x720,25.0,有音频,3.382
Belarus-5 (1080p) [Not 24/7],https://ngtrk.dc.beltelecom.by/ngtrk/smil:belarus5.smil/playlist.m3u8,,,,Belarus5.by@SD,,,,https://i.imgur.com/NJsRFud.png,Sports,640x360,iptv-org-all.txt,868,200,成功,h264,640x360,25.0,有音频,10.941
CAN TV21 (1080p),https://cantv.streamguys1.com/cantv/cantv21hls/playlist.m3u8,,,,CANTV21.us@SD,,,,https://i.imgur.com/KP5bCYr.png,General,1920x1080,iptv-org-all.txt,548,200,成功,h264,1920x1080,29.97002997002997,有音频,1.637
Bethel TV (720p),https://alfa.betheltv.tv/srt/3_abr/playlist.m3u8,,,,BethelTV.pe@SD,,,,https://i.imgur.com/zCVh765.png,Religious,426x240,iptv-org-all.txt,1374,200,成功,h264,426x240,29.97002997002997,有音频,7.547
CC-TV (720p),https://cdn3.wowza.com/5/cHYzekYzM2kvTVFH/charlotte/G0055_009/playlist.m3u8,,,,CCTV.us@SD,,,,,Undefined,1280x720,iptv-org-all.txt,659,200,成功,h264,1280x720,25.0,有音频,1.577
Canal 22 Nacional (720p) [Geo-blocked],https://5fc584f3f19c9.streamlock.net/canal22/smil:canal22.smil/playlist.m3u8,,,,Canal22Nacional.mx@SD,,,,https://i.imgur.com/6qiYvhe.png,Undefined,1280x720,iptv-org-all.txt,122,200,成功,h264,1280x720,30.0,有音频,0.678
Caribbean Hot 7 TV (720p),https://586a9edea75f1.streamlock.net/caribbeanhot7tv/ch7-1.stream/playlist.m3u8,,,,CaribbeanHot7TV.lc@SD,,,,https://i.ibb.co/sjTS4xD/logo116x90-2.png,General,1280x720,iptv-org-all.txt,636,200,成功,h264,1280x720,30.0,有音频,1.707
Canal 2 Gualeguay,https://stream.arcast.net:4443/gualeguay/gualeguay/playlist.m3u8,,,,Canal2Gualeguay.ar@SD,,,,https://i.imgur.com/TOlncyp.png,General,1920x1080,iptv-org-all.txt,1052,200,成功,h264,1920x1080,60.0,有音频,2.135
Canal 56 (576p) [Not 24/7],https://videos.canal56.com/directe/stream/index.m3u8,,,,Canal56.es@SD,,,,https://i.imgur.com/pwRVbCz.png,Undefined,1280x720,iptv-org-all.txt,1796,200,成功,h264,1280x720,25.0,有音频,3.783
BST (576p),https://bsttv.bonus-tv.ru/cdn/bst/playlist.m3u8,,,,BST.ru@SD,,,,https://i.imgur.com/IDotHmQ.png,Undefined,480x270,iptv-org-all.txt,2030,200,成功,h264,480x270,25.0,有音频,8.478
CAN TV27 (1080p),https://cantv.streamguys1.com/cantv/cantv27hls/playlist.m3u8,,,,CANTV27.us@SD,,,,https://i.imgur.com/43EpWsD.png,General,1920x1080,iptv-org-all.txt,370,200,成功,h264,1920x1080,24.0,有音频,1.488
Billiard TV (1080p) [Geo-blocked],https://pb-wm04vonaerv0k.akamaized.net/billi.m3u8,,,,BilliardTV.us@SD,,,,https://i.imgur.com/BZijfKh.png,Sports,1920x1080,iptv-org-all.txt,512,200,成功,h264,1920x1080,30.0,有音频,1.608
Champion TV,https://stream.berosat.live/hls/champion-tv/champion-tv.m3u8,,,,ChampionTV.ci@SD,,,,https://i.imgur.com/WjHSrHN.png,Business,1280x720,iptv-org-all.txt,1213,200,成功,h264,1280x720,25.0,有音频,2.659
Canal TDC,https://tdcserver.com:19360/tdconlione-2/tdconlione-2.m3u8,,,,CanalTDC.ar@SD,,,,https://i.imgur.com/nPG38B2.png,News,1920x1080,iptv-org-all.txt,1038,200,成功,h264,1920x1080,25.0,有音频,4.466
Canal Mas Television (720p),https://movil.ejeserver.com/live/teledoradahd.m3u8,,,,CanalMasTelevision.co@SD,,,,https://i.imgur.com/ODMa27W.jpg,General,1280x720,iptv-org-all.txt,187,200,成功,h264,1280x720,29.97002997002997,有音频,7.122
Cannes Lerins TV (1080p),https://vdo2.pro-fhi.net:3628/live/uppodsfqlive.m3u8,,,,CannesLerinsTV.fr@SD,,,,https://i.imgur.com/atlgnum.png,General,1920x1080,iptv-org-all.txt,1466,200,成功,h264,1920x1080,25.0,有音频,4.034
Canal 5 Puerto Montt,https://5ff3d9babae13.streamlock.net/aufymdjpjf/aufymdjpjf/playlist.m3u8,,,,Canal5PuertoMontt.cl@SD,,,,https://i.imgur.com/pLobTRW.png,General,1280x720,iptv-org-all.txt,1886,200,成功,h264,1280x720,29.97002997002997,有音频,3.890
Buendia TV,https://servilive.com:3508/stream/play.m3u8,,,,BuendiaTV.hn@SD,,,,https://i.imgur.com/m5hNyNE.png,News,1920x1080,iptv-org-all.txt,1090,200,成功,h264,1920x1080,23.976023976023978,有音频,1.496
Best of The Drew Barrymore Show (Sweden) DK,https://jmp2.uk/plu-62beb692cda2b10007d5fd76.m3u8,,,,BestofTheDrewBarrymoreShow.se@DK,,,,https://images.pluto.tv/channels/62beb692cda2b10007d5fd76/colorLogoPNG.png,Entertainment,1280x720,iptv-org-all.txt,108,200,成功,h264,1280x720,30.0,有音频,1.697
Citytv Bogota (1080p),http://138.121.15.230:9002/CITY-TV/index.m3u8,,,,CitytvBogota.co@SD,,,,https://i.imgur.com/h7K9EW9.png,General,720x480,iptv-org-all.txt,121,200,成功,mpeg2video,720x480,29.97002997002997,有音频,1.471
Channel 24 (Ukraine) (1080p),https://streamvideol1.luxnet.ua/news24/smil:news24.stream.smil/playlist.m3u8,,,,Channel24.ua@SD,,,,https://upload.wikimedia.org/wikipedia/commons/thumb/a/ab/24_Group_Ukraine_04.png/960px-24_Group_Ukraine_04.png,News,1920x1080,iptv-org-all.txt,1859,200,成功,h264,1920x1080,25.0,有音频,10.694
Canal 2 (El Salvador) (720p),http://186.33.26.18:8000/play/a0qp/index.m3u8,,,,Canal2.sv@SD,,,,https://upload.wikimedia.org/wikipedia/commons/thumb/7/79/Canal_2_TCS.png/960px-Canal_2_TCS.png,General,1680x1056,iptv-org-all.txt,197,200,成功,h264,1680x1056,30.0,有音频,0.798
Cine aventura,https://jmp2.uk/plu-60fb2f47c133270007327375.m3u8,,,,Cineaventura.us@SD,,,,https://images.pluto.tv/channels/60fb2f47c133270007327375/colorLogoPNG_1757954279063.png,Entertainment,1216x684,iptv-org-all.txt,1101,200,成功,h264,1216x684,30.0,有音频,1.393
Capital TV,https://cdn4.mjunoon.tv:8087/streamtest/111M/chunks.m3u8,,,,CapitalTV.pk@SD,,,,https://i.imgur.com/UxAE5O4.png,News,640x360,iptv-org-all.txt,1882,200,成功,h264,640x360,25.0,有音频,2.130
Cine Adrenalina,https://jmp2.uk/plu-5d8d164d92e97a5e107638d2.m3u8,,,,CineAdrenalina.us@SD,,,,https://i.imgur.com/njCKaMv.png,Movies,1216x684,iptv-org-all.txt,1104,200,成功,h264,1216x684,30.0,有音频,1.048
Canal TV3 (720p) [Not 24/7],https://streaming.telenetdigital.net.co:8086/canal3tv/stream.m3u8,,,,CanalTV3.co@SD,,,,https://i.imgur.com/pyeBDpg.jpeg,General,1280x720,iptv-org-all.txt,1088,200,成功,h264,1280x720,29.97002997002997,有音频,2.721
Cable Imagen Armstrong (540p) [Not 24/7],https://stream.arcast.com.ar/casse/casse/playlist.m3u8,,,,CableImagenArmstrong.ar@SD,,,,https://i.imgur.com/U9NuJQC.png,Undefined,1280x720,iptv-org-all.txt,74,200,成功,h264,1280x720,50.0,有音频,2.113
Chef Champion (720p) [Not 24/7],https://rpn.bozztv.com/gusa/gusa-chefchampion/index.m3u8,,,,ChefChampion.us@SD,,,,https://i.imgur.com/15a9pG9.png,Cooking,1280x720,iptv-org-all.txt,58,200,成功,h264,1280x720,29.97002997002997,有音频,1.664
Cine Friki (1080p),https://d2mr4fu91mjx9m.cloudfront.net/v1/master/3722c60a815c199d9c0ef36c5b73da68a62b09d1/cc-rb0tx75ojbc5u/CineFriki_ES.m3u8,,,,CineFriki.es@SD,,,,https://i.imgur.com/b3Ospym.png,Movies,1920x1080,iptv-org-all.txt,1206,200,成功,h264,1920x1080,25.0,有音频,6.070
CAN TV36 (1080p),https://cantv.streamguys1.com/cantv/cantv36hls/playlist.m3u8,,,,CANTV36.us@SD,,,,https://i.imgur.com/43EpWsD.png,General,1920x1080,iptv-org-all.txt,306,200,成功,h264,1920x1080,29.97002997002997,有音频,1.726
CCTN 47 (1080p) [Not 24/7],http://122.55.252.134:8443/live/bba5b536faeacb9b56a3239f1ee8e3b3/1.m3u8,,,,CCTN47.ph@SD,,,,https://i.imgur.com/IFpAmvW.png,Religious,1920x1080,iptv-org-all.txt,388,200,成功,hevc,1920x1080,29.97002997002997,有音频,1.339
C31 Melbourne (240p),https://d1k6kax80wecy5.cloudfront.net/RLnAKY/index.m3u8,,,,C31Melbourne.au@SD,,,,https://i.imgur.com/Ge1EutY.png,General,426x240,iptv-org-all.txt,449,200,成功,h264,426x240,25.0,有音频,5.094
Buenisima Radio TV,https://canal.mediaserver.com.co/live/buenisimatv.m3u8,,,,BuenisimaRadioTV.co@SD,,,,https://i.imgur.com/URKDlOZ.png,Music,1280x720,iptv-org-all.txt,1037,200,成功,h264,1280x720,,有音频,0.593
CityNews Calgary (720p),https://citynewsregional.akamaized.net/hls/live/1024053/Regional_Live_8/master.m3u8,,,,CityNewsCalgary.ca@SD,,,,https://m.media-amazon.com/images/I/51Icdznow+L.png,News,640x360,iptv-org-all.txt,952,200,成功,h264,640x360,29.97002997002997,有音频,2.057
Cinecanal (1080p),http://15.204.246.24:8080/CinecanalHD/index.m3u8,,,,Cinecanal.us@Panregional,,,,https://upload.wikimedia.org/wikipedia/commons/thumb/e/e6/CinecanalLA.png/960px-CinecanalLA.png,Movies,1920x1080,iptv-org-all.txt,137,200,成功,h264,1920x1080,59.94005994005994,有音频,0.728
CBS WCBI-TV (720p),https://townnews.g-mana.live/media/4efc62fa-ad0b-445c-a839-4d1e7636988e/main.m3u8,,,,CBS.us@WCBITV,,,,https://upload.wikimedia.org/wikipedia/commons/thumb/e/ee/CBS_logo_%282020%29.svg/960px-CBS_logo_%282020%29.svg.png,General,640x360,iptv-org-all.txt,1058,200,成功,h264,640x360,59.94005994005994,有音频,2.463
Classic TV Comedy,https://jmp2.uk/plu-5f15e32b297f96000768f928.m3u8,,,,ClassicTVComedy.us@SD,,,,https://i.imgur.com/wg5I5Fb.png,Comedy,1280x720,iptv-org-all.txt,1104,200,成功,h264,1280x720,30.0,有音频,0.948
Canal 38 (720p),https://cdn.jmvstream.com/w/LVW-8503/LVW8503_d0V5oduFlK/playlist.m3u8,,,,Canal38.br@SD,,,,https://i.imgur.com/co7TCWC.png,News,1280x720,iptv-org-all.txt,2280,200,成功,h264,1280x720,29.97002997002997,有音频,2.467
CCTV-Weapon & Technology (1080p),http://38.75.136.137:98/gslb/dsdqpub/gfjs.m3u8?auth=testpub,,,,CCTVWeaponTechnology.cn@HD,,,,https://i.imgur.com/QlF96eS.png,Documentary,1920x1080,iptv-org-all.txt,115,200,成功,h264,1920x1080,25.0,有音频,0.624
Cine Terror,https://jmp2.uk/plu-5d8d180092e97a5e107638d3.m3u8,,,,CineTerror.us@US,,,,https://images.pluto.tv/channels/5f12111c9e6c2c00078ef3bb/colorLogoPNG.png,Movies,1216x684,iptv-org-all.txt,80,200,成功,h264,1216x684,30.0,有音频,1.099
CBS WDEF-TV (720p),https://townnews.g-mana.live/media/a54a6409-5e91-46f0-9fee-06904c1fd094/main.m3u8,,,,CBS.us@WDEFTV,,,,https://upload.wikimedia.org/wikipedia/commons/thumb/e/ee/CBS_logo_%282020%29.svg/960px-CBS_logo_%282020%29.svg.png,General,1280x720,iptv-org-all.txt,1009,200,成功,h264,1280x720,59.94005994005994,有音频,2.150
BRTV (Indonesia) (720p),https://5bf7b725107e5.streamlock.net/brtv/brtv/playlist.m3u8,,,,BRTV.id@SD,,,,https://upload.wikimedia.org/wikipedia/id/1/1f/Logo_BRTV.png,Undefined,1280x720,iptv-org-all.txt,1739,200,成功,h264,1280x720,25.0,有音频,3.935
Canal Cine Dios,https://canal.mediaserver.com.co/live/cinedios.m3u8,,,,CanalCineDios.co@SD,,,,https://i.imgur.com/S4xqZgV.png,Movies,1280x720,iptv-org-all.txt,739,200,成功,h264,1280x720,24.0,有音频,0.621
Canal Diplomatico,https://master.myplaytv.com:2020/hls/canaldiplomatico/canaldiplomatico.m3u8,,,,CanalDiplomatico.ve@SD,,,,https://i.ibb.co/34vsSzS/1439-Canal-Diplomatico.png,Culture,1920x1080,iptv-org-all.txt,550,200,成功,h264,1920x1080,23.976023976023978,有音频,1.271
C Malayalam TV (1080p),https://2-fss-2.streamhoster.com/pl_120/206508-3261972-1/playlist.m3u8,,,,CMalayalamTV.ca@SD,,,,https://i.imgur.com/rpg0bQA.png,Culture,1280x720,iptv-org-all.txt,411,200,成功,h264,1280x720,50.0,有音频,0.584
Citrico TV (480p) [Not 24/7],https://edge.essastream.com/citricotv/playlist.m3u8,,,,CitricoTV.do@SD,,,,https://enhd.ar/wp-content/uploads/2022/01/0e4a83fc-ba5b-4f26-a333-31f8bd544bcb-300x260.jpeg,News,426x240,iptv-org-all.txt,357,200,成功,h264,426x240,29.97002997002997,有音频,0.791
Black News Channel (1080p),https://blacknewschannel-xumo-us.amagi.tv/playlist.m3u8,,,,BlackNewsChannel.us@SD,,,,https://i.imgur.com/oX5oR4d.png,News,1920x1080,iptv-org-all.txt,94,200,成功,h264,1920x1080,29.97002997002997,有音频,3.452
Black Ink Crew,https://jmp2.uk/plu-5d51e2bceca5b4b2c0e06c50.m3u8,,,,BlackInkCrew.us@SD,,,,https://i.imgur.com/QnuIVB6.png,Series,1216x684,iptv-org-all.txt,1110,200,成功,h264,1216x684,30.0,有音频,1.157
Canal 6 Panadish (720p),https://stream.meteorito.cloud:1947/canal6/smil:canal6.smil/playlist.m3u8,,,,Canal6Panadish.gt@SD,,,,https://i.imgur.com/KJWNPiz.jpg,General,480x270,iptv-org-all.txt,880,200,成功,h264,480x270,,有音频,5.708
Classic TV Drama,https://jmp2.uk/plu-5f15e3cccf49290007053c67.m3u8,,,,ClassicTVDrama.us@SD,,,,https://i.imgur.com/XHQxv0x.png,Classic,1280x720,iptv-org-all.txt,1102,200,成功,h264,1280x720,30.0,有音频,0.881
CBN Family (1080p),https://fastly.live.brightcove.com/6380399588112/us-east-1/734546207001/eyJhbGciOiJIUzI1NiIsInR5cCI6IkpXVCJ9.eyJob3N0IjoiczFpM3ZpLmVncmVzcy50N2M3emwiLCJhY2NvdW50X2lkIjoiNzM0NTQ2MjA3MDAxIiwiZWhuIjoiZmFzdGx5LmxpdmUuYnJpZ2h0Y292ZS5jb20iLCJpc3MiOiJibGl2ZS1wbGF5YmFjay1zb3VyY2UtYXBpIiwic3ViIjoicGF0aG1hcHRva2VuIiwiYXVkIjpbIjczNDU0NjIwNzAwMSJdLCJqdGkiOiI2MzgwMzk5NTg4MTEyIn0.LYfIeObmX4AEStY_xCnPZwMJHXgOAPFMTKfztq-9F8U/playlist-hls.m3u8,,,,CBNFamily.us@SD,,,,https://i.imgur.com/wDPkKT1.png,Religious,1920x1080,iptv-org-all.txt,206,200,成功,h264,1920x1080,29.97002997002997,有音频,2.689
CBN Espanol (1080p),https://fastly.live.brightcove.com/6383462549112/us-east-1/734546207001/eyJhbGciOiJIUzI1NiIsInR5cCI6IkpXVCJ9.eyJob3N0IjoiczFpM3ZpLmVncmVzcy50N2M3emwiLCJhY2NvdW50X2lkIjoiNzM0NTQ2MjA3MDAxIiwiZWhuIjoiZmFzdGx5LmxpdmUuYnJpZ2h0Y292ZS5jb20iLCJpc3MiOiJibGl2ZS1wbGF5YmFjay1zb3VyY2UtYXBpIiwic3ViIjoicGF0aG1hcHRva2VuIiwiYXVkIjpbIjczNDU0NjIwNzAwMSJdLCJqdGkiOiI2MzgzNDYyNTQ5MTEyIn0.g04lznsvgqgIXQt2ZH0H_tWtIeTsMgGjVORsjOJ0T6U/playlist-hls.m3u8,,,,CBNEspanol.us@SD,,,,https://i.imgur.com/G7B4wSM.png,Religious,1920x1080,iptv-org-all.txt,212,200,成功,h264,1920x1080,29.97002997002997,有音频,1.960
Cinema (Russia) (576p),http://flussonic.linkintel.ru/cinema/index.m3u8,,,,Cinema.ru@SD,,,,https://i.imgur.com/b5e9qUA.png,Movies,720x576,iptv-org-all.txt,2045,200,成功,mpeg2video,720x576,25.0,有音频,3.976
Canal 9 Link,https://617c5175c970b.streamlock.net:4444/9linklivert/smil:9linkmultibr.smil/playlist.m3u8,,,,Canal9Link.ar@SD,,,,https://audios.radiosnet.com.ar/imgwikidat/img_cuerpo/canal+9+buenos+aires9.jpg,Entertainment,,iptv-org-all.txt,1238,200,成功,h264,,,有音频,5.664
Cine 666 by Pluto TV,https://jmp2.uk/plu-6823648580b2665220d9e69a.m3u8,,,,Cine666byPlutoTV.de@FR,,,,https://images.pluto.tv/channels/6823648580b2665220d9e69a/colorLogoPNG-1757404141.png,Movies,1216x684,iptv-org-all.txt,1108,200,成功,h264,1216x684,30.0,有音频,0.839
China Travel (1080p),https://fastlive.cctvplus.com/out/v1/ca6f9297b7314a63959435028af287fc/index.m3u8,,,,ChinaTravel.cn@SD,,,,https://i.imgur.com/vSgY3CD.png,Culture;Documentary;Travel,640x360,iptv-org-all.txt,182,200,成功,h264,640x360,29.97002997002997,有音频,2.479
Cetelmon TV (404p),http://player.cetelmon.tv/protecteddfd43c2f3a8b41f3f28582bf8993aca6/992_high.m3u8,,,,CetelmonTV.es@SD,,,,https://i.imgur.com/GGn7itj.png,Religious,854x480,iptv-org-all.txt,494,200,成功,h264,854x480,25.0,有音频,1.346
Channel S (United Kingdom) (576p),https://app.ncare.live/c3VydmVyX8RpbEU9Mi8xNy8yMDE0GIDU6RgzQ6NTAgdEoaeFzbF92YWxIZTO0U0ezN1IzMyfvcGVMZEJCTEFWeVN3PTOmdFsaWRtaW51aiPhnPTI/chsukoff.stream/playlist.m3u8,,,,ChannelS.uk@SD,,,,https://i.imgur.com/hJxFLvF.png,Culture,1024x576,iptv-org-all.txt,556,200,成功,h264,1024x576,25.0,有音频,1.846
BRTV (Turkiye) (720p) [Geo-blocked],https://live.artidijitalmedya.com/artidijital_brtv/brtv/playlist.m3u8,,,,BRTV.tr@SD,,,,https://i.imgur.com/U3qlEAp.png,Undefined,1280x720,iptv-org-all.txt,2634,200,成功,h264,1280x720,25.0,有音频,7.293
Bondi Rescue (Sweden) (720p),https://jmp2.uk/plu-660d67eec8311c0008b8c3f7.m3u8,,,,BondiRescue.se@SE,,,,https://images.pluto.tv/channels/660d66be7bcd8600087cfee5/colorLogoPNG.png,Series,1216x684,iptv-org-all.txt,130,200,成功,h264,1216x684,30.0,有音频,0.966
Channel-16 (406p) [Not 24/7],http://serv25.vintera.tv:8081/test/k16/playlist.m3u8,,,,Channel16.ru@SD,,,,https://i.imgur.com/7tNDKHe.png,General,720x406,iptv-org-all.txt,1120,200,成功,h264,720x406,25.0,有音频,3.989
Bob Esponja (720p),https://jmp2.uk/plu-5f1aca0b4e448e00075e7c5e.m3u8,,,,BobEsponja.de@ES,,,,https://images.pluto.tv/channels/5f1aca0b4e448e00075e7c5e/colorLogoPNG.png,Kids,1280x720,iptv-org-all.txt,83,200,成功,h264,1280x720,30.0,有音频,0.796
Canal E (720p),https://unlimited1-us.dps.live/perfiltv/perfiltv.smil/playlist.m3u8,,,,CanalE.ar@SD,,,,https://i.ibb.co/y4pkxH3/Qtc8-M2-PG-400x400.jpg,Business;News,426x240,iptv-org-all.txt,819,200,成功,h264,426x240,30.0,有音频,5.094
Channel S (Bangladesh),https://app.ncare.live/c3VydmVyX8RpbEU9Mi8xNy8yMDE0GIDU6RgzQ6NTAgdEoaeFzbF92YWxIZTO0U0ezN1IzMyfvcGVMZEJCTEFWeVN3PTOmdFsaWRtaW51aiPhnPTI2/channels.stream/live-orgin/channels.stream/playlist.m3u8,,,,ChannelS.bd@SD,,,,https://www.channels.com.bd/storage/project_files/logo/2024-05-14a_n17156821814310.png,Culture,1280x720,iptv-org-all.txt,641,200,成功,h264,1280x720,25.0,有音频,1.665
Canal Institucional (720p),https://streaming.rtvc.gov.co/TV_CanalInstitucional_live/smil:live.smil/playlist.m3u8,,,,CanalInstitucional.co@SD,,,,https://i.imgur.com/hqfQVrU.png,General,1280x720,iptv-org-all.txt,198,200,成功,h264,1280x720,29.97002997002997,有音频,0.457
Canal Sur Noticias,https://cdnlive.codev8.net/rtvalive/smil:channel42.smil/playlist.m3u8,,,,CanalSurNoticias.es@SD,,,,https://i.imgur.com/A3JscwS.png,News;Public,1280x720,iptv-org-all.txt,272,200,成功,h264,1280x720,25.0,有音频,0.510
CBN News (1080p),https://fastly.live.brightcove.com/6380396819112/us-east-1/734546207001/eyJhbGciOiJIUzI1NiIsInR5cCI6IkpXVCJ9.eyJob3N0IjoiczFpM3ZpLmVncmVzcy50N2M3emwiLCJhY2NvdW50X2lkIjoiNzM0NTQ2MjA3MDAxIiwiZWhuIjoiZmFzdGx5LmxpdmUuYnJpZ2h0Y292ZS5jb20iLCJpc3MiOiJibGl2ZS1wbGF5YmFjay1zb3VyY2UtYXBpIiwic3ViIjoicGF0aG1hcHRva2VuIiwiYXVkIjpbIjczNDU0NjIwNzAwMSJdLCJqdGkiOiI2MzgwMzk2ODE5MTEyIn0.GDYp4IWtzwPkupEWeeOavnioVknO-Ev3UGlHvM1rE6I/playlist-hls.m3u8,,,,CBNNews.us@SD,,,,https://i.imgur.com/9f9YMsA.png,Religious,1920x1080,iptv-org-all.txt,257,200,成功,h264,1920x1080,29.97002997002997,有音频,1.560
Classic Movies Channel,https://jmp2.uk/plu-561c5b0dada51f8004c4d855.m3u8,,,,ClassicMoviesChannel.us@SD,,,,https://i.imgur.com/pQJxov2.png,Movies,1216x684,iptv-org-all.txt,1108,200,成功,h264,1216x684,30.0,有音频,1.548
CityNews Toronto (720p),https://citynewsregional.akamaized.net/hls/live/1024052/Regional_Live_7/master.m3u8,,,,CityNewsToronto.ca@SD,,,,https://m.media-amazon.com/images/I/51Icdznow+L.png,News,640x360,iptv-org-all.txt,641,200,成功,h264,640x360,29.97002997002997,有音频,2.637
CMT Equal Play (720p),https://jmp2.uk/plu-5f68f53eb1e5800007390bf8.m3u8,,,,CMTEqualPlay.us@SD,,,,https://i.imgur.com/9ysjkkL.png,Music,1280x720,iptv-org-all.txt,227,200,成功,h264,1280x720,30.0,有音频,2.982
Canal 2 Quellon (1080p) [Not 24/7],https://pantera1-100gb-cl-movistar.dps.live/tvquellon/tvquellon.smil/playlist.m3u8,,,,Canal2Quellon.cl@SD,,,,https://i.imgur.com/MOwLCwT.png,Undefined,1920x1080,iptv-org-all.txt,1719,200,成功,h264,1920x1080,30.0,有音频,3.981
British Comedy,https://jmp2.uk/plu-638e11951177840007fdd6b2.m3u8,,,,BritishComedy.us@CA,,,,https://images.pluto.tv/channels/638e11951177840007fdd6b2/colorLogoPNG_1745597179027.png,Comedy,1216x684,iptv-org-all.txt,1108,200,成功,h264,1216x684,30.0,有音频,1.078
Caras TV (1080p),https://unlimited1-us.dps.live/carastv/carastv.smil/playlist.m3u8,,,,CarasTV.ar@SD,,,,https://i.imgur.com/7dl4yQY.jpeg,Entertainment,426x240,iptv-org-all.txt,776,200,成功,h264,426x240,25.0,有音频,4.681
ClickTV Chile (720p),https://v2.tustreaming.cl/clicktv/playlist.m3u8,,,,ClickTVChile.cl@SD,,,,https://i.imgur.com/H0XNbMS.png,Documentary,1280x720,iptv-org-all.txt,1059,200,成功,h264,1280x720,30.0,有音频,3.662
Canal 11 (Guatemala) (720p),http://179.60.224.196:8000/play/a0dv/index.m3u8,,,,Canal11.gt@SD,,,,https://i.imgur.com/nmlBLpI.png,General,720x480,iptv-org-all.txt,196,200,成功,h264,720x480,29.97002997002997,有音频,0.983
Best of The Drew Barrymore Show (Sweden) NO,https://jmp2.uk/plu-630478cfdb5a4a0007ec255e.m3u8,,,,BestofTheDrewBarrymoreShow.se@NO,,,,https://images.pluto.tv/channels/62beb692cda2b10007d5fd76/colorLogoPNG.png,Entertainment,1280x720,iptv-org-all.txt,102,200,成功,h264,1280x720,30.0,有音频,1.396
Canal 7 TV (720p),https://stream.arcast.com.ar/envivo/castv/playlist.m3u8,,,,Canal7TV.ar@SD,,,,https://i.imgur.com/iJMH0UK.png,Undefined,1280x720,iptv-org-all.txt,69,200,成功,h264,1280x720,30.0,有音频,1.848
Bloomberg TV (1080p),http://23.237.104.106:8080/USA_BLOOMBERG/index.m3u8,,,,BloombergTV.us@US,,,,https://i.imgur.com/OuogLHx.png,Business,1920x1080,iptv-org-all.txt,154,200,成功,h264,1920x1080,59.94005994005994,有音频,0.889
Canal 7 Salta (1080p),https://vivo.solumedia.com:19360/cooperativa/cooperativa.m3u8,,,,Canal7Salta.ar@SD,,,,https://i.imgur.com/CudG6sl.png,Undefined,720x480,iptv-org-all.txt,354,200,成功,h264,720x480,25.0,有音频,1.491
CBS WJAX-TV (1080p),https://cdn-ue1-prod.tsv2.amagi.tv/linear/amg00327-coxmediagroup-wjaxbreaking-ono/playlist.m3u8,,,,CBS.us@WJAXTV,,,,https://i.imgur.com/TBjVU9L.png,General,1920x1080,iptv-org-all.txt,1012,200,成功,h264,1920x1080,29.97002997002997,有音频,3.314
Boligjakten,https://jmp2.uk/plu-61c1dc21b9587d0007e3fc15.m3u8,,,,Boligjakten.se@NO,,,,https://images.pluto.tv/channels/61c1dc21b9587d0007e3fc15/colorLogoPNG.png,Entertainment,1280x720,iptv-org-all.txt,120,200,成功,h264,1280x720,30.0,有音频,1.546
Classic Movie Westerns,https://jmp2.uk/plu-61f33318210549000806a530.m3u8,,,,ClassicMovieWesterns.us@SD,,,,https://images.pluto.tv/channels/61f33318210549000806a530/colorLogoPNG.png,Movies;Series,1216x684,iptv-org-all.txt,1110,200,成功,h264,1216x684,30.0,有音频,0.910
BRIDGE Hits (576p),http://stream.mcquack.net/320/index.m3u8,,,,BRIDGEHits.ru@SD,,,,https://i.imgur.com/sIW9oR4.png,Music,720x576,iptv-org-all.txt,178,200,成功,h264,720x576,25.0,有音频,2.097
Bungo TV (480p) [Not 24/7],https://5bf7b725107e5.streamlock.net/bungotv/bungotv/playlist.m3u8,,,,BungoTV.id@SD,,,,https://i.imgur.com/OrCrtDA.png,General,1280x720,iptv-org-all.txt,182,200,成功,h264,1280x720,25.0,有音频,4.468
Big Time Plus (1080p),https://shd-gcp-live.edgenextcdn.net/live/bitmovin-big-time-plus/924283f994779a311c1389698ff7e736/index.m3u8,,,,BigTimePlus.sa@SD,,,,https://shahid.mbc.net/mediaObject/4e042cb6-500b-4e4c-a8ca-21a5a7a7a71b,Undefined,,iptv-org-all.txt,1097,200,成功,h264,,,有音频,16.264
City of Fort Pierce (720p),https://edge-f.swagit.com/live/fortpiercefl/live-1-a/playlist.m3u8,,,,CityofFortPierce.us@SD,,,,https://i.imgur.com/2ChoSsi.png,Legislative,1280x720,iptv-org-all.txt,383,200,成功,h264,1280x720,29.97002997002997,有音频,0.435
Chef Roc Show (720p) [Not 24/7],https://rpn.bozztv.com/gusa/gusa-chefrock/index.m3u8,,,,ChefRocShow.us@SD,,,,https://i.imgur.com/vhVnAzE.png,Cooking,1280x720,iptv-org-all.txt,57,200,成功,h264,1280x720,29.97002997002997,有音频,1.459
Bravo (720p),http://41.205.93.154/BRAVO/index.m3u8,,,,Bravo.us@East,,,,https://i.imgur.com/JmTIRLF.png,Undefined,1920x1080,iptv-org-all.txt,515,200,成功,h264,1920x1080,29.97002997002997,有音频,3.224
Cape Town TV (576p),https://cdn.freevisiontv.co.za/sttv/smil:ctv.stream.smil/playlist.m3u8,,,,CapeTownTV.za@SD,,,,https://i.imgur.com/Y8FK1Kk.png,General,720x576,iptv-org-all.txt,2189,200,成功,h264,720x576,25.0,有音频,7.279
Canal DTV (720p),https://s.emisoras.tv:8081/dtv/index.m3u8,,,,CanalDTV.do@SD,,,,https://i.imgur.com/JO5yuNC.png,General,1920x1080,iptv-org-all.txt,70,200,成功,h264,1920x1080,29.97002997002997,有音频,1.777
Cheddar News (1080p),https://hls.livecdn.io/cheddar.com/cheddar/playlist.m3u8,,,,CheddarNews.us@SD,,,,https://i.imgur.com/tuP9GW8.png,News,426x240,iptv-org-all.txt,585,200,成功,h264,426x240,29.97002997002997,有音频,5.099
Cine Catastrophe by Pluto TV,https://jmp2.uk/plu-65a69ef53af63d000825e0ee.m3u8,,,,CineCatastrophebyPlutoTV.de@FR,,,,https://images.pluto.tv/channels/65a69ef53af63d000825e0ee/colorLogoPNG_1751272916058.png,Movies,1280x720,iptv-org-all.txt,1105,200,成功,h264,1280x720,30.0,有音频,1.592
BIZ Music (1080p),https://fl.biztv.media/music_720_QAKpGmVUjaPApCNjpsgBxrdqNihAkl/index.m3u8,,,,BIZMusic.uz@SD,,,,https://i.ibb.co/DfsCJwk/Uz-biz-music-5462.jpg,Music,1280x720,iptv-org-all.txt,893,200,成功,h264,1280x720,29.97002997002997,有音频,7.341
CGTN French (1080p),http://145.239.5.177/214/index.m3u8,,,,CGTNFrench.cn@SD,,,,https://i.imgur.com/BwhledK.png,News,1920x1080,iptv-org-all.txt,297,200,成功,h264,1920x1080,25.0,有音频,1.748
CBC News Network (1080p),https://d2ny9lo79ujali.cloudfront.net/CBC_News_International.m3u8,,,,CBCNewsNetwork.ca@SD,,,,https://i.imgur.com/SjTdhvJ.png,News,1920x1080,iptv-org-all.txt,547,200,成功,h264,1920x1080,29.97002997002997,有音频,1.863
Charity TV,https://652930de05533.streamlock.net/live/ngrp:livestream_all/playlist.m3u8,,,,CharityTV.lb@SD,,,,https://i.imgur.com/U9z8WBY.png,Religious,,iptv-org-all.txt,964,200,成功,h264,,,有音频,19.307
CBS WHIO-TV (1080p),https://cdn-ue1-prod.tsv2.amagi.tv/linear/amg00327-coxmediagroup-whiobreaking-ono/playlist.m3u8,,,,CBS.us@WHIOTV,,,,https://upload.wikimedia.org/wikipedia/commons/thumb/e/ee/CBS_logo_%282020%29.svg/960px-CBS_logo_%282020%29.svg.png,General,1920x1080,iptv-org-all.txt,1111,200,成功,h264,1920x1080,29.97002997002997,有音频,4.518
Cine Action by Pluto TV,https://jmp2.uk/plu-5f8ed1ff5c39700007e2204a.m3u8,,,,CineActionbyPlutoTV.de@FR,,,,https://images.pluto.tv/channels/5f8ed1ff5c39700007e2204a/colorLogoPNG_1752228138963.png,Movies,1216x684,iptv-org-all.txt,1110,200,成功,h264,1216x684,30.0,有音频,1.113
Clan (1080p),https://lge-lgla2.otteravision.com/lge/lgcla/lgcla.m3u8,,,,Clan.es@SD,,,,https://i.ibb.co/vv3FC2Nv/clan.png,Kids;Public,1920x1080,iptv-org-all.txt,439,200,成功,h264,1920x1080,25.0,有音频,3.186
Chroma TV (480p),https://5c483b9d1019c.streamlock.net/8054/8054/playlist.m3u8,,,,ChromaTV.br@SD,,,,https://i.imgur.com/SnaIMgj.png,Entertainment,854x480,iptv-org-all.txt,567,200,成功,h264,854x480,23.976023976023978,有音频,2.439
China Channel (720p),https://v2.tustreaming.cl/chinachannel/index.m3u8,,,,ChinaChannel.cl@SD,,,,https://cdn.m3u.cl/logo/1769_China_Channel.png,General,1280x720,iptv-org-all.txt,469,200,成功,h264,1280x720,29.97002997002997,有音频,3.456
Canal Showsport (720p),https://livestream.lumpentv.com.ar/hls/lumpen.m3u8,,,,CanalShowsport.ar@SD,,,,https://i.imgur.com/0L9tW3Z.png,Sports,960x540,iptv-org-all.txt,396,200,成功,h264,960x540,30.0,有音频,0.852
Best of The Drew Barrymore Show (Sweden),https://jmp2.uk/plu-630483153a21200007f1920f.m3u8,,,,BestofTheDrewBarrymoreShow.se@SE,,,,https://images.pluto.tv/channels/62beb692cda2b10007d5fd76/colorLogoPNG.png,Entertainment,1280x720,iptv-org-all.txt,278,200,成功,h264,1280x720,30.0,有音频,1.330
CCTV-6 HD (1080p),http://69.30.245.50/live/cctv6.m3u8,,,,CCTV6.cn@HD,,,,https://i.imgur.com/rFiaef7.png,Movies,1280x720,iptv-org-all.txt,149,200,成功,h264,1280x720,25.0,有音频,0.501
CCTV-Women's Fashion SD (1080p),http://38.75.136.137:98/gslb/dsdqpub/nxss.m3u8?auth=testpub,,,,CCTVWomensFashion.cn@SD,,,,https://i.imgur.com/FVbP0aP.png,Lifestyle,1920x1080,iptv-org-all.txt,111,200,成功,h264,1920x1080,25.0,有音频,0.542
CityTV San Diego (360p),https://cdn3.wowza.com/5/dk84U1p2UUdoMGxT/sandiego/G1826_005/playlist.m3u8,,,,CityTVSanDiego.us@SD,,,,https://i.imgur.com/OfNV6I7.png,Legislative,1280x720,iptv-org-all.txt,105,200,成功,h264,1280x720,25.0,有音频,0.502
Belarus-5 HD (1080p),http://178.124.179.122:8080/BT5/index.m3u8,,,,Belarus5.by@HD,,,,https://i.imgur.com/NJsRFud.png,Sports,720x576,iptv-org-all.txt,370,200,成功,mpeg2video,720x576,25.0,有音频,2.187
Broad City,https://jmp2.uk/plu-65cba7b1ec452d0008acbed8.m3u8,,,,BroadCity.se@SE,,,,https://images.pluto.tv/channels/65cba73611ced700082123bc/colorLogoPNG.png,Comedy,1280x720,iptv-org-all.txt,1113,200,成功,h264,1280x720,30.0,有音频,1.614
Canal 7 TeleValencia (576p),https://play.cdn.enetres.net/9E9557EFCEBB43A89CEC8FBD3C500247022/028/playlist.m3u8,,,,Canal7TeleValencia.es@SD,,,,https://i.imgur.com/ILfXDRs.png,General,720x576,iptv-org-all.txt,1073,200,成功,h264,720x576,30.0,有音频,3.804
Budapest Europa Televizio (576p),https://cloudfront44.lexanetwork.com:1344/freerelay/bpetv.sdp/playlist.m3u8,,,,BudapestEuropaTelevizio.hu@SD,,,,https://i.imgur.com/CqqWtzo.png,General,720x576,iptv-org-all.txt,1504,200,成功,h264,720x576,25.0,有音频,5.887
Car Chase (Sweden) (720p),https://jmp2.uk/plu-65a93be02fac9c00083cbac4.m3u8,,,,CarChase.se@SE,,,,https://images.pluto.tv/channels/65a93b0607e03a000895abda/colorLogoPNG.png,Series,1280x720,iptv-org-all.txt,286,200,成功,h264,1280x720,30.0,有音频,0.990
Brondby TV,https://jmp2.uk/plu-685029cda1e091e16ff57fc8.m3u8,,,,BrondbyTV.se@DK,,,,https://images.pluto.tv/channels/685029cda1e091e16ff57fc8/colorLogoPNG_1750246109707.png,Sports,1216x684,iptv-org-all.txt,972,200,成功,h264,1216x684,30.0,有音频,1.442
Canal Survision Alerce (720p),https://s1.tvdatta.com:3384/live/canal20tvlive.m3u8,,,,CanalSurvisionAlerce.cl@SD,,,,https://i.imgur.com/FknQYSp.png,Undefined,1280x720,iptv-org-all.txt,429,200,成功,h264,1280x720,29.97002997002997,有音频,1.579
Channel One (Russia) Europa (480p),https://streaming.thestream.cyou/live/210-req_offset_28000000-req_window_0-1k_v5.m3u8,,,,ChannelOne.ru@Europa,,,,https://i.imgur.com/RUSX0rX.png,General,1024x576,iptv-org-all.txt,1194,200,成功,h264,1024x576,25.0,有音频,4.052
Canal 3 Las Heras (720p),https://stream.arcast.com.ar/canal3/canal3/playlist.m3u8,,,,Canal3LasHeras.ar@SD,,,,https://i.imgur.com/bd2afET.png,Undefined,1280x720,iptv-org-all.txt,1026,200,成功,h264,1280x720,25.0,有音频,1.677
Charge! (1080p),https://fast-channels.sinclairstoryline.com/CHARGE/index.m3u8,,,,Charge.us@SD,,,,https://static.wikia.nocookie.net/logopedia/images/0/09/Charge!_network_logo.png/revision/latest/scale-to-width-down/512/,Movies,640x360,iptv-org-all.txt,238,200,成功,h264,640x360,29.97002997002997,有音频,2.230
CGTN Global Biz (1080p),https://fastlive.cctvplus.com/out/v1/2b3d8a0c805d437f9dc85b764c2ac599/index.m3u8,,,,CGTNGlobalBiz.cn@SD,,,,https://i.imgur.com/qBmomnF.png,Business,640x360,iptv-org-all.txt,413,200,成功,h264,640x360,29.97002997002997,有音频,2.902
Caracol HD2 (1080p),http://181.78.14.26:4000/play/a00d/index.m3u8,,,,CaracolHD2.co@SD,,,,https://i.imgur.com/Fww94l9.png,General,1920x1080,iptv-org-all.txt,248,200,成功,h264,1920x1080,59.94005994005994,有音频,1.624
Black (1080p),http://stream.mcquack.net/283/index.m3u8,,,,Black.ua@SD,,,,https://i.imgur.com/iSzAO32.png,Music,1920x1080,iptv-org-all.txt,186,200,成功,h264,1920x1080,25.0,有音频,2.311
BET Pluto TV,https://jmp2.uk/plu-5ca670f6593a5d78f0e85aed.m3u8,,,,BETPlutoTV.us@US,,,,https://images.pluto.tv/channels/5ff768b6a4c8b80008498610/colorLogoPNG_1756804608228.png,Entertainment,1280x720,iptv-org-all.txt,244,200,成功,h264,1280x720,30.0,有音频,2.716
CCTV-World Geography SD (1080p),http://38.75.136.137:98/gslb/dsdqpub/sjdl.m3u8?auth=testpub,,,,CCTVWorldGeography.cn@SD,,,,https://i.imgur.com/V2ncOXi.png,Education,1920x1080,iptv-org-all.txt,70,200,成功,h264,1920x1080,25.0,有音频,1.550
Cine d'Asie by Pluto TV,https://jmp2.uk/plu-62f3e2d000418d00070f7dbc.m3u8,,,,CinedAsiebyPlutoTV.de@FR,,,,https://images.pluto.tv/channels/62f3e2d000418d00070f7dbc/colorLogoPNG_1751272759694.png,Movies,1280x720,iptv-org-all.txt,861,200,成功,h264,1280x720,30.0,有音频,1.007
Bondi Rescue (Sweden) DK (720p),https://jmp2.uk/plu-660d66be7bcd8600087cfee5.m3u8,,,,BondiRescue.se@DK,,,,https://images.pluto.tv/channels/660d66be7bcd8600087cfee5/colorLogoPNG.png,Series,1216x684,iptv-org-all.txt,111,200,成功,h264,1216x684,30.0,有音频,0.746
CHTV (1080p),https://viewhn.com/chtv/live/playlist.m3u8,,,,CHTV.hn@SD,,,,https://i.imgur.com/QLQgwc6.png,General,854x480,iptv-org-all.txt,543,200,成功,h264,854x480,30.0,有音频,1.622
Canal 3 La Pampa (1080p),https://stream.arcast.com.ar/c3lapampa/ngrp:c3lapampa_all/playlist.m3u8,,,,Canal3LaPampa.ar@SD,,,,https://i.imgur.com/SsNFudZ.png,Undefined,416x234,iptv-org-all.txt,1129,200,成功,h264,416x234,25.0,有音频,3.565
Canal 33 Madrid,https://media2.streambrothers.com:1936/8140/8140/playlist.m3u8,,,,Canal33Madrid.es@SD,,,,https://upload.wikimedia.org/wikipedia/commons/thumb/c/c3/Logo_Canal_33_Madrid_2025.jpg/960px-Logo_Canal_33_Madrid_2025.jpg,Undefined,1280x720,iptv-org-all.txt,1621,200,成功,h264,1280x720,30.0,有音频,4.307
Caracol Internacional (576p),http://138.59.177.78:9999/play/a0a8/index.m3u8,,,,CaracolInternacional.co@SD,,,,https://i.imgur.com/h7LWbt5.png,General,720x480,iptv-org-all.txt,178,200,成功,h264,720x480,59.94005994005994,有音频,1.162
Canal Sur 2 (720p),https://cdnlive.codev8.net/rtvalive/smil:channel22.smil/playlist.m3u8,,,,CanalSur2.es@SD,,,,https://upload.wikimedia.org/wikipedia/commons/thumb/b/b4/Canal_Sur_2_-_2017_logo.png/500px-Canal_Sur_2_-_2017_logo.png,General;Public,1280x720,iptv-org-all.txt,167,200,成功,h264,1280x720,25.0,有音频,0.847
CBN Gospel (720p),https://59d39900ebfb8.streamlock.net/ccbn/ccbn/playlist.m3u8,,,,CBNGospel.vg@SD,,,,https://i.imgur.com/SHBAblV.png,Religious,1280x720,iptv-org-all.txt,431,200,成功,h264,1280x720,30.0,有音频,1.831
CCTV-1 (720p),http://74.91.26.218:82/live/cctv1hd.m3u8,,,,CCTV1.cn@SD,,,,https://i.imgur.com/TpA3cUl.png,General,1280x720,iptv-org-all.txt,219,200,成功,h264,1280x720,60.0,有音频,1.330
Caribbean Gospel TV,https://25466019af9b7aed.servers.dvcloud.tv/hls/iptv_providers/fhvtgifbqbcjp0g19mdd76t18tpalu4k.m3u8,,,,CaribbeanGospelTV.jm@SD,,,,https://i.imgur.com/lhgrqmA.png,Religious,1920x1080,iptv-org-all.txt,838,200,成功,h264,1920x1080,29.97002997002997,有音频,2.350
City Eden KinoMistika [Not 24/7],https://cityeden.catcast.tv/content/40783/index.m3u8,,,,CityEdenKinoMistika.ru@HD,,,,https://i.imgur.com/s1Pid0K.png,Movies,1280x720,iptv-org-all.txt,2546,200,成功,h264,1280x720,25.0,有音频,15.638
Camp Kulinaris,https://jmp2.uk/plu-6400bf66dff38e00083f4ee8.m3u8,,,,CampKulinaris.se@SE,,,,https://images.pluto.tv/channels/61c1dce2fb9ae40007d0ac15/colorLogoPNG.png,Entertainment,1280x720,iptv-org-all.txt,706,200,成功,h264,1280x720,30.0,有音频,2.214
Cine en espanol,https://jmp2.uk/plu-5cf96b1c4f1ca3f0629f4bf0.m3u8,,,,Cineenespanol.us@SD,,,,https://images.pluto.tv/channels/5cf96b1c4f1ca3f0629f4bf0/colorLogoPNG.png,Entertainment,1216x684,iptv-org-all.txt,555,200,成功,h264,1216x684,30.0,有音频,1.060
Canale 7 (480p),http://wms.shared.streamshow.it/canale7/canale7/playlist.m3u8,,,,Canale7.it@SD,,,,https://canale7.tv/assets/front/img/fb_logo.jpg,General,1280x720,iptv-org-all.txt,1714,200,成功,h264,1280x720,25.0,有音频,3.160
Classic Cinema (240p) [Not 24/7],https://rpn.bozztv.com/gusa/gusa-classiccinema/index.m3u8,,,,ClassicCinema.us@SD,,,,https://i.imgur.com/FJoPnTb.png,Movies,320x240,iptv-org-all.txt,489,200,成功,h264,320x240,29.97002997002997,有音频,1.286
Chardikla Time TV North America (1080p),https://chardikalanorthamerica.gigabitcdn.net/in-chardikala/chardikala-north-usa/playlist.m3u8,,,,ChardiklaTimeTVNorthAmerica.in@SD,,,,https://i.imgur.com/IUeMFey.jpg,News,1920x1080,iptv-org-all.txt,356,200,成功,h264,1920x1080,25.0,有音频,0.860
Cinecanal Pacific (1080p),http://138.121.15.230:9002/CINECANAL/index.m3u8,,,,Cinecanal.us@Pacific,,,,https://upload.wikimedia.org/wikipedia/commons/thumb/e/e6/CinecanalLA.png/960px-CinecanalLA.png,Movies,1920x1080,iptv-org-all.txt,231,200,成功,h264,1920x1080,59.94005994005994,有音频,1.220
CCTV-7 (720p),http://74.91.26.218:82/live/cctv7hd.m3u8,,,,CCTV7.cn@SD,,,,https://i.imgur.com/CKcPMQC.png,Education,1280x720,iptv-org-all.txt,103,200,成功,h264,1280x720,25.0,有音频,0.603
Canal 4 RD (1080p),https://cdn.protvradiostream.com/canal4rd-1/ngrp:canal4rd-1_all/playlist.m3u8,,,,Canal4RD.do@SD,,,,https://i.imgur.com/3AqCAji.png,General,640x360,iptv-org-all.txt,526,200,成功,h264,640x360,30.0,有音频,4.561
Canale 8 (480p),http://wms.shared.streamshow.it/canale8/canale8/playlist.m3u8,,,,Canale8.it@SD,,,,https://i.imgur.com/xwYmFgj.png,Undefined,854x480,iptv-org-all.txt,1588,200,成功,h264,854x480,25.0,有音频,2.427
Canal 6 (El Salvador) (720p),http://45.167.2.101:8000/play/a0qs/index.m3u8,,,,Canal6.sv@SD,,,,https://i.imgur.com/M4muPLK.png,General,1680x1056,iptv-org-all.txt,371,200,成功,h264,1680x1056,30.0,有音频,0.966
Big Ten Network (720p),http://23.237.104.106:8080/USA_BTN/index.m3u8,,,,BigTenNetwork.us@SD,,,,https://upload.wikimedia.org/wikipedia/en/thumb/3/39/Big_Ten_Network_Logo.svg/960px-Big_Ten_Network_Logo.svg.png,Undefined,1920x1080,iptv-org-all.txt,78,200,成功,h264,1920x1080,59.94005994005994,有音频,0.804
Carac 2 (1080p),https://onefmhd.vedge.infomaniak.com/livecast/ik:onefmhd/manifest.m3u8,,,,Carac2.ch@SD,,,,https://i.imgur.com/hCoIPen.png,Entertainment,1920x1080,iptv-org-all.txt,2651,200,成功,h264,1920x1080,25.0,有音频,5.324
Chaco TV (720p) [Not 24/7],https://wowzasrv.chaco.gov.ar/Streamtv/chacotv/playlist.m3u8,,,,ChacoTV.ar@SD,,,,https://i.imgur.com/b6RerDw.png,Undefined,1280x720,iptv-org-all.txt,2253,200,成功,h264,1280x720,50.0,有音频,6.952
Best of The Drew Barrymore Show (United States),https://jmp2.uk/plu-6310cbee5a8ad300070fdb7c.m3u8,,,,BestofTheDrewBarrymoreShow.us@CA,,,,https://images.pluto.tv/channels/6310cbee5a8ad300070fdb7c/colorLogoPNG.png,Entertainment,1280x720,iptv-org-all.txt,81,200,成功,h264,1280x720,30.0,有音频,1.422
Britain's Next Top Model DK,https://jmp2.uk/plu-67a09ddc21af380008088dc3.m3u8,,,,BritainsNextTopModel.se@DK,,,,https://images.pluto.tv/channels/67a09ddc21af380008088dc3/colorLogoPNG.png,Series,1216x684,iptv-org-all.txt,1121,200,成功,h264,1216x684,30.0,有音频,1.561
CFM TV Channel 98 (360p),https://cdn3.wowza.com/5/djRwZmQvTEJidmZD/cityftmyers/G2083_002/playlist.m3u8,,,,CFMTVChannel98.us@SD,,,,https://i.imgur.com/LGs524I.png,Legislative,480x360,iptv-org-all.txt,371,200,成功,h264,480x360,25.0,有音频,1.641
CNA (Singapore) (1080p) [Geo-blocked],https://d2e1asnsl7br7b.cloudfront.net/7782e205e72f43aeb4a48ec97f66ebbe/index.m3u8,,,,CNA.sg@SD,,,,https://i.imgur.com/awIDugE.png,News,1920x1080,iptv-org-all.txt,1143,200,成功,h264,1920x1080,25.0,有音频,2.091
Classic TV: Families CA,https://jmp2.uk/plu-62e91af00c43540007f2bb43.m3u8,,,,ClassicTVFamilies.us@CA,,,,https://images.pluto.tv/channels/62e91af00c43540007f2bb43/colorLogoPNG.png,Classic,1216x684,iptv-org-all.txt,849,200,成功,h264,1216x684,30.0,有音频,1.043
Bob Esponja Calca Quadrada (720p),https://jmp2.uk/plu-62545c0b002f4b0007688b61.m3u8,,,,BobEsponjaCalcaQuadrada.us@BR,,,,https://images.pluto.tv/channels/62545c0b002f4b0007688b61/colorLogoPNG.png,Kids,1280x720,iptv-org-all.txt,79,200,成功,h264,1280x720,30.0,有音频,1.050
Bride TV (576p),https://viewmedia7219.bozztv.com/wmedia/viewmedia100/web_013/Stream/playlist.m3u8,,,,BrideTV.ng@SD,,,,https://i.imgur.com/snZMucg.png,Undefined,426x240,iptv-org-all.txt,1028,200,成功,h264,426x240,25.0,有音频,6.866
Channel 8 (Russia) (576p),http://45.11.139.43:8555/8kanal/index.m3u8,,,,Channel8.ru@SD,,,,https://i.imgur.com/nUSx1jF.png,Entertainment,720x576,iptv-org-all.txt,416,200,成功,mpeg2video,720x576,25.0,有音频,1.985
Canal 4 Posadas (576p),https://iptv.ixfo.com.ar:30443/live/C4POS/playlist.m3u8,,,,Canal4Posadas.ar@SD,,,,https://i.imgur.com/tElJr3e.png,Undefined,1280x720,iptv-org-all.txt,1998,200,成功,h264,1280x720,25.0,有音频,8.256
Canal Motor (720p),https://digicom.hls.iptvdc.com/canalmotor/index.m3u8,,,,CanalMotor.no@SD,,,,https://i.imgur.com/nCAt3QN.png,Auto,1920x1080,iptv-org-all.txt,1491,200,成功,h264,1920x1080,25.0,有音频,10.865
Cafe Film,https://cafefhls.wns.live/hls/stream.m3u8,,,,CafeFilm.ir@SD,,,,,Movies,1280x720,iptv-org-all.txt,659,200,成功,h264,1280x720,25.0,有音频,2.587
BET Throwbacks,https://jmp2.uk/plu-61326275b3c86a00078e4833.m3u8,,,,BETThrowbacks.us@SD,,,,https://images.pluto.tv/channels/61326275b3c86a00078e4833/colorLogoPNG_1759340015358.png,Comedy,1280x720,iptv-org-all.txt,88,200,成功,h264,1280x720,30.0,有音频,0.857
BritBox Mysteries (1080p),https://aegis-cloudfront-1.tubi.video/c95700f8-e51c-4a36-ad46-56f70fc9f1d9/playlist.m3u8,,,,BritBoxMysteries.us@SD,,,,https://i.imgur.com/PJdzoLN.png,Documentary,384x216,iptv-org-all.txt,584,200,成功,h264,384x216,29.97002997002997,有音频,1.288
Canal 4 Esquel,https://stream.arcast.com.ar/canal4esquel/canal4esquel/playlist.m3u8,,,,Canal4Esquel.ar@SD,,,,https://i.imgur.com/6kbOr16.png,Undefined,1280x720,iptv-org-all.txt,208,200,成功,h264,1280x720,29.97002997002997,有音频,1.824
Chardikla Gurbaani TV (1080p),https://chardikalatimestv.gigabitcdn.net/in-chardikala/chardikala-gurbani-tv/playlist.m3u8,,,,ChardiklaGurbaaniTV.in@SD,,,,https://i.imgur.com/NXD8CPq.png,News,1920x1080,iptv-org-all.txt,638,200,成功,h264,1920x1080,25.0,有音频,0.853
Best of Dr Phil,https://jmp2.uk/plu-666815f24b9fb400083f7e31.m3u8,,,,BestofDrPhil.us@SD,,,,https://i.imgur.com/Jj0wTFQ.png,Entertainment,1280x720,iptv-org-all.txt,246,200,成功,h264,1280x720,30.0,有音频,1.236
Beyond Belief: Fact or Fiction,https://jmp2.uk/plu-611f85396abc84000738417b.m3u8,,,,BeyondBeliefFactorFiction.us@UK,,,,https://i.imgur.com/3uXQg7Y.png,Undefined,1216x684,iptv-org-all.txt,79,200,成功,h264,1216x684,30.0,有音频,1.182
Circle (1080p),https://circle-roku.amagi.tv/playlist.m3u8,,,,Circle.us@SD,,,,https://upload.wikimedia.org/wikipedia/commons/thumb/e/e8/Circle_Network_logo.svg/960px-Circle_Network_logo.svg.png,Entertainment,1920x1080,iptv-org-all.txt,548,200,成功,h264,1920x1080,29.97002997002997,有音频,3.419
Canal Dos (720p),http://131.221.41.94/hls/canal2.m3u8,,,,CanalDos.co@SD,,,,https://i.imgur.com/BYsyNHZ.jpg,General,1280x720,iptv-org-all.txt,210,200,成功,h264,1280x720,50.0,有音频,0.714
Cine by Pluto TV,https://jmp2.uk/plu-5f8ed0f17564a300082b676a.m3u8,,,,CinebyPlutoTV.de@FR,,,,https://images.pluto.tv/channels/5f8ed0f17564a300082b676a/colorLogoPNG_1775048900088.png,Movies,1216x684,iptv-org-all.txt,1116,200,成功,h264,1216x684,30.0,有音频,1.845
Bhakthi TV (720p),https://cdn.pishow.tv/ott/live/397/master.m3u8,,,,BhakthiTV.in@SD,,,,https://upload.wikimedia.org/wikipedia/en/6/61/Bhakthi_TV_logo.jpg,Religious,424x240,iptv-org-all.txt,659,200,成功,h264,424x240,25.0,有音频,8.774
City Eden Classic Music [Not 24/7],https://cityeden.catcast.tv/content/47400/index.m3u8,,,,CityEdenClassicMusic.ru@HD,,,,https://i.imgur.com/l7BE8l6.png,Music,1280x720,iptv-org-all.txt,3443,200,成功,h264,1280x720,25.0,有音频,13.609
Britain's Next Top Model,https://jmp2.uk/plu-67a09e5921af38000808900a.m3u8,,,,BritainsNextTopModel.se@SE,,,,https://images.pluto.tv/channels/67a09ddc21af380008088dc3/colorLogoPNG.png,Series,1024x576,iptv-org-all.txt,1125,200,成功,h264,1024x576,30.0,有音频,0.761
Celebrity Scene TV (720p),https://rpn.bozztv.com/gusa/gusa-celebrityscene/index.m3u8,,,,CelebritySceneTV.us@SD,,,,https://i.imgur.com/n36jriB.png,Undefined,1280x720,iptv-org-all.txt,59,200,成功,h264,1280x720,25.0,有音频,1.360
BET Pluto TV BR,https://jmp2.uk/plu-5ff768b6a4c8b80008498610.m3u8,,,,BETPlutoTV.us@BR,,,,https://images.pluto.tv/channels/5ff768b6a4c8b80008498610/colorLogoPNG_1756804608228.png,Entertainment,1216x684,iptv-org-all.txt,242,200,成功,h264,1216x684,30.0,有音频,0.736
BHTV10 (720p),https://cdn3.wowza.com/5/V2Y2VmhqMEFDTUkx/beverlyhills/G0072_006/playlist.m3u8,,,,BHTV10.us@SD,,,,https://i.imgur.com/NRrJ6xb.png,Undefined,1280x720,iptv-org-all.txt,79,200,成功,h264,1280x720,25.0,有音频,0.536
Bilyonaryo News Channel (1080p) [Geo-blocked],https://amg19223-amg19223c11-amgplt0352.playout.now3.amagi.tv/playlist/amg19223-amg19223c11-amgplt0352/playlist.m3u8,,,,BilyonaryoNewsChannel.ph@SD,,,,https://i.imgur.com/iTH9Z0j.png,News,1280x720,iptv-org-all.txt,774,200,成功,h264,1280x720,29.97002997002997,有音频,3.925
CDM Internacional (480p) [Not 24/7],https://627bb251f23c7.streamlock.net:444/CDMInternacional/CDMInternacional/playlist.m3u8,,,,CDMInternacional.pr@SD,,,,https://i.imgur.com/N7IneVk.png,Religious,1280x720,iptv-org-all.txt,1445,200,成功,h264,1280x720,29.97002997002997,有音频,2.474
BRIDGE Rock (576p),http://178.134.1.158:8081/BRIDGEROCK/index.m3u8,,,,BRIDGERock.ru@SD,,,,https://i.imgur.com/MHuwct2.png,Music,720x576,iptv-org-all.txt,222,200,成功,h264,720x576,25.0,有音频,3.226
CBN TV (720p),https://5790d294af2dc.streamlock.net/CBNVI/CBNVI/playlist.m3u8,,,,CBNTV.vg@SD,,,,https://i.imgur.com/SHBAblV.png,General,1280x720,iptv-org-all.txt,603,200,成功,h264,1280x720,30.0,有音频,1.820
Bizz TV (1080p),https://stream.bizzmedia.biz/bizz_tv/index.m3u8,,,,BizzTV.tt@SD,,,,https://i.imgur.com/UxHaJNR.png,Lifestyle,1920x1080,iptv-org-all.txt,418,200,成功,h264,1920x1080,30.0,有音频,0.680
Cananga TV (720p),https://cdn.streamingcpanel.com:3545/live/canangatlive.m3u8,,,,CanangaTV.do@SD,,,,https://i.imgur.com/isXlMAh.png,General,1280x720,iptv-org-all.txt,1384,200,成功,h264,1280x720,30.0,有音频,3.247
Canal 7 Jujuy,https://stream.arcast.live/canal7jujuy/ngrp:canal7jujuy_all/playlist.m3u8,,,,Canal7Jujuy.ar@SD,,,,https://i.imgur.com/K0jk8p4.png,Undefined,416x234,iptv-org-all.txt,617,200,成功,h264,416x234,30.0,有音频,3.775
Canal Sur Andalucia (1080p),https://dfk2a268yviz9.cloudfront.net/v1/master/3722c60a815c199d9c0ef36c5b73da68a62b09d1/cc-ddiii1m6jt6of/CanalSurAndaluciaES.m3u8,,,,CanalSurAndalucia.es@SD,,,,https://i.imgur.com/lznnA4v.png,General;Public,640x360,iptv-org-all.txt,566,200,成功,h264,640x360,25.0,有音频,4.311
Boas Novas (1080p),https://cdn.jmvstream.com/w/LVW-9375/LVW9375_6i0wPBCHYc/playlist.m3u8,,,,BoasNovas.br@SD,,,,https://i.imgur.com/ZqhizdP.png,Undefined,1920x1080,iptv-org-all.txt,342,200,成功,h264,1920x1080,30.0,有音频,2.515
Bonaire.tv (1080p) [Not 24/7],https://media.streambrothers.com:1936/8506/8506/playlist.m3u8,,,,Bonairetv.bq@SD,,,,https://i.ibb.co/rG8pHh9/bonaire-tv-logo-596x150.png,Culture,1920x1080,iptv-org-all.txt,836,200,成功,h264,1920x1080,,有音频,2.551
Cafe Trade TV,https://cafetradehls.wns.live/hls/stream.m3u8,,,,CafeTradeTV.ir@SD,,,,https://i.ibb.co/GW4cMfc/cafe-trade-tv.png,Business,1280x720,iptv-org-all.txt,637,200,成功,h264,1280x720,25.0,有音频,2.642
Classic TV: Families,https://jmp2.uk/plu-61325d18f5166c00081b84e0.m3u8,,,,ClassicTVFamilies.us@US,,,,https://images.pluto.tv/channels/62e91af00c43540007f2bb43/colorLogoPNG.png,Classic,1280x720,iptv-org-all.txt,1116,200,成功,h264,1280x720,30.0,有音频,3.017
Carac 5,https://lfmmd.vedge.infomaniak.com/livecast/ik:carac5/manifest.m3u8,,,,Carac5.ch@SD,,,,https://i.imgur.com/giDfku4.png,Entertainment,640x360,iptv-org-all.txt,2340,200,成功,h264,640x360,,有音频,15.326
Binge,https://videostack1.cdnstream1.com:1936/binge-tv/binge-tv/playlist.m3u8,,,,Binge.us@SD,,,,https://i.imgur.com/kEETRln.png,General,1280x720,iptv-org-all.txt,631,200,成功,h264,1280x720,30.0,有音频,1.345
CGTN Documentary (1080p),https://amg00405-rakutentv-cgtndocumentary-rakuten-0ql8j.amagi.tv/master.m3u8,,,,CGTNDocumentary.cn@SD,,,,https://i.imgur.com/JHv0WxM.png,Documentary,1920x1080,iptv-org-all.txt,513,200,成功,h264,1920x1080,30.0,有音频,5.604
CCTV-8 (720p),http://74.91.26.218:82/live/cctv8hd.m3u8,,,,CCTV8.cn@SD,,,,https://i.imgur.com/GyHaZ8X.png,Culture,1280x720,iptv-org-all.txt,103,200,成功,h264,1280x720,25.0,有音频,1.081
Cine Nanar (1080p),https://zylo-cinenanar-rakuten.amagi.tv/playlist.m3u8,,,,CineNanar.fr@SD,,,,https://i.imgur.com/YnUZd3W.png,Movies,426x240,iptv-org-all.txt,1165,200,成功,h264,426x240,25.0,有音频,6.441
Canal 1 (Colombia) (576p),http://138.121.15.230:9002/CANAL-UNO/index.m3u8,,,,Canal1.co@SD,,,,https://i.imgur.com/YFywPLC.png,General,720x480,iptv-org-all.txt,115,200,成功,mpeg2video,720x480,29.97002997002997,有音频,3.060
Chacra TV,https://5f700d5b2c46f.streamlock.net/chacratv/chacratv/playlist.m3u8,,,,ChacraTV.ar@SD,,,,https://i.imgur.com/gy7AEfO.png,Outdoor,854x480,iptv-org-all.txt,374,200,成功,h264,854x480,25.0,有音频,1.735
Boligkjop i blinde,https://jmp2.uk/plu-63c6a1c46d126a000760b91c.m3u8,,,,Boligkjopiblinde.se@NO,,,,https://images.pluto.tv/channels/63c6a1c46d126a000760b91c/colorLogoPNG.png,Cooking;Lifestyle,1280x720,iptv-org-all.txt,108,200,成功,h264,1280x720,30.0,有音频,1.439
Canal Universidad,https://videostream.shockmedia.com.ar/hls/canaluniversidadmdp/canaluniversidadmdp.m3u8,,,,CanalUniversidad.ar@SD,,,,https://i.imgur.com/trmPKYw.png,Education,1280x720,iptv-org-all.txt,1119,200,成功,h264,1280x720,30.0,有音频,1.641
CG Entertainment,https://cgentertainment-cgtv-1-it.samsung.wurl.tv/playlist.m3u8,,,,CGEntertainment.it@SD,,,,https://i.imgur.com/XeWzy7e.png,Entertainment,1280x720,iptv-org-all.txt,383,200,成功,h264,1280x720,29.97002997002997,有音频,1.312
Canal Multivision (720p) [Not 24/7],https://live20.bozztv.com/akamaissh101/ssh101/canalmulti24/playlist.m3u8,,,,CanalMultivision.do@SD,,,,https://i.imgur.com/puOrL7B.jpg,General,1280x720,iptv-org-all.txt,56,503,成功,h264,1280x720,29.97002997002997,有音频,1.489
Canada One (720p) [Not 24/7],http://cdn8.live247stream.com/canadaone/tv/playlist.m3u8,,,,CanadaOne.ca@SD,,,,,Undefined,1280x720,iptv-org-all.txt,430,200,成功,h264,1280x720,29.97002997002997,有音频,0.853
Best of MTV,https://jmp2.uk/plu-632afdf820e83e000710ea12.m3u8,,,,BestofMTV.se@SE,,,,https://images.pluto.tv/channels/632aff5e44111b00076ad9b1/colorLogoPNG_1767773210944.png,Entertainment,1280x720,iptv-org-all.txt,94,200,成功,h264,1280x720,30.0,有音频,1.975
Canal FDR,https://v-us-01.wisestream.io/memfs/e4ade538-7924-4359-81ef-b9d4dd229e91.m3u8,,,,CanalFDR.br@SD,,,,https://i.imgur.com/7SE4CkE.png,Education;General,1920x1080,iptv-org-all.txt,864,200,成功,h264,1920x1080,29.97002997002997,有音频,1.115
Canica TV (240p),https://stmv4.voxtvhd.com.br/canicatv/canicatv/playlist.m3u8,,,,CanicaTV.co@SD,,,,https://i.imgur.com/RuQDwTt.jpeg,Entertainment,640x360,iptv-org-all.txt,617,200,成功,h264,640x360,25.0,有音频,1.430
Bonao TV (720p) [Not 24/7],https://tele-stream.telecasa.net/live/st2/bonaotv-hd/index.m3u8,,,,BonaoTV.do@SD,,,,https://i.imgur.com/en1vCZB.png,General,1920x1080,iptv-org-all.txt,581,200,成功,h264,1920x1080,59.94005994005994,有音频,2.007
Channel 8 (Greece) (1080p),https://gra1.crystalweb.net:1936/channel8/channel8/playlist.m3u8,,,,Channel8.gr@HD,,,,https://www.channel8.gr/img/channel8.png,Undefined,1920x1080,iptv-org-all.txt,1877,200,成功,h264,1920x1080,25.0,有音频,3.721
Broad City DK,https://jmp2.uk/plu-65cba73611ced700082123bc.m3u8,,,,BroadCity.se@DK,,,,https://images.pluto.tv/channels/65cba73611ced700082123bc/colorLogoPNG.png,Comedy,1216x684,iptv-org-all.txt,1134,200,成功,h264,1216x684,30.0,有音频,1.508
CCTV-17 HD (1080p),http://74.91.26.218:82/live/cctv17hd.m3u8,,,,CCTV17.cn@HD,,,,https://i.imgur.com/jSQURxS.png,Education;Outdoor,1920x1080,iptv-org-all.txt,151,200,成功,h264,1920x1080,25.0,有音频,0.679
Blaze Live (720p),https://jmp2.uk/plu-5e46fba0c43b0d00096e5ac1.m3u8,,,,BlazeLive.us@SD,,,,https://i.imgur.com/GwxneSQ.png,News,1280x720,iptv-org-all.txt,1144,200,成功,h264,1280x720,30.0,有音频,0.998
Catholic TV (1080p),https://catholictvhd-lh.akamaized.net/hls/live/2043390/CTVLiveHD/master.m3u8,,,,CatholicTV.us@SD,,,,https://i.imgur.com/EL0rWD3.png,Religious,640x360,iptv-org-all.txt,352,200,成功,h264,640x360,29.97002997002997,有音频,1.927
Cine Terror LatAm,https://jmp2.uk/plu-5dcddf1ed95e740009fef7ab.m3u8,,,,CineTerror.us@LatAm,,,,https://images.pluto.tv/channels/5f12111c9e6c2c00078ef3bb/colorLogoPNG.png,Movies,1280x720,iptv-org-all.txt,80,200,成功,h264,1280x720,30.0,有音频,1.047
Canal Capital (1080p),http://138.121.15.230:9002/CANAL-CAPITAL/index.m3u8,,,,CanalCapital.co@SD,,,,https://i.imgur.com/zAYtbYi.png,General,720x480,iptv-org-all.txt,233,200,成功,mpeg2video,720x480,29.97002997002997,有音频,1.217
CBS News Sacramento (720p),https://lineup.cbsivideo.com/playout/c1ed69db-6b71-4581-a937-a70ab4089f8a/index.m3u8,,,,CBSNewsSacramento.us@SD,,,,https://i.imgur.com/0e1kSGX.png,News,1280x720,iptv-org-all.txt,68,200,成功,h264,1280x720,29.97002997002997,有音频,1.708
CCI Channel (1080p),https://livestream.mediacci.com/ccitv/index.m3u8,,,,CCIChannel.hn@SD,,,,https://i.imgur.com/c6hm03f.png,Religious,1920x1080,iptv-org-all.txt,839,200,成功,h264,1920x1080,,有音频,1.271
Canal CHD,https://vs20.live.opencaster.com/canalchd2025_8d99626c/index.m3u8,,,,CanalCHD.co@SD,,,,https://i.imgur.com/cNv1MPs.jpeg,General,1280x720,iptv-org-all.txt,1287,200,成功,h264,1280x720,29.97002997002997,有音频,1.779
Canal Latino 54 (360p),https://videostream.chileservidores.com:8081/latina/index.m3u8,,,,CanalLatino54.cl@SD,,,,https://i.imgur.com/mKUQoX7.png,Undefined,640x360,iptv-org-all.txt,73,200,成功,h264,640x360,29.97002997002997,有音频,1.898
Classica (720p),https://jmp2.uk/plu-5f779951372da90007fd45e8.m3u8,,,,Classica.us@SD,,,,https://i.imgur.com/bLjmQTU.png,Music,1216x684,iptv-org-all.txt,561,200,成功,h264,1216x684,30.0,有音频,0.740
Car Chase (Sweden) DK (720p),https://jmp2.uk/plu-65a93b0607e03a000895abda.m3u8,,,,CarChase.se@DK,,,,https://images.pluto.tv/channels/65a93b0607e03a000895abda/colorLogoPNG.png,Series,1280x720,iptv-org-all.txt,337,200,成功,h264,1280x720,30.0,有音频,0.878
Best of MTV DK,https://jmp2.uk/plu-632aff5e44111b00076ad9b1.m3u8,,,,BestofMTV.se@DK,,,,https://images.pluto.tv/channels/632aff5e44111b00076ad9b1/colorLogoPNG_1767773210944.png,Entertainment,1216x684,iptv-org-all.txt,78,200,成功,h264,1216x684,30.0,有音频,1.318
BTB Info (1080p),https://emisja2.btb.j00r.us/iptv/session/4/hls.m3u8,,,,BTBInfo.pl@SD,,,,https://btb.j00r.us/img.php?id=87fa06e1418604cb096a0bb3f24e4371&type=Primary&w=400&t=BTB+Info,Documentary;News,1600x900,iptv-org-all.txt,1581,200,成功,h264,1600x900,25.0,有音频,4.197
Bounce XL (1080p),https://cdn-uw2-prod.tsv2.amagi.tv/linear/amg01438-ewscrippscompan-bouncexl-tablo/playlist.m3u8,,,,BounceXL.us@SD,,,,https://i.imgur.com/GzxgSkc.png,Entertainment,426x240,iptv-org-all.txt,549,200,成功,h264,426x240,29.97002997002997,有音频,2.867
CBC TV8 (1080p) [Not 24/7],https://1740288887.rsc.cdn77.org/1740288887/index.m3u8,,,,CBCTV8.bb@SD,,,,https://i.imgur.com/WsD83lq.png,General,1920x1080,iptv-org-all.txt,297,200,成功,h264,1920x1080,29.97002997002997,有音频,1.727
Bob Esponja Pantalones Cuadrados (720p),https://jmp2.uk/plu-6254598f5083f800076d8563.m3u8,,,,BobEsponjaPantalonesCuadrados.us@LatAm,,,,https://images.pluto.tv/channels/6254598f5083f800076d8563/colorLogoPNG_1781042617821.png,Kids,1280x720,iptv-org-all.txt,78,200,成功,h264,1280x720,30.0,有音频,0.892
Canal Pulpo TV,https://vs20.live.opencaster.com/canalpulpotv_bdeee6e2/index.m3u8,,,,CanalPulpoTV.ar@SD,,,,https://new.opencaster.com/uploads/logos/logo_306_1756336707.png,Entertainment,1280x720,iptv-org-all.txt,160,200,成功,h264,1280x720,30.0,有音频,1.654
Cinerama Television (720p),https://live.cineramatvbo.com/hls/stream.m3u8,,,,CineramaTelevision.bo@SD,,,,https://play-lh.googleusercontent.com/RJ49IeJve4VPALBXqrqJGeAYOEoLQIZZ4zWwtJhofisng6ZYwGemZ-VXCx9ZQ-u7fw,Entertainment,854x480,iptv-org-all.txt,626,200,成功,h264,854x480,24.0,有音频,0.888
Chandel TV (720p),https://kali.vdopanel.com:3660/live/vj6jlam1rlive.m3u8,,,,ChandelTV.tg@SD,,,,https://i.imgur.com/jQO7dVE.png,Entertainment,1280x720,iptv-org-all.txt,1277,200,成功,h264,1280x720,25.0,有音频,3.789
Chithiram (576p),https://cdn.pishow.tv/ott/live/1243/master.m3u8,,,,Chithiram.in@SD,,,,https://i.imgur.com/xv9cWSh.png,Kids,424x240,iptv-org-all.txt,238,200,成功,h264,424x240,25.0,有音频,8.412
Camp Spoopy (576p),https://stream.ads.ottera.tv/playlist.m3u8?network_id=269,,,,CampSpoopy.us@SD,,,,https://img2.static-ottera.com/prod/tg/linear_channel/logo/640x360/camp-spoopy-2021_1920-x-1080_option-5.jpg,Kids,1280x720,iptv-org-all.txt,502,200,成功,h264,1280x720,23.976023976023978,有音频,2.688
Big Planet (576p),https://fs.uplink.kz/big_planet/mono.m3u8?token=onlinetv,,,,BigPlanet.ru@SD,,,,https://i.imgur.com/wyuqWTR.png,Undefined,720x576,iptv-org-all.txt,227,200,成功,h264,720x576,25.0,有音频,6.090
CBS News 24/7 (720p),https://jmp2.uk/plu-6350fdd266e9ea0007bedec5.m3u8,,,,CBSNews247.us@SD,,,,https://upload.wikimedia.org/wikipedia/commons/thumb/b/b0/CBS_News_247_logo.svg/960px-CBS_News_247_logo.svg.png,News,1280x720,iptv-org-all.txt,574,200,成功,h264,1280x720,30.0,有音频,0.713
Bon Dia TV (1080p),https://directes-tv-int.3catdirectes.cat/live-content/bondia-hls/master.m3u8,,,,BonDiaTV.es@SD,,,,https://i.imgur.com/VgRCu2U.png,General;Public,1920x1080,iptv-org-all.txt,834,200,成功,h264,1920x1080,25.0,有音频,11.142
Canal Chilote (720p),https://videostream.chileservidores.com:8081/chiloe2/index.m3u8,,,,CanalChilote.cl@SD,,,,https://i.imgur.com/mdYIKyt.png,Entertainment,1280x720,iptv-org-all.txt,1234,200,成功,h264,1280x720,29.97002997002997,有音频,1.902
Canal PyC (720p),https://live20.bozztv.com/akamaissh101/ssh101/pyctelevision/playlist.m3u8,,,,CanalPyC.co@SD,,,,https://i.imgur.com/3qxBDhV.png,News,1280x720,iptv-org-all.txt,58,200,成功,h264,1280x720,29.97002997002997,有音频,1.442
Clarity 4K (2160p) [Geo-blocked],https://pb-qyrvophnifz47.akamaized.net/Clarity_4K.m3u8,,,,Clarity4K.us@SD,,,,https://i.imgur.com/M87kbVk.png,General,3840x2160,iptv-org-all.txt,542,200,成功,hevc,3840x2160,29.97002997002997,有音频,1.491
BFM2 (1080p),https://d1ib1gsg71oarf.cloudfront.net/v1/master/3722c60a815c199d9c0ef36c5b73da68a62b09d1/cc-scp7wda722jph/BFM2_FR.m3u8,,,,BFM2.fr@HD,,,,https://alloforfait.fr/wp-content/uploads/2024/03/logo-bfm2-300x200.jpg,News,640x360,iptv-org-all.txt,979,200,成功,h264,640x360,25.0,有音频,4.196
Bol Entertainment HD,https://vodzong.mjunoon.tv:8087/streamtest/Channel5-159-4/playlist.m3u8,,,,BolEntertainment.pk@HD,,,,https://i.imgur.com/eajSRFo.png,Entertainment,640x360,iptv-org-all.txt,1396,200,成功,h264,640x360,25.0,有音频,4.445
Bolajon (576p),https://stream8.cinerama.uz/1007/playlist.m3u8,,,,Bolajon.uz@SD,,,,https://i.imgur.com/s7o0ifu.png,Kids,1024x576,iptv-org-all.txt,2159,200,成功,h264,1024x576,25.0,有音频,10.904
Boonniyom TV,https://live.x2.co.th/live/bntv.m3u8,,,,BoonniyomTV.th@SD,,,,https://i.imgur.com/KvdFCD5.png,Religious,,iptv-org-all.txt,1043,200,成功,h264,,,有音频,10.234
Belarus-1 (1080p),https://ngtrk.dc.beltelecom.by/ngtrk/_definst_/smil:belarus1.smil/playlist.m3u8,,,,Belarus1.by@SD,,,,https://i.imgur.com/sUD9t5j.png,General,640x360,iptv-org-all.txt,172,200,成功,h264,640x360,25.0,有音频,10.301
Bellator MMA,https://jmp2.uk/plu-5ebc8688f3697d00072f7cf8.m3u8,,,,BellatorMMA.us@SD,,,,https://i.imgur.com/VBKoLHk.png,Sports,1280x720,iptv-org-all.txt,570,200,成功,h264,1280x720,30.0,有音频,0.896
Charterfeber,https://jmp2.uk/plu-61c1dda0fe470d00080f85b8.m3u8,,,,Charterfeber.se@NO,,,,https://images.pluto.tv/channels/61c1dda0fe470d00080f85b8/colorLogoPNG.png,Entertainment,1216x684,iptv-org-all.txt,94,200,成功,h264,1216x684,30.0,有音频,0.945
City Eden KinoKomediya [Not 24/7],https://cityeden.catcast.tv/content/41331/index.m3u8,,,,CityEdenKinoKomediya.ru@HD,,,,https://i.imgur.com/Aga2XVA.png,Movies,1280x716,iptv-org-all.txt,3034,200,成功,h264,1280x716,24.0,有音频,13.040
Canal 45 (576p),https://nlb1-live.emitstream.com/hls/625csn5et2iszm9oze65/master.m3u8,,,,Canal45.es@SD,,,,https://i.imgur.com/yEfSnGt.png,Undefined,720x576,iptv-org-all.txt,1238,200,成功,h264,720x576,25.0,有音频,7.973
Cheksiz TV,https://fl.biztv.media/cheksiz_tv_480_unif7hujidth7f4du83jrhuid3k94j8hfj8d93eubych8eju93n4ubt/tracks-v1a1/mono.m3u8,,,,CheksizTV.uz@SD,,,,https://i.imgur.com/f7hHmmR.jpeg,Entertainment,854x480,iptv-org-all.txt,1666,200,成功,h264,854x480,29.97002997002997,有音频,4.156
Cherniveckiy promin (720p),https://langate.tv/promin/live_720/index.m3u8,,,,Cherniveckiypromin.ua@SD,,,,https://i.imgur.com/O9nQ5po.png,News,1280x720,iptv-org-all.txt,1562,200,成功,h264,1280x720,25.0,有音频,8.598
Blue Bloods,https://jmp2.uk/plu-61b3b8c645b45d0007a9bb8d.m3u8,,,,BlueBloods.us@SD,,,,https://images.pluto.tv/channels/61b3b8c645b45d0007a9bb8d/colorLogoSVG.svg,Series,1280x720,iptv-org-all.txt,2057,200,成功,h264,1280x720,30.0,有音频,2.010
BHTV35 (720p),https://cdn3.wowza.com/5/V2Y2VmhqMEFDTUkx/beverlyhills/G0072_007/playlist.m3u8,,,,BHTV35.us@SD,,,,https://i.imgur.com/3Gqc5f2.png,Undefined,1280x720,iptv-org-all.txt,80,200,成功,h264,1280x720,25.0,有音频,0.480
Cinevision Canal 19 (1080p) [Not 24/7],https://5790d294af2dc.streamlock.net/tvhdlive/tvhdlive/playlist.m3u8,,,,CinevisionCanal19.do@SD,,,,https://i.imgur.com/mJN2XNm.png,General,1920x1080,iptv-org-all.txt,81,200,成功,h264,1920x1080,29.97002997002997,有音频,2.000
Chappelle's Show,https://jmp2.uk/plu-65e9783b0d456100082d9e05.m3u8,,,,ChappellesShow.se@SE,,,,https://images.pluto.tv/channels/65e976ad0d456100082d9b74/colorLogoPNG.png,Comedy,1280x720,iptv-org-all.txt,88,200,成功,h264,1280x720,30.0,有音频,1.909
Cira TV (1080p),https://hlspackager.akamaized.net/live/DB/CIRA_TV/HLS/CIRA_TV.m3u8,,,,CiraTV.de@SD,,,,https://i.imgur.com/YFnmSLW.png,Undefined,1920x1080,iptv-org-all.txt,785,200,成功,h264,1920x1080,25.0,有音频,5.067
Canalda 26 HD [Not 24/7],https://canalda.rgradio.net:3084/live/canaldalive.m3u8,,,,Canalda26HD.do@HD,,,,https://canaldahd.com/wp-content/uploads/2023/03/cropped-canaldahdlogo-1.png,General,1920x1080,iptv-org-all.txt,1199,200,成功,h264,1920x1080,29.97002997002997,有音频,1.399
Cine Western (Spain) (1080p),https://d2nq34q0i1r3la.cloudfront.net/v1/master/3722c60a815c199d9c0ef36c5b73da68a62b09d1/cc-awohw8g217ho8/CineWestern_ES.m3u8,,,,CineWestern.es@SD,,,,https://i.imgur.com/2UROzSc.png,Movies,1920x1080,iptv-org-all.txt,893,200,成功,h264,1920x1080,25.0,有音频,4.348
City TV Carlsbad (720p),https://edge-f.swagit.com/live/carlsbadca/live-3-a-1/playlist.m3u8,,,,CityTVCarlsbad.us@SD,,,,https://i.imgur.com/G6h8efT.png,General,1280x720,iptv-org-all.txt,68,200,成功,h264,1280x720,29.97002997002997,有音频,0.591
Better Life Nature Channel (480p),https://tgn.bozztv.com/betterlife/betternature/betternature/index.m3u8,,,,BetterLifeNatureChannel.us@SD,,,,https://i.imgur.com/D8Vuw6I.png,Relax,704x480,iptv-org-all.txt,657,200,成功,h264,704x480,29.97002997002997,有音频,1.285
CCTV-2 (720p),http://74.91.26.218:82/live/cctv2hd.m3u8,,,,CCTV2.cn@SD,,,,https://i.imgur.com/ILamhwU.png,Business,1280x720,iptv-org-all.txt,100,200,成功,h264,1280x720,25.0,有音频,1.499
Carac 3 (1080p),https://lfmhd.vedge.infomaniak.com/livecast/lfmhd/playlist.m3u8,,,,Carac3.ch@SD,,,,https://i.imgur.com/C4e8cjt.png,Entertainment,1920x1080,iptv-org-all.txt,1580,200,成功,h264,1920x1080,25.0,有音频,5.778
Black Family Sitcoms,https://jmp2.uk/plu-686d61503484d6073283059d.m3u8,,,,BlackFamilySitcoms.us@SD,,,,https://images.pluto.tv/channels/686d61503484d6073283059d/colorLogoPNG_1752619670829.png,Comedy,1280x720,iptv-org-all.txt,261,200,成功,h264,1280x720,30.0,有音频,2.378
Cine Terror BR,https://jmp2.uk/plu-5f12111c9e6c2c00078ef3bb.m3u8,,,,CineTerror.us@BR,,,,https://images.pluto.tv/channels/5f12111c9e6c2c00078ef3bb/colorLogoPNG.png,Movies,1280x720,iptv-org-all.txt,309,200,成功,h264,1280x720,30.0,有音频,1.046
BET Visionaries,https://jmp2.uk/plu-663946c1b18d700008d9c168.m3u8,,,,BETVisionaries.us@SD,,,,https://images.pluto.tv/channels/663946c1b18d700008d9c168/colorLogoPNG_1759338795452.png,Movies,1216x684,iptv-org-all.txt,86,200,成功,h264,1216x684,30.0,有音频,1.041
Cine Horreur by Pluto TV,https://jmp2.uk/plu-66e1978babec540008ce41ac.m3u8,,,,CineHorreurbyPlutoTV.de@FR,,,,https://images.pluto.tv/channels/66e1978babec540008ce41ac/colorLogoPNG_1751272165674.png,Movies,1216x684,iptv-org-all.txt,81,200,成功,h264,1216x684,30.0,有音频,0.776
Cablenoticias (1080p),http://181.78.211.244:8005/play/a09u/index.m3u8,,,,Cablenoticias.co@SD,,,,https://i.imgur.com/FfhOGR9.png,News,1920x1080,iptv-org-all.txt,231,200,成功,h264,1920x1080,29.97002997002997,有音频,1.350
Bendicion Channel (720p),https://s.emisoras.tv:8081/bendicionchannel/index.m3u8,,,,BendicionChannel.co@HD,,,,https://i.imgur.com/yKzV7m7.png,Religious,1920x1080,iptv-org-all.txt,70,200,成功,h264,1920x1080,30.0,有音频,1.836
Canaf54 TV,https://5caf24a595d94.streamlock.net:1937/pvyugfkzkc/pvyugfkzkc/playlist.m3u8,,,,Canaf54TV.uk@SD,,,,https://i.imgur.com/viB0FS2.png,General,854x480,iptv-org-all.txt,416,200,成功,h264,854x480,29.97002997002997,有音频,1.205
CityTV Lakewood (720p),https://dlttx48mxf9m3.cloudfront.net/vod_clients/lakewood/live/ch1/video.m3u8,,,,CityTVLakewood.us@SD,,,,https://i.imgur.com/e1shzv9.png,General,1280x720,iptv-org-all.txt,470,200,成功,h264,1280x720,29.97002997002997,有音频,1.315
Better Health TV (480p),https://tgn.bozztv.com/betterlife/betterhealth/betterhealth/index.m3u8,,,,BetterHealthTV.us@SD,,,,https://i.imgur.com/qnwJiji.png,Lifestyle,704x480,iptv-org-all.txt,735,200,成功,h264,704x480,29.97002997002997,有音频,1.291
Canal 10 (El Salvador) (720p),https://5ca3e84a76d30.streamlock.net/tves/videotves/playlist.m3u8,,,,Canal10.sv@SD,,,,https://i.imgur.com/y2ppMnY.png,General,1920x1080,iptv-org-all.txt,80,200,成功,h264,1920x1080,29.97002997002997,有音频,0.709
BLK Regional TV (1080p),https://58bd5b7a98e04.streamlock.net/medienasa-live/_definst_/mp4:BLKonline_high/playlist.m3u8,,,,BLKRegionalTV.de@SD,,,,https://i.imgur.com/JLgnPG1.png,Undefined,1920x1080,iptv-org-all.txt,1177,200,成功,h264,1920x1080,25.0,有音频,3.771
Canal 8 (720p) [Not 24/7],https://mdstrm.com/live-stream-playlist/5a7b1e63a8da282c34d65445.m3u8,,,,Canal8.cr@SD,,,,https://i.imgur.com/nefPi2Y.png,General,1280x720,iptv-org-all.txt,170,200,成功,h264,1280x720,59.94005994005994,有音频,2.353
Bull DK,https://jmp2.uk/plu-6964b982ca459f9b939da8e6.m3u8,,,,Bull.se@DK,,,,https://images.pluto.tv/channels/6964b982ca459f9b939da8e6/colorLogoPNG_1770900947317.png,Series,1280x720,iptv-org-all.txt,779,200,成功,h264,1280x720,30.0,有音频,1.477
Canal 12 (576p),http://186.33.26.18:8000/play/a0nw/index.m3u8,,,,Canal12.sv@SD,,,,https://i.imgur.com/WMv3yEf.png,General,544x480,iptv-org-all.txt,180,200,成功,h264,544x480,29.97002997002997,有音频,0.882
Bukedde TV 2 (576p) [Not 24/7],https://stream.hydeinnovations.com/bukedde2flussonic/index.m3u8,,,,BukeddeTV2.ug@SD,,,,https://i.imgur.com/ukwPZeY.png,General,1920x1080,iptv-org-all.txt,1917,200,成功,h264,1920x1080,25.0,有音频,11.280
Box Kids TV (720p),http://170.83.49.66:8083/BOXKIDSHD/index.m3u8,,,,BoxKidsTV.br@SD,,,,https://upload.wikimedia.org/wikipedia/commons/1/18/Boxkidstv.png,Kids,1280x720,iptv-org-all.txt,401,200,成功,h264,1280x720,29.97002997002997,有音频,2.451
Cine Thrillers by Pluto TV,https://jmp2.uk/plu-60c3472a51a2050008dad272.m3u8,,,,CineThrillersbyPlutoTV.de@FR,,,,https://images.pluto.tv/channels/60c3472a51a2050008dad272/colorLogoPNG_1751272093012.png,Movies,1216x684,iptv-org-all.txt,82,200,成功,h264,1216x684,30.0,有音频,1.016
CCTV-Billiards (1080p),http://38.75.136.137:98/gslb/dsdqpub/ystq.m3u8?auth=testpub,,,,CCTVBilliards.cn@HD,,,,https://i.imgur.com/WK3keM9.png,Sports,1920x1080,iptv-org-all.txt,127,200,成功,h264,1920x1080,25.0,有音频,0.643
Bloomberg Originals SD (1080p),https://86fdc85a.wurl.com/master/f36d25e7e52f1ba8d7e56eb859c636563214f541/TEctZ2JfQmxvb21iZXJnT3JpZ2luYWxzX0hMUw/playlist.m3u8,,,,BloombergOriginals.us@SD,,,,https://jiotvimages.cdn.jio.com/dare_images/images/Bloomberg_Originals.png,Business;Documentary,384x216,iptv-org-all.txt,1141,200,成功,h264,384x216,29.97002997002997,有音频,9.011
Chinola TV (480p),https://tv.wracanal10.com:3300/live/chinolatvlive.m3u8,,,,ChinolaTV.do@SD,,,,https://i.imgur.com/ybud4dI.png,Kids,1920x1080,iptv-org-all.txt,486,200,成功,h264,1920x1080,30.0,有音频,1.485
Boligkob i blinde,https://jmp2.uk/plu-63c6a27a4faf1c0007b48f7b.m3u8,,,,Boligkobiblinde.se@DK,,,,https://images.pluto.tv/channels/63c6a27a4faf1c0007b48f7b/colorLogoPNG.png,Cooking;Lifestyle,1216x684,iptv-org-all.txt,81,200,成功,h264,1216x684,30.0,有音频,1.228
City of Pompano Beach (720p),https://cdn3.wowza.com/5/M0lyamVmM2JWcjhQ/pompano/G0765_005/playlist.m3u8,,,,CityofPompanoBeach.us@SD,,,,https://i.imgur.com/Bv9OGrH.png,Legislative,1280x720,iptv-org-all.txt,348,200,成功,h264,1280x720,25.0,有音频,1.227
Bukedde TV 1 (576p),https://stream.hydeinnovations.com/bukedde1flussonic/index.m3u8,,,,BukeddeTV1.ug@SD,,,,https://i.imgur.com/HFq5QlJ.png,General,1920x1080,iptv-org-all.txt,2044,200,成功,h264,1920x1080,25.0,有音频,10.984
Better Life TV (720p),https://tgn.bozztv.com/betterlife/betterlife/betterlife/index.m3u8,,,,BetterLifeTV.us@SD,,,,https://i.imgur.com/OWI7Y0l.png,Religious,1280x720,iptv-org-all.txt,562,200,成功,h264,1280x720,29.97002997002997,有音频,1.332
Ciudad Magica (720p),https://lbgo.bozztv.com/ssh101/ssh101/verycoolfgr/playlist.m3u8,,,,CiudadMagica.ar@SD,,,,https://i.imgur.com/HJkSz2U.png,Outdoor,1920x1080,iptv-org-all.txt,72,200,成功,h264,1920x1080,30.0,有音频,1.446
Canal Santa Maria (360p),https://streaming.telered.com.ar/santa-maria/streaming/mystream.m3u8,,,,CanalSantaMaria.ar@SD,,,,https://www.canalsantamaria.com.ar/images/santamaria_logo.jpg,Religious,640x360,iptv-org-all.txt,1084,200,成功,h264,640x360,29.97002997002997,有音频,10.101
Canal Provincial (360p),https://streaming.telered.com.ar/provincial/streaming/mystream.m3u8,,,,CanalProvincial.ar@SD,,,,https://i.imgur.com/bXHHtcb.png,General,640x360,iptv-org-all.txt,1812,200,成功,h264,640x360,29.97002997002997,有音频,8.629
Cine Sony (720p),https://a-cdn.klowdtv.com/live1/cine_720p/playlist.m3u8,,,,CineSony.us@SD,,,,https://i.imgur.com/bZWoDTg.png,Movies,1280x720,iptv-org-all.txt,661,200,成功,h264,1280x720,29.97002997002997,有音频,0.295
Canal 2 NexTV Rafaela (720p),https://edge.enhdtv.com/nexthd/index.m3u8,,,,Canal2NexTVRafaela.ar@SD,,,,https://i.imgur.com/hgj3CaR.jpeg,General,1920x1080,iptv-org-all.txt,1023,200,成功,h264,1920x1080,30.0,有音频,1.291
Brat TV (1080p),https://streams2.sofast.tv/v1/master/611d79b11b77e2f571934fd80ca1413453772ac7/04072b68-dc6a-4d5e-98af-f356ba8d5063/playlist.m3u8,,,,BratTV.us@SD,,,,https://i.imgur.com/Kkcp9Bk.png,Kids,1920x1080,iptv-org-all.txt,953,200,成功,h264,1920x1080,29.97002997002997,有音频,4.345
Boushehr TV,https://ncdn.telewebion.ir/bushehr/live/playlist.m3u8,,,,BoushehrTV.ir@SD,,,,https://upload.wikimedia.org/wikipedia/fa/thumb/9/94/Bushehr_TV.svg/500px-Bushehr_TV.svg.png,Undefined,720x576,iptv-org-all.txt,3480,200,成功,h264,720x576,25.0,有音频,12.577
Chardikla Time TV (1080p),https://chardikalagurbanitv.gigabitcdn.net/in-chardikala/chardikala-timetv/playlist.m3u8,,,,ChardiklaTimeTV.in@SD,,,,https://xstreamcp-assets-msp.streamready.in/assets/LIVETV/LIVECHANNEL/LIVETV_LIVETVCHANNEL_CHARDIKLA_TIME_TV/images/LOGO_HD/image.png,News,1920x1080,iptv-org-all.txt,608,200,成功,h264,1920x1080,25.0,有音频,0.953
Best of MTV NO,https://jmp2.uk/plu-632afc466699570007ed1106.m3u8,,,,BestofMTV.se@NO,,,,https://images.pluto.tv/channels/632aff5e44111b00076ad9b1/colorLogoPNG_1767773210944.png,Entertainment,1216x684,iptv-org-all.txt,80,200,成功,h264,1216x684,30.0,有音频,2.057
CBS KWTV-DT (720p) [Not 24/7],https://fuel-streaming-prod01.fuelmedia.io/v1/sem/e48409e7-672d-42f2-b5e0-ebb6744b0425.m3u8,,,,CBS.us@KWTVDT,,,,https://upload.wikimedia.org/wikipedia/commons/thumb/e/ee/CBS_logo_%282020%29.svg/960px-CBS_logo_%282020%29.svg.png,General,512x288,iptv-org-all.txt,2978,200,成功,h264,512x288,30.0,有音频,5.066
Canal 5 Del Pueblo [Not 24/7],https://stmv4.voxtvhd.com.br/canal5pueblo/canal5pueblo/playlist.m3u8,,,,Canal5DelPueblo.ar@SD,,,,https://i.ibb.co/XzcYYMc/Canal-5-alcorta-ver.jpg,General,856x480,iptv-org-all.txt,237,200,成功,h264,856x480,30.0,有音频,1.108
Clubbing TV UK (720p),https://a-cdn.klowdtv.com/live3/clubbingtv_720p/playlist.m3u8,,,,ClubbingTV.us@UK,,,,https://i.imgur.com/MyiA92q.png,Music,1280x720,iptv-org-all.txt,966,200,成功,h264,1280x720,50.0,有音频,0.267
Belgorod 24 (1080p),https://belnovosti.cdn.easyhoster.ru:8443/stream.m3u8,,,,Belgorod24.ru@SD,,,,https://i.imgur.com/EEirvyx.png,General,1280x720,iptv-org-all.txt,2409,200,成功,h264,1280x720,100.0,有音频,4.756
BNR Nieuwsradio (720p) [Geo-blocked],https://bnr-cache-cdp.triple-it.nl/studio/index.m3u8,,,,BNRNieuwsradio.nl@SD,,,,https://i.imgur.com/d0KLwkj.png,Undefined,1920x1080,iptv-org-all.txt,1025,200,成功,h264,1920x1080,25.0,有音频,3.161
CGNTV Chinese (1080p),https://d3e05csss9c272.cloudfront.net/out/v1/f0bf71c57581470fb9379f603e8f5d83/CGNWebLiveCN.m3u8,,,,CGNTVChinese.tw@SD,,,,https://i.imgur.com/bPoPAbR.png,Religious,640x360,iptv-org-all.txt,365,200,成功,h264,640x360,29.97002997002997,有音频,3.669
CMC-USA Country Music Channel (720p),https://hwlive.streamingmediahosting.com/14215-live/0_obd393sh/playlist.m3u8,,,,CMCUSACountryMusicChannel.us@SD,,,,https://i.imgur.com/QsANRSu.png,Music,1280x720,iptv-org-all.txt,681,200,成功,h264,1280x720,60.0,有音频,1.186
Best of Dance TV (1080p),https://m1b2.worldcast.tv/dancetelevisionone/dancetelevisionone.m3u8,,,,BestofDanceTV.ee@SD,,,,https://hebbkx1anhila5yf.public.blob.vercel-storage.com/dt-logo-ARVwXaV7R0NW1kmXYBxN0OA78sD706.png,Music,1920x1080,iptv-org-all.txt,1733,200,成功,h264,1920x1080,25.0,有音频,4.154
Canal del Sur (720p),https://oracle.streaminghd.cl/canal-del-sur/canal-del-sur/playlist.m3u8,,,,CanaldelSur.cl@SD,,,,https://i.imgur.com/NVLJBzy.png,Undefined,1280x720,iptv-org-all.txt,929,200,成功,h264,1280x720,29.97002997002997,有音频,3.251
Bondi Rescue (United States) (720p),https://jmp2.uk/plu-66166989635c7500084105a2.m3u8,,,,BondiRescue.us@CA,,,,https://images.pluto.tv/channels/66166989635c7500084105a2/colorLogoPNG.png,Entertainment,1216x684,iptv-org-all.txt,107,200,成功,h264,1216x684,30.0,有音频,0.791
Broad City NO,https://jmp2.uk/plu-65cba778ec452d0008acbe86.m3u8,,,,BroadCity.se@NO,,,,https://images.pluto.tv/channels/65cba73611ced700082123bc/colorLogoPNG.png,Comedy,1216x684,iptv-org-all.txt,1245,200,成功,h264,1216x684,30.0,有音频,1.625
Canal 26 (Argentina) (1080p),https://stream-gtlc.telecentro.net.ar/hls/canal26hls/main.m3u8,,,,Canal26.ar@SD,,,,https://upload.wikimedia.org/wikipedia/commons/thumb/c/c5/Canal_26_logo_%282022%29.svg/500px-Canal_26_logo_%282022%29.svg.png,News,1920x1080,iptv-org-all.txt,1211,200,成功,h264,1920x1080,25.0,有音频,4.690
Canal 5 TV Chepes,https://videostream.shockmedia.com.ar:19360/canal5alfatvchepes/canal5alfatvchepes.m3u8,,,,Canal5TVChepes.ar@SD,,,,https://i.imgur.com/AzEqroq.png,General,854x480,iptv-org-all.txt,1104,200,成功,h264,854x480,25.0,有音频,1.729
Cine Premiere,https://jmp2.uk/plu-5cf968040ab7d8f181e6a68b.m3u8,,,,CinePremiere.us@SD,,,,https://i.imgur.com/PdhWTO6.png,Movies,1216x684,iptv-org-all.txt,86,200,成功,h264,1216x684,30.0,有音频,1.042
Canal 13 (Chile) (1080p),http://15.204.246.24:8080/Canal13HD/index.m3u8,,,,Canal13.cl@SD,,,,https://static.wikia.nocookie.net/logopedia/images/0/01/Canal_13_2018.png/revision/latest/scale-to-width-down/512/,General,1920x1080,iptv-org-all.txt,68,200,成功,h264,1920x1080,59.94005994005994,有音频,0.799
Caldera Vision,https://tv.arkeo.cl:1936/kymczwbrge/kymczwbrge/playlist.m3u8,,,,CalderaVision.cl@SD,,,,https://i.imgur.com/A3Jiffe.png,General,1280x720,iptv-org-all.txt,152,200,成功,h264,1280x720,30.0,有音频,3.641
CAM 10 TV (720p),https://stream.it-innov.com/cam10tv/index.m3u8,,,,CAM10TV.cm@SD,,,,https://i.imgur.com/xspb9uY.png,General,720x576,iptv-org-all.txt,1289,200,成功,h264,720x576,25.0,有音频,4.388
City TV (Hungary),https://citytv.hu/playlist.m3u8,,,,CityTV.hu@SD,,,,https://i.imgur.com/u0AKhzj.png,General,720x576,iptv-org-all.txt,3267,200,成功,h264,720x576,50.0,有音频,4.538
Canal 4 San Juan (576p),https://streamlov.alsolnet.com/canal4sanjuan/live/playlist.m3u8,,,,Canal4SanJuan.ar@SD,,,,https://i.imgur.com/MsCnwRA.png,Undefined,1280x720,iptv-org-all.txt,678,200,成功,h264,1280x720,30.0,有音频,1.920
Boogle Bollywood (720p),https://yuppnimrestreammum.akamaized.net/181224/smil:bogglebollywood.smil/playlist.m3u8?hdnts=st=1735898689~exp=1835898688~acl=*~hmac=f5fe24724fe05481e3841f9eb5ab8efdee0a3dd83645ae9dcf45703f525bab7b,,,,BoogleBollywood.in@SD,,,,https://jiotvimages.cdn.jio.com/dare_images/images/Boogle_Bollywood.png,Music,640x360,iptv-org-all.txt,33,200,成功,h264,640x360,25.0,有音频,5.106
Breinholts,https://jmp2.uk/plu-660d6c0094db140008fe2f74.m3u8,,,,Breinholts.se@DK,,,,https://images.pluto.tv/channels/660d6c0094db140008fe2f74/colorLogoPNG.png,Entertainment,1216x684,iptv-org-all.txt,116,200,成功,h264,1216x684,30.0,有音频,2.368
Cadena103.TV,https://streamlov.alsolnet.com/cadena103/live/playlist.m3u8,,,,Cadena103TV.ar@SD,,,,https://i.imgur.com/vBsry35.png,Undefined,1280x720,iptv-org-all.txt,87,200,成功,h264,1280x720,30.0,有音频,2.075
Ciftci TV (720p) [Not 24/7],https://live.artidijitalmedya.com/artidijital_ciftcitv/ciftcitv/playlist.m3u8,,,,CiftciTV.tr@SD,,,,https://i.imgur.com/CLzP4vL.png,Culture;Education,1280x720,iptv-org-all.txt,361,200,成功,h264,1280x720,25.0,有音频,6.833
Car Chase (Sweden) NO (720p),https://jmp2.uk/plu-65a93b870c7ff50008d1ca47.m3u8,,,,CarChase.se@NO,,,,https://images.pluto.tv/channels/65a93b0607e03a000895abda/colorLogoPNG.png,Series,1280x720,iptv-org-all.txt,274,200,成功,h264,1280x720,30.0,有音频,1.138
Ciracu TV (720p) [Not 24/7],https://cloud37.ecuatel.com/ciracutv/live/manifest.m3u8,,,,CiracuTV.ec@SD,,,,https://i.imgur.com/mkf2TJ6.png,Culture,1280x720,iptv-org-all.txt,756,200,成功,h264,1280x720,60.0,有音频,2.486
Big Asia (720p),http://live-bigasia.cdnvideo.ru/bigasia/bigasia.smil/playlist.m3u8,,,,BigAsia.ru@SD,,,,https://i.imgur.com/vruuPKF.png,Undefined,430x240,iptv-org-all.txt,896,200,成功,h264,430x240,25.0,有音频,5.582
BMG TV,https://tv.nucast.tv/lb/ge/bmg/index.m3u8,,,,BMGTV.ge@SD,,,,https://i.imgur.com/vGLkTPA.png,Business,1920x1080,iptv-org-all.txt,2998,200,成功,h264,1920x1080,25.0,有音频,5.171
CBS News Miami (720p),https://cbsn-mia.cbsnstream.cbsnews.com/out/v1/ac174b7938264d24ae27e56f6584bca0/master.m3u8,,,,CBSNewsMiami.us@SD,,,,https://i.imgur.com/DExbVa9.png,News,320x180,iptv-org-all.txt,641,200,成功,h264,320x180,29.97002997002997,有音频,1.708
Canal 5 El Lider (720p),http://186.33.26.18:8000/play/a0s4/index.m3u8,,,,Canal5ElLider.hn@SD,,,,https://i.imgur.com/4hEYFa9.png,General,1280x720,iptv-org-all.txt,179,200,成功,h264,1280x720,30.0,有音频,1.003
Capital TV HD HD,https://streaming.tvnepal.com:19360/capitaltv/720p.m3u8,,,,CapitalTVHD.np@HD,,,,https://i.imgur.com/hb4bq1t.png,General,1280x720,iptv-org-all.txt,1949,200,成功,h264,1280x720,25.0,有音频,5.876
Chappelle's Show DK,https://jmp2.uk/plu-65e976ad0d456100082d9b74.m3u8,,,,ChappellesShow.se@DK,,,,https://images.pluto.tv/channels/65e976ad0d456100082d9b74/colorLogoPNG.png,Comedy,1280x720,iptv-org-all.txt,79,200,成功,h264,1280x720,30.0,有音频,1.203
Carac 4 (1080p),https://edge17.vedge.infomaniak.com/livecast/ik:compack_media_1/playlist.m3u8,,,,Carac4.ch@SD,,,,https://i.imgur.com/Dj5LPy3.png,Entertainment,,iptv-org-all.txt,1498,200,成功,h264,,,有音频,13.966
Canal 13 La Rioja (480p),http://arcast.net:1935/mp/mp/playlist.m3u8,,,,Canal13LaRioja.ar@SD,,,,https://i.imgur.com/OI97Sgq.png,Undefined,1280x720,iptv-org-all.txt,444,200,成功,h264,1280x720,25.0,有音频,0.873
Chef TV (720p),http://168.197.104.22/CHEF_TV/index.m3u8,,,,ChefTV.br@SD,,,,https://i.imgur.com/UYksTee.png,Cooking,1920x1080,iptv-org-all.txt,347,200,成功,h264,1920x1080,29.97002997002997,有音频,1.803
Celebrity Name Game (1080p) [Geo-blocked],https://amg00353-amg00353c19-xumo-us-2608.playouts.now.amagi.tv/lionsgate-clbng/playlist.m3u8,,,,CelebrityNameGame.us@SD,,,,https://provider-static.plex.tv/epg/cms/production/773232e1-5c36-490b-922e-e5be8ec12eb2/celebrityd5796a3e14bf45513f7b3071b90d030.png,Series,1920x1080,iptv-org-all.txt,393,200,成功,h264,1920x1080,29.97002997002997,有音频,3.281
Beverly Hills 90210,https://jmp2.uk/plu-5f4d83e0a382c00007bc02e7.m3u8,,,,BeverlyHills90210.us@SD,,,,https://images.pluto.tv/channels/5f4d83e0a382c00007bc02e7/colorLogoPNG.png,Series,1280x720,iptv-org-all.txt,376,200,成功,h264,1280x720,30.0,有音频,2.248
Canal 5 TV Cozumel (1080p),https://video0.rogohosting.com:19360/tvcozumel/tvcozumel.m3u8,,,,Canal5TVCozumel.mx@SD,,,,https://i.imgur.com/0nzNMuP.jpeg,General,1280x720,iptv-org-all.txt,1019,200,成功,h264,1280x720,60.0,有音频,1.675
Can Tho TV 2 (1080p),https://live.canthotv.vn/cs2/live.stream/playlist.m3u8,,,,CanThoTV2.vn@SD,,,,https://i.ibb.co/JjVvkMsf/cantho2-2025.png,Education;Science,1920x1080,iptv-org-all.txt,1655,200,成功,h264,1920x1080,25.0,有音频,5.495
Canal 21 Tachira (360p),https://stmv2.voxtvhd.com.br/canal21/canal21/playlist.m3u8,,,,Canal21Tachira.ve@SD,,,,https://i.imgur.com/7Tb7CF4.jpg,General,1280x720,iptv-org-all.txt,637,200,成功,h264,1280x720,30.0,有音频,1.495
Bob l'eponge (720p),https://jmp2.uk/plu-66588931a3865300085ca800.m3u8,,,,Bobleponge.us@CA,,,,https://images.pluto.tv/channels/66588931a3865300085ca800/colorLogoPNG.png,Kids,1280x720,iptv-org-all.txt,113,200,成功,h264,1280x720,30.0,有音频,0.905
Classic TV Crime Drama,https://jmp2.uk/plu-61325c4f982acd000723287e.m3u8,,,,ClassicTVCrimeDrama.us@SD,,,,https://images.pluto.tv/channels/61325c4f982acd000723287e/colorLogoPNG.png,Classic,1280x720,iptv-org-all.txt,1307,200,成功,h264,1280x720,30.0,有音频,3.314
Cin Cin,https://jmp2.uk/plu-65cb78b83a116800079e2e35.m3u8,,,,CinCin.de@IT,,,,https://images.pluto.tv/channels/65cb78b83a116800079e2e35/colorLogoPNG.png,Classic;Series,1216x684,iptv-org-all.txt,488,200,成功,h264,1216x684,30.0,有音频,1.234
Carivision (1080p) [Geo-blocked],https://ss2.tvrdomi.com:1936/carivision/carivision/playlist.m3u8,,,,Carivision.do@SD,,,,https://i.imgur.com/XjGb2UM.png,News,1280x720,iptv-org-all.txt,810,200,成功,h264,1280x720,29.97002997002997,有音频,2.369
Channel One (Russia) HD (720p),https://edge1.1internet.tv/dash-live2/streams/1tv-dvr/1tvdash.mpd,,,,ChannelOne.ru@HD,,,,https://i.imgur.com/RUSX0rX.png,General,640x360,iptv-org-all.txt,1206,200,成功,h264,640x360,,有音频,19.364
Camp Kulinaris NO,https://jmp2.uk/plu-61c1dce2fb9ae40007d0ac15.m3u8,,,,CampKulinaris.se@NO,,,,https://images.pluto.tv/channels/61c1dce2fb9ae40007d0ac15/colorLogoPNG.png,Entertainment,1280x720,iptv-org-all.txt,709,200,成功,h264,1280x720,30.0,有音频,1.532
Best of Paradise Hotel: Finalveckan,https://jmp2.uk/plu-65e97d41f7f0af0008da2543.m3u8,,,,BestofParadiseHotelFinalveckan.se@SE,,,,https://images.pluto.tv/channels/65e97d41f7f0af0008da2543/colorLogoPNG.png,Entertainment,1216x684,iptv-org-all.txt,1125,200,成功,h264,1216x684,30.0,有音频,1.342
CJ OnStyle+ (540p),https://live-ch2.cjonstyle.net/cjosplus/live2/playlist.m3u8,,,,CJOnStylePlus.kr@SD,,,,https://i.imgur.com/OYmOL20.png,Shop,720x400,iptv-org-all.txt,1327,200,成功,h264,720x400,29.97002997002997,有音频,4.478
Canal+ Action Europe Slovakia (720p),http://151.80.18.177:86/Canal+_Family_HD/index.m3u8,,,,CanalPlusActionEurope.nl@Slovakia,,,,https://upload.wikimedia.org/wikipedia/commons/thumb/5/58/Canal%2B_Action_2024.svg/1920px-Canal%2B_Action_2024.svg.png,Movies,1920x1080,iptv-org-all.txt,293,200,成功,h264,1920x1080,50.0,有音频,1.685
Can Tho TV (1080p),https://live.canthotv.vn/live/tv/chunklist.m3u8,,,,CanThoTV.vn@SD,,,,https://i.ibb.co/MDhNH26J/cantho1-2025.png,General,1920x1080,iptv-org-all.txt,1529,200,成功,h264,1920x1080,25.0,有音频,5.794
Can Tho TV 3 (1080p),https://live.canthotv.vn/cs3/tv/chunklist.m3u8,,,,CanThoTV3.vn@SD,,,,https://i.ibb.co/d4G2PD9s/cantho3-2025.png,Undefined,1920x1080,iptv-org-all.txt,1627,200,成功,h264,1920x1080,25.0,有音频,4.128
Canal Malaga RTV (720p) [Not 24/7],https://canalmalaga-tv-live.flumotion.com/playlist.m3u8,,,,CanalMalagaRTV.es@SD,,,,https://i.imgur.com/QSUOxtM.png,General,1280x720,iptv-org-all.txt,804,200,成功,h264,1280x720,25.0,有音频,0.727
CafeTV24 (720p),https://srvx1.selftv.video/cafe/live/playlist.m3u8,,,,CafeTV24.it@SD,,,,https://i.imgur.com/SRFzjja.png,Undefined,1920x1080,iptv-org-all.txt,736,200,成功,h264,1920x1080,25.0,有音频,3.743
Canal Sur,https://cdn.stmify.com/zapitv/stream/CANAL_SUR/canal_sur_hd.mpd,,,,CanalSur.es@SD,,,,https://upload.wikimedia.org/wikipedia/commons/thumb/a/ad/Canal_Sur_Televisi%C3%B3n_2011-2017_logo.svg/960px-Canal_Sur_Televisi%C3%B3n_2011-2017_logo.svg.png,General;Public,1920x1080,iptv-org-all.txt,220,403,成功,h264,1920x1080,25.0,有音频,13.036
Canal 30 Loncomilla (720p),https://v1.tustreaming.cl/canal30loncomilla/index.m3u8,,,,Canal30Loncomilla.cl@SD,,,,https://i.imgur.com/dgUHqrQ.png,General,1280x720,iptv-org-all.txt,1395,200,成功,h264,1280x720,29.97002997002997,有音频,3.423
Canal Educacao (720p),http://45.162.64.114/CANAL_EDUCACAO/index.m3u8,,,,CanalEducacao.br@SD,,,,https://i.imgur.com/OOB7nrS.png,Education,1280x720,iptv-org-all.txt,186,200,成功,h264,1280x720,29.97002997002997,有音频,2.261
City Eden KinoFantastika [Not 24/7],https://cityeden.catcast.tv/content/45268/index.m3u8,,,,CityEdenKinoFantastika.ru@HD,,,,https://i.imgur.com/I64FeIO.png,Movies,1280x720,iptv-org-all.txt,1704,200,成功,h264,1280x720,23.976023976023978,有音频,14.616
CCTV-Culture of Quality SD (1080p),http://38.75.136.137:98/gslb/dsdqpub/ysjp.m3u8?auth=testpub,,,,CCTVCultureofQuality.cn@SD,,,,https://i.imgur.com/Paig8gG.png,Undefined,1920x1080,iptv-org-all.txt,165,200,成功,h264,1920x1080,25.0,有音频,1.207
Canal Diocesano (576p),https://nlb2-live.emitstream.com/hls/5i3pxfuz4az356yu22ij/master.m3u8,,,,CanalDiocesano.es@SD,,,,https://i.imgur.com/uWhVKL3.png,Undefined,1920x1080,iptv-org-all.txt,924,200,成功,h264,1920x1080,25.0,有音频,3.266
Choluteca TV (1080p),https://s.emisoras.tv:8081/cholutecatv/index.m3u8,,,,CholutecaTV.hn@SD,,,,https://i.imgur.com/mpc4Isd.png,Religious,1280x720,iptv-org-all.txt,70,200,成功,h264,1280x720,24.0,有音频,1.981
Cielo TV (1080p),https://streaming.servervideo.net:1936/cielotv/cielotv/playlist.m3u8,,,,CieloTV.do@SD,,,,https://i.imgur.com/2PNw6BA.png,Religious,1920x1080,iptv-org-all.txt,759,200,成功,h264,1920x1080,60.0,有音频,1.978
Chappelle's Show NO,https://jmp2.uk/plu-65e977a618036500082ec972.m3u8,,,,ChappellesShow.se@NO,,,,https://images.pluto.tv/channels/65e976ad0d456100082d9b74/colorLogoPNG.png,Comedy,1216x684,iptv-org-all.txt,80,200,成功,h264,1216x684,30.0,有音频,1.605
Catholic Faith Network (720p),https://uni8rtmp.tulix.tv/cfntv/cfntv/playlist.m3u8,,,,CatholicFaithNetwork.us@SD,,,,https://upload.wikimedia.org/wikipedia/en/0/07/Catholic_Faith_Network_2018.png,Religious,1280x720,iptv-org-all.txt,732,200,成功,h264,1280x720,29.97002997002997,有音频,2.662
Boishakhi TV,https://boishakhi.sonarbanglatv.com/boishakhi/boishakhitv/index.m3u8,,,,BoishakhiTV.bd@SD,,,,https://i.imgur.com/gxL05Y4.png,General,1280x720,iptv-org-all.txt,1078,200,成功,h264,1280x720,25.0,有音频,1.806
City TV Channel 3/41 (360p),https://edge-f.swagit.com/live/chinohillsca/live-1-a/playlist.m3u8,,,,CityTVChannel341.us@SD,,,,https://i.imgur.com/L0vaDea.png,Legislative,1920x1080,iptv-org-all.txt,66,200,成功,h264,1920x1080,30.0,有音频,0.512
Capital 21 (1080p) [Not 24/7],https://video.cdmx.gob.mx/redes/stream.m3u8,,,,Capital21.mx@SD,,,,https://i.imgur.com/8ign49i.png,Culture;Entertainment,1920x1080,iptv-org-all.txt,1511,200,成功,h264,1920x1080,29.97002997002997,有音频,3.144
Canal 5 Santa Fe (240p),https://stream.arcast.com.ar/c5sf/c5sf/playlist.m3u8,,,,Canal5SantaFe.ar@SD,,,,https://i.imgur.com/WX0esjQ.png,Undefined,1280x720,iptv-org-all.txt,70,200,成功,h264,1280x720,25.0,有音频,2.186
CCTV-10 (720p),http://74.91.26.218:82/live/cctv10hd.m3u8,,,,CCTV10.cn@SD,,,,https://i.imgur.com/sSSO7UD.png,Education,1280x720,iptv-org-all.txt,107,200,成功,h264,1280x720,25.0,有音频,0.588
CC Pluto TV,https://jmp2.uk/plu-5d4947590ba40f75dc29c26b.m3u8,,,,CCPlutoTV.de@DACH,,,,https://images.pluto.tv/channels/5d4947590ba40f75dc29c26b/colorLogoPNG.png,Comedy,1280x720,iptv-org-all.txt,78,200,成功,h264,1280x720,30.0,有音频,0.977
Canal 8 San Juan (720p) [Not 24/7],https://live20.bozztv.com/akamaissh101/ssh101/canal8sanjuan/playlist.m3u8,,,,Canal8SanJuan.ar@SD,,,,https://files.catbox.moe/f7jbdo.png,General,1280x720,iptv-org-all.txt,58,200,成功,h264,1280x720,50.0,有音频,1.475
Bom Channel (720p),https://5f22d76e220e1.streamlock.net/canale6/canale6/playlist.m3u8,,,,BomChannel.it@SD,,,,https://bomchannel.it/wp-content/uploads/2025/02/Tavola-disegno-1-768x432.png,General,1280x720,iptv-org-all.txt,1133,200,成功,h264,1280x720,25.0,有音频,3.954
Capricho TV (720p) [Not 24/7],https://video.compuwebecuador.com:3783/live/caprichotvlive.m3u8,,,,CaprichoTV.ec@SD,,,,https://i.imgur.com/eUoj9bG.png,General,1920x1080,iptv-org-all.txt,1025,200,成功,h264,1920x1080,29.97002997002997,有音频,1.795
Canal 4 Villa Dolores,https://stmvideo3.livecastv.com/canal4vd/canal4vd/playlist.m3u8,,,,Canal4VillaDolores.ar@SD,,,,https://i.imgur.com/ZKSnGfw.png,General,854x480,iptv-org-all.txt,1847,200,成功,h264,854x480,25.0,有音频,4.882
Canal+ Cinemas (720p),http://151.80.18.177:86/Canal+_cinema_HD/index.m3u8,,,,CanalPlusCinemas.fr@SD,,,,https://i.imgur.com/fvPoNEa.jpeg,Movies,1280x720,iptv-org-all.txt,305,200,成功,h264,1280x720,25.0,有音频,1.579
CCTV-3 (720p),http://74.91.26.218:82/live/cctv3hd.m3u8,,,,CCTV3.cn@SD,,,,https://i.imgur.com/iFlkIuw.png,Entertainment,1280x720,iptv-org-all.txt,158,200,成功,h264,1280x720,25.0,有音频,0.513
CCTV-Golf & Tennis (1080p),http://38.75.136.137:98/gslb/dsdqpub/gefwq.m3u8?auth=testpub,,,,CCTVGolfTennis.cn@HD,,,,https://i.imgur.com/iqJJTmH.png,Sports,1920x1080,iptv-org-all.txt,116,200,成功,h264,1920x1080,25.0,有音频,1.413
Cine Romantico (720p),https://d1si3n1st4nkgb.cloudfront.net/10502/88886011/hls/master.m3u8?ads.xumo_channelId=88886011,,,,CineRomantico.us@SD,,,,https://i.imgur.com/FUrrDrb.png,Movies,1280x720,iptv-org-all.txt,1059,200,成功,h264,1280x720,29.97002997002997,有音频,2.207
Canal Womtv (720p),https://live.amelbatv.co:81/womtvlive/index.m3u8,,,,CanalWomtv.co@SD,,,,https://i.imgur.com/Nr4muMP.jpeg,Entertainment,1280x720,iptv-org-all.txt,995,200,成功,h264,1280x720,29.97002997002997,有音频,1.508
Canal 2 Misiones (1080p),https://nd106.republicaservers.com:4433/hls/canal2misioness/index.m3u8,,,,Canal2Misiones.ar@SD,,,,https://i.imgur.com/YqTNXDf.png,Undefined,1920x1080,iptv-org-all.txt,1403,200,成功,h264,1920x1080,25.0,有音频,4.253
Canal 13 (Guatemala) (720p),http://190.61.101.11:7050/play/a07f/index.m3u8,,,,Canal13.gt@SD,,,,https://i.imgur.com/C1yVU3J.png,General,544x480,iptv-org-all.txt,185,200,成功,h264,544x480,29.97002997002997,有音频,0.750
Canal 12 Web,https://nd106.republicaservers.com:4433/c7827.mp4,,,,Canal12Web.ar@SD,,,,https://i.imgur.com/VYcTRbd.png,Undefined,850x480,iptv-org-all.txt,237,200,成功,h264,850x480,25.0,有音频,2.370
Belarus-24 (576p),http://ott-7.sevstar.net/belarus24/index.m3u8,,,,Belarus24.by@SD,,,,https://i.imgur.com/BP7tY6F.png,News,720x576,iptv-org-all.txt,1406,200,成功,h264,720x576,25.0,有音频,3.241
CAtv (1080p) [Not 24/7],https://video2.getstreamhosting.com:19360/8216/8216.m3u8,,,,CAtv.pr@SD,,,,https://caribbeanadvantage.com/images/CAtv-logo-512.png,General,1920x1080,iptv-org-all.txt,539,200,成功,h264,1920x1080,30.0,有音频,1.721
Canal RCN (1080p),http://138.121.15.230:9002/RCN/index.m3u8,,,,CanalRCN.co@SD,,,,https://i.imgur.com/5PhTaHp.png,General,1920x1080,iptv-org-all.txt,117,200,成功,h264,1920x1080,59.94005994005994,有音频,2.906
CGTN (1080p),https://amg00405-rakutentv-cgtn-rakuten-i9tar.amagi.tv/master.m3u8,,,,CGTN.cn@SD,,,,https://upload.wikimedia.org/wikipedia/commons/thumb/8/81/CGTN.svg/960px-CGTN.svg.png,News,1920x1080,iptv-org-all.txt,546,200,成功,h264,1920x1080,30.0,有音频,4.075
Celta TV (240p),https://vivo.solumedia.com:19360/celta/celta.m3u8,,,,CeltaTV.ar@SD,,,,https://i.imgur.com/rwoIF4w.png,Undefined,640x360,iptv-org-all.txt,104,200,成功,h264,640x360,25.0,有音频,1.551
Carousel +4 (720p),http://185.37.150.46/Karusel/index.m3u8,,,,Carousel.ru@Plus4,,,,https://i.imgur.com/4wmnx1W.png,Kids,720x576,iptv-org-all.txt,371,200,成功,h264,720x576,50.0,有音频,1.736
Capital TV HD (1080p),https://streaming.tvnepal.com:19360/capitaltv/capitaltv.m3u8,,,,CapitalTVHD.np@SD,,,,https://i.imgur.com/hb4bq1t.png,General,1280x720,iptv-org-all.txt,2083,200,成功,h264,1280x720,25.0,有音频,11.607
Car Chase (United States) (720p),https://jmp2.uk/plu-65244c403fd33c0008ffff31.m3u8,,,,CarChase.us@SD,,,,https://images.pluto.tv/channels/65244c403fd33c0008ffff31/colorLogoPNG.png,Entertainment,1280x720,iptv-org-all.txt,255,200,成功,h264,1280x720,30.0,有音频,0.951
Canal Sete,http://play.canalsete.com.br:1935/canalsete/xpl-c7_source/playlist.m3u8,,,,CanalSete.br@SD,,,,https://i.imgur.com/0cq0BPp.png,General,1920x1080,iptv-org-all.txt,1165,200,成功,h264,1920x1080,29.97002997002997,有音频,3.817
Bethel Colombia (720p),http://138.121.15.230:9002/BETHEL/index.m3u8,,,,BethelColombia.co@SD,,,,https://i.imgur.com/BYdMsLL.png,Religious,1920x1080,iptv-org-all.txt,122,200,成功,h264,1920x1080,59.94005994005994,有音频,3.762
Channel8 (720p),https://live.channel8.com/Channel8-Kurdish/index.fmp4.m3u8,,,,Channel8.iq@SD,,,,https://upload.wikimedia.org/wikipedia/commons/thumb/4/40/Channel8corp.png/960px-Channel8corp.png,News,1920x1080,iptv-org-all.txt,1899,200,成功,h264,1920x1080,,有音频,18.220
Cao Bang TV (720p),https://stream.thingnet.vn/live/smil:CRTV.smil/chunklist.m3u8,,,,CaoBangTV.vn@SD,,,,https://i.imgur.com/dGonewm.png,General,854x480,iptv-org-all.txt,1842,200,成功,h264,854x480,25.0,有音频,10.820
Brian TV (720p) [Not 24/7],https://livefta.malimarcdn.com/ftaedge00/briantv.sdp/playlist.m3u8,,,,BrianTV.la@SD,,,,https://i.imgur.com/zG1WNgU.jpg,News,1280x720,iptv-org-all.txt,129,200,成功,h264,1280x720,29.97002997002997,有音频,0.441
Boreal (720p) [Not 24/7],https://edge.essastream.com/borealtelevision/tracks-v1a1/mono.m3u8,,,,Boreal.do@SD,,,,https://i.imgur.com/KSquHTG.png,Movies,1280x720,iptv-org-all.txt,26,200,成功,h264,1280x720,29.97002997002997,有音频,0.682
Canal 21 Huancayo (720p),https://play.agenciastreaming.com:8081/tvwanka/tracks-v1/index.fmp4.m3u8,,,,Canal21Huancayo.pe@HD,,,,https://i.imgur.com/Kfdkm06.png,General,1280x720,iptv-org-all.txt,929,200,成功,h264,1280x720,29.97002997002997,无音频,4.008
Canal Local (720p),https://v2.tustreaming.cl/canallocalcl/index.m3u8,,,,CanalLocal.cl@SD,,,,https://i.imgur.com/ReZXqWR.png,General,1280x720,iptv-org-all.txt,153,200,成功,h264,1280x720,29.97002997002997,有音频,3.269
CDN (576p),http://190.61.90.17:40000/play/a03p/index.m3u8,,,,CDN.do@SD,,,,https://i.imgur.com/eQyjIgf.png,General,544x480,iptv-org-all.txt,177,200,成功,h264,544x480,59.94005994005994,有音频,0.970
Benie TV (720p),https://tv.voozmedia.fun/benietv/index.m3u8,,,,BenieTV.ci@SD,,,,https://i.imgur.com/7FXi05e.jpeg,Religious,1280x720,iptv-org-all.txt,1524,200,成功,h264,1280x720,25.0,有音频,4.745
Bhagyam TV (1080p),https://ott.bhagyam.net/hls/bhagyamweb/index-1409148900-now.m3u8,,,,BhagyamTV.in@SD,,,,https://jiotvimages.cdn.jio.com/dare_images/images/aanadhamtvtamil.png,Religious,1920x1080,iptv-org-all.txt,1020,200,成功,hevc,1920x1080,50.0,有音频,8.089
Bellavision (1080p) [Not 24/7],https://fox.hostlagarto.com:8081/bellavision8hd/tracks-v1a1/mono.m3u8,,,,Bellavision.do@SD,,,,https://i.imgur.com/XqQ3kCs.png,Entertainment,1920x1080,iptv-org-all.txt,2166,200,成功,h264,1920x1080,30.0,有音频,1.460
Carousel International (576p),https://fs.uplink.kz/karusel/mono.m3u8?token=onlinetv,,,,CarouselInternational.ru@SD,,,,https://i.imgur.com/DnlngRZ.png,Kids,720x576,iptv-org-all.txt,227,200,成功,h264,720x576,25.0,有音频,5.551
Cine Amor,https://jmp2.uk/plu-5f5136317aedfb0007016f93.m3u8,,,,CineAmor.us@SD,,,,https://i.imgur.com/eAS86qH.png,Movies,1280x720,iptv-org-all.txt,1500,200,成功,h264,1280x720,30.0,有音频,1.887
Canal ISB (720p),https://unlimited1-us.dps.live/isb/isb.smil/playlist.m3u8,,,,CanalISB.cl@SD,,,,https://i.imgur.com/cQ4ggTw.png,Religious,1280x720,iptv-org-all.txt,379,200,成功,h264,1280x720,,有音频,2.817
Channel 8 (Singapore) (720p),https://cdn.qd.je/163189/ch8,,,,Channel8.sg@SD,,,,https://upload.wikimedia.org/wikipedia/commons/thumb/5/55/Mediacorp_Channel_8_2023.svg/960px-Mediacorp_Channel_8_2023.svg.png,General,1920x1080,iptv-org-all.txt,898,200,成功,h264,1920x1080,25.0,有音频,0.968
Canale 2 Altamura (576p) [Not 24/7],https://59d7d6f47d7fc.streamlock.net/canale2/canale2/playlist.m3u8,,,,Canale2Altamura.it@SD,,,,https://i.imgur.com/7XXdN5T.png,General,1024x576,iptv-org-all.txt,1408,200,成功,h264,1024x576,25.0,有音频,3.338
CCTV-8K HD (1080p),http://192.151.150.154/live/cctv8k.m3u8,,,,CCTV8K.cn@HD,,,,https://i.imgur.com/fxVPMJF.png,Undefined,1920x1080,iptv-org-all.txt,243,200,成功,h264,1920x1080,25.0,有音频,0.660
CBS News Baltimore (720p),https://lineup.cbsivideo.com/playout/8877a7d5-b094-4ac8-bc72-75a5fed68e5b/index.m3u8,,,,CBSNewsBaltimore.us@SD,,,,https://i.imgur.com/jy3UfCe.png,News,1280x720,iptv-org-all.txt,919,200,成功,h264,1280x720,29.97002997002997,有音频,1.704
Channel 7 (Kazakhstan) (576p),http://stream.mcquack.net/27/index.m3u8,,,,Channel7.kz@SD,,,,https://i.imgur.com/LebKU09.png,General,720x576,iptv-org-all.txt,183,200,成功,h264,720x576,25.0,有音频,2.132
Camu TV (480p) [Not 24/7],https://live20.bozztv.com/akamaissh101/ssh101/camutv/playlist.m3u8,,,,CamuTV.do@SD,,,,https://i.imgur.com/3d8cLm9.jpg,General,852x480,iptv-org-all.txt,174,200,成功,h264,852x480,30.0,有音频,1.534
Caillou,https://do7nccdsswstc.cloudfront.net/v1/manifest/3722c60a815c199d9c0ef36c5b73da68a62b09d1/cc-1aso0bc668saa/a5233c83-f772-4a81-959a-45ec7877ef61/5.m3u8,,,,Caillou.fr@SD,,,,https://i.imgur.com/RgKaoe4.png,Undefined,648x432,iptv-org-all.txt,719,200,成功,h264,648x432,23.976023976023978,有音频,0.689
CJ OnStyle (540p),https://live-ch1.cjonstyle.net/cjmalllive/stream2/playlist.m3u8,,,,CJOnStyle.kr@SD,,,,https://i.imgur.com/JiSfEBv.png,Shop,960x540,iptv-org-all.txt,1676,200,成功,h264,960x540,29.97002997002997,有音频,4.797
BET DK,https://jmp2.uk/plu-61c1939b8929e40007ff6382.m3u8,,,,BET.se@DK,,,,https://images.pluto.tv/channels/61c1939b8929e40007ff6382/colorLogoPNG.png,Series,1280x720,iptv-org-all.txt,81,200,成功,h264,1280x720,30.0,有音频,1.455
Channel 44 (480p),https://d1k6kax80wecy5.cloudfront.net/WFqZJc/index.m3u8,,,,Channel44.au@SD,,,,https://i.imgur.com/P2wUGh9.png,General,426x240,iptv-org-all.txt,1374,200,成功,h264,426x240,25.0,有音频,4.687
Canal 5 TV Max (1080p),https://tvmaxsa.com.py/hls/FB-430927919930380-0-AbzjnbAzAIR0NaFg.m3u8,,,,Canal5TVMax.py@SD,,,,https://i.imgur.com/6oihaDM.png,General,1920x1080,iptv-org-all.txt,907,200,成功,h264,1920x1080,30.0,有音频,1.467
BR Fernsehen (720p),https://mcdn.br.de/br/fs/bfs_nord/hls/de/master.m3u8,,,,BRFernsehen.de@Nord,,,,https://upload.wikimedia.org/wikipedia/commons/thumb/5/51/Logo_Bayerischer_Rundfunk_2024.svg/960px-Logo_Bayerischer_Rundfunk_2024.svg.png,Undefined,480x270,iptv-org-all.txt,1520,200,成功,h264,480x270,50.0,有音频,15.989
Claro Vision TV (720p),https://streamunoapp.com:3057/live/clarovisiontvlive.m3u8,,,,ClaroVisionTV.do@SD,,,,https://i.imgur.com/MpTgJMJ.png,Entertainment,426x240,iptv-org-all.txt,819,200,成功,h264,426x240,29.97002997002997,有音频,2.910
Bloomberg TV + (2160p),https://d8975dc3.wurl.com/master/f36d25e7e52f1ba8d7e56eb859c636563214f541/U2Ftc3VuZy1nYl9CbG9vbWJlcmdUVlBsdXNfSExT/playlist.m3u8,,,,BloombergTV.us@Plus,,,,https://i.imgur.com/OuogLHx.png,Business,1280x720,iptv-org-all.txt,1178,200,成功,hevc,1280x720,59.94005994005994,有音频,5.216
Canal 2000 (720p) [Not 24/7],http://canal2000.berkano-systems.net/streaming/streams/canal2000.m3u8,,,,Canal2000.es@SD,,,,https://i.imgur.com/9RoBASf.png,Undefined,1280x720,iptv-org-all.txt,824,200,成功,h264,1280x720,25.0,有音频,4.204
CCTV-Health (1080p),http://38.75.136.137:98/gslb/dsdqpub/wsjk.m3u8?auth=testpub,,,,CCTVHealth.cn@HD,,,,https://i.imgur.com/AzpRtCz.png,Lifestyle,1920x1080,iptv-org-all.txt,180,200,成功,h264,1920x1080,25.0,有音频,0.522
Class CNBC (1080p),https://www.dailymotion.com/cdn/live/video/x91c8ww.m3u8?sec=D9OwEfHs-e7O6pQ-qlnROg,,,,ClassCNBC.it@SD,,,,https://upload.wikimedia.org/wikipedia/commons/thumb/8/8d/Class_CNBC_2026.svg/960px-Class_CNBC_2026.svg.png,Business,1920x1080,iptv-org-all.txt,576,200,成功,h264,1920x1080,50.0,有音频,4.826
Clan Internacional,https://xyktmobile00.s.gy/PPV906_CLAN_INTE,,,,ClanInternacional.es@SD,,,,https://i.ibb.co/vv3FC2Nv/clan.png,Kids;Public,1920x1080,iptv-org-all.txt,1091,200,成功,h264,1920x1080,29.97002997002997,有音频,6.273
Beverly Hillbillies,https://jmp2.uk/plu-5f7796e470510900070d4e3d.m3u8,,,,BeverlyHillbillies.us@US,,,,https://i.imgur.com/OV9hT93.png,Classic,1280x720,iptv-org-all.txt,557,200,成功,h264,1280x720,30.0,有音频,2.305
Cascara TV (720p),https://ss2.tvrdomi.com:1936/cascaratv/cascaratv/playlist.m3u8,,,,CascaraTV.do@SD,,,,https://i.imgur.com/DEUR7mB.png,General,1280x720,iptv-org-all.txt,67,200,成功,h264,1280x720,29.97002997002997,有音频,2.532
Business Rockstars (720p),https://stream-us-east-1.getpublica.com/playlist.m3u8?network_id=2220,,,,BusinessRockstars.us@SD,,,,https://i.imgur.com/vfAMWLJ.png,Business,640x360,iptv-org-all.txt,304,200,成功,h264,640x360,30.0,有音频,4.409
CLTV 36 (720p) [Not 24/7],https://live.cltv36.tv:5443/LiveApp/streams/cltvlive.m3u8,,,,CLTV36.ph@SD,,,,https://i.imgur.com/2fGhl7q.png,General,1920x1080,iptv-org-all.txt,1654,200,成功,h264,1920x1080,30.0,有音频,7.318
Cibaena TV (720p),https://streamunoapp.com:3958/live/cibaenatvlive.m3u8,,,,CibaenaTV.do@SD,,,,https://i.imgur.com/iHjdckl.png,Entertainment,640x360,iptv-org-all.txt,1082,200,成功,h264,640x360,29.97002997002997,有音频,3.277
Best TV (720p) [Not 24/7],http://push-int.siliconweb.com/bestTV/stream/playlist.m3u8,,,,BestTV.gr@SD,,,,https://i.imgur.com/AeeeDUc.png,Undefined,1920x1080,iptv-org-all.txt,1549,200,成功,h264,1920x1080,25.0,有音频,2.418
Canal N (576p),http://190.108.91.206:9050/play/a0bd/index.m3u8,,,,CanalN.pe@SD,,,,https://i.imgur.com/Xytvw3J.png,News,720x480,iptv-org-all.txt,362,200,成功,h264,720x480,59.94005994005994,有音频,1.703
BMC-HD TV (720p),https://livestream.telvue.com/belmontmedia4/f7b44cfafd5c52223d5498196c8a2e7b.sdp/playlist.m3u8,,,,BMCHDTV.us@SD,,,,https://i.imgur.com/c9LiTz0.png,General,416x234,iptv-org-all.txt,1146,200,成功,h264,416x234,29.97002997002997,有音频,2.964
Best of BATV Channel,https://livestream.telvue.com/billerica4/f7b44cfafd5c52223d5498196c8a2e7b.sdp/playlist.m3u8,,,,BestofBATVChannel.us@SD,,,,https://i.imgur.com/TUMiKCX.png,General,416x234,iptv-org-all.txt,1160,200,成功,h264,416x234,29.97002997002997,有音频,3.415
Canal 8 C&C Producciones,https://video.hostingcaaguazu.com:19360/canal8cvs/canal8cvs.m3u8,,,,Canal8CCProducciones.py@SD,,,,https://i.imgur.com/SVj5fjg.jpg,General,1280x720,iptv-org-all.txt,1291,200,成功,h264,1280x720,25.0,有音频,4.226
Canal 33 Tijuana (720p),https://5f2c1b0d880e5.streamlock.net/canal33tijuana/videocanal33tijuana/playlist.m3u8,,,,Canal33Tijuana.mx@SD,,,,https://iili.io/JCt1Nbn.png,General;News,1920x1080,iptv-org-all.txt,743,200,成功,h264,1920x1080,30.0,有音频,0.570
Ciudad TV Resistencia (720p),https://617c5175c970b.streamlock.net:4444/chacodxdtv/livenew/playlist.m3u8,,,,CiudadTVResistencia.ar@SD,,,,https://i.imgur.com/oL8SMTL.png,General,1920x1080,iptv-org-all.txt,183,200,成功,h264,1920x1080,25.0,有音频,2.277
Cadena TV SD,https://live-evg10.tv360.bitel.com.pe/bitel/cadenatv/playlist.m3u8,,,,CadenaTV.pe@SD,,,,https://i.imgur.com/stvzqzd.png,Undefined,1280x720,iptv-org-all.txt,17,200,成功,h264,1280x720,59.94005994005994,有音频,1.208
CinePride (720p),https://stream-us-east-1.getpublica.com/playlist.m3u8?network_id=2223,,,,CinePride.us@SD,,,,https://i.imgur.com/Y4Wgq8I.png,Lifestyle,640x360,iptv-org-all.txt,863,200,成功,h264,640x360,,有音频,4.569
Chikitoonz (1080p),http://45.70.201.81:8000/play/a00p/index.m3u8,,,,Chikitoonz.pe@SD,,,,https://chikitoonz.com/site/wp-content/uploads/2024/08/logochikitoonz2.png,Kids,1920x1080,iptv-org-all.txt,255,200,成功,h264,1920x1080,29.97002997002997,有音频,1.685
Canal 100 Chinique (1080p),https://live20.bozztv.com/giatv/giatv-chinique100tvenvivo/chinique100tvenvivo/playlist.m3u8,,,,Canal100Chinique.gt@SD,,,,https://i.imgur.com/ygNKJXx.png,Undefined,1280x720,iptv-org-all.txt,61,200,成功,h264,1280x720,29.97002997002997,有音频,1.486
Claro Television Dominicana (360p),https://streamunoapp.com:3960/live/claroteledomlive.m3u8,,,,ClaroTelevisionDominicana.do@SD,,,,https://i.imgur.com/fJD7OxB.png,General,1280x720,iptv-org-all.txt,978,200,成功,h264,1280x720,29.97002997002997,有音频,3.435
Channel 9 (Israel) (1080p),https://contact.gostreaming.tv/Con-11/index.m3u8,,,,Channel9.il@SD,,,,https://i.imgur.com/pttM3KQ.png,News,1920x1080,iptv-org-all.txt,944,200,成功,h264,1920x1080,25.0,有音频,2.876
Caroline in the City NO,https://jmp2.uk/plu-66a7aac9d512590008ab2dcb.m3u8,,,,CarolineintheCity.se@NO,,,,https://images.pluto.tv/channels/66a7aa44cd0d31000843942b/colorLogoPNG.png,Comedy,1216x684,iptv-org-all.txt,669,200,成功,h264,1216x684,30.0,有音频,1.410
BET,https://jmp2.uk/plu-61c187ef1efe1b0007571711.m3u8,,,,BET.se@SE,,,,https://images.pluto.tv/channels/61c1939b8929e40007ff6382/colorLogoPNG.png,Series,1280x720,iptv-org-all.txt,241,200,成功,h264,1280x720,30.0,有音频,2.259
Bravo Farsi TV (360p),https://bravoohls.wns.live/hls/stream.m3u8,,,,BravoFarsiTV.ir@SD,,,,https://i.ibb.co/yynxRTS/Bravo-Farsi.jpg,Movies,1280x720,iptv-org-all.txt,878,200,成功,h264,1280x720,25.0,有音频,2.636
BIG TV (720p),https://cdn.pishow.tv/ott/live/1059/master.m3u8,,,,BIGTV.in@SD,,,,https://jiotvimages.cdn.jio.com/dare_images/images/Big_TV.png,News,424x240,iptv-org-all.txt,214,200,成功,h264,424x240,25.0,有音频,8.945
Cine Retro by Pluto TV,https://jmp2.uk/plu-5f8ed168f72fcd0007e56269.m3u8,,,,CineRetrobyPlutoTV.de@FR,,,,https://images.pluto.tv/channels/5f8ed168f72fcd0007e56269/colorLogoPNG_1751272859383.png,Movies,1216x684,iptv-org-all.txt,82,200,成功,h264,1216x684,30.0,有音频,1.079
Cinemax Action East HD (1080p),https://sra72yz.s.gy/CINEMAX_ACTION_HD.m3u8,,,,CinemaxAction.us@EastHD,,,,https://upload.wikimedia.org/wikipedia/en/thumb/7/78/Cinemax_Action_Logo.png/960px-Cinemax_Action_Logo.png,Movies,1920x1080,iptv-org-all.txt,2184,200,成功,h264,1920x1080,59.94005994005994,有音频,2.005
Chosen TV English (360p),https://viewmedia7219.bozztv.com/wmedia/viewmedia100/web_024/Stream/playlist.m3u8,,,,ChosenTVEnglish.ng@SD,,,,,Religious,,iptv-org-all.txt,1886,200,成功,h264,,,有音频,5.601
BPX TV Radio,https://video1.getstreamhosting.com:1936/8212/8212/playlist.m3u8,,,,BPXTVRadio.us@SD,,,,https://i.imgur.com/86VXni8.jpeg,Music,1280x720,iptv-org-all.txt,601,200,成功,h264,1280x720,29.97002997002997,有音频,1.933
CampusTV (720p) [Not 24/7],https://pantera1-100gb-cl-movistar.dps.live/campustv/campustv.smil/playlist.m3u8,,,,CampusTV.cl@SD,,,,https://i.imgur.com/LvzLg33.png,Undefined,,iptv-org-all.txt,155,200,成功,h264,,,有音频,12.330
BRK News (720p),https://mumbai-edge.smartplaytv.in/BRKNEWS/index.m3u8,,,,BRKNews.in@SD,,,,https://d229kpbsb5jevy.cloudfront.net/yuppfast/content/common/channel/logos/brk-news.png,News,1280x720,iptv-org-all.txt,1554,200,成功,h264,1280x720,25.0,有音频,6.305
Canal Parlamento (360p) [Not 24/7],https://congresodirecto.akamaized.net/hls/live/2037973/canalparlamento/master.m3u8,,,,CanalParlamento.es@SD,,,,https://i.imgur.com/BUO0wH6.png,Legislative,640x360,iptv-org-all.txt,986,200,成功,h264,640x360,25.0,有音频,6.341
Boca Chica TV (720p) [Not 24/7],https://fox.hostlagarto.com:8081/bocachicatv/tracks-v1a1/mono.m3u8,,,,BocaChicaTV.do@SD,,,,https://i.imgur.com/npiRBPC.png,General,1920x1080,iptv-org-all.txt,116,200,成功,h264,1920x1080,29.97002997002997,有音频,1.431
CCTV-Nostalgia Theater (1080p),http://38.75.136.137:98/gslb/dsdqpub/hjjc.m3u8?auth=testpub,,,,CCTVNostalgiaTheater.cn@HD,,,,https://i.imgur.com/TVs9PBc.png,Classic,1920x1080,iptv-org-all.txt,113,200,成功,h264,1920x1080,25.0,有音频,0.565
Canal 50 Morteros,https://online.coopmorteros.coop/canal50/vivo.m3u8,,,,Canal50Morteros.ar@SD,,,,https://i.imgur.com/IDhgBav.png,Undefined,1920x1080,iptv-org-all.txt,1843,200,成功,h264,1920x1080,25.0,有音频,4.867
Bialogardzka Telewizja Kablowa (1080p),https://bsmbialogard.pl/live/index.m3u8,,,,BialogardzkaTelewizjaKablowa.pl@HD,,,,https://btk.bsmbialogard.pl/sites/default/files/inline-images/logo%20header2%282%29.png,Entertainment,800x450,iptv-org-all.txt,1555,200,成功,h264,800x450,25.0,有音频,8.844
Canal Calima TV (720p),https://movil.ejeserver.com/live/calimatv.m3u8,,,,CanalCalimaTV.co@SD,,,,https://i.imgur.com/6YxtyUR.jpeg,General,1280x720,iptv-org-all.txt,1860,200,成功,h264,1280x720,30.0,有音频,10.031
Cinemax Classics (1080p),http://23.237.104.106:8080/USA_5STARMAX/index.m3u8,,,,CinemaxClassics.us@East,,,,https://upload.wikimedia.org/wikipedia/en/thumb/6/66/Cinemax_Classics_Logo.png/960px-Cinemax_Classics_Logo.png,Movies,1920x1080,iptv-org-all.txt,78,200,成功,h264,1920x1080,59.94005994005994,有音频,0.907
Cinemaraton Plus (1080i),https://hls02ns.antenaplay.ro/hls/cinemaraton-plus-hd/index.m3u8,,,,CinemaratonPlus.ro@HD,,,,https://assets.antenaplay.ro/2026/03/10/RMNdkVBCTNfsogsYqHaB.png,Movies,1280x720,iptv-org-all.txt,1494,200,成功,h264,1280x720,25.0,有音频,4.115
Bella Abanquina TV (720p),https://live-evg8.tv360.bitel.com.pe/bitel/bellaabanquinaSRT/playlist.m3u8,,,,BellaAbanquinaTV.pe@SD,,,,https://i.imgur.com/bORM4rt.png,Undefined,1920x1080,iptv-org-all.txt,2721,200,成功,h264,1920x1080,30.0,有音频,3.350
Chuxiong News Channel [Not 24/7],http://hwapi.yntv.net/ew265l/848y54.m3u8,,,,ChuxiongNewsChannel.cn@SD,,,,https://www.tvchinese.net/uploads/tv/chuxiongtv.jpg,News,1280x720,iptv-org-all.txt,1313,200,成功,h264,1280x720,25.0,有音频,3.862
Bloomberg TV Asia (720p),https://bloomberg.com/media-manifest/streams/asia.m3u8,,,,BloombergTV.us@Asia,,,,https://i.imgur.com/OuogLHx.png,Business,480x272,iptv-org-all.txt,1011,200,成功,h264,480x272,25.0,有音频,2.135
CAD TV,https://videoserver.tmcreativos.com:19360/dcsajkpvrh/dcsajkpvrh.m3u8,,,,CADTV.py@SD,,,,https://i.imgur.com/lafmmRa.jpeg,General,1280x720,iptv-org-all.txt,417,200,成功,h264,1280x720,30.0,有音频,1.855
CMAP Channel 20 (720p),https://livestream.telvue.com/cmap5/f7b44cfafd5c52223d5498196c8a2e7b.sdp/playlist.m3u8,,,,CMAPChannel20.us@SD,,,,https://i.imgur.com/wlYUEYc.png,General,1280x720,iptv-org-all.txt,560,200,成功,h264,1280x720,29.97002997002997,有音频,0.788
Charoen Cable 37 TV,http://www5.cabletv.co.th/StreamToCTV/cablechannel/playlist.m3u8,,,,CharoenCable37TV.th@SD,,,,https://www.cabletv.co.th/wp-content/uploads/2023/01/Artboard-3.png,General,1920x1080,iptv-org-all.txt,3052,200,成功,h264,1920x1080,25.0,有音频,12.629
Cajamarca TV (720p),https://live-evg8.tv360.bitel.com.pe/bitel/cajamarcatvSRT/playlist.m3u8,,,,CajamarcaTV.pe@SD,,,,https://i.imgur.com/pC57NYv.png,General,1920x1080,iptv-org-all.txt,824,200,成功,h264,1920x1080,30.0,有音频,2.707
BR Fernsehen Sud (1080p),https://mcdn.br.de/br/fs/bfs_sued/hls/de/master.m3u8,,,,BRFernsehen.de@Sud,,,,https://upload.wikimedia.org/wikipedia/commons/thumb/5/51/Logo_Bayerischer_Rundfunk_2024.svg/960px-Logo_Bayerischer_Rundfunk_2024.svg.png,Undefined,480x270,iptv-org-all.txt,1343,200,成功,h264,480x270,50.0,有音频,17.285
Channel One CIS (576p),https://fs.uplink.kz/perviy_kanal_sng/mono.m3u8?token=onlinetv,,,,ChannelOneCIS.ru@SD,,,,https://i.imgur.com/RUSX0rX.png,General,720x576,iptv-org-all.txt,1156,200,成功,h264,720x576,25.0,有音频,5.103
Bhojpuri Cinema (720p),https://live-bhojpuri.akamaized.net/liveabr/playlist.m3u8,,,,BhojpuriCinema.in@SD,,,,https://xstreamcp-assets-msp.streamready.in/assets/LIVETV/LIVECHANNEL/LIVETV_LIVETVCHANNEL_BHOJPURI_CINEMA/images/LOGO_HD/image.png,Movies,1280x720,iptv-org-all.txt,624,200,成功,h264,1280x720,25.0,有音频,5.120
Ciudades del Ocio TV (720p),https://cloudvideo.servers10.com:8081/8024/index.m3u8,,,,CiudadesdelOcioTV.es@SD,,,,https://i.imgur.com/CTQgqsM.png,Entertainment,1280x720,iptv-org-all.txt,146,200,成功,h264,1280x720,50.0,有音频,4.254
City Eden TeleNovella [Not 24/7],https://cityeden.catcast.tv/content/46209/index.m3u8,,,,CityEdenTeleNovella.ru@HD,,,,https://i.imgur.com/mT5liTh.png,Series,852x480,iptv-org-all.txt,4505,200,成功,h264,852x480,23.976023976023978,有音频,12.279
Bull,https://jmp2.uk/plu-6964b9e19bf57be1537fc7d7.m3u8,,,,Bull.se@SE,,,,https://images.pluto.tv/channels/6964b982ca459f9b939da8e6/colorLogoPNG_1770900947317.png,Series,1216x684,iptv-org-all.txt,80,200,成功,h264,1216x684,30.0,有音频,2.005
Brionnais TV (720p),https://stream2.mandarine.media/brionnaistv/brionnaistv/playlist.m3u8,,,,BrionnaisTV.fr@SD,,,,https://i.imgur.com/y94bhqX.jpg,General,1280x720,iptv-org-all.txt,1118,200,成功,h264,1280x720,25.0,有音频,5.469
Channel U (720p),https://cdn.qd.je/163189/chu,,,,ChannelU.sg@SD,,,,https://upload.wikimedia.org/wikipedia/commons/thumb/d/d5/Mediacorp_Channel_U_2023.svg/960px-Mediacorp_Channel_U_2023.svg.png,Entertainment,1920x1080,iptv-org-all.txt,25,200,成功,h264,1920x1080,25.0,有音频,0.576
Berks Community TV (1080p),https://livestream.telvue.com/berkscmttv2/f7b44cfafd5c52223d5498196c8a2e7b.sdp/playlist.m3u8,,,,BerksCommunityTV.us@SD,,,,https://i.imgur.com/vQ6a4VL.png,General,416x234,iptv-org-all.txt,1330,200,成功,h264,416x234,29.97002997002997,有音频,4.480
CMAP Channel 18 (720p),https://livestream.telvue.com/cmap3/f7b44cfafd5c52223d5498196c8a2e7b.sdp/playlist.m3u8,,,,CMAPChannel18.us@SD,,,,https://i.imgur.com/wlYUEYc.png,General,1280x720,iptv-org-all.txt,782,200,成功,h264,1280x720,29.97002997002997,有音频,0.939
Channel One Eurasia (576p),https://fs.uplink.kz/perviy_kanal_evrasia/mono.m3u8?token=onlinetv,,,,ChannelOneEurasia.kz@SD,,,,https://i.imgur.com/vm5sJHP.png,General,720x576,iptv-org-all.txt,1072,200,成功,h264,720x576,50.0,有音频,5.586
Chaos City,https://jmp2.uk/plu-60afbad343e3840007164348.m3u8,,,,ChaosCity.us@Germany,,,,https://i.imgur.com/1UZNdRH.png,Series,1280x720,iptv-org-all.txt,398,200,成功,h264,1280x720,30.0,有音频,1.058
Bloomberg TV Australia (270p),https://bloomberg.com/media-manifest/streams/aus.m3u8,,,,BloombergTV.us@Australia,,,,https://i.imgur.com/OuogLHx.png,Business,480x272,iptv-org-all.txt,728,200,成功,h264,480x272,25.0,有音频,1.765
Campus TV (480p) [Not 24/7],https://5e85d90130e77.streamlock.net/6052/6052/playlist.m3u8,,,,CampusTV.hn@SD,,,,https://i.imgur.com/E1TmADM.png,Education,512x288,iptv-org-all.txt,563,200,成功,h264,512x288,30.0,有音频,1.851
CCTV-4 Asia (720p),http://74.91.26.218:82/live/cctv4hd.m3u8,,,,CCTV4Asia.cn@SD,,,,https://i.imgur.com/tWt4Wou.png,General,1280x720,iptv-org-all.txt,103,200,成功,h264,1280x720,25.0,有音频,0.555
CNA Originals (1080p),https://amg01082-cna-amg01082c1-rlaxx-us-11304.playouts.now.amagi.tv/playlist.m3u8,,,,CNAOriginals.sg@SD,,,,https://upload.wikimedia.org/wikipedia/commons/thumb/8/83/CNA_new_logo.svg/500px-CNA_new_logo.svg.png,Documentary,426x240,iptv-org-all.txt,1324,200,成功,h264,426x240,29.97002997002997,有音频,7.406
CCTV-11 (720p),http://74.91.26.218:82/live/cctv11hd.m3u8,,,,CCTV11.cn@SD,,,,https://i.imgur.com/CjOWx7L.png,Music,1280x720,iptv-org-all.txt,103,200,成功,h264,1280x720,25.0,有音频,0.524
Bibel TV (720p),https://bibint01.iptv-playoutcenter.de/bibint01/bibint01.stream_all/playlist.m3u8,,,,BibelTV.de@SD,,,,https://i.imgur.com/RLwmrk3.png,Undefined,1280x720,iptv-org-all.txt,1618,200,成功,h264,1280x720,25.0,无音频,7.373
Canal 6 Posadas (1080p),https://iptv.ixfo.com.ar:30443/live/c6digital/playlist.m3u8,,,,Canal6Posadas.ar@SD,,,,https://i.imgur.com/OamBiS5.png,Undefined,1280x720,iptv-org-all.txt,363,200,成功,h264,1280x720,25.0,有音频,5.781
BX1 (504p),https://dlgt0tdl2hpq3.cloudfront.net/rtbf/clr-rtbf/7ec67c8d/index.m3u8,,,,BX1.be@SD,,,,https://i.imgur.com/0OkSa6c.png,Undefined,896x504,iptv-org-all.txt,489,200,成功,h264,896x504,25.0,有音频,10.546
Canal 4 Jujuy,https://5cd577a3dd8ec.streamlock.net/CANAL4/smil:CANAL4.smil/playlist.m3u8,,,,Canal4Jujuy.ar@SD,,,,https://i.imgur.com/qB6I274.png,Undefined,1920x1080,iptv-org-all.txt,1691,200,成功,h264,1920x1080,25.0,有音频,7.425
Brevard Government Access TV (720p),https://cdn3.wowza.com/5/cXdyRHF0Z3kxN0k2/brevardfl/G2111_002/playlist.m3u8,,,,BrevardGovernmentAccessTV.us@SD,,,,https://i.imgur.com/eUTDIQ2.png,Legislative,1280x720,iptv-org-all.txt,365,200,成功,h264,1280x720,25.0,有音频,1.933
Canal Alpha Jura (1080p),https://canalalphaju.vedge.infomaniak.com/livecast/ik:canalalphaju/playlist.m3u8,,,,CanalAlphaJura.ch@SD,,,,https://i.imgur.com/eQ8xHK9.jpg,Undefined,640x360,iptv-org-all.txt,3810,200,成功,h264,640x360,50.0,有音频,15.280
Canal 11 TuTV (349p),https://stream.giostreaming.app/canal11/canal11.m3u8,,,,Canal11TuTV.sv@SD,,,,https://i.imgur.com/itqQEux.png,General,1280x720,iptv-org-all.txt,821,200,成功,h264,1280x720,,有音频,2.505
Bloomberg TV Asia Live Event (720p),https://bloomberg.com/media-manifest/streams/asia-event.m3u8,,,,BloombergTV.us@AsiaLiveEvent,,,,https://i.imgur.com/OuogLHx.png,Business,480x272,iptv-org-all.txt,877,200,成功,h264,480x272,29.97002997002997,有音频,5.273
CCTV-Storm Football (1080p),http://38.75.136.137:98/gslb/dsdqpub/fyzq.m3u8?auth=testpub,,,,CCTVStormFootball.cn@HD,,,,https://i.imgur.com/Fy6HkX0.png,Sports,1920x1080,iptv-org-all.txt,114,200,成功,h264,1920x1080,25.0,有音频,0.557
Canal Oracion Con Son (1080p),https://canal.mediaserver.com.co/live/oracionconson.m3u8,,,,CanalOracionConSon.co@SD,,,,https://i.imgur.com/rfnFqU3.png,Religious,1280x720,iptv-org-all.txt,17,200,成功,h264,1280x720,59.94005994005994,有音频,0.589
Best of Paradise Hotel: Skolveckan,https://jmp2.uk/plu-65e97cd118036500082ed0ce.m3u8,,,,BestofParadiseHotelSkolveckan.se@SE,,,,https://images.pluto.tv/channels/65e97cd118036500082ed0ce/colorLogoPNG.png,Entertainment,1216x684,iptv-org-all.txt,947,200,成功,h264,1216x684,30.0,有音频,2.238
Che! (576p),http://flussonic.linkintel.ru/che/index.m3u8,,,,Che.ru@SD,,,,https://i.imgur.com/ZOcDGpB.png,Entertainment,720x576,iptv-org-all.txt,190,200,成功,h264,720x576,25.0,有音频,3.105
Bober (576p),https://fs.uplink.kz/bober/mono.m3u8?token=onlinetv,,,,Bober.ru@SD,,,,https://i.imgur.com/clWWhB8.png,Undefined,720x576,iptv-org-all.txt,2283,200,成功,h264,720x576,25.0,有音频,4.531
Canal Catorce (1080p) [Not 24/7],https://stream.haislin.com/14tv/index.m3u8,,,,CanalCatorce.do@SD,,,,https://i.imgur.com/iKLGBbA.png,General,1920x1080,iptv-org-all.txt,1713,200,成功,h264,1920x1080,30.0,有音频,0.887
CB TV Michoacan,https://5ca3e84a76d30.streamlock.net/cbtv/videoc3b3t3v3/playlist.m3u8,,,,CBTVMichoacan.mx@SD,,,,https://i.imgur.com/oFeCIeD.png,General,1280x720,iptv-org-all.txt,22,200,成功,h264,1280x720,29.97002997002997,有音频,0.679
Bonanza,https://jmp2.uk/plu-68e9913c4a666b9054849832.m3u8,,,,Bonanza.us@SD,,,,https://images.pluto.tv/channels/696e647b07ea70192d49f6a5/colorLogoPNG_1768842647658.png,Movies;Series,1216x684,iptv-org-all.txt,96,200,成功,h264,1216x684,30.0,有音频,0.909
Bric ve Satranc TV (480p) [Not 24/7],http://139.162.182.79/live/test/index.m3u8,,,,BricveSatrancTV.tr@SD,,,,https://i.imgur.com/TXDV1ty.png,Undefined,854x480,iptv-org-all.txt,296,200,成功,h264,854x480,25.0,有音频,1.242
Cinemax Hits (1080p),http://23.237.104.106:8080/USA_MOREMAX/index.m3u8,,,,CinemaxHits.us@East,,,,https://upload.wikimedia.org/wikipedia/en/thumb/f/fb/Cinemax_Hits_Logo.png/960px-Cinemax_Hits_Logo.png,Movies,1280x720,iptv-org-all.txt,77,200,成功,h264,1280x720,29.97002997002997,有音频,0.812
BIZ Cinema (1080p),https://fl.biztv.media/cinema_720_EMfSyXgoRdiIHgldXTZICucKTIeCKO/index.m3u8,,,,BIZCinema.uz@SD,,,,https://biztv.uz/static/media/biz-cinema.286b83dc.png,Movies,1280x720,iptv-org-all.txt,229,200,成功,h264,1280x720,29.97002997002997,有音频,6.958
Canal Claro (720p),https://jmp2.uk/plu-68224482c5d53e1351aaf2f2.m3u8,,,,CanalClaro.cl@SD,,,,https://images.pluto.tv/channels/68224482c5d53e1351aaf2f2/colorLogoPNG_1751655767455.png,Undefined,1216x684,iptv-org-all.txt,131,200,成功,h264,1216x684,30.0,有音频,1.529
Channel 5 International (576p),http://178.134.1.158:8081/5channel/index.m3u8,,,,Channel5International.ru@SD,,,,https://i.imgur.com/KPXMa3U.png,General,720x576,iptv-org-all.txt,444,200,成功,h264,720x576,25.0,有音频,2.255
Cine Western by Pluto TV,https://jmp2.uk/plu-65cca3e2ec452d0008af3a65.m3u8,,,,CineWesternbyPlutoTV.de@FR,,,,https://images.pluto.tv/channels/65cca3e2ec452d0008af3a65/colorLogoPNG_1751272826143.png,Movies,1280x720,iptv-org-all.txt,80,200,成功,h264,1280x720,30.0,有音频,1.020
Caritas TV (1080p),https://rds3.desdeparaguay.net/caritastv/caritastv/playlist.m3u8,,,,CaritasTV.py@SD,,,,https://i.ibb.co/rwkpQx6/unnamed-2.png,General;Religious,1920x1080,iptv-org-all.txt,73,200,成功,h264,1920x1080,29.97002997002997,有音频,2.366
BMS TV (720p) [Not 24/7],https://5bf7b725107e5.streamlock.net/bmstv/bmstv/playlist.m3u8,,,,BMSTV.id@SD,,,,https://i.imgur.com/snMxng5.png,Undefined,1280x720,iptv-org-all.txt,950,200,成功,h264,1280x720,50.0,有音频,4.169
Bloomberg TV Politics Live Event (720p),https://bloomberg.com/media-manifest/streams/politics.m3u8,,,,BloombergTV.us@PoliticsLiveEvent,,,,https://i.imgur.com/OuogLHx.png,Business,480x272,iptv-org-all.txt,399,200,成功,h264,480x272,29.97002997002997,有音频,4.218
Canal 10 Emporda (360p) [Not 24/7],https://ventdelnord.tv:8080/escala/directe.m3u8,,,,Canal10Emporda.es@SD,,,,https://i.imgur.com/ojQ6wzX.png,Undefined,640x360,iptv-org-all.txt,1322,200,成功,h264,640x360,25.0,有音频,5.489
Bonanza CA,https://jmp2.uk/plu-696e647b07ea70192d49f6a5.m3u8,,,,Bonanza.us@CA,,,,https://images.pluto.tv/channels/696e647b07ea70192d49f6a5/colorLogoPNG_1768842647658.png,Movies;Series,1280x720,iptv-org-all.txt,86,200,成功,h264,1280x720,30.0,有音频,1.027
Canal 3 Tacural,http://vivo.canal3tacural.com.ar:8081/hls/stream.m3u8,,,,Canal3Tacural.ar@SD,,,,https://i.imgur.com/RKvSa52.jpeg,General,1280x720,iptv-org-all.txt,1496,200,成功,h264,1280x720,50.0,有音频,2.854
Chile Channel (720p),https://v2.tustreaming.cl/chilechannel/index.m3u8,,,,ChileChannel.cl@SD,,,,https://i.imgur.com/F1it6fh.png,Entertainment;Travel,854x480,iptv-org-all.txt,153,200,成功,h264,854x480,23.976023976023978,有音频,3.511
City Eden KinoAsia [Not 24/7],https://cityeden.catcast.tv/content/34393/index.m3u8,,,,CityEdenKinoAsia.ru@HD,,,,https://i.imgur.com/gaket4B.png,Movies,1272x720,iptv-org-all.txt,2614,200,成功,h264,1272x720,24.0,有音频,9.683
Canal 3 TV Biar (480p) [Not 24/7],https://avantstreaming.es/hls/canal3.m3u8,,,,Canal3TVBiar.es@SD,,,,https://i.imgur.com/cnKCZkK.png,General,1024x576,iptv-org-all.txt,1435,200,成功,h264,1024x576,25.0,有音频,2.462
Channel Divya (1080p),https://vg-pitaaratvlive.akamaized.net/v1/vglive-sk-906482/playlist.m3u8,,,,ChannelDivya.in@SD,,,,https://dtil.tmsimg.com/assets/s143010_ld_h15_aa.png?lock=720x540,Religious,640x360,iptv-org-all.txt,1083,200,成功,h264,640x360,25.0,有音频,10.358
Canal del Sol (1080p) [Not 24/7],https://stream.canaldelsol.com/sol26/live_1080.m3u8,,,,CanaldelSol.do@SD,,,,https://i.imgur.com/gK0M1jB.png,General,1920x1080,iptv-org-all.txt,399,200,成功,h264,1920x1080,30.0,有音频,0.935
CMAP Channel 17 (720p),https://livestream.telvue.com/cmap1/f7b44cfafd5c52223d5498196c8a2e7b.sdp/playlist.m3u8,,,,CMAPChannel17.us@SD,,,,https://i.imgur.com/wlYUEYc.png,Legislative,1280x720,iptv-org-all.txt,1035,200,成功,h264,1280x720,29.97002997002997,有音频,0.766
CNBC (720p),http://4.30.180.36:8420/cnbc/index.m3u8?token=test,,,,CNBC.us@SD,,,,https://upload.wikimedia.org/wikipedia/commons/thumb/b/bc/CNBC_2025.svg/960px-CNBC_2025.svg.png,Business,1280x720,iptv-org-all.txt,239,200,成功,h264,1280x720,29.97002997002997,有音频,0.905
Cinevault Westerns (540p) [Geo-blocked],https://gsn-cinevault-westerns-2-us.roku.wurl.tv/playlist.m3u8,,,,CinevaultWesterns.us@SD,,,,https://i.imgur.com/K1W137J.png,Classic,960x540,iptv-org-all.txt,477,200,成功,h264,960x540,29.97002997002997,有音频,2.119
CCTV-12 (720p),http://74.91.26.218:82/live/cctv12hd.m3u8,,,,CCTV12.cn@SD,,,,https://i.imgur.com/3yTuiOM.png,Lifestyle,1280x720,iptv-org-all.txt,159,200,成功,h264,1280x720,25.0,有音频,0.789
Bondi Rescue (Sweden) NO (720p),https://jmp2.uk/plu-660d67c419ca71000849a4e9.m3u8,,,,BondiRescue.se@NO,,,,https://images.pluto.tv/channels/660d66be7bcd8600087cfee5/colorLogoPNG.png,Series,1216x684,iptv-org-all.txt,628,200,成功,h264,1216x684,30.0,有音频,0.740
BestClasicosTV (720p) [Not 24/7],https://acceso.mediosdecostarica.com:3873/hybrid/play.m3u8,,,,BestClasicosTV.cr@SD,,,,https://i.imgur.com/a/BRb8AVL.png,Undefined,1280x720,iptv-org-all.txt,1558,200,成功,h264,1280x720,30.0,有音频,3.181
Bergamo TV (1080p),https://db142859fd5541b09de25d6507f1f2d3.msvdn.net/live/S17501676/oIxAsgEEA46M/playlist_dvr.m3u8,,,,BergamoTV.it@SD,,,,https://i.imgur.com/Np3RaKv.png,General,1920x1080,iptv-org-all.txt,2429,200,成功,h264,1920x1080,25.0,有音频,4.569
BTB 3 (1080p),https://emisja3.btb.j00r.us/iptv/session/3/hls.m3u8,,,,BTB3.pl@HD,,,,https://i.imgur.com/Z193940.png,General,1600x900,iptv-org-all.txt,2193,200,成功,h264,1600x900,30.0,有音频,6.916
ChileVision (1080p),http://15.204.246.24:8080/CHVHD/index.m3u8,,,,ChileVision.cl@SD,,,,https://i.imgur.com/PRijvR0.png,General,1920x1080,iptv-org-all.txt,68,200,成功,h264,1920x1080,59.94005994005994,有音频,0.799
Big TV 24x7 (1080p),https://stream.ottlive.co.in/bigtvmalayalam/index.m3u8,,,,BigTV24x7.in@SD,,,,https://i.postimg.cc/rpHrRxR5/big_tv_malayalam.png,News,1920x1080,iptv-org-all.txt,1757,200,成功,h264,1920x1080,25.0,有音频,18.237
BRIDGE (576p),http://stream.mcquack.net/318/index.m3u8,,,,BRIDGE.ru@SD,,,,https://i.imgur.com/qYObfrG.png,Music,720x576,iptv-org-all.txt,183,200,成功,h264,720x576,25.0,有音频,2.144
Chifeng Comprehensive News Chanel,http://play1-qk.nmtv.cn/live/1735546697341033.m3u8,,,,ChifengComprehensiveNewsChanel.cn@SD,,,,https://www.tvchinese.net/uploads/tv/cfxwzhpd.jpg,News,1920x1080,iptv-org-all.txt,1845,200,成功,h264,1920x1080,25.0,有音频,5.311
CCTV-4 Europe,https://dash2.antik.sk/live/test_cctv_tizen/playlist.m3u8,,,,CCTV4Europe.cn@SD,,,,https://i.imgur.com/HGLFdfk.png,General,1280x720,iptv-org-all.txt,964,200,成功,h264,1280x720,25.0,有音频,2.343
Buena TV (1080p),https://59825a54e4454.streamlock.net:8443/papo351/papo351/playlist.m3u8,,,,BuenaTV.pr@SD,,,,https://i.imgur.com/tsajuxi.png,Entertainment,1920x1080,iptv-org-all.txt,881,200,成功,h264,1920x1080,30.0,有音频,0.687
CMAP Channel 19 (720p),https://livestream.telvue.com/cmap4/f7b44cfafd5c52223d5498196c8a2e7b.sdp/playlist.m3u8,,,,CMAPChannel19.us@SD,,,,https://i.imgur.com/wlYUEYc.png,Undefined,1280x720,iptv-org-all.txt,759,200,成功,h264,1280x720,29.97002997002997,有音频,0.796
Buzzr (1080p),http://23.237.104.106:8080/USA_BUZZR/index.m3u8,,,,Buzzr.us@SD,,,,https://static.wikia.nocookie.net/logopedia/images/1/12/0mk7F5ao.png/revision/latest/scale-to-width-down/512,Entertainment,1920x1080,iptv-org-all.txt,79,200,成功,h264,1920x1080,29.97002997002997,有音频,0.974
Bloomberg TV Live Event (720p),https://bloomberg.com/media-manifest/streams/us-event.m3u8,,,,BloombergTV.us@LiveEvent,,,,https://i.imgur.com/OuogLHx.png,Business,480x272,iptv-org-all.txt,544,200,成功,h264,480x272,29.97002997002997,有音频,2.104
Caracola TV,https://wifispeed.trapemn.tv:1936/comunales/caracola-tv/chunks.m3u8,,,,CaracolaTV.cl@SD,,,,https://i.imgur.com/QGvfqug.png,General,1280x720,iptv-org-all.txt,1550,200,成功,h264,1280x720,29.97002997002997,有音频,3.194
BET Cinema,https://jmp2.uk/plu-58af4c093a41ca9d4ecabe96.m3u8,,,,BETCinema.us@SD,,,,https://images.pluto.tv/channels/58af4c093a41ca9d4ecabe96/colorLogoPNG_1759338280891.png,Movies,1216x684,iptv-org-all.txt,81,200,成功,h264,1216x684,30.0,有音频,1.003
Bibel TV Impuls (720p),https://bibeltv02.iptv-playoutcenter.de/bibeltv02/bibeltv02.stream_1/playlist.m3u8,,,,BibelTVImpuls.de@SD,,,,https://i.imgur.com/k4tbW3W.png,Undefined,1920x1080,iptv-org-all.txt,1643,200,成功,h264,1920x1080,25.0,有音频,4.297
Bollywood HD Russia (576p),https://xykt-fix.github.io/cinerama_edge01/hls/BOLLYWOOD_RU/Movie009.m3u8,,,,BollywoodHD.ro@Russia,,,,https://i.imgur.com/scDKOLS.png,Movies,880x720,iptv-org-all.txt,419,200,成功,h264,880x720,25.0,有音频,18.621
Club TV,https://tv.arkeo.cl:1936/clubtv/clubtv/playlist.m3u8,,,,ClubTV.cl@SD,,,,https://i.imgur.com/6fmQLF8.png,Undefined,1280x720,iptv-org-all.txt,1673,200,成功,h264,1280x720,29.97002997002997,有音频,4.052
Bloomberg TV Europe (720p),https://bloomberg.com/media-manifest/streams/eu.m3u8,,,,BloombergTV.us@Europe,,,,https://i.imgur.com/OuogLHx.png,Business,480x272,iptv-org-all.txt,563,200,成功,h264,480x272,25.0,有音频,3.864
Canal Coin TV (1080p),https://canalcoin.garjim.es/hls/directo.m3u8,,,,CanalCoinTV.es@SD,,,,https://i.imgur.com/3QPJIpa.png,General,1920x1080,iptv-org-all.txt,1062,200,成功,h264,1920x1080,50.0,有音频,2.901
BTA TV (720p),https://cloud.fastchannel.es/manifiest/hls/prog9/btatv.m3u8,,,,BTATV.ve@SD,,,,https://i.imgur.com/vygOosC.png,Music,854x480,iptv-org-all.txt,1465,200,成功,h264,854x480,29.97002997002997,有音频,1.471
Bread TV (720p),https://video.bread-tv.com:8091/hls-live24/online/index.m3u8,,,,BreadTV.cn@SD,,,,https://bread-tv.com/uploads/allimg/241202/9_1836542371.png,Undefined,1920x1080,iptv-org-all.txt,717,200,成功,h264,1920x1080,30.0,有音频,3.342
City Eden KinoDetektiv [Not 24/7],https://cityeden.catcast.tv/content/41327/index.m3u8,,,,CityEdenKinoDetektiv.ru@HD,,,,https://i.imgur.com/9rKHwBV.png,Movies,1920x1080,iptv-org-all.txt,5655,200,成功,h264,1920x1080,24.0,有音频,16.777
Canal San Roque (1080p) [Not 24/7],https://cdnlivevlc.codev8.net/aytosanroquelive/smil:channel1.smil/playlist.m3u8,,,,CanalSanRoque.es@SD,,,,https://i.imgur.com/SN9kFKh.png,General,1920x1080,iptv-org-all.txt,393,200,成功,h264,1920x1080,50.0,有音频,0.851
Chaozhou Public Channel,http://113.64.146.48:1688/hls/4/index.m3u8,,,,ChaozhouPublicChannel.cn@SD,,,,https://i.imgur.com/8YIrgB7.png,General,1920x1080,iptv-org-all.txt,1445,200,成功,h264,1920x1080,25.0,有音频,10.353
Bloomberg Originals (1080p),https://bloomberg.com/media-manifest/streams/qt.m3u8,,,,BloombergOriginals.us@US,,,,https://jiotvimages.cdn.jio.com/dare_images/images/Bloomberg_Originals.png,Business;Documentary,480x272,iptv-org-all.txt,1679,200,成功,h264,480x272,29.97002997002997,有音频,2.347
Canal 10 (Costa Rica) (720p) [Not 24/7],https://acceso.mediosdecostarica.com:3606/hybrid/play.m3u8,,,,Canal10.cr@SD,,,,https://i.imgur.com/TO6WQbW.png,General,1280x720,iptv-org-all.txt,615,200,成功,h264,1280x720,23.976023976023978,有音频,3.231
Camera Smile TV (480p),https://rpn.bozztv.com/gusa/gusa-camerasmile/index.m3u8,,,,CameraSmileTV.us@SD,,,,https://i.imgur.com/V5h4R83.png,Comedy,1280x720,iptv-org-all.txt,58,200,成功,h264,1280x720,29.97002997002997,有音频,1.358
CCTV-13 (720p),http://74.91.26.218:82/live/cctv13hd.m3u8,,,,CCTV13.cn@SD,,,,https://i.imgur.com/6MTar6J.png,News,1280x720,iptv-org-all.txt,157,200,成功,h264,1280x720,25.0,有音频,1.442
CBS KZTV (720p),https://content.uplynk.com/channel/d1f868588ae5476dadaeff450170a183.m3u8,,,,CBS.us@KZTV,,,,https://upload.wikimedia.org/wikipedia/commons/thumb/e/ee/CBS_logo_%282020%29.svg/960px-CBS_logo_%282020%29.svg.png,General,960x540,iptv-org-all.txt,806,200,成功,h264,960x540,30.0,有音频,6.017
BEK Sports West (720p),https://cdn3.wowza.com/5/ZWQ1K2NYTmpFbGsr/BEK-WOWZA-1/smil:BEKPRIMEW.smil/playlist.m3u8,,,,BEKSports.us@West,,,,https://i.imgur.com/1l3t5jd.png,Sports,320x240,iptv-org-all.txt,433,200,成功,h264,320x240,29.97002997002997,有音频,4.083
CNBC Arabiya (1080p),https://cnbc-live.akamaized.net/cnbc/master.m3u8,,,,CNBCArabiya.ae@SD,,,,https://upload.wikimedia.org/wikipedia/commons/thumb/e/ea/CNBC_Arabia_2025.svg/960px-CNBC_Arabia_2025.svg.png,Business,854x480,iptv-org-all.txt,1147,200,成功,h264,854x480,25.0,有音频,5.599
Bloomberg TV EMEA Live Event (720p),https://bloomberg.com/media-manifest/streams/eu-event.m3u8,,,,BloombergTV.us@EMEALiveEvent,,,,https://i.imgur.com/OuogLHx.png,Business,480x272,iptv-org-all.txt,577,200,成功,h264,480x272,29.97002997002997,有音频,3.561
Bibel TV Musik (720p),https://bibeltv03.iptv-playoutcenter.de/bibeltv03/bibeltv03.stream_1/playlist.m3u8,,,,BibelTVMusik.de@SD,,,,https://i.imgur.com/yIqOcP5.png,Music,1920x1080,iptv-org-all.txt,1571,200,成功,h264,1920x1080,25.0,有音频,4.582
Canal 7 Neuquen (1080p),https://stream.arcast.com.ar/c7nq/ngrp:c7nq_all/playlist.m3u8,,,,Canal7Neuquen.ar@SD,,,,https://i.ibb.co/BrvQsWm/C7neuquenlogo2023.png,General,416x234,iptv-org-all.txt,69,200,成功,h264,416x234,29.97002997002997,有音频,3.951
Canal 4 Teleaire,https://stmvideo6.livecastv.com/canal4/canal4/playlist.m3u8,,,,Canal4Teleaire.ar@SD,,,,https://i.imgur.com/XyiNvbY.png,General,1024x576,iptv-org-all.txt,7167,200,成功,h264,1024x576,30.0,有音频,18.584
Canal UOL (1080p),https://video24.mais.uol.com.br/live/6146.m3u8,,,,CanalUOL.br@SD,,,,https://conteudo.imguol.com.br/c/play/logo_canaluol_2024.svg,General,1920x1080,iptv-org-all.txt,1626,200,成功,h264,1920x1080,29.97002997002997,有音频,11.514
Bollygold (1080p),https://jmp2.uk/stvp-IN4000600Q,,,,Bollygold.in@HD,,,,https://tvpnlogopus.samsungcloud.tv/platform/image/sourcelogo/vc/00/02/34/IN4000600Q_20260805T003941SQUARE.png,Movies,1920x1080,iptv-org-all.txt,2115,200,成功,h264,1920x1080,25.0,有音频,6.514
Channel WIN (720p),https://cdn.pishow.tv/ott/live/229/master.m3u8,,,,ChannelWIN.in@SD,,,,https://xstreamcp-assets-msp.streamready.in/assets/LIVETV/LIVECHANNEL/LIVETV_LIVETVCHANNEL_CHANNEL_WIN/images/LOGO_HD/image.png,Religious,424x240,iptv-org-all.txt,912,200,成功,h264,424x240,25.0,有音频,8.664
City Eden MedZdrav [Not 24/7],https://cityeden.catcast.tv/content/47519/index.m3u8,,,,CityEdenMedZdrav.ru@HD,,,,https://i.imgur.com/BM4E0Kr.png,Lifestyle,1280x720,iptv-org-all.txt,1882,200,成功,h264,1280x720,60.0,有音频,13.184
City Eden KinoDrama [Not 24/7],https://cityeden.catcast.tv/content/45269/index.m3u8,,,,CityEdenKinoDrama.ru@HD,,,,https://i.imgur.com/29ddffh.png,Movies,640x360,iptv-org-all.txt,2529,200,成功,h264,640x360,24.0,有音频,15.658
