频道名,地址,回播地址,回播类型,回播天数,tvg-id,tvg-name,国家分组,语言分组,图标,原分组,分辨率,来源文件,检测时间,状态码,ffprobe是否成功,视频编码,分辨率,帧率,音频,ffprobe探测时间
CVC Education (480p),https://dlttx48mxf9m3.cloudfront.net/vod_clients/bolton/live/ch2/video.m3u8,,,,CVCEducation.us@SD,,,,https://i.imgur.com/tUgEAUJ.png,Education,1280x720,iptv-org-all.txt,1349,200,成功,h264,1280x720,29.97002997002997,有音频,1.102
Exa TV,http://190.61.90.17:40000/play/a0hk/index.m3u8,,,,ExaTV.mx@SD,,,,https://i.imgur.com/JWOqr1a.png,Music,544x480,iptv-org-all.txt,143,200,成功,h264,544x480,29.97002997002997,有音频,1.057
CVC Government (480p),https://dlttx48mxf9m3.cloudfront.net/vod_clients/bolton/live/ch3/video.m3u8,,,,CVCGovernment.us@SD,,,,https://i.imgur.com/qLJhNhq.png,Legislative,1280x720,iptv-org-all.txt,1171,200,成功,h264,1280x720,29.97002997002997,有音频,1.155
Cosmovision (720p),https://lbgo.bozztv.com/ssh101/ssh101/Cosmovisión/playlist.m3u8,,,,Cosmovision.co@SD,,,,https://i.imgur.com/QlvYfEJ.png,General,1280x720,iptv-org-all.txt,87,200,成功,h264,1280x720,30.0,有音频,1.382
Comedy Central Pluto TV,https://jmp2.uk/plu-5ca671f215a62078d2ec0abf.m3u8,,,,ComedyCentralPlutoTV.us@US,,,,https://images.pluto.tv/channels/5f357e91b18f0b00073583d2/colorLogoPNG.png,Comedy,1280x720,iptv-org-all.txt,86,200,成功,h264,1280x720,30.0,有音频,1.566
ESNE TV (1080p),http://190.217.66.92:8000/play/a0fp/index.m3u8,,,,ESNETV.us@SD,,,,https://i.imgur.com/bwAuFgx.png,Religious,720x480,iptv-org-all.txt,208,200,成功,mpeg2video,720x480,29.97002997002997,有音频,1.108
Codigo TV (1080p) [Not 24/7],https://edge.essastream.com/codigotv/playlist.m3u8,,,,CodigoTV.do@HD,,,,https://imgur.com/DbjywI3.png,General,1280x720,iptv-org-all.txt,48,200,成功,h264,1280x720,59.94005994005994,有音频,1.632
Estacion Limache TV (720p),https://v4.tustreaming.cl/limachemovil/index.m3u8,,,,EstacionLimacheTV.cl@SD,,,,https://i.imgur.com/YAADx7P.png,Entertainment,1280x720,iptv-org-all.txt,421,200,成功,h264,1280x720,29.97002997002997,有音频,1.647
En el punto de mira,https://jmp2.uk/plu-61922be835f3910007fc58f6.m3u8,,,,Enelpuntodemira.us@Spain,,,,https://i.imgur.com/E9grXd9.png,Entertainment,1280x720,iptv-org-all.txt,650,200,成功,h264,1280x720,30.0,有音频,1.713
Colors Kannada Cinema (576p),http://51.75.127.199:3141/colorskannadacinema/index.m3u8,,,,ColorsKannadaCinema.in@SD,,,,https://xstreamcp-assets-msp.streamready.in/assets/LIVETV/LIVECHANNEL/LIVETV_LIVETVCHANNEL_COLORS_KANNADA_CINEMA/images/LOGO_HD/image.png,Movies,1024x576,iptv-org-all.txt,272,200,成功,h264,1024x576,25.0,有音频,1.753
ESPN (1080p),http://181.78.197.59:8000/play/a07z/index.m3u8,,,,ESPN.br@SD,,,,https://upload.wikimedia.org/wikipedia/commons/thumb/2/2f/ESPN_wordmark.svg/960px-ESPN_wordmark.svg.png,Sports,1920x1080,iptv-org-all.txt,381,200,成功,h264,1920x1080,59.94005994005994,有音频,2.054
Citytv Bogota (1080p),http://138.121.15.230:9002/CITY-TV/index.m3u8,,,,CitytvBogota.co@SD,,,,https://i.imgur.com/h7K9EW9.png,General,720x480,iptv-org-all.txt,411,200,成功,mpeg2video,720x480,29.97002997002997,有音频,1.563
Extreme Sports Channel Polska (1080p),http://57.128.231.171:8080/262/index.m3u8,,,,ExtremeSportsChannelPolska.pl@SD,,,,https://upload.wikimedia.org/wikipedia/en/thumb/f/f0/Extreme_Sports_Channel.svg/960px-Extreme_Sports_Channel.svg.png,Sports,1920x1080,iptv-org-all.txt,132,200,成功,h264,1920x1080,50.0,有音频,1.531
Dikaya okhota HD (1080p),http://stream.mcquack.net/274/index.m3u8,,,,Dikayaokhota.ru@HD,,,,https://i.imgur.com/EOue13e.png,Outdoor,1920x1080,iptv-org-all.txt,653,200,成功,h264,1920x1080,25.0,有音频,2.469
EU Music (1080p),http://stream.mcquack.net/261/index.m3u8,,,,EUMusic.ua@SD,,,,https://i.imgur.com/fJdvyrG.png,Music,1920x1080,iptv-org-all.txt,607,200,成功,h264,1920x1080,25.0,有音频,2.549
DIM (576p),http://stream.mcquack.net/383/index.m3u8,,,,DIM.ua@SD,,,,https://i.imgur.com/3cjaXIF.png,General,1920x1080,iptv-org-all.txt,620,200,成功,h264,1920x1080,25.0,有音频,2.534
DraftKings Network (1080p),https://na.linear.zype.com/e0bd0e23-a958-4e43-8164-4f2fef8876a8/fd3614bd-90bf-4530-a277-65ae3a1720c8-zype/live.m3u8,,,,DraftKingsNetwork.us@SD,,,,https://i.imgur.com/SFYhgrt.png,Sports,426x240,iptv-org-all.txt,1346,200,成功,h264,426x240,30.0,有音频,2.707
Disney XD (Poland) (576p),http://185.227.34.179:8080/disney-xd/index.m3u8,,,,DisneyXD.pl@SD,,,,https://upload.wikimedia.org/wikipedia/commons/a/a8/2015_Disney_XD_logo.svg,Kids,720x576,iptv-org-all.txt,115,200,成功,h264,720x576,25.0,有音频,1.213
El Mueble (720p),https://jmp2.uk/plu-690dd10a37b131228d76d5b1.m3u8,,,,ElMueble.es@SD,,,,https://provider-static.plex.tv/epg/cms/production/d64983e2-55b1-410b-9599-98a28f7b94ba/Logo_ElMueble_1500x1000_AllWhite_-_Belen_Bruno.png,Lifestyle,1216x684,iptv-org-all.txt,98,200,成功,h264,1216x684,30.0,有音频,1.115
Documentary+ (1080p),https://ef79b15c8c7c46c7a9de9d33001dbd07.mediatailor.us-west-2.amazonaws.com/v1/master/ba62fe743df0fe93366eba3a257d792884136c7f/LINEAR-859-DOCUMENTARYPLUS-DOCUMENTARYPLUS/mt/documentaryplus/859/hls/master/playlist.m3u8,,,,DocumentaryPlus.us@US,,,,https://i.imgur.com/x57klfS.png,Documentary,384x216,iptv-org-all.txt,572,200,成功,h264,384x216,29.97002997002997,有音频,2.728
ETB 2 (1080p) [Geo-blocked],https://cdn1.etbon.eus/etb2/index.m3u8,,,,ETB2.es@SD,,,,https://upload.wikimedia.org/wikipedia/commons/thumb/c/c4/ETB2_2022_logo.svg/960px-ETB2_2022_logo.svg.png,General;Public,640x360,iptv-org-all.txt,713,200,成功,h264,640x360,25.0,有音频,2.821
El encantador de perros,https://jmp2.uk/plu-60e45687313c5f0007bc8e94.m3u8,,,,Elencantadordeperros.us@Spain,,,,https://i.imgur.com/hYqjQ1n.png,Series,1216x684,iptv-org-all.txt,675,200,成功,h264,1216x684,30.0,有音频,1.195
Dikaya rybalka HD (1080p),http://stream.mcquack.net/275/index.m3u8,,,,Dikayarybalka.ru@HD,,,,https://i.imgur.com/e3BFVgt.png,Outdoor,1920x1080,iptv-org-all.txt,663,200,成功,h264,1920x1080,25.0,有音频,2.096
Classic TV,https://clshls.wns.live/hls/stream.m3u8,,,,ClassicTV.ir@SD,,,,,Classic,1280x720,iptv-org-all.txt,826,200,成功,h264,1280x720,25.0,有音频,3.470
CR Television (720p) [Not 24/7],https://live.obslivestream.com/crtvmux/index.m3u8,,,,CRTelevision.pe@SD,,,,https://i.imgur.com/oxycMeA.png,General,1280x720,iptv-org-all.txt,45,200,成功,h264,1280x720,29.97002997002997,有音频,1.542
Dhoho TV (720p),https://dhohotv.siar.us/dhohotv/live/playlist.m3u8,,,,DhohoTV.id@SD,,,,https://i.imgur.com/4Khyyfh.png,General,1280x720,iptv-org-all.txt,868,200,成功,h264,1280x720,50.0,有音频,3.844
Estepona Television (720p),https://cloudvideo.servers10.com:8081/8022/index.m3u8,,,,EsteponaTelevision.es@SD,,,,https://i.imgur.com/rMAB720.png,Undefined,1280x720,iptv-org-all.txt,115,200,成功,h264,1280x720,25.0,有音频,4.107
CityNews Edmonton,https://citynewsregional.akamaized.net/hls/live/1024053/Regional_Live_8/Video-2Mbps.m3u8,,,,CityNewsEdmonton.ca@SD,,,,https://m.media-amazon.com/images/I/51Icdznow+L.png,News,960x540,iptv-org-all.txt,951,200,成功,h264,960x540,29.97002997002997,有音频,0.909
DD Manipur (504p),https://d2lk5u59tns74c.cloudfront.net/out/v1/8b75afc6576f450e8f554b6c877681d2/index.m3u8,,,,DDManipur.in@SD,,,,https://xstreamcp-assets-msp.streamready.in/assets/LIVETV/LIVECHANNEL/LIVETV_LIVETVCHANNEL_DD_IMPHAL/images/LOGO_HD/image.png,General,896x504,iptv-org-all.txt,663,200,成功,h264,896x504,25.0,有音频,4.144
E! (United States) East (1080p),http://23.237.104.106:8080/USA_E/index.m3u8,,,,E.us@East,,,,https://i.imgur.com/TWFDkap.png,Entertainment,1920x1080,iptv-org-all.txt,44,200,成功,h264,1920x1080,59.94005994005994,有音频,0.968
Comercio TV (1080p),https://stream-us-east-1.getpublica.com/playlist.m3u8?network_id=16960,,,,ComercioTV.us@SD,,,,https://www.amagi.com/hubfs/Group%202-3.png,General,426x240,iptv-org-all.txt,234,200,成功,h264,426x240,29.97002997002997,有音频,2.711
Extrema TV (United States) (720p),http://livestreamcdn.net:1935/ExtremaTV/ExtremaTV/playlist.m3u8,,,,ExtremaTV.us@SD,,,,https://i.imgur.com/Z1QVkqu.png,Undefined,1280x720,iptv-org-all.txt,488,200,成功,h264,1280x720,29.97002997002997,有音频,1.198
DD Punjabi (504p),https://d3qs3d2rkhfqrt.cloudfront.net/out/v1/da821c24a59d4e57960497aeaca8fb33/index.m3u8,,,,DDPunjabi.in@SD,,,,https://dtil.tmsimg.com/assets/s142800_ld_h15_aa.png?lock=720x540,Culture,896x504,iptv-org-all.txt,514,200,成功,h264,896x504,25.0,有音频,2.636
DTV (Peru) (720p),https://live-evg7.tv360.bitel.com.pe/bitel/sabormixtvSRT/playlist.m3u8,,,,DTV.pe@SD,,,,https://i.imgur.com/OSvegAq.png,General,1920x1080,iptv-org-all.txt,2771,200,成功,h264,1920x1080,30.0,有音频,1.837
Dnipro TV (1080p),http://vcdn1.produck.company:1935/out/dtv/playlist.m3u8,,,,DniproTV.ua@SD,,,,https://i.imgur.com/mbPTVh1.png,General,1920x1080,iptv-org-all.txt,1331,200,成功,h264,1920x1080,50.0,有音频,3.375
EWTN (United States) Africa-Asia (720p),https://cdn3.wowza.com/1/ZVBYYXFLLzE0c3NC/Qk1FMURC/hls/live/playlist.m3u8,,,,EWTN.us@AfricaAsia,,,,https://play-lh.googleusercontent.com/3716tvZCgzpIt-X1giV8jKwCdC8zwOI4eMUfO_ETWzNX6eGKIi2RiUK9a_fr6BCzjw,Religious,,iptv-org-all.txt,101,200,成功,h264,,,有音频,2.479
Dom kino International (576p),https://fs.uplink.kz/dom_kino/mono.m3u8?token=onlinetv,,,,Domkino.ru@International,,,,https://upload.wikimedia.org/wikipedia/commons/thumb/5/53/%D0%9B%D0%BE%D0%B3%D0%BE%D1%82%D0%B8%D0%BF_%D0%BA%D0%B0%D0%BD%D0%B0%D0%BB%D0%B0_%D0%94%D0%BE%D0%BC_%D0%9A%D0%B8%D0%BD%D0%BE.png/960px-%D0%9B%D0%BE%D0%B3%D0%BE%D1%82%D0%B8%D0%BF_%D0%BA%D0%B0%D0%BD%D0%B0%D0%BB%D0%B0_%D0%94%D0%BE%D0%BC_%D0%9A%D0%B8%D0%BD%D0%BE.png,Movies,720x576,iptv-org-all.txt,1055,200,成功,h264,720x576,25.0,有音频,5.294
DD Meghalaya (504p),https://d3qs3d2rkhfqrt.cloudfront.net/out/v1/4f81bc8d13dd49b484da35988abb8729/index.m3u8,,,,DDMeghalaya.in@SD,,,,https://xstreamcp-assets-msp.streamready.in/assets/LIVETV/LIVECHANNEL/LIVETV_LIVETVCHANNEL_DD_SHILLONG/images/LOGO_HD/image.png,General,896x504,iptv-org-all.txt,778,200,成功,h264,896x504,25.0,有音频,3.224
Dunyo bo'ylab (1080p),https://stream8.cinerama.uz/1006/tracks-v1a1/playlist.m3u8,,,,Dunyoboylab.uz@SD,,,,https://i.imgur.com/KArB5U6.png,General,1920x1080,iptv-org-all.txt,184,200,成功,h264,1920x1080,25.0,有音频,4.306
Dog the Bounty Hunter (1080p),https://aegis-cloudfront-1.tubi.video/ff0ad399-75ed-42ba-8c60-75bb6cb8c929/playlist.m3u8,,,,DogtheBountyHunter.us@US,,,,https://i.imgur.com/lMICupK.png,Series,1920x1080,iptv-org-all.txt,76,200,成功,h264,1920x1080,29.97002997002997,有音频,2.454
E International Asia (576p),https://gist.githubusercontent.com/iptvonlinetv/cf56ccf36d1c0827e4dc470db7b7912d/raw/066b1c9755b2496805575f16d413bd1207ca8117/udp315.520.789:8060.m3u8,,,,EInternational.id@Asia,,,,https://hosting.renderforestsites.com/35126779/1659328/media/1058391c8059a0d092426e145d55951b.png,General,,iptv-org-all.txt,523,200,成功,h264,,,有音频,3.600
Cricket Gold (1080p),https://streams2.sofast.tv/ptnr-yupptv/title-cricketgold/v1/master/611d79b11b77e2f571934fd80ca1413453772ac7/b2048bb8-1686-4432-aa50-647245383e0c/manifest.m3u8,,,,CricketGold.au@SD,,,,https://resources.cricket-australia.pulselive.com/cricket-australia/photo/2025/07/25/836eddae-4329-4542-ad17-dcd37e9d951a/Cricket-Gold-1920x1080_noBG.png,Sports,768x432,iptv-org-all.txt,1552,200,成功,h264,768x432,29.97002997002997,有音频,4.021
El Watania 1 (1080i),https://sw1.tanitweb.net/TunisiaTV/_definst_/watania1/chunklist.m3u8,,,,ElWatania1.tn@SD,,,,https://i.imgur.com/gNr2V14.png,General,1280x720,iptv-org-all.txt,1697,200,成功,h264,1280x720,25.0,有音频,5.198
Ebony TV by Lionsgate (1080p),https://aegis-cloudfront-1.tubi.video/a0ad4b53-ab3a-48dd-be12-bc7f533c372c/playlist.m3u8,,,,EbonyTVbyLionsgate.us@SD,,,,https://provider-static.plex.tv/epg/cms/production/234d5377-ab07-41bf-acd6-34c17c1c051a/EbonyTV_Plex_Logo_Light_1500x1000.png,Movies;Series,1920x1080,iptv-org-all.txt,79,200,成功,h264,1920x1080,29.97002997002997,有音频,3.685
CityNews Toronto (720p),https://citynewsregional.akamaized.net/hls/live/1024052/Regional_Live_7/master.m3u8,,,,CityNewsToronto.ca@SD,,,,https://m.media-amazon.com/images/I/51Icdznow+L.png,News,640x360,iptv-org-all.txt,869,200,成功,h264,640x360,29.97002997002997,有音频,2.199
Die Neue Zeit TV (576p),https://bild-und-ton.stream/die-neue-zeit-tv-live/smil:dnz-de.smil/playlist.m3u8,,,,DieNeueZeitTV.ch@SD,,,,https://i.imgur.com/K3lvrog.png,Religious,1024x576,iptv-org-all.txt,964,200,成功,h264,1024x576,25.0,有音频,5.694
Disney Channel Latin America North (576p),http://138.121.15.230:9002/DISNEY-CHANNEL/index.m3u8,,,,DisneyChannelLatinAmerica.ar@North,,,,https://upload.wikimedia.org/wikipedia/commons/f/ff/2024_Disney_Channel_text_logo.svg,Animation;Kids,1920x1080,iptv-org-all.txt,99,200,成功,h264,1920x1080,59.94005994005994,有音频,2.893
Disney XD (United States) (720p),http://23.237.104.106:8080/USA_DISNEY_XD/index.m3u8,,,,DisneyXD.us@East,,,,https://upload.wikimedia.org/wikipedia/commons/thumb/a/a8/2015_Disney_XD_logo.svg/960px-2015_Disney_XD_logo.svg.png,Kids,1280x720,iptv-org-all.txt,50,200,成功,h264,1280x720,59.94005994005994,有音频,0.751
DLTV 15 (1080p),https://cdn-live.dltv.ac.th/dltv15.m3u8,,,,DLTV15.th@SD,,,,https://i.imgur.com/onJi2b6.png,Education,1920x1080,iptv-org-all.txt,246,200,成功,h264,1920x1080,25.0,有音频,7.181
EWTN/Bonum TV,https://dash2.antik.sk/live/ewtn_bonum/index.m3u8,,,,EWTNBonumTV.hu@SD,,,,https://i.imgur.com/LdsRz2E.png,Religious,1920x1080,iptv-org-all.txt,464,200,成功,h264,1920x1080,25.0,有音频,1.999
E International Europe (576p),https://gist.githubusercontent.com/iptvonlinetv/cf56ccf36d1c0827e4dc470db7b7912d/raw/066b1c9755b2496805575f16d413bd1207ca8117/udp120.510.450:6060.m3u8,,,,EInternational.id@Europe,,,,https://hosting.renderforestsites.com/35126779/1659328/media/1058391c8059a0d092426e145d55951b.png,General,480x256,iptv-org-all.txt,339,200,成功,h264,480x256,24.0,有音频,2.799
Ebenezer TV (1080p),https://5e85d90130e77.streamlock.net/6010/ngrp:6010_all/playlist.m3u8,,,,EbenezerTV.hn@SD,,,,https://i.imgur.com/IC30j61.png,Religious,854x480,iptv-org-all.txt,385,200,成功,h264,854x480,30.0,有音频,3.436
Elias Pina TV (720p) [Not 24/7],https://cloud2.streaminglivehd.com:1936/8078/8078/playlist.m3u8,,,,EliasPinaTV.do@SD,,,,https://i.imgur.com/VqxSsZD.png,General,480x360,iptv-org-all.txt,50,200,成功,h264,480x360,23.976023976023978,有音频,1.529
DHE (1080p),http://15.204.246.24:8080/DHEHD/index.m3u8,,,,DHE.us@SD,,,,https://i.imgur.com/nsttoEa.png,Movies,1920x1080,iptv-org-all.txt,28,200,成功,h264,1920x1080,59.94005994005994,有音频,0.365
EPlanet TV,https://eplhls.wns.live/hls/stream.m3u8,,,,EPlanetTV.ir@SD,,,,,Documentary,1280x720,iptv-org-all.txt,1779,200,成功,h264,1280x720,25.0,有音频,2.426
Don't Tell The Bride (1080p),https://amg00426-lds-amg00426c15-samsung-au-3684.playouts.now.amagi.tv/playlist.m3u8,,,,DontTellTheBride.uk@SD,,,,https://i.imgur.com/h0bc3Fa.png,Series,1920x1080,iptv-org-all.txt,167,200,成功,h264,1920x1080,25.0,有音频,1.522
CityNews Vancouver (720p),https://citynewsregional.akamaized.net/hls/live/1024054/Regional_Live_9/master.m3u8,,,,CityNewsVancouver.ca@SD,,,,https://m.media-amazon.com/images/I/51Icdznow+L.png,News,640x360,iptv-org-all.txt,721,200,成功,h264,640x360,,有音频,2.390
Crunchyroll (720p),https://jmp2.uk/plu-65652f7fc0fc88000883537a.m3u8,,,,Crunchyroll.us@SD,,,,https://i.imgur.com/2FlIQUO.png,Animation,1216x684,iptv-org-all.txt,133,200,成功,h264,1216x684,30.0,有音频,1.050
DLTV 11 (1080p),https://cdn-live.dltv.ac.th/dltv11.m3u8,,,,DLTV11.th@SD,,,,https://i.imgur.com/hFk2b5s.png,Education,1920x1080,iptv-org-all.txt,795,200,成功,h264,1920x1080,25.0,有音频,6.117
Classic Movie Westerns,https://jmp2.uk/plu-61f33318210549000806a530.m3u8,,,,ClassicMovieWesterns.us@SD,,,,https://images.pluto.tv/channels/61f33318210549000806a530/colorLogoPNG.png,Movies;Series,1216x684,iptv-org-all.txt,61,200,成功,h264,1216x684,30.0,有音频,1.025
DD News HD (1080p),https://d3qs3d2rkhfqrt.cloudfront.net/out/v1/0811cd8c37ca4c409d5385a6cd2fa18b/index.m3u8,,,,DDNews.in@HD,,,,https://ltsk-cdn.s3.eu-west-1.amazonaws.com/jumpstart/Temp_Live/cdn/HLS/Channel/transparentImages/DD%20News%20HD.png,News,1920x1080,iptv-org-all.txt,787,200,成功,h264,1920x1080,25.0,有音频,4.148
DeltaTV,https://tv2.bitstreaming.net:3539/live/deltanetlive.m3u8,,,,DeltaTV.pe@SD,,,,https://i.imgur.com/crttwAR.png,Undefined,1280x720,iptv-org-all.txt,2163,200,成功,h264,1280x720,,有音频,1.266
Diyanet TV (1080p),https://eustr73.mediatriple.net/videoonlylive/mtikoimxnztxlive/broadcast_5e3bf95a47e07.smil/playlist.m3u8,,,,DiyanetTV.tr@SD,,,,https://upload.wikimedia.org/wikipedia/commons/thumb/4/43/Diyanet_TV_logo.svg/960px-Diyanet_TV_logo.svg.png,Religious,640x360,iptv-org-all.txt,1695,200,成功,h264,640x360,25.0,有音频,8.808
Dacha (1080p),https://dash2.antik.sk/live/test_dacha_tv_atktv/playlist.m3u8,,,,Dacha.ua@SD,,,,https://i.imgur.com/xq6p9BZ.png,Undefined,1920x1080,iptv-org-all.txt,2506,200,成功,h264,1920x1080,25.0,有音频,2.449
El Sembrador Nueva Evangelizacion ESNE,http://190.61.90.17:40000/play/a025/index.m3u8,,,,ElSembradorNuevaEvangelizacionESNE.us@SD,,,,https://i.imgur.com/APhSi1Y.jpg,Religious,544x480,iptv-org-all.txt,210,200,成功,h264,544x480,29.97002997002997,有音频,1.760
Deejay TV (1080p),https://4c4b867c89244861ac216426883d1ad0.msvdn.net/live/S85984808/sMO0tz9Sr2Rk/playlist.m3u8,,,,DeejayTV.it@SD,,,,https://i.imgur.com/YV27Chs.png,General,1920x1080,iptv-org-all.txt,3962,200,成功,h264,1920x1080,25.0,有音频,9.285
CTV 9 (1080p),http://43.252.18.195:5080/live/streams/ctv9_hd_playlist.m3u8,,,,CTV9.kh@SD,,,,https://i.imgur.com/jgVJt2G.png,Undefined,1920x1080,iptv-org-all.txt,217,200,成功,h264,1920x1080,25.0,有音频,2.019
CP24 (720p),http://107.167.16.138/cp24/index.m3u8?token=test,,,,CP24.ca@SD,,,,https://i.imgur.com/YzjZUEl.png,News,1280x720,iptv-org-all.txt,343,200,成功,h264,1280x720,30.0,有音频,0.914
DD India (1080p),https://mumbai-edge.smartplaytv.in/DDIndia/index.m3u8,,,,DDIndia.in@SD,,,,https://dtil.tmsimg.com/assets/s158251_ld_h15_aa.png?lock=720x540,General,384x216,iptv-org-all.txt,243,200,成功,h264,384x216,25.0,有音频,5.373
Dudelange TV (720p),https://streamer20.multimedia.blue/Eltrona/DudelangeTV/playlist.m3u8,,,,DudelangeTV.lu@SD,,,,https://i.imgur.com/2dLYZsc.png,General,1280x720,iptv-org-all.txt,2053,200,成功,h264,1280x720,25.0,有音频,3.171
DD Mizoram (504p),https://d2lk5u59tns74c.cloudfront.net/out/v1/eea48c6b61074052a2fa8532ff795ff1/index.m3u8,,,,DDMizoram.in@SD,,,,https://i.imgur.com/I5zT1DG.png,Culture;News,896x504,iptv-org-all.txt,805,200,成功,h264,896x504,25.0,有音频,3.867
ETV Bal Bharat (576p),http://103.185.24.134:3001/ETV-BAL-BHARAT/index.m3u8,,,,ETVBalBharat.in@SD,,,,https://i.imgur.com/zsTxPV9.png,Kids,720x576,iptv-org-all.txt,560,200,成功,h264,720x576,25.0,有音频,2.634
Epiloges TV,https://gra1.crystalweb.net:1936/epilogestv/epilogestv/playlist.m3u8,,,,EpilogesTV.gr@SD,,,,https://i.imgur.com/3S4P7ob.png,General,854x480,iptv-org-all.txt,1976,200,成功,h264,854x480,25.0,有音频,2.920
Familien fra Bryggen,https://jmp2.uk/plu-61c19c8c9863900007acaa57.m3u8,,,,FamilienfraBryggen.se@DK,,,,https://images.pluto.tv/channels/61c19c8c9863900007acaa57/colorLogoPNG.png,Entertainment,1216x684,iptv-org-all.txt,99,200,成功,h264,1216x684,30.0,有音频,1.456
EKids (576p),http://78.108.244.134:8899/ekids,,,,EKids.bg@SD,,,,,Kids,720x576,iptv-org-all.txt,869,200,成功,h264,720x576,25.0,有音频,6.644
Crimen & Historia (720p),https://jmp2.uk/plu-64ddcbb14c5ed80008fad416.m3u8,,,,CrimenHistoria.es@SD,,,,https://images.pluto.tv/channels/64ddcbb14c5ed80008fad416/colorLogoPNG.png,Documentary,1216x684,iptv-org-all.txt,341,200,成功,h264,1216x684,30.0,有音频,1.080
El Mundo del Campo (720p),https://movil.ejeserver.com/live/elmundodelcampo.m3u8,,,,ElMundodelCampo.co@SD,,,,https://i.imgur.com/xG2apUG.jpeg,Outdoor,1280x720,iptv-org-all.txt,107,200,成功,h264,1280x720,59.94005994005994,有音频,1.272
DD Jharkhand (504p),https://d3qs3d2rkhfqrt.cloudfront.net/out/v1/e8c3741f8c154d3185831f4e31777fb2/index.m3u8,,,,DDJharkhand.in@SD,,,,https://dtil.tmsimg.com/assets/s142787_ld_h15_aa.png?lock=720x540,General,896x504,iptv-org-all.txt,225,200,成功,h264,896x504,25.0,有音频,3.448
Dasturxon TV (576p),https://stream8.cinerama.uz/1206/tracks-v1a1/playlist.m3u8,,,,DasturxonTV.uz@SD,,,,https://i.imgur.com/APM2ej5.jpeg,General,1920x1080,iptv-org-all.txt,184,200,成功,h264,1920x1080,25.0,有音频,5.308
FailArmy Poland (720p),https://bd93cfed.wurl.com/master/f36d25e7e52f1ba8d7e56eb859c636563214f541/UmFrdXRlblRWLWV1X0ZhaWxBcm15X0hMUw/playlist.m3u8,,,,FailArmy.us@Poland,,,,https://i.imgur.com/VIpQJxL.png,Comedy,,iptv-org-all.txt,862,200,成功,h264,,,有音频,1.237
Corazon TV,https://sistemastr.tropicalmoonmedia.com/live/7FFCFEC3978B68D1A2ED0A38DE96AF76/12.m3u8,,,,CorazonTV.pa@SD,,,,https://i.imgur.com/HVdbXku.png,Music,1280x720,iptv-org-all.txt,1465,200,成功,h264,1280x720,25.0,有音频,0.846
Dmoda Channel (1080p),https://master.tucableip.com/dmoda/index.m3u8,,,,DmodaChannel.bo@SD,,,,https://dmoda.com.bo/wp-content/uploads/2025/07/09-LOGO-EN-BLANCO-LIGHT-380-X-180-pixeles.png,General,1920x1080,iptv-org-all.txt,112,200,成功,h264,1920x1080,29.97002997002997,有音频,3.241
Extrema Kids TV [Not 24/7],https://627bb251f23c7.streamlock.net:444/ExtremaKids/ExtremaKids/playlist.m3u8,,,,ExtremaKidsTV.cr@HD,,,,https://www.vivalivetv.com/public/files/shows/0/1/3027-294x165-FFFFFF.jpg,Animation;Kids,1920x1080,iptv-org-all.txt,813,200,成功,h264,1920x1080,30.0,有音频,2.080
Euronews Italian (720p),https://acb6ca89.wurl.com/master/f36d25e7e52f1ba8d7e56eb859c636563214f541/UmxheHhUVi1ldV9FdXJvbmV3c0l0YWxpYW5vX0hMUw/playlist.m3u8,,,,EuronewsItalian.fr@SD,,,,https://i.imgur.com/8t9mdg9.png,News,,iptv-org-all.txt,1521,200,成功,h264,,,有音频,7.449
Ecotel TV (720p),https://ecoteltv.streamseguro.com:5443/LiveApp/streams/streaming.m3u8,,,,EcotelTV.ec@SD,,,,https://i.imgur.com/pVlZUSV.png,News,1280x720,iptv-org-all.txt,1987,200,成功,h264,1280x720,30.0,有音频,3.633
Falastini TV (1080p),https://rp.tactivemedia.com/palestiniantv_source/live/playlist.m3u8,,,,FalastiniTV.ps@SD,,,,https://i.imgur.com/6B3Cims.png,Music,1920x1080,iptv-org-all.txt,725,200,成功,h264,1920x1080,30.0,有音频,2.413
DD Malayalam (504p),https://d2lk5u59tns74c.cloudfront.net/out/v1/c313674ffced4c9a90f1bba436df2b9b/index.m3u8,,,,DDMalayalam.in@SD,,,,https://i.postimg.cc/BZjmjJJs/DD-Malayalam.png,Entertainment,896x504,iptv-org-all.txt,809,200,成功,h264,896x504,25.0,有音频,5.447
Dijlah TV (1080p),https://ghaasiflu.online/Dijlah/index.m3u8,,,,DijlahTV.iq@SD,,,,https://i.imgur.com/kyzH3G5.png,News,1920x1080,iptv-org-all.txt,880,200,成功,h264,1920x1080,50.0,有音频,3.480
Ertsulovneba,https://stream.sstv.ge/live/sstv/playlist.m3u8,,,,Ertsulovneba.ge@SD,,,,https://i.imgur.com/KuuODMM.png,Religious,1280x720,iptv-org-all.txt,2678,200,成功,h264,1280x720,29.97002997002997,有音频,4.439
DD Nagaland (504p),https://d2lk5u59tns74c.cloudfront.net/out/v1/29c92e0bef954a6d9b0908d1be29c1f0/index.m3u8,,,,DDNagaland.in@SD,,,,https://i.imgur.com/HUL4aF6.png,General,896x504,iptv-org-all.txt,857,200,成功,h264,896x504,25.0,有音频,5.035
Diez TV Ubeda (1080p),https://streaming.cloud.innovasur.es/mmj/index.m3u8,,,,DiezTVUbeda.es@SD,,,,https://i.imgur.com/o2a7s4W.png,General,1920x1080,iptv-org-all.txt,597,200,成功,h264,1920x1080,,有音频,4.224
Dr. Gene Scott (1080p),https://wescottcc.piksel.tech/hls/live/2041478/adp/playlist.m3u8,,,,DrGeneScott.us@SD,,,,https://i.imgur.com/Db3EI19.png,Religious,,iptv-org-all.txt,1678,200,成功,h264,,,有音频,6.506
DD Sahyadri (504p),https://d3qs3d2rkhfqrt.cloudfront.net/out/v1/66dcc3ebe182447ba42837e746cf0c7c/index.m3u8,,,,DDSahyadri.in@SD,,,,https://xstreamcp-assets-msp.streamready.in/assets/LIVETV/LIVECHANNEL/LIVETV_LIVETVCHANNEL_DD_SAHYADRI/images/LOGO_HD/image.png,General,896x504,iptv-org-all.txt,300,200,成功,h264,896x504,25.0,有音频,3.031
ETV Cinema (396p),https://yupplivegcpusa.yuppcdn.net/100823/smil:etvcinema.smil/playlist.m3u8?hdnts=st=1735898689~exp=1835898688~acl=*~hmac=f5fe24724fe05481e3841f9eb5ab8efdee0a3dd83645ae9dcf45703f525bab7b,,,,ETVCinema.in@SD,,,,https://dtil.tmsimg.com/assets/s143026_ld_h15_aa.png?lock=720x540,Movies,704x396,iptv-org-all.txt,305,200,成功,h264,704x396,25.0,有音频,0.822
Comedia a lo bestia de Pluto TV,https://jmp2.uk/plu-68de3db35fc0afe85de0b843.m3u8,,,,ComediaalobestiadePlutoTV.de@ES,,,,https://images.pluto.tv/channels/68de3db35fc0afe85de0b843/colorLogoPNG_1759402494389.png,Comedy,1216x684,iptv-org-all.txt,124,200,成功,h264,1216x684,30.0,有音频,1.263
DLTV 12 (1080p),https://cdn-live.dltv.ac.th/dltv12.m3u8,,,,DLTV12.th@SD,,,,https://i.imgur.com/ITt6lY7.png,Education,1920x1080,iptv-org-all.txt,742,200,成功,h264,1920x1080,25.0,有音频,6.540
CTV (United States) (480p),https://cdn3.wowza.com/5/UWpORHhLSEs5SkJs/calabasas/G0009_003/playlist.m3u8,,,,CTV.us@SD,,,,https://i.imgur.com/N5uiIJo.png,Undefined,640x480,iptv-org-all.txt,907,200,成功,h264,640x480,25.0,有音频,2.181
Diez TV Las Villas (1080p),https://streaming.cloud.innovasur.es/mmj2/index.m3u8,,,,DiezTVLasVillas.es@SD,,,,https://i.imgur.com/QTA40lP.png,General,1280x720,iptv-org-all.txt,779,200,成功,h264,1280x720,50.0,有音频,3.632
CVTV Channel 194 (1080p),https://livestream.telvue.com/cvtv1/f7b44cfafd5c52223d5498196c8a2e7b.sdp/playlist.m3u8,,,,CVTVChannel194.us@SD,,,,https://i.imgur.com/loGNYCc.png,General,416x234,iptv-org-all.txt,190,200,成功,h264,416x234,29.97002997002997,有音频,5.012
City TV (Hungary),https://citytv.hu/playlist.m3u8,,,,CityTV.hu@SD,,,,https://i.imgur.com/u0AKhzj.png,General,720x576,iptv-org-all.txt,1922,200,成功,h264,720x576,50.0,有音频,3.368
Costa Noroeste TV (1080p) [Not 24/7],https://limited31.todostreaming.es/live/noroestetv-livestream.m3u8,,,,CostaNoroesteTV.es@SD,,,,https://i.imgur.com/iM9AN6Z.png,General,1920x1080,iptv-org-all.txt,1894,200,成功,h264,1920x1080,30.0,有音频,2.362
Daystar TV Espanol (1080p),http://167.249.23.102:8000/play/a0ev/index.m3u8,,,,DaystarTVEspanol.us@SD,,,,https://upload.wikimedia.org/wikipedia/commons/thumb/f/fc/Daystar_(2008%E2%80%93present)_unmodified_logo.svg/960px-Daystar_(2008%E2%80%93present)_unmodified_logo.svg.png,Religious,1280x720,iptv-org-all.txt,433,200,成功,h264,1280x720,59.94005994005994,有音频,2.924
DanceHits80,http://dancehits80.denvs.ru:8080/index.m3u8,,,,DanceHits80.ru@SD,,,,https://i.imgur.com/uMw3kks.png,Music,768x432,iptv-org-all.txt,2027,200,成功,h264,768x432,25.0,有音频,2.327
Crimenes Imperfectos,https://jmp2.uk/plu-5e94cd036cc69d0007e8a1ba.m3u8,,,,CrimenesImperfectos.us@SD,,,,https://i.imgur.com/kzUrWR5.png,Undefined,1280x720,iptv-org-all.txt,83,200,成功,h264,1280x720,30.0,有音频,1.099
Comet (1080p),https://fast-channels.sinclairstoryline.com/COMET/index.m3u8,,,,Comet.us@SD,,,,https://upload.wikimedia.org/wikipedia/commons/thumb/9/97/Comet_logo.svg/960px-Comet_logo.svg.png,Entertainment,640x360,iptv-org-all.txt,248,200,成功,h264,640x360,29.97002997002997,有音频,3.137
Cold Case Files (1080p),https://aegis-cloudfront-1.tubi.video/1e764712-0649-4946-bd7e-f1bbba3be6fa/playlist.m3u8,,,,ColdCaseFiles.us@SD,,,,https://i.imgur.com/mowSfj6.png,Series,1920x1080,iptv-org-all.txt,2679,200,成功,h264,1920x1080,29.97002997002997,有音频,2.674
Colors Cineplex Superhits (576p),http://51.75.127.199:3141/colorscineplexsuperhit/index.m3u8,,,,ColorsCineplexSuperhits.in@SD,,,,https://xstreamcp-assets-msp.streamready.in/assets/LIVETV/LIVECHANNEL/LIVETV_LIVETVCHANNEL_COLORS_CINEPLEX_SUPERHITS/images/LOGO_HD/image.png,Movies,1024x576,iptv-org-all.txt,121,200,成功,h264,1024x576,25.0,有音频,1.360
Comedy Central (United States) CA,https://jmp2.uk/plu-64f8a408bd341e000818fcda.m3u8,,,,ComedyCentral.us@CA,,,,https://images.pluto.tv/channels/64f8a408bd341e000818fcda/colorLogoPNG.png,Comedy,1216x684,iptv-org-all.txt,873,200,成功,h264,1216x684,30.0,有音频,1.160
ETB Events 1 (1080p),https://cdn1.etbon.eus/oc1/index.m3u8,,,,ETBEvents1.es@SD,,,,https://i.imgur.com/bVUEmx9.png,General;Public,640x360,iptv-org-all.txt,355,200,成功,h264,640x360,25.0,有音频,6.542
Comedy Central (Germany),https://ma.anixa.tv/clips/stream/comedy_central/playlist.php,,,,ComedyCentral.de@SD,,,,https://upload.wikimedia.org/wikipedia/commons/thumb/a/aa/Comedy_Central_2018.svg/960px-Comedy_Central_2018.svg.png,Comedy,640x360,iptv-org-all.txt,1441,200,成功,h264,640x360,25.0,有音频,2.917
D3 TV (720p),https://lbgo.bozztv.com/ssh101/ssh101/d3tvnet/playlist.m3u8,,,,D3TV.ml@SD,,,,https://i.imgur.com/uFEIBtB.png,Entertainment,1280x720,iptv-org-all.txt,80,200,成功,h264,1280x720,29.97002997002997,有音频,1.092
CV Vision TV (288p) [Geo-blocked],https://eu1.servers10.com:8081/8128/index.m3u8,,,,CVVisionTV.do@SD,,,,https://dominicanchannels.com/wp-content/uploads/ccviison-1.png,General,1280x720,iptv-org-all.txt,2205,200,成功,h264,1280x720,29.97002997002997,有音频,3.553
Encuentro (720p),http://138.59.227.20:8000/play/a05s/index.m3u8,,,,Encuentro.ar@SD,,,,https://i.imgur.com/uBBZR1X.png,Culture,528x480,iptv-org-all.txt,350,200,成功,h264,528x480,59.94005994005994,有音频,2.727
Club TV,https://tv.arkeo.cl:1936/clubtv/clubtv/playlist.m3u8,,,,ClubTV.cl@SD,,,,https://i.imgur.com/6fmQLF8.png,Undefined,1280x720,iptv-org-all.txt,1085,200,成功,h264,1280x720,29.97002997002997,有音频,4.040
Conectados con Dios,https://cdn.oktvus.com/ConectadoConDios/tracks-v2a1/mono.ts.m3u8,,,,ConectadosconDios.gt@SD,,,,https://i.imgur.com/Drn8nql.png,Religious,1280x720,iptv-org-all.txt,340,200,成功,h264,1280x720,29.97002997002997,有音频,1.585
EWTN (Germany) (720p),https://cdn3.wowza.com/1/ZUkxSDBrZHlMbjVn/ZkhNRFNZ/hls/live/playlist.m3u8,,,,EWTN.de@SD,,,,https://i.imgur.com/NXeygNk.png,Religious,320x180,iptv-org-all.txt,382,200,成功,h264,320x180,25.0,有音频,6.383
CVR English (720p),https://cdn.pishow.tv/ott/live/425/master.m3u8,,,,CVREnglish.in@SD,,,,https://i.imgur.com/k0WTQKi.png,News,424x240,iptv-org-all.txt,732,200,成功,h264,424x240,25.0,有音频,9.941
Extrema TV (Costa Rica) (720p),https://627bb251f23c7.streamlock.net:444/ExtremaTV/ExtremaTV/playlist.m3u8,,,,ExtremaTV.cr@SD,,,,https://i.imgur.com/E9AuhOU.png,Religious,1280x720,iptv-org-all.txt,756,200,成功,h264,1280x720,29.97002997002997,有音频,2.626
CNBC (720p),http://4.30.180.36:8420/cnbc/index.m3u8?token=test,,,,CNBC.us@SD,,,,https://upload.wikimedia.org/wikipedia/commons/thumb/b/bc/CNBC_2025.svg/960px-CNBC_2025.svg.png,Business,1280x720,iptv-org-all.txt,168,200,成功,h264,1280x720,29.97002997002997,有音频,0.581
CNBC Awaaz (1080p),https://n18syndication.akamaized.net/bpk-tv/CNBC_Awaaz_NW18_MOB/output01/master.m3u8,,,,CNBCAwaaz.in@SD,,,,https://jiotvimages.cdn.jio.com/dare_images/images/CNBCAwaaz.png,Business,1920x1080,iptv-org-all.txt,1767,200,成功,h264,1920x1080,25.0,有音频,15.346
EWTN (United States) Asia-Pacific (720p),https://cdn3.wowza.com/1/QmVNUVhTNTZSS3Uz/YWQ0aHpi/hls/live/playlist.m3u8,,,,EWTN.us@AsiaPacific,,,,https://play-lh.googleusercontent.com/3716tvZCgzpIt-X1giV8jKwCdC8zwOI4eMUfO_ETWzNX6eGKIi2RiUK9a_fr6BCzjw,Religious,320x180,iptv-org-all.txt,111,200,成功,h264,320x180,29.97002997002997,有音频,2.052
Dating Disasters,https://jmp2.uk/plu-651f239d9c7aeb0008286823.m3u8,,,,DatingDisasters.us@SD,,,,https://images.pluto.tv/channels/651f239d9c7aeb0008286823/colorLogoPNG.png,Entertainment,1280x720,iptv-org-all.txt,219,200,成功,h264,1280x720,30.0,有音频,1.111
ESPNU HD (720p),http://85.237.89.160:9590/usa-s/ESPN-U-HD/index.m3u8,,,,ESPNU.us@HD,,,,https://i.imgur.com/HiBrysh.png,Sports,1280x720,iptv-org-all.txt,231,200,成功,h264,1280x720,59.94005994005994,有音频,1.232
El Nueve (1080p),http://15.204.246.24:8080/elnueveHD/index.m3u8,,,,ElNueve.ar@SD,,,,https://i.imgur.com/cJHP7bU.png,General,1280x1080,iptv-org-all.txt,29,200,成功,h264,1280x1080,59.94005994005994,有音频,0.337
CSI: Crime Scene Investigation,https://jmp2.uk/plu-6304f8d5ffb61000071ab478.m3u8,,,,CSICrimeSceneInvestigation.de@GB,,,,https://images.pluto.tv/channels/6304f8d5ffb61000071ab478/colorLogoPNG.png,Series,1280x720,iptv-org-all.txt,866,200,成功,h264,1280x720,30.0,有音频,1.857
CT-N TV Conneticut (720p) [Not 24/7],http://video.ct-n.com/live/ctnstream/playlist_DVR.m3u8,,,,CTNTVConneticut.us@SD,,,,https://i.imgur.com/pb0TFQt.jpg,Legislative,1280x720,iptv-org-all.txt,140,200,成功,h264,1280x720,29.97002997002997,有音频,1.013
FailArmy UK (720p),https://failarmy-international-gb.samsung.wurl.tv/playlist.m3u8,,,,FailArmy.us@UK,,,,https://i.imgur.com/VIpQJxL.png,Comedy,1280x720,iptv-org-all.txt,795,200,成功,h264,1280x720,29.97002997002997,有音频,1.359
Crazy Ex-Girlfriend,https://jmp2.uk/plu-693ae5b792fad2e93412a2c7.m3u8,,,,CrazyExGirlfriend.se@SE,,,,https://images.pluto.tv/channels/693ae5660eedebc8d5db6579/colorLogoPNG_1770039249880.png,Comedy,1216x684,iptv-org-all.txt,75,200,成功,h264,1216x684,30.0,有音频,1.687
Exitosa TV (1080p),http://190.93.224.42/EXITOSA/index.m3u8,,,,ExitosaTV.pe@SD,,,,https://i.imgur.com/pu0BSB7.png,News,1920x1080,iptv-org-all.txt,304,200,成功,h264,1920x1080,30.0,有音频,1.665
CityNews Calgary (720p),https://citynewsregional.akamaized.net/hls/live/1024053/Regional_Live_8/master.m3u8,,,,CityNewsCalgary.ca@SD,,,,https://m.media-amazon.com/images/I/51Icdznow+L.png,News,640x360,iptv-org-all.txt,1153,200,成功,h264,640x360,29.97002997002997,有音频,2.443
CT-N Live Stream 2 (360p) [Not 24/7],http://video.ct-n.com/live/web2stream/playlist.m3u8,,,,CTNLiveStream2.us@SD,,,,https://i.imgur.com/pb0TFQt.jpeg,Legislative,1280x720,iptv-org-all.txt,287,200,成功,h264,1280x720,29.97002997002997,有音频,0.946
Dry Bar Comedy+ (720p),https://drybar-drybarcomedy-1-au.samsung.wurl.tv/playlist.m3u8,,,,DryBarComedyPlus.us@SD,,,,https://i.imgur.com/3N2C60N.png,Comedy,1280x720,iptv-org-all.txt,1513,200,成功,h264,1280x720,29.97002997002997,有音频,0.770
ETV News (1080p),https://cc-3448kp65yhc5w.akamaized.net/WWBI/Amagi/ETV_News_IN/playlist.m3u8,,,,ETVNews.in@HD,,,,https://jiotvimages.cdn.jio.com/dare_images/images/ETV_News.png,News,1280x720,iptv-org-all.txt,466,200,成功,h264,1280x720,29.97002997002997,有音频,17.990
Comedy Central Pluto TV BR,https://jmp2.uk/plu-5f357e91b18f0b00073583d2.m3u8,,,,ComedyCentralPlutoTV.us@BR,,,,https://images.pluto.tv/channels/5f357e91b18f0b00073583d2/colorLogoPNG.png,Comedy,1280x720,iptv-org-all.txt,129,200,成功,h264,1280x720,30.0,有音频,1.168
ConecTV Brasil (720p),https://stream01.msolutionbrasil.com.br/hls/conectv/live.m3u8,,,,ConecTVBrasil.br@SD,,,,https://i.imgur.com/XN6jjMR.png,General,1280x720,iptv-org-all.txt,289,200,成功,h264,1280x720,30.0,有音频,1.271
Coral TV (720p),https://tv.mediacp.eu:8081/coraltv/index.m3u8,,,,CoralTV.bo@SD,,,,https://i.ibb.co/xDrc5MD/CORALTv.png,General,1280x720,iptv-org-all.txt,1703,200,成功,h264,1280x720,29.97002997002997,有音频,2.772
Disney Channel Latin America Panregional HD (1080p),http://45.134.141.161:2200/ARG/Disney_Channel/index.m3u8,,,,DisneyChannelLatinAmerica.ar@PanregionalHD,,,,https://upload.wikimedia.org/wikipedia/commons/f/ff/2024_Disney_Channel_text_logo.svg,Animation;Kids,1920x1080,iptv-org-all.txt,289,200,成功,h264,1920x1080,59.94005994005994,有音频,1.254
DD Assam (504p),https://d2lk5u59tns74c.cloudfront.net/out/v1/d380bf5c167b4319a46cdd8204bc26b2/index.m3u8,,,,DDAssam.in@SD,,,,https://dtil.tmsimg.com/assets/s142777_ld_h15_aa.png?lock=720x540,General,896x504,iptv-org-all.txt,241,200,成功,h264,896x504,25.0,有音频,4.193
CSI: Miami LatAm,https://jmp2.uk/plu-63eb9255c111bc0008fe6ec4.m3u8,,,,CSIMiami.us@LatAm,,,,https://images.pluto.tv/channels/63eb9c5351f5d000085e8d7e/colorLogoPNG.png,Series,1216x684,iptv-org-all.txt,309,200,成功,h264,1216x684,30.0,有音频,1.047
CMC-USA Country Music Channel (720p),https://hwlive.streamingmediahosting.com/14215-live/0_obd393sh/playlist.m3u8,,,,CMCUSACountryMusicChannel.us@SD,,,,https://i.imgur.com/QsANRSu.png,Music,1280x720,iptv-org-all.txt,1066,200,成功,h264,1280x720,60.0,有音频,0.694
Drive (576i),https://stream8.cinerama.uz/1421/tracks-v1a1/mono.m3u8,,,,Drive.ru@SD,,,,https://i.imgur.com/FnuwfSC.png,Auto,720x576,iptv-org-all.txt,184,200,成功,h264,720x576,25.0,有音频,4.970
Diagnosis Murder DK,https://jmp2.uk/plu-668bf7dd74f5ec000817e6d1.m3u8,,,,DiagnosisMurder.se@DK,,,,https://images.pluto.tv/channels/668bf7dd74f5ec000817e6d1/colorLogoPNG.png,Classic;Series,1280x720,iptv-org-all.txt,241,200,成功,h264,1280x720,30.0,有音频,3.479
CT-N Court Feed (360p) [Not 24/7],http://video.ct-n.com/live/ctnSupreme/playlist_DVR.m3u8,,,,CTNCourtFeed.us@SD,,,,https://i.imgur.com/pb0TFQt.jpeg,Legislative,1280x720,iptv-org-all.txt,412,200,成功,h264,1280x720,29.97002997002997,有音频,0.965
CNBC TV18 (1080p),https://n18syndication.akamaized.net/bpk-tv/CNBC_TV18_NW18_MOB/output01/index.m3u8,,,,CNBCTV18.in@SD,,,,https://jiotvimages.cdn.jio.com/dare_images/images/CNBCTV18.png,Business,1920x1080,iptv-org-all.txt,1366,200,成功,h264,1920x1080,25.0,有音频,16.946
Colosal TV,https://5eac7b031d945.streamlock.net/COLOSAL/COLOSAL/playlist.m3u8,,,,ColosalTV.cr@SD,,,,https://i.imgur.com/0DZB3eB.png,Entertainment,1920x1080,iptv-org-all.txt,587,200,成功,h264,1920x1080,29.97002997002997,有音频,2.353
DD National HD (1080p),https://mumbai-edge.smartplaytv.in/DDNational/index.m3u8,,,,DDNational.in@HD,,,,https://ltsk-cdn.s3.eu-west-1.amazonaws.com/jumpstart/Temp_Live/cdn/HLS/Channel/transparentImages/DD%20National.png,Entertainment,1920x1080,iptv-org-all.txt,941,200,成功,h264,1920x1080,25.0,有音频,5.924
DD Kashir (504p),https://d3qs3d2rkhfqrt.cloudfront.net/out/v1/8a59a828e80c49d0958925950cec0204/index.m3u8,,,,DDKashir.in@SD,,,,https://xstreamcp-assets-msp.streamready.in/assets/LIVETV/LIVECHANNEL/LIVETV_LIVETVCHANNEL_DD_KASHIR/images/LOGO_HD/image.png,General,896x504,iptv-org-all.txt,251,200,成功,h264,896x504,25.0,有音频,3.275
Cornerstone TV (720p),https://2-fss-1.themediacdn.com/pl_122/206280-3059514-1/playlist.m3u8,,,,CornerstoneTV.us@SD,,,,https://i.imgur.com/gqEDwPn.png,Religious,1280x720,iptv-org-all.txt,1422,200,成功,h264,1280x720,59.94005994005994,有音频,0.674
El Puerto TV (720p),https://5bf8041cb3fed.streamlock.net/PuertoTV/PuertoTV/playlist.m3u8,,,,ElPuertoTV.do@SD,,,,https://i.imgur.com/FnshExB.jpg,Religious,1920x1080,iptv-org-all.txt,1068,200,成功,h264,1920x1080,29.97002997002997,有音频,1.240
Classica (720p),https://jmp2.uk/plu-5f779951372da90007fd45e8.m3u8,,,,Classica.us@SD,,,,https://i.imgur.com/bLjmQTU.png,Music,1216x684,iptv-org-all.txt,323,200,成功,h264,1216x684,30.0,有音频,0.963
Despertar TV (720p),https://br.conectmy.com.br/DespertarTV/index.m3u8,,,,DespertarTV.br@HD,,,,https://res.cloudinary.com/dpkehkbpv/image/upload/v1721839192/logo/mixtv/despertar_tv_ieb2l3.png,Religious,1920x1080,iptv-org-all.txt,1019,200,成功,h264,1920x1080,30.0,有音频,4.419
DKN (1080p),https://video.oct.dc.gov/out/u/DKN.m3u8,,,,DKN.us@SD,,,,https://i.imgur.com/DIau0GB.png,Education,1920x1080,iptv-org-all.txt,56,200,成功,h264,1920x1080,29.97002997002997,有音频,2.473
CNBC TV18 Prime HD (1080p),https://n18syndication.akamaized.net/bpk-tv/CNBC_Tv18_Prime_HD_NW18_MOB/output01/index.m3u8,,,,CNBCTV18PrimeHD.in@SD,,,,https://jiotvimages.cdn.jio.com/dare_images/images/CNBCTV18Prime.png,Business,1920x1080,iptv-org-all.txt,1213,200,成功,h264,1920x1080,25.0,有音频,17.290
CityTV San Diego (360p),https://cdn3.wowza.com/5/dk84U1p2UUdoMGxT/sandiego/G1826_005/playlist.m3u8,,,,CityTVSanDiego.us@SD,,,,https://i.imgur.com/OfNV6I7.png,Legislative,1280x720,iptv-org-all.txt,213,200,成功,h264,1280x720,25.0,有音频,1.009
City of Pompano Beach (720p),https://cdn3.wowza.com/5/M0lyamVmM2JWcjhQ/pompano/G0765_005/playlist.m3u8,,,,CityofPompanoBeach.us@SD,,,,https://i.imgur.com/Bv9OGrH.png,Legislative,1280x720,iptv-org-all.txt,448,200,成功,h264,1280x720,25.0,有音频,2.132
Expresa TV (720p),https://5ca9af4645e15.streamlock.net/teleradio/smil:teleradio.smil/playlist.m3u8,,,,ExpresaTV.mx@SD,,,,https://i.imgur.com/kFVVGrg.png,General,1920x1080,iptv-org-all.txt,1032,200,成功,h264,1920x1080,30.0,有音频,2.890
DD Odia (576p),https://mumbai-edge.smartplaytv.in/ddodiya/index.m3u8,,,,DDOdia.in@SD,,,,https://xstreamcp-assets-msp.streamready.in/assets/LIVETV/LIVECHANNEL/LIVETV_LIVETVCHANNEL_DD_ORIYA/images/LOGO_HD/image.png,General,896x504,iptv-org-all.txt,953,200,成功,h264,896x504,25.0,有音频,5.663
EWTN (United States) Canada (720p),https://cdn3.wowza.com/1/YW5wSWZiRGd2eFlU/bGV0aVBq/hls/live/playlist.m3u8,,,,EWTN.us@Canada,,,,https://play-lh.googleusercontent.com/3716tvZCgzpIt-X1giV8jKwCdC8zwOI4eMUfO_ETWzNX6eGKIi2RiUK9a_fr6BCzjw,Religious,320x180,iptv-org-all.txt,23,200,成功,h264,320x180,29.97002997002997,有音频,2.195
DELTA TV (720p),http://81.171.10.42:554/liveD/DStream.sdp/playlist.m3u8,,,,DELTATV.gr@SD,,,,https://i.ibb.co/Nt79gnx/319386123-3050873715211949-6691293256713061450-n-1024x752.png,General,1920x1080,iptv-org-all.txt,334,200,成功,h264,1920x1080,25.0,有音频,1.622
CMAP Channel 17 (720p),https://livestream.telvue.com/cmap1/f7b44cfafd5c52223d5498196c8a2e7b.sdp/playlist.m3u8,,,,CMAPChannel17.us@SD,,,,https://i.imgur.com/wlYUEYc.png,Legislative,1280x720,iptv-org-all.txt,186,200,成功,h264,1280x720,29.97002997002997,有音频,1.035
Conecta Mais TV (720p),https://adylnet.streampool.net/10324/live/hls/Conecta/index.m3u8,,,,ConectaMaisTV.br@SD,,,,https://i.imgur.com/qHwTWlz.png,Entertainment,1920x1080,iptv-org-all.txt,724,200,成功,h264,1920x1080,29.97002997002997,有音频,5.195
Comedy Central Pluto TV LatAm,https://jmp2.uk/plu-5ffcc21a432945000762d06b.m3u8,,,,ComedyCentralPlutoTV.us@LatAm,,,,https://images.pluto.tv/channels/5f357e91b18f0b00073583d2/colorLogoPNG.png,Comedy,1280x720,iptv-org-all.txt,88,200,成功,h264,1280x720,30.0,有音频,1.349
CNBC UK (1080p),https://amg01079-nbcuuk-amg01079c2-samsung-gb-1258.playouts.now.amagi.tv/playlist.m3u8,,,,CNBCUK.uk@SD,,,,https://upload.wikimedia.org/wikipedia/commons/thumb/b/bc/CNBC_2025.svg/960px-CNBC_2025.svg.png,Business;News,1920x1080,iptv-org-all.txt,1366,200,成功,h264,1920x1080,25.0,有音频,2.727
Cosmos TV (720p),https://video.hostingcaaguazu.com:19360/cosmostv/cosmostv.m3u8,,,,CosmosTV.py@SD,,,,https://i.imgur.com/dAMyExY.jpg,Science,1920x1080,iptv-org-all.txt,2260,200,成功,h264,1920x1080,25.0,有音频,4.430
Dr Pal TV (720p),https://stream.cisk.tech/drpal/index.m3u8,,,,DrPalTV.sa@SD,,,,https://raw.githubusercontent.com/songwenhui239/Songwenhui239/refs/heads/main/Dr%20Pal%20TV.jpeg,General,1280x720,iptv-org-all.txt,2441,200,成功,h264,1280x720,25.0,有音频,4.933
Colors Gujarati (396p),https://raw.githubusercontent.com/amazeyourself/adaptive-streams/refs/heads/main/streams/in/YuppTV/ColorsGujarati.m3u8,,,,ColorsGujarati.in@SD,,,,https://xstreamcp-assets-msp.streamready.in/assets/LIVETV/LIVECHANNEL/LIVETV_LIVETVCHANNEL_COLORS_GUJARATI/images/LOGO_HD/image.png,Entertainment,704x396,iptv-org-all.txt,18,200,成功,h264,704x396,25.0,有音频,0.648
Classic Movies Channel,https://jmp2.uk/plu-561c5b0dada51f8004c4d855.m3u8,,,,ClassicMoviesChannel.us@SD,,,,https://i.imgur.com/pQJxov2.png,Movies,1216x684,iptv-org-all.txt,93,200,成功,h264,1216x684,30.0,有音频,1.134
DD Madhya Pradesh (720p),https://mumbai-edge.smartplaytv.in/ddmadhyapradesh/index.m3u8,,,,DDMadhyaPradesh.in@SD,,,,https://dtil.tmsimg.com/assets/s142790_ld_h15_aa.png?lock=720x540,General,896x504,iptv-org-all.txt,966,200,成功,h264,896x504,25.0,有音频,5.703
DRTV (1080p),https://drlivedrtvahls.akamaized.net/hls/live/2113613/drlivedrtva/master.m3u8,,,,DRTV.dk@SD,,,,https://i.ibb.co/c6n2vbW/512px-DR-TV-logo-svg.png,General,1920x1080,iptv-org-all.txt,1802,200,成功,h264,1920x1080,50.0,有音频,7.361
Diagnosis Murder NO,https://jmp2.uk/plu-668bf91208d5490008065ffd.m3u8,,,,DiagnosisMurder.se@NO,,,,https://images.pluto.tv/channels/668bf7dd74f5ec000817e6d1/colorLogoPNG.png,Classic;Series,1216x684,iptv-org-all.txt,152,200,成功,h264,1216x684,30.0,有音频,1.443
El Pituco TV (720p),https://imagenuniversaltv.net:3439/live/elpitucolive.m3u8,,,,ElPitucoTV.do@HD,,,,https://elpituco.com/wp-content/uploads/2021/04/ElPituco.png,General,1280x720,iptv-org-all.txt,1132,200,成功,h264,1280x720,29.97002997002997,有音频,1.556
Court TV (1080p),https://cdn-uw2-prod.tsv2.amagi.tv/linear/amg01438-ewscrippscompan-courttv-tablo/playlist.m3u8,,,,CourtTV.us@SD,,,,https://i.imgur.com/jOKA735.png,Documentary,426x240,iptv-org-all.txt,3428,200,成功,h264,426x240,29.97002997002997,有音频,3.244
Detective Conan France (720p),https://jmp2.uk/plu-62f3e8ad2a8e8000077b013d.m3u8,,,,DetectiveConan.us@France,,,,https://images.pluto.tv/channels/62f3e8ad2a8e8000077b013d/colorLogoPNG.png?w=512,Animation;Kids,1280x720,iptv-org-all.txt,664,200,成功,h264,1280x720,30.0,有音频,1.092
Elim TV (576p),http://38.252.238.18:8000/play/a01k/index.m3u8,,,,ElimTV.sv@SD,,,,https://i.imgur.com/payIg0N.png,Religious,544x480,iptv-org-all.txt,140,200,成功,h264,544x480,59.94005994005994,有音频,0.654
Ciudad Magica (720p),https://lbgo.bozztv.com/ssh101/ssh101/verycoolfgr/playlist.m3u8,,,,CiudadMagica.ar@SD,,,,https://i.imgur.com/HJkSz2U.png,Outdoor,1920x1080,iptv-org-all.txt,40,200,成功,h264,1920x1080,30.0,有音频,1.074
Euro TV (Greece) (432p),https://lbgo.bozztv.com/ssh101/ssh101/eurotvlive/playlist.m3u8,,,,EuroTV.gr@SD,,,,https://www.eurotv.gr/wp-content/uploads/2018/03/ima-euro-channel-190-x-400.png,News,768x432,iptv-org-all.txt,1251,200,成功,h264,768x432,25.0,有音频,1.165
DocuBay TV (1080p),https://cc-mgr91yrk4pehy.akamaized.net/v1/master/3722c60a815c199d9c0ef36c5b73da68a62b09d1/cc-mgr91yrk4pehy/playlist.m3u8,,,,DocuBayTV.in@SD,,,,https://i.imgur.com/OGyeLLR.png,Documentary,,iptv-org-all.txt,1041,200,成功,h264,,,有音频,19.987
Enfoque Digital TV,https://5eaccbab48461.streamlock.net:1936/8074/8074/playlist.m3u8,,,,EnfoqueDigitalTV.cl@SD,,,,https://i.imgur.com/GaJzjt5.png,General,1920x1080,iptv-org-all.txt,1117,200,成功,h264,1920x1080,60.0,有音频,3.748
DD News (1080p),https://mumbai-edge.smartplaytv.in/DDNews/index.m3u8,,,,DDNews.in@SD,,,,https://ltsk-cdn.s3.eu-west-1.amazonaws.com/jumpstart/Temp_Live/cdn/HLS/Channel/transparentImages/DD%20News%20HD.png,News,384x216,iptv-org-all.txt,1047,200,成功,h264,384x216,25.0,有音频,5.485
Duck Dynasty (1080p),https://amg00276-amg00276c2-rakuten-uk-3449.playouts.now.amagi.tv/playlist.m3u8,,,,DuckDynasty.us@UK,,,,https://i.imgur.com/vMcSlwm.png,Series,1920x1080,iptv-org-all.txt,1921,200,成功,h264,1920x1080,29.97002997002997,有音频,2.878
DRTV International,https://vps122407.serveur-vps.net/hls/drtv.m3u8,,,,DRTVInternational.cg@SD,,,,https://i.imgur.com/rGbTvtZ.png,General,1280x720,iptv-org-all.txt,1780,200,成功,h264,1280x720,50.0,有音频,3.022
Eventyrlig Oppussing,https://jmp2.uk/plu-61c1de93244e500007581d69.m3u8,,,,EventyrligOppussing.se@NO,,,,https://images.pluto.tv/channels/61c1de93244e500007581d69/colorLogoPNG.png,Entertainment,1216x684,iptv-org-all.txt,2331,200,成功,h264,1216x684,30.0,有音频,1.525
Deen TV (576p),https://cd198.anystream.uk:9092/iqapp/d33ntv/playlist.m3u8,,,,DeenTV.uk@SD,,,,https://i.imgur.com/Zp62Nbd.png,General,1024x576,iptv-org-all.txt,1896,200,成功,h264,1024x576,25.0,有音频,2.595
Discovery Turbo (720p),http://41.205.93.154/ESPNNEWS/index.m3u8,,,,DiscoveryTurbo.us@SD,,,,https://upload.wikimedia.org/wikipedia/commons/thumb/7/74/Discovery_Turbo_2025.svg/1920px-Discovery_Turbo_2025.svg.png,Auto,1280x720,iptv-org-all.txt,456,200,成功,h264,1280x720,29.97002997002997,有音频,2.598
Denver 8 TV (720p),https://cdn3.wowza.com/5/bGZUOHp2TnhudnM2/denver/G0080_002/playlist.m3u8,,,,Denver8TV.us@SD,,,,https://i.imgur.com/wMIy5jb.png,Legislative,1280x720,iptv-org-all.txt,11,200,成功,h264,1280x720,25.0,有音频,1.087
CSI: NY en espanol,https://jmp2.uk/plu-632b606e12a67b0007c9e371.m3u8,,,,CSINYenespanol.us@SD,,,,https://images.pluto.tv/channels/632b606e12a67b0007c9e371/colorLogoPNG_1731837281479.png,Entertainment,1280x720,iptv-org-all.txt,84,200,成功,h264,1280x720,30.0,有音频,2.708
Duronto TV (720p),https://tvsen6.aynaott.com/6xyZ3N4oHv2KBJdB6W4p/index.m3u8,,,,DurontoTV.bd@SD,,,,https://i.imgur.com/gXsddRK.png,Kids,1280x720,iptv-org-all.txt,1056,200,成功,h264,1280x720,25.0,有音频,5.060
Classique TV (360p),https://stmv1.srvif.com/classique/classique/playlist.m3u8,,,,ClassiqueTV.br@SD,,,,https://i.imgur.com/rHxcraT.png,Movies,640x360,iptv-org-all.txt,281,200,成功,h264,640x360,24.0,有音频,0.928
CSI (Sweden),https://jmp2.uk/plu-6525419dc52b3600083db9c3.m3u8,,,,CSI.se@DK,,,,https://images.pluto.tv/channels/6525419dc52b3600083db9c3/colorLogoPNG.png,Series,1216x684,iptv-org-all.txt,63,200,成功,h264,1216x684,30.0,有音频,2.361
Deluxe 139 (480p),https://59d7d6f47d7fc.streamlock.net/pierstyle/pierstyle/playlist.m3u8,,,,Deluxe139.it@SD,,,,https://i.imgur.com/NbsGekl.png,Undefined,854x480,iptv-org-all.txt,2195,200,成功,h264,854x480,50.0,有音频,2.672
Comedy Play (576i),https://stream1.antenaplay.ro/live/ComedyPlay/chunklist.m3u8,,,,ComedyPlay.ro@SD,,,,https://i.imgur.com/6kAeVOk.png,Comedy,640x360,iptv-org-all.txt,854,200,成功,h264,640x360,25.0,有音频,2.604
Distrito Comedia (1080p),http://181.119.66.28:8081/DISTRITO-COMEDIA/index.m3u8,,,,DistritoComedia.mx@SD,,,,https://upload.wikimedia.org/wikipedia/commons/thumb/6/6b/DistritoComediaLOGO2018.png/960px-DistritoComediaLOGO2018.png,Comedy,1920x1080,iptv-org-all.txt,271,200,成功,h264,1920x1080,30.0,有音频,1.503
Diff'rent Strokes Arnold,https://jmp2.uk/plu-61f1d27a189ed10007b7393e.m3u8,,,,DiffrentStrokesArnold.us@Brazil,,,,https://i.imgur.com/jkmouY3.png,Series,1216x684,iptv-org-all.txt,659,200,成功,h264,1216x684,30.0,有音频,1.314
Doc Martin (United States),https://jmp2.uk/plu-62e922f6675f71000736db3b.m3u8,,,,DocMartin.us@CA,,,,https://images.pluto.tv/channels/62e922f6675f71000736db3b/colorLogoPNG.png,Series,1280x720,iptv-org-all.txt,724,200,成功,h264,1280x720,30.0,有音频,1.582
Expo Channel (360p),https://tvsnhlslivetest.akamaized.net/hls/live/2034711/EXPO-MSL4/master.m3u8,,,,ExpoChannel.au@SD,,,,https://i.imgur.com/2KzCShW.png,Shop,640x360,iptv-org-all.txt,1187,200,成功,h264,640x360,25.0,有音频,0.728
DLTV 13 (1080p),https://cdn-live.dltv.ac.th/dltv13.m3u8,,,,DLTV13.th@SD,,,,https://i.imgur.com/asB5w3v.png,Education,1920x1080,iptv-org-all.txt,786,200,成功,h264,1920x1080,25.0,有音频,5.584
Familia Vision HD [Not 24/7],https://584097344c1f0.streamlock.net/29/stream/playlist.m3u8,,,,FamiliaVisionHD.pr@SD,,,,https://i.imgur.com/uqTH7m5.jpg,Religious,1920x1080,iptv-org-all.txt,402,200,成功,h264,1920x1080,29.97002997002997,有音频,4.438
Comedy Central (Poland) (1080p),http://57.128.231.171:8080/286/index.m3u8,,,,ComedyCentral.pl@SD,,,,https://upload.wikimedia.org/wikipedia/commons/thumb/a/aa/Comedy_Central_2018.svg/960px-Comedy_Central_2018.svg.png,Comedy,1920x1080,iptv-org-all.txt,128,200,成功,h264,1920x1080,50.0,有音频,1.519
Colome TV [Not 24/7],https://ss2.tvrdomi.com:1936/colometv/colometv/playlist.m3u8,,,,ColomeTV.do@HD,,,,https://colometv.com/assets/images/logo.png,General,1092x614,iptv-org-all.txt,32,200,成功,h264,1092x614,30.0,有音频,1.907
Crime 360 (720p),https://jmp2.uk/plu-657880c46e4f6a00087404d0.m3u8,,,,Crime360.us@SD,,,,https://i.imgur.com/IjtaG1m.png,Documentary,1216x684,iptv-org-all.txt,130,200,成功,h264,1216x684,30.0,有音频,0.983
Euronews Romania (576p),https://hls02ns.antenaplay.ro/hls/euronews-ro-sd/index.m3u8,,,,EuronewsRomania.ro@SD,,,,https://i.imgur.com/jUOVUXt.png,News,720x576,iptv-org-all.txt,1745,200,成功,h264,720x576,25.0,有音频,3.114
dTVi,https://e.siar.us/live/dtvi.m3u8,,,,dTVi.id@SD,,,,https://upload.wikimedia.org/wikipedia/commons/9/90/Logo_DTVI.png,General,1280x720,iptv-org-all.txt,2566,200,成功,h264,1280x720,25.0,有音频,3.378
COM Brasil (720p),https://dfr80qz435crc.cloudfront.net/EFGH/Amagi/NewCo/New_Brasil_BR/New_Brasil.m3u8,,,,COMBrasil.br@SD,,,,https://i.imgur.com/GrjGwKM.png,General,1024x576,iptv-org-all.txt,562,200,成功,hevc,1024x576,29.97002997002997,有音频,1.252
ETV+ (720p),https://sb.err.ee/live/etvpluss.m3u8,,,,ETVPlus.ee@SD,,,,https://upload.wikimedia.org/wikipedia/commons/a/a2/ETV%2B_logo.png,Entertainment,1280x720,iptv-org-all.txt,1215,200,成功,h264,1280x720,25.0,有音频,6.678
Corrientes TV,https://617c5175c970b.streamlock.net:4444/13max2/live13maxtv2026/playlist.m3u8,,,,CorrientesTV.ar@SD,,,,https://i.imgur.com/7PBkvRp.png,General,1280x704,iptv-org-all.txt,1270,200,成功,h264,1280x704,50.0,有音频,0.792
ETV (Estonia) (720p),https://sb.err.ee/live/etv.m3u8,,,,ETV.ee@SD,,,,https://i.imgur.com/5URjPgG.png,General,1280x720,iptv-org-all.txt,1118,200,成功,h264,1280x720,25.0,有音频,6.966
DD Kisan (1080p),https://mumbai-edge.smartplaytv.in/DDKisan/index.m3u8,,,,DDKisan.in@SD,,,,https://i.imgur.com/x56WJEa.png,Education;Outdoor,896x504,iptv-org-all.txt,243,200,成功,h264,896x504,25.0,有音频,5.626
Dong Nai TV 1 (720p),https://vtvgolive-ott3.vtvdigital.vn/live/dongnai1tv/chunklist_2.m3u8,,,,DongNaiTV1.vn@SD,,,,https://i.imgur.com/oQyioVa.png,General;News,1280x720,iptv-org-all.txt,238,200,成功,h264,1280x720,25.0,有音频,5.155
DeFiance Media (1080p),https://amg01529-defiancetv-defiancemedia-glewed-tre8x.amagi.tv/playlist.m3u8,,,,DeFianceMedia.pr@SD,,,,https://xstreamcp-assets-msp.streamready.in/assets/DISTROTV/LIVECHANNEL/66698943bac4421ebc533695/images/logo_20231219_193005_68.png,Business,384x216,iptv-org-all.txt,1653,200,成功,h264,384x216,29.97002997002997,有音频,2.414
Egnatia TV (576p),https://video.streams.ovh:1936/egnatiatv/egnatiatv/index.m3u8,,,,EgnatiaTV.gr@SD,,,,https://i.imgur.com/zuyYIca.png,News,1024x576,iptv-org-all.txt,2183,200,成功,h264,1024x576,50.0,有音频,4.714
DLTV 14 (1080p),https://cdn-live.dltv.ac.th/dltv14.m3u8,,,,DLTV14.th@SD,,,,https://i.imgur.com/HOjZRNS.png,Education,1920x1080,iptv-org-all.txt,735,200,成功,h264,1920x1080,25.0,有音频,4.889
Dating Naked UK,https://jmp2.uk/plu-692edd6bdb8695f63e14f3b9.m3u8,,,,DatingNakedUK.se@SE,,,,https://images.pluto.tv/channels/692edc78d52ea9e4858cf78f/colorLogoPNG_1768226003744.png,Series,1024x576,iptv-org-all.txt,282,200,成功,h264,1024x576,30.0,有音频,1.024
Create (1080p),https://create.lls.pbs.org/index.m3u8,,,,Create.us@SD,,,,https://static.wikia.nocookie.net/logopedia/images/4/43/Create_TV_2006.svg/revision/latest/smart/width/386/height/259?cb=20240205233457,Education,416x234,iptv-org-all.txt,1963,200,成功,h264,416x234,29.97002997002997,有音频,1.389
Etno TV,https://hls02ns.antenaplay.ro/hls/etno-tv-sd/index.m3u8,,,,EtnoTV.ro@SD,,,,https://i.imgur.com/jzhZ8kl.png,General,720x576,iptv-org-all.txt,154,200,成功,h264,720x576,25.0,有音频,3.514
EWTN (United States) Europe (720p),https://cdn3.wowza.com/1/T2NXeHF6UGlGbHY3/WFluRldQ/hls/live/playlist.m3u8,,,,EWTN.us@Europe,,,,https://play-lh.googleusercontent.com/3716tvZCgzpIt-X1giV8jKwCdC8zwOI4eMUfO_ETWzNX6eGKIi2RiUK9a_fr6BCzjw,Religious,320x180,iptv-org-all.txt,147,200,成功,h264,320x180,29.97002997002997,有音频,1.762
Cultura 24,https://www.opencaster.com/resources/hls_stream/cultura24.m3u8,,,,Cultura24.pe@SD,,,,https://i.imgur.com/h0LxXsx.png,Culture,720x404,iptv-org-all.txt,1320,200,成功,h264,720x404,30.0,有音频,3.101
Durangaldeko Telebista (576p),https://nlb2-live.emitstream.com/hls/5f9asjsehd7gmyxsdpzu/master.m3u8,,,,DurangaldekoTelebista.es@SD,,,,https://i.imgur.com/qdlW6cg.png,General,1920x1080,iptv-org-all.txt,114,200,成功,h264,1920x1080,25.0,有音频,2.722
DD Bangla (504p),https://d3qs3d2rkhfqrt.cloudfront.net/out/v1/7ff57cc9046b4c188b51a0d506f36e7f/index.m3u8,,,,DDBangla.in@SD,,,,https://dtil.tmsimg.com/assets/s142778_ld_h15_aa.png?lock=720x540,General,896x504,iptv-org-all.txt,254,200,成功,h264,896x504,25.0,有音频,3.398
Cotubanama TV (1080p),https://host.streamingnation.live/p/3588/hybrid/play.m3u8,,,,CotubanamaTV.do@SD,,,,https://i.imgur.com/D6gAezp.png,General,1920x1080,iptv-org-all.txt,1733,200,成功,h264,1920x1080,29.97002997002997,有音频,0.968
EmanTv (1080p),https://avr.host247.net/live/emantv/playlist.m3u8,,,,EmanTv.iq@HD,,,,https://i.imgur.com/QmgaPSi.png,Family,1920x1080,iptv-org-all.txt,352,200,成功,h264,1920x1080,25.0,有音频,1.442
ConstanzaTV (1080p) [Not 24/7],https://live20.bozztv.com/akamaissh101/ssh101/ctv8hd/playlist.m3u8,,,,ConstanzaTV.do@SD,,,,https://i.imgur.com/4uV90gw.png,General,1920x1080,iptv-org-all.txt,1321,200,成功,h264,1920x1080,30.0,有音频,2.527
Colors MENA HD (720p),https://da86m1sqpm3o0.cloudfront.net/28072023/smil:colorsme.smil/playlist.m3u8,,,,ColorsMENA.in@HD,,,,https://i.imgur.com/LjNFTdC.png,Entertainment,1280x720,iptv-org-all.txt,212,200,成功,h264,1280x720,25.0,有音频,1.068
Ecuavisa Guayaquil (1080p) [Not 24/7],https://dai.google.com/linear/hls/event/GyPkTVDZSXGhpOvxPK7m2g/master.m3u8,,,,Ecuavisa.ec@Guayaquil,,,,https://i.imgur.com/Hl5wowk.png,General,426x240,iptv-org-all.txt,1490,200,成功,h264,426x240,30.0,有音频,4.911
Elche 7 TV (576p),https://elche7tv.gestec-video.com/hls/canal2.m3u8,,,,Elche7TV.es@SD,,,,https://i.imgur.com/tjI0dLx.png,Undefined,1920x1080,iptv-org-all.txt,1318,200,成功,h264,1920x1080,50.0,有音频,3.210
Elsharq TV (1080p) [Not 24/7],https://mn-nl.mncdn.com/elsharq_live/live/playlist.m3u8,,,,ElsharqTV.tr@SD,,,,https://i.imgur.com/8vmfZb5.png,General,1280x720,iptv-org-all.txt,1012,200,成功,h264,1280x720,25.0,有音频,3.328
Energia TV (720p) [Not 24/7],https://sincerecloud.stream/loadbalancer/public/actMdyoE.m3u8,,,,EnergiaTV.bq@SD,,,,https://i.imgur.com/GVKjI5c.jpeg,General,,iptv-org-all.txt,545,200,成功,h264,,,有音频,2.350
EBC General Education (720p) [Not 24/7],https://iptv.ebc.edu.kh/iptv/channel/1.m3u8,,,,EBCGeneralEducation.kh@SD,,,,https://elearning.ebc.edu.kh/pluginfile.php/1/theme_remui/logo/1770608989/ebc-logo.png,Education,1280x720,iptv-org-all.txt,1216,200,成功,h264,1280x720,29.97002997002997,有音频,6.189
Detetives Medicos,https://jmp2.uk/plu-638df93ae2f2a3000737c168.m3u8,,,,DetetivesMedicos.us@BR,,,,https://images.pluto.tv/channels/638df93ae2f2a3000737c168/colorLogoPNG.png,Documentary,1216x684,iptv-org-all.txt,749,200,成功,h264,1216x684,30.0,有音频,1.030
Elevation Church Network (1080p),https://linear-1066.frequency.stream/dist/stirr/1066/hls/master/playlist.m3u8,,,,ElevationChurchNetwork.us@HD,,,,https://i.imgur.com/VosP75g.png,Religious,384x216,iptv-org-all.txt,339,200,成功,h264,384x216,29.97002997002997,有音频,2.571
DanceTV Techno Warehouse (1080p),https://m2b2.worldcast.tv:7443/dancetelevisionthree/dancetelevisionthree.m3u8,,,,DanceTVTechnoWarehouse.ee@SD,,,,https://hebbkx1anhila5yf.public.blob.vercel-storage.com/tw-logo-dqofMpknglzhuurr3HkwtzR7cqGZHj.png,Music,1920x1080,iptv-org-all.txt,1049,200,成功,h264,1920x1080,30.0,有音频,6.609
Dios Te Ve (720p),https://s.emisoras.tv:8081/diostevetv/index.m3u8,,,,DiosTeVe.hn@SD,,,,https://i.imgur.com/7hNwUV2.png,Religious,640x360,iptv-org-all.txt,1463,200,成功,h264,640x360,29.97002997002997,有音频,0.991
CNC Santander de Quilichao (480p),https://movil.ejeserver.com/live/cncsantander.m3u8,,,,CNCSantanderdeQuilichao.co@SD,,,,https://i.imgur.com/LNl2o9q.jpg,General,854x480,iptv-org-all.txt,1053,200,成功,h264,854x480,29.97002997002997,有音频,0.911
DanceTV House Floor (1080p),https://m2b2.worldcast.tv:7443/dancetelevisionfive/dancetelevisionfive.m3u8,,,,DanceTVHouseFloor.ee@SD,,,,https://hebbkx1anhila5yf.public.blob.vercel-storage.com/hf-logo-uDcW7mhXn7bEtZ18czXFyZDlhj8ayX.png,Music,1920x1080,iptv-org-all.txt,1254,200,成功,h264,1920x1080,30.0,有音频,6.798
Expressen TV (1080p),https://cdn0-03837-liveedge0.dna.ip-only.net/03837-liveedge0/smil:03837-tx2/playlist.m3u8,,,,ExpressenTV.se@SD,,,,https://i.imgur.com/ai0BIci.png,News,,iptv-org-all.txt,1732,200,成功,h264,,,有音频,9.557
Colors Marathi HD (720p),https://da86m1sqpm3o0.cloudfront.net/28072023/smil:colorsmarathihd.smil/playlist.m3u8,,,,ColorsMarathi.in@HD,,,,https://xstreamcp-assets-msp.streamready.in/assets/LIVETV/LIVECHANNEL/LIVETV_LIVETVCHANNEL_COLORS_MARATHI/images/LOGO_HD/image.png,Entertainment,1280x720,iptv-org-all.txt,347,200,成功,h264,1280x720,25.0,有音频,1.064
Erfan Halgheh TV (720p),https://hls.erfanhalgheh.live/hls/stream.m3u8,,,,ErfanHalghehTV.ca@SD,,,,https://i.ibb.co/mGC5BMR/erfan-halgheh-tv-au.png,Religious,1280x720,iptv-org-all.txt,1982,200,成功,h264,1280x720,25.0,有音频,2.484
Distrito TV (1080p),https://nlb2-live.emitstream.com/hls/3mn7wpcv7hbmxmdzaxap/master.m3u8,,,,DistritoTV.es@SD,,,,https://i.imgur.com/AqGIoIt.png,General,720x404,iptv-org-all.txt,2257,200,成功,h264,720x404,25.0,有音频,6.358
Dios Te Ve Kids (720p),https://s.emisoras.tv:8081/diostevekids/index.m3u8,,,,DiosTeVeKids.hn@SD,,,,https://i.imgur.com/GnZicVH.png,Kids;Religious,1280x720,iptv-org-all.txt,1472,200,成功,h264,1280x720,29.97002997002997,有音频,1.095
Elive TV Brescia (720p) [Not 24/7],https://59d7d6f47d7fc.streamlock.net/elivebresciatv/elivebresciatv/playlist.m3u8,,,,EliveTVBrescia.it@SD,,,,https://i.imgur.com/gZxjLph.png,General,1280x720,iptv-org-all.txt,104,200,成功,h264,1280x720,25.0,有音频,2.730
Crazy Ex-Girlfriend NO,https://jmp2.uk/plu-693ae58fc2d0f38be38df821.m3u8,,,,CrazyExGirlfriend.se@NO,,,,https://images.pluto.tv/channels/693ae5660eedebc8d5db6579/colorLogoPNG_1770039249880.png,Comedy,1216x684,iptv-org-all.txt,154,200,成功,h264,1216x684,30.0,有音频,2.144
Das Erste HD (1080p),https://daserste-live.ard-mcdn.de/daserste/live/hls/int/master.m3u8,,,,DasErste.de@HD,,,,https://upload.wikimedia.org/wikipedia/commons/thumb/d/d1/ARD_Dachmarke_2014.svg/960px-ARD_Dachmarke_2014.svg.png,General,480x270,iptv-org-all.txt,583,200,成功,h264,480x270,50.0,有音频,13.348
Datis TV,https://ronhls.wns.live/hls/stream.m3u8,,,,DatisTV.ir@SD,,,,,Undefined,1280x720,iptv-org-all.txt,1093,200,成功,h264,1280x720,25.0,有音频,2.076
DASDING 90.8 (720p),https://swrdasdingvr-hls.akamaized.net/hls/live/2018681/dasdingvr/master.m3u8,,,,DASDING908.de@SD,,,,https://i.imgur.com/BmklHs8.png,Music,480x270,iptv-org-all.txt,671,200,成功,h264,480x270,50.0,有音频,8.713
Dragon TV International,https://restream.pdtvhd.com/memfs/0b1b95c9-3543-4af9-9fdb-cf45f1602f17.m3u8,,,,DragonTVInternational.cn@SD,,,,https://i.imgur.com/WqM6xnF.png,General,1280x720,iptv-org-all.txt,1924,200,成功,h264,1280x720,25.0,有音频,5.104
DD Saptagiri (504p),https://d2lk5u59tns74c.cloudfront.net/out/v1/26e915d6d12b4a06822c5e33c088ed56/index.m3u8,,,,DDSaptagiri.in@SD,,,,https://xstreamcp-assets-msp.streamready.in/assets/LIVETV/LIVECHANNEL/LIVETV_LIVETVCHANNEL_DD_SAPTAGIRI/images/LOGO_HD/image.png,General,896x504,iptv-org-all.txt,629,200,成功,h264,896x504,25.0,有音频,5.145
Dog the Bounty Hunter UK (1080p),https://amg00276-amg00276c11-rakuten-uk-3446.playouts.now.amagi.tv/playlist/amg00276-aetelevisionnetworksfast-dogthebountyhunterall-rakutenuk/playlist.m3u8,,,,DogtheBountyHunter.us@UK,,,,https://i.imgur.com/lMICupK.png,Series,1920x1080,iptv-org-all.txt,321,200,成功,h264,1920x1080,29.97002997002997,有音频,4.025
Esperia TV (480p),http://wms.shared.streamshow.it/esperiatv/esperiatv/playlist.m3u8,,,,EsperiaTV.it@SD,,,,https://upload.wikimedia.org/wikipedia/commons/8/81/ESPERIATV18_verde.png,General,1280x720,iptv-org-all.txt,1635,200,成功,h264,1280x720,25.0,有音频,2.429
El Canal Feliz (720p),http://streaming.multicontenidos.cl:8081/live/canalfeliz/playlist.m3u8,,,,ElCanalFeliz.cl@SD,,,,https://i.imgur.com/UlmYraS.png,Entertainment,1280x720,iptv-org-all.txt,2705,200,成功,h264,1280x720,29.97002997002997,有音频,2.460
EBS 1TV (400p) [Not 24/7],https://ebsonair.ebs.co.kr/ebs1familypc/familypc1m/playlist.m3u8,,,,EBS1TV.kr@SD,,,,https://upload.wikimedia.org/wikipedia/commons/thumb/e/e2/EBS_1TV_Logo.svg/960px-EBS_1TV_Logo.svg.png,Education,720x400,iptv-org-all.txt,793,200,成功,h264,720x400,29.97002997002997,有音频,4.585
El Centro TV (720p),https://v1.tustreaming.cl/diarioelcentrotv/index.m3u8,,,,ElCentroTV.cl@SD,,,,https://i.imgur.com/2KqGHvA.png,News,1280x720,iptv-org-all.txt,2268,200,成功,h264,1280x720,60.0,有音频,3.551
ClickTV Chile (720p),https://v2.tustreaming.cl/clicktv/playlist.m3u8,,,,ClickTVChile.cl@SD,,,,https://i.imgur.com/H0XNbMS.png,Documentary,1280x720,iptv-org-all.txt,156,200,成功,h264,1280x720,30.0,有音频,3.411
DD Sports SD (1080p),https://d3qs3d2rkhfqrt.cloudfront.net/out/v1/b17adfe543354fdd8d189b110617cddd/index.m3u8,,,,DDSports.in@SD,,,,https://dtil.tmsimg.com/assets/s158255_ld_h15_aa.png?lock=720x540,Sports,1920x1080,iptv-org-all.txt,239,200,成功,h264,1920x1080,25.0,有音频,4.807
CNC Bugavision (720p),https://movil.ejeserver.com/live/cncbuga.m3u8,,,,CNCBugavision.co@SD,,,,https://i.imgur.com/zJAwnvd.png,General,1280x720,iptv-org-all.txt,1318,200,成功,h264,1280x720,29.97002997002997,有音频,0.880
DanceTV Algorhythm (1080p),https://m2b2.worldcast.tv:7443/dancetelevisionfour/dancetelevisionfour.m3u8,,,,DanceTVAlgorhythm.ee@SD,,,,,Music,1920x1080,iptv-org-all.txt,2041,200,成功,h264,1920x1080,30.0,有音频,6.640
Crime + Investigation (720p),http://23.237.104.106:8080/USA_CRIME_INVESTIGATION/index.m3u8,,,,CrimePlusInvestigation.us@SD,,,,https://upload.wikimedia.org/wikipedia/commons/4/4d/Crime_%2B_Investigation_Logo_10.2019.svg,Entertainment,1280x720,iptv-org-all.txt,48,200,成功,h264,1280x720,29.97002997002997,有音频,0.973
Erz-TV Stollberg (576p),https://5acade5fc0c29.streamlock.net/kabeljournal/live2020.stream/playlist.m3u8,,,,ErzTVStollberg.de@SD,,,,https://i.imgur.com/6FHl9B1.png,General,720x576,iptv-org-all.txt,2875,200,成功,h264,720x576,25.0,有音频,5.440
Ciudad TV Resistencia (720p),https://617c5175c970b.streamlock.net:4444/chacodxdtv/livenew/playlist.m3u8,,,,CiudadTVResistencia.ar@SD,,,,https://i.imgur.com/oL8SMTL.png,General,1920x1080,iptv-org-all.txt,13,200,成功,h264,1920x1080,25.0,有音频,1.101
EBS 2TV (400p) [Not 24/7],https://ebsonair.ebs.co.kr/ebs2familypc/familypc1m/playlist.m3u8,,,,EBS2TV.kr@SD,,,,https://upload.wikimedia.org/wikipedia/commons/thumb/d/db/EBS_2TV_Logo.svg/960px-EBS_2TV_Logo.svg.png,Education,720x400,iptv-org-all.txt,661,200,成功,h264,720x400,29.97002997002997,有音频,5.043
City TV (Bulgaria) (576p) [Not 24/7],https://tv.city.bg/play/tshls/citytv/index.m3u8,,,,CityTV.bg@SD,,,,https://i.imgur.com/mFL452f.png,Music,1280x720,iptv-org-all.txt,529,200,成功,h264,1280x720,50.0,有音频,8.937
Fakt Marathi (576p),https://mumt07.tangotv.in/zHjX9OFlFAKTMARATHI/index.m3u8,,,,FaktMarathi.in@SD,,,,https://dtil.tmsimg.com/assets/s143038_ld_h15_aa.png?lock=720x540,Entertainment,552x720,iptv-org-all.txt,1287,200,成功,h264,552x720,25.0,有音频,5.816
Family Ties (Sweden) DK,https://jmp2.uk/plu-654a4a3ef91d250008ac089b.m3u8,,,,FamilyTies.se@DK,,,,https://images.pluto.tv/channels/654a4a3ef91d250008ac089b/colorLogoPNG.png,Comedy,1280x720,iptv-org-all.txt,221,200,成功,h264,1280x720,30.0,有音频,1.803
Deewana HD (540p),https://live20.bozztv.com/giatvplayout7/giatv-209592/index.m3u8,,,,DeewanaHD.in@SD,,,,https://i.imgur.com/xIYITQ9.png,Music,960x540,iptv-org-all.txt,33,200,成功,h264,960x540,30.0,有音频,0.935
ElyTV (360p),https://stmv1.srvsite.com/ely/ely/playlist.m3u8,,,,ElyTV.br@SD,,,,https://i.imgur.com/1eHNe91.png,Entertainment,,iptv-org-all.txt,753,200,成功,h264,,29.97002997002997,有音频,1.453
Diadora TV,https://diadoratv.stream/live/diadora/playlist.m3u8,,,,DiadoraTV.hr@SD,,,,https://i.imgur.com/qZzsASl.png,General,1280x720,iptv-org-all.txt,801,200,成功,h264,1280x720,25.0,有音频,3.713
ERT News HD (1080p),https://ert-ucdn.broadpeak-aas.com/bpk-tv/ERTNews/default/index.m3u8,,,,ERTNews.gr@HD,,,,https://i.imgur.com/HXbsPfB.png,News,1920x1080,iptv-org-all.txt,3636,200,成功,h264,1920x1080,600.0,有音频,8.086
Daily Post TV (1080p),https://vglivessai.akamaized.net/sg/v1/master/611d79b11b77e2f571934fd80ca1413453772ac7/103b8dd3-a888-4d1d-89a5-8a4bc25e48c1/index.m3u8,,,,DailyPostTV.in@SD,,,,https://papaji.freetvindia.com/media/Daily_post.png,News,,iptv-org-all.txt,2156,200,成功,h264,,,有音频,16.284
ESPN8: The Ocho (1080p),https://d3b6q2ou5kp8ke.cloudfront.net/ESPNTheOcho.m3u8,,,,ESPN8TheOcho.us@ESPN8TheOchoHD,,,,https://images.fubo.tv/channel-config-ui/station-logos/on-dark/espn_8_the_ocho_bw.png,Sports,1920x1080,iptv-org-all.txt,1118,200,成功,hevc,1920x1080,30.0,有音频,1.795
CKNO-FM (616p),https://videostream.jpbgdigital.com/NOWTV.m3u8,,,,CKNOFM.ca@SD,,,,https://i.imgur.com/sF2g7KE.png,Music,1096x616,iptv-org-all.txt,724,200,成功,h264,1096x616,30.0,有音频,1.545
CSI: NY,https://jmp2.uk/plu-62f54c6439183b000769fb8f.m3u8,,,,CSINY.us@SD,,,,https://images.pluto.tv/channels/62f54c6439183b000769fb8f/colorLogoPNG_1731837277521.png,Series,1280x720,iptv-org-all.txt,274,200,成功,h264,1280x720,30.0,有音频,2.797
Doctor Who Classic (1080p),https://bbc-classicdrwho-1-us.roku.wurl.tv/playlist.m3u8,,,,DoctorWhoClassic.us@US,,,,https://i.imgur.com/JIqJQQM.png,Series,1920x1080,iptv-org-all.txt,341,200,成功,h264,1920x1080,29.97002997002997,有音频,1.828
Degrassi (720p),https://d3537vnymvfque.cloudfront.net/playlist.m3u8,,,,Degrassi.us@US,,,,https://i.imgur.com/vhSzfDC.png,Series,1280x720,iptv-org-all.txt,1523,200,成功,h264,1280x720,29.97002997002997,有音频,3.105
Daystar TV WSLF-LD (720p),https://content.uplynk.com/channel/1992858a34c3423dbdad491d07ae6f75.m3u8,,,,DaystarTV.us@WSLFLD,,,,https://i.imgur.com/uVdKHMG.png,Religious,960x540,iptv-org-all.txt,799,200,成功,h264,960x540,29.97002997002997,有音频,6.423
Decima TV (720p),https://unlimited2-cl-isp.dps.live/decimatv/decimatv.smil/playlist.m3u8,,,,DecimaTV.cl@SD,,,,https://i.imgur.com/eu8hDDc.png,General,1280x720,iptv-org-all.txt,2649,200,成功,h264,1280x720,30.0,有音频,4.346
Create WMPT,https://2-fss-1.streamhoster.com/pl_122/amlst:201814-2122456/playlist.m3u8,,,,Create.us@WMPT,,,,https://static.wikia.nocookie.net/logopedia/images/4/43/Create_TV_2006.svg/revision/latest/smart/width/386/height/259?cb=20240205233457,Education,1280x720,iptv-org-all.txt,1899,200,成功,h264,1280x720,29.97002997002997,有音频,0.793
Eurasia (720p),https://infochh.trkeurasia.ru/hlsinfoch/infochhd.m3u8,,,,Eurasia.ru@SD,,,,https://i.imgur.com/4JUHIVS.png,General,1280x720,iptv-org-all.txt,1486,200,成功,h264,1280x720,25.0,有音频,5.837
DesheBideshe TV,https://dbcanada.sonarbanglatv.com/deshebideshe/dbtv/index.m3u8,,,,DesheBidesheTV.ca@SD,,,,https://i.imgur.com/Ek1Ohj6.png,General,1280x720,iptv-org-all.txt,809,200,成功,h264,1280x720,25.0,有音频,0.834
Duta TV (360p) [Not 24/7],https://dutatv.siar.us/dutatv/live/playlist.m3u8,,,,DutaTV.id@SD,,,,https://i.imgur.com/B4JW54M.png,General,1280x720,iptv-org-all.txt,786,200,成功,h264,1280x720,25.0,有音频,3.370
Dangal TV (720p),https://live-dangal.akamaized.net/liveabr/playlist.m3u8,,,,DangalTV.in@SD,,,,https://xstreamcp-assets-msp.streamready.in/assets/LIVETV/LIVECHANNEL/LIVETV_LIVETVCHANNEL_DANGAL/images/LOGO_HD/image.png,General,1280x720,iptv-org-all.txt,850,200,成功,h264,1280x720,25.0,有音频,5.742
EDN TV (1080p) [Not 24/7],https://60417ddeaf0d9.streamlock.net/edntv/videoedntv/playlist.m3u8,,,,EDNTV.hn@SD,,,,https://i.imgur.com/5fPsYTz.png,Entertainment,1920x1080,iptv-org-all.txt,1240,200,成功,h264,1920x1080,30.0,有音频,1.289
EWTN (United States) Spain & Latin America (720p),https://cdn3.wowza.com/1/SmVrQmZCUXZhVDgz/b3J3MFJv/hls/live/playlist.m3u8,,,,EWTN.us@SpainLatinAmerica,,,,https://play-lh.googleusercontent.com/3716tvZCgzpIt-X1giV8jKwCdC8zwOI4eMUfO_ETWzNX6eGKIi2RiUK9a_fr6BCzjw,Religious,320x180,iptv-org-all.txt,108,200,成功,h264,320x180,29.97002997002997,有音频,2.250
Comedy Central (Sweden),https://jmp2.uk/plu-61c0b550e0d3a700072b6a2a.m3u8,,,,ComedyCentral.se@SE,,,,https://images.pluto.tv/channels/61c0989431084d0007eab12d/colorLogoPNG.png,Comedy,1280x720,iptv-org-all.txt,157,200,成功,h264,1280x720,30.0,有音频,1.187
De Ultimo Minuto TV,https://soportedvb.click:3620/live/deultimominutomedialive.m3u8,,,,DeUltimoMinutoTV.do@SD,,,,https://i.imgur.com/6ML2z17.png,News,1920x1080,iptv-org-all.txt,1251,200,成功,h264,1920x1080,30.0,有音频,0.968
Classic Arts Showcase (720p),https://classicarts.akamaized.net/hls/live/1024257/CAS/master.m3u8,,,,ClassicArtsShowcase.us@SD,,,,https://i.imgur.com/M6FFkc3.png,Culture;Education,430x240,iptv-org-all.txt,528,200,成功,h264,430x240,29.97002997002997,有音频,5.287
Enntivision (1080p) [Not 24/7],https://edge.essastream.com/enntivision/playlist.m3u8,,,,Enntivision.do@SD,,,,https://i.imgur.com/nePOFZW.png,General,1280x720,iptv-org-all.txt,1645,200,成功,h264,1280x720,29.97002997002997,有音频,1.329
Epic Bharat (576p),https://mumt06.tangotv.in/qYyB8fXVEPICTV/index.m3u8,,,,EpicBharat.in@SD,,,,https://dtil.tmsimg.com/assets/GNLZZGG0032BW6T.png?lock=720x540,Entertainment,1172x720,iptv-org-all.txt,2035,200,成功,h264,1172x720,25.0,有音频,5.342
Claro Cinema (1080p),http://158.172.217.18:8000/play/a00d/index.m3u8,,,,ClaroCinema.mx@SD,,,,https://i.imgur.com/SOLGQxQ.jpg,Movies,720x480,iptv-org-all.txt,336,200,成功,mpeg2video,720x480,29.97002997002997,有音频,1.437
Crazy Ex-Girlfriend DK,https://jmp2.uk/plu-693ae5660eedebc8d5db6579.m3u8,,,,CrazyExGirlfriend.se@DK,,,,https://images.pluto.tv/channels/693ae5660eedebc8d5db6579/colorLogoPNG_1770039249880.png,Comedy,1216x684,iptv-org-all.txt,715,200,成功,h264,1216x684,30.0,有音频,1.224
Extra ProNews (576p),http://62.1.176.18:8888/extra/index.m3u8,,,,ExtraProNews.gr@SD,,,,https://i.imgur.com/VKW9xw6.png,Entertainment;News;Shop,720x576,iptv-org-all.txt,309,200,成功,h264,720x576,25.0,有音频,1.610
Colors (576p),http://51.75.127.199:3141/colorssd/index.m3u8,,,,Colors.in@SD,,,,https://i.imgur.com/M8uCJ0D.png,Entertainment,1024x576,iptv-org-all.txt,108,200,成功,h264,1024x576,25.0,有音频,2.023
Dien Bien TV (1080p),https://stream.langsontv.vn/live/2855dfeccb7f49a41a2b0441b3bfeda413c/playlist.m3u8,,,,DienBienTV.vn@SD,,,,https://i.imgur.com/u308o8q.png,General,1920x1080,iptv-org-all.txt,2939,200,成功,h264,1920x1080,25.0,有音频,6.084
ETV 2 (720p),https://sb.err.ee/live/etv2.m3u8,,,,ETV2.ee@SD,,,,https://i.imgur.com/fUjGHDa.png,Culture;Kids,1280x720,iptv-org-all.txt,133,200,成功,h264,1280x720,25.0,有音频,7.508
Classic Music (1080p),http://stream.mcquack.net/312/index.m3u8,,,,ClassicMusic.ru@SD,,,,https://i.imgur.com/TpXs1qA.png,Music,1920x1080,iptv-org-all.txt,168,200,成功,h264,1920x1080,25.0,有音频,2.045
Duma TV (720p),http://185.23.80.23:8080/DumaTV/index.m3u8,,,,DumaTV.ru@SD,,,,https://i.imgur.com/JvlO3PU.png,Legislative,880x720,iptv-org-all.txt,417,200,成功,h264,880x720,25.0,有音频,2.190
CTVN AKD Plus (1080p),https://live.legitpro.co.in/ctvnakdplus/index.m3u8,,,,CTVNAKDPlus.in@SD,,,,https://dtil.tmsimg.com/assets/s142754_ld_h15_aa.png?lock=720x540,News,1920x1080,iptv-org-all.txt,1603,200,成功,h264,1920x1080,30.0,有音频,5.459
Correa Radiovision,https://stream.arcast.net:4443/correadigital/canal12/playlist.m3u8,,,,CorreaRadiovision.ar@SD,,,,https://i.imgur.com/bNCGzjf.jpeg,General,1280x720,iptv-org-all.txt,1574,200,成功,h264,1280x720,25.0,有音频,1.732
ERT Cosmos (1080p),https://ert-ucdn.broadpeak-aas.com/bpk-tv/ERTCosmos/default/index.m3u8,,,,ERTCosmos.gr@SD,,,,https://upload.wikimedia.org/wikipedia/commons/thumb/b/b7/ERT_Cosmos_Logo_2026.svg/960px-ERT_Cosmos_Logo_2026.svg.png,General,1920x1080,iptv-org-all.txt,3779,200,成功,h264,1920x1080,600.0,有音频,8.087
Disney Jr. Latin America (1080p),http://190.14.10.19:16000/play/a02d/index.m3u8,,,,DisneyJrLatinAmerica.ar@North,,,,https://upload.wikimedia.org/wikipedia/commons/e/e3/2024_Disney_Jr._Logo.svg,Animation;Kids,544x480,iptv-org-all.txt,168,200,成功,h264,544x480,59.94005994005994,有音频,1.311
E! Latin America Mexico (720p),http://72.1.184.5:8089/play/a05d/index.m3u8,,,,ELatinAmerica.us@Mexico,,,,https://upload.wikimedia.org/wikipedia/commons/thumb/9/96/E%21_Logo_2012.svg/500px-E%21_Logo_2012.svg.png,Entertainment;News,1920x1080,iptv-org-all.txt,136,200,成功,h264,1920x1080,29.97002997002997,有音频,0.813
Emocion TV (720p),https://v1.tustreaming.cl/emociontv/index.m3u8,,,,EmocionTV.cl@SD,,,,https://i.imgur.com/OJ3omla.jpeg,Entertainment,1280x720,iptv-org-all.txt,154,200,成功,h264,1280x720,29.97002997002997,有音频,3.395
DocuBox,https://dash3.antik.sk/live/test_docubox_medium_atk/playlist.m3u8,,,,DocuBox.nl@SD,,,,https://i.imgur.com/pX4U9OG.png,Documentary,1280x720,iptv-org-all.txt,128,200,成功,h264,1280x720,25.0,有音频,1.934
Dog Whisperer (1080p) [Geo-blocked],https://pb-ffpxvjshv4rxx.akamaized.net/Dog_Whisperer_with_Cesar_Millan.m3u8,,,,DogWhisperer.us@UK,,,,https://i.imgur.com/tgWypVJ.png,Series,1920x1080,iptv-org-all.txt,372,200,成功,h264,1920x1080,29.97002997002997,有音频,1.825
DD Bharati (720p),https://cdn.pishow.tv/ott/live/10/master.m3u8,,,,DDBharati.in@SD,,,,https://i.imgur.com/4tfUIEo.png,Culture,424x240,iptv-org-all.txt,247,200,成功,h264,424x240,25.0,有音频,9.794
El Chavo TV (720p),https://live20.bozztv.com/giatvplayout7/giatv-211465/playlist.m3u8,,,,ElChavoTV.mx@HD,,,,https://gia.tv/streams/pptv/211465.png,Kids,960x720,iptv-org-all.txt,33,200,成功,h264,960x720,30.0,有音频,0.907
Danger TV (720p),https://dk0n7jh428tzj.cloudfront.net/v1/dangertv/samsungheadend_us/latest/main/hls/playlist.m3u8,,,,DangerTV.us@SD,,,,https://i.imgur.com/4aTk45R.png,Documentary,1280x720,iptv-org-all.txt,873,200,成功,h264,1280x720,29.97002997002997,有音频,2.809
Eden TV (540p) [Not 24/7],https://rtmp.edentv.bj/hls/stream.m3u8,,,,EdenTV.bj@SD,,,,https://i.imgur.com/4ClnG0x.png,General,1280x720,iptv-org-all.txt,3589,200,成功,h264,1280x720,30.0,有音频,1.669
Current Time TV (1080p),https://rfe-ingest.akamaized.net/hls/live/2033043/tvmc05/master.m3u8,,,,CurrentTimeTV.cz@SD,,,,https://i.imgur.com/hKo8ApU.png,News,,iptv-org-all.txt,3350,200,成功,h264,,,有音频,12.575
EVI TV (720p),https://mistserver.evi-tv.com/hls/evi_tv_live/index.m3u8,,,,EVITV.cd@SD,,,,https://i.imgur.com/fBc9JSM.png,Entertainment,1920x1080,iptv-org-all.txt,1764,200,成功,h264,1920x1080,25.0,有音频,2.929
Dateline 24/7 (1080p),https://d1si3n1st4nkgb.cloudfront.net/10502/88896029/hls/master.m3u8?ads.xumo_channelId=88896029,,,,Dateline247.us@SD,,,,https://i.imgur.com/8mAJuut.png,Documentary,426x240,iptv-org-all.txt,736,200,成功,h264,426x240,30.0,有音频,1.450
Comedy Central South Park,https://jmp2.uk/plu-609ae66b359b270007869ff1.m3u8,,,,ComedyCentralSouthPark.us@BR,,,,https://images.pluto.tv/channels/609ae66b359b270007869ff1/colorLogoPNG_1733160636316.png,Animation;Comedy,1280x720,iptv-org-all.txt,144,200,成功,h264,1280x720,30.0,有音频,1.233
Euro D (720p),https://live.duhnet.tv/S2/HLS_LIVE/eurodnp/playlist.m3u8,,,,EuroD.tr@SD,,,,https://i.imgur.com/x9kHsXo.png,General,1280x720,iptv-org-all.txt,1508,200,成功,h264,1280x720,25.0,有音频,9.538
DVB TV (720p) [Geo-blocked],https://live-stream.dvb.no/hls/stream_src/index.m3u8,,,,DVBTV.mm@SD,,,,https://i.imgur.com/VdezHOv.png,News,1280x720,iptv-org-all.txt,899,200,成功,h264,1280x720,25.0,有音频,3.620
E! Keeping Up (1080p),https://xumo-xumoent-vc-117-a3ga4.fast.nbcuni.com/live/master.m3u8,,,,EKeepingUp.us@SD,,,,https://i.imgur.com/9F7VYDM.png,Entertainment,426x240,iptv-org-all.txt,320,200,成功,h264,426x240,30.0,有音频,2.932
CJ OnStyle (540p),https://live-ch1.cjonstyle.net/cjmalllive/stream2/playlist.m3u8,,,,CJOnStyle.kr@SD,,,,https://i.imgur.com/JiSfEBv.png,Shop,960x540,iptv-org-all.txt,2128,200,成功,h264,960x540,29.97002997002997,有音频,6.018
Detskiy (576p),https://stream8.cinerama.uz/1033/tracks-v1a1/mono.m3u8,,,,Detskiy.ru@SD,,,,https://mt.media/upload/iblock/c22/pndw8yi2jwgppdrjikm3eusqp8087kr3.png,Kids,720x576,iptv-org-all.txt,184,200,成功,h264,720x576,25.0,有音频,3.567
Dubai TV International (1080p),http://185.9.2.18/chid_139/index.m3u8,,,,DubaiTVInternational.ae@SD,,,,https://i.imgur.com/UMmbyHv.png,General,1920x1080,iptv-org-all.txt,259,200,成功,h264,1920x1080,50.0,有音频,2.715
CreaLaTV (1080p),https://stream.crealatv.com/live.m3u8,,,,CreaLaTV.mx@SD,,,,https://i.imgur.com/Bnjj29f.png,General,1920x1080,iptv-org-all.txt,2300,200,成功,h264,1920x1080,29.97002997002997,有音频,3.489
ETV (Guadeloupe) (1080p),https://edge12.vedge.infomaniak.com/livecast/ik:etvgp/manifest.m3u8,,,,ETV.gp@SD,,,,https://i.imgur.com/m5E2VP0.png,General,720x576,iptv-org-all.txt,1347,200,成功,h264,720x576,25.0,有音频,6.576
Edessa TV (1080p),https://canli.edessatv.com/hls/stream.m3u8,,,,EdessaTV.tr@SD,,,,https://i.imgur.com/rhU6j9I.png,Entertainment,1920x1080,iptv-org-all.txt,1524,200,成功,h264,1920x1080,25.0,有音频,2.795
English Club TV (576i),https://stream8.cinerama.uz/1442/tracks-v1a1/mono.m3u8,,,,EnglishClubTV.uk@SD,,,,https://i.imgur.com/9FMvaRK.png,Education,720x576,iptv-org-all.txt,1867,200,成功,h264,720x576,25.0,有音频,3.224
Corfu Channel (720p),https://itv.streams.ovh:1936/corfuchannel/corfuchannel/playlist.m3u8,,,,CorfuChannel.gr@SD,,,,https://i.imgur.com/EFL1Tjg.png,News,1280x720,iptv-org-all.txt,2034,200,成功,h264,1280x720,30.0,有音频,4.117
El Seis 6 (1080p) [Not 24/7],https://stream.elseis.do/canal6/live_1080.m3u8,,,,ElSeis6.do@SD,,,,https://elseis.do/wp-content/uploads/2025/02/logo-el-seis-horizontal.png,General,1920x1080,iptv-org-all.txt,943,200,成功,h264,1920x1080,30.0,有音频,0.632
Enlace Juvenil,https://livecdnusa.enlace.plus/ejtv/smil:ejtv-hd.smil/playlist.m3u8,,,,EnlaceJuvenil.cr@SD,,,,https://i.imgur.com/GfpPQ5D.png,Religious,640x360,iptv-org-all.txt,6041,200,成功,h264,640x360,30.0,有音频,14.655
Digi 24 (720p),https://edge-ar.rcs-rds.ro/digi24ar/index.m3u8,,,,Digi24.ro@SD,,,,https://i.imgur.com/qmRnD0M.png,News,640x360,iptv-org-all.txt,1381,200,成功,h264,640x360,25.0,有音频,12.392
F1 Channel (1080p) [Geo-blocked],https://amg12058-c15studio-amg12058c1-lg-us-5787.playouts.now.amagi.tv/playlist.m3u8,,,,F1Channel.ie@US,,,,https://i.imgur.com/cjXzWsI.png,Sports,1920x1080,iptv-org-all.txt,803,200,成功,h264,1920x1080,29.97002997002997,有音频,1.429
DD Bihar (720p),https://cdn.pishow.tv/ott/live/35/master.m3u8,,,,DDBihar.in@SD,,,,https://i.imgur.com/C7KQiZI.png,General,424x240,iptv-org-all.txt,239,200,成功,h264,424x240,25.0,有音频,10.032
Espace TV (1080p),https://edge11.vedge.infomaniak.com/livecast/ik:espacetv/manifest.m3u8,,,,EspaceTV.gn@SD,,,,https://i.imgur.com/R5tbzFI.png,News,720x576,iptv-org-all.txt,2367,200,成功,h264,720x576,25.0,有音频,3.294
Controversia TV (720p) [Not 24/7],https://live.obslivestream.com/controversiatv/index.m3u8,,,,ControversiaTV.pe@SD,,,,https://i.imgur.com/X7cPyP2.png,Undefined,512x288,iptv-org-all.txt,1942,200,成功,h264,512x288,30.0,有音频,1.414
CVR OM Spiritual (576p),https://yuppnimrestreammum.akamaized.net/181224/smil:cvrom1.smil/playlist.m3u8?hdnts=st=1735898689~exp=1835898688~acl=*~hmac=f5fe24724fe05481e3841f9eb5ab8efdee0a3dd83645ae9dcf45703f525bab7b,,,,CVROMSpiritual.in@SD,,,,https://jiotvimages.cdn.jio.com/dare_images/images/CVR_OM_Spiritual.png,Religious,512x288,iptv-org-all.txt,1263,200,成功,h264,512x288,25.0,有音频,6.036
Darshan 24 (576p),https://mumt05.tangotv.in/87NeALx2DARSHAN24/index.m3u8,,,,Darshan24.in@SD,,,,https://jiotvimages.cdn.jio.com/dare_images/images/Darshan_24.png,Religious,448x360,iptv-org-all.txt,205,200,成功,h264,448x360,25.0,有音频,5.333
Dom kino (576p),http://stream.mcquack.net/236/index.m3u8,,,,Domkino.ru@SD,,,,https://upload.wikimedia.org/wikipedia/commons/thumb/5/53/%D0%9B%D0%BE%D0%B3%D0%BE%D1%82%D0%B8%D0%BF_%D0%BA%D0%B0%D0%BD%D0%B0%D0%BB%D0%B0_%D0%94%D0%BE%D0%BC_%D0%9A%D0%B8%D0%BD%D0%BE.png/960px-%D0%9B%D0%BE%D0%B3%D0%BE%D1%82%D0%B8%D0%BF_%D0%BA%D0%B0%D0%BD%D0%B0%D0%BB%D0%B0_%D0%94%D0%BE%D0%BC_%D0%9A%D0%B8%D0%BD%D0%BE.png,Movies,720x576,iptv-org-all.txt,165,200,成功,h264,720x576,25.0,有音频,1.760
Estrella TV WMBC-TV (720p),http://d029dcec.kazmazpaz.ru/iptv/GVR4V8HYAGBS5V/1098/manifest.m3u8,,,,EstrellaTV.us@WMBCTV,,,,https://i.imgur.com/IZxjnyp.png,Entertainment,1920x1080,iptv-org-all.txt,8646,200,成功,h264,1920x1080,25.0,无音频,10.610
DD Tripura (504p),https://d3qs3d2rkhfqrt.cloudfront.net/out/v1/52b998e9510d41c29ad2ceca8ea3d849/index.m3u8,,,,DDTripura.in@SD,,,,https://xstreamcp-assets-msp.streamready.in/assets/LIVETV/LIVECHANNEL/LIVETV_LIVETVCHANNEL_DD_TRIPURA/images/LOGO_HD/image.png,General,896x504,iptv-org-all.txt,257,200,成功,h264,896x504,25.0,有音频,3.233
DD Sports (720p),https://mumbai-edge.smartplaytv.in/DDSportsHD/index.m3u8,,,,DDSports.in@HD,,,,https://dtil.tmsimg.com/assets/s158255_ld_h15_aa.png?lock=720x540,Sports,1920x1080,iptv-org-all.txt,967,200,成功,h264,1920x1080,25.0,有音频,6.005
EUTV (720p),https://cdn.jmvstream.com/w/LVW-8719/LVW8719_AcLVAxWy5J/playlist.m3u8,,,,EUTV.br@SD,,,,https://i.imgur.com/8PxpamC.png,General,1280x720,iptv-org-all.txt,3462,200,成功,h264,1280x720,29.97002997002997,有音频,2.222
Europa Europa (1080p),https://iptv.bitred.cl/EUROPAEUROPA_HD/index.m3u8,,,,EuropaEuropa.ar@SD,,,,https://i.imgur.com/w5SOfyJ.png,Series,1920x1080,iptv-org-all.txt,1654,200,成功,h264,1920x1080,29.97002997002997,有音频,3.627
Dunya Naw TV (576p),https://dunyanhls.wns.live/hls/stream.m3u8,,,,DunyaNawTV.af@SD,,,,https://i.ibb.co/nQkLgyn/dunya-naw-tv.png,General,1280x720,iptv-org-all.txt,1189,200,成功,h264,1280x720,25.0,有音频,1.882
Deluxe Music (720p),https://sdn-global-live-streaming-packager-cache.3qsdn.com/13456/13456_264_live.m3u8,,,,DeluxeMusic.de@SD,,,,https://i.imgur.com/HimuPPb.png,Music,426x240,iptv-org-all.txt,1889,200,成功,h264,426x240,25.0,有音频,7.328
DW Arabic (1080p),https://dwamdstream103.akamaized.net/hls/live/2015526/dwstream103/master.m3u8,,,,DW.de@Arabic,,,,https://i.imgur.com/8MRNFb9.png,News,1920x1080,iptv-org-all.txt,758,200,成功,h264,1920x1080,50.0,有音频,8.910
Cnews Bharat (720p),https://legitpro.co.in/cnews/cnews/index.fmp4.m3u8,,,,CnewsBharat.in@SD,,,,https://jiotvimages.cdn.jio.com/dare_images/images/C_News_Bharat.png,News,1280x720,iptv-org-all.txt,2173,200,成功,h264,1280x720,,有音频,16.172
DNN (576p),http://51.75.127.199:3141/dnn/index.m3u8,,,,DNN.in@SD,,,,https://i.imgur.com/H5Kd0k6.png,News,1024x576,iptv-org-all.txt,225,200,成功,h264,1024x576,25.0,有音频,1.380
Comedy Central South Park LatAm,https://jmp2.uk/plu-609ae5cd48d3200007b0a98e.m3u8,,,,ComedyCentralSouthPark.us@LatAm,,,,https://images.pluto.tv/channels/609ae66b359b270007869ff1/colorLogoPNG_1733160636316.png,Animation;Comedy,1280x720,iptv-org-all.txt,89,200,成功,h264,1280x720,30.0,有音频,1.576
Cooperativa (720p),https://unlimited1-cl-isp.dps.live/coopetv/coopetv.smil/playlist.m3u8,,,,Cooperativa.cl@SD,,,,https://cdn.m3u.cl/logo/422_Cooperativa.png,General,,iptv-org-all.txt,3151,200,成功,h264,,,有音频,17.338
DSports 2 (1080p),http://187.102.208.209:8000/play/a0bq/index.m3u8,,,,DSports2.us@Panregional,,,,https://upload.wikimedia.org/wikipedia/commons/thumb/1/10/DIRECTV_Sports_2_Latin_America_%282018%29.svg/960px-DIRECTV_Sports_2_Latin_America_%282018%29.svg.png,Sports,1920x1080,iptv-org-all.txt,360,200,成功,h264,1920x1080,29.97002997002997,有音频,2.121
Class CNBC (1080p),https://www.dailymotion.com/cdn/live/video/x91c8ww.m3u8?sec=D9OwEfHs-e7O6pQ-qlnROg,,,,ClassCNBC.it@SD,,,,https://upload.wikimedia.org/wikipedia/commons/thumb/8/8d/Class_CNBC_2026.svg/960px-Class_CNBC_2026.svg.png,Business,1920x1080,iptv-org-all.txt,880,200,成功,h264,1920x1080,50.0,有音频,4.228
Dios Tv Talanga (1080p),https://tv.webmedialive.com/unciontv/live/playlist.m3u8,,,,DiosTvTalanga.hn@SD,,,,https://i.ibb.co/mb8F7R1/Db52f621d30793337de1cdcfc4f02be1.png,Religious,1920x1080,iptv-org-all.txt,1976,200,成功,h264,1920x1080,29.97002997002997,有音频,1.346
DC Council Hearing Room 120 (1080p),https://video.oct.dc.gov/out/u/97_12.m3u8,,,,DCCouncilHearingRoom120.us@SD,,,,https://i.imgur.com/8fljC7g.png,Legislative,1920x1080,iptv-org-all.txt,53,200,成功,h264,1920x1080,29.97002997002997,有音频,0.493
Dena TV,https://ncdn.telewebion.ir/dena/live/playlist.m3u8,,,,DenaTV.ir@SD,,,,https://upload.wikimedia.org/wikipedia/fa/thumb/1/1c/Yasuj_DENA.svg/960px-Yasuj_DENA.svg.png,General,1920x1080,iptv-org-all.txt,2107,200,成功,h264,1920x1080,30.0,有音频,14.363
Dost TV (576p),https://dost.stream.emsal.im/tv/live.m3u8,,,,DostTV.tr@SD,,,,https://dosttv.com/wp-content/uploads/2022/02/dost_logo.png,Religious,720x576,iptv-org-all.txt,1958,200,成功,h264,720x576,25.0,有音频,2.718
Claro Sports (1080p),http://168.196.127.137:6001/play/a08r/index.m3u8,,,,ClaroSports.mx@SD,,,,https://i.imgur.com/n0kd17r.png,Sports,544x480,iptv-org-all.txt,129,200,成功,h264,544x480,59.94005994005994,有音频,0.631
Duck Hunting TV (1080p),https://main.duckhunting.playout.vju.tv/duckhuntingtv/main.m3u8,,,,DuckHuntingTV.us@SD,,,,https://image.roku.com/developer_channels/prod/b2a80f0a20fc338f22a8289f23d20d19d958470ff1b8df3845c57cbc54ec1245.png,Outdoor,1920x1080,iptv-org-all.txt,2087,200,成功,h264,1920x1080,30.0,有音频,2.540
Extra TV 42 (720p),https://d2n1wzrr0aogf5.cloudfront.net/ts:abr.m3u8,,,,ExtraTV42.cr@SD,,,,https://i.imgur.com/jjTodXj.png,General,416x236,iptv-org-all.txt,407,200,成功,h264,416x236,30.0,有音频,1.002
EWTN (United States) Spanish (720p) [Geo-blocked],https://cdn3.wowza.com/1/TUI5dU5ucnUxdGFD/ZFlVeGRl/hls/live/playlist.m3u8,,,,EWTN.us@Spanish,,,,https://play-lh.googleusercontent.com/3716tvZCgzpIt-X1giV8jKwCdC8zwOI4eMUfO_ETWzNX6eGKIi2RiUK9a_fr6BCzjw,Religious,320x180,iptv-org-all.txt,92,200,成功,h264,320x180,29.97002997002997,有音频,2.766
Everybody Hates Chris NO,https://jmp2.uk/plu-697b5a6c9567bf7b5f71a350.m3u8,,,,EverybodyHatesChris.se@NO,,,,https://images.pluto.tv/channels/63a1cab19ab2df0007bf1c8b/colorLogoPNG.png,Comedy,1216x684,iptv-org-all.txt,2196,200,成功,h264,1216x684,30.0,有音频,1.466
ETV Kayseri (720p),https://live.artidijitalmedya.com/artidijital_etv/etv/playlist.m3u8,,,,ETVKayseri.tr@SD,,,,https://yt3.googleusercontent.com/ytc/AIdro_msPtG6zfPKIJIIdvG4dehXLoVoXcHM2-2HL9YxsNYzGQ=s512-c-k-c0x00ffffff-no-rj,General,1280x720,iptv-org-all.txt,298,200,成功,h264,1280x720,25.0,有音频,5.872
Colors Gujarati Cinema (576p),http://51.75.127.199:3141/colorsgujaraticinema/index.m3u8,,,,ColorsGujaratiCinema.in@SD,,,,https://xstreamcp-assets-msp.streamready.in/assets/LIVETV/LIVECHANNEL/LIVETV_LIVETVCHANNEL_COLORS_GUJARATI_CINEMA/images/LOGO_HD/image.png,Movies,1024x576,iptv-org-all.txt,135,200,成功,h264,1024x576,25.0,有音频,1.355
El Radio 9090 FM (480p),https://9090video.mobtada.com/hls/stream.m3u8,,,,ElRadio9090FM.eg@SD,,,,https://www.9090.fm/images/logo.png,Music,854x480,iptv-org-all.txt,1187,200,成功,h264,854x480,24.0,有音频,2.615
DD Chandana (504p),https://d2lk5u59tns74c.cloudfront.net/out/v1/0c980455d2fb4b69bcc6235745ee6039/index.m3u8,,,,DDChandana.in@SD,,,,https://xstreamcp-assets-msp.streamready.in/assets/LIVETV/LIVECHANNEL/LIVETV_LIVETVCHANNEL_DD_CHANDANA/images/LOGO_HD/image.png,General,896x504,iptv-org-all.txt,242,200,成功,h264,896x504,25.0,有音频,3.783
Educa TV (720p) [Not 24/7],https://avm.ecuamedia.net/educatv/live/playlist.m3u8,,,,EducaTV.ec@SD,,,,https://i.imgur.com/nDRVsIc.png,Education,1280x720,iptv-org-all.txt,1371,200,成功,h264,1280x720,29.97002997002997,有音频,1.222
Escuchame Radio TV (720p) [Not 24/7],https://stmv1.transmissaodigital.com/pedro9800/pedro9800/playlist.m3u8,,,,EscuchameRadioTV.ni@SD,,,,https://i.imgur.com/gt6UvG8.png,Religious,1280x720,iptv-org-all.txt,1887,200,成功,h264,1280x720,30.0,有音频,1.218
Epic Bhojpuri (576p),https://mumt01.tangotv.in/O5aw8Zn3EPICBHOJPURI/index.m3u8,,,,EpicBhojpuri.in@SD,,,,https://dtil.tmsimg.com/assets/GNLZZGG0032BVJ8.png?lock=720x540,Movies,640x360,iptv-org-all.txt,2041,200,成功,h264,640x360,25.0,有音频,5.297
Deluxe Dance (1080p),https://sdn-global-live-streaming-packager-cache.3qsdn.com/64733/64733_264_live.m3u8,,,,DeluxeDance.de@SD,,,,https://i.imgur.com/Qu7t15Y.png,Music,,iptv-org-all.txt,2241,200,成功,h264,,,有音频,8.497
CNC Tulua (1080p),https://live.amelbatv.co:81/cnctulualive/index.fmp4.m3u8,,,,CNCTulua.co@SD,,,,https://i.imgur.com/NCzpcqm.png,General,1280x720,iptv-org-all.txt,1375,200,成功,h264,1280x720,29.97002997002997,有音频,1.904
Comedy Central (Sweden) DK (720p),https://jmp2.uk/plu-61c0989431084d0007eab12d.m3u8,,,,ComedyCentral.se@DK,,,,https://images.pluto.tv/channels/61c0989431084d0007eab12d/colorLogoPNG.png,Comedy,1280x720,iptv-org-all.txt,125,200,成功,h264,1280x720,30.0,有音频,1.523
Dagestan (1080p),https://dagestan.mediacdn.ru/cdn/dagestan/playlist.m3u8,,,,Dagestan.ru@SD,,,,https://i.imgur.com/jumkRvc.png,Undefined,1920x1080,iptv-org-all.txt,2957,200,成功,h264,1920x1080,25.0,有音频,7.583
Claro Vision TV (720p),https://streamunoapp.com:3057/live/clarovisiontvlive.m3u8,,,,ClaroVisionTV.do@SD,,,,https://i.imgur.com/MpTgJMJ.png,Entertainment,426x240,iptv-org-all.txt,1117,200,成功,h264,426x240,29.97002997002997,有音频,2.503
El Radar (720p),https://video.ipstream.cl:3459/hybrid/play.m3u8,,,,ElRadar.cl@SD,,,,https://cdn.m3u.cl/logo/1743_El_Radar.png,General,1920x1080,iptv-org-all.txt,1338,200,成功,h264,1920x1080,29.97002997002997,有音频,2.696
Colors Rishtey Americas (396p),https://manatv.akamaized.net/090823/smil:ristheyamerica.smil/playlist.m3u8,,,,ColorsRishteyAmericas.in@SD,,,,https://i.imgur.com/xkOunuW.png,General,704x396,iptv-org-all.txt,369,200,成功,h264,704x396,25.0,有音频,2.022
Dungeon TV (720p),https://stream-us-east-1.getpublica.com/playlist.m3u8?network_id=2226,,,,DungeonTV.us@SD,,,,https://i.imgur.com/cwazXHb.png,Undefined,640x360,iptv-org-all.txt,53,200,成功,h264,640x360,29.97002997002997,有音频,2.491
Doc Martin (Sweden),https://jmp2.uk/plu-62b1e5e77d15410007f798c6.m3u8,,,,DocMartin.se@SE,,,,https://images.pluto.tv/channels/62724ae034f5190007b63424/colorLogoPNG.png,Series,1216x684,iptv-org-all.txt,1179,200,成功,h264,1216x684,30.0,有音频,1.874
DMI TV (576i),https://tvstreamcast.com/tawaftv.m3u8,,,,DMITV.id@SD,,,,https://static.promediateknologi.id/promedia/network/1167/desktop/images/logo.png,Religious,1280x720,iptv-org-all.txt,3466,200,成功,h264,1280x720,17.0,有音频,4.835
Enterr 10 Bangla (720p),https://amg01448-samsungin-enterr10bangla-samsungin-ad-gg.amagi.tv/playlist/amg01448-samsungin-enterr10bangla-samsungin/playlist.m3u8,,,,Enterr10Bangla.in@SD,,,,https://xstreamcp-assets-msp.streamready.in/assets/LIVETV/LIVECHANNEL/LIVETV_LIVETVCHANNEL_ENTERR10_BANGLA/images/LOGO_HD/image.png,Entertainment,1280x720,iptv-org-all.txt,1995,200,成功,h264,1280x720,25.0,有音频,3.574
Dossiers FBI,https://jmp2.uk/plu-5f8edad922b10b000753bc37.m3u8,,,,DossiersFBI.us@France,,,,https://i.imgur.com/8Zx6dA7.png,Documentary,1216x684,iptv-org-all.txt,2804,200,成功,h264,1216x684,30.0,有音频,1.341
Company TV (720p),https://5929b138b139d.streamlock.net/CompanyTV/smil:CompanyTV.smil/master.m3u8,,,,CompanyTV.it@SD,,,,https://i.imgur.com/ccdwsWj.png,Music,640x360,iptv-org-all.txt,445,200,成功,h264,640x360,25.0,有音频,4.811
Designated Survivor (1080p) [Geo-blocked],https://amg00353-amg00353c40-xumo-us-4839.playouts.now.amagi.tv/playlist.m3u8,,,,DesignatedSurvivor.us@SD,,,,https://provider-static.plex.tv/epg/cms/production/6f31f52b-2b65-49eb-91e5-52e07edd1927/DesignatedSurvivor_Plex_1500x1000_Logo_Dark.png,Series,1920x1080,iptv-org-all.txt,479,200,成功,h264,1920x1080,29.97002997002997,有音频,1.855
Da Vinci (Poland) (1080p),http://57.128.231.171:8080/284/index.m3u8,,,,DaVinci.pl@SD,,,,https://i.imgur.com/V8AUJP6.png,Education,1920x1080,iptv-org-all.txt,257,200,成功,h264,1920x1080,50.0,有音频,1.657
Doble C Television (720p),https://live20.bozztv.com/giatv/giatv-doblec1/doblec1/playlist.m3u8,,,,DobleCTelevision.pe@SD,,,,https://i.imgur.com/2zCD4TB.png,General,1920x1080,iptv-org-all.txt,36,200,成功,h264,1920x1080,29.97002997002997,有音频,7.858
Cusano Italia TV (720p),https://router.xdevel.com/video0s975363-69/stream/playlist.m3u8,,,,CusanoItaliaTV.it@SD,,,,https://i.imgur.com/fOluzuE.png,General,1920x1080,iptv-org-all.txt,5280,200,成功,h264,1920x1080,25.0,有音频,5.059
Claro Television Dominicana (360p),https://streamunoapp.com:3960/live/claroteledomlive.m3u8,,,,ClaroTelevisionDominicana.do@SD,,,,https://i.imgur.com/fJD7OxB.png,General,426x240,iptv-org-all.txt,1241,200,成功,h264,426x240,29.97002997002997,有音频,2.528
Deluxe Rap (1080p),https://sdn-global-live-streaming-packager-cache.3qsdn.com/65183/65183_264_live.m3u8,,,,DeluxeRap.de@SD,,,,https://i.imgur.com/s3h67hx.png,Music,426x240,iptv-org-all.txt,1653,200,成功,h264,426x240,25.0,有音频,8.974
CromTV (1080p) [Not 24/7],https://fox.hostlagarto.com:8081/cromtv/tracks-v1a1/mono.m3u8,,,,CromTV.do@SD,,,,https://i.imgur.com/jk1lkOV.png,General,1280x720,iptv-org-all.txt,118,200,成功,h264,1280x720,29.97002997002997,有音频,1.115
ETV Comedy (1080p),https://cc-wie8j8y69d2uy.akamaized.net/WWBI/Amagi/ETV_Comedy_IN/playlist.m3u8,,,,ETVComedy.in@HD,,,,https://jiotvimages.cdn.jio.com/dare_images/images/ETV_Comedy.png,Comedy,1920x1080,iptv-org-all.txt,464,200,成功,h264,1920x1080,25.0,有音频,12.928
Dr G Medical Examiner,https://d39g1vxj2ef6in.cloudfront.net/v1/master/3fec3e5cac39a52b2132f9c66c83dae043dc17d4/prod-rakuten-stitched/master.m3u8?ads.xumo_channelId=88883008,,,,DrGMedicalExaminer.pl@HD,,,,,General,1280x720,iptv-org-all.txt,1852,200,成功,h264,1280x720,29.97002997002997,有音频,4.457
DumDum (720p),http://45.162.64.114/ZOOMOO_KIDS/index.m3u8,,,,DumDum.br@SD,,,,https://upload.wikimedia.org/wikipedia/commons/c/c0/DumDum_logo.svg,Kids,1280x720,iptv-org-all.txt,326,200,成功,h264,1280x720,30.0,有音频,3.377
Curro Jimenez,https://jmp2.uk/plu-5f1acd36779de70007a680d1.m3u8,,,,CurroJimenez.us@Spain,,,,https://i.imgur.com/e3biTY5.png,Series,1216x684,iptv-org-all.txt,1998,200,成功,h264,1216x684,30.0,有音频,1.202
Deshi TV (720p),https://deshitv.deshitv24.net/live/myStream/playlist.m3u8,,,,DeshiTV.ca@SD,,,,https://i.imgur.com/PzqzgMm.png,General,1280x720,iptv-org-all.txt,896,200,成功,h264,1280x720,60.0,有音频,0.965
Estrella News (1080p),https://estrella-news-oando.amagi.tv/playlist.m3u8,,,,EstrellaNews.us@SD,,,,https://i.imgur.com/HRrkhLq.png,News,384x216,iptv-org-all.txt,781,200,成功,h264,384x216,30.0,有音频,2.110
Clan (1080p),https://lge-lgla2.otteravision.com/lge/lgcla/lgcla.m3u8,,,,Clan.es@SD,,,,https://i.ibb.co/vv3FC2Nv/clan.png,Kids;Public,1920x1080,iptv-org-all.txt,848,200,成功,h264,1920x1080,25.0,有音频,3.963
FailArmy Brazil,https://jmp2.uk/plu-5f5141c1605ddf000748eb1b.m3u8,,,,FailArmy.us@Brazil,,,,https://i.imgur.com/VIpQJxL.png,Comedy,1216x684,iptv-org-all.txt,360,200,成功,h264,1216x684,30.0,有音频,0.990
DiviSport (1080p),http://stream.mcquack.net/457/index.m3u8,,,,DiviSport.ua@SD,,,,https://i.logos-download.com/114030/29915-s5120-904df224e4c030fefcc45adda448b6e8.png/DiviSport_Logo_2023-s5120.png,Sports,1920x1080,iptv-org-all.txt,164,200,成功,h264,1920x1080,25.0,有音频,1.804
CSI: Miami BR,https://jmp2.uk/plu-63eb9c5351f5d000085e8d7e.m3u8,,,,CSIMiami.us@BR,,,,https://images.pluto.tv/channels/63eb9c5351f5d000085e8d7e/colorLogoPNG.png,Series,1216x684,iptv-org-all.txt,849,200,成功,h264,1216x684,30.0,有音频,1.215
Colimdo TV (720p),https://cnn.livestreaminggroup.info:3132/live/colimdotvlive.m3u8,,,,ColimdoTV.do@SD,,,,https://i.imgur.com/ZeUgLCa.png,Sports,1280x720,iptv-org-all.txt,3240,200,成功,h264,1280x720,30.0,有音频,1.903
DD Urdu (720p),https://cdn.pishow.tv/ott/live/8/master.m3u8,,,,DDUrdu.in@SD,,,,https://xstreamcp-assets-msp.streamready.in/assets/LIVETV/LIVECHANNEL/LIVETV_LIVETVCHANNEL_DD_URDU/images/LOGO_HD/image.png,General,424x240,iptv-org-all.txt,740,200,成功,h264,424x240,25.0,有音频,9.953
EBS English (400p) [Not 24/7],https://ebsonair.ebs.co.kr/plus3familypc/familypc1m/playlist.m3u8,,,,EBSEnglish.kr@SD,,,,https://i.imgur.com/5wLJzb0.png,Education,720x400,iptv-org-all.txt,2025,200,成功,h264,720x400,29.97002997002997,有音频,4.441
Deluxe Lounge (720p),https://jmp2.uk/stvp-CHAJ0500413A,,,,DeluxeLounge.de@SD,,,,https://i.imgur.com/pgCA35z.png,Music,320x180,iptv-org-all.txt,2187,200,成功,h264,320x180,25.0,有音频,4.060
ERi-TV 1 (576p),https://jmc-live.ercdn.net/eritreatv/eritreatv.m3u8,,,,ERiTV1.er@SD,,,,https://i.imgur.com/bTR0Huw.png,General,640x360,iptv-org-all.txt,2303,200,成功,h264,640x360,25.0,有音频,7.286
Enisey (576p),http://tshift-1.telecoma.tv/enisei/index.m3u8,,,,Enisey.ru@SD,,,,https://i.imgur.com/57deE7f.png,General,720x576,iptv-org-all.txt,2021,200,成功,mpeg2video,720x576,25.0,有音频,6.714
Del Pueblo TV [Not 24/7],https://vdopanel.jlahozconsulting.com:3869/hybrid/play.m3u8,,,,DelPuebloTV.do@HD,,,,https://imgur.com/Pw7ZUT1.jpg,General,1280x720,iptv-org-all.txt,1817,200,成功,h264,1280x720,29.97002997002997,有音频,1.507
Drake & Josh,https://jmp2.uk/plu-65a67c494a10d800085cab06.m3u8,,,,DrakeJosh.de@DACH,,,,https://images.pluto.tv/channels/65a67c494a10d800085cab06/colorLogoPNG.png,Kids,1216x684,iptv-org-all.txt,557,200,成功,h264,1216x684,30.0,有音频,1.776
Ekamra Bharat Odia (400p),https://live.ekamraott.com/bharat/bharat/index.m3u8,,,,EkamraBharatOdia.in@SD,,,,https://jiotv.catchup.cdn.jio.com/dare_images/images/Ekamra_Bharat_Odia.png,News,720x400,iptv-org-all.txt,2440,200,成功,h264,720x400,25.0,有音频,5.793
DD Rajasthan (720p),https://cdn.pishow.tv/ott/live/34/master.m3u8,,,,DDRajasthan.in@SD,,,,https://xstreamcp-assets-msp.streamready.in/assets/LIVETV/LIVECHANNEL/LIVETV_LIVETVCHANNEL_DD_RAJASTHAN/images/LOGO_HD/image.png,General,424x240,iptv-org-all.txt,2260,200,成功,h264,424x240,25.0,有音频,9.763
Dora TV,https://jmp2.uk/plu-62e951258a26d40007b3034c.m3u8,,,,DoraTV.us@CA,,,,https://i.imgur.com/zJuSbmU.png,Kids,1280x720,iptv-org-all.txt,2825,200,成功,h264,1280x720,30.0,有音频,1.239
Dark Matter TV (720p),https://tricoast-tv-dark-matter-01-us.ono.wurl.tv/playlist.m3u8,,,,DarkMatterTV.us@SD,,,,https://i.imgur.com/9K8T3ND.png,Series,1920x1080,iptv-org-all.txt,420,200,成功,h264,1920x1080,29.97002997002997,有音频,2.001
Dhool TV (576p),https://d1msejlow1t3l4.cloudfront.net/fta/subhartitv/playlist.m3u8,,,,DhoolTV.in@SD,,,,https://i.ibb.co/Rk78p2LB/dhooltv.png,Music,704x396,iptv-org-all.txt,221,200,成功,h264,704x396,25.0,有音频,1.605
Diya TV (1080p),https://stream.diyatvinc.com/diya.m3u8,,,,DiyaTV.us@SD,,,,https://i.imgur.com/1fC7tqH.png,General,1920x1080,iptv-org-all.txt,1242,200,成功,h264,1920x1080,29.97002997002997,有音频,0.897
Classic TV Crime Drama,https://jmp2.uk/plu-61325c4f982acd000723287e.m3u8,,,,ClassicTVCrimeDrama.us@SD,,,,https://images.pluto.tv/channels/61325c4f982acd000723287e/colorLogoPNG.png,Classic,1280x720,iptv-org-all.txt,62,200,成功,h264,1280x720,30.0,有音频,1.045
Euronews Greek (720p),https://cdn-euronews.akamaized.net/live/eds/euronews-el/25068/index.m3u8,,,,EuronewsGreek.fr@SD,,,,https://i.imgur.com/8t9mdg9.png,News,1280x720,iptv-org-all.txt,712,200,成功,h264,1280x720,25.0,有音频,9.445
EBS Plus 2 (400p),https://ebsonair.ebs.co.kr/plus2familypc/familypc1m/playlist.m3u8,,,,EBSPlus2.kr@SD,,,,https://i.imgur.com/pllIMGi.png,Education,720x400,iptv-org-all.txt,2024,200,成功,h264,720x400,29.97002997002997,有音频,4.467
Cruz TV,https://reflect-communitytv.cablecast.tv/live-4/live/stream-2/live.m3u8,,,,CruzTV.us@SD,,,,https://i.imgur.com/qOO2SaH.png,Legislative,480x270,iptv-org-all.txt,744,200,成功,h264,480x270,,有音频,2.184
El Sol Network TV (1080p),https://tv.wracanal10.com:3025/live/elsoltvlive.m3u8,,,,ElSolNetworkTV.ec@SD,,,,https://i.imgur.com/TIH3zlP.png,Music,1280x720,iptv-org-all.txt,519,200,成功,h264,1280x720,29.97002997002997,有音频,1.385
Euronews Portuguese (720p),https://jmp2.uk/plu-619e6614c9d9650007a2b171.m3u8,,,,EuronewsPortuguese.fr@SD,,,,https://i.imgur.com/8t9mdg9.png,News,1280x720,iptv-org-all.txt,802,200,成功,h264,1280x720,30.0,有音频,1.159
Deadly Women (1080p),https://d1mgh147xpmgs8.cloudfront.net/DeadlyWomen_GB.m3u8,,,,DeadlyWomen.us@UK,,,,https://i.imgur.com/dDVZ5Vd.png,Documentary,1920x1080,iptv-org-all.txt,1411,200,成功,h264,1920x1080,25.0,有音频,2.655
Euronews (720p),https://cdn-euronews.akamaized.net/live/eds/euronews-pl/26382/index.m3u8,,,,Euronews.pl@FAST,,,,https://images-2.rakuten.tv/storage/global-live-channel/translation/artwork/bc84c3b7-6008-4ee3-8f6a-e4bb4365f082-width200-quality90.jpeg,News,1280x720,iptv-org-all.txt,2018,200,成功,h264,1280x720,25.0,有音频,9.995
Colors Tamil HD (720p),https://da86m1sqpm3o0.cloudfront.net/28072023/smil:colorstamilhd11.smil/playlist.m3u8,,,,ColorsTamil.in@HD,,,,https://xstreamcp-assets-msp.streamready.in/assets/LIVETV/LIVECHANNEL/LIVETV_LIVETVCHANNEL_COLORS_TAMIL/images/LOGO_HD/image.png,Entertainment,1280x720,iptv-org-all.txt,108,200,成功,h264,1280x720,25.0,有音频,1.128
Dallas Cowboys Cheerleaders,https://jmp2.uk/plu-64e7715c4c5ed800081230e4.m3u8,,,,DallasCowboysCheerleaders.se@SE,,,,https://images.pluto.tv/channels/64e87c6b28cec700088ceb55/colorLogoPNG.png,Series,1216x684,iptv-org-all.txt,236,200,成功,h264,1216x684,30.0,有音频,1.623
DD Uttar Pradesh (720p),https://cdn.pishow.tv/ott/live/36/master.m3u8,,,,DDUttarPradesh.in@SD,,,,https://dtil.tmsimg.com/assets/s142807_ld_h9_ab.png?lock=720x540,General,424x240,iptv-org-all.txt,722,200,成功,h264,424x240,25.0,有音频,9.892
Euronews English (720p),https://jmp2.uk/plu-61de96114757070008d33cae.m3u8,,,,EuronewsEnglish.fr@SD,,,,https://jiotvimages.cdn.jio.com/dare_images/images/Euro_News.png,News,1216x684,iptv-org-all.txt,2389,200,成功,h264,1216x684,30.0,有音频,1.015
EWTN Espana,https://cdn3.wowza.com/1/SmVrQmZCUXZhVDgz/b3J3MFJv/hls/q6xkg9py/480/chunklist.m3u8,,,,EWTNEspana.es@SD,,,,https://i.imgur.com/KvpMbkd.png,Religious,854x480,iptv-org-all.txt,126,200,成功,h264,854x480,29.97002997002997,有音频,0.496
EBS Kids (400p) [Not 24/7],https://ebsonair.ebs.co.kr/ebsufamilypc/familypc1m/playlist.m3u8,,,,EBSKids.kr@SD,,,,https://i.imgur.com/62oo8Bx.png,Kids,720x400,iptv-org-all.txt,2026,200,成功,h264,720x400,29.97002997002997,有音频,4.678
Claro Musica TV (1080p),http://45.171.64.30:6060/play/a010,,,,ClaroMusicaTV.co@SD,,,,https://i.imgur.com/vrSFUwv.png,Music,720x480,iptv-org-all.txt,1531,200,成功,h264,720x480,29.97002997002997,有音频,6.298
ES TV (720p),https://live.artidijitalmedya.com/artidijital_estv/estv/playlist.m3u8,,,,ESTV.tr@SD,,,,https://i.imgur.com/epAEBrp.png,Undefined,1280x720,iptv-org-all.txt,2494,200,成功,h264,1280x720,50.0,有音频,4.619
Emisora Comunitaria 104.1 FM,https://104florencia.co/wp-admin/admin-ajax.php?action=frp_hls_proxy&url=https://streamyes.alsolnet.com/comunitariafm/live/playlist.m3u8,,,,EmisoraComunitaria1041FM.co@SD,,,,https://i.imgur.com/SQ79Wsb.png,General,852x480,iptv-org-all.txt,697,200,成功,h264,852x480,30.0,有音频,3.063
DD Tamil HD (1080p),https://cdn.pishow.tv/ott/live/1737/master.m3u8,,,,DDTamil.in@HD,,,,https://xstreamcp-assets-msp.streamready.in/assets/LIVETV/LIVECHANNEL/LIVETV_LIVETVCHANNEL_DD_TAMIL/images/LOGO_HD/image.png,General,640x360,iptv-org-all.txt,1296,200,成功,h264,640x360,25.0,有音频,15.509
Curiosity Channel (720p),https://jmp2.uk/plu-6576c20fb3801200084786c9.m3u8,,,,CuriosityChannel.de@SD,,,,https://upload.wikimedia.org/wikipedia/commons/thumb/e/ef/Curiosity_Channel_Logo_2023.svg/960px-Curiosity_Channel_Logo_2023.svg.png,Education,1216x684,iptv-org-all.txt,2623,200,成功,h264,1216x684,30.0,有音频,0.991
EBS Plus 1 (400p),https://ebsonair.ebs.co.kr/plus1familypc/familypc1m/playlist.m3u8,,,,EBSPlus1.kr@SD,,,,https://i.imgur.com/aCeuhon.png,Education,720x400,iptv-org-all.txt,2026,200,成功,h264,720x400,29.97002997002997,有音频,4.508
Cultura Online,https://streaming.bitsur.cl:3399/live/vdo532live.m3u8,,,,CulturaOnline.cl@SD,,,,https://i.imgur.com/w8td5Lq.png,Culture,1280x720,iptv-org-all.txt,2037,200,成功,h264,1280x720,29.97002997002997,有音频,3.259
Ekoturk (720p),https://cdn.ekoturk.net/hls/master.m3u8,,,,Ekoturk.tr@SD,,,,https://www.dsmart.com.tr/epg/images/0x60/5ffc18c6cfef0b15933a8b65,News,426x240,iptv-org-all.txt,1943,200,成功,h264,426x240,25.0,有音频,8.810
Family Ties (Sweden),https://jmp2.uk/plu-654a510d986ad20008a45874.m3u8,,,,FamilyTies.se@SE,,,,https://images.pluto.tv/channels/654a4a3ef91d250008ac089b/colorLogoPNG.png,Comedy,1280x720,iptv-org-all.txt,871,200,成功,h264,1280x720,30.0,有音频,1.681
DW English (1080p),https://amg01644-amg01644c1-amgplt0343.playout.now3.amagi.tv/ts-eu-w1-n2/playlist/amg01644-amg01644c1-amgplt0343/playlist.m3u8,,,,DW.de@English,,,,https://i.imgur.com/8MRNFb9.png,News,,iptv-org-all.txt,864,200,成功,h264,,,有音频,4.006
DCC (1080p),https://video.oct.dc.gov/out/u/15_12.m3u8,,,,DCC.us@SD,,,,https://i.imgur.com/YBWbiWZ.png,Legislative,1920x1080,iptv-org-all.txt,51,200,成功,h264,1920x1080,29.97002997002997,有音频,0.876
Epic Bhojpuri Digital (1080p),https://cc-8hy4a26pz2uos.akamaized.net/v1/master/3722c60a815c199d9c0ef36c5b73da68a62b09d1/cc-8hy4a26pz2uos/playlist.m3u8,,,,EpicBhojpuri.in@Digital,,,,https://dtil.tmsimg.com/assets/GNLZZGG0032BVJ8.png?lock=720x540,Movies,640x360,iptv-org-all.txt,2064,200,成功,h264,640x360,25.0,有音频,10.622
Euronews German (720p),https://jmp2.uk/plu-6639d7d4b18d700008da5316.m3u8,,,,EuronewsGerman.fr@SD,,,,https://staticcyl.euronews.com/wp-content/uploads/2023/03/Logo_Euronews_white-on-neon_german_RGB.png,News,1216x684,iptv-org-all.txt,1810,200,成功,h264,1216x684,30.0,有音频,0.981
ETV Josh (1080p),https://cc-uyh1ow5zouoio.akamaized.net/WWBI/Amagi/ETV_Josh_IN/playlist.m3u8,,,,ETVJosh.in@HD,,,,https://jiotvimages.cdn.jio.com/dare_images/images/ETV_Josh.png,Entertainment,1920x1080,iptv-org-all.txt,682,200,成功,h264,1920x1080,25.0,有音频,5.444
CSat TV (1080p) [Not 24/7],http://media.smc-host.com:1935/csat.tv/smil:csat.smil/playlist.m3u8,,,,CSatTV.us@SD,,,,https://i.imgur.com/fp2EaLJ.png,Religious,1920x1080,iptv-org-all.txt,822,200,成功,h264,1920x1080,29.97002997002997,有音频,0.825
Faith World TV (1080p),https://faithworldtv.abs.tv/1826926230/index.m3u8,,,,FaithWorldTV.uk@SD,,,,https://i.imgur.com/RLHRjQ3.png,Religious,1920x1080,iptv-org-all.txt,466,200,成功,h264,1920x1080,25.0,有音频,2.604
Cosmos Tv,https://tv.mediacp.eu:19360/cosmos/cosmos.m3u8,,,,CosmosTv.ar@HD,,,,https://i0.wp.com/fmcosmos.com/wp-content/uploads/2021/11/COSMOS-TV.png,Movies;News,1280x720,iptv-org-all.txt,1747,200,成功,h264,1280x720,,有音频,2.550
Esaie 45 Tele,https://stream.berosat.live/hls/esaie45-tv/esaie45-tv.m3u8,,,,Esaie45Tele.cg@SD,,,,https://i.imgur.com/nc9QBnD.png,Religious,1280x720,iptv-org-all.txt,2370,200,成功,h264,1280x720,30.0,有音频,3.060
Clarity 4K (2160p) [Geo-blocked],https://pb-qyrvophnifz47.akamaized.net/Clarity_4K.m3u8,,,,Clarity4K.us@SD,,,,https://i.imgur.com/M87kbVk.png,General,3840x2160,iptv-org-all.txt,802,200,成功,hevc,3840x2160,29.97002997002997,有音频,2.006
Classic TV Comedy,https://jmp2.uk/plu-5f15e32b297f96000768f928.m3u8,,,,ClassicTVComedy.us@SD,,,,https://i.imgur.com/wg5I5Fb.png,Comedy,1280x720,iptv-org-all.txt,196,200,成功,h264,1280x720,30.0,有音频,1.445
Dali TV (720p),http://www.dalitv.com.tw:4568/live/dali/index.m3u8,,,,DaliTV.tw@SD,,,,https://i.imgur.com/pFIMLsA.png,General,1280x720,iptv-org-all.txt,2444,200,成功,h264,1280x720,30.0,有音频,2.434
Euro TV (Italy) (720p) [Not 24/7],https://5f22d76e220e1.streamlock.net/eurotv/eurotv/playlist.m3u8,,,,EuroTV.it@SD,,,,https://i.imgur.com/HFWWzKT.png,Undefined,1280x720,iptv-org-all.txt,2066,200,成功,h264,1280x720,25.0,有音频,2.977
Estrella TV (1080p),https://estrellatv-oando.amagi.tv/playlist.m3u8,,,,EstrellaTV.us@SD,,,,https://i.imgur.com/IZxjnyp.png,Entertainment,1280x720,iptv-org-all.txt,830,200,成功,h264,1280x720,30.0,有音频,3.338
Everybody Hates Chris,https://jmp2.uk/plu-697b5be36dc3c71eb14d728a.m3u8,,,,EverybodyHatesChris.se@SE,,,,https://images.pluto.tv/channels/63a1cab19ab2df0007bf1c8b/colorLogoPNG.png,Comedy,1280x720,iptv-org-all.txt,741,200,成功,h264,1280x720,30.0,有音频,1.976
Disha TV (396p),https://d1msejlow1t3l4.cloudfront.net/fta/dishatv/playlist.m3u8,,,,DishaTV.in@SD,,,,https://jiotvimages.cdn.jio.com/dare_images/images/Disha_tv.png,Undefined,704x396,iptv-org-all.txt,1932,200,成功,h264,704x396,25.0,有音频,1.617
ERTV (1080p) [Geo-blocked],https://live.artidijitalmedya.com/artidijital_ertv_new/ertv/playlist.m3u8,,,,ERTV.tr@SD,,,,https://i.imgur.com/VDGEPrD.png,General,1920x1080,iptv-org-all.txt,3317,200,成功,h264,1920x1080,25.0,有音频,5.627
Entella TV (720p) [Not 24/7],https://5f22d76e220e1.streamlock.net/EntellaTV/EntellaTV/playlist.m3u8,,,,EntellaTV.it@SD,,,,https://i.imgur.com/pGJcMmB.png,General,1280x720,iptv-org-all.txt,1567,200,成功,h264,1280x720,25.0,有音频,2.958
DSports (1080p),http://38.187.7.252:8000/play/a03d/index.m3u8,,,,DSports.us@Panregional,,,,https://upload.wikimedia.org/wikipedia/commons/thumb/c/ca/DirecTV_Sports_Latin_America_%282018%29.png/960px-DirecTV_Sports_Latin_America_%282018%29.png,Sports,1680x1056,iptv-org-all.txt,307,200,成功,h264,1680x1056,30.0,有音频,1.941
Emotion L (1080p),https://rakutenaa-zylo-emotional-rakuten-r1zkm.amagi.tv/playlist/rakutenAA-zylo-emotional-rakuten/playlist.m3u8,,,,EmotionL.fr@SD,,,,https://i.imgur.com/MP34aaj.png,Movies,426x240,iptv-org-all.txt,433,200,成功,h264,426x240,25.0,有音频,5.415
Espreso TV (1080p),https://api-tv.ipnet.ua/api/v1/manifest/2118742594.m3u8,,,,EspresoTV.ua@SD,,,,https://i.imgur.com/xNatV8K.png,News,1920x1080,iptv-org-all.txt,1466,200,成功,h264,1920x1080,25.0,有音频,5.605
Colors Infinity HD (1080p),http://51.75.127.199:3141/colorsinfinityhd/index.m3u8,,,,ColorsInfinity.in@HD,,,,https://xstreamcp-assets-msp.streamready.in/assets/LIVETV/LIVECHANNEL/LIVETV_LIVETVCHANNEL_COLORS_INFINITY/images/LOGO_HD/image.png,Entertainment,1920x1080,iptv-org-all.txt,151,200,成功,h264,1920x1080,25.0,有音频,1.293
DD Girnar (504p),https://d2lk5u59tns74c.cloudfront.net/out/v1/558fdb9aebb54bb5bbbf0ced03686148/index.m3u8,,,,DDGirnar.in@SD,,,,https://dtil.tmsimg.com/assets/s142782_ld_h15_aa.png?lock=720x540,General,896x504,iptv-org-all.txt,250,200,成功,h264,896x504,25.0,有音频,1.862
Dance Television (1080p),https://m1b2.worldcast.tv/dancetelevisionone/2/dancetelevisionone.m3u8,,,,DanceTelevision.nl@SD,,,,https://pbs.twimg.com/profile_images/1268129322730127364/OJlQBZpS_400x400.jpg,Music,1920x1080,iptv-org-all.txt,1418,200,成功,h264,1920x1080,25.0,有音频,2.567
Dating Naked UK DK,https://jmp2.uk/plu-692edc78d52ea9e4858cf78f.m3u8,,,,DatingNakedUK.se@DK,,,,https://images.pluto.tv/channels/692edc78d52ea9e4858cf78f/colorLogoPNG_1768226003744.png,Series,1280x720,iptv-org-all.txt,691,200,成功,h264,1280x720,30.0,有音频,1.492
DD Chhattisgarh (720p),https://cdn.pishow.tv/ott/live/15/master.m3u8,,,,DDChhattisgarh.in@SD,,,,https://i.imgur.com/zBg6Iuv.png,General,424x240,iptv-org-all.txt,240,200,成功,h264,424x240,25.0,有音频,9.638
DLTV 4 (1080p),https://cdn-live.dltv.ac.th/dltv04.m3u8,,,,DLTV4.th@SD,,,,https://i.imgur.com/WkpoQhU.png,Education,1920x1080,iptv-org-all.txt,1477,200,成功,h264,1920x1080,25.0,有音频,5.695
Coyhaique TV (720p),https://v2.tustreaming.cl/coyhaiquetv/index.m3u8,,,,CoyhaiqueTV.cl@SD,,,,https://cdn.m3u.cl/logo/1768_Coyhaique_TV.png,General,1280x720,iptv-org-all.txt,1942,200,成功,h264,1280x720,29.97002997002997,有音频,3.403
Cultura Fast (720p),https://fpa-gateway.tvcultura.com.br:8181/memfs/606caef0-a290-413d-9f1f-8fcdb3a73831.m3u8,,,,CulturaFast.br@SD,,,,https://eitv6.cdn.broadpeak.io/account351-i1438/channel/53/quadrada_-3-_pequeno-1723832301.png,General,1280x720,iptv-org-all.txt,2083,200,成功,h264,1280x720,29.97002997002997,有音频,3.874
Ciudades del Ocio TV (720p),https://cloudvideo.servers10.com:8081/8024/index.m3u8,,,,CiudadesdelOcioTV.es@SD,,,,https://i.imgur.com/CTQgqsM.png,Entertainment,1280x720,iptv-org-all.txt,124,200,成功,h264,1280x720,50.0,有音频,3.436
Dushevnoe HD (1080p),http://stream.mcquack.net/213/index.m3u8,,,,Dushevnoe.ru@HD,,,,https://i.imgur.com/vTRHAvD.png,Undefined,1920x1080,iptv-org-all.txt,166,200,成功,h264,1920x1080,25.0,有音频,1.734
DTV (Hungary) (720p) [Not 24/7],http://cloudfront44.lexanetwork.com:1732/hlsrelay003/hls/livestream.sdp.m3u8,,,,DTV.hu@SD,,,,https://i.imgur.com/YSpqmSO.png,Undefined,1280x720,iptv-org-all.txt,2087,200,成功,h264,1280x720,50.0,有音频,2.065
EAC News TV,https://live.eac-news.com/LiveApp/streams/eacnews.m3u8,,,,EACNewsTV.kh@SD,,,,https://i.imgur.com/EuYhS9Z.png,News,1280x720,iptv-org-all.txt,549,200,成功,h264,1280x720,30.0,有音频,2.706
CMT Equal Play (720p),https://jmp2.uk/plu-5f68f53eb1e5800007390bf8.m3u8,,,,CMTEqualPlay.us@SD,,,,https://i.imgur.com/9ysjkkL.png,Music,1280x720,iptv-org-all.txt,2864,200,成功,h264,1280x720,30.0,有音频,1.184
Coza TV (576p),https://viewmedia7219.bozztv.com/wmedia/viewmedia100/web_019/Stream/playlist.m3u8,,,,CozaTV.ng@SD,,,,https://i.imgur.com/QVBdpuF.png,Religious,426x240,iptv-org-all.txt,1863,200,成功,h264,426x240,25.0,有音频,3.340
CNC Pereira (720p),https://cloudvideo.servers10.com:8081/latinchaneltv/index.m3u8,,,,CNCPereira.co@SD,,,,https://i.imgur.com/5vJ0aXH.png,General,1280x720,iptv-org-all.txt,1780,200,成功,h264,1280x720,29.97002997002997,有音频,3.439
Elbeshara GTV (1080p) [Not 24/7],http://media3.smc-host.com:1935/elbesharagtv.com/gtv.smil/playlist.m3u8,,,,ElbesharaGTV.us@SD,,,,https://i.imgur.com/b0Wx7pE.png,Religious,1920x1080,iptv-org-all.txt,765,200,成功,h264,1920x1080,30.0,有音频,0.791
Delta TV Canal 50 (720p) [Not 24/7],https://fox.hostlagarto.com:8081/deltatv50/tracks-v1a1/mono.m3u8,,,,DeltaTVCanal50.do@SD,,,,https://imgur.com/Z1K1tyl.jpg,General,1280x720,iptv-org-all.txt,3312,200,成功,h264,1280x720,,有音频,0.912
Eduvision (1080p),https://stmv3.voxtvhd.com.br/conex2/conex2/playlist.m3u8,,,,Eduvision.co@SD,,,,https://i.imgur.com/ppBdqel.png,Education,1920x1080,iptv-org-all.txt,1429,200,成功,h264,1920x1080,25.0,有音频,1.165
CNBC-e,https://hnpsechtsc.turknet.ercdn.net/xpnvudnlsv/cnbc-e/cnbc-e.m3u8,,,,CNBCe.tr@SD,,,,https://s.cnbce.com/dist/images/logo-nav.png,Business;Series,640x360,iptv-org-all.txt,2059,200,成功,h264,640x360,25.0,有音频,10.789
DLTV 8 (1080p),https://cdn-live.dltv.ac.th/dltv08.m3u8,,,,DLTV8.th@SD,,,,https://i.imgur.com/xIwn5Ha.png,Education,1920x1080,iptv-org-all.txt,928,200,成功,h264,1920x1080,25.0,有音频,6.020
Diyar TV (720p),https://live.artidijitalmedya.com/artidijital_diyartv/diyartv/playlist.m3u8,,,,DiyarTV.tr@SD,,,,https://i.imgur.com/qWkHjRA.png,Religious,1280x720,iptv-org-all.txt,977,200,成功,h264,1280x720,50.0,有音频,5.684
Eco TV,https://stream.arcast.com.ar/ecotv/ngrp:ecotv_all/playlist.m3u8,,,,EcoTV.ar@SD,,,,https://i.imgur.com/V2ldYVd.jpg,General,416x234,iptv-org-all.txt,1901,200,成功,h264,416x234,25.0,有音频,3.109
De Pelicula Plus (1080p),http://200.115.120.1:8000/play/ca030/index.m3u8,,,,DePeliculaPlus.mx@SD,,,,https://i.imgur.com/MMhSmDK.png,Movies,720x480,iptv-org-all.txt,145,200,成功,mpeg2video,720x480,29.97002997002997,有音频,0.782
CNT Mas TV (720p) [Not 24/7],https://edge.essastream.com/cntmas/tracks-v1a1/mono.m3u8,,,,CNTMasTV.do@HD,,,,https://dominicanchannels.com/wp-content/uploads/ctnmas.jpg,General,1280x720,iptv-org-all.txt,46,200,成功,h264,1280x720,29.97002997002997,有音频,0.969
Coto Brus TV (720p),https://cloudvideo.servers10.com:8081/8030/index.m3u8,,,,CotoBrusTV.cr@SD,,,,https://i.ibb.co/vJZqrFY/a4ed367c69c23110d458a332af95be0be64566f288ccb5f261689344e6ba5e0d.png,General,1920x1080,iptv-org-all.txt,743,200,成功,h264,1920x1080,30.0,有音频,3.460
Dangal 2 (720p),https://live-dangal2.akamaized.net/liveabr/playlist.m3u8,,,,Dangal2.in@SD,,,,https://i.imgur.com/BEr1r7L.png,Entertainment,1280x720,iptv-org-all.txt,1371,200,成功,h264,1280x720,25.0,有音频,6.232
Dorama (576p),https://fs.uplink.kz/dorama/mono.m3u8?token=onlinetv,,,,Dorama.ru@SD,,,,https://i.imgur.com/ZH5LuXU.png,Movies,720x576,iptv-org-all.txt,2114,200,成功,h264,720x576,25.0,有音频,3.994
Deep House District (1080p),https://eu-nl-012.worldcast.tv/dancetelevisiontwo/dancetelevisiontwo.m3u8,,,,DeepHouseDistrict.nl@SD,,,,https://i.imgur.com/IV2Qvc0.png,Music,1920x1080,iptv-org-all.txt,4733,200,成功,h264,1920x1080,30.0,有音频,3.820
Daystar TV (1080p),https://live-mcl.cdn01.net/smarttv/48vy43564/playlist.m3u8,,,,DaystarTV.us@SD,,,,https://i.imgur.com/uVdKHMG.png,Religious,640x360,iptv-org-all.txt,1320,200,成功,h264,640x360,29.97002997002997,有音频,4.528
E 24 (576p),https://mumt04.tangotv.in/m18aqlK4E24/index.m3u8,,,,E24.in@SD,,,,https://xstreamcp-assets-msp.streamready.in/assets/LIVETV/LIVECHANNEL/LIVETV_LIVETVCHANNEL_E24/images/LOGO_HD/image.png,Entertainment,900x720,iptv-org-all.txt,203,200,成功,h264,900x720,25.0,有音频,5.656
Cumbia Mix (720p),https://cloud.tvomix.com/CUMBIAMIX/index.m3u8,,,,CumbiaMix.ar@HD,,,,https://qtrypzzcjebvfcihiynt.supabase.co/storage/v1/object/public/base44-prod/public/6901dfd41a05195b77301d7b/b306e57e4_Logo-TV-C.png,Music,1280x720,iptv-org-all.txt,2205,200,成功,h264,1280x720,25.0,有音频,1.822
Dallas Cowboys Cheerleaders NO,https://jmp2.uk/plu-64e77016324d190008291c13.m3u8,,,,DallasCowboysCheerleaders.se@NO,,,,https://images.pluto.tv/channels/64e87c6b28cec700088ceb55/colorLogoPNG.png,Series,1216x684,iptv-org-all.txt,209,200,成功,h264,1216x684,30.0,有音频,1.507
DW Espanol (1080p),https://dwamdstream104.akamaized.net/hls/live/2015530/dwstream104/master.m3u8,,,,DW.de@Espanol,,,,https://i.imgur.com/8MRNFb9.png,News,1920x1080,iptv-org-all.txt,963,200,成功,h264,1920x1080,50.0,有音频,4.051
ESPN 4 (1080p),http://181.78.197.59:8000/play/a07n/index.m3u8,,,,ESPN4.br@SD,,,,https://upload.wikimedia.org/wikipedia/commons/thumb/7/78/ESPN_4_logo.svg/960px-ESPN_4_logo.svg.png,Sports,1920x1080,iptv-org-all.txt,252,200,成功,h264,1920x1080,59.94005994005994,有音频,1.563
DLTV 6 (1080p),https://cdn-live.dltv.ac.th/dltv06.m3u8,,,,DLTV6.th@SD,,,,https://i.imgur.com/qeIHWC0.png,Education,1920x1080,iptv-org-all.txt,1227,200,成功,h264,1920x1080,25.0,有音频,5.678
DHA (720p) [Not 24/7],https://603c568fccdf5.streamlock.net/live/dhaweb1_C5efC/playlist.m3u8,,,,DHA.tr@SD,,,,https://i.imgur.com/VZhag2x.png,News,1280x720,iptv-org-all.txt,1147,200,成功,h264,1280x720,25.0,有音频,3.444
De Pelicula US (720p),http://138.121.15.230:9002/DEPELICULA/index.m3u8,,,,DePeliculaUS.us@SD,,,,https://upload.wikimedia.org/wikipedia/commons/thumb/0/00/DPel%C3%ADcula_2021.svg/960px-DPel%C3%ADcula_2021.svg.png,Movies,720x480,iptv-org-all.txt,108,200,成功,h264,720x480,59.94005994005994,有音频,1.620
EMI TV,https://astra.emitv.ro/hls/emi/index.m3u8,,,,EMITV.ro@SD,,,,https://i.imgur.com/B5zssCz.png,Music,1920x1080,iptv-org-all.txt,1000,200,成功,h264,1920x1080,50.0,有音频,4.801
Disney Channel Latin America (1080p),http://15.204.246.24:8080/DisneyHD/index.m3u8,,,,DisneyChannelLatinAmerica.ar@Panregional,,,,https://upload.wikimedia.org/wikipedia/commons/f/ff/2024_Disney_Channel_text_logo.svg,Animation;Kids,1920x1080,iptv-org-all.txt,28,200,成功,h264,1920x1080,59.94005994005994,有音频,0.327
Ecclesia TV (Greece) (1080p),https://liveopen.siliconweb.com/openTvLive/openEcclessia/playlist.m3u8,,,,EcclesiaTV.gr@SD,,,,https://i.imgur.com/QQSSMZx.png,Undefined,1920x1080,iptv-org-all.txt,2203,200,成功,h264,1920x1080,30.0,有音频,3.732
Dreiko TV (720p) [Not 24/7],https://cloudvideo.servers10.com:8081/8020/index.m3u8,,,,DreikoTV.pa@SD,,,,https://i.imgur.com/k8U0e0b.png,Animation,1280x720,iptv-org-all.txt,1456,200,成功,h264,1280x720,30.0,有音频,3.141
Cosmos Tv SD,https://canaletaplus.com:3922/live/cosmoslive.m3u8,,,,CosmosTv.ar@SD,,,,https://i0.wp.com/fmcosmos.com/wp-content/uploads/2021/11/COSMOS-TV.png,Movies;News,1280x720,iptv-org-all.txt,1656,200,成功,h264,1280x720,,有音频,2.087
Doyel TV,https://3d46w.doyeltv.com/memfs/aa3aa6f7-ec12-41a2-8183-a891e157bbf8.m3u8,,,,DoyelTV.ca@SD,,,,https://i.imgur.com/8pR8Q4J.png,Culture,1920x1080,iptv-org-all.txt,1736,200,成功,h264,1920x1080,25.0,有音频,1.062
DBM TV (1080p),https://dbmtv.vedge.infomaniak.com/livecast/dbmtv/playlist.m3u8,,,,DBMTV.fr@SD,,,,https://i.imgur.com/ab6p2SW.png,Music,1920x1080,iptv-org-all.txt,2086,200,成功,h264,1920x1080,25.0,有音频,4.569
CNBC Arabiya (1080p),https://cnbc-live.akamaized.net/cnbc/master.m3u8,,,,CNBCArabiya.ae@SD,,,,https://upload.wikimedia.org/wikipedia/commons/thumb/e/ea/CNBC_Arabia_2025.svg/960px-CNBC_Arabia_2025.svg.png,Business,854x480,iptv-org-all.txt,1848,200,成功,h264,854x480,25.0,有音频,4.314
Diaspora 24 [Geo-blocked],https://vdo3.pro-fhi.net:3218/stream/play.m3u8,,,,Diaspora24.sn@SD,,,,https://i.imgur.com/4devfx1.png,Undefined,1280x720,iptv-org-all.txt,903,200,成功,h264,1280x720,25.0,有音频,3.505
Darshana TV (576p),https://mumt04.tangotv.in/m18aqlK4DARSHANATV/index.m3u8,,,,DarshanaTV.in@SD,,,,https://dtil.tmsimg.com/assets/s142774_ld_h15_aa.png?lock=720x540,Entertainment,448x360,iptv-org-all.txt,202,200,成功,h264,448x360,25.0,有音频,5.507
Conecta2TV (720p) [Not 24/7],https://live.obslivestream.com/conecta2/index.m3u8,,,,Conecta2TV.pe@SD,,,,https://i.imgur.com/W6FDUwt.png,News,1280x720,iptv-org-all.txt,45,200,成功,h264,1280x720,29.97002997002997,有音频,1.545
DLTV 7 (1080p),https://cdn-live.dltv.ac.th/dltv07.m3u8,,,,DLTV7.th@SD,,,,https://i.imgur.com/OjYwMe3.png,Education,1920x1080,iptv-org-all.txt,1157,200,成功,h264,1920x1080,25.0,有音频,4.881
Dream Turk (720p),https://live.duhnet.tv/S2/HLS_LIVE/dreamturknp/playlist.m3u8,,,,DreamTurk.tr@SD,,,,https://i.imgur.com/vJ8VaZi.png,Music,1280x720,iptv-org-all.txt,249,200,成功,h264,1280x720,25.0,有音频,9.294
Entertainment Tonight (1080p),https://enterbcef94b.airspace-cdn.cbsivideo.com/master.m3u8,,,,EntertainmentTonight.us@SD,,,,https://upload.wikimedia.org/wikipedia/commons/thumb/3/3f/Entertainment_Tonight_2021.svg/960px-Entertainment_Tonight_2021.svg.png,Entertainment;News,1920x1080,iptv-org-all.txt,1999,200,成功,h264,1920x1080,29.97002997002997,有音频,1.649
CJ OnStyle+ (540p),https://live-ch2.cjonstyle.net/cjosplus/live2/playlist.m3u8,,,,CJOnStylePlus.kr@SD,,,,https://i.imgur.com/OYmOL20.png,Shop,720x400,iptv-org-all.txt,1337,200,成功,h264,720x400,29.97002997002997,有音频,5.038
ducktv (720p),https://jmp2.uk/stvp-ESBC4700001GR,,,,ducktv.sk@SD,,,,https://i.imgur.com/gRFQ35W.png,Kids,384x216,iptv-org-all.txt,2144,200,成功,h264,384x216,25.0,有音频,4.026
Concepcion TV (720p),https://stream.blserver.cl/hls/ctv/index.m3u8,,,,ConcepcionTV.cl@SD,,,,https://i.imgur.com/9k0yAxj.jpeg,General,1920x1080,iptv-org-all.txt,773,200,成功,h264,1920x1080,30.0,有音频,3.676
Dao Lane Xang TV (720p) [Not 24/7],https://livefta.malimarcdn.com/ftaedge00/khaomwungmai.sdp/playlist.m3u8,,,,DaoLaneXangTV.la@SD,,,,https://i.imgur.com/yE7nZ6w.png,General,1280x720,iptv-org-all.txt,210,200,成功,h264,1280x720,29.97002997002997,有音频,0.875
entelevision (1080p) [Not 24/7],https://stream.haislin.com/entelevision/index.m3u8,,,,entelevision.do@SD,,,,https://i.imgur.com/gVtLpMD.png,General,1920x1080,iptv-org-all.txt,1893,200,成功,h264,1920x1080,30.0,有音频,0.705
CTT Canal 49 (1080p) [Not 24/7],https://cdnfox.hostlagarto.com/cct49/index.m3u8,,,,CTTCanal49.do@SD,,,,https://i.imgur.com/jsi4qVb.jpg,General,1920x1080,iptv-org-all.txt,30,200,成功,h264,1920x1080,30.0,有音频,0.973
CNA (Singapore) (1080p) [Geo-blocked],https://d2e1asnsl7br7b.cloudfront.net/7782e205e72f43aeb4a48ec97f66ebbe/index.m3u8,,,,CNA.sg@SD,,,,https://i.imgur.com/awIDugE.png,News,1920x1080,iptv-org-all.txt,1781,200,成功,h264,1920x1080,25.0,有音频,2.779
DanceTV Deep House District (1080p),https://m1b2.worldcast.tv/dancetelevisiontwo/dancetelevisiontwo.m3u8,,,,DanceTVDeepHouseDistrict.ee@SD,,,,https://hebbkx1anhila5yf.public.blob.vercel-storage.com/dhd-logo-GjMR8ITxgPd9PDBLDf0I87dajJTZnb.png,Music,1920x1080,iptv-org-all.txt,905,200,成功,h264,1920x1080,30.0,有音频,3.420
FailArmy (720p),https://failarmy-international-au.samsung.wurl.tv/playlist.m3u8,,,,FailArmy.us@US,,,,https://i.imgur.com/VIpQJxL.png,Comedy,1280x720,iptv-org-all.txt,869,200,成功,h264,1280x720,29.97002997002997,有音频,1.282
DLTV 2 (1080p),https://cdn-live.dltv.ac.th/dltv02.m3u8,,,,DLTV2.th@SD,,,,https://i.imgur.com/lDBSTfE.png,Education,1920x1080,iptv-org-all.txt,1698,200,成功,h264,1920x1080,25.0,有音频,4.910
El-Heddaf TV (1080p),https://live.elheddaftv.com:8081/elheddaftv/index.m3u8,,,,ElHeddafTV.dz@SD,,,,https://i.imgur.com/cDkIDIA.png,Sports,1920x1080,iptv-org-all.txt,1172,200,成功,h264,1920x1080,25.0,有音频,3.420
Dynasty,https://jmp2.uk/plu-64d1606b4c5ed80008e3b8b9.m3u8,,,,Dynasty.us@SD,,,,https://images.pluto.tv/channels/62e919ca865c590007ecd0bd/colorLogoPNG.png,Series,1216x684,iptv-org-all.txt,1524,200,成功,h264,1216x684,30.0,有音频,1.433
DD National (576p),http://107.167.16.138/ddnational/index.m3u8?token=test,,,,DDNational.in@SD,,,,https://ltsk-cdn.s3.eu-west-1.amazonaws.com/jumpstart/Temp_Live/cdn/HLS/Channel/transparentImages/DD%20National.png,Entertainment,1920x1080,iptv-org-all.txt,253,200,成功,h264,1920x1080,25.0,有音频,0.831
Elwatania TV (1080i),https://livesstream.work.gd:5443/WebRTCApp/streams/stream.m3u8,,,,ElwataniaTV.dz@SD,,,,https://i.imgur.com/NKR8WFq.png,General,1920x1080,iptv-org-all.txt,1510,200,成功,h264,1920x1080,25.0,有音频,12.433
Columna TV,https://cdn.streamnet.pro/columnatv/live/playlist.m3u8,,,,ColumnaTV.ro@SD,,,,https://i.imgur.com/C5dIgsc.png,General,1280x720,iptv-org-all.txt,1408,200,成功,h264,1280x720,25.0,有音频,5.247
Disney Channel (Portugal) (1080p),http://151.80.18.177:86/Disney_Channel_HD/index.m3u8,,,,DisneyChannel.pt@SD,,,,https://upload.wikimedia.org/wikipedia/commons/3/3d/2022_Disney_Channel_logo.svg,Kids,1280x720,iptv-org-all.txt,216,200,成功,hevc,1280x720,50.0,有音频,1.483
Epic Crimes (1080p),https://cc-wsuyg2uxeak04.akamaized.net/v1/master/3722c60a815c199d9c0ef36c5b73da68a62b09d1/cc-wsuyg2uxeak04/master.m3u8,,,,EpicCrimes.in@SD,,,,https://i.imgur.com/EFDsCkH.png,Documentary,640x360,iptv-org-all.txt,1956,200,成功,h264,640x360,25.0,有音频,15.162
Espansione TV (576p),https://b53136fc0d724da78cac7754d601393d.msvdn.net/live/S13070333/lgUidxJCmpO3/playlist.m3u8,,,,EspansioneTV.it@SD,,,,https://i.imgur.com/NZJi7mm.png,General,320x180,iptv-org-all.txt,2383,200,成功,h264,320x180,29.97002997002997,有音频,8.774
Credo TV,https://651c69fa2ff4e.streamlock.net/ctv/_definst_/livecredo/playlist.m3u8,,,,CredoTV.ro@SD,,,,https://i.imgur.com/RD4TgcM.png,Religious,1920x1080,iptv-org-all.txt,1201,200,成功,h264,1920x1080,25.0,有音频,1.108
Dit is Helmond (480p),http://ms2.mx-cd.net/tv/Omroep_Helmond.smil/chunklist.m3u8,,,,DitisHelmond.nl@SD,,,,https://i.imgur.com/fGAaBAs.png,General,854x480,iptv-org-all.txt,2570,200,成功,h264,854x480,25.0,有音频,2.464
COCO TV (1080p) [Not 24/7],https://edge.essastream.com/canalcocotv/playlist.m3u8,,,,COCOTV.do@SD,,,,https://i.imgur.com/CnAc7jU.png,Entertainment,1920x1080,iptv-org-all.txt,46,200,成功,h264,1920x1080,,有音频,1.553
Evandis Gospel TV (1080p),https://evandis.streamakaci.tv/str_evandis_evandis/str_evandis_multi/playlist.m3u8,,,,EvandisGospelTV.fr@SD,,,,https://i.imgur.com/v8TiqhH.png,Religious,640x360,iptv-org-all.txt,1578,200,成功,h264,640x360,25.0,有音频,5.126
Enlace (1080p),http://138.121.15.230:9002/ENLACE/index.m3u8,,,,Enlace.cr@SD,,,,https://i.imgur.com/YwUVTmS.png,Religious,720x480,iptv-org-all.txt,211,200,成功,h264,720x480,59.94005994005994,有音频,1.272
Disney Jr. Latin America South HD (1080p),http://45.134.141.161:2200/ARG/Disney_Junior/index.m3u8,,,,DisneyJrLatinAmerica.ar@SouthHD,,,,https://upload.wikimedia.org/wikipedia/commons/e/e3/2024_Disney_Jr._Logo.svg,Animation;Kids,720x480,iptv-org-all.txt,145,200,成功,h264,720x480,59.94005994005994,有音频,1.238
El Comisario,https://jmp2.uk/plu-60c343007bcabe0007242aa6.m3u8,,,,ElComisario.us@Spain,,,,https://i.imgur.com/XYt8utn.png,Series,1024x576,iptv-org-all.txt,671,200,成功,h264,1024x576,30.0,有音频,1.152
Docevision (720p),https://live20.bozztv.com/giatvplayout7/giatv-208729/playlist.m3u8,,,,Docevision.cl@SD,,,,https://cdn.m3u.cl/logo/1759_Docevision.png,General,512x384,iptv-org-all.txt,33,200,成功,h264,512x384,23.976023976023978,有音频,0.888
DLTV 1 (1080p),https://cdn-live.dltv.ac.th/dltv01.m3u8,,,,DLTV1.th@SD,,,,https://i.imgur.com/nLzdGeX.png,Education,1920x1080,iptv-org-all.txt,1930,200,成功,h264,1920x1080,25.0,有音频,5.205
Colors Super (396p),https://d1rc86nwwc9fag.cloudfront.net/260723/smil:colorssuper1.smil/playlist.m3u8?hdnts=st=1735898689~exp=1835898688~acl=*~hmac=f5fe24724fe05481e3841f9eb5ab8efdee0a3dd83645ae9dcf45703f525bab7b,,,,ColorsSuper.in@SD,,,,https://xstreamcp-assets-msp.streamready.in/assets/LIVETV/LIVECHANNEL/LIVETV_LIVETVCHANNEL_COLORS_SUPER/images/LOGO_HD/image.png,Entertainment,704x396,iptv-org-all.txt,436,200,成功,h264,704x396,25.0,有音频,1.155
Ecuador TV (1080p),http://45.224.97.181:9999/EcuadorTV/index.m3u8,,,,EcuadorTV.ec@SD,,,,https://i.imgur.com/hj6EYwe.png,General,1920x1080,iptv-org-all.txt,244,200,成功,h264,1920x1080,30.0,有音频,1.017
CMT (720p),http://23.237.104.106:8080/USA_CMT/index.m3u8,,,,CMT.us@East,,,,https://i.imgur.com/S7DOpdY.png,Music,1920x1080,iptv-org-all.txt,104,200,成功,h264,1920x1080,59.94005994005994,有音频,1.117
Cooking Panda (576p),https://stream-us-east-1.getpublica.com/playlist.m3u8?network_id=46,,,,CookingPanda.us@SD,,,,https://i.imgur.com/bhY0Zcs.png,Cooking,640x360,iptv-org-all.txt,2151,200,成功,h264,640x360,29.97002997002997,有音频,1.986
Crime + Investigation Polsat (1080p),http://57.128.231.171:8080/285/index.m3u8,,,,CrimePlusInvestigationPolsat.pl@SD,,,,https://i.imgur.com/kSZCvah.png,Entertainment,1920x1080,iptv-org-all.txt,128,200,成功,h264,1920x1080,50.0,有音频,1.628
Dom kino Premium HD (1080p),http://stream.mcquack.net/108/index.m3u8,,,,DomkinoPremium.ru@HD,,,,https://i.imgur.com/rJpQtvK.png,Movies,1920x1080,iptv-org-all.txt,197,200,成功,h264,1920x1080,25.0,有音频,2.311
DSTV (Bulgaria) (614p) [Not 24/7],http://46.249.95.140:8081/hls/data.m3u8,,,,DSTV.bg@SD,,,,https://i.imgur.com/YMgzzkf.png,Music,1920x1080,iptv-org-all.txt,286,200,成功,h264,1920x1080,25.0,有音频,1.171
Family Ties (Sweden) NO,https://jmp2.uk/plu-654a4f7bf9cc8200086877d5.m3u8,,,,FamilyTies.se@NO,,,,https://images.pluto.tv/channels/654a4a3ef91d250008ac089b/colorLogoPNG.png,Comedy,1280x720,iptv-org-all.txt,819,200,成功,h264,1280x720,30.0,有音频,1.959
Dhoom Music (720p),https://cdn.pishow.tv/ott/live/1456/master.m3u8,,,,DhoomMusic.in@SD,,,,https://xstreamcp-assets-msp.streamready.in/assets/LIVETV/LIVECHANNEL/LIVETV_LIVETVCHANNEL_DHOOM_MUSIC/images/LOGO_HD/image.png,Music,424x240,iptv-org-all.txt,239,200,成功,h264,424x240,25.0,有音频,9.859
Etna Espresso Channel (720p),https://5db313b643fd8.streamlock.net/Etnachannelponte/Etnachannelponte/playlist.m3u8,,,,EtnaEspressoChannel.it@SD,,,,https://i.imgur.com/lSI5QgV.png,News,1920x1080,iptv-org-all.txt,717,200,成功,h264,1920x1080,25.0,有音频,2.990
EWTN Poland (1080p),https://cdn3.wowza.com/1/ZHdrMWt1NjlDSzFu/bzdDVG10/hls/live/playlist.m3u8,,,,EWTNPoland.pl@SD,,,,https://i.imgur.com/VtKYELf.png,Religious,320x180,iptv-org-all.txt,358,200,成功,h264,320x180,25.0,有音频,6.884
Di TV (1080p),https://cdn0-03837-liveedge0.dna.ip-only.net/03837-liveedge0/smil:03837-tx4/playlist.m3u8,,,,DiTV.se@SD,,,,https://i.imgur.com/zApTDWn.png,News,,iptv-org-all.txt,144,200,成功,h264,,,有音频,9.095
Dabanga TV (1080p),https://hls.dabangasudan.org/hls/stream.m3u8,,,,DabangaTV.sd@SD,,,,https://i.imgur.com/BH1N6TA.png,Education;News,1920x1080,iptv-org-all.txt,2205,200,成功,h264,1920x1080,25.0,有音频,1.662
eSports Max TV,https://cdnlive.klicgo.net/esportsmax/live/playlist_dvr.m3u8,,,,eSportsMaxTV.ve@SD,,,,https://i.imgur.com/OprRgQN.png,Animation,1920x1080,iptv-org-all.txt,451,200,成功,h264,1920x1080,30.0,有音频,1.258
DI.TV 80 (720p),https://5f22d76e220e1.streamlock.net/ditv80/ditv80/playlist.m3u8,,,,DITV80.it@SD,,,,https://i.imgur.com/2AqKAMy.png,General,720x576,iptv-org-all.txt,122,200,成功,h264,720x576,25.0,有音频,2.990
English Club Global,https://racitonsen.s.gy/ECG_SD,,,,EnglishClubGlobal.uk@SD,,,,https://img.apk.watch/pics:bz1kZmQ3bjImbD0zZmkmaD1wbmcmZj1HbGk5MCZpPTU,Education,640x360,iptv-org-all.txt,2995,200,成功,h264,640x360,25.0,有音频,2.840
Euro Indie Music Chart TV (360p),http://178.33.224.197:1935/euroindiemusic/euroindiemusic/playlist.m3u8,,,,EuroIndieMusicChartTV.it@SD,,,,https://i.imgur.com/lF0iofX.png,Music,1920x1080,iptv-org-all.txt,341,200,成功,h264,1920x1080,24.0,有音频,1.315
EntrepreneurTV (720p),https://stream-us-east-1.getpublica.com/playlist.m3u8?network_id=2506,,,,EntrepreneurTV.us@SD,,,,https://i.imgur.com/isRfHYZ.png,Business,640x360,iptv-org-all.txt,999,200,成功,h264,640x360,30.0,有音频,2.238
Euronews Hungarian (720p),https://cdn-euronews.akamaized.net/live/eds/euronews-hu/25075/index.m3u8,,,,EuronewsHungarian.fr@SD,,,,https://i.imgur.com/8t9mdg9.png,News,,iptv-org-all.txt,688,200,成功,h264,,,有音频,9.904
DD Goa (504p),https://d3qs3d2rkhfqrt.cloudfront.net/out/v1/e5b9db1cc184406bb97159da2f120f91/index.m3u8,,,,DDGoa.in@SD,,,,https://ltsk-cdn.s3.eu-west-1.amazonaws.com/jumpstart/Temp_Live/cdn/HLS/Channel/transparentImages/DD-Goa-Logo_2000_X_1125_Transpharent.png,General,896x504,iptv-org-all.txt,238,200,成功,h264,896x504,25.0,有音频,2.789
Colors Bangla Cinema (576p),http://51.75.127.199:3141/colorsbanglacinema/index.m3u8,,,,ColorsBanglaCinema.in@SD,,,,https://xstreamcp-assets-msp.streamready.in/assets/LIVETV/LIVECHANNEL/LIVETV_LIVETVCHANNEL_COLORS_BANGLA_CINEMA/images/LOGO_HD/image.png,Movies,960x540,iptv-org-all.txt,237,200,成功,h264,960x540,25.0,有音频,1.012
CRTV News,https://live1.acangroup.org:1929/publiclive/crtv_news/playlist.m3u8,,,,CRTVNews.cm@SD,,,,https://i.imgur.com/5CshVf9.png,News,1920x1080,iptv-org-all.txt,1330,200,成功,h264,1920x1080,25.0,有音频,3.737
DLTV 5 (1080p),https://cdn-live.dltv.ac.th/dltv05.m3u8,,,,DLTV5.th@SD,,,,https://i.imgur.com/J1E89jX.png,Education,1920x1080,iptv-org-all.txt,1393,200,成功,h264,1920x1080,25.0,有音频,5.627
EL DEBER (1080p),https://master.tucableip.com/eldebertv/index.m3u8,,,,ELDEBER.bo@SD,,,,https://www.trabajopolis.bo/attachment/images/cw600_ch315_sw585_sh300_clfff_q100_id618378_8e3aaf1db590f10.jpeg,General,1920x1080,iptv-org-all.txt,2229,200,成功,h264,1920x1080,29.97002997002997,有音频,3.231
Dating Naked UK NO,https://jmp2.uk/plu-692edcff77f0147d69f19498.m3u8,,,,DatingNakedUK.se@NO,,,,https://images.pluto.tv/channels/692edc78d52ea9e4858cf78f/colorLogoPNG_1768226003744.png,Series,1216x684,iptv-org-all.txt,745,200,成功,h264,1216x684,30.0,有音频,1.466
CNC Medellin (1080p),http://138.94.3.106:8000/play/a02o/index.m3u8,,,,CNCMedellin.co@HD,,,,https://i.imgur.com/J1f4fNq.png,General,1280x720,iptv-org-all.txt,235,200,成功,h264,1280x720,29.97002997002997,有音频,1.231
Disney Jr. Latin America South (1080p),http://45.185.163.75:8000/play/a016/index.m3u8,,,,DisneyJrLatinAmerica.ar@South,,,,https://upload.wikimedia.org/wikipedia/commons/e/e3/2024_Disney_Jr._Logo.svg,Animation;Kids,720x480,iptv-org-all.txt,304,200,成功,h264,720x480,59.94005994005994,有音频,2.597
DroneTV (1080p),https://airvuz-dronetv-1-us.ohlscdn.wurl.tv/playlist.m3u8,,,,DroneTV.us@SD,,,,https://i.ibb.co/S71C9RJC/dronetv.webp,Relax;Travel,1920x1080,iptv-org-all.txt,1386,200,成功,h264,1920x1080,29.97002997002997,有音频,1.972
Eawaz TV (720p) [Not 24/7],https://streamer12.vdn.dstreamone.net/saazoawaz/saazoawaz/playlist.m3u8,,,,EawazTV.ca@SD,,,,https://i.imgur.com/vB4yzen.png,Culture,1280x720,iptv-org-all.txt,640,200,成功,h264,1280x720,30.0,有音频,0.947
Dare To Dream Network,https://3abn.bozztv.com/3abn2/d2d_live/smil:d2d_live.smil/playlist.m3u8,,,,DareToDreamNetwork.us@SD,,,,https://i.imgur.com/oNUpXA9.png,Religious,640x360,iptv-org-all.txt,738,200,成功,h264,640x360,29.97002997002997,有音频,2.594
Detective Conan,https://jmp2.uk/plu-629a066860ef810008267b70.m3u8,,,,DetectiveConan.us@Spain,,,,https://images.pluto.tv/channels/629a066860ef810008267b70/solidLogoPNG.png?w=512,Animation;Kids,1216x684,iptv-org-all.txt,94,200,成功,h264,1216x684,30.0,有音频,1.366
Dukh Nivaran (720p) [Not 24/7],http://cdn12.henico.net:8080/live/dncal/index.m3u8,,,,DukhNivaran.ca@SD,,,,https://i.imgur.com/Zh60l1x.png,Culture,1280x720,iptv-org-all.txt,1160,200,成功,h264,1280x720,29.97002997002997,有音频,0.444
DTV Den Bosch (1080p),https://rrr.sz.xlcdn.com/?account=dtvmaasland&file=dtv2&output=playlist.m3u8&protocol=https&service=wowza&type=live,,,,DTVDenBosch.nl@SD,,,,https://i.imgur.com/aFBNbsy.png,General,1920x1080,iptv-org-all.txt,3866,200,成功,h264,1920x1080,30.0,无音频,3.416
ducktv PLUS,https://dash3.antik.sk/live/test_duck_plus/playlist.m3u8,,,,ducktvPLUS.sk@SD,,,,https://i.imgur.com/RFhxfOx.png,Kids,1920x1080,iptv-org-all.txt,1664,200,成功,h264,1920x1080,25.0,有音频,2.009
Curiosity NOW EN (1080p),https://amg00170-amg00170c4-samsung-gb-4232.playouts.now.amagi.tv/playlist.m3u8,,,,CuriosityNOW.de@EN,,,,https://i.imgur.com/gJ9eMaG.png,Documentary,1920x1080,iptv-org-all.txt,1867,200,成功,h264,1920x1080,29.97002997002997,有音频,1.620
DLTV 3 (1080p),https://cdn-live.dltv.ac.th/dltv03.m3u8,,,,DLTV3.th@SD,,,,https://i.imgur.com/wmrxerm.png,Education,1920x1080,iptv-org-all.txt,1659,200,成功,h264,1920x1080,25.0,有音频,6.008
Dac TV (720p),https://live-evg8.tv360.bitel.com.pe/bitel/dactvSRT/playlist.m3u8,,,,DacTV.pe@SD,,,,https://i.imgur.com/g4pZ3ZW.jpeg,General,1280x720,iptv-org-all.txt,3806,200,成功,h264,1280x720,30.0,有音频,6.136
Dheeran TV (576p),https://live.we2live.in/dheerantv/dheerantv/playlist.m3u8,,,,DheeranTV.in@SD,,,,https://i.imgur.com/jSedjXf.png,Religious,720x576,iptv-org-all.txt,720,200,成功,h264,720x576,25.0,有音频,2.662
CNA International (576p),https://mumt05.tangotv.in/87NeALx2CNA/index.m3u8,,,,CNAInternational.sg@SD,,,,https://i.imgur.com/xWglicB.png,News,640x360,iptv-org-all.txt,2495,200,成功,h264,640x360,25.0,有音频,5.312
Code Health TV (1080p),https://cdn2.invivo.bg/codehealth_test/index.m3u8,,,,CodeHealthTV.bg@SD,,,,https://i.imgur.com/NXBMzGV.png,Lifestyle,1920x1080,iptv-org-all.txt,2037,200,成功,h264,1920x1080,25.0,有音频,10.735
El Gourmet (1080p),http://15.204.246.24:8080/ElGourmetHD/index.m3u8,,,,ElGourmet.ar@Panregional,,,,https://i.imgur.com/ByMyRI9.png,Cooking,1920x1080,iptv-org-all.txt,28,200,成功,h264,1920x1080,59.94005994005994,有音频,0.321
Cool TV (1080p) [Not 24/7],https://stream.nasatv.com.mk/cooltv/hls/cooltv_live.m3u8,,,,CoolTV.mk@SD,,,,https://i.imgur.com/2tFrjUz.png,General,1920x1080,iptv-org-all.txt,2400,200,成功,h264,1920x1080,25.0,有音频,2.848
Didgah TV (576p),https://media.streambrothers.com:1936/8276/8276/playlist.m3u8,,,,DidgahTV.us@SD,,,,https://i.imgur.com/3SeAyBS.png,News,720x486,iptv-org-all.txt,688,200,成功,h264,720x486,30.0,有音频,1.691
Conexion Positiva Television,https://tvstream.conexionpositivaradio.com/memfs/69239c4d-4116-4f4f-b065-bf17e81b1411.m3u8,,,,ConexionPositivaTelevision.cr@HD,,,,https://i.ibb.co/HSSyRDs/conexion-positiva.png,Religious,1920x1080,iptv-org-all.txt,447,200,成功,h264,1920x1080,29.97002997002997,有音频,1.679
Falak TV,https://falak.rst.ae/index.m3u8,,,,FalakTV.pk@SD,,,,https://i.imgur.com/2TqlNsI.png,Entertainment,1280x720,iptv-org-all.txt,409,200,成功,h264,1280x720,25.0,有音频,0.666
Evrokino (576p),https://fs.uplink.kz/eurokino/mono.m3u8?token=onlinetv,,,,Evrokino.ru@SD,,,,https://i.imgur.com/8LPtPf6.png,Movies,720x576,iptv-org-all.txt,176,200,成功,h264,720x576,50.0,有音频,7.209
Code Fashion TV (1080p),https://cdn2.invivo.bg/Codefashion_5500/index.m3u8,,,,CodeFashionTV.bg@SD,,,,https://i.imgur.com/mVc2g64.png,Lifestyle,1920x1080,iptv-org-all.txt,2145,200,成功,h264,1920x1080,25.0,有音频,9.798
Dance FM (720p),https://5eaccbab48461.streamlock.net:1936/dancefm_1/dancefm_1/playlist.m3u8,,,,DanceFM.cl@SD,,,,https://i2.paste.pics/ff3e1e1045a1968dcdbcda3824a94eb3.png,Music,1280x720,iptv-org-all.txt,154,200,成功,h264,1280x720,30.0,有音频,4.236
EL TV,https://live.eltv.az/live/eltv/playlist.m3u8,,,,ELTV.az@SD,,,,https://i.imgur.com/tTlokZ2.png,General,640x360,iptv-org-all.txt,1444,200,成功,h264,640x360,25.0,有音频,9.849
Erzurum Web TV (720p),https://win29.yayin.com.tr/erzurumwebtv/erzurumwebtv/iptvdelisi.m3u8,,,,ErzurumWebTV.tr@SD,,,,https://i.imgur.com/HF7N4Li.png,General,1280x720,iptv-org-all.txt,4316,200,成功,h264,1280x720,25.0,有音频,3.301
ETB1 On (1080p),https://cdn1.etbon.eus/etb1on/index.m3u8,,,,ETB1On.es@HD,,,,https://upload.wikimedia.org/wikipedia/commons/5/52/Logo_ETB1_On_2026.svg,Public,640x360,iptv-org-all.txt,599,200,成功,h264,640x360,25.0,有音频,3.111
Delfi TV,https://s1.dcdn.lt/live/televizija/playlist.m3u8,,,,DelfiTV.lt@SD,,,,https://i.imgur.com/IFoHP5M.png,General,1920x1080,iptv-org-all.txt,2378,200,成功,h264,1920x1080,25.0,有音频,3.539
Classic TV Drama,https://jmp2.uk/plu-5f15e3cccf49290007053c67.m3u8,,,,ClassicTVDrama.us@SD,,,,https://i.imgur.com/XHQxv0x.png,Classic,1216x684,iptv-org-all.txt,303,200,成功,h264,1216x684,30.0,有音频,3.205
Cypress Channel 36 (360p),https://livestream-us-east-edge-2.granicusops.com/live/cypressca/live-1-a/playlist.m3u8,,,,CypressChannel36.us@SD,,,,https://i.imgur.com/vOvoHBC.png,Legislative,1280x720,iptv-org-all.txt,1444,200,成功,h264,1280x720,30.0,有音频,1.008
ducktv HD,https://dash3.antik.sk/live/duck_tv/index.m3u8,,,,ducktv.sk@HD,,,,https://i.imgur.com/gRFQ35W.png,Kids,1920x1080,iptv-org-all.txt,1926,200,成功,h264,1920x1080,25.0,有音频,1.978
Comedy Central Latin America (1080p),http://15.204.246.24:8080/ComedyCentralHD/index.m3u8,,,,ComedyCentralLatinAmerica.us@Panregional,,,,https://upload.wikimedia.org/wikipedia/commons/thumb/a/aa/Comedy_Central_2018.svg/960px-Comedy_Central_2018.svg.png,Comedy,1920x1080,iptv-org-all.txt,29,200,成功,h264,1920x1080,59.94005994005994,有音频,0.663
DBS TV,https://stream.dbstvstlucia.com/hls/dbstv_main.m3u8,,,,DBSTV.lc@SD,,,,https://i.ibb.co/JW1n9Fs/Screenshot-20230804-135924.jpg,General,1920x1080,iptv-org-all.txt,601,200,成功,h264,1920x1080,29.97002997002997,有音频,0.627
DD Uttarakhand (720p),https://cdn.pishow.tv/ott/live/17/master.m3u8,,,,DDUttarakhand.in@SD,,,,https://dtil.tmsimg.com/assets/s142809_ld_h15_aa.png?lock=720x540,General,424x240,iptv-org-all.txt,755,200,成功,h264,424x240,25.0,有音频,10.544
Delta TV,https://st.deltaboliviainstitucion.org:3778/hybrid/play.m3u8,,,,DeltaTV.bo@SD,,,,https://i.imgur.com/FcciYMD.png,General,640x352,iptv-org-all.txt,2237,200,成功,h264,640x352,23.976023976023978,有音频,1.469
Fabulosa Estereo 100.5 FM (720p),https://www.streaming507.net:19360/videofabulosa/videofabulosa.m3u8,,,,FabulosaEstereo1005FM.pa@SD,,,,https://i.imgur.com/YFmzkOp.png,Music,854x480,iptv-org-all.txt,1119,200,成功,h264,854x480,30.0,有音频,8.511
Cool FM 98.9 (720p),https://live2.tensila.com/cool-v-1.arubara/hls/master.m3u8,,,,CoolFM989.aw@SD,,,,https://i.imgur.com/uGE6lZ2.png,Music,1920x1080,iptv-org-all.txt,1872,200,成功,h264,1920x1080,30.0,有音频,1.481
CMTV (720p),https://cdn3.wowza.com/5/UWpORHhLSEs5SkJs/costamesa/G0075_002/playlist.m3u8,,,,CMTV.us@SD,,,,https://i.imgur.com/73LKwAK.png,General,1280x720,iptv-org-all.txt,467,200,成功,h264,1280x720,25.0,有音频,2.865
Colors Cineplex (576p),https://raw.githubusercontent.com/amazeyourself/adaptive-streams/refs/heads/main/streams/gb/YuppTV/ColorsCineplexUK.m3u8,,,,ColorsCineplex.in@SD,,,,https://xstreamcp-assets-msp.streamready.in/assets/LIVETV/LIVECHANNEL/LIVETV_LIVETVCHANNEL_COLORS_CINEPLEX/images/LOGO_HD/image.png,Movies,704x396,iptv-org-all.txt,52,200,成功,h264,704x396,25.0,有音频,1.205
Dong Nai TV 2 (720p),https://vtvgolive-ott3.vtvdigital.vn/live/dongnai2tv/chunklist_2.m3u8,,,,DongNaiTV2.vn@SD,,,,https://i.imgur.com/tNKPSkO.png,Entertainment;Sports,1280x720,iptv-org-all.txt,2377,200,成功,h264,1280x720,25.0,有音频,4.853
FailArmy Italy,https://failarmy-international-it.samsung.wurl.tv/playlist.m3u8,,,,FailArmy.us@Italy,,,,https://i.imgur.com/VIpQJxL.png,Comedy,1280x720,iptv-org-all.txt,773,200,成功,h264,1280x720,29.97002997002997,有音频,1.300
En Linea Maule (720p),https://v2.tustreaming.cl/enlineamauletv/index.m3u8,,,,EnLineaMaule.cl@SD,,,,https://enlineamaule.cl/wp-content/uploads/2025/08/En-linea-Maule841351465.png,General,1280x720,iptv-org-all.txt,154,200,成功,h264,1280x720,30.0,有音频,3.596
DTV Oss & Bernheze (1080p),https://rrr.sz.xlcdn.com/?account=dtvmaasland&file=dtv1&output=playlist.m3u8&protocol=https&service=wowza&type=live,,,,DTVOssBernheze.nl@SD,,,,https://i.imgur.com/JL1f9Tx.png,General,1920x1080,iptv-org-all.txt,3606,200,成功,h264,1920x1080,30.0,无音频,3.133
Eslah TV (720p),https://eslahtvhls.wns.live/hls/stream.m3u8,,,,EslahTV.af@SD,,,,https://i.imgur.com/To7VnsA.png,Religious,1280x720,iptv-org-all.txt,1639,200,成功,h264,1280x720,25.0,有音频,2.034
Euronews Georgia,http://nue01-edge01.itdc.ge/euronewsgeorgia/mpegts,,,,EuronewsGeorgia.ge@SD,,,,https://i.imgur.com/VNJ4soR.png,News,1920x1080,iptv-org-all.txt,2264,200,成功,h264,1920x1080,25.0,有音频,5.284
Empenos a lo bestia,https://jmp2.uk/plu-60218baa464ef900073168c1.m3u8,,,,Empenosalobestia.us@Spain,,,,https://i.imgur.com/EOttSdW.png,Series,1280x720,iptv-org-all.txt,714,200,成功,h264,1280x720,30.0,有音频,1.351
Epic Music (576p),https://mumt04.tangotv.in/m18aqlK4EPICMUSIC/index.m3u8,,,,EpicMusic.in@SD,,,,https://xstreamcp-assets-msp.streamready.in/assets/LIVETV/LIVECHANNEL/LIVETV_LIVETVCHANNEL_SHOWBOX/images/LOGO_HD/image.png,Music,1280x720,iptv-org-all.txt,1990,200,成功,h264,1280x720,25.0,有音频,5.572
Dotto TV (1080p),https://live.dottotv.ro/index.m3u8,,,,DottoTV.ro@SD,,,,https://i.imgur.com/pfs882Z.png,News,1920x1080,iptv-org-all.txt,2390,200,成功,h264,1920x1080,50.0,有音频,4.020
Everybody Hates Chris DK,https://jmp2.uk/plu-63a1cab19ab2df0007bf1c8b.m3u8,,,,EverybodyHatesChris.se@DK,,,,https://images.pluto.tv/channels/63a1cab19ab2df0007bf1c8b/colorLogoPNG.png,Comedy,1216x684,iptv-org-all.txt,883,200,成功,h264,1216x684,30.0,有音频,2.766
Dove Channel (1080p),https://linear-896.frequency.stream/dist/cineverse/896/hls/master/playlist.m3u8,,,,DoveChannel.us@SD,,,,,Family,384x216,iptv-org-all.txt,2096,200,成功,h264,384x216,29.97002997002997,有音频,1.584
Disney Channel (United States) (720p) [Geo-blocked],http://212.5.144.156/disney/index.m3u8,,,,DisneyChannel.us@East,,,,https://upload.wikimedia.org/wikipedia/commons/thumb/f/ff/2024_Disney_Channel_text_logo.svg/960px-2024_Disney_Channel_text_logo.svg.png,Kids,1280x720,iptv-org-all.txt,284,200,成功,hevc,1280x720,25.0,有音频,1.340
DMF (1080p) [Not 24/7],https://d-m-f.iptv-playoutcenter.de/dmf/dmf1/playlist.m3u8,,,,DMF.de@SD,,,,https://i.imgur.com/sJaBU7X.jpeg,Music,1920x1080,iptv-org-all.txt,1511,200,成功,h264,1920x1080,25.0,有音频,8.365
EBS Musika (720p),https://rpn.bozztv.com/ebstv/ebsmusika/index.m3u8,,,,EBSMusika.us@SD,,,,https://i.imgur.com/lSpplhD.png,Music,1280x720,iptv-org-all.txt,499,200,成功,h264,1280x720,29.97002997002997,有音频,1.063
El Trece Internacional Latin America (1080p),http://200.7.99.59:8000/play/a0gm/index.m3u8,,,,ElTreceInternacionalLatinAmerica.ar@SD,,,,https://i.imgur.com/Vo6prbh.png,General,720x480,iptv-org-all.txt,188,200,成功,h264,720x480,59.94005994005994,有音频,0.804
Domashnie Zhivotnye (576p),https://stream8.cinerama.uz/1426/tracks-v1a1/mono.m3u8,,,,DomashnieZhivotnye.ru@SD,,,,https://i.imgur.com/ISJzQGP.png,Lifestyle,900x720,iptv-org-all.txt,185,200,成功,h264,900x720,25.0,有音频,4.651
Den gule sofa med Allan Sindberg,https://jmp2.uk/plu-66b22714d512590008c3d573.m3u8,,,,DengulesofamedAllanSindberg.se@DK,,,,https://images.pluto.tv/channels/66b22714d512590008c3d573/colorLogoPNG.png,Entertainment,,iptv-org-all.txt,57,200,成功,h264,,,有音频,1.711
ETV Plus (396p),https://yupplivegcpusa.yuppcdn.net/100823/smil:etvplus.smil/playlist.m3u8?hdnts=st=1735898689~exp=1835898688~acl=*~hmac=f5fe24724fe05481e3841f9eb5ab8efdee0a3dd83645ae9dcf45703f525bab7b,,,,ETVPlus.in@SD,,,,https://xstreamcp-assets-msp.streamready.in/assets/LIVETV/LIVECHANNEL/LIVETV_LIVETVCHANNEL_ETV_PLUS/images/LOGO_HD/image.png,Entertainment,704x396,iptv-org-all.txt,21,200,成功,h264,704x396,25.0,有音频,1.082
DTV Maashorst (1080p),https://rrr.sz.xlcdn.com/?account=dtvmaasland&file=dtv3&output=playlist.m3u8&protocol=https&service=wowza&type=live,,,,DTVMaashorst.nl@SD,,,,https://i.imgur.com/5WaCCAC.png,General,1920x1080,iptv-org-all.txt,3812,200,成功,h264,1920x1080,30.0,无音频,2.739
Deal or No Deal (1080p),https://amg00627-banijaygroup-dealornodeal-samsungau-si7xg.amagi.tv/playlist/amg00627-banijaygroup-dealornodeal-samsungau/playlist.m3u8,,,,DealorNoDeal.us@SD,,,,https://i.imgur.com/lZvNXA1.png,Series,1920x1080,iptv-org-all.txt,1569,200,成功,h264,1920x1080,25.0,有音频,3.495
ETB 1 (1080p) [Geo-blocked],https://cdn1.etbon.eus/etb1/index.m3u8,,,,ETB1.es@SD,,,,https://upload.wikimedia.org/wikipedia/commons/thumb/f/f4/ETB1_2022_logo.svg/960px-ETB1_2022_logo.svg.png,General;Public,640x360,iptv-org-all.txt,873,200,成功,h264,640x360,25.0,有音频,2.282
DLTV 9 (1080p),https://cdn-live.dltv.ac.th/dltv09.m3u8,,,,DLTV9.th@SD,,,,https://i.imgur.com/yPeSAry.png,Education,1920x1080,iptv-org-all.txt,802,200,成功,h264,1920x1080,25.0,有音频,6.469
Da Nang TV2 (1080p) [Not 24/7],https://live.mediatech.vn/live/2859145290d0d7947ef88b6240123b62474/chunklist.m3u8,,,,DaNangTV2.vn@SD,,,,,General,1920x1080,iptv-org-all.txt,3266,200,成功,h264,1920x1080,30.0,有音频,4.200
CVR News (576p),https://mumbai-edge.smartplaytv.in/CVRNews/index.m3u8,,,,CVRNews.in@SD,,,,https://xstreamcp-assets-msp.streamready.in/assets/LIVETV/LIVECHANNEL/LIVETV_LIVETVCHANNEL_CVR_NEWS/images/LOGO_HD/LOGO_HD_image.png,News,1920x1080,iptv-org-all.txt,242,200,成功,h264,1920x1080,25.0,有音频,6.387
El Watania 2 (1080p),https://sw1.tanitweb.net/TunisiaTV/_definst_/watania2/playlist.m3u8?DVR,,,,ElWatania2.tn@SD,,,,https://i.imgur.com/kgkrD3V.png,General,1280x720,iptv-org-all.txt,4012,200,成功,h264,1280x720,25.0,有音频,14.018
DCC: Making the Team,https://jmp2.uk/plu-5d40855b3fb0855028c99b6f.m3u8,,,,DCCMakingtheTeam.us@SD,,,,https://images.pluto.tv/channels/5d40855b3fb0855028c99b6f/colorLogoPNG.png,Entertainment,1216x684,iptv-org-all.txt,297,200,成功,h264,1216x684,30.0,有音频,1.038
Divya Darshan TV (720p),http://live.divyadarshantv.com/hls/stream.m3u8,,,,DivyaDarshanTV.np@SD,,,,https://i.imgur.com/EwDQ12F.png,Religious,1280x720,iptv-org-all.txt,2339,200,成功,h264,1280x720,30.0,有音频,2.106
Dunya News (720p) [Not 24/7],https://imob.dunyanews.tv/livehd/ngrp:dunyalivehd_2_all/playlist.m3u8,,,,DunyaNews.pk@SD,,,,https://i.imgur.com/1PbtW0y.png,News,284x160,iptv-org-all.txt,1382,200,成功,h264,284x160,25.0,有音频,6.518
Entuno TV (1080p) [Not 24/7],https://soportedvb.click:3442/live/entunotvlive.m3u8,,,,EntunoTV.do@HD,,,,https://imgur.com/U9OsybQ.jpg,General,1280x720,iptv-org-all.txt,1639,200,成功,h264,1280x720,29.97002997002997,有音频,2.898
ETV Manisa (1080p) [Not 24/7],https://edge1.socialsmart.tv/manisaetv/bant1/playlist.m3u8,,,,ETVManisa.tr@SD,,,,https://i.ibb.co/QKXtdkz/sOd3INg.png,Undefined,1920x1080,iptv-org-all.txt,799,200,成功,h264,1920x1080,25.0,有音频,4.827
CRTV (Chile) (720p),https://stmv2.voxtvhd.com.br/crtvchile/crtvchile/playlist.m3u8,,,,CRTV.cl@SD,,,,https://i2.paste.pics/bf68b159547597c39574aec9dd7c626a.png,Sports,1280x720,iptv-org-all.txt,139,200,成功,h264,1280x720,25.0,有音频,1.121
DUST (1080p),https://dqi7ayt2o24fn.cloudfront.net/playlist.m3u8,,,,DUST.us@SD,,,,https://i.imgur.com/FxYhME9.png,Movies,384x216,iptv-org-all.txt,199,200,成功,h264,384x216,29.97002997002997,有音频,2.821
Dhamma TV (720p) [Not 24/7],https://b.webcache.maxindo.net.id/dhamma/dhamma.m3u8,,,,DhammaTV.id@SD,,,,https://dhammaweb.tv/wp-content/uploads/2018/08/cropped-dhammatv-3.png,Religious,1280x720,iptv-org-all.txt,1046,200,成功,h264,1280x720,30.0,有音频,4.552
Deniz Postasi TV (720p) [Not 24/7],https://live.artidijitalmedya.com/artidijital_denizpostasi/denizpostasi/playlist.m3u8,,,,DenizPostasiTV.tr@SD,,,,https://i.imgur.com/Mm8hdfx.png,General,1280x720,iptv-org-all.txt,940,200,成功,h264,1280x720,25.0,有音频,5.010
ENT Channel (720p),https://cdn.global.elektamedia.com/live/c7eds/ENT_Channel/SA_LIVE_hls_enc/master.m3u8,,,,ENTChannel.uk@HD,,,,https://static.elektamedia.com/ch/entch.png,Entertainment,1920x1080,iptv-org-all.txt,3257,200,成功,h264,1920x1080,30.0,有音频,0.897
Electric Now (720p),https://amg01705-amg01705c1-amgplt0095.playout.now3.amagi.tv/playlist.m3u8,,,,ElectricNow.us@SD,,,,https://provider-static.plex.tv/epg/cms/production/7685b801-1ef6-4098-947a-4ccada912e33/Electric_Now_Logo_For_Dark_Background_EN.png,Entertainment,1920x1080,iptv-org-all.txt,707,200,成功,h264,1920x1080,29.97002997002997,有音频,1.725
EBS HD (1080p),https://rpn.bozztv.com/ebstv/ebstv/index.m3u8,,,,EBS.us@HD,,,,https://i.imgur.com/zqbK2IB.png,Culture,1920x1080,iptv-org-all.txt,510,200,成功,h264,1920x1080,30.0,有音频,1.270
DD Yadagiri (576p),https://cdn.pishow.tv/ott/live/21/master.m3u8,,,,DDYadagiri.in@SD,,,,https://xstreamcp-assets-msp.streamready.in/assets/LIVETV/LIVECHANNEL/LIVETV_LIVETVCHANNEL_DD_YADAGIRI/images/LOGO_HD/image.png,General,424x240,iptv-org-all.txt,726,200,成功,h264,424x240,25.0,有音频,9.707
El Toro TV (720p),https://streaming-1.eltorotv.com/lb0/eltorotv-streaming-web/index.m3u8,,,,ElToroTV.es@SD,,,,https://upload.wikimedia.org/wikipedia/commons/9/93/Eltorotv.png,General,1920x1080,iptv-org-all.txt,2036,200,成功,h264,1920x1080,25.0,有音频,4.091
Estacion TV (720p),https://unlimited1-cl-isp.dps.live/supersonikatv/supersonikatv.smil/playlist.m3u8,,,,EstacionTV.cl@SD,,,,https://i.imgur.com/eICyrPP.png,Undefined,1280x720,iptv-org-all.txt,180,200,成功,h264,1280x720,30.0,有音频,6.751
Disney Junior (India) (576p),http://51.75.127.199:3141/disneyjunior/index.m3u8,,,,DisneyJunior.in@SD,,,,https://xstreamcp-assets-msp.streamready.in/assets/LIVETV/LIVECHANNEL/LIVETV_LIVETVCHANNEL_DISNEY_JUNIOR/images/LOGO_HD/image.png,Kids,1024x576,iptv-org-all.txt,240,200,成功,h264,1024x576,25.0,有音频,2.831
EBS Cinema (720p),https://rpn.bozztv.com/ebstv/ebscinema/index.m3u8,,,,EBSCinema.us@SD,,,,https://i.imgur.com/fewPTFE.png,Movies,1280x720,iptv-org-all.txt,513,200,成功,h264,1280x720,30.0,有音频,1.044
Fairuz (1080p),https://shd-amg-fast.edgenextcdn.net/tx029/playlist.m3u8,,,,Fairuz.sa@HD,,,,https://shahid.mbc.net/mediaObject/f809d51c-e83d-43c9-8236-78731c2216ad?type=png,Music,256x144,iptv-org-all.txt,1351,200,成功,h264,256x144,25.0,有音频,8.530
CNews (1080p),https://raw.githubusercontent.com/Paradise-91/ParaTV/main/streams/canalplus/cnews-dm.m3u8,,,,CNews.fr@SD,,,,https://i.imgur.com/sSNhk2g.png,News,1920x1080,iptv-org-all.txt,1211,200,成功,h264,1920x1080,50.0,有音频,4.615
Evrokino HD (1080p),http://stream.mcquack.net/385/index.m3u8,,,,Evrokino.ru@HD,,,,https://i.imgur.com/8LPtPf6.png,Movies,1920x1080,iptv-org-all.txt,167,200,成功,h264,1920x1080,25.0,有音频,2.027
Discover Pakistan (1080p),https://livecdn.live247stream.com/discoverpakistan/web/playlist.m3u8,,,,DiscoverPakistan.pk@SD,,,,https://i.imgur.com/IJH47fJ.png,Travel,640x360,iptv-org-all.txt,1972,200,成功,h264,640x360,29.97002997002997,有音频,6.534
Emporda TV (1080p),https://video3.lhdserver.es/empordatv2/live.m3u8,,,,EmpordaTV.es@SD,,,,https://i.imgur.com/jc0lUbX.png,General,1920x1080,iptv-org-all.txt,679,200,成功,h264,1920x1080,25.0,有音频,2.549
Domashniy (576p),http://stream.mcquack.net/227/index.m3u8,,,,Domashniy.ru@SD,,,,https://i.imgur.com/XVRwgom.png,Lifestyle,1920x1080,iptv-org-all.txt,177,200,成功,h264,1920x1080,25.0,有音频,2.124
CMB Television (1080p),https://cdn1.cmbcolombia.tv/bethesda/video.m3u8,,,,CMBTelevision.co@SD,,,,https://i.imgur.com/akGKPsk.png,Religious,1920x1080,iptv-org-all.txt,515,200,成功,h264,1920x1080,30.0,有音频,0.932
DerryTV 17 (720p),https://livestream.telvue.com/derrynh1/f7b44cfafd5c52223d5498196c8a2e7b.sdp/playlist.m3u8,,,,DerryTV17.us@SD,,,,https://i.imgur.com/MRR6UL3.png,Legislative,416x234,iptv-org-all.txt,189,200,成功,h264,416x234,29.97002997002997,有音频,3.916
ENT Family (720p),https://cdn.global.elektamedia.com/live/c7eds/ENT_Family/SA_LIVE_hls_enc/master.m3u8,,,,ENTFamily.uk@HD,,,,https://static.elektamedia.com/ch/entf.png,Entertainment,1920x1080,iptv-org-all.txt,3285,200,成功,h264,1920x1080,30.0,有音频,0.801
Clubbing TV UK (720p),https://a-cdn.klowdtv.com/live3/clubbingtv_720p/playlist.m3u8,,,,ClubbingTV.us@UK,,,,https://i.imgur.com/MyiA92q.png,Music,1280x720,iptv-org-all.txt,334,200,成功,h264,1280x720,50.0,有音频,1.022
DCH TV (1080p),https://v2.tustreaming.cl/dchtv/index.m3u8,,,,DCHTV.cl@SD,,,,https://i.imgur.com/65Xk6oI.png,General,1280x720,iptv-org-all.txt,155,200,成功,h264,1280x720,30.0,有音频,3.546
Ekushey TV (480p),https://ekusheyserver.com/etvlivesn.m3u8,,,,EkusheyTV.bd@SD,,,,https://i.imgur.com/lRpkGHj.png,News,1920x1080,iptv-org-all.txt,2459,200,成功,h264,1920x1080,25.0,有音频,18.681
Eclipse TV (720p),https://vdo6.instainternet.com:3272/live/jobetalborezlive.m3u8,,,,EclipseTV.mx@SD,,,,https://i.imgur.com/GiDD8xG.jpg,General,1280x720,iptv-org-all.txt,1994,200,成功,h264,1280x720,23.976023976023978,有音频,1.132
Da Nang TV 1 (1080p) [Not 24/7],https://live.mediatech.vn/live/285b59a111d76974225a8e3004bfc31a509/chunklist.m3u8,,,,DaNangTV1.vn@SD,,,,https://i.imgur.com/EOMuO1z.png,General,1920x1080,iptv-org-all.txt,3461,200,成功,h264,1920x1080,30.0,有音频,1.563
Ellinikos FM (720p),https://rtmp.win:3603/live/ellinikosfmlive.m3u8,,,,EllinikosFM.gr@SD,,,,https://i.ibb.co/y0ydCNB/unnamed-4.png,Music,1280x720,iptv-org-all.txt,739,200,成功,h264,1280x720,29.97002997002997,有音频,2.621
Discovering China (1080p),https://fastlive.cctvplus.com/out/v1/8442c3bfd4c64a3984389328f6087879/index.m3u8,,,,DiscoveringChina.cn@SD,,,,https://i.imgur.com/wr2bLaA.png,Culture;Documentary,640x360,iptv-org-all.txt,1967,200,成功,h264,640x360,29.97002997002997,有音频,2.382
CSI (United States),https://jmp2.uk/plu-5efbd29e4aa26700076c0d06.m3u8,,,,CSI.us@SD,,,,https://i.imgur.com/xLLNEfA.png,Series,1280x720,iptv-org-all.txt,905,200,成功,h264,1280x720,30.0,有音频,2.900
CNA Originals (1080p),https://amg01082-cna-amg01082c1-rlaxx-us-11304.playouts.now.amagi.tv/playlist.m3u8,,,,CNAOriginals.sg@SD,,,,https://upload.wikimedia.org/wikipedia/commons/thumb/8/83/CNA_new_logo.svg/500px-CNA_new_logo.svg.png,Documentary,426x240,iptv-org-all.txt,1884,200,成功,h264,426x240,29.97002997002997,有音频,3.871
Comedy Central en Espanol,https://jmp2.uk/plu-5cf96dad1652631e36d43320.m3u8,,,,ComedyCentralenEspanol.us@SD,,,,https://i.imgur.com/6xTD3G8.png,Comedy,1216x684,iptv-org-all.txt,354,200,成功,h264,1216x684,30.0,有音频,1.114
CVTV Channel 192 (1080p),https://livestream.telvue.com/cvtv2/f7b44cfafd5c52223d5498196c8a2e7b.sdp/playlist.m3u8,,,,CVTVChannel192.us@SD,,,,https://i.imgur.com/loGNYCc.png,General,416x234,iptv-org-all.txt,67,200,成功,h264,416x234,29.97002997002997,有音频,5.255
Diagnosis Murder,https://jmp2.uk/plu-668bf9be0642e5000815102d.m3u8,,,,DiagnosisMurder.se@SE,,,,https://images.pluto.tv/channels/668bf7dd74f5ec000817e6d1/colorLogoPNG.png,Classic;Series,1216x684,iptv-org-all.txt,58,200,成功,h264,1216x684,30.0,有音频,2.257
Dhamaal (576p),http://107.167.16.138/dhamaal/index.m3u8?token=test,,,,Dhamaal.in@SD,,,,https://jiotvimages.cdn.jio.com/dare_images/images/Dhamaal_TV.png,Music,720x576,iptv-org-all.txt,272,200,成功,h264,720x576,25.0,有音频,0.710
Classic TV: Families CA,https://jmp2.uk/plu-62e91af00c43540007f2bb43.m3u8,,,,ClassicTVFamilies.us@CA,,,,https://images.pluto.tv/channels/62e91af00c43540007f2bb43/colorLogoPNG.png,Classic,1280x720,iptv-org-all.txt,79,200,成功,h264,1280x720,30.0,有音频,1.379
Costa Rica Channel (576p) [Not 24/7],https://video0.rogohosting.com:19360/8006/8006.m3u8,,,,CostaRicaChannel.cr@SD,,,,https://i.imgur.com/N4pFVVF.png,Culture;Travel,1920x1080,iptv-org-all.txt,1473,200,成功,h264,1920x1080,25.0,有音频,1.179
Der TV,https://stream.berosat.live/hls/der-tv/der-tv.m3u8,,,,DerTV.uk@SD,,,,https://raw.githubusercontent.com/songwenhui239/Songwenhui239/refs/heads/main/Der%20TV.jpeg,General,1280x720,iptv-org-all.txt,387,200,成功,h264,1280x720,29.97002997002997,有音频,2.896
CityTV 20 Santa Monica (360p) [Not 24/7],https://cdn3.wowza.com/5/bGZUOHp2TnhudnM2/santamonica/G0039_002/playlist.m3u8,,,,CityTV20SantaMonica.us@SD,,,,https://i.imgur.com/NY4fOLy.png,Legislative,480x360,iptv-org-all.txt,201,200,成功,h264,480x360,25.0,有音频,1.260
ETB2 On (1080p),https://cdn1.etbon.eus/etb2on/index.m3u8,,,,ETB2On.es@HD,,,,https://upload.wikimedia.org/wikipedia/commons/f/f5/Logo_ETB2_On_2026.svg,Entertainment,640x360,iptv-org-all.txt,390,200,成功,h264,640x360,25.0,有音频,2.882
Cristo Vision Canal 31,https://3a310f6ec721e6b362fcd22772b57f36a2fe6bb2.tabeelcr.com:8080/cristovision31/iptv.m3u8,,,,CristoVisionCanal31.cr@SD,,,,https://i.imgur.com/CFXZ8j0.png,Religious,1280x720,iptv-org-all.txt,692,200,成功,h264,1280x720,29.97002997002997,有音频,2.244
EWTN Ukraine (1080p),https://cdn3.wowza.com/1/WjduMm1tYnlwNXQx/M01NV3Uz/hls/live/playlist.m3u8,,,,EWTNUkraine.ua@SD,,,,,Religious,,iptv-org-all.txt,371,200,成功,h264,,,有音频,7.854
CNC Valledupar (720p),https://live20.bozztv.com/akamaissh101/ssh101/cncvalledupar1/playlist.m3u8,,,,CNCValledupar.co@SD,,,,https://i.imgur.com/y5N6PCg.jpg,General,1280x720,iptv-org-all.txt,33,503,成功,h264,1280x720,29.97002997002997,有音频,1.017
Disco Polo Music (1080p),http://185.227.34.179:8080/disco-polo-music/index.m3u8,,,,DiscoPoloMusic.pl@SD,,,,https://i.imgur.com/ZZbuTv7.png,Music,1920x1080,iptv-org-all.txt,230,200,成功,h264,1920x1080,25.0,有音频,2.601
Digital Vision 63 (720p) [Geo-blocked],https://ss2.tvrdomi.com:1936/digitalvision/digitalvision/playlist.m3u8,,,,DigitalVision63.do@SD,,,,https://i.imgur.com/FQkLIMR.png,General,1280x720,iptv-org-all.txt,553,200,成功,h264,1280x720,29.97002997002997,有音频,1.588
Disney Junior (Poland) (576p),http://57.128.231.171:8080/277/index.m3u8,,,,DisneyJunior.pl@SD,,,,https://upload.wikimedia.org/wikipedia/commons/e/e3/2024_Disney_Jr._Logo.svg,Kids,1024x576,iptv-org-all.txt,129,200,成功,h264,1024x576,50.0,有音频,1.388
DAAI TV,https://pull.daaiplus.com/live-DAAIPLUS/live-DAAIPLUS_HD.m3u8,,,,DAAITV.id@SD,,,,https://i.imgur.com/YC7JCHo.png,Religious,1280x720,iptv-org-all.txt,2572,200,成功,h264,1280x720,,有音频,2.577
Disney Channel Latin America Center (1080p),http://181.78.8.199:8000/play/a0dn/index.m3u8,,,,DisneyChannelLatinAmerica.ar@Center,,,,https://upload.wikimedia.org/wikipedia/commons/f/ff/2024_Disney_Channel_text_logo.svg,Animation;Kids,1920x1080,iptv-org-all.txt,270,200,成功,h264,1920x1080,30.0,有音频,2.859
Cool Channel,https://live-iptv.cool-channel.com/cool/live-720P.m3u8,,,,CoolChannel.th@SD,,,,https://i.imgur.com/MU4E0A7.png,Undefined,1280x720,iptv-org-all.txt,2777,200,成功,h264,1280x720,25.0,有音频,5.146
Fala Litoral (480p),https://5c483b9d1019c.streamlock.net/falalitoraltv/falalitoraltv/playlist.m3u8,,,,FalaLitoral.br@SD,,,,https://i.imgur.com/NF6PL8O.png,General,640x360,iptv-org-all.txt,646,200,成功,h264,640x360,24.0,有音频,1.266
Divyavani TV (576p),https://mumbai-edge.smartplaytv.in/Divyavani/index.m3u8,,,,DivyavaniTV.in@SD,,,,https://jiotvimages.cdn.jio.com/dare_images/images/Divya_Vani.png,Religious,1280x720,iptv-org-all.txt,243,200,成功,h264,1280x720,25.0,有音频,6.172
Disney Channel Latin America Mexico (720p),http://45.166.93.156:9999/play/a0f3/index.m3u8,,,,DisneyChannelLatinAmerica.ar@Mexico,,,,https://upload.wikimedia.org/wikipedia/commons/f/ff/2024_Disney_Channel_text_logo.svg,Animation;Kids,544x480,iptv-org-all.txt,142,200,成功,h264,544x480,29.97002997002997,有音频,0.677
City TV Carlsbad (720p),https://edge-f.swagit.com/live/carlsbadca/live-3-a-1/playlist.m3u8,,,,CityTVCarlsbad.us@SD,,,,https://i.imgur.com/G6h8efT.png,General,1280x720,iptv-org-all.txt,1307,200,成功,h264,1280x720,29.97002997002997,有音频,0.576
Cristovision (720p),https://5fc584f3f19c9.streamlock.net/cristovision/videocristovision/playlist.m3u8,,,,Cristovision.co@SD,,,,https://i.imgur.com/XIhCUY9.png,Religious,1152x720,iptv-org-all.txt,609,200,成功,h264,1152x720,30.0,有音频,1.677
El Camino TV (480p),https://5d32e2b9b7eed.streamlock.net:4443/ectv/ectv/playlist.m3u8,,,,ElCaminoTV.sv@SD,,,,https://i.imgur.com/ZSktjGB.png,Religious,1280x720,iptv-org-all.txt,2081,200,成功,h264,1280x720,30.0,有音频,0.752
Extra 86 TV (720p) [Not 24/7],https://video-eu1.streamerr.co/hls/sb77f834a54/live.m3u8,,,,Extra86TV.do@HD,,,,https://www.vivalivetv.com/public/files/shows/0/1/3780-294x165-FFFFFF.jpg,General,1280x720,iptv-org-all.txt,992,200,成功,h264,1280x720,29.97002997002997,有音频,3.062
DD Himachal Pradesh (504p),https://d3qs3d2rkhfqrt.cloudfront.net/out/v1/afd2e335b0ba40eb9bdf1096118c6ede/index.m3u8,,,,DDHimachalPradesh.in@SD,,,,https://dtil.tmsimg.com/assets/s142785_ld_h9_aa.png?lock=720x540,General,896x504,iptv-org-all.txt,260,200,成功,h264,896x504,25.0,有音频,3.589
Dodoma TV (360p) [Not 24/7],https://goliveafrica.media:9998/live/625965017ed69/index.m3u8,,,,DodomaTV.tz@SD,,,,https://i.imgur.com/bLq9eFa.png,General,1280x720,iptv-org-all.txt,21,200,成功,h264,1280x720,29.97002997002997,有音频,2.634
DW Russian (1080p),https://dwamdstream110.akamaized.net/hls/live/2017971/dwstream110/master.m3u8,,,,DW.de@Russian,,,,https://i.imgur.com/8MRNFb9.png,News,1920x1080,iptv-org-all.txt,1082,200,成功,h264,1920x1080,50.0,有音频,16.116
City TV Channel 3/41 (360p),https://edge-f.swagit.com/live/chinohillsca/live-1-a/playlist.m3u8,,,,CityTVChannel341.us@SD,,,,https://i.imgur.com/L0vaDea.png,Legislative,1920x1080,iptv-org-all.txt,1031,200,成功,h264,1920x1080,30.0,有音频,0.517
Dunya News UK (720p) [Not 24/7],https://ukintl.dunyanews.tv/liveuk/ngrp:dunyalive_all/playlist.m3u8,,,,DunyaNewsUK.uk@SD,,,,https://i.imgur.com/dtrTfZC.png,News,284x160,iptv-org-all.txt,1312,200,成功,h264,284x160,25.0,有音频,6.658
Euronews English HD,https://dash4.antik.sk/live/test_euronews/playlist.m3u8,,,,EuronewsEnglish.fr@HD,,,,https://jiotvimages.cdn.jio.com/dare_images/images/Euro_News.png,News,1920x1080,iptv-org-all.txt,2137,200,成功,h264,1920x1080,25.0,有音频,2.049
eldo.TV (1080p),https://stream.eldo.lu/data/live/tele/eldotv/1080p.m3u8,,,,eldoTV.lu@SD,,,,https://i.imgur.com/vCMQLlt.png,Entertainment,1920x1080,iptv-org-all.txt,993,200,成功,h264,1920x1080,25.0,有音频,1.103
EPA! TV (720p),https://live-evg10.tv360.bitel.com.pe/bitel/epatv/playlist.m3u8,,,,EPATV.cl@SD,,,,https://cdn.m3u.cl/logo/1649_EPA__TV.png,General,1280x720,iptv-org-all.txt,3091,200,成功,h264,1280x720,50.0,有音频,1.971
DLTV 10 (1080p),https://cdn-live.dltv.ac.th/dltv10.m3u8,,,,DLTV10.th@SD,,,,https://i.imgur.com/TgN81Zr.png,Education,1920x1080,iptv-org-all.txt,763,200,成功,h264,1920x1080,25.0,有音频,5.978
DellaTV (720p),https://live20.bozztv.com/giatvplayout7/giatv-211474/playlist.m3u8,,,,DellaTV.it@HD,,,,https://i.imgur.com/6lvQ3Xz.png,General,1280x720,iptv-org-all.txt,47,200,成功,h264,1280x720,23.976023976023978,有音频,0.933
Classic Cinema (240p) [Not 24/7],https://rpn.bozztv.com/gusa/gusa-classiccinema/index.m3u8,,,,ClassicCinema.us@SD,,,,https://i.imgur.com/FJoPnTb.png,Movies,320x240,iptv-org-all.txt,36,200,成功,h264,320x240,29.97002997002997,有音频,2.021
Ecovision (720p),https://streaming.grupomediosdelnorte.com:19360/ecovision/ecovision.m3u8,,,,Ecovision.do@SD,,,,https://imgur.com/Y4ahiYu.png,Documentary,1280x720,iptv-org-all.txt,1498,200,成功,h264,1280x720,30.0,有音频,1.211
EWTN (United States) (720p) [Geo-blocked],https://cdn3.wowza.com/1/QjRzVXJtVml5SUVx/WGJRSWxz/hls/live/playlist.m3u8,,,,EWTN.us@English,,,,https://play-lh.googleusercontent.com/3716tvZCgzpIt-X1giV8jKwCdC8zwOI4eMUfO_ETWzNX6eGKIi2RiUK9a_fr6BCzjw,Religious,320x180,iptv-org-all.txt,12,200,成功,h264,320x180,29.97002997002997,有音频,1.771
CMAP Channel 20 (720p),https://livestream.telvue.com/cmap5/f7b44cfafd5c52223d5498196c8a2e7b.sdp/playlist.m3u8,,,,CMAPChannel20.us@SD,,,,https://i.imgur.com/wlYUEYc.png,General,1280x720,iptv-org-all.txt,584,200,成功,h264,1280x720,29.97002997002997,有音频,1.984
DD Haryana (504p),https://d2lk5u59tns74c.cloudfront.net/out/v1/950fc69666474351bde0a32b9600c804/index.m3u8,,,,DDHaryana.in@SD,,,,https://ltsk-cdn.s3.eu-west-1.amazonaws.com/jumpstart/Temp_Live/cdn/HLS/Channel/transparentImages/DD-Haryana-Logo_2000_X_1125_Transpharent.png,General,896x504,iptv-org-all.txt,452,200,成功,h264,896x504,25.0,有音频,3.070
DerryTV 23 (720p),https://livestream.telvue.com/derrynh2/f7b44cfafd5c52223d5498196c8a2e7b.sdp/playlist.m3u8,,,,DerryTV23.us@SD,,,,https://i.imgur.com/MRR6UL3.png,Education;General,416x234,iptv-org-all.txt,150,200,成功,h264,416x234,29.97002997002997,有音频,3.649
CMAP Channel 18 (720p),https://livestream.telvue.com/cmap3/f7b44cfafd5c52223d5498196c8a2e7b.sdp/playlist.m3u8,,,,CMAPChannel18.us@SD,,,,https://i.imgur.com/wlYUEYc.png,General,1280x720,iptv-org-all.txt,602,200,成功,h264,1280x720,29.97002997002997,有音频,1.783
El 3 de Conce,https://5ff3d9babae13.streamlock.net/xedkektnqj/xedkektnqj/playlist.m3u8,,,,El3deConce.cl@SD,,,,https://i.imgur.com/KvsrWyE.png,General,1280x720,iptv-org-all.txt,2589,200,成功,h264,1280x720,29.97002997002997,有音频,4.118
CityTV Lakewood (720p),https://dlttx48mxf9m3.cloudfront.net/vod_clients/lakewood/live/ch1/video.m3u8,,,,CityTVLakewood.us@SD,,,,https://i.imgur.com/e1shzv9.png,General,1280x720,iptv-org-all.txt,115,200,成功,h264,1280x720,29.97002997002997,有音频,0.620
De Pelicula Latin America (1080p),http://38.19.41.46:8081/DEPELICULA/index.m3u8,,,,DePeliculaLatinAmerica.mx@SD,,,,https://i.imgur.com/aksM8pa.png,Movies,720x480,iptv-org-all.txt,171,200,成功,h264,720x480,59.94005994005994,有音频,0.782
Epic Music Digital (1080p),https://cc-3cyxq80qusspd.akamaized.net/v1/master/3722c60a815c199d9c0ef36c5b73da68a62b09d1/cc-3cyxq80qusspd/playlist.m3u8,,,,EpicMusic.in@Digital,,,,https://xstreamcp-assets-msp.streamready.in/assets/LIVETV/LIVECHANNEL/LIVETV_LIVETVCHANNEL_SHOWBOX/images/LOGO_HD/image.png,Music,640x360,iptv-org-all.txt,2004,200,成功,h264,640x360,25.0,有音频,7.484
CVC Public (480p),https://dlttx48mxf9m3.cloudfront.net/vod_clients/bolton/live/ch1/video.m3u8,,,,CVCPublic.us@SD,,,,https://i.imgur.com/KiTtkBQ.png,General,1280x720,iptv-org-all.txt,1033,200,成功,h264,1280x720,29.97002997002997,有音频,0.748
CSI: Miami,https://jmp2.uk/plu-62f54c11b3af68000702c304.m3u8,,,,CSIMiami.us@SD,,,,https://images.pluto.tv/channels/63eb9c5351f5d000085e8d7e/colorLogoPNG.png,Series,1216x684,iptv-org-all.txt,580,200,成功,h264,1216x684,30.0,有音频,1.111
District of Columbia Network (1080p),https://video.oct.dc.gov/out/u/DCN.m3u8,,,,DistrictofColumbiaNetwork.us@SD,,,,https://i.imgur.com/GGZ8BQ8.png,Legislative,1920x1080,iptv-org-all.txt,2097,200,成功,h264,1920x1080,29.97002997002997,有音频,2.143
El Sonorense (1080p) [Not 24/7],https://s5.mexside.net:1936/elsonorense/elsonorense/playlist.m3u8,,,,ElSonorense.mx@SD,,,,https://i.imgur.com/aKvPd4g.jpg,Culture,1920x1080,iptv-org-all.txt,674,200,成功,h264,1920x1080,,有音频,1.607
CMAP Channel 19 (720p),https://livestream.telvue.com/cmap4/f7b44cfafd5c52223d5498196c8a2e7b.sdp/playlist.m3u8,,,,CMAPChannel19.us@SD,,,,https://i.imgur.com/wlYUEYc.png,Undefined,1280x720,iptv-org-all.txt,593,200,成功,h264,1280x720,29.97002997002997,有音频,1.371
Colors Cineplex HD (1080p),http://51.75.127.199:3141/colorscineplexhd/index.m3u8,,,,ColorsCineplex.in@HD,,,,https://xstreamcp-assets-msp.streamready.in/assets/LIVETV/LIVECHANNEL/LIVETV_LIVETVCHANNEL_COLORS_CINEPLEX_HD/images/LOGO_HD/image.png,Movies,1920x1080,iptv-org-all.txt,117,200,成功,h264,1920x1080,25.0,有音频,1.224
Conecta TV (720p),https://stream8.mexiserver.com:19360/conectatvx/conectatvx.m3u8,,,,ConectaTV.mx@SD,,,,https://i.imgur.com/qEk0QGa.png,Music,1280x720,iptv-org-all.txt,170,200,成功,h264,1280x720,30.0,有音频,0.912
Disney Channel (Poland) HD (1080p),http://185.227.34.179:8080/disney-channel-hd/index.m3u8,,,,DisneyChannel.pl@HD,,,,https://upload.wikimedia.org/wikipedia/commons/3/3d/2022_Disney_Channel_logo.svg,Kids,1920x1080,iptv-org-all.txt,115,200,成功,h264,1920x1080,25.0,有音频,2.724
E! (Poland) (1080p),http://57.128.231.171:8080/273/index.m3u8,,,,E.pl@SD,,,,https://i.imgur.com/TWFDkap.png,Entertainment,1920x1080,iptv-org-all.txt,128,200,成功,h264,1920x1080,50.0,有音频,1.564
Desi Channel (720p),https://livestream.unlimitedcdn.com/agm-dc/desi-channel/index.m3u8,,,,DesiChannel.in@SD,,,,https://desichannel.in/wp-content/uploads/2025/01/desi-channel.png,Entertainment,1920x1080,iptv-org-all.txt,930,200,成功,h264,1920x1080,29.97002997002997,有音频,3.528
El Gourmet South (1080p),https://iptv.bitred.cl/ELGOURMET_HD/index.m3u8,,,,ElGourmet.ar@South,,,,https://i.imgur.com/ByMyRI9.png,Cooking,1920x1080,iptv-org-all.txt,148,200,成功,h264,1920x1080,29.97002997002997,有音频,3.774
Elektrika TV (1080p),https://rtmp.elektrika.cz/live/myStream.sdp/playlist.m3u8,,,,ElektrikaTV.cz@SD,,,,https://i.imgur.com/OLd5od5.png,Undefined,1920x1080,iptv-org-all.txt,1732,200,成功,h264,1920x1080,30.0,有音频,3.720
Contivision (720p),https://unlimited6-cl.dps.live/cm/cm.smil/playlist.m3u8,,,,Contivision.cl@SD,,,,https://i.imgur.com/Lz2OlKf.png,News,1280x720,iptv-org-all.txt,2707,200,成功,h264,1280x720,29.97002997002997,有音频,4.343
Dokusat (1080p),https://muc3.iptv-playoutcenter.de/dokusat/dokusat1/playlist.m3u8,,,,Dokusat.de@SD,,,,https://i.imgur.com/GadfTwF.png,Documentary,1920x1080,iptv-org-all.txt,1348,200,成功,h264,1920x1080,25.0,有音频,4.682
Euronews French (720p),https://2f6c5bf4.wurl.com/master/f36d25e7e52f1ba8d7e56eb859c636563214f541/UmxheHhUVi1ldV9FdXJvbmV3c0ZyYW5jYWlzX0hMUw/playlist.m3u8,,,,EuronewsFrench.fr@SD,,,,https://i.imgur.com/8t9mdg9.png,News,,iptv-org-all.txt,1985,200,成功,h264,,,有音频,6.482
CNEWS PRIME (1080p),https://raw.githubusercontent.com/Paradise-91/ParaTV/main/streams/canalplus/cnews-prime-dm.m3u8,,,,CNEWSPRIME.fr@HD,,,,https://www.cnews.fr/themes/cnews/img/cnews-prime.png,News,1920x1080,iptv-org-all.txt,982,200,成功,h264,1920x1080,50.0,有音频,3.648
Documentary+ International (1080p),https://1d153317c8db4250b3789601274e2402.mediatailor.us-west-2.amazonaws.com/v1/master/ba62fe743df0fe93366eba3a257d792884136c7f/LINEAR-887-DOCUMENTARYINTERNATIONAL-DOCUMENTARYPLUS/mt/documentaryplus/887/hls/master/playlist.m3u8,,,,DocumentaryPlus.us@International,,,,https://i.imgur.com/x57klfS.png,Documentary,384x216,iptv-org-all.txt,407,200,成功,h264,384x216,29.97002997002997,有音频,3.350
CNBC Bajar (1080p),https://n18syndication.akamaized.net/bpk-tv/CNBC_Bazaar_NW18_MOB/output01/master.m3u8,,,,CNBCBajar.in@SD,,,,https://jiotvimages.cdn.jio.com/dare_images/images/CNBCBajar.png,Business,1920x1080,iptv-org-all.txt,1165,200,成功,h264,1920x1080,25.0,有音频,16.346
ETV Beats (1080p),https://jmp2.uk/stvp-IN4900002RV,,,,ETVBeats.in@HD,,,,https://jiotvimages.cdn.jio.com/dare_images/images/ETVBeats1.png,Music,1920x1080,iptv-org-all.txt,1961,200,成功,h264,1920x1080,25.0,有音频,5.883
EchtJetzt TV (720p),https://bibeltv03.iptv-playoutcenter.de/bibeltv03/bibeltv03.stream_all/playlist.m3u8,,,,EchtJetztTV.de@SD,,,,https://i.ibb.co/ccNRGVj/download-10.png,Religious,1280x720,iptv-org-all.txt,2820,200,成功,h264,1280x720,25.0,有音频,8.783
Epic Kids Digital (1080p),https://cc-t8lqe1o99pszu.akamaized.net/v1/master/3722c60a815c199d9c0ef36c5b73da68a62b09d1/cc-t8lqe1o99pszu/playlist.m3u8,,,,EpicKids.in@Digital,,,,https://xstreamcp-assets-msp.streamready.in/assets/LIVETV/LIVECHANNEL/LIVETV_LIVETVCHANNEL_GUBBARE/images/LOGO_HD/image.png,Kids,,iptv-org-all.txt,2149,200,成功,h264,,,有音频,13.621
Eshragh Network,https://ncdn.telewebion.ir/eshragh/live/playlist.m3u8,,,,EshraghNetwork.ir@SD,,,,https://encrypted-tbn0.gstatic.com/images?q=tbn:ANd9GcR3AM7W8mE877olzjDXmTN_Sxn_cmR_WAlDKPmE62G8E3cJPJwKdRnIa42quYie9z71Lwo&usqp=CAU,General,1920x1080,iptv-org-all.txt,2173,200,成功,h264,1920x1080,30.0,有音频,14.387
