原始名,标准名,分组,是否已维护,本次匹配次数,原分组,原国家分组,原语言分组
[BD]4k南国都市,南国都市4K,4K频道,是,0,,,
[HD]abc,ABC News,国际频道,是,1,,,
[HD]abc news,ABC News,国际频道,是,1,News,,
[HD]abc news live 1,ABC News1,国际频道,是,0,,,
[HD]abc news live 10,ABC News10,国际频道,是,0,,,
[HD]abc news live 2,ABC News2,国际频道,是,0,,,
[HD]abc news live 3,ABC News3,国际频道,是,0,,,
[HD]abc news live 4,ABC News4,国际频道,是,0,,,
[HD]abc news live 5,ABC News5,国际频道,是,0,,,
[HD]abc news live 6,ABC News6,国际频道,是,0,,,
[HD]abc news live 7,ABC News7,国际频道,是,0,,,
[HD]abc news live 8,ABC News8,国际频道,是,0,,,
[HD]abc news live 9,ABC News9,国际频道,是,0,,,
[BD]al jazeera,Al Jazeera,国际频道,是,2,News,,
[BD]al jazeera mubasher,Al Jazeera,国际频道,是,2,,,
[BD]al jazeera mubasher 2,Al Jazeera,国际频道,是,2,,,
[BD]al jazeera mubasher 24,Al Jazeera,国际频道,是,2,News,,
[BD]al jazeera news,Al Jazeera,国际频道,是,2,,,
[HD]bbc,BBC News,国际频道,是,1,,,
[HD]bbc america,BBC News美洲,国际频道,是,1,Entertainment,,
BBC Arabic (720p),BBC波斯语,国际频道（小语种）,是,1,News,,
BBC Drama,Bbc Drama,国际频道,是,1,Series,,
BBC Drama Italy (1080p),BBC Drama意大利语,国际频道（小语种）,是,0,,,
[BD]bbc earth,BBC Earth,国际频道,是,1,,,
[BD]bbc earth us,BBC Earth,国际频道,是,1,Documentary,,
BBC Four/CBeebies (1080p),BBC4,国际频道,是,0,,,
BBC Four UK HD,BBC4,国际频道,是,0,,,
BBC Impossible,BBC Impossible,国际频道,是,0,,,
[BD]bbc news[geo-blocked],BBC News,国际频道,是,1,News,,
[HD]bbc news arabia,BBC News阿语,国际频道（小语种）,是,0,,,
BBC News Asia Pacific (1080p),BBC News亚洲,国际频道,是,0,,,
BBC News Europe,BBC News欧洲,国际频道,是,1,News,,
[HD]bbc news *m[geo-blocked],BBC News,国际频道,是,1,,,
[HD]bbc persian,BBC波斯语,国际频道（小语种）,是,1,,,
[BD]bbc *s[geo-blocked],BBC News,国际频道,是,1,,,
BBC Three/CBBC (1080p),BBC3,国际频道,是,1,,,
BBC Three HD (720p),BBC3,国际频道,是,1,General,,
BBC Top Gear,BBC Top Gear,国际频道,是,0,,,
BBC Top Gear Finland (1080p),BBC Top Gear芬兰语,国际频道（小语种）,是,0,,,
BBC Top Gear France (1080p),BBC Top Gear法语,国际频道（小语种）,是,0,,,
BBC Top Gear Germany (1080p),BBC Top Gear德语,国际频道（小语种）,是,0,,,
BBC Top Gear Italy (1080p),BBC Top Gear意大利语,国际频道（小语种）,是,0,,,
[BD]bbc travel,BBC Travel,国际频道,是,1,Lifestyle,,
BBC Two HD (1080p),BBC2,国际频道,是,0,,,
[BD]bbc world news[geo-blocked],BBC World News,国际频道,是,0,,,
[BD]bbc world news *m[geo-blocked],BBC World News,国际频道,是,0,,,
[HD]bbc world news *wj[geo-blocked],BBC World News,国际频道,是,0,,,
[HD]ช่อง bloomberg,Bloomberg,国际频道,是,2,,,
[BD]bloomberg fr[geo-blocked],Bloomberg,国际频道,是,2,,,
[HD]bloomberg ht,Bloomberg Ht,国际频道,是,0,,,
[BD]bloomberg news *m[geo-blocked],Bloomberg,国际频道,是,2,,,
[BD]bloomberg originals[geo-blocked],Bloomberg Originals,国际频道,是,1,Business;Documentary,,
Bloomberg Quicktake (1080p),Bloomberg Quicktake,国际频道,是,0,,,
Bloomberg Television,Bloomberg,国际频道,是,2,,,
[HD]bloomberg tv,Bloomberg,国际频道,是,2,Business,,
Bloomberg TV + (2160p),Bloomberg+,国际频道,是,1,Business,,
[HD]bloomberg tv asia (720p),Bloomberg亚洲,国际频道,是,2,Business,,
Bloomberg TV Asia Live Event (720p),Bloomberg亚洲,国际频道,是,2,Business,,
[HD]bloomberg tv australia (270p),Bloomberg澳洲,国际频道,是,1,Business,,
Bloomberg TV EMEA Live Event (720p),Bloomberg,国际频道,是,2,Business,,
[HD]bloomberg tv europe (720p),Bloomberg欧洲,国际频道,是,1,Business,,
Bloomberg TV Mongolia HD (720p),Bloomberg蒙古,国际频道（小语种）,是,0,,,
[BD]bloomberg tv plus,Bloomberg+,国际频道,是,1,,,
Bloomberg TV US Live Event (720p),Bloomberg,国际频道,是,2,,,
Bloomberg TV US Politics Live Event (720p),Bloomberg,国际频道,是,2,,,
Blue Sky TV (720p),Blue Sky Tv,国际频道,是,0,,,
[BD]cbbc bbc 4 uhd *m[geo-blocked],BBC4,国际频道,是,0,,,
[BD]cbbc *m[geo-blocked],BBC4,国际频道,是,0,,,
[BD]cbbc uhd *m[geo-blocked],BBC4,国际频道,是,0,,,
CBS 2 Billings MT (KTVQ) (1080p),CBS News Billings,国际频道,是,0,,,
CBS 32 Louisville KY (WLKY) (720p),CBS News Louisville,国际频道,是,0,,,
CBS 3 Great Falls MT (KRTV) (720p),CBS News Great Falls,国际频道,是,0,,,
CBS 3 Norfolk VA (WTKR) (720p),CBS News Norfolk,国际频道,是,0,,,
CBS 3 Omaha NE (KMTV-TV) (720p),CBS News Omaha,国际频道,是,0,,,
CBS 5 Nashville TN (WTVF) (720p),CBS News Nashville,国际频道,是,0,,,
CBS 6 Richmond VA (WTVR) (720p),CBS News Richmond,国际频道,是,0,,,
CBS 7 Bozeman MT (KBZK) (720p),CBS News Bozeman,国际频道,是,0,,,
CBS 8 Des Moines IA (KCCI) (720p),CBS News Des Moines,国际频道,是,0,,,
CBS 8 Missoula MT (KPAX) (720p),CBS News Missoula,国际频道,是,0,,,
CBS 9 Oklahoma City OK (KWTV-DT1) (720p) [Not 24/7],CBS News Oklahoma,国际频道,是,0,,,
[SD]cbs network =,CBS News,国际频道,是,1,,,
[HD]cbs news,CBS News,国际频道,是,1,,,
CBS News 24/7,CBS News,国际频道,是,1,News,,
CBS News Bay Area (720p),CBS News Bay Area,国际频道,是,0,,,
CBS News Boston (720p),CBS News Boston,国际频道,是,0,,,
CBS News Chicago (720p),CBS News Chicago,国际频道,是,0,,,
[HD]cbs news colorado (720p),Cbs News Colorado,国际频道,是,0,,,
CBS News Detroit (720p),CBS News Detroit,国际频道,是,0,,,
[HD]cbs news los angeles (720p),Cbs News Los Angeles,国际频道,是,0,,,
CBS News Miami (720p),CBS News Miami,国际频道,是,1,News,,
CBS News Minnesota (720p),CBS News Minnesota,国际频道,是,0,,,
CBS News New York (720p),CBS News New York,国际频道,是,0,,,
CBS News Philadelphia (720p),CBS News Philadelphia,国际频道,是,0,,,
CBS News Pittsburgh (720p),CBS News Pittsburgh,国际频道,是,0,,,
CBS News Sacramento (720p),CBS News Sacramento,国际频道,是,1,News,,
[HD]cbs news texas[geo-blocked],CBS News Texas,国际频道,是,0,,,
[HD]cbs news *wj,CBS News,国际频道,是,1,,,
[HD]cbs (wcbs) new york,CBS News New York,国际频道,是,0,,,
CBS Sports Golazo Network,CBS Sports,国际频道,是,2,Sports,,
CBS Sports HQ,CBS Sports,国际频道,是,2,Sports,,
[HD]cbs sports network =,CBS Sports,国际频道,是,2,,,
CBS Sports Network USA,CBS Sports,国际频道,是,2,,,
[BD]cctv-01,CCTV1,央视频道,是,13,,,
[BD]cctv-03,CCTV3,央视频道,是,12,,,
[SD]cctv-04,CCTV4,央视频道,是,16,,,
[SD]cctv-07,CCTV7,央视频道,是,11,,,
[BD]cctv-08,CCTV8,央视频道,是,19,,,
[BD]cctv-09,CCTV9,央视频道,是,12,,,
cctv1,CCTV1,央视频道,是,13,,,
cctv10,CCTV10,央视频道,是,12,,,
[BD]cctv10 8m1080,CCTV10,央视频道,是,12,,,
[BD]cctv10-gq,CCTV10,央视频道,是,12,,,
[BD]cctv10hd,CCTV10,央视频道,是,12,,,
CCTV-10 科教,CCTV10,央视频道,是,12,,,
[BD]cctv-10高清,CCTV10,央视频道,是,12,,,
cctv11,CCTV11,央视频道,是,13,,,
[BD]cctv11 3.5m1080,CCTV11,央视频道,是,13,,,
[BD]cctv11 8m1080,CCTV11,央视频道,是,13,,,
[BD]cctv11hd,CCTV11,央视频道,是,13,,,
CCTV-11 戏曲,CCTV11,央视频道,是,13,,,
cctv12,CCTV12,央视频道,是,13,,,
[BD]cctv12 2.5m1080,CCTV12,央视频道,是,13,,,
[BD]cctv12 8m1080,CCTV12,央视频道,是,13,,,
[BD]cctv12-gq,CCTV12,央视频道,是,13,,,
[BD]cctv12hd,CCTV12,央视频道,是,13,,,
[BD]cctv12 *wj,CCTV12,央视频道,是,13,,,
CCTV-12 社会与法,CCTV12,央视频道,是,13,,,
[BD]cctv-12高清,CCTV12,央视频道,是,13,,,
cctv13,CCTV13,央视频道,是,14,,,
[BD]cctv13 4m1080,CCTV13,央视频道,是,14,,,
[BD]cctv13-gq,CCTV13,央视频道,是,14,,,
[BD]cctv13hd,CCTV13,央视频道,是,14,News,,
CCTV-13 新闻,CCTV13,央视频道,是,14,,,
cctv14,CCTV14,央视频道,是,11,,,
[BD]cctv14 2.5m1080,CCTV14,央视频道,是,11,,,
[BD]cctv14 8m1080,CCTV14,央视频道,是,11,,,
[BD]cctv14-gq,CCTV14,央视频道,是,11,,,
[BD]cctv14hd,CCTV14,央视频道,是,11,Kids,,
[BD]cctv14 *wj,CCTV14,央视频道,是,11,,,
CCTV-14 少儿,CCTV14,央视频道,是,11,,,
[BD]cctv-14高清,CCTV14,央视频道,是,11,,,
cctv15,CCTV15,央视频道,是,12,,,
[BD]cctv15 1.5m1080,CCTV15,央视频道,是,12,,,
[BD]cctv15 3.5m1080,CCTV15,央视频道,是,12,,,
[BD]cctv15-gq,CCTV15,央视频道,是,12,,,
[BD]cctv15hd,CCTV15,央视频道,是,12,,,
CCTV-15 音乐,CCTV15,央视频道,是,12,,,
[BD]cctv-15高清,CCTV15,央视频道,是,12,,,
CCTV16,CCTV16,央视频道,是,8,,,
[BD]cctv16hd,CCTV16,央视频道,是,8,,,
CCTV17,CCTV17,央视频道,是,12,,,
[BD]cctv17 4m1080,CCTV17,央视频道,是,12,,,
[BD]cctv17 8m1080,CCTV17,央视频道,是,12,,,
[BD]cctv17-gq,CCTV17,央视频道,是,12,,,
[BD]cctv17hd,CCTV17,央视频道,是,12,Education;Outdoor,,
CCTV-17 农业农村,CCTV17,央视频道,是,12,,,
[BD]cctv1 8m1080,CCTV1,央视频道,是,13,,,
[BD]cctv1-gq,CCTV1,央视频道,是,13,,,
[BD]cctv1hd,CCTV1,央视频道,是,13,,,
CCTV-1 综合,CCTV1,央视频道,是,13,,,
[BD]cctv-1高清[geo-blocked],CCTV1,央视频道,是,13,,,
cctv2,CCTV2,央视频道,是,16,,,
[BD]cctv2 4m1080,CCTV2,央视频道,是,16,,,
[BD]cctv2 8m1080,CCTV2,央视频道,是,16,,,
[BD]cctv2-gq,CCTV2,央视频道,是,16,,,
[BD]cctv2hd,CCTV2,央视频道,是,16,,,
CCTV-2 财经,CCTV2,央视频道,是,16,,,
[BD]cctv-2高清,CCTV2,央视频道,是,16,,,
cctv3,CCTV3,央视频道,是,12,,,
[BD]cctv3 8m1080,CCTV3,央视频道,是,12,,,
[BD]cctv3-gq,CCTV3,央视频道,是,12,,,
[BD]cctv3hd,CCTV3,央视频道,是,12,,,
CCTV-3 综艺,CCTV3,央视频道,是,12,,,
[BD]cctv-3高清,CCTV3,央视频道,是,12,,,
cctv4,CCTV4,央视频道,是,16,,,
[BD]cctv4 4m1080,CCTV4,央视频道,是,16,,,
[BD]cctv4 8m1080,CCTV4,央视频道,是,16,,,
CCTV-4 America (1080p),CCTV4美洲,央视频道,是,3,,,
[HD]cctv-4 asia,CCTV4,央视频道,是,16,General,,
CCTV-4 Europe,CCTV4欧洲,央视频道,是,5,General,,
[BD]cctv4-gq,CCTV4,央视频道,是,16,,,
[BD]cctv4hd,CCTV4,央视频道,是,16,,,
CCTV4K,CCTV4K,4K频道,是,4,,,
CCTV-4K 超高清,CCTV4K,4K频道,是,4,,,
[BD]cctv-4k高清,CCTV4K,4K频道,是,4,,,
CCTV-4 中文,CCTV4,央视频道,是,16,,,
[BD]cctv-4 中文国际,CCTV4,央视频道,是,16,,,
CCTV4欧洲,CCTV4欧洲,央视频道,是,5,,,
CCTV4美洲,CCTV4美洲,央视频道,是,3,,,
[BD]cctv-4高清[geo-blocked],CCTV4,央视频道,是,16,,,
cctv5,CCTV5,央视频道,是,11,,,
CCTV5+,CCTV5+,央视频道,是,10,,,
CCTV-5+ 体育赛事,CCTV5+,央视频道,是,10,,,
[BD]cctv5 8m1080,CCTV5,央视频道,是,11,,,
[BD]cctv5-gq[geo-blocked],CCTV5,央视频道,是,11,,,
[BD]cctv5hd,CCTV5,央视频道,是,11,,,
[BD]cctv5p,CCTV5,央视频道,是,11,,,
[BD]cctv5 plus,CCTV5+,央视频道,是,10,,,
[BD]cctv5 plus 8m1080,CCTV5+,央视频道,是,10,,,
[BD]cctv5 plus -gq,CCTV5+,央视频道,是,10,,,
[BD]cctv5 *wj,CCTV5,央视频道,是,11,,,
CCTV-5 体育,CCTV5,央视频道,是,11,,,
[BD]cctv-5高清,CCTV5,央视频道,是,11,,,
cctv6,CCTV6,央视频道,是,14,,,
[BD]cctv6 8m1080,CCTV6,央视频道,是,14,,,
[BD]cctv6-gq,CCTV6,央视频道,是,14,,,
[BD]cctv6hd,CCTV6,央视频道,是,14,Movies,,
CCTV-6 电影,CCTV6,央视频道,是,14,,,
[BD]cctv-6高清,CCTV6,央视频道,是,14,,,
cctv7,CCTV7,央视频道,是,11,,,
[BD]cctv7 4m1080,CCTV7,央视频道,是,11,,,
[BD]cctv7 8m1080,CCTV7,央视频道,是,11,,,
[BD]cctv7-gq,CCTV7,央视频道,是,11,,,
[BD]cctv7hd,CCTV7,央视频道,是,11,,,
CCTV-7 国防军事,CCTV7,央视频道,是,11,,,
[BD]cctv-7高清,CCTV7,央视频道,是,11,,,
cctv8,CCTV8,央视频道,是,19,,,
[BD]cctv8 8m1080,CCTV8,央视频道,是,19,,,
[BD]cctv8-gq,CCTV8,央视频道,是,19,,,
[BD]cctv8hd,CCTV8,央视频道,是,19,,,
CCTV8K,CCTV8K,央视频道,是,0,,,
CCTV-8 电视剧,CCTV8,央视频道,是,19,,,
[BD]cctv-8高清,CCTV8,央视频道,是,19,,,
CCTV9,CCTV9,央视频道,是,12,,,
[BD]cctv9 4m1080,CCTV9,央视频道,是,12,,,
[BD]cctv9 8m1080,CCTV9,央视频道,是,12,,,
[BD]cctv9-gq,CCTV9,央视频道,是,12,,,
[BD]cctv9hd,CCTV9,央视频道,是,12,,,
CCTV-9 纪录,CCTV9,央视频道,是,12,,,
[BD]cctv-9高清,CCTV9,央视频道,是,12,,,
CCTV世界地理,CCTV世界地理,央视新媒,是,0,,,
CCTV卫生健康,CCTV卫生健康,央视新媒,是,0,,,
CCTV央视文化精品,CCTV央视文化精品,央视新媒,是,0,,,
CCTV女性时尚,CCTV女性时尚,央视新媒,是,0,,,
CCTV怀旧剧场,CCTV怀旧剧场,央视新媒,是,1,,,
[BD]cctv第一剧场,CCTV第一剧场,央视频道,是,2,,,
[BD]cctv风云足球,CCTV风云足球,央视频道,是,0,,,
CETV1,CETV1,央视新媒,是,9,,,
CETV-2,CETV2,央视新媒,是,7,,,
CETV4,CETV4,央视新媒,是,6,,,
CETV-生态环境,CETV生态环境,央视新媒,是,1,,,
CGTN,CGTN,央视新媒,是,7,,,
cgtn1,CGTN,央视新媒,是,7,,,
CGTN俄语,CGTN俄语,央视新媒,是,3,,,
CGTN法语,CGTN法语,央视新媒,是,4,,,
CGTN纪录,CGTN纪录,央视新媒,是,3,,,
CGTN西语,CGTN西语,央视新媒,是,3,,,
cgtn记录,CGTN纪录,央视新媒,是,3,,,
CGTN阿语,CGTN阿语,央视新媒,是,3,,,
CHANNEL00000060,CHANNEL00000060,广播频道,是,0,,,
CHANNEL00000504,CHANNEL00000504,广播频道,是,0,,,
CHANNEL00004004,CHANNEL00004004,广播频道,是,0,,,
CHANNEL00004008,CHANNEL00004008,广播频道,是,0,,,
CHC动作电影,CHC动作电影,数字频道,是,6,Movies,China,China
CHC家庭影院,CHC家庭影院,数字频道,是,7,,,
CHC影迷电影,CHC影迷电影,数字频道,是,4,Movies,China,China
Class CNBC,CNBC,国际频道,是,2,Business,,
[BD]cna,CNA,国际频道,是,3,News,Singapore,Singapore
[BD]cna *s,CNA,国际频道,是,3,,,
CNA新闻,CNA,国际频道,是,3,,,
[BD]cnbc,CNBC,国际频道,是,2,Business,,
[BD]cnbc arabiya,CNBC阿语,国际频道（小语种）,是,1,Business,,
[HD]cnbc asia,CNBC亚洲,国际频道,是,0,,,
[BD]cnbc asia財經,CNBC亚洲财经,国际频道,是,0,,,
[BD]cnbc-e,CNBC欧洲,国际频道（小语种）,是,2,Business;Series,,
[BD]cnbc europe,CNBC欧洲,国际频道（小语种）,是,2,,,
CNBC Europe HD (1080p),CNBC欧洲,国际频道（小语种）,是,2,,,
CNBC Indonesia (720p),CNBC印度,国际频道（小语种）,是,1,,,
[HD]cnbc mgl,CNBC蒙古,国际频道（小语种）,是,0,,,
[HD]cnbc tv18[geo-blocked],CNBC印度,国际频道（小语种）,是,1,Business,,
[BD]cnbc uk,CNBC欧洲,国际频道,是,2,Business;News,,
CNBC World,CNBC World,国际频道,是,0,,,
[BD]cnn[geo-blocked],CNN,国际频道,是,3,,,
[BD]cnn brasil,CNN巴西,国际频道（小语种）,是,0,,,
[BD]cnn fast,CNN Fast,国际频道,是,0,,,
[HD]cnn indonesia,CNN印度尼西亚,国际频道（小语种）,是,0,,,
[BD]cnn int[geo-blocked],CNN,国际频道,是,3,,,
[BD]cnn *m[geo-blocked],CNN,国际频道,是,3,,,
[HD]c plus,香港C Plus,香港频道,是,0,,,
[BD]discovery,Discovery,国际频道,是,0,,,
[BD]discovery channel,Discovery,国际频道,是,0,,,
[HD]discovery *s,Discovery,国际频道,是,0,,,
[HD]euronews,Euronews,国际频道,是,2,News,,
[HD]euronews de,Euronews德语,国际频道（小语种）,是,0,,,
[HD]euronews english (720p),Euronews,国际频道,是,2,News,,
Euronews French HD,Euronews法语,国际频道（小语种）,是,0,,,
[HD]euronews it,Euronews意大利语,国际频道（小语种）,是,0,,,
[SD]euronews *m[geo-blocked],Euronews,国际频道,是,2,,,
[HD]euronews pt,Euronews葡萄牙语,国际频道（小语种）,是,0,,,
[HD]euronews spanish[geo-blocked],Euronews西语,国际频道（小语种）,是,0,,,
[HD]fifa plus united states,News12 Plus united states,香港频道,是,0,,,
[HD]fox,FOX,国际频道,是,1,Entertainment,,
[HD]fox 11 los angeles ca,FOX11 Los Angeles,国际频道,是,0,,,
FOX 13 Salt Lake City UT (KSTU) (720p),FOX13 Salt Lake City,国际频道,是,0,,,
FOX 13 Seattle WA (KCPQ) (720p),FOX13 Seattle,国际频道,是,0,,,
FOX 17 Grand Rapids MI (WXMI) (720p),FOX17 Grand Rapids,国际频道,是,0,,,
FOX 23 Cape Girardeau MO (KBSI-DT1) (720p) [Not 24/7],FOX23 Cape Girardeau,国际频道,是,0,,,
Fox 25 Boston (WFXT-TV) [Geo-blocked],FOX25 Boston,国际频道,是,0,,,
FOX 2 San Francisco CA (KTVU) (720p),FOX2 San Francisco,国际频道,是,0,,,
FOX 47 Lansing MI (WSYM) (720p),FOX47 Lansing,国际频道,是,0,,,
[HD]fox 5 new york ny,FOX5 New York,国际频道,是,0,,,
[BD]fox animation italia =[geo-blocked],FOX Animation意大利,国际频道（小语种）,是,0,,,
[VGA]fox news,FOX News,国际频道,是,0,,,
[HD]fox news channel,FOX News Channel,国际频道,是,1,News,,
Fox News Radio (720p),FOX News Radio,广播频道,是,1,News,,
[BD]fox now[geo-blocked],FOX Now,国际频道,是,1,,,
Fox Soul,FOX Soul,国际频道,是,1,Culture,,
[BD]fox sports,FOX Sports,国际频道,是,0,,,
Fox Sports 1,FOX Sports 1,国际频道,是,1,Sports,,
[VGA]fox sports 2,FOX Sports 2,国际频道,是,0,,,
[HD]fox sports en espanol,FOX Sports西语,国际频道（小语种）,是,0,,,
[HD]fox weather,FOX Weather,国际频道,是,1,Weather,,
IPTV法治,IPTV法治,数字频道,是,1,,,
IPTV野外,IPTV野外,数字频道,是,1,,,
J2,J2,香港频道,是,0,,,
LiveNOW from FOX (720p),FOX Now,国际频道,是,1,News,,
[BD]momo親子[geo-blocked],momo亲子,台湾频道,是,0,,,
[BD]news12 plus connecticut,News12 Plus new connecticut,香港频道,是,0,,,
[BD]news12 plus hudson valley,News12 Plus hudson valley,香港频道,是,0,,,
[BD]news12 plus long island,News12 Plus new long island,香港频道,是,0,,,
[BD]news12 plus new jersey,News12 Plus new jersey,香港频道,是,0,,,
[BD]news12 plus new york,News12 Plus new york,香港频道,是,0,,,
[HD]nhk japan ᴴᴰ,NHK,国际频道,是,1,,,
[BD]nhk world-japan,NHK,国际频道,是,1,Culture;News,,
NHK世界台,NHK世界台,国际频道,是,0,,,
[BD]nowsports,Now Sports,香港频道,是,0,,,
[BD]now新闻,NOW新闻,香港频道,是,0,,,
[BD]now直播,Now直播,香港频道,是,0,,,
[BD]now财经,NOW财经,香港频道,是,0,,,
qtv-1,青岛QTV1,山东频道,是,2,,,
qtv-2,青岛QTV2,山东频道,是,2,,,
qtv-3,青岛QTV3,山东频道,是,2,,,
qtv-4,青岛QTV4,山东频道,是,2,,,
qtv-5,青岛QTV5,山东频道,是,2,,,
[HD]rthk31,港台电视31,香港频道,是,0,,,
[BD]RTHK31 *sg,港台电视31,香港频道,是,0,,,
[HD]rthk-32,港台电视32,香港频道,是,0,,,
[BD]RTHK32 *sg,港台电视32,香港频道,是,0,,,
[HD]rthk32 *wj,港台电视32,香港频道,是,0,,,
RTHK TV 31 (港台電視31) (1080p) [Geo-blocked],港台电视31,香港频道,是,0,,,
RTHK TV 32 (港台電視32) (1080p) [Geo-blocked],港台电视32,香港频道,是,0,,,
[HD]sky atlantic *m[geo-blocked],Sky Atlantic,国际频道,是,0,,,
[BD]sky cinema-,Sky Cinema,国际频道,是,0,,,
[BD]sky cinema action *m[geo-blocked],Sky Cinema Action,国际频道,是,0,,,
[BD]sky cinema action *s[geo-blocked],Sky Cinema Action,国际频道,是,0,,,
[BD]sky cinema comedy *m[geo-blocked],Sky Cinema Comedy,国际频道,是,0,,,
[BD]sky cinema drama romantic *m[geo-blocked],Sky Movies Drama Romance,国际频道,是,0,,,
[BD]sky cinema family *m[geo-blocked],Sky Cinema Family,国际频道,是,0,,,
[BD]sky cinema greats *m[geo-blocked],Sky Cinema Greats,国际频道,是,0,,,
[BD]sky cinema hits *m[geo-blocked],Sky Cinema Hits,国际频道,是,0,,,
[BD]sky cinema premier *m[geo-blocked],Sky Cinema Premiere,国际频道,是,0,,,
[BD]sky cinema scifi horror *m[geo-blocked],Sky Cinema SciFi Horror,国际频道,是,0,,,
[BD]sky cinema sci-fi *m[geo-blocked],Sky Cinema SciFi,国际频道,是,0,,,
[BD]sky cinema select *m[geo-blocked],Sky Cinema Select,国际频道,是,0,,,
[BD]sky cinema select *s[geo-blocked],Sky Cinema Select,国际频道,是,0,,,
[BD]sky cinema thriller *m[geo-blocked],Sky Cinema Thriller,国际频道,是,0,,,
[BD]sky comedy ==[geo-blocked],Sky Comedy,国际频道,是,0,,,
[HD]sky comedy *s[geo-blocked],Sky Cinema Comedy,国际频道,是,0,,,
[BD]sky drama ==,Sky Drama,国际频道,是,0,,,
Sky Folk TV (720p) [Not 24/7],Sky Folk Tv,国际频道,是,1,Music,,
[HD]sky max *m[geo-blocked],Sky Max,国际频道,是,0,,,
[BD]sky movies drama romance uk =,Sky Movies Drama Romance,国际频道,是,0,,,
[BD]sky movies greats *m[geo-blocked],Sky Cinema Greats,国际频道,是,0,,,
[BD]sky movies modern greats uk =,Sky Movies Modern,国际频道,是,0,,,
[BD]sky movies premiere uk *s[geo-blocked],Sky Movies Premiere,国际频道,是,0,,,
[BD]sky movies premier *m[geo-blocked],Sky Movies Premiere,国际频道,是,0,,,
[HD]sky movies sci-fi horror uk=,Sky Movies Scifi Horror,国际频道,是,0,,,
[BD]sky movies thriller *m[geo-blocked],Sky Movies Thriller,国际频道,是,0,,,
[BD]sky nature uhd *m[geo-blocked],Sky Nature,国际频道,是,0,,,
[BD]sky news,Sky News,国际频道,是,1,News,,
[BD]sky news arabia,Sky News阿语,国际频道（小语种）,是,2,News,,
Sky News Arabia Vertical (1080p),Sky News阿语,国际频道（小语种）,是,2,News,,
Sky News Extra 1 (540p),Sky News Extra 1,国际频道,是,1,News,,
Sky News Extra 2 (540p) [Not 24/7],Sky News Extra 2,国际频道,是,1,News,,
[BD]sky news *m[geo-blocked],Sky News,国际频道,是,1,,,
[BD]sky news now,Sky News Now,国际频道,是,0,,,
Sky News Weather (720p),Sky News Weather,国际频道,是,0,,,
[BD]sky sports f1,Sky Sports F1,国际频道,是,0,,,
[BD]sky sports golf ==,Sky Sports Golf,国际频道,是,0,,,
[BD]sky sports mix=,Sky Sports Mix,国际频道,是,0,,,
[BD]sky sports news ==,Sky Sports News,国际频道,是,0,,,
TBS Seoul (720p),TBS Seoul,国际频道,是,0,,,
TDM Entertainment Ch. 95 (720p),澳门综艺,澳门频道,是,0,,,
TDM Sports Ch. 93 (720p),澳门体育,澳门频道,是,0,,,
[BD]tvb plus,TVB Plus,香港频道,是,4,,,
[BD]tvbs-asia,TVBS亚洲,香港频道,是,3,Entertainment,,
[BD]tvbs亚洲,TVBS亚洲,香港频道,是,3,🌊港·澳·台,,
[BD]tvbs台劇[geo-blocked],TVBS台剧,台湾频道,是,0,,,
[BD]tvbs新聞,TVBS新闻,台湾频道,是,0,,,
[BD]tvbs歡樂[geo-blocked],TVBS欢乐,台湾频道,是,0,,,
[BD]tvbs精采,TVBS精彩,台湾频道,是,0,,,
[BD]tvbs精采台,TVBS精彩,台湾频道,是,0,,,
[BD]tvbs綜藝,TVBS综艺,台湾频道,是,0,,,
[HD]tvbs闽南[geo-blocked],TVBS闽南,台湾频道,是,0,,,
[HD]tvb娱乐新闻,TVBS娱乐新闻,香港频道,是,0,,,
[HD]tvb星河,TVBS星河,香港频道,是,1,,,
[BD]tvb翡翠,TVBS翡翠,香港频道,是,0,,,
[BD]TVB 翡翠台 *sg,TVBS翡翠,香港频道,是,0,,,
[BD]uk sky sports f1 f,Sky Sports F1,国际频道,是,0,,,
[HD]us cnbc,CNBC,国际频道,是,2,,,
[HD]us fox news,FOX News,国际频道,是,0,,,
[BD]viutv,Viutv99,香港频道,是,6,,,
[BD]viutv6,Viutv6,香港频道,是,0,,,
[BD]Viutv *sg,viutv,香港频道,是,0,,,
[HD]viutvsix,Viutv6,香港频道,是,0,,,
[BD]viutv'英,viutv,香港频道,是,0,,,
三沙卫视,三沙卫视,卫视频道,是,10,,,
[BD]三立inews[geo-blocked],三立新闻,台湾频道,是,0,,,
[BD]三立台湾[geo-blocked],三立台湾,台湾频道,是,0,,,
[BD]三立戏剧[geo-blocked],三立戏剧,台湾频道,是,1,,,
[BD]三立综合[geo-blocked],三立综合,台湾频道,是,0,,,
东南卫视,东南卫视,卫视频道,是,12,,,
东平综合,东平综合,山东频道,是,2,,,
东方卫视,东方卫视,卫视频道,是,13,,,
东方卫视4K,东方卫视4K,4K频道,是,5,,,
东方财经,东方财经,数字频道,是,3,,,
东明综合,东明综合,山东频道,是,1,,,
[BD]东森幼幼[geo-blocked],东森幼幼,台湾频道,是,0,,,
[BD]东森戏剧[geo-blocked],东森戏剧,台湾频道,是,0,,,
[BD]東森新聞,东森新闻,台湾频道,是,0,,,
[BD]東森新聞台,东森新闻,台湾频道,是,0,,,
[BD]东森洋片[geo-blocked],东森洋片,台湾频道,是,0,,,
[BD]东森电影,东森电影,台湾频道,是,0,,,
[BD]东森综合[geo-blocked],东森综合,台湾频道,是,0,,,
[BD]东森美洲,东森美洲,台湾频道,是,0,,,
[BD]东森美洲2,东森美洲2,台湾频道,是,0,,,
[BD]东森美洲新闻台,东森美洲,台湾频道,是,0,,,
[HD]东森财经 *wj,东森财经,台湾频道,是,0,,,
[BD]东森财经新闻[geo-blocked],东森财经,台湾频道,是,0,,,
[BD]东森超视,东森超视,台湾频道,是,1,🌊港·澳·台,,
[BD]东森超视34.5,东森超视,台湾频道,是,1,,,
东营公共,东营公共,山东频道,是,2,,,
东营新闻,东营综合,山东频道,是,0,,,
东营新闻综合,东营综合,山东频道,是,0,,,
东阿综合,东阿综合,山东频道,是,2,,,
中华特产,中华特产,数字频道,是,0,,,
中国交通,中国交通,数字频道,是,7,,,
中国教育1,CETV1,央视新媒,是,9,,,
中国教育2,CETV2,央视新媒,是,7,,,
中国教育4,CETV4,央视新媒,是,6,,,
[BD]中天亞洲,中天亚洲,台湾频道,是,0,,,
[HD]中天娛樂[geo-blocked],中天娱乐,台湾频道,是,0,,,
[BD]中天新聞,中天新闻,台湾频道,是,0,,,
[VGA]中天新聞台2,中天新闻,台湾频道,是,0,,,
中央新影 中学生,中央新影 中学生,央视新媒,是,2,,,
中学生,中央新影 中学生,央视新媒,是,2,,,
[BD]中視[geo-blocked],中视,台湾频道,是,1,,,
[BD]中视新闻[geo-blocked],中视新闻,台湾频道,是,0,,,
[HD]中视新闻 *wj[geo-blocked],中视新闻,台湾频道,是,0,,,
[HD]中视经典,中视经典,台湾频道,是,0,,,
[BD]中視菁采[geo-blocked],中视菁采,台湾频道,是,0,,,
临朐综合,临朐综合,山东频道,是,2,,,
临沭综合,临沭综合,山东频道,是,2,,,
临清综合,临清综合,山东频道,是,2,,,
临邑综合,临邑综合,山东频道,是,2,,,
乐游,乐游,数字频道,是,4,,,
书画,书画,数字频道,是,4,,,
乳山综合,乳山综合,山东频道,是,2,,,
云南卫视,云南卫视,卫视频道,是,9,,,
五星体育,五星体育,数字频道,是,1,,,
[BD]亞洲旅遊[geo-blocked],亚洲旅游,台湾频道,是,0,,,
任城生活,任城生活,山东频道,是,2,,,
任城综合,任城综合,山东频道,是,2,,,
优优宝贝,优优宝贝,数字频道,是,4,,,
优漫卡通,优漫卡通,数字频道,是,5,☘️江苏频道,,
优购物,优购物,数字频道,是,0,,,
先锋乒羽,先锋乒羽,数字频道,是,0,,,
光影,光影,数字频道,是,1,,,
兖州新闻,兖州新闻,山东频道,是,0,,,
[BD]八大综合[geo-blocked],八大综合,台湾频道,是,0,,,
[BD]八大綜藝[geo-blocked],八大综艺,台湾频道,是,0,,,
[BD]公視戲劇,公视戏剧,台湾频道,是,0,,,
兰陵公共,兰陵公共,山东频道,是,2,,,
兰陵综合,兰陵综合,山东频道,是,2,,,
兵团卫视,兵团卫视,卫视频道,是,6,,,
内蒙古卫视,内蒙古卫视,卫视频道,是,13,,,
军事,军事,数字频道,是,1,,,
军旅剧场,军旅剧场,数字频道,是,1,,,
农林卫视,农林卫视,卫视频道,是,4,,,
冠县综合,冠县综合,山东频道,是,3,,,
凤凰中文,凤凰中文,香港频道,是,7,,,
[BD]凤凰中文 *sg,凤凰中文,香港频道,是,7,,,
[HD]凤凰中文 *wj,凤凰中文,香港频道,是,7,,,
凤凰卫视,凤凰卫视,香港频道,是,0,,,
[HD]凤凰卫视 *wj,凤凰卫视,香港频道,是,0,,,
[SD]凤凰电影,凤凰电影,香港频道,是,0,,,
凤凰资讯,凤凰资讯,香港频道,是,5,,,
凤凰香港,凤凰香港,香港频道,是,10,,,
[BD]凤凰香港 *sg,凤凰香港,香港频道,是,10,,,
[HD]凤凰香港 *wj,凤凰香港,香港频道,是,10,,,
动作影院,动作影院,数字频道,是,1,,,
动漫秀场,动漫秀场,数字频道,是,3,,,
动画,动画,数字频道,是,1,,,
劲爆体育,劲爆体育,数字频道,是,1,🏀体育频道,,
北京卫视,北京卫视,卫视频道,是,9,,,
北京卫视4K,北京卫视4K,4K频道,是,4,,,
北京卫视4K超,北京卫视4K,4K频道,是,4,,,
北京纪实,北京纪实,数字频道,是,0,,,
北京纪实科教,北京纪实科教,数字频道,是,4,,,
[HD]華視,华视新闻,台湾频道,是,2,,,
[BD]華視新聞[geo-blocked],华视新闻,台湾频道,是,2,,,
单县综合,单县综合,山东频道,是,2,,,
[HD]博斯网球 *wj,博斯网球,台湾频道,是,0,,,
[HD]博斯運動1,博斯運動1,台湾频道,是,0,,,
[BD]博斯运动一[geo-blocked],博斯运动一,台湾频道,是,0,,,
[HD]博斯运动二 *wj,博斯运动二,台湾频道,是,0,,,
[HD]博斯高球二 *wj,博斯高球二,台湾频道,是,0,,,
[BD]博斯魅力 *wj,博斯魅力,台湾频道,是,0,,,
卡酷少儿,卡酷少儿,数字频道,是,4,,,
历城综合,历城综合,山东频道,是,2,,,
厦门卫视,厦门卫视,卫视频道,是,10,,,
发现之旅,发现之旅,央视新媒,是,2,,,
古装剧场,古装剧场,数字频道,是,1,,,
[BD]台视[geo-blocked],台视,台湾频道,是,2,,,
[BD]台视新闻,台视新闻,台湾频道,是,0,,,
[BD]台视综合[geo-blocked],台视,台湾频道,是,2,,,
[BD]台視財經[geo-blocked],台视财经,台湾频道,是,0,,,
吉林卫视,吉林卫视,卫视频道,是,8,,,
周村新闻,周村新闻,山东频道,是,0,,,
哈哈炫动,哈哈炫动,数字频道,是,1,,,
商河综合,商河综合,山东频道,是,2,,,
喜剧影院,喜剧影院,数字频道,是,1,,,
嘉佳卡通,嘉佳卡通,数字频道,是,6,,,
嘉祥新闻,嘉祥综合,山东频道,是,2,,,
嘉祥综合,嘉祥综合,山东频道,是,2,,,
四川卫视,四川卫视,卫视频道,是,12,,,
四川卫视4K,四川卫视4K,4K频道,是,4,,,
四海钓鱼,四海钓鱼,数字频道,是,4,,,
国学,国学,数字频道,是,1,,,
地理,地理,数字频道,是,1,,,
城市剧场,城市剧场,数字频道,是,1,,,
墨宝,墨宝,数字频道,是,1,,,
夏津公共,夏津公共,山东频道,是,2,,,
夏津综合,夏津综合,山东频道,是,2,,,
天津卫视,天津卫视,卫视频道,是,9,,,
央广购物,央广购物,央视新媒,是,0,,,
好学生,好学生,数字频道,是,1,,,
威海新闻,威海综合,山东频道,是,0,,,
威海新闻综合,威海综合,山东频道,是,0,,,
威海生活,威海生活,山东频道,是,2,,,
威海都市生活,威海生活,山东频道,是,2,,,
宁夏卫视,宁夏卫视,卫视频道,是,13,,,
宁津综合,宁津综合,山东频道,是,2,,,
宁阳生活,宁阳生活,山东频道,是,2,,,
宁阳综合,宁阳综合,山东频道,是,2,,,
安丘综合,安丘综合,山东频道,是,2,,,
安徽卫视,安徽卫视,卫视频道,是,12,,,
定陶综合,定陶综合,山东频道,是,1,,,
家庭影院,家庭影院,数字频道,是,2,,,
家庭理财,家庭理财,数字频道,是,0,,,
[BD]寰宇新聞,寰宇新闻,台湾频道,是,0,,,
[BD]寰宇新聞台灣[geo-blocked],寰宇新闻,台湾频道,是,0,,,
[BD]寰宇財經[geo-blocked],寰宇财经,台湾频道,是,0,,,
寿光综合,寿光综合,山东频道,是,3,,,
寿光蔬菜,寿光蔬菜,山东频道,是,2,,,
少儿动画,少儿动画,数字频道,是,1,,,
山东交通广播,山东交通广播,广播频道,是,2,,,
山东体育,山东体育,山东频道,是,4,,,
山东体育休闲,山东体育,山东频道,是,4,,,
山东农科,山东农科,山东频道,是,4,,,
山东卫视,山东卫视,卫视频道,是,14,,,
山东卫视4K,山东卫视4K,4K频道,是,5,,,
山东少儿,山东少儿,山东频道,是,4,,,
山东居家购物,山东购物,山东频道,是,1,,,
山东教育,山东教育,山东频道,是,6,,,
山东教育卫视,山东教育,山东频道,是,6,,,
山东文旅,山东文旅,山东频道,是,4,,,
山东新闻,山东新闻,山东频道,是,4,,,
山东海洋频道,山东海洋,山东频道,是,3,,,
山东生活,山东生活,山东频道,是,4,,,
山东经济广播,山东经济广播,广播频道,是,4,,,
山东综合广播,山东综合广播,广播频道,是,1,,,
山东综艺,山东综艺,山东频道,是,4,,,
山东购物,山东购物,山东频道,是,1,,,
山东齐鲁,山东齐鲁,山东频道,是,3,,,
山西卫视,山西卫视,卫视频道,是,14,,,
岚山综合,岚山综合,山东频道,是,2,,,
岱岳综合,岱岳综合,山东频道,是,2,,,
崂山综合,崂山综合,山东频道,是,3,,,
巨野新闻,巨野新闻,山东频道,是,1,,,
已停用,停用已停用,停用,是,2,,,
平原综合,平原综合,山东频道,是,1,,,
平度综合,平度综合,山东频道,是,2,,,
平阴综合,平阴综合,山东频道,是,2,,,
[BD]年代新闻[geo-blocked],年代新闻,台湾频道,是,0,,,
广东卫视,广东卫视,卫视频道,是,11,,,
广东卫视4K,广东卫视4K,4K频道,是,4,,,
广西卫视,广西卫视,卫视频道,是,10,,,
广饶新闻,广饶综合,山东频道,是,2,,,
广饶综合,广饶综合,山东频道,是,2,,,
康巴卫视,康巴卫视,卫视频道,是,0,,,
延边卫视,延边卫视,卫视频道,是,7,,,
张店综合,张店综合,山东频道,是,2,,,
德州新闻,德州综合,山东频道,是,0,,,
德州新闻综合,德州综合,山东频道,是,0,,,
德州生活,德州生活,山东频道,是,2,,,
德州经济生活,德州生活,山东频道,是,2,,,
快乐垂钓,快乐垂钓,数字频道,是,5,,,
惠民综合,惠民综合,山东频道,是,2,,,
戏曲,戏曲,数字频道,是,1,,,
招远综合,招远综合,山东频道,是,2,,,
收视指南,收视指南,数字频道,是,1,,,
文物宝库,文物宝库,数字频道,是,4,,,
文登综合,文登综合,山东频道,是,1,,,
新加坡新闻,新加坡新闻,国际频道,是,0,,,
新动漫,新动漫,数字频道,是,2,,,
新泰乡村,新泰乡村,山东频道,是,2,,,
新泰新闻,新泰综合,山东频道,是,2,,,
新泰综合,新泰综合,山东频道,是,2,,,
新疆卫视,新疆卫视,卫视频道,是,12,,,
旅游卫视,旅游卫视,卫视频道,是,0,,,
无棣综合,无棣综合,山东频道,是,2,,,
日照公共,日照公共,山东频道,是,0,,,
日照新闻,日照综合,山东频道,是,0,,,
日照新闻综合,日照综合,山东频道,是,0,,,
日照科教,日照科教,山东频道,是,2,,,
早教,早教,数字频道,是,1,,,
昌乐综合,昌乐综合,山东频道,是,1,,,
昌邑综合,昌邑综合,山东频道,是,2,,,
[BD]明珠,明珠台,香港频道,是,0,,,
星影,星影,数字频道,是,1,,,
[BD]星空国际,星空国际,香港频道,是,0,,,
智慧康养,智慧康养,数字频道,是,0,,,
曲阜新闻,曲阜新闻,山东频道,是,0,,,
曲阜综合,曲阜综合,山东频道,是,2,,,
栖霞综合,栖霞综合,山东频道,是,2,,,
桓台综合,桓台综合,山东频道,是,2,,,
梁山综合,梁山综合,山东频道,是,2,,,
梨园,梨园,数字频道,是,6,,,
欢笑剧场,欢笑剧场,数字频道,是,2,,,
武侠剧场,武侠剧场,数字频道,是,1,,,
武城综合,武城综合,山东频道,是,2,,,
武城综合频道,武城综合,山东频道,是,2,,,
武城综艺,武城综艺,山东频道,是,0,,,
武术,武术世界,数字频道,是,5,,,
武术世界,武术世界,数字频道,是,5,,,
[BD]民視,民视新闻,台湾频道,是,0,,,
[BD]民視台灣[geo-blocked],民视台湾,台湾频道,是,0,,,
[BD]民視影劇[geo-blocked],民视影剧,台湾频道,是,0,,,
[BD]民視新聞,民视新闻,台湾频道,是,0,,,
[BD]民視旅遊[geo-blocked],民视旅游,台湾频道,是,0,,,
[BD]民視第一,民视第一,台湾频道,是,0,,,
[HD]民視綜藝,民视综艺,台湾频道,是,0,,,
求索纪录,求索纪录,数字频道,是,4,,,
江苏卫视,江苏卫视,卫视频道,是,11,,,
江苏卫视4K,江苏卫视4K,4K频道,是,4,,,
江西卫视,江西卫视,卫视频道,是,9,,,
汶上综合,汶上综合,山东频道,是,2,,,
汽摩,汽摩,数字频道,是,5,,,
沂水生活,沂水生活,山东频道,是,2,,,
沂水综合,沂水综合,山东频道,是,2,,,
沂源综合,沂源综合,山东频道,是,2,,,
河东综合,河东综合,山东频道,是,2,,,
河北卫视,河北卫视,卫视频道,是,10,,,
河南卫视,河南卫视,卫视频道,是,11,,,
沾化综合,沾化综合,山东频道,是,2,,,
法治天地,法治天地,数字频道,是,4,,,
泰山综合,泰山综合,山东频道,是,2,,,
济南体育,济南体育,山东频道,是,3,,,
济南娱乐,济南娱乐,山东频道,是,0,,,
济南少儿,济南少儿,山东频道,是,1,,,
济南教育,济南教育,山东频道,是,3,,,
济南文旅体育,济南体育,山东频道,是,3,,,
济南新闻,济南综合,山东频道,是,5,,,
济南新闻综合,济南综合,山东频道,是,5,,,
济南生活,济南生活,山东频道,是,3,,,
济南综合,济南综合,山东频道,是,5,,,
济南都市,济南都市,山东频道,是,3,,,
济南鲁中,济南鲁中,山东频道,是,3,,,
济宁公共,济宁公共,山东频道,是,2,,,
济宁生活,济宁生活,山东频道,是,2,,,
济宁综合,济宁综合,山东频道,是,2,,,
济宁高新,济宁高新,山东频道,是,2,,,
济阳综合,济阳综合,山东频道,是,2,,,
浙江卫视,浙江卫视,卫视频道,是,19,,,
浙江卫视4K,浙江卫视4K,4K频道,是,4,,,
海南卫视,海南卫视,卫视频道,是,5,,,
海洋频道,山东海洋,山东频道,是,3,,,
海看教育,海看教育,数字频道,是,0,,,
海看演艺,海看演艺,数字频道,是,1,,,
海阳综合,海阳综合,山东频道,是,3,,,
海阳综艺,海阳综艺,山东频道,是,2,,,
淄博影视,淄博影视,山东频道,是,2,,,
淄博文旅,淄博文旅,山东频道,是,2,,,
淄博新闻,淄博综合,山东频道,是,0,,,
淄博新闻综合,淄博综合,山东频道,是,0,,,
淄博民生,淄博民生,山东频道,是,2,,,
淄川新闻,淄川新闻,山东频道,是,0,,,
深圳卫视,深圳卫视,卫视频道,是,13,,,
深圳卫视4K,深圳卫视4K,4K频道,是,4,,,
游戏风云,游戏风云,数字频道,是,4,,,
湖北卫视,湖北卫视,卫视频道,是,11,,,
湖南卫视,湖南卫视,卫视频道,是,14,,,
湖南卫视4K,湖南卫视4K,4K频道,是,4,,,
滨州新闻,滨州综合,山东频道,是,0,,,
滨州新闻综合,滨州综合,山东频道,是,0,,,
滨州民生,滨州民生,山东频道,是,2,,,
潍坊公共,潍坊公共,山东频道,是,2,,,
潍坊影视,潍坊影视,山东频道,是,0,,,
潍坊文旅,潍坊文旅,山东频道,是,0,,,
潍坊新闻,潍坊综合,山东频道,是,0,,,
潍坊新闻综合,潍坊综合,山东频道,是,0,,,
潍坊生活,潍坊生活,山东频道,是,2,,,
潍坊科教文化,潍坊科教,山东频道,是,0,,,
潍坊经济生活,潍坊生活,山东频道,是,2,,,
潍坊高新,潍坊高新,山东频道,是,2,,,
潍坊高新区,潍坊高新,山东频道,是,2,,,
[BD]ช่อง 澳视澳门,澳视澳门,澳门频道,是,0,,,
澳门Macau,澳门Macau,澳门频道,是,0,,,
烟台公共,烟台公共,山东频道,是,2,,,
烟台影视,烟台影视,山东频道,是,1,,,
烟台新闻,烟台综合,山东频道,是,0,,,
烟台新闻综合,烟台综合,山东频道,是,0,,,
烟台经济,烟台经济,山东频道,是,2,,,
烟台经济科技,烟台经济,山东频道,是,2,,,
热播剧场,热播剧场,数字频道,是,1,,,
热血剧场,热血剧场,数字频道,是,0,,,
爱上4K测试体验,爱上4K,4K频道,是,1,,,
爱体育,爱体育,数字频道,是,2,,,
爱大剧,爱大剧,数字频道,是,1,,,
爱生活,爱生活,数字频道,是,1,,,
爱电影,爱电影,数字频道,是,1,,,
爱综艺,爱综艺,数字频道,是,1,,,
牟平生活,牟平生活,山东频道,是,2,,,
牟平综合,牟平综合,山东频道,是,2,,,
环球旅游,环球旅游,数字频道,是,3,,,
甘肃卫视,甘肃卫视,卫视频道,是,8,,,
生态环境,生态环境,数字频道,是,4,,,
生活时尚,生活时尚,数字频道,是,3,,,
电影大片,电影大片,数字频道,是,0,,,
相声小品,相声小品,数字频道,是,1,,,
睛彩广场舞,睛彩广场舞,数字频道,是,0,,,
睛彩竞技,睛彩竞技,数字频道,是,0,,,
睛彩篮球,睛彩篮球,数字频道,是,0,,,
禹城综合,禹城综合,山东频道,是,1,,,
禹城综艺,禹城综艺,山东频道,是,1,,,
章丘综合,章丘综合,山东频道,是,0,,,
精彩影视,精彩影视,数字频道,是,5,,,
精选,精选,数字频道,是,1,,,
红色影院,红色影院,数字频道,是,1,,,
纪实科教,北京纪实科教,数字频道,是,4,,,
[BD]纬来体育[geo-blocked],纬来体育,台湾频道,是,3,,,
[BD]纬来育乐[geo-blocked],纬来育乐,台湾频道,是,0,,,
经典剧场,经典剧场,数字频道,是,1,,,
经典电影,经典电影,数字频道,是,3,,,
综合测试,停用综合测试,停用,是,0,,,
美人,美人,数字频道,是,1,,,
美妆,美妆,数字频道,是,1,,,
[BD]翡翠,TVBS翡翠,香港频道,是,0,,,
[BD]翡翠台2,翡翠台2,香港频道,是,0,,,
老故事,老故事,央视新媒,是,2,,,
聊城民生,聊城民生,山东频道,是,2,,,
聊城综合,聊城综合,山东频道,是,2,,,
聚鲨环球,聚鲨环球,数字频道,是,0,,,
肥城综合,肥城综合,数字频道,是,2,,,
胶州综合,胶州综合,山东频道,是,2,,,
苏州4k,苏州4K,4K频道,是,1,,,
茌平综合,茌平综合,山东频道,是,2,,,
茶,茶,数字频道,是,0,,,
茶频道,茶,数字频道,是,0,,,
荣成综合,荣成综合,山东频道,是,2,,,
莒南综合,莒南综合,山东频道,是,2,,,
莒县综合,莒县综合,山东频道,是,2,,,
莘县综合,莘县综合,山东频道,是,2,,,
莱西综合,莱西综合,山东频道,是,2,,,
菏泽-1,菏泽HTV1,山东频道,是,0,,,
菏泽-2,菏泽HTV2,山东频道,是,0,,,
蒙阴综合,蒙阴综合,山东频道,是,2,,,
蓬莱综合,蓬莱综合,山东频道,是,2,,,
西藏卫视,西藏卫视,卫视频道,是,11,,,
解密,解密,数字频道,是,1,,,
诸城综合,诸城综合,山东频道,是,2,,,
谍战剧场,谍战剧场,数字频道,是,1,,,
财富天下,财富天下,数字频道,是,4,,,
贵州卫视,贵州卫视,卫视频道,是,13,,,
足球,足球,数字频道,是,1,,,
车迷,车迷,数字频道,是,0,,,
辽宁卫视,辽宁卫视,卫视频道,是,11,,,
邹城新闻,邹城新闻,山东频道,是,0,,,
邹城综合,邹城综合,山东频道,是,2,,,
邹平综合,邹平综合,山东频道,是,2,,,
郓城综合,郓城综合,山东频道,是,2,,,
都市剧场,都市剧场,数字频道,是,6,,,
鄄城综合,鄄城综合,山东频道,是,2,,,
重庆卫视,重庆卫视,卫视频道,是,9,,,
重温经典影视,重温经典影视,数字频道,是,1,,,
金色学堂,金色学堂,数字频道,是,4,,,
金鹰卡通,金鹰卡通,数字频道,是,8,,,
金鹰纪实,金鹰纪实,数字频道,是,5,,,
鉴赏,鉴赏,数字频道,是,1,,,
长岛综合,长岛综合,山东频道,是,2,,,
长清综合,长清综合,山东频道,是,2,,,
阳信综合,阳信综合,山东频道,是,2,,,
陕西卫视,陕西卫视,卫视频道,是,12,,,
陵城综合,陵城综合,山东频道,是,2,,,
青岛QTV-1,青岛QTV1,山东频道,是,2,,,
青岛QTV-2,青岛QTV2,山东频道,是,2,,,
青岛QTV-3,青岛QTV3,山东频道,是,2,,,
青岛QTV-4,青岛QTV4,山东频道,是,2,,,
青岛QTV-5,青岛QTV5,山东频道,是,2,,,
青岛QTV-6,青岛QTV6,山东频道,是,0,,,
青州文化旅游,青州文旅,山东频道,是,2,,,
青州文旅,青州文旅,山东频道,是,2,,,
青州综合,青州综合,山东频道,是,2,,,
青海卫视,青海卫视,卫视频道,是,11,,,
[BD]靖天卡通[geo-blocked],靖天卡通,台湾频道,是,0,,,
[BD]靖天戲劇[geo-blocked],靖天戏剧,台湾频道,是,0,,,
[BD]靖天日本,靖天日本,台湾频道,是,0,,,
[BD]靖天映画,靖天映画,台湾频道,是,1,,,
[BD]靖天歡樂[geo-blocked],靖天欢乐,台湾频道,是,0,,,
[BD]靖天電影[geo-blocked],靖天电影,台湾频道,是,0,,,
[BD]靖天綜合,靖天综合,台湾频道,是,0,,,
[BD]靖天育樂,靖天育乐,台湾频道,是,0,,,
[BD]靖天資訊[geo-blocked],靖天咨询,台湾频道,是,0,,,
[BD]非凡商業[geo-blocked],非凡商业,台湾频道,是,0,,,
[BD]非凡新聞[geo-blocked],非凡新闻,台湾频道,是,0,,,
音乐现场,音乐现场,数字频道,是,1,,,
[BD]香港c plus,香港C Plus,香港频道,是,0,,,
高密综合,高密综合,山东频道,是,2,,,
高青综合,高青综合,山东频道,是,2,,,
魅力时尚,魅力时尚,数字频道,是,1,,,
魅力足球,魅力足球,数字频道,是,0,,,
鱼台新闻,鱼台综合,山东频道,是,2,,,
鱼台生活,鱼台生活,山东频道,是,2,,,
鱼台综合,鱼台综合,山东频道,是,2,,,
黄岛生活,黄岛生活,山东频道,是,2,,,
黄岛综合,黄岛综合,山东频道,是,2,,,
黑龙江卫视,黑龙江卫视,卫视频道,是,10,,,
齐河综合,齐河综合,山东频道,是,2,,,
齐鲁频道,齐鲁频道,山东频道,是,1,,,
龙口综合,龙口综合,山东频道,是,2,,,
CCTV-16 奥林匹克,,,否,0,,,
CGTN英文纪录,,,否,0,,,
CGTN西班牙语,,,否,0,,,
CGTN阿拉伯语,,,否,0,,,
居家购物,,,否,0,,,
烟台综合,,,否,0,,,
潍坊综合,,,否,0,,,
潍坊科教,,,否,0,,,
淄博综合,,,否,0,,,
威海综合,,,否,0,,,
德州综合,,,否,0,,,
东营综合,,,否,0,,,
日照综合,,,否,0,,,
滨州综合,,,否,0,,,
菏泽综合,,,否,0,,,
菏泽公共,,,否,0,,,
淄川综合,,,否,0,,,
周村综合,,,否,0,,,
临淄综合,,,否,0,,,
兖州综合,,,否,0,,,
五莲综合,,,否,0,,,
东昌综合,,,否,0,,,
巨野综合,,,否,0,,,
梨园频道,,,否,0,,,
快乐购,,,否,0,,,
影迷电影,,,否,0,,,
动作电影,,,否,0,,,
KAKU少儿,,,否,0,,,
岱岳,,,否,0,,,
求索纪实,,,否,0,,,
[BD]hola! tv latin america,,,否,0,Generic,Argentina,Argentina
[BD]new brasil,,,否,0,News,Brazil,Brazil
MTV (United States) (1080p),,,否,0,Entertainment,,
Law & Crime (720p),,,否,0,Documentary,,
Kanal D Drama (1080p),,,否,0,Entertainment,,
La Descarga TV [Geo-blocked],,,否,0,General,,
Med Muzik (1080p),,,否,0,Music,,
LM TV French (720p) [Not 24/7],,,否,0,Religious,,
MorroTV (720p) [Not 24/7],,,否,0,General,,
MediCOOL TV,,,否,0,Lifestyle,,
LBC (576p),,,否,0,General,,
Mooz Hits,,,否,0,Music,,
Kawanua TV (720p),,,否,0,General,,
KC2 (720p) [Not 24/7],,,否,0,Entertainment,,
LLBN His Light (720p),,,否,0,Religious,,
Midpen Media Center Channel 75 (720p),,,否,0,Culture,,
Mireasa (720p),,,否,0,Series,,
Lyxfallan,,,否,0,Entertainment,,
LoveWorld Arabic (360p),,,否,0,Religious,,
Kurd Channel,,,否,0,Undefined,,
Mega TV (Paraguay) (1080p),,,否,0,News,,
MTR (1080p),,,否,0,General,,
Kurdsat News (1080p),,,否,0,News,,
KandelaTV (480p),,,否,0,Music,,
LoveWorld USA (720p),,,否,0,Religious,,
Mi Musica Romantica (1080p),,,否,0,Music,,
MCN6 Music Channel (1080p) [Not 24/7],,,否,0,Animation;Kids;Music,,
Logos TV (Spain) (1080p) [Not 24/7],,,否,0,Religious,,
Kurdistan 24 (1080p),,,否,0,News,,
Key & Peele DK,,,否,0,Comedy,,
Kurdsat (1080p),,,否,0,Entertainment,,
Legendarnyy 24,,,否,0,News,,
Logos TV Kids (720p) [Not 24/7],,,否,0,Kids;Religious,,
MBC 1 (1080p),,,否,0,General,,
Kan Educational (720p),,,否,0,Education,,
LN24SA (1080p),,,否,0,News,,
Mir 24 (1080p),,,否,0,News,,
La Comarca TV (720p),,,否,0,General,,
Manoranjan Movies (576p),,,否,0,Movies,,
Kanal 35 (720p),,,否,0,General,,
Match! Boets (576p),,,否,0,Sports,,
Kern County TV,,,否,0,Legislative,,
Merit Street (1080p),,,否,0,Entertainment,,
Moviedome (720p),,,否,0,Movies,,
MBC 1 USA (1080p) [Geo-blocked],,,否,0,General,,
Milliy (1080p),,,否,0,General,,
Maqui TV,,,否,0,Music,,
KinoBoevik (1080p),,,否,0,Movies,,
Lila TV Pencahue,,,否,0,General,,
King TV (720p) [Not 24/7],,,否,0,Religious,,
Kuriakos Music (1080p),,,否,0,Music,,
KTV Sport (1080p),,,否,0,Sports,,
Moya stikhiya HD (1080p),,,否,0,Travel,,
LBC International (1080p),,,否,0,General,,
Lider TV (Peru) (720p),,,否,0,General,,
Moconomy,,,否,0,Undefined,,
Kuhnya (576p),,,否,0,Cooking,,
MBC Persia (1080p),,,否,0,Entertainment,,
Monte Carlo Digital Television (1080p),,,否,0,Lifestyle,,
Khushboo Bangla (720p),,,否,0,Entertainment,,
Kayhan TV (720p),,,否,0,Music,,
Movies! KPVM-LD,,,否,0,Movies,,
Kpop Mix (720p),,,否,0,Undefined,,
Karbala Documentary,,,否,0,Documentary;Religious,,
MBC 3 USA (1080p) [Geo-blocked],,,否,0,Kids,,
Luksusfaelden,,,否,0,Entertainment,,
MNTV,,,否,0,Business,,
Loading (720p),,,否,0,Entertainment,,
Kerusso TV (720p),,,否,0,Religious,,
KinoHit (576p),,,否,0,Movies,,
Madani Channel English (720p),,,否,0,Religious,,
KTV Ethraa (1080p),,,否,0,Religious,,
MK Six (576p),,,否,0,Entertainment,,
MTurk TV (1080p),,,否,0,General,,
Mooz Ro!,,,否,0,Music,,
Lemar TV (720p),,,否,0,Entertainment,,
Montecristi Digital 8 [Geo-blocked],,,否,0,General,,
Louis La Brocante,,,否,0,Series,,
Lobo TV (720p),,,否,0,Music,,
Mh 1 Prime (576p),,,否,0,General,,
MediBizTV (720p),,,否,0,Education;News;Science,,
MBC 1 Egypt (1080p),,,否,0,General,,
Khabrain Abhi Tak (576p),,,否,0,News,,
MegaBox (720p) [Not 24/7],,,否,0,Music,,
LifeTv (1080p),,,否,0,Religious,,
Litoral Atlantico HD (720p),,,否,0,General,,
Lyxfallan Danmark,,,否,0,Entertainment,,
Mahaa Max (1080p),,,否,0,Entertainment,,
Kaumudy TV (720p),,,否,0,General,,
Kino TV HD (1080p),,,否,0,Movies,,
MCN Television (720p),,,否,0,Religious,,
Mana Church Online (1080p) [Not 24/7],,,否,0,Religious,,
LLBN His Word (720p),,,否,0,Religious,,
Merry Christmas from Viafree DK,,,否,0,Movies,,
MBC+ Drama (1080p),,,否,0,Movies,,
Kalinga TV (720p),,,否,0,News,,
MC TV (720p),,,否,0,Entertainment,,
MNT WWOR-TV,,,否,0,General,,
MBC 4 (1080p),,,否,0,Entertainment,,
Mahaa News (1080p),,,否,0,News,,
Moldova 2 (1080p),,,否,0,General,,
KTN News (360p),,,否,0,News,,
Kangba TV,,,否,0,General,,
Mas Norte TV [Not 24/7],,,否,0,General,,
MH One Dil Se (576p),,,否,0,Entertainment,,
Majid Al Mohandis (1080p),,,否,0,Music,,
Maldives TV (720p),,,否,0,Travel,,
L!ke (1080p),,,否,0,Undefined,,
Lira TV,,,否,0,News,,
Mi Musica Salsa (1080p),,,否,0,Music,,
Metro TV (Honduras) (720p),,,否,0,Entertainment,,
Merry Christmas from Viafree,,,否,0,Movies,,
Kashish News (720p),,,否,0,News,,
KTV Sport Plus (1080p),,,否,0,Sports,,
Mision ELTV (720p),,,否,0,Religious,,
Mango Mobile TV (1080p),,,否,0,Entertainment,,
Kalu TV (1080p),,,否,0,General,,
Laff WJLP (576p),,,否,0,Comedy,,
Mooz Dance,,,否,0,Music,,
Midsomer Murders (1080p),,,否,0,Series,,
Makao TV (1080i),,,否,0,Music,,
Matele (1080p) [Not 24/7],,,否,0,General,,
La C TV (720p),,,否,0,General,,
KK TV (1080p),,,否,0,Religious,,
Mas FM (720p),,,否,0,Music,,
Koogi TV (1080p),,,否,0,Kids;Religious,,
Latino Channel TV (1080p),,,否,0,General,,
Kanal 7 Avrupa (720p) [Not 24/7],,,否,0,Entertainment,,
Moldova 1 (1080p),,,否,0,General,,
Kanal 12 (720p),,,否,0,General,,
LRT Plius (1080p),,,否,0,Culture;Sports,,
Laguna TV (1080p) [Not 24/7],,,否,0,General,,
Kino 1 (Russia) [Not 24/7],,,否,0,Movies,,
M-1 (480p),,,否,0,Music,,
MNX (576p),,,否,0,Movies,,
LaC News 24 (720p),,,否,0,News,,
MI Turno TV,,,否,0,General,,
Konya Olay TV (720p),,,否,0,General,,
MaLive (1080p),,,否,0,Entertainment,,
Kanal 3 (1080p) [Not 24/7],,,否,0,General,,
Mr Bean Animated (1080p),,,否,0,Animation;Kids,,
KTV News (1080p),,,否,0,News,,
Kanal Firat (720p) [Not 24/7],,,否,0,General,,
Litus TV (720p) [Not 24/7],,,否,0,General,,
MH One Shraddha (576p),,,否,0,Religious,,
KTV Bangla (720p),,,否,0,General,,
Littoral FM TV (720p),,,否,0,Music,,
Khabar (576p),,,否,0,General,,
Mana Cirkev Online (1080p) [Not 24/7],,,否,0,Religious,,
Kinokomedija (576p),,,否,0,Comedy,,
Kontra Channel (1080p),,,否,0,General,,
Monster Jam (720p),,,否,0,Outdoor;Sports,,
MovieSphere (1080p),,,否,0,Movies,,
Minformo TV (720p),,,否,0,News,,
Mega Cine TV (1080p),,,否,0,Movies,,
LabbaykTV,,,否,0,Undefined,,
Le miracle de l'amour,,,否,0,Series,,
KIIO-LD 10.1,,,否,0,Culture,,
Madras FM TV (1080p),,,否,0,Music,,
MMA-TV.com (1080p),,,否,0,Sports,,
Localish (1080p),,,否,0,Lifestyle,,
MBC Iraq (1080p),,,否,0,General,,
Marka TV (720p) [Not 24/7],,,否,0,General,,
Marina TV (1080p),,,否,0,Music,,
Les Annees fac,,,否,0,Series,,
Kinoteatr (1080p),,,否,0,Movies,,
Lex TV (720p),,,否,0,Legislative,,
Luna TV Canal 53 (720p),,,否,0,General,,
Mr Bean Animated ES (1080p),,,否,0,Animation;Kids,,
La 100 (1080p),,,否,0,Music,,
La Reina TV [Geo-blocked],,,否,0,General,,
Love Pets (1080p),,,否,0,Documentary,,
LLBN TV Arabic (480p),,,否,0,Religious,,
KCM India (1080p) [Geo-blocked],,,否,0,Entertainment;Movies,,
Misiones Cuatro,,,否,0,General,,
La Voz de Jesus HD (720p),,,否,0,Religious,,
Made In Hollywood,,,否,0,Movies,,
Kish TV,,,否,0,General,,
Medium (Germany),,,否,0,Movies;Series,,
Maraya (1080p),,,否,0,Series,,
Lanthung TV,,,否,0,Undefined,,
Kongress TV (1080p),,,否,0,General,,
Khanh Hoa TV (1080p),,,否,0,General,,
Logo Pluto TV,,,否,0,Entertainment,,
Kanal 15 (720p) [Not 24/7],,,否,0,General,,
Kanal S,,,否,0,General,,
Lyxfallan Norge,,,否,0,Entertainment,,
LGD Television (720p),,,否,0,Religious,,
KRC TV,,,否,0,General,,
Lepanto TV,,,否,0,General,,
Media TV (720p),,,否,0,General,,
Limon TV (1080p) [Not 24/7],,,否,0,General,,
Mir HD (1080p) [Not 24/7],,,否,0,General,,
Los archivos del FBI,,,否,0,Series,,
Miavision TV (1080p) [Not 24/7],,,否,0,General,,
Lokale Omroep Zeewolde (720p),,,否,0,General,,
MBC 5 (1080p),,,否,0,Family,,
Manu Chat,,,否,0,Undefined,,
Lapki Live (576p),,,否,0,Undefined,,
Love The Planet (1080p),,,否,0,Documentary,,
KVN TV (576p),,,否,0,Comedy,,
KidsFlix (1080p) [Not 24/7],,,否,0,Kids;Movies,,
LS TV (480p),,,否,0,Shop,,
Metropoli Medios TV (720p),,,否,0,Music,,
Living Asia Channel (1080p),,,否,0,Travel,,
Kurdistan TV (720p) [Not 24/7],,,否,0,General,,
Mad Dog and Merrill (540p) [Not 24/7],,,否,0,Cooking,,
Montones TV (1080p),,,否,0,Music,,
Le Nouveau Manager TV,,,否,0,Business,,
Moya Planeta (1080p),,,否,0,Outdoor,,
Le Cronache TV (720p),,,否,0,General,,
La Hora TV (720p) [Not 24/7],,,否,0,General,,
Klara (720p),,,否,0,Music,,
KCTV (720p) [Not 24/7],,,否,0,General,,
Latest TV (480p),,,否,0,General,,
LEO Middelse TV (480p),,,否,0,General,,
Match! Planeta (576p),,,否,0,Sports,,
Kantipur TV,,,否,0,General,,
Kan 11 (1080p),,,否,0,General,,
LAMIL35 TV,,,否,0,Animation;Classic;Entertainment,,
Melody FM (720p) [Not 24/7],,,否,0,Music,,
Mora-Net TV (576p),,,否,0,General,,
Light Channel (Germany) (576p) [Not 24/7],,,否,0,Religious,,
Maha Movie (576p),,,否,0,Movies,,
MTA5 Africa (1080p),,,否,0,Religious,,
KCL TV (720p),,,否,0,Entertainment,,
Mirovoe kino (1080p),,,否,0,Movies,,
KN Music TV,,,否,0,Music,,
MTA4 Africa (1080p),,,否,0,Religious,,
MTA3 Al-Arabia (1080p),,,否,0,Religious,,
LGTV (1080p),,,否,0,Legislative,,
Khalij-e Fars TV,,,否,0,General,,
Las Vegas Tonight with Dale Davidson (1080p),,,否,0,General,,
Maah TV (720p),,,否,0,Movies,,
Merry Christmas from Viafree NO,,,否,0,Movies,,
La Potente Radio TV,,,否,0,Entertainment,,
MiTV (720p),,,否,0,Entertainment,,
Marca TV (1080p),,,否,0,General,,
Latina TV (1080p),,,否,0,General,,
KTK HD (720p) [Not 24/7],,,否,0,General,,
Kalika TV (576p),,,否,0,Music,,
Les filles d'a cote,,,否,0,Series,,
Mana Eglise Online (1080p) [Not 24/7],,,否,0,Religious,,
Man with a Plan NO,,,否,0,Comedy,,
Lollywood HD TV,,,否,0,Movies,,
Mazhavil Manorama (576p),,,否,0,Entertainment,,
Kaloopy TV (1080p),,,否,0,Lifestyle,,
Love & Hip Hop,,,否,0,Series,,
Mas Talk (1080p),,,否,0,Entertainment,,
Monterrico TV,,,否,0,Sports,,
Lausitzwelle (1080p),,,否,0,Music,,
KIIO-LD 10.4 (480p),,,否,0,Culture,,
mfm (1080p),,,否,0,Music,,
Lao Net TV (720p),,,否,0,Undefined,,
MTA8 America (1080p),,,否,0,Religious,,
Master Chefs Academy TV (720p),,,否,0,Cooking;Education,,
MRVTV Channel 45 (720p),,,否,0,General,,
Little Stars Universe,,,否,0,Kids,,
LLBN TV Chinese (480p),,,否,0,Religious,,
MDF.1 (1080p),,,否,0,General,,
Los Asesinatos de Midsomer,,,否,0,Series,,
Lao SV TV (480p),,,否,0,Shop,,
MaviKaradeniz TV (1080p) [Not 24/7],,,否,0,General,,
Max TV (1080p),,,否,0,General,,
Motorvision (1080p),,,否,0,Auto,,
Makina TV (720p) [Not 24/7],,,否,0,General,,
Medi1TV Arabic (1080p),,,否,0,News,,
LRT Opus (1080p),,,否,0,Music,,
Marutam TV (1080p),,,否,0,Entertainment,,
Luksusfellen Sverige,,,否,0,Series,,
Marjaeyat TV Arabic (1080p),,,否,0,Religious,,
LIVExLIVE (1080p),,,否,0,Music,,
Kalac TV (1080p),,,否,0,General,,
Kinopokaz (576p),,,否,0,Movies,,
La Granja TV,,,否,0,Music,,
Kinouzhas (576p),,,否,0,Movies,,
KTV Arabe (1080p),,,否,0,Culture,,
Lana TV (576p),,,否,0,General,,
Mihan TV,,,否,0,News,,
Marla Vision (576p) [Not 24/7],,,否,0,General,,
LRT Lituanica (1080p) [Geo-blocked],,,否,0,General,,
Marjaeyat TV English (1080p),,,否,0,Religious,,
Klovn,,,否,0,Comedy,,
LRT Klasika (1080p),,,否,0,Music,,
Mercan TV (576p) [Not 24/7],,,否,0,Undefined,,
Look Thoong TV (720p) [Not 24/7],,,否,0,Music,,
Kapitan Fantastika (1080p),,,否,0,Kids,,
MBTV (720p),,,否,0,Legislative,,
MRVTV Channel 44 (720p),,,否,0,General,,
Lenca TV (720p) [Not 24/7],,,否,0,News,,
Lao-Thai TV (720p),,,否,0,Shop,,
Madani TV (720p),,,否,0,Religious,,
Line TV (720p) [Not 24/7],,,否,0,General,,
LLBN TV Korean (480p),,,否,0,Religious,,
MAS TV,,,否,0,General,,
MBC Masr 2 (1080p),,,否,0,General,,
Luksusfellen,,,否,0,Entertainment,,
Makon TV (576i),,,否,0,Entertainment,,
Mr Bean Animated IT (1080p),,,否,0,Animation;Kids,,
Mega TV (United States) WSBS-TV (1080p),,,否,0,General,,
Millet (720p),,,否,0,News,,
La Clave (720p),,,否,0,Music,,
Momento24,,,否,0,News,,
Makkal TV (576i),,,否,0,General,,
La Voz de Maria (720p),,,否,0,Religious,,
Med kniven for struben,,,否,0,Cooking;Lifestyle,,
L1 TV (720p) [Not 24/7],,,否,0,General,,
Lotte Home Shopping (720p),,,否,0,Shop,,
KTV Al Qurain (1080p),,,否,0,Religious,,
Marga Marga TV (720p),,,否,0,General,,
LRT Radijas (1080p),,,否,0,News,,
Latina Noticias 24/7 (1080p),,,否,0,News,,
La 8 Mediterraneo (1080p),,,否,0,General,,
Kinomix (576p),,,否,0,Movies,,
Man with a Plan,,,否,0,Comedy,,
La Popular TV,,,否,0,General,,
MMTV (1080p),,,否,0,General,,
Mosaique FM (1080p),,,否,0,Music,,
Mercy TV (India) (1080p),,,否,0,Religious,,
Medi1TV Maghreb (1080p),,,否,0,News,,
Les Nouveaux Detectives,,,否,0,Series,,
Most Haunted (1080p),,,否,0,Series,,
KBS Joy [Not 24/7],,,否,0,Entertainment,,
Mahaasin TV,,,否,0,Religious,,
Lamore Rock Show WebTV (720p),,,否,0,Music,,
Kidoodle.TV (1080p),,,否,0,Kids,,
MasMusica FM (720p),,,否,0,Music,,
Living Faith TV (540p),,,否,0,Religious,,
Mazhavil Manorama HD (1080p),,,否,0,Entertainment,,
Mel Radio TV (360p),,,否,0,Entertainment,,
More TV Drama,,,否,0,Entertainment,,
Kanal 26 (720p) [Not 24/7],,,否,0,General,,
Maasranga TV (720p),,,否,0,Entertainment,,
Mercurio Noticias,,,否,0,News,,
MovieSphere AU (1080p),,,否,0,Movies,,
KaufBei TV (576p),,,否,0,Shop,,
MISA TV,,,否,0,Religious,,
Maray TV,,,否,0,General,,
Mr Bean Animated FR (1080p),,,否,0,Animation;Kids,,
MLB Strike Zone (720p),,,否,0,Sports,,
Mana Iglesia Online (1080p) [Not 24/7],,,否,0,Religious,,
Madani Channel Urdu (720p),,,否,0,Religious,,
Linieros TV (480p) [Not 24/7],,,否,0,News,,
KTOO 360TV KTOO-TV,,,否,0,Undefined,,
Lotte OneTV (720p),,,否,0,Shop,,
MBC Bollywood (1080p) [Geo-blocked],,,否,0,Movies,,
More Pluto TV Comedy,,,否,0,Comedy,,
Ma'an TV (720p),,,否,0,News,,
La Caleta TV (720p) [Not 24/7],,,否,0,General,,
MNB Sport (1080p),,,否,0,Sports,,
Las Tortugas Ninja (720p),,,否,0,Animation,,
Man with a Plan DK,,,否,0,Comedy,,
Kenan & Kel,,,否,0,Series,,
Mr Bean Live Action (1080p),,,否,0,Comedy;Kids,,
Mission Asia (1080p),,,否,0,Religious,,
Kanal D (Romania) (480p),,,否,0,General,,
MasterChef,,,否,0,Series,,
Mh 1 News (576p),,,否,0,News,,
Magic PowerRadio (288p) [Not 24/7],,,否,0,Entertainment,,
More True Crime,,,否,0,Series,,
Madani Channel Bangla (1080p),,,否,0,Religious,,
Kanal D2 (1080i),,,否,0,Undefined,,
MasterChef Danmarks storste madtalenter,,,否,0,Cooking;Lifestyle,,
Komaromi Televizio (400p),,,否,0,General,,
Live99FM (1080p),,,否,0,Music,,
Kanal 33 (720p) [Not 24/7],,,否,0,General,,
Komedia (576p),,,否,0,Comedy,,
Lancelot TV (404p),,,否,0,General,,
Metropolitana del Cuzco,,,否,0,Music,,
Mh 1 Music (720p),,,否,0,Music,,
Matlock (Sweden) NO,,,否,0,Classic;Series,,
Kanal 32 (720p) [Not 24/7],,,否,0,General,,
Koch'en pa toppen,,,否,0,Cooking;Lifestyle,,
Mission Impossible (Sweden) DK,,,否,0,Classic;Series,,
Kecskemeti TV (416p) [Not 24/7],,,否,0,General,,
MBC Masr Drama (1080p),,,否,0,Series,,
Media One (720p),,,否,0,News,,
MacGyver (United States) LatAm,,,否,0,Classic,,
Latina TV Internacional (720p),,,否,0,General,,
Miras (406p) [Not 24/7],,,否,0,Culture,,
Knock Bhakti (1080p),,,否,0,Religious,,
MST3K (1080p),,,否,0,Series,,
La Morada Radio TV (720p),,,否,0,Music,,
Montreal Greek TV (480p),,,否,0,Culture,,
Magic TV (Bulgaria) (720p),,,否,0,Music,,
Kids Movie Club,,,否,0,Kids;Movies,,
Lokshahi News (576p),,,否,0,News,,
Marjaeyat TV Persian (240p) [Not 24/7],,,否,0,Religious,,
Maria Vision (360p) [Not 24/7],,,否,0,Religious,,
m2o TV (1080p),,,否,0,Music,,
Mir Belogorya (720p) [Geo-blocked],,,否,0,Undefined,,
Mana Igreja Online (1080p) [Not 24/7],,,否,0,Religious,,
Miel TV (720p),,,否,0,Music,,
Manoranjan Grand (720p),,,否,0,Movies,,
Kuraj-TV (576p),,,否,0,General,,
MTC,,,否,0,Undefined,,
KBSV 23.1 (720p) [Not 24/7],,,否,0,General;Religious,,
Kapaz TV,,,否,0,News,,
Le sorelle McLeod,,,否,0,Series,,
Maimon TV Canal 3 (720p) [Not 24/7],,,否,0,Music,,
MadeinBO TV (1080p),,,否,0,Sports,,
Lugansk 24,,,否,0,General,,
Luz Divina TV [Not 24/7],,,否,0,Religious,,
Medium (Sweden) DK,,,否,0,Series,,
La Chilena TV,,,否,0,General,,
Kyiv (1080p),,,否,0,News,,
MierschTV,,,否,0,General,,
MerweTV (720p),,,否,0,General,,
KSCE 38.1 (360p),,,否,0,Religious,,
LLBN TV Latino (480p),,,否,0,Religious,,
KBC News (1080p),,,否,0,News,,
Mahaa Bhakti (1080p),,,否,0,Religious,,
Langstraat TV (720p),,,否,0,General,,
More TV Crime,,,否,0,Series,,
Mission Impossible (United States),,,否,0,Series,,
M95 Television Marbella (1080p) [Not 24/7],,,否,0,News,,
Magnavision TV (720p),,,否,0,Entertainment,,
Midnight Pulp (1080p),,,否,0,Entertainment,,
Malai Murasu TV (576p),,,否,0,News,,
MovieSphere UK (1080p),,,否,0,Movies,,
Manaclar Television [Not 24/7],,,否,0,General,,
La Tele (1080p),,,否,0,Entertainment,,
Mathrubhumi News (576p),,,否,0,News,,
Krik-TV (1080p),,,否,0,News,,
LifevisionTV (406p) [Not 24/7],,,否,0,Religious,,
MBC Masr (1080p),,,否,0,General,,
Leominster TV Educational (720p),,,否,0,Education,,
Kolkata TV (1080p),,,否,0,News,,
MBC FM (1080p),,,否,0,Music,,
Mana Tserkov' Onlayn (1080p) [Not 24/7],,,否,0,Religious,,
Knowledge Network (720p) [Geo-blocked],,,否,0,Education;Kids,,
Maria Vision Italia (1080p),,,否,0,Religious,,
MLB (720p),,,否,0,Sports,,
Milenial TV,,,否,0,General,,
Middle East TV (1080p),,,否,0,Religious,,
Lombardia TV,,,否,0,General,,
Komala TV,,,否,0,Culture,,
Mei Ah Movie Channel (1080p),,,否,0,Movies,,
Marsella TV,,,否,0,General,,
MTNA TV,,,否,0,Religious,,
LDPR TV (1080p),,,否,0,General,,
Mission Impossible (Sweden) NO,,,否,0,Classic;Series,,
Mojo TV (576p),,,否,0,News,,
MQTV (720p) [Not 24/7],,,否,0,Religious,,
Mei Alai TV (576p),,,否,0,General,,
Medium (Sweden) NO,,,否,0,Series,,
Love Nature (1080p),,,否,0,Outdoor,,
KTV 1 (1080p),,,否,0,General,,
KempenTV (480p),,,否,0,General,,
Kerman TV,,,否,0,General,,
Kanshi TV (720p) [Not 24/7],,,否,0,Religious,,
Kalaignar Murasu (396p),,,否,0,Entertainment,,
Leominster TV Government (720p),,,否,0,Legislative,,
MBC America (1080p),,,否,0,Culture;Entertainment;Music,,
Mindanow Network TV (1080p),,,否,0,General,,
L1 Max (1080p),,,否,0,Sports,,
Kite Victers (720p) [Not 24/7],,,否,0,Education,,
Komediynoe HD (1080p),,,否,0,Comedy,,
Mahabad TV,,,否,0,General,,
Ministerio La Voz De Un Remanente TV,,,否,0,Religious,,
Moon TV (576p),,,否,0,News,,
Medjugorje Italia TV (480p),,,否,0,Religious,,
LOE TV (720p),,,否,0,General,,
McLeod's Daughters (1080p),,,否,0,Series,,
MNT WCIV (1080p),,,否,0,General,,
KBS America,,,否,0,Undefined,,
Kalaignar TV (396p),,,否,0,General,,
Lone Star Poland (720p),,,否,0,Entertainment,,
Kilisuci TV,,,否,0,General,,
Kulinar TV (576p),,,否,0,Cooking,,
Kuriakos Kids (1080p),,,否,0,Animation;Kids;Religious,,
Morning Cloud TV (720p),,,否,0,Religious,,
Moskva 24 (1080p),,,否,0,General,,
Mir Kazakhstan (576p),,,否,0,General,,
Love Nature 4K (2160p) [Geo-blocked],,,否,0,Outdoor,,
MacGyver (Sweden),,,否,0,Classic;Series,,
Meridiano TV (576p),,,否,0,Sports,,
KIT-TV (720p),,,否,0,Religious,,
Maria Vision USA (1080p),,,否,0,Religious,,
Lansingerland TV (720p),,,否,0,General,,
Kartoon Channel! (1080p),,,否,0,Kids,,
Kuriakos Cine (1080p),,,否,0,Movies,,
Maidan (720p),,,否,0,Music,,
LEGO Kids TV,,,否,0,Kids,,
Latina (1080p),,,否,0,General,,
Mega (Ukraine) (1080p),,,否,0,Undefined,,
Madaniyat va ma'rifat (576p),,,否,0,General,,
Megavision Canal 19 (720p),,,否,0,General,,
MH One Movies (576p),,,否,0,Movies,,
MDR Fernsehen Thuringen,,,否,0,General,,
Kocaeli TV (1080p),,,否,0,General,,
Lake Havasu City 4,,,否,0,Legislative,,
Maverick Black Cinema (1080p),,,否,0,Movies,,
Maya TV,,,否,0,News,,
MBC Masr USA (1080p),,,否,0,General,,
Moonbug Kids (1080p),,,否,0,Kids,,
Movie Music by Stingray (1080p),,,否,0,Music,,
Mnau TV (1080p),,,否,0,Undefined,,
Kanal V (720p) [Not 24/7],,,否,0,General,,
KSCE 38.3 (360p),,,否,0,Religious,,
KulturMD (1080p),,,否,0,Culture,,
MDL (720p),,,否,0,Undefined,,
Monroe County TV (1080p),,,否,0,Legislative,,
Milenio Television (720p),,,否,0,News,,
Moldova TV (1080p),,,否,0,General,,
Khavaran TV,,,否,0,General,,
Moy mir (720p),,,否,0,Shop,,
KNXV-TV 61.1 (720p),,,否,0,General,,
Latina Clasicos (1080p),,,否,0,Series,,
Lucky Dog (720p),,,否,0,Documentary,,
Kanal 23 (1080p),,,否,0,General,,
Kanal Jadid,,,否,0,General,,
Mijas 3.40TV (720p),,,否,0,General,,
Lego Channel (1080p),,,否,0,Kids,,
Meta Film TV,,,否,0,Movies,,
Leominster TV Public (720p) [Not 24/7],,,否,0,General,,
Landle TV (1080p) [Not 24/7],,,否,0,General,,
Mama (576p),,,否,0,Kids,,
Matlock (United States) CA,,,否,0,Series,,
Manavision (480p),,,否,0,Culture,,
MovieSphere CA,,,否,0,Movies,,
Kriti TV (1080p),,,否,0,General,,
Liceum TV (576p),,,否,0,Culture;Education,,
LLBN TV Romanian (480p),,,否,0,Religious,,
La Ruta TV,,,否,0,General,,
La-X (720p),,,否,0,Music,,
Maria+Vision Medjugorje (720p),,,否,0,Religious,,
Kanal Hayat (1080p),,,否,0,General,,
Mir Seriala (576p),,,否,0,Series,,
Lanzhou Culture & Tourism Channel,,,否,0,Culture,,
Loreto TV (720p),,,否,0,General,,
Love Nature HD (1080p),,,否,0,Outdoor,,
Kent Turk (1080p) [Not 24/7],,,否,0,General,,
Mexiquense TV (720p),,,否,0,General,,
Mixkurdy (1080p),,,否,0,Family,,
MovieSphere Gold WFXT (1080p),,,否,0,Movies,,
La Melinkana TV (720p),,,否,0,Entertainment,,
Matlock (Sweden) DK,,,否,0,Classic;Series,,
Manoranjan Prime (576p),,,否,0,Entertainment,,
Lietuvos Rytas TV (1080p),,,否,0,Entertainment,,
Movie Bangla,,,否,0,Movies,,
Movies Action (1080p),,,否,0,Movies,,
MTRK (576p),,,否,0,General,,
LoveworldSAT (1080p),,,否,0,Religious,,
Los Angeles TV Radio,,,否,0,Music,,
La Tele Tuya (576p),,,否,0,Entertainment,,
Libya Al Wataniya (360p),,,否,0,General,,
Kanal 58 (720p) [Not 24/7],,,否,0,General,,
Kappa TV (576p),,,否,0,Lifestyle,,
Lanzhou Comprehensive News Channel,,,否,0,News,,
Midpen Media Center Channel 26 (720p),,,否,0,Undefined,,
Martin County TV (720p),,,否,0,Legislative,,
Moskva. Doveriye (576p),,,否,0,General,,
LLBN TV South Asia (480p),,,否,0,Religious,,
MacGyver (Sweden) DK,,,否,0,Classic;Series,,
Kordia TV (1080p),,,否,0,Undefined,,
Mix Hollywood (1080p),,,否,0,Movies,,
LATV (1080p) [Geo-blocked],,,否,0,Entertainment,,
Monaco Info (1080p),,,否,0,News,,
Key & Peele,,,否,0,Comedy,,
MBC Drama (United Arab Emirates) (1080p),,,否,0,Entertainment,,
Kapos TV (1080p),,,否,0,General,,
Mission Impossible (United States) CA,,,否,0,Series,,
MHZ,,,否,0,Entertainment,,
Midpen Media Center Channel 29 (720p),,,否,0,Legislative,,
Kinopremyera HD (1080p),,,否,0,Movies,,
Lahore News (720p) [Not 24/7],,,否,0,News,,
Minika Cocuk (720p),,,否,0,Kids,,
MTV2 (720p),,,否,0,Entertainment,,
Live Music,,,否,0,Entertainment,,
Miracle Channel (1080p),,,否,0,News,,
Miracle TV (480p),,,否,0,Religious,,
KiKA (1080p) [Not 24/7],,,否,0,Kids,,
Mahimai TV (576p),,,否,0,Religious,,
KTV 2 (1080p),,,否,0,Culture;News,,
Megavision Canal 21 (720p),,,否,0,General,,
Mastiii (576p),,,否,0,Music,,
Majestad TV (480p) [Not 24/7],,,否,0,Religious,,
MacGyver (Sweden) NO,,,否,0,Classic;Series,,
Metropola TV (1080p) [Not 24/7],,,否,0,General,,
Mega TV Jaen (720p),,,否,0,General,,
Maha Punjabi,,,否,0,Entertainment,,
La TR3 Marsala (720p),,,否,0,General,,
More Than Sports TV (1080p),,,否,0,Sports,,
MBC Drama USA (1080p),,,否,0,Series,,
Mango (India) (576p),,,否,0,Entertainment,,
KiKA HD,,,否,0,Kids,,
Lifetime Latin America (1080p),,,否,0,Entertainment,,
Meteonews (1080p),,,否,0,Weather,,
LoveWorld Persia (720p),,,否,0,Religious,,
KBP Times (1080p),,,否,0,News,,
Married with Children,,,否,0,Series,,
LON TV (720p),,,否,0,Undefined,,
Kozoom TV (1080p),,,否,0,Sports,,
La Nuestra (1080p),,,否,0,Entertainment,,
Mit plastikmareridt,,,否,0,Entertainment,,
KNino (1080p),,,否,0,Entertainment,,
Movies Thriller (1080p),,,否,0,Movies,,
La Kalle (720p),,,否,0,Music,,
Langt fra Bryggen,,,否,0,Entertainment,,
Midpen Media Center Channel 28 (720p),,,否,0,Education,,
KVTN-DT 25.1 (720p),,,否,0,Religious,,
Little Guyana TV (1080p),,,否,0,General,,
La Fabulosa TV (720p),,,否,0,Music,,
More TV Sci-fi,,,否,0,Movies;Series,,
La Metro TV (1080p),,,否,0,General,,
Mazzika (576p),,,否,0,Music,,
Mas23 TV,,,否,0,Music,,
Mercy and Truth Ministries Television (720p),,,否,0,Religious,,
Meltem TV (1080p),,,否,0,General,,
Master TV (720p),,,否,0,General,,
KpopTV Play (576p),,,否,0,Music,,
MCM Top (576p),,,否,0,Music,,
Kiss TV (1080p),,,否,0,Music,,
L'altro Corriere TV,,,否,0,News,,
MCN6 Arts Channel (1080p) [Not 24/7],,,否,0,Culture;Education,,
Manoranjan TV (720p),,,否,0,Entertainment,,
Misterios sin resolver,,,否,0,Series,,
Mas adrenalina,,,否,0,Entertainment,,
Kuriakos TV (1080p),,,否,0,Religious,,
Makan 33 (1080p),,,否,0,News,,
Minika Go (720p),,,否,0,Kids,,
Matlock (United States),,,否,0,Series,,
Le Figaro TV Ile-de-France (1080p),,,否,0,General,,
Kinosemja (576p),,,否,0,Movies,,
Monte Maria (1080p),,,否,0,Religious,,
Makkah TV (576p),,,否,0,Religious,,
LatacungaTV (360p),,,否,0,Entertainment,,
Lena TV [Not 24/7],,,否,0,General,,
Living India News (1080p),,,否,0,News,,
Minimax (Pakistan) (360p),,,否,0,Kids,,
MSG (720p),,,否,0,Sports,,
Matribhumi TV (720p),,,否,0,Undefined,,
Manorama News (1080p),,,否,0,News,,
Khorasan Razavi TV,,,否,0,General,,
KSTV Uganda,,,否,0,Religious,,
More TV Sitcoms,,,否,0,Comedy,,
Midpen Media Center Channel 30 (720p),,,否,0,Culture,,
M News (1080p),,,否,0,News,,
MAX Anime (1080p),,,否,0,Animation,,
La Top 102.9 (720p),,,否,0,Music,,
KTV (South Korea) (1080p),,,否,0,Legislative;News,,
Kiss Kiss TV (1080p),,,否,0,Music,,
Louga TV (480p),,,否,0,General,,
Kos TV (720p),,,否,0,General,,
MTV Are you the One?,,,否,0,Series,,
Kenan & Kel BR,,,否,0,Series,,
Makoi Varosi Televizio (576p),,,否,0,General,,
KTK (576p),,,否,0,General,,
Kiss Kiss Napoli TV (720p),,,否,0,Music,,
Karcag TV (720p),,,否,0,General,,
Key & Peele NO,,,否,0,Comedy,,
Mezzo Live (1080p),,,否,0,Music,,
McLeods Tochter,,,否,0,Series,,
Kus-Kus,,,否,0,Undefined,,
Kanal Hovedstaden (720p) [Not 24/7],,,否,0,General,,
Logos TV English (1080p) [Not 24/7],,,否,0,Religious,,
Maxivision TV (720p),,,否,0,Entertainment,,
Microvision 10 (720p) [Not 24/7],,,否,0,General,,
Manas TV (1080p),,,否,0,Culture;Education;Entertainment,,
Mekameleen TV (1080p),,,否,0,News,,
Mi Musica Reggaeton (1080p),,,否,0,Music,,
MagellanTV Now (1080p),,,否,0,Documentary,,
Kerala Vision (576p),,,否,0,Entertainment,,
Lacrosse TV (720p),,,否,0,Sports,,
Kanizsa TV (400p),,,否,0,General,,
KMCT-TV 39.1,,,否,0,Entertainment,,
MCN6 Main Channel (1080p) [Not 24/7],,,否,0,Entertainment;General,,
Mission TV (1080p) [Not 24/7],,,否,0,Religious,,
Legislative Assembly of El Salvador (1080p) [Not 24/7],,,否,0,Legislative,,
Mantavya News (576p),,,否,0,News,,
La Nueva Radio TV 97.7 (1080p),,,否,0,Entertainment,,
Luz Naciente TV,,,否,0,Religious,,
Luys TV (1080p),,,否,0,Culture,,
Lalegul TV (1080p),,,否,0,Religious,,
Kordestan TV,,,否,0,General,,
KPVM-LD 25.1,,,否,0,General,,
LoveWorld UK (1080p) [Not 24/7],,,否,0,Religious,,
La 2 Catalunya (720p),,,否,0,General;Public,,
Khozestan TV,,,否,0,General,,
Mahalla (576p),,,否,0,Undefined,,
Love Nature en Espanol (1080p) [Geo-blocked],,,否,0,Undefined,,
MBC Mood (1080p),,,否,0,Music,,
M Sports (1080p),,,否,0,Sports,,
Kuban 24 (480p) [Geo-blocked],,,否,0,General,,
MNT WFLD (1080p),,,否,0,General,,
Khabar Fast (576p),,,否,0,News,,
Messatida TV (720p),,,否,0,Music,,
Libertas TV (1080p),,,否,0,General,,
Kay TV (576p) [Geo-blocked],,,否,0,General,,
Magnat (1080p),,,否,0,Shop,,
Madha TV (576p),,,否,0,Religious,,
Live Times (720p),,,否,0,News,,
Kronehit (1080p),,,否,0,Music,,
Pardesi TV (720p),,,否,0,Culture,,
Nickelodeon Classics (720p),,,否,0,Kids,,
Nashville CA,,,否,0,Series,,
Nickelodeon Classico (720p),,,否,0,Kids,,
One Piece FR,,,否,0,Animation,,
O! (576p),,,否,0,Kids,,
Payvand TV (Iran) (720p) [Not 24/7],,,否,0,Religious,,
NBC WHEC-TV (1080p),,,否,0,General,,
Peretz International (576p),,,否,0,Entertainment,,
One America News Network (720p),,,否,0,News,,
MTV Ex On The Beach,,,否,0,Entertainment,,
Nativa (720p),,,否,0,General,,
PiuraTV (720p),,,否,0,General,,
MTV Ex On The Beach NO,,,否,0,Entertainment,,
Paradise Hotel DK,,,否,0,Entertainment,,
OEPM TV (720p),,,否,0,Travel,,
Neox TV [Not 24/7],,,否,0,General,,
Now 90s00s (1080p),,,否,0,Music,,
Persiana Family,,,否,0,Movies,,
NosTV Bonaire 2,,,否,0,General,,
NTV (Brazil) (720p),,,否,0,Entertainment;General,,
Mundos Lacustres TV (720p),,,否,0,General,,
Oromar TV+ (720p),,,否,0,General,,
MyZen TV (1080p),,,否,0,Relax,,
Nickelodeon Teen (720p),,,否,0,Kids,,
Peques TV (720p),,,否,0,Kids,,
Olelo 53 (720p),,,否,0,Culture,,
Nick Jr. Club (Germany) (720p),,,否,0,Kids,,
PCT Channel 27 (720p),,,否,0,General,,
Nickelodeon Teen LatAm (720p),,,否,0,Kids,,
NewTV (1080p),,,否,0,General,,
Nova Era TV (1080p) [Not 24/7],,,否,0,Undefined,,
Outdoor Channel (1080p),,,否,0,Outdoor,,
MTV Dating (United States) CA,,,否,0,Series,,
OuterSphere (1080p),,,否,0,Movies;Series,,
Omroep Sudwest (720p),,,否,0,General,,
NK TV 24x7 (1080p),,,否,0,News,,
Newsy (1080p),,,否,0,News,,
Navarrete Television (1080p) [Not 24/7],,,否,0,General,,
NBC WPXI (1080p),,,否,0,General,,
Mult International (576p),,,否,0,Kids,,
OK Stendal (1080p),,,否,0,General,,
NBA TV (720p),,,否,0,Sports,,
NG Federal (720p),,,否,0,General,,
Nick Jr. (India) (576p),,,否,0,Kids,,
NK TV Bangla (1080p),,,否,0,News,,
National Geographic (United States) HD East (720p),,,否,0,Documentary,,
Omroep Venlo (720p),,,否,0,General,,
Omroep Brabant (1080p),,,否,0,General,,
PHXTV,,,否,0,Legislative,,
Niederbayern TV Passau (1080p),,,否,0,General,,
Niederbayern TV (720p),,,否,0,General,,
Ning TV (720p),,,否,0,Entertainment,,
Perviy otdel (1080p),,,否,0,Series,,
Omroep Lingewaard (720p),,,否,0,General,,
Paradise Hotel NO,,,否,0,Entertainment,,
ON Vie Drama (720p),,,否,0,Entertainment,,
PBS Nature (1080p),,,否,0,Series,,
Oplot TV SD (1080p) [Geo-blocked],,,否,0,News,,
MTV Live (720p),,,否,0,Music,,
Natick Public Access Channel (720p),,,否,0,General,,
NCIS (United States) LatAm,,,否,0,Series,,
MTV Flow Latino (720p),,,否,0,Music,,
Pes (1080p),,,否,0,Series,,
National Iranian Congress TV,,,否,0,News,,
noa4 Hamburg (1080p),,,否,0,General,,
Pet Club TV (1080p),,,否,0,Entertainment,,
MTV Dating (United States),,,否,0,Series,,
Nosey UK,,,否,0,Series,,
News 24 MP & Chhattisgarh (576p),,,否,0,News,,
MyTime Movie Network (Mexico) (720p),,,否,0,Movies,,
Nitida TV (720p) [Not 24/7],,,否,0,Entertainment,,
MultiPremier (1080p),,,否,0,Movies,,
Niederbayern TV Landshut (1080p),,,否,0,General,,
One TV E-School Cambodia (1080p),,,否,0,Education,,
Persiana Folk,,,否,0,Music,,
NOW Rock (1080p),,,否,0,Music,,
noa4 Norderstedt (1080p),,,否,0,General,,
Music India (576p),,,否,0,Music,,
Olelo 54 (720p),,,否,0,Legislative,,
Niederbayern TV Deggendorf & Straubing (1080p),,,否,0,General,,
National Geographic (United States) (720p),,,否,0,Documentary,,
MTV Teen Mom (Sweden) DK (720p),,,否,0,Entertainment,,
On The Case,,,否,0,Documentary,,
Omid e Iran TV,,,否,0,Entertainment,,
Nautical Channel (720p),,,否,0,Sports,,
Oviedo TV,,,否,0,General,,
News 1 India (576p),,,否,0,News,,
Ocko Star,,,否,0,Music,,
Obshchestvennoe Nezavisimoe Televidenie (576p),,,否,0,News,,
News18 India (1080p),,,否,0,News,,
National Geographic Latin America (1080p),,,否,0,Documentary,,
NBC WGAL (720p),,,否,0,General,,
Pars TV,,,否,0,General,,
NBC WJAR (1080p),,,否,0,General,,
NTV-Hit (576p),,,否,0,Series,,
MTV Spankin' New (1080p),,,否,0,Music,,
News State UP & UK (1080p),,,否,0,News,,
Ohotnik i rybolov HD (1080p),,,否,0,Outdoor,,
Nation News (720p),,,否,0,News,,
Omroep West HD (1080p) [Not 24/7],,,否,0,Undefined,,
Narodna TV (720p),,,否,0,Undefined,,
OTV (Ukraine),,,否,0,Undefined,,
Onni TV (720p),,,否,0,General,,
Pasand TV (576p),,,否,0,Entertainment,,
NACTV,,,否,0,General,,
Nexus TV (576p),,,否,0,General,,
NTK (576p),,,否,0,General,,
Nativa TV Satipo (720p),,,否,0,General,,
Navahang TV (720p),,,否,0,Music,,
O! International (576p),,,否,0,Kids,,
Muzyka 1 [Not 24/7],,,否,0,Music,,
Omroep Venray (720p),,,否,0,General,,
Paraguay TV (1080p),,,否,0,General,,
Nickelodeon (Croatia) (1080p),,,否,0,Kids,,
MTV Teen Mom (Sweden) NO (720p),,,否,0,Entertainment,,
Namayesh TV,,,否,0,Entertainment,,
News Daily 24 (576p),,,否,0,News,,
Nasul TV (720p) [Not 24/7],,,否,0,General,,
MTV Dating (Sweden) DK (720p),,,否,0,Entertainment,,
Nambikkai TV,,,否,0,Religious,,
NBC Comedy Vault (1080p),,,否,0,Comedy,,
Paras Gold (576p),,,否,0,Religious,,
NOST (720p),,,否,0,Movies,,
Nicktoons (United States) CA,,,否,0,Kids,,
Ozdi Varosi TV (720p) [Not 24/7],,,否,0,General,,
Perry Mason CA,,,否,0,Series,,
NE News (576p),,,否,0,News,,
News 1st (576p),,,否,0,News,,
NCIS: Det bedste med Tony & Ziva,,,否,0,Series,,
Ofogh TV,,,否,0,Culture,,
ORBIT TV (1080p),,,否,0,General,,
Now 80s (1080p),,,否,0,Music,,
PBC Tapesh TV (720p),,,否,0,General,,
NOOS TV (720p),,,否,0,General,,
Naruto Brazil,,,否,0,Animation,,
Oromar TV (1080p),,,否,0,General,,
Noticias RCN (720p),,,否,0,News,,
Patriot (720p),,,否,0,Movies,,
Onda TV (Dominican Republic) (720p),,,否,0,General,,
NTD TV (1080p),,,否,0,General,,
News 21 Bangla TV,,,否,0,News,,
Nueve TV (720p),,,否,0,General,,
MTV Reality (United States) LatAm (720p),,,否,0,Entertainment,,
OneFM (720p) [Not 24/7],,,否,0,Music,,
Muzyka Kino [Not 24/7],,,否,0,Music,,
NTD TV English UK (1080p),,,否,0,General;News,,
Persiana Travel,,,否,0,Documentary,,
MTV Teen Mom (United States) (720p),,,否,0,Series,,
O'zbekiston 24 (1080p),,,否,0,News,,
Nolly Africa (1080p),,,否,0,Movies,,
Now 70s (720p),,,否,0,Music,,
News 11 (576p),,,否,0,General,,
PBS Travel (1080p),,,否,0,Lifestyle,,
Notele (576p) [Not 24/7],,,否,0,General,,
NBC KSHB-TV (720p),,,否,0,General,,
MUTV (720p),,,否,0,Sports,,
Music Box Brazil (720p),,,否,0,Music,,
Omroep Zeeland (1080p),,,否,0,General,,
NBC WPTV-TV (720p),,,否,0,General,,
MTV Pluto TV,,,否,0,Entertainment,,
Omega Channel (576i),,,否,0,General,,
Occidental TV,,,否,0,General,,
Muslim Network TV,,,否,0,Religious,,
Nashe muzhskoe HD (1080p),,,否,0,Movies,,
NCIS: Los Angeles (Sweden),,,否,0,Series,,
MTV Flow Latino LatAm (720p),,,否,0,Music,,
Ozono TV (720p),,,否,0,General,,
Persiana Iranian,,,否,0,Movies,,
NBC KRIS-TV (1080p),,,否,0,General,,
NFL Channel (720p),,,否,0,Sports,,
PBS KVIE (1080p),,,否,0,Education,,
NET TV (720p),,,否,0,General,,
NBCLX (1080p),,,否,0,Entertainment,,
Noor TV (Iran),,,否,0,Undefined,,
MTV Spankin' New CA (1080p),,,否,0,Music,,
Peniel K&Y (480p),,,否,0,Religious,,
Persiana Vibe,,,否,0,Music,,
NewFlix,,,否,0,Movies,,
MTV Biggest Pop BR (1080p),,,否,0,Music,,
Norte Informativo TV (240p),,,否,0,News,,
My Cinema Europe,,,否,0,Movies,,
Oroszlanyi Varosi Televizio (720p),,,否,0,General,,
Nabawi TV (720p),,,否,0,Religious,,
NBC WGBA-TV (720p),,,否,0,General,,
Nickelodeon Toons LatAm (720p),,,否,0,Kids,,
Omroep Dommelland (720p),,,否,0,General,,
Peniel Musical (480p),,,否,0,Religious,,
Ocko Gold (540p),,,否,0,Music,,
Nortena Tv (576p),,,否,0,Entertainment,,
Ocko Expres (540p),,,否,0,Music,,
OK Flensburg (576p),,,否,0,General,,
Ontario Public Access Channel (360p),,,否,0,General,,
Nuestra Tele Internacional (720p),,,否,0,General,,
Peniel TV Biblia Abierta (480p),,,否,0,Religious,,
Nada Es Imposible TV,,,否,0,Entertainment,,
MTV Ridiculousness (Sweden) NO (720p),,,否,0,Entertainment,,
Pervyy gorodskoy. Odessa (576p),,,否,0,General,,
OK Kiel (576p),,,否,0,General,,
NCIS: Det bedste med Gibbs,,,否,0,Series,,
Panorama TV,,,否,0,News,,
Munchen TV (1080p) [Not 24/7],,,否,0,General,,
Oxygen Music (1080p),,,否,0,Music,,
MTV Ridiculousness (United States) CA,,,否,0,Entertainment,,
Parliament TV (New Zealand) (1080p),,,否,0,Legislative,,
PBS WJXT (720p),,,否,0,Education,,
OK Wernigerode (1080p),,,否,0,General,,
NowMedia Television Spanish (1080p),,,否,0,Lifestyle;News,,
Olelo 55 (720p),,,否,0,Entertainment,,
O'zbekiston (576p),,,否,0,General,,
One TV (720p) [Not 24/7],,,否,0,Music,,
Pac-12 Insider (1080p),,,否,0,Sports,,
PFL MMA (720p),,,否,0,Sports,,
NSC9 News (1080p),,,否,0,News,,
MWD (720p) [Not 24/7],,,否,0,General,,
Novo Tempo (720p),,,否,0,Religious,,
NMBTV (720p),,,否,0,Legislative,,
ORF III HD (720p),,,否,0,Culture,,
Omroep Flevoland (720p) [Not 24/7],,,否,0,General,,
PBS WEDQ (1080p),,,否,0,Education,,
NowMedia Television (1080p),,,否,0,Lifestyle;News,,
Panorama FM (1080p),,,否,0,Music,,
Pimp My Ride DK,,,否,0,Entertainment,,
Novoe televidenie (576p),,,否,0,General,,
NDTV Madhya Pradesh Chhattisgarh (1080p),,,否,0,News,,
PGA Tour (1080p),,,否,0,Sports,,
Persiana Junior,,,否,0,Kids,,
NASHE Music (720p),,,否,0,Music,,
Paraiso TV (720p),,,否,0,Religious,,
News One (720p),,,否,0,News,,
Omroep Gelderland HD (1080p),,,否,0,General,,
Multilandia (576p),,,否,0,Kids,,
MTV Pluto TV BR,,,否,0,Entertainment,,
Nation TV,,,否,0,News,,
Persiana Turkiye,,,否,0,Entertainment,,
Oman TV Mubashir (1080p),,,否,0,News,,
Palm Beaches TV (720p),,,否,0,Travel,,
NTD TV West (720p),,,否,0,General,,
Okhota i rybalka (576p),,,否,0,Outdoor,,
Notisur TV [Not 24/7],,,否,0,General,,
NAN TV,,,否,0,News,,
Oman TV (1080p),,,否,0,General,,
Oman TV Cultural (1080p),,,否,0,Culture,,
Muzvar (1080p),,,否,0,Music,,
Observator News (360p),,,否,0,News,,
Nickelodeon en espanol,,,否,0,Kids,,
Omroep Peelrand (720p),,,否,0,General,,
O'zbekiston Tarixi (1080p),,,否,0,Documentary,,
Noroc TV,,,否,0,Music,,
Odisea TV (720p),,,否,0,General,,
Omrop Fryslan (1080p) [Not 24/7],,,否,0,General,,
News18 Assam North-East (1080p),,,否,0,News,,
News18 Delhi NCR JK (1080p),,,否,0,News,,
Paravision,,,否,0,General,,
Orange Bangla TV (720p),,,否,0,Music,,
Ostrosyuzhetnoye HD (1080p),,,否,0,Movies,,
Panafrican Media TV (480p),,,否,0,News,,
Nashua ETV (720p),,,否,0,Education,,
One Piece CA,,,否,0,Animation,,
NBC WTOV-TV (1080p),,,否,0,General,,
Oman Sports TV (1080p) [Not 24/7],,,否,0,Sports,,
Persiana Korea,,,否,0,Movies,,
Oberpfalz TV (1080p),,,否,0,General,,
Newsmax 2 (1080p),,,否,0,News,,
NTK TV (1080p) [Not 24/7],,,否,0,General,,
NHK General TV (720p),,,否,0,General,,
Okko Futbol (1080p),,,否,0,Sports,,
Nick Jr. (United States) East HD (1080p),,,否,0,Kids,,
Outside TV (1080p),,,否,0,Outdoor,,
Nickelodeon Toons (720p),,,否,0,Kids,,
News18 Madhya Pradesh/Chhattisgarh (1080p),,,否,0,News,,
Nordisk krim fra Viaplay,,,否,0,Series,,
Nosey (1080p),,,否,0,Series,,
Namdhari TV (404p) [Not 24/7],,,否,0,Religious,,
Nour Al Sharq (576p),,,否,0,Religious,,
NBC LX Home (1080p),,,否,0,Entertainment;Lifestyle,,
Parlamentsfernsehen 1 (1080p) [Not 24/7],,,否,0,Legislative,,
Oxygen (720p),,,否,0,Entertainment,,
Noticiero 90 Minutos (1080p),,,否,0,News,,
MyTime Movie Network East (1080p),,,否,0,Movies,,
Nuestra Imagen TV,,,否,0,General,,
Novorossiya TV (1080p) [Geo-blocked],,,否,0,News,,
Palestinetv,,,否,0,General,,
News18 Gujarati (1080p),,,否,0,News,,
Pamir TV (1080p) [Not 24/7],,,否,0,Culture;Music,,
Odisha TV (720p),,,否,0,Culture,,
MTV Guyana (1080p) [Not 24/7],,,否,0,General,,
MTV Biggest Pop CA (1080p),,,否,0,Music,,
NTN24 (720p),,,否,0,News,,
Panik TV (1080p),,,否,0,Music,,
Panjab TV (576p),,,否,0,Religious,,
Persiana Latino,,,否,0,Movies,,
News18 Kerala (1080p),,,否,0,News,,
Outdoor Channel HD (720p),,,否,0,Outdoor,,
MTV Pluto TV LatAm (720p),,,否,0,Entertainment,,
Pichilemu TV (1080p),,,否,0,Undefined,,
Numbers (United States),,,否,0,Series,,
News 24 (Albania) (392p),,,否,0,News,,
NHTV (720p),,,否,0,Entertainment,,
News18 Odia (1080p),,,否,0,News,,
One Channel (1080p) [Geo-blocked],,,否,0,General,,
Petlovers TV,,,否,0,Entertainment,,
One Paschima (400p),,,否,0,Entertainment,,
Naruto Shippuden,,,否,0,Animation,,
Onda Algeciras (576p),,,否,0,General,,
MTV The Hills DK,,,否,0,Entertainment,,
Otkritiy mir. Zdorove (576p),,,否,0,Lifestyle,,
MTV Catfish (United States),,,否,0,Entertainment,,
MTV Ridiculousness (United States) LatAm (720p),,,否,0,Entertainment,,
OnTV4U (1080p) [Geo-blocked],,,否,0,Shop,,
Navo (576p),,,否,0,General,,
Pervyy Respublikanskiy,,,否,0,News,,
NTD TV Canada,,,否,0,General,,
Multivision Canal 3 (720p) [Not 24/7],,,否,0,General,,
PBS Antiques Roadshow (1080p),,,否,0,Series,,
Ovacion TV (720p) [Not 24/7],,,否,0,Sports,,
News India 24x7,,,否,0,News,,
Nusantara TV (1080p),,,否,0,General,,
Pitaara (720p),,,否,0,Movies,,
NHK World Premium (720p),,,否,0,Entertainment,,
Now 14 (1080p),,,否,0,General,,
Nasim,,,否,0,Entertainment,,
News Capital Market (1080p),,,否,0,Business,,
NTD TV Asia-Pacific,,,否,0,General,,
News18 Marathi (1080p),,,否,0,News,,
NBC WTMJ-TV (720p),,,否,0,General,,
MTV Rocks,,,否,0,Entertainment,,
Nopola News (1080p) [Not 24/7],,,否,0,News,,
News18 Punjab/Haryana/Himachal (1080p),,,否,0,News,,
Nigbati (720p) [Not 24/7],,,否,0,Culture,,
Muz TV Uzbekistan,,,否,0,Music,,
NorCast Weather (1080p),,,否,0,Weather,,
Network 10 (720p),,,否,0,General,,
NuView TV (360p),,,否,0,Entertainment,,
Nasa TV (1080p) [Not 24/7],,,否,0,General,,
News18 Bangla (1080p),,,否,0,News,,
MTV Ridiculousness (Sweden) (720p),,,否,0,Entertainment,,
Pannon TV (648p),,,否,0,General,,
Nelonen (720p),,,否,0,General,,
Pasiones Latin America (1080p),,,否,0,Entertainment,,
Peace of Mind TV (576p),,,否,0,Religious,,
Navoiy MTRK (576i),,,否,0,General,,
Paradise Hotel: Under lagnerne,,,否,0,Entertainment,,
NTV Series (576p),,,否,0,Series,,
Okko Prajm Sport (1080p),,,否,0,Sports,,
OAN Plus KPVM-LD,,,否,0,News,,
Nickelodeon CIS (1080p),,,否,0,Kids,,
NH BollyGold (1080p),,,否,0,Movies,,
Nexxo TV,,,否,0,General,,
MTV Reality (Sweden) (720p),,,否,0,General,,
NTV Mir (576p),,,否,0,Culture,,
NVK Sakha (1080p) [Not 24/7],,,否,0,General,,
News12 Long Island (1080p) [Geo-blocked],,,否,0,News,,
NZTV,,,否,0,General,,
MTV Drag LatAm,,,否,0,Entertainment,,
Oh Muang Lao TV (720p),,,否,0,General,,
Numeros,,,否,0,Series,,
MWD Documentary [Geo-blocked],,,否,0,Documentary,,
Onda Valencia TV (720p),,,否,0,Music;News,,
Nickelodeon Junior (1080p),,,否,0,Kids,,
OAN Plus (1080p),,,否,0,News,,
NTC TV (720p),,,否,0,Entertainment,,
Ocko Black,,,否,0,Music,,
People Are Awesome (1080p),,,否,0,Entertainment,,
Naftemporiki TV (1080p),,,否,0,News,,
Nandejara Ne'e TV,,,否,0,Religious,,
MTV Originals,,,否,0,Entertainment,,
NEW K.MOVIES (1080p),,,否,0,Movies,,
News18 Rajasthan (1080p),,,否,0,News,,
Naruto en espanol,,,否,0,Animation,,
NBC News NOW (1080p),,,否,0,News,,
Perry Mason,,,否,0,Series,,
OOG TV (720p),,,否,0,General,,
Nim TV (720p) [Not 24/7],,,否,0,General,,
NKR TV Kannada (1080p),,,否,0,General,,
Nesiha TV (720p),,,否,0,Religious,,
ON FM (720p),,,否,0,Music,,
Persiana Plus,,,否,0,Movies,,
Paramount Network (720p),,,否,0,Movies;Series,,
MTV Jersey Shore,,,否,0,Entertainment,,
NewsX World (576p),,,否,0,News,,
Ohotnik i rybolov (576i),,,否,0,Outdoor,,
MTV The Hills NO,,,否,0,Entertainment,,
My TV (Bangladesh),,,否,0,General,,
ONDA DIGITAL (720p),,,否,0,General,,
MY5 (576p),,,否,0,Entertainment,,
Nayarit Comunica (1080p),,,否,0,General,,
Nitro,,,否,0,Entertainment,,
NEW K-POP (1080p),,,否,0,Music,,
ORTS TV (480p) [Not 24/7],,,否,0,General,,
NDTV Rajasthan (1080p),,,否,0,News,,
Newsmax Spanish (1080p),,,否,0,News,,
My TV Channel (720p) [Not 24/7],,,否,0,Undefined,,
Persiana Cinema,,,否,0,Movies,,
News J (720p) [Not 24/7],,,否,0,News,,
NTS (1080p) [Not 24/7],,,否,0,General,,
Oli TV (India) (1080p),,,否,0,Entertainment,,
MTV Ridiculousness (Sweden) DK (720p),,,否,0,Entertainment,,
MTV Drag,,,否,0,Entertainment,,
ON Kids (720p),,,否,0,Kids,,
Muz Soyuz (576p),,,否,0,Music;Religious,,
National Geographic Wild (United States) HD East (720p),,,否,0,Documentary,,
OUN (1080p),,,否,0,Education,,
NBC WNYT (1080p),,,否,0,General,,
Newsmax 2 KPVM-LD,,,否,0,News,,
News Central,,,否,0,News,,
MTV Rocks LatAm,,,否,0,Entertainment,,
Pimp My Ride NO,,,否,0,Entertainment,,
Naruto (1080p),,,否,0,Animation,,
Omroep Tilburg (480p),,,否,0,General,,
Nour Al Koddass (406p) [Not 24/7],,,否,0,Religious,,
NBC WVIT (1080p),,,否,0,General,,
Palmar TV [Not 24/7],,,否,0,General,,
Nickelodeon Clasico (720p),,,否,0,Kids,,
Pent TV,,,否,0,Religious,,
PBS Kids (720p),,,否,0,Education;Kids,,
PBS (1080p) [Geo-blocked],,,否,0,Education,,
Pimp My Ride,,,否,0,Entertainment,,
Panamericana TV (1080p),,,否,0,General,,
Olam Metro TV (720p),,,否,0,Religious,,
News18 Urdu (1080p),,,否,0,News,,
Nortevision (1080p),,,否,0,Undefined,,
Paranormal State,,,否,0,Entertainment,,
Niki Junior (1080p),,,否,0,Kids,,
NDTV 24x7 (720p),,,否,0,News,,
NOW TV (720p),,,否,0,Entertainment,,
P2M TV (720p),,,否,0,Music,,
NBC Sports NOW (1080p),,,否,0,Sports,,
PBS Kids Pacific (1080p),,,否,0,Education;Kids,,
PHLgovTV (720p),,,否,0,Legislative,,
NDTV India (720p),,,否,0,News,,
News12 New Jersey [Geo-blocked],,,否,0,News,,
OTR (576p),,,否,0,General,,
Onda Novara TV (720p) [Not 24/7],,,否,0,General,,
OF-TV Offenbach (720p),,,否,0,General,,
Nevskiy (1080p),,,否,0,Series,,
News Live (576p),,,否,0,News,,
MTV Jerseys,,,否,0,Entertainment,,
Okko Sport (1080p),,,否,0,Sports,,
Nuka TV (720p) [Not 24/7],,,否,0,General,,
PBS Kids Mountain (1080p),,,否,0,Education;Kids,,
MTV Volgograd (720p) [Not 24/7],,,否,0,General,,
Pella TV (576p) [Not 24/7],,,否,0,General,,
Nicktoons (United States) (1080p),,,否,0,Kids,,
NatureTime UK (1080p),,,否,0,Documentary,,
News18 Tamil Nadu (1080p),,,否,0,News,,
MWD Movies [Not 24/7],,,否,0,Movies,,
Orange Government Access TV (720p),,,否,0,Legislative,,
Mystery Science Theater 3000 (1080p),,,否,0,Comedy,,
PBS Kids Hawaii (720p),,,否,0,Education;Kids,,
NonStop Kung Fu,,,否,0,Movies,,
NTD TV Canada West,,,否,0,General,,
Pakapaka,,,否,0,Kids,,
Noursat (576p),,,否,0,Religious,,
PBS Kids Alaska (1080p),,,否,0,Education;Kids,,
MTV Embarazada a los 16,,,否,0,Entertainment,,
Ocko (540p),,,否,0,Music,,
NTV (Russia) HD (1080p),,,否,0,General,,
Pixel TV (Ukraine) (1080p),,,否,0,Kids,,
NCIS (Sweden),,,否,0,Series,,
Muscel TV (720p),,,否,0,General,,
MWD Variety (720p) [Not 24/7],,,否,0,Entertainment,,
Nurafshon TV,,,否,0,General,,
MTV Classic LatAm (720p),,,否,0,Music,,
NTD TV China,,,否,0,General,,
MTV Uutiset (720p),,,否,0,News,,
News Nation (1080p),,,否,0,News,,
NHL Network (1080p),,,否,0,Sports,,
Pear TV (576p),,,否,0,Entertainment,,
Music TV Granada (1080p) [Not 24/7],,,否,0,Music,,
Outlaw WGGS-TV (720p),,,否,0,Entertainment,,
Notioi TV (1080p),,,否,0,General,,
NBC WMGT-TV (720p),,,否,0,General,,
Newsmax TV (720p),,,否,0,News,,
MTV en Espanol,,,否,0,Entertainment,,
PhillyCAM (720p),,,否,0,General,,
Musavision (1080p),,,否,0,General,,
OM TV (576p),,,否,0,Religious,,
Omroep Land van Cuijk (720p),,,否,0,General,,
ON Movies (720p),,,否,0,Movies,,
NonStop Kung Fu DK,,,否,0,Movies,,
N Sports (1080p),,,否,0,Sports,,
MTV Classic CA (720p),,,否,0,Music,,
MTV Biggest Pop LatAm (1080p),,,否,0,Music,,
Persiana Reality,,,否,0,Entertainment,,
Noursat English (576p),,,否,0,Religious,,
Peer TV Sudtirol (1080p),,,否,0,Outdoor;Travel,,
Paci Contemporary Channel (720p),,,否,0,Culture,,
News12 New York (1080p),,,否,0,News,,
Naxcivan TV (720p),,,否,0,General,,
Nash Bridges (720p),,,否,0,Series,,
Nick Jr. Club (United States) BR (720p),,,否,0,Kids,,
Panche Television,,,否,0,General,,
Nireekshana TV (576p),,,否,0,Religious,,
Nano (576p),,,否,0,Documentary,,
Paradise Hotel,,,否,0,Entertainment,,
Palestine Edu (1080p),,,否,0,Education,,
Nea TV (720p),,,否,0,General,,
NRWision (1080p),,,否,0,Education,,
MTV Com o Ex,,,否,0,Series,,
OCN TV,,,否,0,Religious,,
NTN (Ukraine) (1080i),,,否,0,General,,
NAT TV (1080p),,,否,0,General,,
Padre Pio TV (1080p),,,否,0,Religious,,
News Live Bangla (576p),,,否,0,News,,
Persiana Comedy,,,否,0,Comedy,,
OPEN Rotterdam TV (480p) [Not 24/7],,,否,0,General,,
Peer TV South Tyrol (1280p),,,否,0,Outdoor;Travel,,
NRG 91 (720p) [Not 24/7],,,否,0,Music,,
National 24 Plus,,,否,0,General,,
NBC TV (1080p) [Not 24/7],,,否,0,General,,
MTV Verguenza ajena (720p),,,否,0,Entertainment,,
Peer TV Alto Adige (1280p),,,否,0,Outdoor;Travel,,
One Piece BR,,,否,0,Animation,,
MTV Catfish (United States) BR (720p),,,否,0,Entertainment,,
News Marathi 24x7 (720p),,,否,0,News,,
NicoyaTV (720p) [Not 24/7],,,否,0,General,,
NBC KSBW (720p),,,否,0,General,,
Overtime (1080p),,,否,0,Sports,,
Peppa Pig,,,否,0,Kids,,
NatureTime AU (1080p),,,否,0,Documentary,,
Patagonia Radio TV (720p),,,否,0,Music,,
PBS WNET (720p),,,否,0,Education,,
OTV-Prim,,,否,0,Entertainment,,
NewsWorld (1080p),,,否,0,News,,
Nandighosha TV (576p),,,否,0,General,,
Niki Kids (1080p),,,否,0,Kids,,
Oruzhie (576p),,,否,0,Entertainment,,
Paradise,,,否,0,Entertainment,,
News State MP & CHG (1080p),,,否,0,News,,
MTV CLASSICS,,,否,0,Entertainment,,
Payam TV (1080p),,,否,0,News,,
Nexo TV,,,否,0,General,,
Onda 15 TV (224p),,,否,0,Music;News,,
NTV+,,,否,0,Undefined,,
Nick Jr. Club (United States) LatAm (720p),,,否,0,Kids,,
Nickelodeon Pluto TV (720p),,,否,0,Animation;Kids,,
Netmax TV (720p),,,否,0,Entertainment,,
News of the World (720p),,,否,0,News,,
MTV The Hills,,,否,0,Entertainment,,
News 7 Tamil (576p),,,否,0,News,,
NatureTime (1080p),,,否,0,Documentary,,
Paramount Movie Channel,,,否,0,Movies,,
Norte TV (720p) [Not 24/7],,,否,0,General,,
Nick Jr. Pluto TV (720p),,,否,0,Kids,,
MTV Lebanon (1080p),,,否,0,General,,
NCTV79 (1080p),,,否,0,General,,
NTM (720p) [Not 24/7],,,否,0,General,,
MTV Latin America (1080p),,,否,0,Entertainment,,
NTD TV English (1080p),,,否,0,General;News,,
News12+ New Jersey (1080p) [Geo-blocked],,,否,0,News,,
Munsif TV (576p),,,否,0,News,,
NonStop Kung Fu NO,,,否,0,Movies,,
Orler TV (420p) [Not 24/7],,,否,0,Culture,,
Persiana Series,,,否,0,Series,,
Payam Javan TV (720p) [Not 24/7],,,否,0,Education,,
Numb3rs,,,否,0,Series,,
Nova (Serbia) (1080p),,,否,0,General,,
Pacific Island Network (1080p),,,否,0,General,,
Oggy e as Baratas Tontas,,,否,0,Kids,,
Okto (1080p),,,否,0,General,,
MTV Jovens e Maes (720p),,,否,0,Entertainment,,
News12+ Long Island (1080p) [Geo-blocked],,,否,0,News,,
Nour TV,,,否,0,Religious,,
News of the World Arabic (720p),,,否,0,News,,
MTV Dating (Sweden) NO (720p),,,否,0,Entertainment,,
Naruto Germany (720p),,,否,0,Animation,,
Peppers TV (751p),,,否,0,Music,,
Nina TV (720p),,,否,0,General,,
Onda Cadiz (720p),,,否,0,General,,
News of the World USA (1080p),,,否,0,News,,
News Tamil 24x7 (576p),,,否,0,News,,
MTV Catfish (Sweden) NO,,,否,0,Entertainment,,
Muz-TV (576p),,,否,0,Music,,
Peravia Vision (480p) [Geo-blocked],,,否,0,General,,
Nano HD (1080p),,,否,0,Documentary,,
NBC WMAQ-TV (1080p),,,否,0,General,,
MTV Reality (United States) CA,,,否,0,Entertainment,,
Oasis TV (Paraguay) (720p),,,否,0,Entertainment,,
National TV,,,否,0,General,,
MTV Classic BR (720p),,,否,0,Music,,
OXIR TV,,,否,0,Entertainment,,
Neo TV (Argentina),,,否,0,General,,
Naranja TV (720p),,,否,0,General,,
NH (1080p),,,否,0,General;News,,
Paramount+ Picks,,,否,0,Movies,,
Panico (576p),,,否,0,Undefined,,
NCTV (1080p),,,否,0,News,,
NBC KSBY (720p),,,否,0,General,,
NatureTime France (1080p),,,否,0,Documentary,,
Palitra News (480p) [Not 24/7],,,否,0,News,,
News Capital Gujarat (1080p),,,否,0,News,,
Payam-e-Afghan TV (480p) [Not 24/7],,,否,0,General,,
PBR RidePass (720p),,,否,0,Sports,,
Pindin TV,,,否,0,Music,,
N24 Doku,,,否,0,Documentary,,
Parole di Vita (1080p),,,否,0,Religious,,
One Piece LatAm,,,否,0,Animation,,
PBO (1080p),,,否,0,News,,
PCT Channel 26 (720p),,,否,0,General,,
Nick Jr. Pluto TV CA,,,否,0,Kids,,
PCTV 26 (480p),,,否,0,Legislative,,
NBC WBAL-TV (720p),,,否,0,General,,
MTV Catfish (United States) LatAm (720p),,,否,0,Entertainment,,
Number 1 Dance (720p),,,否,0,Music,,
Muzangala TV (1080p),,,否,0,Music,,
NDR Fernsehen Mecklenburg Vorpommern (720p),,,否,0,General,,
MTV Reality (Sweden) DK (720p),,,否,0,General,,
NSTV (1080p),,,否,0,General,,
Nevis Television,,,否,0,General,,
O Dia TV,,,否,0,General,,
PBS KMOS-TV (1080p) [Geo-blocked],,,否,0,Education,,
NBC WBTS-CD (1080p),,,否,0,General,,
Oscar Movies Bhojpuri (720p),,,否,0,Movies,,
News State Punjab Haryana Himachal (1080p),,,否,0,News,,
Paradise DK,,,否,0,Entertainment,,
News9Live (1080p),,,否,0,News,,
MTV Con Mi Ex,,,否,0,Entertainment,,
NDR Fernsehen (720p),,,否,0,General,,
NDR Fernsehen Niedersachsen (720p),,,否,0,General,,
Omroep Hoeksche Waard (480p),,,否,0,General,,
NDR Fernsehen Schleswig Holstein (720p),,,否,0,General,,
Nika TV (576p) [Not 24/7],,,否,0,General,,
News12 Hudson Valley [Geo-blocked],,,否,0,News,,
Number 1 Ask (720p),,,否,0,Music,,
OK Merseburg-Querfurt (1080p) [Not 24/7],,,否,0,General,,
Perviy Informationniy HD (1080p),,,否,0,News,,
Nueva Vida FM (720p),,,否,0,Music;Religious,,
NBC KNTV (1080p),,,否,0,General,,
MTV Biggest Pop (1080p),,,否,0,Music,,
Nova TV (1080p),,,否,0,General,,
Only Bharat (576p),,,否,0,News,,
NBS (720p),,,否,0,Education,,
NBC KXAS-TV (1080p),,,否,0,General,,
Persiana Medical,,,否,0,Education,,
Outdoor America (1080p),,,否,0,Outdoor,,
OK Magdeburg (1080p),,,否,0,General,,
MTV Reality (Sweden) NO,,,否,0,General,,
News1,,,否,0,News,,
Muzyka Live (576p),,,否,0,Music,,
Persiana Docs,,,否,0,Documentary,,
Nar-TV (360p),,,否,0,General,,
Ninja Kidz TV (720p),,,否,0,Kids,,
Mystery TV (1080p),,,否,0,Entertainment,,
OK Dessau (1080p) [Not 24/7],,,否,0,General,,
Numb3rs NO,,,否,0,Series,,
One Piece,,,否,0,Animation,,
Nicktoons CIS (1080p),,,否,0,Kids,,
NTV (Canada) CJON-DT (480p),,,否,0,General,,
News Nation 81 (1080p),,,否,0,News,,
People Are Awesome Poland (720p),,,否,0,Entertainment,,
NHRA TV (1080p),,,否,0,Sports,,
MTV Shore,,,否,0,Entertainment,,
NH BollyRaga (1080p),,,否,0,Music,,
Muzhskoe kino (576p),,,否,0,Movies,,
One,,,否,0,General,,
News of the World Spanish (1080p),,,否,0,News,,
NCIS (United States) CA,,,否,0,Series,,
MTV Dating (United States) LatAm (720p),,,否,0,Series,,
O Reino Infantil,,,否,0,Kids,,
Next HD (480p),,,否,0,Movies;Music,,
MTV Ex On The Beach DK,,,否,0,Entertainment,,
NZK Television (720p),,,否,0,General,,
Omroep Brabant Radio (1080p),,,否,0,General,,
NH BollyFlix (1080p),,,否,0,Movies,,
OSN,,,否,0,General,,
Olelo 49 (720p),,,否,0,Legislative,,
Muzyka Pervogo (576p),,,否,0,Music,,
Nepal 1 (576p),,,否,0,Entertainment,,
MTV Catfish (Sweden) DK (720p),,,否,0,Entertainment,,
Mythbusters (1080p),,,否,0,Series,,
Peace TV English (1080p),,,否,0,Religious,,
OK Salzwedel (1080p) [Not 24/7],,,否,0,General,,
PCTV 28 (480p),,,否,0,General,,
Ontario Parliamentary Network (720p),,,否,0,Legislative,,
NDTV Good Times (1080p),,,否,0,Lifestyle,,
PBS KQED (1080p),,,否,0,Education,,
One Piece Spain,,,否,0,Animation,,
Pink (720p),,,否,0,Undefined,,
Natick Education Channel (720p),,,否,0,Education,,
Persiana Nostalgia,,,否,0,Classic;Music,,
Payame Aramesh TV (720p),,,否,0,Religious,,
NTV Telugu (1080p),,,否,0,News,,
Ninh Thuan TV (1080p),,,否,0,General,,
NatureTime LATAM (684p),,,否,0,Documentary,,
Persiana Fight,,,否,0,Sports,,
O Encantador de Caes,,,否,0,Education,,
Number 1 Damar (720p),,,否,0,Music,,
Parranda Vallenata (720p),,,否,0,Music,,
Negocios TV (1080p),,,否,0,Business,,
Number 1 TV (720p),,,否,0,Music,,
Peace TV Bangla (1080p),,,否,0,Religious,,
News18 Uttar Pradesh Uttarakhand (1080p),,,否,0,News,,
Peace TV Chinese (1080p),,,否,0,Religious,,
Peace TV Urdu (1080p),,,否,0,Religious,,
Perviy Krymskiy (720p),,,否,0,General,,
Natick Government Channel (720p),,,否,0,Legislative,,
OlayTurk TV (720p) [Geo-blocked],,,否,0,News,,
NH Tamil Gold (1080p),,,否,0,Movies,,
Pershyi (1080p),,,否,0,General,,
News18 Bihar Jharkhand (1080p),,,否,0,News,,
Pravasi Channel (1080p),,,否,0,Undefined,,
QVC (Japan) (1080p),,,否,0,Shop,,
Radio Master (720p),,,否,0,Music,,
Primer TV (1080p),,,否,0,General,,
Pluto TV Harlequin DK,,,否,0,Movies,,
Pluto TV Competition,,,否,0,Sports,,
Pluto TV Series Sci-Fi (United States),,,否,0,Series,,
Priklyucheniya HD (1080p),,,否,0,Undefined,,
Pluto TV Handboll Live,,,否,0,Sports,,
Pluto TV Viaggi,,,否,0,Lifestyle,,
Pluto TV Kids Classics (720p),,,否,0,Kids,,
Pluto TV Negocio Fechado,,,否,0,Documentary,,
Pluto TV Histoire (720p),,,否,0,Documentary,,
Puto TV Classic TV Crime Drama,,,否,0,Classic,,
Pluto TV Sci-Fi (Germany) IT,,,否,0,Movies;Series,,
Radio Popular TV,,,否,0,Undefined,,
Pluto TV Deutsche Comedy,,,否,0,Comedy,,
Pluto TV Space (Sweden),,,否,0,Documentary,,
Productiva TV,,,否,0,Outdoor,,
RasoulallahTv (1080p),,,否,0,Religious,,
Pluto TV Retro Kid,,,否,0,Kids,,
PRO TV Chisinau (480p),,,否,0,General;News,,
Pluto TV Film Storici,,,否,0,Movies,,
Pluto TV Minuto Para Ganar,,,否,0,Series,,
RCN Novelas (1080p),,,否,0,Entertainment,,
Pluto TV Western Serien,,,否,0,Series,,
Pluto TV Cult Films (Germany),,,否,0,Movies,,
Pluto TV 90's Classics,,,否,0,Movies;Series,,
Pluto TV Star Trek (Sweden),,,否,0,Movies;Series,,
Record News (720p),,,否,0,News,,
RadioTV Oriente (720p),,,否,0,General,,
Pluto TV Sci-Fi (Germany) GB,,,否,0,Movies;Series,,
Radio Yaqeen Jordan City View (1080p) [Not 24/7],,,否,0,Undefined,,
Punto TV (1080p) [Not 24/7],,,否,0,General,,
Porto Canal (720p),,,否,0,General,,
Play TV (Brazil) (720p),,,否,0,Undefined,,
Pluto TV Comedy Movies,,,否,0,Comedy;Movies,,
QVC Style (United Kingdom) (540p),,,否,0,Shop,,
Primavera 15,,,否,0,General,,
Raj Musix Kannada (576p),,,否,0,Music,,
Radio Fiesta de Milagros TV (1080p),,,否,0,Religious,,
Pluto TV Desenhos Classicos,,,否,0,Classic,,
Popcorn Central (1080p),,,否,0,Movies,,
Pluto TV Motor (Germany),,,否,0,Auto,,
Pluto TV John Wayne,,,否,0,Movies,,
Pluto TV Novelas de Venezuela,,,否,0,Series,,
R Plus (768p),,,否,0,Undefined,,
Pluto TV Kultfilme,,,否,0,Movies,,
Radio Ancon (720p),,,否,0,News,,
Qazaqstan HD (1080p),,,否,0,General,,
Pop (1080p),,,否,0,Undefined,,
Pluto TV Series Comedia,,,否,0,Comedy;Series,,
Punta Cana TV (720p) [Not 24/7],,,否,0,General,,
Pluto TV Melrose Place,,,否,0,Undefined,,
Pluto TV Super Kids,,,否,0,Kids,,
Pluto TV Paranormal (Germany) GB,,,否,0,Movies,,
Pluto TV Comedias Romanticas,,,否,0,Comedy;Movies,,
Radio Zona 90.3 (720p),,,否,0,Music,,
Pluto TV Canal UOL (720p),,,否,0,Entertainment,,
Puthuyugam TV (576p),,,否,0,Undefined,,
Pluto TV Sport (Germany),,,否,0,Sports,,
Pluto TV Harlequin NO,,,否,0,Movies,,
Prima News,,,否,0,News,,
Pluto TV Real Life,,,否,0,Lifestyle,,
Privesc.Eu TV (2160p),,,否,0,Legislative,,
Power Max Radio TV (720p),,,否,0,Entertainment,,
Pluto TV El Reino Infantil,,,否,0,Undefined,,
Radio Studio Delta TV (1080p) [Not 24/7],,,否,0,Undefined,,
Pluto TV Series de Otros Continentes,,,否,0,Series,,
PTC News (576p),,,否,0,News,,
Pluto TV Dramas Coreanos,,,否,0,Series,,
Pluto TV E-Sports,,,否,0,Sports,,
Pluto TV Series de Drama,,,否,0,Series,,
Pluto TV Varldskrigen,,,否,0,Documentary,,
Pluto TV Netmovies,,,否,0,Movies,,
Pluto TV Cine Classicos,,,否,0,Movies,,
Pluto TV Romantik,,,否,0,Movies,,
Pluto TV Sci-Fi (Sweden),,,否,0,Movies;Series,,
Pluto TV Storage Wars (720p),,,否,0,Series,,
Red Apple 21 (480p) [Not 24/7],,,否,0,Education,,
Red Interior TV,,,否,0,General,,
Pluto TV Snooker 900 (Sweden) (720p),,,否,0,Sports,,
R Plus Gold (720p),,,否,0,Undefined,,
QVC3 (1080p),,,否,0,Shop,,
Planeta Channel [Not 24/7],,,否,0,General,,
Pluto TV Nordic Crime,,,否,0,Series,,
Pluto TV Kult Comedies,,,否,0,Comedy;Movies,,
Pluto TV Hometown Drama,,,否,0,Series,,
QVC2 (720p),,,否,0,Shop,,
Police TV (1080p),,,否,0,Undefined,,
Pluto TV Sci-Fi (United States) LatAm,,,否,0,Movies;Series,,
Polsat Viasat History (1080p),,,否,0,Documentary,,
r8Dio TV,,,否,0,Entertainment,,
Pluto TV Humor (United States),,,否,0,Undefined,,
Red Rubi (720p),,,否,0,General,,
Radio Duna (720p),,,否,0,Music,,
Pluto TV Kultfilmer,,,否,0,Movies,,
Pluto TV Romantik DK,,,否,0,Movies,,
Pluto TV Historia (Germany) (720p),,,否,0,Documentary,,
Radio Tele Planet Compas (720p) [Not 24/7],,,否,0,General,,
Pluto TV Klassiske tegnefilmer (720p),,,否,0,Kids,,
Real Wild (1080p),,,否,0,Undefined,,
Pluto TV Bud & Terence (Sweden) DK,,,否,0,Movies,,
Prima Free,,,否,0,General,,
Radio Taormina Sicilia (720p) [Not 24/7],,,否,0,Undefined,,
Pulari TV (576p),,,否,0,Entertainment,,
Rai 1 (720p),,,否,0,Undefined,,
Radio Iglesias (576p) [Geo-blocked],,,否,0,Undefined,,
Prodvizhenie (1080p),,,否,0,Undefined,,
PowerTurk TV (720p),,,否,0,Undefined,,
Priklyucheniya (576p),,,否,0,Undefined,,
Planea TV (720p),,,否,0,Undefined,,
RCTV3 (480p),,,否,0,General,,
PROFI 24 TV,,,否,0,General,,
Pluto TV Serie IT,,,否,0,Series,,
Pluto TV Juniorklubben (720p),,,否,0,Kids,,
Pluto TV Ficcao Cientifica,,,否,0,Movies,,
Rakuten TV Family Movies UK (1080p),,,否,0,Family;Movies,,
Pluto TV Cine Drama,,,否,0,Movies,,
Radio Birikina TV (720p) [Not 24/7],,,否,0,Undefined,,
Radio Hogar (720p),,,否,0,Religious,,
Powervision TV (720p),,,否,0,Religious,,
ProSieben Maxx,,,否,0,Undefined,,
Radio Pudahuel (720p),,,否,0,Music,,
QVC Beauty (540p),,,否,0,Shop,,
Pocket Films,,,否,0,Movies,,
RedADvenir TV KSCE (360p),,,否,0,Undefined,,
Pluto TV Cine Comedia (Germany),,,否,0,Movies,,
Pluto TV Cine Accion,,,否,0,Movies,,
Radio UP (1080p),,,否,0,General,,
Pluto TV Anime Acao,,,否,0,Animation,,
Pluto TV Amor y Mentiras,,,否,0,Entertainment,,
PUNKTum Fernsehen (1080p) [Not 24/7],,,否,0,Undefined,,
Radio Romania Antena Satelor (720p) [Not 24/7],,,否,0,Music,,
Pluto TV Kids LatAm,,,否,0,Kids,,
Quran TV (Iran),,,否,0,Religious,,
Rakuten TV Action Movies UK (1080p),,,否,0,Movies,,
Power Dance (1080p),,,否,0,Music,,
Pluto TV Comedie,,,否,0,Comedy,,
Radio Chiloe (720p),,,否,0,General,,
Red Bull TV (1080p),,,否,0,Outdoor;Sports,,
Pluto TV Action (Sweden),,,否,0,Movies;Series,,
Pluto TV Cine Romantico,,,否,0,Movies,,
Real Madrid TV (726p),,,否,0,Sports,,
Quo Vadis TV (720p),,,否,0,Religious,,
PTC Punjabi (576p),,,否,0,Entertainment,,
Radio El Sembrador (720p),,,否,0,Religious,,
Radio Las Nieves (720p),,,否,0,General,,
Polimer News (576p),,,否,0,News,,
PK Sports (720p),,,否,0,Sports,,
Pluto TV Space (Germany) GB,,,否,0,Documentary,,
Pluto TV Reality (United States),,,否,0,Entertainment,,
Pluto TV Reality (United States) LatAm,,,否,0,Entertainment,,
Pluto TV Classic TV Variety,,,否,0,Classic,,
Qaraqalpaqstan (720p),,,否,0,General,,
Pluto TV Romance (Germany) DACH,,,否,0,Movies;Series,,
Rakuten TV Drama Movies Finland (1080p),,,否,0,Movies,,
Pluto TV Cuisine,,,否,0,Cooking;Lifestyle,,
RCTV (United States) (720p),,,否,0,Undefined,,
Pluto TV Snooker 900 (Germany) ES (720p),,,否,0,Sports,,
Power 101.7 FM (720p),,,否,0,Music,,
Pluto TV Juniorklubben DK (720p),,,否,0,Kids,,
RAZ 1 (1080p),,,否,0,Entertainment,,
Radio San Cristobal 88.7 FM,,,否,0,Music,,
Polimer TV (720p),,,否,0,Entertainment,,
Rave TV (576p),,,否,0,Undefined,,
Radio Tele Ginen,,,否,0,General,,
Pluto TV Kultfilmer NO,,,否,0,Movies,,
Rakuten TV Comedy Movies (1080p),,,否,0,Movies,,
Pluto TV Action (Sweden) DK,,,否,0,Movies;Series,,
Pluto TV True Crime (Sweden),,,否,0,Documentary;Series,,
RBATV (720p),,,否,0,General,,
Pluto TV Romance (United States),,,否,0,Movies;Series,,
Pluto TV Investigation,,,否,0,Series,,
PTC Music (720p),,,否,0,Music,,
Red TVE Ventanas (432p),,,否,0,General,,
Pluto TV Anime BR,,,否,0,Animation,,
Pluto TV Series de Sci-Fi,,,否,0,Series,,
Pluto TV Series criminales,,,否,0,Series,,
Pluto TV Cine Estelar,,,否,0,Movies,,
Pluto TV Snooker 900 (Sweden) DK (720p),,,否,0,Sports,,
Raj Musix Malayalam (576p),,,否,0,Music,,
Pluto TV Series Retro,,,否,0,Classic,,
Pluto TV Animals GB,,,否,0,Documentary,,
Red Bull TV DE (1080p),,,否,0,Outdoor;Sports,,
Pluto TV Komedie,,,否,0,Comedy;Movies,,
Puls 2 (1080p),,,否,0,Undefined,,
Rakuten TV Nordic Films (1080p),,,否,0,Movies,,
Radio y Television Marti (720p),,,否,0,General,,
Potta-Divine TV USA (480p),,,否,0,Religious,,
RCN HD2 (1080p),,,否,0,General,,
Pluto TV Family Movie Club,,,否,0,Movies,,
Red Bull TV BR (1080p),,,否,0,Outdoor;Sports,,
Pudhari News (576p),,,否,0,News,,
Popu TV (1080p),,,否,0,Entertainment,,
Pluto TV Dating (720p),,,否,0,Series,,
Pluto TV Britain at War,,,否,0,Documentary,,
Radio 51 TV (480p) [Geo-blocked],,,否,0,Undefined,,
Radio 10 (720p),,,否,0,Undefined,,
Radio Rancagua FM (720p),,,否,0,Undefined,,
Pluto TV PetrolHeads,,,否,0,Documentary,,
Re TV (1080p),,,否,0,Undefined,,
Pluto TV Film (Germany),,,否,0,Movies,,
Pluto TV Esportes,,,否,0,Sports,,
Pluto TV True Crime (Germany) IT,,,否,0,Documentary;Series,,
Pluto TV Anime,,,否,0,Animation,,
Pluto TV Verdenskrigene,,,否,0,Documentary,,
Pluto TV Animais,,,否,0,Documentary,,
Plenitude TV,,,否,0,Religious,,
Pluto TV Ungdomsserier (720p),,,否,0,Kids,,
Pluto TV Tecknat (720p),,,否,0,Kids,,
Pluto TV Comedia made in Spain,,,否,0,Comedy,,
Pluto TV Snooker 900 (Germany) IT (720p),,,否,0,Sports,,
Radio Universitaria San Andres (720p),,,否,0,Culture;Education;Entertainment,,
Pluto TV Series de Crimen,,,否,0,Series,,
Pluto TV Crime Movies,,,否,0,Movies,,
Red Bull TV US (1080p),,,否,0,Outdoor;Sports,,
Radio Fann Jordan Studio (1080p) [Not 24/7],,,否,0,Undefined,,
Radio Capital TiVu (720p),,,否,0,Music;News,,
Pluto TV Series de Comedia,,,否,0,Series,,
Pluto TV Cine Familia,,,否,0,Movies,,
Pocono Television Network (1080p),,,否,0,Travel,,
Pluto TV Classic TV,,,否,0,Classic,,
Pluto TV Motor (Sweden) DK,,,否,0,Auto,,
Plena TV (720p),,,否,0,News,,
Radio 538 (270p),,,否,0,Undefined,,
Pluto TV Impacto,,,否,0,Entertainment,,
Pluto TV Movies GB,,,否,0,Movies,,
Pluto TV Record News (720p),,,否,0,News,,
Pluto TV Comedies Cultes,,,否,0,Comedy;Movies,,
Rajdhani TV SD (1080p),,,否,0,General,,
Reality Channel,,,否,0,Entertainment,,
Pluto TV Anime Movies,,,否,0,Animation,,
Pluto TV Animales,,,否,0,Documentary,,
Prag News (576p),,,否,0,News,,
Qatar TV The Holy Quran (1080p),,,否,0,Religious,,
Pluto TV Junior,,,否,0,Kids,,
Pluto TV Paisagens por Stingray (720p),,,否,0,Education,,
PowerTurk Slow (1080p),,,否,0,Music,,
PowerTurk Akustik (1080p),,,否,0,Music,,
Power Love (1080p),,,否,0,Music,,
Plovdiv Orthodox TV (1080p),,,否,0,Religious,,
RDN (1080p) [Not 24/7],,,否,0,News,,
rbb Fernsehen,,,否,0,Undefined,,
Pluto TV Explore,,,否,0,Documentary,,
Rakuten TV Drama Movies Germany (1080p),,,否,0,Movies,,
Pluto TV Anime LatAm,,,否,0,Animation,,
Press TV French (1080p),,,否,0,News,,
Pluto TV Dog el cazarrecompensas,,,否,0,Series,,
Radio Universal (720p),,,否,0,General,,
Radiofreccia (1080p),,,否,0,Music,,
QazSport (1080p),,,否,0,Sports,,
PodRadio pa Pluto TV,,,否,0,Entertainment,,
PowerTurk Taptaze (1080p),,,否,0,Music,,
Pluto TV Series de Accion,,,否,0,Series,,
POP World TV (720p),,,否,0,Music,,
Radio Lola TV (720p) [Not 24/7],,,否,0,Music,,
Qazaqstan (576p),,,否,0,General,,
Rede Seculo 21 (720p),,,否,0,Religious,,
Radio Tropical (480p) [Not 24/7],,,否,0,Music,,
Planet 100.9 FM (1080p),,,否,0,Music,,
RadiantTV (1080p),,,否,0,Religious,,
Pluto TV Notti di Sangue,,,否,0,Movies,,
Radio Uno Tacna (720p),,,否,0,News,,
Pluto TV Series Acao,,,否,0,Series,,
Power TV (Turkiye) (1080p),,,否,0,Undefined,,
Pluto TV John Wayne DK,,,否,0,Movies,,
Pluto TV True Crime (Sweden) DK,,,否,0,Documentary;Series,,
Radio Conexion Web TV (720p),,,否,0,Music,,
Pluto TV Science (Germany) GB,,,否,0,Documentary;Science,,
Pluto TV Conspiracy,,,否,0,Documentary,,
RedADvenir TV (360p) [Not 24/7],,,否,0,Undefined,,
Pluto TV Series Fantastiques,,,否,0,Series,,
Pluto TV Reportagen,,,否,0,Documentary,,
Pluto TV Science (Germany),,,否,0,Documentary;Science,,
Radio Cuenca Estereo (720p),,,否,0,Music,,
Pluto TV Vida Real LatAm,,,否,0,Education,,
Pluto TV Kids,,,否,0,Kids,,
Pluto TV Cine Familia LatAm,,,否,0,Movies,,
Polsat Play (720p),,,否,0,Undefined,,
Pluto TV Historia (United States) LatAm,,,否,0,Undefined,,
Rakuten TV Top Movies (1080p),,,否,0,Movies,,
Pluto TV Paranormal (Germany),,,否,0,Movies,,
Rede CNT Rio de Janeiro (720p),,,否,0,Undefined,,
Reflet TV (1080p),,,否,0,General,,
Pluto TV Cine Comedia (United States) BR,,,否,0,Movies,,
Pluto TV Snooker 900 (Germany) GB (720p),,,否,0,Sports,,
Pluto TV Cine Romance LatAm,,,否,0,Movies,,
Radio 350 (360p) [Not 24/7],,,否,0,Undefined,,
Radio Via Libre (720p),,,否,0,General,,
Pluto TV Cine Clasico,,,否,0,Movies,,
Pluto TV Animals,,,否,0,Documentary,,
Radio Chalaca,,,否,0,Music,,
Radio Albalad TV (720p),,,否,0,General,,
Radio Tele Hit (480p),,,否,0,Music,,
Pluto TV Cucina,,,否,0,Cooking;Lifestyle,,
Pluto TV Animation,,,否,0,Animation;Comedy,,
Pluto TV Horror (Sweden) DK,,,否,0,Movies;Series,,
Ready TV Canal 6 (720p) [Not 24/7],,,否,0,General,,
Pluto TV Serie,,,否,0,Series,,
Red Bull TV AU (1080p),,,否,0,Outdoor;Sports,,
Rawhide (Sweden) NO,,,否,0,Classic;Series,,
Radio Guaira TV,,,否,0,General,,
Radio Contemporanea Coihueco (720p),,,否,0,General,,
Pluto TV Cine Inspirador,,,否,0,Movies,,
Pluto TV Motor (Sweden) NO,,,否,0,Auto,,
Pluto TV Gore & Slasher,,,否,0,Entertainment,,
Public TV (720p),,,否,0,News,,
Pluto TV Film (Sweden) DK,,,否,0,Movies,,
RCN Mas (1080p),,,否,0,Entertainment,,
Rakuten TV Drama Movies Italy (1080p),,,否,0,Movies,,
Pluto TV Toons FR (720p),,,否,0,Kids,,
Pluto TV Invasion Alien,,,否,0,Movies,,
PMC Telugu (1080p),,,否,0,Religious,,
Rakuten TV Top Movies Finland (1080p),,,否,0,Movies,,
Radio Zeta (1080p),,,否,0,Music,,
Pluto TV Viagens,,,否,0,Lifestyle,,
Pluto TV Retro Action Movies,,,否,0,Classic;Movies,,
Radio Piter Pan TV (720p) [Not 24/7],,,否,0,Music,,
Rakuten TV Top Movies Italy (1080p),,,否,0,Movies,,
Primocanale (1080p) [Not 24/7],,,否,0,Undefined,,
Regio90 TV (720p),,,否,0,Undefined,,
Pluto TV Novelas de Otros Continentes,,,否,0,Series,,
Pluto TV Filmes Acao,,,否,0,Movies,,
Radio Yguazu TV (480p),,,否,0,Entertainment,,
Pluto TV Horror-Serien,,,否,0,Series,,
Pluto TV Cine Inspiracao,,,否,0,Movies,,
Pluto TV Retro,,,否,0,Entertainment,,
Polar TV (Czech Republic) (1080p),,,否,0,General,,
Pura Palabra (718p) [Not 24/7],,,否,0,Undefined,,
Pluto TV Kids Classics FR (720p),,,否,0,Kids,,
Radio Fantasia TV (720p),,,否,0,General,,
Pluto TV Paranormal (Germany) IT,,,否,0,Movies,,
Pluto TV Historias de Ultratumba,,,否,0,Undefined,,
Pluto TV History,,,否,0,Documentary,,
Pluto TV Food,,,否,0,Cooking;Documentary,,
Radio Omega TV (720p) [Not 24/7],,,否,0,Entertainment,,
Polsat Games HD (1080p),,,否,0,Undefined,,
Pluto TV Policial,,,否,0,Documentary,,
Radio SWH TV (1080p),,,否,0,Music,,
Rakuten TV Drama Movies UK (1080p),,,否,0,Movies,,
Pluto TV Shore,,,否,0,Entertainment,,
RAZ 3 International,,,否,0,Undefined,,
Pluto TV Spotlight,,,否,0,Movies,,
Pluto TV Notti di Terrore,,,否,0,Movies,,
Pluto TV Terror Trash,,,否,0,Movies,,
Radio Centro (720p),,,否,0,General,,
Rakuten TV Action Movies (1080p),,,否,0,Movies,,
Pluto TV Estrellas de Accion,,,否,0,Movies,,
Rama Channel,,,否,0,Undefined,,
Pluto TV Handbold Live,,,否,0,Sports,,
Raly TV (720p),,,否,0,General,,
Pluto TV True Crime (Sweden) NO,,,否,0,Documentary;Series,,
Premialnoe HD (1080p),,,否,0,Movies,,
Pluto TV Backcountry,,,否,0,Outdoor,,
Rakuten TV Family Movies (1080p),,,否,0,Family;Movies,,
Pluto TV Aventura,,,否,0,Series,,
Radio Number One (720p) [Not 24/7],,,否,0,Undefined,,
Rede Globo (1080p),,,否,0,Undefined,,
Rakuten TV Top Movies Germany (1080p),,,否,0,Movies,,
Radio Ritmo FM (1080p) [Not 24/7],,,否,0,Undefined,,
Pluto TV Film Thriller,,,否,0,Movies,,
Radio JND (1080p),,,否,0,Music,,
Rai 3 (720p),,,否,0,Undefined,,
Pluto TV Cocina,,,否,0,Cooking;Lifestyle,,
Pluto TV Britische Serien,,,否,0,Series,,
Pluto TV Lives,,,否,0,Series,,
Pluto TV Animaux,,,否,0,Documentary,,
Pluto TV Crime GB,,,否,0,Series,,
Radiowa Czworka (1080p),,,否,0,Entertainment,,
Pluto TV Cine Comedia (United States) LatAm,,,否,0,Movies,,
Pluto TV Horror (United States) CA,,,否,0,Movies;Series,,
Radio Rossii (720p),,,否,0,General,,
Radiocanal (1080p),,,否,0,General,,
Rawhide (United States) CA,,,否,0,Movies;Series,,
Raj News Kannada (576p),,,否,0,News,,
Pluto TV Junior LatAm,,,否,0,Kids,,
Pluto TV Gasolina,,,否,0,Entertainment,,
Portlandia (720p),,,否,0,Undefined,,
PTC Simran (576p),,,否,0,Religious,,
PMC Royale (1080p),,,否,0,Music,,
Rede Familia (720p),,,否,0,Undefined,,
Pluto TV Movies,,,否,0,Movies,,
Polsat JimJam (576p),,,否,0,Kids,,
Prime9 News (1080p),,,否,0,News,,
PMC,,,否,0,Music,,
Red CCTV (480p),,,否,0,Undefined,,
Pluto TV Romantikk,,,否,0,Movies,,
Pluto TV Mystery,,,否,0,Documentary,,
Pluto TV Thrillers (Germany) GB,,,否,0,Movies,,
Pluto TV Historische Serien,,,否,0,Series,,
Rakuten TV Action Movies Finland (1080p),,,否,0,Movies,,
Radio Mega TV Amazonia (720p),,,否,0,General,,
Radio Tele Full Gospel,,,否,0,Religious,,
Pluto TV Teen FR (720p),,,否,0,Kids,,
Pluto TV Aventure,,,否,0,Documentary,,
Pluto TV Sci-Fi (United States) CA,,,否,0,Movies;Series,,
Rede Gospel (1080p),,,否,0,Religious,,
Placid (1080p) [Not 24/7],,,否,0,Animation,,
Pluto TV Action (Sweden) NO,,,否,0,Movies;Series,,
Pluto TV Adventure,,,否,0,Entertainment;Outdoor;Series,,
RCV TV (712p),,,否,0,News,,
Pluto TV Handboll Highlights,,,否,0,Sports,,
Qmusic (720p),,,否,0,Music,,
Pluto TV The Twilight Zone,,,否,0,Classic;Series,,
Pluto TV Velocidad,,,否,0,Undefined,,
Puringla TV,,,否,0,General,,
PTC Punjabi Canada (1080p),,,否,0,Undefined,,
Red Carpet TV International (1080p),,,否,0,Undefined,,
Pluto TV Aliens,,,否,0,Documentary;Series,,
Radio Shanson (720p) [Not 24/7],,,否,0,Music,,
Pluto TV ANIME GO!,,,否,0,Entertainment,,
Pluto TV Series (United States),,,否,0,Series,,
Reforma TV (1080p),,,否,0,Religious,,
Qazvin TV,,,否,0,Undefined,,
PTC Punjabi Gold (1080p),,,否,0,Entertainment,,
Rakuten TV Family Movies Finland (1080p),,,否,0,Family;Movies,,
Pluto TV Novelas BR,,,否,0,Series,,
Pluto TV Franchise Favorites,,,否,0,Movies,,
Red America TV (1080p),,,否,0,General,,
Red TV Lebanon (1080p),,,否,0,News,,
Radio Onda Digital (1080p),,,否,0,Music,,
Pluto TV Crime Drama,,,否,0,Movies,,
Raj News Malayalam (576p),,,否,0,News,,
Pluto TV Westerns (United States),,,否,0,Movies,,
PursuitUP (1080p),,,否,0,Outdoor,,
Pluto TV Filmes Aventura,,,否,0,Movies,,
Red Bull TV SD (1080p),,,否,0,Outdoor;Sports,,
RBW (1080p),,,否,0,Undefined,,
Pluto TV Food GB,,,否,0,Cooking;Documentary,,
Rakuten Viki Poland,,,否,0,Entertainment;Series,,
Pluto TV Verdenskrigene NO,,,否,0,Documentary,,
Rede TV! (720p),,,否,0,General,,
Pluto TV KFOOD,,,否,0,Cooking;Lifestyle,,
Pluto TV Retro Crime Action,,,否,0,Classic,,
Pluto TV Serie Sci-Fi,,,否,0,Movies,,
Pluto TV Scherzi e risate,,,否,0,Comedy,,
Pluto TV Novelas,,,否,0,Series,,
Pluto Classic Movie Westerns,,,否,0,Movies;Series,,
Pluto TV Nuestro Cine,,,否,0,Movies,,
Pluto TV Diseno,,,否,0,Lifestyle,,
Rakuten TV Top Movies UK (1080p),,,否,0,Movies,,
Pluto TV Teen IT (720p),,,否,0,Kids,,
RCC TV (1080p) [Not 24/7],,,否,0,Religious,,
RAZ 2 (1080p),,,否,0,Entertainment,,
Pursuit Channel (720p),,,否,0,Undefined,,
PTC Punjabi HD (1080p),,,否,0,Entertainment,,
RadioToppers (720p),,,否,0,Entertainment,,
Radio Suyai TV (1080p),,,否,0,Culture;Music,,
Pluto TV Series Criminais,,,否,0,Series,,
Primitivos TV (720p),,,否,0,General,,
Prarthana TV (720p),,,否,0,Undefined,,
Platzi TV (1080p),,,否,0,Education,,
Rede TV! Mais,,,否,0,General,,
Qello Concerts by Stingray (1080p),,,否,0,Music,,
PokerGo,,,否,0,Sports,,
R Television [Not 24/7],,,否,0,General,,
Radio Romania 3Net (480p),,,否,0,Music,,
Pluto TV Sanctuary,,,否,0,Series,,
Raatdin Bangla (720p),,,否,0,News,,
Pluto TV Bud & Terence (Sweden),,,否,0,Movies,,
Prameya News7 (576p),,,否,0,News,,
Premier Sports (1080p),,,否,0,Sports,,
Pluto TV Handbold Highlights,,,否,0,Sports,,
Radio Fantastica 98.9 FM (1080p),,,否,0,Music,,
Radio Edelweiss (720p),,,否,0,Music,,
Rabeh Saqer (1080p),,,否,0,Music,,
Pluto TV FBI,,,否,0,Series,,
Radio 3 (720p),,,否,0,Culture,,
Pluto TV Bang Bang,,,否,0,Movies,,
Pluto TV Sitcoms,,,否,0,Comedy;Series,,
Radio Tele Evangile Sans Limite,,,否,0,Religious,,
Pluto TV Vida Real,,,否,0,Education,,
Pluto TV Terror,,,否,0,Movies,,
Pluto TV Paranormal (Sweden) DK,,,否,0,Movies,,
Red+ (1080p),,,否,0,Entertainment;General;News,,
Pluto TV Adult Animation,,,否,0,Animation;Comedy,,
Punt 3 (1080p),,,否,0,Undefined,,
Pluto TV Kids Club (United States),,,否,0,Kids,,
Prarthana Bhawan TV (576p),,,否,0,Undefined,,
Realitatea Plus (720p),,,否,0,Undefined,,
Punjabi Hits (1080p),,,否,0,Music,,
Qwest TV Jazz & Beyond (1080p),,,否,0,Music,,
Prima (Russia) (1080p),,,否,0,Undefined,,
Radio Norba TV (1080p),,,否,0,General,,
Prime Asia TV (1080p),,,否,0,Undefined,,
PromarTV (576p),,,否,0,General,,
Qollasuyo TV (720p),,,否,0,General,,
PowerHD,,,否,0,Undefined,,
Presumiendo Mexico (720p),,,否,0,Culture,,
Pluto TV Game Shows,,,否,0,Entertainment,,
Pluto TV Western ES,,,否,0,Movies,,
Radio Weser TV Bremen (576p),,,否,0,Music,,
Pluto TV Inside,,,否,0,Entertainment,,
Pluto TV Cars,,,否,0,Auto,,
Plous TV (1080p),,,否,0,Lifestyle,,
Pluto TV Teen (720p),,,否,0,Kids,,
Pluto TV Buskis,,,否,0,Entertainment,,
Raj News Telugu (576p),,,否,0,News,,
Pluto TV Drama,,,否,0,Movies,,
Qosqo Times (720p),,,否,0,News,,
Pluto TV Komedi,,,否,0,Comedy;Movies,,
Pluto TV Alberto Sordi,,,否,0,Movies,,
Pluto TV Crime Drama CA,,,否,0,Movies,,
Pluto TV Fishing,,,否,0,Outdoor;Sports,,
Real Television (720p),,,否,0,General,,
Radar Tasikmalaya TV (720p) [Not 24/7],,,否,0,Undefined,,
Pluto TV Peleas,,,否,0,Undefined,,
Pluto TV Staff Picks,,,否,0,Movies,,
Pluto TV Shows por Stingray (720p),,,否,0,Music,,
Radio Coatan Canal 21,,,否,0,General,,
Rede Meio Norte (720p),,,否,0,Undefined,,
PSL TV (360p),,,否,0,Legislative,,
Pronems TV (1080p) [Not 24/7],,,否,0,Entertainment,,
Qausain TV (720p),,,否,0,Culture,,
Pluto TV Westerns (United States) CA,,,否,0,Movies,,
Real News Kerala (1080p) [Not 24/7],,,否,0,News,,
PowerNation TV (1080p),,,否,0,Auto,,
PMI TV (720p) [Not 24/7],,,否,0,Undefined,,
Pluto TV Documentales,,,否,0,Undefined,,
Pluto TV Thrillers (Germany),,,否,0,Movies,,
Public Movies (576p),,,否,0,Movies,,
Pluto TV American True Crime,,,否,0,Documentary;Series,,
Pluto TV Anime CA,,,否,0,Animation,,
Radio Ideal (720p) [Not 24/7],,,否,0,Music,,
Rally TV (1080p),,,否,0,Sports,,
Pluto TV Series Drama,,,否,0,Series,,
Pradesh24 Gujarati (1080p),,,否,0,News,,
Puruwa TV (1080p),,,否,0,General,,
Rede Vida (720p),,,否,0,Religious,,
Public Music (576p),,,否,0,Music,,
Pluto TV Alien Invasion (Germany),,,否,0,Documentary,,
Pluto TV Film Azione,,,否,0,Movies,,
Pluto TV Weihnachten im Sommer,,,否,0,Movies,,
Pluto TV Film Romantici,,,否,0,Movies,,
Pluto TV Paranormal (Germany) FR,,,否,0,Movies,,
RB TV (1080p),,,否,0,General,,
Ramdhenu (576p),,,否,0,Undefined,,
Pluto TV Western,,,否,0,Movies,,
Public 4K TV HD,,,否,0,Entertainment,,
Pluto TV Toto,,,否,0,Movies,,
Rakuten TV Comedy Movies Finland (1080p),,,否,0,Movies,,
Pluto TV French Collection,,,否,0,Entertainment,,
PTV (Ukraine) (720p),,,否,0,News,,
Rakuten TV Action Movies Germany (1080p),,,否,0,Movies,,
Rede SPTV (360p),,,否,0,General,,
RDS Social TV (720p),,,否,0,Undefined,,
Pluto TV Cine Crime,,,否,0,Movies,,
RecordTV Interior SP,,,否,0,General,,
Qub TV,,,否,0,General,,
Plim Plim (1080p),,,否,0,Animation;Kids,,
Pluto TV Cine Romance,,,否,0,Movies,,
Pluto TV Paranormal (Germany) ES,,,否,0,Movies,,
RADIO DISCOunt TV (1080p),,,否,0,Music,,
Pluto TV Documentari,,,否,0,Documentary,,
Pro Business (720p),,,否,0,Business,,
Pluto TV Deportes,,,否,0,Sports,,
Pluto TV Cine Comedia Romantica,,,否,0,Movies,,
Rai News 24 HD (1080p),,,否,0,News,,
QTV Gambia (720p) [Not 24/7],,,否,0,General,,
Pluto TV Cinema Orientale,,,否,0,Movies,,
Pluto TV Paranormal (United States) CA,,,否,0,Documentary,,
Radiotele (352p),,,否,0,General,,
Red Bull TV ES (1080p),,,否,0,Outdoor;Sports,,
Pluto TV Telerealite France,,,否,0,Entertainment,,
Pratidin Time (576p),,,否,0,News,,
Rawhide (Sweden) DK,,,否,0,Classic;Series,,
Qazaqstan International,,,否,0,General,,
Radio Aalsmeer TV (720p) [Not 24/7],,,否,0,Undefined,,
Pluto TV Misterios LatAm,,,否,0,Education,,
Pluto TV Haialarm,,,否,0,Movies;Series,,
Radio Hit FM TV (720p),,,否,0,Music,,
Realitatea Sportiva (720p),,,否,0,Sports,,
Pluto TV Estilo de Vida,,,否,0,Lifestyle,,
Pluto TV Polar,,,否,0,Series,,
Radio America TV (720p),,,否,0,Undefined,,
Prima TV (Romania) HD,,,否,0,General,,
Radio Ibiza TV (720p) [Not 24/7],,,否,0,Undefined,,
Pluto TV Snooker 900 (Sweden) NO (720p),,,否,0,Sports,,
Pluto TV Drama Movies,,,否,0,Movies,,
Pluto TV Tegnefilm (720p),,,否,0,Kids,,
Radio Sines (720p) [Geo-blocked],,,否,0,General,,
Radio Monumental TV (720p) [Not 24/7],,,否,0,Music,,
Pluto TV Legami Letali,,,否,0,Movies,,
Pluto TV Brigade Criminelle,,,否,0,Series,,
Pluto TV Fantastic,,,否,0,Series,,
Radio Vida Curico (720p),,,否,0,General,,
Punto TV Digital 40 [Geo-blocked],,,否,0,General,,
Pluto TV Icons,,,否,0,Movies,,
Pluto TV True Crime (United States) CA,,,否,0,Documentary;Series,,
Radio Ancoa TV (720p),,,否,0,General,,
Rararadio (720p),,,否,0,Music,,
Pluto TV A La Mexicana,,,否,0,Movies,,
Pluto TV Sherlock,,,否,0,Classic,,
PONTV (720p),,,否,0,Undefined,,
Pluto TV Danske klassikere,,,否,0,Classic;Movies,,
Pluto TV Film (Sweden) NO,,,否,0,Movies,,
Puthiya Thalaimurai (576p),,,否,0,News,,
Radio 1 (Russia) (720p) [Geo-blocked],,,否,0,General,,
Radio Armonia TV (720p),,,否,0,Religious,,
RASD TV (1080i),,,否,0,General,,
PTC Chakde (720p),,,否,0,Music,,
Pluto TV Tegnefilm NO (720p),,,否,0,Kids,,
Pluto TV Cozinha,,,否,0,Lifestyle,,
Pluto TV Christmas tutto l'anno,,,否,0,Movies,,
Pluto TV Wild West,,,否,0,Movies;Series,,
Radio Colmenar 92.5 FM,,,否,0,Music,,
Pooya TV,,,否,0,Kids,,
Rakuten TV Comedy Movies Germany (1080p),,,否,0,Movies,,
Pluto TV Wild West NO,,,否,0,Movies;Series,,
Praise TV (720p),,,否,0,Undefined,,
PRO TV HD,,,否,0,Undefined,,
Radio Tele Sentinel,,,否,0,Religious,,
RAN1 (1080p),,,否,0,Undefined,,
Quantica TV,,,否,0,News,,
Radio Fx Net (720p),,,否,0,Music,,
Pluto TV Bud & Terence (Sweden) NO,,,否,0,Movies,,
Radio Television Marbella (720p),,,否,0,Undefined,,
Pluto TV K-Drama,,,否,0,Series,,
Pluto TV Harlequin,,,否,0,Movies,,
Qatar Television 2 (1080p),,,否,0,General,,
QVC Extra (540p),,,否,0,Shop,,
Rede NGT (1080p),,,否,0,Entertainment,,
Pluto TV Trending Now,,,否,0,Movies,,
RACER International (1080p),,,否,0,Sports,,
Pluto TV Western IT,,,否,0,Movies,,
Pluto TV Overnaturlig,,,否,0,Series,,
Plzen TV (1080p),,,否,0,General,,
Pluto TV Reaction,,,否,0,Movies,,
Podium.TV (1080p) [Not 24/7],,,否,0,Undefined,,
Pratham Khabar 24x7 (576p),,,否,0,News,,
PSN Canal 45.2 (288p),,,否,0,News,,
Radio Bonita 106.7 (720p),,,否,0,Music,,
Pluto TV Turbo,,,否,0,Auto;Documentary,,
Podium.TV 2 (1080p) [Not 24/7],,,否,0,Undefined,,
Rakuten TV Family Movies Italy (1080p),,,否,0,Family;Movies,,
Pluto TV Filmes de Luta,,,否,0,Movies,,
Pluto TV Retro Crime Drama,,,否,0,Classic,,
Pluto TV Telenovelas Clasicas,,,否,0,Series,,
Qwest TV (1080p),,,否,0,Music,,
Pluto TV Sci-fi Series,,,否,0,Series,,
Pluto TV Film Ancora Piu Romantici,,,否,0,Movies,,
Podium.TV 3 (1080p) [Not 24/7],,,否,0,Undefined,,
Pluto TV Tecknade klassiker (720p),,,否,0,Kids,,
Qatar Television (1080p),,,否,0,General,,
Pluto TV Retro Toons GB,,,否,0,Animation;Kids,,
Pluto TV Ungdomsserier DK (720p),,,否,0,Kids,,
Pluto TV Snooker 900 (Germany) FR (720p),,,否,0,Sports,,
Pluto TV Polizeiserien,,,否,0,Series,,
Pluto TV Wipeout,,,否,0,Series,,
Pluto TV Cinema Italiano,,,否,0,Movies,,
Pluto TV Catastrofes,,,否,0,Movies,,
Preludio TV,,,否,0,Religious,,
Pluto TV Comedy,,,否,0,Comedy,,
Pluto TV Filmes Nacionais,,,否,0,Movies,,
Prudent Media (1080p),,,否,0,News,,
Realitatea Star (576i),,,否,0,Undefined,,
Pluto TV Cars CA,,,否,0,Auto,,
Pluto TV Notti di Passione,,,否,0,Movies,,
Pluto TV Crime,,,否,0,Series,,
Radio Carnaval TV (720p) [Not 24/7],,,否,0,Entertainment;Music,,
Pluto TV Novelas de Mexico,,,否,0,Series,,
Punjabi Shorts (1080p),,,否,0,Movies,,
Radio Clasica TV (720p),,,否,0,Music,,
Pluto TV Sci-Fi (Germany) ES,,,否,0,Movies;Series,,
Pluto TV Naturaleza,,,否,0,Documentary;Outdoor,,
Pluto TV Misterios Medicos,,,否,0,Series,,
Pluto TV Adventure CA,,,否,0,Entertainment;Outdoor;Series,,
Quarto Canale Flegreo (720p),,,否,0,General,,
Pluto TV Horror (United States),,,否,0,Movies;Series,,
Pluto TV Zombies,,,否,0,Movies;Series,,
Pluto TV Klassiske tegnefilm (720p),,,否,0,Kids,,
Pluto TV Reality (Germany) FR,,,否,0,Entertainment,,
Rapid TV (480p),,,否,0,General,,
Rawhide (Sweden),,,否,0,Classic;Series,,
Pluto TV Ungdomsserier NO (720p),,,否,0,Kids,,
ProSieben (1080p),,,否,0,Undefined,,
Positiv TV (1080p),,,否,0,Family,,
Radio TV Basse-Terre (720p),,,否,0,General,,
Pluto TV Psycho,,,否,0,Movies,,
Rakuten TV Drama Movies (1080p),,,否,0,Movies,,
Pluto TV Film Commedia,,,否,0,Movies,,
Probashi TV News (1080p),,,否,0,News,,
Rakuten TV Family Movies Germany (1080p),,,否,0,Family;Movies,,
Pluto TV Tough Jobs,,,否,0,Documentary;Series,,
Radio Karolina TV (720p),,,否,0,Music,,
Pluto TV Nature,,,否,0,Documentary,,
Puissance TV,,,否,0,General,,
Pluto TV Competencias,,,否,0,Undefined,,
RCG TV (1080p),,,否,0,Undefined,,
Pluto TV Series Latinas,,,否,0,Series,,
Rakuten TV Comedy Movies UK (1080p),,,否,0,Movies,,
Radio Tele Puissance,,,否,0,Religious,,
Pluto TV Investigacao,,,否,0,Documentary,,
Pluto TV Natura,,,否,0,Documentary,,
Radio Realpolitik (720p),,,否,0,Music,,
Promovideo TV (486p),,,否,0,General,,
Racer Network (1080p),,,否,0,Sports,,
Pluto TV Karaoke por Stingray (720p),,,否,0,Music,,
Pluto TV Cine de autor,,,否,0,Movies,,
Pula TV (1080p) [Not 24/7],,,否,0,Entertainment,,
Prensa Latina TV (1080p),,,否,0,News,,
Pluto TV Serie Crime,,,否,0,Series,,
R9 (720p) [Not 24/7],,,否,0,Undefined,,
Pluto TV Sci-Fi (Sweden) DK,,,否,0,Movies;Series,,
Rakuten TV Comedy Movies Italy (1080p),,,否,0,Movies,,
Regio TV Bodensee (1080p),,,否,0,Undefined,,
Pluto TV Fantasy & Horror,,,否,0,Movies,,
Pluto TV Reality (United States) CA,,,否,0,Entertainment,,
PSN (288p),,,否,0,Entertainment;News,,
Raftaar Media (576p),,,否,0,Undefined,,
Pluto TV Cine Suspenso,,,否,0,Movies,,
Pluto TV Comedy CA,,,否,0,Comedy,,
Pluto TV John Wayne NO,,,否,0,Movies,,
RadioMensaje TV (720p),,,否,0,Religious,,
Pluto TV Reality (Germany) GB,,,否,0,Entertainment,,
Pronto-socorro: Historias De Emergencia,,,否,0,Education,,
Radio TV Neuquen (720p) [Not 24/7],,,否,0,Undefined,,
Raj Musix Telugu (720p),,,否,0,Music,,
Pluto TV Sitcoms GB,,,否,0,Comedy;Series,,
Rede Minas (720p),,,否,0,Education,,
Radio Nuble (720p),,,否,0,General,,
Rede Brasil (1080p),,,否,0,General,,
Puranoticia TV (720p),,,否,0,News,,
Pluto TV Novelas LatAm,,,否,0,Series,,
Red Digital (1080p) [Not 24/7],,,否,0,General,,
Pluto TV Cine Crimen,,,否,0,Movies,,
Pluto TV Dokumentar DK,,,否,0,Documentary,,
Pluto TV Star Trek: Animation,,,否,0,Animation,,
Pluto TV Cine Sucessos,,,否,0,Movies,,
Radio Televizija Banovina (1080p) [Not 24/7],,,否,0,Undefined,,
Radio Bocairent TV (1080p) [Not 24/7],,,否,0,General,,
Radio La Serena TV (720p),,,否,0,Music,,
Pluto TV Military,,,否,0,Series,,
PLEX TV,,,否,0,Entertainment,,
Pluto TV Cine Drama LatAm,,,否,0,Movies,,
R Channel,,,否,0,Education,,
Regio TV (406p),,,否,0,General,,
Pluto TV Kultfilm,,,否,0,Movies,,
Pluto TV Sci-Fi (Sweden) NO,,,否,0,Movies;Series,,
Pluto TV Misterios,,,否,0,Education,,
Real America's Voice KPVM-LD,,,否,0,Undefined,,
ReggioTV (480p) [Not 24/7],,,否,0,Undefined,,
Pluto TV Wild West DK,,,否,0,Movies;Series,,
Pluto TV Horror (Sweden) NO,,,否,0,Movies;Series,,
Pluto TV True Crime (Germany) ES,,,否,0,Documentary;Series,,
Ray TV HD,,,否,0,Entertainment;General,,
Radio 3i (720p),,,否,0,Undefined,,
Red Bull TV UK (1080p),,,否,0,Outdoor;Sports,,
Pluto TV Retro Toons,,,否,0,Animation;Kids,,
Pluto TV Juniorklubben NO (720p),,,否,0,Kids,,
RedeTV! Parana,,,否,0,Undefined,,
Pluto TV Los nuevos detectives,,,否,0,Undefined,,
Realitatea TV (406p),,,否,0,News,,
pocket.watch (1080p),,,否,0,Kids,,
Pulse95 Radio (1080p),,,否,0,Undefined,,
Radio 2 (720p),,,否,0,General,,
Ray TV HD SD (576p),,,否,0,Entertainment;General,,
Pluto TV Storia,,,否,0,Documentary,,
Rainbow Ruby (720p),,,否,0,Undefined,,
Pluto TV Karaoke por Stingray LatAm (720p),,,否,0,Music,,
Pluto TV Action Movies,,,否,0,Movies,,
Pluto TV Dramas Coreanos Teen,,,否,0,Series,,
Q TV (576p),,,否,0,Entertainment,,
Pluto TV Natureza,,,否,0,Education,,
Pluto TV Series Novelescas,,,否,0,Series,,
Red Line (480p),,,否,0,Undefined,,
Pluto TV Dokumentar,,,否,0,Documentary,,
Radio USACH (720p),,,否,0,General,,
Polsat Cafe (720p),,,否,0,Undefined,,
Racer Select (1080p),,,否,0,Sports,,
RadioNL TV (1080p) [Not 24/7],,,否,0,Music,,
Rang (576p),,,否,0,Undefined,,
Rakuten TV Action Movies Italy (1080p),,,否,0,Movies,,
Razavi TV,,,否,0,Undefined,,
Prime News (1080p),,,否,0,News,,
Rotana Tarab Jordan City View (720p) [Not 24/7],,,否,0,Undefined,,
Safeer TV (1080p),,,否,0,Religious,,
Starz Comedy (1080p),,,否,0,Comedy,,
StreamForce 360 (1080p),,,否,0,Entertainment;General,,
Smithsonian Channel Pluto TV LatAm,,,否,0,Documentary,,
South Park: Coleccion Kenny,,,否,0,Animation;Comedy,,
South Park Version Original,,,否,0,Animation;Comedy,,
Series by Pluto TV,,,否,0,Series,,
RTV Rijnmond Extra (1080p),,,否,0,General,,
South Park: Butters Collection (Sweden) NO,,,否,0,Animation;Comedy,,
Sarafan (576p),,,否,0,Undefined,,
Sporty TV,,,否,0,Sports,,
South Park Rockin' Out DK,,,否,0,Animation;Comedy,,
RVTV Grants Pass (720p),,,否,0,General,,
Star Trek: The Next Generation (Germany),,,否,0,Movies;Series,,
South Park (Sweden),,,否,0,Animation;Comedy,,
RSelvaTV (720p),,,否,0,News,,
Spirit TV (720p) [Not 24/7],,,否,0,Music;Religious,,
Star Trek Movies NO,,,否,0,Movies,,
South Park: Coleccion Cartman,,,否,0,Animation;Comedy,,
Ridiculousness: Nya avsnitt,,,否,0,Entertainment,,
Sachsen Fernsehen Chemnitz (1080p),,,否,0,Undefined,,
Stingray Easy Listening (1080p),,,否,0,Music,,
Sin tetas no hay paraiso,,,否,0,Series,,
Stadium (720p),,,否,0,Sports,,
Salto Brasa Music (1080p),,,否,0,Music,,
Salto 1 (720p),,,否,0,Entertainment,,
RMC Story (1080p),,,否,0,Undefined,,
Star Cinema,,,否,0,Movies,,
Star Maa Movies HD (720p),,,否,0,Movies,,
Star Trek: Deep Space Nine,,,否,0,Movies;Series,,
Solidaria TV (720p),,,否,0,Undefined,,
South Park: Into the Stars DK,,,否,0,Animation;Comedy,,
Stingray The Spa (1080p),,,否,0,Music,,
RPP TV (1080p),,,否,0,News,,
Russkiy Bestseller (576p),,,否,0,Movies,,
Sat 7 Turk (1080p),,,否,0,Undefined,,
STS (576p),,,否,0,Family,,
South Park: Into the Stars,,,否,0,Animation;Comedy,,
Siembra TV (Dominican Republic) (720p),,,否,0,Music,,
Star Maa HD (720p),,,否,0,Entertainment,,
South Park: Kyle Collection (Sweden),,,否,0,Animation;Comedy,,
Rete 8,,,否,0,General,,
Sony One Hits Comedie (1080p),,,否,0,Movies,,
Sachsen Fernsehen Dresden (1080p) [Not 24/7],,,否,0,Undefined,,
RVTV Prime (720p),,,否,0,General,,
Spark TV (1080p),,,否,0,Undefined,,
South Park Armageddon,,,否,0,Animation;Comedy,,
Rengoni (576p),,,否,0,Undefined,,
Star Jalsha HD (720p),,,否,0,Entertainment,,
RRI Net (1080p),,,否,0,Undefined,,
Stingray TikTok Radio (1080p),,,否,0,Music,,
START World (576p),,,否,0,Movies,,
Sat 7 Kids (1080p),,,否,0,Kids;Religious,,
Stingray Everything '80s (1080p),,,否,0,Music,,
RetroCrush (1080p),,,否,0,Animation;Classic,,
Star Trek Movies,,,否,0,Movies,,
RTV Canal 57 (720p),,,否,0,General,,
RTV Noordoost Friesland (720p) [Not 24/7],,,否,0,Undefined,,
Star Trek: The Original Series (Germany),,,否,0,Movies;Series,,
Star Trek US,,,否,0,Series,,
SBTV (1080p) [Not 24/7],,,否,0,General,,
Sahara 24 (1080p),,,否,0,News,,
South Park: Cartman Collection (United States),,,否,0,Animation;Comedy,,
Samara-GIS (1080p) [Not 24/7],,,否,0,Undefined,,
So... Real UK (720p),,,否,0,Lifestyle,,
Star Pravah HD (720p),,,否,0,Entertainment,,
Rodnoe Kino (576p),,,否,0,Movies,,
Simon (720p) [Geo-blocked],,,否,0,General,,
Studio One + (720p),,,否,0,Movies,,
South Park: Colecao Kyle,,,否,0,Animation;Comedy,,
Sachsen Eins (1080p),,,否,0,Undefined,,
S Corby TV (480p),,,否,0,Kids,,
Russkiy Detektiv (576p),,,否,0,Movies,,
RNN (720p) [Not 24/7],,,否,0,News,,
Sansad TV 2,,,否,0,Legislative,,
S Free! (360p),,,否,0,General,,
RTP (Italy) (404p),,,否,0,Undefined,,
RVTV Voices (720p),,,否,0,General,,
Reino Infantil,,,否,0,Kids,,
Shabakeh 7,,,否,0,Entertainment,,
Rumbo Minero TV (1080p),,,否,0,General,,
Sono Onda TV (720p),,,否,0,Undefined,,
Sarapiqui TV (720p) [Not 24/7],,,否,0,General,,
Sahand TV,,,否,0,Undefined,,
Star 101 FM [Not 24/7],,,否,0,Music,,
SC Currents,,,否,0,News,,
Retromusica Television (720p),,,否,0,Music,,
Ribera TV (576p),,,否,0,General,,
Sport (Uzbekistan),,,否,0,Sports,,
Shef (1080p),,,否,0,Series,,
Satsang Web TV (1080p),,,否,0,Religious,,
RTV Drenthe (1080p),,,否,0,Undefined,,
Sana TV (1080p),,,否,0,Entertainment,,
San Isidro TV (720p) [Not 24/7],,,否,0,General,,
Stingray Flashback 70's (1080p),,,否,0,Music,,
Sansad TV 2 HD (1080p),,,否,0,Legislative,,
Sangat TV (576p),,,否,0,Undefined,,
Sony KAL Hindi (1080p),,,否,0,Undefined,,
Starz Kids & Family (1080p),,,否,0,Kids,,
Shop Channel (1080p) [Not 24/7],,,否,0,Shop,,
Sat 7 Arabic (240p),,,否,0,Undefined,,
Shabab FM (720p) [Not 24/7],,,否,0,Undefined,,
Sochi Live (720p) [Not 24/7],,,否,0,General,,
South Park (Sweden) DK,,,否,0,Animation;Comedy,,
SBC (1080p),,,否,0,General,,
Sadhna Plus News (720p),,,否,0,News,,
RHT Guadeloupe (720p),,,否,0,Music,,
Soham TV (576p),,,否,0,Religious,,
SensaCine TV x Pluto,,,否,0,Movies,,
ROTV Valencia (720p),,,否,0,Entertainment,,
Savoir media CFTU-DT (360p),,,否,0,Undefined,,
Star Vijay UK (396p),,,否,0,Entertainment,,
RIK Sat (720p) [Not 24/7],,,否,0,Undefined,,
S KPop! (480p),,,否,0,Kids;Music,,
RTG TV HD (1080p),,,否,0,Travel,,
Saudi Thaqafiya TV (1080p),,,否,0,Culture,,
Shalom (1080p),,,否,0,Religious,,
Silk Way (1080p),,,否,0,General,,
RTL (Germany),,,否,0,Undefined,,
SIPSE TV 8.1 (1080p) [Not 24/7],,,否,0,General,,
Sachsen Fernsehen Leipzig (1080p),,,否,0,Undefined,,
Ridiculousness: Nye afsnit,,,否,0,Entertainment,,
RN7 (1080p),,,否,0,Undefined,,
Shant TV (1080p),,,否,0,Undefined,,
RTV Rijnstreek TV (720p) [Not 24/7],,,否,0,Undefined,,
Shinsegae TV Shopping (720p),,,否,0,Shop,,
Shelanu.TV (720p),,,否,0,Religious,,
Santa Maria Television (720p) [Not 24/7],,,否,0,Undefined,,
RNN DOS (720p) [Not 24/7],,,否,0,News,,
Sabrina: Total verhext!,,,否,0,Comedy,,
SABC Lehae [Geo-blocked],,,否,0,News,,
Smart LifeStyle TV (720p),,,否,0,Lifestyle,,
Shout! Factory TV (1080p),,,否,0,General,,
RTRS TV (576p) [Not 24/7],,,否,0,Undefined,,
Rojava TV (1080p),,,否,0,General,,
Sport TV (1080p),,,否,0,Sports,,
Start TV (480p),,,否,0,News,,
SIPSE TVCUN 8.1 (1080p) [Not 24/7],,,否,0,General,,
Seenluft24 (1080p),,,否,0,Undefined,,
Sony Entertainment Television HD (1080p),,,否,0,Entertainment,,
Rongeen TV (720p),,,否,0,Undefined,,
RTL 102.5 Bro&Sis (1080p),,,否,0,Music,,
Romana TV Canal 42 (480p),,,否,0,General,,
Sabrina the Teenage Witch,,,否,0,Comedy,,
RiffTrax (720p),,,否,0,Comedy,,
South Park: Coleccion Kyle,,,否,0,Animation;Comedy,,
Sony Movies Latin America (720p),,,否,0,Movies,,
RTV Utrecht (1080p),,,否,0,Undefined,,
Renome TV (576p),,,否,0,General,,
Ronahi TV (1080p),,,否,0,Undefined,,
Sangkem TV,,,否,0,Religious,,
Seneweb TV [Geo-blocked],,,否,0,General,,
South Park (Sweden) NO,,,否,0,Animation;Comedy,,
Star Sports 2 HD (720p),,,否,0,Sports,,
SBN TV (720p),,,否,0,Religious,,
Siri Kannada (576p),,,否,0,Entertainment,,
Sony Channel Andes (1080p),,,否,0,Undefined,,
Starnet (480p),,,否,0,General,,
Sky News Extra 3 (1080p),,,否,0,News,,
Star Family (1080p),,,否,0,Movies,,
Savane TV,,,否,0,General,,
Stingray Greatest Holiday Hits,,,否,0,Music,,
Showtime (1080p),,,否,0,Undefined,,
Sangeet Bangla (720p),,,否,0,Music,,
Star Trek: The Original Series (Sweden) DK,,,否,0,Movies;Series,,
Stingray Rock Alternative (1080p),,,否,0,Music,,
Stingray Today's K-Pop (1080p),,,否,0,Music,,
Samiaki TV (540p) [Not 24/7],,,否,0,Undefined,,
RTN (United States),,,否,0,Undefined,,
RTV SLOS (720p),,,否,0,Undefined,,
Salvation TV (Nigeria) (576p),,,否,0,Undefined,,
RTV 1 (Netherlands) (720p),,,否,0,Undefined,,
SporTV 3 (720p),,,否,0,Sports,,
Stingray Nothin' But 90s (1080p),,,否,0,Music,,
Regional TV Yaguaron (1080p),,,否,0,General,,
RTK 3 (1080p),,,否,0,Undefined,,
Sivan TV (1080p),,,否,0,Religious,,
S Metro TV (360p),,,否,0,General,,
South Park: Coleccion Stan,,,否,0,Animation;Comedy,,
Senses TV (1080p),,,否,0,Undefined,,
Stingray Naturescape (1080p),,,否,0,Music,,
RTRTV (1080p),,,否,0,General,,
RT JVA (720p) [Not 24/7],,,否,0,Religious,,
Russia-1 HD (1080p),,,否,0,General,,
SOL2 (1080p),,,否,0,General,,
RNE para todos (720p),,,否,0,General,,
RTVC (720p),,,否,0,Religious,,
Stingray Karaoke (1080p),,,否,0,Music,,
Rete Oro (720p) [Not 24/7],,,否,0,Undefined,,
Sabor TV (720p),,,否,0,Music,,
RTV Oost (720p),,,否,0,Undefined,,
SK 1 (720p),,,否,0,News,,
Rete Biella TV (720p) [Not 24/7],,,否,0,Undefined,,
RTR-Planeta Europe (720p) [Geo-blocked],,,否,0,General,,
Samachar Plus 24x7 (576p),,,否,0,News,,
Sardari TV (1080p) [Not 24/7],,,否,0,Undefined,,
Stingray Jukebox Oldies (1080p),,,否,0,Music,,
Shubh Cinema TV (720p),,,否,0,Movies,,
San Vito Television,,,否,0,Undefined,,
Sakshi TV (576p),,,否,0,News,,
Salvacion TV (720p),,,否,0,Religious,,
SIC Replay (1080p),,,否,0,Undefined,,
Stingray Hit List (1080p),,,否,0,Music,,
Stingray Hot Country (1080p),,,否,0,Music,,
Senal Digital TV [Not 24/7],,,否,0,General,,
Showtime Family Zone (720p),,,否,0,Family,,
Schie TV (576i),,,否,0,Undefined,,
SIC Alta Definicao (1080p),,,否,0,Undefined,,
Sensacion Costa,,,否,0,Music,,
Sat 7 Pars,,,否,0,Religious,,
Reuters TV (1080p),,,否,0,News,,
Scorpion (Sweden),,,否,0,Series,,
Stingray Romance Latino (1080p),,,否,0,Music,,
SABC News (720p) [Geo-blocked],,,否,0,News,,
Sharjah 2 (1080p),,,否,0,Religious,,
Reload Play (720p),,,否,0,Undefined,,
Setanta Sports 1 HD,,,否,0,Sports,,
Reyali (614p),,,否,0,Music,,
Stingray Pop Adult (1080p),,,否,0,Music,,
Star Sports 2 Telugu HD (576p),,,否,0,Sports,,
SBN TV International (720p),,,否,0,Religious,,
S Premium! HD (360p),,,否,0,General,,
South Park: Welcome to Canada!,,,否,0,Animation;Comedy,,
Sadhna News Madhya Pradesh/Chhattisgarh (576p),,,否,0,News,,
SMNI (720p),,,否,0,Undefined,,
RT India (1080p),,,否,0,News,,
Sadhna (720p),,,否,0,Religious,,
Safari TV (576p),,,否,0,Documentary,,
RTL 102.5 Napule (1080p),,,否,0,Music,,
RTV Bap (480p),,,否,0,Undefined,,
SiTV (1080p) [Not 24/7],,,否,0,General,,
RTM TV (1080p),,,否,0,General,,
Sohail TV (1080p),,,否,0,General,,
Remonty TV (1080p),,,否,0,Entertainment,,
RTA (1080p),,,否,0,General,,
Sansad TV 1 HD (1080p),,,否,0,Legislative,,
ScreamIN (1080p),,,否,0,Movies,,
Stingray Smooth Jazz (1080p),,,否,0,Music,,
SolTV (Equatorial Guinea) (720p),,,否,0,Entertainment,,
Shalom Global (1080p),,,否,0,Religious,,
Scripps News (1080p),,,否,0,News,,
Reporter TV (576p),,,否,0,News,,
Stingray Today's Latin Pop (1080p),,,否,0,Music,,
Sound View Community Media (480p),,,否,0,General,,
ROV TV (576p),,,否,0,Undefined,,
SBN TV Global (720p),,,否,0,Religious,,
South Park: Butters Collection (Germany),,,否,0,Animation;Comedy,,
Star Kentrikis Elladas (1080p),,,否,0,General;News,,
Silverbird News 24 (576p),,,否,0,News,,
RTL 102.5 Caliente (1080p),,,否,0,Music,,
Sangeet Marathi (720p),,,否,0,Music,,
RTU (1080p),,,否,0,News,,
RFH (1080p),,,否,0,General,,
Sonnenklar TV (1080p),,,否,0,Undefined,,
Sextavision (1080p),,,否,0,Undefined,,
Ritmu TV,,,否,0,Entertainment,,
Royalworld,,,否,0,Undefined,,
Roar KCWX (720p) [Not 24/7],,,否,0,Entertainment,,
STS HD (1080p),,,否,0,Family,,
SAS TV (720p),,,否,0,Entertainment,,
Siping TV,,,否,0,General,,
Strongman (720p),,,否,0,Sports,,
RiC (1080p),,,否,0,Family;Kids,,
RTRS plus (576p) [Not 24/7],,,否,0,Undefined,,
Soyuz (576p),,,否,0,Religious,,
RTV Veluwezoom TV (720p),,,否,0,Undefined,,
Rev and Roll (720p),,,否,0,Undefined,,
Sevimli TV (1080p),,,否,0,Family,,
S Tom Sings (1080p),,,否,0,Kids,,
San Luis +,,,否,0,General,,
South Park: Original Version,,,否,0,Animation;Comedy,,
Reporter (720p),,,否,0,News,,
RTL 102.5 TV (1080p),,,否,0,Music,,
Schladming-Dachstein TV (720p),,,否,0,Travel,,
Saam TV,,,否,0,Undefined,,
Shakthi TV (576p),,,否,0,Undefined,,
Shubh TV (1080p),,,否,0,Undefined,,
Renessans TV (576p),,,否,0,General,,
RTR-Planeta US (720p) [Geo-blocked],,,否,0,General,,
Revry (1080p),,,否,0,Lifestyle,,
Skwad Play (1080p),,,否,0,Kids,,
STS International (576p),,,否,0,Undefined,,
Semillitas TV (1080p),,,否,0,Undefined,,
Stingray Holiday Hits (1080p),,,否,0,Music,,
Ryzhiy (576i),,,否,0,Kids,,
Shopping NT (720p),,,否,0,Shop,,
Sony Movies (720p),,,否,0,Movies,,
Ryan and Friends (1080p),,,否,0,Kids,,
StreekTV (720p) [Not 24/7],,,否,0,Undefined,,
Shopping Live (720p),,,否,0,Shop,,
SFGovTV2 (720p),,,否,0,General,,
SEC Network (1080p),,,否,0,Undefined,,
Somos Entre Rios (360p),,,否,0,Culture;Family;General,,
RT (720p),,,否,0,News,,
Sistema Michoacano de TV (1080p) [Not 24/7],,,否,0,Undefined,,
Sfera TV (480p) [Not 24/7],,,否,0,Undefined,,
South Park Rockin' Out NO,,,否,0,Animation;Comedy,,
SFGovTV (720p),,,否,0,Legislative,,
Steiermark TV (1080p),,,否,0,General,,
Shalom TV (360p),,,否,0,Religious,,
Stingray Remember the 80s,,,否,0,Music,,
Revry Queer (720p),,,否,0,Lifestyle,,
Sony Channel (Argentina) (1080p),,,否,0,Undefined,,
Rotana Radio Jordan Studio (1080p) [Not 24/7],,,否,0,Undefined,,
Schwab Network (1080p),,,否,0,Business,,
REN TV International (576p),,,否,0,General,,
South Park: Into the Stars NO,,,否,0,Animation;Comedy,,
RTL Gold (Luxembourg) (1080p),,,否,0,Music,,
Scientology Network (1080p),,,否,0,Undefined,,
Sochi24 (720p),,,否,0,General;News,,
SBT TV,,,否,0,Undefined,,
Russia-K (576p),,,否,0,Culture,,
Sleutelstad TV (720p),,,否,0,General,,
RMTV (288p),,,否,0,Undefined,,
Slopes TV (720p),,,否,0,Sports,,
Rete 55,,,否,0,Undefined,,
Riigikogu (720p),,,否,0,Undefined,,
Reportero TV [Not 24/7],,,否,0,General,,
Right Now TV (720p),,,否,0,Entertainment;Sports,,
Scorpion (Sweden) DK,,,否,0,Series,,
Russia-24 HD (1080p),,,否,0,News,,
Sai TV (576p),,,否,0,Undefined,,
Stingray Soul Storm (1080p),,,否,0,Music,,
Semerkand TV (1080p) [Not 24/7],,,否,0,Undefined,,
SOU TV,,,否,0,General,,
StarPlus HD (1080i),,,否,0,Entertainment,,
Sandzak TV (576p),,,否,0,Undefined,,
RTTR Trento (720p),,,否,0,Undefined,,
Salem News Channel (1080p),,,否,0,News,,
Rybalka (1080p),,,否,0,Outdoor,,
RTL 102.5 Traffic (1080p),,,否,0,Music,,
Sirippoli TV (576p),,,否,0,Comedy,,
Revry LatinX (720p),,,否,0,Entertainment,,
Shokiruyushchee HD (1080p),,,否,0,Movies,,
SAT.1 Gold (576p),,,否,0,Undefined,,
Saarland Fernsehen 1 (1080p),,,否,0,Undefined,,
Sairam TV (576p),,,否,0,Religious,,
RT Arabic (1080p) [Geo-blocked],,,否,0,News,,
SGTN-49 (720p),,,否,0,General,,
Republic Kannada (720p),,,否,0,News,,
SOS Kanal Plus (720p),,,否,0,Sports,,
RumbaMix TV (720p),,,否,0,Music,,
Sor TV (720p),,,否,0,General,,
RTB 3,,,否,0,Culture,,
S1 (1080p) [Not 24/7],,,否,0,Undefined,,
Santa Cruz TV (1080p) [Not 24/7],,,否,0,General,,
Sharjah Radio Quran (1080p),,,否,0,Religious,,
Sankara TV (576p),,,否,0,Religious,,
Smotrim Chestnyy Detektiv (1080p),,,否,0,Series,,
Salaam TV (720p),,,否,0,News,,
ServusTV (1080p) [Geo-blocked],,,否,0,Movies,,
Shalom World Prayer (1080p),,,否,0,Religious,,
RTL Tele Letzebuerg (1080p),,,否,0,General,,
Samay Kolkata (1080p),,,否,0,News,,
Streekstad Central (1080p),,,否,0,General,,
sixx,,,否,0,Undefined,,
SpektraTV (720p),,,否,0,Music,,
Sanskar TV (1080p),,,否,0,Culture;Religious,,
RTI 1 (1080p),,,否,0,General,,
Sarv Dharm Sangam (576p),,,否,0,Religious,,
SPTV (360p),,,否,0,Legislative,,
Stingray Holidayscapes (1080p),,,否,0,Music,,
Sky News HD (1080p),,,否,0,News,,
RTV Vida (1080p),,,否,0,Music,,
South Park: Kenny Collection (Sweden) DK,,,否,0,Animation;Comedy,,
RTL Zwee (1080p),,,否,0,General,,
Sport 4 (Israel) (1080p),,,否,0,Sports,,
RTV38 (576p),,,否,0,General,,
Sportitalia (1080p),,,否,0,Sports,,
Star TV (Moldova),,,否,0,Entertainment,,
Rwanda TV (480p) [Not 24/7],,,否,0,General,,
Shalom World (1080p),,,否,0,Religious,,
Rete TV Italia (1080p),,,否,0,General,,
Rock TV (North Macedonia) (1080p) [Not 24/7],,,否,0,Music,,
SNL Vault (1080p),,,否,0,Comedy,,
Senales TV,,,否,0,Lifestyle,,
Region TV Callao (720p),,,否,0,Undefined,,
SBT News (720p),,,否,0,News,,
Sport 3 (Israel) (1080p),,,否,0,Sports,,
Scottsdale Channel 11,,,否,0,General,,
RTQ Queretaro (1080p),,,否,0,Undefined,,
Sandesh News (576p),,,否,0,News,,
Sanskar UK (1080p),,,否,0,Religious,,
Shalom World Europe (1080p),,,否,0,Religious,,
Ruta 66 TV (1080p) [Not 24/7],,,否,0,General,,
Smurf TV (480p),,,否,0,Kids,,
Rybalka i okhota (576p),,,否,0,Outdoor,,
RFPtv (360p),,,否,0,Music,,
Rudaw TV (1080p),,,否,0,News,,
Smithsonian Channel Selects (Sweden) DK,,,否,0,Documentary,,
RFO (1080p),,,否,0,General,,
RugbyPass TV (720p),,,否,0,Undefined,,
Smithsonian Channel Selects (United States),,,否,0,Science,,
South Park: Kenny Collection (Sweden),,,否,0,Animation;Comedy,,
Sony One Blacklist (1080p),,,否,0,Series,,
Rupasi Bangla (720p),,,否,0,Entertainment,,
RTL 102.5 Disco (1080p),,,否,0,Music,,
RTR-Planeta Asia,,,否,0,General,,
RTV Nuble,,,否,0,Undefined,,
SRC TV (720p),,,否,0,General,,
Senal Peru TV (404p) [Not 24/7],,,否,0,Undefined,,
Skjonnhetsfellen Danmark,,,否,0,Series,,
Strongman UK (720p),,,否,0,Sports,,
Scientology Network KSCN-TV,,,否,0,Undefined,,
Reno 911 NO,,,否,0,Comedy,,
Stories by AMC,,,否,0,Entertainment,,
Sigma TV (576p) [Not 24/7],,,否,0,Undefined,,
Rhema TV (720p),,,否,0,Religious,,
Roar KOKI-TV (1080p),,,否,0,Entertainment,,
Riau TV (1080p) [Not 24/7],,,否,0,Undefined,,
RTV Westerwolde (432p),,,否,0,Undefined,,
SpongeBob Schwammkopf (720p),,,否,0,Kids,,
Ridiculousness: Nye episoder,,,否,0,Entertainment,,
Siyatha TV (576p),,,否,0,Undefined,,
Smithsonian Channel Pluto TV,,,否,0,Documentary,,
Sach Bedhadak (576p),,,否,0,News,,
Sol Musica (720p),,,否,0,Music,,
RTL Zwei,,,否,0,Undefined,,
Runtime (720p),,,否,0,Movies,,
RTV (Ecuador) (720p) [Not 24/7],,,否,0,General,,
South Park Armageddon NO,,,否,0,Animation;Comedy,,
Sport+ Qazaqstan (1080p),,,否,0,Sports,,
Spike Outdoors,,,否,0,Outdoor,,
RTV HB (576p) [Not 24/7],,,否,0,General,,
Star Channel (Chile) (720p),,,否,0,Movies;Series,,
Senzi (720p),,,否,0,Undefined,,
Strana FM,,,否,0,Music,,
Sanskar USA (1080p),,,否,0,Religious,,
Scorpion (Sweden) NO,,,否,0,Series,,
STOU Channel (720p),,,否,0,Undefined,,
SR Fernsehen (720p),,,否,0,Undefined,,
RT Documentary (1080p) [Geo-blocked],,,否,0,Documentary,,
Solar Television (720p),,,否,0,Undefined,,
RTL 102.5 Best (1080p),,,否,0,Music,,
South Park: Stan Collection (Sweden),,,否,0,Animation;Comedy,,
Star Trek LatAm,,,否,0,Series,,
Skonhetsfallan Danmark,,,否,0,Entertainment,,
Studio040 TV (720p),,,否,0,General,,
SpongeBob SquarePants (720p),,,否,0,Kids,,
Rybolov (576p),,,否,0,Outdoor,,
SportsGrid (1080p),,,否,0,Sports,,
Songdew TV (396p),,,否,0,Music,,
STS kids International (576p),,,否,0,Kids,,
Ridiculousness (Germany) (720p),,,否,0,Comedy,,
Sitcom Legends,,,否,0,Comedy,,
Robinson Ekspeditionen,,,否,0,Entertainment,,
START Air (1080p),,,否,0,Movies,,
Siri Kannada All Time (576p),,,否,0,Entertainment,,
Rugrats (Germany),,,否,0,Kids,,
Story Television KPVM-LD,,,否,0,Undefined,,
Semnan TV,,,否,0,Undefined,,
RTB (360p) [Not 24/7],,,否,0,Undefined,,
Sever,,,否,0,Undefined,,
Strongman Champions League (720p),,,否,0,Sports,,
RTV Parkstad (1080p),,,否,0,General,,
Sender Neu Jerusalem (576p),,,否,0,Undefined,,
Story Television WCIU-TV,,,否,0,Undefined,,
RTV LOVE (720p),,,否,0,General,,
Sadhna TV (576p),,,否,0,Religious,,
RUTC TV (720p),,,否,0,Religious,,
Shemaroo Umang (720p),,,否,0,Entertainment,,
Shemaroo Marathi Bana (720p),,,否,0,Undefined,,
RIT TV (1080p),,,否,0,Religious,,
Sercem TV (1080p),,,否,0,Culture;General;Religious,,
Screen Dreams (720p),,,否,0,Relax,,
Spacetoon Arabic (576p),,,否,0,Animation;Kids,,
Scientology Network WFTT-TV,,,否,0,Undefined,,
Shemaroo TV (720p),,,否,0,Entertainment,,
Sangeet Bhojpuri (576p),,,否,0,Music,,
South Park: Kenny Collection (Sweden) NO,,,否,0,Animation;Comedy,,
Studio Pasco TV (720p),,,否,0,General,,
Runtime Espanol (720p),,,否,0,Movies,,
SCTV19 (720p),,,否,0,Undefined,,
Skonne ombygninger,,,否,0,Cooking;Lifestyle,,
Somos TV (720p) [Not 24/7],,,否,0,General,,
Sharjah TV (1080p),,,否,0,Religious,,
Sabrina the Teenage Witch DK,,,否,0,Comedy,,
SOY Plancha TV (720p),,,否,0,Music,,
Sterk TV (1080p),,,否,0,News,,
Senillosa TV,,,否,0,Undefined,,
SIC TV (720p),,,否,0,Undefined,,
South Park: Stan Collection (Sweden) DK,,,否,0,Animation;Comedy,,
Reteveneta (480p),,,否,0,Undefined,,
RTV Maastricht (720p) [Not 24/7],,,否,0,Undefined,,
Sensing Murder,,,否,0,Documentary,,
Reno 911 DK,,,否,0,Comedy,,
South Park: Kyle Collection (Sweden) DK,,,否,0,Animation;Comedy,,
Stingray Cityscapes (1080p),,,否,0,Music,,
Star Channel International (720p),,,否,0,Entertainment,,
Stryk TV (1080p),,,否,0,Music,,
Ritoque TV (720p),,,否,0,Music,,
South Park: Stan Collection (Sweden) NO,,,否,0,Animation;Comedy,,
RIK 1,,,否,0,Undefined,,
Regio TV Stuttgart (1080p),,,否,0,Undefined,,
Soweto TV (576p),,,否,0,Entertainment;Family,,
Shemaroo Josh (576p),,,否,0,Movies,,
SCTV20 (720p),,,否,0,Undefined,,
Santel TV,,,否,0,Religious,,
Romantica TV (1080p),,,否,0,General,,
SCTV6 (720p),,,否,0,Undefined,,
RTV Meppel (720p),,,否,0,General,,
Stingray Classic Rock (1080p),,,否,0,Music,,
SCTV14 (720p),,,否,0,Undefined,,
SperantaTV (1080p),,,否,0,Religious,,
South Park Armageddon DK,,,否,0,Animation;Comedy,,
South Park: Kyle Collection (Sweden) NO,,,否,0,Animation;Comedy,,
Storie Criminali,,,否,0,Documentary,,
Revolt (720p),,,否,0,Undefined,,
Reno 911,,,否,0,Comedy,,
South Park: Cartman Collection (Sweden) NO,,,否,0,Animation;Comedy,,
SCTV12 (720p),,,否,0,Undefined,,
RJTV (1080p),,,否,0,Music,,
Shift TV (1080p),,,否,0,Auto,,
Shemaroo Bollywood (1080p),,,否,0,Undefined,,
SL 1,,,否,0,Movies,,
SCTV9 (720p),,,否,0,Undefined,,
SCTV18 (720p),,,否,0,Undefined,,
Scorch TV (1080p),,,否,0,Music,,
SBB TV,,,否,0,Undefined,,
Russkiy Illusion (576p),,,否,0,Movies,,
Sicardi TV (720p),,,否,0,Undefined,,
SCTV16 (720p),,,否,0,Undefined,,
Skoraya pomoshch (1080p),,,否,0,Series,,
Senato TV (1080p),,,否,0,Legislative,,
Sabz TV,,,否,0,General,,
Stingray Classica (1080p),,,否,0,Music,,
Sophia TV (Germany) (720p),,,否,0,Religious,,
Sony One Favoris (1080p),,,否,0,Movies,,
San Jose TV (1080p),,,否,0,Religious,,
South Park Rockin' Out,,,否,0,Animation;Comedy,,
Solo Bailalo (480p),,,否,0,Music,,
SCTV3 (720p),,,否,0,Undefined,,
RVTV Civic (720p),,,否,0,General,,
San Nicolas TV (720p),,,否,0,General,,
StuBru (1080p),,,否,0,Music,,
SCTV13 (720p),,,否,0,Undefined,,
Saarland Fernsehen 2 (720p) [Not 24/7],,,否,0,Undefined,,
Salamat TV,,,否,0,Undefined,,
RTVi US (1080p),,,否,0,General,,
Sophia TV Espanol (720p),,,否,0,Undefined,,
Rial TV (720p),,,否,0,General,,
Rupashi Bangla TV (720p),,,否,0,Entertainment,,
SICOM Television XHPBZC-TDT (720p) [Not 24/7],,,否,0,Undefined,,
South Park (Germany) GB,,,否,0,Animation;Comedy,,
Santiago TV (720p) [Not 24/7],,,否,0,General,,
South Park: Butters Collection (Sweden) DK,,,否,0,Animation;Comedy,,
Sophia TV Francais (720p),,,否,0,Religious,,
Studio + TV (1080p),,,否,0,General,,
Shams TV (Afghanistan),,,否,0,Education,,
Sketchy AF,,,否,0,Comedy,,
Sikh Spiritual Centre Rexdale (720p),,,否,0,Undefined,,
SIXO TV (360p),,,否,0,General,,
Sky News Arabia SD (1080p) [Not 24/7],,,否,0,News,,
RTL Web Radio TV (1080p),,,否,0,General,,
Star Trek: Voyager (Germany) IT,,,否,0,Movies;Series,,
South Park: Cartman Collection (Sweden) DK,,,否,0,Animation;Comedy,,
SMCTV Channel 23 (720p),,,否,0,Legislative,,
RTV Rijnmond (1080p),,,否,0,Undefined,,
SCTV7 (720p),,,否,0,Undefined,,
Starz Cinema (720p),,,否,0,Movies,,
RTR-Planeta (576p),,,否,0,General,,
SL 2,,,否,0,Movies,,
Shchyolkovskoe TV (576p) [Not 24/7],,,否,0,Undefined,,
Sanskar Web TV (1080p),,,否,0,Religious,,
Spondon (1080p),,,否,0,Entertainment,,
Sky News Arabia Vertical SD (1280p) [Not 24/7],,,否,0,News,,
RIK 2,,,否,0,Undefined,,
Spike Pluto TV,,,否,0,Documentary,,
Star Trek Movies DK,,,否,0,Movies,,
SCTV4 (720p),,,否,0,Undefined,,
Resurrection TV (720p),,,否,0,Undefined,,
Star Sports 2 Hindi (720p),,,否,0,Sports,,
Russia-K HD (1080p),,,否,0,Culture,,
Sabalan TV,,,否,0,Undefined,,
Sankt-Peterburg HD (720p),,,否,0,Undefined,,
Samarra TV,,,否,0,Undefined,,
RSV Honduras (720p),,,否,0,Entertainment,,
RTV Zulthe (720p),,,否,0,General,,
South Park: Colecao Kenny,,,否,0,Animation;Comedy,,
Salsa Gorda Television (1080p) [Not 24/7],,,否,0,Music,,
Roya TV (Iran),,,否,0,Undefined,,
Steelbird Music (720p) [Not 24/7],,,否,0,Music,,
Solo TV,,,否,0,General,,
Stereo 5 TV (720p),,,否,0,Undefined,,
Sqala TV (720p),,,否,0,Sports,,
SADA TV (1080p) [Not 24/7],,,否,0,Entertainment,,
SMCTV Channel 24 (720p),,,否,0,Education,,
Sharnam TV (576p),,,否,0,Undefined,,
Sonic TV (720p),,,否,0,Animation,,
RTV Pendimi (720p),,,否,0,Religious,,
Sathiyam TV (576p),,,否,0,News,,
REV'N Action (720p) [Geo-blocked],,,否,0,Auto;Outdoor;Series;Sports,,
ShowVen TV (720p),,,否,0,Culture;Music,,
RIK HD,,,否,0,Undefined,,
RT France (1080p) [Geo-blocked],,,否,0,News,,
Sheffield Live TV (360p) [Not 24/7],,,否,0,Undefined,,
Salto 2 (720p),,,否,0,Culture,,
Star Channel Latin America (1080p),,,否,0,Movies;Series,,
Retro TV (720p) [Geo-blocked],,,否,0,Classic,,
Rozana Spokesman (1080p),,,否,0,News,,
Star Trek,,,否,0,Series,,
Stingray Cozy Cafe (1080p),,,否,0,Music,,
Sportivnyy (1080p),,,否,0,Sports,,
Rika TV (480p),,,否,0,General,,
Solovyov Live (1080p),,,否,0,Undefined,,
Republica TV (720p),,,否,0,General,,
South Park En Francais,,,否,0,Animation;Comedy,,
RTV Zenica (720p),,,否,0,Undefined,,
Retro Music TV (360p),,,否,0,Music,,
RUV 2 (1080p),,,否,0,General,,
SNT (480p),,,否,0,General,,
South Station (1080p),,,否,0,Movies,,
Riddim & Hope TV,,,否,0,Religious,,
Star Trek: Voyager (United States),,,否,0,Movies;Series,,
Shop LC (1080p),,,否,0,Shop,,
Space Live powered by sen (1080p),,,否,0,Relax;Travel,,
RPL Woerden (720p),,,否,0,General,,
Stingray DJAZZ (1080p),,,否,0,Music,,
Sabrina the Teenage Witch NO,,,否,0,Comedy,,
RVTV (1080p),,,否,0,Undefined,,
SCTV11 (720p),,,否,0,Undefined,,
SEA TV (1080p),,,否,0,Undefined,,
Sony One Hits Action (1080p),,,否,0,Movies,,
SLO County Channel 21 (360p),,,否,0,Undefined,,
South Park (Germany) IT,,,否,0,Animation;Comedy,,
South Park: Colecao Stan,,,否,0,Animation;Comedy,,
Saudia Radio (1080p),,,否,0,Undefined,,
RTV Noord Extra (1080p) [Not 24/7],,,否,0,Undefined,,
Retro (576p),,,否,0,Classic,,
SMCTV Channel 25 (720p),,,否,0,General,,
RN Television (720p) [Not 24/7],,,否,0,Undefined,,
RTV Noord (720p) [Not 24/7],,,否,0,Undefined,,
Sankhya TV (720p),,,否,0,Religious,,
Rocco TV,,,否,0,Undefined,,
Samsung Wildlife (720p) [Geo-blocked],,,否,0,Undefined,,
Salyam (576p),,,否,0,Undefined,,
Skai TV (720p),,,否,0,General,,
Russian MusicBox (576p),,,否,0,Music,,
SBT Interior (720p),,,否,0,General,,
Shubhsandesh TV (576p),,,否,0,Religious,,
Saphire (1080p),,,否,0,Series,,
Sonic (576p),,,否,0,Kids,,
StoryChannel TV (720p),,,否,0,Culture,,
RTV Purmerend (720p),,,否,0,Undefined,,
Shanson TV (576p),,,否,0,Music,,
Star Sports Select 2 HD (720p),,,否,0,Sports,,
Star Trek: The Original Series (Sweden) NO,,,否,0,Movies;Series,,
South Park: Colecao Cartman,,,否,0,Animation;Comedy,,
RL PRO TV,,,否,0,Documentary,,
RUV (720p),,,否,0,General,,
Sahana News (576p),,,否,0,News,,
Sana Plus (1080p),,,否,0,Music,,
Salira TV (720p),,,否,0,Culture;Lifestyle,,
Simferopol 24,,,否,0,General,,
Santvani Channel (576p),,,否,0,Undefined,,
Satsang TV (1080p),,,否,0,Religious,,
Rivne 1 (720p),,,否,0,General,,
Tendencias Prime (720p),,,否,0,Undefined,,
Televen (576p),,,否,0,General,,
Tora Canal 69,,,否,0,General,,
Tele Poder TV (720p) [Not 24/7],,,否,0,General,,
Swaraj Express SMBC (576p),,,否,0,News,,
Tolk (720p),,,否,0,News,,
SVBC 3 (720p),,,否,0,Religious,,
Telemundo WKAQ-TV (1080p),,,否,0,General,,
Suspilne. Kultura (1080p),,,否,0,Culture,,
Television Olanchana (1080p),,,否,0,General,,
T Sports 7,,,否,0,Sports,,
Telepace 1 (1080p),,,否,0,Religious,,
TV Chile (720p),,,否,0,General,,
SVBC (1080p),,,否,0,Religious,,
SVBC 4 (1080p),,,否,0,Religious,,
Tele Elx (1080p),,,否,0,General,,
The Amazing Race,,,否,0,Series,,
Teenage Mutant Ninja Turtles (720p),,,否,0,Animation;Kids,,
TAG TV (1080p) [Not 24/7],,,否,0,Undefined,,
Tokusato,,,否,0,Animation,,
TV7 Benevento (288p) [Not 24/7],,,否,0,Undefined,,
TCT (1080p),,,否,0,Undefined,,
The Islamic Network,,,否,0,Religious,,
Trace UK (1080p),,,否,0,Music,,
Telewizja Jaslo (720p),,,否,0,General,,
STV (United States) (360p),,,否,0,General,,
TikTok Radio Brasil (1080p),,,否,0,Music,,
TV9 Gujarati (720p),,,否,0,News,,
Telecanal 12 (720p) [Not 24/7],,,否,0,General,,
Tu Universo TV (720p),,,否,0,Religious,,
Tele Proyecto TV [Not 24/7],,,否,0,General,,
Talkin Live Classics TV (480p),,,否,0,Entertainment,,
The Cabbin FM,,,否,0,Music,,
The Andy Griffith Show CA,,,否,0,Classic,,
Top Channel (Greece) (720p),,,否,0,General,,
Surgut 24,,,否,0,Undefined,,
TM TV (United States) (720p),,,否,0,General,,
TeleBrunca (720p) [Not 24/7],,,否,0,General,,
Super Simple Songs (1080p),,,否,0,Kids,,
SUMtv English (1080p),,,否,0,Religious,,
TV BRICS Russian (1080p),,,否,0,General,,
Telemundo WCAU (1080p),,,否,0,General,,
Suriyan TV (576p),,,否,0,Movies,,
Totally Turtles (Sweden) DK (720p),,,否,0,Kids,,
Super TV 55 (720p) [Geo-blocked],,,否,0,General,,
Thendral TV (576p),,,否,0,Undefined,,
TV13 Gujarati (480p),,,否,0,News,,
Tastemade UK (1080p),,,否,0,Cooking,,
Trace Kitoko (1080p),,,否,0,Music,,
TBN UK (1080p),,,否,0,Undefined,,
Turismo Travel TV,,,否,0,Travel,,
Subin TV (1080p),,,否,0,Entertainment,,
The Design Network (1080p),,,否,0,Lifestyle,,
Telenord 12 (720p) [Not 24/7],,,否,0,General,,
SvampBob Fyrkant (720p),,,否,0,Kids,,
That's 70s (720p),,,否,0,Music,,
Telemundo East HD (1080p),,,否,0,General,,
Toronto 360 TV (720p) [Not 24/7],,,否,0,Undefined,,
The Millers,,,否,0,General,,
Telesol (1080p),,,否,0,Undefined,,
Telemundo WTMO-CD (720p),,,否,0,General,,
Teletubbies (720p),,,否,0,Kids,,
Telepace 2 (1080p),,,否,0,Culture;Religious,,
Traditional TV (1080p),,,否,0,Music,,
Top Gear (720p),,,否,0,Auto;Entertainment,,
Swamiji TV American (1080p) [Not 24/7],,,否,0,Outdoor,,
TV Arta (720p),,,否,0,News,,
TLN KQSL (720p),,,否,0,Undefined,,
Tamyr (576p),,,否,0,Kids,,
Tough Jobs,,,否,0,Entertainment,,
Trace Vanilla Islands (1080p),,,否,0,Music,,
TODAY All Day (1080p),,,否,0,News,,
TNT4 (576p),,,否,0,Entertainment,,
Such TV,,,否,0,News,,
Svoyo TV (1080p),,,否,0,Undefined,,
Thai Chaiyo,,,否,0,Undefined,,
Telewizja Biznesowa (1080p),,,否,0,Business,,
Turistik TV (720p),,,否,0,Travel,,
Swamiji TV Australian (1080p) [Not 24/7],,,否,0,Outdoor,,
Swamiji TV European (1080p) [Not 24/7],,,否,0,Outdoor,,
Telemundo KNSD (1080p) [Not 24/7],,,否,0,General,,
That's 80s (720p),,,否,0,Music,,
Tele Quattro (720p),,,否,0,Undefined,,
Tlaxcala TV (360p) [Not 24/7],,,否,0,Undefined,,
Telerayo (1080p),,,否,0,Entertainment,,
Supernatural Drama,,,否,0,Series,,
Televisora de Oriente (406p),,,否,0,General,,
TV 264 (1080p),,,否,0,Undefined,,
Takbeer TV (720p),,,否,0,Undefined,,
Travelxp Russia (1080p),,,否,0,Travel,,
Tu TV (720p),,,否,0,General,,
Thikrayat TV (1080p) [Geo-blocked],,,否,0,Classic,,
True Crime (1080p),,,否,0,Series,,
Tout le monde deteste Chris,,,否,0,Series,,
Tele Zoukla,,,否,0,Music,,
Tele 1 (1080p),,,否,0,Undefined,,
Teledeporte,,,否,0,Sports,,
Trace Latina (1080p),,,否,0,Music,,
Super Cable,,,否,0,Entertainment,,
Suceso TV (720p) [Not 24/7],,,否,0,News,,
TNP News (1080p),,,否,0,News,,
Telegela 647,,,否,0,News,,
Tanasuh TV (1080p),,,否,0,General,,
Telecolor Yurimaguas (720p) [Not 24/7],,,否,0,General,,
Tastemade Brasil (720p),,,否,0,Cooking,,
The Conners,,,否,0,Comedy;Series,,
TeleCibaoHD (720p) [Not 24/7],,,否,0,General,,
Telecontacto,,,否,0,General,,
Telewizja iTTV (1080p),,,否,0,Undefined,,
Szolnok TV (1080p),,,否,0,General,,
T5 Satelital,,,否,0,Undefined,,
Three's Company CA (720p),,,否,0,Series,,
SUMtv Latino (1080p),,,否,0,Religious,,
Taiwan Indigenous TV (720p),,,否,0,General,,
TV4 (United States) (360p),,,否,0,Legislative,,
Telecomercio TV (720p) [Not 24/7],,,否,0,General,,
Television Aranda (720p),,,否,0,Undefined,,
The Doctors (720p) [Geo-blocked],,,否,0,Series,,
Tiguerito TV (720p) [Not 24/7],,,否,0,Animation;Kids,,
Trace Sport Stars SD,,,否,0,Sports,,
Totalmusic Concerts (720p),,,否,0,Music,,
TNT Novelas (1080p),,,否,0,Series,,
Telemontecarlo (720p),,,否,0,Undefined,,
Totalmusic Dance (720p),,,否,0,Music,,
The New Detectives (Germany),,,否,0,Series,,
Tehzeeb TV (720p),,,否,0,Undefined,,
TeleMia (576p),,,否,0,Undefined,,
Swerve Combat (1080p),,,否,0,Sports,,
Thai Nguyen TV (720p),,,否,0,General,,
Trace Gospel Nigeria and East Africa (1080p),,,否,0,Music;Religious,,
Totalmusic 80s (720p),,,否,0,Music,,
TV3V (720p),,,否,0,General,,
Trace Gospel Southern Africa (1080p),,,否,0,Music;Religious,,
SWR Fernsehen HD,,,否,0,Undefined,,
The Rifleman,,,否,0,Series,,
Super Canal (Dominican Republic) (1080p) [Not 24/7],,,否,0,Undefined,,
TRT World HD,,,否,0,News,,
Tortues Ninja TV (United States) (720p),,,否,0,Kids,,
TV Brasil (720p),,,否,0,Undefined,,
The Nest (1080p),,,否,0,Documentary;Entertainment,,
Telemedios Canal 8 (1080p) [Not 24/7],,,否,0,General,,
Suyapa TV (1080p),,,否,0,Religious,,
TNA Wrestling Channel (720p),,,否,0,Undefined,,
TV Assembleia Piaui,,,否,0,Legislative,,
Tropoja Televizion,,,否,0,General,,
TV Cidade,,,否,0,Music,,
The Pet Collective Brazil (720p),,,否,0,Family,,
Tolly TV (1080p),,,否,0,Movies,,
Telewizja Regionalna Zary,,,否,0,General,,
Teleislas (486p) [Not 24/7],,,否,0,General,,
Telemolise (1080p),,,否,0,Undefined,,
Thanthi One (576p),,,否,0,Entertainment,,
Tavriya,,,否,0,General,,
Tea TV (720p),,,否,0,Shop,,
TV1 (Rwanda),,,否,0,General,,
TNV-Tatarstan (720p),,,否,0,Undefined,,
TV 45 (720p) [Not 24/7],,,否,0,Religious,,
SvampeBob Firkant (720p),,,否,0,Kids,,
Totalmusic (1080p),,,否,0,Music,,
TeleTicino (720p),,,否,0,Undefined,,
Tastemade Travel (1080p),,,否,0,Cooking,,
Teletricolore (480p) [Not 24/7],,,否,0,Undefined,,
Swadesh News (720p),,,否,0,News,,
The Pet Collective (720p),,,否,0,Family,,
The Film Detective (720p),,,否,0,Movies,,
Totalmusic 2000s (720p),,,否,0,Music,,
TBN Pacific,,,否,0,Undefined,,
The Love Boat,,,否,0,Classic,,
Tevex (1080p),,,否,0,Business,,
Studio Rheden (1080p),,,否,0,Undefined,,
Teletica 7 (1080p),,,否,0,General,,
Televida (Dominican Republic) (1080p) [Not 24/7],,,否,0,Religious,,
Trace Toca (1080p),,,否,0,Music,,
TV Central (540p),,,否,0,Undefined,,
The Voice TV (1080p),,,否,0,News,,
Sula TV (1080p),,,否,0,General,,
Ton TV (720p) [Not 24/7],,,否,0,Undefined,,
Surena TV,,,否,0,General,,
The Price Is Right,,,否,0,Entertainment,,
The New Detectives (Sweden) DK,,,否,0,Series,,
Sucremanta TV (720p),,,否,0,General,,
Tehran TV,,,否,0,General,,
Telesistema 11 (1080p) [Not 24/7],,,否,0,General,,
TDtv (720p),,,否,0,General,,
Tele Mocoa Canal 10 (720p),,,否,0,General,,
Telewizja Relax (1080p),,,否,0,General,,
Tastemade (1080p),,,否,0,Cooking,,
TV Brno 1 (1080p),,,否,0,General,,
TV Aparecida (720p),,,否,0,Religious,,
The Pet Collective Australia (720p),,,否,0,Family,,
The First TV (1080p),,,否,0,News,,
The New Detectives (Sweden) NO,,,否,0,Series,,
The Loop (1080p),,,否,0,Classic;Series,,
Totally Turtles (United States),,,否,0,Kids,,
Tabarestan TV,,,否,0,General,,
Telefriuli (1080p),,,否,0,Undefined,,
The Judge Judy Channel (720p),,,否,0,Series,,
Tivi 6 (720p),,,否,0,General,,
Times Now Navbharat (1080p),,,否,0,News,,
The Walking Dead Universe (720p),,,否,0,Series,,
Telemundo Al Dia (720p),,,否,0,General,,
Sun Channel (720p),,,否,0,Travel,,
Teleimpacto (720p) [Not 24/7],,,否,0,General,,
Tosh.0 (Sweden),,,否,0,Comedy,,
Tirol TV (720p) [Not 24/7],,,否,0,Undefined,,
Suriya TV (1080p),,,否,0,Entertainment,,
Telecity Lombardia (1080p),,,否,0,General,,
Telemundo Corpus Christi (720p),,,否,0,Entertainment,,
Trace Jama (1080p),,,否,0,Music,,
Syri (720p),,,否,0,News,,
TV Creta (540p) [Not 24/7],,,否,0,Undefined,,
TRC TV (720p),,,否,0,Undefined,,
TeleMIX (720p),,,否,0,Entertainment,,
TeleRama (576p),,,否,0,General,,
The Millers NO,,,否,0,General,,
Sudarshan News (1080p),,,否,0,News,,
TNT Novelas Brazil (720p),,,否,0,Series,,
TransMedia (720p),,,否,0,General,,
Telemar (720p),,,否,0,General,,
Total Bhakti (1080p),,,否,0,Religious,,
Today Radio (720p),,,否,0,Music,,
STV (Belarus) HD (720p),,,否,0,General,,
TeleMas (720p) [Not 24/7],,,否,0,Entertainment,,
TV CRET (1080p),,,否,0,Religious,,
Swerve Sports (720p),,,否,0,Sports,,
TV 10 San Juan (720p) [Not 24/7],,,否,0,General,,
Todo Novelas (1080p),,,否,0,Series,,
TeleDom,,,否,0,Undefined,,
Turbo (720p),,,否,0,Entertainment,,
The Jungle Book (1080p),,,否,0,Kids,,
Telemundo Internacional (1080p),,,否,0,General,,
TSC (720p),,,否,0,Shop,,
TeleHit (576p),,,否,0,Music,,
TelePaks (396p),,,否,0,General,,
TBN Ukraine (720p),,,否,0,Undefined,,
Tele Abruzzo (384p),,,否,0,Undefined,,
Tay Ninh TV (720p),,,否,0,General,,
SVBC 2 (1080p),,,否,0,Religious,,
Super Six (720p),,,否,0,General,,
The Archive (1080p),,,否,0,Classic,,
TeleM Botosani (540p) [Not 24/7],,,否,0,General,,
Super TV (Italy) (720p),,,否,0,General;Series,,
Totally Turtles (Sweden) NO (720p),,,否,0,Kids,,
The Chat Show Channel (1080p),,,否,0,Comedy;Series,,
SvampeBob Firkant NO (720p),,,否,0,Kids,,
TL Estrella (720p),,,否,0,Undefined,,
The Weather Network (720p),,,否,0,Weather,,
TRT EBA (720p),,,否,0,Education,,
Turismo HD (720p),,,否,0,Entertainment,,
The Monterey Channel (720p),,,否,0,General,,
Teleuniverso (720p) [Not 24/7],,,否,0,General,,
Tele Peyi (720p),,,否,0,General,,
Telefe Buenos Aires (1080p),,,否,0,General,,
The Movie Club +2 (1080p),,,否,0,Movies,,
Tele7ABC HD (720p),,,否,0,General,,
TeleMistretta (1080p),,,否,0,Undefined,,
TBC2 (1080p),,,否,0,Entertainment,,
Turma da Monica (720p),,,否,0,Kids,,
Telemetro (720p),,,否,0,General,,
Tennis Channel +2 (720p),,,否,0,Sports,,
TV Bella Asuncion,,,否,0,Undefined,,
TV Cancao Nova (720p),,,否,0,Undefined,,
The Wild Wild West (Sweden),,,否,0,Classic;Series,,
TV5 Kannada (576p),,,否,0,News,,
Tonus (576p),,,否,0,Undefined,,
True Crime Network (1080p) [Geo-blocked],,,否,0,Series,,
Thalaa TV (1080p),,,否,0,Movies,,
Totally Turtles (United States) CA (720p),,,否,0,Kids,,
tagesschau24 (720p),,,否,0,Undefined,,
Taroteame (576p),,,否,0,Religious,,
Tal TV (1080p),,,否,0,Entertainment,,
Televizija 5 (576p),,,否,0,Undefined,,
The Price Is Right: The Barker Era (720p),,,否,0,Entertainment,,
Tempe 11,,,否,0,Undefined,,
Tezaur TV (576i),,,否,0,Music,,
Trishul Broadcasting Network (720p) [Not 24/7],,,否,0,Culture,,
TV9 Kannada (576p),,,否,0,News,,
Syria TV (1080p),,,否,0,News,,
TeleMajg (480p),,,否,0,General,,
Trace Sport Stars (1080p),,,否,0,Sports,,
The Graham Norton Show (1080p),,,否,0,Entertainment,,
TV Canindeyu (1080p),,,否,0,General,,
TLN Media Chicago (720p),,,否,0,Religious,,
The City of Marina (720p),,,否,0,Legislative,,
T13 En Vivo (1080p),,,否,0,News,,
Telefe Internacional (1080p),,,否,0,Undefined,,
TIS TV (720p),,,否,0,Undefined,,
The Price Is Right CA (720p),,,否,0,Entertainment,,
TMZ (720p),,,否,0,Entertainment,,
TicaVision,,,否,0,General,,
Tra Vinh TV (1080p),,,否,0,Culture;Entertainment;Music;News,,
Tito TV (720p),,,否,0,Undefined,,
Trace Mboa (1080p),,,否,0,Music,,
Total TV Haryana (576p),,,否,0,Undefined,,
TeleNostalgia (1080p),,,否,0,Classic,,
The Word Network (1080p),,,否,0,Religious,,
TLN Media San Francisco (720p),,,否,0,Religious,,
Tele Boston (480p),,,否,0,Entertainment,,
True4U,,,否,0,Undefined,,
Television Tarapoto (720p),,,否,0,General,,
Tastemade en Espanol (1080p) [Geo-blocked],,,否,0,Cooking,,
Trace Naija (1080p),,,否,0,Music,,
Television Caribbean (1080p),,,否,0,General,,
Tigo Sports (Paraguay) (1080p),,,否,0,Sports,,
TG4 (1080p),,,否,0,Undefined,,
T7 (720p),,,否,0,Undefined,,
Telesur English (480p),,,否,0,News,,
Teen Mom (Germany) FR (720p),,,否,0,Entertainment,,
Triunfo 96.9 FM (360p),,,否,0,Religious,,
Turbo Mix Radio TV (720p),,,否,0,Music,,
Tempo TV (720p),,,否,0,Undefined,,
The New Detectives (United States) LatAm,,,否,0,Series,,
Telesystem TV (720p),,,否,0,General,,
TV5 News (576p),,,否,0,News,,
Terra Viva (720p),,,否,0,Outdoor,,
TN8 (1080p),,,否,0,General,,
TELE 6 (720p),,,否,0,General,,
Telenorte (720p),,,否,0,General,,
Tennis Channel (1080p),,,否,0,Sports,,
Tapesh 2,,,否,0,Undefined,,
TV Alianca Catarinense (720p),,,否,0,General,,
TRT (Greece) (720p),,,否,0,News,,
TNT International Belarus (1080p),,,否,0,Entertainment,,
Toonami Aftermath (480p),,,否,0,Animation,,
TNV-Planet (576p),,,否,0,Undefined,,
Telehit Musica (1080p),,,否,0,Music,,
Tipik (720p),,,否,0,Undefined,,
The Pet Collective India,,,否,0,Family,,
Thanthi TV (576p),,,否,0,News,,
TV A Folha (720p),,,否,0,News,,
TCM 10 HD (1080p),,,否,0,News,,
TV27 News (360p),,,否,0,News,,
TV30 India (1080p),,,否,0,News,,
SYFY (720p),,,否,0,Movies;Series,,
Telepace 4 (1080p),,,否,0,Religious,,
Telesur English HD (1080p),,,否,0,News,,
Trece (Paraguay),,,否,0,General,,
Television Consciente (1080p),,,否,0,Religious,,
Telemundo Internacional Central America (1080p),,,否,0,General,,
Trace Urban Africa Franco (1080p),,,否,0,Music,,
TV 21 (576p),,,否,0,Movies,,
Telekanal Krasnodar (1080p),,,否,0,General,,
TV Aldeia (720p),,,否,0,General,,
TV9 (Slovakia),,,否,0,Undefined,,
Terra Mater WILD (1080p),,,否,0,Documentary,,
TV5Monde Africa (720p),,,否,0,Undefined,,
Telepace Trento (540p),,,否,0,Religious,,
Taha TV (576p),,,否,0,Kids,,
Teve Empresa (720p),,,否,0,General,,
TV Clube (720p),,,否,0,Undefined,,
The Wild Wild West (Sweden) DK,,,否,0,Classic;Series,,
Trace Urban HD (1080p),,,否,0,Music,,
TRT Haber (720p),,,否,0,News,,
Tabbar Hits (1080p),,,否,0,Music,,
Televizia Mocenok (720p),,,否,0,General,,
Super Channel 12 (1080p),,,否,0,General,,
TDI Radio TV,,,否,0,Music,,
Trivu (1080p),,,否,0,General,,
TV ASTA (720p),,,否,0,General,,
Tatai TV (1080p),,,否,0,General,,
Telenova (720p),,,否,0,Undefined,,
Tele7music (576i),,,否,0,Music,,
Telemantova (1080p),,,否,0,General,,
Superyacht TV (1080p),,,否,0,Lifestyle,,
Tele Fe Bolivia (720p),,,否,0,General,,
TBMM TV (720p),,,否,0,Undefined,,
Telestar1,,,否,0,Undefined,,
Tosh.0 (Sweden) DK,,,否,0,Comedy,,
Stugfixarna Norge,,,否,0,Cooking;Lifestyle,,
Taraqqiyot TV,,,否,0,General,,
True Crime Now (1080p),,,否,0,Undefined,,
Telesur HD (1080p),,,否,0,News,,
Times Now Navbharat HD (1080p),,,否,0,News,,
Tayari West TV (1080p),,,否,0,General,,
Tele Ola 44 (576i) [Not 24/7],,,否,0,General,,
The Asylum (1080p),,,否,0,Series,,
TRT Genc (1440p) [Geo-blocked],,,否,0,Culture;General,,
Trailers UK (1080p),,,否,0,News,,
TV2000 (720p),,,否,0,Religious,,
Telemax (Argentina),,,否,0,Undefined,,
Tin TV (720p),,,否,0,Entertainment,,
TV Aire,,,否,0,General,,
Teen Mom (Germany) GB,,,否,0,Entertainment,,
TV Canal 72,,,否,0,General,,
TV Comunitaria (360p),,,否,0,General,,
The Pet Collective Italy,,,否,0,Family,,
The Millers DK,,,否,0,General,,
Tarab (1080p),,,否,0,Music,,
Telenovisa43 (720p) [Not 24/7],,,否,0,Family;General,,
TeleRadioNorte (720p),,,否,0,General,,
TG Junior (720p),,,否,0,Kids,,
TC Television (1080p),,,否,0,General,,
The New Detectives (United States) CA,,,否,0,Series,,
TNT4 International (576p),,,否,0,Entertainment,,
TJC (1080p),,,否,0,Shop,,
Telugu One (1080p),,,否,0,Entertainment,,
The Judge Judy Channel CA,,,否,0,Series,,
TV 2/Bornholm (1080p) [Not 24/7],,,否,0,Undefined,,
The Twilight Zone NO,,,否,0,Movies;Series,,
Tele Saltillo,,,否,0,Undefined,,
Top Stories by Newsy (720p),,,否,0,News,,
TRT Kurdi (720p),,,否,0,Undefined,,
The Pet Collective Mexico (720p),,,否,0,Family,,
TRT World (720p),,,否,0,News,,
STVE Telebasica (1080p),,,否,0,Education,,
Supreme Master TV (720p),,,否,0,Undefined,,
TeleTusciaSabina 2000 (576p) [Not 24/7],,,否,0,Undefined,,
STZ TV (1080p),,,否,0,Culture;News,,
TV5 Linares (720p),,,否,0,Undefined,,
Tele Sahel (1080p),,,否,0,General,,
TV 1 Oberosterreich (1080p),,,否,0,Undefined,,
TV Brusque (720p),,,否,0,News,,
Totally Turtles (Germany) GB,,,否,0,Kids,,
TV Buzau (576p),,,否,0,General,,
TSTV (720p),,,否,0,Undefined,,
Thraki Net TV (1080p),,,否,0,General,,
TeleQuindio (1080p),,,否,0,General,,
TRT Arabi (1080p) [Not 24/7],,,否,0,News,,
Tosh.0 (Sweden) NO,,,否,0,Comedy,,
SV+ (720p),,,否,0,General,,
Trace Urban Southern Africa (1080p),,,否,0,Music,,
Trace Urban Caribbean And Indian Ocean (1080p),,,否,0,Music,,
Travel Box Brazil (720p),,,否,0,Travel,,
The Cowboy Channel Canada (1080p),,,否,0,Undefined,,
Telemundo Telenovelas Clasicas,,,否,0,Series,,
The Wild Wild West (Sweden) NO,,,否,0,Classic;Series,,
TV 52 (720p) [Not 24/7],,,否,0,Undefined,,
Tiny House Nation (720p),,,否,0,Series,,
TDK 42,,,否,0,Undefined,,
TraLaLa TV,,,否,0,Kids,,
Telplus (360p) [Not 24/7],,,否,0,Undefined,,
Televizija M (1080p),,,否,0,General,,
Tamil Janam (576p),,,否,0,News,,
TR24 Television (720p),,,否,0,Entertainment,,
Top TV (Peru) (240p) [Not 24/7],,,否,0,General,,
Tjil TV (720p),,,否,0,Music,,
Tide TV (1080p),,,否,0,Undefined,,
Telever (1080p) [Not 24/7],,,否,0,General,,
Tele Pam (1080p),,,否,0,General,,
TRT Muzik (720p),,,否,0,Music,,
The Country Network (1080p),,,否,0,Music,,
Tochka otryva (576p),,,否,0,Undefined,,
Travel TV (576p),,,否,0,Travel,,
Terra Mater WILD English (1080p),,,否,0,Documentary,,
TeleSUR Costa Rica (720p) [Not 24/7],,,否,0,Undefined,,
TV Copan (720p) [Not 24/7],,,否,0,Undefined,,
Teleplay Sureste (720p),,,否,0,Entertainment,,
TV8 (Turkiye) (1080p),,,否,0,General,,
TGCom24 (720p),,,否,0,News,,
The Daily Show,,,否,0,Entertainment,,
Tele Safor (720p) [Not 24/7],,,否,0,Undefined,,
The Yellow Couch with Jeremy Lynch,,,否,0,Entertainment,,
Studio Universal Latin America (1080p),,,否,0,Undefined,,
TSN The Ocho (1080p),,,否,0,Sports,,
Telekanal RAI (480p),,,否,0,General,,
The L Word – Wenn Frauen lieben,,,否,0,Series,,
TKR (1080p) [Not 24/7],,,否,0,Undefined,,
Sur TV (720p) [Not 24/7],,,否,0,General,,
Teleangol (720p),,,否,0,General,,
Swastik TV (720p),,,否,0,Religious,,
Teen Mom (Germany),,,否,0,Entertainment,,
Tac12,,,否,0,Undefined,,
Tooku (1080p),,,否,0,Animation;Kids,,
TV Campane 1 (720p),,,否,0,General,,
TNT (576p),,,否,0,Entertainment,,
The Point Televsion Network (1080p),,,否,0,Religious,,
Toshkent (576p),,,否,0,General,,
TV BRICS Africa (1080p),,,否,0,General,,
ticker News (1080p),,,否,0,News,,
TV Alternativa (410p),,,否,0,General,,
Transmedia Television Morelia (614p) [Geo-blocked],,,否,0,Undefined,,
SWR 3 Visual Radio (720p),,,否,0,Undefined,,
TV Centr International (576p),,,否,0,Undefined,,
Tolo TV,,,否,0,General,,
Trace Muzika (1080p),,,否,0,Music,,
TV 9 Nusantara (720p),,,否,0,Undefined,,
Suwannabhumi Channel (720p),,,否,0,Undefined,,
Teleangol Radio (720p),,,否,0,Music,,
TeleBendicion (720p) [Not 24/7],,,否,0,Religious,,
TV5 Cambodia,,,否,0,Undefined,,
Teleganes (720p),,,否,0,Undefined,,
TBN Armenia,,,否,0,Undefined,,
The Pet Collective Spain,,,否,0,Family,,
TATV (720p) [Not 24/7],,,否,0,Undefined,,
Survivor (1080p),,,否,0,Series,,
Swarnavahini (480p),,,否,0,Undefined,,
The L Word NO,,,否,0,Series,,
Teleantioquia (1080p),,,否,0,General,,
Teve Vida Network (480p) [Not 24/7],,,否,0,Religious,,
The Jamie Oliver Channel (1080p),,,否,0,Lifestyle,,
TAM TV,,,否,0,General,,
The Peninsula Channel (720p),,,否,0,Legislative,,
TV9 Telugu (720p),,,否,0,News,,
The Walk TV,,,否,0,Undefined,,
Telepacifico (1080p),,,否,0,General,,
TBN Baltia (1080p),,,否,0,Religious,,
The L Word,,,否,0,Series,,
Telecaribe (1080p),,,否,0,General,,
Turkmenistan (406p) [Not 24/7],,,否,0,General,,
TeleMoldova + [Geo-blocked],,,否,0,News,,
TeleAragua (480p),,,否,0,General,,
The Daily Show DK,,,否,0,Entertainment,,
Telemax (Mexico) XEWH-TDT (1080p),,,否,0,Undefined,,
theDove TV (720p),,,否,0,Religious,,
Tamilan TV (576p),,,否,0,Undefined,,
TeleSanDomenico (1080p),,,否,0,Religious,,
Turkmen Owazy (406p) [Not 24/7],,,否,0,Music,,
TV10 (720p),,,否,0,General,,
The Young Turks (720p),,,否,0,News,,
Total Crime (1080p),,,否,0,Documentary,,
Trace Mziki (1080p),,,否,0,Music,,
TeleCauquenes (720p),,,否,0,News,,
Taevas TV7 (720p),,,否,0,Religious,,
The Challenge,,,否,0,Series,,
Turkmenistan Sport (406p) [Not 24/7],,,否,0,Sports,,
TV38 Sudost-Niedersachen (1080p),,,否,0,Undefined,,
Telemicro Internacional (720p),,,否,0,Undefined,,
Telecentro (Venezuela) (480p) [Not 24/7],,,否,0,General,,
The Twilight Zone DK,,,否,0,Movies;Series,,
Sun Gemini (576p),,,否,0,General,,
TBN Espana (576p),,,否,0,Religious,,
ToonGoggles (720p),,,否,0,Kids,,
teltOwkanal (1080p),,,否,0,Undefined,,
Teleceiba (720p),,,否,0,Undefined,,
Thai PBS,,,否,0,Undefined,,
Telenord 8 (1080p) [Not 24/7],,,否,0,General,,
TV5MONDE Chefs (1080p),,,否,0,Cooking;Lifestyle,,
Tamadon TV (720p),,,否,0,Undefined,,
T18 (1080p),,,否,0,General,,
TV Arapuan (720p),,,否,0,General,,
TED (1080p),,,否,0,Undefined,,
Trace Brazuca HD (1080p),,,否,0,Music,,
Taivas TV7 (720p),,,否,0,Religious,,
Syros TV1 (720p),,,否,0,General,,
The Daily Show NO,,,否,0,Entertainment,,
Trace Africa (1080p),,,否,0,Music,,
Trace Urban International HD (1080p),,,否,0,Music,,
Swatantra TV (1080p),,,否,0,News,,
Top News (720p),,,否,0,News,,
TV5Monde Europe (1080p),,,否,0,General,,
TamilVision-TV (1080p),,,否,0,Undefined,,
Trace Ivoire (1080p),,,否,0,Music,,
Turan TV (576p),,,否,0,Undefined,,
TV BRICS Chinese (1080p),,,否,0,General,,
TV Centro 27.2 HD (720p),,,否,0,Entertainment,,
Tarang TV (720p),,,否,0,Entertainment,,
The Pet Collective Poland (720p),,,否,0,Family,,
Til Middag Hos,,,否,0,Cooking;Lifestyle,,
Teletur (720p) [Not 24/7],,,否,0,Travel,,
T Sports (1080p),,,否,0,Sports,,
Tribeca Channel (1080p) [Geo-blocked],,,否,0,Undefined,,
Television Metropolis 19.2 (1080p) [Not 24/7],,,否,0,General,,
The Indonesia Channel (1080p),,,否,0,Culture;Education,,
Top News Marathi (1080p),,,否,0,News,,
Telefoggia (480p) [Not 24/7],,,否,0,Undefined,,
Takeshi's Castle,,,否,0,Comedy,,
TeleOnce (1080p),,,否,0,Undefined,,
Tarang Music (720p),,,否,0,Music,,
Tour Spot TV (1280p) [Not 24/7],,,否,0,Sports,,
The Challenge CA,,,否,0,Series,,
TeleArena (480p),,,否,0,Undefined,,
TOLOnews (720p),,,否,0,News,,
TV BRICS English (1080p),,,否,0,General,,
True History (720p),,,否,0,Undefined,,
Trace Ngoma (1080p),,,否,0,Music,,
SUR TV Itapua,,,否,0,General,,
Tele Uno (720p) [Not 24/7],,,否,0,Undefined,,
The Pet Collective Sweden,,,否,0,Family,,
Trace Afrikora (1080p),,,否,0,Music,,
TOP Barca (1080p),,,否,0,Undefined,,
TV 100 (Greece) (720p),,,否,0,General,,
Trace Caribbean (1080p),,,否,0,Music,,
True Crime by Pluto TV,,,否,0,Series,,
Tien Giang TV (540p),,,否,0,Undefined,,
TV Cotui Canal 31 (1080p) [Not 24/7],,,否,0,General,,
T24 (576p),,,否,0,Undefined,,
Tropi Q 99.7 FM (1080p),,,否,0,Music,,
Subhavaartha TV (720p),,,否,0,Religious,,
Thema Television (720p) [Not 24/7],,,否,0,Undefined,,
Television Espoir 47 (720p),,,否,0,General,,
TV9 Bangla (720p),,,否,0,News,,
This Old House (1080p),,,否,0,Series,,
Svenska Truckers NO,,,否,0,Entertainment,,
Tele Posadas (720p),,,否,0,General,,
Tshwane TV (576p),,,否,0,Entertainment;Family;General,,
Super! SpongeBob (720p),,,否,0,Kids,,
Trace Ayiti (1080p),,,否,0,Music,,
TELESIGLO (1080p) [Not 24/7],,,否,0,General,,
Travel+Adventure HD (1080p),,,否,0,Travel,,
Television del Este (1080p) [Not 24/7],,,否,0,News,,
True Crime Network WCVB-TV (720p),,,否,0,Series,,
The Movie Club (1080p),,,否,0,Movies,,
T2 TV,,,否,0,Music,,
TRT Diyanet Cocuk (720p),,,否,0,Kids,,
Telecadena 7 y 4 (576p),,,否,0,General,,
Tiny Pop (1080p),,,否,0,Kids,,
TV3 La Plata (480p),,,否,0,General,,
TBN Nejat TV,,,否,0,Undefined,,
TopEstrada TV (720p),,,否,0,Music,,
Subbota! HD (1080p),,,否,0,Entertainment,,
TV9 Bharatvarsh (720p),,,否,0,News,,
Tele UV [Not 24/7],,,否,0,Education,,
Suram TV (720p),,,否,0,General,,
The L Word DK,,,否,0,Series,,
Tele Antillas (1080p),,,否,0,General,,
TGRT Haber (720p),,,否,0,News,,
Sudan TV (360p),,,否,0,Undefined,,
Taurianova TV (720p),,,否,0,General,,
TRT Avaz (720p),,,否,0,Undefined,,
Til julefrokost hos r8Dio,,,否,0,Entertainment,,
Tele Liguria Sud (576p),,,否,0,Undefined,,
Tele One 16,,,否,0,General,,
TRT 1 (1440p),,,否,0,Undefined,,
TOI Global (1080p),,,否,0,News,,
TAP TV Channel 25 (720p),,,否,0,General,,
Svenska Hollywoodfruar,,,否,0,Entertainment,,
Studio Yuva (576p),,,否,0,Entertainment,,
Top Movies Polska (1080p),,,否,0,Undefined,,
The Nanny,,,否,0,Undefined,,
Svarozhychy,,,否,0,Entertainment,,
Trace Gospel (1080p),,,否,0,Music;Religious,,
Trace Urban (1080p),,,否,0,Music,,
Super! iCarly,,,否,0,Kids,,
Tele Chiara (720p),,,否,0,General,,
Tom And Jerry (720p),,,否,0,Kids,,
True crime fran Viaplay,,,否,0,Series,,
TurkHaber TV (720p),,,否,0,News,,
The Twilight Zone,,,否,0,Movies;Series,,
Tele Dominicana TV (720p) [Not 24/7],,,否,0,Music,,
Telesangil (720p),,,否,0,General,,
Tiankov Folk (576p),,,否,0,Music,,
The Beverly Hillbillies,,,否,0,Classic;Comedy,,
Telefe Salta,,,否,0,Undefined,,
TV Cosmos (720p),,,否,0,General,,
TAP TV Channel 23 (720p),,,否,0,Undefined,,
The Addams Family,,,否,0,Series,,
Trace Sport Stars Russia (720p),,,否,0,Sports,,
TDN Medios (720p) [Not 24/7],,,否,0,Undefined,,
Svenska Truckers,,,否,0,Entertainment,,
TAP TV Channel 24 (720p),,,否,0,General,,
TV Alsace (1080p),,,否,0,General,,
TV9 Marathi (720p),,,否,0,News,,
Telewizja Luban (720p) [Not 24/7],,,否,0,General,,
TV BRICS Portuguese (1080p),,,否,0,General,,
Telefuturo (Dominican Republic) (480p) [Not 24/7],,,否,0,General,,
Supermusica TV (720p),,,否,0,Music,,
TV Centro HD (720p),,,否,0,General,,
TV7 Colmar (576p),,,否,0,General,,
The Pet Collective UK (720p),,,否,0,Family,,
Turbo TV (1080p),,,否,0,Undefined,,
Topical Moon RD (720p) [Not 24/7],,,否,0,Music,,
Super Q Panama (1080p),,,否,0,Music,,
Super! Pop,,,否,0,Kids,,
TMA (1080p),,,否,0,Music,,
Trace Brazuca (1080p),,,否,0,Music,,
Telepace 3 (1080p),,,否,0,Education;Religious,,
The Andy Griffith Show,,,否,0,Classic,,
Tiankov Orient Folk (576p),,,否,0,Music,,
Tennis Channel 2 (1080p),,,否,0,Sports,,
TRT Turk (720p),,,否,0,Undefined,,
Super Hungama (576p),,,否,0,Animation;Kids,,
Telemetro TV [Not 24/7],,,否,0,General,,
Subbota! (1080p),,,否,0,Entertainment,,
TV2 (Algeria) (1080p),,,否,0,General,,
Telecanal 28 (1080p) [Not 24/7],,,否,0,General,,
TLT Molise (1080p),,,否,0,General,,
The Walking Dead en Espanol (720p),,,否,0,Undefined,,
Tele Regency TV (576p),,,否,0,General,,
Telemundo West (2160p),,,否,0,General,,
Television Canaria (1080p),,,否,0,Undefined,,
TV BRICS Spanish (1080p),,,否,0,General,,
TV 21 International (576p),,,否,0,Movies,,
Telenord 10 (720p) [Not 24/7],,,否,0,General,,
Superscreen TV (412p),,,否,0,Culture;Family,,
The Now Network (480p) [Not 24/7],,,否,0,Religious,,
TV A Critica,,,否,0,Undefined,,
TiJi (576p),,,否,0,Kids,,
TeveColombia (720p) [Not 24/7],,,否,0,Entertainment,,
This is Bulgaria HD (1080p),,,否,0,Entertainment,,
The Voice (720p),,,否,0,Music,,
Telemadrid HD (1080p),,,否,0,Undefined,,
Tevesur (720p),,,否,0,General,,
Suvarna News SD (576p),,,否,0,News,,
Tele Louange (1080p),,,否,0,Religious,,
Super!,,,否,0,Kids,,
Three's Company,,,否,0,Series,,
Studio Universal Latin America Brazil (720p),,,否,0,Undefined,,
T News (720p),,,否,0,News,,
TBS TV (720p),,,否,0,Undefined,,
Te Reo (1080p),,,否,0,Undefined,,
Sun RTV (720p) [Not 24/7],,,否,0,Undefined,,
Turf Movil (720p),,,否,0,Sports,,
Telecolor Lombardia (1080p) [Not 24/7],,,否,0,Undefined,,
TJK TV (1080p),,,否,0,Sports,,
Tamasha,,,否,0,Movies,,
UniMas WFUT-DT (1080p),,,否,0,Undefined,,
UniMas Mountain (1080p),,,否,0,Undefined,,
TV Curuca (360p),,,否,0,Entertainment,,
Vision (Peru) (480p),,,否,0,Religious,,
Western TV,,,否,0,Classic,,
Vepaco TV (480p),,,否,0,General,,
TVS Sports Bureau (720p),,,否,0,Sports,,
Whiplash (720p),,,否,0,General,,
TV Teuta,,,否,0,General,,
VTV (Maldives),,,否,0,News,,
VOX,,,否,0,Undefined,,
TV Nitricka,,,否,0,General,,
Voprosy i Otvety (576p),,,否,0,Entertainment,,
Wtv (720p),,,否,0,General,,
VoA TV Persian (1080p),,,否,0,News,,
Whiplash II (480p),,,否,0,General,,
TV-3 HD (1080p),,,否,0,Entertainment,,
TV Niksic (720p),,,否,0,Undefined,,
Umm TV,,,否,0,Undefined,,
Urola Telebista (416p),,,否,0,General,,
TV Prato (1080p),,,否,0,Undefined,,
TV Evangelizar (720p),,,否,0,Religious,,
Whakaata Maori (1080p),,,否,0,Undefined,,
TV Cuatro 4.2 (1080p),,,否,0,Culture,,
Video Tour Channel,,,否,0,Music,,
XHIJ-TDT (720p) [Not 24/7],,,否,0,General,,
WOW Kidz (720p),,,否,0,Animation;Kids,,
UN Web TV (540p),,,否,0,News,,
TVPlus Suceava (576p),,,否,0,Undefined,,
TV GRANDE NATAL HDTV BRASIL (1080p),,,否,0,Entertainment,,
UniMas WXTV-DT,,,否,0,Undefined,,
TyC Sports USA,,,否,0,Sports,,
WOW Kidz Tamil (720p),,,否,0,Animation;Kids,,
Vesti FM (720p),,,否,0,News,,
WOW Kidz Telugu (720p),,,否,0,Animation;Kids,,
Vychodoceska TV (1080p),,,否,0,Undefined,,
Unsolved Mysteries UK,,,否,0,Series,,
WVVH-CD 18.1 (720p),,,否,0,Undefined,,
TVA (Germany) (1080p) [Not 24/7],,,否,0,Undefined,,
TVS Bowling Network (720p),,,否,0,Sports,,
TVS Talk Network (360p),,,否,0,Classic,,
TVE RS (1080p),,,否,0,Culture;Education,,
Yam Tichoni (1080p),,,否,0,Series,,
TVP Info,,,否,0,Undefined,,
TVNBN (720p),,,否,0,General,,
World Billiards,,,否,0,Undefined,,
TVC-Rio,,,否,0,General,,
TV Johaniter (720p),,,否,0,General,,
Vantage Music (720p) [Geo-blocked],,,否,0,Music,,
Wattan TV,,,否,0,Undefined,,
TVS Hi Tops (720p),,,否,0,Kids,,
Vida Mejor TV (480p),,,否,0,Religious,,
viju+ Comedy HD (1080p),,,否,0,Comedy,,
VoA TV (1080p),,,否,0,News,,
TV from the Danish Parliament (1080p) [Not 24/7],,,否,0,Legislative,,
XITE 90's Throwback (1080p),,,否,0,Music,,
Xtra Tv (720p) [Not 24/7],,,否,0,General,,
UTV Africa (720p),,,否,0,General,,
TV Paraense (720p),,,否,0,Entertainment;Family;General;News,,
XHTTG-TDT (720p),,,否,0,General,,
TV+Pet,,,否,0,Entertainment,,
TV Mulhouse (1080p),,,否,0,General,,
TVR Moldova HD (1440p),,,否,0,General,,
Via Altomayo (720p) [Not 24/7],,,否,0,General,,
WeatherSpy (Australia) (720p),,,否,0,Weather,,
TVOKids (720p),,,否,0,Kids,,
Viasat Kino Balkan (1080p),,,否,0,Movies,,
TVLatinaSat (720p),,,否,0,General,,
Vantage Dance (720p),,,否,0,Music,,
XHUNES-TDT (720p),,,否,0,Education,,
Vmeste-RF,,,否,0,Undefined,,
Unicanal,,,否,0,News,,
Visual Radio (576p) [Not 24/7],,,否,0,Undefined,,
World Channel (1080p),,,否,0,Education,,
Vantage Classic (720p),,,否,0,Music,,
Visir (1080p),,,否,0,News,,
TVS (Dominican Republic) (540p) [Not 24/7],,,否,0,Entertainment,,
WeHoTV (360p),,,否,0,Undefined,,
Wayra TV (720p),,,否,0,General,,
TVUNO (720p),,,否,0,Music,,
TV Vita,,,否,0,Culture,,
TVS Tally Ho (360p),,,否,0,Classic,,
Villa Altagracia TV (1080p) [Not 24/7],,,否,0,General,,
TV Marajoara (720p),,,否,0,General,,
Vyas Channel (576p),,,否,0,Education,,
UTV (Czech Republic) (1080p),,,否,0,Undefined,,
VCV (720p) [Not 24/7],,,否,0,General,,
TV Cuatro 4.1 (1080p),,,否,0,General,,
TVB Vietnam (1080p),,,否,0,General,,
Urbano TV (720p),,,否,0,Music,,
TVO Jesus (720p),,,否,0,Undefined,,
Vilayet TV,,,否,0,General,,
TV Puls (1080p),,,否,0,Undefined,,
Xinjiang TV 8,,,否,0,Undefined,,
TV Peruanisima (720p),,,否,0,Music,,
WWON-TV Channel 48,,,否,0,Entertainment,,
TV Mainfranken (1080p) [Not 24/7],,,否,0,Undefined,,
Volksmusik TV (1080p),,,否,0,Music,,
TVS Hollywood History (582p),,,否,0,Classic,,
TVS Tavern (480p),,,否,0,Classic,,
TVNET (Turkiye) (1080p),,,否,0,Undefined,,
Tvoe TV (1080p),,,否,0,Entertainment,,
WeertFM TV (720p),,,否,0,General,,
TV Leon de Juda (720p),,,否,0,Religious,,
TV Ostfold (1080p),,,否,0,General,,
Watan TV (1080p),,,否,0,General,,
WBTV 64.1 (720p),,,否,0,Undefined,,
UATV (1080p) [Not 24/7],,,否,0,Undefined,,
TV PRO,,,否,0,Undefined,,
Vos y TV (720p) [Not 24/7],,,否,0,Music,,
TVS Boxing (360p),,,否,0,Sports,,
Ultra Casanare TV (1080p) [Not 24/7],,,否,0,Entertainment,,
TV Opoja (720p) [Not 24/7],,,否,0,Undefined,,
Vivo TV,,,否,0,Undefined,,
TV Ruzinov (1080p) [Not 24/7],,,否,0,Undefined,,
Yalta TV (480p) [Geo-blocked],,,否,0,Undefined,,
Tvoye TV Yumor (1080p),,,否,0,Comedy,,
Univision West (1080p) [Geo-blocked],,,否,0,Undefined,,
TV SE (576p) [Not 24/7],,,否,0,Undefined,,
TVRI Southeast Sulawesi (480p),,,否,0,General,,
Univision KMEX-DT [Geo-blocked],,,否,0,Undefined,,
WCETV Digital Channel 31.8,,,否,0,General,,
TVA Vicenza (720p),,,否,0,Undefined,,
Vanitha TV (576p),,,否,0,Entertainment,,
TV Famille (720p),,,否,0,Family;Religious,,
Win Sports (1080p),,,否,0,Sports,,
TV Povazie (1080p),,,否,0,Undefined,,
TVS Mainstreet (360p) [Not 24/7],,,否,0,Classic,,
Watar Radio (1080p),,,否,0,Undefined,,
TVRI (1080i),,,否,0,General,,
Vega Teve (720p) [Not 24/7],,,否,0,General,,
viaTelePaese (720p),,,否,0,General,,
UniNettuno University TV (720p),,,否,0,Undefined,,
TV Sim Cachoeiro (720p),,,否,0,News,,
Univers TV (720p),,,否,0,Entertainment,,
WLMB (1080p),,,否,0,Religious,,
VH1 (720p),,,否,0,Music,,
Vissa TV (576p),,,否,0,Entertainment,,
Westerns 4U (1080p),,,否,0,Classic,,
Umbria TV (576p) [Not 24/7],,,否,0,Undefined,,
Wapp (720p),,,否,0,Lifestyle,,
WXWZ-LD 23.1 (720p),,,否,0,Undefined,,
TV Liptov (1080p),,,否,0,General,,
TVSA Government Channel (720p),,,否,0,Legislative,,
TV Regionalna Lubin (1080p),,,否,0,Undefined,,
XHZHZ-TDT (720p),,,否,0,General,,
Up Network,,,否,0,Undefined,,
TVitape (720p),,,否,0,General,,
U Bangla (1080p),,,否,0,Undefined,,
Welat TV (1080i),,,否,0,News,,
TV Ra Tim Bum (720p),,,否,0,Undefined,,
TV Spravedliva Bulgariya,,,否,0,General,,
Video Mix TV,,,否,0,Music,,
Viasat History (Sweden) [Not 24/7],,,否,0,Documentary,,
VoA TV China (1080p),,,否,0,Undefined,,
UCL (720p),,,否,0,Culture,,
TVE Star (576p),,,否,0,Series,,
TVS Television Network (480p),,,否,0,General,,
TVS Cipher Network (360p),,,否,0,Classic,,
TVSA Public Channel (720p),,,否,0,General,,
Waar TV (1080p),,,否,0,Undefined,,
TV Parana Turismo (720p) [Not 24/7],,,否,0,Travel,,
Vision Latina (1080p),,,否,0,Religious,,
W24 (720p) [Not 24/7],,,否,0,Undefined,,
Weathernews (720p),,,否,0,Weather,,
viju+ Megahit HD (1080p),,,否,0,Movies,,
TV SLO 1 HD,,,否,0,Undefined,,
TV Tabalong (720p) [Not 24/7],,,否,0,Undefined,,
Viasat Explore (Sweden) [Not 24/7],,,否,0,Documentary,,
TVRI Central Sulawesi (720p),,,否,0,General,,
Vision Latina Network (1080p),,,否,0,General,,
TV Mu (720p) [Not 24/7],,,否,0,Undefined,,
TV Eger (1080p),,,否,0,Undefined,,
TVS Music Network (720p),,,否,0,Music,,
Urfa Natik TV (720p),,,否,0,Undefined,,
TVR Cluj,,,否,0,General,,
World Channel WGTV (1080p),,,否,0,Education,,
Univalle Television (1080p),,,否,0,Undefined,,
VTV Valle de Aconcagua (720p) [Not 24/7],,,否,0,Undefined,,
Vergina TV (1080p),,,否,0,Entertainment;News,,
Union TV,,,否,0,General,,
Wild 'N Out,,,否,0,Series,,
TVP Los Mochis (720p) [Not 24/7],,,否,0,General,,
Voyages & Saveurs (720p),,,否,0,Lifestyle;Travel,,
TVOMIX (1080p),,,否,0,Music,,
Walker Texas Ranger,,,否,0,Series,,
WELU 8.1 (480p) [Not 24/7],,,否,0,Religious,,
UAA TV (1080p),,,否,0,Culture;Education;Public,,
TVJ (720p) [Not 24/7],,,否,0,General,,
WION (1080p),,,否,0,News,,
Viasat Explore Classic (720p),,,否,0,Undefined,,
XITE (720p),,,否,0,Music,,
WPS-TV (360p),,,否,0,Education,,
viju+ Planet HD (1080p),,,否,0,Documentary,,
TV Higuey Digital (720p) [Not 24/7],,,否,0,General,,
VTV6 (1080p),,,否,0,Sports,,
TVE Star HD (1080p),,,否,0,Series,,
TV Senado (Brazil) (720p),,,否,0,Undefined,,
VTV9 HD (1080p),,,否,0,Undefined,,
TVRI East Kalimantan (720p),,,否,0,General,,
UVA TV (720p) [Not 24/7],,,否,0,General,,
Vale TV (480p) [Not 24/7],,,否,0,General,,
TVRI West Java (480p),,,否,0,General,,
Vantage Rock (720p) [Geo-blocked],,,否,0,Music,,
TV Fronteira (480i),,,否,0,Undefined,,
TV Den (576p) [Not 24/7],,,否,0,Undefined,,
TV Torun (1080p) [Not 24/7],,,否,0,Undefined,,
White Plains Community Media (360p),,,否,0,Undefined,,
WCOT (720p),,,否,0,General,,
Villa Elisa Radio TV (1080p),,,否,0,General,,
TV Ellef (1080p),,,否,0,Undefined,,
Vantage Music UK (1080p) [Geo-blocked],,,否,0,Music,,
TV Maya (480p),,,否,0,Education,,
TV Natal (1080p),,,否,0,Entertainment;General;News,,
WHOH-TV (360p),,,否,0,General,,
WATC-DT 57.1 (1080p),,,否,0,Undefined,,
X 102.7 FM,,,否,0,Music,,
Wired2FishTV (720p) [Geo-blocked],,,否,0,Undefined,,
TV Usach (720p),,,否,0,Education,,
Vera 24,,,否,0,Religious,,
TVR Timisoara,,,否,0,General,,
Unique TV (576p),,,否,0,Entertainment;Kids,,
TVS Classic Movies (288p),,,否,0,Classic,,
TVONE Nicaragua (720p) [Not 24/7],,,否,0,Music,,
TVS Nostalgia (472p),,,否,0,Classic,,
TV Sao Raimundo (268p),,,否,0,General,,
TV Noe+ (720p) [Geo-blocked],,,否,0,General,,
TVR Targu-Mures,,,否,0,General,,
Unife TV,,,否,0,Religious,,
V mire zhivotnykh (1080p),,,否,0,Undefined,,
UMTV (1080p) [Not 24/7],,,否,0,Undefined,,
W Polsce PL (720p),,,否,0,Undefined,,
Vizion Plus (1080p),,,否,0,General,,
VR Live (720p),,,否,0,News,,
TVP World,,,否,0,News,,
WDWL 58.1 (720p) [Not 24/7],,,否,0,Religious,,
Uchu TV (720p),,,否,0,General,,
Villa Mantero TV,,,否,0,Undefined,,
XITE Hits (1080p),,,否,0,Music,,
We Sport TV,,,否,0,Sports,,
Viasat Nature (Sweden) [Not 24/7],,,否,0,Documentary,,
Uniquely Thai (720p),,,否,0,Shop,,
TV Punjab (720p) [Geo-blocked],,,否,0,News,,
TVP Mazatlan (720p) [Not 24/7],,,否,0,General,,
Unidentified (1080p),,,否,0,Documentary,,
viju+ Premiere HD (1080p),,,否,0,Movies,,
XITE Hits Germany (1080p),,,否,0,Music,,
Wipeout Xtra (1080p),,,否,0,Entertainment,,
VTV10 (1080p),,,否,0,Undefined,,
Vision NDV (720p) [Not 24/7],,,否,0,Entertainment,,
Win+ Futbol (1080p),,,否,0,Sports,,
XV TV (480p),,,否,0,General,,
VB Media TV (1080p),,,否,0,Entertainment,,
Watar TV (720p) [Not 24/7],,,否,0,General,,
TVP Polonia,,,否,0,Undefined,,
Yahoo! Finance (1080p),,,否,0,Business,,
TV Dielli (720p) [Not 24/7],,,否,0,Undefined,,
TVS Nostalgia Movies (480p),,,否,0,Classic,,
TV Muslim Thailand,,,否,0,Religious,,
TVK 2 (720p),,,否,0,Education,,
TV Noe (720p) [Geo-blocked],,,否,0,Undefined,,
XHFGL-TDT (1080p),,,否,0,General,,
Valle Nuevo TV,,,否,0,General,,
TVS Classic Sports (360p),,,否,0,Sports,,
VTV7 HD (1080p),,,否,0,Undefined,,
TVK (Cambodia) (720p),,,否,0,General,,
W14DK-D 14.1,,,否,0,Religious,,
UStad (1080p),,,否,0,Undefined,,
World Harvest TV (360p),,,否,0,Undefined,,
Verso TV,,,否,0,Culture,,
Xplore (714p) [Geo-blocked],,,否,0,Undefined,,
Vevo Latino (1080p),,,否,0,Music,,
TV Veseljak Golica HD,,,否,0,Undefined,,
TV Legislativa (1080p) [Not 24/7],,,否,0,Legislative,,
WATC-DT 57.2 (720p),,,否,0,Undefined,,
VTU (1080p),,,否,0,Undefined,,
TVRI West Kalimantan (480p),,,否,0,General,,
Vocea Basarabiei TV,,,否,0,Undefined,,
TV Keszthely (360p),,,否,0,General,,
TVRI Jambi (720p) [Not 24/7],,,否,0,General,,
Universal Cinema (1080p),,,否,0,Movies,,
Unifranz (720p),,,否,0,Education;Entertainment;News,,
TV Trwam (1080p) [Geo-blocked],,,否,0,Undefined,,
Vacation Channel,,,否,0,Entertainment,,
TV Peru (1080p),,,否,0,General,,
Yazd TV,,,否,0,Undefined,,
TV SLO 2 HD,,,否,0,Undefined,,
TVP Obregon (720p) [Not 24/7],,,否,0,General,,
TV Today Janakpur,,,否,0,Entertainment;General,,
TVAgro (720p),,,否,0,Outdoor,,
WSOC Now (1080p) [Geo-blocked],,,否,0,News,,
TVR Cultural,,,否,0,Culture,,
TVR Craiova,,,否,0,General,,
Wanted: Dead or Alive (720p),,,否,0,Classic,,
TVRI Lampung (720p),,,否,0,General,,
TV Universidad,,,否,0,Education,,
viju Nature (576p),,,否,0,Documentary,,
WXTV (480p),,,否,0,Religious,,
viju Explore (576p),,,否,0,Documentary,,
UMC TV (720p),,,否,0,Outdoor,,
TV Pirveli,,,否,0,General,,
TV Series (480p),,,否,0,Series,,
Utsav Bharat (720p),,,否,0,Undefined,,
Yadah TV (576p) [Not 24/7],,,否,0,Religious,,
viju TV1000 russkoe (576p),,,否,0,Movies,,
TVSN (1080p),,,否,0,Shop,,
TV Life America (720p),,,否,0,Culture,,
Voice of Lebanon (1080p),,,否,0,News,,
Via Television [Not 24/7],,,否,0,General,,
TV Hispanic [Not 24/7],,,否,0,General,,
VSiN (720p),,,否,0,Undefined,,
TV Sur Canal 14 (1080p),,,否,0,Undefined,,
TV Jadran (720p) [Not 24/7],,,否,0,News,,
Vendhar TV (576p),,,否,0,Entertainment,,
Vitrina TV (720p),,,否,0,Shop,,
Window TV (720p),,,否,0,Undefined,,
TV+ (1080p),,,否,0,General,,
viju+ Serial HD (1080p),,,否,0,Series,,
Viafree Movies,,,否,0,Movies,,
TVS Pet Parade Network (360p),,,否,0,Classic,,
TV-3 (576p),,,否,0,Entertainment,,
West Azerbaijan TV,,,否,0,General,,
TVN24 (720p) [Not 24/7],,,否,0,News,,
TV MAX (720p),,,否,0,General,,
TV-3 Belarus (576p),,,否,0,Entertainment,,
TVRI West Nusa Tenggara (720p),,,否,0,General,,
TVRI Maluku (480p),,,否,0,General,,
TV Qui Modena (480p),,,否,0,Undefined,,
USA Network Latin America (1080p),,,否,0,Undefined,,
Viva Nicaragua Canal 13 (720p),,,否,0,General,,
Vintage Music (720p),,,否,0,Music,,
WKAQ-TV 2.2 (720p),,,否,0,Undefined,,
TVS Comedy Network (720p),,,否,0,Comedy,,
TV Yes Italia (720p),,,否,0,Undefined,,
Yaslyk (406p) [Not 24/7],,,否,0,Education,,
viju History (576p),,,否,0,Documentary,,
VICE TV (1080p),,,否,0,Undefined,,
Vision Television (720p),,,否,0,Music,,
W14DK-D 14.2,,,否,0,News,,
WIPR-TV 6.1 (1080p),,,否,0,Undefined,,
TV Mana 1 (1080p),,,否,0,Religious,,
Unbeaten (1080p),,,否,0,Sports,,
VR Canal 21 Nasca (720p),,,否,0,General,,
V Sport Golf [Not 24/7],,,否,0,Sports,,
VEJA+ TV (1080p),,,否,0,News,,
WELT,,,否,0,News,,
TVReus (720p) [Not 24/7],,,否,0,General,,
World Poker Tour (1080p),,,否,0,Sports,,
TVR Folclor,,,否,0,General;Music,,
Utsav Plus (720p),,,否,0,Undefined,,
Y'a que la verite qui compte,,,否,0,Entertainment,,
XITE Hits UK (1080p),,,否,0,Music,,
TV Mana 2 (1080p),,,否,0,Religious,,
WECN (720p),,,否,0,Religious,,
Watch it KID! (720p),,,否,0,Kids,,
VTV Canal 32 (1080p),,,否,0,General,,
Watch it Scream! (720p),,,否,0,Movies,,
TVI (720p),,,否,0,General,,
TVN (Chile) (1080p),,,否,0,General,,
TV Lobo (720p),,,否,0,Undefined,,
X Level Media (1080p),,,否,0,Music,,
Xizang TV Tibetan (720p) [Not 24/7],,,否,0,Undefined,,
XPTV1 (720p),,,否,0,Music,,
Willow Sports (1080p),,,否,0,Sports,,
Unidad de investigacion,,,否,0,Undefined,,
Uranio TV (720p),,,否,0,Undefined,,
viju+ Sport (576p),,,否,0,Sports,,
XPTV US (720p),,,否,0,Series,,
TV Pai Eterno (720p),,,否,0,Religious,,
TVN 14 (720p) [Not 24/7],,,否,0,Undefined,,
TV-WEST (720p) [Not 24/7],,,否,0,General,,
Vetta 24 (576p) [Not 24/7],,,否,0,Undefined,,
TV Quisqueya (720p),,,否,0,General,,
TV Mana Brasil (1080p),,,否,0,Religious,,
XPTV2 (720p),,,否,0,Entertainment,,
Vati Lao (720p),,,否,0,Entertainment,,
Viafree Movies NO,,,否,0,Movies,,
TV Petropolis (720p),,,否,0,General,,
V+ TVI (720p),,,否,0,General,,
XITE Just Chill (1080p),,,否,0,Music,,
TV NRSR (720p) [Not 24/7],,,否,0,Legislative,,
WiseHumanTv (1080p),,,否,0,Religious,,
TVM para ti (1080p),,,否,0,General,,
TV Luz (480p),,,否,0,Religious,,
TV Panou (720p) [Not 24/7],,,否,0,General,,
Viva Premium (1080p),,,否,0,General,,
VoiceOver Radio TV (720p),,,否,0,Music,,
VSBet HD (1080p),,,否,0,Sports,,
UDAR (1080p),,,否,0,Sports,,
TV Getsemani (720p),,,否,0,Religious,,
Venevision Internacional (720p),,,否,0,General,,
Venevision (576p),,,否,0,General,,
TV OFF (1080p),,,否,0,Travel,,
TVS Consumer Direct (720p),,,否,0,Shop,,
WDR Fernsehen (720p),,,否,0,General,,
World of Freesports (1080p),,,否,0,Sports,,
USA TODAY (1080p),,,否,0,News,,
TV Estrella (720p),,,否,0,Religious,,
W Shopping (720p),,,否,0,Shop,,
TVU Sucre (720p),,,否,0,General,,
TVE Bahia (1080p),,,否,0,Undefined,,
TVR Iasi,,,否,0,General,,
TVI Ficcao (720p),,,否,0,Series,,
TV Peru Noticias (1080p),,,否,0,News,,
Van 65 TV,,,否,0,General,,
TV Mana English (1080p),,,否,0,Religious,,
Wedo Big Stories (1080p),,,否,0,Documentary,,
VBS TV (480p) [Not 24/7],,,否,0,General,,
TV Pantanal MS (360p) [Not 24/7],,,否,0,Undefined,,
TV Zdravkin (400p),,,否,0,General,,
WaterBear (1080p),,,否,0,Documentary;Outdoor,,
Ugra-TV (1080p),,,否,0,Undefined,,
World Entertainment TV 42,,,否,0,Entertainment,,
TV Difusao (720p),,,否,0,General,,
TV Futuro (1080p),,,否,0,General,,
TVS Quiz Show Network (720p),,,否,0,Classic,,
TV Mana Argentina (576p) [Not 24/7],,,否,0,Religious,,
Vegavision Canal 18 (1080p) [Not 24/7],,,否,0,General,,
UniMas Central (720p),,,否,0,Undefined,,
TVenLinea (1080p),,,否,0,General,,
Undercover Boss Global (720p),,,否,0,Entertainment,,
TV Rain (1080p) [Geo-blocked],,,否,0,Undefined,,
V6 News (576p),,,否,0,News,,
UA Music (1080p),,,否,0,Music,,
Vision TV (Guatemala) (720p),,,否,0,Undefined,,
TVR Info,,,否,0,News,,
Vaanavil TV (720p),,,否,0,Music,,
Twoja.TV (1080p),,,否,0,Undefined,,
TV UCT (1080p),,,否,0,Undefined,,
UTV Palakkad (1080p),,,否,0,General,,
Vedic (576p),,,否,0,Religious,,
TV Mana Russkiy (1080p),,,否,0,Religious,,
Yes Network (720p),,,否,0,Undefined,,
TVRI West Sulawesi (720p),,,否,0,General,,
WooHoo (720p),,,否,0,Undefined,,
Wildfire DK,,,否,0,Series,,
Vietnam Today (1080p),,,否,0,Undefined,,
World Poker Tour Poland (1080p),,,否,0,Sports,,
Velayat TV Network (480p),,,否,0,Religious,,
Wan Luo TV (576p),,,否,0,General,,
TVCa (720p),,,否,0,Religious,,
TV Padre Cicero (720p),,,否,0,Religious,,
TV Hram (576p) [Not 24/7],,,否,0,Undefined,,
TV Migrante (720p),,,否,0,General,,
UniMas KFTR-DT [Geo-blocked],,,否,0,Undefined,,
UniRadio TV (1080p),,,否,0,Undefined,,
Wedo TV Amor (1080p),,,否,0,General,,
Vegas Life TV (1080p),,,否,0,General,,
XITE Nuevo Latino (1080p),,,否,0,Music,,
TVI Reality (720p) [Not 24/7],,,否,0,Entertainment,,
Usadba (576p),,,否,0,Undefined,,
Vasanth TV (576p),,,否,0,Entertainment,,
TVU (1080p),,,否,0,General,,
White Channel (1080p),,,否,0,Undefined,,
Yle Teema & Fem (1080p) [Not 24/7],,,否,0,Undefined,,
UNE TV (720p),,,否,0,News,,
TVC Benin (720p),,,否,0,General,,
TVS Drive In Movie (360p),,,否,0,Movies,,
Village TV (1080p),,,否,0,Religious,,
UzReport TV (1080p),,,否,0,News,,
TVP Rozrywka (576p),,,否,0,Undefined,,
XFC TV (720p),,,否,0,Sports,,
TV LocAll (406p),,,否,0,Undefined,,
TV Syri (720p),,,否,0,Undefined,,
Vasarhelyi Televizio (576p),,,否,0,General,,
TVCG MNE (1080p),,,否,0,Undefined,,
TV Nova (720p),,,否,0,Entertainment,,
XITE Reggae Vibes (1080p),,,否,0,Music,,
TV Mistral,,,否,0,General,,
World Punjabi TV (1080p),,,否,0,News,,
TVRI Central Kalimantan (480p),,,否,0,General,,
Ultra TV Puebla (720p) [Not 24/7],,,否,0,Undefined,,
TV Kujawy (576p) [Not 24/7],,,否,0,Undefined,,
Viva TV Yurimaguas (720p),,,否,0,Undefined,,
We TV (1080p),,,否,0,Series,,
V2BEAT TV (720p) [Not 24/7],,,否,0,Music,,
WGGS-TV 16.1,,,否,0,Undefined,,
V gostyakh u skazki (1080p),,,否,0,Kids,,
Universal TV Latin America (1080p),,,否,0,Undefined,,
Vaya semanita,,,否,0,Comedy,,
TVRI West Sumatra (720p),,,否,0,General,,
TVG2 (720p) [Geo-blocked],,,否,0,General,,
TV Pi Kanal (576p) [Not 24/7],,,否,0,Undefined,,
TVS Retro (720p),,,否,0,Classic,,
Vosges TV (576p) [Not 24/7],,,否,0,Undefined,,
TV Panorama,,,否,0,General,,
TVR International,,,否,0,General,,
TV Mana Espanhol (1080p),,,否,0,Religious,,
TVRI Central Java (720p),,,否,0,General,,
UTalca TV (1080p),,,否,0,Education,,
World Poker Tour Germany,,,否,0,Sports,,
USMPTV (720p),,,否,0,Culture,,
TV+ Chincha (720p),,,否,0,General,,
UniMas KUVN-DT,,,否,0,Undefined,,
TV Guara (720p) [Not 24/7],,,否,0,Undefined,,
Univision (1080p),,,否,0,Undefined,,
TVS Family Channel (360p),,,否,0,Family,,
TV Gazeta (720p),,,否,0,Undefined,,
Unison TV (1080p) [Not 24/7],,,否,0,Education,,
Yemen Today TV (480p),,,否,0,Undefined,,
TV Passo Fundo (720p),,,否,0,General,,
Vallevision (720p) [Not 24/7],,,否,0,General,,
Wild at Heart,,,否,0,Series,,
VAM TV (720p),,,否,0,Music,,
XHBZC-TDT (1080p) [Not 24/7],,,否,0,General,,
Wild TV (1080p),,,否,0,Undefined,,
Univision WLTV-DT (720p),,,否,0,Undefined,,
TVRI Papua (480p),,,否,0,General,,
Wata Vision,,,否,0,General,,
TV Vicosa (480p),,,否,0,Entertainment,,
XITE Rock x Metal (1080p),,,否,0,Music,,
TV Mana Mocambique (1080p),,,否,0,Religious,,
Wu Tang Collection (720p),,,否,0,Movies,,
TV Justica (720p),,,否,0,Undefined,,
Velicham TV (576p),,,否,0,News,,
UMSA TVU Internacional (720p),,,否,0,Documentary;Education;Science,,
Wildfire NO,,,否,0,Series,,
Waypoint TV (1080p),,,否,0,Outdoor,,
Wavez FM,,,否,0,Music,,
Volga,,,否,0,Undefined,,
TVRI North Sumatra (1080p),,,否,0,General,,
VNP,,,否,0,News,,
TVP HD (720p),,,否,0,Undefined,,
TVK Stella (576p),,,否,0,General;News,,
wedotv Auta (480p),,,否,0,Auto,,
TVS Select Network (720p),,,否,0,General,,
TV Metropole (720p) [Not 24/7],,,否,0,General,,
Vav TV,,,否,0,Undefined,,
Xama TV,,,否,0,Undefined,,
Xtremo Channel (720p) [Geo-blocked],,,否,0,General,,
Univision Latin America (1080p),,,否,0,Undefined,,
Women's Sports Network (1080p),,,否,0,Undefined,,
TVP Seriale (720p),,,否,0,Series,,
TV Mais Marica (1080p),,,否,0,General,,
U (720p),,,否,0,Entertainment,,
Ultimate TV (1080p),,,否,0,Music,,
UCTV (720p) [Not 24/7],,,否,0,Education,,
TV Cuatro 4.3 (1080p),,,否,0,Sports,,
TVR 1,,,否,0,General,,
WLNG Radio (410p) [Not 24/7],,,否,0,Undefined,,
WOS (1080p),,,否,0,Undefined,,
TVP Kultura (720p),,,否,0,Undefined,,
Unsion TV (1080p),,,否,0,Undefined,,
TV Exitos (720p),,,否,0,Music,,
TVRI Riau (720p) [Not 24/7],,,否,0,General,,
TVC (Ecuador) (1080p),,,否,0,General,,
TvOro (1080p),,,否,0,General,,
Welt der Wunder TV (576p),,,否,0,Undefined,,
Vision 3000 [Geo-blocked],,,否,0,General,,
TV Monaco (1080p),,,否,0,General,,
viju TV1000 (576p),,,否,0,Movies,,
TVRI Bangka Belitung (480p),,,否,0,General,,
TVRI Bali (480p),,,否,0,General,,
TV Oberfranken (1080p) [Not 24/7],,,否,0,General,,
V Classic TV (720p),,,否,0,Music,,
TVRI Yogyakarta (720p),,,否,0,General,,
Wonder (1080p),,,否,0,Science,,
TV Golfo Uraba,,,否,0,Entertainment,,
Unsolved Mysteries (720p),,,否,0,Series,,
Venus Media (1080p),,,否,0,Music,,
TVRI Jakarta (576i) [Not 24/7],,,否,0,General,,
TVS Women Sports (720p),,,否,0,Sports,,
Vision Sur (720p),,,否,0,General,,
TVO (720p) [Not 24/7],,,否,0,General,,
Ve Plus Panregional (1080p),,,否,0,Entertainment,,
TV Zoom (720p),,,否,0,Entertainment;News,,
Vipa TV (1080p),,,否,0,General,,
TVideoNews (720p) [Not 24/7],,,否,0,News,,
TV Vila Real (720p),,,否,0,Undefined,,
TVS Vintage Network (360p),,,否,0,Entertainment,,
TV Cuatro 4.4 (1080p),,,否,0,Education,,
Wap TV (720p) [Not 24/7],,,否,0,Undefined,,
Unisul TV (720p),,,否,0,Culture;Education,,
UMSA TVU LP (720p),,,否,0,Culture;Education;News,,
TV UFOP (1080p),,,否,0,Culture;Education;Public,,
TVS Turbo (360p),,,否,0,Sports,,
Willax TV (1080p),,,否,0,General,,
Xezer TV (720p),,,否,0,General,,
Urban Mix (720p),,,否,0,Undefined,,
WildEarth (1080p),,,否,0,Documentary;Education;Outdoor;Relax,,
TVR 3,,,否,0,General,,
TVS Travel Network (720p) [Not 24/7],,,否,0,Travel,,
TV Ingolstadt (1080p),,,否,0,Undefined,,
TV ITN,,,否,0,Entertainment,,
TVRI Bengkulu (480p),,,否,0,General,,
ViaMatele (1080p),,,否,0,Undefined,,
Une Vinalopo (576p) [Not 24/7],,,否,0,Undefined,,
TV Terceiro Anjo (360p),,,否,0,Religious,,
TV Universal (480p),,,否,0,Religious,,
viju TV1000 action (576p),,,否,0,Movies,,
TV Land Sitcoms,,,否,0,Comedy,,
TV Direct 13 (480p) [Not 24/7],,,否,0,General,,
TV NOVA 12 (576p) [Not 24/7],,,否,0,General,,
Uniregion TV,,,否,0,General,,
Value 24 TV,,,否,0,General,,
WVCU-LP (1080p),,,否,0,Music,,
TVS Sports (720p) [Not 24/7],,,否,0,Sports,,
VTV News (576p),,,否,0,News,,
World Poker Tour UK (1080p),,,否,0,Sports,,
Wildfire,,,否,0,Series,,
TV Mar La Paz (1080p),,,否,0,General,,
TV Land Drama,,,否,0,Movies,,
XITE Siempre Latino (1080p),,,否,0,Music,,
TVRI World (1080p),,,否,0,Undefined,,
TV Cultura (720p),,,否,0,Undefined,,
VTV5 Tay Nam Bo HD (1080p),,,否,0,Undefined,,
TVCOM Maceio (480p),,,否,0,General,,
TVRI East Java (720p),,,否,0,General,,
Unga Mammor,,,否,0,Series,,
Uniteve (720p) [Not 24/7],,,否,0,Undefined,,
Viafree Movies DK,,,否,0,Movies,,
TVCARiB Cinema (720p) [Not 24/7],,,否,0,Movies,,
TV MAR (720p),,,否,0,General,,
Vijay Takkar APAC (1080p),,,否,0,Music,,
TVP Culiacan (720p) [Not 24/7],,,否,0,General,,
VTV3 HD (1080p),,,否,0,Undefined,,
TV Mar Los Cabos (1080p),,,否,0,General,,
TVCARiB Latino (720p) [Not 24/7],,,否,0,Entertainment,,
Unga Mammor NO,,,否,0,Series,,
WeatherNation (1080p),,,否,0,Weather,,
World TV Guatemala (720p),,,否,0,General,,
VTV4 HD (1080p),,,否,0,Undefined,,
Wuan+,,,否,0,General,,
TVCARiB Gospel (480p) [Not 24/7],,,否,0,Religious,,
Unitel (1080p),,,否,0,General,,
VTV5 HD (1080p),,,否,0,Undefined,,
TVT (Slovakia) (486p),,,否,0,Undefined,,
TVR 2,,,否,0,General,,
Xplore TV (1080p),,,否,0,Entertainment,,
UMA TV,,,否,0,Entertainment,,
VTV2 HD (1080p),,,否,0,Undefined,,
TV Latina (1080p),,,否,0,Undefined,,
TVCARiB Kids & Teens (720p) [Not 24/7],,,否,0,Kids,,
Vidusdaugavas Televizija (576p),,,否,0,General,,
TV Florencia (720p),,,否,0,General,,
VH1 Queens of Reality,,,否,0,Entertainment,,
UNews (1080p),,,否,0,News,,
TVS Flashback Network (360p),,,否,0,Entertainment,,
TVO Canal 23 (720p),,,否,0,General,,
TV Mar Puerto Vallarta (1080p),,,否,0,General,,
VTV Canal 17 (720p) [Not 24/7],,,否,0,Religious,,
XHGV-TDT (360p) [Not 24/7],,,否,0,Undefined,,
UniTV (720p),,,否,0,General,,
Weeds & Nurse Jackie (720p),,,否,0,Series,,
Wine Watches & Whiskey (1080p),,,否,0,Undefined,,
TVE Internacional America HD (1080p) [Geo-blocked],,,否,0,Undefined,,
XITE Classic Country (720p),,,否,0,Music,,
Vechtdal TV (480p),,,否,0,Undefined,,
TV Plata (720p) [Geo-blocked],,,否,0,General,,
TV Universal Ecuador (720p),,,否,0,Religious,,
U Los Lagos TV (1080p) [Not 24/7],,,否,0,Undefined,,
TVS Western Movie (270p),,,否,0,Classic,,
Whiplash Cinema (480p),,,否,0,Movies,,
VTV5 Tay Nguyen HD (1080p),,,否,0,Undefined,,
Vevo True School Hip-Hop,,,否,0,Music,,
Waffi TV (240p),,,否,0,General,,
TVSat (576p) [Not 24/7],,,否,0,Undefined,,
TV Solidaria (576p),,,否,0,Undefined,,
VTV1 HD (1080p),,,否,0,Undefined,,
TVR Sport,,,否,0,General;Sports,,
Unknown Russia HD (1080p),,,否,0,Undefined,,
XTOTV (720p),,,否,0,Undefined,,
WTV Canal 20 (1080p),,,否,0,Entertainment,,
UGTV (720p),,,否,0,Undefined,,
Vistaar News (1080p),,,否,0,News,,
TV Norte Chiclayo (720p),,,否,0,Undefined,,
TVRI East Nusa Tenggara (480p),,,否,0,General,,
Velayat TV,,,否,0,Undefined,,
TVRI South Sumatra (480p),,,否,0,General,,
Ulytau,,,否,0,General,,
Vital Drive,,,否,0,Sports,,
TVRI Gorontalo (480p),,,否,0,General,,
精品体育,,,否,0,,,
贺岁电影,,,否,0,,,
法政先锋,,,否,0,,,
Zeleve TV (720p),,,否,0,General,,
倩女幽魂人间道,,,否,0,,,
南京教科,,,否,0,,,
新沂生活,,,否,0,,,
沐川综合,,,否,0,,,
浙江休闲台,,,否,0,,,
长白山电视台,,,否,0,,,
刘德华电影,,,否,0,,,
汶川新闻综合,,,否,0,,,
句容影院,,,否,0,,,
Zona Play TV (720p),,,否,0,Entertainment,,
太谷新闻综合,,,否,0,,,
青川综合,,,否,0,,,
Z (1080p),,,否,0,Undefined,,
晋江电视台,,,否,0,,,
之江纪录,,,否,0,,,
武汉一台新闻综合,,,否,0,,,
余姚姚江文化,,,否,0,,,
靖宇,,,否,0,,,
句容党建,,,否,0,,,
上虞文化影院,,,否,0,,,
萧山生活,,,否,0,,,
五彩池,,,否,0,,,
ZFM Zoetermeer TV (720p),,,否,0,Music,,
普陀山,,,否,0,,,
Zvezda Plus HD (1080p),,,否,0,Undefined,,
1988年春晚,,,否,0,,,
刑事侦缉档案,,,否,0,,,
浙江民生,,,否,0,,,
泰山十八盘,,,否,0,,,
浙江经济生活,,,否,0,,,
浙江公共新闻,,,否,0,,,
云南丽江玉龙雪山草甸,,,否,0,,,
天祝综合,,,否,0,,,
东莞生活资讯,,,否,0,,,
丽江古城大水车,,,否,0,,,
寻秦记,,,否,0,,,
渭源新闻,,,否,0,,,
Yu-Gi-Oh! en espanol (1080p),,,否,0,Undefined,,
2024年春晚,,,否,0,,,
广西玉林大容山莲花山顶,,,否,0,,,
柳河,,,否,0,,,
江夏新闻综合,,,否,0,,,
鸣沙山,,,否,0,,,
林正英电影,,,否,0,,,
永昌综合,,,否,0,,,
名山综合,,,否,0,,,
大唐双龙传,,,否,0,,,
航拍中国第二季,,,否,0,,,
Zee Punjab Haryana Himachal (720p),,,否,0,News,,
哈尔滨娱乐,,,否,0,,,
白山公共,,,否,0,,,
江苏南京牛首山,,,否,0,,,
金庸武侠,,,否,0,,,
泰山南天门,,,否,0,,,
射雕英雄传,,,否,0,,,
ZB Bhakti (720p),,,否,0,Religious,,
宇宙科幻合集,,,否,0,,,
Zitata TV,,,否,0,General,,
电影八点档,,,否,0,,,
陀枪师姐,,,否,0,,,
长白朝语,,,否,0,,,
福建旅游,,,否,0,,,
中国蓝新闻,,,否,0,,,
风云剧场,,,否,0,,,
沈腾电影,,,否,0,,,
Zhejiang International Channel,,,否,0,Undefined,,
龙门飞甲,,,否,0,,,
ZB Cartoon (1080p),,,否,0,Kids,,
Zo'r TV (576p),,,否,0,Entertainment;Music,,
泸县新闻综合,,,否,0,,,
1989年春晚,,,否,0,,,
ZDF,,,否,0,Undefined,,
浙江民生休闲,,,否,0,,,
野蛮亲家,,,否,0,,,
风云音乐,,,否,0,,,
丽江古城大研花巷观景,,,否,0,,,
西峰综合,,,否,0,,,
泰山大观峰,,,否,0,,,
天涯石,,,否,0,,,
乌镇全景,,,否,0,,,
狮子山鸟瞰丽江古城,,,否,0,,,
黄花城水长城03,,,否,0,,,
电影丧尸片,,,否,0,,,
黑龙江少儿,,,否,0,,,
AMC音乐,,,否,0,,,
1994年春晚,,,否,0,,,
Zee Action (576p),,,否,0,Movies,,
飞碟之谜02,,,否,0,,,
无心法师,,,否,0,,,
YOUNIB Media TV (720p) [Not 24/7],,,否,0,Religious,,
陕西新闻咨询,,,否,0,,,
1996年春晚,,,否,0,,,
湖南张家界天门山西线玻璃栈道,,,否,0,,,
海绵宝宝,,,否,0,,,
新闻综合,,,否,0,,,
1993年春晚,,,否,0,,,
湖州新闻综合,,,否,0,,,
云霄综合,,,否,0,,,
Zee Talkies (576p),,,否,0,Movies,,
1995年春晚,,,否,0,,,
人与自然,,,否,0,,,
周星驰电影,,,否,0,,,
2007年春晚,,,否,0,,,
剑阁综合,,,否,0,,,
Yo! MTV (1080p),,,否,0,Music,,
通海电视台,,,否,0,,,
六盘山红军长征景区,,,否,0,,,
金枝欲孽,,,否,0,,,
2000年春晚,,,否,0,,,
Zhivaya Planeta (576p),,,否,0,Undefined,,
Yo! MTV CA (1080p),,,否,0,Music,,
桦甸,,,否,0,,,
2001年春晚,,,否,0,,,
湖州文化娱乐,,,否,0,,,
白银综合,,,否,0,,,
飞碟之谜01,,,否,0,,,
电影高分动作,,,否,0,,,
2004年春晚,,,否,0,,,
Zurqui TV (720p),,,否,0,General,,
中央电视塔东,,,否,0,,,
湖南张家界宝峰湖,,,否,0,,,
2006年春晚,,,否,0,,,
九台,,,否,0,,,
泰山太平岭,,,否,0,,,
钱江都市,,,否,0,,,
陕西洋县国宝朱鹮02,,,否,0,,,
2002年春晚,,,否,0,,,
电影刘德华,,,否,0,,,
通化县,,,否,0,,,
Zee Tamil HD (720p),,,否,0,Entertainment,,
直播中国,,,否,0,,,
2003年春晚,,,否,0,,,
广元公共,,,否,0,,,
兵器科技,,,否,0,,,
Zee Kannada HD (1080p),,,否,0,Entertainment,,
2005年春晚,,,否,0,,,
云南娱乐,,,否,0,,,
河北农民,,,否,0,,,
陕西秦腔,,,否,0,,,
狄仁杰电影,,,否,0,,,
湖南张家界御笔峰,,,否,0,,,
兵团五师双河新闻综合,,,否,0,,,
中央电视塔南,,,否,0,,,
云南都市,,,否,0,,,
YOY International (576p),,,否,0,General,,
枪战电影,,,否,0,,,
2009年春晚,,,否,0,,,
衡阳新闻综合,,,否,0,,,
易门综合,,,否,0,,,
强森电影,,,否,0,,,
Zhivaya priroda (1080p),,,否,0,Undefined,,
2010年春晚,,,否,0,,,
Zing! (576p),,,否,0,Music,,
功夫电影,,,否,0,,,
乌镇西市河,,,否,0,,,
辽宁都市,,,否,0,,,
广东民生,,,否,0,,,
浙江经视,,,否,0,,,
黄山公共生活,,,否,0,,,
Yurimaguas TV (720p),,,否,0,General,,
黄山新闻综合,,,否,0,,,
四川峨眉山普贤菩萨铜像,,,否,0,,,
直播中国精编直播,,,否,0,,,
南宁都市生活,,,否,0,,,
西宁新闻综合,,,否,0,,,
荥经综合,,,否,0,,,
电影功夫片,,,否,0,,,
嘉兴新闻综合,,,否,0,,,
中华小当家,,,否,0,,,
泰山望人松,,,否,0,,,
电影动作电影,,,否,0,,,
磐石,,,否,0,,,
大时代,,,否,0,,,
江津新闻,,,否,0,,,
Zhivaya priroda HD (1080p),,,否,0,Undefined,,
兵团五师双河影,,,否,0,,,
Yuvelirochka (576p),,,否,0,Shop,,
乌镇龙形田,,,否,0,,,
Zee 24 Kalak (720p),,,否,0,News,,
2026-09-25 18:28:23,,,否,0,,,
Zagorodnaya Zhizn (576p),,,否,0,Undefined,,
Zagros TV (Iraq) (1080p),,,否,0,General,,
2013年春晚,,,否,0,,,
Zoom (India) (720p),,,否,0,Music,,
井研综合,,,否,0,,,
Yuma Channel 72 (1080p),,,否,0,Legislative,,
Zvezda (1080p),,,否,0,General,,
黄山飞来石,,,否,0,,,
敦化一套,,,否,0,,,
鉴证实录,,,否,0,,,
Zee Rajasthan (720p),,,否,0,News,,
泰山白云亭悬崖,,,否,0,,,
Yuma Channel 73 (1080p),,,否,0,Legislative,,
怪兽电影,,,否,0,,,
泰山玉皇顶,,,否,0,,,
Zee Bangla HD (720p),,,否,0,Entertainment,,
四川峨眉山远眺万佛顶,,,否,0,,,
安徽池州九华山风景区九华山,,,否,0,,,
雅安新闻综合,,,否,0,,,
Zoom Tecnologico Plus (720p),,,否,0,General,,
电影战争片,,,否,0,,,
丽江古城万古楼遥望玉龙雪山,,,否,0,,,
浙江新闻,,,否,0,,,
陕西银龄,,,否,0,,,
云南大理崇圣寺三塔远景,,,否,0,,,
七台河新闻综合,,,否,0,,,
谍战电影,,,否,0,,,
可克达拉综合,,,否,0,,,
浙江数码时代,,,否,0,,,
2014年春晚,,,否,0,,,
Zee Bihar Jharkhand (720p),,,否,0,News,,
创世纪,,,否,0,,,
Zee Delhi NCR Haryana (720p),,,否,0,News,,
ZICO TV (720p),,,否,0,Music,,
云南大理崇圣寺三塔中景,,,否,0,,,
平遥新闻综合,,,否,0,,,
南宁影视娱乐,,,否,0,,,
黄果树六角亭瀑布,,,否,0,,,
罪犯电影,,,否,0,,,
伊犁维吾尔,,,否,0,,,
江苏徐州云龙湖风景区云龙山观景台西,,,否,0,,,
电影周星星,,,否,0,,,
Zabb Channel (720p),,,否,0,Undefined,,
陕西都市青春,,,否,0,,,
黄山排云亭,,,否,0,,,
铜梁综合,,,否,0,,,
古天乐电影,,,否,0,,,
浙江舟山东极岛,,,否,0,,,
安徽黟县芦村远眺,,,否,0,,,
浙江钱江,,,否,0,,,
云南丽江蓝月谷,,,否,0,,,
ZooMoo (1080p),,,否,0,Kids,,
湖南张家界水绕四门,,,否,0,,,
句容生活,,,否,0,,,
铜陵新闻综合,,,否,0,,,
Zee Marathi HD (720p),,,否,0,Entertainment,,
电影喜剧专场,,,否,0,,,
Yunavision (720p) [Not 24/7],,,否,0,Entertainment,,
战争电影,,,否,0,,,
浙江国际,,,否,0,,,
珲春新闻,,,否,0,,,
安徽黟县西递牌坊,,,否,0,,,
电影嫣然影厅,,,否,0,,,
龙井,,,否,0,,,
Zee 24 Taas (720p),,,否,0,News,,
四川四姑娘山隆珠措,,,否,0,,,
广安公共,,,否,0,,,
2018年春晚,,,否,0,,,
延边2,,,否,0,,,
来宾综合,,,否,0,,,
玄幻电影,,,否,0,,,
邢台生活,,,否,0,,,
月牙泉,,,否,0,,,
四川峨眉山云海日出,,,否,0,,,
成龙电影,,,否,0,,,
固镇新闻,,,否,0,,,
汪清,,,否,0,,,
舒兰新闻,,,否,0,,,
恒山悬空寺全景,,,否,0,,,
Zee TV Asia Pacific (720p),,,否,0,Undefined,,
CHC电影,,,否,0,,,
福建公共,,,否,0,,,
王晶电影,,,否,0,,,
浙江留学,,,否,0,,,
福建武夷山玉女峰,,,否,0,,,
Zee Bharat (720p),,,否,0,News,,
Zee Telugu News (720p),,,否,0,News,,
雪乡大石碑,,,否,0,,,
乐至综合,,,否,0,,,
笑看风云,,,否,0,,,
荆门新闻综合,,,否,0,,,
广元综合,,,否,0,,,
李连杰电影,,,否,0,,,
泰山碧霞祠,,,否,0,,,
中国村庄,,,否,0,,,
Zapadoslovenska TV,,,否,0,General,,
滦平新闻,,,否,0,,,
Zee TV HD (720p) [Geo-blocked],,,否,0,Entertainment,,
福州少儿,,,否,0,,,
邢台综合,,,否,0,,,
云南白沙远眺玉龙雪山,,,否,0,,,
浙江钱江都市,,,否,0,,,
舒兰新闻综合,,,否,0,,,
笑傲江湖,,,否,0,,,
Zarin TV (1080p),,,否,0,General,,
望乡台,,,否,0,,,
Yobe TV (720p),,,否,0,General,,
YRF Music (1080p),,,否,0,Music,,
猫和老鼠,,,否,0,,,
Zinc Nombre TV (720p) [Not 24/7],,,否,0,General,,
黄渤电影,,,否,0,,,
电影搞笑喜剧,,,否,0,,,
Zainabia Channel,,,否,0,Religious,,
福建漳州醉美沙滩翡翠湾,,,否,0,,,
Zee Kannada News (720p),,,否,0,News,,
四川峨眉山远眺贡嘎雪山,,,否,0,,,
Zee Uttar Pradesh/Uttarakhand (720p),,,否,0,News,,
大湾区卫视,,,否,0,,,
乐山大佛全景,,,否,0,,,
黑龙江新闻,,,否,0,,,
Zee News (1080p),,,否,0,News,,
奎屯汉语,,,否,0,,,
ZillarBarta News,,,否,0,Classic;News,,
CCTV文化精品,,,否,0,,,
黄花城水长城01,,,否,0,,,
甘南县综合,,,否,0,,,
浙江经济,,,否,0,,,
镇江新闻综合,,,否,0,,,
开化国家公园,,,否,0,,,
电影梁家辉,,,否,0,,,
Zee Cinema APAC (720p),,,否,0,Movies,,
都江堰鱼嘴,,,否,0,,,
南京玄武湖公园,,,否,0,,,
辉南新闻,,,否,0,,,
青岛崂山八水河,,,否,0,,,
人间卫视,,,否,0,,,
福州生活,,,否,0,,,
YTA TV (720p),,,否,0,Entertainment,,
YOL TV,,,否,0,General,,
ZO!34 (720p),,,否,0,Undefined,,
福建海峡卫视,,,否,0,,,
Zindagi TV (576p) [Not 24/7],,,否,0,Undefined,,
武侠电影,,,否,0,,,
亳州农村,,,否,0,,,
象山综合,,,否,0,,,
朝天综合,,,否,0,,,
Zarok TV (720p),,,否,0,Undefined,,
四川科教,,,否,0,,,
电影犯罪片,,,否,0,,,
音乐欣赏,,,否,0,,,
邯郸新闻,,,否,0,,,
哈尔滨影视,,,否,0,,,
黄山,,,否,0,,,
武进生活,,,否,0,,,
云南丽江冰川,,,否,0,,,
ZIZ TV (720p),,,否,0,General,,
广州新闻,,,否,0,,,
哈尔滨生活,,,否,0,,,
Yoshlar (1080p),,,否,0,General,,
海宁新闻综合,,,否,0,,,
广州综合,,,否,0,,,
哈尔滨资讯,,,否,0,,,
Zjarr TV (360p),,,否,0,General,,
Zee One (1080p),,,否,0,Entertainment,,
安徽导视,,,否,0,,,
云和新闻综合,,,否,0,,,
Zee Madhya Pradesh Chhattisgarh (720p),,,否,0,News,,
电影谍战,,,否,0,,,
楚汉骄雄,,,否,0,,,
南京新闻综合,,,否,0,,,
东丰,,,否,0,,,
东莞新闻综合,,,否,0,,,
ZNS-TV (1080p),,,否,0,General,,
甄子丹电影,,,否,0,,,
哈尔滨都市咨询,,,否,0,,,
浙江教科影视,,,否,0,,,
倚天屠龙记,,,否,0,,,
松潘新闻综合,,,否,0,,,
长子综合,,,否,0,,,
Yle TV2 (1080p) [Not 24/7],,,否,0,Undefined,,
电影蜘蛛侠,,,否,0,,,
嘉峪关综合,,,否,0,,,
1987年春晚,,,否,0,,,
营山电视台,,,否,0,,,
Zee Business (720p),,,否,0,Business,,
扫黄先锋,,,否,0,,,
贵州省兴义市万峰林,,,否,0,,,
浙江少儿,,,否,0,,,
三明新闻综合,,,否,0,,,
旺苍新闻综合,,,否,0,,,
哈尔滨新闻综合,,,否,0,,,
南国都市,,,否,0,,,
Zonavision TV [Not 24/7],,,否,0,General,,
倩女幽魂妖魔道,,,否,0,,,
韩国EBS少儿,,,否,0,,,
Zodiak TV (1080p),,,否,0,Entertainment,,
乌镇蓝印花布,,,否,0,,,
洗冤录,,,否,0,,,
封神榜,,,否,0,,,
妙手仁心,,,否,0,,,
电影谍战片,,,否,0,,,
张掖七彩丹霞,,,否,0,,,
韩国电影2,,,否,0,,,
地理中国,,,否,0,,,
七龙珠,,,否,0,,,
韩国电影1,,,否,0,,,
苏州生活资讯,,,否,0,,,
云南丽江印象实景,,,否,0,,,
倩女幽魂道道道,,,否,0,,,
西安都市,,,否,0,,,
绍兴电视台公共,,,否,0,,,
津南一套,,,否,0,,,
Young Hollywood (720p),,,否,0,Entertainment,,
ZDFneo,,,否,0,Undefined,,
YouDotGov,,,否,0,Legislative,,
青岛崂山双福,,,否,0,,,
双辽,,,否,0,,,
灌阳新闻综合,,,否,0,,,
Zona M,,,否,0,Music,,
Zdorovoe TV (576p),,,否,0,Lifestyle,,
Yle TV1 (1080p) [Not 24/7],,,否,0,Undefined,,
Zalaegerszegi TV (360p),,,否,0,Undefined,,
厦门鼓浪屿,,,否,0,,,
万荣综合,,,否,0,,,
黄龙,,,否,0,,,
zenith (1080p),,,否,0,Culture;General,,
活佛济公3,,,否,0,,,
浙江教科,,,否,0,,,
雪乡梦幻家园,,,否,0,,,
玛纳斯,,,否,0,,,
伊犁经济法制,,,否,0,,,
Zee Classic (576p),,,否,0,Classic,,
湖州公共民生,,,否,0,,,
ZenLIFE by Stingray (1080p),,,否,0,Relax,,
苏州社会经济,,,否,0,,,
伊犁哈萨克,,,否,0,,,
云南丽江玉龙雪山,,,否,0,,,
Yu-Gi-Oh! (1080p),,,否,0,Animation,,
Zee One German (720p),,,否,0,Entertainment,,
黄山始信新道,,,否,0,,,
西安新闻,,,否,0,,,
ZAS TV,,,否,0,General,,
奎屯哈萨克语,,,否,0,,,
Zuraca TV (720p),,,否,0,Business,,
萧山新闻综合,,,否,0,,,
浙江教育,,,否,0,,,
电影贺岁,,,否,0,,,
西游记2,,,否,0,,,
浙江钱江频道,,,否,0,,,
祁门综合,,,否,0,,,
苏州文化生活,,,否,0,,,
广西国际,,,否,0,,,
苏州新闻综合,,,否,0,,,
八里沟风景区天界山玻璃栈道,,,否,0,,,
泰山主峰,,,否,0,,,
Zoopark (576i),,,否,0,Undefined,,
Zee One French (720p),,,否,0,Entertainment,,
张掖新闻综合,,,否,0,,,
广德生活,,,否,0,,,
Yurivision (720p),,,否,0,General,,
广西桂林漓江景区,,,否,0,,,
八里沟风景区桃花湾瀑布,,,否,0,,,
Za! TV,,,否,0,General,,
第一剧场,,,否,0,,,
怀旧剧场,,,否,0,,,
卫生健康,,,否,0,,,
风云足球,,,否,0,,,
豆腐芭比6478650,,,否,0,,,
电视指南,,,否,0,,,
云顶之弈,,,否,0,,,
奇光主播8009547,,,否,0,,,
世界地理,,,否,0,,,
粤语电影丶1226741,,,否,0,,,
7喜先生,,,否,0,,,
网神影厅508118,,,否,0,,,
周星星,,,否,0,,,
萌小鬼3928,,,否,0,,,
橙記Orange丶4549169,,,否,0,,,
王者荣耀,,,否,0,,,
牛叔说电影2758565,,,否,0,,,
过往1908 8721095,,,否,0,,,
一把钢刀镇斗虞7356023,,,否,0,,,
跑跑卡丁车,,,否,0,,,
师落6911044,,,否,0,,,
央视台球,,,否,0,,,
万事通熊猫7812810,,,否,0,,,
和平精英,,,否,0,,,
高尔夫网球,,,否,0,,,
跑跑卡丁车手游,,,否,0,,,
baby丶贝贝431460,,,否,0,,,
Poison丶冰冰74374,,,否,0,,,
怡宝妹妹丶434971,,,否,0,,,
苹果Zei妖2793084,,,否,0,,,
懒猫是只喵260322,,,否,0,,,
蕃薯粥粥煮好了11878141,,,否,0,,,
伊太刀刀747764,,,否,0,,,
mn静静nm5668371,,,否,0,,,
我砸晕了牛顿奥1218414,,,否,0,,,
女性时尚,,,否,0,,,
永远快乐的小美女6091425,,,否,0,,,
Only丶邵氏4246519,,,否,0,,,
聚聚聚一个月4105989,,,否,0,,,
悠悠爱电影,,,否,0,,,
晓晓666666 426517,,,否,0,,,
当铁手团遇到光复社5875025,,,否,0,,,
米尼影院7642724,,,否,0,,,
贾贵队长真男神299854,,,否,0,,,
单纯的顺才少爷10084875,,,否,0,,,
龍組队长天昊1487654,,,否,0,,,
奇光主播e11849873,,,否,0,,,
英雄联盟,,,否,0,,,
当幽兰剑遇上链子刀6027991,,,否,0,,,
小毅主播q6906628,,,否,0,,,
央视文化精品,,,否,0,,,
小毅主播e11851549,,,否,0,,,
绝地求生,,,否,0,,,
CF穿越火线,,,否,0,,,
cs go,,,否,0,,,
竹叶的熊猫3870925,,,否,0,,,
苹果Zei甜1174353,,,否,0,,,
广东体育,,,否,0,,,
中天娱乐台,,,否,0,,,
纬来日本台,,,否,0,,,
TVBS新闻台,,,否,0,,,
康熙微服私访记,,,否,0,,,
大江大河,,,否,0,,,
龙华洋片,,,否,0,,,
无线新闻,,,否,0,,,
成龙,,,否,0,,,
飞虎之潜行极战,,,否,0,,,
TVB翡翠台,,,否,0,,,
天道,,,否,0,,,
赵本山小品,,,否,0,,,
我爱我家,,,否,0,,,
开心麻花小品,,,否,0,,,
许君聪小品,,,否,0,,,
纬来育乐台,,,否,0,,,
中天新闻台,,,否,0,,,
足球频道,,,否,0,,,
林正英,,,否,0,,,
贾玲小品,,,否,0,,,
公主嫁到,,,否,0,,,
香港卫视,,,否,0,,,
天下第一,,,否,0,,,
父母爱情,,,否,0,,,
上海滩,,,否,0,,,
民视新闻台,,,否,0,,,
橙记港剧,,,否,0,,,
辽宁体育,,,否,0,,,
公视,,,否,0,,,
东森洋片台,,,否,0,,,
HBO,,,否,0,,,
海峡卫视,,,否,0,,,
龙华经典,,,否,0,,,
靖天日本台,,,否,0,,,
周星驰,,,否,0,,,
纬来戏剧台,,,否,0,,,
TVBPearl,,,否,0,,,
宫心计,,,否,0,,,
靖洋戏剧台,,,否,0,,,
纬来电影台,,,否,0,,,
纬来精彩台,,,否,0,,,
TVBS,,,否,0,,,
邵氏影院,,,否,0,,,
与凤行,,,否,0,,,
刀刀影院,,,否,0,,,
龙华偶像,,,否,0,,,
宋小宝小品,,,否,0,,,
华语影视,,,否,0,,,
万合出品,,,否,0,,,
热门港剧,,,否,0,,,
三立新闻台,,,否,0,,,
白夜追凶第一季,,,否,0,,,
大江大河2,,,否,0,,,
小欢喜,,,否,0,,,
一首伤感歌曲,,,否,0,,,
DJ此生已过半,,,否,0,,,
黑龙江新闻法治,,,否,0,,,
黑龙江文体,,,否,0,,,
2021年最火伤感音乐,,,否,0,,,
湖南教育,,,否,0,,,
2021最佳伤感情歌,,,否,0,,,
「B站」王者荣耀 𝟙,,,否,0,•游戏「赛事」,,
テレビ朝日,,,否,0,,,
DJ流浪兄弟,,,否,0,,,
辽宁经济,,,否,0,,,
「斗鱼」火影忍者,,,否,0,•游戏「赛事」,,
DJ版《蜜雪冰城》,,,否,0,,,
苏州电影娱乐,,,否,0,,,
广东珠江,,,否,0,,,
浙江生活,,,否,0,,,
DJ《等爱》,,,否,0,,,
「斗鱼」英雄联盟 𝟚,,,否,0,•游戏「赛事」,,
桦甸综合,,,否,0,,,
「斗鱼」穿越火线 𝟚,,,否,0,•游戏「赛事」,,
柳河综合,,,否,0,,,
天津新闻,,,否,0,,,
《人间惊鸿客》,,,否,0,,,
辽宁影视,,,否,0,,,
广东新闻,,,否,0,,,
靖宇综合,,,否,0,,,
半岛新闻,,,否,0,,,
渠县新闻综合,,,否,0,,,
湖南电影,,,否,0,,,
《唱着情歌流着泪》,,,否,0,,,
新沂新闻频道,,,否,0,,,
南康综合频道,,,否,0,,,
湖州公共,,,否,0,,,
春晚2023,,,否,0,,,
DJ情歌,,,否,0,,,
瑞金综合频道,,,否,0,,,
辽宁公共,,,否,0,,,
BBS佛教广播,,,否,0,,,
辽宁北方,,,否,0,,,
DJ爱难求,,,否,0,,,
福建少儿,,,否,0,,,
「斗鱼」第五人格,,,否,0,•游戏「赛事」,,
4K岳云鹏,,,否,0,,,
海南文旅,,,否,0,,,
辽宁影视剧,,,否,0,,,
「B站」使命召唤•手游,,,否,0,•游戏「赛事」,,
DJ4首吸烟的女人,,,否,0,,,
7首「伤感情歌」,,,否,0,,,
DJ老歌60-70-80爱听,,,否,0,,,
「斗鱼」绝地求生,,,否,0,•游戏「赛事」,,
广西新闻,,,否,0,,,
新加坡国际,,,否,0,,,
「斗鱼」王者荣耀 𝟚,,,否,0,•游戏「赛事」,,
湖南爱晚,,,否,0,,,
北京生活,,,否,0,,,
DJ舞曲,,,否,0,,,
「斗鱼」和平精英,,,否,0,•游戏「赛事」,,
2021热门伤感DJ,,,否,0,,,
DJ版《一个人挺好》,,,否,0,,,
「斗鱼」金铲铲之战,,,否,0,•游戏「赛事」,,
武进生活频道,,,否,0,,,
「斗鱼」云顶之弈,,,否,0,•游戏「赛事」,,
《无味》DJ版,,,否,0,,,
「斗鱼」FIFA,,,否,0,•游戏「赛事」,,
文化精品,,,否,0,💰央视付费频道,,
海南自贸,,,否,0,,,
邯郸公共,,,否,0,,,
辽宁教育青少,,,否,0,,,
邯郸科技教育,,,否,0,,,
麻城综合,,,否,0,,,
靖江新闻综合,,,否,0,,,
黑龙江都市,,,否,0,,,
天津文艺,,,否,0,,,
「斗鱼」跑跑卡丁车•手游,,,否,0,•游戏「赛事」,,
河南民生,,,否,0,,,
DJ版《原谅你的谎》,,,否,0,,,
北京财经,,,否,0,,,
「斗鱼」QQ飞车•手游,,,否,0,•游戏「赛事」,,
「B站」第五人格,,,否,0,•游戏「赛事」,,
北京新闻,,,否,0,,,
《潇洒的走DJ》动感节奏,,,否,0,,,
辽宁生活,,,否,0,,,
DJ《小薇》,,,否,0,,,
2020国外热门动感DJ版,,,否,0,,,
「B站」CS 2,,,否,0,•游戏「赛事」,,
十堰新闻,,,否,0,,,
「B站」绝地求生,,,否,0,•游戏「赛事」,,
DJ情歌5首,,,否,0,,,
DJ《情火》《拥抱你离去》《夜夜夜漫长》,,,否,0,,,
龙华卡通,,,否,0,,,
DJ天后,,,否,0,,,
朝鲜中央台,,,否,0,,,
《拈花一笑》《对面的小姐姐》《想你了小哥哥》《一朵情花开》,,,否,0,,,
《爱你到最后一刻》,,,否,0,,,
湖南电视剧,,,否,0,,,
DJ《我们不再是从前》,,,否,0,,,
海南新闻,,,否,0,,,
湖南经视,,,否,0,,,
DJ版《时间会知道你好不好》,,,否,0,,,
南京十八,,,否,0,,,
黑龙江影视,,,否,0,,,
绍兴文化,,,否,0,,,
湖南都市,,,否,0,,,
「B站」英雄联盟•手游,,,否,0,•游戏「赛事」,,
CETV-3,,,否,0,📺央视频道,,
「斗鱼」跑跑卡丁车,,,否,0,•游戏「赛事」,,
河北少儿科教,,,否,0,,,
武进新闻频道,,,否,0,,,
朝阳新闻综合,,,否,0,,,
重庆新闻,,,否,0,☘️重庆频道,,
江西公共农业,,,否,0,,,
湖南国际,,,否,0,,,
绍兴新闻,,,否,0,,,
绍兴新闻综合,,,否,0,,,
DJ无情书,,,否,0,,,
《野狼的士高》,,,否,0,,,
动物星球,,,否,0,,,
河北都市,,,否,0,,,
天津都市,,,否,0,,,
内蒙文体,,,否,0,,,
DJ版《望爱却步》,,,否,0,,,
内蒙少儿,,,否,0,,,
内蒙经济,,,否,0,,,
「斗鱼」我的世界,,,否,0,•游戏「赛事」,,
绍兴公共,,,否,0,,,
DJ情歌《爱情迷了路》,,,否,0,,,
DJ《酒醉风雨情》《伤心苦酒》《朋友的酒》《红尘没有错》,,,否,0,,,
江西新闻,,,否,0,,,
DJ《心在跳情在烧》,,,否,0,,,
山西影视,,,否,0,,,
江西经济生活,,,否,0,,,
「斗鱼」原神,,,否,0,•游戏「赛事」,,
DJ《醉过多少回》,,,否,0,,,
江西都市,,,否,0,,,
dj舞曲女人版,,,否,0,,,
DJ最烈的酒最猛的烟,,,否,0,,,
《爱难求情难断…》,,,否,0,,,
DJ版《爱不得忘不舍》,,,否,0,,,
广州竞赛,,,否,0,,,
「斗鱼」使命召唤•手游,,,否,0,•游戏「赛事」,,
「斗鱼」JJ斗地主,,,否,0,•游戏「赛事」,,
动物世界,,,否,0,,,
航拍中国第一季,,,否,0,,,
山西文体生活,,,否,0,,,
金堂电视台,,,否,0,,,
DJ歌曲《怎么爱都爱不够》,,,否,0,,,
航拍中国第三季,,,否,0,,,
dj舞曲英雄泪,,,否,0,,,
内蒙农牧,,,否,0,,,
「B站」JJ斗地主,,,否,0,•游戏「赛事」,,
2021爆红《6首女生版伤感DJ》,,,否,0,,,
2021年网络火爆伤感情歌6首,,,否,0,,,
湖南娱乐,,,否,0,,,
水浒传,,,否,0,🏛经典剧场,,
天龙八部,,,否,0,🏛经典剧场,,
天元围棋,,,否,0,🏀体育频道,,
闯关东,,,否,0,🏛经典剧场,,
三国演义,,,否,0,🏛经典剧场,,
龙祥电影,,,否,0,🎬电影频道,,
金川新闻综合,,,否,0,☘️四川频道,,
天津体育,,,否,0,🏀体育频道,,
西游记,,,否,0,🏛经典剧场,,
翡翠台,,,否,0,🌊港·澳·台,,
漫画解说,,,否,0,🪁动画频道,,
无线星河,,,否,0,🎬电影频道,,
仙剑奇侠传,,,否,0,🏛经典剧场,,
新白娘子传奇,,,否,0,🏛经典剧场,,
[HD]广东移动,,,否,0,Test,China,China
[HD]广东少儿,,,否,0,Kids,China,China
清苑新闻频道,,,否,0,河北,,
丰宁综合频道,,,否,0,河北,,
平泉综合频道,,,否,0,河北,,
平泉影视频道,,,否,0,河北,,
邯郸公共频道,,,否,0,河北,,
青县新闻,,,否,0,河北,,
双滦新闻频道,,,否,0,河北,,
潼南综合频道,,,否,0,重庆,,
江津新闻综合,,,否,0,重庆,,
璧山综合频道,,,否,0,重庆,,
亳州新闻频道,,,否,0,安徽,,
昌黎综合频道,,,否,0,河北,,
临夏市电视台,,,否,0,甘肃,,
固镇影视频道,,,否,0,安徽,,
亳州农村频道,,,否,0,安徽,,
枣强综合,,,否,0,河北,,
清河经济综艺,,,否,0,河北,,
固镇新闻频道,,,否,0,安徽,,
灵璧综合频道,,,否,0,安徽,,
荣昌综合频道,,,否,0,重庆,,
兴隆综合频道,,,否,0,河北,,
迁西综合频道,,,否,0,河北,,
河源综合,,,否,0,广东,,
涉县新闻综合,,,否,0,河北,,
河源公共,,,否,0,广东,,
3sat,,,否,0,General,,
荆门教育频道,,,否,0,湖北,,
荆门公共频道,,,否,0,湖北,,
2M,,,否,0,General,,
1KZN TV (576p),,,否,0,Entertainment;Family;General,,
4 Afghanistan,,,否,0,Undefined,,
1TV (720p),,,否,0,General,,
2+2 Marathon (1080p),,,否,0,General,,
拉萨汉语综合,,,否,0,西藏,,
4Dmas Noticias TV (1080p) [Not 24/7],,,否,0,News,,
句容党建频道,,,否,0,江苏,,
1Twente TV (1080p),,,否,0,General,,
5tv,,,否,0,General,,
2 TV (720p),,,否,0,General,,
句容影视频道,,,否,0,江苏,,
4ever Cinema (1080p),,,否,0,Movies,,
句容生活频道,,,否,0,江苏,,
2M Monde +1 (1080p),,,否,0,General,,
句容新闻综合,,,否,0,江苏,,
4ever Drama (1080p),,,否,0,Series,,
永吉综合频道,,,否,0,吉林,,
磐石综合,,,否,0,吉林,,
东丰综合,,,否,0,吉林,,
奎屯汉语综合,,,否,0,新疆,,
双辽综合,,,否,0,吉林,,
东辽综合,,,否,0,吉林,,
四平新闻综合,,,否,0,吉林,,
前郭综合频道,,,否,0,吉林,,
7 News (720p),,,否,0,News,,
7 RadioVisione (720p),,,否,0,Music,,
4ever Music (1080p),,,否,0,Music,,
通化新闻,,,否,0,吉林,,
北京-水长城03,,,否,0,景区,,
6 TV Telugu (576p),,,否,0,News,,
3ABN Canada (720p),,,否,0,Religious,,
吉木萨尔综合,,,否,0,新疆,,
6 Wise Tv (720p),,,否,0,Family,,
北京-水长城01,,,否,0,景区,,
辉南新闻综合,,,否,0,吉林,,
吉林市新闻综合,,,否,0,吉林,,
4ever Theater (1080p),,,否,0,Entertainment,,
3ABN English,,,否,0,Religious,,
8NTV (1080p),,,否,0,General,,
6 TV Gorlovka (720p) [Geo-blocked],,,否,0,General,,
辽源新闻综合,,,否,0,吉林,,
7 Info,,,否,0,News,,
7th Heaven,,,否,0,Series,,
白城新闻综合,,,否,0,吉林,,
集安综合频道,,,否,0,吉林,,
7th Heaven NO,,,否,0,Series,,
沐川综合频道,,,否,0,四川,,
松原新闻综合,,,否,0,吉林,,
15TV,,,否,0,General,,
北京-水长城02,,,否,0,景区,,
安徽-黄山飞来石,,,否,0,景区,,
通化县综合,,,否,0,吉林,,
7.TV (360p),,,否,0,General,,
汪清综合,,,否,0,吉林,,
7th Heaven DK,,,否,0,Series,,
4E (1080p),,,否,0,Religious,,
7S Music (576p),,,否,0,Music,,
3ABN French,,,否,0,Religious,,
4Kurd,,,否,0,Music,,
8 La Marina TV (576p),,,否,0,General,,
3ABN International (720p),,,否,0,Religious,,
15.1 BPB (720p),,,否,0,Religious,,
8XM HD,,,否,0,Music,,
3ABN Kids,,,否,0,Animation;Kids;Religious,,
4 Music,,,否,0,Music,,
3ABN Latino,,,否,0,Religious,,
00s Replay,,,否,0,Movies,,
16 Anni e Incinta,,,否,0,Entertainment,,
3ABN Praise Him Music Network,,,否,0,Music;Religious,,
广东-梅州梅江,,,否,0,景区,,
农安新闻综合,,,否,0,吉林,,
三台电视一套,,,否,0,四川,,
广安公共频道,,,否,0,四川,,
德惠综合,,,否,0,吉林,,
松原公共频道,,,否,0,吉林,,
3ABN Proclaim! Network,,,否,0,Religious,,
13 Siam Thai (1080p),,,否,0,News,,
广安新闻综合,,,否,0,四川,,
九师电视台,,,否,0,新疆,,
9X Jalwa (1080p),,,否,0,Music,,
4U TV (720p),,,否,0,Entertainment,,
16tv Budapest (360p),,,否,0,General,,
4 Fun Kids (576i),,,否,0,Kids,,
9X Jhakaas (1080p),,,否,0,Music,,
1+1 International HD (720p),,,否,0,General,,
1+1 Marafon (1080p),,,否,0,General,,
5AAB TV (720p) [Not 24/7],,,否,0,Entertainment,,
乐至综合频道,,,否,0,四川,,
20 Minutes TV (1080p),,,否,0,General,,
9X Tashan (1080p),,,否,0,Music,,
绍兴公共频道,,,否,0,浙江,,
4 Fun TV (576i) [Not 24/7],,,否,0,Music,,
九台综合,,,否,0,吉林,,
绍兴文化影视,,,否,0,浙江,,
9 Plus News (1080p),,,否,0,News,,
4 SiDES TV (1080p),,,否,0,News,,
金川乡村频道,,,否,0,四川,,
双阳综合,,,否,0,吉林,,
10 Bold (1080p),,,否,0,Lifestyle;Relax,,
晋城公共,,,否,0,山西,,
4TV News (576p),,,否,0,News,,
江源综合频道,,,否,0,吉林,,
靖宇综合频道,,,否,0,吉林,,
5 Cops,,,否,0,Series,,
1HD Music Television (1080p),,,否,0,Music,,
晋城新闻,,,否,0,山西,,
万载综合频道,,,否,0,江西,,
松阳综合频道,,,否,0,浙江,,
12 TV Parma (540p) [Not 24/7],,,否,0,General,,
1AlmereTV (720p),,,否,0,General,,
龙井综合,,,否,0,吉林,,
22Scope News (1080p),,,否,0,News,,
泸州新闻综合,,,否,0,四川,,
珲春新闻综合,,,否,0,吉林,,
24/7 Canal de Noticias,,,否,0,News,,
泸州公共频道,,,否,0,四川,,
3HD,,,否,0,General,,
3Cat Cameres del temps (1080p),,,否,0,Public;Weather,,
新沂生活频道,,,否,0,江苏,,
泸州科教频道,,,否,0,四川,,
10 TV (720p),,,否,0,News,,
5 minut tishiny (1080p),,,否,0,Series,,
梅河口综合,,,否,0,吉林,,
9XM (1080p),,,否,0,Music,,
3ABN Russia (720p),,,否,0,Religious,,
3CatInfo (1080p),,,否,0,News;Public,,
3Cat Plats bruts (1080p),,,否,0,Classic;Comedy;Public;Series,,
AMP 2 (720p),,,否,0,Culture,,
Aire de Santa Fe (1080p),,,否,0,General,,
Avivamiento TV (1080p) [Not 24/7],,,否,0,Religious,,
AXN (Brazil) (720p),,,否,0,Movies,,
Arte 1 (720p),,,否,0,Culture,,
Alkhuzama Radio (1080p),,,否,0,Undefined,,
Al-Mahdi TV (1080p),,,否,0,Religious,,
ABHP TV (480p),,,否,0,Religious,,
Althania (1080p),,,否,0,General,,
AXN White Poland (576p),,,否,0,Entertainment,,
247 Box TV,,,否,0,Entertainment,,
Afrik Info TV,,,否,0,News,,
Baraka Television (720p) [Not 24/7],,,否,0,News,,
ABTelevision (720p),,,否,0,General,,
Atacama Noticias (720p) [Not 24/7],,,否,0,News,,
AM Canal,,,否,0,General,,
Alpe d'Huez TV (720p) [Not 24/7],,,否,0,General,,
Auction Hunters (Germany) GB,,,否,0,Entertainment,,
Bar Rescue,,,否,0,Series,,
30A Darcizzle Offshore (720p),,,否,0,Outdoor,,
Balaton TV (432p),,,否,0,Undefined,,
ABC WTVQ-DT (720p),,,否,0,General,,
.red HD (1080p),,,否,0,Entertainment,,
Avang TV (1080p),,,否,0,Music,,
AMP 1 (720p),,,否,0,General,,
Bark TV (1080p),,,否,0,Entertainment,,
Barrandov Krimi (1080p),,,否,0,General,,
Balchi TV,,,否,0,Culture,,
Adesso TV (720p),,,否,0,General,,
Bansal News (720p),,,否,0,News,,
Allo Cine (1080p),,,否,0,Movies,,
AVA Family,,,否,0,Family,,
Asomavision (614p),,,否,0,Religious,,
Al Hiwar TV (1080p) [Not 24/7],,,否,0,Education,,
Alcance FM PLAY TV,,,否,0,Music,,
Baraza TV (1080p),,,否,0,Music,,
Antena Monden (720p),,,否,0,Lifestyle,,
Almaty TV (576p),,,否,0,General,,
Al Araby TV (1080p),,,否,0,News,,
Al Iraqia (1080p),,,否,0,General,,
Acasa Gold,,,否,0,Entertainment,,
Alvin Channel TV (360p) [Not 24/7],,,否,0,General,,
AXS TV (720p),,,否,0,Music,,
Auction Hunters (Sweden),,,否,0,Series,,
Argentinisima Satelital (540p),,,否,0,General,,
Amman TV (720p),,,否,0,General,,
Afra Film,,,否,0,Movies,,
A7TV (1080p),,,否,0,General,,
Aksu TV (720p),,,否,0,General,,
Aqlvoy,,,否,0,Kids,,
AfroLandTV (1080p),,,否,0,Entertainment,,
AltoAdige TV (720p),,,否,0,General,,
B4U Music (576p),,,否,0,Music,,
America's Voice (720p),,,否,0,News,,
Andromeda,,,否,0,Series,,
Baby Shark TV (1080p),,,否,0,Kids,,
Anadolu Net TV (1080p),,,否,0,General,,
Aras TV (576p) [Not 24/7],,,否,0,General,,
Absolute Reality by WE TV,,,否,0,Entertainment,,
Acasa HD,,,否,0,Entertainment,,
Al Iraqia News (720p),,,否,0,News,,
Abante TV (1080p),,,否,0,News,,
30A Ridiculous TV (720p),,,否,0,Comedy,,
Al Masar TV (576p),,,否,0,News,,
Al Iraqia Sport (720p),,,否,0,Sports,,
Antena International,,,否,0,General,,
111 TV (720p),,,否,0,General,,
ABC KSTP-TV (1080p),,,否,0,General,,
Al Arabiya Business (1080p),,,否,0,Business,,
Aigaio TV (720p),,,否,0,General,,
Al Iraqia Kurdish (720p),,,否,0,Undefined,,
Afarin Baxcha (1080p),,,否,0,Kids,,
BabyFirst Brazil,,,否,0,Kids,,
30A Luxe Life Discovered (720p),,,否,0,Lifestyle,,
Andromeda Italy (720p),,,否,0,Series,,
Becker (Germany),,,否,0,Comedy,,
Alankar TV (720p),,,否,0,Movies,,
ANB News (720p),,,否,0,News,,
Aurora Arte (480p),,,否,0,Culture,,
Al Sharqiya News (1080p),,,否,0,News,,
Awakening TV (576p),,,否,0,Religious,,
Beats Radio (480p),,,否,0,Music,,
Al Najah News (720p),,,否,0,News,,
Asharq Discovery (1080p),,,否,0,Documentary;Education,,
Alanya Posta TV (1080p),,,否,0,General,,
Avar TV (1080p),,,否,0,Undefined,,
ABC Teleshow (720p),,,否,0,General,,
360 (720p) [Not 24/7],,,否,0,News,,
Alfa Omega TV (1080p) [Not 24/7],,,否,0,Religious,,
Anger Management Channel (1080p),,,否,0,Comedy;Series,,
Activa TV (720p),,,否,0,Music,,
Antares Television,,,否,0,Entertainment,,
Adinkra TV (1080p),,,否,0,Undefined,,
Altanto TV (1080p) [Not 24/7],,,否,0,General,,
ABC TV (720p),,,否,0,General,,
Auction Hunters (Sweden) DK,,,否,0,Series,,
Asianet HD (720p),,,否,0,Entertainment,,
Alhaqeqa Aldawlia (1080p) [Not 24/7],,,否,0,News,,
Anthony Bourdain: Parts Unknown,,,否,0,Series,,
Angel TV Europe (720p),,,否,0,Religious,,
AMC Latin America Brazil (720p),,,否,0,Movies,,
Al Qamar TV (1080p),,,否,0,Undefined,,
Antenne Steiermark (720p),,,否,0,Music,,
Ando TV (1080p),,,否,0,Religious,,
Animation+ (1080p) [Geo-blocked],,,否,0,Animation,,
Angel TV America (720p),,,否,0,Religious,,
Azteca Honduras (720p),,,否,0,General,,
Al Saudiya (1080p),,,否,0,General,,
Al Araby TV 2 (1080p),,,否,0,News,,
Bandamax (1080p),,,否,0,Music,,
ACTV (United States),,,否,0,Legislative,,
ABP Ananda (1080p),,,否,0,News,,
Alawla TV,,,否,0,General,,
B4U Movies (576p),,,否,0,Movies,,
AlternaTV (720p) [Not 24/7],,,否,0,Culture;Documentary;Entertainment;General;Movies;Music,,
ABP Asmita (1080p),,,否,0,News,,
Al Arabiya English (1080p),,,否,0,News,,
36.6 TV,,,否,0,Lifestyle,,
BBC Home & Garden (1080p),,,否,0,Lifestyle,,
Baan Baan TV 73,,,否,0,Undefined,,
ABC Entertains (720p),,,否,0,Education;Kids,,
30A Sidewalks (720p),,,否,0,Entertainment,,
ABP Ganga (1080p),,,否,0,News,,
Asianet Middle East (576p),,,否,0,Entertainment,,
555 (720p),,,否,0,General,,
Aastha Telugu (576p),,,否,0,Religious,,
Azteca Internacional (1080p),,,否,0,Entertainment,,
Az TV (1080p),,,否,0,General,,
Antik Info TV (1080p),,,否,0,News,,
Andromeda UK,,,否,0,Series,,
Alegre TV RD (720p) [Not 24/7],,,否,0,Entertainment,,
Azteca 7 (1080p),,,否,0,General,,
ANTV (Venezuela) (720p),,,否,0,Legislative,,
Amedia Hit (1080p),,,否,0,Movies;Series,,
30A Television Channel (720p),,,否,0,Entertainment,,
Bangla Vision (720p),,,否,0,General,,
Anime x HIDIVE,,,否,0,Animation,,
50 Cent Action (720p),,,否,0,Movies;Series,,
B4U Kadak (576p),,,否,0,Movies,,
Awkward (Germany),,,否,0,Series,,
BBC News North America (1080p),,,否,0,News,,
Alkarma TV North America & Canada (1080p) [Not 24/7],,,否,0,Religious,,
BBC Alba,,,否,0,General,,
Auction Hunters (Sweden) NO,,,否,0,Series,,
Altaghier TV (1080p),,,否,0,News,,
Allgau TV (1080p),,,否,0,General,,
30A Music (720p),,,否,0,Music,,
Assam Talks (576p),,,否,0,News,,
Al Ekhbariya (1080p),,,否,0,News,,
Al Wousta TV (1080p),,,否,0,General,,
Asom Live 24 (576p),,,否,0,News,,
Austral TV (1080p),,,否,0,General,,
Ahsan TV,,,否,0,Religious,,
Alcarria TV (576p) [Not 24/7],,,否,0,General,,
Arko TV,,,否,0,Undefined,,
Agape TV (720p),,,否,0,Religious,,
Adult Swim Latin America (1080p) [Geo-blocked],,,否,0,Entertainment,,
Astana TV (576p),,,否,0,General,,
ABP News (1080p),,,否,0,News,,
Afrobeat TV Entertainment (1080p),,,否,0,Music,,
Al Jazeera English HD (576p),,,否,0,News,,
Azteca Deportes Network (1080p),,,否,0,Sports,,
Al Wafa Tarim (720p),,,否,0,Religious,,
Antena TV,,,否,0,General,,
ADA TV (720p),,,否,0,Religious,,
Adhyatm TV (720p),,,否,0,Religious,,
Asharq News (1080p),,,否,0,Business;News,,
Balikpapan TV (720p),,,否,0,General,,
Animax Asia India (1080p) [Geo-blocked],,,否,0,Animation,,
90s Throwback,,,否,0,Movies,,
America's Next Top Model CA,,,否,0,Entertainment,,
America Paraguay (720p),,,否,0,General,,
A&E (720p),,,否,0,Entertainment,,
Acapulco Shore US,,,否,0,Series,,
AFV (720p),,,否,0,Comedy,,
Afroculture TV,,,否,0,Culture,,
Al Arabiya Programs (1280p),,,否,0,Documentary;News,,
Access Nashua (720p),,,否,0,General,,
Al Hadath (1080p),,,否,0,News,,
ABC TV SA (720p),,,否,0,General,,
ABC TV QLD (720p),,,否,0,General,,
America's Voice News (720p),,,否,0,News,,
30A The Beach Show (720p),,,否,0,Shop,,
Almahriah TV (576p),,,否,0,News,,
Amozhgary TV,,,否,0,Religious,,
ABC Kids,,,否,0,Kids,,
ABC TV TAS (720p),,,否,0,General,,
BBC Parliament,,,否,0,Legislative,,
Arges TV (720p),,,否,0,General,,
Al Wilayah (720p),,,否,0,Religious,,
BEATTV (1080p),,,否,0,Entertainment;Music,,
AFTV (1080p),,,否,0,General,,
Aastha Kannada (480p),,,否,0,Religious,,
America Estereo Quito (1080p),,,否,0,General,,
ABC TV VIC (720p),,,否,0,General,,
Antiques Roadshow UK (1080p),,,否,0,Series,,
Baran TV,,,否,0,General,,
Banjar TV (720p) [Not 24/7],,,否,0,Undefined,,
America Estereo Guayaquil (360p),,,否,0,General,,
Agro TV (Bulgaria) (480p),,,否,0,Outdoor,,
Aastha HD (720p),,,否,0,Religious,,
Al Masriyah (1080p),,,否,0,General,,
24 Horas (Spain) (720p),,,否,0,News;Public,,
Acheloos TV (576p),,,否,0,General,,
Antiques Road Trip (1080p),,,否,0,Lifestyle,,
ABC WSOC-TV (1080p),,,否,0,General,,
America Estereo Tulcan (614p),,,否,0,General,,
48 Hours (1080p),,,否,0,Series,,
Becker (Sweden) DK,,,否,0,Classic;Series,,
Alkarma TV Australia (1080p),,,否,0,Religious,,
Ame 47 (576p),,,否,0,General,,
Alternativa TV (720p),,,否,0,Undefined,,
Al-Souriya TV (1080p),,,否,0,Family,,
Altyn Asyr (406p) [Not 24/7],,,否,0,General,,
Balle Balle (576p),,,否,0,Music,,
America's Next Top Model,,,否,0,Entertainment,,
America's Test Kitchen (720p),,,否,0,Cooking,,
ABN (720p),,,否,0,General,,
Aryan TV National (576p),,,否,0,Undefined,,
America Estereo Ibarra (720p),,,否,0,General,,
Are You The One? NO,,,否,0,Entertainment,,
AccessVision Channel 17 (720p),,,否,0,Legislative,,
AccessVision Channel 16 (720p),,,否,0,General,,
Az Star TV (1080p),,,否,0,General,,
AmarUjala (1080p),,,否,0,News,,
Assirat TV (576p),,,否,0,Religious,,
APN (576p),,,否,0,News,,
Ananda Barta (720p),,,否,0,News,,
Bab Al Hara (1080p),,,否,0,Series,,
Angel TV Chinese (720p),,,否,0,Religious,,
Aeolos TV (1080p),,,否,0,General,,
Aakaash Aath (576p),,,否,0,Entertainment,,
Ausbiz TV (720p) [Not 24/7],,,否,0,Business,,
AXN Asia Taiwan (1080p),,,否,0,Movies;Series,,
Ayush TV (576p),,,否,0,Lifestyle,,
All Reality by WE tv (720p),,,否,0,Series,,
Autentic History (1080p),,,否,0,Documentary,,
Aguila TV (1080p) [Not 24/7],,,否,0,General,,
90's Kids,,,否,0,Kids,,
ABC WBRZ-TV (480p),,,否,0,General,,
Avatar (Germany),,,否,0,Animation;Kids;Series,,
Andorra TV (1080p),,,否,0,General,,
Aik News SD,,,否,0,News,,
AXN Asia Philippines (576p),,,否,0,Movies;Series,,
ABC KAAL (1080p),,,否,0,General,,
Al Riyadh Radio (1080p),,,否,0,Undefined,,
American Crime Channel,,,否,0,Entertainment,,
Araruna TV,,,否,0,General,,
Al Saudiya Alaan (1080p),,,否,0,Undefined,,
Aysen TV (720p),,,否,0,General,,
24 Kanal (720p),,,否,0,News,,
ACC Network (720p),,,否,0,Sports,,
ABC WDIO-DT (1080p),,,否,0,General,,
Autentic Travel (1080p),,,否,0,Lifestyle,,
2900 Happiness,,,否,0,Series,,
Alle hassen Chris,,,否,0,Comedy,,
AgroCanal (720p),,,否,0,Education;Outdoor,,
Atomic TV (360p),,,否,0,Music,,
Becker (Sweden) NO,,,否,0,Classic;Series,,
AKD Calcutta News (1080p),,,否,0,News,,
Africa 24 Sport (1080p),,,否,0,News;Sports,,
30A TV Classic Movies (720p),,,否,0,Movies,,
Al-Manar (576p) [Not 24/7],,,否,0,News,,
Africa 24 (1080p),,,否,0,News,,
Bajo Techo TV (1080p) [Not 24/7],,,否,0,Shop,,
Aastha Tamil (480p),,,否,0,Religious,,
BBC News Latin America (720p),,,否,0,News,,
ABN Andhra Jyoti (720p),,,否,0,News,,
Beijing Satellite TV HD (1080p),,,否,0,General,,
Asharq Documentary (1080p),,,否,0,Documentary,,
Atomic Academy TV (480p),,,否,0,Music,,
Aliento Vision (720p) [Not 24/7],,,否,0,Religious,,
ABC TV NT (720p),,,否,0,General,,
Al Rayyan TV (1080p),,,否,0,General,,
ADB TV (1080p),,,否,0,Religious,,
BBS TV (South Korea) (1080p),,,否,0,Religious,,
Angel TV Arabia (720p),,,否,0,Religious,,
&TV HD (1080p),,,否,0,Movies,,
¡Viva Latino! (1080p),,,否,0,Music,,
Andy Haryana (576p),,,否,0,Culture;Music,,
AWE International (720p),,,否,0,General,,
Agrotendencia TV (1080p),,,否,0,Outdoor,,
Actualidad 360,,,否,0,News,,
Al Rayyan Old TV (1080p),,,否,0,General,,
BCS StarCross TV (576p),,,否,0,General,,
Amazing Discoveries TV (720p),,,否,0,Religious,,
Amrita TV (720p),,,否,0,Entertainment,,
Aastha Prime 1 (720p),,,否,0,Religious,,
48 Hours CA,,,否,0,Series,,
ATV Alanya (1080p),,,否,0,General,,
Alkarma TV Middle East (1080p) [Not 24/7],,,否,0,Religious,,
AVI Rewind (1080p),,,否,0,Movies,,
Aruba.TV (1080p),,,否,0,Travel,,
Anhui TV,,,否,0,Undefined,,
AWE (720p),,,否,0,General,,
ANT1 Cyprus (1080p),,,否,0,Entertainment,,
Asianet Movies HD (720p),,,否,0,Movies,,
A2i Religion (720p) [Not 24/7],,,否,0,Religious,,
ABC KMGH-TV (720p),,,否,0,General,,
Antena Uno Radiovideo (360p),,,否,0,Undefined,,
Are You The One?,,,否,0,Entertainment,,
Arax TV,,,否,0,Undefined,,
ABC KGTV (720p),,,否,0,General,,
ABC TV WA (720p),,,否,0,General,,
Apostol TV (576p),,,否,0,Religious,,
A&E Latin America (1080p),,,否,0,Entertainment,,
Alkarma TV Praise (720p) [Not 24/7],,,否,0,Religious,,
Anand TV (India) (1080p),,,否,0,Religious,,
ABTV Bariloche,,,否,0,General,,
Akili Kids!,,,否,0,Kids,,
Baicheng TV [Geo-blocked],,,否,0,General,,
90210,,,否,0,Series,,
Asharq Radio (1080p),,,否,0,Business;News,,
99TV (720p),,,否,0,News,,
Al Masirah Mubacher (642p) [Not 24/7],,,否,0,News,,
Army TV (1080p),,,否,0,News,,
Atfal & Mawaheb TV (1080p),,,否,0,Kids,,
Antena SUR (720p),,,否,0,General,,
360° News (1080p),,,否,0,News,,
ABC TV ACT (720p),,,否,0,General,,
365 days TV (576p),,,否,0,Documentary,,
ATV (Peru) (1080p),,,否,0,General,,
ATG Live (720p),,,否,0,Sports,,
Always Funny Videos (720p),,,否,0,Series,,
Alkarma TV Family (1080p) [Not 24/7],,,否,0,Religious,,
Al-Zahra TV Turkic (720p) [Not 24/7],,,否,0,Religious,,
AXN Black Poland (576p),,,否,0,Movies,,
ABC TV Plus (720p),,,否,0,Entertainment,,
Angel TV FarEast (720p),,,否,0,Religious,,
Atameken Business (576p),,,否,0,Business,,
Aftab TV,,,否,0,Undefined,,
At Home with Family Handyman (720p),,,否,0,Series,,
Aris 24 (720p) [Not 24/7],,,否,0,General,,
Amazing Facts TV (1080p),,,否,0,Religious,,
AMX Noticias (720p) [Not 24/7],,,否,0,News,,
ADN 40 (720p),,,否,0,News,,
Assen TV (720p),,,否,0,General,,
Al Janoub TV,,,否,0,News,,
Bani Vision (720p) [Not 24/7],,,否,0,General,,
Aghani Aghani TV (1080p),,,否,0,Music,,
Anzoategui TV (360p) [Not 24/7],,,否,0,General,,
Akaku 54 (1080p),,,否,0,General,,
ATVSat (1080p) [Not 24/7],,,否,0,Religious,,
Alfold TV (1080p),,,否,0,Entertainment,,
Ark TV (1080p) [Not 24/7],,,否,0,Religious,,
Ayaz TV (720p),,,否,0,General,,
A2i TV (1080p),,,否,0,General,,
Al-Sahat TV (720p),,,否,0,Religious,,
Al Madina (720p),,,否,0,Undefined,,
Afroturk TV (1080p),,,否,0,General,,
Aflam (1080p),,,否,0,Movies,,
Alau TV (576p),,,否,0,Undefined,,
Akaku 55 (1080p),,,否,0,General,,
AP TV,,,否,0,Entertainment,,
Al Yaum TV (1080p),,,否,0,News,,
Beautiful Life TV,,,否,0,Religious,,
98.1 Pearl FM (720p),,,否,0,Music,,
Aaryaa TV (1080p),,,否,0,Music,,
aurLife HD (614p),,,否,0,General,,
Autentica Television (720p) [Not 24/7],,,否,0,General,,
beIN SPORTS XTRA (1080p),,,否,0,Sports,,
ABC KITV (720p),,,否,0,General,,
Armenia 1 America (1080p),,,否,0,General,,
Al Masirah (720p) [Not 24/7],,,否,0,News,,
Alkarma TV Talmaza Discipleship (1080p) [Not 24/7],,,否,0,Religious,,
360 RFTV (576p) [Geo-blocked],,,否,0,General,,
Altena TV (720p),,,否,0,Undefined,,
ABC WTXL-TV (720p),,,否,0,General,,
Acapulco Shore,,,否,0,Series,,
ABC WFTV (720p),,,否,0,General,,
Aguacate TV (1080p),,,否,0,Entertainment,,
AS3 Sport TV (1080p),,,否,0,Sports,,
Akaku 53 (1080p),,,否,0,General,,
90s Kids TV 2,,,否,0,Kids,,
Baraza TV Deep House (720p),,,否,0,Music,,
360TuneBox (1080p),,,否,0,Music,,
Al Ghad TV (1080p),,,否,0,News,,
Arryadia,,,否,0,Sports,,
Al Sharqiya (1080p),,,否,0,General,,
Baraza TV Relaxing (720p),,,否,0,Music,,
Angelus TV (1080p),,,否,0,Religious,,
Apsara TV11 (720p),,,否,0,General,,
Baby Time (576p),,,否,0,Kids;Music,,
A&R Canal (720p),,,否,0,Religious,,
Arvan TV,,,否,0,Undefined,,
BabyFirst (720p),,,否,0,Kids,,
Alabbassia TV (1080p),,,否,0,Religious,,
Al Alam (360p),,,否,0,News,,
Avers (480p),,,否,0,General,,
Arputhar Yesu TV (576p),,,否,0,Religious,,
ARTV (Portugal) (720p) [Not 24/7],,,否,0,Legislative,,
Arkhyz 24 (1080p),,,否,0,Undefined,,
ANC Television (720p),,,否,0,Entertainment,,
Alkarma TV Youth & English (1080p) [Not 24/7],,,否,0,Religious,,
Arirang TV (1080p),,,否,0,General;News,,
Ameritrade (1080p) [Not 24/7],,,否,0,Business,,
Alalam News Channel Syria (1080p),,,否,0,News,,
AWE Plus (720p),,,否,0,General,,
Aghapy TV (1080p) [Not 24/7],,,否,0,Religious,,
ATN Bangla UK (576p),,,否,0,General,,
AMGA TV (720p) [Not 24/7],,,否,0,General,,
Aleph Business (1280p),,,否,0,Business,,
AlbKanale Music TV HD (1080p),,,否,0,Music,,
ABC KOAT-TV (720p),,,否,0,General,,
24 TV (720p),,,否,0,News,,
Al Jazeera 2 (1080p),,,否,0,News,,
Aaseervatham TV (576p),,,否,0,Religious,,
ABC KRCA (720p),,,否,0,General,,
Africanews French (720p),,,否,0,News,,
Afontovo,,,否,0,General,,
A12 TV,,,否,0,General,,
AXN Latin America (1080p),,,否,0,Movies,,
AgroMais (720p),,,否,0,News,,
Al Maaref TV (1080p),,,否,0,Religious,,
AbejalesTV (720p),,,否,0,Entertainment,,
AMC (United States) (720p),,,否,0,Movies,,
80s Rewind,,,否,0,Movies,,
Afarin TV (720p) [Not 24/7],,,否,0,Kids,,
Al Shallal TV (1080p),,,否,0,General,,
AZA TV HD (1080p),,,否,0,General,,
Al-Aimma TV (1080p),,,否,0,Religious,,
A&E Latin America Brazil (720p),,,否,0,Entertainment,,
Aastha Gujarati (576p),,,否,0,Religious,,
Alcance TV (Mexico) (720p),,,否,0,Religious,,
Arirang Radio (720p),,,否,0,General,,
AccuWeather NOW (1080p),,,否,0,Weather,,
AWE Plus KPVM-LD,,,否,0,General,,
Atlas (480p),,,否,0,Documentary,,
Aaj Ki Khabar (1080p),,,否,0,News,,
ALLBLK Gems (720p),,,否,0,Entertainment,,
30A We Love Cars (720p),,,否,0,Auto,,
ABC KGUN-TV (720p),,,否,0,General,,
All Weddings WE tv,,,否,0,Series,,
Akaal Channel (396p) [Geo-blocked],,,否,0,Religious,,
Action 24 (1080p) [Not 24/7],,,否,0,Movies,,
Amigos TV Chiquimula (480p),,,否,0,Religious,,
Apsua TV,,,否,0,General,,
24 News (576p),,,否,0,News,,
AFN TV,,,否,0,Music,,
APA Tv (1080p),,,否,0,News,,
Are You The One? DK,,,否,0,Entertainment,,
Autonoma TV,,,否,0,General,,
Al Horreya TV (1080p),,,否,0,Religious,,
AL24 News,,,否,0,News,,
.black (576p),,,否,0,Entertainment,,
ABC KERO-TV (720p),,,否,0,General,,
BATV Educational Channel,,,否,0,Education,,
Arsenal (576p),,,否,0,Documentary,,
Aleph News (720p),,,否,0,News,,
Atrina TV,,,否,0,Undefined,,
Antenna 2 TV (720p),,,否,0,General,,
Africanews English (720p),,,否,0,News,,
Aratu On,,,否,0,News,,
Atrak TV,,,否,0,General,,
BBC Scotland,,,否,0,General,,
Al Mayadeen TV (576p),,,否,0,News,,
ABC WISN-TV (720p),,,否,0,General,,
America TeVe (1080p),,,否,0,Entertainment;General,,
Ajyal TV (720p),,,否,0,General,,
Ahora TV (1080p) [Not 24/7],,,否,0,General,,
B4U Bhojpuri (1080p),,,否,0,Movies,,
ARTFLIX Movie Classics (720p),,,否,0,Classic;Movies,,
BATV Government Channel,,,否,0,Legislative,,
Alerte a Malibu,,,否,0,Series,,
Amu TV,,,否,0,News,,
86 (1080p) [Not 24/7],,,否,0,General,,
Al Jadeed (1080p),,,否,0,General,,
Afghanistan International (720p),,,否,0,News,,
AKC TV (1080p),,,否,0,Outdoor,,
Al Alam Al Yawm,,,否,0,News,,
ACI Sport TV SD (1080p),,,否,0,Sports,,
Anjan TV (720p),,,否,0,Entertainment,,
Adventure Earth (1080p),,,否,0,Documentary,,
Azahares Radiovisual Multimedia (720p),,,否,0,Music,,
Beavis and Butt-Head,,,否,0,Comedy,,
Afro Magic Channel,,,否,0,Culture,,
Adrenalina Pura TV (720p),,,否,0,Movies,,
Are We There Yet? (1080p),,,否,0,Series,,
AGR FM TV,,,否,0,General,,
100% NEWS (576p),,,否,0,Business;News,,
Asian News (1080p),,,否,0,News,,
Angel TV Russian (720p),,,否,0,Religious,,
Amouzesh TV,,,否,0,General,,
Bandung TV (360p),,,否,0,General,,
24KZ (576p),,,否,0,News,,
Adult Swim Latin America Brazil (720p),,,否,0,Entertainment,,
All Time Movies (576p),,,否,0,Movies,,
apart TV (1080p),,,否,0,Business;Culture;Lifestyle,,
Backstage (1080p),,,否,0,Documentary,,
Astrahan 24 (720p),,,否,0,News,,
B1,,,否,0,News,,
A Punt (720p),,,否,0,General;Public,,
ATXN1 (1080p),,,否,0,Legislative,,
Awaaz India TV (720p) [Not 24/7],,,否,0,News,,
Azan TV,,,否,0,Religious,,
AKC TV Meet the Breeds,,,否,0,Outdoor,,
Alborz TV,,,否,0,General,,
ABP Majha (576p),,,否,0,News,,
Bahrain Sports 2 (720p) [Not 24/7],,,否,0,Sports,,
Alpha TV (1080p),,,否,0,General,,
Armenia 1 Sattelite (1080p),,,否,0,General,,
Balabol (1080p),,,否,0,Series,,
Amazonia TV,,,否,0,General,,
AKC TV Puppies,,,否,0,Outdoor,,
31 Kanal (576p),,,否,0,General,,
Bacan Te Veo (360p),,,否,0,Entertainment,,
Beavis and Butt-Head DK,,,否,0,Comedy,,
ALWifak News TV (720p),,,否,0,News,,
Ahlulbayt TV (1080p),,,否,0,Religious,,
AMG TV (1080p),,,否,0,Family,,
Alsacias Television (720p),,,否,0,General,,
Alacanti TV (576p) [Not 24/7],,,否,0,General,,
ATXN3 (1080p),,,否,0,Culture;General,,
Alcarrizos TV (720p) [Not 24/7],,,否,0,General,,
Amou Yazid TV (576p),,,否,0,Kids,,
Avatar: A lenda de Aang,,,否,0,Kids,,
Battlestar Galactica,,,否,0,Movies;Series,,
Adoram TV (720p),,,否,0,Religious,,
ATV Sur (1080p),,,否,0,General,,
ATXN2 (1080p),,,否,0,General;Legislative,,
Al Ittihad TV (552p) [Not 24/7],,,否,0,General,,
Abaza TV (1080p),,,否,0,General,,
Bahrain Quran (720p) [Not 24/7],,,否,0,Religious,,
Azzurra TV (576p),,,否,0,General,,
50 Canale,,,否,0,General,,
Bahrain TV (720p) [Not 24/7],,,否,0,General,,
Antofagasta TV (1080p),,,否,0,General,,
Asianet News (1080p),,,否,0,News,,
BCN Gospel TV HD (720p),,,否,0,General,,
Alarabiya (1080p),,,否,0,News,,
Antena 1 (Romania),,,否,0,General,,
51 Radio TV (480p) [Geo-blocked],,,否,0,Music,,
Adrenalina Pura TV Brazil,,,否,0,Movies,,
Astrahan.Ru TV (480p),,,否,0,Undefined,,
Audiokiss (1080p),,,否,0,Music,,
Apna Punjab TV (720p),,,否,0,Entertainment,,
30A Golf Kingdom (720p),,,否,0,Sports,,
28 kanala,,,否,0,General,,
Argus News (576p),,,否,0,News,,
88 Stereo (720p) [Not 24/7],,,否,0,Music,,
24 Hour Free Movies (720p),,,否,0,Movies,,
Arkadag TV (406p) [Not 24/7],,,否,0,General,,
Abadan TV,,,否,0,General,,
Bar Rescue CA,,,否,0,Series,,
AT5,,,否,0,General,,
Astrahan.Ru Sport (720p),,,否,0,Sports,,
30A Investment Pitch (720p),,,否,0,Business,,
Aamar Bangla (720p),,,否,0,Entertainment,,
Alert TV (576p) [Not 24/7],,,否,0,News,,
Amazon Sat (1080p),,,否,0,Undefined,,
Balle Balle HD (720p),,,否,0,Music,,
A2TV (1080p),,,否,0,General,,
365 News,,,否,0,News,,
ATV+ (1080p),,,否,0,News,,
Bahrain Sports 1 (720p) [Not 24/7],,,否,0,Sports,,
Armenia 2 (1080p),,,否,0,General,,
Aflak TV,,,否,0,General,,
AMC Latin America (1080p),,,否,0,Movies,,
Aupur Television (1080p),,,否,0,General,,
Asia Express NonStop (576i),,,否,0,Entertainment,,
ABN TV India (540p),,,否,0,Religious,,
ABC WMAR-TV (720p),,,否,0,General,,
ATN Bangla (720p),,,否,0,General,,
Asianet Suvarna News (1080p) [Not 24/7],,,否,0,News,,
BBC One,,,否,0,General,,
Barbe TV (720p) [Not 24/7],,,否,0,General,,
Balapan (576p),,,否,0,Kids,,
Africa 24 English (1080p),,,否,0,News,,
Andes Television (720p),,,否,0,Religious,,
ATN Music (360p),,,否,0,Music,,
Al Sharqiya Min Kabla (1080p),,,否,0,General,,
30A Georgia Hollywood Review (720p),,,否,0,Entertainment;News,,
ABN Bible Movies Channel (720p),,,否,0,Movies;Religious,,
70-80 TV,,,否,0,Music,,
ARDB TV (1080p) [Not 24/7],,,否,0,Outdoor,,
BBC News Pashto (720p),,,否,0,Undefined,,
Ana y los 7,,,否,0,Series,,
Alwesam TV (1080p),,,否,0,Undefined,,
Bahrain International (720p) [Not 24/7],,,否,0,General,,
ABN China (720p),,,否,0,Religious,,
A Spor SD (1080p),,,否,0,Sports,,
ABC News Live (720p),,,否,0,News,,
ATM Rozrywka REWORK (720p),,,否,0,Entertainment,,
ABN Africa (480p),,,否,0,Religious,,
AVA Series,,,否,0,Series,,
Amaga Television (720p),,,否,0,General,,
24 News HD,,,否,0,News,,
Avatar: La Leyenda de Aang,,,否,0,Kids,,
70s Cinema,,,否,0,Movies,,
A1 TV (1080p) [Not 24/7],,,否,0,General,,
ACE Country Radio KPVM-LD,,,否,0,Music,,
Alquran (1080p),,,否,0,Religious,,
ABN Afghanistan (540p),,,否,0,Religious,,
ART (Russia) (576p),,,否,0,Culture,,
Al Jazeera Mubasher Broadcast 2 (1080p),,,否,0,News,,
Ani (576p),,,否,0,Kids,,
A Haber (1080p),,,否,0,News,,
ABC WWAY,,,否,0,General,,
Asian Culture TV (1080p),,,否,0,General,,
Archivos Forenses,,,否,0,Documentary,,
Al-Iman TV (Lebanon) (240p) [Not 24/7],,,否,0,Religious,,
BBC Food (1080p),,,否,0,Cooking,,
.sci-fi (576p),,,否,0,Science,,
Aadinath TV (576p),,,否,0,Religious,,
BabyFirst Spanish (1080p),,,否,0,Kids,,
Akhon Kolkata (478p),,,否,0,News,,
Al Maghribia (1080p),,,否,0,General,,
Alistiqama TV (576p),,,否,0,Religious,,
Banten TV (720p) [Not 24/7],,,否,0,Undefined,,
Alikhbaria Syria (1080p),,,否,0,News,,
Amitel TV (720p),,,否,0,General,,
ABN Urdu (540p),,,否,0,Religious,,
Anand Wari TV (576p),,,否,0,Religious,,
BeJoy.kids (1080p),,,否,0,Kids,,
Aurora Media Films (720p),,,否,0,Movies,,
Arirang TV HD (720p),,,否,0,General;News,,
Beavis and Butt-Head NO,,,否,0,Comedy,,
ABC WMUR-TV (720p),,,否,0,General,,
Amazonica TV (720p),,,否,0,General,,
ABNsat (720p),,,否,0,Religious,,
BATV Public Channel,,,否,0,General,,
Alex Berlin (1080p),,,否,0,Undefined,,
Bajai TV (720p),,,否,0,General,,
Ace TV (480p),,,否,0,Entertainment,,
Arabi TV (1080p),,,否,0,General,,
Al Hayat TV (720p),,,否,0,Religious,,
AIST TV (1080p),,,否,0,General,,
Asian Drama (1080p),,,否,0,Entertainment,,
Ace TV KCKS-LD (720p),,,否,0,Entertainment,,
BeitolAbbas TV Channel (720p),,,否,0,Religious,,
36 TV Huacho (720p),,,否,0,General,,
ACC Digital Network (1080p),,,否,0,Sports,,
Al-Bahjah TV (1080p),,,否,0,Religious,,
ABC KXXV (720p),,,否,0,General,,
Ajman TV (1080p),,,否,0,General,,
Altas TV (1080p),,,否,0,General,,
Asgabat (406p) [Not 24/7],,,否,0,General,,
ABC KRGV-TV,,,否,0,General,,
Arirang UN (1080p),,,否,0,News,,
ADN TV+ (720p),,,否,0,Animation,,
Atacama TV,,,否,0,Undefined,,
24 Horas Catalunya (720p),,,否,0,News;Public,,
AS TV (900p),,,否,0,News,,
AsianCrush (1080p),,,否,0,Entertainment,,
arte (Germany) HD,,,否,0,Entertainment,,
ARD-alpha (720p),,,否,0,Education,,
Al-Jawadain TV (1080p) [Not 24/7],,,否,0,Religious,,
Antena Stars,,,否,0,Entertainment,,
Augsburg TV (1080p),,,否,0,General,,
Antenne Kaernten (720p),,,否,0,Music,,
Aniplus Asia (720p),,,否,0,Animation,,
Almagd TV Middle East (1080p) [Not 24/7],,,否,0,Religious,,
Cinemax Classics (1080p),,,否,0,Movies,,
Cenovision HD (720p),,,否,0,General,,
Canal 13 (Guatemala) (720p),,,否,0,General,,
Cine Sony (720p),,,否,0,Movies,,
Channel 9 (Israel) (1080p),,,否,0,News,,
Cascara TV (720p),,,否,0,General,,
Chardikla Time TV (1080p),,,否,0,News,,
CityTV Lakewood (720p),,,否,0,General,,
Channel 7 (Kazakhstan) (576p),,,否,0,General,,
CDN (576p),,,否,0,General,,
Citrico TV (480p) [Not 24/7],,,否,0,News,,
Canal N (576p),,,否,0,News,,
Bob l'eponge (720p),,,否,0,Kids,,
Charge! (1080p),,,否,0,Movies,,
CBN Espanol (1080p),,,否,0,Religious,,
Cine Retro by Pluto TV,,,否,0,Movies,,
CC Pluto TV,,,否,0,Comedy,,
CBN Family (1080p),,,否,0,Religious,,
CBC News Network (1080p),,,否,0,News,,
BestClasicosTV (720p) [Not 24/7],,,否,0,Undefined,,
Channel S (Bangladesh),,,否,0,Culture,,
CBN News (1080p),,,否,0,Religious,,
Celebrity Name Game (1080p) [Geo-blocked],,,否,0,Series,,
Channel 5 International (576p),,,否,0,General,,
Canal 56 (576p) [Not 24/7],,,否,0,Undefined,,
CCTV-Health (1080p),,,否,0,Lifestyle,,
Bravo Farsi TV (360p),,,否,0,Movies,,
Canal 56 Quiero TV (720p),,,否,0,General,,
Channel U (720p),,,否,0,Entertainment,,
BTB 2 (1080p),,,否,0,General,,
Best of The Drew Barrymore Show (Sweden),,,否,0,Entertainment,,
Chardikla Time TV North America (1080p),,,否,0,News,,
BET NO,,,否,0,Series,,
Chosen TV English (360p),,,否,0,Religious,,
Caritas TV (1080p),,,否,0,General;Religious,,
Cinemax Hits (1080p),,,否,0,Movies,,
Canal 5 TV Cozumel (1080p),,,否,0,General,,
Cinemaraton Plus (1080i),,,否,0,Movies,,
Canal Sur Andalucia (1080p),,,否,0,General;Public,,
Classique TV (360p),,,否,0,Movies,,
Canal 21 TV (1080p),,,否,0,Undefined,,
CJ OnStyle (540p),,,否,0,Shop,,
CNA Originals (1080p),,,否,0,Documentary,,
CAM 10 TV (720p),,,否,0,General,,
CBS WTVR-TV (720p),,,否,0,General,,
BTB (1080p),,,否,0,General,,
Classic Cinema (240p) [Not 24/7],,,否,0,Movies,,
Canal 7 Neuquen (1080p),,,否,0,General,,
Ciudades del Ocio TV (720p),,,否,0,Entertainment,,
Buzzr (1080p),,,否,0,Entertainment,,
Chuxiong News Channel [Not 24/7],,,否,0,News,,
City Eden Recepty Gurmana [Not 24/7],,,否,0,Cooking,,
CDM Internacional (480p) [Not 24/7],,,否,0,Religious,,
BNR Nieuwsradio (720p) [Geo-blocked],,,否,0,Undefined,,
Bride TV (576p),,,否,0,Undefined,,
Bric ve Satranc TV (480p) [Not 24/7],,,否,0,Undefined,,
Canal 3 TV Biar (480p) [Not 24/7],,,否,0,General,,
Canal 5 TV Chepes,,,否,0,General,,
Chikitoonz (1080p),,,否,0,Kids,,
Canal UOL (1080p),,,否,0,General,,
Canal 13 La Rioja (480p),,,否,0,Undefined,,
Big Asia (720p),,,否,0,Undefined,,
Brionnais TV (720p),,,否,0,General,,
Canal 9 Link,,,否,0,Entertainment,,
Bonanza,,,否,0,Movies;Series,,
Club TV,,,否,0,Undefined,,
Bibel TV Impuls (720p),,,否,0,Undefined,,
BST (576p),,,否,0,Undefined,,
Canal 1 (Costa Rica) (720p) [Not 24/7],,,否,0,General,,
Bolajon (576p),,,否,0,Kids,,
Bloomberg TV Live Event (720p),,,否,0,Business,,
CCTV-Nostalgia Theater (1080p),,,否,0,Classic,,
CCI Channel (1080p),,,否,0,Religious,,
Canal Futura (720p),,,否,0,Education,,
Canal 12 Web,,,否,0,Undefined,,
City Eden AutoGid [Not 24/7],,,否,0,Auto,,
Canal 4 Teleaire,,,否,0,General,,
CGTN Global Biz (1080p),,,否,0,Business,,
CMT Equal Play (720p),,,否,0,Music,,
CGTN Arabic,,,否,0,News,,
City Eden KinoDrama [Not 24/7],,,否,0,Movies,,
CBS KWTV-DT (720p) [Not 24/7],,,否,0,General,,
CBN Gospel (720p),,,否,0,Religious,,
CGTN Documentary (1080p),,,否,0,Documentary,,
Chile Channel (720p),,,否,0,Entertainment;Travel,,
Canal 3 Formosa,,,否,0,Undefined,,
Classic Arts Showcase (720p),,,否,0,Culture;Education,,
BMS TV (720p) [Not 24/7],,,否,0,Undefined,,
Chacra TV,,,否,0,Outdoor,,
Canal 100 Chinique (1080p),,,否,0,Undefined,,
ChileVision (1080p),,,否,0,General,,
Canal 3 Tacural,,,否,0,General,,
Cafe Trade TV,,,否,0,Business,,
Canal 8 TV+ (720p),,,否,0,General,,
Canal 2 Alpavision Neiva (720p) [Not 24/7],,,否,0,General,,
Caras TV (1080p),,,否,0,Entertainment,,
CBeebies (Poland) (576p),,,否,0,Kids,,
Canal 4 Posadas (576p),,,否,0,Undefined,,
Canal 10 Emporda (360p) [Not 24/7],,,否,0,Undefined,,
Canal do Boi (720p),,,否,0,Undefined,,
Canal 70 (720p),,,否,0,General,,
Che! (576p),,,否,0,Entertainment,,
CEACOM TV (1080p) [Not 24/7],,,否,0,General;Lifestyle;Music;News,,
Canal 10 Durango (1080p),,,否,0,Undefined,,
CMT (720p),,,否,0,Music,,
Chinola TV (480p),,,否,0,Kids,,
Bhagyam TV (1080p),,,否,0,Religious,,
Canal E (720p),,,否,0,Business;News,,
City Eden TeleNovella [Not 24/7],,,否,0,Series,,
BTN TV (South Korea) (1080p),,,否,0,Religious,,
Canal Parlamento (360p) [Not 24/7],,,否,0,Legislative,,
Boligkob i blinde,,,否,0,Cooking;Lifestyle,,
Canal 5 TV Max (1080p),,,否,0,General,,
CBS KCCI (720p),,,否,0,General,,
Catamarca TV (720p),,,否,0,Culture;News,,
BRIDGE (576p),,,否,0,Music,,
Bounce (720p),,,否,0,Undefined,,
BET Cinema,,,否,0,Movies,,
Chamame TV,,,否,0,Music,,
CB TV Michoacan,,,否,0,General,,
CBS News Baltimore (720p),,,否,0,News,,
Brevard Government Access TV (720p),,,否,0,Legislative,,
Canal 1 Mar Menor Torre Pacheco (1080p),,,否,0,General;News,,
Cadena Elite (720p) [Not 24/7],,,否,0,Music,,
Canal Oracion Con Son (1080p),,,否,0,Religious,,
BET,,,否,0,Series,,
Cinema (Russia) (576p),,,否,0,Movies,,
Capital TV,,,否,0,News,,
Campus TV (480p) [Not 24/7],,,否,0,Education,,
Beverly Hillbillies,,,否,0,Classic,,
Canal 9 Resistencia (720p),,,否,0,General,,
Canal 33 Tijuana (720p),,,否,0,General;News,,
BNT 3 (1080p),,,否,0,General,,
BVC,,,否,0,Undefined,,
CCTV-Storm Football (1080p),,,否,0,Sports,,
BM&C News (720p),,,否,0,News,,
Channel 24 (Ukraine) (1080p),,,否,0,News,,
Catholic TV (1080p),,,否,0,Religious,,
Canal+ Action Europe Czechia,,,否,0,Movies,,
Beyond the Gates,,,否,0,Entertainment,,
CGTN French (1080p),,,否,0,News,,
Best of MTV NO,,,否,0,Entertainment,,
Charoen Cable 37 TV,,,否,0,General,,
Bibel TV Musik (720p),,,否,0,Music,,
BNT 4 (1080p),,,否,0,General,,
Bella Abanquina TV (720p),,,否,0,Undefined,,
Canal 2 (El Salvador) (720p),,,否,0,General,,
Bob Esponja (720p),,,否,0,Kids,,
Canal 25 Ayacucho (720p),,,否,0,General,,
City Eden KinoMistika [Not 24/7],,,否,0,Movies,,
BNT 1 (1080p),,,否,0,General,,
Business Rockstars (720p),,,否,0,Business,,
Bhakti Sagar (576p),,,否,0,Religious,,
CAD TV,,,否,0,General,,
CBS KMTV-TV (720p),,,否,0,General,,
Canal Claro (720p),,,否,0,Undefined,,
Canal 7 Salta (1080p),,,否,0,Undefined,,
CBS KZTV (720p),,,否,0,General,,
CinePride (720p),,,否,0,Lifestyle,,
Canale 8 (480p),,,否,0,Undefined,,
Canal Malaga RTV (720p) [Not 24/7],,,否,0,General,,
Bloomberg TV Politics Live Event (720p),,,否,0,Business,,
BOKTV (720p) [Not 24/7],,,否,0,Music,,
BritBox Mysteries (1080p),,,否,0,Documentary,,
Cheksiz TV,,,否,0,Entertainment,,
Canale 7 (480p),,,否,0,General,,
Bonches Latinos TV (720p),,,否,0,Entertainment,,
CBC TV8 (1080p) [Not 24/7],,,否,0,General,,
Canal Orbe 21,,,否,0,Religious,,
Camera dei Deputati (240p),,,否,0,Legislative,,
CCTV-Storm Music (1080p),,,否,0,Music,,
Canal 79 Mar del Plata,,,否,0,Undefined,,
Canal Gov (720p),,,否,0,Legislative,,
Canal Telefamilia (360p) [Not 24/7],,,否,0,Religious,,
Bollywood HD Russia (576p),,,否,0,Movies,,
Canal 79 Puan (240p),,,否,0,Undefined,,
Boogle Bollywood (720p),,,否,0,Music,,
Brian TV (720p) [Not 24/7],,,否,0,News,,
Canal 21 Tachira (360p),,,否,0,General,,
Canal 79 Villa Maza,,,否,0,Undefined,,
Canal ISB (720p),,,否,0,Religious,,
Belarus-5 (1080p) [Not 24/7],,,否,0,Sports,,
Best of The Drew Barrymore Show (Sweden) NO,,,否,0,Entertainment,,
Belarus-1 (1080p),,,否,0,General,,
Classic Music (1080p),,,否,0,Music,,
Canal Sur 2 (720p),,,否,0,General;Public,,
Choppertown (720p),,,否,0,Auto;Series,,
Capuchin TV,,,否,0,Religious,,
Bruno Masi TV (720p),,,否,0,General,,
BRIDGE Classic (576p),,,否,0,Classic;Music,,
Blokbaster HD (1080p),,,否,0,Movies,,
Canal 14 Codazzi (720p) [Not 24/7],,,否,0,Entertainment,,
Canal Sur Noticias,,,否,0,News;Public,,
Belgorod 24 (1080p),,,否,0,General,,
Cinerama Television (720p),,,否,0,Entertainment,,
BPX TV Radio,,,否,0,Music,,
Cine Romance by Pluto TV,,,否,0,Movies,,
Canal 2000 (720p) [Not 24/7],,,否,0,Undefined,,
CBN TV (720p),,,否,0,General,,
Cine Friki (1080p),,,否,0,Movies,,
Bravo TV (1080p),,,否,0,General,,
City Eden TV [Not 24/7],,,否,0,General;Religious,,
Canal 8 C&C Producciones,,,否,0,General,,
Canal 79 Santa Clara del Mar (240p),,,否,0,Undefined,,
Belarus-24 HD (1080p),,,否,0,News,,
Canal 3 KMK TV (720p),,,否,0,Music,,
Caroline in the City,,,否,0,Comedy,,
Canal TV Radio Maya TGBA (480p),,,否,0,Religious,,
Chiloe Red 25 (720p),,,否,0,Culture,,
Camera Smile TV (480p),,,否,0,Comedy,,
Bonanza CA,,,否,0,Movies;Series,,
Belarus-1 HD (1080p),,,否,0,General,,
Canal 3 Impresionante (480p),,,否,0,General,,
BET Comedy Movies,,,否,0,Movies,,
BET Throwbacks,,,否,0,Comedy,,
Canal de la Fe (720p),,,否,0,Religious,,
Canal 30 TV Bethel (720p) [Not 24/7],,,否,0,Religious,,
Cine Western by Pluto TV,,,否,0,Movies,,
bon appetit (1080p),,,否,0,Cooking,,
Canal 26 (Mexico) (1080p),,,否,0,Undefined,,
Big TV 24x7 (1080p),,,否,0,News,,
Belarus-5 HD (1080p),,,否,0,Sports,,
Cinecanal (1080p),,,否,0,Movies,,
Catholic Faith Network (720p),,,否,0,Religious,,
Bethel TV (720p),,,否,0,Religious,,
CBS en espanol,,,否,0,Entertainment,,
Canal Coin TV (1080p),,,否,0,General,,
BSTV (Pakistan) (576p),,,否,0,General,,
Channel 8 (Singapore) (720p),,,否,0,General,,
Bondi Rescue (United States) (720p),,,否,0,Entertainment,,
Canal 79 La Costa (240p),,,否,0,Undefined,,
CityTV 20 Santa Monica (360p) [Not 24/7],,,否,0,Legislative,,
Caracola TV,,,否,0,General,,
Black News Channel (1080p),,,否,0,News,,
Canal Mas TV (720p),,,否,0,General,,
City Eden Play [Not 24/7],,,否,0,Music,,
CafeTV24 (720p),,,否,0,Undefined,,
BEK News (720p),,,否,0,News,,
Catatumbo TV (406p),,,否,0,General,,
Classic TV,,,否,0,Classic,,
BET Pluto TV,,,否,0,Entertainment,,
Channel 44 (480p),,,否,0,General,,
Canal Alpha Neuchatel (1080p) [Not 24/7],,,否,0,Undefined,,
Caillou,,,否,0,Undefined,,
Cannes Lerins TV (1080p),,,否,0,General,,
Budapest Europa Televizio (576p),,,否,0,General,,
Canal Congreso (1080p),,,否,0,Legislative,,
Canal 4 Jujuy,,,否,0,Undefined,,
Cay TV (720p),,,否,0,General,,
Canal 10 (El Salvador) (720p),,,否,0,General,,
Bravo (720p),,,否,0,Undefined,,
CINDIE TV (1080p),,,否,0,Movies,,
Caroline in the City DK,,,否,0,Comedy,,
Canal 6 (El Salvador) (720p),,,否,0,General,,
Carac 4 (1080p),,,否,0,Entertainment,,
CCTN 47 (1080p) [Not 24/7],,,否,0,Religious,,
CCTV-Storm Theater (1080p),,,否,0,Movies,,
Beverly Hills 90210,,,否,0,Series,,
Broad City DK,,,否,0,Comedy,,
Cine Catastrophe by Pluto TV,,,否,0,Movies,,
Canal 5 Puerto Montt,,,否,0,General,,
Citytv Bogota (1080p),,,否,0,General,,
Brondby TV,,,否,0,Sports,,
Bollygold (1080p),,,否,0,Movies,,
BS Film (576p),,,否,0,General,,
Boishakhi TV,,,否,0,General,,
BMC-HD TV (720p),,,否,0,General,,
Canal San Roque (1080p) [Not 24/7],,,否,0,General,,
Cine d'Asie by Pluto TV,,,否,0,Movies,,
Canal 11 TuTV (349p),,,否,0,General,,
Caoba TV Radio (720p) [Not 24/7],,,否,0,General,,
Best of BATV Channel,,,否,0,General,,
Cable Imagen Armstrong (540p) [Not 24/7],,,否,0,Undefined,,
Caracol Internacional (1080p),,,否,0,General,,
Ciftci TV (720p) [Not 24/7],,,否,0,Culture;Education,,
City Eden KinoFantastika [Not 24/7],,,否,0,Movies,,
Canal 38 (720p),,,否,0,News,,
Cinevault Westerns (540p) [Geo-blocked],,,否,0,Classic,,
British Comedy,,,否,0,Comedy,,
BIZ Cinema (1080p),,,否,0,Movies,,
Cadena TV SD,,,否,0,Undefined,,
Broad City NO,,,否,0,Comedy,,
BRIDGE Deluxe HD (576p),,,否,0,Music,,
Bir TV (720p),,,否,0,Undefined,,
Biz TV (1080p),,,否,0,Lifestyle,,
Canal 8 Catacaos (720p) [Not 24/7],,,否,0,General,,
China Channel (720p),,,否,0,General,,
Brit Asia TV (1080p),,,否,0,Undefined,,
Canal Parlamento del Congreso de Jalisco (720p) [Not 24/7],,,否,0,Legislative,,
BNB Digital (720p),,,否,0,General,,
Canal 7 TV (720p),,,否,0,Undefined,,
Camp Kulinaris NO,,,否,0,Entertainment,,
CGNTV Chinese (1080p),,,否,0,Religious,,
Caracol HD2 (1080p),,,否,0,General,,
CBS KIRO-TV (1080p),,,否,0,General,,
Canal Mas Television (720p),,,否,0,General,,
CBS WHIO-TV (1080p),,,否,0,General,,
Canal Dos (720p),,,否,0,General,,
Caribbean Gospel TV,,,否,0,Religious,,
CCTV-The First Theater (1080p),,,否,0,Movies,,
Bull DK,,,否,0,Series,,
CNA International (576p),,,否,0,News,,
Britain's Next Top Model DK,,,否,0,Series,,
CMAP Channel 19 (720p),,,否,0,Undefined,,
Canal DTV (720p),,,否,0,General,,
Charapa TV (720p),,,否,0,General,,
Channel One (Russia) Europa (480p),,,否,0,General,,
Black Family Sitcoms,,,否,0,Comedy,,
Canal 44 (720p) [Not 24/7],,,否,0,Undefined,,
Channel Divya (1080p),,,否,0,Religious,,
Canal Survision Alerce (720p),,,否,0,Undefined,,
Canal 3 Pinamar,,,否,0,Undefined,,
Canal 11 (Guatemala) (1080p),,,否,0,General,,
Canal 22 Nacional (720p) [Geo-blocked],,,否,0,Undefined,,
Car Chase (Sweden) (720p),,,否,0,Series,,
Clan Internacional (1080p),,,否,0,Kids;Public,,
CMAP Channel 18 (720p),,,否,0,General,,
Cine by Pluto TV,,,否,0,Movies,,
Beyond Belief: Fact or Fiction,,,否,0,Undefined,,
Bellator MMA,,,否,0,Sports,,
China Travel (1080p),,,否,0,Culture;Documentary;Travel,,
Berks Community TV (1080p),,,否,0,General,,
CBeebies (United Kingdom) HD,,,否,0,Kids,,
Best of Dr Phil,,,否,0,Entertainment,,
CCTV-Weapon & Technology (1080p),,,否,0,Documentary,,
CMAP Channel 17 (720p),,,否,0,Legislative,,
Canal 4 Villa Dolores,,,否,0,General,,
Claro Vision TV (720p),,,否,0,Entertainment,,
CMAP Channel 20 (720p),,,否,0,General,,
Bollywood Film,,,否,0,Classic;Movies,,
Cine Sci-Fi by Pluto TV,,,否,0,Movies,,
Bull NO,,,否,0,Series,,
Breinholts,,,否,0,Entertainment,,
Cin Cin,,,否,0,Classic;Series,,
Classic Movie Westerns,,,否,0,Movies;Series,,
CityNews Edmonton,,,否,0,News,,
CMB Television (1080p),,,否,0,Religious,,
City Eden KinoKomediya [Not 24/7],,,否,0,Movies,,
Canal 33 Madrid,,,否,0,Undefined,,
Chaos City,,,否,0,Series,,
BIZ Music (1080p),,,否,0,Music,,
Bull,,,否,0,Series,,
Bolivia TV (720p) [Not 24/7],,,否,0,General,,
CANAL M Television (720p),,,否,0,General,,
Cine Terror,,,否,0,Movies,,
Cine 666 by Pluto TV,,,否,0,Movies,,
Canal Metropolitano de Noticias,,,否,0,News,,
Canal 8 Mar del Plata (720p) [Not 24/7],,,否,0,Undefined,,
Chocolate FM (720p),,,否,0,Music,,
Bharat Express (576p),,,否,0,News,,
CityNews Calgary (720p),,,否,0,News,,
Classic TV Drama,,,否,0,Classic,,
Cinecanal Pacific (1080p),,,否,0,Movies,,
Bol Entertainment HD,,,否,0,Entertainment,,
Canal Sierra de Cadiz (1080p) [Not 24/7],,,否,0,General,,
Cao Bang TV (720p),,,否,0,General,,
CityNews Toronto (720p),,,否,0,News,,
Boligkjop i blinde,,,否,0,Cooking;Lifestyle,,
Center TV (1080p),,,否,0,General,,
BYU TV (1080p),,,否,0,Undefined,,
Cananga TV (720p),,,否,0,General,,
Britain's Next Top Model NO,,,否,0,Series,,
Box Kids TV (720p),,,否,0,Kids,,
Champion TV,,,否,0,Business,,
BRIDGE Hits (576p),,,否,0,Music,,
Cine Action by Pluto TV,,,否,0,Movies,,
Canal 3 La Pampa (1080p),,,否,0,Undefined,,
BET Classics Pluto TV,,,否,0,Entertainment,,
Bondi Rescue (Sweden) DK (720p),,,否,0,Series,,
Bendicion Channel (720p),,,否,0,Religious,,
Buzzfeed Unsolved,,,否,0,Undefined,,
Bread TV (720p),,,否,0,Undefined,,
Canal 3 Las Heras (720p),,,否,0,Undefined,,
CityNews Vancouver (720p),,,否,0,News,,
Bharat Samachar (576p),,,否,0,News,,
Channel WIN (720p),,,否,0,Religious,,
Cloudflare TV (720p),,,否,0,Education,,
Chaco TV (720p) [Not 24/7],,,否,0,Undefined,,
Cartoon Classics,,,否,0,Animation;Kids,,
Buendia TV,,,否,0,News,,
Christian Youth Channel CYC (1080p),,,否,0,Kids;Religious,,
Canal 4 Esquel,,,否,0,Undefined,,
Canal Institucional (1080p),,,否,0,General,,
Bungo TV (480p) [Not 24/7],,,否,0,General,,
Cine Adrenalina,,,否,0,Movies,,
Car Chase (Sweden) DK (720p),,,否,0,Series,,
Chef Champion (720p) [Not 24/7],,,否,0,Cooking,,
Car City Adventures,,,否,0,Undefined,,
City Eden KinoAction [Not 24/7],,,否,0,Movies,,
City TV (Bulgaria) (576p) [Not 24/7],,,否,0,Music,,
Canal 17 RTVD (1080p),,,否,0,Culture,,
Cinevision Canal 19 (1080p) [Not 24/7],,,否,0,General,,
Bigtime,,,否,0,Undefined,,
Cerritos TV3 (360p),,,否,0,General,,
Cine Western (France) (1080p),,,否,0,Movies,,
CCTV-Women's Fashion SD (1080p),,,否,0,Lifestyle,,
Classica (720p),,,否,0,Music,,
BTB Info (1080p),,,否,0,Documentary;News,,
Channel 13 (Maldives),,,否,0,General,,
Blaze Live (720p),,,否,0,News,,
Canal TRV (576p),,,否,0,General,,
Bloomberg Originals SD (1080p),,,否,0,Business;Documentary,,
Boas Novas (1080p),,,否,0,Undefined,,
Best of MTV,,,否,0,Entertainment,,
Big Ten Network (720p),,,否,0,Undefined,,
Big Planet (576p),,,否,0,Undefined,,
Canal 2 Quellon (1080p) [Not 24/7],,,否,0,Undefined,,
Bonaire.tv (1080p) [Not 24/7],,,否,0,Culture,,
Classic TV Crime Drama,,,否,0,Classic,,
CAN TV27 (1080p),,,否,0,General,,
Casma TV (720p),,,否,0,General,,
Canal Universidad,,,否,0,Education,,
Blu Radio (720p),,,否,0,General,,
CAN TV19 (1080p),,,否,0,General,,
California Music Channel (1080p),,,否,0,Music,,
Canal 8 (720p) [Not 24/7],,,否,0,General,,
Chappelle's Show DK,,,否,0,Comedy,,
BR6 TV (720p),,,否,0,Undefined,,
Big Time Plus (1080p),,,否,0,Undefined,,
CBS WDEF-TV (720p),,,否,0,General,,
ClickTV Chile (720p),,,否,0,Documentary,,
Caroline in the City NO,,,否,0,Comedy,,
Big Brother,,,否,0,Entertainment,,
CCTV+ 2 (600p) [Not 24/7],,,否,0,News,,
Canal 2 Mar del Plata (720p),,,否,0,General,,
Bob Esponja Calca Quadrada (720p),,,否,0,Kids,,
CC-TV (720p),,,否,0,Undefined,,
Bhakthi TV (720p),,,否,0,Religious,,
CityTV San Diego (360p),,,否,0,Legislative,,
Claro Sports (1080p),,,否,0,Sports,,
City Eden Classic Music [Not 24/7],,,否,0,Music,,
Ch4Teen Documentary (1080p),,,否,0,Religious,,
Cape Town TV (576p),,,否,0,General,,
CBBC HD,,,否,0,Kids,,
Calabria TV,,,否,0,General,,
CBS WCBI-TV (720p),,,否,0,General,,
Canal 2 Gualeguay,,,否,0,General,,
Camp Kulinaris,,,否,0,Entertainment,,
Channel 10 (United States) (720p),,,否,0,Legislative,,
Central TV (Chile) (720p),,,否,0,General,,
Canal Pulpo TV,,,否,0,Entertainment,,
Classic TV: Families,,,否,0,Classic,,
CMTV (720p),,,否,0,General,,
Canal 6 Panadish (720p),,,否,0,General,,
City Eden Birma Play [Not 24/7],,,否,0,Music,,
Chandel TV (720p),,,否,0,Entertainment,,
Cheers (Sweden) NO,,,否,0,Comedy,,
Best of Paradise Hotel: Pandoras Ask,,,否,0,Entertainment,,
Carac 2 (1080p),,,否,0,Entertainment,,
Canal Donana (720p) [Not 24/7],,,否,0,Undefined,,
Cadena TV (720p) [Not 24/7],,,否,0,Undefined,,
Buena TV (1080p),,,否,0,Entertainment,,
Channel-16 (406p) [Not 24/7],,,否,0,General,,
Canal TV3 (720p) [Not 24/7],,,否,0,General,,
Channel One CIS (576p),,,否,0,General,,
City Eden KinoDetektiv [Not 24/7],,,否,0,Movies,,
Capital TV HD HD,,,否,0,General,,
Canal Latino 54 (360p),,,否,0,Undefined,,
Canal 9 Bio-Bio Television (1080p) [Not 24/7],,,否,0,Undefined,,
CCTV+ 1 (600p) [Not 24/7],,,否,0,News,,
Channel One Eurasia (576p),,,否,0,General,,
Chappelle's Show,,,否,0,Comedy,,
Canal Calima TV (720p),,,否,0,General,,
Cine Amor,,,否,0,Movies,,
Bom Channel (720p),,,否,0,General,,
CCTV-World Geography SD (1080p),,,否,0,Education,,
BLK Regional TV (1080p),,,否,0,Undefined,,
CAN TV21 (1080p),,,否,0,General,,
CBS WJAX-TV (1080p),,,否,0,General,,
Canal Capital (1080p),,,否,0,General,,
Bob Esponja Pantalones Cuadrados (720p),,,否,0,Kids,,
Ciudad Magica (720p),,,否,0,Outdoor,,
Blue Bloods,,,否,0,Series,,
CCTV-8K HD (1080p),,,否,0,Undefined,,
Bounce XL (1080p),,,否,0,Entertainment,,
City Eden KinoAsia [Not 24/7],,,否,0,Movies,,
CAN TV36 (1080p),,,否,0,General,,
Charity TV,,,否,0,Religious,,
Cine Nanar (1080p),,,否,0,Movies,,
Bober (576p),,,否,0,Undefined,,
Bon Dia TV (1080p),,,否,0,General;Public,,
CCV (480p),,,否,0,General,,
Canal Multivision (720p) [Not 24/7],,,否,0,General,,
Canal FDR,,,否,0,Education;General,,
Canal 6 Viento Recio,,,否,0,Religious,,
Candelita TV (480p),,,否,0,Religious,,
Chroma TV (480p),,,否,0,Entertainment,,
BUTV10 (1080p) [Not 24/7],,,否,0,Education,,
Classic TV: Families CA,,,否,0,Classic,,
BRIDGE Rock (576p),,,否,0,Music,,
BRTV (Indonesia) (720p),,,否,0,Undefined,,
Canal 12 (576p),,,否,0,General,,
Carac 3 (1080p),,,否,0,Entertainment,,
Best of The Drew Barrymore Show (Sweden) DK,,,否,0,Entertainment,,
California Medios TV (720p),,,否,0,General,,
Carac 5,,,否,0,Entertainment,,
Canela TV (1080p),,,否,0,Entertainment,,
Britain's Next Top Model,,,否,0,Series,,
Canal del Sol (1080p) [Not 24/7],,,否,0,General,,
Classic TV Comedy,,,否,0,Comedy,,
Cetelmon TV (404p),,,否,0,Religious,,
Canal I (1080p),,,否,0,News,,
BUM Television (720p) [Not 24/7],,,否,0,General,,
Cheers + Frasier,,,否,0,Comedy,,
Celebrity Scene TV (720p),,,否,0,Undefined,,
BET Visionaries,,,否,0,Movies,,
BIG BROTHER CLASSIC,,,否,0,Entertainment,,
Classic Movies Channel,,,否,0,Movies,,
Cadena103.TV,,,否,0,Undefined,,
BFM2 (1080p),,,否,0,News,,
Canal 5 El Lider (720p),,,否,0,General,,
CKNO-FM (616p),,,否,0,Music,,
Canal 45 (576p),,,否,0,Undefined,,
Canal Educacao (720p),,,否,0,Education,,
City of Pompano Beach (720p),,,否,0,Legislative,,
Canal 2 NexTV Rafaela (720p),,,否,0,General,,
Canal 13 Esquipulas (720p),,,否,0,General,,
Better Life TV (720p),,,否,0,Religious,,
BET Pluto TV BR,,,否,0,Entertainment,,
Clan (1080p),,,否,0,Kids;Public,,
Canal 5 Del Pueblo [Not 24/7],,,否,0,General,,
Better Life Nature Channel (480p),,,否,0,Relax,,
Chef TV (720p),,,否,0,Cooking,,
BHTV10 (720p),,,否,0,Undefined,,
Canica TV (240p),,,否,0,Entertainment,,
Charterfeber,,,否,0,Entertainment,,
Car Chase (Sweden) NO (720p),,,否,0,Series,,
BEK Sports West (720p),,,否,0,Sports,,
Cine Thrillers by Pluto TV,,,否,0,Movies,,
Bergamo TV (1080p),,,否,0,General,,
Cine aventura,,,否,0,Entertainment,,
Canal+ Action Europe Slovakia (720p),,,否,0,Movies,,
Best of Dance TV (1080p),,,否,0,Music,,
Canal Diplomatico,,,否,0,Culture,,
Canal Catorce (1080p) [Not 24/7],,,否,0,General,,
Bethel Colombia (720p),,,否,0,Religious,,
Cablenoticias (1080p),,,否,0,News,,
Cheddar News (1080p),,,否,0,News,,
Ciudad TV Resistencia (720p),,,否,0,General,,
Channel One (United States),,,否,0,Culture;News,,
City Eden KinoArt [Not 24/7],,,否,0,Movies,,
Ciracu TV (720p) [Not 24/7],,,否,0,Culture,,
Best of Paradise Hotel: Kyssar & karlek,,,否,0,Entertainment,,
Carivision (1080p) [Geo-blocked],,,否,0,News,,
Canal Showsport (720p),,,否,0,Sports,,
Canale 2 Altamura (576p) [Not 24/7],,,否,0,General,,
Boligjakten,,,否,0,Entertainment,,
Canal 4 San Juan (576p),,,否,0,Undefined,,
Cine en espanol,,,否,0,Entertainment,,
CFM TV Channel 98 (360p),,,否,0,Legislative,,
Caldera Vision,,,否,0,General,,
Canada One (720p) [Not 24/7],,,否,0,Undefined,,
Capital TV HD (1080p),,,否,0,General,,
Broad City,,,否,0,Comedy,,
C31 Melbourne (240p),,,否,0,General,,
Canalda 26 HD [Not 24/7],,,否,0,General,,
Circle (1080p),,,否,0,Entertainment,,
Chithiram (576p),,,否,0,Kids,,
Cine Terror BR,,,否,0,Movies,,
Canal Motor (720p),,,否,0,Auto,,
Best of MTV DK,,,否,0,Entertainment,,
Benie TV (720p),,,否,0,Religious,,
Bonao TV (720p) [Not 24/7],,,否,0,General,,
BTA TV (720p),,,否,0,Music,,
C Malayalam TV (1080p),,,否,0,Culture,,
CHTV (1080p),,,否,0,General,,
Black Ink Crew,,,否,0,Series,,
Clarity 4K (2160p) [Geo-blocked],,,否,0,General,,
Best TV (720p) [Not 24/7],,,否,0,Undefined,,
BMG TV,,,否,0,Business,,
CCTV-Billiards (1080p),,,否,0,Sports,,
Best of Paradise Hotel: Finalveckan,,,否,0,Entertainment,,
Bilyonaryo News Channel (1080p) [Geo-blocked],,,否,0,News,,
Cielo TV (1080p),,,否,0,Religious,,
Chef Roc Show (720p) [Not 24/7],,,否,0,Cooking,,
Canal+ Cinemas (720p),,,否,0,Movies,,
Buenisima Radio TV,,,否,0,Music,,
Carousel International (576p),,,否,0,Kids,,
CG Entertainment,,,否,0,Entertainment,,
Boushehr TV,,,否,0,Undefined,,
Carousel +4 (720p),,,否,0,Kids,,
Cira TV (1080p),,,否,0,Undefined,,
Bellavision (1080p) [Not 24/7],,,否,0,Entertainment,,
Canal Cine Dios,,,否,0,Movies,,
Canal 4 RD (1080p),,,否,0,General,,
Canal Alpha Jura (1080p),,,否,0,Undefined,,
Better Health TV (480p),,,否,0,Lifestyle,,
Bialogardzka Telewizja Kablowa (1080p),,,否,0,Entertainment,,
Canal TDC,,,否,0,News,,
BHTV35 (720p),,,否,0,Undefined,,
BVG (576p),,,否,0,Education,,
Cagney & Lacey,,,否,0,Series,,
BR Fernsehen Sud (1080p),,,否,0,Undefined,,
Choluteca TV (1080p),,,否,0,Religious,,
Canal 6 Posadas (1080p),,,否,0,Undefined,,
Best of Paradise Hotel: Skolveckan,,,否,0,Entertainment,,
Canal Womtv (720p),,,否,0,Entertainment,,
Cine Terror LatAm,,,否,0,Movies,,
Cine Horreur by Pluto TV,,,否,0,Movies,,
Canal 7 Jujuy,,,否,0,Undefined,,
Brat TV (1080p),,,否,0,Kids,,
Canal 5 Santa Fe (240p),,,否,0,Undefined,,
BR Fernsehen (720p),,,否,0,Undefined,,
Bizz TV (1080p),,,否,0,Lifestyle,,
CCTV-Culture of Quality SD (1080p),,,否,0,Undefined,,
City TV Channel 3/41 (360p),,,否,0,Legislative,,
Buying Blind Denmark,,,否,0,Cooking;Lifestyle,,
Cine Premiere,,,否,0,Movies,,
City TV Carlsbad (720p),,,否,0,General,,
Canal 8 San Juan (720p) [Not 24/7],,,否,0,General,,
Canal RCN (1080p),,,否,0,General,,
Bondi Rescue (Sweden) NO (720p),,,否,0,Series,,
City of Fort Pierce (720p),,,否,0,Legislative,,
BRK News (720p),,,否,0,News,,
Billiard TV (1080p) [Geo-blocked],,,否,0,Sports,,
Clubbing TV UK (720p),,,否,0,Music,,
Camp Spoopy (576p),,,否,0,Kids,,
Canal Chilote (720p),,,否,0,Entertainment,,
Bibel TV (720p),,,否,0,Undefined,,
Canal Sete,,,否,0,General,,
BET DK,,,否,0,Series,,
CCTV-Golf & Tennis (1080p),,,否,0,Sports,,
Canal 50 Morteros,,,否,0,Undefined,,
Claro Television Dominicana (360p),,,否,0,General,,
Canal 21 Huancayo (720p),,,否,0,General,,
Binge,,,否,0,General,,
Can Tho TV 2 (1080p),,,否,0,Education;Science,,
Canal 7 Talanga Vision (720p),,,否,0,General,,
Cheers (United States),,,否,0,Series,,
Cine Romantico (720p),,,否,0,Movies,,
Boca Chica TV (720p) [Not 24/7],,,否,0,General,,
Chappelle's Show NO,,,否,0,Comedy,,
Boonniyom TV,,,否,0,Religious,,
Celta TV (240p),,,否,0,Undefined,,
Boreal (720p) [Not 24/7],,,否,0,Movies,,
Canal Local (720p),,,否,0,General,,
Chardikla Gurbaani TV (1080p),,,否,0,News,,
Bharat24 (720p),,,否,0,News,,
Bhojpuri Cinema (720p),,,否,0,Movies,,
Cafe Film,,,否,0,Movies,,
Belarus-24 (576p),,,否,0,News,,
Canal Diocesano (576p),,,否,0,Undefined,,
Chifeng Comprehensive News Chanel,,,否,0,News,,
BTB 3 (1080p),,,否,0,General,,
Canal 30 Loncomilla (720p),,,否,0,General,,
BIG TV (720p),,,否,0,News,,
Channel 12 (1080p),,,否,0,General,,
CJ OnStyle+ (540p),,,否,0,Shop,,
Canal Nets (720p) [Not 24/7],,,否,0,Entertainment,,
Cherniveckiy promin (720p),,,否,0,News,,
Capital 21 (1080p) [Not 24/7],,,否,0,Culture;Entertainment,,
City Eden KinoKlassika [Not 24/7],,,否,0,Movies,,
Canal Provincial (360p),,,否,0,General,,
Fernandina Beach Channel (720p) [Not 24/7],,,否,0,Legislative,,
Colors Gujarati (396p),,,否,0,Entertainment,,
Concert Channel (720p),,,否,0,Music,,
ESPN 4 (1080p),,,否,0,Sports,,
Denver 8 TV (720p),,,否,0,Legislative,,
DBS TV,,,否,0,General,,
CSI: Crime Scene Investigation,,,否,0,Series,,
FailArmy UK (720p),,,否,0,Comedy,,
Dabanga TV (1080p),,,否,0,Education;News,,
Diagnosis Murder NO,,,否,0,Classic;Series,,
Disney Channel (India) (576p),,,否,0,Kids,,
Eslah TV (720p),,,否,0,Religious,,
Extrema Kids TV [Not 24/7],,,否,0,Animation;Kids,,
Everybody Hates Chris DK,,,否,0,Comedy,,
Dateline 24/7 (1080p),,,否,0,Documentary,,
Feel Good Drama,,,否,0,Series,,
Create WMPT,,,否,0,Education,,
Ecovision (720p),,,否,0,Documentary,,
Ellinikos FM (720p),,,否,0,Music,,
Epiloges TV,,,否,0,General,,
FashionTV Paris L'Original (1080p),,,否,0,Lifestyle,,
CTT Canal 49 (1080p) [Not 24/7],,,否,0,General,,
eldo.TV (1080p),,,否,0,Entertainment,,
Electric Now (720p),,,否,0,Entertainment,,
Cool FM 98.9 (720p),,,否,0,Music,,
FIFA+ German (720p),,,否,0,Sports,,
FightBox HD,,,否,0,Sports,,
Detskiy (576p),,,否,0,Kids,,
Cooking Panda (576p),,,否,0,Cooking,,
El Watania 1 (1080i),,,否,0,General,,
Deal or No Deal (1080p),,,否,0,Series,,
Delta TV,,,否,0,General,,
Fashion TV (1080p),,,否,0,Lifestyle,,
CTV (United States) (480p),,,否,0,Undefined,,
Everybody Hates Chris NO,,,否,0,Comedy,,
Discovering China (1080p),,,否,0,Culture;Documentary,,
First Channel News (1080p),,,否,0,News,,
Extrema TV (United States) (720p),,,否,0,Undefined,,
Enterr 10 Bangla (576p),,,否,0,Entertainment,,
Dom kino International (576p),,,否,0,Movies,,
DC Council Hearing Room 120 (1080p),,,否,0,Legislative,,
Dushevnoe HD (1080p),,,否,0,Undefined,,
DLTV 7 (1080p),,,否,0,Education,,
Evrokino (576p),,,否,0,Movies,,
Falastini TV (1080p),,,否,0,Music,,
Dunya News UK (720p) [Not 24/7],,,否,0,News,,
Fashion&LifeStyle (1080p),,,否,0,Lifestyle,,
CreaLaTV (1080p),,,否,0,General,,
Dien Bien TV (1080p),,,否,0,General,,
Farovision (720p),,,否,0,General,,
Daria,,,否,0,Comedy,,
Diagnosis Murder,,,否,0,Classic;Series,,
CSI (Sweden),,,否,0,Series,,
ETV News (1080p),,,否,0,News,,
DSTV (Bulgaria) (614p) [Not 24/7],,,否,0,Music,,
Epic TV Digital (1080p),,,否,0,Entertainment,,
CSat TV (1080p) [Not 24/7],,,否,0,Religious,,
DiviSport (1080p),,,否,0,Sports,,
FB TV,,,否,0,Sports,,
El Trece Internacional Latin America (1080p),,,否,0,General,,
Dare To Dream Network,,,否,0,Religious,,
Comedy Central South Park,,,否,0,Animation;Comedy,,
Cultura 24,,,否,0,Culture,,
Eurasia (720p),,,否,0,General,,
Disha TV (396p),,,否,0,Undefined,,
De Pelicula US (720p),,,否,0,Movies,,
Deniz Postasi TV (720p) [Not 24/7],,,否,0,General,,
El Comisario,,,否,0,Series,,
Cosmos Tv,,,否,0,Movies;News,,
Documentary+ (1080p),,,否,0,Documentary,,
COM Brasil (720p),,,否,0,General,,
Comedy Central Pluto TV BR,,,否,0,Comedy,,
Exodus TV (720p),,,否,0,Religious,,
ERT Cosmos (1080p),,,否,0,General,,
Dukh Nivaran (720p) [Not 24/7],,,否,0,Culture,,
Elsharq TV (1080p) [Not 24/7],,,否,0,General,,
Cruz TV,,,否,0,Legislative,,
CVR OM Spiritual (576p),,,否,0,Religious,,
Dijlah TV (1080p),,,否,0,News,,
Ecotel TV (720p),,,否,0,News,,
Fateh TV (1080p) [Not 24/7],,,否,0,Religious,,
Diff'rent Strokes Arnold,,,否,0,Series,,
EWTN Poland (1080p),,,否,0,Religious,,
Codigo TV (1080p) [Not 24/7],,,否,0,General,,
Disco Polo Music (1080p),,,否,0,Music,,
Delfi TV,,,否,0,General,,
CVTV Channel 194 (1080p),,,否,0,General,,
Ecuavisa Guayaquil (1080p) [Not 24/7],,,否,0,General,,
Evrokino HD (1080p),,,否,0,Movies,,
DLTV 11 (1080p),,,否,0,Education,,
Filmex (1080p) [Geo-blocked],,,否,0,Movies,,
Filinfo TV (1080p),,,否,0,News,,
Estacion Limache TV (720p),,,否,0,Entertainment,,
Die Neue Zeit TV (576p),,,否,0,Religious,,
Dallas Cowboys Cheerleaders,,,否,0,Series,,
Filstalwelle (1080p),,,否,0,General,,
DD Sahyadri (504p),,,否,0,General,,
ETV Kayseri (720p),,,否,0,General,,
Dallas Cowboys Cheerleaders DK,,,否,0,Series,,
Comedy Central (United States) CA,,,否,0,Comedy,,
Dangal 2 (720p),,,否,0,Entertainment,,
ETB 1 (1080p) [Geo-blocked],,,否,0,General;Public,,
Curro Jimenez,,,否,0,Series,,
ERT News HD (1080p),,,否,0,News,,
Farscape,,,否,0,Series,,
DLTV 12 (1080p),,,否,0,Education,,
FIFA+ Hispanic America (720p),,,否,0,Sports,,
Dhoom Music (720p),,,否,0,Music,,
Euro D (720p),,,否,0,General,,
Dhamma TV (720p) [Not 24/7],,,否,0,Religious,,
Concepcion TV (720p),,,否,0,General,,
Dong Nai TV 1 (720p),,,否,0,General;News,,
Divya Darshan TV HD (1080p),,,否,0,Religious,,
DCC (1080p),,,否,0,Legislative,,
Expo Channel (360p),,,否,0,Shop,,
ConstanzaTV (1080p) [Not 24/7],,,否,0,General,,
EKids (576p),,,否,0,Kids,,
Coto Brus TV (720p),,,否,0,General,,
Contivision (720p),,,否,0,News,,
Desi Channel (720p),,,否,0,Entertainment,,
Farra Play (576p),,,否,0,Music,,
Crazy Ex-Girlfriend,,,否,0,Comedy,,
Dr. Gene Scott (1080p),,,否,0,Religious,,
DraftKings Network (1080p),,,否,0,Sports,,
Cypress Channel 36 (360p),,,否,0,Legislative,,
CVTV Channel 192 (1080p),,,否,0,General,,
ETB1 On (1080p),,,否,0,Public,,
FILMBOX+ Festival,,,否,0,Movies,,
Don't Tell The Bride (1080p),,,否,0,Series,,
DreamWorks Channel Latin America,,,否,0,Animation,,
DD Malayalam (504p),,,否,0,Entertainment,,
Curiosity Channel (720p),,,否,0,Education,,
entelevision (1080p) [Not 24/7],,,否,0,General,,
CSI: NY en espanol,,,否,0,Entertainment,,
Dark Matter TV (720p),,,否,0,Series,,
ESPN (1080p),,,否,0,Sports,,
Erz-TV Stollberg (576p),,,否,0,General,,
Extreme Sports Channel (576p),,,否,0,Sports,,
District of Columbia Network (1080p),,,否,0,Legislative,,
FILMBOX+ One Nederland,,,否,0,Movies,,
Dnipro TV (1080p),,,否,0,General,,
Cnews Bharat (720p),,,否,0,News,,
CNC Bugavision (720p),,,否,0,General,,
E 24 (576p),,,否,0,Entertainment,,
Erfan Halgheh TV (720p),,,否,0,Religious,,
Enlace (1080p),,,否,0,Religious,,
Cosmos Tv SD,,,否,0,Movies;News,,
Detective Conan,,,否,0,Animation;Kids,,
DD Manipur (504p),,,否,0,General,,
Enisey (576p),,,否,0,General,,
DI.TV 80 (720p),,,否,0,General,,
Cusano Italia TV (720p),,,否,0,General,,
Docevision (720p),,,否,0,General,,
DCC: Making the Team,,,否,0,Entertainment,,
ETB 2 (1080p) [Geo-blocked],,,否,0,General;Public,,
Dismar Radio TV (720p),,,否,0,Music,,
EWTN (United States) (720p) [Geo-blocked],,,否,0,Religious,,
El Watania 2 (1080p),,,否,0,General,,
CNC Santander de Quilichao (480p),,,否,0,General,,
Fierro a Fondo TV (1080p),,,否,0,Auto,,
Det sene show med Christian Fuhlendorff,,,否,0,Entertainment,,
Cops (720p),,,否,0,Series,,
DD Saptagiri (504p),,,否,0,General,,
Der TV,,,否,0,General,,
Dhoho TV (720p),,,否,0,General,,
Di TV (1080p),,,否,0,News,,
Dry Bar Comedy+ (720p),,,否,0,Comedy,,
Dheeran TV (576p),,,否,0,Religious,,
ducktv HD,,,否,0,Kids,,
FIFA+ Italy (720p),,,否,0,Sports,,
Euronews Italian (720p),,,否,0,News,,
CVR English (720p),,,否,0,News,,
Disney Channel (United States) HD East (720p),,,否,0,Kids,,
Conecta2TV (720p) [Not 24/7],,,否,0,News,,
Dudelange TV (720p),,,否,0,General,,
DD Meghalaya (504p),,,否,0,General,,
Dangal TV (720p),,,否,0,General,,
Family Ties (Sweden),,,否,0,Comedy,,
Colosal TV,,,否,0,Entertainment,,
EWTN/Bonum TV,,,否,0,Religious,,
El Puerto TV (720p),,,否,0,Religious,,
Estacion TV (720p),,,否,0,Undefined,,
E International Asia (576p),,,否,0,General,,
DMI TV (576i),,,否,0,Religious,,
Dong Nai TV 2 (720p),,,否,0,Entertainment;Sports,,
Comedy Central Pluto TV,,,否,0,Comedy,,
DD Kisan (1080p),,,否,0,Education;Outdoor,,
Energia TV (720p) [Not 24/7],,,否,0,General,,
CVR Health (576p),,,否,0,Lifestyle,,
FILMBOX+ Festival HD (1080p),,,否,0,Movies,,
Egnatia TV (576p),,,否,0,News,,
Extra 86 TV (720p) [Not 24/7],,,否,0,General,,
DW Russian (1080p),,,否,0,News,,
Crazy Ex-Girlfriend NO,,,否,0,Comedy,,
CNews (1080p),,,否,0,News,,
FashionTV Secrets (1080p),,,否,0,Lifestyle,,
DLTV 13 (1080p),,,否,0,Education,,
Entella TV (720p) [Not 24/7],,,否,0,General,,
ETV (Estonia) (720p),,,否,0,General,,
Disney Jr. Latin America South (1080p),,,否,0,Animation;Kids,,
Detective Conan France (720p),,,否,0,Animation;Kids,,
EBC General Education (720p) [Not 24/7],,,否,0,Education,,
DLTV 8 (1080p),,,否,0,Education,,
DUST (1080p),,,否,0,Movies,,
Expresa TV (720p),,,否,0,General,,
Fast TV (720p),,,否,0,Undefined,,
CSI: Miami en espanol,,,否,0,Entertainment,,
Dagestan (1080p),,,否,0,Undefined,,
DMF (1080p) [Not 24/7],,,否,0,Music,,
Disney Jr. Latin America South HD (1080p),,,否,0,Animation;Kids,,
Da Nang TV2 (1080p) [Not 24/7],,,否,0,General,,
ETB2 On (1080p),,,否,0,Entertainment,,
CSI: NY,,,否,0,Series,,
Crime + Investigation (720p),,,否,0,Entertainment,,
Farg'ona MTRK,,,否,0,General,,
Domashnie Zhivotnye (576p),,,否,0,Lifestyle,,
Colors Cineplex Bollywood (576p),,,否,0,Movies,,
Eshragh Network,,,否,0,General,,
Dost TV (576p),,,否,0,Religious,,
DD Mizoram (504p),,,否,0,Culture;News,,
FIFA+ Portuguese (720p),,,否,0,Sports,,
FILMBOX+ Comedy Romania,,,否,0,Movies,,
Coptic TV (720p) [Not 24/7],,,否,0,Religious,,
Euro TV (Italy) (720p) [Not 24/7],,,否,0,Undefined,,
EL TV,,,否,0,General,,
Cool TV (1080p) [Not 24/7],,,否,0,General,,
DerryTV 17 (720p),,,否,0,Legislative,,
CRTV News,,,否,0,News,,
DD Sports (720p),,,否,0,Sports,,
FilAmTV Network (1080p),,,否,0,General,,
Filmex Clasico (1080p) [Geo-blocked],,,否,0,Movies,,
FIFA+ (720p),,,否,0,Sports,,
DocuBay TV (1080p),,,否,0,Documentary,,
English Club TV (576i),,,否,0,Education,,
Documentary+ International (1080p),,,否,0,Documentary,,
E International Europe (576p),,,否,0,General,,
Dorama (576p),,,否,0,Movies,,
ETV Bal Bharat (576p),,,否,0,Kids,,
EWTN Ukraine (1080p),,,否,0,Religious,,
Doyel TV,,,否,0,Culture,,
E! East (1080p),,,否,0,Entertainment,,
ElyTV (360p),,,否,0,Entertainment,,
Ecclesia TV (Greece) (1080p),,,否,0,Undefined,,
Erzurum Web TV (720p),,,否,0,General,,
Eveo (720p) [Not 24/7],,,否,0,General,,
DLTV 9 (1080p),,,否,0,Education,,
Drive (576i),,,否,0,Auto,,
El Pituco TV (720p),,,否,0,General,,
Fairuz (1080p),,,否,0,Music,,
First Music Channel (1080p),,,否,0,Music,,
Euro Indie Music Chart TV (360p),,,否,0,Music,,
Diez TV Ubeda (1080p),,,否,0,General,,
CVC Government (480p),,,否,0,Legislative,,
CromTV (1080p) [Not 24/7],,,否,0,General,,
Elche 7 TV (576p),,,否,0,Undefined,,
Da Nang TV 1 (1080p) [Not 24/7],,,否,0,General,,
El Gourmet South (1080p),,,否,0,Cooking,,
Exa TV,,,否,0,Music,,
Fish TV (720p),,,否,0,Outdoor,,
Dikaya okhota HD (1080p),,,否,0,Outdoor,,
CVC Education (480p),,,否,0,Education,,
EWTN (United States) Africa-Asia (720p),,,否,0,Religious,,
Dios Te Ve Kids (720p),,,否,0,Kids;Religious,,
Esperia TV (480p),,,否,0,General,,
Elias Pina TV (720p) [Not 24/7],,,否,0,General,,
EUTV (720p),,,否,0,General,,
Comedy Central Pluto TV LatAm,,,否,0,Comedy,,
CVC Public (480p),,,否,0,General,,
DRTV International,,,否,0,General,,
Dios Te Ve (720p),,,否,0,Religious,,
CV Vision TV (288p) [Geo-blocked],,,否,0,General,,
Costa Rica Channel (576p) [Not 24/7],,,否,0,Culture;Travel,,
Crunchyroll (720p),,,否,0,Animation,,
Delta TV Canal 50 (720p) [Not 24/7],,,否,0,General,,
Duck Dynasty (1080p),,,否,0,Series,,
F1 Channel (1080p) [Geo-blocked],,,否,0,Sports,,
Enterate RD [Not 24/7],,,否,0,General,,
Comedia a lo bestia de Pluto TV,,,否,0,Comedy,,
Disney Channel Latin America Center (1080p),,,否,0,Animation;Kids,,
CVR News (576p),,,否,0,News,,
English Club Global,,,否,0,Education,,
FILMBOX+ Hits Romania (576p),,,否,0,Movies,,
Comedy Central Roast,,,否,0,Comedy,,
Crime 360 (720p),,,否,0,Documentary,,
Estepona Television (720p),,,否,0,Undefined,,
Darshana TV (576p),,,否,0,Entertainment,,
Escuchame Radio TV (720p) [Not 24/7],,,否,0,Religious,,
CNEWS PRIME (1080p),,,否,0,News,,
Cold Case Files (1080p),,,否,0,Series,,
ERi-TV 1 (576p),,,否,0,General,,
Familien fra Bryggen,,,否,0,Entertainment,,
Epic Bharat (576p),,,否,0,Entertainment,,
FilmUA Live,,,否,0,Movies,,
Ecuador TV (1080p),,,否,0,General,,
Colors Marathi HD (720p),,,否,0,Entertainment,,
Dove Channel (1080p),,,否,0,Family,,
EDN TV (1080p) [Not 24/7],,,否,0,Entertainment,,
Dating Naked UK,,,否,0,Series,,
Colors Kannada HD (1080i),,,否,0,Entertainment,,
Diez TV Las Villas (1080p),,,否,0,General,,
DD Nagaland (504p),,,否,0,General,,
CNC Tulua (1080p),,,否,0,General,,
Estrella TV WMBC-TV (720p),,,否,0,Entertainment,,
Dallas Cowboys Cheerleaders NO,,,否,0,Series,,
Dikaya rybalka HD (1080p),,,否,0,Outdoor,,
Dhamaal (576p),,,否,0,Music,,
FIFA+ Spain (720p),,,否,0,Sports,,
Dora TV,,,否,0,Kids,,
DellaTV (720p),,,否,0,General,,
EVI TV (720p),,,否,0,Entertainment,,
El Sembrador Nueva Evangelizacion ESNE,,,否,0,Religious,,
Dac TV (720p),,,否,0,General,,
Espace TV (1080p),,,否,0,News,,
Colors MENA HD (720p),,,否,0,Entertainment,,
Conecta TV (720p),,,否,0,Music,,
DLTV 10 (1080p),,,否,0,Education,,
Edessa TV (1080p),,,否,0,Entertainment,,
EWTN (United States) Asia-Pacific (720p),,,否,0,Religious,,
Euronews Portuguese (720p),,,否,0,News,,
Duck Hunting TV (1080p),,,否,0,Outdoor,,
DerryTV 23 (720p),,,否,0,Education;General,,
DD Sports SD (1080p),,,否,0,Sports,,
DBM TV (1080p),,,否,0,Music,,
Credo TV,,,否,0,Religious,,
EBS Musika (720p),,,否,0,Music,,
DTV (Peru) (720p),,,否,0,General,,
ERTV (1080p) [Geo-blocked],,,否,0,General,,
DD Madhya Pradesh (720p),,,否,0,General,,
Dating Naked UK DK,,,否,0,Series,,
Disney Jr. Latin America North HD (1080p),,,否,0,Animation;Kids,,
El Canal Feliz (720p),,,否,0,Entertainment,,
ESPN8: The Ocho (1080p),,,否,0,Sports,,
Elevation Church Network (1080p),,,否,0,Religious,,
FilmRise Forensic Files (720p) [Geo-blocked],,,否,0,Movies,,
Firstlight (576p),,,否,0,Religious,,
Europa Europa (1080p),,,否,0,Series,,
Colome TV [Not 24/7],,,否,0,General,,
EBS Cinema (720p),,,否,0,Movies,,
Corazon TV,,,否,0,Music,,
EBS HD (1080p),,,否,0,Culture,,
FIFA+ United States (720p),,,否,0,Sports,,
ETV Beats (1080p),,,否,0,Music,,
DLTV 14 (1080p),,,否,0,Education,,
Epic Bharat Digital (1080p),,,否,0,Entertainment,,
Dragon TV International,,,否,0,General,,
Educa TV (720p) [Not 24/7],,,否,0,Education,,
Datis TV,,,否,0,Undefined,,
DD National (576p),,,否,0,Entertainment,,
Eawaz TV (720p) [Not 24/7],,,否,0,Culture,,
Disney Channel Latin America Mexico (720p),,,否,0,Animation;Kids,,
Fear Factor (1080p),,,否,0,Series,,
Cristovision (720p),,,否,0,Religious,,
DeFiance Media (1080p),,,否,0,Business,,
ETB Events 1 (1080p),,,否,0,General;Public,,
DD Himachal Pradesh (504p),,,否,0,General,,
Dating Naked UK NO,,,否,0,Series,,
CTVN AKD Plus (1080p),,,否,0,News,,
Decima TV (720p),,,否,0,General,,
Comedy Play (576i),,,否,0,Comedy,,
Extra ProNews (576p),,,否,0,Entertainment;News;Shop,,
Euronews German (720p),,,否,0,News,,
Digi Sport 2 HD (1080i),,,否,0,Sports,,
Diyanet TV (1080p),,,否,0,Religious,,
Disney XD (Poland) (576p),,,否,0,Kids,,
El encantador de perros,,,否,0,Series,,
Duronto TV (720p),,,否,0,Kids,,
Faith World TV (1080p),,,否,0,Religious,,
CSI: Miami BR,,,否,0,Series,,
ESPNews (720p),,,否,0,News;Sports,,
Ekamra Bharat Odia (400p),,,否,0,News,,
Emisora Comunitaria 104.1 FM,,,否,0,General,,
Dunyo bo'ylab (1080p),,,否,0,General,,
E! Keeping Up (1080p),,,否,0,Entertainment,,
DD Tamil HD (1080p),,,否,0,General,,
Costa Noroeste TV (1080p) [Not 24/7],,,否,0,General,,
Expressen TV (1080p),,,否,0,News,,
Dance FM (720p),,,否,0,Music,,
DLTV 15 (1080p),,,否,0,Education,,
Divyavani TV (576p),,,否,0,Religious,,
Comet (1080p),,,否,0,Entertainment,,
EAC News TV,,,否,0,News,,
El Radar (720p),,,否,0,General,,
Despertar TV (720p),,,否,0,Religious,,
Daystar TV WSLF-LD (720p),,,否,0,Religious,,
Cool Channel,,,否,0,Undefined,,
CRTV (Chile) (720p),,,否,0,Sports,,
CSI en espanol,,,否,0,Undefined,,
Coral TV (720p),,,否,0,General,,
EWTN (United States) Canada (720p),,,否,0,Religious,,
Dmoda Channel (1080p),,,否,0,General,,
DW Arabic (1080p),,,否,0,News,,
DD National HD (1080p),,,否,0,Entertainment,,
Drake & Josh,,,否,0,Kids,,
DD Chandana (504p),,,否,0,General,,
CSI: Miami,,,否,0,Series,,
Deep House District (1080p),,,否,0,Music,,
FILMBOX+ Love & Crime Romania,,,否,0,Movies,,
Fashion Finds (720p),,,否,0,Lifestyle;Shop,,
ducktv PLUS,,,否,0,Kids,,
FailArmy (720p),,,否,0,Comedy,,
Deen TV (576p),,,否,0,General,,
El Seis 6 (1080p) [Not 24/7],,,否,0,General,,
Domashniy (576p),,,否,0,Lifestyle,,
El Radio 9090 FM (480p),,,否,0,Music,,
EMI TV,,,否,0,Music,,
CTV8 HD,,,否,0,General,,
Ekoturk (720p),,,否,0,News,,
FailArmy Brazil,,,否,0,Comedy,,
El Pinguino TV (720p),,,否,0,News,,
DIM (576p),,,否,0,General,,
Dom kino Premium HD (1080p),,,否,0,Movies,,
Disney Channel Latin America North (576p),,,否,0,Animation;Kids,,
DAAI TV,,,否,0,Religious,,
Coza TV (576p),,,否,0,Religious,,
Doc Martin (Sweden),,,否,0,Series,,
Dossiers FBI,,,否,0,Documentary,,
Epic Bhojpuri (576p),,,否,0,Movies,,
Elive TV Brescia (720p) [Not 24/7],,,否,0,General,,
Eden TV (540p) [Not 24/7],,,否,0,General,,
Color Vision (1280p) [Not 24/7],,,否,0,General,,
Cumbia Mix (720p),,,否,0,Music,,
Daily Post TV (1080p),,,否,0,News,,
DD Tripura (504p),,,否,0,General,,
De Ultimo Minuto TV,,,否,0,News,,
Court TV (1080p),,,否,0,Documentary,,
Den gule sofa med Allan Sindberg,,,否,0,Entertainment,,
Dynasty,,,否,0,Series,,
Distrito TV (1080p),,,否,0,General,,
DD Arun Prabha (360p),,,否,0,General,,
Cricket Gold (1080p),,,否,0,Sports,,
Coyhaique TV (720p),,,否,0,General,,
Euronews Greek (720p),,,否,0,News,,
CVN TV,,,否,0,General,,
Doctor Who Classic (1080p),,,否,0,Series,,
Euronews Hungarian (720p),,,否,0,News,,
ESPNU HD (720p),,,否,0,Sports,,
Comercio TV (1080p),,,否,0,General,,
Entertainment Tonight (1080p),,,否,0,Entertainment;News,,
Degrassi (720p),,,否,0,Series,,
DAZN Combat (684p),,,否,0,Sports,,
Dom kino (576p),,,否,0,Movies,,
Digi Sport 4 (1080p),,,否,0,Sports,,
Dotto TV (1080p),,,否,0,News,,
DD Assam (504p),,,否,0,General,,
Emocion TV (720p),,,否,0,Entertainment,,
Epic Bhojpuri Digital (1080p),,,否,0,Movies,,
Cristo Vision Canal 31,,,否,0,Religious,,
Deluxe 139 (480p),,,否,0,Undefined,,
dTVi,,,否,0,General,,
Fars TV,,,否,0,General,,
CNC Pereira (720p),,,否,0,General,,
EWTN (United States) Europe (720p),,,否,0,Religious,,
Digi Sport 2 (1080p),,,否,0,Sports,,
Cornerstone TV (720p),,,否,0,Religious,,
Exitosa TV (1080p),,,否,0,News,,
Conecta Mais TV (720p),,,否,0,Entertainment,,
Eventyrlig Oppussing,,,否,0,Entertainment,,
EPA! TV (720p),,,否,0,General,,
Digi Sport 3 (576p),,,否,0,Sports,,
CNBC Awaaz (1080p),,,否,0,Business,,
Dasturxon TV (576p),,,否,0,General,,
Community 12TV (720p),,,否,0,Legislative,,
Extra TV 42 (720p),,,否,0,General,,
FBI Files,,,否,0,Documentary,,
DD News (1080p),,,否,0,News,,
DanceHits80,,,否,0,Music,,
Esaie 45 Tele,,,否,0,Religious,,
Conectados con Dios,,,否,0,Religious,,
Epic Crimes (1080p),,,否,0,Documentary,,
Dacha (1080p),,,否,0,Undefined,,
Dios Tv Talanga (1080p),,,否,0,Religious,,
Ficom Channel (720p),,,否,0,Entertainment,,
Film Now HD (1080i),,,否,0,Movies,,
Diadora TV,,,否,0,General,,
DD Jharkhand (504p),,,否,0,General,,
Fala Litoral (480p),,,否,0,General,,
Colors Tamil HD (720p),,,否,0,Entertainment,,
DanceTV Techno Warehouse (1080p),,,否,0,Music,,
Eduvision (1080p),,,否,0,Education,,
Crimea 24,,,否,0,News,,
CNT Mas TV (720p) [Not 24/7],,,否,0,General,,
Cotubanama TV (1080p),,,否,0,General,,
E! Latin America Mexico (720p),,,否,0,Entertainment;News,,
ConecTV Brasil (720p),,,否,0,General,,
DesheBideshe TV,,,否,0,General,,
Daystar TV Espanol (720p),,,否,0,Religious,,
Fakt Marathi (576p),,,否,0,Entertainment,,
DD Kashir (504p),,,否,0,General,,
Comedy Central (Sweden) DK (720p),,,否,0,Comedy,,
Enfoque Digital TV,,,否,0,General,,
Didgah TV (576p),,,否,0,News,,
Falak TV,,,否,0,Entertainment,,
Euronews French (720p),,,否,0,News,,
DanceTV House Floor (1080p),,,否,0,Music,,
EWTN (United States) Spain & Latin America (720p),,,否,0,Religious,,
FIFA+ Women (720p),,,否,0,Sports,,
Dr G Medical Examiner,,,否,0,General,,
D3 TV (720p),,,否,0,Entertainment,,
Eco TV,,,否,0,General,,
Dunya Naw TV (576p),,,否,0,General,,
Cultura Fast (720p),,,否,0,General,,
DTV Maashorst (1080p),,,否,0,General,,
Colors Rishtey Americas (396p),,,否,0,General,,
DanceTV Algorhythm (1080p),,,否,0,Music,,
Crimen & Historia (720p),,,否,0,Documentary,,
Cosmovision (720p),,,否,0,General,,
Fazal TV (1080p),,,否,0,Religious,,
ETV Cinema (396p),,,否,0,Movies,,
DTV Oss & Bernheze (1080p),,,否,0,General,,
El Chavo TV (720p),,,否,0,Kids,,
DD News HD (1080p),,,否,0,News,,
DD Urdu (720p),,,否,0,General,,
Estrella News (1080p),,,否,0,News,,
Durangaldeko Telebista (576p),,,否,0,General,,
Colimdo TV (720p),,,否,0,Sports,,
DTV Den Bosch (1080p),,,否,0,General,,
El Centro TV (720p),,,否,0,News,,
Colors Super (396p),,,否,0,Entertainment,,
El Mundo del Campo (720p),,,否,0,Outdoor,,
ETV Plus (396p),,,否,0,Entertainment,,
DHA (720p) [Not 24/7],,,否,0,News,,
Eska TV Extra (1080p),,,否,0,Music,,
Dating Disasters,,,否,0,Entertainment,,
Epic Kids Digital (1080p),,,否,0,Kids,,
EBS Kids (400p) [Not 24/7],,,否,0,Kids,,
EBS 1TV (400p) [Not 24/7],,,否,0,Education,,
ES TV (720p),,,否,0,Undefined,,
Emporda TV (1080p),,,否,0,General,,
CNBC Bajar (1080p),,,否,0,Business,,
Fast1 (576p),,,否,0,Undefined,,
Filmax (576p),,,否,0,Movies,,
Euronews Georgia,,,否,0,News,,
DD Chhattisgarh (720p),,,否,0,General,,
Del Pueblo TV [Not 24/7],,,否,0,General,,
Crazy Ex-Girlfriend DK,,,否,0,Comedy,,
ETV Comedy (1080p),,,否,0,Comedy,,
Eska TV (1080p),,,否,0,Music,,
CTV 9 (1080p),,,否,0,Undefined,,
Danger TV (720p),,,否,0,Documentary,,
EBS Plus 2 (400p),,,否,0,Education,,
ENT Family (720p),,,否,0,Entertainment,,
Disney Channel Latin America Panregional HD (1080p),,,否,0,Animation;Kids,,
EWTN (United States) Spanish (720p) [Geo-blocked],,,否,0,Religious,,
DD Bharati (720p),,,否,0,Culture,,
Evandis Gospel TV (1080p),,,否,0,Religious,,
DKN (1080p),,,否,0,Education,,
CT-N TV Conneticut (720p) [Not 24/7],,,否,0,Legislative,,
DocuBox,,,否,0,Documentary,,
ETV 2 (720p),,,否,0,Culture;Kids,,
Fashion (1080p),,,否,0,Undefined,,
CT-N Court Feed (360p) [Not 24/7],,,否,0,Legislative,,
Euronews English HD,,,否,0,News,,
Divya Darshan TV (720p),,,否,0,Religious,,
El Sol Network TV (1080p),,,否,0,Music,,
EBS 2TV (400p) [Not 24/7],,,否,0,Education,,
DD Bihar (720p),,,否,0,General,,
COCO TV (1080p) [Not 24/7],,,否,0,Entertainment,,
ETV Manisa (1080p) [Not 24/7],,,否,0,Undefined,,
Columna TV,,,否,0,General,,
Entuno TV (1080p) [Not 24/7],,,否,0,General,,
ETV Josh (1080p),,,否,0,Entertainment,,
DroneTV (1080p),,,否,0,Relax;Travel,,
Espreso TV (1080p),,,否,0,News,,
Finans Turk TV (720p),,,否,0,News,,
CT-N Live Stream 2 (360p) [Not 24/7],,,否,0,Legislative,,
Faro de Santidad TV (720p),,,否,0,Religious,,
Dodoma TV (360p) [Not 24/7],,,否,0,General,,
Current Time TV (1080p),,,否,0,News,,
Enlace Juvenil,,,否,0,Religious,,
Elektrika TV (1080p),,,否,0,Undefined,,
Deadly Women (1080p),,,否,0,Documentary,,
Dena TV,,,否,0,General,,
ENT Channel (720p),,,否,0,Entertainment,,
DW Espanol (1080p),,,否,0,News,,
El-Heddaf TV (1080p),,,否,0,Sports,,
Diaspora 24 [Geo-blocked],,,否,0,Undefined,,
Distrito Comedia (1080p),,,否,0,Comedy,,
EBS English (400p) [Not 24/7],,,否,0,Education,,
Duma TV (720p),,,否,0,Legislative,,
Diyar TV (720p),,,否,0,Religious,,
EBS Plus 1 (400p),,,否,0,Education,,
EU Music (1080p),,,否,0,Music,,
Correa Radiovision,,,否,0,General,,
Comedy Central Animation,,,否,0,Comedy,,
ducktv (720p),,,否,0,Kids,,
DD Girnar (504p),,,否,0,General,,
Daystar TV (1080p),,,否,0,Religious,,
FarmodaTV (1080p),,,否,0,Religious,,
Ebony TV by Lionsgate (1080p),,,否,0,Movies;Series,,
DLTV 3 (1080p),,,否,0,Education,,
FailArmy Italy,,,否,0,Comedy,,
Fast&FunBox (Netherlands),,,否,0,Sports,,
EL DEBER (1080p),,,否,0,General,,
FBoy Island,,,否,0,Series,,
CP24 (720p),,,否,0,News,,
DVB TV (720p) [Geo-blocked],,,否,0,News,,
Deshi TV (720p),,,否,0,General,,
Dit is Helmond (480p),,,否,0,General,,
El Mueble (720p),,,否,0,Lifestyle,,
Feel Good TV (720p) [Not 24/7],,,否,0,Undefined,,
Ecos Canal 57 (1080p) [Not 24/7],,,否,0,General,,
DD Odia (576p),,,否,0,General,,
Equidia (1080p),,,否,0,Sports,,
Comedy Central (Germany),,,否,0,Comedy,,
Disney Jr. (France) (1080p),,,否,0,Kids,,
Fabulosa Estereo 100.5 FM (720p),,,否,0,Music,,
Ebenezer TV (1080p),,,否,0,Religious,,
EWTN Espana,,,否,0,Religious,,
Comedy Central en Espanol,,,否,0,Comedy,,
First India News (576p),,,否,0,News,,
Elbeshara GTV (1080p) [Not 24/7],,,否,0,Religious,,
DD Punjabi (504p),,,否,0,Culture,,
Duta TV (360p) [Not 24/7],,,否,0,General,,
Digital Vision 63 (720p) [Geo-blocked],,,否,0,General,,
DLTV 2 (1080p),,,否,0,Education,,
Dubai TV International (1080p),,,否,0,General,,
DD India (1080p),,,否,0,General,,
Dog the Bounty Hunter (1080p),,,否,0,Series,,
Dali TV (720p),,,否,0,General,,
Enntivision (1080p) [Not 24/7],,,否,0,General,,
ETV+ (720p),,,否,0,Entertainment,,
Create (1080p),,,否,0,Education,,
Dance Television (1080p),,,否,0,Music,,
Crimenes Imperfectos,,,否,0,Undefined,,
Dog the Bounty Hunter UK (1080p),,,否,0,Series,,
Dokusat (1080p),,,否,0,Documentary,,
Dao Lane Xang TV (720p) [Not 24/7],,,否,0,General,,
DD Haryana (504p),,,否,0,General,,
eTv Marche (720p),,,否,0,News,,
Empenos a lo bestia,,,否,0,Series,,
DLTV 4 (1080p),,,否,0,Education,,
CR Television (720p) [Not 24/7],,,否,0,General,,
Curiosity NOW EN (1080p),,,否,0,Documentary,,
Dreiko TV (720p) [Not 24/7],,,否,0,Animation,,
DCH TV (1080p),,,否,0,General,,
Code Health TV (1080p),,,否,0,Lifestyle,,
Filmes Suspense,,,否,0,Movies,,
Code Fashion TV (1080p),,,否,0,Lifestyle,,
Everybody Hates Chris,,,否,0,Comedy,,
CSI: Miami LatAm,,,否,0,Series,,
Family Ties (Sweden) NO,,,否,0,Comedy,,
DLTV 1 (1080p),,,否,0,Education,,
Dream Turk (720p),,,否,0,Music,,
En el punto de mira,,,否,0,Entertainment,,
En Linea Maule (720p),,,否,0,General,,
Deluxe Lounge (720p),,,否,0,Music,,
Deewana HD (540p),,,否,0,Music,,
EntrepreneurTV (720p),,,否,0,Business,,
Esport3 Originals (1080p) [Not 24/7],,,否,0,Public;Sports,,
FCK Lovinderne,,,否,0,Sports,,
DLTV 5 (1080p),,,否,0,Education,,
DW English (1080p),,,否,0,News,,
Designated Survivor (1080p) [Geo-blocked],,,否,0,Series,,
El 3 de Conce,,,否,0,General,,
Family Ties (Sweden) DK,,,否,0,Comedy,,
Controversia TV (720p) [Not 24/7],,,否,0,Undefined,,
El Toro TV (720p),,,否,0,General,,
Doble C Television (720p),,,否,0,General,,
DD Bangla (504p),,,否,0,General,,
Comedy Central South Park LatAm,,,否,0,Animation;Comedy,,
Disney Channel (Poland) HD (1080p),,,否,0,Kids,,
EPlanet TV,,,否,0,Documentary,,
EmanTv (1080p),,,否,0,Family,,
FIFA+ French (720p),,,否,0,Sports,,
DD Goa (504p),,,否,0,General,,
Ertsulovneba,,,否,0,Religious,,
CNBC TV18 Prime HD (1080p),,,否,0,Business,,
DanceTV Deep House District (1080p),,,否,0,Music,,
DD Uttarakhand (720p),,,否,0,General,,
Dog Whisperer (1080p) [Geo-blocked],,,否,0,Series,,
De Pelicula Latin America (1080p),,,否,0,Movies,,
FashionBox,,,否,0,Lifestyle,,
Deluxe Music (720p),,,否,0,Music,,
DumDum (720p),,,否,0,Kids,,
DASDING 90.8 (720p),,,否,0,Music,,
Darshan 24 (576p),,,否,0,Religious,,
Detetives Medicos,,,否,0,Documentary,,
Etna Espresso Channel (720p),,,否,0,News,,
De Pelicula Plus (1080p),,,否,0,Movies,,
Diya TV (1080p),,,否,0,General,,
DLTV 6 (1080p),,,否,0,Education,,
FAP TV (720p),,,否,0,General,,
Dhool TV (576p),,,否,0,Music,,
Conexion Positiva Television,,,否,0,Religious,,
Das Erste HD (1080p),,,否,0,General,,
Disney International HD (1080p),,,否,0,Kids,,
Diagnosis Murder DK,,,否,0,Classic;Series,,
eSports Max TV,,,否,0,Animation,,
Corfu Channel (720p),,,否,0,News,,
DD Yadagiri (576p),,,否,0,General,,
FailArmy Poland (720p),,,否,0,Comedy,,
FGTV (South Korea) (720p),,,否,0,Religious,,
Digi 24 (720p),,,否,0,News,,
Cooperativa (720p),,,否,0,General,,
Discover Pakistan (1080p),,,否,0,Travel,,
Epic Music Digital (1080p),,,否,0,Music,,
Epic Music (576p),,,否,0,Music,,
Estrella TV (1080p),,,否,0,Entertainment,,
Dungeon TV (720p),,,否,0,Undefined,,
Company TV (720p),,,否,0,Music,,
DD Rajasthan (720p),,,否,0,General,,
Etno TV,,,否,0,General,,
EchtJetzt TV (720p),,,否,0,Religious,,
Deluxe Dance (1080p),,,否,0,Music,,
Dunya News (720p) [Not 24/7],,,否,0,News,,
DRTV (1080p),,,否,0,General,,
Emotion L (1080p),,,否,0,Movies,,
Deluxe Rap (1080p),,,否,0,Music,,
Espansione TV (576p),,,否,0,General,,
Deejay TV (1080p),,,否,0,General,,
IBN TV (480p),,,否,0,Religious,,
Great Entertainment Television (720p),,,否,0,Entertainment,,
Guaymate TV (720p) [Not 24/7],,,否,0,Culture,,
Hermanas Mirabal TV (720p) [Not 24/7],,,否,0,News,,
GalaxiATeVe (360p),,,否,0,Entertainment,,
Funny AF,,,否,0,Comedy,,
Happy Days (Sweden),,,否,0,Classic;Series,,
Girlfriends Films,,,否,0,Movies,,
Frasier (Sweden),,,否,0,General,,
K2 (1080p),,,否,0,Entertainment,,
Gunsmoke,,,否,0,Series,,
India Today (720p),,,否,0,News,,
Groovia Kids (576p),,,否,0,Kids,,
Golf Channel,,,否,0,Sports,,
ICnet 2,,,否,0,Religious,,
Iunior TV (1080p),,,否,0,Kids,,
Isai Aruvi (396p),,,否,0,Music,,
Indywood TV (720p),,,否,0,Movies;News,,
iFilm Arabic,,,否,0,Movies,,
JooMusic (720p),,,否,0,Music,,
GZT (1080p),,,否,0,Documentary;Series,,
icnet 3,,,否,0,Religious,,
IQ Channel (720p),,,否,0,Music,,
Heart Radio Aruba,,,否,0,Music,,
Homeful US (1080p),,,否,0,Undefined,,
Iraq Future (480p),,,否,0,General,,
HLAO-DTV (720p) [Not 24/7],,,否,0,General,,
Guatuso TV,,,否,0,General,,
Iran Press,,,否,0,News,,
Global TV (Peru) (1080p),,,否,0,General,,
Kabbalah for the People Israel (504p) [Not 24/7],,,否,0,Religious,,
HollyWire (720p),,,否,0,Entertainment;News,,
JPD TV [Not 24/7],,,否,0,General,,
Gems TV (720p),,,否,0,Shop,,
Grace Network (720p),,,否,0,Religious,,
iFilm English,,,否,0,Movies,,
Hope Channel Africa (1080p),,,否,0,Religious,,
GikTVMX (720p),,,否,0,Animation;Culture;Entertainment,,
Highway to Heaven,,,否,0,Series,,
Hit FM,,,否,0,Music,,
I News (1080p),,,否,0,News,,
HBO Drama (1080p),,,否,0,Movies;Series,,
Gyandarshan HD (576p),,,否,0,Education,,
Happy Days (Sweden) DK,,,否,0,Classic;Series,,
Fuse (1080p),,,否,0,Entertainment,,
Hunan TV (2160p),,,否,0,Undefined,,
FX Latin America South (720p),,,否,0,Entertainment,,
JTV (720p),,,否,0,General,,
Islita TV (1080p),,,否,0,General,,
Jibek Joly (576p),,,否,0,General,,
Hiru TV (360p) [Not 24/7],,,否,0,Entertainment,,
Hope Channel Inter-America English (1080p),,,否,0,Religious,,
Gnomi TV (1080p),,,否,0,General,,
Islandia (720p),,,否,0,Undefined,,
Haber Global (720p) [Not 24/7],,,否,0,News,,
Infinita TV (1080p),,,否,0,Music,,
Geordie Shore (Germany),,,否,0,Entertainment,,
GREAT! movies (1080p),,,否,0,Movies,,
Haarlem105 TV (720p),,,否,0,General,,
HSE (1080p),,,否,0,Shop,,
Guarantee News (1080p),,,否,0,News,,
Jalisco TV (720p),,,否,0,Culture;Education,,
Hope Channel Inter-America,,,否,0,Religious,,
Gyandarshan (720p),,,否,0,Education,,
HLAQ-DTV (1080p) [Not 24/7],,,否,0,General,,
Hala London (1080p),,,否,0,General,,
Iqraa Quran (1080p),,,否,0,Religious,,
HSN2 (720p),,,否,0,Shop,,
Haberturk TV (720p) [Not 24/7],,,否,0,News,,
Jawa Pos TV Jakarta (720p),,,否,0,General,,
Haber61 TV (720p) [Not 24/7],,,否,0,News,,
FUEL TV US (1080p) [Geo-blocked],,,否,0,Sports,,
Joel Osteen Network (1080p),,,否,0,Religious,,
Groznyj,,,否,0,General,,
Frequence Novelas (1080p),,,否,0,Series,,
HSN (720p),,,否,0,Shop,,
HMTV (720p),,,否,0,News,,
Inedit TV,,,否,0,Undefined,,
Foro TV,,,否,0,Undefined,,
FMTV [Not 24/7],,,否,0,Music,,
Francophonie24 (1080p),,,否,0,Documentary,,
Glory Kickboxing Poland (720p),,,否,0,Sports,,
HSN West (720p),,,否,0,Shop,,
Guneydogu TV (720p),,,否,0,News,,
Jonack (576p),,,否,0,General,,
FTV (Bolivia) (720p),,,否,0,Sports,,
God Stands Kids Club TV,,,否,0,Kids;Religious,,
INWILD (1080p),,,否,0,Documentary,,
JARABACOA TV (1080p) [Not 24/7],,,否,0,Entertainment,,
GurSikh Sabha TV (720p) [Not 24/7],,,否,0,Religious,,
Fox (United States) KRIV (1080p),,,否,0,General,,
GREAT! romance (1080p),,,否,0,Movies,,
Guangdong Satellite TV,,,否,0,Undefined,,
India TV (720p),,,否,0,News,,
Hope Channel International (1080p),,,否,0,Religious,,
Impacto Television (360p) [Not 24/7],,,否,0,Entertainment,,
Itage TV (480p),,,否,0,Movies,,
Jihoceska televize (1080p),,,否,0,General,,
Hogspanning,,,否,0,Entertainment,,
Imperial TV (720p),,,否,0,General,,
GEM Pixel,,,否,0,Movies,,
India Daily Live (1080p),,,否,0,News,,
Himlen TV7 (720p),,,否,0,Religious,,
Geordie Shore (Sweden) DK,,,否,0,Entertainment,,
Gangaur TV (1080p),,,否,0,Entertainment,,
ION Plus (1080p),,,否,0,Entertainment,,
JC1 (1080p),,,否,0,General,,
JOB TV (1080p),,,否,0,Business,,
Jeevan TV (576p),,,否,0,General,,
Jimani TV (360p) [Geo-blocked],,,否,0,General,,
Judge Nosey (1080p),,,否,0,Series,,
iFilm Persian,,,否,0,Movies,,
Homes Under Hammer (720p),,,否,0,Series,,
Fuerteventura TV (1080p),,,否,0,General,,
HTSpor TV (1080p),,,否,0,Sports,,
Hala TV (1080p) [Not 24/7],,,否,0,General,,
Global Fashion Channel (1080p),,,否,0,Lifestyle,,
Hum TV SD,,,否,0,Entertainment,,
Hosanna Vision (720p) [Not 24/7],,,否,0,Religious,,
IBN TV Africa (720p),,,否,0,Religious,,
Hard Knocks Fighting Championship,,,否,0,Undefined,,
Insula non stop (576i),,,否,0,Entertainment,,
God's Learning Channel KPCB-DT (480p),,,否,0,Religious,,
Heliconia Radio TV (720p),,,否,0,General,,
Ici Radio-Canada Tele CFHD-DT (720p),,,否,0,Undefined,,
Happy Days (Sweden) NO,,,否,0,Classic;Series,,
Horoshee Kino (720p),,,否,0,Movies,,
Interalmeria TV (1080p),,,否,0,General,,
Hop! (1080p),,,否,0,Kids,,
Joy TV (1080p),,,否,0,Religious,,
Goodness TV (576p),,,否,0,Religious,,
Guaro TV (720p),,,否,0,Entertainment,,
Good Idea TV (720p) [Not 24/7],,,否,0,Entertainment,,
Ilke TV (1080p),,,否,0,Undefined,,
I Love Lucy,,,否,0,Classic;Comedy,,
Italia2TV (480p) [Geo-blocked],,,否,0,Undefined,,
HOLA! Play (1080p),,,否,0,Entertainment,,
Hallmark Movies & More (1080p),,,否,0,Movies,,
History Hit (1080p),,,否,0,Documentary,,
Guangdong TV America,,,否,0,General,,
HMI PROMZ NEWS (720p),,,否,0,Music,,
IRT (720p),,,否,0,General,,
Galicia TV Europa (720p),,,否,0,General;Public,,
Il Banco dei Pugni,,,否,0,Entertainment,,
FNX (1080p),,,否,0,Culture,,
God Stands Kids Club TV Arabic,,,否,0,Kids;Religious,,
HLDR-DTV (540p) [Not 24/7],,,否,0,General,,
Hum TV (720p),,,否,0,Entertainment,,
Il Testimone,,,否,0,Entertainment,,
Jewish Life Television (1080p),,,否,0,Culture;Religious,,
Hi-YAH! (1080p),,,否,0,Entertainment,,
Harvest TV Keralam (720p),,,否,0,Religious,,
FITE 24/7 (1080p),,,否,0,Sports,,
INFAST (1080p),,,否,0,Lifestyle,,
Insayt TV (2160p),,,否,0,Undefined,,
Galxy TV (720p),,,否,0,Entertainment,,
HomePlus,,,否,0,Movies,,
INTRAVEL (1080p),,,否,0,Travel,,
GS TV (576p),,,否,0,News,,
Ishtar TV SD (1080p),,,否,0,Culture;Music;Religious,,
Galaxy4,,,否,0,General,,
Istoki (1080p),,,否,0,General,,
InWonder (1080p),,,否,0,Science,,
Great Commission TV,,,否,0,General,,
Joshua TV (720p),,,否,0,Religious,,
FloHockey (1080p),,,否,0,Sports,,
Historia HD (1080p),,,否,0,Entertainment,,
JapanimTV (1080p),,,否,0,Animation;Kids,,
Iron Chef,,,否,0,Series,,
France 24 English (1080p),,,否,0,News,,
ION TV (720p),,,否,0,Entertainment,,
Ivoire Channel (720p),,,否,0,Music,,
Jewelry TV 2 (720p),,,否,0,Shop,,
Gaunda Punjab TV (720p),,,否,0,General,,
Jewelry TV (720p),,,否,0,Shop,,
Ghost Hunters (1080p),,,否,0,Series,,
FX 2,,,否,0,Entertainment,,
HSE Extra (1080p),,,否,0,Shop,,
Giornale Radio TV (720p),,,否,0,News,,
His Glory TV (1080p),,,否,0,General,,
Golazo Network (720p),,,否,0,Sports,,
IIPC TV (720p),,,否,0,Religious,,
Frusna Vagar,,,否,0,Entertainment,,
Imedi TV (1080p),,,否,0,General,,
India (576p),,,否,0,Entertainment,,
Historia Y Vida (720p),,,否,0,Documentary,,
JAG (Sweden) DK,,,否,0,Classic;Series,,
Fox (United States) WFTX-TV (720p),,,否,0,General,,
House of Lies NO,,,否,0,Series,,
Hero (720p) [Not 24/7],,,否,0,Movies,,
JFV TV (720p),,,否,0,Religious,,
IDJTV,,,否,0,Undefined,,
FX 1,,,否,0,Entertainment,,
Informe TV (1080p) [Not 24/7],,,否,0,General,,
Groovy TV (360p),,,否,0,Movies,,
Jan TV (576p),,,否,0,General,,
Fox (United States) KSAZ-TV (1080p),,,否,0,General,,
GoTraveler (720p) [Geo-blocked],,,否,0,Travel,,
France 24 Spanish (1080p),,,否,0,News,,
Hope Channel North America (1080p),,,否,0,Religious,,
Imagen FM 105.1 (720p) [Not 24/7],,,否,0,Music,,
JRTV Jarviradio (720p),,,否,0,Music,,
France 24 Arabic (1080p),,,否,0,News,,
kabel eins Doku,,,否,0,Documentary,,
Halal TV,,,否,0,General,,
HTV7 (720p),,,否,0,General,,
HLCQ-DTV (720p) [Not 24/7],,,否,0,General,,
ISTV (Brazil) (720p) [Not 24/7],,,否,0,Education,,
Glas (576p),,,否,0,Religious,,
For laekker til love,,,否,0,Entertainment,,
Girasol TV (1080i),,,否,0,Entertainment,,
iCarly (Sweden) DK,,,否,0,Kids,,
Fortuna TV (720p),,,否,0,Lifestyle,,
ge Fast (1080p),,,否,0,Sports,,
Golden Edge (1080p),,,否,0,Undefined,,
I Love Lucy CA,,,否,0,Classic;Comedy,,
Fox (United States) KTBC (1080p),,,否,0,General,,
Hosanna TV Global,,,否,0,Religious,,
France 24 (1080p),,,否,0,News,,
FunBox,,,否,0,Kids,,
GOD TV (576p),,,否,0,Religious,,
Gordon Ramsay's Hell's Kitchen (720p),,,否,0,Cooking,,
HSE Trend (576p),,,否,0,Shop,,
Imagen TV (1080p),,,否,0,General,,
Italian Fishing TV (1080p),,,否,0,Outdoor,,
Garfield and Friends,,,否,0,Kids,,
Fortis TV,,,否,0,General,,
Huzur TV (1080p) [Not 24/7],,,否,0,Religious,,
Germany Shore,,,否,0,Entertainment,,
Hyundai Home Shopping + Shop (720p),,,否,0,Shop,,
Fonte TV,,,否,0,Religious,,
History (Brazil) (720p),,,否,0,Documentary,,
Fubo Sports Network (1080p),,,否,0,Sports,,
Hobby Maker (720p),,,否,0,Lifestyle,,
Guatevision (720p),,,否,0,News,,
HD365 TV,,,否,0,General,,
JTV Kediri (1080p) [Not 24/7],,,否,0,General,,
Jazz TV (1080p) [Not 24/7],,,否,0,Music,,
History 2 Latin America Brazil (720p),,,否,0,Documentary,,
Izvestia (1080p),,,否,0,News,,
Guadalupe Media (720p),,,否,0,Religious,,
IraneFarda TV,,,否,0,News,,
Iran International (1080p),,,否,0,News,,
iCarly (Sweden) NO,,,否,0,Kids,,
God Stands Kids Club TV Chinese,,,否,0,Kids;Religious,,
Fox (United States) WHBQ-TV (1080p),,,否,0,General,,
House of Lies,,,否,0,Series,,
GlobalWorldTV (720p),,,否,0,Entertainment,,
Ink Master,,,否,0,Documentary,,
Fox Deportes (720p),,,否,0,Sports,,
Gigant FM (720p),,,否,0,Music,,
Judge Judy (Sweden),,,否,0,Series,,
Indiyskoye Kino (576p),,,否,0,Movies,,
Gusto TV (1080p),,,否,0,Cooking,,
Jordan Sport (1080p) [Geo-blocked],,,否,0,Sports,,
iSTUFF (720p) [Not 24/7],,,否,0,Education,,
GEB Network KBPX-LD (1080p),,,否,0,Religious,,
INH 24x7 (396p),,,否,0,News,,
House of Lies DK,,,否,0,Series,,
Forensic Files,,,否,0,Documentary,,
Jin TV,,,否,0,Culture,,
FloRacing (1080p),,,否,0,Sports,,
Impact Channel,,,否,0,Religious,,
Inside Crime (1080p),,,否,0,Series,,
hr-fernsehen HD,,,否,0,General,,
Illusion+ (576p),,,否,0,Movies,,
Hellenic TV (720p) [Not 24/7],,,否,0,Undefined,,
Hype Visual Radio (1080p),,,否,0,Music,,
IRINN (576p),,,否,0,News,,
Hungama TV (576p),,,否,0,Kids,,
Fox (United States) WTTG (1080p),,,否,0,General,,
Hosanna TV,,,否,0,Religious,,
Investigation by Pluto TV,,,否,0,Series,,
India Ahead (576p),,,否,0,News,,
Immaculata TV (720p),,,否,0,Religious,,
Isla TV (480p),,,否,0,General,,
Johnny Carson TV (720p),,,否,0,Series,,
Ha Tinh TV (720p),,,否,0,General,,
Itel TV Canal 2,,,否,0,General,,
GoodNews TV (720p),,,否,0,Religious,,
Hope Channel Russia (720p),,,否,0,Religious,,
Gamavision (1080p),,,否,0,General,,
JTV Madiun,,,否,0,General,,
Imperial Television (720p),,,否,0,Undefined,,
Kairali Arabia (576p),,,否,0,General,,
Forever Kids,,,否,0,Kids,,
Geordie Shore (Sweden) NO,,,否,0,Entertainment,,
Fox (United States) KTTV (1080p),,,否,0,General,,
Iquique TV (1080p),,,否,0,General,,
Headlines Tripura (720p),,,否,0,News,,
HLCG-DTV (360p) [Not 24/7],,,否,0,General,,
Janam TV (576p),,,否,0,News,,
FREEDOM (1080p),,,否,0,News,,
Icel TV (720p) [Not 24/7],,,否,0,Undefined,,
GRP VERATV (576p),,,否,0,General,,
God Stands TV Punjabi,,,否,0,Religious,,
Garage TV Latin America,,,否,0,Auto,,
Goiena Eus (720p),,,否,0,Undefined,,
Jovem Pan News (720p),,,否,0,News,,
Franken Fernsehen (1080p) [Not 24/7],,,否,0,General,,
ICC plus (1080p),,,否,0,Movies,,
Imagen Universal TV,,,否,0,General,,
Hot Bench (720p),,,否,0,Entertainment,,
Ici RDI (720p),,,否,0,News,,
Halk TV SD (1080p),,,否,0,News,,
Genios TV (1080p),,,否,0,General,,
Jordan TV (1080p),,,否,0,General,,
Historia (1080p),,,否,0,Entertainment,,
God Stands TV English,,,否,0,Religious,,
Hamaika Telebista (1080p),,,否,0,Culture,,
Gongyoung Home Shopping (720p),,,否,0,Shop,,
Guada TV (720p) [Not 24/7],,,否,0,General,,
Ice Pilots,,,否,0,Series,,
HauntTV CA (720p),,,否,0,Series,,
God Stands TV Hindi,,,否,0,Religious,,
JAG (Sweden) NO,,,否,0,Classic;Series,,
Impossible Quiz Show (1080p),,,否,0,Series,,
Imai TV (1080p),,,否,0,Culture,,
Jim (720p),,,否,0,Entertainment,,
GB News (1080p),,,否,0,News,,
Gambero Rosso Channel (720p),,,否,0,Cooking;Lifestyle,,
iHolyfield TV WHPS-CD,,,否,0,Undefined,,
God Stands Kids Club TV Urdu,,,否,0,Kids;Religious,,
God Stands TV Chinese,,,否,0,Religious,,
Fox (United States) WITI (1080p),,,否,0,General,,
Harmony Gospel Music TV (1080p),,,否,0,Music;Religious,,
Genial TV (720p),,,否,0,Music,,
Fox (United States) WTXF-TV (1080p),,,否,0,General,,
Iran Jewish TV,,,否,0,Religious,,
God Stands TV Arabic,,,否,0,Religious,,
Home & Shopping (720p),,,否,0,Shop,,
God Stands TV,,,否,0,Religious,,
Guangzhou TV,,,否,0,General,,
Fox (United States) WNYW (1080p),,,否,0,General,,
Hogan's Heroes,,,否,0,Classic,,
FON Music (576p),,,否,0,Music,,
Intercomarcal TV (576p) [Not 24/7],,,否,0,General,,
Iran Nama,,,否,0,Undefined,,
Happy Days (United States) CA,,,否,0,Series,,
God Stands TV Tagalog,,,否,0,Religious,,
Fox (United States) WFXT (1080p) [Geo-blocked],,,否,0,General,,
Into Crime (1080p),,,否,0,Documentary,,
GVision (288p),,,否,0,Education,,
JTV Malang,,,否,0,General,,
Hidabroot (1080p),,,否,0,Religious,,
Home.Made.Nation (720p),,,否,0,Series,,
It Is Written TV (1080p),,,否,0,Religious,,
Imam Hussein TV 3 (1080p),,,否,0,Religious,,
Guide Love TV (720p),,,否,0,Lifestyle,,
God Stands TV Urdu,,,否,0,Religious,,
Flash Haber TV,,,否,0,News,,
Imam Hussein TV 1 (1080p),,,否,0,Religious,,
Fortaleza TV (1080p),,,否,0,Religious,,
Geordie Shore (Germany) GB,,,否,0,Entertainment,,
Fox (United States) WXXV-TV (720p),,,否,0,General,,
FM Plus TV (720p),,,否,0,Music,,
Jersey Shore Family Vacation DK,,,否,0,Entertainment,,
Gex TV (1080p),,,否,0,Entertainment;Music,,
Fox (United States) WBFF (1080p),,,否,0,General,,
FRATA TV (1080p) [Not 24/7],,,否,0,General,,
Gi Television (720p) [Not 24/7],,,否,0,Entertainment,,
Futura (720p),,,否,0,Education,,
Imam Hussein TV 2 (1080p),,,否,0,Religious,,
Gustav & Linse pa udebane,,,否,0,General,,
IBC Tamil (1080p),,,否,0,General,,
Inooro TV,,,否,0,General,,
GS Shop (1080p),,,否,0,Shop,,
High Vision TV (1080p) [Not 24/7],,,否,0,Music,,
Fortune TV (720p),,,否,0,Entertainment,,
iCarly (United States),,,否,0,Series,,
HSTV (720p),,,否,0,Undefined,,
Game Show Central (720p),,,否,0,Entertainment,,
Huacho Peru TV,,,否,0,General,,
Genesis Science Network (720p),,,否,0,Religious,,
InTrouble (1080p),,,否,0,Auto;Outdoor;Sports,,
Goldmines Bollywood (576p),,,否,0,Movies,,
Galactica TV,,,否,0,Music,,
Goldmines 2 (576p),,,否,0,Movies,,
Iran National Revolution TV,,,否,0,Undefined,,
Future TV (1080p),,,否,0,General,,
JNE TV (720p),,,否,0,Legislative,,
GCN (720p),,,否,0,Religious,,
India Voice (576p),,,否,0,News,,
i24NEWS Arabic (1080p),,,否,0,News,,
Happy Channel,,,否,0,Entertainment,,
Fox (United States) WTVT (1080p),,,否,0,General,,
GCN America (720p),,,否,0,Religious,,
Goldmines Action (576p),,,否,0,Movies,,
High TV (720p) [Not 24/7],,,否,0,Shop,,
Geekdot (720p),,,否,0,Animation,,
Globo TV (Honduras),,,否,0,General,,
Fox (United States) WJBK (1080p),,,否,0,General,,
Inter+ (720p),,,否,0,General,,
IBC Bakthi (1080p),,,否,0,Religious,,
J3NEWS TV,,,否,0,News,,
Golden Premier 2 (1080p),,,否,0,Movies,,
GoodLife 45 (720p) [Not 24/7],,,否,0,Religious,,
HLAM-DTV (720p) [Not 24/7],,,否,0,General,,
Ink Master CA,,,否,0,Documentary,,
ITV Deportes (720p),,,否,0,Entertainment;Sports,,
Gubernia Samara (576p),,,否,0,General,,
Jeremiah TV,,,否,0,General,,
Huda TV (720p) [Not 24/7],,,否,0,Religious,,
Imam Hussein TV 5 (720p),,,否,0,Religious,,
HBO Movies (720p),,,否,0,Movies;Series,,
Fox (United States) KBSI (720p) [Not 24/7],,,否,0,General,,
Gem Shopping Network (720p),,,否,0,Shop,,
Imam Hussein TV 4 (1080p),,,否,0,Religious,,
iCarly (United States) LatAm,,,否,0,Series,,
Kairali TV (576p),,,否,0,General,,
Kairali News (720p),,,否,0,News,,
FUEL TV (1080p),,,否,0,Sports,,
Jantantra TV (576p),,,否,0,News,,
GH Television (1080p) [Not 24/7],,,否,0,General,,
Global Punjab (1080p),,,否,0,News,,
Hope Channel Bulgaria,,,否,0,Religious,,
HanoiTV2 (1080p) [Geo-blocked],,,否,0,General,,
Ishwar Bhakti TV (720p),,,否,0,Religious,,
FUTV,,,否,0,Sports,,
Junior Technologia TV (1080p) [Not 24/7],,,否,0,General,,
Game Show Network (720p) [Not 24/7],,,否,0,Entertainment,,
History TV18 HD (1080p) [Geo-blocked],,,否,0,Documentary,,
Ionian TV (1080p) [Not 24/7],,,否,0,General,,
HCH (720p),,,否,0,News,,
Fresh News,,,否,0,News,,
Government TV 16 (720p),,,否,0,Legislative,,
Ingushetia (1080p),,,否,0,General,,
France 3 Cote d'Azur,,,否,0,General,,
Impact TV Manele (1080p),,,否,0,Music,,
Jersey Shore (United States),,,否,0,Series,,
Glendale 11 AZ (360p),,,否,0,Legislative,,
Jersey Shore (Sweden) DK,,,否,0,Entertainment,,
Inter TV (Italy) (1080p),,,否,0,Sports,,
Juwelo (Italy) (480p),,,否,0,Shop,,
Goldmines (576p),,,否,0,Movies,,
Kajou TV (720p) [Not 24/7],,,否,0,Culture,,
Hey Arnold!,,,否,0,Kids,,
IasiTV Life (1080p) [Not 24/7],,,否,0,General,,
Impact TV Dance (1080p),,,否,0,Music,,
Judge Judy (Sweden) DK,,,否,0,Series,,
i24NEWS English World (1080p),,,否,0,News,,
Giovanni Paolo TV (1080p),,,否,0,Religious,,
Jai Maharashtra (576p),,,否,0,News,,
Impact TV 2 (1080p),,,否,0,Music,,
K100 (1080p),,,否,0,Music,,
Hope Channel India (576p),,,否,0,Religious,,
Jogja TV (720p) [Not 24/7],,,否,0,General,,
FrightFlix (720p),,,否,0,Movies,,
Galavision West (720p),,,否,0,General,,
Guangxi Variety & Travel Channel,,,否,0,General;Travel,,
HAHA TV,,,否,0,Comedy,,
Holy Quran Radio (1080p),,,否,0,General;Religious,,
Green TV (1080p),,,否,0,Family,,
Folk TV (1080p) [Not 24/7],,,否,0,Music,,
Isfahan TV,,,否,0,General,,
GNN TV (1080p),,,否,0,Religious,,
Gold Star,,,否,0,Movies,,
Kadak (1080p),,,否,0,News,,
HLAN-DTV (480p) [Not 24/7],,,否,0,General,,
India TV Aap Ki Adalat (1080p) [Geo-blocked],,,否,0,Documentary;News,,
Golden Premier (1080p),,,否,0,Movies,,
Galavision East HD (1080p) [Geo-blocked],,,否,0,General,,
Imam Hussein TV 6 (1080p),,,否,0,Religious,,
Helene et les garcons,,,否,0,Series,,
Jordan Kitchen (1080p),,,否,0,Cooking,,
Ghost Dimension,,,否,0,Series,,
History Asia (720p),,,否,0,Documentary,,
Govorit Moskva (720p),,,否,0,News,,
ICN Digital,,,否,0,News,,
Gugak TV (1080p),,,否,0,Music,,
Jordan Comedy (1080p),,,否,0,Comedy,,
Gospel Truth TV (1080p),,,否,0,Religious,,
Grit Xtra (1080p),,,否,0,Entertainment,,
Kairali We (576p),,,否,0,Movies,,
Jordan Tourism (1080p),,,否,0,Undefined,,
Hope Channel Philippines (1080p),,,否,0,Religious,,
JBN TV (1080p),,,否,0,Religious,,
Free Speech TV (720p),,,否,0,News,,
IeanJesus Ecuador (720p),,,否,0,Religious,,
Flowers TV USA,,,否,0,Culture,,
i24NEWS Hebrew (1080p),,,否,0,News,,
Galavision West HD (1080p) [Geo-blocked],,,否,0,General,,
Frecuencia 7 TV (720p),,,否,0,General,,
Ideaal TV (480p) [Not 24/7],,,否,0,General,,
Haiti News Channel (1080p) [Not 24/7],,,否,0,News,,
Gong (1080p),,,否,0,Animation,,
Jordan Drama (1080p),,,否,0,Undefined,,
Harbin Movie Channel,,,否,0,Movies,,
GB News HD (2160p),,,否,0,News,,
Fox Life (576p),,,否,0,Series,,
i24NEWS French (1080p),,,否,0,News,,
Frecuencia F TV (1080p),,,否,0,Religious,,
Jordan Songs (1080p),,,否,0,Music,,
JonmoBhumi TV (720p),,,否,0,General,,
Grjngo,,,否,0,Undefined,,
Hamdard TV (1080p),,,否,0,News,,
Globovision (576p),,,否,0,General,,
Fox (United States) KCPQ (720p),,,否,0,General,,
Janta TV (1080p),,,否,0,News,,
Isibo TV,,,否,0,General,,
INC Radio (1080p),,,否,0,Religious,,
JAG (United States),,,否,0,Series,,
Jambi TV,,,否,0,General,,
Investiga,,,否,0,Series,,
Gospel Cartoon (360p),,,否,0,Religious,,
Hilando Fino TV (1080p),,,否,0,General,,
IBC 24 (576p),,,否,0,News,,
Jordan Archive (1080p),,,否,0,Undefined,,
Investiga US,,,否,0,Series,,
INC TV (1080p),,,否,0,Religious,,
Jornada nas Estrelas: A Nova Geracao,,,否,0,Series,,
Gugbang TV (1080p) [Not 24/7],,,否,0,News,,
Jersey Shore Family Vacation,,,否,0,Entertainment,,
Jaihind TV (576p),,,否,0,Entertainment,,
Guardian Talk Radio (1080p),,,否,0,News,,
HANDICAP TV,,,否,0,Lifestyle,,
Fuego TV [Not 24/7],,,否,0,Music,,
Golden Jade (1080p),,,否,0,Undefined,,
Gospel Movie TV (360p),,,否,0,Religious,,
Fun Roads (720p),,,否,0,Auto;Travel,,
Justicia TV (Peru) (1080p),,,否,0,Legislative,,
Flicks of Fury,,,否,0,Movies,,
HGPTV (720p) [Not 24/7],,,否,0,General,,
Heartland (720p),,,否,0,Entertainment,,
Holvoet TV (720p) [Not 24/7],,,否,0,Culture,,
Good News Today (720p),,,否,0,News,,
IFC (1080p),,,否,0,Movies,,
France 3 Lorraine (1080p),,,否,0,General,,
HTV 1 Houston Television (720p),,,否,0,Legislative,,
Jahanbin TV,,,否,0,General,,
India TV Speed News (1080p),,,否,0,News,,
Food Food (576p),,,否,0,Cooking;Lifestyle,,
HTV 2 Houston Television (720p),,,否,0,Legislative,,
Hyundai Home Shopping (720p),,,否,0,Shop,,
Hmong Star TV (720p) [Not 24/7],,,否,0,Culture,,
Friday! (576p),,,否,0,Entertainment,,
Hungry (720p),,,否,0,Cooking,,
Greater Love TV (720p),,,否,0,Religious,,
Jeddah Radio (1080p),,,否,0,Music,,
Formula (1080p),,,否,0,News,,
FORT TV (480p),,,否,0,Entertainment,,
Insync (576p),,,否,0,Music,,
K-Content by CJ ENM (1080p),,,否,0,Entertainment,,
Gujarat First (576p),,,否,0,News,,
Folklore TV (720p),,,否,0,Music,,
Jornada nas Estrelas: Deep Space Nine,,,否,0,Series,,
Hillsborough TV (360p),,,否,0,Legislative,,
Hitradio O3 (720p),,,否,0,Music,,
Forsidefruer,,,否,0,Entertainment,,
FTF Sports (720p),,,否,0,Sports,,
ITV (480p),,,否,0,General,,
Juntos TV (Chile) (720p),,,否,0,General,,
Gravitas Movies (1080p),,,否,0,Movies,,
Hechos Ecuador (1080p) [Not 24/7],,,否,0,General,,
Icaro TV (720p) [Not 24/7],,,否,0,General,,
Izmail TV (384p),,,否,0,General,,
Horse TV (720p),,,否,0,Sports,,
In the Kitchen (720p),,,否,0,Cooking;Shop,,
IRIB 4,,,否,0,Culture,,
Generations TV (576p),,,否,0,Undefined,,
HappyKids (1080p),,,否,0,Kids,,
iCarly (United States) SD,,,否,0,Series,,
IRINN 2,,,否,0,News,,
GMS TV (Senegal),,,否,0,General,,
Haina Vision (720p),,,否,0,General,,
Hamoon TV,,,否,0,Undefined,,
Gulli Girl (720p),,,否,0,Kids,,
Hmong TV Network (720p),,,否,0,Culture,,
Hamedan TV,,,否,0,Undefined,,
HTV4 (1080p),,,否,0,Education,,
Fox (United States) KDFW (1080p),,,否,0,General,,
GTN Canada (1080i) [Geo-blocked],,,否,0,General,,
FUSION TV (1080p),,,否,0,Music,,
JBS (720p),,,否,0,Religious,,
Hasbro Legends (1080p) [Geo-blocked],,,否,0,Animation;Kids,,
Groovia Kanal (576p),,,否,0,General,,
Heartland Web,,,否,0,Entertainment,,
Grjngo Western Movies (720p),,,否,0,Movies,,
IERTBCS Canal 8.2 (1080p) [Not 24/7],,,否,0,Entertainment,,
Friday! International Kazakhstan (576p),,,否,0,Entertainment,,
Jade (1080p),,,否,0,Entertainment,,
Jornada nas Estrelas: Voyager,,,否,0,Series,,
Iqraa Africa & Europe (1080p),,,否,0,Religious,,
JTBS Classic,,,否,0,Culture;Religious,,
iTV HD,,,否,0,Entertainment,,
Horse & Country TV (1080p),,,否,0,Outdoor,,
Jersey Shore (Sweden) NO,,,否,0,Entertainment,,
Holy Quran Radio Nablus (720p),,,否,0,Religious,,
Just for Laughs Gags (1080p),,,否,0,Comedy,,
FS1 Salzburg (720p) [Not 24/7],,,否,0,General,,
Journy (720p),,,否,0,Travel,,
iFilm 2,,,否,0,Movies,,
Judge Judy (Sweden) NO,,,否,0,Series,,
Happy Radio TV (1080p),,,否,0,Music,,
Hluttaw S & D,,,否,0,Legislative,,
Global Buddhist Network (1080p),,,否,0,Religious,,
Italia 2 (480p) [Geo-blocked],,,否,0,Entertainment,,
Handystar (404p) [Not 24/7],,,否,0,Shop,,
Hebei TV (2160p),,,否,0,General,,
GTC News (1080p),,,否,0,News,,
Ilam TV,,,否,0,General,,
Informatia TV,,,否,0,News,,
Instant Saga,,,否,0,Series,,
GS My Shop (1080p),,,否,0,Shop,,
ICnet 1,,,否,0,Religious,,
Ganj e Hozour TV (1080p),,,否,0,General,,
HNN 24x7 (576p),,,否,0,News,,
Impact Network (720p),,,否,0,Entertainment,,
Hevizi TV (1080p),,,否,0,General,,
IRIB Mostanad,,,否,0,General,,
FM Mundo (1080p),,,否,0,Music,,
HLDP-DTV (540p) [Not 24/7],,,否,0,General,,
Harvest USA (576p),,,否,0,Religious,,
Get.factual (720p),,,否,0,Documentary,,
FUEL TV AU (1080p),,,否,0,Sports,,
Golkhane Tv,,,否,0,Undefined,,
GTC Punjabi (1080p),,,否,0,Entertainment,,
Hunedoara 1 (480p) [Not 24/7],,,否,0,General,,
Friends TV (1080p),,,否,0,Entertainment,,
IRIB 3,,,否,0,Sports,,
HLAT-DTV (1080p) [Not 24/7],,,否,0,General,,
Hyder TV (720p),,,否,0,Culture,,
IRIB Omid,,,否,0,Kids,,
kabel eins,,,否,0,Entertainment,,
Inazuma Eleven,,,否,0,Kids;Series,,
ITV Patagonia (720p),,,否,0,General,,
Iqraa Arabic (1080p) [Not 24/7],,,否,0,Religious,,
Jersey Shore Family Vacation NO,,,否,0,Entertainment,,
Grand Cinema,,,否,0,Movies,,
It's Supernatural! Network (1080p),,,否,0,Religious,,
Identite Tele Caraibes (548p),,,否,0,Music,,
Hebron TV (1080p),,,否,0,Religious,,
Habib TV,,,否,0,Religious,,
Hell's Kitchen (1080p),,,否,0,Series,,
Jogja Istimewa TV (720p),,,否,0,General,,
GunAz TV,,,否,0,General,,
HauntTV (1080p),,,否,0,Series,,
Hornbill TV (576p),,,否,0,News,,
Hi Dost! (720p),,,否,0,Entertainment,,
K24 (1080p),,,否,0,General,,
Jinvani Channel (720p),,,否,0,Religious,,
Jibek Joly HD (1080p),,,否,0,General,,
IRIB 2,,,否,0,General,,
Harbin Comprehensive News Channel,,,否,0,News,,
Hellenic Parliament TV (1080p),,,否,0,Legislative,,
IRIB 1,,,否,0,General,,
Futbol TV (1080p),,,否,0,Sports,,
HTV2 (720p),,,否,0,Entertainment;General,,
HTV9 (720p),,,否,0,General;News,,
