频道名,地址,回播地址,回播类型,回播天数,tvg-id,tvg-name,国家分组,语言分组,图标,原分组,分辨率,来源文件,检测时间,状态码
CVC (1080p),http://15.204.246.24:8080/CVCHD/index.m3u8,,,,CVC.bo@SD,,,,https://i.imgur.com/taGdzLe.png,Religious,,iptv-org-all.txt,33,403
ChileVision (1080p),http://15.204.246.24:8080/CHVHD/index.m3u8,,,,ChileVision.cl@SD,,,,https://i.imgur.com/PRijvR0.png,General,,iptv-org-all.txt,35,403
Contra Costa College TV [Geo-blocked],https://reflect-contra-costa.cablecast.tv/live-7/live/live.m3u8,,,,ContraCostaTV.us@SD,,,,https://i.imgur.com/3oYkwPc.png,Legislative,,iptv-org-all.txt,141,403
CDN (576p),http://190.61.90.17:40000/play/a03p/index.m3u8,,,,CDN.do@SD,,,,https://i.imgur.com/eQyjIgf.png,General,,iptv-org-all.txt,136,200
CCTV-8K (1080p),http://192.151.150.154/live/cctv8k.m3u8,,,,CCTV8K.cn@HD,,,,https://i.imgur.com/fxVPMJF.png,Undefined,,iptv-org-all.txt,157,200
Chikitoonz (1080p),http://45.70.201.81:8000/play/a00p/index.m3u8,,,,Chikitoonz.pe@SD,,,,https://chikitoonz.com/site/wp-content/uploads/2024/08/logochikitoonz2.png,Kids,,iptv-org-all.txt,200,200
Canal Dos Yopal (720p),http://131.221.41.94/hls/canal2.m3u8,,,,CanalDos.co@SD,,,,https://i.imgur.com/BYsyNHZ.jpg,General,,iptv-org-all.txt,196,200
De Pelicula US (720p),http://138.121.15.230:9002/DEPELICULA/index.m3u8,,,,DePeliculaUS.us@SD,,,,https://upload.wikimedia.org/wikipedia/commons/thumb/0/00/DPel%C3%ADcula_2021.svg/960px-DPel%C3%ADcula_2021.svg.png,Movies,,iptv-org-all.txt,211,200
Caracol HD2 (1080p),http://181.78.14.26:4000/play/a00d/index.m3u8,,,,CaracolHD2.co@SD,,,,https://i.imgur.com/Fww94l9.png,General,,iptv-org-all.txt,226,200
CCTV-9 (576i),https://xykt-fix.github.io/Y77.m3u8,,,,CCTV9.cn@SD,,,,https://i.imgur.com/3tivvMm.png,Documentary,,iptv-org-all.txt,252,200
Controversia TV (720p) [Not 24/7],https://live.obslivestream.com/controversiatv/index.m3u8,,,,ControversiaTV.pe@SD,,,,https://i.imgur.com/X7cPyP2.png,Undefined,,iptv-org-all.txt,254,200
Canal 8 Catacaos (720p) [Not 24/7],https://live.obslivestream.com/canal8/index.m3u8,,,,Canal8Catacaos.pe@SD,,,,https://i.imgur.com/O5MrFjY.png,General,,iptv-org-all.txt,258,200
Classique TV (360p),https://stmv1.srvif.com/classique/classique/playlist.m3u8,,,,ClassiqueTV.br@SD,,,,https://i.imgur.com/rHxcraT.png,Movies,,iptv-org-all.txt,267,200
Canal del Sol (1080p) [Not 24/7],https://stream.canaldelsol.com/sol26/live_1080.m3u8,,,,CanaldelSol.do@SD,,,,https://i.imgur.com/gK0M1jB.png,General,,iptv-org-all.txt,299,200
Canal do Boi (720p),http://45.162.64.114/CANAL_DO_BOI/index.m3u8,,,,CanaldoBoi.br@SD,,,,https://i.imgur.com/pVM5MhS.png,Undefined,,iptv-org-all.txt,297,200
Canal Educacao (720p),http://45.162.64.114/CANAL_EDUCACAO/index.m3u8,,,,CanalEducacao.br@SD,,,,https://i.imgur.com/OOB7nrS.png,Education,,iptv-org-all.txt,270,200
Cooking Panda (576p),https://stream-us-east-1.getpublica.com/playlist.m3u8?network_id=46,,,,CookingPanda.us@SD,,,,https://i.imgur.com/bhY0Zcs.png,Cooking,,iptv-org-all.txt,446,200
Canal del Sur (720p),https://oracle.streaminghd.cl/canal-del-sur/canal-del-sur/playlist.m3u8,,,,CanaldelSur.cl@SD,,,,https://i.imgur.com/NVLJBzy.png,Undefined,,iptv-org-all.txt,509,200
Canal Diocesano (576p),https://nlb2-live.emitstream.com/hls/5i3pxfuz4az356yu22ij/master.m3u8,,,,CanalDiocesano.es@SD,,,,https://i.imgur.com/uWhVKL3.png,Undefined,,iptv-org-all.txt,624,200
CVR English (720p),https://cdn.pishow.tv/ott/live/425/master.m3u8,,,,CVREnglish.in@SD,,,,https://i.imgur.com/k0WTQKi.png,News,,iptv-org-all.txt,637,200
DD Yadagiri (576p),https://cdn.pishow.tv/ott/live/21/master.m3u8,,,,DDYadagiri.in@SD,,,,https://xstreamcp-assets-msp.streamready.in/assets/LIVETV/LIVECHANNEL/LIVETV_LIVETVCHANNEL_DD_YADAGIRI/images/LOGO_HD/image.png,General,,iptv-org-all.txt,654,200
CVR Health (576p),https://cdn.pishow.tv/ott/live/395/master.m3u8,,,,CVRHealth.in@SD,,,,https://i.imgur.com/bCyW32I.png,Lifestyle,,iptv-org-all.txt,651,200
Canal Diplomatico,https://master.myplaytv.com:2020/hls/canaldiplomatico/canaldiplomatico.m3u8,,,,CanalDiplomatico.ve@SD,,,,https://i.ibb.co/34vsSzS/1439-Canal-Diplomatico.png,Culture,,iptv-org-all.txt,683,200
Deewana HD (540p),https://live20.bozztv.com/giatvplayout7/giatv-209592/index.m3u8,,,,DeewanaHD.in@SD,,,,https://i.imgur.com/xIYITQ9.png,Music,,iptv-org-all.txt,474,200
Canal 8 San Juan (720p) [Not 24/7],https://live20.bozztv.com/akamaissh101/ssh101/canal8sanjuan/playlist.m3u8,,,,Canal8SanJuan.ar@SD,,,,https://files.catbox.moe/f7jbdo.png,General,,iptv-org-all.txt,686,200
Chithiram (576p),https://cdn.pishow.tv/ott/live/1243/master.m3u8,,,,Chithiram.in@SD,,,,https://i.imgur.com/xv9cWSh.png,Kids,,iptv-org-all.txt,599,200
De Ultimo Minuto TV,https://soportedvb.click:3620/live/deultimominutomedialive.m3u8,,,,DeUltimoMinutoTV.do@SD,,,,https://i.imgur.com/6ML2z17.png,News,,iptv-org-all.txt,753,200
CCTV-6 [Geo-blocked],https://live.eac-news.com/CCTV/streams/cctv6.m3u8,,,,CCTV6.cn@SD,,,,https://i.imgur.com/rFiaef7.png,Movies,,iptv-org-all.txt,761,500
CMT (720p),http://23.237.104.106:8080/USA_CMT/index.m3u8,,,,CMT.us@East,,,,https://i.imgur.com/S7DOpdY.png,Music,,iptv-org-all.txt,93,200
Canal 9 Barbe TV (720p) [Not 24/7],https://cdn.streamhispanatv.net:3549/live/barbetvlive.m3u8,,,,BarbeTV.gt@SD,,,,https://i.imgur.com/2Sekew2.png,General,,iptv-org-all.txt,830,200
Canal 8 C&C Producciones,https://video.hostingcaaguazu.com:19360/canal8cvs/canal8cvs.m3u8,,,,Canal8CCProducciones.py@SD,,,,https://i.imgur.com/SVj5fjg.jpg,General,,iptv-org-all.txt,890,200
Cool FM 98.9 (720p),https://live2.tensila.com/cool-v-1.arubara/hls/master.m3u8,,,,CoolFM989.aw@SD,,,,https://i.imgur.com/uGE6lZ2.png,Music,,iptv-org-all.txt,871,200
CCX1 (1080p),http://reflect-ccx.cablecast.tv/live-9/live/stream-1/live.m3u8,,,,CCX1.us@SD,,,,https://i.imgur.com/1hHW3IK.png,General,,iptv-org-all.txt,878,403
Cloudflare TV (720p),https://cloudflare.tv/hls/live.m3u8,,,,CloudflareTV.us@SD,,,,https://i.imgur.com/l4m0is8.jpeg,Education,,iptv-org-all.txt,880,200
Canal Futura (720p),http://45.162.64.114/FUTURA/index.m3u8,,,,CanalFutura.br@SD,,,,https://i.imgur.com/LgynEBC.png,Education,,iptv-org-all.txt,138,200
Carac 4 (1080p),https://edge17.vedge.infomaniak.com/livecast/ik:compack_media_1/playlist.m3u8,,,,Carac4.ch@SD,,,,https://i.imgur.com/Dj5LPy3.png,Entertainment,,iptv-org-all.txt,1005,200
Chile Channel (720p),https://v2.tustreaming.cl/chilechannel/index.m3u8,,,,ChileChannel.cl@SD,,,,https://i.imgur.com/F1it6fh.png,Entertainment;Travel,,iptv-org-all.txt,1017,200
Deadly Women (1080p),https://d1mgh147xpmgs8.cloudfront.net/DeadlyWomen_GB.m3u8,,,,DeadlyWomen.us@UK,,,,https://i.imgur.com/dDVZ5Vd.png,Documentary,,iptv-org-all.txt,1020,200
Chiloe Red 25 (720p),https://v2.tustreaming.cl/chiloered/index.m3u8,,,,ChiloeRed25.cl@SD,,,,https://i.imgur.com/3tqrImm.png,Culture,,iptv-org-all.txt,1024,200
Click TV (Coronel) (720p),https://v2.tustreaming.cl/clicktv/playlist.m3u8,,,,ClickTVChile.cl@SD,,,,https://i.imgur.com/H0XNbMS.png,Documentary,,iptv-org-all.txt,1033,200
China Channel (720p),https://v2.tustreaming.cl/chinachannel/index.m3u8,,,,ChinaChannel.cl@SD,,,,https://cdn.m3u.cl/logo/1769_China_Channel.png,General,,iptv-org-all.txt,1031,200
CV Vision TV (288p) [Geo-blocked],https://eu1.servers10.com:8081/8128/index.m3u8,,,,CVVisionTV.do@SD,,,,https://dominicanchannels.com/wp-content/uploads/ccviison-1.png,General,,iptv-org-all.txt,1068,200
CEACOM TV (1080p) [Not 24/7],https://eu1.servers10.com:8081/ceacom/index.m3u8,,,,CEACOMTV.bo@SD,,,,https://i.imgur.com/hutdRfk.png,General;Lifestyle;Music;News,,iptv-org-all.txt,933,200
Chemnitz Fernsehen (1080p),https://chemnitz.iptv-playoutcenter.de/chemnitz/chemnitzfernsehen.stream_1/playlist.m3u8,,,,SachsenFernsehenChemnitz.de@SD,,,,https://i.imgur.com/4SEAbVf.png,Undefined,,iptv-org-all.txt,1127,200
Cherniveckiy promin (720p),https://langate.tv/promin/live_720/index.m3u8,,,,Cherniveckiypromin.ua@SD,,,,https://i.imgur.com/O9nQ5po.png,News,,iptv-org-all.txt,1159,200
Canal Gov (720p),http://45.177.114.115/TV_BRASIL_2/index.m3u8,,,,CanalGov.br@SD,,,,https://i.imgur.com/rHPY0Yv.png,Legislative,,iptv-org-all.txt,239,200
CCV (480p),https://5a1178b42cc03.streamlock.net/8212/8212/playlist.m3u8,,,,CCV.in@SD,,,,https://i.imgur.com/4ss0KfA.png,General,,iptv-org-all.txt,1260,200
Deal or No Deal (1080p),https://amg00627-banijaygroup-dealornodeal-samsungau-si7xg.amagi.tv/playlist/amg00627-banijaygroup-dealornodeal-samsungau/playlist.m3u8,,,,DealorNoDeal.us@SD,,,,https://i.imgur.com/lZvNXA1.png,Series,,iptv-org-all.txt,1311,200
Canal do Criador (1080p),https://607d2a1a47b1f.streamlock.net/crur/smil:canaldocriador.smil/playlist.m3u8,,,,CanaldoCriador.br@SD,,,,https://i.imgur.com/k29So6X.png,Outdoor,,iptv-org-all.txt,1321,200
CVN TV,https://7.innovatestream.pe:19360/cvntumbes/cvntumbes.m3u8,,,,CVNTV.pe@SD,,,,https://i.imgur.com/QF5VUcy.png,General,,iptv-org-all.txt,1331,200
COPS,https://a7d6af1c184e465db4f39316a5181c1f.mediatailor.us-east-1.amazonaws.com/v1/master/0fb304b2320b25f067414d481a779b77db81760d/RakutenTV-eu_COPS/playlist.m3u8,,,,Cops.us@Poland,,,,https://i.imgur.com/J3XO6V2.png,Series,,iptv-org-all.txt,1352,200
CDN Deportes (720p) [Not 24/7],https://hls.tvabierta.net/hls/036.m3u8,,,,CDNDeportes.do@SD,,,,https://i.imgur.com/yU5LqTL.png,Sports,,iptv-org-all.txt,1352,200
Cool TV (1080p) [Not 24/7],https://stream.nasatv.com.mk/cooltv/hls/cooltv_live.m3u8,,,,CoolTV.mk@SD,,,,https://i.imgur.com/2tFrjUz.png,General,,iptv-org-all.txt,1372,200
Cops (720p),https://langleyproductions-cops-2-eu.rakuten.wurl.tv/playlist.m3u8,,,,Cops.us@SD,,,,https://i.imgur.com/J3XO6V2.png,Series,,iptv-org-all.txt,1375,200
Choluteca TV (1080p),https://s.emisoras.tv:8081/cholutecatv/index.m3u8,,,,CholutecaTV.hn@SD,,,,https://i.imgur.com/mpc4Isd.png,Religious,,iptv-org-all.txt,604,200
Canal DTV (720p),https://s.emisoras.tv:8081/dtv/index.m3u8,,,,CanalDTV.do@SD,,,,https://i.imgur.com/JO5yuNC.png,General,,iptv-org-all.txt,1436,200
Caribbean Advantage TV (1080p) [Not 24/7],https://video2.getstreamhosting.com:19360/8216/8216.m3u8,,,,CAtv.pr@SD,,,,https://caribbeanadvantage.com/images/CAtv-logo-512.png,General,,iptv-org-all.txt,1444,200
Chino Hills City TV Channel 3/41 (360p),https://edge-f.swagit.com/live/chinohillsca/live-1-a/playlist.m3u8,,,,CityTVChannel341.us@SD,,,,https://i.imgur.com/L0vaDea.png,Legislative,,iptv-org-all.txt,1518,200
Carlsbad City TV Channel (Carlsbad CA) (720p),https://edge-f.swagit.com/live/carlsbadca/live-3-a-1/playlist.m3u8,,,,CityTVCarlsbad.us@SD,,,,https://i.imgur.com/G6h8efT.png,General,,iptv-org-all.txt,759,200
Caribbean Gospel TV,https://25466019af9b7aed.servers.dvcloud.tv/hls/iptv_providers/fhvtgifbqbcjp0g19mdd76t18tpalu4k.m3u8,,,,CaribbeanGospelTV.jm@SD,,,,https://i.imgur.com/lhgrqmA.png,Religious,,iptv-org-all.txt,1544,200
CVR OM Spiritual (576p),https://yuppnimrestreammum.akamaized.net/181224/smil:cvrom1.smil/playlist.m3u8?hdnts=st=1735898689~exp=1835898688~acl=*~hmac=f5fe24724fe05481e3841f9eb5ab8efdee0a3dd83645ae9dcf45703f525bab7b,,,,CVROMSpiritual.in@SD,,,,https://jiotvimages.cdn.jio.com/dare_images/images/CVR_OM_Spiritual.png,Religious,,iptv-org-all.txt,1560,200
Caribbean Hot 7 TV (720p),https://586a9edea75f1.streamlock.net/caribbeanhot7tv/ch7-1.stream/playlist.m3u8,,,,CaribbeanHot7TV.lc@SD,,,,https://i.ibb.co/sjTS4xD/logo116x90-2.png,General,,iptv-org-all.txt,1577,200
Canal E (720p),https://unlimited1-us.dps.live/perfiltv/perfiltv.smil/playlist.m3u8,,,,CanalE.ar@SD,,,,https://i.ibb.co/y4pkxH3/Qtc8-M2-PG-400x400.jpg,Business;News,,iptv-org-all.txt,1588,200
Caras TV (1080p),https://unlimited1-us.dps.live/carastv/carastv.smil/playlist.m3u8,,,,CarasTV.ar@SD,,,,https://i.imgur.com/7dl4yQY.jpeg,Entertainment,,iptv-org-all.txt,1592,200
DellaTV (720p),https://live20.bozztv.com/giatvplayout7/giatv-211474/playlist.m3u8,,,,DellaTV.it@HD,,,,https://i.imgur.com/6lvQ3Xz.png,General,,iptv-org-all.txt,20,200
CMB Television (1080p),https://cdn1.cmbcolombia.tv/bethesda/video.m3u8,,,,CMBTelevision.co@SD,,,,https://i.imgur.com/akGKPsk.png,Religious,,iptv-org-all.txt,1651,200
Canal 9 Link,https://617c5175c970b.streamlock.net:4444/9linklivert/smil:9linkmultibr.smil/playlist.m3u8,,,,Canal9Link.ar@SD,,,,https://audios.radiosnet.com.ar/imgwikidat/img_cuerpo/canal+9+buenos+aires9.jpg,Entertainment,,iptv-org-all.txt,1674,200
CMT Equal Play (720p),https://jmp2.uk/plu-5f68f53eb1e5800007390bf8.m3u8,,,,CMTEqualPlay.us@SD,,,,https://i.imgur.com/9ysjkkL.png,Music,,iptv-org-all.txt,828,200
Caroline in the City,https://jmp2.uk/plu-66a7aac9d512590008ab2dcb.m3u8,,,,CarolineintheCity.se@NO,,,,https://images.pluto.tv/channels/66a7aa44cd0d31000843942b/colorLogoPNG.png,Comedy,,iptv-org-all.txt,585,200
Carousel (720p),http://185.37.150.46/Karusel/index.m3u8,,,,Carousel.ru@Plus4,,,,https://i.imgur.com/4wmnx1W.png,Kids,,iptv-org-all.txt,261,200
Curro Jiménez,https://jmp2.uk/plu-5f1acd36779de70007a680d1.m3u8,,,,CurroJimenez.us@Spain,,,,https://i.imgur.com/e3biTY5.png,Series,,iptv-org-all.txt,1720,200
Classica (720p),https://jmp2.uk/plu-5f779951372da90007fd45e8.m3u8,,,,Classica.us@SD,,,,https://i.imgur.com/bLjmQTU.png,Music,,iptv-org-all.txt,1722,200
Chinola TV (480p),https://tv.wracanal10.com:3300/live/chinolatvlive.m3u8,,,,ChinolaTV.do@SD,,,,https://i.imgur.com/ybud4dI.png,Kids,,iptv-org-all.txt,1725,200
Clubbing TV UK (720p),https://a-cdn.klowdtv.com/live3/clubbingtv_720p/playlist.m3u8,,,,ClubbingTV.us@UK,,,,https://i.imgur.com/MyiA92q.png,Music,,iptv-org-all.txt,1743,200
Caroline in the City,https://jmp2.uk/plu-66a7ab4dcd0d3100084395b4.m3u8,,,,CarolineintheCity.se@SE,,,,https://images.pluto.tv/channels/66a7aa44cd0d31000843942b/colorLogoPNG.png,Comedy,,iptv-org-all.txt,429,200
Clubbing TV France,https://d1j2csarxnwazk.cloudfront.net/v1/master/3722c60a815c199d9c0ef36c5b73da68a62b09d1/cc-uze1m6xh4fiyr-ssai-prd/master.m3u8,,,,ClubbingTV.us@France,,,,https://i.imgur.com/MyiA92q.png,Music,,iptv-org-all.txt,1751,504
Coptic TV (720p) [Not 24/7],https://ctv.icopts.app/CTV/index.fmp4.m3u8,,,,CopticTV.eg@SD,,,,https://www.ctvchannel.tv/images/CTV-logo-white.png,Religious,,iptv-org-all.txt,1821,200
Caroline in the City,https://jmp2.uk/plu-66a7aa44cd0d31000843942b.m3u8,,,,CarolineintheCity.se@DK,,,,https://images.pluto.tv/channels/66a7aa44cd0d31000843942b/colorLogoPNG.png,Comedy,,iptv-org-all.txt,833,200
Canal Doñana (720p) [Not 24/7],https://secure5.todostreaming.es/live/division-alm.m3u8,,,,CanalDonana.es@SD,,,,https://i.imgur.com/0WrKIxm.png,Undefined,,iptv-org-all.txt,1852,200
Canal 9 Bío Bío Televisión (1080p) [Not 24/7],https://unlimited6-cl.dps.live/c9/c9.smil/playlist.m3u8,,,,Canal9BioBioTelevision.cl@SD,,,,https://i.imgur.com/J2G1WMs.png,Undefined,,iptv-org-all.txt,1865,200
China Travel (1080p),https://fastlive.cctvplus.com/out/v1/ca6f9297b7314a63959435028af287fc/index.m3u8,,,,ChinaTravel.cn@SD,,,,https://i.imgur.com/vSgY3CD.png,Culture;Documentary;Travel,,iptv-org-all.txt,1865,200
Chifeng Comprehensive News Chanel,http://play1-qk.nmtv.cn/live/1735546697341033.m3u8,,,,ChifengComprehensiveNewsChanel.cn@SD,,,,https://www.tvchinese.net/uploads/tv/cfxwzhpd.jpg,News,,iptv-org-all.txt,1929,200
Cáritas TV (1080p),https://rds3.desdeparaguay.net/caritastv/caritastv/playlist.m3u8,,,,CaritasTV.py@SD,,,,https://i.ibb.co/rwkpQx6/unnamed-2.png,General;Religious,,iptv-org-all.txt,1707,200
Cypress Public Access Channel 36 (Cypress CA) (360p),https://livestream-us-east-edge-2.granicusops.com/live/cypressca/live-1-a/playlist.m3u8,,,,CypressChannel36.us@SD,,,,https://i.imgur.com/vOvoHBC.png,Legislative,,iptv-org-all.txt,1628,200
Cooperativa (720p),https://unlimited1-cl-isp.dps.live/coopetv/coopetv.smil/playlist.m3u8,,,,Cooperativa.cl@SD,,,,https://cdn.m3u.cl/logo/422_Cooperativa.png,General,,iptv-org-all.txt,1952,200
CNBC (720p),http://4.30.180.36:8420/cnbc/index.m3u8?token=test,,,,CNBC.us@SD,,,,https://upload.wikimedia.org/wikipedia/commons/thumb/b/bc/CNBC_2025.svg/960px-CNBC_2025.svg.png,Business,,iptv-org-all.txt,112,200
Corazon TV,https://sistemastr.tropicalmoonmedia.com/live/7FFCFEC3978B68D1A2ED0A38DE96AF76/12.m3u8,,,,CorazonTV.pa@SD,,,,https://i.imgur.com/HVdbXku.png,Music,,iptv-org-all.txt,1713,200
Club TV,https://tv.arkeo.cl:1936/clubtv/clubtv/playlist.m3u8,,,,ClubTV.cl@SD,,,,https://i.imgur.com/6fmQLF8.png,Undefined,,iptv-org-all.txt,2011,200
Cosmos TV (720p),https://video.hostingcaaguazu.com:19360/cosmostv/cosmostv.m3u8,,,,CosmosTV.py@SD,,,,https://i.imgur.com/dAMyExY.jpg,Science,,iptv-org-all.txt,172,200
Canal 9 en Français (1080p),https://livehd.vedge.infomaniak.com/livecast/livehd/master.m3u8,,,,Canal9.ch@SD,,,,https://i.imgur.com/TNciMh2.png,Undefined,,iptv-org-all.txt,2032,403
Canal 8 Mar del Plata (720p) [Not 24/7],https://canal8mdq.unpocodeawita.workers.dev/,,,,Canal8MardelPlata.ar@SD,,,,https://i.imgur.com/G7TaQ1L.png,Undefined,,iptv-org-all.txt,2049,200
Cool Channel,https://live-iptv.cool-channel.com/cool/live-720P.m3u8,,,,CoolChannel.th@SD,,,,https://i.imgur.com/MU4E0A7.png,Undefined,,iptv-org-all.txt,2065,200
Deen TV (576p),https://cd198.anystream.uk:9092/iqapp/d33ntv/playlist.m3u8,,,,DeenTV.uk@SD,,,,https://i.imgur.com/Zp62Nbd.png,General,,iptv-org-all.txt,2069,200
CMC-USA Country Music Channel (720p),https://hwlive.streamingmediahosting.com/14215-live/0_obd393sh/playlist.m3u8,,,,CMCUSACountryMusicChannel.us@SD,,,,https://upload.wikimedia.org/wikipedia/commons/thumb/7/7e/TLN_2015.png/500px-TLN_2015.png,Music,,iptv-org-all.txt,1805,200
CVTV Channel 192 (1080p),https://livestream.telvue.com/cvtv2/f7b44cfafd5c52223d5498196c8a2e7b.sdp/playlist.m3u8,,,,CVTVChannel192.us@SD,,,,https://i.imgur.com/loGNYCc.png,General,,iptv-org-all.txt,2095,200
Canal FDR,https://v-us-01.wisestream.io/memfs/e4ade538-7924-4359-81ef-b9d4dd229e91.m3u8,,,,CanalFDR.br@SD,,,,https://i.imgur.com/7SE4CkE.png,Education;General,,iptv-org-all.txt,1461,200
Caracola TV,https://wifispeed.trapemn.tv:1936/comunales/caracola-tv/chunks.m3u8,,,,CaracolaTV.cl@SD,,,,https://i.imgur.com/QGvfqug.png,General,,iptv-org-all.txt,2113,200
CVTV Channel 194 (1080p),https://livestream.telvue.com/cvtv1/f7b44cfafd5c52223d5498196c8a2e7b.sdp/playlist.m3u8,,,,CVTVChannel194.us@SD,,,,https://i.imgur.com/loGNYCc.png,General,,iptv-org-all.txt,1931,200
Canal 11 (720p),http://179.60.224.196:8000/play/a0dv/index.m3u8,,,,Canal11.gt@SD,,,,https://i.imgur.com/nmlBLpI.png,General,,iptv-org-all.txt,112,200
DeFiance Media (1080p),https://amg01529-defiancetv-defiancemedia-glewed-tre8x.amagi.tv/playlist.m3u8,,,,DeFianceMedia.pr@SD,,,,https://xstreamcp-assets-msp.streamready.in/assets/DISTROTV/LIVECHANNEL/66698943bac4421ebc533695/images/logo_20231219_193005_68.png,Business,,iptv-org-all.txt,1724,200
Carivision (1080p) [Geo-blocked],https://ss2.tvrdomi.com:1936/carivision/carivision/playlist.m3u8,,,,Carivision.do@SD,,,,https://i.imgur.com/XjGb2UM.png,News,,iptv-org-all.txt,1663,200
CMC TV (1080p),https://stream.cmctv.hr:49998/cmc/live.m3u8,,,,CMCTV.hr@SD,,,,https://i.imgur.com/FCb7Ag2.png,Music,,iptv-org-all.txt,2018,200
Canal 10 (720p) [Not 24/7],https://acceso.mediosdecostarica.com:3606/hybrid/play.m3u8,,,,Canal10.cr@SD,,,,https://i.imgur.com/TO6WQbW.png,General,,iptv-org-all.txt,1949,200
Coral TV (720p),https://tv.mediacp.eu:8081/coraltv/index.m3u8,,,,CoralTV.bo@SD,,,,https://i.ibb.co/xDrc5MD/CORALTv.png,General,,iptv-org-all.txt,2012,200
Canal ISB (Iglesia San Bernardo) (720p),https://unlimited1-us.dps.live/isb/isb.smil/playlist.m3u8,,,,CanalISB.cl@SD,,,,https://i.imgur.com/cQ4ggTw.png,Religious,,iptv-org-all.txt,289,200
Cosmovision (720p),https://lbgo.bozztv.com/ssh101/ssh101/Cosmovisión/playlist.m3u8,,,,Cosmovision.co@SD,,,,https://i.imgur.com/QlvYfEJ.png,General,,iptv-org-all.txt,231,200
Corrientes TV,https://617c5175c970b.streamlock.net:4444/13max2/live13maxtv2026/playlist.m3u8,,,,CorrientesTV.ar@SD,,,,https://i.imgur.com/7PBkvRp.png,General,,iptv-org-all.txt,1000,200
Cascara TV (720p),https://ss2.tvrdomi.com:1936/cascaratv/cascaratv/playlist.m3u8,,,,CascaraTV.do@SD,,,,https://i.imgur.com/DEUR7mB.png,General,,iptv-org-all.txt,15,200
Celebrity Name Game (1080p) [Geo-blocked],https://amg00353-amg00353c19-xumo-us-2608.playouts.now.amagi.tv/lionsgate-clbng/playlist.m3u8,,,,CelebrityNameGame.us@SD,,,,https://provider-static.plex.tv/epg/cms/production/773232e1-5c36-490b-922e-e5be8ec12eb2/celebrityd5796a3e14bf45513f7b3071b90d030.png,Series,,iptv-org-all.txt,1520,200
Canal 11 (1080p),http://190.11.225.124:5000/live/canal11_hd/playlist.m3u8,,,,Canal11.hn@SD,,,,https://i.imgur.com/Sht2Rd4.png,General,,iptv-org-all.txt,128,200
Canal 10 (720p),https://5ca3e84a76d30.streamlock.net/tves/videotves/playlist.m3u8,,,,Canal10.sv@SD,,,,https://i.imgur.com/y2ppMnY.png,General,,iptv-org-all.txt,1545,200
Cartoon Classics (576p),http://5.188.159.128:8070/Cartoon_Network/index.m3u8,,,,CartoonClassics.pl@FAST,,,,https://images-3.rakuten.tv/storage/global-live-channel/translation/artwork/3227c06e-333b-4b1b-b657-3e3ab99ebd06-width200-quality90.jpeg,Animation;Kids,,iptv-org-all.txt,272,200
Canal 10 (360p),https://www.canal10.com.ni/envivo,,,,Canal10.ni@SD,,,,https://i.imgur.com/ztp781b.png,General,,iptv-org-all.txt,1692,200
Cin Cin,https://jmp2.uk/plu-65cb78b83a116800079e2e35.m3u8,,,,CinCin.de@IT,,,,https://images.pluto.tv/channels/65cb78b83a116800079e2e35/colorLogoPNG.png,Classic;Series,,iptv-org-all.txt,52,200
Cornerstone TV (720p),https://2-fss-1.themediacdn.com/pl_122/206280-3059514-1/playlist.m3u8,,,,CornerstoneTV.us@SD,,,,https://upload.wikimedia.org/wikipedia/en/thumb/3/37/Cornerstone_Television_logo.png/960px-Cornerstone_Television_logo.png,Religious,,iptv-org-all.txt,1513,200
Décima TV (Ancud) (720p),https://unlimited2-cl-isp.dps.live/decimatv/decimatv.smil/playlist.m3u8,,,,DecimaTV.cl@SD,,,,https://i.imgur.com/eu8hDDc.png,General,,iptv-org-all.txt,2393,200
Canal Local (720p),https://v2.tustreaming.cl/canallocalcl/index.m3u8,,,,CanalLocal.cl@SD,,,,https://i.imgur.com/ReZXqWR.png,General,,iptv-org-all.txt,127,200
Degrassi (720p),https://d3537vnymvfque.cloudfront.net/playlist.m3u8,,,,Degrassi.us@US,,,,https://i.imgur.com/vhSzfDC.png,Series,,iptv-org-all.txt,1561,200
Canal 12 (576p),http://186.33.26.18:8000/play/a0nw/index.m3u8,,,,Canal12.sv@SD,,,,https://i.imgur.com/WMv3yEf.png,General,,iptv-org-all.txt,121,200
Chocolate FM (720p),https://5eaccbab48461.streamlock.net:1936/8180/8180/playlist.m3u8,,,,ChocolateFM.cl@SD,,,,https://cdn.m3u.cl/logo/382_ChocolateFM.png,Music,,iptv-org-all.txt,2293,200
Choppertown (720p),https://linear-11.frequency.stream/dist/glewedtv/11/hls/master/playlist.m3u8,,,,Choppertown.us@SD,,,,https://i.imgur.com/U6cu5Ms.png,Auto;Series,,iptv-org-all.txt,1626,200
Correa Radiovision,https://stream.arcast.net:4443/correadigital/canal12/playlist.m3u8,,,,CorreaRadiovision.ar@SD,,,,https://i.imgur.com/bNCGzjf.jpeg,General,,iptv-org-all.txt,1638,200
Dej TV,https://rdejhls.wns.live/hls/stream.m3u8,,,,DejTV.ir@HD,,,,,Undefined,,iptv-org-all.txt,1627,200
Canal I (1080p),https://streaming.canal-i.com/canal-i/live/master.m3u8,,,,CanalI.ve@SD,,,,https://i.imgur.com/vKfOavW.png,News,,iptv-org-all.txt,1638,200
Canal 10 Chiapas (720p),https://5ca9af4645e15.streamlock.net/chiapas/videochiapas/playlist.m3u8,,,,XHTTGTDT.mx@SD,,,,https://i.imgur.com/dw6puHC.png,General,,iptv-org-all.txt,1653,200
Del Pueblo TV [Not 24/7],https://vdopanel.jlahozconsulting.com:3869/hybrid/play.m3u8,,,,DelPuebloTV.do@HD,,,,https://imgur.com/Pw7ZUT1.jpg,General,,iptv-org-all.txt,1464,200
Christian Youth Channel (CYC) (1080p),http://media3.smc-host.com:1935/cycnow.com/smil:cyc.smil/playlist.m3u8,,,,ChristianYouthChannelCYC.us@SD,,,,https://i.imgur.com/61eV77C.png,Kids;Religious,,iptv-org-all.txt,1415,200
Celta TV (240p),https://vivo.solumedia.com:19360/celta/celta.m3u8,,,,CeltaTV.ar@SD,,,,https://i.imgur.com/rwoIF4w.png,Undefined,,iptv-org-all.txt,1479,200
Corfu Channel (720p),https://itv.streams.ovh:1936/corfuchannel/corfuchannel/playlist.m3u8,,,,CorfuChannel.gr@SD,,,,https://i.imgur.com/EFL1Tjg.png,News,,iptv-org-all.txt,2258,200
CNA (360p) [Not 24/7],https://live.creacast.com/cna/stream/playlist.m3u8,,,,CNA.dz@SD,,,,https://i.imgur.com/Ki3ySUE.png,Religious,,iptv-org-all.txt,1700,403
Canal 13 (1080p),http://15.204.246.24:8080/Canal13HD/index.m3u8,,,,Canal13.cl@SD,,,,https://static.wikia.nocookie.net/logopedia/images/0/01/Canal_13_2018.png/revision/latest/scale-to-width-down/512/,General,,iptv-org-all.txt,4,403
DELTA TV (720p),http://81.171.10.42:554/liveD/DStream.sdp/playlist.m3u8,,,,DELTATV.gr@SD,,,,https://i.ibb.co/Nt79gnx/319386123-3050873715211949-6691293256713061450-n-1024x752.png,General,,iptv-org-all.txt,1107,200
Da Vinci (576p),http://hls127.freeott.top:8080/Da_Vinci_Learning/video.m3u8,,,,DaVinci.ru@SD,,,,https://i.imgur.com/V8AUJP6.png,Education,,iptv-org-all.txt,1546,200
Cenovision HD (720p),https://5790d294af2dc.streamlock.net/cenovision/cenovision/playlist.m3u8,,,,CenovisionHD.do@HD,,,,https://imgur.com/ShPaOvn.jpg,General,,iptv-org-all.txt,1443,200
CNA (1080p) [Geo-blocked],https://d2e1asnsl7br7b.cloudfront.net/7782e205e72f43aeb4a48ec97f66ebbe/index.m3u8,,,,CNA.sg@SD,,,,https://i.imgur.com/awIDugE.png,News,,iptv-org-all.txt,1628,200
Canal 10 Durango (1080p),https://5e50264bd6766.streamlock.net/canal10durango/videocanal10durango/playlist.m3u8,,,,Canal10Durango.mx@SD,,,,https://i.imgur.com/H34quHQ.png,Undefined,,iptv-org-all.txt,1522,200
Carac 2 (1080p),https://onefmhd.vedge.infomaniak.com/livecast/ik:onefmhd/manifest.m3u8,,,,Carac2.ch@SD,,,,https://i.imgur.com/hCoIPen.png,Entertainment,,iptv-org-all.txt,3073,200
Canal Institucional (720p),https://streaming.rtvc.gov.co/TV_CanalInstitucional_live/smil:live.smil/playlist.m3u8,,,,CanalInstitucional.co@SD,,,,https://i.imgur.com/hqfQVrU.png,General,,iptv-org-all.txt,1421,200
Chroma TV (480p),https://5c483b9d1019c.streamlock.net/8054/8054/playlist.m3u8,,,,ChromaTV.br@SD,,,,https://i.imgur.com/SnaIMgj.png,Entertainment,,iptv-org-all.txt,1574,200
Canal 13 (720p),http://190.61.101.11:7050/play/a07f/index.m3u8,,,,Canal13.gt@SD,,,,https://i.imgur.com/C1yVU3J.png,General,,iptv-org-all.txt,111,200
CDM Internacional (480p) [Not 24/7],https://627bb251f23c7.streamlock.net:444/CDMInternacional/CDMInternacional/playlist.m3u8,,,,CDMInternacional.pr@SD,,,,https://i.imgur.com/N7IneVk.png,Religious,,iptv-org-all.txt,3195,200
Carac 3 (1080p),https://lfmhd.vedge.infomaniak.com/livecast/lfmhd/playlist.m3u8,,,,Carac3.ch@SD,,,,https://i.imgur.com/C4e8cjt.png,Entertainment,,iptv-org-all.txt,3218,200
Cosmos Tv,https://tv.mediacp.eu:19360/cosmos/cosmos.m3u8,,,,CosmosTv.ar@HD,,,,https://i0.wp.com/fmcosmos.com/wp-content/uploads/2021/11/COSMOS-TV.png,Movies;News,,iptv-org-all.txt,1806,200
Dallas Cowboys Cheerleaders,https://jmp2.uk/plu-64e7715c4c5ed800081230e4.m3u8,,,,DallasCowboysCheerleaders.se@SE,,,,https://images.pluto.tv/channels/64e87c6b28cec700088ceb55/colorLogoPNG.png,Series,,iptv-org-all.txt,404,200
CNA Originals (1080p),https://amg01082-cna-amg01082c1-rlaxx-us-11304.playouts.now.amagi.tv/playlist.m3u8,,,,CNAOriginals.sg@SD,,,,https://upload.wikimedia.org/wikipedia/commons/thumb/8/83/CNA_new_logo.svg/500px-CNA_new_logo.svg.png,Documentary,,iptv-org-all.txt,1722,200
Canal Infantil (1080p),http://bantel-cdn1.iptvperu.tv:1935/btnscrtn/canalinfantil/playlist.m3u8,,,,CanalInfantil.us@SD,,,,https://i.imgur.com/WGk7MJ3.png,Kids,,iptv-org-all.txt,1984,403
Carac 5,https://lfmmd.vedge.infomaniak.com/livecast/ik:carac5/manifest.m3u8,,,,Carac5.ch@SD,,,,https://i.imgur.com/giDfku4.png,Entertainment,,iptv-org-all.txt,3516,200
Celebrity Scene TV (720p),https://rpn.bozztv.com/gusa/gusa-celebrityscene/index.m3u8,,,,CelebritySceneTV.us@SD,,,,https://i.imgur.com/n36jriB.png,Undefined,,iptv-org-all.txt,2506,200
Dabanga TV (1080p),https://hls.dabangasudan.org/hls/stream.m3u8,,,,DabangaTV.sd@SD,,,,https://i.imgur.com/BH1N6TA.png,Education;News,,iptv-org-all.txt,1820,200
Cusano Italia TV (720p),https://router.xdevel.com/video0s975363-69/stream/playlist.m3u8,,,,CusanoItaliaTV.it@SD,,,,https://i.imgur.com/fOluzuE.png,General,,iptv-org-all.txt,3544,200
Ciné 666 by Pluto TV,https://jmp2.uk/plu-6823648580b2665220d9e69a.m3u8,,,,Cine666byPlutoTV.de@FR,,,,https://images.pluto.tv/channels/6823648580b2665220d9e69a/colorLogoPNG-1757404141.png,Movies,,iptv-org-all.txt,379,200
CHTV (1080p),https://viewhn.com/chtv/live/playlist.m3u8,,,,CHTV.hn@SD,,,,https://i.imgur.com/QLQgwc6.png,General,,iptv-org-all.txt,1874,200
Catfish,https://jmp2.uk/plu-625eaebc2a73a00007d3f855.m3u8,,,,MTVCatfishTVShow.de@GB,,,,https://images.pluto.tv/channels/6093f9ed2c75660007322bb7/colorLogoPNG_1750862971704.png,Entertainment,,iptv-org-all.txt,181,200
Canal 9 Resistencia (720p),http://coninfo.net:1935/9linklivert/smil:9linkmultibr.smil/playlist.m3u8,,,,Canal9Resistencia.ar@SD,,,,https://i.imgur.com/xqgRFpC.png,General,,iptv-org-all.txt,3634,200
Den gule sofa med Allan Sindberg,https://jmp2.uk/plu-66b22714d512590008c3d573.m3u8,,,,DengulesofamedAllanSindberg.se@DK,,,,https://images.pluto.tv/channels/66b22714d512590008c3d573/colorLogoPNG.png,Entertainment,,iptv-org-all.txt,65,200
Center TV (1080p),https://eu1.streams.gr:8081/centertv/index.m3u8,,,,CenterTV.gr@SD,,,,https://i.imgur.com/52JW71Q.png,General,,iptv-org-all.txt,1949,200
Dance FM (720p),https://5eaccbab48461.streamlock.net:1936/dancefm_1/dancefm_1/playlist.m3u8,,,,DanceFM.cl@SD,,,,https://i2.paste.pics/ff3e1e1045a1968dcdbcda3824a94eb3.png,Music,,iptv-org-all.txt,126,200
Delta TV,https://st.deltaboliviainstitucion.org:3778/hybrid/play.m3u8,,,,DeltaTV.bo@SD,,,,https://i.imgur.com/FcciYMD.png,General,,iptv-org-all.txt,1974,200
Canal 10 Empordà (360p) [Not 24/7],https://ventdelnord.tv:8080/escala/directe.m3u8,,,,Canal10Emporda.es@SD,,,,https://i.imgur.com/ojQ6wzX.png,Undefined,,iptv-org-all.txt,2050,200
Cine adrenalina,https://jmp2.uk/plu-5d8d164d92e97a5e107638d2.m3u8,,,,CineAdrenalina.us@SD,,,,https://i.imgur.com/njCKaMv.png,Movies,,iptv-org-all.txt,72,200
Catfish,https://jmp2.uk/plu-6093f9ed2c75660007322bb7.m3u8,,,,MTVCatfishTVShow.de@IT,,,,https://images.pluto.tv/channels/6093f9ed2c75660007322bb7/colorLogoPNG_1750862971704.png,Entertainment,,iptv-org-all.txt,111,200
Ciné Action by Pluto TV,https://jmp2.uk/plu-5f8ed1ff5c39700007e2204a.m3u8,,,,CineActionbyPlutoTV.de@FR,,,,https://images.pluto.tv/channels/5f8ed1ff5c39700007e2204a/colorLogoPNG_1752228138963.png,Movies,,iptv-org-all.txt,280,200
CNA International (576p),https://mumt05.tangotv.in/87NeALx2CNA/index.m3u8,,,,CNAInternational.sg@SD,,,,https://i.imgur.com/xWglicB.png,News,,iptv-org-all.txt,2230,200
Canal 11 (720p),https://d3mstgwjcwqz1y.cloudfront.net/ts:abr.m3u8,,,,Canal11.cr@SD,,,,https://upload.wikimedia.org/wikipedia/commons/thumb/a/ac/Repretel_11_logo.png/960px-Repretel_11_logo.png,General,,iptv-org-all.txt,1873,403
Cosmos Tv,https://canaletaplus.com:3922/live/cosmoslive.m3u8,,,,CosmosTv.ar@SD,,,,https://i0.wp.com/fmcosmos.com/wp-content/uploads/2021/11/COSMOS-TV.png,Movies;News,,iptv-org-all.txt,2117,200
Canal 8 TV+ (720p),https://movil.ejeserver.com/live/canal8tv.m3u8,,,,Canal8TVPlus.co@SD,,,,https://i.imgur.com/peOIG1F.png,General,,iptv-org-all.txt,3827,200
CATFISH TV (720p),https://jmp2.uk/plu-5f8eb66537867f0007146953.m3u8,,,,MTVCatfishTVShow.de@FR,,,,https://images.pluto.tv/channels/6093f9ed2c75660007322bb7/colorLogoPNG_1750862971704.png,Entertainment,,iptv-org-all.txt,37,200
Cine Amor,https://jmp2.uk/plu-5f5136317aedfb0007016f93.m3u8,,,,CineAmor.us@SD,,,,https://i.imgur.com/eAS86qH.png,Movies,,iptv-org-all.txt,78,200
CNBC (1080p),https://amg01079-nbcuuk-amg01079c2-samsung-gb-1258.playouts.now.amagi.tv/playlist.m3u8,,,,CNBCUK.uk@SD,,,,https://upload.wikimedia.org/wikipedia/commons/thumb/b/bc/CNBC_2025.svg/960px-CNBC_2025.svg.png,Business;News,,iptv-org-all.txt,1996,200
Central TV (720p),https://freya.mivideo.pro/centraltv/video.m3u8,,,,CentralTV.cl@SD,,,,https://cdn.m3u.cl/logo/1706_Central_TV.png,General,,iptv-org-all.txt,2219,200
Delfi TV,https://s1.dcdn.lt/live/televizija/playlist.m3u8,,,,DelfiTV.lt@SD,,,,https://i.imgur.com/IFoHP5M.png,General,,iptv-org-all.txt,2553,200
Deejay TV (1080p),https://4c4b867c89244861ac216426883d1ad0.msvdn.net/live/S85984808/sMO0tz9Sr2Rk/playlist.m3u8,,,,DeejayTV.it@SD,,,,https://i.imgur.com/YV27Chs.png,General,,iptv-org-all.txt,4050,200
Chosen TV English (360p),https://viewmedia7219.bozztv.com/wmedia/viewmedia100/web_024/Stream/playlist.m3u8,,,,ChosenTVEnglish.ng@SD,,,,,Religious,,iptv-org-all.txt,2936,200
Canal Latino 54 (360p),https://videostream.chileservidores.com:8081/latina/index.m3u8,,,,CanalLatino54.cl@SD,,,,https://i.imgur.com/mKUQoX7.png,Undefined,,iptv-org-all.txt,2043,200
Canal 10 Mar del Plata,https://g1.mc-hor.transport.edge-access.net/a12/ngrp:canal10mdq-100044_all/Playlist.m3u8?sense=true,,,,Canal10MardelPlata.ar@SD,,,,https://i.imgur.com/bq29sfG.png,Entertainment,,iptv-org-all.txt,2411,403
DeltaTV,https://tv2.bitstreaming.net:3539/live/deltanetlive.m3u8,,,,DeltaTV.pe@SD,,,,https://i.imgur.com/crttwAR.png,Undefined,,iptv-org-all.txt,2041,200
CNBC Arabiya (1080p),https://cnbc-live.akamaized.net/cnbc/master.m3u8,,,,CNBCArabiya.ae@SD,,,,https://upload.wikimedia.org/wikipedia/commons/thumb/e/ea/CNBC_Arabia_2025.svg/960px-CNBC_Arabia_2025.svg.png,Business,,iptv-org-all.txt,2087,200
Catfish,https://jmp2.uk/plu-64f8a2a23a0d700008a6ed7b.m3u8,,,,MTVCatfish.us@CA,,,,https://images.pluto.tv/channels/626c2a3502d84a0007cec817/colorLogoPNG.png,Entertainment,,iptv-org-all.txt,1049,200
Dallas Cowboys Cheerleaders,https://jmp2.uk/plu-64e77016324d190008291c13.m3u8,,,,DallasCowboysCheerleaders.se@NO,,,,https://images.pluto.tv/channels/64e87c6b28cec700088ceb55/colorLogoPNG.png,Series,,iptv-org-all.txt,1394,200
Cetelmón TV (404p),http://player.cetelmon.tv/protecteddfd43c2f3a8b41f3f28582bf8993aca6/992_high.m3u8,,,,CetelmonTV.es@SD,,,,https://i.imgur.com/GGn7itj.png,Religious,,iptv-org-all.txt,2143,200
Cielo TV (1080p),https://streaming.servervideo.net:1936/cielotv/cielotv/playlist.m3u8,,,,CieloTV.do@SD,,,,https://i.imgur.com/2PNw6BA.png,Religious,,iptv-org-all.txt,2124,200
Coyhaique TV (720p),https://v2.tustreaming.cl/coyhaiquetv/index.m3u8,,,,CoyhaiqueTV.cl@SD,,,,https://cdn.m3u.cl/logo/1768_Coyhaique_TV.png,General,,iptv-org-all.txt,128,200
DAAI TV,https://pull.daaiplus.com/live-DAAIPLUS/live-DAAIPLUS_HD.m3u8,,,,DAAITV.id@SD,,,,https://i.imgur.com/YC7JCHo.png,Religious,,iptv-org-all.txt,2704,200
Cibaeña TV (720p),https://streamunoapp.com:3958/live/cibaenatvlive.m3u8,,,,CibaenaTV.do@SD,,,,https://i.imgur.com/iHjdckl.png,Entertainment,,iptv-org-all.txt,2349,200
CNC Valledupar (720p),https://live20.bozztv.com/akamaissh101/ssh101/cncvalledupar1/playlist.m3u8,,,,CNCValledupar.co@SD,,,,https://i.imgur.com/y5N6PCg.jpg,General,,iptv-org-all.txt,18,502
Cine aventura,https://jmp2.uk/plu-60fb2f47c133270007327375.m3u8,,,,Cineaventura.us@SD,,,,https://images.pluto.tv/channels/60fb2f47c133270007327375/colorLogoPNG_1757954279063.png,Entertainment,,iptv-org-all.txt,268,200
CGTN French (1080p),http://145.239.5.177/214/index.m3u8,,,,CGTNFrench.cn@SD,,,,https://i.imgur.com/BwhledK.png,News,,iptv-org-all.txt,156,200
Dacha (1080p),https://dash2.antik.sk/live/test_dacha_tv_atktv/playlist.m3u8,,,,Dacha.ua@SD,,,,https://i.imgur.com/xq6p9BZ.png,Undefined,,iptv-org-all.txt,2381,200
Costa Mesa's Municipal Access Channel CMTV 3 (720p),https://cdn3.wowza.com/5/UWpORHhLSEs5SkJs/costamesa/G0075_002/playlist.m3u8,,,,CMTV.us@SD,,,,https://i.imgur.com/73LKwAK.png,General,,iptv-org-all.txt,2312,200
Ciné by Pluto TV,https://jmp2.uk/plu-5f8ed0f17564a300082b676a.m3u8,,,,CinebyPlutoTV.de@FR,,,,https://images.pluto.tv/channels/5f8ed0f17564a300082b676a/colorLogoPNG_1775048900088.png,Movies,,iptv-org-all.txt,137,200
Cerritos TV3 (360p),https://cdn3.wowza.com/5/UWpORHhLSEs5SkJs/cerritos/G0010_002/playlist.m3u8,,,,CerritosTV3.us@SD,,,,https://i.imgur.com/huCBOIy.png,General,,iptv-org-all.txt,2472,200
Canal Multivision (720p) [Not 24/7],https://live20.bozztv.com/akamaissh101/ssh101/canalmulti24/playlist.m3u8,,,,CanalMultivision.do@SD,,,,https://i.imgur.com/puOrL7B.jpg,General,,iptv-org-all.txt,17,502
CFM TV Channel 98 (360p),https://cdn3.wowza.com/5/djRwZmQvTEJidmZD/cityftmyers/G2083_002/playlist.m3u8,,,,CFMTVChannel98.us@SD,,,,https://i.imgur.com/LGs524I.png,Legislative,,iptv-org-all.txt,2012,200
CGTN Global Biz (1080p),https://fastlive.cctvplus.com/out/v1/2b3d8a0c805d437f9dc85b764c2ac599/index.m3u8,,,,CGTNGlobalBiz.cn@SD,,,,https://i.imgur.com/qBmomnF.png,Business,,iptv-org-all.txt,108,200
Ciné Catastrophe by Pluto TV,https://jmp2.uk/plu-65a69ef53af63d000825e0ee.m3u8,,,,CineCatastrophebyPlutoTV.de@FR,,,,https://images.pluto.tv/channels/65a69ef53af63d000825e0ee/colorLogoPNG_1751272916058.png,Movies,,iptv-org-all.txt,114,200
Costa Rica Channel (576p) [Not 24/7],https://video0.rogohosting.com:19360/8006/8006.m3u8,,,,CostaRicaChannel.cr@SD,,,,https://i.imgur.com/N4pFVVF.png,Culture;Travel,,iptv-org-all.txt,2261,200
Denver 8 TV (Denver CO) (720p),https://cdn3.wowza.com/5/bGZUOHp2TnhudnM2/denver/G0080_002/playlist.m3u8,,,,Denver8TV.us@SD,,,,https://i.imgur.com/wMIy5jb.png,Legislative,,iptv-org-all.txt,218,200
Coza TV (576p),https://viewmedia7219.bozztv.com/wmedia/viewmedia100/web_019/Stream/playlist.m3u8,,,,CozaTV.ng@SD,,,,https://i.imgur.com/QVBdpuF.png,Religious,,iptv-org-all.txt,282,200
Casa Italia 53 (720p),https://ovp-live.akamaized.net/ac115_live/canale3.smil/playlist.m3u8,,,,CasaItalia53.it@SD,,,,https://i.imgur.com/X8BI1Md.png,Shop,,iptv-org-all.txt,2468,200
Carousel International (576p),https://fs.uplink.kz/karusel/mono.m3u8?token=onlinetv,,,,CarouselInternational.ru@SD,,,,https://i.imgur.com/DnlngRZ.png,Kids,,iptv-org-all.txt,2907,200
CNBC TV18 (1080p),https://n18syndication.akamaized.net/bpk-tv/CNBC_TV18_NW18_MOB/output01/index.m3u8,,,,CNBCTV18.in@SD,,,,https://jiotvimages.cdn.jio.com/dare_images/images/CNBCTV18.png,Business,,iptv-org-all.txt,1873,200
CNBC Awaaz (1080p),https://n18syndication.akamaized.net/bpk-tv/CNBC_Awaaz_NW18_MOB/output01/master.m3u8,,,,CNBCAwaaz.in@SD,,,,https://jiotvimages.cdn.jio.com/dare_images/images/CNBCAwaaz.png,Business,,iptv-org-all.txt,2380,200
Dallas Cowboys Cheerleaders,https://jmp2.uk/plu-64e87c6b28cec700088ceb55.m3u8,,,,DallasCowboysCheerleaders.se@DK,,,,https://images.pluto.tv/channels/64e87c6b28cec700088ceb55/colorLogoPNG.png,Series,,iptv-org-all.txt,2060,200
Costa Noroeste TV (1080p) [Not 24/7],https://limited31.todostreaming.es/live/noroestetv-livestream.m3u8,,,,CostaNoroesteTV.es@SD,,,,https://i.imgur.com/iM9AN6Z.png,General,,iptv-org-all.txt,2524,200
Daily Post TV (1080p),https://vglivessai.akamaized.net/sg/v1/master/611d79b11b77e2f571934fd80ca1413453772ac7/103b8dd3-a888-4d1d-89a5-8a4bc25e48c1/index.m3u8,,,,DailyPostTV.in@SD,,,,https://papaji.freetvindia.com/media/Daily_post.png,News,,iptv-org-all.txt,2516,200
CP24 (720p),http://107.167.16.138/cp24/index.m3u8?token=test,,,,CP24.ca@SD,,,,https://i.imgur.com/YzjZUEl.png,News,,iptv-org-all.txt,287,200
Cine comedia,https://jmp2.uk/plu-5f513564e4622a0007c578c0.m3u8,,,,PlutoTVCineComedia.us@US,,,,https://images.pluto.tv/channels/5f12101f0b12f00007844c7c/colorLogoPNG_1732662798298.png,Movies,,iptv-org-all.txt,130,200
Canal 11 TuTV (349p),https://stream.giostreaming.app/canal11/canal11.m3u8,,,,Canal11TuTV.sv@SD,,,,https://i.imgur.com/itqQEux.png,General,,iptv-org-all.txt,2514,200
Deluxe 139 (480p),https://59d7d6f47d7fc.streamlock.net/pierstyle/pierstyle/playlist.m3u8,,,,Deluxe139.it@SD,,,,https://i.imgur.com/NbsGekl.png,Undefined,,iptv-org-all.txt,2551,200
CR Televisión Moyobamba (720p) [Not 24/7],https://live.obslivestream.com/crtvmux/index.m3u8,,,,CRTelevision.pe@SD,,,,https://i.imgur.com/oxycMeA.png,General,,iptv-org-all.txt,28,200
Đà Nẵng TV2 (1080p) [Not 24/7],https://live.mediatech.vn/live/2859145290d0d7947ef88b6240123b62474/chunklist.m3u8,,,,DaNangTV2.vn@SD,,,,,General,,iptv-org-all.txt,3538,200
CINDIE TV (1080p),https://cc-hqw8u5r1nshjc.akamaized.net/scheduler/scheduleMaster/352.m3u8,,,,CINDIETV.br@HD,,,,https://a.jsrdn.com/hls/23208/cindie-tv/logo_20250225_222520_68.png,Movies,,iptv-org-all.txt,2358,200
COStv,https://irctv.cablecast.tv/live/stream-1/live.m3u8,,,,COStv.us@SD,,,,https://i.imgur.com/IVqjCRE.png,Legislative,,iptv-org-all.txt,2224,403
DanceTV Deep House District (1080p),https://m1b2.worldcast.tv/dancetelevisiontwo/dancetelevisiontwo.m3u8,,,,DanceTVDeepHouseDistrict.ee@SD,,,,https://hebbkx1anhila5yf.public.blob.vercel-storage.com/dhd-logo-GjMR8ITxgPd9PDBLDf0I87dajJTZnb.png,Music,,iptv-org-all.txt,565,200
Ciné d'Asie by Pluto TV,https://jmp2.uk/plu-62f3e2d000418d00070f7dbc.m3u8,,,,CinedAsiebyPlutoTV.de@FR,,,,https://images.pluto.tv/channels/62f3e2d000418d00070f7dbc/colorLogoPNG_1751272759694.png,Movies,,iptv-org-all.txt,114,200
DeepHouse District (1080p),https://eu-nl-012.worldcast.tv/dancetelevisiontwo/dancetelevisiontwo.m3u8,,,,DeepHouseDistrict.nl@SD,,,,https://i.imgur.com/IV2Qvc0.png,Music,,iptv-org-all.txt,4910,200
Dance Television (1080p),https://m1b2.worldcast.tv/dancetelevisionone/2/dancetelevisionone.m3u8,,,,DanceTelevision.nl@SD,,,,https://pbs.twimg.com/profile_images/1268129322730127364/OJlQBZpS_400x400.jpg,Music,,iptv-org-all.txt,1228,200
Chuxiong News Channel [Not 24/7],http://hwapi.yntv.net/ew265l/848y54.m3u8,,,,ChuxiongNewsChannel.cn@SD,,,,https://www.tvchinese.net/uploads/tv/chuxiongtv.jpg,News,,iptv-org-all.txt,3113,200
Deluxe Music (720p),https://sdn-global-live-streaming-packager-cache.3qsdn.com/13456/13456_264_live.m3u8,,,,DeluxeMusic.de@SD,,,,https://i.imgur.com/HimuPPb.png,Music,,iptv-org-all.txt,2152,200
Deluxe Dance (1080p),https://sdn-global-live-streaming-packager-cache.3qsdn.com/64733/64733_264_live.m3u8,,,,DeluxeDance.de@SD,,,,https://i.imgur.com/Qu7t15Y.png,Music,,iptv-org-all.txt,2645,200
Deluxe Rap (1080p),https://sdn-global-live-streaming-packager-cache.3qsdn.com/65183/65183_264_live.m3u8,,,,DeluxeRap.de@SD,,,,https://i.imgur.com/s3h67hx.png,Music,,iptv-org-all.txt,1952,200
Catamarca TV (720p),https://stream.arcast.com.ar/canal7catamarca/ngrp:canal7catamarca_all/playlist.m3u8?DVR=,,,,CatamarcaTV.ar@SD,,,,https://i.imgur.com/CEuPoqG.png,Culture;News,,iptv-org-all.txt,2265,200
Canal N (576p),http://190.108.91.206:9050/play/a0bd/index.m3u8,,,,CanalN.pe@SD,,,,https://i.imgur.com/Xytvw3J.png,News,,iptv-org-all.txt,298,200
Cine34 HD (1080p),https://live02-seg.msf.cdn.mediaset.net/live/ch-b6/b6-clr.isml/index.m3u8,,,,Cine34.it@HD,,,,https://upload.wikimedia.org/wikipedia/commons/thumb/d/d7/Cine34_logo.svg/960px-Cine34_logo.svg.png,Movies,,iptv-org-all.txt,2081,403
CFN Catholic Faith Network (720p),https://uni8rtmp.tulix.tv/cfntv/cfntv/playlist.m3u8,,,,CatholicFaithNetwork.us@SD,,,,https://upload.wikimedia.org/wikipedia/en/0/07/Catholic_Faith_Network_2018.png,Religious,,iptv-org-all.txt,2309,200
CNBC Bajar (1080p),https://n18syndication.akamaized.net/bpk-tv/CNBC_Bazaar_NW18_MOB/output01/master.m3u8,,,,CNBCBajar.in@SD,,,,https://jiotvimages.cdn.jio.com/dare_images/images/CNBCBajar.png,Business,,iptv-org-all.txt,2569,200
Deluxe Lounge (720p),https://jmp2.uk/stvp-CHAJ0500413A,,,,DeluxeLounge.de@SD,,,,https://i.imgur.com/pgCA35z.png,Music,,iptv-org-all.txt,2457,200
Cine en español,https://jmp2.uk/plu-5cf96b1c4f1ca3f0629f4bf0.m3u8,,,,Cineenespanol.us@SD,,,,https://images.pluto.tv/channels/5cf96b1c4f1ca3f0629f4bf0/colorLogoPNG.png,Entertainment,,iptv-org-all.txt,235,200
DerryTV 17 (720p),https://livestream.telvue.com/derrynh1/f7b44cfafd5c52223d5498196c8a2e7b.sdp/playlist.m3u8,,,,DerryTV17.us@SD,,,,https://i.imgur.com/MRR6UL3.png,Legislative,,iptv-org-all.txt,301,200
Crazy Ex-Girlfriend,https://jmp2.uk/plu-693ae5660eedebc8d5db6579.m3u8,,,,CrazyExGirlfriend.se@DK,,,,https://images.pluto.tv/channels/693ae5660eedebc8d5db6579/colorLogoPNG_1770039249880.png,Comedy,,iptv-org-all.txt,213,200
Catatumbo TV (406p),https://cloud.fastchannel.es/manifiest/hls/prog9/catatumbotv.m3u8,,,,CatatumboTV.ve@SD,,,,https://i.imgur.com/LBI2la0.png,General,,iptv-org-all.txt,2206,200
CG Entertainment,https://cgentertainment-cgtv-1-it.samsung.wurl.tv/playlist.m3u8,,,,CGEntertainment.it@SD,,,,https://i.imgur.com/XeWzy7e.png,Entertainment,,iptv-org-all.txt,2032,200
Crazy Ex-Girlfriend,https://jmp2.uk/plu-693ae58fc2d0f38be38df821.m3u8,,,,CrazyExGirlfriend.se@NO,,,,https://images.pluto.tv/channels/693ae5660eedebc8d5db6579/colorLogoPNG_1770039249880.png,Comedy,,iptv-org-all.txt,93,200
Canal Luz,https://g4.vxral-hor.transport.edge-access.net/a11/ngrp:canal_luz01-100009_all/Playlist.m3u8,,,,CanalLuz.ar@SD,,,,https://i.imgur.com/GnY6dNT.png,Religious,,iptv-org-all.txt,2821,403
DerryTV 23 (720p),https://livestream.telvue.com/derrynh2/f7b44cfafd5c52223d5498196c8a2e7b.sdp/playlist.m3u8,,,,DerryTV23.us@SD,,,,https://i.imgur.com/MRR6UL3.png,Education;General,,iptv-org-all.txt,285,200
Cine Familiar (1080p),http://bantel-cdn1.iptvperu.tv:1935/btnscrtn/cinefamiliar.stream/playlist.m3u8,,,,CineFamiliar.us@SD,,,,https://i.imgur.com/ZgP2hE3.png,Movies,,iptv-org-all.txt,238,403
Cotubanama TV (1080p),https://host.streamingnation.live/p/3588/hybrid/play.m3u8,,,,CotubanamaTV.do@SD,,,,https://i.imgur.com/D6gAezp.png,General,,iptv-org-all.txt,2045,200
CNBC TV18 Prime HD (1080p),https://n18syndication.akamaized.net/bpk-tv/CNBC_Tv18_Prime_HD_NW18_MOB/output01/index.m3u8,,,,CNBCTV18PrimeHD.in@SD,,,,https://jiotvimages.cdn.jio.com/dare_images/images/CNBCTV18Prime.png,Business,,iptv-org-all.txt,2368,200
Coto Brus TV (720p),https://cloudvideo.servers10.com:8081/8030/index.m3u8,,,,CotoBrusTV.cr@SD,,,,https://i.ibb.co/vJZqrFY/a4ed367c69c23110d458a332af95be0be64566f288ccb5f261689344e6ba5e0d.png,General,,iptv-org-all.txt,2556,200
CNC Pereira (720p),https://cloudvideo.servers10.com:8081/latinchaneltv/index.m3u8,,,,CNCPereira.co@SD,,,,https://i.imgur.com/5vJ0aXH.png,General,,iptv-org-all.txt,1720,200
Crazy Ex-Girlfriend,https://jmp2.uk/plu-693ae5b792fad2e93412a2c7.m3u8,,,,CrazyExGirlfriend.se@SE,,,,https://images.pluto.tv/channels/693ae5660eedebc8d5db6579/colorLogoPNG_1770039249880.png,Comedy,,iptv-org-all.txt,101,200
Canal Orbe 21,https://stream.arcast.net:4443/canal21/ngrp:canal21_all/playlist.m3u8,,,,CanalOrbe21.ar@SD,,,,https://i.imgur.com/USD6Wn8.png,Religious,,iptv-org-all.txt,35,200
CB TV Michoacan,https://5ca3e84a76d30.streamlock.net/cbtv/videoc3b3t3v3/playlist.m3u8,,,,CBTVMichoacan.mx@SD,,,,https://i.imgur.com/oFeCIeD.png,General,,iptv-org-all.txt,52,200
Cine Hispano (1080p),http://bantel-cdn1.iptvperu.tv:1935/btnscrtn/cinehispano.stream/playlist.m3u8,,,,CineHispano.us@SD,,,,https://i.imgur.com/tfgyfrw.png,Movies,,iptv-org-all.txt,243,403
Canal 12 Web,https://nd106.republicaservers.com:4433/c7827.mp4,,,,Canal12Web.ar@SD,,,,https://i.imgur.com/VYcTRbd.png,Undefined,,iptv-org-all.txt,2811,200
CNN Prima News (1080p),http://88.212.15.19/live/test_cnn_pirma_news/playlist.m3u8,,,,CNNPrimaNews.cz@SD,,,,https://i.imgur.com/elZyUjX.png,News,,iptv-org-all.txt,248,200
Deniz Postası TV (720p) [Not 24/7],https://live.artidijitalmedya.com/artidijital_denizpostasi/denizpostasi/playlist.m3u8,,,,DenizPostasiTV.tr@SD,,,,https://i.imgur.com/Mm8hdfx.png,General,,iptv-org-all.txt,1367,200
Çiftçi TV (720p) [Not 24/7],https://live.artidijitalmedya.com/artidijital_ciftcitv/ciftcitv/playlist.m3u8,,,,CiftciTV.tr@SD,,,,https://i.imgur.com/CLzP4vL.png,Culture;Education,,iptv-org-all.txt,3378,200
CGTN (1080p),https://amg00405-rakutentv-cgtn-rakuten-i9tar.amagi.tv/master.m3u8,,,,CGTN.cn@SD,,,,https://upload.wikimedia.org/wikipedia/commons/thumb/8/81/CGTN.svg/960px-CGTN.svg.png,News,,iptv-org-all.txt,2216,200
Couleur 3 (720p),https://visualradio-rts-couleur3-d.akamaized.net/out/v1/6a1472634ad745f59a9e63ee8adbbc00/index.m3u8,,,,Couleur3.ch@SD,,,,https://i.imgur.com/VOIwYYd.png,Music,,iptv-org-all.txt,2208,403
Canal Málaga RTV (720p) [Not 24/7],https://canalmalaga-tv-live.flumotion.com/playlist.m3u8,,,,CanalMalagaRTV.es@SD,,,,https://i.imgur.com/QSUOxtM.png,General,,iptv-org-all.txt,2367,200
CCTV-13 (1080p),http://go.bkpcp.top/mg/cctv13,,,,CCTV13.cn@HD,,,,https://i.imgur.com/6MTar6J.png,News,,iptv-org-all.txt,5862,200
Cowboy Channel (1080p),https://amg17292-amg17292c1-distrotv-us-4170.playouts.now.amagi.tv/playlist/amg17292-tetonridgellc-tetonridgefast-distrotvus/playlist.m3u8,,,,TheCowboyChannelCanada.ca@SD,,,,https://i.imgur.com/xwntWOP.png,Undefined,,iptv-org-all.txt,2043,200
Cine Premiere,https://jmp2.uk/plu-5cf968040ab7d8f181e6a68b.m3u8,,,,CinePremiere.us@SD,,,,https://i.imgur.com/PdhWTO6.png,Movies,,iptv-org-all.txt,61,200
CGTN Arabic,https://dash3.antik.sk/live/test_cgtn_arb_tizen/playlist.m3u8,,,,CGTNArabic.cn@SD,,,,https://i.imgur.com/AkFFrS7.png,News,,iptv-org-all.txt,2301,200
CNBC-e,https://hnpsechtsc.turknet.ercdn.net/xpnvudnlsv/cnbc-e/cnbc-e.m3u8,,,,CNBCe.tr@SD,,,,https://s.cnbce.com/dist/images/logo-nav.png,Business;Series,,iptv-org-all.txt,2802,200
Catholic TV (1080p),https://catholictvhd-lh.akamaized.net/hls/live/2043390/CTVLiveHD/master.m3u8,,,,CatholicTV.us@SD,,,,https://i.imgur.com/RI9GbLX.jpg,Religious,,iptv-org-all.txt,2051,200
CGTN Documentary (1080p),https://amg00405-rakutentv-cgtndocumentary-rakuten-0ql8j.amagi.tv/master.m3u8,,,,CGTNDocumentary.cn@SD,,,,https://i.imgur.com/JHv0WxM.png,Documentary,,iptv-org-all.txt,2262,200
Dac TV (720p),https://live-evg8.tv360.bitel.com.pe/bitel/dactvSRT/playlist.m3u8,,,,DacTV.pe@SD,,,,https://i.imgur.com/g4pZ3ZW.jpeg,General,,iptv-org-all.txt,4211,200
Canal 14 Codazzi (720p) [Not 24/7],https://eu1.servers10.com:8081/8056/index.m3u8,,,,Canal14Codazzi.co@SD,,,,https://i.imgur.com/wNSUMhJ.png,Entertainment,,iptv-org-all.txt,89,200
Đà Nẵng TV1 (1080p) [Not 24/7],https://live.mediatech.vn/live/285b59a111d76974225a8e3004bfc31a509/chunklist.m3u8,,,,DaNangTV1.vn@SD,,,,https://i.imgur.com/EOMuO1z.png,General,,iptv-org-all.txt,5056,200
CNBC Asia (720p),http://nmk.ioapk.com:5050/4gtv-live130/index.m3u8,,,,CNBCAsia.sg@SD,,,,https://upload.wikimedia.org/wikipedia/commons/thumb/b/bc/CNBC_2025.svg/960px-CNBC_2025.svg.png,Business,,iptv-org-all.txt,3955,500
Delta TV Canal 50 (720p) [Not 24/7],https://fox.hostlagarto.com:8081/deltatv50/tracks-v1a1/mono.m3u8,,,,DeltaTVCanal50.do@SD,,,,https://imgur.com/Z1K1tyl.jpg,General,,iptv-org-all.txt,4131,200
Đắk Lắk TV (720p),https://cdn.drt.vn/live/285a27750861b964c27af22091662a74f2f/chunklist.m3u8,,,,DakLakTV.vn@HD,,,,https://i.imgur.com/gFfZvTW.png,Undefined,,iptv-org-all.txt,3868,200
CNC Tulua (1080p),https://live.amelbatv.co:81/cnctulualive/index.fmp4.m3u8,,,,CNCTulua.co@SD,,,,https://i.imgur.com/NCzpcqm.png,General,,iptv-org-all.txt,2135,200
Cine Premium (1080p),http://bantel-cdn1.iptvperu.tv:1935/btnscrtn/cinepremium.stream/playlist.m3u8,,,,CinePremium.us@SD,,,,https://i.imgur.com/tC3jGd4.png,Movies,,iptv-org-all.txt,242,403
CNews (1080p),https://raw.githubusercontent.com/Paradise-91/ParaTV/main/streams/canalplus/cnews-dm.m3u8,,,,CNews.fr@SD,,,,https://i.imgur.com/sSNhk2g.png,News,,iptv-org-all.txt,1673,200
CNEWS PRIME (1080p),https://raw.githubusercontent.com/Paradise-91/ParaTV/main/streams/canalplus/cnews-prime-dm.m3u8,,,,CNEWSPRIME.fr@HD,,,,https://www.cnews.fr/themes/cnews/img/cnews-prime.png,News,,iptv-org-all.txt,1432,200
Casma TV (720p),https://live-evg7.tv360.bitel.com.pe/bitel/casmatvSRT-TRA/playlist.m3u8,,,,CasmaTV.pe@SD,,,,https://i.imgur.com/42aE0nm.jpeg,General,,iptv-org-all.txt,3987,200
CPAC (720p),https://d7z3qjdsxbwoq.cloudfront.net/groupa/live/f9809cea-1e07-47cd-a94d-2ddd3e1351db/live.isml/.m3u8,,,,CPACEnglish.ca@SD,,,,https://upload.wikimedia.org/wikipedia/commons/thumb/2/2d/2016_CPAC_logo.svg/960px-2016_CPAC_logo.svg.png,Legislative,,iptv-org-all.txt,1719,503
Canal 13 La Rioja (480p),http://arcast.net:1935/mp/mp/playlist.m3u8,,,,Canal13LaRioja.ar@SD,,,,https://i.imgur.com/OI97Sgq.png,Undefined,,iptv-org-all.txt,1820,200
Ciné Romance by Pluto TV,https://jmp2.uk/plu-60812fc8539963000707d1e1.m3u8,,,,CineRomancebyPlutoTV.de@FR,,,,https://images.pluto.tv/channels/60812fc8539963000707d1e1/colorLogoPNG_1775048649580.png,Movies,,iptv-org-all.txt,116,200
Daria,https://jmp2.uk/plu-62d0895ebe7a970008785244.m3u8,,,,Daria.us@LatAm,,,,https://images.pluto.tv/channels/62d0895ebe7a970008785244/colorLogoPNG.png,Comedy,,iptv-org-all.txt,312,200
Canal Metropolitano de Noticias,https://stmv5.samcast.com.br/claudio8701/claudio8701/playlist.m3u8,,,,CanalMetropolitanodeNoticias.br@SD,,,,https://i.imgur.com/G0x4xqa.png,News,,iptv-org-all.txt,2546,200
Ch4Teen Documentary (1080p),https://ch14.tv/live/ch4teendoc/playlist.m3u8,,,,Ch4TeenDocumentary.kw@SD,,,,https://i.imgur.com/pHpFGeg.png,Religious,,iptv-org-all.txt,1769,200
CazeTV (1080i),https://dfr80qz435crc.cloudfront.net/MNOP/Amagi/Caze/Caze_TV_BR/Caze_TV.m3u8,,,,CazeTV.br@SD,,,,https://upload.wikimedia.org/wikipedia/en/thumb/6/64/Caz%C3%A9TV_logo.svg/1280px-Caz%C3%A9TV_logo.svg.png,Sports,,iptv-org-all.txt,1354,403
CNC Bugavisión (720p),https://movil.ejeserver.com/live/cncbuga.m3u8,,,,CNCBugavision.co@SD,,,,https://i.imgur.com/zJAwnvd.png,General,,iptv-org-all.txt,3079,200
DesheBideshe TV,https://dbcanada.sonarbanglatv.com/deshebideshe/dbtv/index.m3u8,,,,DesheBidesheTV.ca@SD,,,,https://i.imgur.com/Ek1Ohj6.png,General,,iptv-org-all.txt,1461,200
Der TV,https://stream.berosat.live/hls/der-tv/der-tv.m3u8,,,,DerTV.uk@SD,,,,https://raw.githubusercontent.com/songwenhui239/Songwenhui239/refs/heads/main/Der%20TV.jpeg,General,,iptv-org-all.txt,1953,200
Champion TV,https://stream.berosat.live/hls/champion-tv/champion-tv.m3u8,,,,ChampionTV.ci@SD,,,,https://i.imgur.com/WjHSrHN.png,Business,,iptv-org-all.txt,584,200
Canal 13 San Luis,https://stream.radiosmundiales.com:19360/sanluismas/sanluismas.m3u8,,,,Canal13SanLuis.ar@SD,,,,https://i.imgur.com/NcfMC29.png,Undefined,,iptv-org-all.txt,1537,200
Canal PyC (720p),https://live20.bozztv.com/akamaissh101/ssh101/pyctelevision/playlist.m3u8,,,,CanalPyC.co@SD,,,,https://i.imgur.com/3qxBDhV.png,News,,iptv-org-all.txt,19,502
Det sene show med Christian Fuhlendorff,https://jmp2.uk/plu-660d6bc10cd4630008f4a25a.m3u8,,,,DetseneshowmedChristianFuhlendorff.se@DK,,,,https://images.pluto.tv/channels/660d6bc10cd4630008f4a25a/colorLogoPNG.png,Entertainment,,iptv-org-all.txt,319,200
Chacra TV,https://5f700d5b2c46f.streamlock.net/chacratv/chacratv/playlist.m3u8,,,,ChacraTV.ar@SD,,,,https://i.imgur.com/gy7AEfO.png,Outdoor,,iptv-org-all.txt,1505,200
CBBC HD (720p) [Geo-blocked],https://vs-cmaf-pushb-uk-live.akamaized.net/x=4/i=urn:bbc:pips:service:cbbc_hd/iptv_hd_abr_v1.mpd,,,,CBBC.uk@SD,,,,https://i.imgur.com/tk8G4CU.png,Kids,,iptv-org-all.txt,1011,403
Detective Conan,https://jmp2.uk/plu-629a066860ef810008267b70.m3u8,,,,DetectiveConan.us@Spain,,,,https://images.pluto.tv/channels/629a066860ef810008267b70/solidLogoPNG.png?w=512,Animation;Kids,,iptv-org-all.txt,135,200
Canal Más Televisión (720p),https://movil.ejeserver.com/live/teledoradahd.m3u8,,,,CanalMasTelevision.co@SD,,,,https://i.imgur.com/ODMa27W.jpg,General,,iptv-org-all.txt,3134,200
DanceTV Techno Warehouse (1080p),https://m2b2.worldcast.tv:7443/dancetelevisionthree/dancetelevisionthree.m3u8,,,,DanceTVTechnoWarehouse.ee@SD,,,,https://hebbkx1anhila5yf.public.blob.vercel-storage.com/tw-logo-dqofMpknglzhuurr3HkwtzR7cqGZHj.png,Music,,iptv-org-all.txt,1787,200
Daria,https://jmp2.uk/plu-6683b680efa2a10008e8a393.m3u8,,,,Daria.de@FR,,,,https://images.pluto.tv/channels/6683b680efa2a10008e8a393/colorLogoPNG.png,Animation,,iptv-org-all.txt,719,200
DanceTV Algorhythm (1080p),https://m2b2.worldcast.tv:7443/dancetelevisionfour/dancetelevisionfour.m3u8,,,,DanceTVAlgorhythm.ee@SD,,,,,Music,,iptv-org-all.txt,2608,200
DanceTV House Floor (1080p),https://m2b2.worldcast.tv:7443/dancetelevisionfive/dancetelevisionfive.m3u8,,,,DanceTVHouseFloor.ee@SD,,,,https://hebbkx1anhila5yf.public.blob.vercel-storage.com/hf-logo-uDcW7mhXn7bEtZ18czXFyZDlhj8ayX.png,Music,,iptv-org-all.txt,2104,200
Ciné Horreur by Pluto TV,https://jmp2.uk/plu-66e1978babec540008ce41ac.m3u8,,,,CineHorreurbyPlutoTV.de@FR,,,,https://images.pluto.tv/channels/66e1978babec540008ce41ac/colorLogoPNG_1751272165674.png,Movies,,iptv-org-all.txt,1385,200
Darshan 24 (576p),https://mumt05.tangotv.in/87NeALx2DARSHAN24/index.m3u8,,,,Darshan24.in@SD,,,,https://jiotvimages.cdn.jio.com/dare_images/images/Darshan_24.png,Religious,,iptv-org-all.txt,197,200
Ciné Rétro by Pluto TV,https://jmp2.uk/plu-5f8ed168f72fcd0007e56269.m3u8,,,,CineRetrobyPlutoTV.de@FR,,,,https://images.pluto.tv/channels/5f8ed168f72fcd0007e56269/colorLogoPNG_1751272859383.png,Movies,,iptv-org-all.txt,681,200
DanceHits80,http://dancehits80.denvs.ru:8080/index.m3u8,,,,DanceHits80.ru@SD,,,,https://i.imgur.com/uMw3kks.png,Music,,iptv-org-all.txt,3004,200
CANAL M Television (720p),https://live-evg10.tv360.bitel.com.pe/bitel/anqaratv/playlist.m3u8,,,,CANALMTelevision.pe@SD,,,,https://i.imgur.com/EcdNFuJ.png,General,,iptv-org-all.txt,3921,200
CNT Mas TV (720p) [Not 24/7],https://edge.essastream.com/cntmas/tracks-v1a1/mono.m3u8,,,,CNTMasTV.do@HD,,,,https://dominicanchannels.com/wp-content/uploads/ctnmas.jpg,General,,iptv-org-all.txt,1448,200
Canal RCN (1080p),http://138.121.15.230:9002/RCN/index.m3u8,,,,CanalRCN.co@SD,,,,https://i.imgur.com/5PhTaHp.png,General,,iptv-org-all.txt,95,200
COCO TV (1080p) [Not 24/7],https://edge.essastream.com/canalcocotv/playlist.m3u8,,,,COCOTV.do@SD,,,,https://i.imgur.com/CnAc7jU.png,Entertainment,,iptv-org-all.txt,822,200
Chamame TV,https://srv4.zcast.com.br/chamametv/chamametv/playlist.m3u8,,,,ChamameTV.ar@SD,,,,https://i.imgur.com/JigzJck.png,Music,,iptv-org-all.txt,1126,200
Canal Motor (720p),https://digicom.hls.iptvdc.com/canalmotor/index.m3u8,,,,CanalMotor.no@SD,,,,https://i.imgur.com/nCAt3QN.png,Auto,,iptv-org-all.txt,2678,200
Codigo TV (1080p) [Not 24/7],https://edge.essastream.com/codigotv/playlist.m3u8,,,,CodigoTV.do@HD,,,,https://imgur.com/DbjywI3.png,General,,iptv-org-all.txt,319,200
DangerTV (720p),https://dk0n7jh428tzj.cloudfront.net/v1/dangertv/samsungheadend_us/latest/main/hls/playlist.m3u8,,,,DangerTV.us@SD,,,,https://i.imgur.com/4aTk45R.png,Documentary,,iptv-org-all.txt,1396,200
Create (1080p),https://create.lls.pbs.org/index.m3u8,,,,Create.us@SD,,,,https://worldchannel.org/static/images/logo-world-channel.png,Education,,iptv-org-all.txt,1056,200
Deshi TV (720p),https://deshitv.deshitv24.net/live/myStream/playlist.m3u8,,,,DeshiTV.ca@SD,,,,https://i.imgur.com/PzqzgMm.png,General,,iptv-org-all.txt,1582,200
Ciné Sci-Fi by Pluto TV,https://jmp2.uk/plu-60c34592c911890007f29a73.m3u8,,,,CineSciFibyPlutoTV.de@FR,,,,https://images.pluto.tv/channels/60c34592c911890007f29a73/colorLogoPNG.png,Movies,,iptv-org-all.txt,263,200
Cine terror,https://jmp2.uk/plu-5d8d180092e97a5e107638d3.m3u8,,,,CineTerror.us@US,,,,https://images.pluto.tv/channels/5f12111c9e6c2c00078ef3bb/colorLogoPNG.png,Movies,,iptv-org-all.txt,143,200
Detective Conan France (720p),https://jmp2.uk/plu-62f3e8ad2a8e8000077b013d.m3u8,,,,DetectiveConan.us@France,,,,https://images.pluto.tv/channels/62f3e8ad2a8e8000077b013d/colorLogoPNG.png?w=512,Animation;Kids,,iptv-org-all.txt,253,200
Channel 5 International (576p),http://178.134.1.158:8081/5channel/index.m3u8,,,,Channel5International.ru@SD,,,,https://i.imgur.com/KPXMa3U.png,General,,iptv-org-all.txt,314,200
Cine Sony (720p),https://a-cdn.klowdtv.com/live1/cine_720p/playlist.m3u8,,,,CineSony.us@SD,,,,https://i.imgur.com/bZWoDTg.png,Movies,,iptv-org-all.txt,232,200
CNC Santander de Quilichao (480p),https://movil.ejeserver.com/live/cncsantander.m3u8,,,,CNCSantanderdeQuilichao.co@SD,,,,https://i.imgur.com/LNl2o9q.jpg,General,,iptv-org-all.txt,3196,200
Colome TV [Not 24/7],https://ss2.tvrdomi.com:1936/colometv/colometv/playlist.m3u8,,,,ColomeTV.do@HD,,,,https://colometv.com/assets/images/logo.png,General,,iptv-org-all.txt,15,200
Designated Survivor (1080p) [Geo-blocked],https://amg00353-amg00353c40-xumo-us-4839.playouts.now.amagi.tv/playlist.m3u8,,,,DesignatedSurvivor.us@SD,,,,https://provider-static.plex.tv/epg/cms/production/6f31f52b-2b65-49eb-91e5-52e07edd1927/DesignatedSurvivor_Plex_1500x1000_Logo_Dark.png,Series,,iptv-org-all.txt,1136,200
CreaTV The Outlet Channel 30 (San Jose CA) (720p),https://reflect-creatv.cablecast.tv/live-16/live/live.m3u8,,,,CreaTVChannel30.us@SD,,,,https://i.imgur.com/O5GXlmE.png,General,,iptv-org-all.txt,490,403
Canal Rural (1080p),https://607d2a1a47b1f.streamlock.net/crur/smil:canalrural.smil/playlist.m3u8,,,,CanalRural.br@SD,,,,https://i.imgur.com/w9R9IIX.png,Outdoor,,iptv-org-all.txt,125,200
CreaTV Community Channel 15 (San Jose CA) (720p),https://reflect-creatv.cablecast.tv/live-13/live/live.m3u8,,,,CreaTVChannel15.us@SD,,,,https://i.imgur.com/Lwzio0H.png,General,,iptv-org-all.txt,724,403
CreaTV Bay Voice TV Channel 27 (San Jose CA) (720p),https://reflect-creatv.cablecast.tv/live-19/live/live.m3u8,,,,CreaTVChannel27.us@SD,,,,https://i.imgur.com/IYuv0RF.png,General,,iptv-org-all.txt,1045,403
CreaTV Classrooms Channel 28 (San Jose CA) (720p),https://reflect-creatv.cablecast.tv/live-14/live/live.m3u8,,,,CreaTVChannel28.us@SD,,,,https://i.imgur.com/rvQdzL1.png,Education,,iptv-org-all.txt,943,403
Ciné Thrillers by Pluto TV,https://jmp2.uk/plu-60c3472a51a2050008dad272.m3u8,,,,CineThrillersbyPlutoTV.de@FR,,,,https://images.pluto.tv/channels/60c3472a51a2050008dad272/colorLogoPNG_1751272093012.png,Movies,,iptv-org-all.txt,81,200
Color Vision (1280p) [Not 24/7],https://hls.tvabierta.net/hls/009.m3u8,,,,ColorVision.do@SD,,,,https://i.imgur.com/rkgWToA.jpg,General,,iptv-org-all.txt,5,200
Dangal TV (720p),https://live-dangal.akamaized.net/liveabr/playlist.m3u8,,,,DangalTV.in@SD,,,,https://xstreamcp-assets-msp.streamready.in/assets/LIVETV/LIVECHANNEL/LIVETV_LIVETVCHANNEL_DANGAL/images/LOGO_HD/image.png,General,,iptv-org-all.txt,1798,200
CBC New Brunswick (CBAT-DT) (720p) [Geo-blocked],https://cbcrclinear-tor.akamaized.net/hls/live/2042757/CBCRCLINEAR_TOR_3/master5.m3u8,,,,CBCTelevision.ca@CBATDT,,,,https://i.imgur.com/xflShTG.png,Undefined,,iptv-org-all.txt,261,403
Dao Lane Xang (720p) [Not 24/7],https://livefta.malimarcdn.com/ftaedge00/khaomwungmai.sdp/playlist.m3u8,,,,DaoLaneXangTV.la@SD,,,,https://i.imgur.com/yE7nZ6w.png,General,,iptv-org-all.txt,1249,200
CBC Manitoba (CBWT-DT) (720p) [Geo-blocked],https://cbcrclinear-tor.akamaized.net/hls/live/2042767/CBCRCLINEAR_TOR_13/master5.m3u8,,,,CBCTelevision.ca@CBWTDT,,,,https://i.imgur.com/aWNHg5z.png,Undefined,,iptv-org-all.txt,444,403
CBC Newfoundland and Labrador (CBNT-DT) (720p) [Geo-blocked],https://cbcrclinear-tor.akamaized.net/hls/live/2042755/CBCRCLINEAR_TOR_1/master5.m3u8,,,,CBCTelevision.ca@CBNTDT,,,,https://upload.wikimedia.org/wikipedia/commons/thumb/4/48/CBNT-DT_2017.svg/960px-CBNT-DT_2017.svg.png,Undefined,,iptv-org-all.txt,156,403
Canal Parlamento (360p) [Not 24/7],https://congresodirecto.akamaized.net/hls/live/2037973/canalparlamento/master.m3u8,,,,CanalParlamento.es@SD,,,,https://i.imgur.com/BUO0wH6.png,Legislative,,iptv-org-all.txt,1573,200
Cnews Bharat (720p),https://legitpro.co.in/cnews/cnews/index.fmp4.m3u8,,,,CnewsBharat.in@SD,,,,https://jiotvimages.cdn.jio.com/dare_images/images/C_News_Bharat.png,News,,iptv-org-all.txt,2342,200
CBC Calgary (CBRT-DT) (720p) [Geo-blocked],https://cbcrclinear-tor.akamaized.net/hls/live/2042763/CBCRCLINEAR_TOR_9/master5.m3u8,,,,CBCTelevision.ca@CBRTDT,,,,https://i.imgur.com/ocq1x2B.png,Undefined,,iptv-org-all.txt,1033,403
CreaLaTV (1080p),https://stream.crealatv.com/live.m3u8,,,,CreaLaTV.mx@SD,,,,https://i.imgur.com/Bnjj29f.png,General,,iptv-org-all.txt,1656,200
CBC North (CFYK-DT) (720p) [Geo-blocked],https://cbcrclinear-tor.akamaized.net/hls/live/2042766/CBCRCLINEAR_TOR_12/master5.m3u8,,,,CBCTelevision.ca@CFYKDT,,,,https://i.imgur.com/EHGOQhj.png,Undefined,,iptv-org-all.txt,28,403
CBC Nova Scotia (CBHT-DT) (720p) [Geo-blocked],https://cbcrclinear-tor.akamaized.net/hls/live/2042758/CBCRCLINEAR_TOR_4/master5.m3u8,,,,CBCTelevision.ca@CBHTDT,,,,https://i.imgur.com/jdlYY4t.png,Undefined,,iptv-org-all.txt,3,403
CBC Edmonton (CBXT-DT) (720p) [Geo-blocked],https://cbcrclinear-tor.akamaized.net/hls/live/2042765/CBCRCLINEAR_TOR_11/master5.m3u8,,,,CBCTelevision.ca@CBXTDT,,,,https://upload.wikimedia.org/wikipedia/commons/thumb/6/67/CBC_Logo_1992-Present.svg/960px-CBC_Logo_1992-Present.svg.png,Undefined,,iptv-org-all.txt,623,403
CBC Montréal (CBMT-DT) (720p) [Geo-blocked],https://cbcrclinear-tor.akamaized.net/hls/live/2042761/CBCRCLINEAR_TOR_7/master5.m3u8,,,,CBCTelevision.ca@CBMTDT,,,,https://i.imgur.com/OiiM6Mz.png,Undefined,,iptv-org-all.txt,364,403
Crime + Investigation (720p),http://23.237.104.106:8080/USA_CRIME_INVESTIGATION/index.m3u8,,,,CrimePlusInvestigation.us@SD,,,,https://upload.wikimedia.org/wikipedia/commons/4/4d/Crime_%2B_Investigation_Logo_10.2019.svg,Entertainment,,iptv-org-all.txt,61,200
Canal Parlamento del Congreso de Jalisco (720p) [Not 24/7],https://60417ddeaf0d9.streamlock.net/srtc/smil:srtc.smil/playlist.m3u8,,,,CanalParlamentodelCongresodeJalisco.mx@SD,,,,https://i.imgur.com/fLpkHfZ.png,Legislative,,iptv-org-all.txt,1142,200
Crime 360 (720p),https://jmp2.uk/plu-657880c46e4f6a00087404d0.m3u8,,,,Crime360.us@SD,,,,https://i.imgur.com/IjtaG1m.png,Documentary,,iptv-org-all.txt,140,200
Desi Channel (720p),https://livestream.unlimitedcdn.com/agm-dc/desi-channel/index.m3u8,,,,DesiChannel.in@SD,,,,https://desichannel.in/wp-content/uploads/2025/01/desi-channel.png,Entertainment,,iptv-org-all.txt,1666,200
Dangal 2 (720p),https://live-dangal2.akamaized.net/liveabr/playlist.m3u8,,,,Dangal2.in@SD,,,,https://i.imgur.com/BEr1r7L.png,Entertainment,,iptv-org-all.txt,2053,200
Crime + Investigation CEE,http://88.212.15.19/live/test_cai_hevc/playlist.m3u8,,,,CrimePlusInvestigationCEE.uk@SD,,,,https://upload.wikimedia.org/wikipedia/commons/4/4d/Crime_%2B_Investigation_Logo_10.2019.svg,Entertainment,,iptv-org-all.txt,125,200
Chada TV (720p),https://edge13.vedge.infomaniak.com/livecast/ik:chadatv/manifest.m3u8,,,,ChadaTV.ma@SD,,,,https://freebox.cdn.scw.iliad.fr/medium_Logo_chada_tv_2ee1412d38.png,General,,iptv-org-all.txt,1998,200
CBC Ottawa (CBOT-DT) (720p) [Geo-blocked],https://cbcrclinear-tor.akamaized.net/hls/live/2042762/CBCRCLINEAR_TOR_8/master5.m3u8,,,,CBCTelevision.ca@CBOTDT,,,,https://i.imgur.com/v3DJUa8.png,Undefined,,iptv-org-all.txt,4,403
Channel 8 (576p),http://45.11.139.43:8555/8kanal/index.m3u8,,,,Channel8.ru@SD,,,,https://i.imgur.com/nUSx1jF.png,Entertainment,,iptv-org-all.txt,297,200
Dating Disasters,https://jmp2.uk/plu-651f239d9c7aeb0008286823.m3u8,,,,DatingDisasters.us@SD,,,,https://images.pluto.tv/channels/651f239d9c7aeb0008286823/colorLogoPNG.png,Entertainment,,iptv-org-all.txt,274,200
Cinecanal (1080p),http://15.204.246.24:8080/CinecanalHD/index.m3u8,,,,Cinecanal.us@Panregional,,,,https://upload.wikimedia.org/wikipedia/commons/thumb/e/e6/CinecanalLA.png/960px-CinecanalLA.png,Movies,,iptv-org-all.txt,6,403
Colors Gujarati (396p),https://raw.githubusercontent.com/amazeyourself/adaptive-streams/refs/heads/main/streams/in/YuppTV/ColorsGujarati.m3u8,,,,ColorsGujarati.in@SD,,,,https://xstreamcp-assets-msp.streamready.in/assets/LIVETV/LIVECHANNEL/LIVETV_LIVETVCHANNEL_COLORS_GUJARATI/images/LOGO_HD/image.png,Entertainment,,iptv-org-all.txt,34,200
Chaco TV (720p) [Not 24/7],https://wowzasrv.chaco.gov.ar/Streamtv/chacotv/playlist.m3u8,,,,ChacoTV.ar@SD,,,,https://i.imgur.com/b6RerDw.png,Undefined,,iptv-org-all.txt,2419,200
Dark Matter TV (720p),https://tricoast-tv-dark-matter-01-us.ono.wurl.tv/playlist.m3u8,,,,DarkMatterTV.us@SD,,,,https://i.imgur.com/9K8T3ND.png,Series,,iptv-org-all.txt,1095,200
Cine Romantico (720p),https://d1si3n1st4nkgb.cloudfront.net/10502/88886011/hls/master.m3u8?ads.xumo_channelId=88886011,,,,CineRomantico.us@SD,,,,https://i.imgur.com/FUrrDrb.png,Movies,,iptv-org-all.txt,958,200
Canal Pulpo TV,https://vs20.live.opencaster.com/canalpulpotv_bdeee6e2/index.m3u8,,,,CanalPulpoTV.ar@SD,,,,https://new.opencaster.com/uploads/logos/logo_306_1756336707.png,Entertainment,,iptv-org-all.txt,1027,403
Canal 15 ILCE Summa Sabres (720p),https://live-ilce.ovp-vivaro.digital/ovp-origin-abr/ngrp:6359ef999f3fb_all/playlist.m3u8,,,,ILCECanal15SummaSaberes.mx@SD,,,,https://i.imgur.com/r7czgOc.png,Education,,iptv-org-all.txt,1060,200
CBC Prince Edward Island (CBCT-DT) (720p) [Geo-blocked],https://cbcrclinear-tor.akamaized.net/hls/live/2042756/CBCRCLINEAR_TOR_2/master5.m3u8,,,,CBCTelevision.ca@CBCTDT,,,,https://upload.wikimedia.org/wikipedia/commons/thumb/8/81/CBCT-DT_2017.svg/960px-CBCT-DT_2017.svg.png,Undefined,,iptv-org-all.txt,4,403
Dating Naked UK,https://jmp2.uk/plu-692edc78d52ea9e4858cf78f.m3u8,,,,DatingNakedUK.se@DK,,,,https://images.pluto.tv/channels/692edc78d52ea9e4858cf78f/colorLogoPNG_1768226003744.png,Series,,iptv-org-all.txt,60,200
Canal 22 (720p),https://5f700d5b2c46f.streamlock.net/canal22/canal22/playlist.m3u8,,,,Canal22.ar@SD,,,,https://i.imgur.com/R4wXVxf.png,Undefined,,iptv-org-all.txt,31,200
Dateline 24/7 (1080p),https://d1si3n1st4nkgb.cloudfront.net/10502/88896029/hls/master.m3u8?ads.xumo_channelId=88896029,,,,Dateline247.us@SD,,,,https://i.imgur.com/8mAJuut.png,Documentary,,iptv-org-all.txt,376,200
Canal 21 Huancayo (720p),https://live-evg11.tv360.bitel.com.pe/bitel/tvwanka/playlist.m3u8,,,,Canal21Huancayo.pe@SD,,,,https://i.imgur.com/Kfdkm06.png,General,,iptv-org-all.txt,451,200
Detetives Médicos,https://jmp2.uk/plu-638df93ae2f2a3000737c168.m3u8,,,,DetetivesMedicos.us@BR,,,,https://images.pluto.tv/channels/638df93ae2f2a3000737c168/colorLogoPNG.png,Documentary,,iptv-org-all.txt,730,200
Despertar TV (720p),https://br.conectmy.com.br/DespertarTV/index.m3u8,,,,DespertarTV.br@HD,,,,https://res.cloudinary.com/dpkehkbpv/image/upload/v1721839192/logo/mixtv/despertar_tv_ieb2l3.png,Religious,,iptv-org-all.txt,1526,200
Cinecanal Pacific (1080p),http://138.121.15.230:9002/CINECANAL/index.m3u8,,,,Cinecanal.us@Pacific,,,,https://upload.wikimedia.org/wikipedia/commons/thumb/e/e6/CinecanalLA.png/960px-CinecanalLA.png,Movies,,iptv-org-all.txt,90,200
Canal 2 (720p),http://186.33.26.18:8000/play/a0qp/index.m3u8,,,,Canal2.sv@SD,,,,https://upload.wikimedia.org/wikipedia/commons/thumb/7/79/Canal_2_TCS.png/960px-Canal_2_TCS.png,General,,iptv-org-all.txt,116,200
CBC Saskatchewan (CBKT-DT) (720p) [Geo-blocked],https://cbcrclinear-tor.akamaized.net/hls/live/2042764/CBCRCLINEAR_TOR_10/master5.m3u8,,,,CBCTelevision.ca@CBKTDT,,,,https://i.imgur.com/PWGVjsg.png,Undefined,,iptv-org-all.txt,3,403
Dating Naked UK,https://jmp2.uk/plu-692edcff77f0147d69f19498.m3u8,,,,DatingNakedUK.se@NO,,,,https://images.pluto.tv/channels/692edc78d52ea9e4858cf78f/colorLogoPNG_1768226003744.png,Series,,iptv-org-all.txt,93,200
Colors Cineplex Bollywood (576p),http://202.70.146.135:8000/play/a058/index.m3u8,,,,ColorsCineplexBollywood.in@SD,,,,https://xstreamcp-assets-msp.streamready.in/assets/LIVETV/LIVECHANNEL/LIVETV_LIVETVCHANNEL_COLORS_CINEPLEX_BOLLYWOOD/images/LOGO_HD/image.png,Movies,,iptv-org-all.txt,486,200
Canal Mas TV (720p),https://live-evg11.tv360.bitel.com.pe/bitel/mastvSRT/playlist.m3u8,,,,CanalMasTV.pe@SD,,,,https://i.imgur.com/rdHygJ1.png,General,,iptv-org-all.txt,3890,200
Canal 14 San Carlos (720p) [Not 24/7],http://tvn.obix.tv:1935/TVN/CH14.stream_720p/playlist.m3u8,,,,TVN14.cr@SD,,,,https://i.imgur.com/1aNEo6U.png,Undefined,,iptv-org-all.txt,1587,200
Cine+ Emotion (720p),http://145.239.5.177/337/index.m3u8,,,,CinePlusEmotion.fr@SD,,,,https://i.imgur.com/upYjPvc.jpeg,Movies,,iptv-org-all.txt,553,403
Credo TV,https://651c69fa2ff4e.streamlock.net/ctv/_definst_/livecredo/playlist.m3u8,,,,CredoTV.ro@SD,,,,https://i.imgur.com/RD4TgcM.png,Religious,,iptv-org-all.txt,956,200
Canal Sierra de Cádiz (1080p) [Not 24/7],https://s.emisoras.tv:8081/sierradecadiz/index.m3u8,,,,CanalSierradeCadiz.es@SD,,,,https://i.imgur.com/94rn7pb.png,General,,iptv-org-all.txt,9,200
Dhamaal (576p),http://107.167.16.138/dhamaal/index.m3u8?token=test,,,,Dhamaal.in@SD,,,,https://jiotvimages.cdn.jio.com/dare_images/images/Dhamaal_TV.png,Music,,iptv-org-all.txt,228,200
Cold Case Files (1080p),https://aegis-cloudfront-1.tubi.video/1e764712-0649-4946-bd7e-f1bbba3be6fa/playlist.m3u8,,,,ColdCaseFiles.us@SD,,,,https://i.imgur.com/mowSfj6.png,Series,,iptv-org-all.txt,1022,200
Chandel TV (720p),https://kali.vdopanel.com:3660/live/vj6jlam1rlive.m3u8,,,,ChandelTV.tg@SD,,,,https://i.imgur.com/jQO7dVE.png,Entertainment,,iptv-org-all.txt,1459,200
Ciné Western by Pluto TV,https://jmp2.uk/plu-65cca3e2ec452d0008af3a65.m3u8,,,,CineWesternbyPlutoTV.de@FR,,,,https://images.pluto.tv/channels/65cca3e2ec452d0008af3a65/colorLogoPNG_1751272826143.png,Movies,,iptv-org-all.txt,682,200
Code Fashion TV (1080p),https://cdn2.invivo.bg/Codefashion_5500/index.m3u8,,,,CodeFashionTV.bg@SD,,,,https://i.imgur.com/mVc2g64.png,Lifestyle,,iptv-org-all.txt,1651,200
Code Health TV (1080p),https://cdn2.invivo.bg/codehealth_test/index.m3u8,,,,CodeHealthTV.bg@SD,,,,https://i.imgur.com/NXBMzGV.png,Lifestyle,,iptv-org-all.txt,1435,200
Channel 7 (576p),http://stream.mcquack.net/27/index.m3u8,,,,Channel7.kz@SD,,,,https://i.imgur.com/LebKU09.png,General,,iptv-org-all.txt,1015,200
Canal 2 Gualeguay,https://stream.arcast.net:4443/gualeguay/gualeguay/playlist.m3u8,,,,Canal2Gualeguay.ar@SD,,,,https://i.imgur.com/TOlncyp.png,General,,iptv-org-all.txt,35,200
Detroit Channel 10,https://reflect-detroit-vod.cablecast.tv/live-2/live/stream-6/live.m3u8,,,,DetroitChannel10.us@SD,,,,https://i.imgur.com/zAdcg9m.png,Legislative,,iptv-org-all.txt,954,200
Detroit Channel 68,https://reflect-detroit-vod.cablecast.tv/live-10/live/stream-5/live.m3u8,,,,DetroitChannel68.us@SD,,,,https://i.imgur.com/zAdcg9m.png,General,,iptv-org-all.txt,744,200
Detroit Channel 22,https://reflect-detroit-vod.cablecast.tv/live-3/live/stream-3/live.m3u8,,,,DetroitChannel22.us@SD,,,,https://i.imgur.com/zAdcg9m.png,Education,,iptv-org-all.txt,781,200
DHE (1080p),http://15.204.246.24:8080/DHEHD/index.m3u8,,,,DHE.us@SD,,,,https://i.imgur.com/nsttoEa.png,Movies,,iptv-org-all.txt,5,403
Cricket Gold (1080p),https://streams2.sofast.tv/ptnr-yupptv/title-cricketgold/v1/master/611d79b11b77e2f571934fd80ca1413453772ac7/b2048bb8-1686-4432-aa50-647245383e0c/manifest.m3u8,,,,CricketGold.au@SD,,,,https://resources.cricket-australia.pulselive.com/cricket-australia/photo/2025/07/25/836eddae-4329-4542-ad17-dcd37e9d951a/Cricket-Gold-1920x1080_noBG.png,Sports,,iptv-org-all.txt,1027,200
Collier Television CTV (Naples FL) (720p),https://reflect-collier-countyboc.cablecast.tv/live-4/live/stream-1/live.m3u8,,,,CollierTV.us@SD,,,,https://i.imgur.com/dkpTHI9.png,Legislative,,iptv-org-all.txt,1044,500
Canal Nets (720p) [Not 24/7],https://movil.ejeserver.com/live/nets.m3u8,,,,CanalNets.co@SD,,,,https://i.imgur.com/edaAexc.png,Entertainment,,iptv-org-all.txt,3073,200
CBC Toronto (CBLT-DT) (720p) [Geo-blocked],https://cbcrclinear-tor.akamaized.net/hls/live/2042760/CBCRCLINEAR_TOR_6/master5.m3u8,,,,CBCTelevision.ca@CBLTDT,,,,https://upload.wikimedia.org/wikipedia/commons/thumb/6/67/CBC_Logo_1992-Present.svg/960px-CBC_Logo_1992-Present.svg.png,Undefined,,iptv-org-all.txt,4,403
Cay TV (720p),https://edge1.socialsmart.tv/caytv/bant1/playlist.m3u8,,,,CayTV.tr@SD,,,,https://i.imgur.com/ndupxwu.png,General,,iptv-org-all.txt,3105,200
Canal 17 RTVD (1080p),https://cdn.protvradiostream.com/rtvd17/ngrp:rtvd17_all/playlist.m3u8,,,,Canal17RTVD.do@HD,,,,https://i.ibb.co/2YvKhjW4/Quisqueya-17-AZUL.png,Culture,,iptv-org-all.txt,1064,200
Canal San Roque (1080p) [Not 24/7],https://cdnlivevlc.codev8.net/aytosanroquelive/smil:channel1.smil/playlist.m3u8,,,,CanalSanRoque.es@SD,,,,https://i.imgur.com/SN9kFKh.png,General,,iptv-org-all.txt,973,200
Detroit Channel 21,https://reflect-detroit-vod.cablecast.tv/live-9/live/stream-4/live.m3u8,,,,DetroitChannel21.us@SD,,,,https://i.imgur.com/yXXEGKg.png,General,,iptv-org-all.txt,1011,200
Champaign Government Television (CGTV) (Champaign IL) (720p),https://champaign-cablecast.cablecast.tv/live/stream-2/live.m3u8,,,,CGTV.us@SD,,,,https://champaignil.gov/wp-content/uploads/2011/06/cgtv-page-logo.jpg,Legislative,,iptv-org-all.txt,2029,200
CBC News (1080p),https://d2ny9lo79ujali.cloudfront.net/CBC_News_International.m3u8,,,,CBCNewsNetwork.ca@SD,,,,https://i.imgur.com/SjTdhvJ.png,News,,iptv-org-all.txt,1025,200
Creta (540p) [Not 24/7],http://live.streams.ovh:1935/tvcreta/tvcreta/playlist.m3u8,,,,TVCreta.gr@SD,,,,https://i.imgur.com/CpIeJyt.png,Undefined,,iptv-org-all.txt,1330,200
Canal 21 Táchira (360p),https://stmv2.voxtvhd.com.br/canal21/canal21/playlist.m3u8,,,,Canal21Tachira.ve@SD,,,,https://i.imgur.com/7Tb7CF4.jpg,General,,iptv-org-all.txt,1004,200
Das Erste HD (1080p),https://daserste-live.ard-mcdn.de/daserste/live/hls/int/master.m3u8,,,,DasErste.de@HD,,,,https://upload.wikimedia.org/wikipedia/commons/thumb/d/d1/ARD_Dachmarke_2014.svg/960px-ARD_Dachmarke_2014.svg.png,General,,iptv-org-all.txt,1263,200
Canal 2 (720p) [Not 24/7],https://d2hha8xu9trvi8.cloudfront.net/ts:abr.m3u8,,,,Canal2.cr@SD,,,,https://i.imgur.com/Nn8BtH5.png,General,,iptv-org-all.txt,978,403
Crimen & Historia (720p),https://jmp2.uk/plu-64ddcbb14c5ed80008fad416.m3u8,,,,CrimenHistoria.es@SD,,,,https://images.pluto.tv/channels/64ddcbb14c5ed80008fad416/colorLogoPNG.png,Documentary,,iptv-org-all.txt,690,200
Cinemax Classics (1080p),http://23.237.104.106:8080/USA_5STARMAX/index.m3u8,,,,CinemaxClassics.us@East,,,,https://upload.wikimedia.org/wikipedia/en/thumb/6/66/Cinemax_Classics_Logo.png/960px-Cinemax_Classics_Logo.png,Movies,,iptv-org-all.txt,48,200
DASDING 90.8 (720p),https://swrdasdingvr-hls.akamaized.net/hls/live/2018681/dasdingvr/master.m3u8,,,,DASDING908.de@SD,,,,https://i.imgur.com/BmklHs8.png,Music,,iptv-org-all.txt,1219,200
Crímenes imperfectos,https://jmp2.uk/plu-5e94cd036cc69d0007e8a1ba.m3u8,,,,CrimenesImperfectos.us@SD,,,,https://i.imgur.com/kzUrWR5.png,Undefined,,iptv-org-all.txt,612,200
Canal Sur Andalucía 2 (720p),https://cdnlive.codev8.net/rtvalive/smil:channel22.smil/playlist.m3u8,,,,CanalSur2.es@SD,,,,https://upload.wikimedia.org/wikipedia/commons/thumb/b/b4/Canal_Sur_2_-_2017_logo.png/500px-Canal_Sur_2_-_2017_logo.png,General;Public,,iptv-org-all.txt,108,200
Canal Saude,https://eitv7.cdn.broadpeak.io/account351-i1495/event/canalsaude/format720p.m3u8,,,,CanalSaude.br@SD,,,,https://i.imgur.com/ht4tUOc.png,Education;Lifestyle,,iptv-org-all.txt,1113,403
CND Film Middle School Channel,http://live2.rxip.sc96655.com/live/zxs_4000.m3u8?A=&E=&K=&P=&S=&U=,,,,CNDFilmMiddleSchoolChannel.cn@SD,,,,https://i.imgur.com/4uG8HsQ.png,Movies,,iptv-org-all.txt,3836,403
CromTV (1080p) [Not 24/7],https://fox.hostlagarto.com:8081/cromtv/tracks-v1a1/mono.m3u8,,,,CromTV.do@SD,,,,https://i.imgur.com/jk1lkOV.png,General,,iptv-org-all.txt,55,200
CBC Vancouver (CBUT-DT) (720p) [Geo-blocked],https://cbcrclinear-tor.akamaized.net/hls/live/2042768/CBCRCLINEAR_TOR_14/master5.m3u8,,,,CBCTelevision.ca@CBUTDT,,,,https://upload.wikimedia.org/wikipedia/commons/1/1a/CBUT_Logo_%28cleaned_up_ver%29.png,Undefined,,iptv-org-all.txt,4,403
Canal 25 Ayacucho (720p),https://live-evg10.tv360.bitel.com.pe/bitel/canal25ayacucho/playlist.m3u8,,,,Canal25Ayacucho.pe@SD,,,,https://i.imgur.com/lU02cWc.png,General,,iptv-org-all.txt,366,200
Darshana TV (576p),https://mumt04.tangotv.in/m18aqlK4DARSHANATV/index.m3u8,,,,DarshanaTV.in@SD,,,,https://dtil.tmsimg.com/assets/s142774_ld_h15_aa.png?lock=720x540,Entertainment,,iptv-org-all.txt,1534,200
Canal Savoir (360p),https://hls.savoir.media/live/stream.m3u8,,,,Savoirmedia.ca@CFTUDT,,,,https://upload.wikimedia.org/wikipedia/commons/9/97/Savoir_m%C3%A9dia_logo_3.png,Undefined,,iptv-org-all.txt,1026,200
Canal 21 Huancayo (720p),https://play.agenciastreaming.com:8081/tvwanka/tracks-v1/index.fmp4.m3u8,,,,Canal21Huancayo.pe@HD,,,,https://i.imgur.com/Kfdkm06.png,General,,iptv-org-all.txt,1284,200
Cinemax Hits (1080p),http://23.237.104.106:8080/USA_MOREMAX/index.m3u8,,,,CinemaxHits.us@East,,,,https://upload.wikimedia.org/wikipedia/en/thumb/f/fb/Cinemax_Hits_Logo.png/960px-Cinemax_Hits_Logo.png,Movies,,iptv-org-all.txt,59,200
Canal Sur Noticias,https://cdnlive.codev8.net/rtvalive/smil:channel42.smil/playlist.m3u8,,,,CanalSurNoticias.es@SD,,,,https://i.imgur.com/A3JscwS.png,News;Public,,iptv-org-all.txt,105,200
CRTV (720p),https://stmv2.voxtvhd.com.br/crtvchile/crtvchile/playlist.m3u8,,,,CRTV.cl@SD,,,,https://i2.paste.pics/bf68b159547597c39574aec9dd7c626a.png,Sports,,iptv-org-all.txt,62,200
Canal 2 Alpavisión Neiva (720p) [Not 24/7],https://stmv1.voxtvhd.com.br/alpavision/alpavision/playlist.m3u8,,,,Canal2AlpavisionNeiva.co@SD,,,,https://i.imgur.com/Yv8XIGW.png,General,,iptv-org-all.txt,825,200
CBC Windsor (CBET-DT) (720p) [Geo-blocked],https://cbcrclinear-tor.akamaized.net/hls/live/2042759/CBCRCLINEAR_TOR_5/master5.m3u8,,,,CBCTelevision.ca@CBETDT,,,,https://i.imgur.com/NFts1uU.png,Undefined,,iptv-org-all.txt,4,403
Channel 7 Ukraine (720p),http://cdn10.live-tv.od.ua:8081/7tvod/7tvod-abr/7tvod/7tvod/playlist.m3u8,,,,Channel7Ukraine.ua@SD,,,,https://i.imgur.com/9Ll0BIo.png,General,,iptv-org-all.txt,1413,403
DAZN Darts x Pluto TV,https://jmp2.uk/plu-64b67f0424ade50008a3be17.m3u8,,,,DAZNDartsxPlutoTV.de@DACH,,,,https://images.pluto.tv/channels/64b67f0424ade50008a3be17/colorLogoPNG.png,Sports,,iptv-org-all.txt,96,403
CinePride (720p),https://stream-us-east-1.getpublica.com/playlist.m3u8?network_id=2223,,,,CinePride.us@SD,,,,https://i.imgur.com/Y4Wgq8I.png,Lifestyle,,iptv-org-all.txt,23,200
Channel 5 (1080p),https://639bc5877c5fe.streamlock.net/tv5hdlive/tv5hdlive/playlist.m3u8,,,,Channel5.th@SD,,,,https://i.imgur.com/wOIaqg7.png,General,,iptv-org-all.txt,1911,200
Canal 26 Aguascalientes (1080p),https://60417ddeaf0d9.streamlock.net/telemetrika3/smil:telemetrika3.smil/playlist.m3u8,,,,Canal26.mx@SD,,,,https://i.imgur.com/PAvnVN9.png,Undefined,,iptv-org-all.txt,54,200
DAZN Heldinnen x Pluto TV,https://jmp2.uk/plu-64afe50c5dc16600087f3227.m3u8,,,,DAZNHeldinnenxPlutoTV.de@DACH,,,,https://images.pluto.tv/channels/64afe50c5dc16600087f3227/colorLogoPNG.png,Sports,,iptv-org-all.txt,97,403
Channel 8 (1080p),https://gra1.crystalweb.net:1936/channel8/channel8/playlist.m3u8,,,,Channel8.gr@HD,,,,https://www.channel8.gr/img/channel8.png,Undefined,,iptv-org-all.txt,1449,200
CRTV (576p),http://145.239.5.177/147/index.m3u8,,,,CRTV.cm@SD,,,,https://i.imgur.com/cQWNh3L.png,General,,iptv-org-all.txt,173,403
Cristovision (720p),https://5fc584f3f19c9.streamlock.net/cristovision/videocristovision/playlist.m3u8,,,,Cristovision.co@SD,,,,https://i.imgur.com/XIhCUY9.png,Religious,,iptv-org-all.txt,561,200
Canal 22 Nacional (720p) [Geo-blocked],https://5fc584f3f19c9.streamlock.net/canal22/smil:canal22.smil/playlist.m3u8,,,,Canal22Nacional.mx@SD,,,,https://i.imgur.com/6qiYvhe.png,Undefined,,iptv-org-all.txt,1015,200
Channel 8 (720p),https://cdn.qd.je/163189/ch8,,,,Channel8.sg@SD,,,,https://upload.wikimedia.org/wikipedia/commons/thumb/5/55/Mediacorp_Channel_8_2023.svg/960px-Mediacorp_Channel_8_2023.svg.png,General,,iptv-org-all.txt,1458,200
Dating Naked UK,https://jmp2.uk/plu-692edd6bdb8695f63e14f3b9.m3u8,,,,DatingNakedUK.se@SE,,,,https://images.pluto.tv/channels/692edc78d52ea9e4858cf78f/colorLogoPNG_1768226003744.png,Series,,iptv-org-all.txt,977,200
Dhoom Music (720p),https://cdn.pishow.tv/ott/live/1456/master.m3u8,,,,DhoomMusic.in@SD,,,,https://xstreamcp-assets-msp.streamready.in/assets/LIVETV/LIVECHANNEL/LIVETV_LIVETVCHANNEL_DHOOM_MUSIC/images/LOGO_HD/image.png,Music,,iptv-org-all.txt,199,200
Dharsan TV (720p),https://cable91tataplay.akamaized.net/live/dharshantv/index.m3u8,,,,DharsanTV.in@SD,,,,https://play-lh.googleusercontent.com/brn76ZzRlqS8ylZVVcc5ZFWcqUp36iJ82WyzwiQ8-Nqi_8pIZZ_gsMCXNn6YiLhOEQ,Religious,,iptv-org-all.txt,865,403
CBeebies HD (720p) [Geo-blocked],https://vs-cmaf-pushb-uk-live.akamaized.net/x=4/i=urn:bbc:pips:service:cbeebies_hd/iptv_hd_abr_v1.mpd,,,,CBeebies.uk@SD,,,,https://xstreamcp-assets-msp.streamready.in/assets/LIVETV/LIVECHANNEL/LIVETV_LIVETVCHANNEL_CBEEBIES/images/LOGO_HD/image.png,Kids,,iptv-org-all.txt,8,403
Channel 8,https://lb1-live-mv.v2h-cdn.com/hls/ffbe/jvcxf/jvcxf.m3u8,,,,Channel8.th@SD,,,,https://i.imgur.com/P3c5jAu.png,General,,iptv-org-all.txt,1269,403
Channel 7 (1080p),https://lb1-live-mv.v2h-cdn.com/hls/ffac/gohg/gohg.m3u8,,,,Channel7.th@SD,,,,https://i.imgur.com/SBCIwek.png,General,,iptv-org-all.txt,1792,403
DHA (720p) [Not 24/7],https://603c568fccdf5.streamlock.net/live/dhaweb1_C5efC/playlist.m3u8,,,,DHA.tr@SD,,,,https://i.imgur.com/VZhag2x.png,News,,iptv-org-all.txt,1204,200
ColimdoT TV (720p),https://cnn.livestreaminggroup.info:3132/live/colimdotvlive.m3u8,,,,ColimdoTV.do@SD,,,,https://i.imgur.com/ZeUgLCa.png,Sports,,iptv-org-all.txt,1872,200
Channel 9 (720p),https://mmtvs.exliatycl.online/channel9/stream.m3u8,,,,Channel9.mm@SD,,,,https://upload.wikimedia.org/wikipedia/en/6/6e/Channel_9_Myanmar_Logo.jpg,Undefined,,iptv-org-all.txt,964,530
Canal Telefamilia (360p) [Not 24/7],https://stmv2.voxtvhd.com.br/telefamilia/telefamilia/playlist.m3u8,,,,CanalTelefamilia.co@SD,,,,https://i.imgur.com/D1s1Q3k.png,Religious,,iptv-org-all.txt,58,200
COM Brasil (720p),https://dfr80qz435crc.cloudfront.net/EFGH/Amagi/NewCo/New_Brasil_BR/New_Brasil.m3u8,,,,COMBrasil.br@SD,,,,https://i.imgur.com/GrjGwKM.png,General,,iptv-org-all.txt,59,200
Canal 2 Misiones (1080p),https://nd106.republicaservers.com:4433/hls/canal2misioness/index.m3u8,,,,Canal2Misiones.ar@SD,,,,https://i.imgur.com/YqTNXDf.png,Undefined,,iptv-org-all.txt,671,200
Canal Showsport (720p),https://livestream.lumpentv.com.ar/hls/lumpen.m3u8,,,,CanalShowsport.ar@SD,,,,https://i.imgur.com/0L9tW3Z.png,Sports,,iptv-org-all.txt,1181,200
Colors MENA HD (720p),https://da86m1sqpm3o0.cloudfront.net/28072023/smil:colorsme.smil/playlist.m3u8,,,,ColorsMENA.in@HD,,,,https://i.imgur.com/LjNFTdC.png,Entertainment,,iptv-org-all.txt,929,200
Colors Kannada HD (1080i),https://da86m1sqpm3o0.cloudfront.net/28072023/smil:colorskannadahd1.smil/playlist.m3u8,,,,ColorsKannada.in@HD,,,,https://xstreamcp-assets-msp.streamready.in/assets/LIVETV/LIVECHANNEL/LIVETV_LIVETVCHANNEL_COLORS_KANNADA_HD/images/LOGO_HD/image.png,Entertainment,,iptv-org-all.txt,1161,200
Colors Tamil HD (720p),https://da86m1sqpm3o0.cloudfront.net/28072023/smil:colorstamilhd11.smil/playlist.m3u8,,,,ColorsTamil.in@HD,,,,https://xstreamcp-assets-msp.streamready.in/assets/LIVETV/LIVECHANNEL/LIVETV_LIVETVCHANNEL_COLORS_TAMIL/images/LOGO_HD/image.png,Entertainment,,iptv-org-all.txt,483,200
Colors Marathi HD (720p),https://da86m1sqpm3o0.cloudfront.net/28072023/smil:colorsmarathihd.smil/playlist.m3u8,,,,ColorsMarathi.in@HD,,,,https://xstreamcp-assets-msp.streamready.in/assets/LIVETV/LIVECHANNEL/LIVETV_LIVETVCHANNEL_COLORS_MARATHI/images/LOGO_HD/image.png,Entertainment,,iptv-org-all.txt,1035,200
Crunchyroll (720p),https://jmp2.uk/plu-65652f7fc0fc88000883537a.m3u8,,,,Crunchyroll.us@SD,,,,https://i.imgur.com/2FlIQUO.png,Animation,,iptv-org-all.txt,127,200
Channel 11 (Scottsdale AZ),https://cdn3.wowza.com/5/RXJNMFI3VlVkOEFP/scottsdale/G0040_007/chunklist.m3u8,,,,ScottsdaleChannel11.us@SD,,,,https://i.imgur.com/lfE6Q9i.png,General,,iptv-org-all.txt,218,200
Datis TV,https://ronhls.wns.live/hls/stream.m3u8,,,,DatisTV.ir@SD,,,,,Undefined,,iptv-org-all.txt,1113,200
Channel 8 Kurdish (720p),https://live.channel8.com/Channel8-Kurdish/index.fmp4.m3u8,,,,Channel8.iq@SD,,,,https://upload.wikimedia.org/wikipedia/commons/thumb/4/40/Channel8corp.png/960px-Channel8corp.png,News,,iptv-org-all.txt,1386,200
DAZN Combat (684p),https://jmp2.uk/plu-64d626ac9b414d000820e2fc.m3u8,,,,DAZNCombat.uk@SD,,,,https://i.postimg.cc/VsW3Jsrz/logo-DAZN-Combat.png,Sports,,iptv-org-all.txt,664,200
CBC TV8 (1080p) [Not 24/7],https://1740288887.rsc.cdn77.org/1740288887/index.m3u8,,,,CBCTV8.bb@SD,,,,https://i.imgur.com/WsD83lq.png,General,,iptv-org-all.txt,787,200
Canal 2 Mar del Plata (720p),https://tv.streamcasthd.com:3641/live/canal2mdplive.m3u8,,,,Canal2MardelPlata.ar@SD,,,,https://i.imgur.com/wlKFPBW.jpeg,General,,iptv-org-all.txt,1097,200
CBeebies Asia (576p),http://202.70.146.135:8000/play/a0a2/index.m3u8,,,,CBeebiesAsia.uk@SD,,,,https://upload.wikimedia.org/wikipedia/en/thumb/1/16/CBeebies.svg/960px-CBeebies.svg.png,Kids,,iptv-org-all.txt,464,200
Crime + Investigation Asia HD (720p) [Geo-blocked],https://cdn09jtedge.indihometv.com/joss/133/crimeinvestigation/index.m3u8,,,,CrimePlusInvestigationAsia.sg@SD,,,,https://upload.wikimedia.org/wikipedia/commons/4/4d/Crime_%2B_Investigation_Logo_10.2019.svg,Entertainment,,iptv-org-all.txt,1853,200
Channel 10 (720p),https://cdn3.wowza.com/5/cFh0V0QwUVc4SDl2/santa-paula/G0930_002/playlist.m3u8,,,,Channel10.us@SD,,,,https://spcity.org/ImageRepository/Document?documentID=4246,Legislative,,iptv-org-all.txt,484,200
Colors Rishtey Americas (396p),https://manatv.akamaized.net/090823/smil:ristheyamerica.smil/playlist.m3u8,,,,ColorsRishteyAmericas.in@SD,,,,https://i.imgur.com/xkOunuW.png,General,,iptv-org-all.txt,1020,200
Comedia a lo bestia de Pluto TV,https://jmp2.uk/plu-68de3db35fc0afe85de0b843.m3u8,,,,ComediaalobestiadePlutoTV.de@ES,,,,https://images.pluto.tv/channels/68de3db35fc0afe85de0b843/colorLogoPNG_1759402494389.png,Comedy,,iptv-org-all.txt,39,200
Combate (720p),http://143.14.134.107/167/index.m3u8,,,,Combate.br@SD,,,,https://i.imgur.com/ZPYK5jr.png,Sports,,iptv-org-all.txt,288,403
Cristo Vision Canal 31,https://3a310f6ec721e6b362fcd22772b57f36a2fe6bb2.tabeelcr.com:8080/cristovision31/iptv.m3u8,,,,CristoVisionCanal31.cr@SD,,,,https://i.imgur.com/CFXZ8j0.png,Religious,,iptv-org-all.txt,1181,200
Diagnosis Murder,https://jmp2.uk/plu-668bf7dd74f5ec000817e6d1.m3u8,,,,DiagnosisMurder.se@DK,,,,https://images.pluto.tv/channels/668bf7dd74f5ec000817e6d1/colorLogoPNG.png,Classic;Series,,iptv-org-all.txt,39,200
Dasturxon TV (576p),https://stream8.cinerama.uz/1206/tracks-v1a1/playlist.m3u8,,,,DasturxonTV.uz@SD,,,,https://i.imgur.com/APM2ej5.jpeg,General,,iptv-org-all.txt,1970,200
Canal 30 TV Bethel (720p) [Not 24/7],https://s.emisoras.tv:8081/canal30tvbethel/index.m3u8,,,,Canal30TVBethel.gt@SD,,,,https://i.imgur.com/PP4U1JL.png,Religious,,iptv-org-all.txt,9,200
Canal TV Radio Maya TGBA (480p),https://s.emisoras.tv:8081/radiomaya/index.m3u8,,,,CanalTVRadioMayaTGBA.gt@SD,,,,https://i.imgur.com/kORStT1.png,Religious,,iptv-org-all.txt,9,200
Canal 3 KMK TV (720p),https://live20.bozztv.com/giatv/giatv-KMKTV/KMKTV/chunks.m3u8,,,,Canal3KMKTV.cr@SD,,,,https://i.imgur.com/sgRDRBK.jpg,Music,,iptv-org-all.txt,18,502
CBN Gospel (720p),https://59d39900ebfb8.streamlock.net/ccbn/ccbn/playlist.m3u8,,,,CBNGospel.vg@SD,,,,https://i.imgur.com/SHBAblV.png,Religious,,iptv-org-all.txt,8,200
Canal Survision Alerce (720p),https://s1.tvdatta.com:3384/live/canal20tvlive.m3u8,,,,CanalSurvisionAlerce.cl@SD,,,,https://i.imgur.com/FknQYSp.png,Undefined,,iptv-org-all.txt,703,200
Cinevision Canal 19 (1080p) [Not 24/7],https://5790d294af2dc.streamlock.net/tvhdlive/tvhdlive/playlist.m3u8,,,,CinevisionCanal19.do@SD,,,,https://i.imgur.com/mJN2XNm.png,General,,iptv-org-all.txt,8,200
Canal 3 La Pampa (1080p),https://stream.arcast.com.ar/c3lapampa/ngrp:c3lapampa_all/playlist.m3u8,,,,Canal3LaPampa.ar@SD,,,,https://i.imgur.com/SsNFudZ.png,Undefined,,iptv-org-all.txt,4,200
Colors Super (396p),https://d1rc86nwwc9fag.cloudfront.net/260723/smil:colorssuper1.smil/playlist.m3u8?hdnts=st=1735898689~exp=1835898688~acl=*~hmac=f5fe24724fe05481e3841f9eb5ab8efdee0a3dd83645ae9dcf45703f525bab7b,,,,ColorsSuper.in@SD,,,,https://xstreamcp-assets-msp.streamready.in/assets/LIVETV/LIVECHANNEL/LIVETV_LIVETVCHANNEL_COLORS_SUPER/images/LOGO_HD/image.png,Entertainment,,iptv-org-all.txt,910,200
Court TV (1080p),https://cdn-uw2-prod.tsv2.amagi.tv/linear/amg01438-ewscrippscompan-courttv-tablo/playlist.m3u8,,,,CourtTV.us@SD,,,,https://upload.wikimedia.org/wikipedia/en/b/bf/Court_TV_2019.png,Documentary,,iptv-org-all.txt,5445,200
Canal 3 (720p),https://d3jocgwjuhw91y.cloudfront.net/ts:abr.m3u8,,,,Canal3.gt@SD,,,,https://i.imgur.com/yCykjIp.png,General,,iptv-org-all.txt,680,403
Canal 2 NexTV Rafaela (720p),https://edge.enhdtv.com/nexthd/index.m3u8,,,,Canal2NexTVRafaela.ar@SD,,,,https://i.imgur.com/hgj3CaR.jpeg,General,,iptv-org-all.txt,885,200
Canal Sur Andalucia (1080p),https://dfk2a268yviz9.cloudfront.net/v1/master/3722c60a815c199d9c0ef36c5b73da68a62b09d1/cc-ddiii1m6jt6of/CanalSurAndaluciaES.m3u8,,,,CanalSurAndalucia.es@SD,,,,https://i.imgur.com/lznnA4v.png,General;Public,,iptv-org-all.txt,1270,200
Channel 9 (1080p),https://contact.gostreaming.tv/Con-11/index.m3u8,,,,Channel9.il@SD,,,,https://i.imgur.com/pttM3KQ.png,News,,iptv-org-all.txt,1612,200
Canal 2 de Ushuaia (1080p),https://nd106.republicaservers.com:4433/hls/c6611/index.m3u8,,,,Canal2deUshuaia.ar@SD,,,,https://i.ibb.co/q5NPdK2/canal2-logo.png,General,,iptv-org-all.txt,1603,200
Canal Santa María (360p),https://streaming.telered.com.ar/santa-maria/streaming/mystream.m3u8,,,,CanalSantaMaria.ar@SD,,,,https://www.canalsantamaria.com.ar/images/santamaria_logo.jpg,Religious,,iptv-org-all.txt,2184,200
Canal 3 Las Heras (720p),https://stream.arcast.com.ar/canal3/canal3/playlist.m3u8,,,,Canal3LasHeras.ar@SD,,,,https://i.imgur.com/bd2afET.png,Undefined,,iptv-org-all.txt,4,200
Channel 9 Adelaide (720p) [Geo-blocked],https://9now-livestreams-fhd-t.akamaized.net/u/prod/simulcast/adl/ch9/hls/r1/index.m3u8,,,,Channel9.au@Adelaide,,,,https://www.nineforbrands.com.au/wp-content/uploads/2025/06/9_BLUE.png,General,,iptv-org-all.txt,1481,200
Channel 9 Sydney (720p) [Geo-blocked],https://9now-livestreams-fhd-t.akamaized.net/u/prod/simulcast/syd/ch9/hls/r1/index.m3u8,,,,Channel9.au@Sydney,,,,https://www.nineforbrands.com.au/wp-content/uploads/2025/06/9_BLUE.png,General,,iptv-org-all.txt,1016,200
Comedy Central (720p),https://jmp2.uk/plu-61c0989431084d0007eab12d.m3u8,,,,ComedyCentral.se@DK,,,,https://images.pluto.tv/channels/61c0989431084d0007eab12d/colorLogoPNG.png,Comedy,,iptv-org-all.txt,98,200
CBN TV (720p),https://5790d294af2dc.streamlock.net/CBNVI/CBNVI/playlist.m3u8,,,,CBNTV.vg@SD,,,,https://i.imgur.com/SHBAblV.png,General,,iptv-org-all.txt,8,200
Canal Provincial (360p),https://streaming.telered.com.ar/provincial/streaming/mystream.m3u8,,,,CanalProvincial.ar@SD,,,,https://i.imgur.com/bXHHtcb.png,General,,iptv-org-all.txt,3069,200
Channel 9 Perth (720p) [Geo-blocked],https://9now-livestreams-fhd-t.akamaized.net/u/prod/simulcast/per/ch9/hls/r1/index.m3u8,,,,Channel9.au@Perth,,,,https://www.nineforbrands.com.au/wp-content/uploads/2025/06/9_BLUE.png,General,,iptv-org-all.txt,1154,200
Channel 9 Brisbane (720p) [Geo-blocked],https://9now-livestreams-fhd-t.akamaized.net/u/prod/simulcast/bne/ch9/hls/r1/index.m3u8,,,,Channel9.au@Brisbane,,,,https://www.nineforbrands.com.au/wp-content/uploads/2025/06/9_BLUE.png,General,,iptv-org-all.txt,1371,200
Cinerama Television (720p),https://live.cineramatvbo.com/hls/stream.m3u8,,,,CineramaTelevision.bo@SD,,,,https://play-lh.googleusercontent.com/RJ49IeJve4VPALBXqrqJGeAYOEoLQIZZ4zWwtJhofisng6ZYwGemZ-VXCx9ZQ-u7fw,Entertainment,,iptv-org-all.txt,768,200
Cinema (576p),http://flussonic.linkintel.ru/cinema/index.m3u8,,,,Cinema.ru@SD,,,,https://i.imgur.com/b5e9qUA.png,Movies,,iptv-org-all.txt,1523,200
Diagnosis Murder,https://jmp2.uk/plu-668bf9be0642e5000815102d.m3u8,,,,DiagnosisMurder.se@SE,,,,https://images.pluto.tv/channels/668bf7dd74f5ec000817e6d1/colorLogoPNG.png,Classic;Series,,iptv-org-all.txt,79,200
Canal 3,https://cs2.push2stream.com/CANAL3BENIN/playlist.m3u8,,,,Canal3.bf@SD,,,,https://i.imgur.com/WIrVAa2.png,General,,iptv-org-all.txt,1016,403
Comedy Central,https://jmp2.uk/plu-61c0b550e0d3a700072b6a2a.m3u8,,,,ComedyCentral.se@SE,,,,https://images.pluto.tv/channels/61c0989431084d0007eab12d/colorLogoPNG.png,Comedy,,iptv-org-all.txt,81,200
Colosal TV,https://5eac7b031d945.streamlock.net/COLOSAL/COLOSAL/playlist.m3u8,,,,ColosalTV.cr@SD,,,,https://i.imgur.com/0DZB3eB.png,Entertainment,,iptv-org-all.txt,1041,200
CBN Espanol (1080p),https://fastly.live.brightcove.com/6383462549112/us-east-1/734546207001/eyJhbGciOiJIUzI1NiIsInR5cCI6IkpXVCJ9.eyJob3N0IjoiczFpM3ZpLmVncmVzcy50N2M3emwiLCJhY2NvdW50X2lkIjoiNzM0NTQ2MjA3MDAxIiwiZWhuIjoiZmFzdGx5LmxpdmUuYnJpZ2h0Y292ZS5jb20iLCJpc3MiOiJibGl2ZS1wbGF5YmFjay1zb3VyY2UtYXBpIiwic3ViIjoicGF0aG1hcHRva2VuIiwiYXVkIjpbIjczNDU0NjIwNzAwMSJdLCJqdGkiOiI2MzgzNDYyNTQ5MTEyIn0.g04lznsvgqgIXQt2ZH0H_tWtIeTsMgGjVORsjOJ0T6U/playlist-hls.m3u8,,,,CBNEspanol.us@SD,,,,https://i.imgur.com/G7B4wSM.png,Religious,,iptv-org-all.txt,691,200
CBN News Channel (1080p),https://fastly.live.brightcove.com/6380396819112/us-east-1/734546207001/eyJhbGciOiJIUzI1NiIsInR5cCI6IkpXVCJ9.eyJob3N0IjoiczFpM3ZpLmVncmVzcy50N2M3emwiLCJhY2NvdW50X2lkIjoiNzM0NTQ2MjA3MDAxIiwiZWhuIjoiZmFzdGx5LmxpdmUuYnJpZ2h0Y292ZS5jb20iLCJpc3MiOiJibGl2ZS1wbGF5YmFjay1zb3VyY2UtYXBpIiwic3ViIjoicGF0aG1hcHRva2VuIiwiYXVkIjpbIjczNDU0NjIwNzAwMSJdLCJqdGkiOiI2MzgwMzk2ODE5MTEyIn0.GDYp4IWtzwPkupEWeeOavnioVknO-Ev3UGlHvM1rE6I/playlist-hls.m3u8,,,,CBNNews.us@SD,,,,https://i.imgur.com/9f9YMsA.png,Religious,,iptv-org-all.txt,357,200
Canal TRV (576p),https://stream.ontvmx.com/ontv/CNMLXR0Z6FPtGdjcI4/playlist.m3u8,,,,CanalTRV.sv@SD,,,,https://i.imgur.com/g5QKQ2E.png,General,,iptv-org-all.txt,720,200
Dena,https://ncdn.telewebion.ir/dena/live/playlist.m3u8,,,,DenaTV.ir@SD,,,,https://upload.wikimedia.org/wikipedia/fa/thumb/1/1c/Yasuj_DENA.svg/960px-Yasuj_DENA.svg.png,General,,iptv-org-all.txt,5607,200
DBS TV,https://stream.dbstvstlucia.com/hls/dbstv_main.m3u8,,,,DBSTV.lc@SD,,,,https://i.ibb.co/JW1n9Fs/Screenshot-20230804-135924.jpg,General,,iptv-org-all.txt,688,200
CBN Family (1080p),https://fastly.live.brightcove.com/6380399588112/us-east-1/734546207001/eyJhbGciOiJIUzI1NiIsInR5cCI6IkpXVCJ9.eyJob3N0IjoiczFpM3ZpLmVncmVzcy50N2M3emwiLCJhY2NvdW50X2lkIjoiNzM0NTQ2MjA3MDAxIiwiZWhuIjoiZmFzdGx5LmxpdmUuYnJpZ2h0Y292ZS5jb20iLCJpc3MiOiJibGl2ZS1wbGF5YmFjay1zb3VyY2UtYXBpIiwic3ViIjoicGF0aG1hcHRva2VuIiwiYXVkIjpbIjczNDU0NjIwNzAwMSJdLCJqdGkiOiI2MzgwMzk5NTg4MTEyIn0.LYfIeObmX4AEStY_xCnPZwMJHXgOAPFMTKfztq-9F8U/playlist-hls.m3u8,,,,CBNFamily.us@SD,,,,https://i.imgur.com/wDPkKT1.png,Religious,,iptv-org-all.txt,550,200
Canal 3 Biar (480p) [Not 24/7],https://avantstreaming.es/hls/canal3.m3u8,,,,Canal3TVBiar.es@SD,,,,https://i.imgur.com/cnKCZkK.png,General,,iptv-org-all.txt,910,200
Comedy Central,https://jmp2.uk/plu-64f8a408bd341e000818fcda.m3u8,,,,ComedyCentral.us@CA,,,,https://images.pluto.tv/channels/64f8a408bd341e000818fcda/colorLogoPNG.png,Comedy,,iptv-org-all.txt,49,200
Cruz TV,https://reflect-communitytv.cablecast.tv/live-4/live/stream-2/live.m3u8,,,,CruzTV.us@SD,,,,https://i.imgur.com/qOO2SaH.png,Legislative,,iptv-org-all.txt,762,200
CSI: Crime Scene Investigation,https://jmp2.uk/plu-6304f8d5ffb61000071ab478.m3u8,,,,CSICrimeSceneInvestigation.de@GB,,,,https://images.pluto.tv/channels/6304f8d5ffb61000071ab478/colorLogoPNG.png,Series,,iptv-org-all.txt,54,200
Canal 21 TV (1080p),https://iptv.ixfo.com.ar:30443/c21tv/hd/c21tv/playlist.m3u8,,,,Canal21TV.ar@SD,,,,https://i.imgur.com/Am7yMXg.png,Undefined,,iptv-org-all.txt,2342,200
DCC: Making the Team,https://jmp2.uk/plu-5d40855b3fb0855028c99b6f.m3u8,,,,DCCMakingtheTeam.us@SD,,,,https://images.pluto.tv/channels/5d40855b3fb0855028c99b6f/colorLogoPNG.png,Entertainment,,iptv-org-all.txt,234,200
Channel K (720p),https://mmtvs.exliatycl.online/channelk/stream.m3u8,,,,ChannelK.mm@SD,,,,https://i.imgur.com/6PqxuhF.png,Entertainment,,iptv-org-all.txt,28,530
Dheeran TV (576p),https://live.we2live.in/dheerantv/dheerantv/playlist.m3u8,,,,DheeranTV.in@SD,,,,https://i.imgur.com/jSedjXf.png,Religious,,iptv-org-all.txt,1518,200
Canal 26 (1080p),https://stream-gtlc.telecentro.net.ar/hls/canal26hls/main.m3u8,,,,Canal26.ar@SD,,,,https://upload.wikimedia.org/wikipedia/commons/thumb/c/c5/Canal_26_logo_%282022%29.svg/500px-Canal_26_logo_%282022%29.svg.png,News,,iptv-org-all.txt,1214,200
CSat TV (1080p) [Not 24/7],http://media.smc-host.com:1935/csat.tv/smil:csat.smil/playlist.m3u8,,,,CSatTV.us@SD,,,,https://i.imgur.com/fp2EaLJ.png,Religious,,iptv-org-all.txt,590,200
CSI,https://jmp2.uk/plu-5efbd29e4aa26700076c0d06.m3u8,,,,CSI.us@SD,,,,https://i.imgur.com/xLLNEfA.png,Series,,iptv-org-all.txt,406,200
DCH TV (1080p),https://v2.tustreaming.cl/dchtv/index.m3u8,,,,DCHTV.cl@SD,,,,https://i.imgur.com/65Xk6oI.png,General,,iptv-org-all.txt,128,200
DC Council Channel (1080p),https://video.oct.dc.gov/out/u/15_12.m3u8,,,,DCC.us@SD,,,,https://i.imgur.com/YBWbiWZ.png,Legislative,,iptv-org-all.txt,621,200
DC.gov Council Hearing Room 120 (Washington DC) (1080p),https://video.oct.dc.gov/out/u/97_12.m3u8,,,,DCCouncilHearingRoom120.us@SD,,,,https://i.imgur.com/8fljC7g.png,Legislative,,iptv-org-all.txt,571,200
Canal 3 Impresionante (480p),https://cloud2.streaminglivehd.com:2020/hls/8036/8036.m3u8,,,,Canal3Impresionante.sv@SD,,,,https://i.imgur.com/mdfiWG9.png,General,,iptv-org-all.txt,790,200
CSI: Miami,https://jmp2.uk/plu-63eb9c5351f5d000085e8d7e.m3u8,,,,CSIMiami.us@BR,,,,https://images.pluto.tv/channels/63eb9c5351f5d000085e8d7e/colorLogoPNG.png,Series,,iptv-org-all.txt,99,200
DC.gov DKN (Washington DC) (1080p),https://video.oct.dc.gov/out/u/DKN.m3u8,,,,DKN.us@SD,,,,https://i.imgur.com/DIau0GB.png,Education,,iptv-org-all.txt,446,200
Dhoho TV (720p),https://dhohotv.siar.us/dhohotv/live/playlist.m3u8,,,,DhohoTV.id@SD,,,,https://i.imgur.com/4Khyyfh.png,General,,iptv-org-all.txt,1442,200
Dhamma TV (720p) [Not 24/7],https://b.webcache.maxindo.net.id/dhamma/dhamma.m3u8,,,,DhammaTV.id@SD,,,,https://dhammaweb.tv/wp-content/uploads/2018/08/cropped-dhammatv-3.png,Religious,,iptv-org-all.txt,2024,200
CinemaWorld (720p),http://nmk.ioapk.com:5050/4gtv-live069/index.m3u8,,,,CinemaWorld.my@SD,,,,https://i.imgur.com/D2qNVZ7.png,Movies,,iptv-org-all.txt,1708,500
Comedy Central Animation,https://jmp2.uk/plu-64f8a949f5b5e4000862467c.m3u8,,,,ComedyCentralAnimation.us@SD,,,,https://i.imgur.com/uENch0P.png,Comedy,,iptv-org-all.txt,43,200
Citrico TV (480p) [Not 24/7],https://edge.essastream.com/citricotv/playlist.m3u8,,,,CitricoTV.do@SD,,,,https://enhd.ar/wp-content/uploads/2022/01/0e4a83fc-ba5b-4f26-a333-31f8bd544bcb-300x260.jpeg,News,,iptv-org-all.txt,64,200
Channel 200 (540p),https://d1jlnqid3sfc6m.cloudfront.net/out/v1/3fc2254c865a457c8d7fbbce227a2aae/index.m3u8,,,,Channel200.nz@SD,,,,https://i.imgur.com/gAebu4q.png,Entertainment,,iptv-org-all.txt,594,403
Comedy Central (720p),http://4.30.180.36:8420/comedycentral/index.m3u8?token=test,,,,ComedyCentral.us@East,,,,https://images.pluto.tv/channels/64f8a408bd341e000818fcda/colorLogoPNG.png,Comedy,,iptv-org-all.txt,186,200
Canal 44 Chihuahua (720p) [Not 24/7],https://5e50264bd6766.streamlock.net/canal442/videocanal442/playlist.m3u8,,,,Canal44.mx@SD,,,,https://i.imgur.com/YDp8MlN.png,Undefined,,iptv-org-all.txt,60,200
CSI,https://jmp2.uk/plu-6525419dc52b3600083db9c3.m3u8,,,,CSI.se@DK,,,,https://images.pluto.tv/channels/6525419dc52b3600083db9c3/colorLogoPNG.png,Series,,iptv-org-all.txt,686,200
Canal Universidad,https://videostream.shockmedia.com.ar/hls/canaluniversidadmdp/canaluniversidadmdp.m3u8,,,,CanalUniversidad.ar@SD,,,,https://i.imgur.com/trmPKYw.png,Education,,iptv-org-all.txt,656,200
Cinevault Westerns (540p) [Geo-blocked],https://gsn-cinevault-westerns-2-us.roku.wurl.tv/playlist.m3u8,,,,CinevaultWesterns.us@SD,,,,https://i.imgur.com/K1W137J.png,Classic,,iptv-org-all.txt,784,200
Canal TDC,https://tdcserver.com:19360/tdconlione-2/tdconlione-2.m3u8,,,,CanalTDC.ar@SD,,,,https://i.imgur.com/nPG38B2.png,News,,iptv-org-all.txt,1279,200
Canal 4 (1080p),http://45.5.118.188:8000/play/a00j/index.m3u8,,,,Canal4.sv@SD,,,,https://upload.wikimedia.org/wikipedia/commons/thumb/1/1b/Canal_4_TCS.png/960px-Canal_4_TCS.png,General,,iptv-org-all.txt,108,200
Comedy Central en español,https://jmp2.uk/plu-5cf96dad1652631e36d43320.m3u8,,,,ComedyCentralenEspanol.us@SD,,,,https://i.imgur.com/6xTD3G8.png,Comedy,,iptv-org-all.txt,51,200
CRTV News,https://live1.acangroup.org:1929/publiclive/crtv_news/playlist.m3u8,,,,CRTVNews.cm@SD,,,,https://i.imgur.com/5CshVf9.png,News,,iptv-org-all.txt,1216,200
Comedy Central Latin America (1080p),http://15.204.246.24:8080/ComedyCentralHD/index.m3u8,,,,ComedyCentralLatinAmerica.us@Panregional,,,,https://upload.wikimedia.org/wikipedia/commons/thumb/a/aa/Comedy_Central_2018.svg/960px-Comedy_Central_2018.svg.png,Comedy,,iptv-org-all.txt,4,403
Canal 44 Ciudad Juárez (720p) [Not 24/7],https://5e50264bd6766.streamlock.net/canal44/videocanal44/playlist.m3u8,,,,XHIJTDT.mx@SD,,,,https://i.imgur.com/oRudPXX.png,General,,iptv-org-all.txt,60,200
DI.TV 80 (720p),https://5f22d76e220e1.streamlock.net/ditv80/ditv80/playlist.m3u8,,,,DITV80.it@SD,,,,https://i.imgur.com/2AqKAMy.png,General,,iptv-org-all.txt,1156,200
Canal 4 Esquel,https://stream.arcast.com.ar/canal4esquel/canal4esquel/playlist.m3u8,,,,Canal4Esquel.ar@SD,,,,https://i.imgur.com/6kbOr16.png,Undefined,,iptv-org-all.txt,3,200
CSI: Miami en español,https://jmp2.uk/plu-632b5950b515b000079e6b81.m3u8,,,,CSIMiamienespanol.us@SD,,,,https://images.pluto.tv/channels/632b5950b515b000079e6b81/colorLogoPNG_1731837336190.png,Entertainment,,iptv-org-all.txt,42,200
Channel 18 GAC,https://reflect-channel18vod-springfield-il-us.cablecast.tv/live-13/live/stream-1/live.m3u8,,,,Channel18GAC.us@SD,,,,https://i.imgur.com/au07aLr.png,Legislative,,iptv-org-all.txt,890,200
Canal TV3 (720p) [Not 24/7],https://streaming.telenetdigital.net.co:8086/canal3tv/stream.m3u8,,,,CanalTV3.co@SD,,,,https://i.imgur.com/pyeBDpg.jpeg,General,,iptv-org-all.txt,988,200
Columna TV,https://cdn.streamnet.pro/columnatv/live/playlist.m3u8,,,,ColumnaTV.ro@SD,,,,https://i.imgur.com/C5dIgsc.png,General,,iptv-org-all.txt,1344,200
Canal 24 Horas Catalunya (720p),https://ztnr.rtve.es/ztnr/4952053.m3u8,,,,24HorasCatalunya.es@SD,,,,https://i.ibb.co/21sXZ3GT/24h.png,News;Public,,iptv-org-all.txt,2140,200
Daystar Español (720p),https://live-mcl.cdn01.net/smarttv/64wj6m6d8/playlist.m3u8,,,,DaystarTVEspanol.us@SD,,,,https://upload.wikimedia.org/wikipedia/commons/thumb/f/fc/Daystar_(2008%E2%80%93present)_unmodified_logo.svg/960px-Daystar_(2008%E2%80%93present)_unmodified_logo.svg.png,Religious,,iptv-org-all.txt,2049,200
Ciracu TV (720p) [Not 24/7],https://cloud37.ecuatel.com/ciracutv/live/manifest.m3u8,,,,CiracuTV.ec@SD,,,,https://i.imgur.com/mkf2TJ6.png,Culture,,iptv-org-all.txt,487,200
CSI: Miami,https://jmp2.uk/plu-62f54c11b3af68000702c304.m3u8,,,,CSIMiami.us@SD,,,,https://images.pluto.tv/channels/63eb9c5351f5d000085e8d7e/colorLogoPNG.png,Series,,iptv-org-all.txt,189,200
Canal 30 Loncomilla (720p),https://v1.tustreaming.cl/canal30loncomilla/index.m3u8,,,,Canal30Loncomilla.cl@SD,,,,https://i.imgur.com/dgUHqrQ.png,General,,iptv-org-all.txt,1076,200
Canal+ Action Europe Slovakia (720p),http://151.80.18.177:86/Canal+_Family_HD/index.m3u8,,,,CanalPlusActionEurope.nl@Slovakia,,,,https://upload.wikimedia.org/wikipedia/commons/thumb/5/58/Canal%2B_Action_2024.svg/1920px-Canal%2B_Action_2024.svg.png,Movies,,iptv-org-all.txt,179,200
DBM TV (1080p),https://dbmtv.vedge.infomaniak.com/livecast/dbmtv/playlist.m3u8,,,,DBMTV.fr@SD,,,,https://i.imgur.com/ab6p2SW.png,Music,,iptv-org-all.txt,1291,200
CBS 2 Salt Lake City UT (KUTV) (1080p),https://linear-707.frequency.stream/dist/stirr/707/hls/master/playlist.m3u8,,,,CBS.us@KUTV,,,,https://upload.wikimedia.org/wikipedia/commons/thumb/f/f0/Fox_Networks_Group_US_logo.svg/960px-Fox_Networks_Group_US_logo.svg.png,General,,iptv-org-all.txt,445,503
Circle (1080p),https://circle-roku.amagi.tv/playlist.m3u8,,,,Circle.us@SD,,,,https://upload.wikimedia.org/wikipedia/commons/thumb/e/e8/Circle_Network_logo.svg/960px-Circle_Network_logo.svg.png,Entertainment,,iptv-org-all.txt,451,200
Cira TV (1080p),https://hlspackager.akamaized.net/live/DB/CIRA_TV/HLS/CIRA_TV.m3u8,,,,CiraTV.de@SD,,,,https://i.imgur.com/YFnmSLW.png,Undefined,,iptv-org-all.txt,700,200
DD Bharati (720p),https://cdn.pishow.tv/ott/live/10/master.m3u8,,,,DDBharati.in@SD,,,,https://i.imgur.com/4tfUIEo.png,Culture,,iptv-org-all.txt,199,200
Di TV (1080p),https://cdn0-03837-liveedge0.dna.ip-only.net/03837-liveedge0/smil:03837-tx4/playlist.m3u8,,,,DiTV.se@SD,,,,https://i.imgur.com/zApTDWn.png,News,,iptv-org-all.txt,1432,200
Canal+ Cinemas (720p),http://151.80.18.177:86/Canal+_cinema_HD/index.m3u8,,,,CanalPlusCinemas.fr@SD,,,,https://i.imgur.com/fvPoNEa.jpeg,Movies,,iptv-org-all.txt,180,200
Channel 10 (576i),https://bl.rutube.ru/livestream/c9e26bf5c003fd8d477200065ca1a05f/index.m3u8?e=2072611029&s=eqlTXebDP9wSWTZgre6BwQ&scheme=https,,,,Channel10.ru@SD,,,,https://i.imgur.com/k8JjFDw.png,General,,iptv-org-all.txt,1635,200
Canal 24 Horas (720p),https://ztnr.rtve.es/ztnr/1694255.m3u8,,,,24Horas.es@SD,,,,https://i.ibb.co/21sXZ3GT/24h.png,News;Public,,iptv-org-all.txt,2342,200
CBS 8 Des Moines IA (KCCI) (720p),https://aegis-cloudfront-1.tubi.video/8d1f164d-34ef-4f70-b948-ae33826a0aaa/playlist.m3u8,,,,CBS.us@KCCI,,,,https://upload.wikimedia.org/wikipedia/commons/thumb/f/f0/Fox_Networks_Group_US_logo.svg/960px-Fox_Networks_Group_US_logo.svg.png,General,,iptv-org-all.txt,72,200
CBS 3 Omaha NE (KMTV) (720p),https://aegis-cloudfront-1.tubi.video/0b16cabe-a8fd-4d91-99e5-3efb7aa740cc/playlist.m3u8,,,,CBS.us@KMTVTV,,,,https://i.imgur.com/E4PkyqN.png,General,,iptv-org-all.txt,345,200
Daystar TV (1080p),https://live-mcl.cdn01.net/smarttv/48vy43564/playlist.m3u8,,,,DaystarTV.us@SD,,,,https://upload.wikimedia.org/wikipedia/en/d/dd/The_Country_Network_Logo.png,Religious,,iptv-org-all.txt,2025,200
Comedy Central Pluto TV,https://jmp2.uk/plu-5ffcc21a432945000762d06b.m3u8,,,,ComedyCentralPlutoTV.us@LatAm,,,,https://images.pluto.tv/channels/5f357e91b18f0b00073583d2/colorLogoPNG.png,Comedy,,iptv-org-all.txt,59,200
Channel U (720p),https://cdn.qd.je/163189/chu,,,,ChannelU.sg@SD,,,,https://upload.wikimedia.org/wikipedia/commons/thumb/d/d5/Mediacorp_Channel_U_2023.svg/960px-Mediacorp_Channel_U_2023.svg.png,Entertainment,,iptv-org-all.txt,95,200
Diagnosis Murder,https://jmp2.uk/plu-668bf91208d5490008065ffd.m3u8,,,,DiagnosisMurder.se@NO,,,,https://images.pluto.tv/channels/668bf7dd74f5ec000817e6d1/colorLogoPNG.png,Classic;Series,,iptv-org-all.txt,1015,200
Canal 3 Formosa,https://stmvideo6.livecastv.com/agenfor/agenfor/playlist.m3u8,,,,Canal3Formosa.ar@SD,,,,https://i.imgur.com/rVDrNIy.png,Undefined,,iptv-org-all.txt,1406,200
Canal 4 (720p),https://dlhn7gdemxofz.cloudfront.net/ts:abr.m3u8,,,,Canal4.cr@SD,,,,https://i.imgur.com/5arZEgO.png,General,,iptv-org-all.txt,520,403
Comedy Central Pluto TV,https://jmp2.uk/plu-5ca671f215a62078d2ec0abf.m3u8,,,,ComedyCentralPlutoTV.us@US,,,,https://images.pluto.tv/channels/5f357e91b18f0b00073583d2/colorLogoPNG.png,Comedy,,iptv-org-all.txt,49,200
CSI en Español,https://jmp2.uk/plu-604928d54a4f730007ff76bc.m3u8,,,,CSIenespanol.us@SD,,,,https://i.imgur.com/ifarQil.png,Undefined,,iptv-org-all.txt,802,200
DD Bihar (720p),https://cdn.pishow.tv/ott/live/35/master.m3u8,,,,DDBihar.in@SD,,,,https://i.imgur.com/C7KQiZI.png,General,,iptv-org-all.txt,199,200
Channel 13 (720p) [Not 24/7],https://stream.theyraonline.com/live/channel13@live/index.m3u8,,,,Channel13.mv@SD,,,,https://i.imgur.com/lR5jUSU.jpeg,General,,iptv-org-all.txt,1368,500
DD Assam (504p),https://d2lk5u59tns74c.cloudfront.net/out/v1/d380bf5c167b4319a46cdd8204bc26b2/index.m3u8,,,,DDAssam.in@SD,,,,https://dtil.tmsimg.com/assets/s142777_ld_h15_aa.png?lock=720x540,General,,iptv-org-all.txt,477,200
Channels 24,https://live20.bozztv.com/dvrfl06/astv/astv-channel24africa/index.m3u8,,,,Channels24.ng@SD,,,,https://i.imgur.com/ww5zNmY.png,News,,iptv-org-all.txt,18,403
Canal 33 Tijuana (720p),https://5f2c1b0d880e5.streamlock.net/canal33tijuana/videocanal33tijuana/playlist.m3u8,,,,Canal33Tijuana.mx@SD,,,,https://iili.io/JCt1Nbn.png,General;News,,iptv-org-all.txt,668,200
CBS 6 Richmond VA (WTVR) (720p),https://aegis-cloudfront-1.tubi.video/d8fc1d6c-fd55-45c8-973b-b7327ee1a6e0/playlist.m3u8,,,,CBS.us@WTVRTV,,,,https://upload.wikimedia.org/wikipedia/commons/thumb/f/f0/Fox_Networks_Group_US_logo.svg/960px-Fox_Networks_Group_US_logo.svg.png,General,,iptv-org-all.txt,326,200
Canale 2 Altamura (576p) [Not 24/7],https://59d7d6f47d7fc.streamlock.net/canale2/canale2/playlist.m3u8,,,,Canale2Altamura.it@SD,,,,https://i.imgur.com/7XXdN5T.png,General,,iptv-org-all.txt,87,200
CBS 3 Kalamazoo MI (WWMT) (1080p),https://linear-701.frequency.stream/dist/stirr/701/hls/master/playlist.m3u8,,,,CBS.us@WWMT,,,,https://upload.wikimedia.org/wikipedia/commons/thumb/f/f0/Fox_Networks_Group_US_logo.svg/960px-Fox_Networks_Group_US_logo.svg.png,General,,iptv-org-all.txt,584,503
Comedy Central Roast,https://jmp2.uk/plu-6641fd41b18d700008e7e2b8.m3u8,,,,ComedyCentralRoast.se@DK,,,,https://images.pluto.tv/channels/6641fd41b18d700008e7e2b8/colorLogoPNG.png,Comedy,,iptv-org-all.txt,64,200
Channel Divya (1080p),https://vg-pitaaratvlive.akamaized.net/v1/vglive-sk-906482/playlist.m3u8,,,,ChannelDivya.in@SD,,,,https://dtil.tmsimg.com/assets/s143010_ld_h15_aa.png?lock=720x540,Religious,,iptv-org-all.txt,748,200
Comedy Central,https://ma.anixa.tv/clips/stream/comedy_central/playlist.php,,,,ComedyCentral.de@SD,,,,https://upload.wikimedia.org/wikipedia/commons/thumb/a/aa/Comedy_Central_2018.svg/960px-Comedy_Central_2018.svg.png,Comedy,,iptv-org-all.txt,1136,200
Didgah TV (576p),https://media.streambrothers.com:1936/8276/8276/playlist.m3u8,,,,DidgahTV.us@SD,,,,https://i.imgur.com/3SeAyBS.png,News,,iptv-org-all.txt,543,200
Diff’rent Strokes Arnold,https://jmp2.uk/plu-61f1d27a189ed10007b7393e.m3u8,,,,DiffrentStrokesArnold.us@Brazil,,,,https://i.imgur.com/jkmouY3.png,Series,,iptv-org-all.txt,49,200
DD Chandana (504p),https://d2lk5u59tns74c.cloudfront.net/out/v1/0c980455d2fb4b69bcc6235745ee6039/index.m3u8,,,,DDChandana.in@SD,,,,https://xstreamcp-assets-msp.streamready.in/assets/LIVETV/LIVECHANNEL/LIVETV_LIVETVCHANNEL_DD_CHANDANA/images/LOGO_HD/image.png,General,,iptv-org-all.txt,218,200
Canal UOL (1080p),https://video24.mais.uol.com.br/live/6146.m3u8,,,,CanalUOL.br@SD,,,,https://conteudo.imguol.com.br/c/play/logo_canaluol_2024.svg,General,,iptv-org-all.txt,953,200
Channel WIN (720p),https://cdn.pishow.tv/ott/live/229/master.m3u8,,,,ChannelWIN.in@SD,,,,https://xstreamcp-assets-msp.streamready.in/assets/LIVETV/LIVECHANNEL/LIVETV_LIVETVCHANNEL_CHANNEL_WIN/images/LOGO_HD/image.png,Religious,,iptv-org-all.txt,200,200
ČT 1,http://88.212.15.19/live/test_ct1_25p/playlist.m3u8,,,,CT1.cz@SD,,,,https://upload.wikimedia.org/wikipedia/commons/thumb/2/2f/%C4%8CT1_logo_2012.svg/960px-%C4%8CT1_logo_2012.svg.png,General,,iptv-org-all.txt,119,200
Canale 5 HD,https://live02-seg.msf.cdn.mediaset.net/live/ch-c5/c5-clr.isml/index.m3u8,,,,Canale5.it@HD,,,,https://upload.wikimedia.org/wikipedia/commons/thumb/0/02/Canale_5_-_2018_logo.svg/960px-Canale_5_-_2018_logo.svg.png,Entertainment,,iptv-org-all.txt,4,403
DD Chhattisgarh (720p),https://cdn.pishow.tv/ott/live/15/master.m3u8,,,,DDChhattisgarh.in@SD,,,,https://i.imgur.com/zBg6Iuv.png,General,,iptv-org-all.txt,198,200
Canal 4 RD (1080p),https://cdn.protvradiostream.com/canal4rd-1/ngrp:canal4rd-1_all/playlist.m3u8,,,,Canal4RD.do@SD,,,,https://i.imgur.com/3AqCAji.png,General,,iptv-org-all.txt,31,200
Diadora TV,https://diadoratv.stream/live/diadora/playlist.m3u8,,,,DiadoraTV.hr@SD,,,,https://i.imgur.com/qZzsASl.png,General,,iptv-org-all.txt,1416,200
CSI: NY en español,https://jmp2.uk/plu-632b606e12a67b0007c9e371.m3u8,,,,CSINYenespanol.us@SD,,,,https://images.pluto.tv/channels/632b606e12a67b0007c9e371/colorLogoPNG_1731837281479.png,Entertainment,,iptv-org-all.txt,270,200
Canal Zoom [Geo-blocked],https://tvlocales-live.freecaster.com/live/95d2e3af-5ab8-45a9-9dc9-f544d006b5d5/95d2e3af-5ab8-45a9-9dc9-f544d006b5d5.isml/master.m3u8,,,,CanalZoom.be@SD,,,,https://i.imgur.com/JUNP8Rx.png,General,,iptv-org-all.txt,684,403
CSI: Miami,https://jmp2.uk/plu-63eb9255c111bc0008fe6ec4.m3u8,,,,CSIMiami.us@LatAm,,,,https://images.pluto.tv/channels/63eb9c5351f5d000085e8d7e/colorLogoPNG.png,Series,,iptv-org-all.txt,650,200
Chaos City,https://jmp2.uk/plu-60afbad343e3840007164348.m3u8,,,,ChaosCity.us@Germany,,,,https://i.imgur.com/1UZNdRH.png,Series,,iptv-org-all.txt,42,200
Channel 44 (480p),https://d1k6kax80wecy5.cloudfront.net/WFqZJc/index.m3u8,,,,Channel44.au@SD,,,,https://i.imgur.com/P2wUGh9.png,General,,iptv-org-all.txt,1252,200
Comedy Central South Park,https://jmp2.uk/plu-609ae66b359b270007869ff1.m3u8,,,,ComedyCentralSouthPark.us@BR,,,,https://images.pluto.tv/channels/609ae66b359b270007869ff1/colorLogoPNG_1733160636316.png,Animation;Comedy,,iptv-org-all.txt,65,200
Cinturao Verde,https://play.redecinturaoverde.com.br/playlist.m3u8,,,,CinturaoVerde.br@SD,,,,https://eswqkrogupaisirwcsys.supabase.co/storage/v1/object/public/mbc-media/canais/1775688612576-u0628igjimf.png,General,,iptv-org-all.txt,1220,200
DD Girnar (504p),https://d2lk5u59tns74c.cloudfront.net/out/v1/558fdb9aebb54bb5bbbf0ced03686148/index.m3u8,,,,DDGirnar.in@SD,,,,https://dtil.tmsimg.com/assets/s142782_ld_h15_aa.png?lock=720x540,General,,iptv-org-all.txt,215,200
Canal 56 Quiero TV (720p),http://45.5.118.152:8000/play/a08z/index.m3u8,,,,Canal56QuieroTV.bo@SD,,,,https://i.imgur.com/l9kDNld.jpeg,General,,iptv-org-all.txt,108,200
Channel One,https://pemirateshls.persiana.live/hls/stream.m3u8,,,,ChannelOne.us@SD,,,,https://i.imgur.com/igskUo0.png,Culture;News,,iptv-org-all.txt,727,200
ČT24 (1080p),http://88.212.15.19/live/test_ct24_hevc/playlist.m3u8,,,,CT24.cz@SD,,,,https://upload.wikimedia.org/wikipedia/commons/thumb/b/b2/%C4%8CT24_logo.png/960px-%C4%8CT24_logo.png,News,,iptv-org-all.txt,118,200
DD Bangla (504p),https://d3qs3d2rkhfqrt.cloudfront.net/out/v1/7ff57cc9046b4c188b51a0d506f36e7f/index.m3u8,,,,DDBangla.in@SD,,,,https://dtil.tmsimg.com/assets/s142778_ld_h15_aa.png?lock=720x540,General,,iptv-org-all.txt,653,200
Canal 3 Tacural,http://vivo.canal3tacural.com.ar:8081/hls/stream.m3u8,,,,Canal3Tacural.ar@SD,,,,https://i.imgur.com/RKvSa52.jpeg,General,,iptv-org-all.txt,938,200
CSI: NY,https://jmp2.uk/plu-62f54c6439183b000769fb8f.m3u8,,,,CSINY.us@SD,,,,https://images.pluto.tv/channels/62f54c6439183b000769fb8f/colorLogoPNG_1731837277521.png,Series,,iptv-org-all.txt,533,200
DD Goa (504p),https://d3qs3d2rkhfqrt.cloudfront.net/out/v1/e5b9db1cc184406bb97159da2f120f91/index.m3u8,,,,DDGoa.in@SD,,,,https://ltsk-cdn.s3.eu-west-1.amazonaws.com/jumpstart/Temp_Live/cdn/HLS/Channel/transparentImages/DD-Goa-Logo_2000_X_1125_Transpharent.png,General,,iptv-org-all.txt,244,200
CBS 4 El Paso TX (KDBC) (1080p),https://linear-706.frequency.stream/dist/stirr/706/hls/master/playlist.m3u8,,,,CBS.us@KDBCTV,,,,https://upload.wikimedia.org/wikipedia/commons/thumb/f/f0/Fox_Networks_Group_US_logo.svg/960px-Fox_Networks_Group_US_logo.svg.png,General,,iptv-org-all.txt,686,503
Canal 33 Madrid,https://media2.streambrothers.com:1936/8140/8140/playlist.m3u8,,,,Canal33Madrid.es@SD,,,,https://upload.wikimedia.org/wikipedia/commons/thumb/c/c3/Logo_Canal_33_Madrid_2025.jpg/960px-Logo_Canal_33_Madrid_2025.jpg,Undefined,,iptv-org-all.txt,1120,200
ČT 2,http://88.212.15.19/live/test_ct2_25p/playlist.m3u8,,,,CT2.cz@SD,,,,https://upload.wikimedia.org/wikipedia/commons/thumb/0/08/%C4%8CT2_logo_2012.svg/960px-%C4%8CT2_logo_2012.svg.png,Documentary,,iptv-org-all.txt,256,200
Comedy Central South Park,https://jmp2.uk/plu-609ae5cd48d3200007b0a98e.m3u8,,,,ComedyCentralSouthPark.us@LatAm,,,,https://images.pluto.tv/channels/609ae66b359b270007869ff1/colorLogoPNG_1733160636316.png,Animation;Comedy,,iptv-org-all.txt,139,200
Canal 4 Posadas (576p),https://iptv.ixfo.com.ar:30443/live/C4POS/playlist.m3u8,,,,Canal4Posadas.ar@SD,,,,https://i.imgur.com/tElJr3e.png,Undefined,,iptv-org-all.txt,319,200
DD Arun Prabha (360p),https://d2lk5u59tns74c.cloudfront.net/out/v1/308556d9fd1246adb479ef012a39bbfe/index.m3u8,,,,DDArunPrabha.in@SD,,,,https://xstreamcp-assets-msp.streamready.in/assets/LIVETV/LIVECHANNEL/LIVETV_LIVETVCHANNEL_DD_ARUNPRABHA/images/LOGO_HD/image.png,General,,iptv-org-all.txt,944,200
City of Monroe Government Channel,https://reflect-monroe-mi-ci.cablecast.tv/live-1/live/live.m3u8,,,,CityofMonroeGovernmentChannel.us@SD,,,,https://i.imgur.com/gS4x0uX.png,Legislative,,iptv-org-all.txt,631,403
ČT Sport (720p),http://88.212.15.19/live/test_ctsport_25p/playlist.m3u8,,,,CTSport.cz@SD,,,,https://upload.wikimedia.org/wikipedia/commons/thumb/7/72/%C4%8CT_sport_logo.png/960px-%C4%8CT_sport_logo.png,Sports,,iptv-org-all.txt,124,200
Diaspora 24 [Geo-blocked],https://vdo3.pro-fhi.net:3218/stream/play.m3u8,,,,Diaspora24.sn@SD,,,,https://i.imgur.com/4devfx1.png,Undefined,,iptv-org-all.txt,1050,200
Canal 4 Catalunya (1080p),https://limited35.todostreaming.es/live/mitjans-livestream.m3u8,,,,Canal4Catalunya.es@SD,,,,https://i.imgur.com/tQh8C3s.png,General,,iptv-org-all.txt,798,200
Canal 4 Mallorca (1080p),https://limited35.todostreaming.es/live/mitjans-livestream1.m3u8,,,,Canal4Mallorca.es@SD,,,,https://i.imgur.com/tQh8C3s.png,General,,iptv-org-all.txt,539,200
Channel S (576p),https://app.ncare.live/c3VydmVyX8RpbEU9Mi8xNy8yMDE0GIDU6RgzQ6NTAgdEoaeFzbF92YWxIZTO0U0ezN1IzMyfvcGVMZEJCTEFWeVN3PTOmdFsaWRtaW51aiPhnPTI/chsukoff.stream/playlist.m3u8,,,,ChannelS.uk@SD,,,,https://i.imgur.com/hJxFLvF.png,Culture,,iptv-org-all.txt,700,200
Canal 45 (576p),https://nlb1-live.emitstream.com/hls/625csn5et2iszm9oze65/master.m3u8,,,,Canal45.es@SD,,,,https://i.imgur.com/yEfSnGt.png,Undefined,,iptv-org-all.txt,787,200
DD Himachal Pradesh (504p),https://d3qs3d2rkhfqrt.cloudfront.net/out/v1/afd2e335b0ba40eb9bdf1096118c6ede/index.m3u8,,,,DDHimachalPradesh.in@SD,,,,https://dtil.tmsimg.com/assets/s142785_ld_h9_aa.png?lock=720x540,General,,iptv-org-all.txt,232,200
Comedy Central Pluto TV,https://jmp2.uk/plu-5f357e91b18f0b00073583d2.m3u8,,,,ComedyCentralPlutoTV.us@BR,,,,https://images.pluto.tv/channels/5f357e91b18f0b00073583d2/colorLogoPNG.png,Comedy,,iptv-org-all.txt,753,200
Citytv Bogota (1080p),http://138.121.15.230:9002/CITY-TV/index.m3u8,,,,CitytvBogota.co@SD,,,,https://i.imgur.com/h7K9EW9.png,General,,iptv-org-all.txt,87,200
Canal 51,https://live.cn51hn.com/live/cn51.m3u8,,,,Canal51.hn@SD,,,,https://i.imgur.com/xhVEEA1.png,General,,iptv-org-all.txt,613,403
Canal+ Action Europe Czechia,http://46.149.191.219:9106/play/a01g,,,,CanalPlusActionEurope.nl@Czechia,,,,https://upload.wikimedia.org/wikipedia/commons/thumb/5/58/Canal%2B_Action_2024.svg/1920px-Canal%2B_Action_2024.svg.png,Movies,,iptv-org-all.txt,1041,200
DD India (1080p),https://d3qs3d2rkhfqrt.cloudfront.net/out/v1/ceda14583477426aa162a65392d8ea07/index.m3u8,,,,DDIndia.in@SD,,,,https://dtil.tmsimg.com/assets/s158251_ld_h15_aa.png?lock=720x540,General,,iptv-org-all.txt,241,200
Canalda 26 HD [Not 24/7],https://canalda.rgradio.net:3084/live/canaldalive.m3u8,,,,Canalda26HD.do@HD,,,,https://canaldahd.com/wp-content/uploads/2023/03/cropped-canaldahdlogo-1.png,General,,iptv-org-all.txt,725,200
CBS en español,https://jmp2.uk/plu-668c5cb4f01dbe0008dd4082.m3u8,,,,CBSenespanol.us@SD,,,,https://images.pluto.tv/channels/668c5cb4f01dbe0008dd4082/colorLogoPNG.png,Entertainment,,iptv-org-all.txt,189,200
Channel One HD (720p),https://edge1.1internet.tv/dash-live2/streams/1tv-dvr/1tvdash.mpd,,,,ChannelOne.ru@HD,,,,https://i.imgur.com/RUSX0rX.png,General,,iptv-org-all.txt,1046,200
City TV Capital City Connection [Not 24/7],https://capitalcityconnection.cablecast.tv/live/stream-1/live.m3u8,,,,CapitalCityConnectionMontgomery.us@SD,,,,https://image.roku.com/developer_channels/prod/a2cb55884ff88035ebbbb32ef9c60a228314d0a2ac4c86722aff5ea1cb9abcd8.png,Legislative,,iptv-org-all.txt,636,403
Die Neue Zeit (576p),https://bild-und-ton.stream/die-neue-zeit-tv-live/smil:dnz-de.smil/playlist.m3u8,,,,DieNeueZeitTV.ch@SD,,,,https://i.imgur.com/K3lvrog.png,Religious,,iptv-org-all.txt,1014,200
Digital Vision 63 (720p) [Geo-blocked],https://ss2.tvrdomi.com:1936/digitalvision/digitalvision/playlist.m3u8,,,,DigitalVision63.do@SD,,,,https://i.imgur.com/FQkLIMR.png,General,,iptv-org-all.txt,22,200
CBS News 24/7 (720p),https://jmp2.uk/plu-6350fdd266e9ea0007bedec5.m3u8,,,,CBSNews247.us@SD,,,,https://upload.wikimedia.org/wikipedia/commons/thumb/b/b0/CBS_News_247_logo.svg/960px-CBS_News_247_logo.svg.png,News,,iptv-org-all.txt,58,200
CityNews Edmonton,https://citynewsregional.akamaized.net/hls/live/1024053/Regional_Live_8/Video-2Mbps.m3u8,,,,CityNewsEdmonton.ca@SD,,,,https://m.media-amazon.com/images/I/51Icdznow+L.png,News,,iptv-org-all.txt,542,200
Channel A [Geo-blocked],http://channelalive.ktcdn.co.kr/chalivepc/_definst_/atv2/playlist.m3u8,,,,ChannelA.kr@SD,,,,https://i.imgur.com/W9laHPD.png,General,,iptv-org-all.txt,1541,403
CityNews Toronto (720p),https://citynewsregional.akamaized.net/hls/live/1024052/Regional_Live_7/master.m3u8,,,,CityNewsToronto.ca@SD,,,,https://m.media-amazon.com/images/I/51Icdznow+L.png,News,,iptv-org-all.txt,479,200
CityNews Calgary (720p),https://citynewsregional.akamaized.net/hls/live/1024053/Regional_Live_8/master.m3u8,,,,CityNewsCalgary.ca@SD,,,,https://m.media-amazon.com/images/I/51Icdznow+L.png,News,,iptv-org-all.txt,639,200
City Channel (720p) [Not 24/7],https://dev.aftermind.xyz/edge-hls/unitrust/citychannel/index.m3u8?token=8TXWzhY3h6jrzqEqx,,,,CityChannel.cy@SD,,,,https://i.imgur.com/oo2fxta.png,Undefined,,iptv-org-all.txt,1044,403
CityNews Vancouver (720p),https://citynewsregional.akamaized.net/hls/live/1024054/Regional_Live_9/master.m3u8,,,,CityNewsVancouver.ca@SD,,,,https://m.media-amazon.com/images/I/51Icdznow+L.png,News,,iptv-org-all.txt,364,200
CBS 12 West Palm Beach FL (WPEC) (1080p),https://linear-692.frequency.stream/dist/stirr/692/hls/master/playlist.m3u8,,,,CBS.us@WPEC,,,,https://upload.wikimedia.org/wikipedia/commons/thumb/f/f0/Fox_Networks_Group_US_logo.svg/960px-Fox_Networks_Group_US_logo.svg.png,General,,iptv-org-all.txt,655,503
DD Haryana (504p),https://d2lk5u59tns74c.cloudfront.net/out/v1/950fc69666474351bde0a32b9600c804/index.m3u8,,,,DDHaryana.in@SD,,,,https://ltsk-cdn.s3.eu-west-1.amazonaws.com/jumpstart/Temp_Live/cdn/HLS/Channel/transparentImages/DD-Haryana-Logo_2000_X_1125_Transpharent.png,General,,iptv-org-all.txt,579,200
DD Jharkhand (504p),https://d3qs3d2rkhfqrt.cloudfront.net/out/v1/e8c3741f8c154d3185831f4e31777fb2/index.m3u8,,,,DDJharkhand.in@SD,,,,https://dtil.tmsimg.com/assets/s142787_ld_h15_aa.png?lock=720x540,General,,iptv-org-all.txt,221,200
City TV (576p) [Not 24/7],https://tv.city.bg/play/tshls/citytv/index.m3u8,,,,CityTV.bg@SD,,,,https://i.imgur.com/mFL452f.png,Music,,iptv-org-all.txt,892,200
Ciudad Magica (720p),https://lbgo.bozztv.com/ssh101/ssh101/verycoolfgr/playlist.m3u8,,,,CiudadMagica.ar@SD,,,,https://i.imgur.com/HJkSz2U.png,Outdoor,,iptv-org-all.txt,59,200
Charapa TV (720p),https://live-evg10.tv360.bitel.com.pe/bitel/charapatvSRT/playlist.m3u8,,,,CharapaTV.pe@SD,,,,https://i.imgur.com/tFRmMkf.png,General,,iptv-org-all.txt,73,200
CityTV San Diego (360p),https://cdn3.wowza.com/5/dk84U1p2UUdoMGxT/sandiego/G1826_005/playlist.m3u8,,,,CityTVSanDiego.us@SD,,,,https://i.imgur.com/OfNV6I7.png,Legislative,,iptv-org-all.txt,196,200
ČT:D/ČT art (1080p),http://88.212.15.19/live/ct_art_avc_25p/playlist.m3u8,,,,CTDecko.cz@SD,,,,https://upload.wikimedia.org/wikipedia/commons/thumb/a/ab/%C4%8CT-D_logo.svg/960px-%C4%8CT-D_logo.svg.png,Kids,,iptv-org-all.txt,129,200
DD Kashir (504p),https://d3qs3d2rkhfqrt.cloudfront.net/out/v1/8a59a828e80c49d0958925950cec0204/index.m3u8,,,,DDKashir.in@SD,,,,https://xstreamcp-assets-msp.streamready.in/assets/LIVETV/LIVECHANNEL/LIVETV_LIVETVCHANNEL_DD_KASHIR/images/LOGO_HD/image.png,General,,iptv-org-all.txt,214,200
Diez TV Úbeda (1080p),https://streaming.cloud.innovasur.es/mmj/index.m3u8,,,,DiezTVUbeda.es@SD,,,,https://i.imgur.com/o2a7s4W.png,General,,iptv-org-all.txt,1028,200
Diez TV Las Villas (1080p),https://streaming.cloud.innovasur.es/mmj2/index.m3u8,,,,DiezTVLasVillas.es@SD,,,,https://i.imgur.com/QTA40lP.png,General,,iptv-org-all.txt,1110,200
DD Kisan (720p),https://cdn.pishow.tv/ott/live/9/master.m3u8,,,,DDKisan.in@SD,,,,https://i.imgur.com/x56WJEa.png,Education;Outdoor,,iptv-org-all.txt,199,200
CBS 21 Harrisburg PA (WHP) (1080p),https://linear-697.frequency.stream/dist/stirr/697/hls/master/playlist.m3u8,,,,WHPDT1.us@SD,,,,,Undefined,,iptv-org-all.txt,808,503
Comercio TV (1080p),https://stream-us-east-1.getpublica.com/playlist.m3u8?network_id=16960,,,,ComercioTV.us@SD,,,,https://www.amagi.com/hubfs/Group%202-3.png,General,,iptv-org-all.txt,229,200
Chappelle's Show,https://jmp2.uk/plu-65e976ad0d456100082d9b74.m3u8,,,,ChappellesShow.se@DK,,,,https://images.pluto.tv/channels/65e976ad0d456100082d9b74/colorLogoPNG.png,Comedy,,iptv-org-all.txt,723,200
Canal 4 San Juan (576p),https://streamlov.alsolnet.com/canal4sanjuan/live/playlist.m3u8,,,,Canal4SanJuan.ar@SD,,,,https://i.imgur.com/MsCnwRA.png,Undefined,,iptv-org-all.txt,773,200
Canal 4 Mancha Centro (720p) [Not 24/7],https://5924d3ad0efcf.streamlock.net/canal4/canal4live/playlist.m3u8,,,,Canal4ManchaCentro.es@SD,,,,https://i.imgur.com/t3O3O9M.png,Undefined,,iptv-org-all.txt,1014,200
Ciudad TV Resistencia (720p),https://617c5175c970b.streamlock.net:4444/chacodxdtv/livenew/playlist.m3u8,,,,CiudadTVResistencia.ar@SD,,,,https://i.imgur.com/oL8SMTL.png,General,,iptv-org-all.txt,136,200
Csurgo TV (720p),https://cstv.medialivecdn.hu/csurgotv/27725804dc13aa23b3970414524d2dbf.sdp/playlist.m3u8,,,,CsurgoTV.hu@SD,,,,https://i.imgur.com/vVOEYuj.png,General,,iptv-org-all.txt,1084,403
CBS 12 Cincinnati OH (WKRC) (1080p),https://linear-691.frequency.stream/dist/stirr/691/hls/master/playlist.m3u8,,,,CBS.us@WKRCTV,,,,https://upload.wikimedia.org/wikipedia/commons/thumb/f/f0/Fox_Networks_Group_US_logo.svg/960px-Fox_Networks_Group_US_logo.svg.png,General,,iptv-org-all.txt,1028,503
Channels TV,https://cs2.push2stream.com/CHANNELSTV-DVR/playlist.m3u8,,,,ChannelsTV.ng@SD,,,,https://upload.wikimedia.org/wikipedia/en/7/76/Channels_TV.jpg,News,,iptv-org-all.txt,970,403
Dikaya okhota HD (1080p),http://stream.mcquack.net/274/index.m3u8,,,,Dikayaokhota.ru@HD,,,,https://i.imgur.com/EOue13e.png,Outdoor,,iptv-org-all.txt,123,200
DD Malayalam (504p),https://d2lk5u59tns74c.cloudfront.net/out/v1/c313674ffced4c9a90f1bba436df2b9b/index.m3u8,,,,DDMalayalam.in@SD,,,,https://i.postimg.cc/BZjmjJJs/DD-Malayalam.png,Entertainment,,iptv-org-all.txt,14,200
Canal 5 El Lider (720p),http://186.33.26.18:8000/play/a0s4/index.m3u8,,,,Canal5ElLider.hn@SD,,,,https://i.imgur.com/4hEYFa9.png,General,,iptv-org-all.txt,120,200
Comedy Central South Park,https://jmp2.uk/plu-60c716084d842c00085f6e64.m3u8,,,,ComedyCentralSouthPark.de@DACH,,,,https://images.pluto.tv/channels/60c716084d842c00085f6e64/colorLogoPNG_1748434979824.png,Animation;Comedy,,iptv-org-all.txt,991,200
City TV,https://citytv.hu/playlist.m3u8,,,,CityTV.hu@SD,,,,https://i.imgur.com/u0AKhzj.png,General,,iptv-org-all.txt,1159,200
Ciudadano Radio (720p),https://oracle.streaminghd.cl/ciudadanoradiotv/ciudadanoradiotv/playlist.m3u8,,,,CiudadanoRadio.cl@SD,,,,https://cdn.m3u.cl/logo/1655_Ciudadano_Radio.png,General,,iptv-org-all.txt,118,200
DD Madhya Pradesh (720p),https://cdn.pishow.tv/ott/live/31/master.m3u8,,,,DDMadhyaPradesh.in@SD,,,,https://dtil.tmsimg.com/assets/s142790_ld_h15_aa.png?lock=720x540,General,,iptv-org-all.txt,199,200
Comedy Dynamics (1080p),https://comedydynamics-plex-ingest.cinedigm.com/playlist.m3u8,,,,ComedyDynamics.us@SD,,,,https://i.imgur.com/1lEvUOa.png,Comedy,,iptv-org-all.txt,765,503
Canal 4 Jujuy,https://5cd577a3dd8ec.streamlock.net/CANAL4/smil:CANAL4.smil/playlist.m3u8,,,,Canal4Jujuy.ar@SD,,,,https://i.imgur.com/qB6I274.png,Undefined,,iptv-org-all.txt,1330,200
Dikaya rybalka HD (1080p),http://stream.mcquack.net/275/index.m3u8,,,,Dikayarybalka.ru@HD,,,,https://i.imgur.com/e3BFVgt.png,Outdoor,,iptv-org-all.txt,123,200
Chappelle's Show,https://jmp2.uk/plu-65e977a618036500082ec972.m3u8,,,,ChappellesShow.se@NO,,,,https://images.pluto.tv/channels/65e976ad0d456100082d9b74/colorLogoPNG.png,Comedy,,iptv-org-all.txt,834,200
CBS 22 South Bend IN (WSBT) (1080p),https://linear-693.frequency.stream/dist/stirr/693/hls/master/playlist.m3u8,,,,Roar.us@WSBTTV,,,,https://upload.wikimedia.org/wikipedia/commons/2/27/WWAY_logo.png,Entertainment,,iptv-org-all.txt,968,503
Canal 5 Santa Fe (240p),https://stream.arcast.com.ar/c5sf/c5sf/playlist.m3u8,,,,Canal5SantaFe.ar@SD,,,,https://i.imgur.com/WX0esjQ.png,Undefined,,iptv-org-all.txt,4,200
Ciudades Del Ocio TV (720p),https://cloudvideo.servers10.com:8081/8024/index.m3u8,,,,CiudadesdelOcioTV.es@SD,,,,https://i.imgur.com/CTQgqsM.png,Entertainment,,iptv-org-all.txt,86,200
Canal 99 Miramar,https://vivo.solumedia.com:19360/cardinal/cardinal.m3u8,,,,Canal99Miramar.ar@SD,,,,https://i.imgur.com/PblsZxz.jpeg,General,,iptv-org-all.txt,23,200
CT-N TV Conneticut (720p) [Not 24/7],http://video.ct-n.com/live/ctnstream/playlist_DVR.m3u8,,,,CTNTVConneticut.us@SD,,,,https://i.imgur.com/pb0TFQt.jpg,Legislative,,iptv-org-all.txt,597,200
CT-N Live Stream 2 (360p) [Not 24/7],http://video.ct-n.com/live/web2stream/playlist.m3u8,,,,CTNLiveStream2.us@SD,,,,https://i.imgur.com/pb0TFQt.jpeg,Legislative,,iptv-org-all.txt,708,200
CT-N Court Feed (360p) [Not 24/7],http://video.ct-n.com/live/ctnSupreme/playlist_DVR.m3u8,,,,CTNCourtFeed.us@SD,,,,https://i.imgur.com/pb0TFQt.jpeg,Legislative,,iptv-org-all.txt,852,200
Chappelle's Show,https://jmp2.uk/plu-65e9783b0d456100082d9e05.m3u8,,,,ChappellesShow.se@SE,,,,https://images.pluto.tv/channels/65e976ad0d456100082d9b74/colorLogoPNG.png,Comedy,,iptv-org-all.txt,799,200
Canal 70 (720p),https://183.bozztv.com/giatv/giatv-cnal70tv/cnal70tv/playlist.m3u8,,,,Canal70.do@HD,,,,https://imgur.com/LfcHA2d.jpg,General,,iptv-org-all.txt,918,200
Canal 50 Morteros,https://online.coopmorteros.coop/canal50/vivo.m3u8,,,,Canal50Morteros.ar@SD,,,,https://i.imgur.com/IDhgBav.png,Undefined,,iptv-org-all.txt,1384,200
Canal 38 (720p),https://cdn.jmvstream.com/w/LVW-8503/LVW8503_d0V5oduFlK/playlist.m3u8,,,,Canal38.br@SD,,,,https://i.imgur.com/co7TCWC.png,News,,iptv-org-all.txt,1836,200
Dikij (576p),http://hls127.freeott.top:8080/Dikiy/video.m3u8,,,,Dikij.ru@SD,,,,https://i.imgur.com/VDXDiPC.png,Outdoor,,iptv-org-all.txt,125,200
Canal 100 Chinique (1080p),https://live20.bozztv.com/giatv/giatv-chinique100tvenvivo/chinique100tvenvivo/playlist.m3u8,,,,Canal100Chinique.gt@SD,,,,https://i.imgur.com/ygNKJXx.png,Undefined,,iptv-org-all.txt,21,200
Canal 4 Teleaire,https://stmvideo6.livecastv.com/canal4/canal4/playlist.m3u8,,,,Canal4Teleaire.ar@SD,,,,https://i.imgur.com/XyiNvbY.png,General,,iptv-org-all.txt,1023,200
Canal 56 (576p) [Not 24/7],https://videos.canal56.com/directe/stream/index.m3u8,,,,Canal56.es@SD,,,,https://i.imgur.com/pwRVbCz.png,Undefined,,iptv-org-all.txt,1268,200
Canal 79 Mar del Plata,https://streamconex.com:19360/mardelplata/mardelplata.m3u8,,,,Canal79MardelPlata.ar@SD,,,,https://i.imgur.com/I93ypGY.png,Undefined,,iptv-org-all.txt,673,200
Canal 79 Villa Maza,https://streamconex.com:19360/villamaza/villamaza.m3u8,,,,Canal79VillaMaza.ar@SD,,,,https://i.imgur.com/HYuSqJy.png,Undefined,,iptv-org-all.txt,287,200
Canal 79 Puan (240p),https://streamconex.com:19360/puan/puan.m3u8,,,,Canal79Puan.ar@SD,,,,https://i.imgur.com/HYuSqJy.png,Undefined,,iptv-org-all.txt,594,200
Canal 79 Santa Clara del Mar (240p),https://streamconex.com:19360/santaclara-1/santaclara-1.m3u8,,,,Canal79SantaClaradelMar.ar@SD,,,,https://i.imgur.com/I93ypGY.png,Undefined,,iptv-org-all.txt,411,200
Canal 79 La Costa (240p),https://streamconex.com:19360/lacosta/lacosta.m3u8,,,,Canal79LaCosta.ar@SD,,,,https://i.imgur.com/HYuSqJy.png,Undefined,,iptv-org-all.txt,769,200
Digi 24 (720p),https://edge-ar.rcs-rds.ro/digi24ar/index.m3u8,,,,Digi24.ro@SD,,,,https://i.imgur.com/qmRnD0M.png,News,,iptv-org-all.txt,1264,200
Canal 5 TV Cozumel (1080p),https://video0.rogohosting.com:19360/tvcozumel/tvcozumel.m3u8,,,,Canal5TVCozumel.mx@SD,,,,https://i.imgur.com/0nzNMuP.jpeg,General,,iptv-org-all.txt,22,200
CBS 42 Austin TX (KEYE) (1080p),https://linear-704.frequency.stream/dist/stirr/704/hls/master/playlist.m3u8,,,,CBS.us@KEYETV,,,,https://upload.wikimedia.org/wikipedia/commons/thumb/f/f0/Fox_Networks_Group_US_logo.svg/960px-Fox_Networks_Group_US_logo.svg.png,General,,iptv-org-all.txt,1032,503
DD Manipur (504p),https://d2lk5u59tns74c.cloudfront.net/out/v1/8b75afc6576f450e8f554b6c877681d2/index.m3u8,,,,DDManipur.in@SD,,,,https://xstreamcp-assets-msp.streamready.in/assets/LIVETV/LIVECHANNEL/LIVETV_LIVETVCHANNEL_DD_IMPHAL/images/LOGO_HD/image.png,General,,iptv-org-all.txt,215,200
DIM (576p),http://stream.mcquack.net/383/index.m3u8,,,,DIM.ua@SD,,,,https://i.imgur.com/3cjaXIF.png,General,,iptv-org-all.txt,128,200
Canal 5 Del Pueblo [Not 24/7],https://stmv4.voxtvhd.com.br/canal5pueblo/canal5pueblo/playlist.m3u8,,,,Canal5DelPueblo.ar@SD,,,,https://i.ibb.co/XzcYYMc/Canal-5-alcorta-ver.jpg,General,,iptv-org-all.txt,662,200
Canale 8 (480p),http://wms.shared.streamshow.it/canale8/canale8/playlist.m3u8,,,,Canale8.it@SD,,,,https://i.imgur.com/xwYmFgj.png,Undefined,,iptv-org-all.txt,1084,200
Canale 7 (480p),http://wms.shared.streamshow.it/canale7/canale7/playlist.m3u8,,,,Canale7.it@SD,,,,https://canale7.tv/assets/front/img/fb_logo.jpg,General,,iptv-org-all.txt,1224,200
Canica TV (240p),https://stmv4.voxtvhd.com.br/canicatv/canicatv/playlist.m3u8,,,,CanicaTV.co@SD,,,,https://i.imgur.com/RuQDwTt.jpeg,Entertainment,,iptv-org-all.txt,236,200
Dios Te Ve (720p),https://s.emisoras.tv:8081/diostevetv/index.m3u8,,,,DiosTeVe.hn@SD,,,,https://i.imgur.com/7hNwUV2.png,Religious,,iptv-org-all.txt,9,200
CTT Canal 49 (1080p) [Not 24/7],https://cdnfox.hostlagarto.com/cct49/index.m3u8,,,,CTTCanal49.do@SD,,,,https://i.imgur.com/jsi4qVb.jpg,General,,iptv-org-all.txt,36,200
DD Meghalaya (504p),https://d3qs3d2rkhfqrt.cloudfront.net/out/v1/4f81bc8d13dd49b484da35988abb8729/index.m3u8,,,,DDMeghalaya.in@SD,,,,https://xstreamcp-assets-msp.streamready.in/assets/LIVETV/LIVECHANNEL/LIVETV_LIVETVCHANNEL_DD_SHILLONG/images/LOGO_HD/image.png,General,,iptv-org-all.txt,227,200
Charge! (1080p),https://fast-channels.sinclairstoryline.com/CHARGE/index.m3u8,,,,Charge.us@SD,,,,https://i.imgur.com/ocs2DeU.png,Movies,,iptv-org-all.txt,260,200
Comet (1080p),https://fast-channels.sinclairstoryline.com/COMET/index.m3u8,,,,Comet.us@SD,,,,https://upload.wikimedia.org/wikipedia/en/thumb/5/53/Stadium_%28sports_network%29_logo.svg/960px-Stadium_%28sports_network%29_logo.svg.png,Entertainment,,iptv-org-all.txt,640,200
CBS News Baltimore (720p),https://lineup.cbsivideo.com/playout/8877a7d5-b094-4ac8-bc72-75a5fed68e5b/index.m3u8,,,,CBSNewsBaltimore.us@SD,,,,https://i.imgur.com/jy3UfCe.png,News,,iptv-org-all.txt,824,200
DD Mizoram (504p),https://d2lk5u59tns74c.cloudfront.net/out/v1/eea48c6b61074052a2fa8532ff795ff1/index.m3u8,,,,DDMizoram.in@SD,,,,https://i.imgur.com/I5zT1DG.png,Culture;News,,iptv-org-all.txt,218,200
Canela.TV (1080p),https://d3cx6yargdnl7q.cloudfront.net/canelatv.m3u8,,,,CanelaTV.us@SD,,,,https://i.imgur.com/8Hllkpk.png,Entertainment,,iptv-org-all.txt,526,200
CTV (1080p),http://15.204.246.24:8080/CTVHD/index.m3u8,,,,CTV.bo@SD,,,,https://i.imgur.com/ljKb0UX.png,General,,iptv-org-all.txt,4,403
Conecta2TV (720p) [Not 24/7],https://live.obslivestream.com/conecta2/index.m3u8,,,,Conecta2TV.pe@SD,,,,https://i.imgur.com/W6FDUwt.png,News,,iptv-org-all.txt,29,200
Cananga TV (720p),https://cdn.streamingcpanel.com:3545/live/canangatlive.m3u8,,,,CanangaTV.do@SD,,,,https://i.imgur.com/isXlMAh.png,General,,iptv-org-all.txt,994,200
Dios Te Ve Kids (720p),https://s.emisoras.tv:8081/diostevekids/index.m3u8,,,,DiosTeVeKids.hn@SD,,,,https://i.imgur.com/GnZicVH.png,Kids;Religious,,iptv-org-all.txt,9,200
Chardikla Gurbaani TV (1080p),https://chardikalatimestv.gigabitcdn.net/in-chardikala/chardikala-gurbani-tv/playlist.m3u8,,,,ChardiklaGurbaaniTV.in@SD,,,,https://i.imgur.com/NXD8CPq.png,News,,iptv-org-all.txt,798,200
Dijlah TV (1080p),https://ghaasiflu.online/Dijlah/index.m3u8,,,,DijlahTV.iq@SD,,,,https://i.imgur.com/kyzH3G5.png,News,,iptv-org-all.txt,888,200
Comedy Play (576i),https://stream1.antenaplay.ro/live/ComedyPlay/chunklist.m3u8,,,,ComedyPlay.ro@SD,,,,https://i.imgur.com/6kAeVOk.png,Comedy,,iptv-org-all.txt,1149,200
CBS News Chicago (720p),https://cbsn-chi.cbsnstream.cbsnews.com/out/v1/b2fc0d5715d54908adf07f97d2616646/master.m3u8,,,,CBSNewsChicago.us@SD,,,,https://i.imgur.com/qGbVQir.png,News,,iptv-org-all.txt,618,200
Cap Terre (1080p),http://145.239.5.177/359a/index.m3u8,,,,CapTerre.es@FR,,,,https://d3b6luslimvglo.cloudfront.net/images/79/rlaxximages/channels-rescaled/icon-white/capterre_white.png,Documentary,,iptv-org-all.txt,111,403
CBS News Bay Area (720p),https://cbsn-sf.cbsnstream.cbsnews.com/out/v1/dac63c1abb3f4a2dac9f508f44bb072a/master.m3u8,,,,CBSNewsBayArea.us@SD,,,,https://static.wikia.nocookie.net/logopedia/images/1/1a/Logo-cbsn-bayarea-1920x1080.jpg/revision/latest/scale-to-width-down/512,News,,iptv-org-all.txt,963,200
CTN (720p),https://d3k5y954fiztgy.cloudfront.net/FREECAST/CTN-2b0dd347-f7b0-e7ed-9096-68966d29db50/index.m3u8,,,,CTN.us@SD,,,,https://i.imgur.com/42UdwD0.png,Religious,,iptv-org-all.txt,532,200
Company TV (720p),https://5929b138b139d.streamlock.net/CompanyTV/smil:CompanyTV.smil/master.m3u8,,,,CompanyTV.it@SD,,,,https://i.imgur.com/ccdwsWj.png,Music,,iptv-org-all.txt,759,200
CBS News Boston (720p),https://cbsn-bos.cbsnstream.cbsnews.com/out/v1/589d66ec6eb8434c96c28de0370d1326/master.m3u8,,,,CBSNewsBoston.us@SD,,,,https://i.imgur.com/9un7R3N.png,News,,iptv-org-all.txt,824,200
Chardikla Time TV (1080p),https://chardikalagurbanitv.gigabitcdn.net/in-chardikala/chardikala-timetv/playlist.m3u8,,,,ChardiklaTimeTV.in@SD,,,,https://xstreamcp-assets-msp.streamready.in/assets/LIVETV/LIVECHANNEL/LIVETV_LIVETVCHANNEL_CHARDIKLA_TIME_TV/images/LOGO_HD/image.png,News,,iptv-org-all.txt,827,200
Chardikla Time TV North America (1080p),https://chardikalanorthamerica.gigabitcdn.net/in-chardikala/chardikala-north-usa/playlist.m3u8,,,,ChardiklaTimeTVNorthAmerica.in@SD,,,,https://i.imgur.com/IUeMFey.jpg,News,,iptv-org-all.txt,712,200
Canal 5 TV Chepes,https://videostream.shockmedia.com.ar:19360/canal5alfatvchepes/canal5alfatvchepes.m3u8,,,,Canal5TVChepes.ar@SD,,,,https://i.imgur.com/AzEqroq.png,General,,iptv-org-all.txt,541,200
DD National (576p),http://107.167.16.138/ddnational/index.m3u8?token=test,,,,DDNational.in@SD,,,,https://ltsk-cdn.s3.eu-west-1.amazonaws.com/jumpstart/Temp_Live/cdn/HLS/Channel/transparentImages/DD%20National.png,Entertainment,,iptv-org-all.txt,226,200
Canal 3 Pinamar,http://intelincloud01.com.ar/hls/cn3/index.m3u8,,,,Canal3Pinamar.ar@SD,,,,https://i.imgur.com/IABFaH1.png,Undefined,,iptv-org-all.txt,2612,200
CBS 9 Oklahoma City OK (KWTV-DT1) (720p) [Not 24/7],https://fuel-streaming-prod01.fuelmedia.io/v1/sem/e48409e7-672d-42f2-b5e0-ebb6744b0425.m3u8,,,,CBS.us@KWTVDT,,,,https://upload.wikimedia.org/wikipedia/commons/thumb/f/f0/Fox_Networks_Group_US_logo.svg/960px-Fox_Networks_Group_US_logo.svg.png,General,,iptv-org-all.txt,1951,200
CBS News Colorado (720p),https://cbsn-den.cbsnstream.cbsnews.com/out/v1/2e49baf2906244ecb01b07d9885fbe7a/master.m3u8,,,,CBSNewsColorado.us@SD,,,,https://i.imgur.com/2oyYwBw.png,News,,iptv-org-all.txt,648,200
Charlotte County CC-TV (Charlotte County FA) (720p),https://cdn3.wowza.com/5/cHYzekYzM2kvTVFH/charlotte/G0055_009/playlist.m3u8,,,,CCTV.us@SD,,,,,Undefined,,iptv-org-all.txt,484,200
CTNi (Christian Television Network International) (480p) [Not 24/7],https://video1.getstreamhosting.com:1936/8226/8226/playlist.m3u8,,,,WELU81.pr@HD,,,,https://i.imgur.com/42UdwD0.png,Religious,,iptv-org-all.txt,537,200
Canal 6 (720p),http://45.167.2.101:8000/play/a0qs/index.m3u8,,,,Canal6.sv@SD,,,,https://i.imgur.com/M4muPLK.png,General,,iptv-org-all.txt,135,200
Candelita TV (480p),https://6110f70ea8d0e.streamlock.net/1689/1689/playlist.m3u8,,,,CandelitaTV.pr@SD,,,,https://i.imgur.com/34BvVDl.png,Religious,,iptv-org-all.txt,960,200
Concord TV (Concord CA) (720p),https://concordca.cablecast.tv/live/stream-2/live.m3u8,,,,ConcordTV.us@SD,,,,https://i.imgur.com/1vh2a3H.png,General,,iptv-org-all.txt,585,200
DD National HD (1080p),https://d3qs3d2rkhfqrt.cloudfront.net/out/v1/40492a64c1db4a1385ba1a397d357d3a/index.m3u8,,,,DDNational.in@HD,,,,https://ltsk-cdn.s3.eu-west-1.amazonaws.com/jumpstart/Temp_Live/cdn/HLS/Channel/transparentImages/DD%20National.png,Entertainment,,iptv-org-all.txt,227,200
Concert Channel (720p),https://jmp2.uk/plu-6868152657543d1f8be4ece3.m3u8,,,,ConcertChannel.us@SD,,,,https://i.imgur.com/u2irADf.png,Music,,iptv-org-all.txt,746,200
Canal Capital (1080p),http://138.121.15.230:9002/CANAL-CAPITAL/index.m3u8,,,,CanalCapital.co@SD,,,,https://i.imgur.com/zAYtbYi.png,General,,iptv-org-all.txt,87,200
Discovering China (1080p),https://fastlive.cctvplus.com/out/v1/8442c3bfd4c64a3984389328f6087879/index.m3u8,,,,DiscoveringChina.cn@SD,,,,https://i.imgur.com/wr2bLaA.png,Culture;Documentary,,iptv-org-all.txt,8,200
Canal 4 Villa Dolores,https://stmvideo3.livecastv.com/canal4vd/canal4vd/playlist.m3u8,,,,Canal4VillaDolores.ar@SD,,,,https://i.imgur.com/ZKSnGfw.png,General,,iptv-org-all.txt,1595,200
Canal 5 TV Max (1080p),https://tvmaxsa.com.py/hls/FB-430927919930380-0-AbzjnbAzAIR0NaFg.m3u8,,,,Canal5TVMax.py@SD,,,,https://i.imgur.com/6oihaDM.png,General,,iptv-org-all.txt,549,200
CBS News Detroit (720p),https://cbsn-det.cbsnstream.cbsnews.com/out/v1/169f5c001bc74fa7a179b19c20fea069/master.m3u8,,,,CBSNewsDetroit.us@SD,,,,https://i.imgur.com/cMels2Y.png,News,,iptv-org-all.txt,677,200
DD Nagaland (504p),https://d2lk5u59tns74c.cloudfront.net/out/v1/29c92e0bef954a6d9b0908d1be29c1f0/index.m3u8,,,,DDNagaland.in@SD,,,,https://i.imgur.com/HUL4aF6.png,General,,iptv-org-all.txt,582,200
Clan (1080p),https://lge-lgla2.otteravision.com/lge/lgcla/lgcla.m3u8,,,,Clan.es@SD,,,,https://i.ibb.co/vv3FC2Nv/clan.png,Kids;Public,,iptv-org-all.txt,712,200
CBS News Los Angeles (720p),https://cbsn-la.cbsnstream.cbsnews.com/out/v1/57b6c4534a164accb6b1872b501e0028/master.m3u8,,,,CBSNewsLosAngeles.us@SD,,,,https://i.imgur.com/klULxMV.png,News,,iptv-org-all.txt,722,200
Che! (576p),http://flussonic.linkintel.ru/che/index.m3u8,,,,Che.ru@SD,,,,https://i.imgur.com/ZOcDGpB.png,Entertainment,,iptv-org-all.txt,120,200
Canal CHD,https://vs20.live.opencaster.com/canalchd2025_8d99626c/index.m3u8,,,,CanalCHD.co@SD,,,,https://i.imgur.com/cNv1MPs.jpeg,General,,iptv-org-all.txt,23,403
Concepcion TV (720p),https://stream.blserver.cl/hls/ctv/index.m3u8,,,,ConcepcionTV.cl@SD,,,,https://i.imgur.com/9k0yAxj.jpeg,General,,iptv-org-all.txt,1014,200
CBS News Sacramento (720p),https://lineup.cbsivideo.com/playout/c1ed69db-6b71-4581-a937-a70ab4089f8a/index.m3u8,,,,CBSNewsSacramento.us@SD,,,,https://i.imgur.com/0e1kSGX.png,News,,iptv-org-all.txt,12,200
DD News HD (1080p),https://d3qs3d2rkhfqrt.cloudfront.net/out/v1/0811cd8c37ca4c409d5385a6cd2fa18b/index.m3u8,,,,DDNews.in@HD,,,,https://ltsk-cdn.s3.eu-west-1.amazonaws.com/jumpstart/Temp_Live/cdn/HLS/Channel/transparentImages/DD%20News%20HD.png,News,,iptv-org-all.txt,229,200
CBS News Miami (720p),https://cbsn-mia.cbsnstream.cbsnews.com/out/v1/ac174b7938264d24ae27e56f6584bca0/master.m3u8,,,,CBSNewsMiami.us@SD,,,,https://i.imgur.com/DExbVa9.png,News,,iptv-org-all.txt,727,200
Canal 2000 La Solana (720p) [Not 24/7],http://canal2000.berkano-systems.net/streaming/streams/canal2000.m3u8,,,,Canal2000.es@SD,,,,https://i.imgur.com/9RoBASf.png,Undefined,,iptv-org-all.txt,862,200
Dion TV (1080p),https://rtmp.win:3650/live/diontvlive.m3u8,,,,DionTV.gr@SD,,,,https://i.imgur.com/13MverN.png,General,,iptv-org-all.txt,884,500
DD Odia (504p),https://d3qs3d2rkhfqrt.cloudfront.net/out/v1/ef4ea632b77a480ebd77106968aa99a9/index.m3u8,,,,DDOdia.in@SD,,,,https://xstreamcp-assets-msp.streamready.in/assets/LIVETV/LIVECHANNEL/LIVETV_LIVETVCHANNEL_DD_ORIYA/images/LOGO_HD/image.png,General,,iptv-org-all.txt,233,200
Canal 6 (720p),https://d3xpfoln9sj56.cloudfront.net/ts:abr.m3u8,,,,Canal6.cr@SD,,,,https://i.imgur.com/nfKJftW.png,General,,iptv-org-all.txt,666,403
Caoba TV Radio (720p) [Not 24/7],https://host.streamingnation.live:3940/live/caobatvlive.m3u8,,,,CaobaTVRadio.do@HD,,,,https://www.vivalivetv.com/public/files/shows/0/1/3906-294x165-FFFFFF.jpg,General,,iptv-org-all.txt,810,200
Canal Chilote (720p),https://videostream.chileservidores.com:8081/chiloe2/index.m3u8,,,,CanalChilote.cl@SD,,,,https://i.imgur.com/mdYIKyt.png,Entertainment,,iptv-org-all.txt,17,200
Classic Cinema (240p) [Not 24/7],https://rpn.bozztv.com/gusa/gusa-classiccinema/index.m3u8,,,,ClassicCinema.us@SD,,,,https://i.imgur.com/FJoPnTb.png,Movies,,iptv-org-all.txt,18,200
Charterfeber,https://jmp2.uk/plu-61c1dda0fe470d00080f85b8.m3u8,,,,Charterfeber.se@NO,,,,https://images.pluto.tv/channels/61c1dda0fe470d00080f85b8/colorLogoPNG.png,Entertainment,,iptv-org-all.txt,683,200
Canal 5 Puerto Montt,https://5ff3d9babae13.streamlock.net/aufymdjpjf/aufymdjpjf/playlist.m3u8,,,,Canal5PuertoMontt.cl@SD,,,,https://i.imgur.com/pLobTRW.png,General,,iptv-org-all.txt,1270,200
Cannes Lérins TV (1080p),https://vdo2.pro-fhi.net:3628/live/uppodsfqlive.m3u8,,,,CannesLerinsTV.fr@SD,,,,https://i.imgur.com/atlgnum.png,General,,iptv-org-all.txt,1024,200
CBS News Minnesota (720p),https://cbsn-min.cbsnstream.cbsnews.com/out/v1/76518f06941246ba810c8d175600bf74/master.m3u8,,,,CBSNewsMinnesota.us@SD,,,,https://i.imgur.com/ubxwfMY.png,News,,iptv-org-all.txt,748,200
CBS News New York (720p),https://cbsn-ny.cbsnstream.cbsnews.com/out/v1/ec3897d58a9b45129a77d67aa247d136/master.m3u8,,,,CBSNewsNewYork.us@SD,,,,https://i.imgur.com/bpc4v0u.png,News,,iptv-org-all.txt,583,200
Charity TV,https://652930de05533.streamlock.net/live/ngrp:livestream_all/playlist.m3u8,,,,CharityTV.lb@SD,,,,https://i.imgur.com/U9z8WBY.png,Religious,,iptv-org-all.txt,1072,200
Canal 6 Posadas (1080p),https://iptv.ixfo.com.ar:30443/live/c6digital/playlist.m3u8,,,,Canal6Posadas.ar@SD,,,,https://i.imgur.com/OamBiS5.png,Undefined,,iptv-org-all.txt,319,200
CBS Sports HQ (720p),https://jmp2.uk/plu-5e9f2c05172a0f0007db4786.m3u8,,,,CBSSportsHQ.us@SD,,,,https://i.imgur.com/q8BENJg.png,Sports,,iptv-org-all.txt,36,200
DD Punjabi (504p),https://d3qs3d2rkhfqrt.cloudfront.net/out/v1/da821c24a59d4e57960497aeaca8fb33/index.m3u8,,,,DDPunjabi.in@SD,,,,https://dtil.tmsimg.com/assets/s142800_ld_h15_aa.png?lock=720x540,Culture,,iptv-org-all.txt,222,200
Classic Movie Westerns,https://jmp2.uk/plu-61f33318210549000806a530.m3u8,,,,ClassicMovieWesterns.us@SD,,,,https://images.pluto.tv/channels/61f33318210549000806a530/colorLogoPNG.png,Movies;Series,,iptv-org-all.txt,43,200
DD Rajasthan (720p),https://cdn.pishow.tv/ott/live/34/master.m3u8,,,,DDRajasthan.in@SD,,,,https://xstreamcp-assets-msp.streamready.in/assets/LIVETV/LIVECHANNEL/LIVETV_LIVETVCHANNEL_DD_RAJASTHAN/images/LOGO_HD/image.png,General,,iptv-org-all.txt,199,200
Cheers,https://jmp2.uk/plu-65cce14060eb870008dbd003.m3u8,,,,Cheers.de@FR,,,,https://images.pluto.tv/channels/611e7f224676bf00076a4d8d/colorLogoPNG.png,Comedy,,iptv-org-all.txt,105,200
Capuchin TV,https://goliveafrica.media:9998/live/64227f58b8413/index.m3u8,,,,CapuchinTV.ke@SD,,,,https://i.imgur.com/VCDSjX7.png,Religious,,iptv-org-all.txt,36,200
Clan Internacional Americas (1080p) [Geo-blocked],https://rtvelivestream-rtveplayplus.rtve.es/rtvesec/int/clan_int_main_1080.m3u8,,,,ClanInternacional.es@SD,,,,https://i.ibb.co/vv3FC2Nv/clan.png,Kids;Public,,iptv-org-all.txt,1039,200
Cheers,https://jmp2.uk/plu-611e7f224676bf00076a4d8d.m3u8,,,,Cheers.de@DACH,,,,https://images.pluto.tv/channels/611e7f224676bf00076a4d8d/colorLogoPNG.png,Comedy,,iptv-org-all.txt,287,200
Dios Tv Talanga (1080p),https://tv.webmedialive.com/unciontv/live/playlist.m3u8,,,,DiosTvTalanga.hn@SD,,,,https://i.ibb.co/mb8F7R1/Db52f621d30793337de1cdcfc4f02be1.png,Religious,,iptv-org-all.txt,838,200
Conecta TV (720p),https://stream8.mexiserver.com:19360/conectatvx/conectatvx.m3u8,,,,ConectaTV.mx@SD,,,,https://i.imgur.com/qEk0QGa.png,Music,,iptv-org-all.txt,775,200
Clarity 4K (2160p) [Geo-blocked],https://pb-qyrvophnifz47.akamaized.net/Clarity_4K.m3u8,,,,Clarity4K.us@SD,,,,https://i.imgur.com/M87kbVk.png,General,,iptv-org-all.txt,974,200
CBS News Philadelphia (720p),https://cbsn-phi.cbsnstream.cbsnews.com/out/v1/5c9ad3e215984b0e9ad845b335216b72/master.m3u8,,,,CBSNewsPhilly.us@SD,,,,https://i.imgur.com/FmtTbNY.png,News,,iptv-org-all.txt,719,200
CC Pluto TV,https://jmp2.uk/plu-5d4947590ba40f75dc29c26b.m3u8,,,,CCPlutoTV.de@DACH,,,,https://images.pluto.tv/channels/5d4947590ba40f75dc29c26b/colorLogoPNG.png,Comedy,,iptv-org-all.txt,68,200
Canal Cine Dios,https://canal.mediaserver.com.co/live/cinedios.m3u8,,,,CanalCineDios.co@SD,,,,https://i.imgur.com/S4xqZgV.png,Movies,,iptv-org-all.txt,126,200
Canal 7 Jujuy,https://stream.arcast.live/canal7jujuy/ngrp:canal7jujuy_all/playlist.m3u8,,,,Canal7Jujuy.ar@SD,,,,https://i.imgur.com/K0jk8p4.png,Undefined,,iptv-org-all.txt,50,200
Discover Pakistan (1080p),https://livecdn.live247stream.com/discoverpakistan/web/playlist.m3u8,,,,DiscoverPakistan.pk@SD,,,,https://i.imgur.com/IJH47fJ.png,Travel,,iptv-org-all.txt,817,200
DD Sahyadri (504p),https://d3qs3d2rkhfqrt.cloudfront.net/out/v1/66dcc3ebe182447ba42837e746cf0c7c/index.m3u8,,,,DDSahyadri.in@SD,,,,https://xstreamcp-assets-msp.streamready.in/assets/LIVETV/LIVECHANNEL/LIVETV_LIVETVCHANNEL_DD_SAHYADRI/images/LOGO_HD/image.png,General,,iptv-org-all.txt,217,200
Canal Claro (720p),https://jmp2.uk/plu-68224482c5d53e1351aaf2f2.m3u8,,,,CanalClaro.cl@SD,,,,https://images.pluto.tv/channels/68224482c5d53e1351aaf2f2/colorLogoPNG_1751655767455.png,Undefined,,iptv-org-all.txt,86,200
Conectados con Dios,https://cdn.oktvus.com/ConectadoConDios/tracks-v2a1/mono.ts.m3u8,,,,ConectadosconDios.gt@SD,,,,https://i.imgur.com/Drn8nql.png,Religious,,iptv-org-all.txt,814,200
CBS News Pittsburgh (720p),https://cbsn-pit.cbsnstream.cbsnews.com/out/v1/6966dabf8150405ab26f854e3cd6a2b8/master.m3u8,,,,CBSNewsPittsburgh.us@SD,,,,https://i.imgur.com/Un9IrUh.png,News,,iptv-org-all.txt,764,200
Canal 7 Neuquén (1080p),https://stream.arcast.com.ar/c7nq/ngrp:c7nq_all/playlist.m3u8,,,,Canal7Neuquen.ar@SD,,,,https://i.ibb.co/BrvQsWm/C7neuquenlogo2023.png,General,,iptv-org-all.txt,3,200
ConecTV Brasil (720p),https://stream01.msolutionbrasil.com.br/hls/conectv/live.m3u8,,,,ConecTVBrasil.br@SD,,,,https://i.imgur.com/XN6jjMR.png,General,,iptv-org-all.txt,755,200
Dien Bien TV (1080p),https://stream.langsontv.vn/live/2855dfeccb7f49a41a2b0441b3bfeda413c/playlist.m3u8,,,,DienBienTV.vn@SD,,,,https://i.imgur.com/u308o8q.png,General,,iptv-org-all.txt,3100,200
Classic Music (1080p),http://stream.mcquack.net/312/index.m3u8,,,,ClassicMusic.ru@SD,,,,https://i.imgur.com/TpXs1qA.png,Music,,iptv-org-all.txt,127,200
DD Saptagiri (504p),https://d2lk5u59tns74c.cloudfront.net/out/v1/26e915d6d12b4a06822c5e33c088ed56/index.m3u8,,,,DDSaptagiri.in@SD,,,,https://xstreamcp-assets-msp.streamready.in/assets/LIVETV/LIVECHANNEL/LIVETV_LIVETVCHANNEL_DD_SAPTAGIRI/images/LOGO_HD/image.png,General,,iptv-org-all.txt,213,200
Claro Televisión Dominicana (360p),https://streamunoapp.com:3960/live/claroteledomlive.m3u8,,,,ClaroTelevisionDominicana.do@SD,,,,https://i.imgur.com/fJD7OxB.png,General,,iptv-org-all.txt,1012,200
Capital 21 (1080p) [Not 24/7],https://video.cdmx.gob.mx/redes/stream.m3u8,,,,Capital21.mx@SD,,,,https://i.imgur.com/8ign49i.png,Culture;Entertainment,,iptv-org-all.txt,965,200
Canal Catorce (1080p) [Not 24/7],https://stream.haislin.com/14tv/index.m3u8,,,,CanalCatorce.do@SD,,,,https://i.imgur.com/iKLGBbA.png,General,,iptv-org-all.txt,928,200
Class CNBC (1080p) [Geo-blocked],https://amg14891-amg14891c5-amgplt0020.playout.now3.amagi.tv/playlist.m3u8,,,,ClassCNBC.it@SD,,,,https://upload.wikimedia.org/wikipedia/commons/thumb/8/8d/Class_CNBC_2026.svg/960px-Class_CNBC_2026.svg.png,Business,,iptv-org-all.txt,898,200
Canal 7 (720p),https://d1zq2gydd8y59v.cloudfront.net/ts:abr.m3u8,,,,Canal7.gt@SD,,,,https://i.imgur.com/yVhUkot.png,General,,iptv-org-all.txt,586,403
Conexão TV (720p),https://5a57bda70564a.streamlock.net/conexaotv/conexaotv.sdp/playlist.m3u8,,,,ConexaoTV.br@SD,,,,https://i.imgur.com/CJ9SPsZ.png,General,,iptv-org-all.txt,722,403
Canal 7 Salta (1080p),https://vivo.solumedia.com:19360/cooperativa/cooperativa.m3u8,,,,Canal7Salta.ar@SD,,,,https://i.imgur.com/CudG6sl.png,Undefined,,iptv-org-all.txt,27,200
Conecta Mais TV (720p),https://adylnet.streampool.net/10324/live/hls/Conecta/index.m3u8,,,,ConectaMaisTV.br@SD,,,,https://i.imgur.com/qHwTWlz.png,Entertainment,,iptv-org-all.txt,1230,200
Dialogo La Red Educativa (720p),https://twitch-m3u8.bastypro112.workers.dev/dialogolarededucativacbba/index.m3u8,,,,DialogoLaRedEducativa.bo@SD,,,,https://dialogolarededucativa.com/wp-content/uploads/2024/02/cropped-cropped-314708081_105832265676231_8790041320160213071_n.jpg,General,,iptv-org-all.txt,3731,200
Congreso de los Diputados 1 (360p) [Not 24/7],https://congresodirecto.akamaized.net/hls/live/2038274/canal1/master.m3u8,,,,CongresodelosDiputados1.es@SD,,,,https://i.imgur.com/3Qxpe72.png,Legislative,,iptv-org-all.txt,351,200
Canal 6 Panadish (720p),https://stream.meteorito.cloud:1947/canal6/smil:canal6.smil/playlist.m3u8,,,,Canal6Panadish.gt@SD,,,,https://i.imgur.com/KJWNPiz.jpg,General,,iptv-org-all.txt,955,200
Canal 6 Viento Recio,https://stmvideo6.livecastv.com/vientorecio/vientorecio/playlist.m3u8,,,,Canal6VientoRecio.ar@SD,,,,https://i.imgur.com/liyTNzK.png,Religious,,iptv-org-all.txt,680,200
Chef Champion (720p) [Not 24/7],https://rpn.bozztv.com/gusa/gusa-chefchampion/index.m3u8,,,,ChefChampion.us@SD,,,,https://i.imgur.com/15a9pG9.png,Cooking,,iptv-org-all.txt,19,200
Canal 7 Santiago del Estero (720p),https://stream.arcast.com.ar/envivo/castv/playlist.m3u8,,,,Canal7TV.ar@SD,,,,https://i.imgur.com/iJMH0UK.png,Undefined,,iptv-org-all.txt,7,200
Cheddar News (1080p),https://hls.livecdn.io/cheddar.com/cheddar/playlist.m3u8,,,,CheddarNews.us@SD,,,,https://i.imgur.com/tuP9GW8.png,News,,iptv-org-all.txt,815,200
Disha TV (396p),https://d1msejlow1t3l4.cloudfront.net/fta/dishatv/playlist.m3u8,,,,DishaTV.in@SD,,,,https://jiotvimages.cdn.jio.com/dare_images/images/Disha_tv.png,Undefined,,iptv-org-all.txt,882,200
DD Sports SD (1080p),https://d3qs3d2rkhfqrt.cloudfront.net/out/v1/b17adfe543354fdd8d189b110617cddd/index.m3u8,,,,DDSports.in@SD,,,,https://dtil.tmsimg.com/assets/s158255_ld_h15_aa.png?lock=720x540,Sports,,iptv-org-all.txt,241,200
Cheers + Frasier,https://jmp2.uk/plu-66ba495ffe11e5000881f049.m3u8,,,,CheersPlusFrasier.us@SD,,,,https://images.pluto.tv/channels/66ba495ffe11e5000881f049/colorLogoPNG.png,Comedy,,iptv-org-all.txt,191,200
Canal Alpha Neuchatel (1080p) [Not 24/7],https://canalalpha.vedge.infomaniak.com/livecast/ik:canalalpha/playlist.m3u8,,,,CanalAlphaNeuchatel.ch@SD,,,,https://i.imgur.com/eQ8xHK9.jpg,Undefined,,iptv-org-all.txt,1394,200
Cheers,https://jmp2.uk/plu-62bdb7f0db2eb30007376d4d.m3u8,,,,Cheers.us@CA,,,,https://images.pluto.tv/channels/62bdb7f0db2eb30007376d4d/colorLogoPNG.png,Series,,iptv-org-all.txt,329,200
Classic TV Comedy,https://jmp2.uk/plu-5f15e32b297f96000768f928.m3u8,,,,ClassicTVComedy.us@SD,,,,https://i.imgur.com/wg5I5Fb.png,Comedy,,iptv-org-all.txt,78,200
CTV35,https://vdochile.com:3697/live/ctv35live.m3u8,,,,CTV35.cl@SD,,,,https://i.imgur.com/AIbkWj6.png,General,,iptv-org-all.txt,807,403
Cape Town TV (576p),https://cdn.freevisiontv.co.za/sttv/smil:ctv.stream.smil/playlist.m3u8,,,,CapeTownTV.za@SD,,,,https://i.imgur.com/Y8FK1Kk.png,General,,iptv-org-all.txt,1253,200
Car Chase (720p),https://jmp2.uk/plu-65244c403fd33c0008ffff31.m3u8,,,,CarChase.us@SD,,,,https://images.pluto.tv/channels/65244c403fd33c0008ffff31/colorLogoPNG.png,Entertainment,,iptv-org-all.txt,112,200
Capricho TV (720p) [Not 24/7],https://video.compuwebecuador.com:3783/live/caprichotvlive.m3u8,,,,CaprichoTV.ec@SD,,,,https://i.imgur.com/eUoj9bG.png,General,,iptv-org-all.txt,675,200
Conexion Positiva Television,https://tvstream.conexionpositivaradio.com/memfs/69239c4d-4116-4f4f-b065-bf17e81b1411.m3u8,,,,ConexionPositivaTelevision.cr@HD,,,,https://i.ibb.co/HSSyRDs/conexion-positiva.png,Religious,,iptv-org-all.txt,745,200
DD Tamil HD (1080p),https://d2lk5u59tns74c.cloudfront.net/out/v1/abf46b14847e45499f4a47f3a9afe93d/index.m3u8,,,,DDTamil.in@HD,,,,https://xstreamcp-assets-msp.streamready.in/assets/LIVETV/LIVECHANNEL/LIVETV_LIVETVCHANNEL_DD_TAMIL/images/LOGO_HD/image.png,General,,iptv-org-all.txt,216,200
ConstanzaTV (1080p) [Not 24/7],https://live20.bozztv.com/akamaissh101/ssh101/ctv8hd/playlist.m3u8,,,,ConstanzaTV.do@SD,,,,https://i.imgur.com/4uV90gw.png,General,,iptv-org-all.txt,23,200
CCI Channel (1080p),https://livestream.mediacci.com/ccitv/index.m3u8,,,,CCIChannel.hn@SD,,,,https://i.imgur.com/c6hm03f.png,Religious,,iptv-org-all.txt,464,200
Congreso de los Diputados 3 (360p) [Not 24/7],https://congresodirecto.akamaized.net/hls/live/2038276/canal3/master.m3u8,,,,CongresodelosDiputados3.es@SD,,,,https://i.imgur.com/2LAzcH8.jpg,Legislative,,iptv-org-all.txt,298,200
Congreso de los Diputados 2 (360p) [Not 24/7],https://congresodirecto.akamaized.net/hls/live/2038275/canal2/master.m3u8,,,,CongresodelosDiputados2.es@SD,,,,https://i.imgur.com/ffN2LE3.png,Legislative,,iptv-org-all.txt,436,200
Claro Visión TV (720p),https://streamunoapp.com:3057/live/clarovisiontvlive.m3u8,,,,ClaroVisionTV.do@SD,,,,https://i.imgur.com/MpTgJMJ.png,Entertainment,,iptv-org-all.txt,1245,200
Classic Movies Channel,https://jmp2.uk/plu-561c5b0dada51f8004c4d855.m3u8,,,,ClassicMoviesChannel.us@SD,,,,https://i.imgur.com/pQJxov2.png,Movies,,iptv-org-all.txt,587,200
DD Tripura (504p),https://d3qs3d2rkhfqrt.cloudfront.net/out/v1/52b998e9510d41c29ad2ceca8ea3d849/index.m3u8,,,,DDTripura.in@SD,,,,https://xstreamcp-assets-msp.streamready.in/assets/LIVETV/LIVECHANNEL/LIVETV_LIVETVCHANNEL_DD_TRIPURA/images/LOGO_HD/image.png,General,,iptv-org-all.txt,231,200
DD News (576p),https://streams.tangotv.in/DDNEWS/ORIGIN/index.m3u8,,,,DDNews.in@SD,,,,https://ltsk-cdn.s3.eu-west-1.amazonaws.com/jumpstart/Temp_Live/cdn/HLS/Channel/transparentImages/DD%20News%20HD.png,News,,iptv-org-all.txt,1333,200
Cultura 24,https://www.opencaster.com/resources/hls_stream/cultura24.m3u8,,,,Cultura24.pe@SD,,,,https://i.imgur.com/h0LxXsx.png,Culture,,iptv-org-all.txt,485,200
DD Urdu (720p),https://cdn.pishow.tv/ott/live/8/master.m3u8,,,,DDUrdu.in@SD,,,,https://xstreamcp-assets-msp.streamready.in/assets/LIVETV/LIVECHANNEL/LIVETV_LIVETVCHANNEL_DD_URDU/images/LOGO_HD/image.png,General,,iptv-org-all.txt,199,200
Capital TV,https://cdn4.mjunoon.tv:8087/streamtest/111M/chunks.m3u8,,,,CapitalTV.pk@SD,,,,https://i.imgur.com/UxAE5O4.png,News,,iptv-org-all.txt,1211,200
Classic TV Crime Drama,https://jmp2.uk/plu-61325c4f982acd000723287e.m3u8,,,,ClassicTVCrimeDrama.us@SD,,,,https://images.pluto.tv/channels/61325c4f982acd000723287e/colorLogoPNG.png,Classic,,iptv-org-all.txt,236,200
Chef Roc Show (720p) [Not 24/7],https://rpn.bozztv.com/gusa/gusa-chefrock/index.m3u8,,,,ChefRocShow.us@SD,,,,https://i.imgur.com/vhVnAzE.png,Cooking,,iptv-org-all.txt,237,200
Classic TV: Families,https://jmp2.uk/plu-61325d18f5166c00081b84e0.m3u8,,,,ClassicTVFamilies.us@US,,,,https://images.pluto.tv/channels/62e91af00c43540007f2bb43/colorLogoPNG.png,Classic,,iptv-org-all.txt,33,200
Congreso de los Diputados 4 (360p) [Not 24/7],https://congresodirecto.akamaized.net/hls/live/2038277/canal4/master.m3u8,,,,CongresodelosDiputados4.es@SD,,,,https://i.imgur.com/2LAzcH8.jpg,Legislative,,iptv-org-all.txt,303,200
Cultura Para (720p),http://170.84.165.204/CANAL_21_HD/index.m3u8,,,,CulturaPara.br@SD,,,,https://i.imgur.com/5jPEI5c.png,General,,iptv-org-all.txt,238,403
Car Chase (720p),https://jmp2.uk/plu-65a93be02fac9c00083cbac4.m3u8,,,,CarChase.se@SE,,,,https://images.pluto.tv/channels/65a93b0607e03a000895abda/colorLogoPNG.png,Series,,iptv-org-all.txt,336,200
CCTV-4 Europe,https://dash2.antik.sk/live/test_cctv_tizen/playlist.m3u8,,,,CCTV4Europe.cn@SD,,,,https://i.imgur.com/HGLFdfk.png,General,,iptv-org-all.txt,102,200
Cheers,https://jmp2.uk/plu-63e389dcc111bc0008ee5b8c.m3u8,,,,Cheers.se@NO,,,,https://images.pluto.tv/channels/642e9575af2bd900088527dd/colorLogoPNG.png,Comedy,,iptv-org-all.txt,707,200
Carac 1 (1080p),http://145.239.5.177/371/index.m3u8,,,,Carac1.ch@SD,,,,https://i.imgur.com/TSc35U6.png,Entertainment,,iptv-org-all.txt,119,403
CCTN 47 (1080p) [Not 24/7],http://122.55.252.134:8443/live/bba5b536faeacb9b56a3239f1ee8e3b3/1.m3u8,,,,CCTN47.ph@SD,,,,https://i.imgur.com/IFpAmvW.png,Religious,,iptv-org-all.txt,485,200
DD Uttar Pradesh (720p),https://cdn.pishow.tv/ott/live/36/master.m3u8,,,,DDUttarPradesh.in@SD,,,,https://dtil.tmsimg.com/assets/s142807_ld_h9_ab.png?lock=720x540,General,,iptv-org-all.txt,199,200
Chef TV (720p),http://168.197.104.22/CHEF_TV/index.m3u8,,,,ChefTV.br@SD,,,,https://i.imgur.com/UYksTee.png,Cooking,,iptv-org-all.txt,249,200
Canal Congreso (1080p),http://138.121.15.230:9002/CANAL-CONGRESO/index.m3u8,,,,CanalCongreso.co@SD,,,,https://i.imgur.com/3VnL8dp.png,Legislative,,iptv-org-all.txt,407,200
Canal Coín (1080p),https://canalcoin.garjim.es/hls/directo.m3u8,,,,CanalCoinTV.es@SD,,,,https://i.imgur.com/3QPJIpa.png,General,,iptv-org-all.txt,561,200
Cufo,https://digitalb-live.morescreens.com/DAL_1_005/playlist.m3u8?application_id=backoffice1&application_installation_id=1&authority_instance_id=spectar-prd-digitalb&detected_delivery_method=hls&id=DAL_1_005&playlist_template=nginx&profile_id=1&ps=94d0066599d8f74d1c090e93ac4617b6491d3629d2e2d770870fcef1f7effa25b204aa53b3821da5e9e65bee8e94331bcae2cb344d0739ca3a938b4ef2051cc8&subscriber_id=1&token=142cda7d50870275a9ca7988ff001b32ab30709b&uuid=backoffice1&vh=7ab82e63aae8510c6b37ea16da502e54e441a5a1a88bce0c8ed63da99bce948d86253d64ae00424dda8b9c8b6e2cd0f6cd79d8b0a56e10759210cdf4f6761d11&video_id=12498,,,,Cufo.al@SD,,,,https://i.imgur.com/GbBHtwD.png,Kids,,iptv-org-all.txt,735,403
Congreso de los Diputados 5 (360p) [Not 24/7],https://congresodirecto.akamaized.net/hls/live/2038278/canal5/master.m3u8,,,,CongresodelosDiputados5.es@SD,,,,https://i.imgur.com/2LAzcH8.jpg,Legislative,,iptv-org-all.txt,353,200
Canal 7 Talanga Vision (720p),https://amixtv.com:8081/talangavision/index.m3u8,,,,Canal7TalangaVision.hn@SD,,,,https://i.ibb.co/0cqcyz4/Logo-2020-azul-El-lider-de-la-zona.png,General,,iptv-org-all.txt,346,200
Contivision (720p),https://unlimited6-cl.dps.live/cm/cm.smil/playlist.m3u8,,,,Contivision.cl@SD,,,,https://i.imgur.com/Lz2OlKf.png,News,,iptv-org-all.txt,165,200
DD Uttarakhand (720p),https://cdn.pishow.tv/ott/live/17/master.m3u8,,,,DDUttarakhand.in@SD,,,,https://dtil.tmsimg.com/assets/s142809_ld_h15_aa.png?lock=720x540,General,,iptv-org-all.txt,199,200
Classic Arts Showcase (720p),https://classicarts.akamaized.net/hls/live/1024257/CAS/master.m3u8,,,,ClassicArtsShowcase.us@SD,,,,https://i.imgur.com/M6FFkc3.png,Culture;Education,,iptv-org-all.txt,1208,200
Car Chase (720p),https://jmp2.uk/plu-65a93b0607e03a000895abda.m3u8,,,,CarChase.se@DK,,,,https://images.pluto.tv/channels/65a93b0607e03a000895abda/colorLogoPNG.png,Series,,iptv-org-all.txt,781,200
Canal 1 (720p) [Not 24/7],https://vid.canal1cr.com:3424/multi_live/play_720.m3u8,,,,Canal1.cr@SD,,,,https://i.ibb.co/KhNS8Dy/cropped-logoo-1.png,General,,iptv-org-all.txt,1177,200
Canal de la Fe (720p),https://cdn-cloudfront.us-east-1.prod.ingest.aws-infra.dacast.com/live/dad6a736-9efb-40ce-89b6-81d1d54f92bd/master.m3u8,,,,CanaldelaFe.us@SD,,,,https://i.imgur.com/n3FffgF.png,Religious,,iptv-org-all.txt,433,200
Classic TV,https://clshls.wns.live/hls/stream.m3u8,,,,ClassicTV.ir@SD,,,,,Classic,,iptv-org-all.txt,689,200
Car City Adventures,https://d39g1vxj2ef6in.cloudfront.net/v1/master/3fec3e5cac39a52b2132f9c66c83dae043dc17d4/prod-rakuten-stitched/master.m3u8?ads.xumo_channelId=88883095,,,,CarCityAdventures.pl@SD,,,,https://images-0.rakuten.tv/storage/global-live-channel/translation/artwork/bd356b80-79d9-46ff-9674-e69aaf10022f-width200-quality90.jpeg,Undefined,,iptv-org-all.txt,502,200
Car Chase (720p),https://jmp2.uk/plu-65a93b870c7ff50008d1ca47.m3u8,,,,CarChase.se@NO,,,,https://images.pluto.tv/channels/65a93b0607e03a000895abda/colorLogoPNG.png,Series,,iptv-org-all.txt,770,200
Cao Bằng TV (720p),https://stream.thingnet.vn/live/smil:CRTV.smil/chunklist.m3u8,,,,CaoBangTV.vn@SD,,,,https://i.imgur.com/dGonewm.png,General,,iptv-org-all.txt,2212,200
CCTV-4 America (1080p),https://global.cgtn.cicc.media.caton.cloud/master/cgtn-america.m3u8,,,,CCTV4America.cn@SD,,,,https://i.imgur.com/gBbLyqh.png,General,,iptv-org-all.txt,641,200
Canal 8 (720p) [Not 24/7],https://mdstrm.com/live-stream-playlist/5a7b1e63a8da282c34d65445.m3u8,,,,Canal8.cr@SD,,,,https://i.imgur.com/nefPi2Y.png,General,,iptv-org-all.txt,559,200
Curiosity Now (1080p),https://amg00170-amg00170c4-samsung-gb-4232.playouts.now.amagi.tv/playlist.m3u8,,,,CuriosityNOW.de@EN,,,,https://i.imgur.com/gJ9eMaG.png,Documentary,,iptv-org-all.txt,489,200
Cultura Fast (720p),https://fpa-gateway.tvcultura.com.br:8181/memfs/606caef0-a290-413d-9f1f-8fcdb3a73831.m3u8,,,,CulturaFast.br@SD,,,,https://eitv6.cdn.broadpeak.io/account351-i1438/channel/53/quadrada_-3-_pequeno-1723832301.png,General,,iptv-org-all.txt,862,200
CTVN AKD Plus (1080p),https://live.legitpro.co.in/ctvnakdplus/index.m3u8,,,,CTVNAKDPlus.in@SD,,,,https://dtil.tmsimg.com/assets/s142754_ld_h15_aa.png?lock=720x540,News,,iptv-org-all.txt,1253,200
Capital TV HD HD,https://streaming.tvnepal.com:19360/capitaltv/720p.m3u8,,,,CapitalTVHD.np@HD,,,,https://i.imgur.com/hb4bq1t.png,General,,iptv-org-all.txt,1462,200
Capital TV (1080p),https://streaming.tvnepal.com:19360/capitaltv/capitaltv.m3u8,,,,CapitalTVHD.np@SD,,,,https://i.imgur.com/hb4bq1t.png,General,,iptv-org-all.txt,1615,200
Canal 1 Mar Menor-Torre Pacheco (1080p),https://directo.tuwebtv.es/canal1.m3u8,,,,Canal1MarMenorTorrePacheco.es@SD,,,,https://i.imgur.com/MQOwCdZ.png,General;News,,iptv-org-all.txt,873,200
CJ OnStyle (540p),https://live-ch1.cjonstyle.net/cjmalllive/stream2/playlist.m3u8,,,,CJOnStyle.kr@SD,,,,https://i.imgur.com/JiSfEBv.png,Shop,,iptv-org-all.txt,2607,200
Cumbia Mix (720p),https://cloud.tvomix.com/CUMBIAMIX/index.m3u8,,,,CumbiaMix.ar@HD,,,,https://qtrypzzcjebvfcihiynt.supabase.co/storage/v1/object/public/base44-prod/public/6901dfd41a05195b77301d7b/b306e57e4_Logo-TV-C.png,Music,,iptv-org-all.txt,768,200
Canal Alpha Jura (1080p),https://canalalphaju.vedge.infomaniak.com/livecast/ik:canalalphaju/playlist.m3u8,,,,CanalAlphaJura.ch@SD,,,,https://i.imgur.com/eQ8xHK9.jpg,Undefined,,iptv-org-all.txt,2407,200
CBS Sports Golazo Network (720p),https://dai.google.com/linear/hls/event/7f3Wv6f7QEKfQna22jHqLQ/master.m3u8,,,,CBSSportsGolazoNetwork.us@SD,,,,https://i.imgur.com/eMjutHS.png,Sports,,iptv-org-all.txt,1630,200
Canal 1 Nuble,https://tls-cl.cdnz.cl/canal21tv/live/playlist.m3u8,,,,Canal1Nuble.cl@SD,,,,https://i.imgur.com/PGSixH5.png,General,,iptv-org-all.txt,838,200
Classic TV Drama,https://jmp2.uk/plu-5f15e3cccf49290007053c67.m3u8,,,,ClassicTVDrama.us@SD,,,,https://i.imgur.com/XHQxv0x.png,Classic,,iptv-org-all.txt,975,200
CJ OnStyle Plus (540p),https://live-ch2.cjonstyle.net/cjosplus/live2/playlist.m3u8,,,,CJOnStylePlus.kr@SD,,,,https://i.imgur.com/OYmOL20.png,Shop,,iptv-org-all.txt,2777,200
CCTV+ 1 (600p) [Not 24/7],https://cd-live-stream.news.cctvplus.com/live/smil:CHANNEL1.smil/playlist.m3u8,,,,CCTVPlus1.cn@SD,,,,https://i.imgur.com/U8d4Is6.png,News,,iptv-org-all.txt,1191,200
CCTV+ 2 (600p) [Not 24/7],https://cd-live-stream.news.cctvplus.com/live/smil:CHANNEL2.smil/playlist.m3u8,,,,CCTVPlus2.cn@SD,,,,https://i.imgur.com/qSg862A.png,News,,iptv-org-all.txt,1149,200
Cheksiz TV,https://fl.biztv.media/cheksiz_tv_480_unif7hujidth7f4du83jrhuid3k94j8hfj8d93eubych8eju93n4ubt/tracks-v1a1/mono.m3u8,,,,CheksizTV.uz@SD,,,,https://i.imgur.com/f7hHmmR.jpeg,Entertainment,,iptv-org-all.txt,1528,200
CTV19 (720p),https://twitch-m3u8.bastypro112.workers.dev/ctv19live/index.m3u8,,,,CTV19.gy@SD,,,,https://i.imgur.com/qkd2m24.png,General,,iptv-org-all.txt,2809,200
Charoen Cable 37 TV,http://www5.cabletv.co.th/StreamToCTV/cablechannel/playlist.m3u8,,,,CharoenCable37TV.th@SD,,,,https://www.cabletv.co.th/wp-content/uploads/2023/01/Artboard-3.png,General,,iptv-org-all.txt,3802,200
CTV 9 (1080p),http://43.252.18.195:5080/live/streams/ctv9_hd_playlist.m3u8,,,,CTV9.kh@SD,,,,https://i.imgur.com/jgVJt2G.png,Undefined,,iptv-org-all.txt,4251,200
