频道名,地址,回播地址,回播类型,回播天数,tvg-id,tvg-name,国家分组,语言分组,图标,原分组,分辨率,来源文件,检测时间,状态码
MLB Strike Zone (720p),http://23.237.104.106:8080/USA_MLB_STRIKE_ZONE/index.m3u8,,,,MLBStrikeZone.us@SD,,,,https://i.imgur.com/uMI1ySO.png,Sports,,iptv-org-all.txt,107,200
MSG (720p),http://23.237.104.106:8080/USA_MSG/index.m3u8,,,,MSG.us@SD,,,,https://i.imgur.com/SEQFh0P.png,Sports,,iptv-org-all.txt,115,200
MST3K (1080p),https://mst3k-roku.amagi.tv/playlist.m3u8,,,,MST3K.us@US,,,,https://i.imgur.com/2LSdcga.png,Series,,iptv-org-all.txt,131,200
Maverick Black Cinema (1080p),https://maverick-maverick-black-cinema-3-us.roku.wurl.tv/playlist.m3u8,,,,MaverickBlackCinema.us@SD,,,,https://images.fubo.tv/station_logos/maverick_black_cinema_c.png,Movies,,iptv-org-all.txt,229,200
MSTV (1080p),https://reflect-mcsb-vod.cablecast.tv/live-16/live/live.m3u8,,,,MSTV.us@SD,,,,https://i.imgur.com/x0lJqSp.png,Education,,iptv-org-all.txt,250,403
Nosey (1080p),https://nosey-intl-1-samsungau.amagi.tv/playlist.m3u8,,,,Nosey.us@US,,,,https://i.imgur.com/i5doCQK.png,Series,,iptv-org-all.txt,311,200
Nashe HD (1080p),http://str2.iptvhd.ru:8080/Nashe_HD/index.m3u8,,,,Nashe.ru@HD,,,,https://i.imgur.com/KO8dhi9.png,Movies;Series,,iptv-org-all.txt,315,200
Mixkurdy (1080p),https://avr.host247.net/live/Mix-kurdy/playlist.m3u8,,,,Mixkurdy.iq@HD,,,,https://i.imgur.com/WHeH5i7.png,Family,,iptv-org-all.txt,333,200
Mercy TV (Sierra Leone),https://cdn-cloudfront.eu-central-1.prod.ingest.aws-infra.dacast.com/live/bff8bd53-ee89-2c76-6a51-95a0003f7d96/master.m3u8,,,,MercyTV.sl@SD,,,,https://i.imgur.com/YPAM74x.jpeg,Religious,,iptv-org-all.txt,341,200
Mercy and Truth Ministries Television (720p),https://angel.btbn.tv:5443/mtmtv/streams/live.m3u8,,,,MercyandTruthMinistriesTelevision.jm@SD,,,,https://i.imgur.com/krcVhrx.png,Religious,,iptv-org-all.txt,386,200
Nortevision (1080p),http://amaru.dyndns.org:8870/0.m3u8,,,,Nortevision.es@SD,,,,https://i.imgur.com/C5SYw7B.png,Undefined,,iptv-org-all.txt,444,200
Nexxo TV,https://5790d294af2dc.streamlock.net/Nexxo/Nexxo/playlist.m3u8,,,,NexxoTV.do@SD,,,,https://i.imgur.com/2OpCxa6.png,General,,iptv-org-all.txt,451,200
MAX Anime (1080p),https://cdnlive.klicgo.net/maxanime/live/playlist.m3u8,,,,MAXAnime.ve@SD,,,,https://i.imgur.com/Oj3hEBh.jpg,Animation,,iptv-org-all.txt,460,200
Meridiano TV (576p),http://181.78.8.199:8000/play/a0fr/index.m3u8,,,,MeridianoTV.ve@SD,,,,https://i.imgur.com/I6gsUqD.png,Sports,,iptv-org-all.txt,515,200
Merit Street (1080p),https://d9069ugodwkju.cloudfront.net/Merit_Street.m3u8,,,,MeritStreet.us@SD,,,,https://static.wikia.nocookie.net/logopedia/images/1/1d/Merit_Street_Media_2024_1.svg/revision/latest/scale-to-width-down/512,Entertainment,,iptv-org-all.txt,516,200
NDTV 24x7 (720p),https://raw.githubusercontent.com/amazeyourself/adaptive-streams/refs/heads/main/streams/in/YuppTV/NDTV24x7.m3u8,,,,NDTV24x7.in@SD,,,,https://dtil.tmsimg.com/assets/s154895_ld_h15_aa.png?lock=720x540,News,,iptv-org-all.txt,519,200
NDTV India (720p),https://raw.githubusercontent.com/amazeyourself/adaptive-streams/refs/heads/main/streams/in/YuppTV/NDTVIndia.m3u8,,,,NDTVIndia.in@SD,,,,https://xstreamcp-assets-msp.streamready.in/assets/LIVETV/LIVECHANNEL/LIVETV_LIVETVCHANNEL_NDTV_INDIA/images/LOGO_HD/image.png,News,,iptv-org-all.txt,542,200
MTA2 Europe (720p),https://chlivemta1.akamaized.net/hls/live/2008145/mta2/playlist.m3u8,,,,MTA2Europe.uk@SD,,,,https://i.imgur.com/aVts0sz.png,Religious,,iptv-org-all.txt,546,200
MTA1 World (720p),https://chlivemta1.akamaized.net/hls/live/2008145/mta1/playlist.m3u8,,,,MTA1World.uk@SD,,,,https://i.imgur.com/bYiRfAg.png,Religious,,iptv-org-all.txt,596,200
MTV Volgograd (720p) [Not 24/7],http://hls.volgograd1vtv.cdnvideo.ru/volgograd1vtv/volgograd1vtv.sdp/playlist.m3u8,,,,MTVVolgograd.ru@SD,,,,https://i.imgur.com/pdCAUrP.png,General,,iptv-org-all.txt,635,200
Nashe muzhskoe HD (1080p),http://stream.mcquack.net/362/index.m3u8,,,,Nashemuzhskoe.ru@HD,,,,https://i.imgur.com/QRWKpmb.png,Movies,,iptv-org-all.txt,646,200
Matribhumi TV (720p),http://live.playmax.live/matribhumi/index.m3u8,,,,MatribhumiTV.bd@HD,,,,https://www.jagobd.com/wp-content/uploads/2024/10/matribhumi.jpg,Undefined,,iptv-org-all.txt,743,200
Multimedios Ciudad Juarez (720p) [Not 24/7],https://mdstrm.com/live-stream-playlist/5d9e440d675235586a92be7f.m3u8,,,,MultimediosCiudadJuarez.mx@SD,,,,https://i.imgur.com/4IGzNdq.png,General,,iptv-org-all.txt,718,403
Multimedios Guadalajara (720p) [Not 24/7],https://mdstrm.com/live-stream-playlist/5c54d38ca392a5119bb0aa0d.m3u8,,,,MultimediosGuadalajara.mx@SD,,,,https://i.imgur.com/4IGzNdq.png,General,,iptv-org-all.txt,477,403
Multimedios Laguna (720p) [Not 24/7],https://mdstrm.com/live-stream-playlist/57bf686a61ff39e1085d43e1.m3u8,,,,MultimediosLaguna.mx@SD,,,,https://i.imgur.com/4IGzNdq.png,General,,iptv-org-all.txt,209,403
Multimedios CDMX (720p) [Not 24/7],https://mdstrm.com/live-stream-playlist/5f2d9d6ff17144074bd8a284.m3u8,,,,MultimediosCDMX.mx@SD,,,,https://i.imgur.com/4IGzNdq.png,General,,iptv-org-all.txt,724,403
Multimedios Bajio (720p) [Not 24/7],https://mdstrm.com/live-stream-playlist/5d4b0fec848918070128c8cb.m3u8,,,,MultimediosBajio.mx@SD,,,,https://i.imgur.com/4IGzNdq.png,General,,iptv-org-all.txt,726,403
Multimedios Monterrey (720p) [Not 24/7],https://mdstrm.com/live-stream-playlist/57b4dbf5dbbfc8f16bb63ce1.m3u8,,,,MultimediosMonterrey.mx@SD,,,,https://i.imgur.com/4IGzNdq.png,General,,iptv-org-all.txt,15,403
NDTV Good Times (1080p),https://amg01448-samsungin-ndtvgoodtimes-samsungin-ad-gp.amagi.tv/playlist/amg01448-samsungin-ndtvgoodtimes-samsungin/playlist.m3u8,,,,NDTVGoodTimes.in@SD,,,,https://xstreamcp-assets-msp.streamready.in/assets/LIVETV/LIVECHANNEL/LIVETV_LIVETVCHANNEL_GOOD_TIMES/images/LOGO_HD/image.png,Lifestyle,,iptv-org-all.txt,821,200
NDR Fernsehen Schleswig Holstein (720p),https://mcdn.ndr.de/ndr/hls/ndr_fs/ndr_sh/master.m3u8,,,,NDRFernsehen.de@SchleswigHolstein,,,,https://upload.wikimedia.org/wikipedia/commons/thumb/e/e9/Logo_NDR_Fernsehen_2017.svg/960px-Logo_NDR_Fernsehen_2017.svg.png,General,,iptv-org-all.txt,847,200
NDR Fernsehen (720p),https://mcdn.ndr.de/ndr/hls/ndr_fs/ndr_hh/master.m3u8,,,,NDRFernsehen.de@Hamburg,,,,https://upload.wikimedia.org/wikipedia/commons/thumb/e/e9/Logo_NDR_Fernsehen_2017.svg/960px-Logo_NDR_Fernsehen_2017.svg.png,General,,iptv-org-all.txt,851,200
NDR Fernsehen Niedersachsen (720p),https://mcdn.ndr.de/ndr/hls/ndr_fs/ndr_nds/master.m3u8,,,,NDRFernsehen.de@Niedersachsen,,,,https://upload.wikimedia.org/wikipedia/commons/thumb/e/e9/Logo_NDR_Fernsehen_2017.svg/960px-Logo_NDR_Fernsehen_2017.svg.png,General,,iptv-org-all.txt,849,200
NDR Fernsehen Mecklenburg Vorpommern (720p),https://mcdn.ndr.de/ndr/hls/ndr_fs/ndr_mv/master.m3u8,,,,NDRFernsehen.de@MecklenburgVorpommern,,,,https://upload.wikimedia.org/wikipedia/commons/thumb/e/e9/Logo_NDR_Fernsehen_2017.svg/960px-Logo_NDR_Fernsehen_2017.svg.png,General,,iptv-org-all.txt,850,200
Nashua ETV (720p),https://livestream.telvue.com/nashuanh2/f7b44cfafd5c52223d5498196c8a2e7b.sdp/playlist.m3u8,,,,NashuaETV.us@SD,,,,https://i.imgur.com/iv9Vfcb.png,Education,,iptv-org-all.txt,847,200
NDR Fernsehen International (720p),https://ndrint.akamaized.net/hls/live/2020766/ndr_int/index.m3u8,,,,NDRFernsehenInternational.de@SD,,,,https://upload.wikimedia.org/wikipedia/commons/thumb/e/e9/Logo_NDR_Fernsehen_2017.svg/960px-Logo_NDR_Fernsehen_2017.svg.png,General,,iptv-org-all.txt,849,200
Multimedios Puebla (720p) [Not 24/7],https://mdstrm.com/live-stream-playlist/5d56ed29c92dd106ff01543b.m3u8,,,,MultimediosPuebla.mx@SD,,,,https://i.imgur.com/4IGzNdq.png,General,,iptv-org-all.txt,18,403
Natick Government Channel (720p),https://livestream.telvue.com/natickpegasus3/f7b44cfafd5c52223d5498196c8a2e7b.sdp/playlist.m3u8,,,,NatickGovernmentChannel.us@SD,,,,https://i.imgur.com/eA2WSXa.png,Legislative,,iptv-org-all.txt,366,200
MTA7 Asia (1080p),https://livemtaasia.akamaized.net/hls/live/2039224/mtaasia2/playlist.m3u8,,,,MTA7Asia.uk@SD,,,,https://i.imgur.com/3Nl8Tpu.png,Religious,,iptv-org-all.txt,884,200
NASHE Music (720p),https://cdn15.live-tv.cloud/ua_infinitas_tv/nashemus-abr/playlist.m3u8,,,,NASHEMusic.ua@SD,,,,https://i.imgur.com/ienkbOc.png,Music,,iptv-org-all.txt,890,200
Natick Education Channel (720p),https://livestream.telvue.com/natickpegasus1/f7b44cfafd5c52223d5498196c8a2e7b.sdp/playlist.m3u8,,,,NatickEducationChannel.us@SD,,,,https://i.imgur.com/VKU9qwy.png,Education,,iptv-org-all.txt,583,200
MTA6 Asia (1080p),https://livemtaasia.akamaized.net/hls/live/2039224/mta6asia/playlist.m3u8,,,,MTA6Asia.uk@SD,,,,https://i.imgur.com/nhCNPJI.png,Religious,,iptv-org-all.txt,892,200
Natick Public Access Channel (720p),https://livestream.telvue.com/natickpegasus2/f7b44cfafd5c52223d5498196c8a2e7b.sdp/playlist.m3u8,,,,NatickPublicAccessChannel.us@SD,,,,https://i.imgur.com/G4a3gW0.png,General,,iptv-org-all.txt,171,200
Multimedios Saltillo (720p) [Not 24/7],https://mdstrm.com/live-stream-playlist/5d5d51a4e9a40e25f4a0332c.m3u8,,,,MultimediosSaltillo.mx@SD,,,,https://i.imgur.com/4IGzNdq.png,General,,iptv-org-all.txt,15,403
NosTV Bonaire 2,https://stream2.nostvbonaire.com/hls/0/stream.m3u8,,,,NosTVBonaire2.bq@SD,,,,https://i.imgur.com/9pQdGw1.png,General,,iptv-org-all.txt,914,200
Max TV (1080p),https://cdn.katapy.io/cache/stream/katapytv/dieu/playlist.m3u8,,,,MaxTV.ch@SD,,,,https://i.imgur.com/13PjEk8.png,General,,iptv-org-all.txt,923,200
NOST (720p),https://a-cdn.klowdtv.com/live2/nost_720p/playlist.m3u8,,,,NOST.us@SD,,,,https://upload.wikimedia.org/wikipedia/commons/thumb/5/59/NOST-1080x1080.jpg/250px-NOST-1080x1080.jpg,Movies,,iptv-org-all.txt,944,200
ML5 TV (480p),https://ms7.mx-cd.net/dtv-02/204-1147034/3ML_TV.smil/playlist.m3u8,,,,ML5TV.nl@SD,,,,https://i.imgur.com/knjHdei.png,General,,iptv-org-all.txt,983,200
MK Six (576p),https://mumt06.tangotv.in/qYyB8fXVMKSIX/index.m3u8,,,,MKSix.in@SD,,,,https://jiotvimages.cdn.jio.com/dare_images/images/MK_Six.png,Entertainment,,iptv-org-all.txt,1004,200
Nexus TV (576p),https://tvsen6.aynaott.com/Epm7WrFa/index.m3u8,,,,NexusTV.bd@SD,,,,https://i.imgur.com/XcJZKg4.png,General,,iptv-org-all.txt,1021,200
NAT TV (1080p),https://livefta.malimarcdn.com/ftaedge00/nat.sdp/playlist.m3u8,,,,NATTV.us@SD,,,,https://i.imgur.com/a7tNaD5.png,General,,iptv-org-all.txt,1060,200
Multilandia (576p),https://fs.uplink.kz/multilandia/mono.m3u8?token=onlinetv,,,,Multilandia.ru@SD,,,,https://i.imgur.com/ccwijY0.png,Kids,,iptv-org-all.txt,1098,200
Mult International (576p),https://fs.uplink.kz/mult/mono.m3u8?token=onlinetv,,,,Mult.ru@International,,,,https://i.imgur.com/xi351Fx.png,Kids,,iptv-org-all.txt,1103,200
MaviKaradeniz TV (1080p) [Not 24/7],https://live.artidijitalmedya.com/artidijital_mavikaradeniz/mavikaradeniz/playlist.m3u8,,,,MaviKaradenizTV.tr@SD,,,,https://i.imgur.com/wyWappU.png,General,,iptv-org-all.txt,1109,200
Next HD (480p),https://live.enhdtv.com:19360/nexthd/nexthd.m3u8,,,,NextHD.py@SD,,,,https://i.imgur.com/c2rF3SS.png,Movies;Music,,iptv-org-all.txt,1117,200
Noticias 16 (720p) [Not 24/7],https://edge.essastream.com/noticias16/playlist.m3u8,,,,Noticias16.do@SD,,,,,News,,iptv-org-all.txt,1149,200
NDTV Rajasthan (1080p),https://ndtvregional.akamaized.net/hls/live/2102726-b/ndtvraj/master_1.m3u8,,,,NDTVRajasthan.in@SD,,,,https://xstreamcp-assets-msp.streamready.in/assets/LIVETV/LIVECHANNEL/LIVETV_LIVETVCHANNEL_NDTV_RAJASTHAN/images/LOGO_HD/image.png,News,,iptv-org-all.txt,639,200
MerweTV (720p),https://d2ycaxub5x98iw.cloudfront.net/nlpo/clr-nlpo/merwetv/index.m3u8,,,,MerweTV.nl@SD,,,,https://i.imgur.com/JjB7U1q.png,General,,iptv-org-all.txt,1089,200
Mercy TV (India) (1080p),https://5dd3981940faa.streamlock.net/mercytv/mercytv/playlist.m3u8,,,,MercyTV.in@SD,,,,https://i.imgur.com/klNH4tV.png,Religious,,iptv-org-all.txt,1235,200
Mtavari Arkhi,https://live20.bozztv.com/dvrfl05/gin-mtavariarxi/index.m3u8,,,,MtavariArkhi.ge@SD,,,,https://i.imgur.com/tLtGnJW.png,General,,iptv-org-all.txt,717,403
Nasul TV (720p) [Not 24/7],https://live.nasul.tv/live/stream.m3u8,,,,NasulTV.ro@SD,,,,https://i.imgur.com/MoguWme.png,General,,iptv-org-all.txt,1235,200
MTA4 Africa (1080p),https://chlivemta.akamaized.net/hls/live/2010555/mtaafrica1/playlist.m3u8,,,,MTA4Africa.uk@SD,,,,https://i.imgur.com/lmVeQQX.png,Religious,,iptv-org-all.txt,1261,200
MTA5 Africa (1080p),https://chlivemta.akamaized.net/hls/live/2010555/mtaafrica2/playlist.m3u8,,,,MTA5Africa.uk@SD,,,,https://i.imgur.com/9Cobb2i.png,Religious,,iptv-org-all.txt,1261,200
MTA3 Al-Arabia (1080p),https://chlivemta1.akamaized.net/hls/live/2010556/mta3alarabia/playlist.m3u8,,,,MTA3AlArabia.uk@SD,,,,https://i.imgur.com/m3PEldJ.png,Religious,,iptv-org-all.txt,1267,200
MTA8 America (1080p),https://chlivemta.akamaized.net/hls/live/2016718/mta8/playlist.m3u8,,,,MTA8America.uk@SD,,,,https://i.imgur.com/CF6X9wB.png,Religious,,iptv-org-all.txt,1045,200
Notele (576p) [Not 24/7],https://streaming01.divercom.be/notele_live/direct.stream/playlist.m3u8,,,,Notele.be@SD,,,,https://i.imgur.com/fGS55nR.png,General,,iptv-org-all.txt,1298,200
NDTV Profit (1080p),https://ndtvprofit.akamaized.net/hls/live/2107404/ndtvprofit/chunklist_5.m3u8,,,,NDTVProfit.in@SD,,,,https://xstreamcp-assets-msp.streamready.in/assets/LIVETV/LIVECHANNEL/LIVETV_LIVETVCHANNEL_NDTV_PROFIT_PRIME/images/LOGO_HD/image.png,Business,,iptv-org-all.txt,1041,200
Mesogeios TV (720p),https://rtmp.win:3793/live/mesogeiostvlive.m3u8,,,,MesogeiosTV.gr@SD,,,,https://i.imgur.com/KX5olay.png,General,,iptv-org-all.txt,995,500
Mazzika (576p),http://149.100.11.235:8080/Mazzika/index.m3u8,,,,Mazzika.eg@SD,,,,https://i.imgur.com/P7PUHIx.png,Music,,iptv-org-all.txt,195,200
MMTV (1080p),https://sendlive.online/hls/mmtv.m3u8,,,,MMTV.mv@SD,,,,https://i.imgur.com/21tpl5b.png,General,,iptv-org-all.txt,1527,200
MERU TV (720p) [Not 24/7],https://goliveafrica.media:9998/live/628e5c1991061/index.m3u8,,,,MERUTV.ke@SD,,,,https://i.imgur.com/EPmWNfz.jpg,General,,iptv-org-all.txt,1643,200
MTC,https://mtchls.wns.live/hls/stream.m3u8,,,,MTC.us@SD,,,,https://i.imgur.com/JxoAR4j.png,Undefined,,iptv-org-all.txt,946,200
Mnau TV (1080p),https://5ca49f2417d90.streamlock.net/mnau/livestream/playlist.m3u8,,,,MnauTV.cz@SD,,,,https://i.imgur.com/deVHJKS.png,Undefined,,iptv-org-all.txt,1549,200
NDTV Madhya Pradesh Chhattisgarh (1080p),https://ndtvregional.akamaized.net/hls/live/2102726-b/ndtvmpcg/master_1.m3u8,,,,NDTVMadhyaPradeshChhattisgarh.in@SD,,,,https://xstreamcp-assets-msp.streamready.in/assets/LIVETV/LIVECHANNEL/LIVETV_LIVETVCHANNEL_NDTV_MPCG/images/LOGO_HD/image.png,News,,iptv-org-all.txt,1682,200
NH BollyGold (1080p),https://0dc330e6408b4c3b9ac31fd37b121368.mediatailor.ap-south-1.amazonaws.com/v1/master/d367f9b863a7a04827f71ecab4cbeeb11f78a827/nh-bollygold-airtel/playlist.m3u8,,,,NHBollyGold.in@HD,,,,https://i.ibb.co/x9PsrMy/NH-BOLLYGOLD.png,Movies,,iptv-org-all.txt,1386,200
NuView TV (360p),https://viewmedia7219.bozztv.com/wmedia/viewmedia100/web_002/Stream/playlist.m3u8,,,,NuViewTV.za@SD,,,,https://i.imgur.com/dYRJ7F0.png,Entertainment,,iptv-org-all.txt,1118,200
Nusantara TV (1080p),https://nusantaratv.siar.us/nusantaratv/live/playlist.m3u8,,,,NusantaraTV.id@SD,,,,https://i.imgur.com/viun5hj.png,General,,iptv-org-all.txt,1401,200
Maxivision TV (720p),https://video03.logicahost.com.br/maxivisiontv/maxivisiontv/playlist.m3u8,,,,MaxivisionTV.gt@SD,,,,https://i.imgur.com/UC8WrEN.jpg,Entertainment,,iptv-org-all.txt,1376,200
MTV2 (720p),http://198.58.104.90:8989/mtv2/index.m3u8,,,,MTV2.us@East,,,,https://upload.wikimedia.org/wikipedia/en/thumb/2/21/MTV2_logo_2013.svg/960px-MTV2_logo_2013.svg.png,Entertainment,,iptv-org-all.txt,65,200
Meta Film TV,https://metafilmhls.wns.live/hls/stream.m3u8,,,,MetaFilmTV.ir@SD,,,,,Movies,,iptv-org-all.txt,1033,200
Messatida TV (720p),https://rtmp.streams.ovh:8081/mtv/index.m3u8,,,,MessatidaTV.gr@SD,,,,https://i.imgur.com/WEYrIrC.png,Music,,iptv-org-all.txt,1187,200
MNX (576p),http://59.103.38.46:8000/play/a052/index.m3u8,,,,MNX.in@SD,,,,https://xstreamcp-assets-msp.streamready.in/assets/LIVETV/LIVECHANNEL/LIVETV_LIVETVCHANNEL_MNX/images/LOGO_HD/image.png,Movies,,iptv-org-all.txt,451,200
NHK General TV (720p),https://nhk4.mov3.co/hls/nhk.m3u8,,,,NHKGeneralTV.jp@SD,,,,https://i.imgur.com/fAZ2BEZ.png,General,,iptv-org-all.txt,1104,200
National Geographic (Croatia) (1080p),http://176.61.157.250/NationalGeographic/index.m3u8,,,,NationalGeographic.hr@SD,,,,https://upload.wikimedia.org/wikipedia/commons/thumb/f/fc/Natgeologo.svg/960px-Natgeologo.svg.png,Documentary,,iptv-org-all.txt,315,200
Noticiero 90 Minutos (1080p),https://play.cdn.enetres.net/621B146D29C541AFB1507809F038F471021/021/playlist.m3u8,,,,Noticiero90Minutos.co@SD,,,,https://i.imgur.com/ThaRRCN.png,News,,iptv-org-all.txt,1408,200
NW Magazine (576p),https://hls.newworldtv.com/nw-magazine/video/live.m3u8,,,,NWMagazine.tg@SD,,,,https://i.imgur.com/RZNJZYN.png,Entertainment,,iptv-org-all.txt,739,403
NW Info 2 (576p),https://hls.newworldtv.com/nw-info-2/video/live.m3u8,,,,NWInfo2.tg@SD,,,,https://i.imgur.com/0W4GqFD.png,News,,iptv-org-all.txt,1105,403
NW Economie (576p),https://hls.newworldtv.com/nw-economie/video/live.m3u8,,,,NWEconomie.tg@SD,,,,https://i.imgur.com/OmlFQa8.png,Business,,iptv-org-all.txt,1181,403
NW Info (576p),https://hls.newworldtv.com/nw-info/video/live.m3u8,,,,NWInfo.tg@SD,,,,https://i.imgur.com/UDEY91v.png,News,,iptv-org-all.txt,927,403
Nation TV,https://live-us1.thaimomo.com/live-as/chNation-3/playlist.m3u8,,,,NationTV.th@SD,,,,https://i.imgur.com/h3TY38F.png,News,,iptv-org-all.txt,1175,200
NH Tamil Gold (1080p),https://d3arbp6l7f096k.cloudfront.net/v1/master/3722c60a815c199d9c0ef36c5b73da68a62b09d1/pb-gv6wgpbb4mgwk/playlist.m3u8?ads.ads_cdn=cf&ads.app_domain=APP_DOMAIN&ads.cdn=cf,,,,NHTamilGold.in@HD,,,,https://tvpnlogopus.samsungcloud.tv/platform/image/sourcelogo/vc/00/02/34/IN400061DB_20260623T015348SQUARE.png,Movies,,iptv-org-all.txt,1337,200
Notisur TV [Not 24/7],https://ss2.tvrdomi.com:1936/notisur/notisur/playlist.m3u8,,,,NotisurTV.do@HD,,,,https://rdomint.com/images/station/300.jpg,General,,iptv-org-all.txt,1249,200
NVK Sakha (1080p) [Not 24/7],https://live-saha.cdnvideo.ru/saha/saha/playlist.m3u8,,,,NVKSakha.ru@SD,,,,https://i.imgur.com/LwXNUhf.png,General,,iptv-org-all.txt,1350,200
Notioi TV (1080p),https://srv.streamserver.gr:3451/stream/play.m3u8,,,,NotioiTV.gr@SD,,,,https://i.imgur.com/Nq00n8h.png,General,,iptv-org-all.txt,1365,200
Metaleitor TV,https://vs20.live.opencaster.com/metaleitortv_423d3342/index.m3u8,,,,MetaleitorTV.us@SD,,,,https://new.opencaster.com/uploads/logos/logo_14_1752798826.png,Music,,iptv-org-all.txt,1261,200
MTV (United States) (1080p),http://23.237.104.106:8080/USA_MTV/index.m3u8,,,,MTV.us@East,,,,https://upload.wikimedia.org/wikipedia/commons/thumb/6/68/MTV_2021_%28brand_version%29.svg/960px-MTV_2021_%28brand_version%29.svg.png,Entertainment,,iptv-org-all.txt,43,200
Nour El Shabeb (720p),https://svs.itworkscdn.net/nour3satlive/livestream/playlist.m3u8,,,,NourElShabeb.lb@SD,,,,https://i.imgur.com/cNr0vl1.png,Religious,,iptv-org-all.txt,970,200
MTNA TV,https://live.mtna.tv/hls/mtna/mtna.m3u8,,,,MTNATV.cl@SD,,,,https://i.imgur.com/v7SA92F.png,Religious,,iptv-org-all.txt,1234,200
Nour Mariam (576p),https://svs.itworkscdn.net/nour9satlive/livestream/playlist.m3u8,,,,NourMariam.lb@SD,,,,https://i.imgur.com/Ow5Lqh6.jpg,Religious,,iptv-org-all.txt,832,200
Multivision Canal 3 (720p) [Not 24/7],https://stream.digitalgt.com:3136/live/multivisionlive.m3u8,,,,MultivisionCanal3.gt@SD,,,,https://i.imgur.com/6bdj2BV.jpg,General,,iptv-org-all.txt,1320,200
National Geographic (Mexico) (1080p),http://138.121.15.230:9002/NAT-GEO/index.m3u8,,,,NationalGeographic.mx@SD,,,,https://upload.wikimedia.org/wikipedia/commons/thumb/f/fc/Natgeologo.svg/960px-Natgeologo.svg.png,Documentary,,iptv-org-all.txt,159,200
Nour Al Sharq (576p),https://svs.itworkscdn.net/nour8satlive/livestream/playlist.m3u8,,,,NourAlSharq.lb@SD,,,,https://i.imgur.com/EEy2dUr.png,Religious,,iptv-org-all.txt,1270,200
MNT WCIV (1080p),https://linear-700.frequency.stream/dist/stirr/700/hls/master/playlist.m3u8,,,,MNT.us@WCIV,,,,https://upload.wikimedia.org/wikipedia/commons/thumb/3/38/MyNetworkTV_2D_Logo.svg/960px-MyNetworkTV_2D_Logo.svg.png,General,,iptv-org-all.txt,1501,200
Number 1 Ask (720p),https://b01c02nl.mediatriple.net/videoonlylive/mtkgeuihrlfwlive/u_stream_5c9e18f9cea15_1/playlist.m3u8,,,,Number1Ask.tr@SD,,,,https://i.imgur.com/slwbux7.png,Music,,iptv-org-all.txt,2397,200
Nick Jr. (Croatia) (540p),http://176.61.157.250/NickJr/index.m3u8,,,,NickJr.hr@SD,,,,https://upload.wikimedia.org/wikipedia/commons/thumb/c/c5/Nick_Jr._logo_2023_(outline).svg/960px-Nick_Jr._logo_2023_(outline).svg.png,Kids,,iptv-org-all.txt,159,200
Noursat English (576p),https://svs.itworkscdn.net/noursatenglive/noursateng.smil/playlist.m3u8,,,,NoursatEnglish.lb@SD,,,,https://i.imgur.com/RC5Kw82.png,Religious,,iptv-org-all.txt,333,200
NHK World-Japan (1080p),https://masterpl.hls.nhkworld.jp/hls/w/live/smarttv.m3u8,,,,NHKWorldJapan.jp@SD,,,,https://jiotvimages.cdn.jio.com/dare_images/images/NHK_World_Japan.png,Culture;News,,iptv-org-all.txt,1323,200
Nurafshon TV,https://stream8.cinerama.uz/1220/tracks-v1a1/mono.m3u8,,,,NurafshonTV.uz@SD,,,,https://i.imgur.com/MMdNyBU.jpeg,General,,iptv-org-all.txt,2430,200
Number 1 TV (720p),https://b01c02nl.mediatriple.net/videoonlylive/mtkgeuihrlfwlive/broadcast_5c9e17cd59e8b.smil/playlist.m3u8,,,,Number1TV.tr@SD,,,,https://i.imgur.com/02cDIBi.png,Music,,iptv-org-all.txt,2454,200
Multivision Sports (720p) [Not 24/7],https://stream.digitalgt.com:3605/live/multivisionsportslive.m3u8,,,,MultivisionSports.gt@SD,,,,https://i.imgur.com/wLjSSo2.jpg,Sports,,iptv-org-all.txt,1256,500
Number 1 Damar (720p),https://b01c02nl.mediatriple.net/videoonlylive/mtkgeuihrlfwlive/u_stream_5c9e198784bdc_1/playlist.m3u8,,,,Number1Damar.tr@SD,,,,https://i.imgur.com/rYtbAGZ.png,Music,,iptv-org-all.txt,2485,200
National Assembly TV (720p),https://github.com/BellezaEmporium/IPTV_Exception/raw/master/channels/kr/natv.m3u8,,,,NationalAssemblyTV.kr@SD,,,,https://i.imgur.com/UKdB8vD.png,Legislative,,iptv-org-all.txt,1288,200
Mohabat TV (Iran) (540p),http://204.11.235.251:1935/live_transcoder/ngrp:mohabat.stream_all/playlist.m3u8,,,,MohabatTV.ir@SD,,,,https://i.imgur.com/Ig0SPev.png,Religious,,iptv-org-all.txt,76,200
Nea TV (720p),https://live.neatv.gr:8888/hls/neatv.m3u8,,,,NeaTV.gr@SD,,,,https://i.imgur.com/nvNW8G7.png,General,,iptv-org-all.txt,1659,200
Number 1 Dance (720p),https://b01c02nl.mediatriple.net/videoonlylive/mtkgeuihrlfwlive/u_stream_5c9e2aa8acf44_1/playlist.m3u8,,,,Number1Dance.tr@SD,,,,https://i.imgur.com/ZM4PSyq.png,Music,,iptv-org-all.txt,2573,200
Noursat (576p),https://svs.itworkscdn.net/nour4satlive/livestream/playlist.m3u8,,,,Noursat.lb@SD,,,,https://i.imgur.com/6Zs5rx4.png,Religious,,iptv-org-all.txt,671,200
National 24 Plus,https://hls01ns.antenaplay.ro/hls/n24-plus-sd/index.m3u8,,,,National24Plus.ro@SD,,,,https://i.imgur.com/VxBdga3.png,General,,iptv-org-all.txt,1555,200
NE News (576p),https://mumt05.tangotv.in/87NeALx2NENEWS/index.m3u8,,,,NENews.in@SD,,,,https://i.imgur.com/L5GeJFb.png,News,,iptv-org-all.txt,1774,200
Mix Hollywood (1080p),https://ml-pull-hwc.myco.io/MixTV/hls/index.m3u8,,,,MixHollywood.eg@SD,,,,https://i.imgur.com/1ENdbZn.png,Movies,,iptv-org-all.txt,2646,200
MTR (1080p),https://cdnsk003.panaccess.com/local/Ruzomberok/index.m3u8,,,,MTR.sk@SD,,,,https://www.mtr.sk/img/logo-mtr-0.png,General,,iptv-org-all.txt,1458,200
Metro TV (Honduras) (720p),https://s.emisoras.tv:8081/metrotv/index.m3u8,,,,MetroTV.hn@SD,,,,https://i.imgur.com/BqS8BHi.png,Entertainment,,iptv-org-all.txt,1198,200
National Geographic (Russia) HD (1080p),http://str2.iptvhd.ru:8080/National_Geo_HD/index.m3u8,,,,NationalGeographic.ru@HD,,,,https://upload.wikimedia.org/wikipedia/commons/thumb/f/fc/Natgeologo.svg/960px-Natgeologo.svg.png,Documentary,,iptv-org-all.txt,146,200
NYXT (1080p),https://reflect-stream-bronxnet.cablecast.tv/live-10/live/live.m3u8,,,,NYXT.us@SD,,,,https://i.imgur.com/7kuluji.png,Culture,,iptv-org-all.txt,1262,403
NHK World Premium (720p),https://media-tyo.hls.nhkworld.jp/hls/wp/live/master.m3u8,,,,NHKWorldPremium.jp@SD,,,,https://i.imgur.com/4ESi2La.png,Entertainment,,iptv-org-all.txt,1778,200
NH (1080p),https://takeoff.jetstre.am/?account=nhnieuws&file=live&output=playlist.m3u8&protocol=https&service=wowza&type=live,,,,NH.nl@SD,,,,https://i.imgur.com/SPkK4md.png,General;News,,iptv-org-all.txt,2696,200
Nour Al Koddass (406p) [Not 24/7],https://svs.itworkscdn.net/nour1satlive/livestream/playlist.m3u8,,,,NourAlKoddass.lb@SD,,,,https://i.imgur.com/dF4Mvts.png,Religious,,iptv-org-all.txt,1824,200
Nova TV (1080p),http://176.61.157.250/NovaTV/index.m3u8,,,,NovaTV.hr@SD,,,,https://upload.wikimedia.org/wikipedia/commons/thumb/4/4a/Nova_TV_Croatia_logo.png/960px-Nova_TV_Croatia_logo.png,General,,iptv-org-all.txt,160,200
NHL Network (1080p),https://nhl-firetv.amagi.tv/playlist.m3u8,,,,NHLNetwork.us@SD,,,,https://i.imgur.com/UNZ8bef.png,Sports,,iptv-org-all.txt,1374,200
MNT WWOR-TV,http://37c18028.akadatel.com/iptv/T6XNCP6L7LLKPD/1088/mpegts,,,,MNT.us@WWORTV,,,,https://upload.wikimedia.org/wikipedia/commons/thumb/3/38/MyNetworkTV_2D_Logo.svg/960px-MyNetworkTV_2D_Logo.svg.png,General,,iptv-org-all.txt,1627,200
Nick Jr. (Israel) (576p),http://str2.iptvhd.ru:8080/nickjr/index.m3u8,,,,NickJr.il@SD,,,,https://i.imgur.com/KT4tdQs.png,Kids,,iptv-org-all.txt,268,200
Negocios TV (1080p),https://streaming013.gestec-video.com/hls/negociostv.m3u8,,,,NegociosTV.es@SD,,,,https://m.media-amazon.com/images/I/21HEgSJn2gL.png,Business,,iptv-org-all.txt,1775,200
Nation News (720p),https://server.playontv.in/nationnews/index.m3u8,,,,NationNews.in@SD,,,,https://jiotvimages.cdn.jio.com/dare_images/images/nationnews.png,News,,iptv-org-all.txt,1996,200
National Geographic (United States) HD East (720p),http://198.58.104.90:8989/natgeo/index.m3u8,,,,NationalGeographic.us@HDEast,,,,https://upload.wikimedia.org/wikipedia/commons/thumb/f/fc/Natgeologo.svg/960px-Natgeologo.svg.png,Documentary,,iptv-org-all.txt,32,200
O! (576p),http://stream.mcquack.net/60/index.m3u8,,,,O.ru@SD,,,,https://i.imgur.com/pDc665V.png,Kids,,iptv-org-all.txt,130,200
Moconomy,https://3ee905090d464be5a51478fd9c642e93.mediatailor.us-east-1.amazonaws.com/v1/master/44f73ba4d03e9607dcd9bebdcb8494d86964f1d8/RakutenTV-pl_Moconomy/playlist.m3u8,,,,Moconomy.pl@SD,,,,https://images-0.rakuten.tv/storage/global-live-channel/translation/artwork/9da0ec4d-85ea-45f4-b3f9-ae917d1714f9-width200-quality90.jpeg,Undefined,,iptv-org-all.txt,1115,200
Meteonews (1080p),https://streaming.meteonews.net/hls/stream.m3u8,,,,Meteonews.ch@SD,,,,https://i.imgur.com/YtYhbJD.png,Weather,,iptv-org-all.txt,1921,200
National Geographic (United States) (720p),http://212.5.144.156:8080/natgeo/index.m3u8,,,,NationalGeographic.us@East,,,,https://upload.wikimedia.org/wikipedia/commons/thumb/f/fc/Natgeologo.svg/960px-Natgeologo.svg.png,Documentary,,iptv-org-all.txt,238,200
Nick Jr. (Italy) (720p),http://102.129.186.182:81/nick/index.m3u8,,,,NickJr.it@SD,,,,https://i.imgur.com/6p3eFgf.png,Kids,,iptv-org-all.txt,245,200
Nick Jr. (India) (576p),http://103.185.24.134:3001/NICK-JR/index.m3u8,,,,NickJr.in@SD,,,,https://xstreamcp-assets-msp.streamready.in/assets/LIVETV/LIVECHANNEL/LIVETV_LIVETVCHANNEL_NICK_JUNIOR/images/LOGO_HD/image.png,Kids,,iptv-org-all.txt,542,200
National Geographic Latin America (1080p),http://15.204.246.24:8080/NatGeoHD/index.m3u8,,,,NationalGeographicLatinAmerica.us@Panregional,,,,https://upload.wikimedia.org/wikipedia/commons/thumb/f/fc/Natgeologo.svg/960px-Natgeologo.svg.png,Documentary,,iptv-org-all.txt,15,200
MNTV,https://www.khuwemultimedia.com/hls/mntv/mntv.m3u8,,,,MNTV.mz@SD,,,,https://mntv.co.mz/wp-content/uploads/2025/11/Prancheta-4_1-1.png,Business,,iptv-org-all.txt,1646,200
Mazhavil Manorama (576p),https://mumt03.tangotv.in/Dsly5z3HMAZHAVILMANORAMAINT/index.m3u8,,,,MazhavilManorama.in@SD,,,,https://i.imgur.com/fjgzW20.png,Entertainment,,iptv-org-all.txt,2022,200
NHRA TV (1080p),https://d265y4sk8257lt.cloudfront.net/nh.m3u8,,,,NHRATV.us@SD,,,,https://i.imgur.com/jZgcm4k.png,Sports,,iptv-org-all.txt,1290,200
Neo TV (Argentina),https://videostream.shockmedia.com.ar:19360/neotvdigital/neotvdigital.m3u8,,,,NeoTV.ar@SD,,,,https://i.imgur.com/Xtu85tb.png,General,,iptv-org-all.txt,1137,200
Music Box Brazil (720p),http://168.197.104.22/MUSIC/index.m3u8,,,,MusicBoxBrazil.br@SD,,,,https://i.imgur.com/CDPCF2X.png,Music,,iptv-org-all.txt,245,200
O! International (576p),https://fs.uplink.kz/o/mono.m3u8?token=onlinetv,,,,O.ru@International,,,,https://i.imgur.com/pDc665V.png,Kids,,iptv-org-all.txt,163,200
MBC 1 (1080p),https://shd-gcp-live.edgenextcdn.net/live/bitmovin-mbc-1/15cf99af5de54063fdabfefe66adc075/index.m3u8,,,,MBC1.ae@SD,,,,https://i.imgur.com/CiA3plN.png,General,,iptv-org-all.txt,1629,200
MBC 1 USA (1080p) [Geo-blocked],https://shd-gcp-live.edgenextcdn.net/live/bitmovin-mbc-1-usa/fdac3a4fc0473f1f56e07ec1d63a4b7b/index.m3u8,,,,MBC1USA.us@SD,,,,https://i.imgur.com/CiA3plN.png,General,,iptv-org-all.txt,1101,200
Nour TV,https://cdn.bestream.io:19360/elfaro4/elfaro4.m3u8,,,,NourTV.ae@SD,,,,https://upload.wikimedia.org/wikipedia/en/8/8c/Nourtv_logo.jpg,Religious,,iptv-org-all.txt,1377,200
MBC 5 (1080p),https://shd-gcp-live.edgenextcdn.net/live/bitmovin-mbc-5/ee6b000cee0629411b666ab26cb13e9b/index.m3u8,,,,MBC5.ae@SD,,,,https://i.imgur.com/fRWaDyF.png,Family,,iptv-org-all.txt,620,200
MBC 4 (1080p),https://shd-gcp-live.edgenextcdn.net/live/bitmovin-mbc-4/24f134f1cd63db9346439e96b86ca6ed/index.m3u8,,,,MBC4.ae@SD,,,,https://i.imgur.com/BcXASJp.png,Entertainment,,iptv-org-all.txt,716,200
MBC Bollywood (1080p) [Geo-blocked],https://shd-gcp-live.edgenextcdn.net/live/bitmovin-mbc-bollywood/546eb40d7dcf9a209255dd2496903764/index.m3u8,,,,MBCBollywood.ae@SD,,,,https://i.imgur.com/TTAGFHG.png,Movies,,iptv-org-all.txt,192,200
MBC 3 USA (1080p) [Geo-blocked],https://shd-gcp-live.edgenextcdn.net/live/bitmovin-mbc-3-usa/5d58265a862a476dc7f97694addb5ded/index.m3u8,,,,MBC3USA.us@SD,,,,https://i.imgur.com/PVt8OPN.png,Kids,,iptv-org-all.txt,960,200
MBC 1 Egypt (1080p),https://shd-gcp-live.edgenextcdn.net/live/bitmovin-mbc-1-na/eec141533c90dd34722c503a296dd0d8/index.m3u8,,,,MBC1Egypt.eg@HD,,,,https://i.imgur.com/CiA3plN.png,General,,iptv-org-all.txt,1359,200
Nick Jr. (United States) (720p),http://212.5.144.156:8080/nickjr/index.m3u8,,,,NickJr.us@East,,,,https://i.imgur.com/KT4tdQs.png,Kids,,iptv-org-all.txt,121,200
Nick Jr. (Russia) (576p),http://stream.mcquack.net/220/index.m3u8,,,,NickJr.ru@SD,,,,https://upload.wikimedia.org/wikipedia/commons/thumb/c/c5/Nick_Jr._logo_2023_(outline).svg/960px-Nick_Jr._logo_2023_(outline).svg.png,Kids,,iptv-org-all.txt,244,200
NET TV (720p),http://45.134.141.161:2200/ARG/Net_TV/index.m3u8,,,,NETTV.ar@SD,,,,https://i.imgur.com/IhJ0BjF.png,General,,iptv-org-all.txt,251,200
O'zbekiston 24 (1080p),https://stream8.cinerama.uz/1011/tracks-v1a1/playlist.m3u8,,,,Ozbekiston24.uz@SD,,,,https://i.imgur.com/VRFhKbw.png,News,,iptv-org-all.txt,228,200
Music Box Classic,http://88.212.15.19/live/mb_classic/index.m3u8,,,,MusicBoxClassic.cz@SD,,,,https://musicboxclassic.com/music_box_classic_logo.png,Music,,iptv-org-all.txt,268,200
O Dia TV,https://6836041ea1117.streamlock.net/tvodia/tvodia/playlist.m3u8,,,,ODiaTV.br@SD,,,,https://i.imgur.com/1LUbAVP.png,General,,iptv-org-all.txt,919,200
Mundos Lacustres TV (720p),https://video.ipstream.cl:3710/hybrid/play.m3u8,,,,MundosLacustresTV.cl@SD,,,,https://i.imgur.com/5xKtvnD.jpeg,General,,iptv-org-all.txt,1636,200
Mazhavil Manorama HD (1080p),https://mmtv-vglivessai.akamaized.net/v1/master/673630b269b766886555eebfddd4f27f3de3ab50/f8a0827f-030f-4a0d-b7e5-338996c09a5b/index.m3u8,,,,MazhavilManorama.in@HD,,,,https://i.imgur.com/fjgzW20.png,Entertainment,,iptv-org-all.txt,2093,200
NH BollyFlix (1080p),https://jmp2.uk/stvp-IN46000140Q,,,,NHBollyFlix.in@HD,,,,https://i.ibb.co/yF9MPTDK/blyflx.png,Movies,,iptv-org-all.txt,3203,200
NH BollyRaga (1080p),https://jmp2.uk/stvp-IN460001373,,,,NHBollyRaga.in@HD,,,,https://i.ibb.co/BKB9mv1K/NH-Bolly-Raga.png,Music,,iptv-org-all.txt,2667,200
Musavision (1080p),https://cnn.hostlagarto.com/musavisiontv/tracks-v1a1/mono.m3u8,,,,Musavision.do@SD,,,,https://i.imgur.com/wMse6cT.png,General,,iptv-org-all.txt,1022,200
MNB Sport (1080p),https://live.mnb.mn/hls/mnb_sport.stream.m3u8,,,,MNBSport.mn@SD,,,,https://i.imgur.com/z854PC3.png,Sports,,iptv-org-all.txt,2772,200
Nepal 1 (576p),https://mumt05.tangotv.in/87NeALx2NEPAL1/index.m3u8,,,,Nepal1.in@SD,,,,https://i.imgur.com/Xr4FjC8.png,Entertainment,,iptv-org-all.txt,838,200
MBC Drama (United Arab Emirates) (1080p),https://shd-gcp-live.edgenextcdn.net/live/bitmovin-mbc-drama/2c28a458e2f3253e678b07ac7d13fe71/index.m3u8,,,,MBCDrama.ae@SD,,,,https://i.imgur.com/g5PWnqp.png,Entertainment,,iptv-org-all.txt,33,200
NZTV,https://dash2.antik.sk/live/test_nove_zamky/playlist.m3u8,,,,NZTV.sk@SD,,,,https://i.imgur.com/jGZlnzT.png,General,,iptv-org-all.txt,1330,200
Metropoli Medios TV (720p),https://eu1.servers10.com:8081/8214/index.m3u8,,,,MetropoliMediosTV.ec@SD,,,,https://i.imgur.com/yID5T2S.jpg,Music,,iptv-org-all.txt,888,200
Music Box Dance,http://88.212.15.19/live/mb_dance/index.m3u8,,,,MusicBoxDance.cz@SD,,,,https://musicboxdance.com/music_box_dance_logo.png,Music,,iptv-org-all.txt,245,200
Novo Tempo (720p),http://45.162.64.114/NOVO_TEMPO/index.m3u8,,,,NovoTempo.br@SD,,,,,Religious,,iptv-org-all.txt,260,200
Neox TV [Not 24/7],https://tv.streamcasthd.com:3031/live/neoxtvlive.m3u8,,,,NeoxTV.ar@SD,,,,https://i.imgur.com/eIX71c9.png,General,,iptv-org-all.txt,1088,200
Music Box Hits,http://88.212.15.19/live/mb_hits/index.m3u8,,,,MusicBoxHits.cz@SD,,,,https://musicboxhits.com/music_box_hits_logo.png,Music,,iptv-org-all.txt,250,200
Mezzo (1080p),http://str2.iptvhd.ru:8080/Mezzo_HD/index.m3u8,,,,Mezzo.fr@SD,,,,https://i.imgur.com/auNdGeW.png,Music,,iptv-org-all.txt,143,200
Novoe televidenie (576p),https://fs.uplink.kz/novoe_tv/mono.m3u8?token=onlinetv,,,,Novoetelevidenie.kz@SD,,,,https://i.imgur.com/mmKWrWs.png,General,,iptv-org-all.txt,162,200
Music Box Sexy,http://88.212.15.19/live/mb_sexy/index.m3u8,,,,MusicBoxSexy.cz@SD,,,,https://musicboxsexy.com/music_box_sexy_logo.png,Music,,iptv-org-all.txt,129,200
Nova Era TV (1080p) [Not 24/7],http://wz3.dnip.com.br:1935/novaeratv/novaeratv.sdp/live.m3u8,,,,NovaEraTV.br@SD,,,,https://i.imgur.com/IK3F9Uq.png,Undefined,,iptv-org-all.txt,967,200
National Geographic Wild (Russia) HD (1080p),http://str2.iptvhd.ru:8080/Nat_Geo_Wild_HD/index.m3u8,,,,NationalGeographicWild.ru@HD,,,,https://upload.wikimedia.org/wikipedia/commons/thumb/2/27/National_Geographic_Wild_logo.svg/960px-National_Geographic_Wild_logo.svg.png,Documentary,,iptv-org-all.txt,146,200
MBC Drama USA (1080p),https://shd-gcp-live.edgenextcdn.net/live/bitmovin-mbc-drama-usa/ea2f5db904aff224b7066e59c7f585a2/index.m3u8,,,,MBCDramaUSA.us@SD,,,,https://i.imgur.com/g5PWnqp.png,Series,,iptv-org-all.txt,69,200
MNT WFLD (1080p),https://cdn-uw2-prod.tsv2.amagi.tv/linear/amg00488-foxdigital-wfld-lgus/playlist.m3u8,,,,MNT.us@WFLD,,,,https://upload.wikimedia.org/wikipedia/commons/thumb/3/38/MyNetworkTV_2D_Logo.svg/960px-MyNetworkTV_2D_Logo.svg.png,General,,iptv-org-all.txt,2405,200
Metropolitana del Cuzco,https://video1.earthcam.com/myearthcam/075ff02f78c35af55564cf3af3b3f750.flv/playlist.m3u8,,,,MetropolitanadelCuzco.pe@SD,,,,https://i.imgur.com/0B04qgM.png,Music,,iptv-org-all.txt,936,200
O'zbekiston Tarixi (1080p),https://stream8.cinerama.uz/1209/tracks-v1a1/playlist.m3u8,,,,OzbekistonTarixi.uz@SD,,,,https://i.imgur.com/iTTd3Ir.png,Documentary,,iptv-org-all.txt,229,200
Mezzo Live (1080p),http://stream.mcquack.net/276/index.m3u8,,,,MezzoLive.fr@SD,,,,https://i.imgur.com/H9ytKPN.png,Music,,iptv-org-all.txt,131,200
Munchen TV (1080p) [Not 24/7],https://muenchentv.iptv-playoutcenter.de/muenchentv/muenchentv.stream_1/playlist.m3u8,,,,MunchenTV.de@SD,,,,https://i.imgur.com/lt7xNWW.png,General,,iptv-org-all.txt,2111,200
MeTV (720p),https://82934cf9c8696bd2.mediapackage.us-east-1.amazonaws.com/out/v1/23685237ffbb4047a8143ac2166ead44/index.m3u8,,,,MeTV.us@SD,,,,https://play-lh.googleusercontent.com/PO0C2_-FdOtMVn1rw_Q0_iystfcf6Ab8h1Q37P8fEgSLuAkQJBCI9kax_FIkUgXppgs4,Entertainment,,iptv-org-all.txt,861,403
Nelonen (720p),https://live-fi.tvkaista.net/nelonen/live.m3u8,,,,Nelonen.fi@SD,,,,https://i.imgur.com/BFbCyfY.png,General,,iptv-org-all.txt,2137,200
National Geographic Wild (United States) HD East (720p),http://198.58.104.90:8989/natgeowild/index.m3u8,,,,NationalGeographicWild.us@HDEast,,,,https://upload.wikimedia.org/wikipedia/commons/thumb/2/27/National_Geographic_Wild_logo.svg/960px-National_Geographic_Wild_logo.svg.png,Documentary,,iptv-org-all.txt,32,200
Metropola TV (1080p) [Not 24/7],https://www.livemetropolatv.ro/MetropolaTV/Metro/playlist.m3u8,,,,MetropolaTV.ro@SD,,,,https://i.imgur.com/Gzq05v8.png,General,,iptv-org-all.txt,1423,200
Neo TV (Peru) (720p),http://bantel-cdn1.iptvperu.tv:1935/btnscrtn/DigitalTV/playlist.m3u8,,,,NeoTV.pe@SD,,,,https://i.imgur.com/bS5JtYX.jpeg,Entertainment,,iptv-org-all.txt,1510,403
Novorossiya TV (1080p) [Geo-blocked],http://31.131.139.253:9002/novoros/index.m3u8,,,,NovorossiyaTV.ru@SD,,,,https://i.imgur.com/ijmf0bV.png,News,,iptv-org-all.txt,311,200
Mohabat TV (United States) (540p),http://media.mohabat.tv:1935/live_transcoder/ngrp:mohabat.stream_all/playlist.m3u8,,,,MohabatTV.us@SD,,,,https://i.imgur.com/tucTC1O.jpg,Religious,,iptv-org-all.txt,921,200
MTV (Germany),https://ma.anixa.tv/clips/stream/mtv/playlist.php,,,,MTV.de@SD,,,,https://upload.wikimedia.org/wikipedia/commons/thumb/6/68/MTV_2021_%28brand_version%29.svg/960px-MTV_2021_%28brand_version%29.svg.png,Entertainment,,iptv-org-all.txt,1565,200
MBC America (1080p),https://cdn-us-east-prod-ingest-infra-dacast-com.akamaized.net/624ff8f9-db18-da92-4d42-896fa2ff3eb3/source/index.m3u8,,,,MBCAmerica.us@SD,,,,https://i.imgur.com/RRc23ra.png,Culture;Entertainment;Music,,iptv-org-all.txt,841,200
O'zbekiston (576p),https://stream8.cinerama.uz/1001/tracks-v1a1/playlist.m3u8,,,,Ozbekiston.uz@SD,,,,https://i.imgur.com/QUIIhTD.png,General,,iptv-org-all.txt,540,200
Mohammed Abdo (1080p),https://d2ow8h651gs7dx.cloudfront.net/out/v1/371fb663da604e659a2fb99bf89d92d4/index.m3u8,,,,MohammedAbdo.sa@SD,,,,https://assets.mbcmood.com/channels/1720184012Mohammed%20Abdo%20banner.png,Music,,iptv-org-all.txt,911,200
NHTV (720p),http://nonghyup.flive.skcdn.com/nonghyup/_definst_/nhlive/playlist.m3u8,,,,NHTV.kr@SD,,,,https://i.imgur.com/DfECkgB.png,Entertainment,,iptv-org-all.txt,1822,200
MeTV Toons KMBY-LD,https://2-fss-2.streamhoster.com/pl_138/205510-3094608-1/playlist.m3u8,,,,MeTVToons.us@KMBYLD,,,,https://upload.wikimedia.org/wikipedia/commons/thumb/2/2b/MeTV_Toons.png/250px-MeTV_Toons.png,Animation;Kids,,iptv-org-all.txt,938,200
Nova (Serbia) (1080p),https://best-str.umn.cdn.united.cloud/stream?channel=novashd&p=n0v43!23t001&player=m3u8&sp=novas&stream=hp7000&u=novas,,,,Nova.rs@SD,,,,https://i.imgur.com/sU8UPPY.png,General,,iptv-org-all.txt,1463,200
OAN Plus KPVM-LD,https://2-fss-2.streamhoster.com/pl_118/206858-4404458-1/playlist.m3u8,,,,OANPlus.us@KPVMLD,,,,https://i.imgur.com/T9VhMAD.png,News,,iptv-org-all.txt,316,200
MTRK (576p),https://tvcdn01.esilnet.kz/tv/mtrk/index.m3u8,,,,MTRK.kz@SD,,,,https://i.imgur.com/XMyRwDk.png,General,,iptv-org-all.txt,2379,200
MusicBox Gold (576p),http://str2.iptvhd.ru:8080/360TuneBox/index.m3u8,,,,MusicBoxGold.ru@SD,,,,https://i.imgur.com/3arWh0k.png,Music,,iptv-org-all.txt,146,200
MBC Iraq (1080p),https://shd-gcp-live.edgenextcdn.net/live/bitmovin-mbc-iraq/e38c44b1b43474e1c39cb5b90203691e/index.m3u8,,,,MBCIraq.iq@SD,,,,https://i.imgur.com/D0LxiPE.png,General,,iptv-org-all.txt,31,200
MBC (1080p),https://cdn8.fntvchannel.com/v1/master/02eeb1726c343dc9c30c32e93dee82013e157021/FNTV-CHANNEL_CDN77/index.m3u8,,,,MBC.uk@HD,,,,https://mybingechannel.co.uk/wp-content/uploads/2023/02/mbc-logo-for-website.png,Undefined,,iptv-org-all.txt,1138,574
Nova TV Brasov (576p) [Not 24/7],http://novapress.ro:2022/live/nova/playlist.m3u8,,,,NovaTVBrasov.ro@SD,,,,https://i.imgur.com/33Vn0Ij.png,General,,iptv-org-all.txt,1073,403
Munsif TV (576p),https://live1.ottlive.co.in/munsiftv/munsiftv/index.m3u8,,,,MunsifTV.in@SD,,,,https://xstreamcp-assets-msp.streamready.in/assets/LIVETV/LIVECHANNEL/LIVETV_LIVETVCHANNEL_MUNSIF_TV/images/LOGO_HD/LOGO_HD_image.png,News,,iptv-org-all.txt,1781,200
Metro TV (India) (1080p),https://mercury.streambridge.link:8042/telugu/metrotv/index.m3u8,,,,MetroTV.in@SD,,,,https://jiotvimages.cdn.jio.com/dare_images/images/Metro_TV.png,General,,iptv-org-all.txt,2102,200
National Geographic (India) (576p) [Geo-blocked],http://main.light-ott.net:80/play/live.php?mac=00:1A:79:17:28:41&stream=373017&extension=ts&play_token=zCaGy5dtla,,,,NationalGeographic.in@SD,,,,https://dtil.tmsimg.com/assets/s143573_ld_h15_aa.png?lock=720x540,Documentary,,iptv-org-all.txt,1828,200
National TV,https://hls01ns.antenaplay.ro/hls/national-tv-sd/index.m3u8,,,,NationalTV.ro@SD,,,,https://i.imgur.com/KHzUIwG.png,General,,iptv-org-all.txt,128,200
Mexiquense TV (720p),https://5e50264bd6766.streamlock.net/mexiquense/videomexiquense/playlist.m3u8,,,,MexiquenseTV.mx@SD,,,,https://i.imgur.com/iVfzakA.png,General,,iptv-org-all.txt,920,200
Nevis Television,https://media.slactech.com:1936/NTvDirect/ngrp:NTvDirect_all/playlist.m3u8,,,,NevisTelevision.kn@SD,,,,https://i.imgur.com/u76GqAi.png,General,,iptv-org-all.txt,686,200
MBC Masr 2 (1080p),https://shd-gcp-live.edgenextcdn.net/live/bitmovin-mbc-masr-2/754931856515075b0aabf0e583495c68/index.m3u8,,,,MBCMasr2.eg@SD,,,,https://i.imgur.com/KHo7Gtn.png,General,,iptv-org-all.txt,32,200
Nesiha TV (720p),https://stream.cisk.tech/nasihatv/index.m3u8,,,,NesihaTV.et@SD,,,,https://i.imgur.com/rqEyzjE.png,Religious,,iptv-org-all.txt,1527,200
MBC Brasil TV,https://play.mbcbrasil.tv.br/playlist.m3u8,,,,MBCBrasilTV.br@SD,,,,https://eswqkrogupaisirwcsys.supabase.co/storage/v1/object/public/mbc-media/canais/1775702325773-d10vtu076za.png,General,,iptv-org-all.txt,1097,200
Muscel TV (720p),https://cdn.streamnet.pro/musceltv/live/playlist.m3u8,,,,MuscelTV.ro@SD,,,,https://i.ibb.co/Bq9CHyn/Musceltv1.png,General,,iptv-org-all.txt,1703,200
News1,https://live-us1.thaimomo.com/live-as/chnews1-2/playlist.m3u8,,,,News1.th@SD,,,,,News,,iptv-org-all.txt,25,200
MBC FM (1080p),https://dbbv9umqcd7cs.cloudfront.net/out/v1/db15b75c3cc0400c91961468d6a232ac/index.m3u8,,,,MBCFM.ae@SD,,,,https://i.imgur.com/lF8UxvR.png,Music,,iptv-org-all.txt,719,200
MTurk TV (1080p),https://edge1.socialsmart.tv/muglaturk/bant1/playlist.m3u8,,,,MTurkTV.tr@SD,,,,https://i.imgur.com/xj1gvrq.png,General,,iptv-org-all.txt,2581,200
Obieqtivi TV,https://live20.bozztv.com/dvrfl05/gin-obieqtivitv/index.m3u8,,,,ObieqtiviTV.ge@SD,,,,https://i.imgur.com/Kqc8H8X.png,News,,iptv-org-all.txt,17,403
MBC Masr (1080p),https://shd-gcp-live.edgenextcdn.net/live/bitmovin-mbc-masr/956eac069c78a35d47245db6cdbb1575/index.m3u8,,,,MBCMasr.eg@SD,,,,https://i.imgur.com/o2elx0u.png,General,,iptv-org-all.txt,31,200
OAN Plus (1080p),https://oan-plus-tcl.amagi.tv/playlist.m3u8,,,,OANPlus.us@SD,,,,https://i.imgur.com/T9VhMAD.png,News,,iptv-org-all.txt,846,200
Nativa (720p),http://187.102.210.46/NATIVATV/index.m3u8,,,,Nativa.pe@SD,,,,https://i.imgur.com/Y9k9XSO.png,General,,iptv-org-all.txt,301,200
Moldova 1 (1080p),https://v0.trm.md/static/streaming-playlists/hls/9b79338b-1870-4cd7-91d4-0f6ce5cac7ca/master.m3u8,,,,Moldova1.md@SD,,,,https://i.imgur.com/ZbQY56v.png,General,,iptv-org-all.txt,1205,200
Moldova 2 (1080p),https://v0.trm.md/static/streaming-playlists/hls/d5fafab0-9c37-4746-9e7a-b2d6c0427015/master.m3u8,,,,Moldova2.md@SD,,,,https://i.imgur.com/Hv6Nk8A.png,General,,iptv-org-all.txt,1056,200
Nasim,https://ncdn.telewebion.ir/nasim/live/playlist.m3u8,,,,Nasim.ir@SD,,,,https://upload.wikimedia.org/wikipedia/commons/thumb/e/e9/Nasim_TV_logo.svg/960px-Nasim_TV_logo.svg.png,Entertainment,,iptv-org-all.txt,4268,200
MBC Masr Drama (1080p),https://shd-gcp-live.edgenextcdn.net/live/bitmovin-mbc-masr-drama/567b703c19ede6598222de81b0e4508b/index.m3u8,,,,MBCMasrDrama.sa@SD,,,,https://media0070.elcinema.com/tvguide/1399_1.png,Series,,iptv-org-all.txt,31,200
Netmax TV (720p),https://es1.crystalweb.net:1936/netmaxtv/netmaxtv/playlist.m3u8,,,,NetmaxTV.gr@SD,,,,https://i.imgur.com/dLvRD4k.png,Entertainment,,iptv-org-all.txt,1264,200
meWATCH LIVE 1 (1080p),https://tglmp04.akamaized.net/out/v1/898b1cbac7c747e3b1f3deb460e9b67e/manifest.mpd,,,,meWATCHLIVE1.sg@SD,,,,https://i.imgur.com/ppxUDxB.png,Entertainment,,iptv-org-all.txt,1494,200
Mojo TV (576p),https://mumt07.tangotv.in/zHjX9OFlMOJOTV/index.m3u8,,,,MojoTV.in@SD,,,,https://upload.wikimedia.org/wikipedia/en/1/19/MOJO_TV_LOGO.png,News,,iptv-org-all.txt,1524,200
Momento24,https://backupmaxmedia.hvmultiplay.com/hls/stream2/momento24.m3u8,,,,Momento24.co@SD,,,,https://i.imgur.com/kLy6w9e.jpeg,News,,iptv-org-all.txt,972,200
mfm (1080p),https://hms.pfs.gdn/hms/v1/broadcast/hlmvmp2hfriode891/playlist.m3u8,,,,mfm.lb@HD,,,,https://www.mtv.com.lb/images/header/mfm-logo.svg,Music,,iptv-org-all.txt,1015,200
Moldova TV (1080p),https://moldovatv.ro/live-tv/live.m3u8,,,,MoldovaTV.md@SD,,,,https://i.imgur.com/gPMlDCP.png,General,,iptv-org-all.txt,1107,200
MH One Movies (576p),https://mumt03.tangotv.in/Dsly5z3HMHONEMOVIE/index.m3u8,,,,MHOneMovies.in@SD,,,,,Movies,,iptv-org-all.txt,212,200
Mh 1 Music (720p),https://livestream.jswk.online/playlisttest/live/playlist.m3u8,,,,Mh1Music.in@SD,,,,https://dtil.tmsimg.com/assets/s143539_ld_h15_aa.png?lock=720x540,Music,,iptv-org-all.txt,791,200
Nickelodeon (Germany),https://ma.anixa.tv/clips/stream/nickelodeon/playlist.php,,,,Nickelodeon.de@SD,,,,https://i.imgur.com/E84jnP8.png,Kids,,iptv-org-all.txt,91,200
MBC Masr USA (1080p),https://shd-gcp-live.edgenextcdn.net/live/bitmovin-mbc-masr-usa/cd8d40acdab28aac0582faa3bd3983f1/index.m3u8,,,,MBCMasrUSA.us@SD,,,,https://i.imgur.com/o2elx0u.png,General,,iptv-org-all.txt,99,200
Music TV Granada (1080p) [Not 24/7],https://cloudvideo.servers10.com:8081/8032/index.m3u8,,,,MusicTVGranada.es@SD,,,,https://i.ibb.co/Swd9NP7n/music-tv-granada.png,Music,,iptv-org-all.txt,1098,200
Network 10 (720p),https://mumbai-edge.smartplaytv.in/Network10/index.m3u8,,,,Network10.in@SD,,,,https://jiotvimages.cdn.jio.com/dare_images/images/Network_10.png,General,,iptv-org-all.txt,1412,200
Nevskiy (1080p),https://cdn-dvr.ntv.ru/Nevskiy/index.m3u8,,,,Nevskiy.ru@SD,,,,https://cdn2-static.ntv.ru/home/promo/24740/nevski_llive.jpg,Series,,iptv-org-all.txt,1234,200
Oasis TV (Colombia) (720p) [Not 24/7],https://5e85d90130e77.streamlock.net/6020/6020/playlist.m3u8,,,,OasisTV.co@SD,,,,https://i.imgur.com/VKYzFpZ.png,Religious,,iptv-org-all.txt,949,200
Mezokovesdi Televizio (360p),https://cloudfront44.lexanetwork.com:1344/freerelay/mezokovesdvtv.sdp/playlist.m3u8,,,,MezokovesdiTelevizio.hu@SD,,,,https://i.imgur.com/2zCOXmH.png,General,,iptv-org-all.txt,1565,200
MBC Mood (1080p),https://shd-gcp-live.edgenextcdn.net/live/bitmovin-mbc-mood/78367bf48ccdba501d0d014a10c21031/index.m3u8,,,,MBCMood.sa@HD,,,,https://shahid.mbc.net/mediaObject/c2b6a882-458b-446e-b0fe-f97f7992149a?height=auto&width=144&croppingPoint=&version=1&type=png,Music,,iptv-org-all.txt,33,200
Metro TV (Indonesia),https://edge.medcom.id/live-edge/smil:metro.smil/playlist.m3u8,,,,MetroTV.id@SD,,,,https://i.imgur.com/QnU70NI.png,News,,iptv-org-all.txt,2712,200
Muz TV Uzbekistan,https://stream8.cinerama.uz/1063/tracks-v1a1/mono.m3u8,,,,MuzTVUzbekistan.uz@SD,,,,https://s8.vcdn.biz/static/f/6010782281/image.jpg,Music,,iptv-org-all.txt,180,200
Nickelodeon (Brazil) (480p),https://stmv2.srvif.com/gafeab/gafeab/playlist.m3u8,,,,Nickelodeon.br@SD,,,,https://i.imgur.com/E84jnP8.png,Kids,,iptv-org-all.txt,787,200
Music India (576p),https://streams.tangotv.in/MUSICINDIA/ORIGIN/index.m3u8,,,,MusicIndia.in@SD,,,,https://dtil.tmsimg.com/assets/s143563_ld_h15_aa.png?lock=720x540,Music,,iptv-org-all.txt,1329,200
Obshchestvennoe Nezavisimoe Televidenie (576p),http://85.238.112.40:8810/hls_sec/239.33.75.33-.m3u8,,,,ObshchestvennoeNezavisimoeTelevidenie.ua@SD,,,,https://i.imgur.com/jFP50g2.png,News,,iptv-org-all.txt,264,200
Monaco Info (1080p),https://webtv.monacoinfo.com/live/prod/index.m3u8,,,,MonacoInfo.mc@SD,,,,https://i.imgur.com/dIrKYH7.png,News,,iptv-org-all.txt,1140,200
Mh 1 News (576p),https://streams.tangotv.in/MHONENEWS/ORIGIN/index.m3u8,,,,Mh1News.in@SD,,,,https://dtil.tmsimg.com/assets/s143540_ld_h15_aa.png?lock=720x540,News,,iptv-org-all.txt,903,200
Mh 1 Prime (576p),https://streams.tangotv.in/MHONE/ORIGIN/index.m3u8,,,,Mh1Prime.in@SD,,,,,General,,iptv-org-all.txt,802,200
Nickelodeon (Croatia) (1080p),http://176.61.157.250/Nickelodeon/index.m3u8,,,,Nickelodeon.hr@SD,,,,https://upload.wikimedia.org/wikipedia/commons/thumb/7/7a/Nickelodeon_2009_logo.svg/960px-Nickelodeon_2009_logo.svg.png,Kids,,iptv-org-all.txt,583,200
Music (480p) [Not 24/7],https://st2.mediabay.tv/KG_KTRK-Muzika/index.m3u8,,,,Music.kg@SD,,,,https://www.utrk.kg/img/stream/45.png,Music,,iptv-org-all.txt,2148,403
Monroe Community Media Education Channel,https://reflect-monroe-public-access.cablecast.tv/live-4/live/live.m3u8,,,,MonroeCommunityMediaEducationChannel.us@SD,,,,https://i.imgur.com/gS4x0uX.png,Education,,iptv-org-all.txt,699,403
Monroe Community Media Public Access Channel,https://reflect-monroe-public-access.cablecast.tv/live-3/live/live.m3u8,,,,MonroeCommunityMediaPublicAccessChannel.us@SD,,,,https://i.imgur.com/gS4x0uX.png,General,,iptv-org-all.txt,511,403
Nickelodeon (Russia) (576p),http://stream.mcquack.net/443/index.m3u8,,,,Nickelodeon.ru@SD,,,,https://i.imgur.com/w8iE8dV.png,Kids,,iptv-org-all.txt,125,200
Now 80s (1080p),https://lightningnow80-samsungau.amagi.tv/playlist.m3u8,,,,Now80s.uk@SD,,,,https://i.imgur.com/YyPnMeB.png,Music,,iptv-org-all.txt,1061,200
MBC Loud,https://radio-loud-fm.mbc.net/radio-loud-fm_1.m3u8,,,,MBCLoud.sa@SD,,,,https://i.imgur.com/mptwwLs.png,Music,,iptv-org-all.txt,1068,200
Nativa TV,https://origin-us.streaminghd.cl/nativatv/nativatv/playlist.m3u8,,,,NativaTV.cl@SD,,,,https://i.imgur.com/0SFE2Fr.png,General,,iptv-org-all.txt,791,403
New Vision TV (360p),https://viewmedia7219.bozztv.com/wmedia/viewmedia100/web_027/Stream/playlist.m3u8,,,,NewVisionTV.ng@SD,,,,,Religious,,iptv-org-all.txt,1120,200
NewFlix,https://newfhls.wns.live/hls/stream.m3u8,,,,NewFlix.ir@SD,,,,,Movies,,iptv-org-all.txt,972,200
Nickelodeon (India) (576p),http://103.185.24.134:3001/NICK/index.m3u8,,,,Nickelodeon.in@SD,,,,https://xstreamcp-assets-msp.streamready.in/assets/LIVETV/LIVECHANNEL/LIVETV_LIVETVCHANNEL_NICK/images/LOGO_HD/image.png,Kids,,iptv-org-all.txt,271,200
MUTV (720p),https://fastly.live.brightcove.com/6374054671112/eu-west-1/6058004203001/eyJhbGciOiJIUzI1NiIsInR5cCI6IkpXVCJ9.eyJob3N0IjoiYXplMnp5LmVncmVzcy55ODN1ZWIiLCJhY2NvdW50X2lkIjoiNjA1ODAwNDIwMzAwMSIsImVobiI6ImZhc3RseS5saXZlLmJyaWdodGNvdmUuY29tIiwiaXNzIjoiYmxpdmUtcGxheWJhY2stc291cmNlLWFwaSIsInN1YiI6InBhdGhtYXB0b2tlbiIsImF1ZCI6WyI2MDU4MDA0MjAzMDAxIl0sImp0aSI6IjYzNzQwNTQ2NzExMTIifQ.3FmuTna3DAmY7xlhK5fk6LMrosrtrR5VsU2QOgYO5y4/playlist-hls.m3u8,,,,MUTV.uk@SD,,,,https://d2n0069hmnqmmx.cloudfront.net/epgdata/1.0/newchanlogos/512/512/skychb1834.png,Sports,,iptv-org-all.txt,805,200
MBC Persia (1080p),https://shd-gcp-live.edgenextcdn.net/live/bitmovin-mbc-persia/818ee8e4b592dc497608f066d825bfb4/index.m3u8,,,,MBCPersia.ae@SD,,,,https://i.imgur.com/4FXiyjn.png,Entertainment,,iptv-org-all.txt,37,200
Nickelodeon (United States) (720p),http://198.58.104.90:8989/nickelodeon/index.m3u8,,,,Nickelodeon.us@East,,,,https://i.imgur.com/E84jnP8.png,Kids,,iptv-org-all.txt,32,200
Now 90s00s (1080p),https://amg01076-amg01076c19-rakuten-gb-8653.playouts.now.amagi.tv/playlist/amg01076-lightning-now90s00s-rakutengb/playlist.m3u8,,,,Now90s00s.uk@Poland,,,,https://images.pluto.tv/channels/660c209e19ca71000846cf38/colorLogoPNG.png,Music,,iptv-org-all.txt,1015,200
MH One Dil Se (576p),https://streams.tangotv.in/MHONEDILSE/ORIGIN/index.m3u8,,,,MHOneDilSe.in@SD,,,,https://dilse.mhone.in/wp-content/uploads/2022/02/MH-ONE-dil-se-LOGO-white-copy.png,Entertainment,,iptv-org-all.txt,828,200
Muslim Network TV,https://afghantv.app/hls2/muslimnetwork/index.m3u8,,,,MuslimNetworkTV.us@SD,,,,,Religious,,iptv-org-all.txt,1092,200
Monroe County TV (1080p),https://castus-vod-dev.s3.amazonaws.com/vod_clients/monroe/live/ch1/video.m3u8,,,,MonroeCountyTV.us@SD,,,,https://i.imgur.com/YJfzdSu.png,Legislative,,iptv-org-all.txt,498,200
News 7 Tamil (576p),https://segment.yuppcdn.net/240122/news7/playlist.m3u8,,,,News7Tamil.in@SD,,,,https://xstreamcp-assets-msp.streamready.in/assets/LIVETV/LIVECHANNEL/LIVETV_LIVETVCHANNEL_NEWS7_TAMIL/images/LOGO_HD/image.png,News,,iptv-org-all.txt,427,200
Muz-TV (576p),http://46.32.176.50/muztv/index.m3u8,,,,MuzTV.ru@SD,,,,https://i.imgur.com/BtqrHmz.png,Music,,iptv-org-all.txt,313,200
Muzhskoe kino (576p),http://stream.mcquack.net/107/index.m3u8,,,,Muzhskoekino.ru@SD,,,,https://i.imgur.com/8RN3tQC.png,Movies,,iptv-org-all.txt,126,200
Ocko Black,https://dash2.antik.sk/live/test_ocko_black/playlist.m3u8,,,,OckoBlack.cz@SD,,,,https://i.imgur.com/5rw9tWy.png,Music,,iptv-org-all.txt,100,200
News 1 India (576p),https://mumt07.tangotv.in/zHjX9OFlNEWS1INDIA/index.m3u8,,,,News1India.in@SD,,,,https://xstreamcp-assets-msp.streamready.in/assets/LIVETV/LIVECHANNEL/LIVETV_LIVETVCHANNEL_NEWS_1_INDIA/images/LOGO_HD/image.png,News,,iptv-org-all.txt,834,200
MBC+ Drama (1080p),https://shd-gcp-live.edgenextcdn.net/live/bitmovin-mbc-plus-drama/e37251ec2aac8f6c98f75cd0fa37cd28/index.m3u8,,,,MBCPlusDrama.sa@SD,,,,https://i.imgur.com/lxWdjXG.png,Movies,,iptv-org-all.txt,31,200
News 11 (576p),https://mumt07.tangotv.in/zHjX9OFlNEWS11BHARAT/index.m3u8,,,,News11.in@SD,,,,https://jiotvimages.cdn.jio.com/dare_images/images/News11.png,General,,iptv-org-all.txt,207,200
NowMedia Television (1080p),https://stream-204968.castr.net/64e0c91d08bff3041638aee3/live_a4243540d4b911f0b624bda5e9a32aa9/index.m3u8,,,,NowMediaTelevision.us@HD,,,,https://i.imgur.com/8m8gy0n.png,Lifestyle;News,,iptv-org-all.txt,636,200
Miavision TV (1080p) [Not 24/7],https://edge.essastream.com/miavisiontv/playlist.m3u8,,,,MiavisionTV.do@HD,,,,https://imgur.com/Bbcrjvs.png,General,,iptv-org-all.txt,55,200
MHZ,https://mhz-samsung-linear-ca.samsung.wurl.tv/playlist.m3u8,,,,MHZ.ca@SD,,,,https://i.imgur.com/a5fw83n.jpg,Entertainment,,iptv-org-all.txt,460,200
NRBTV (720p),http://145.239.5.177/215/index.m3u8,,,,NRBTV.us@SD,,,,https://i.imgur.com/2PL1Au7.png,Religious,,iptv-org-all.txt,218,403
NatureTime AU (1080p),https://amg00090-blueantllc-lovenature-au-samsungau-wggcn.amagi.tv/playlist/amg00090-blueantllc-lovenature-au-samsungau/playlist.m3u8,,,,NatureTime.ca@AU,,,,https://i.imgur.com/72JmyjM.png,Documentary,,iptv-org-all.txt,418,200
NowMedia Television Spanish (1080p),https://stream-204968.castr.net/64e0c91d08bff3041638aee3/live_a16fa020f4c411f09ddaa1978319689a/index.m3u8,,,,NowMediaTelevision.us@Spanish,,,,https://i.imgur.com/8m8gy0n.png,Lifestyle;News,,iptv-org-all.txt,494,200
Now 70s (720p),https://lightningnow70-samsungau.amagi.tv/playlist.m3u8,,,,Now70s.uk@SD,,,,https://i.imgur.com/qiCCX5X.png,Music,,iptv-org-all.txt,1430,200
Muzhskoy (1080p),http://str2.iptvhd.ru:8080/Muzhskoy/index.m3u8,,,,Muzhskoy.ru@SD,,,,https://i.imgur.com/xyztpBf.png,Movies,,iptv-org-all.txt,145,200
MBC Drama (South Korea) (480p) [Geo-blocked],http://mytv.dothome.co.kr/ch/catv/26.php,,,,MBCDrama.kr@SD,,,,https://i.imgur.com/Q20rqnX.png,Entertainment,,iptv-org-all.txt,2077,200
MBC Net (480p) [Geo-blocked],http://mytv.dothome.co.kr/ch/catv/28.php,,,,MBCNet.kr@SD,,,,https://upload.wikimedia.org/wikipedia/commons/thumb/9/91/MBCNET_%EB%A1%9C%EA%B3%A0.svg/960px-MBCNET_%EB%A1%9C%EA%B3%A0.svg.png,Undefined,,iptv-org-all.txt,406,200
NatureTime (1080p),https://bamusa-naturetime-emea-eng-rakuten.amagi.tv/playlist.m3u8,,,,NatureTime.ca@SD,,,,https://i.imgur.com/72JmyjM.png,Documentary,,iptv-org-all.txt,623,200
Observator News (360p),https://live77cdn2.antenaplay.ro/live_ObservatorNews/live_ObservatorNews.m3u8,,,,ObservatorNews.ro@SD,,,,https://i.imgur.com/f6xEIAr.png,News,,iptv-org-all.txt,919,200
Oasis TV (Paraguay) (720p),https://video.hostingcaaguazu.com:19360/oasistv/oasistv.m3u8,,,,OasisTV.py@SD,,,,https://i.imgur.com/u9umNKp.jpeg,Entertainment,,iptv-org-all.txt,1422,200
News 1st (576p),https://d1msejlow1t3l4.cloudfront.net/fta/News1st/playlist.m3u8,,,,News1st.in@SD,,,,https://dtil.tmsimg.com/assets/s143587_ld_h15_aa.png?lock=720x540,News,,iptv-org-all.txt,830,200
Nickelodeon CIS (1080p),https://stream8.cinerama.uz/1500/playlist.m3u8,,,,NickelodeonCIS.kz@SD,,,,https://i.imgur.com/E84jnP8.png,Kids,,iptv-org-all.txt,179,200
Muzvar (1080p),https://cdn15.live-tv.cloud/ua_infinitas_tv/muzvar-abr/playlist.m3u8,,,,Muzvar.ua@SD,,,,https://i.imgur.com/Klu5k9U.png,Music,,iptv-org-all.txt,264,200
News12+ Connecticut (1080p) [Geo-blocked],https://mdc.ott.alticeusa.net/live4.ott.optimum.net/live4-uploads/N12PLUS_H_CT_A1/index_new.m3u8,,,,News12PlusConnecticut.us@HD,,,,https://i.ibb.co/n8m2mcsV/news12plus-CT.jpg,News,,iptv-org-all.txt,437,200
News12+ Long Island (1080p) [Geo-blocked],https://mdc.ott.alticeusa.net/live4.ott.optimum.net/live4-uploads/N12PLUS_H_LI_A1/index_new.m3u8,,,,News12PlusLongIsland.us@HD,,,,https://i.ibb.co/p6FPNcCk/news12plus-LI.jpg,News,,iptv-org-all.txt,251,200
NG Federal (720p),http://www.coninfo.net:1935/tvlink/live/playlist.m3u8,,,,NGFederal.ar@SD,,,,https://i.imgur.com/lJCIqYn.png,General,,iptv-org-all.txt,5312,200
Muzangala TV (1080p),https://5cf4a2c2512a2.streamlock.net/tvmuzangala/tvmuzangala/playlist.m3u8,,,,MuzangalaTV.ao@SD,,,,https://i.imgur.com/fBeaJoS.png,Music,,iptv-org-all.txt,509,200
News12+ New York (1080p) [Geo-blocked],https://mdc.ott.alticeusa.net/live4.ott.optimum.net/live4-uploads/N12PLUS_H_NYC_A1/index_new.m3u8,,,,News12PlusNewYork.us@HD,,,,https://i.ibb.co/tThKYM09/news12plus-NYC.jpg,News,,iptv-org-all.txt,18,200
MI Turno TV,https://video.udwn.net:19360/miturnotv/miturnotv.m3u8,,,,MITurnoTV.do@SD,,,,https://imgur.com/uODDaEY.png,General,,iptv-org-all.txt,414,200
News12+ New Jersey (1080p) [Geo-blocked],https://mdc.ott.alticeusa.net/live4.ott.optimum.net/live4-uploads/N12PLUS_H_NJ_A1/index_new.m3u8,,,,News12PlusNewJersey.us@HD,,,,https://i.ibb.co/qYCVcWDV/news12plus-NJ.jpg,News,,iptv-org-all.txt,195,200
Montecristi Digital 8 [Geo-blocked],https://soportedvb.click:3400/live/montecristitvlive.m3u8,,,,MontecristiDigital8.do@HD,,,,https://imgur.com/ExoOHQI.jpeg,General,,iptv-org-all.txt,439,200
NatureTime France (1080p),https://bamusa-naturetime-emea-fra-rakuten.amagi.tv/playlist.m3u8,,,,NatureTime.ca@France,,,,https://i.imgur.com/72JmyjM.png,Documentary,,iptv-org-all.txt,516,200
Monte Maria (1080p),https://5ca9af4645e15.streamlock.net/montemaria/videomontemaria/playlist.m3u8,,,,MonteMaria.mx@SD,,,,https://i.imgur.com/0rMHbbM.png,Religious,,iptv-org-all.txt,544,200
NOW Rock (1080p),https://lightning-now90s-samsungnz.amagi.tv/playlist.m3u8,,,,NOWRock.uk@SD,,,,https://i.imgur.com/GuM4GnX.png,Music,,iptv-org-all.txt,1343,200
Muzyka Live (576p),http://stream.mcquack.net/303/index.m3u8,,,,MuzykaLive.ru@SD,,,,https://i.imgur.com/RH6hTWG.png,Music,,iptv-org-all.txt,124,200
NatureTime ES (1080p),https://shls-live-ak.akamaized.net/out/v1/b06a89a463764d3688cda337d40dc5bf/index.m3u8,,,,NatureTime.ca@ES,,,,https://i.imgur.com/72JmyjM.png,Documentary,,iptv-org-all.txt,659,200
Nautical Channel (720p),https://a-cdn.klowdtv.com/live2/nautical_720p/playlist.m3u8,,,,NauticalChannel.it@SD,,,,https://i.imgur.com/2ByDyzL.png,Sports,,iptv-org-all.txt,183,200
Muz Soyuz (576p),https://hls-tvsoyuz.cdnvideo.ru/tvsoyuz2/muzsoyuz.6fw0-58xp-acts-esy0/playlist.m3u8,,,,MuzSoyuz.ru@SD,,,,https://i.imgur.com/Puk1Bhx.png,Music;Religious,,iptv-org-all.txt,1122,200
Navarrete Television (1080p) [Not 24/7],https://cnn.hostlagarto.com/ntvnavarrete/index.m3u8,,,,NavarreteTelevision.do@HD,,,,https://dominicanchannels.com/wp-content/uploads/navarrete.png,General,,iptv-org-all.txt,34,200
NatureTime UK (1080p),https://amg01515-amg01515c43-samsung-gb-9038.playouts.now.amagi.tv/playlist.m3u8,,,,NatureTime.ca@UK,,,,https://i.imgur.com/72JmyjM.png,Documentary,,iptv-org-all.txt,474,200
NOW TV (720p),https://uycyyuuzyh.turknet.ercdn.net/nphindgytw/nowtv/nowtv.m3u8,,,,NOWTV.tr@SD,,,,https://i.imgur.com/5EYjWK7.png,Entertainment,,iptv-org-all.txt,1297,200
Muzyka Pervogo (576p),http://stream.mcquack.net/153/index.m3u8,,,,MuzykaPervogo.ru@SD,,,,https://i.imgur.com/U0vKj3P.png,Music,,iptv-org-all.txt,127,200
Monterrico TV,https://h.jcp.live.opencaster.com/play_src/index.m3u8,,,,MonterricoTV.pe@SD,,,,https://i.imgur.com/SuVO9T7.png,Sports,,iptv-org-all.txt,556,200
Oberpfalz TV (1080p),https://oberpfalztv.iptv-playoutcenter.de/oberpfalztv/oberpfalztv.stream_1/playlist.m3u8,,,,OberpfalzTV.de@SD,,,,https://i.imgur.com/ISI5KDd.png,General,,iptv-org-all.txt,1665,200
MONO 29,https://lb1-live-mv.v2h-cdn.com/hls/ffbc/ffolvgdhk/ffolvgdhk.m3u8,,,,MONO29.th@SD,,,,https://upload.wikimedia.org/wikipedia/commons/d/d5/Mono_29_Logo.png,Entertainment,,iptv-org-all.txt,1595,403
News9Live (1080p),https://amg01106-amg01106c3-amgplt0844.playout.now3.amagi.tv/ts-ap-s1-n1/playlist/amg01106-amg01106c3-amgplt0844/playlist.m3u8,,,,News9Live.in@SD,,,,https://jiotvimages.cdn.jio.com/dare_images/images/News9.png,News,,iptv-org-all.txt,952,200
Moon TV (576p),https://d1msejlow1t3l4.cloudfront.net/fta/moontv/playlist.m3u8,,,,MoonTV.in@SD,,,,https://i.imgur.com/3l25EZI.png,News,,iptv-org-all.txt,241,200
Navo (576p),https://stream8.cinerama.uz/1008/tracks-v1a1/playlist.m3u8,,,,Navo.uz@SD,,,,https://i.imgur.com/7dZ64y9.png,General,,iptv-org-all.txt,179,200
MH One Shraddha (576p),https://mumt01.tangotv.in/O5aw8Zn3MHONESHRADDHA/index.m3u8,,,,MHOneShraddha.in@SD,,,,https://i.imgur.com/Lrm8qTO.png,Religious,,iptv-org-all.txt,1272,200
Montgomery Channel,https://reflect-montgomerycommunitymedia.cablecast.tv/live-11/live/stream-4/live.m3u8,,,,MontgomeryChannel.us@SD,,,,https://i.imgur.com/mU1Ixfj.png,General,,iptv-org-all.txt,671,403
NRK3 (1080i) [Geo-blocked],https://nrk-live-no.akamaized.net/nrk3/muxed.m3u8,,,,NRK3.no@SD,,,,https://i.imgur.com/TNhV2I7.png,Entertainment,,iptv-org-all.txt,413,403
NRK Tegnsprak (1080i) [Geo-blocked],https://nrk-live-no.akamaized.net/nrk_tegnspraak/muxed.m3u8,,,,NRKTegnsprak.no@SD,,,,https://i.imgur.com/VCpWG3h.png,General,,iptv-org-all.txt,157,403
Ocko (540p),https://ocko-live-dash.ssl.cdn.cra.cz/cra_live2/ocko.stream.1.smil/playlist.m3u8,,,,Ocko.cz@SD,,,,https://upload.wikimedia.org/wikipedia/commons/thumb/2/20/%C3%93%C4%8Dko_logo_2012.png/960px-%C3%93%C4%8Dko_logo_2012.png,Music,,iptv-org-all.txt,932,200
Nickelodeon Latin America (1080p),http://15.204.246.24:8080/NickHD/index.m3u8,,,,NickelodeonLatinAmerica.us@Panregional,,,,https://i.imgur.com/E84jnP8.png,Kids,,iptv-org-all.txt,15,200
NRK1 (1080i) [Geo-blocked],https://nrk-live-no.akamaized.net/nrk1/muxed.m3u8,,,,NRK1.no@SD,,,,https://i.imgur.com/9tj8ds7.png,General,,iptv-org-all.txt,621,403
NRK Super (1080i) [Geo-blocked],https://nrk-live-no.akamaized.net/nrksuper/muxed.m3u8,,,,NRKSuper.no@SD,,,,https://i.imgur.com/xIATe2T.png,Kids,,iptv-org-all.txt,320,403
NRK2 (1080i) [Geo-blocked],https://nrk-live-no.akamaized.net/nrk2/muxed.m3u8,,,,NRK2.no@SD,,,,https://i.imgur.com/SiAdoK9.png,General,,iptv-org-all.txt,496,403
Nickelodeon Junior (1080p),http://151.80.18.177:86/Nickelodeon_Junior/index.m3u8,,,,NickelodeonJunior.fr@SD,,,,https://upload.wikimedia.org/wikipedia/commons/thumb/9/99/Nickelodeon_Junior.png/960px-Nickelodeon_Junior.png,Kids,,iptv-org-all.txt,239,200
News12 Hudson Valley [Geo-blocked],https://mdc.ott.alticeusa.net/live4.ott.optimum.net/live4-uploads/N12HH_A1/index_new.m3u8?omap=https,,,,News12HudsonValley.us@SD,,,,https://upload.wikimedia.org/wikipedia/commons/thumb/7/7a/News_12_logo_2019.png/960px-News_12_logo_2019.png,News,,iptv-org-all.txt,72,200
Montones TV (1080p),https://lbgo.bozztv.com/ssh101/ssh101/montonestv1/playlist.m3u8,,,,MontonesTV.do@HD,,,,https://montonestv.com/wp-content/uploads/2025/11/montones-logo.png,Music,,iptv-org-all.txt,641,200
MBTV (720p),https://edge-f.swagit.com/live/miamibeachfl/live-1-a/playlist.m3u8,,,,MBTV.us@SD,,,,https://i.imgur.com/LyqFr9E.png,Legislative,,iptv-org-all.txt,715,200
Navoiy MTRK (576i),https://stream8.cinerama.uz/1460/tracks-v1a1/mono.m3u8,,,,NavoiyMTRK.uz@SD,,,,https://i.imgur.com/qa4VlYh.png,General,,iptv-org-all.txt,179,200
MCM Top (576p),http://46.32.176.50/mcmtop/index.m3u8,,,,MCMTop.ru@SD,,,,https://i.imgur.com/EVtWQLd.png,Music,,iptv-org-all.txt,156,200
News12 New Jersey [Geo-blocked],https://mdc.ott.alticeusa.net/live4.ott.optimum.net/live4-uploads/N12JH_CENT_A1/index_new.m3u8?omap=https,,,,News12NewJersey.us@SD,,,,https://upload.wikimedia.org/wikipedia/commons/thumb/7/7a/News_12_logo_2019.png/960px-News_12_logo_2019.png,News,,iptv-org-all.txt,17,200
Ocko Expres (540p),https://ocko-live.ssl.cdn.cra.cz/channels/ocko_expres/playlist.m3u8,,,,OckoExpres.cz@SD,,,,https://upload.wikimedia.org/wikipedia/commons/thumb/2/2b/%C3%93%C4%8Dko_Expres_logo.png/960px-%C3%93%C4%8Dko_Expres_logo.png,Music,,iptv-org-all.txt,1072,200
Now 14 (1080p),https://r.il.cdn-redge.media/livehls/oil/ch14/live/ch14/live.livx/playlist.m3u8,,,,Now14.il@SD,,,,https://i.imgur.com/Iq2Kb69.png,General,,iptv-org-all.txt,2588,200
Microvision 10 (720p) [Not 24/7],https://streaming.telecablecentral.com.do/live/MicroHD/playlist.m3u8,,,,Microvision10.do@SD,,,,https://i.imgur.com/wMl1fNZ.png,General,,iptv-org-all.txt,1016,200
Muzyka 1 [Not 24/7],https://kino-1.catcast.tv/content/37745/index.m3u8,,,,Muzyka1.ru@International,,,,https://i.imgur.com/DIKe5vA.png,Music,,iptv-org-all.txt,1019,200
Monte Carlo Digital Television (1080p),https://fl718492-exthls-p1.flovp.com/fl718492/live/live.m3u8,,,,MonteCarloDigitalTelevision.fr@HD,,,,https://i.imgur.com/99h8F1y.jpeg,Lifestyle,,iptv-org-all.txt,1338,200
Muzyka Kino [Not 24/7],https://kino-1.catcast.tv/content/37739/index.m3u8,,,,MuzykaKino.ru@International,,,,https://i.imgur.com/2SG0Swa.png,Music,,iptv-org-all.txt,885,200
MVS TV [Geo-blocked],https://dish.akamaized.net/Content/HLS_HLS_CLR/Live/channel(mvs)/variant.m3u8,,,,MVSTV.mx@SD,,,,https://i.imgur.com/TcB37yV.png,General,,iptv-org-all.txt,577,403
Montreal Greek TV (480p),http://live.greektv.ca/hls1/greektv.m3u8,,,,MontrealGreekTV.ca@SD,,,,https://i.imgur.com/Y5YnUit.png,Culture,,iptv-org-all.txt,850,200
NEW K-POP (1080p),https://ads.its-newid.net/api/manifest.m3u8?ads.service_id=GB17000088V&channel_id=newid_086&tp=samsung_tvplus,,,,NEWKPOP.us@SD,,,,https://i.imgur.com/B7ILXMc.png,Music,,iptv-org-all.txt,2739,200
Middle East TV (1080p),https://content.uplynk.com/channel/9d35b73c264946d5945db6cdff26336e.m3u8,,,,MiddleEastTV.cy@SD,,,,https://i.imgur.com/oKU5KeW.png,Religious,,iptv-org-all.txt,1052,200
Navahang TV (720p),https://hls.navahang.live/hls/stream.m3u8,,,,NavahangTV.fi@SD,,,,https://i.imgur.com/YteKXJy.png,Music,,iptv-org-all.txt,914,200
McLeod's Daughters (1080p),https://amg00627-amg00627c5-samsung-nz-2807.playouts.now.amagi.tv/playlist/amg00627-banijayfast-mcleodsdaughters-samsungnz/playlist.m3u8,,,,McLeodsDaughters.us@UK,,,,https://i.imgur.com/q4BBDzw.png,Series,,iptv-org-all.txt,770,200
NEW K.MOVIES (1080p),https://ads.its-newid.net/api/manifest.m3u8?ads.service_id=GB1700007PK&channel_id=newid_343&tp=samsung_tvplus,,,,NEWKMOVIES.us@SD,,,,https://i.imgur.com/wCgirjc.png,Movies,,iptv-org-all.txt,2657,200
NBA TV (1080p),https://cdn1.ayitistream.com/NBATV/index.m3u8,,,,NBATV.us@SD,,,,https://upload.wikimedia.org/wikipedia/en/thumb/d/d2/NBA_TV.svg/960px-NBA_TV.svg.png,Sports,,iptv-org-all.txt,149,200
Moonbug Kids (1080p),https://moonbug-rokuus.amagi.tv/playlist.m3u8,,,,MoonbugKids.uk@SD,,,,https://i.imgur.com/vZHtxQb.png,Kids,,iptv-org-all.txt,785,200
News12 Westchester [Geo-blocked],https://mdc.ott.alticeusa.net/live4.ott.optimum.net/live4-uploads/N12WH_A1/index_new.m3u8?omap=https,,,,News12Westchester.us@SD,,,,https://upload.wikimedia.org/wikipedia/commons/thumb/7/7a/News_12_logo_2019.png/960px-News_12_logo_2019.png,News,,iptv-org-all.txt,18,200
Midnight Pulp (1080p),https://linear-897.frequency.stream/dist/cineverse/897/hls/master/playlist.m3u8,,,,MidnightPulp.us@SD,,,,https://provider-static.plex.tv/a/epg/channels/logos/gracenote/a1a2cdc3d6f0714c586e9959732580c7.png,Entertainment,,iptv-org-all.txt,989,200
Midsomer Murders (1080p),https://all3media-midsomer-1-us.roku.wurl.tv/playlist.m3u8,,,,MidsomerMurders.us@SD,,,,https://i.imgur.com/VFqfyfY.png,Series,,iptv-org-all.txt,221,200
MCN6 Music Channel (1080p) [Not 24/7],https://d18fcxaqfnwjhj.cloudfront.net/CDN_Ingest/MCN6_MUSIC.smil/Playlist.m3u8,,,,MCN6MusicChannel.us@SD,,,,https://i.imgur.com/j6IiysJ.png,Animation;Kids;Music,,iptv-org-all.txt,128,200
MCN6 Main Channel (1080p) [Not 24/7],https://d18fcxaqfnwjhj.cloudfront.net/CDN_Ingest/MCN6_MAIN.smil/Playlist.m3u8,,,,MCN6MainChannel.us@SD,,,,https://i.imgur.com/j6IiysJ.png,Entertainment;General,,iptv-org-all.txt,262,200
MCN6 Arts Channel (1080p) [Not 24/7],https://d18fcxaqfnwjhj.cloudfront.net/CDN_Ingest/MCN6_COMEDY.smil/Playlist.m3u8,,,,MCN6ArtsChannel.us@SD,,,,https://i.imgur.com/j6IiysJ.png,Culture;Education,,iptv-org-all.txt,458,200
Mi Radio TV,https://scl.edge.grupoz.cl/miradio2/live/playlist.m3u8,,,,MiRadioTV.cl@SD,,,,https://i.imgur.com/XEpLWJw.png,General,,iptv-org-all.txt,1490,200
MCN Television (720p),https://eu1.servers10.com:8081/8338/index.m3u8,,,,MCNTelevision.gt@SD,,,,https://i.imgur.com/SNUaCCw.png,Religious,,iptv-org-all.txt,87,200
MWD (720p) [Not 24/7],http://203.81.84.130/hls/mwd/index.m3u8,,,,MWD.mm@SD,,,,https://i.imgur.com/zyTQG9F.png,General,,iptv-org-all.txt,570,200
Nayarit Comunica (1080p),https://live.iplanay.gob.mx/hls/nayarittv.m3u8,,,,NayaritComunica.mx@SD,,,,https://i.imgur.com/aZCTkjU.jpg,General,,iptv-org-all.txt,446,200
NBC (1080p),http://190.11.225.124:5000/live/nbc_hd/playlist.m3u8,,,,NBC.us@East,,,,https://i.imgur.com/nxY84W5.png,General,,iptv-org-all.txt,98,200
Midpen Media Center Channel 29 (720p),https://5c2974786200d.streamlock.net/live-chan29/ngrp:ch29_all/playlist.m3u8,,,,MidpenMediaCenterChannel29.us@SD,,,,https://i.imgur.com/RPJiolQ.png,Legislative,,iptv-org-all.txt,814,200
Midpen Media Center Channel 26 (720p),https://5c2974786200d.streamlock.net/live-chan26/ngrp:ch26_all/playlist.m3u8,,,,MidpenMediaCenterChannel26.us@SD,,,,https://i.imgur.com/aX1GkCD.png,Undefined,,iptv-org-all.txt,1051,200
Midpen Media Center Channel 30 (720p),https://5c2974786200d.streamlock.net/live-chan30/ngrp:ch30_all/playlist.m3u8,,,,MidpenMediaCenterChannel30.us@SD,,,,https://i.imgur.com/RPJiolQ.png,Culture,,iptv-org-all.txt,672,200
MY5 (576p),https://stream8.cinerama.uz/1217/tracks-v1a1/playlist.m3u8,,,,MY5.uz@SD,,,,https://i.imgur.com/bjlzu5k.png,Entertainment,,iptv-org-all.txt,181,200
News12 New York (1080p),https://aegis-cloudfront-1.tubi.video/97fbb992-c212-4164-8406-abb6f731e517/playlist.m3u8,,,,News12NewYork.us@SD,,,,https://i.imgur.com/Ez7qAZP.png,News,,iptv-org-all.txt,370,200
MWD Documentary [Geo-blocked],http://203.81.84.130/hls/mwd_document/index.m3u8,,,,MWDDocumentary.mm@SD,,,,https://i.imgur.com/4XV7cjU.png,Documentary,,iptv-org-all.txt,571,200
Midpen Media Center Channel 75 (720p),https://5c2974786200d.streamlock.net/live-chan75/ngrp:ch75_all/playlist.m3u8,,,,MidpenMediaCenterChannel75.us@SD,,,,https://i.imgur.com/RPJiolQ.png,Culture,,iptv-org-all.txt,622,200
Midpen Media Center Channel 28 (720p),https://5c2974786200d.streamlock.net/live-chan28/ngrp:ch28_all/playlist.m3u8,,,,MidpenMediaCenterChannel28.us@SD,,,,https://i.imgur.com/RPJiolQ.png,Education,,iptv-org-all.txt,1055,200
NBC KNTV (1080p),https://d368vp0qqzvkid.cloudfront.net/11603/88889711/hls/master.m3u8?ads.xumo_channelId=88889711a&ads.xumo_ifaType=&ads.xumo_providerId=3822&ads.xumo_providerName=NBCNBA,,,,NBC.us@KNTV,,,,https://i.imgur.com/nxY84W5.png,General,,iptv-org-all.txt,93,200
Mooz Hits,https://tvextra-hls.b-cdn.net/moozhits/moozhits.m3u8,,,,MoozHits.ro@SD,,,,https://i.imgur.com/GwATd3Y.png,Music,,iptv-org-all.txt,791,200
Mooz Dance,https://tvextra-hls.b-cdn.net/moozdance/moozdance.m3u8,,,,MoozDance.ro@SD,,,,https://i.imgur.com/aX70RD2.png,Music,,iptv-org-all.txt,938,200
MCOT HD,https://lb1-live-mv.v2h-cdn.com/hls/ffbb/gdhk/gdhk.m3u8,,,,MCOTHD.th@SD,,,,https://i.imgur.com/ejPxGmU.png,General,,iptv-org-all.txt,241,403
Mooz Ro!,https://tvextra-hls.b-cdn.net/moozro/moozro.m3u8,,,,MoozRo.ro@SD,,,,https://i.imgur.com/Ft24x5T.png,Music,,iptv-org-all.txt,679,200
Naxcivan TV (720p),https://str2.yodacdn.net/ntv/video.m3u8,,,,NaxcivanTV.az@SD,,,,https://i.imgur.com/8yLFkdE.png,General,,iptv-org-all.txt,817,200
NRWision (1080p),https://fms.nrwision.de/live/ngrp:livestreamHD.stream/playlist.m3u8,,,,NRWision.de@SD,,,,https://i.imgur.com/RkF2Kmx.png,Education,,iptv-org-all.txt,807,200
NBC KRIS-TV (1080p),https://content.uplynk.com/channel/e72660594b7a4182982af1690609683d.m3u8,,,,NBC.us@KRISTV,,,,https://i.imgur.com/nxY84W5.png,General,,iptv-org-all.txt,88,200
MierschTV,https://streamer20.multimedia.blue/Post/MerschTV_IPTV/playlist.m3u8,,,,MierschTV.lu@SD,,,,https://i.imgur.com/Vdc1GYP.jpg,General,,iptv-org-all.txt,399,200
MWD Movies [Not 24/7],http://203.81.84.130/hls/mwd_movie/index.m3u8,,,,MWDMovies.mm@SD,,,,https://i.imgur.com/5KRsqeF.png,Movies,,iptv-org-all.txt,576,200
MCPSS TV,https://5b200f5268ceb.streamlock.net/MCPSS/MCPSS247.smil/playlist.m3u8,,,,MCPSSTV.us@SD,,,,https://i.imgur.com/qo5sk1g.png,Education,,iptv-org-all.txt,199,200
NBC KSBW (720p),https://aegis-cloudfront-1.tubi.video/8e6af50d-76df-4208-ab8d-3ff8f512cd38/playlist.m3u8,,,,NBC.us@KSBW,,,,https://i.imgur.com/nxY84W5.png,General,,iptv-org-all.txt,71,200
Nativa TV Satipo (720p),https://live-evg7.tv360.bitel.com.pe/bitel/nativachanchamayoSRT/playlist.m3u8,,,,NativaTVSatipo.pe@SD,,,,https://i.imgur.com/ScCAgGB.png,General,,iptv-org-all.txt,2588,200
NSTV (1080p),https://sistemastr.tropicalmoonmedia.com/live/2C7CA6CECC9B8F8C3A07315FDA110936/21.m3u8,,,,NSTV.co@SD,,,,https://i.imgur.com/ES6xFAv.png,General,,iptv-org-all.txt,228,200
My Music (576p),http://5.254.89.106:80/8821/index.m3u8,,,,MyMusic.al@SD,,,,https://i.imgur.com/7cvPvOx.png,Music,,iptv-org-all.txt,103,403
My Righteous TV,https://live20.bozztv.com/ssh101/ssh101/myrighteous/playlist.m3u8,,,,MyRighteousTV.cm@SD,,,,https://i.imgur.com/wKSLNHB.png,Religious,,iptv-org-all.txt,17,403
National Iranian Congress TV,https://tv.iraniancongress.com/stream/tv.m3u8,,,,NationalIranianCongressTV.us@SD,,,,https://iraniancongress.com/tv/logo.png,News,,iptv-org-all.txt,3182,200
Mihan TV,https://iptv.mihantv.com/mihantv/playlist.m3u8,,,,MihanTV.ir@SD,,,,https://i.imgur.com/XEMsM7w.png,News,,iptv-org-all.txt,421,200
MWD Variety (720p) [Not 24/7],http://203.81.84.130/hls/mwd_variety/index.m3u8,,,,MWDVariety.mm@SD,,,,https://i.imgur.com/wb3Ku8X.png,Entertainment,,iptv-org-all.txt,580,200
MC TV (720p),https://rrr.sz.xlcdn.com/?account=mceutv&file=mc2&output=playlist.m3u8&protocol=https&service=wowza&type=live,,,,MCTV.de@HD,,,,https://upload.wikimedia.org/wikipedia/tr/c/ca/MC_TV_logosu.png,Entertainment,,iptv-org-all.txt,1591,200
News18 Bihar Jharkhand (1080p),https://n18syndication.akamaized.net/bpk-tv/News18_Bihar_Jharkhand_NW18_MOB/output01/master.m3u8,,,,News18BiharJharkhand.in@SD,,,,https://i.imgur.com/FQ3zDZE.png,News,,iptv-org-all.txt,313,200
NBC KSBY (720p),https://aegis-cloudfront-1.tubi.video/d5f0543d-5f83-4a69-ba01-c5a68f0c09a1/playlist.m3u8,,,,NBC.us@KSBY,,,,https://i.imgur.com/nxY84W5.png,General,,iptv-org-all.txt,190,200
NTD TV (1080p),https://ntd02.akamaized.net/HD-NY/index.m3u8,,,,NTDTV.us@East,,,,https://upload.wikimedia.org/wikipedia/commons/thumb/2/2b/NTD_Logo_with_symbol.svg/960px-NTD_Logo_with_symbol.svg.png,General,,iptv-org-all.txt,192,200
MDF.1 (1080p),http://58bd5b7a98e04.streamlock.net/medienasa-live/mdf1_high/playlist.m3u8,,,,MDF1.de@SD,,,,https://i.imgur.com/IFGXK6u.png,General,,iptv-org-all.txt,363,200
NBC KSHB-TV (720p),https://content.uplynk.com/channel/50d0fa1b042945a3a4f550f9b8412c83.m3u8,,,,NBC.us@KSHBTV,,,,https://i.imgur.com/nxY84W5.png,General,,iptv-org-all.txt,91,200
NTD TV West (720p),https://ntd02.akamaized.net/HD-LA/index.m3u8,,,,NTDTV.us@West,,,,https://upload.wikimedia.org/wikipedia/commons/thumb/2/2b/NTD_Logo_with_symbol.svg/960px-NTD_Logo_with_symbol.svg.png,General,,iptv-org-all.txt,78,200
Nicktoons (Czech Republic),http://88.212.15.19/live/test_nicktoons/playlist.m3u8,,,,Nicktoons.cz@SD,,,,https://upload.wikimedia.org/wikipedia/commons/d/d8/Nicktoons_UK_Logo_2014.png,Kids,,iptv-org-all.txt,124,200
Mora-Net TV (576p),https://stream.moranettv.hu/live/index.m3u8,,,,MoraNetTV.hu@SD,,,,https://i.imgur.com/yT0RmKi.png,General,,iptv-org-all.txt,940,200
NBC KXAS-TV (1080p),https://d368vp0qqzvkid.cloudfront.net/11603/88889706/hls/master.m3u8?ads.xumo_channelId=88889706a&ads.xumo_ifaType=&ads.xumo_providerId=3831&ads.xumo_providerName=NBCNDAL,,,,NBC.us@KXASTV,,,,https://i.imgur.com/nxY84W5.png,General,,iptv-org-all.txt,26,200
My TV (Bangladesh),https://app.ncare.live/c3VydmVyX8RpbEU9Mi8xNy8yMDE0GIDU6RgzQ6NTAgdEoaeFzbF92YWxIZTO0U0ezN1IzMyfvcGVMZEJCTEFWeVN3PTOmdFsaWRtaW51aiPhnPTI2/mytv-up-off.stream/live-orgin/mytv-up-off.stream/playlist.m3u8,,,,MyTV.bd@SD,,,,https://i.imgur.com/475qK5T.png,General,,iptv-org-all.txt,242,200
News18 Assam North-East (1080p),https://n18syndication.akamaized.net/bpk-tv/News18_Assam_North_East_NW18_MOB/output01/master.m3u8,,,,News18AssamNorthEast.in@SD,,,,https://xstreamcp-assets-msp.streamready.in/assets/LIVETV/LIVECHANNEL/LIVETV_LIVETVCHANNEL_NEWS18_ASSAM_NORTHSYMHYPEAST/images/LOGO_HD/image.png,News,,iptv-org-all.txt,835,200
MDR Fernsehen (1080p) [Geo-blocked],https://mdrtvsnhls.akamaized.net/hls/live/2016928/mdrtvsn/index.m3u8,,,,MDRFernsehen.de@Sachsen,,,,https://upload.wikimedia.org/wikipedia/commons/thumb/6/61/MDR_Logo_2017.svg/960px-MDR_Logo_2017.svg.png,General,,iptv-org-all.txt,402,403
Millenium 109 FM,https://videoserver.tmcreativos.com:19360/nqvnhujhrx/nqvnhujhrx.m3u8,,,,Millenium109FM.pe@SD,,,,https://i.imgur.com/sfNL6Bv.png,Music,,iptv-org-all.txt,233,200
Mijas 3.40TV (720p),https://streaming004.gestec-video.com/hls/MIJAS.m3u8,,,,Mijas340TV.es@SD,,,,https://i.imgur.com/RH1zLLs.png,General,,iptv-org-all.txt,725,200
MDR Fernsehen Sachsen Anhalt (1080p) [Geo-blocked],https://mdrtvsahls.akamaized.net/hls/live/2016879/mdrtvsa/index.m3u8,,,,MDRFernsehen.de@SachsenAnhalt,,,,https://upload.wikimedia.org/wikipedia/commons/thumb/6/61/MDR_Logo_2017.svg/960px-MDR_Logo_2017.svg.png,General,,iptv-org-all.txt,283,403
MDL (720p),http://tv.mondeduloisir.fr:1935/tixtv/smil:web.smil/playlist.m3u8,,,,MDL.fr@SD,,,,https://i.imgur.com/REN30bx.png,Undefined,,iptv-org-all.txt,568,200
Milenial TV,https://www.milenial.news/salida/milenial.m3u8,,,,MilenialTV.pe@SD,,,,https://i.imgur.com/8ZiNoEa.png,General,,iptv-org-all.txt,604,200
NBC KSNV (1080p),https://linear-708.frequency.stream/dist/stirr/708/hls/master/playlist.m3u8,,,,NBC.us@KSNV,,,,https://i.imgur.com/nxY84W5.png,General,,iptv-org-all.txt,317,503
NBC WBTS-CD (1080p),https://d368vp0qqzvkid.cloudfront.net/11603/88889713/hls/master.m3u8?ads.xumo_channelId=88889713a&ads.xumo_ifaType=&ads.xumo_providerId=3820&ads.xumo_providerName=NBCNBOS,,,,NBC.us@WBTSCD,,,,https://i.imgur.com/nxY84W5.png,General,,iptv-org-all.txt,20,200
NBC WBAL-TV (720p),https://aegis-cloudfront-1.tubi.video/888aedca-93fb-4aed-bb92-4beb8f1323c6/playlist.m3u8,,,,NBC.us@WBALTV,,,,https://i.imgur.com/nxY84W5.png,General,,iptv-org-all.txt,134,200
Milliy (1080p),https://stream8.cinerama.uz/1014/tracks-v1a1/playlist.m3u8,,,,Milliy.uz@SD,,,,https://i.imgur.com/v4FBm26.png,General,,iptv-org-all.txt,180,200
News18 Delhi NCR JK (1080p),https://n18syndication.akamaized.net/bpk-tv/News18_JKLH_NW18_MOB/output01/master.m3u8,,,,News18DelhiNCRJK.in@SD,,,,https://jiotvimages.cdn.jio.com/dare_images/images/News18JKLH.png,News,,iptv-org-all.txt,740,200
Nicktoons (United States) (720p),http://41.205.93.154/NICKTOONS/index.m3u8,,,,Nicktoons.us@East,,,,https://images.pluto.tv/channels/654ca7f92c1d3300086b608c/colorLogoPNG_1751457678592.png,Kids,,iptv-org-all.txt,396,200
My TV Channel (720p) [Not 24/7],http://connectiktv.ddns.net:5000/mytvchannel/@mytvchannel/playlist.m3u8,,,,MyTVChannel.cm@SD,,,,https://i.imgur.com/vh2373L.png,Undefined,,iptv-org-all.txt,359,200
Mystery Science Theater 3000 (1080p),https://d1c73nj8qxp55a.cloudfront.net/Mystery_Science_Theater_3000.m3u8,,,,MysteryScienceTheater3000.us@SD,,,,https://i.imgur.com/8KWjY4o.png,Comedy,,iptv-org-all.txt,125,200
MDR Fernsehen Thuringen,https://dash4.antik.sk/live/test_mdr_tizen/playlist.m3u8,,,,MDRFernsehen.de@Thuringen,,,,https://upload.wikimedia.org/wikipedia/commons/thumb/6/61/MDR_Logo_2017.svg/960px-MDR_Logo_2017.svg.png,General,,iptv-org-all.txt,496,200
Morning Cloud TV (720p),https://livecdn.live247stream.com/mc/tv/playlist.m3u8,,,,MorningCloudTV.ke@SD,,,,https://i.imgur.com/Lxfd2ip.png,Religious,,iptv-org-all.txt,376,200
News18 India (1080p),https://n18syndication.akamaized.net/bpk-tv/News18_India_NW18_MOB/output01/master.m3u8,,,,News18India.in@SD,,,,https://xstreamcp-assets-msp.streamready.in/assets/LIVETV/LIVECHANNEL/LIVETV_LIVETVCHANNEL_NEWS18_INDIA/images/LOGO_HD/image.png,News,,iptv-org-all.txt,664,200
NTD TV Canada,https://live.ntdtv.com/mllive860/playlist.m3u8,,,,NTDTVCanada.us@East,,,,https://i.imgur.com/iyFXcDy.png,General,,iptv-org-all.txt,442,200
Med Muzik (1080p),http://54.36.110.140/live3/live3.m3u8,,,,MedMuzik.tr@SD,,,,https://i.imgur.com/gtUFmCD.png,Music,,iptv-org-all.txt,184,200
News18 Gujarati (1080p),https://n18syndication.akamaized.net/bpk-tv/News18_Gujarati_NW18_MOB/output01/master.m3u8,,,,News18Gujarati.in@SD,,,,https://xstreamcp-assets-msp.streamready.in/assets/LIVETV/LIVECHANNEL/LIVETV_LIVETVCHANNEL_NEWS18_GUJARATI/images/LOGO_HD/image.png,News,,iptv-org-all.txt,867,200
MorroTV (720p) [Not 24/7],https://fox.hostlagarto.com:8081/morrotv/playlist.m3u8,,,,MorroTV.do@SD,,,,https://www.vivalivetv.com/public/files/shows/0/1/3759-294x165-FFFFFF.jpg,General,,iptv-org-all.txt,304,200
NTD TV Asia-Pacific,https://live.ntdtv.com/aplive200/playlist.m3u8,,,,NTDTVAsiaPacific.us@SD,,,,https://i.imgur.com/iyFXcDy.png,General,,iptv-org-all.txt,586,200
News18 Bangla (1080p),https://n18syndication.akamaized.net/bpk-tv/News18_Bangla_NW18_MOB/output01/master.m3u8,,,,News18Bangla.in@SD,,,,https://xstreamcp-assets-msp.streamready.in/assets/LIVETV/LIVECHANNEL/LIVETV_LIVETVCHANNEL_NEWS18_BANGLA/images/LOGO_HD/image.png,News,,iptv-org-all.txt,1153,200
NTD TV Canada West,https://live.ntdtv.com/cwlive220/playlist.m3u8,,,,NTDTVCanada.us@West,,,,https://i.imgur.com/iyFXcDy.png,General,,iptv-org-all.txt,374,200
More Than Sports TV (1080p),https://mts1.iptv-playoutcenter.de/mts/mts-web/playlist.m3u8,,,,MoreThanSportsTV.de@SD,,,,https://i.imgur.com/SLrjImc.png,Sports,,iptv-org-all.txt,1162,200
NBC WGAL (720p),https://aegis-cloudfront-1.tubi.video/5d314174-0110-42af-8811-feaae073ea1e/playlist.m3u8,,,,NBC.us@WGAL,,,,https://i.imgur.com/nxY84W5.png,General,,iptv-org-all.txt,115,200
NTD TV English UK (1080p),https://ntd02.akamaized.net/NTD-UK/index.m3u8,,,,NTDTVEnglish.us@UK,,,,https://i.imgur.com/26uv1ww.png,General;News,,iptv-org-all.txt,45,200
NTD TV China,https://live.ntdtv.com/cnlive900/playlist.m3u8,,,,NTDTVChina.us@SD,,,,https://i.imgur.com/OpWTWdh.png,General,,iptv-org-all.txt,354,200
News18 Madhya Pradesh/Chhattisgarh (1080p),https://n18syndication.akamaized.net/bpk-tv/News18_MP_Chhattisgarh_NW18_MOB/output01/master.m3u8,,,,News18MadhyaPradeshChhattisgarh.in@SD,,,,https://xstreamcp-assets-msp.streamready.in/assets/LIVETV/LIVECHANNEL/LIVETV_LIVETVCHANNEL_NEWS18_MADHYA_PRADESH_CHHATTISGARH/images/LOGO_HD/image.png,News,,iptv-org-all.txt,658,200
MTV Guyana (1080p) [Not 24/7],https://stream.mtvgy.com/mtvguyana/index.fmp4.m3u8,,,,MTVGuyana.gy@SD,,,,https://i.imgur.com/Ky70brA.png,General,,iptv-org-all.txt,353,200
NTC TV (720p),https://galaxyott.live/hls/ntv.m3u8,,,,NTCTV.in@SD,,,,https://jiotvimages.cdn.jio.com/dare_images/images/ntvtamil.png,Entertainment,,iptv-org-all.txt,1136,200
NicoyaTV (720p) [Not 24/7],https://59ef525c24caa.streamlock.net/nicoyatv/nicoyatv/playlist.m3u8,,,,NicoyaTV.cr@SD,,,,https://i.imgur.com/Lj2jRn3.png,General,,iptv-org-all.txt,441,200
NBC WGBA-TV (720p),https://aegis-cloudfront-1.tubi.video/b32c0573-4add-4b47-b826-24412d952164/playlist.m3u8,,,,NBC.us@WGBATV,,,,https://i.imgur.com/nxY84W5.png,General,,iptv-org-all.txt,113,200
Mythbusters (1080p),https://d2bog959vw5xq.cloudfront.net/playlist/amg00627-banijayfast-mythbusters-samsungau/playlist.m3u8,,,,Mythbusters.us@UK,,,,https://i.imgur.com/wzzjvcH.png,Series,,iptv-org-all.txt,257,200
Mystery TV (1080p),https://aenetworks-mysterytv-rakuten.amagi.tv/playlist.m3u8,,,,MysteryTV.us@UK,,,,https://i.imgur.com/K4gwstM.png,Entertainment,,iptv-org-all.txt,397,200
Nidae AlIslam Radio (1080p),https://live.kwikmotion.com/sbrksanedaradiolive/srpksanedaradio/playlist.m3u8,,,,NidaeAlIslamRadio.sa@SD,,,,https://aloula.faulio.com/storage/mediagallery/0f/c5/fullhd_5da380cdfc304fd7d4672a83aeb6c62bc1d3d3e8.png,Music,,iptv-org-all.txt,329,200
NTD TV English (1080p),https://amg17596-ntdtv-amg17596c1-rakuten-gb-6741.playouts.now.amagi.tv/playlist/amg17596-newtangdynastytelevision-ntdtv-rakutengb/playlist.m3u8,,,,NTDTVEnglish.us@USA,,,,https://i.imgur.com/26uv1ww.png,General;News,,iptv-org-all.txt,328,200
Mindanow Network TV (1080p),https://cdn.vegasplus.us/vegas/mmn01/playlist.m3u8,,,,MindanowNetworkTV.ph@HD,,,,https://i.imgur.com/xBlYirh.jpeg,General,,iptv-org-all.txt,574,200
MMA-TV.com (1080p),https://streams2.sofast.tv/vglive-sk-462904/playlist.m3u8,,,,MMATVcom.ru@SD,,,,https://i.imgur.com/QhdxNsB.png,Sports,,iptv-org-all.txt,7888,200
News18 Kerala (1080p),https://n18syndication.akamaized.net/bpk-tv/News18_Kerala_NW18_MOB/output01/master.m3u8,,,,News18Kerala.in@SD,,,,https://xstreamcp-assets-msp.streamready.in/assets/LIVETV/LIVECHANNEL/LIVETV_LIVETVCHANNEL_NEWS18_KERALA/images/LOGO_HD/image.png,News,,iptv-org-all.txt,919,200
News18 Rajasthan (1080p),https://n18syndication.akamaized.net/bpk-tv/News18_Rajasthan_NW18_MOB/output01/master.m3u8,,,,News18Rajasthan.in@SD,,,,https://xstreamcp-assets-msp.streamready.in/assets/LIVETV/LIVECHANNEL/LIVETV_LIVETVCHANNEL_NEWS18_RAJASTHAN/images/LOGO_HD/image.png,News,,iptv-org-all.txt,318,200
NTK (576p),http://stream.mcquack.net/389/index.m3u8,,,,NTK.kz@SD,,,,https://i.imgur.com/hHSCH4L.png,General,,iptv-org-all.txt,129,200
MTV Latin America (1080p),http://15.204.246.24:8080/MTVHD/index.m3u8,,,,MTVLatinAmerica.us@Panregional,,,,https://upload.wikimedia.org/wikipedia/commons/thumb/6/68/MTV_2021_%28brand_version%29.svg/960px-MTV_2021_%28brand_version%29.svg.png,Entertainment,,iptv-org-all.txt,8,200
Millet (720p),https://live1.1tvcrimea.ru/milletlive.m3u8,,,,Millet.ru@SD,,,,https://i.imgur.com/hUjLRLy.png,News,,iptv-org-all.txt,909,200
MyTime Movie Network (Brazil) (720p),https://appletree-mytime-samsungbrazil.amagi.tv/playlist.m3u8,,,,MyTimeMovieNetwork.br@SD,,,,https://i.imgur.com/aiGQtzI.png,Movies,,iptv-org-all.txt,306,200
My Cinema Europe,https://op-group1-densxvisionhd-1.dens.tv/h/h18/index.m3u8,,,,MyCinemaEurope.ch@SD,,,,https://i.imgur.com/jz0d8tH.png,Movies,,iptv-org-all.txt,1608,200
Moselle TV (720p) [Not 24/7],https://live.creacast.com/mirabelletv/smil:mirabelletv.smil/playlist.m3u8,,,,MoselleTV.fr@SD,,,,https://i.imgur.com/hrm5QnU.png,General,,iptv-org-all.txt,456,403
Niederbayern TV (720p),https://stream03.welocal.stream/stream/sat-nby/ngrp:sat-nby.stream_all/index.m3u8,,,,NiederbayernTV.de@SD,,,,https://i.imgur.com/9uaMgTk.png,General,,iptv-org-all.txt,401,200
Nicktoons CIS (1080p),https://stream8.cinerama.uz/1502/playlist.m3u8,,,,NicktoonsCIS.ru@SD,,,,https://upload.wikimedia.org/wikipedia/commons/d/d8/Nicktoons_UK_Logo_2014.png,Kids,,iptv-org-all.txt,799,200
News18 Odia (1080p),https://n18syndication.akamaized.net/bpk-tv/News18_Odia_NW18_MOB/output01/master.m3u8,,,,News18Odia.in@SD,,,,https://xstreamcp-assets-msp.streamready.in/assets/LIVETV/LIVECHANNEL/LIVETV_LIVETVCHANNEL_NEWS18_ODIA/images/LOGO_HD/image.png,News,,iptv-org-all.txt,706,200
News18 Marathi (1080p),https://n18syndication.akamaized.net/bpk-tv/News18_Lokmat_NW18_MOB/output01/master.m3u8,,,,News18Marathi.in@SD,,,,https://xstreamcp-assets-msp.streamready.in/assets/LIVETV/LIVECHANNEL/LIVETV_LIVETVCHANNEL_NEWS18_LOKMAT/images/LOGO_HD/image.png,News,,iptv-org-all.txt,822,200
MTV Lebanon (1080p),https://shd-gcp-live.edgenextcdn.net/live/bitmovin-mtv-lebanon/b8ebb2a5affb812f1541712adde10e26/index.m3u8,,,,MTVLebanon.lb@SD,,,,https://upload.wikimedia.org/wikipedia/commons/7/75/Murr_tv.png,General,,iptv-org-all.txt,31,200
Mosaique FM (1080p),https://webcam.mosaiquefm.net/mosatv/_definst_/studio/playlist.m3u8?DVR,,,,MosaiqueFM.tn@SD,,,,https://i.imgur.com/GDUykah.png,Music,,iptv-org-all.txt,707,200
Niederbayern TV Deggendorf & Straubing (1080p),https://stream03.welocal.stream/stream/fhd-nbydeggendorf_99148/ngrp:stream_all/index.m3u8,,,,NiederbayernTVDeggendorfStraubing.de@SD,,,,https://i.imgur.com/mAaIh3C.png,General,,iptv-org-all.txt,297,200
MyTime Movie Network (Mexico) (720p),https://appletree-mytime-samsungmexico.amagi.tv/playlist.m3u8,,,,MyTimeMovieNetwork.mx@SD,,,,https://i.imgur.com/pw4NZK1.png,Movies,,iptv-org-all.txt,242,200
Minformo TV (720p),https://5db313b643fd8.streamlock.net/MinformoTV/MinformoTV/playlist.m3u8,,,,MinformoTV.it@SD,,,,https://i.imgur.com/9Oq6fLw.png,News,,iptv-org-all.txt,545,200
MTV Global (720p),http://dvr2.kablova.tv/MTV/index.m3u8,,,,MTVGlobal.uk@SD,,,,https://i.imgur.com/n2BoU7Q.png,Entertainment,,iptv-org-all.txt,822,403
Ministerio La Voz De Un Remanente TV,https://vs20.live.opencaster.com/remanente_5925b089/index.m3u8,,,,MinisterioLaVozDeUnRemanenteTV.us@SD,,,,https://new.opencaster.com/uploads/logos/logo_188_1754869413.png,Religious,,iptv-org-all.txt,59,200
MTV Live (720p),http://23.237.104.106:8080/USA_MTV_LIVE/index.m3u8,,,,MTVLive.us@SD,,,,https://i.imgur.com/3UByLqb.png,Music,,iptv-org-all.txt,44,200
Niederbayern TV Landshut (1080p),https://stream03.welocal.stream/stream/fhd-nbylandshut_75262/ngrp:stream_all/index.m3u8,,,,NiederbayernTVLandshut.de@SD,,,,https://i.imgur.com/5sHzZAh.png,General,,iptv-org-all.txt,280,200
Most Haunted (1080p),https://amg00426-lds-amg00426c17-samsung-gb-10157.playouts.now.amagi.tv/playlist.m3u8,,,,MostHaunted.uk@UK,,,,https://images.pluto.tv/channels/66d722d31878f200081c2c64/colorLogoPNG.png,Series,,iptv-org-all.txt,168,200
Minimax CEE (576p),http://88.212.15.19/live/test_minimax/playlist.m3u8,,,,MinimaxCEE.cz@SD,,,,https://i.imgur.com/WWOlm1x.png,Kids,,iptv-org-all.txt,140,200
NBC WHEC-TV (1080p),https://amg01942-amg01942c4-stirr-us-10190.playouts.now.amagi.tv/playlist.m3u8,,,,NBC.us@WHECTV,,,,https://i.imgur.com/nxY84W5.png,General,,iptv-org-all.txt,327,200
NBC WMAQ-TV (1080p),https://d368vp0qqzvkid.cloudfront.net/11603/88889704/hls/master.m3u8?ads.xumo_channelId=88889704a&ads.xumo_ifaType=&ads.xumo_providerId=3818&ads.xumo_providerName=NBCNCHI,,,,NBC.us@WMAQTV,,,,https://i.imgur.com/nxY84W5.png,General,,iptv-org-all.txt,26,200
News18 Punjab/Haryana/Himachal (1080p),https://n18syndication.akamaized.net/bpk-tv/News18_Punjab_Haryana_HP_NW18_MOB/output01/master.m3u8,,,,News18PunjabHaryanaHimachal.in@SD,,,,https://xstreamcp-assets-msp.streamready.in/assets/LIVETV/LIVECHANNEL/LIVETV_LIVETVCHANNEL_NEWS18_PUNJAB_HARYANA/images/LOGO_HD/image.png,News,,iptv-org-all.txt,706,200
Niederbayern TV Passau (1080p),https://stream03.welocal.stream/stream/fhd-nbypassau_49171/ngrp:stream_all/index.m3u8,,,,NiederbayernTVPassau.de@SD,,,,https://i.imgur.com/0wnFhNi.png,General,,iptv-org-all.txt,295,200
MyTime Movie Network (Spain) (1080p),https://appletree-mytimespain-rakuten.amagi.tv/playlist.m3u8,,,,MyTimeMovieNetwork.es@SD,,,,https://i.imgur.com/pw4NZK1.png,Movies,,iptv-org-all.txt,333,200
MyTime Movie Network (United Kingdom) (1080p),https://appletree-mytimeuk-rakuten.amagi.tv/playlist.m3u8,,,,MyTimeMovieNetwork.uk@SD,,,,https://i.imgur.com/pw4NZK1.png,Movies,,iptv-org-all.txt,207,200
NTN24 (576p),http://181.78.8.199:8000/play/a0a6/index.m3u8,,,,NTN24.co@SD,,,,https://i.imgur.com/UoKmSAP.png,News,,iptv-org-all.txt,207,200
News18 Uttar Pradesh Uttarakhand (1080p),https://n18syndication.akamaized.net/bpk-tv/News18_UP_Uttarakhand_NW18_MOB/output01/master.m3u8,,,,News18UttarPradeshUttarakhand.in@SD,,,,https://xstreamcp-assets-msp.streamready.in/assets/LIVETV/LIVECHANNEL/LIVETV_LIVETVCHANNEL_NEWS18_UTTAR_PRADESH_UTTARAKHAND/images/LOGO_HD/image.png,News,,iptv-org-all.txt,356,200
Motorvision (1080p),https://mvg-mv-xumo.otteravision.com/mvg/mv/mv.m3u8,,,,Motorvision.de@SD,,,,https://i.imgur.com/v4kj8pI.png,Auto,,iptv-org-all.txt,194,200
NBC WJAC-TV (1080p),https://linear-698.frequency.stream/dist/stirr/698/hls/master/playlist.m3u8,,,,NBC.us@WJACTV,,,,https://i.imgur.com/nxY84W5.png,General,,iptv-org-all.txt,416,503
Medi1TV Afrique (1080p),https://cdn.live.easybroadcast.io/abr_corp/83_medi1tv-afrique_tm7tu45/playlist.m3u8,,,,Medi1TVAfrique.ma@SD,,,,https://i.imgur.com/a20DHnj.png,News,,iptv-org-all.txt,656,200
Niki Junior (1080p),http://stream.mcquack.net/262/index.m3u8,,,,NikiJunior.ua@SD,,,,https://i.imgur.com/DrHsNin.png,Kids,,iptv-org-all.txt,142,200
Medi1TV Maghreb (1080p),https://cdn.live.easybroadcast.io/abr_corp/83_medi1tv-maghreb_jnbspmg/playlist.m3u8,,,,Medi1TVMaghreb.ma@SD,,,,https://i.imgur.com/F5OFQsp.jpeg,News,,iptv-org-all.txt,477,200
MyTime Movie Network East (1080p),https://appletree-mytimeau-samsung.amagi.tv/playlist.m3u8,,,,MyTimeMovieNetworkEast.us@SD,,,,https://i.imgur.com/HYgxPVQ.png,Movies,,iptv-org-all.txt,251,200
NSC9 News (1080p),https://legitpro.co.in/nsc9/index.m3u8,,,,NSC9News.in@SD,,,,https://jiotvimages.cdn.jio.com/dare_images/images/nsc9.png,News,,iptv-org-all.txt,2120,200
Moskva. Doveriye (576p),https://stream.smotrim.ru/hls2/doverie/playlist_3.m3u8,,,,MoskvaDoveriye.ru@SD,,,,https://i.imgur.com/QDqDQzt.png,General,,iptv-org-all.txt,500,200
Medi1TV Arabic (1080p),https://cdn.live.easybroadcast.io/abr_corp/83_medi1tv-arabic_g90v4ec/playlist.m3u8,,,,Medi1TVArabic.ma@SD,,,,https://i.imgur.com/3YsZPY6.jpeg,News,,iptv-org-all.txt,584,200
Niki Kids (1080p),http://stream.mcquack.net/271/index.m3u8,,,,NikiKids.ua@SD,,,,https://i.imgur.com/HH4HZ2J.png,Kids,,iptv-org-all.txt,124,200
MyZen TV (1080p),https://cdn-ue1-prod.tsv2.amagi.tv/linear/amg01255-secomcofites-my-myzen-en-plex/playlist.m3u8,,,,MyZenTV.fr@SD,,,,https://i.imgur.com/fIi8o0C.png,Relax,,iptv-org-all.txt,257,200
NTN (Ukraine) (1080i),https://cdn15.live-tv.cloud/ua_infinitas_tv/ntn-abr/playlist.m3u8,,,,NTN.ua@SD,,,,https://i.imgur.com/AmyCNJv.png,General,,iptv-org-all.txt,239,200
Mir +2 (540p) [Not 24/7],http://hls.mirtv.cdnvideo.ru/mirtv-parampublish/mirtv2_2500/playlist.m3u8,,,,Mir.ru@Plus2,,,,https://i.imgur.com/AqWaJT8.png,General,,iptv-org-all.txt,214,403
NBC WJAR (1080p),https://pubads.g.doubleclick.net/ssai/event/kpannrCBQ5KwdV3Hag3Wog/master.m3u8,,,,NBC.us@WJAR,,,,https://i.imgur.com/nxY84W5.png,General,,iptv-org-all.txt,417,200
Nim TV (720p) [Not 24/7],https://cdn.streamhispanatv.net:3210/live/nimtvgtlive.m3u8,,,,NimTV.gt@SD,,,,https://i.imgur.com/mBNOSzl.png,General,,iptv-org-all.txt,119,200
Movie Music by Stingray (1080p),https://lotus.stingray.com/manifest/cmusic-cme004-montreal/samsungtvplus/master.m3u8,,,,MovieMusicbyStingray.ca@HD,,,,https://encrypted-tbn0.gstatic.com/images?q=tbn:ANd9GcQ2CSpCdAxnLpqebMLZh6h7vMPk6LYpdqkVHA&s,Music,,iptv-org-all.txt,272,200
News18 Urdu (1080p),https://n18syndication.akamaized.net/bpk-tv/News18_Urdu_NW18_MOB/output01/master.m3u8,,,,News18Urdu.in@SD,,,,https://i.imgur.com/8xnwMRR.png,News,,iptv-org-all.txt,649,200
Medeniyyet TV (1080p),https://str.yodacdn.net/medeniyyettele/index.m3u8,,,,MedeniyyetTV.az@SD,,,,https://i.imgur.com/PlvaDIa.png,Culture,,iptv-org-all.txt,956,200
News 24 (Albania) (392p),http://tv.balkanweb.com:8081/news24/livestream/playlist.m3u8,,,,News24.al@SD,,,,https://i.imgur.com/eG33jue.png,News,,iptv-org-all.txt,414,200
Minika Go (720p),https://rnttwmjcin.turknet.ercdn.net/lcpmvefbyo/minikago/minikago.m3u8,,,,MinikaGo.tr@SD,,,,https://i.imgur.com/qIoipDq.png,Kids,,iptv-org-all.txt,692,200
Mir +7 (540p),http://hls.mirtv.cdnvideo.ru/mirtv-parampublish/mirtv7_2500/playlist.m3u8,,,,Mir.ru@Plus7,,,,https://i.imgur.com/AqWaJT8.png,General,,iptv-org-all.txt,103,403
Myanmar International TV,https://mrtvott.com/cache/MITV/master.m3u8,,,,MyanmarInternationalTV.mm@SD,,,,https://i.imgur.com/ClmWqE5.png,General,,iptv-org-all.txt,1336,200
NTK TV (1080p) [Not 24/7],https://stream.ntktv.ua/s/ntk/ntk.m3u8,,,,NTKTV.ua@SD,,,,https://www.ntktv.ua/bitrix/templates/ntk_copy/images/logo.png,General,,iptv-org-all.txt,691,200
NBC WNYT (1080p),https://amg01942-amg01942c5-stirr-us-10184.playouts.now.amagi.tv/playlist.m3u8,,,,NBC.us@WNYT,,,,https://i.imgur.com/nxY84W5.png,General,,iptv-org-all.txt,219,200
Minimax (Pakistan) (360p),https://vodzong.mjunoon.tv:8087/streamtest/disckids-157-1/playlist.m3u8,,,,Minimax.pk@SD,,,,https://i.imgur.com/TJvf8vd.png,Kids,,iptv-org-all.txt,682,200
MediCOOL TV,https://live77cdn2.antenaplay.ro/live2_fast/ch1/stream.m3u8,,,,MediCOOLTV.ro@SD,,,,https://i.imgur.com/Xe7x1k2.png,Lifestyle,,iptv-org-all.txt,254,200
Minika Cocuk (720p),https://rnttwmjcin.turknet.ercdn.net/lcpmvefbyo/minikago_cocuk/minikago_cocuk.m3u8,,,,MinikaCocuk.tr@SD,,,,https://i.imgur.com/VCywMTv.png,Kids,,iptv-org-all.txt,903,200
Moskva 24 (1080p),https://stream.smotrim.ru/hls/givc8/playlist.m3u8?entity=channel&id=798&sign=37881ef2e289f062ceff0dca6c24dc58,,,,Moskva24.ru@SD,,,,https://i.imgur.com/gXbUMVy.png,General,,iptv-org-all.txt,770,200
News24 (1080p),https://skynewsau-live-premium.akamaized.net/hls/live/2105299/skynews/live.m3u8,,,,News24.au@SD,,,,https://i.imgur.com/KagpoPN.png,News,,iptv-org-all.txt,417,200
News18 Tamil Nadu (1080p),https://n18syndication.akamaized.net/bpk-tv/News18_Tamil_Nadu_NW18_MOB/output01/master.m3u8,,,,News18TamilNadu.in@SD,,,,https://xstreamcp-assets-msp.streamready.in/assets/LIVETV/LIVECHANNEL/LIVETV_LIVETVCHANNEL_NEWS18_TAMIL_NADU/images/LOGO_HD/image.png,News,,iptv-org-all.txt,877,200
NBC WPTV-TV (720p),https://content.uplynk.com/channel/b02350ef854c4eef8358eead1f59a5cc.m3u8,,,,NBC.us@WPTVTV,,,,https://i.imgur.com/nxY84W5.png,General,,iptv-org-all.txt,92,200
n-tv,https://dash4.antik.sk/live/test_ntv_tizen/playlist.m3u8,,,,ntv.de@SD,,,,https://upload.wikimedia.org/wikipedia/commons/thumb/f/f6/N-tv_logo-september2017.svg/960px-N-tv_logo-september2017.svg.png,General,,iptv-org-all.txt,101,200
NTN (Italy) (720p),https://stream4.xdevel.com/video0s975955-782/stream/playlist.m3u8,,,,NTN.it@SD,,,,https://i.imgur.com/AW5fJwa.png,General,,iptv-org-all.txt,534,403
NBC WMGT-TV (720p),https://townnews.g-mana.live/media/e6909128-cd42-4690-8340-4b8a49455666/main.m3u8,,,,NBC.us@WMGTTV,,,,https://i.imgur.com/nxY84W5.png,General,,iptv-org-all.txt,398,200
Movies! (480p),https://bozztv.com/dvrfl03/hdirect/hdirect-ovair1-movies!/index.m3u8,,,,Movies.us@SD,,,,https://i.imgur.com/gAGn3mK.png,Movies,,iptv-org-all.txt,72,403
Ning TV (720p),https://livefta.malimarcdn.com/ftaedge00/ningtv.sdp/playlist.m3u8,,,,NingTV.la@SD,,,,https://i.imgur.com/ANnEPnK.png,Entertainment,,iptv-org-all.txt,146,200
N Sports (1080p),https://ogc-nsprt-tcl-roku-syndication.otteravision.com/ogc/nsprt/nsprt.m3u8,,,,NSports.br@SD,,,,https://i.imgur.com/7QnJojr.png,Sports,,iptv-org-all.txt,261,200
ntv (720p),https://protokolldns.xyz/ntv.l.i.v.e5547892023/index.m3u8,,,,ntv.al@SD,,,,https://i.imgur.com/gtZLzxq.png,News,,iptv-org-all.txt,234,200
NTM (720p) [Not 24/7],https://live-ntm13.cdnvideo.ru/ntm13/smil:ntm13.smil/playlist.m3u8,,,,NTM.ru@SD,,,,https://i.imgur.com/AH50pGT.png,General,,iptv-org-all.txt,789,200
Movies Thriller (1080p),https://shd-amg-fast.edgenextcdn.net/tx012/playlist.m3u8,,,,MoviesThriller.sa@SD,,,,https://i.imgur.com/JWihdcl.png,Movies,,iptv-org-all.txt,239,200
Movies Action (1080p),https://shd-amg-fast.edgenextcdn.net/tx011/playlist.m3u8,,,,MoviesAction.sa@SD,,,,https://i.imgur.com/NIVhISa.png,Movies,,iptv-org-all.txt,354,200
Movies! KPVM-LD,https://2-fss-2.streamhoster.com/pl_120/206858-4412962-1/playlist.m3u8,,,,Movies.us@KPVMLD,,,,https://i.imgur.com/gAGn3mK.png,Movies,,iptv-org-all.txt,89,200
Movie Bangla,http://alvetv.com/moviebanglatv/8080/index.m3u8,,,,MovieBangla.bd@SD,,,,https://www.jagobd.com/wp-content/uploads/2016/02/moviebangla.jpg?x50681,Movies,,iptv-org-all.txt,685,200
NTS (1080p) [Not 24/7],https://peqk71plnjy.a.trbcdn.net/livemaster/w4kz7pki62_nts_tv/playlist.m3u8,,,,NTS.ru@SD,,,,https://i.imgur.com/skkDR7q.png,General,,iptv-org-all.txt,513,200
Mir 24 (1080p),http://hls.mirtv.cdnvideo.ru/mirtv-parampublish/mir24_2500/playlist.m3u8,,,,Mir24.ru@SD,,,,https://i.imgur.com/dj9c8Yd.png,News,,iptv-org-all.txt,689,200
News 21 Bangla TV,http://103.190.133.68:1935/news21live/live/playlist.m3u8,,,,News21BanglaTV.bd@SD,,,,https://i.imgur.com/ijuJfmd.png,News,,iptv-org-all.txt,775,200
NBC WPXI (1080p),https://cdn-ue1-prod.tsv2.amagi.tv/linear/amg00327-coxmediagroup-wpxibreaking-ono/playlist.m3u8,,,,NBC.us@WPXI,,,,https://i.imgur.com/nxY84W5.png,General,,iptv-org-all.txt,190,200
Nika TV (576p) [Not 24/7],https://live-nikatv.cdnvideo.ru/nikatv/nikatv.sdp/playlist.m3u8,,,,NikaTV.ru@SD,,,,https://i.imgur.com/dccsFAu.png,General,,iptv-org-all.txt,737,200
Media One (720p),https://cdn.pishow.tv/ott/live/1481/master.m3u8,,,,MediaOne.in@SD,,,,https://xstreamcp-assets-msp.streamready.in/assets/LIVETV/LIVECHANNEL/LIVETV_LIVETVCHANNEL_MEDIA_ONE/images/LOGO_HD/image.png,News,,iptv-org-all.txt,864,200
NBC WOAI-TV (1080p),https://linear-703.frequency.stream/dist/stirr/703/hls/master/playlist.m3u8,,,,NBC.us@WOAITV,,,,https://i.imgur.com/nxY84W5.png,General,,iptv-org-all.txt,445,503
NBC WTMJ-TV (720p),https://aegis-cloudfront-1.tubi.video/d4d923f2-17de-4371-b86d-43490499bcdb/playlist.m3u8,,,,NBC.us@WTMJTV,,,,https://i.imgur.com/nxY84W5.png,General,,iptv-org-all.txt,90,200
News Daily 24 (576p),https://mumt01.tangotv.in/O5aw8Zn3NEWSDAILY24/index.m3u8,,,,NewsDaily24.in@SD,,,,https://i.imgur.com/lT8rihP.png,News,,iptv-org-all.txt,209,200
MediBizTV (720p),https://43wrzjnpqoxe-hls-live.wmncdn.net/marinebiztvlive/marinebiztvlive/playlist.m3u8,,,,MediBizTV.in@SD,,,,https://www.medibiztv.com/assets/logo-E76jcvP9.png,Education;News;Science,,iptv-org-all.txt,798,200
Mir HD (1080p) [Not 24/7],http://hls.mirtv.cdnvideo.ru/mirtv-parampublish/mirtv_2500/playlist.m3u8,,,,Mir.ru@HD,,,,https://i.imgur.com/AqWaJT8.png,General,,iptv-org-all.txt,498,200
News Capital Gujarat (1080p),https://newscapital.com/hls/main4/stream.m3u8,,,,NewsCapitalGujarat.in@SD,,,,https://jiotvimages.cdn.jio.com/dare_images/images/NewsCapital_Gujarat.png,News,,iptv-org-all.txt,549,200
MovieSphere (1080p),https://amg00353-lionsgatestudio-moviesphere-xumo-zh5u0.amagi.tv/playlist.m3u8,,,,MovieSphere.us@US,,,,https://i.imgur.com/h1ejU90.png,Movies,,iptv-org-all.txt,119,200
MovieSmart Turk (576p),http://playhdnewjj.xyz:8080/recc121412/KVqfhtdJ2nQ7/174,,,,MovieSmartTurk.tr@SD,,,,https://i.imgur.com/DWN9ulT.png,Movies,,iptv-org-all.txt,267,403
Ninh Thuan TV (1080p),https://cdnbaokhanhhoa.com/live/90405a889081.m3u8?vhost=video,,,,NinhThuanTV.vn@SD,,,,https://i.imgur.com/HIyUzLM.png,General,,iptv-org-all.txt,329,200
Ninja Kidz TV (720p),https://d3868b4ny0rgdf.cloudfront.net/playlist.m3u8,,,,NinjaKidzTV.us@SD,,,,https://i.imgur.com/7EngqUi.png,Kids,,iptv-org-all.txt,246,200
NTV (Canada) CJON-DT (480p),https://2-fss-1.streamhoster.com/pl_122/201748-1431018-1/playlist.m3u8,,,,NTV.ca@CJONDT,,,,https://i.imgur.com/KQtQg5y.png,General,,iptv-org-all.txt,250,200
MBG TV (1080p),https://stream.convergen.co/mbg_stream/smil:mbStream.smil/playlist.m3u8,,,,MBGTV.id@FHD,,,,https://i.imgur.com/t7GsFJN.jpeg,Legislative,,iptv-org-all.txt,4081,200
NBC WTVJ (1080p),https://nbculocallive.akamaized.net/hls/live/2037498/miami/stream1/master.m3u8,,,,NBC.us@WTVJ,,,,https://i.imgur.com/nxY84W5.png,General,,iptv-org-all.txt,74,200
Mega 2 (1080p),http://15.204.246.24:8080/Mega2HD/index.m3u8,,,,Mega2.cl@SD,,,,https://i.imgur.com/c1ME00r.png,Culture,,iptv-org-all.txt,8,200
Mir Seriala (576p),http://176.118.197.101/MirSeriala/index.m3u8,,,,MirSeriala.ru@SD,,,,https://i.imgur.com/uzj7wVp.png,Series,,iptv-org-all.txt,390,200
Nina TV (720p),https://tv1.ninatv.cl/hls/stream.m3u8,,,,NinaTV.cl@SD,,,,https://cdn.m3u.cl/logo/1552_Nina_TV.png,General,,iptv-org-all.txt,712,200
Nitida TV (720p) [Not 24/7],https://vs20.live.opencaster.com/bznudxxdtppv/index.m3u8,,,,NitidaTV.do@SD,,,,https://i.imgur.com/z9JkxcM.png,Entertainment,,iptv-org-all.txt,104,200
News J (720p) [Not 24/7],https://cdn.pishow.tv/ott/live/1279/master.m3u8,,,,NewsJ.in@SD,,,,https://xstreamcp-assets-msp.streamready.in/assets/LIVETV/LIVECHANNEL/LIVETV_LIVETVCHANNEL_NEWS_J/images/LOGO_HD/image.png,News,,iptv-org-all.txt,259,200
NBC WVIT (1080p),https://d368vp0qqzvkid.cloudfront.net/11603/88889707/hls/master.m3u8?ads.xumo_channelId=88889707a&ads.xumo_ifaType=&ads.xumo_providerId=3832&ads.xumo_providerName=NBCNCT,,,,NBC.us@WVIT,,,,https://i.imgur.com/nxY84W5.png,General,,iptv-org-all.txt,27,200
Mir Belogorya (720p) [Geo-blocked],http://mirbelogorya.ru:8080/mirbelogorya/index.m3u8,,,,MirBelogorya.ru@SD,,,,https://mirbelogorya.ru/images/logo/Logo_Mir_Belogorya_purple_gradient.png,Undefined,,iptv-org-all.txt,556,200
Mega (Chile) (1080p),http://15.204.246.24:8080/MEGAHD/index.m3u8,,,,Mega.cl@SD,,,,https://i.imgur.com/RlZfR84.png,General,,iptv-org-all.txt,7,200
News Capital Market (1080p),https://newscapital.com/hls/stream.m3u8?token=Nc360PermanentSecureKey987,,,,NewsCapitalMarket.in@SD,,,,https://jiotvimages.cdn.jio.com/dare_images/images/NewsCapitalMarket.png,Business,,iptv-org-all.txt,753,200
NTV (Brazil) (720p),https://cdn.livespanel.com/nossatv/nossatv/playlist.m3u8,,,,NTV.br@SD,,,,https://i.imgur.com/n79nkVC.png,Entertainment;General,,iptv-org-all.txt,655,200
MovieSphere AU (1080p),https://amg00353-lionsgatefilmsi-moviesphereaus-samsungau-7qzhf.amagi.tv/playlist/amg00353-lionsgatefilmsi-moviesphereaus-samsungau/playlist.m3u8,,,,MovieSphere.us@AU,,,,https://i.imgur.com/h1ejU90.png,Movies,,iptv-org-all.txt,251,200
Miel TV (720p),https://live-evg5.tv360.bitel.com.pe/bitel/mieltvSRT/playlist.m3u8,,,,MielTV.pe@SD,,,,https://i.imgur.com/dPSFrCs.png,Music,,iptv-org-all.txt,3167,200
Nacional Tv Peru (720p),http://bantel-cdn1.iptvperu.tv:1935/btnscrtn/nacionaltv_peru.stream/playlist.m3u8,,,,NacionalTvPeru.pe@SD,,,,https://i.imgur.com/ad0GNqa.png,General,,iptv-org-all.txt,238,403
Nitro,https://dash4.antik.sk/live/test_rtl_nitro_tizen/playlist.m3u8,,,,Nitro.de@SD,,,,https://upload.wikimedia.org/wikipedia/commons/thumb/8/87/Nitro_Logo.svg/960px-Nitro_Logo.svg.png,Entertainment,,iptv-org-all.txt,101,200
Mir Kazakhstan (576p),http://tvcdn01.esilnet.kz/tv/mir/index.m3u8,,,,Mir.ru@Kazakhstan,,,,https://i.imgur.com/AqWaJT8.png,General,,iptv-org-all.txt,773,200
NACTV,https://stream2.pivotalelements.com/memfs/2d2e1038-9eb2-44df-a9b9-109de5752f3b_output_0.m3u8,,,,NACTV.ca@SD,,,,https://i.imgur.com/FzM95rH.png,General,,iptv-org-all.txt,174,200
Media TV (720p),https://live-evg5.tv360.bitel.com.pe/bitel/mediatv/playlist.m3u8,,,,MediaTV.pe@SD,,,,https://i.imgur.com/BAaR5T5.png,General,,iptv-org-all.txt,1333,200
NBC WTOV-TV (1080p),https://linear-699.frequency.stream/dist/stirr/699/hls/master/playlist.m3u8,,,,NBC.us@WTOVTV,,,,https://i.imgur.com/nxY84W5.png,General,,iptv-org-all.txt,439,200
NBC LX Home (1080p),https://plex-xumoent-ch485-e7l5l.fast.nbcuni.com/live/master_5.m3u8,,,,NBCLXHome.us@HD,,,,https://upload.wikimedia.org/wikipedia/commons/7/70/NBC_LX_Home_2023.svg,Entertainment;Lifestyle,,iptv-org-all.txt,41,200
News Live Bangla (576p),https://mumt06.tangotv.in/qYyB8fXVINDRADHANU/index.m3u8,,,,NewsLiveBangla.in@SD,,,,https://papaji.freetvindia.com/media/News_Live_Bangla.png,News,,iptv-org-all.txt,204,200
NBC Comedy Vault (1080p),https://xumo-xumoent-vc-105-z0vpm.fast.nbcuni.com/live/master.m3u8,,,,NBCComedyVault.us@SD,,,,https://i.imgur.com/nydZWwg.png,Comedy,,iptv-org-all.txt,129,200
Medjugorje Italia TV (480p),https://5f22d76e220e1.streamlock.net/medjugorjeitaliatv/medjugorjeitaliatv/playlist.m3u8,,,,MedjugorjeItaliaTV.it@SD,,,,,Religious,,iptv-org-all.txt,593,200
Miracle Channel (1080p),https://live.miracleonline.org/hls/miracle1.m3u8,,,,MiracleChannel.se@SD,,,,https://i.imgur.com/yrt7Rw9.png,News,,iptv-org-all.txt,546,200
NTV (Bangladesh) (720p),https://tvsen5.aynaott.com/xV4jEKf3D9zc/index.m3u8,,,,NTV.bd@SD,,,,https://i.imgur.com/l75bDTx.png,General,,iptv-org-all.txt,906,200
My Kidz (720p),https://cdn10jtedge.indihometv.com/atm/DASH/mykids/manifest.mpd,,,,MyKidz.id@SD,,,,https://i.imgur.com/qzZFU6d.png,Kids,,iptv-org-all.txt,2973,403
Meer TV (720p) [Not 24/7],https://593aed234297b.streamlock.net/meervandaag/meervandaag/playlist.m3u8,,,,MeerTV.nl@SD,,,,https://i.imgur.com/p4TXVkE.png,General,,iptv-org-all.txt,453,403
Mega (Ukraine) (1080p),http://stream.mcquack.net/325/index.m3u8,,,,Mega.ua@SD,,,,https://i.imgur.com/Hsr0EvO.png,Undefined,,iptv-org-all.txt,123,200
Mega Cine TV (1080p),https://cnn.hostlagarto.com/megacinetv/playlist.m3u8,,,,MegaCineTV.do@HD,,,,https://www.vivalivetv.com/public/files/shows/0/1/2893-294x165-FFFFFF.jpg,Movies,,iptv-org-all.txt,34,200
Nada Es Imposible TV,https://vdochile.com:3194/live/mvqutymylive.m3u8,,,,NadaEsImposibleTV.cl@SD,,,,https://i.imgur.com/cGNgvOD.png,Entertainment,,iptv-org-all.txt,176,200
News Central,https://wf.newscentral.ng:8443/hls/stream.m3u8,,,,NewsCentral.ng@SD,,,,https://i.imgur.com/qvCgI8N.png,News,,iptv-org-all.txt,858,200
MovieSphere UK (1080p),https://moviesphereuk-samsunguk.amagi.tv/playlist.m3u8,,,,MovieSphere.us@UK,,,,https://i.imgur.com/h1ejU90.png,Movies,,iptv-org-all.txt,217,200
News Marathi 24x7 (720p),https://live1.ottlive.co.in/newsmarathi/newsmarathi/index.m3u8,,,,NewsMarathi24x7.in@SD,,,,https://jiotvimages.cdn.jio.com/dare_images/images/channel/cb84d7f7e19bcbfb9b6d664e7fb2adee.png,News,,iptv-org-all.txt,207,200
News India 24x7,https://cdn.pishow.tv/ott/live/273/master.m3u8,,,,NewsIndia24x7.in@SD,,,,https://dtil.tmsimg.com/assets/GNLZZGG002N1TXH.png?lock=720x540,News,,iptv-org-all.txt,710,200
Nachrichten 360 (1080p) [Geo-blocked],https://cdn-apse1-prod.tsv2.amagi.tv/linear/amg01821-lovetvfast-nachrichten360-samsungde/playlist.m3u8,,,,Nachrichten360.de@HD,,,,https://tvpnlogopeu.samsungcloud.tv/platform/image/sourcelogo/vc/00/02/34/DE4300003MR_20251209T125847SQUARE.png,News,,iptv-org-all.txt,651,200
NBC News NOW (1080p),https://d1si3n1st4nkgb.cloudfront.net/10502/88896001/hls/master.m3u8?ads.xumo_channelId=88896001,,,,NBCNewsNOW.us@SD,,,,https://i.imgur.com/JZt2qh5.png,News,,iptv-org-all.txt,140,200
NTV (Maldives),https://sunplay-cdn.bitratelabs.com/live/local-channel/ntv-e3d4300b49c8c901e9339174215d7580/index.m3u8,,,,NTV.mv@SD,,,,https://i.imgur.com/jnXpcwV.png,General,,iptv-org-all.txt,416,200
NBC Sports NOW (1080p),https://d4whmvwm0rdvi.cloudfront.net/10007/99993008/hls/master.m3u8?ads.xumo_channelId=99993008,,,,NBCSportsNOW.us@SD,,,,https://i.imgur.com/EzNf2Yx.png,Sports,,iptv-org-all.txt,129,200
Nireekshana TV (576p),https://cdn.pishow.tv/ott/live/965/master.m3u8,,,,NireekshanaTV.in@SD,,,,https://i.imgur.com/nGJv6QR.png,Religious,,iptv-org-all.txt,686,200
MovieSphere Gold WFXT (1080p),https://cdn-uw2-prod.tsv2.amagi.tv/linear/amg01438-ewscrippscompan-ionmystery-tablo/playlist.m3u8,,,,MovieSphereGold.us@WFXT,,,,https://upload.wikimedia.org/wikipedia/commons/thumb/8/87/MovieSphere_Gold_2025_logo.svg/500px-MovieSphere_Gold_2025_logo.svg.png,Movies,,iptv-org-all.txt,368,200
NBC TV (1080p) [Not 24/7],https://205444.global.ssl.fastly.net/64ee8a084b935f9f8a6f8825/live_ab333a6093bc11eeb89fbd81423485b7/index.fmp4.m3u8,,,,NBCTV.pg@SD,,,,https://i.imgur.com/KNaaG5u.png,General,,iptv-org-all.txt,61,200
News Nation (1080p),https://d3qs3d2rkhfqrt.cloudfront.net/out/v1/6cd2f649739a45ca9de1daf81cc7d0f2/index.m3u8,,,,NewsNation.in@SD,,,,https://dtil.tmsimg.com/assets/s143596_ld_h15_aa.png?lock=720x540,News,,iptv-org-all.txt,294,200
Mega TV (United States) WSBS-TV (1080p),https://mdstrm.com/live-stream-playlist/67ed74e8af482ba71d47fd7b.m3u8,,,,MegaTV.us@WSBSTV,,,,https://i.imgur.com/MiPdjSX.png,General,,iptv-org-all.txt,37,200
News 24 MP & Chhattisgarh (576p),https://mumt04.tangotv.in/m18aqlK4NEWS24MPCG/index.m3u8,,,,News24MPChhattisgarh.in@SD,,,,https://xstreamcp-assets-msp.streamready.in/assets/LIVETV/LIVECHANNEL/LIVETV_LIVETVCHANNEL_NEWS24_MPCG/images/LOGO_HD/image.png,News,,iptv-org-all.txt,1459,200
Mireasa (720p),https://stream1.antenaplay.ro/live/MireasaExtra/playlist.m3u8,,,,Mireasa.ro@SD,,,,https://i.imgur.com/k0VO0LH.png,Series,,iptv-org-all.txt,419,200
Miracle TV+ (720p),https://strhlslb01.streamakaci.tv/str_mtv_mtv/str_mtv_multi/playlist.m3u8,,,,MiracleTVPlus.ci@SD,,,,https://i.imgur.com/AQ60OYO.png,Religious,,iptv-org-all.txt,698,200
NTV (Ivory Coast) (1080p) [Not 24/7],https://strhlslb01.streamakaci.tv/str_ntv_ntv/str_ntv_ntv_multi/playlist.m3u8,,,,NTV.ci@SD,,,,https://i.imgur.com/qqLXdHz.png,General,,iptv-org-all.txt,735,200
News of the World (720p),https://nowhls.wns.live/hls/stream.m3u8,,,,NewsoftheWorld.us@Global,,,,https://i.imgur.com/MfyRQCs.png,News,,iptv-org-all.txt,287,200
Nambikkai TV,https://cdn.pishow.tv/ott/live/1389/master.m3u8,,,,NambikkaiTV.in@SD,,,,https://xstreamcp-assets-msp.streamready.in/assets/LIVETV/LIVECHANNEL/LIVETV_LIVETVCHANNEL_NAMBIKKAI_TV/images/LOGO_HD/image.png,Religious,,iptv-org-all.txt,235,200
NBC Universo West (720p),http://190.11.225.124:5000/live/universo_hd/playlist.m3u8,,,,NBCUniverso.us@West,,,,https://i.imgur.com/RZ8pIKe.png,Entertainment,,iptv-org-all.txt,55,200
Naftemporiki TV (1080p),https://telmaco.ascdn.broadpeak.io/nafteboriki/default/index.m3u8,,,,NaftemporikiTV.gr@HD,,,,https://i.imgur.com/9OFdMud.png,News,,iptv-org-all.txt,552,200
News Live (576p),https://prideeast.thelegitpro.in/newslive/newslive/index.m3u8,,,,NewsLive.in@SD,,,,https://xstreamcp-assets-msp.streamready.in/assets/LIVETV/LIVECHANNEL/LIVETV_LIVETVCHANNEL_NEWS_LIVE/images/LOGO_HD/image.png,News,,iptv-org-all.txt,824,200
Nabawi TV (720p),http://202.150.161.117:8000/play/NabawiTV,,,,NabawiTV.id@SD,,,,https://i.imgur.com/O8WONFB.png,Religious,,iptv-org-all.txt,1231,200
Mirovoe kino (1080p),https://fs.uplink.kz/mirovoe_kino/mono.m3u8?token=onlinetv,,,,Mirovoekino.kz@SD,,,,https://tele2.server-img.lfstrm.tv/images/channel_logos/logo_65c24031d8bec399a7aa2226.png,Movies,,iptv-org-all.txt,499,200
Mision ELTV (720p),https://rd.tvabierta.net/live/misioneltv.m3u8,,,,MisionELTV.do@SD,,,,https://i.imgur.com/hwC1stN.png,Religious,,iptv-org-all.txt,112,200
Namayesh TV,https://ncdn.telewebion.ir/namayesh/live/playlist.m3u8,,,,NamayeshTV.ir@SD,,,,https://upload.wikimedia.org/wikipedia/commons/thumb/f/fc/Namayesh_TV_logo.svg/960px-Namayesh_TV_logo.svg.png,Entertainment,,iptv-org-all.txt,507,200
Mega TV (Paraguay) (1080p),https://www.desde-paraguay.com/mega.m3u8,,,,MegaTV.py@SD,,,,https://i.imgur.com/CaA7l86.png,News,,iptv-org-all.txt,442,200
NKR TV Kannada (1080p),https://stream.ottlive.co.in/nkrtv/index.m3u8,,,,NKRTVKannada.in@SD,,,,https://jiotvimages.cdn.jio.com/dare_images/images/NKRTV.png,General,,iptv-org-all.txt,317,200
Moya stikhiya HD (1080p),http://stream.mcquack.net/141/index.m3u8,,,,Moyastikhiya.ru@HD,,,,https://i.imgur.com/Sl8c9eB.png,Travel,,iptv-org-all.txt,136,200
NPC Radio e TV (720p),https://stmv5.samcast.com.br/nasciparacantartv/nasciparacantartv/playlist.m3u8,,,,NPCRadioeTV.pt@SD,,,,https://i.imgur.com/mw1lYWE.png,Music,,iptv-org-all.txt,5442,403
News of the World Arabic (720p),https://live.nowtelly.com/now_arabic/live/playlist.m3u8,,,,NewsoftheWorld.us@Arabic,,,,https://i.imgur.com/MfyRQCs.png,News,,iptv-org-all.txt,369,200
News of the World Spanish (1080p),https://live.nowtelly.com/now_spanish/live/playlist.m3u8,,,,NewsoftheWorld.us@Spanish,,,,https://i.imgur.com/MfyRQCs.png,News,,iptv-org-all.txt,225,200
NBCLX (1080p),https://nbculocallive.akamaized.net/hls/live/2037096/lx/use1.m3u8,,,,NBCLX.us@SD,,,,https://i.imgur.com/5iT7hEa.png,Entertainment,,iptv-org-all.txt,151,200
News of the World USA (1080p),https://live.nowtelly.com/now_usa/live_usa/playlist.m3u8,,,,NewsoftheWorld.us@USA,,,,https://i.imgur.com/MfyRQCs.png,News,,iptv-org-all.txt,143,200
MegaBox (720p) [Not 24/7],https://hdbox.chunklistv.com/live?stream=megabox,,,,MegaBox.ni@SD,,,,https://i.imgur.com/JqaW7Ei.png,Music,,iptv-org-all.txt,80,403
Moy mir (720p),https://moymir.ru/hls/onair.m3u8,,,,Moymir.ru@SD,,,,https://www.cableman.ru/sites/default/files/MM-TV_logo-1%5B1509%5D.png,Shop,,iptv-org-all.txt,510,200
Moya Planeta (1080p),http://91.226.120.120/chid210/tracks-v1a1/mono.m3u8,,,,MoyaPlaneta.ru@SD,,,,https://i.imgur.com/uIiAdBv.png,Outdoor,,iptv-org-all.txt,382,200
Mission Asia (1080p),https://livecdn.live247stream.com/missionasia/tv/playlist.m3u8,,,,MissionAsia.au@SD,,,,https://i.imgur.com/B5mKwF6.png,Religious,,iptv-org-all.txt,86,200
News One (720p),https://vodzong.mjunoon.tv:8087/streamtest/NEWS1-128/playlist.m3u8,,,,NewsOne.pk@SD,,,,https://i.imgur.com/ivrRYMk.png,News,,iptv-org-all.txt,173,200
MISA TV,https://vidl.misatv.ro:5050/MSTV/romanian_720p_baseline/playlist.m3u8,,,,MISATV.ro@SD,,,,https://i.imgur.com/2RxQNm6.png,Religious,,iptv-org-all.txt,531,200
Nande Portetepe TV,https://video.hostingcaaguazu.com:19360/nandeportetepe/nandeportetepe.m3u8,,,,NandePortetepeTV.py@SD,,,,https://i.imgur.com/3taT6JK.jpeg,Music,,iptv-org-all.txt,166,200
NMBTV (720p),https://cdn3.wowza.com/5/cXdyRHF0Z3kxN0k2/citynmb/G2044_002/playlist.m3u8,,,,NMBTV.us@SD,,,,https://i.imgur.com/HTNoNnh.png,Legislative,,iptv-org-all.txt,464,200
NogoumFMTV (672p) [Not 24/7],https://nogoumtv.nrpstream.com/hls/stream.m3u8,,,,NogoumFMTV.eg@SD,,,,https://i.imgur.com/krp3kgv.png,Music,,iptv-org-all.txt,140,403
Mr Bean Animated (1080p),https://amg00627-amg00627c23-samsung-au-4110.playouts.now.amagi.tv/playlist.m3u8,,,,MrBeanAnimated.uk@English,,,,https://static.wikia.nocookie.net/logopedia/images/2/25/Mr._Bean_Animated_Series_stacked_logo.png,Animation;Kids,,iptv-org-all.txt,266,200
News Nation 81 (1080p),https://live.newsnation81.com/newsnation81/newsnation81/index.m3u8,,,,NewsNation81.in@SD,,,,https://jiotvimages.cdn.jio.com/dare_images/images/News_Nation_81.png,News,,iptv-org-all.txt,1027,200
NTV (Russia) HD (1080p),https://bl.rutube.ru/livestream/c37cd74192c6bc3d6cd6077c0c4fd686/index.m3u8?e=2077050299&s=HSWg81JrQ3OqmwuWkEIDAQ&scheme=https,,,,NTV.ru@HD,,,,https://i.imgur.com/9r1BKzK.png,General,,iptv-org-all.txt,598,200
Mr Bean Animated ES (1080p),https://amg00627-amg00627c30-rakuten-es-3990.playouts.now.amagi.tv/playlist/amg00627-banijayfast-mrbeanescc-rakutenes/playlist.m3u8,,,,MrBeanAnimated.uk@ES,,,,https://static.wikia.nocookie.net/logopedia/images/2/25/Mr._Bean_Animated_Series_stacked_logo.png,Animation;Kids,,iptv-org-all.txt,193,200
Nigbati (720p) [Not 24/7],https://viewmedia7219.bozztv.com/wmedia/viewmedia100/web_023/Stream/playlist.m3u8,,,,Nigbati.ng@SD,,,,,Culture,,iptv-org-all.txt,2477,200
Miracle TV (480p),https://viewmedia7219.bozztv.com/wmedia/viewmedia100/web_030/Stream/playlist.m3u8,,,,MiracleTV.uk@SD,,,,https://i.imgur.com/pTn8Vc3.png,Religious,,iptv-org-all.txt,1480,200
NTV Series (576p),http://stream.mcquack.net/301/index.m3u8,,,,NTVSeries.ru@SD,,,,https://i.imgur.com/QdVa8tl.png,Series,,iptv-org-all.txt,126,200
Miras (406p) [Not 24/7],https://alpha.tv.online.tm/hls/ch003.m3u8,,,,Miras.tm@SD,,,,https://i.imgur.com/pWbJzr9.png,Culture,,iptv-org-all.txt,1281,200
Nolly Africa (1080p),https://amg02784-amg02784c2-amgplt0002.playout.now3.amagi.tv/ts-eu-w1-n2/playlist/amg02784-amg02784c2-amgplt0002/playlist.m3u8,,,,NollyAfrica.uk@SD,,,,https://i.imgur.com/IxtGpti.png,Movies,,iptv-org-all.txt,296,200
Mega TV Jaen (720p),https://live-evg5.tv360.bitel.com.pe/bitel/megatv/playlist.m3u8,,,,MegaTVJaen.pe@SD,,,,https://i.imgur.com/zK1YcpJ.png,General,,iptv-org-all.txt,820,200
Nandighosha TV (576p),https://mumt05.tangotv.in/87NeALx2NANDIGHOSHATV/index.m3u8,,,,NandighoshaTV.in@SD,,,,https://jiotvimages.cdn.jio.com/dare_images/images/Nandighosha.png,General,,iptv-org-all.txt,207,200
noa4 Hamburg (1080p),https://hls1.wtnet.de/noa4hh/apple/wifi6500.m3u8,,,,noa4Hamburg.de@SD,,,,https://i.imgur.com/7A2LRKI.png,General,,iptv-org-all.txt,726,200
noa4 Norderstedt (1080p),https://hls1.wtnet.de/noa4/apple/wifi6500.m3u8,,,,noa4Norderstedt.de@SD,,,,https://i.imgur.com/941nrGb.png,General,,iptv-org-all.txt,625,200
Mr Bean Animated FR (1080p),https://amg00627-amg00627c31-rakuten-fr-3991.playouts.now.amagi.tv/playlist/amg00627-banijayfast-mrbeanfrcc-rakutenfr/playlist.m3u8,,,,MrBeanAnimated.uk@FR,,,,https://static.wikia.nocookie.net/logopedia/images/2/25/Mr._Bean_Animated_Series_stacked_logo.png,Animation;Kids,,iptv-org-all.txt,248,200
Nandejara Ne'e TV,https://copacogen.desdeparaguay.net/nandejaraneetv/nandejaraneetv/playlist.m3u8?admin=tvaccion,,,,NandejaraNeeTV.py@SD,,,,https://i.imgur.com/VFxuBdL.jpg,Religious,,iptv-org-all.txt,438,200
NK TV 24x7 (1080p),https://nktv.smartstream.video/smartstream-us/nktvplus/nktvplus/chunks.m3u8,,,,NKTV24x7.in@SD,,,,https://www.nktv.in/wp-content/uploads/2023/01/NEW-LOGO-NEW.png,News,,iptv-org-all.txt,1338,200
NK TV Bangla (1080p),https://nktv.smartstream.video/smartstream-us/nkbangla/nkbangla/playlist.m3u8,,,,NKTVBangla.in@SD,,,,https://www.nktvbangla.com/wp-content/uploads/2023/09/WhatsApp-Image-2023-09-12-at-2.59.18-PM.jpg,News,,iptv-org-all.txt,1215,200
Nano (576p),http://stream.mcquack.net/419/index.m3u8,,,,Nano.ru@SD,,,,https://i.imgur.com/dYj3XDa.png,Documentary,,iptv-org-all.txt,124,200
Nollywood TV (720p),http://145.239.5.177/148/index.m3u8,,,,NollywoodTV.fr@SD,,,,https://i.imgur.com/29L2gbb.png,Movies,,iptv-org-all.txt,379,403
Mr Bean Live Action (1080p),https://amg00627-amg00627c39-samsung-gb-5569.playouts.now.amagi.tv/playlist.m3u8,,,,MrBeanLiveAction.uk@SD,,,,https://d2yv6y0n3qsl5c.cloudfront.net/MBEANP/MrBeanLiveAction-LG_LOGO_800x200.png,Comedy;Kids,,iptv-org-all.txt,97,200
Namdhari TV (404p) [Not 24/7],https://namdhari.tv/live/sbs1.m3u8,,,,NamdhariTV.in@SD,,,,https://i.imgur.com/NalsXTo.png,Religious,,iptv-org-all.txt,1146,200
News Tamil 24x7 (576p),https://cdn.pishow.tv/ott/live/1433/master.m3u8,,,,NewsTamil24x7.in@SD,,,,https://xstreamcp-assets-msp.streamready.in/assets/LIVETV/LIVECHANNEL/LIVETV_LIVETVCHANNEL_NEWS_TAMIL_24X7/images/LOGO_HD/image.png,News,,iptv-org-all.txt,234,200
Mr Bean Animated IT (1080p),https://amg00627-amg00627c29-rakuten-it-3989.playouts.now.amagi.tv/playlist/amg00627-banijayfast-mrbeanitcc-rakutenit/playlist.m3u8,,,,MrBeanAnimated.uk@IT,,,,https://static.wikia.nocookie.net/logopedia/images/2/25/Mr._Bean_Animated_Series_stacked_logo.png,Animation;Kids,,iptv-org-all.txt,295,200
Megavision Canal 19 (720p),https://mgvchannel19-ioriver-cdn.encoders.immergo.tv/master.m3u8,,,,MegavisionCanal19.sv@SD,,,,https://upload.wikimedia.org/wikipedia/commons/b/b8/Canal_19%27s_logo_%28Second_Era%29_in_2002.png,General,,iptv-org-all.txt,236,200
Newsmax 2 (1080p),https://amg00217-newsmax-newsmax-zeasn-022k9.amagi.tv/playlist.m3u8,,,,Newsmax2.us@SD,,,,https://i.imgur.com/iE1izWq.png,News,,iptv-org-all.txt,167,200
NTV (Turkiye),https://dogus.daioncdn.net/ntv/ntv.m3u8?app=ntv_web,,,,NTV.tr@SD,,,,https://upload.wikimedia.org/wikipedia/commons/thumb/0/0c/NTV_%28Turkey%29_logo.svg/960px-NTV_%28Turkey%29_logo.svg.png,General,,iptv-org-all.txt,1060,200
Nano HD (1080p),http://185.23.80.23:8080/NANO_HD/index.m3u8,,,,Nano.ru@HD,,,,https://i.imgur.com/dYj3XDa.png,Documentary,,iptv-org-all.txt,281,200
NTV+,https://2-fss-1.streamhoster.com/pl_122/201748-1431018-1/chunklist.m3u8,,,,NTVPlus.ca@SD,,,,https://i.imgur.com/YEUhPBv.png,Undefined,,iptv-org-all.txt,22,200
Megavision Canal 21 (720p),https://mgvchannel21-ioriver-cdn.encoders.immergo.tv/master.m3u8,,,,MegavisionCanal21.sv@SD,,,,https://i.imgur.com/HbdYU9k.png,General,,iptv-org-all.txt,234,200
Newsmax 2 KPVM-LD,https://2-fss-2.streamhoster.com/pl_120/206858-4404556-1/playlist.m3u8,,,,Newsmax2.us@KPVMLD,,,,https://i.imgur.com/iE1izWq.png,News,,iptv-org-all.txt,96,200
NBS (720p),https://media.joycorp.co.kr:4443/live/ngrp:live_all/playlist.m3u8,,,,NBS.kr@SD,,,,https://i.imgur.com/pOSroOE.png,Education,,iptv-org-all.txt,1132,200
MegaVision TV (480p),http://server3.prostudionetwork.com:1943/megavision/MV/playlist.m3u8,,,,MegaVisionTV.do@SD,,,,https://i.imgur.com/u5ECnZd.png,General,,iptv-org-all.txt,126,200
MQTV (720p) [Not 24/7],https://5bf7b725107e5.streamlock.net/mqtv/mqtv/playlist.m3u8,,,,MQTV.id@SD,,,,https://i.imgur.com/d8dQo6E.png,Religious,,iptv-org-all.txt,1252,200
News State Punjab Haryana Himachal (1080p),https://jmp2.uk/stvp-IN300083R1,,,,NewsStatePunjabHaryanaHimachal.in@SD,,,,,News,,iptv-org-all.txt,1079,200
Misiones Cuatro,https://iptv.ixfo.com.ar:30443/live-HD/MISIONES4/playlist.m3u8,,,,MisionesCuatro.ar@SD,,,,https://i.imgur.com/HXRpRlK.png,General,,iptv-org-all.txt,1416,200
Nar-TV (360p),https://streaming.nartv.fi/live/ngrp:NAR_TV.stream_all/playlist.m3u8,,,,NarTV.fi@SD,,,,https://i.imgur.com/Ht5yePq.png,General,,iptv-org-all.txt,578,200
NTV Telugu (1080p),https://mumbai-edge.smartplaytv.in/NTVTelugu/index.m3u8,,,,NTVTelugu.in@SD,,,,https://i.imgur.com/WqTIoWS.png,News,,iptv-org-all.txt,828,200
NTV-Hit (576p),http://178.134.1.158:8081/ntvhit/index.m3u8,,,,NTVHit.ru@SD,,,,https://i.imgur.com/FfKBvz5.png,Series,,iptv-org-all.txt,310,200
NBT TV Chiang Mai,https://cdn-edge.iiptvcdn.com/live_event/smil:4f6e-aa34-2034-5492-c82d.smil/playlist.m3u8,,,,NBTTVChiangMai.th@SD,,,,https://i.imgur.com/u0Zv1yb.png,General,,iptv-org-all.txt,1267,200
NBT 2 HD (1080p),https://cdn-edge.iiptvcdn.com/live_event/smil:f180-054a-38d7-ce66-f7cf.smil/playlist.m3u8,,,,NBT2HD.th@SD,,,,https://i.imgur.com/IJh6SHb.png,General,,iptv-org-all.txt,1464,200
Naranja TV (720p),https://cdn.streamingcpanel.com:3526/live/teleraiceslive.m3u8,,,,NaranjaTV.do@SD,,,,https://i.imgur.com/g7iFN3s.png,General,,iptv-org-all.txt,487,200
Naruto (1080p),https://d21vn5eki5qsdi.cloudfront.net/playlist.m3u8,,,,Naruto.us@US,,,,https://i.imgur.com/M8X3Kvc.png,Animation,,iptv-org-all.txt,104,200
Newsmax Spanish (1080p),https://n1ottesorkatv.akamaized.net/hls/live/2113795/Live_1/index.m3u8,,,,NewsmaxSpanish.us@SD,,,,https://i.imgur.com/mrXMW7H.png,News,,iptv-org-all.txt,194,200
NBT World (1080p),https://cdn-edge.iiptvcdn.com/live_event/smil:d36f-93c1-9c58-fdcc-427f.smil/playlist.m3u8,,,,NBTWorld.th@SD,,,,https://i.imgur.com/GUQhLeg.png,General,,iptv-org-all.txt,1260,200
Nanchang News & Generalist Channel,https://play-live-hls.jxtvcn.com.cn/live-city/tv_nanchang.m3u8,,,,NanchangNewsGeneralistChannel.cn@SD,,,,https://www.tvchinese.net/uploads/tv/nctv1.jpg,General,,iptv-org-all.txt,1760,403
News State MP & CHG (1080p),https://jmp2.uk/stvp-IN4000012ML,,,,NewsStateMPCHG.in@SD,,,,https://xstreamcp-assets-msp.streamready.in/assets/LIVETV/LIVECHANNEL/LIVETV_LIVETVCHANNEL_NEWS_STATE_MADHYA_PRADESH_CHHATTISGARH/images/LOGO_HD/image.png,News,,iptv-org-all.txt,1696,200
Newsmax TV (720p),https://nmx1ota.akamaized.net/hls/live/2107010/Live_1/index.m3u8,,,,NewsmaxTV.us@SD,,,,https://upload.wikimedia.org/wikipedia/commons/thumb/8/85/Newsmax_logo.svg/960px-Newsmax_logo.svg.png,News,,iptv-org-all.txt,164,200
NTV Mir (576p),http://5.188.159.128:8070/ntvmir_TV/index.m3u8,,,,NTVMir.ru@SD,,,,https://i.imgur.com/pUcV46F.png,Culture,,iptv-org-all.txt,1696,200
MRTV,https://mrtvott.com/cache/MRTV-HD/master.m3u8,,,,MRTV.mm@SD,,,,https://i.imgur.com/uyv7oJH.png,General,,iptv-org-all.txt,504,200
Noor TV (United Kingdom) (720p),https://sscsott.com/srt/noortvuk/index.m3u8,,,,NoorTV.uk@SD,,,,https://i.imgur.com/DlKgIuQ.png,Religious,,iptv-org-all.txt,400,200
Mission TV (1080p) [Not 24/7],https://6096a9cf11ae5.streamlock.net:1943/live/missiontv/playlist.m3u8,,,,MissionTV.us@SD,,,,https://i.imgur.com/Hb38BNo.png,Religious,,iptv-org-all.txt,85,200
Mei Ah Movie Channel (1080p),http://103.172.187.30:12000/stream/mytv/null-9/master.m3u8,,,,MeiAhMovieChannel.hk@SD,,,,https://i.imgur.com/laGiFM1.png,Movies,,iptv-org-all.txt,468,200
NewsWorld (1080p),https://amg01076-lightning-amg01076c5-rakuten-us-1788.playouts.now.amagi.tv/playlist/amg01076-lightning-newsworld-rakutenus/playlist.m3u8,,,,NewsWorld.hk@FAST,,,,https://provider-static.plex.tv/epg/cms/production/2e3bf0d9-3ca6-4f65-b1d4-f180ef725d96/NewsWorld_logo_dark_-_Angela_Chan.png,News,,iptv-org-all.txt,190,200
News State UP & UK (1080p),https://jmp2.uk/stvp-IN3000846P,,,,NewsStateUPUK.in@SD,,,,https://xstreamcp-assets-msp.streamready.in/assets/LIVETV/LIVECHANNEL/LIVETV_LIVETVCHANNEL_NEWS_STATE_UP_UK/images/LOGO_HD/image.png,News,,iptv-org-all.txt,1680,200
Noor TV (Iran),https://ncdn.telewebion.ir/noor/live/playlist.m3u8,,,,NoorTV.ir@SD,,,,https://upload.wikimedia.org/wikipedia/fa/thumb/c/ce/Qum_Noor_TV.svg/960px-Qum_Noor_TV.svg.png,Undefined,,iptv-org-all.txt,890,200
Nuestra Tele Internacional (720p),http://170.238.200.199/nuestra-tele/index.m3u8,,,,NuestraTeleInternacional.co@SD,,,,https://i.imgur.com/JoGQqmP.png,General,,iptv-org-all.txt,258,200
Mel Radio TV (360p),https://eu1.servers10.com:8081/8334/index.m3u8,,,,MelRadioTV.ec@SD,,,,https://i.imgur.com/uu8Clh2.png,Entertainment,,iptv-org-all.txt,86,200
NorCast Weather (1080p),https://norcast-weather.streamology.live/api/v1/streams/c1b5b114698e1ad4687153c4402d5ef0/live.m3u8,,,,NorCastWeather.us@HD,,,,https://i.imgur.com/AfjoZgo.png,Weather,,iptv-org-all.txt,197,200
NOOS TV (720p),https://ms2.mx-cd.net/tv/276-2860564/Omroep_NOOS.smil/playlist.m3u8,,,,NOOSTV.nl@SD,,,,https://i.imgur.com/X8xLcpT.png,General,,iptv-org-all.txt,579,200
Nueva Vida FM (720p),https://stream.nuevavidafm.net:3937/live/nuevavidalive.m3u8,,,,NuevaVidaFM.pr@SD,,,,https://i.ibb.co/3mbZWyN/nav-Bar-title-Image-iphone6plus.png,Music;Religious,,iptv-org-all.txt,168,200
Melody FM (720p) [Not 24/7],https://cdn3.wowza.com/1/OVRrOWxXUEswS2Yv/eGVxSWZy/hls/live/playlist.m3u8,,,,MelodyFM.jo@SD,,,,https://i.imgur.com/J8omcNz.png,Music,,iptv-org-all.txt,78,200
NCM Educational & Kids Channel,https://reflect-npa.cablecast.tv/live-9/live/live.m3u8,,,,NCMEducationalKidsChannel.us@SD,,,,https://i.imgur.com/3YPvfPn.png,Education;Kids,,iptv-org-all.txt,164,403
NCM Government & Politics Channel,https://reflect-npa.cablecast.tv/live-8/live/live.m3u8,,,,NCMGovernmentPoliticsChannel.us@SD,,,,https://i.imgur.com/3YPvfPn.png,Legislative,,iptv-org-all.txt,42,403
Mekameleen TV (1080p),https://mn-nl.mncdn.com/mekameleen/smil:mekameleentv.smil/playlist.m3u8,,,,MekameleenTV.tr@SD,,,,https://i.imgur.com/q7iVchl.png,News,,iptv-org-all.txt,479,200
NewsX World (576p),https://mumt03.tangotv.in/Dsly5z3HNEWSXWORLD/index.m3u8,,,,NewsXWorld.in@HD,,,,https://jiotvimages.cdn.jio.com/dare_images/images/News_X_World.png,News,,iptv-org-all.txt,205,200
Nueve TV (720p),https://5ca9af4645e15.streamlock.net/nuevetv/videonuevetv/.m3u8,,,,NueveTV.mx@SD,,,,https://i.imgur.com/3fzB7zY.png,General,,iptv-org-all.txt,60,200
MRTV News,https://mrtvott.com/cache/MRTV-NEWS-HD/master.m3u8,,,,MRTVNews.mm@SD,,,,https://i.imgur.com/5eK8Bc4.png,News,,iptv-org-all.txt,504,200
NCM Main Channel,https://reflect-npa.cablecast.tv/live-6/live/live.m3u8,,,,NCMMainChannel.us@SD,,,,https://i.imgur.com/3YPvfPn.png,General,,iptv-org-all.txt,7,403
MRVTV Channel 44 (720p),https://livestream.telvue.com/madrivervalleytv1/f7b44cfafd5c52223d5498196c8a2e7b.sdp/playlist.m3u8,,,,MRVTVChannel44.us@SD,,,,https://i.imgur.com/QZcENP2.png,General,,iptv-org-all.txt,105,200
Newsy (1080p),https://547f72e6652371c3.mediapackage.us-east-1.amazonaws.com/out/v1/e3e6e29095844c4ba7d887f01e44a5ef/index.m3u8,,,,Newsy.us@SD,,,,https://upload.wikimedia.org/wikipedia/commons/thumb/6/69/Newsy_2021.svg/960px-Newsy_2021.svg.png,News,,iptv-org-all.txt,184,200
Mei Alai TV (576p),https://meialai.iptelevishion.com/meialai/2/index.m3u8,,,,MeiAlaiTV.in@SD,,,,https://www.meialai.in/assets/meialai-DBaBUZTH.png,General,,iptv-org-all.txt,865,200
NCTV79 (1080p),https://livestream.telvue.com/nctv791/f7b44cfafd5c52223d5498196c8a2e7b.sdp/playlist.m3u8,,,,NCTV79.us@SD,,,,https://i.imgur.com/64sZVF9.jpg,General,,iptv-org-all.txt,6,200
Nuestra Imagen TV,https://live.tvcontrolcp.com:1936/tvnitelevision/tvnitelevision/playlist.m3u8,,,,NuestraImagenTV.gt@SD,,,,https://i.imgur.com/sknLXZI.jpeg,General,,iptv-org-all.txt,901,200
MRVTV Channel 45 (720p),https://livestream.telvue.com/madrivervalleytv2/f7b44cfafd5c52223d5498196c8a2e7b.sdp/playlist.m3u8,,,,MRVTVChannel45.us@SD,,,,https://i.imgur.com/QZcENP2.png,General,,iptv-org-all.txt,148,200
Mercan TV (576p) [Not 24/7],https://live.artidijitalmedya.com/artidijital_mercantv/mercantv/playlist.m3u8,,,,MercanTV.tr@SD,,,,https://i.imgur.com/3CWV8bS.png,Undefined,,iptv-org-all.txt,244,200
Nopola News (1080p) [Not 24/7],https://virta2.nopolanews.fi:8443/live/smil:Stream1.smil/playlist.m3u8,,,,NopolaNews.fi@SD,,,,https://i.imgur.com/vDoQaGl.png,News,,iptv-org-all.txt,878,200
Norte Informativo TV (240p),https://videohd.live:19360/8076/8076.m3u8,,,,NorteInformativoTV.cr@SD,,,,https://i.ibb.co/2MNzXN7/Channels4-profile-9.jpg,News,,iptv-org-all.txt,325,200
Mercurio Noticias,https://videostream.shockmedia.com.ar/hls/mercuriotv/mercuriotv.m3u8,,,,MercurioNoticias.ar@SD,,,,https://i.imgur.com/sfd87LX.png,News,,iptv-org-all.txt,159,200
Nexo TV,https://vs20.live.opencaster.com/nexotv_7576198a/index.m3u8,,,,NexoTV.co@SD,,,,https://i.imgur.com/tkEFZWo.png,General,,iptv-org-all.txt,52,200
Nex TV Canal 21,https://movil.ejeserver.com/live/nextv.m3u8,,,,NexTVCanal21.pa@SD,,,,https://i.imgur.com/QQBd052.png,General,,iptv-org-all.txt,227,200
NewTV (1080p),https://1409502578.rsc.cdn77.org/live/stream-1/chunklist.m3u8,,,,NewTV.pl@SD,,,,https://i.imgur.com/fH8rKs3.png,General,,iptv-org-all.txt,381,200
MRTV Entertainment,https://mrtvott.com/cache/MRTV-Ent-HD/master.m3u8,,,,MRTVEntertainment.mm@SD,,,,https://i.imgur.com/c9q6oT0.png,Entertainment,,iptv-org-all.txt,1265,200
Noroc TV,https://media.noroc.tv/noroc/bitrate_1080p.m3u8,,,,NorocTV.md@SD,,,,https://i.imgur.com/XvYqpqG.png,Music,,iptv-org-all.txt,508,200
MiTV (720p),https://rds3.desdeparaguay.net/mitv/mitv/playlist.m3u8,,,,MiTV.py@SD,,,,https://i.imgur.com/sgrEt9z.png,Entertainment,,iptv-org-all.txt,201,200
Nuka TV (720p) [Not 24/7],https://cloudvideo.servers10.com:8081/8118/index.m3u8,,,,NukaTV.ec@SD,,,,https://i.imgur.com/4r2Ycju.png,General,,iptv-org-all.txt,99,200
Nasa TV (1080p) [Not 24/7],https://stream.nasatv.com.mk/hls/nasatv_live.m3u8,,,,NasaTV.mk@SD,,,,https://i.imgur.com/9rB4VZy.png,General,,iptv-org-all.txt,631,200
Meltem TV (1080p),https://vhxyrsly.rocketcdn.com/meltemtv/playlist.m3u8,,,,MeltemTV.tr@SD,,,,https://i.imgur.com/C3m6w5S.png,General,,iptv-org-all.txt,693,200
Megavision (720p),https://twitch-m3u8.bastypro112.workers.dev/megavisionbo/index.m3u8,,,,Megavision.bo@SD,,,,https://i.imgur.com/IAQXCak.png,General,,iptv-org-all.txt,2716,200
Mithila Nepal TV (1080p),http://150.107.205.212:1935/live/mithila/playlist.m3u8?DVR=,,,,MithilaNepalTV.np@SD,,,,https://i.ibb.co/CWn3fH9/1689333550464.jpg,General,,iptv-org-all.txt,750,200
Norte TV (720p) [Not 24/7],https://ntvcanal7.com.ar:81/dash/stream.mpd,,,,NorteTV.ar@SD,,,,https://i.imgur.com/jTX2vp0.png,General,,iptv-org-all.txt,815,200
NCTV (1080p),https://pantera1-100gb-cl-movistar.dps.live/nctv/nctv.smil/playlist.m3u8,,,,NCTV.cl@SD,,,,https://i.imgur.com/oo5vDBv.png,News,,iptv-org-all.txt,721,200
NTV (Russia) +1 (576p),https://cdn.ntv.ru/ntv1/playlist.m3u8,,,,NTV.ru@Plus1,,,,https://i.imgur.com/9r1BKzK.png,General,,iptv-org-all.txt,5099,200
NTV (Russia) +2 (576p),https://cdn.ntv.ru/ntv2/playlist.m3u8,,,,NTV.ru@Plus2,,,,https://i.imgur.com/9r1BKzK.png,General,,iptv-org-all.txt,5053,200
NTV (Russia) +7 (576p),https://cdn.ntv.ru/ntv7/playlist.m3u8,,,,NTV.ru@Plus7,,,,https://i.imgur.com/9r1BKzK.png,General,,iptv-org-all.txt,4794,200
NTV (Russia) +4 (576p),https://cdn.ntv.ru/ntv4/playlist.m3u8,,,,NTV.ru@Plus4,,,,https://i.imgur.com/9r1BKzK.png,General,,iptv-org-all.txt,4927,200
NTV Vitrina (720p),https://cdn.ntv.ru/vitrina/index.m3u8,,,,NTVVitrina.ru@SD,,,,https://upload.wikimedia.org/wikipedia/commons/thumb/1/1a/NTV_logo_2003.svg/1280px-NTV_logo_2003.svg.png,General,,iptv-org-all.txt,3624,200
MTV Uutiset (720p),https://live.streaming.a2d.tv/asset/20025962.isml/.m3u8,,,,MTVUutiset.fi@SD,,,,https://i.imgur.com/ZO8ShOK.png,News,,iptv-org-all.txt,1937,200
MRTV Farmer,https://mrtvott.com/cache/MRTV-FARMER/master.m3u8,,,,MRTVFarmer.mm@SD,,,,https://i.imgur.com/f4PWvrW.jpg,Documentary;Lifestyle,,iptv-org-all.txt,505,200
MRTV Sports [Not 24/7],https://mrtvott.com/cache/MRTV-SPORT/master.m3u8,,,,MRTVSports.mm@SD,,,,https://i.imgur.com/cFTR4kC.png,Sports,,iptv-org-all.txt,506,200
