频道名,地址,回播地址,回播类型,回播天数,tvg-id,tvg-name,国家分组,语言分组,图标,原分组,分辨率,来源文件,检测时间,状态码
Ici Radio-Canada Télé Manitoba (CBWFT-DT) [Geo-blocked],https://rcavlive.akamaized.net/hls/live/704018/cancbwft/master.m3u8,,,,IciRadioCanadaTele.ca@CBWFTDT,,,,https://upload.wikimedia.org/wikipedia/en/thumb/c/cf/Current_Logo_of_Ici_Radio-Canada_T%C3%A9l%C3%A9_%282016-present%29.svg/960px-Current_Logo_of_Ici_Radio-Canada_T%C3%A9l%C3%A9_%282016-present%29.svg.png,Undefined,,iptv-org-all.txt,88,403
Ici Radio-Canada Télé Colombie-Britannique/Yukon (CBUFT-DT) [Geo-blocked],https://rcavlive.akamaized.net/hls/live/704017/cancbuft/master.m3u8,,,,IciRadioCanadaTele.ca@CBUFTDT,,,,https://upload.wikimedia.org/wikipedia/en/thumb/c/cf/Current_Logo_of_Ici_Radio-Canada_T%C3%A9l%C3%A9_%282016-present%29.svg/960px-Current_Logo_of_Ici_Radio-Canada_T%C3%A9l%C3%A9_%282016-present%29.svg.png,Undefined,,iptv-org-all.txt,90,403
Ici Radio-Canada Télé Mauricie/Centre-du-Québec (CKTM-DT) [Geo-blocked],https://rcavlive.akamaized.net/hls/live/704021/cancktm/master.m3u8,,,,IciRadioCanadaTele.ca@CKTMDT,,,,https://upload.wikimedia.org/wikipedia/en/thumb/c/cf/Current_Logo_of_Ici_Radio-Canada_T%C3%A9l%C3%A9_%282016-present%29.svg/960px-Current_Logo_of_Ici_Radio-Canada_T%C3%A9l%C3%A9_%282016-present%29.svg.png,Undefined,,iptv-org-all.txt,88,403
Ici Radio-Canada Télé Estrie (CKSH-DT) [Geo-blocked],https://rcavlive.akamaized.net/hls/live/704016/cancksh/master.m3u8,,,,IciRadioCanadaTele.ca@CKSHDT,,,,https://upload.wikimedia.org/wikipedia/en/thumb/c/cf/Current_Logo_of_Ici_Radio-Canada_T%C3%A9l%C3%A9_%282016-present%29.svg/960px-Current_Logo_of_Ici_Radio-Canada_T%C3%A9l%C3%A9_%282016-present%29.svg.png,Undefined,,iptv-org-all.txt,89,403
Ici Radio-Canada Télé Québec (CBVT-DT) [Geo-blocked],https://rcavlive.akamaized.net/hls/live/664045/cancbvt/master.m3u8,,,,IciRadioCanadaTele.ca@CBVTDT,,,,https://upload.wikimedia.org/wikipedia/en/thumb/c/cf/Current_Logo_of_Ici_Radio-Canada_T%C3%A9l%C3%A9_%282016-present%29.svg/960px-Current_Logo_of_Ici_Radio-Canada_T%C3%A9l%C3%A9_%282016-present%29.svg.png,Undefined,,iptv-org-all.txt,87,403
Ici Radio-Canada Télé Alberta (CBXFT-DT) [Geo-blocked],https://rcavlive.akamaized.net/hls/live/704020/cancbxft/master.m3u8,,,,IciRadioCanadaTele.ca@CBXFTDT,,,,https://i.imgur.com/xN4Valg.png,Undefined,,iptv-org-all.txt,92,403
Ici Radio-Canada Télé Ontario (CBLFT-DT) [Geo-blocked],https://rcavlive.akamaized.net/hls/live/704022/cancblft/master.m3u8,,,,IciRadioCanadaTele.ca@CBLFTDT,,,,https://i.imgur.com/1f798e8.png,Undefined,,iptv-org-all.txt,90,403
Ici Radio-Canada Télé Ottawa/Gatineau (CBOFT-DT) [Geo-blocked],https://rcavlive.akamaized.net/hls/live/664046/cancboft/master.m3u8,,,,IciRadioCanadaTele.ca@CBOFTDT,,,,https://i.imgur.com/373Y8Py.png,Undefined,,iptv-org-all.txt,90,403
Ici Radio-Canada Télé Est du Québec (CJBR-DT) [Geo-blocked],https://rcavlive.akamaized.net/hls/live/704024/cancjbr/master.m3u8,,,,IciRadioCanadaTele.ca@CJBRDT,,,,https://i.imgur.com/1B3d8Jc.png,Undefined,,iptv-org-all.txt,92,403
Ici Radio-Canada Télé Saguenay/Lac-St-Jean (CKTV-DT) [Geo-blocked],https://rcavlive.akamaized.net/hls/live/704023/cancktv/master.m3u8,,,,IciRadioCanadaTele.ca@CKTVDT,,,,https://upload.wikimedia.org/wikipedia/en/thumb/c/cf/Current_Logo_of_Ici_Radio-Canada_T%C3%A9l%C3%A9_%282016-present%29.svg/960px-Current_Logo_of_Ici_Radio-Canada_T%C3%A9l%C3%A9_%282016-present%29.svg.png,Undefined,,iptv-org-all.txt,89,403
Ici Radio-Canada Télé Saskatchewan (CBKFT-DT) [Geo-blocked],https://rcavlive.akamaized.net/hls/live/704019/cancbkft/master.m3u8,,,,IciRadioCanadaTele.ca@CBKFTDT,,,,https://upload.wikimedia.org/wikipedia/en/thumb/c/cf/Current_Logo_of_Ici_Radio-Canada_T%C3%A9l%C3%A9_%282016-present%29.svg/960px-Current_Logo_of_Ici_Radio-Canada_T%C3%A9l%C3%A9_%282016-present%29.svg.png,Undefined,,iptv-org-all.txt,90,403
Ici Radio-Canada Télé Terre-Neuve-et-Labrador (CBAFT-DT) [Geo-blocked],https://rcavlive.akamaized.net/hls/live/704014/cancbaft/master.m3u8,,,,IciRadioCanadaTele.ca@CBAFTDT,,,,https://upload.wikimedia.org/wikipedia/en/thumb/c/cf/Current_Logo_of_Ici_Radio-Canada_T%C3%A9l%C3%A9_%282016-present%29.svg/960px-Current_Logo_of_Ici_Radio-Canada_T%C3%A9l%C3%A9_%282016-present%29.svg.png,Undefined,,iptv-org-all.txt,2,403
Golf Channel Latin America (1080p),http://15.204.246.24:8080/GolfChannelHD/index.m3u8,,,,GolfChannelLatinAmerica.us@SD,,,,https://upload.wikimedia.org/wikipedia/commons/thumb/2/23/Golf_Channel_Logo_2018.png/960px-Golf_Channel_Logo_2018.png,Sports,,iptv-org-all.txt,152,200
Golden Community Television (GCO.tv) (Golden CO) (1080p),https://reflect-golden-co.cablecast.tv/live-3/live/live.m3u8,,,,GCOtv.us@SD,,,,https://i.imgur.com/zHBR2zR.png,General,,iptv-org-all.txt,203,200
GEM Rubix,https://ca-rt.onetv.app/gemrubix/index-0.m3u8?token=onetv202,,,,GEMRubix.tr@SD,,,,https://i.imgur.com/cDjOj58.png,Movies,,iptv-org-all.txt,228,403
GEM Kids,https://ca-rt.onetv.app/gemkids/index-0.m3u8?token=onetv202,,,,GEMKids.tr@SD,,,,https://i.imgur.com/ArkjaFk.png,Kids,,iptv-org-all.txt,323,403
GEM Junior,https://ca-rt.onetv.app/gemjunior/index-0.m3u8?token=onetv202,,,,GEMJunior.tr@SD,,,,https://i.imgur.com/jK8yzj2.png,Kids,,iptv-org-all.txt,330,403
GEM Mifa,https://ca-rt.onetv.app/gemmifa/index-0.m3u8?token=onetv202,,,,GEMMifa.tr@SD,,,,https://i.imgur.com/qlI7o7V.png,Music,,iptv-org-all.txt,335,403
GEM River Plus,https://ca-rt.onetv.app/gemriverplus/index-0.m3u8?token=onetv202,,,,GEMRiverPlus.tr@SD,,,,https://gemgroup.tv/assets/images/channels/icon_29.png,Entertainment,,iptv-org-all.txt,248,403
GEM River,https://ca-rt.onetv.app/gemriver/index-0.m3u8?token=onetv202,,,,GEMRiver.tr@SD,,,,https://i.imgur.com/yJ6f1B6.png,Entertainment,,iptv-org-all.txt,335,403
GEM Nature,https://ca-rt.onetv.app/gemnature/index-0.m3u8?token=onetv202,,,,GEMNature.tr@SD,,,,https://i.imgur.com/ENvOMDQ.png,Documentary,,iptv-org-all.txt,346,403
GEM Life,https://ca-rt.onetv.app/gemlife/index-0.m3u8?token=onetv202,,,,GEMLife.tr@SD,,,,https://i.imgur.com/gI8qePa.png,Lifestyle,,iptv-org-all.txt,348,403
GEM Mifa Plus,https://ca-rt.onetv.app/gemmifaplus/index-0.m3u8?token=onetv202,,,,GEMMifaPlus.tr@SD,,,,https://i.imgur.com/8FIAqR5.png,Music,,iptv-org-all.txt,349,403
GEM Fit,https://ca-rt.onetv.app/gemfit/index-0.m3u8?token=onetv202,,,,GEMFit.tr@SD,,,,https://i.imgur.com/7FQxaII.png,Sports,,iptv-org-all.txt,354,403
GEM Food,https://ca-rt.onetv.app/gemfood/index-0.m3u8?token=onetv202,,,,GEMFood.tr@SD,,,,https://i.imgur.com/SMtSinK.png,Cooking,,iptv-org-all.txt,354,403
GEM Onyx,https://ca-rt.onetv.app/gemonyx/index-0.m3u8?token=onetv202,,,,GEMOnyx.tr@SD,,,,https://i.imgur.com/gXRIAw4.png,Movies,,iptv-org-all.txt,354,403
FIFA+ United States (720p),https://d2w9q46ikgrcwx.cloudfront.net/v1/master/3722c60a815c199d9c0ef36c5b73da68a62b09d1/cc-of5cbk3sav3w5/v1/sysdata_s_p_a_fifa_7/samsungheadend_us/latest/main/hls/playlist.m3u8,,,,FIFAPlus.uk@UnitedStates,,,,https://upload.wikimedia.org/wikipedia/commons/thumb/9/9c/FIFA%2B_(2025).svg/960px-FIFA%2B_(2025).svg.png,Sports,,iptv-org-all.txt,361,200
France 5 (720p),http://145.239.5.177/305/index.m3u8,,,,France5.fr@SD,,,,https://upload.wikimedia.org/wikipedia/commons/thumb/5/50/France_5_2018.svg/960px-France_5_2018.svg.png,General,,iptv-org-all.txt,366,403
FIFA+ Spain (720p),https://d63fabad.wurl.com/master/f36d25e7e52f1ba8d7e56eb859c636563214f541/UmFrdXRlblRWLWVzX0ZJRkFQbHVzU3BhbmlzaF9ITFM/playlist.m3u8,,,,FIFAPlus.uk@Spain,,,,https://upload.wikimedia.org/wikipedia/commons/thumb/9/9c/FIFA%2B_(2025).svg/960px-FIFA%2B_(2025).svg.png,Sports,,iptv-org-all.txt,368,200
France 24 English (1080p),https://live.france24.com/hls/live/2037218-b/F24_EN_HI_HLS/master_5000.m3u8,,,,France24.fr@English,,,,https://xstreamcp-assets-msp.streamready.in/assets/LIVETV/LIVECHANNEL/LIVETV_LIVETVCHANNEL_FRANCE_24/images/LOGO_HD/image.png,News,,iptv-org-all.txt,368,200
Golden Jade (1080p),http://103.172.187.30:12000/stream/mytv/null-12/master.m3u8,,,,GoldenJade.hk@SD,,,,https://i.imgur.com/lPYxsUr.png,Undefined,,iptv-org-all.txt,394,200
InTravel (1080p),https://amg00861-amg00861c10-rakuten-uk-3152.playouts.now.amagi.tv/playlist.m3u8,,,,INTRAVEL.nl@Philippines,,,,https://jiotvimages.cdn.jio.com/dare_images/images/Intravel.png,Travel,,iptv-org-all.txt,398,200
France 24 French (1080p),https://live.france24.com/hls/live/2037179-b/F24_FR_HI_HLS/master_5000.m3u8,,,,France24.fr@French,,,,https://i.imgur.com/u8N6uoj.png,News,,iptv-org-all.txt,403,200
GEM Rubix Plus,https://ca-rt.onetv.app/gemrubixplus/index-0.m3u8?token=onetv202,,,,GEMRubixPlus.tr@SD,,,,https://gemgroup.tv/assets/images/channels/icon_31.png,Movies,,iptv-org-all.txt,66,403
FIFA+ Portuguese (720p),https://e3be9ac5.wurl.com/master/f36d25e7e52f1ba8d7e56eb859c636563214f541/TEctYnJfRklGQVBsdXNQb3J0dWd1ZXNlX0hMUw/playlist.m3u8,,,,FIFAPlus.uk@Portuguese,,,,https://upload.wikimedia.org/wikipedia/commons/thumb/9/9c/FIFA%2B_(2025).svg/960px-FIFA%2B_(2025).svg.png,Sports,,iptv-org-all.txt,431,200
GEM Series Plus,https://ca-rt.onetv.app/gemseriesplus/index-0.m3u8?token=onetv202,,,,GEMSeriesPlus.tr@SD,,,,https://gemgroup.tv/assets/images/channels/icon_33.png,Series,,iptv-org-all.txt,72,403
Holy Quran Radio Nablus (720p),http://streaming.zaytonatube.com:8080/holyquran/holyquran/video.m3u8,,,,HolyQuranRadioNablus.ps@SD,,,,https://quran-radio.com/assets/images/site/quran-radio-logo-h-rtl.png,Religious,,iptv-org-all.txt,486,200
FIFA+ Women (720p),https://cffda8ff.wurl.com/master/f36d25e7e52f1ba8d7e56eb859c636563214f541/U2Ftc3VuZy1nYl9GSUZBUGx1c3dvbWVuX0hMUw/playlist.m3u8,,,,FIFAPlusWomen.uk@English,,,,https://i.imgur.com/xy9ZxVO.png,Sports,,iptv-org-all.txt,495,200
France 24 Arabic (1080p),https://live.france24.com/hls/live/2037222-b/F24_AR_HI_HLS/master_5000.m3u8,,,,France24.fr@Arabic,,,,https://xstreamcp-assets-msp.streamready.in/assets/LIVETV/LIVECHANNEL/LIVETV_LIVETVCHANNEL_FRANCE_24/images/LOGO_HD/image.png,News,,iptv-org-all.txt,558,200
ICI RDI (720p),https://rcavlive.akamaized.net/hls/live/704025/xcanrdi/master.m3u8,,,,IciRDI.ca@SD,,,,https://upload.wikimedia.org/wikipedia/commons/thumb/0/0a/ICI_RDI_logo.svg/960px-ICI_RDI_logo.svg.png,News,,iptv-org-all.txt,237,200
ION TV (720p),http://23.237.104.106:8080/USA_ION/index.m3u8,,,,IONTV.us@East,,,,https://i.imgur.com/ocs2DeU.png,Entertainment,,iptv-org-all.txt,170,200
interTV (1080p),https://streamtv.intervenhosting.net:3439/hybrid/play.m3u8,,,,InterTV.ve@SD,,,,https://i.ibb.co/HG2DM8G/IMG-20230705-153952.jpg,Entertainment,,iptv-org-all.txt,587,200
Jawa Pos TV Jakarta (720p),http://122.248.43.242:1935/JAWAPOSTVJKT/_definst_/myStream/playlist.m3u8,,,,JawaPosTV.id@Jakarta,,,,https://upload.wikimedia.org/wikipedia/commons/thumb/7/77/Jawa_Pos_TV_2024.svg/960px-Jawa_Pos_TV_2024.svg.png,General,,iptv-org-all.txt,591,200
France 4 HD (1080p),https://sv1.data-stream.top/8c0a287e56a6e1843143904778be3775b4d3edd4fba4ffcc3f72638c7a71d4d4/hls/francetv4.m3u8,,,,France4.fr@HD,,,,https://upload.wikimedia.org/wikipedia/commons/thumb/3/3b/France_4_2018.svg/960px-France_4_2018.svg.png,Kids,,iptv-org-all.txt,639,403
Jawhara TV (720p) [Not 24/7],http://streaming.toutech.net:1935/live/mp4:jawharafm.sdp/playlist.m3u8,,,,JawharaTV.tn@SD,,,,https://i.imgur.com/mRSQ5bP.png,Music,,iptv-org-all.txt,677,200
Homeful (1080p),https://amg00090-blueantcanada-amg00090c4-samsung-au-819.playouts.now.amagi.tv/playlist/amg00090-blueantfast-homefulworldwide-samsungau/playlist.m3u8,,,,Homeful.ca@US,,,,https://www.homefultv.com/wp-content/uploads/2023/03/Homeful_Logo_MintWhite.png,Undefined,,iptv-org-all.txt,735,200
Home Plus,https://homeplushls.wns.live/hls/stream.m3u8,,,,HomePlus.ir@SD,,,,,Movies,,iptv-org-all.txt,746,200
France 24 Español (1080p),https://live.france24.com/hls/live/2037220-b/F24_ES_HI_HLS/master_5000.m3u8,,,,France24.fr@Spanish,,,,https://xstreamcp-assets-msp.streamready.in/assets/LIVETV/LIVECHANNEL/LIVETV_LIVETVCHANNEL_FRANCE_24/images/LOGO_HD/image.png,News,,iptv-org-all.txt,823,200
Invasiva TV (720p),https://tv-omega-nine.vercel.app/hls/live.m3u8,,,,InvasivaTV.py@SD,,,,https://i.imgur.com/R9E6jEC.png,Undefined,,iptv-org-all.txt,833,200
Hang Meas HDTV (720p),http://clive.malisresidences.com:1935/hm_hdtv/_definst_/smil:hmhdt12356.smil/playlist.m3u8,,,,HangMeasHDTV.kh@SD,,,,https://i.imgur.com/P8oOR8I.png,General,,iptv-org-all.txt,849,200
JBN Canal 39 (720p) [Not 24/7],https://hdbox.chunklistv.com/live?stream=jbn39,,,,JBN.ni@SD,,,,https://i.imgur.com/vFi0FMZ.png,Religious,,iptv-org-all.txt,860,403
Interradio TV,https://tv.arkeo.cl:1936/8002/8002/playlist.m3u8,,,,InterradioTV.cl@SD,,,,https://i.imgur.com/3875n4G.png,Music,,iptv-org-all.txt,886,200
Filinfo TV (1080p),https://d2iqjnqfr8pv3b.cloudfront.net/out/v1/d09d2fc718404cd8bccd3eba2444dd70/index.m3u8,,,,FilinfoTV.bf@SD,,,,https://i.imgur.com/KG93Tvn.png,News,,iptv-org-all.txt,904,200
INTROUBLE (1080p),https://amg00861-amg00861c6-stirr-us-8229.playouts.now.amagi.tv/playlist.m3u8,,,,InTrouble.nl@SD,,,,https://i.imgur.com/a40chFI.png,Auto;Outdoor;Sports,,iptv-org-all.txt,916,200
FilAmTV Network (1080p),https://cdn.vegasplus.us/vegas/ftv/playlist.m3u8,,,,FilAmTVNetwork.us@HD,,,,https://i.imgur.com/nRiApdI.png,General,,iptv-org-all.txt,948,200
GEM TV,https://ca-rt.onetv.app/gem/index-0.m3u8?token=onetv202,,,,GEMTV.tr@SD,,,,https://gemgroup.tv/assets/images/channels/icon_16.png,Movies,,iptv-org-all.txt,69,403
Homes Under The Hammer (720p),https://all3media-homes-under-the-hammer-1-au.samsung.wurl.tv/playlist.m3u8,,,,HomesUnderHammer.us@UK,,,,https://i.imgur.com/P5Haaln.png,Series,,iptv-org-all.txt,977,200
FILMBOX+ Festival HD (1080p),https://nosignal1.antenaplay.ro/hls/fb-festival-hd/index.m3u8,,,,FILMBOXPlusFestival.pl@HD,,,,https://spiintl.com/data/files/kcfinderUploadDir/images/filmboxplus/filmbox%2Bfestival.png,Movies,,iptv-org-all.txt,715,200
FightBox HD,https://nosignal1.antenaplay.ro/hls/fightbox-hd/index.m3u8,,,,FightBox.nl@HD,,,,https://i.imgur.com/mRsnztA.png,Sports,,iptv-org-all.txt,1056,200
FILMBOX+ Hits Romania (576p),https://nosignal1.antenaplay.ro/hls/fb-hits-sd/index.m3u8,,,,FILMBOXPlusHits.pl@Romania,,,,https://spiintl.com/data/files/kcfinderUploadDir/images/filmboxplus/filmbox%2Bhits.png,Movies,,iptv-org-all.txt,697,200
FILMBOX+ Comedy Romania,https://nosignal1.antenaplay.ro/hls/fb-comedy-hd/index.m3u8,,,,FILMBOXPlusComedy.pl@Romania,,,,https://spiintl.com/data/files/kcfinderUploadDir/images/filmboxplus/filmbox%2Bcomedy.png,Movies,,iptv-org-all.txt,1062,200
Holvoet TV (Copiapó) (720p) [Not 24/7],https://unlimited1-us.dps.live/holvoettv/holvoettv.smil/playlist.m3u8,,,,HolvoetTV.cl@SD,,,,https://i.imgur.com/9JKRO3R.png,Culture,,iptv-org-all.txt,1092,200
Golf Channel,https://dash4.antik.sk/live/test_golf_channel/playlist.m3u8,,,,GolfChannel.cz@SD,,,,https://www.sms.cz/kategorie/televize/bmp/loga/velka/golfchannel.png,Sports,,iptv-org-all.txt,1110,200
GEM TV Plus,https://ca-rt.onetv.app/gemtvplus/index-0.m3u8?token=onetv202,,,,GEMTVPlus.tr@SD,,,,https://gemgroup.tv/assets/images/channels/icon_17.png,Movies,,iptv-org-all.txt,70,403
FILMBOX+ Love & Crime Romania,https://nosignal1.antenaplay.ro/hls/fb-love-and-crime-sd/index.m3u8,,,,FILMBOXPlusLoveCrime.pl@Romania,,,,https://spiintl.com/data/files/kcfinderUploadDir/images/filmboxplus/filmbox%2Blove-and-crime.png,Movies,,iptv-org-all.txt,510,200
Home & Shopping (720p),https://s28.qtcdn.co.kr/media/liveM3U8/idx/518045142/enc/1860408350/playlist.m3u8,,,,HomeShopping.kr@SD,,,,https://i.imgur.com/IcexRXG.png,Shop,,iptv-org-all.txt,1220,200
Homebase TV (480p),https://viewmedia7219.bozztv.com/wmedia/viewmedia100/web_022/Stream/playlist.m3u8,,,,HomebaseTV.za@SD,,,,https://i.imgur.com/MaLNfJG.png,Religious,,iptv-org-all.txt,1285,200
HappyKids (1080p),https://dil9xdvretp0f.cloudfront.net/index.m3u8,,,,HappyKids.us@SD,,,,https://i.imgur.com/cPrUCFw.png,Kids,,iptv-org-all.txt,1213,200
Goldmines (576p),https://streams.tangotv.in/GOLDMINES/ORIGIN/index.m3u8,,,,Goldmines.in@SD,,,,https://xstreamcp-assets-msp.streamready.in/assets/LIVETV/LIVECHANNEL/LIVETV_LIVETVCHANNEL_GOLDMINES/images/LOGO_HD/image.png,Movies,,iptv-org-all.txt,1308,200
Jászsági Térségi TV (440p),https://cloudfront44.lexanetwork.com:1344/relay01/broadcast007.sdp/playlist.m3u8,,,,JaszsagiTersegiTV.hu@SD,,,,https://i.imgur.com/bsDN0lH.png,General,,iptv-org-all.txt,1318,200
GEM Pixel,https://glserver1.tamashaland.com/live/aBCH96886YznRbGOiqTnnQ__/stream_0.m3u8,,,,GEMPixel.tr@SD,,,,https://i.ibb.co/Q3tkbPrn/icon-27.png,Movies,,iptv-org-all.txt,1391,200
HanoiTV1 (720p),https://liveh34.vtvprime.vn/hls/HANOI1TV/index.m3u8,,,,HanoiTV1.vn@SD,,,,https://i.imgur.com/Je3K25E.png,General,,iptv-org-all.txt,1402,403
Hop! (1080p),http://stream.mcquack.net/44/index.m3u8,,,,Hop.il@SD,,,,https://i.imgur.com/bScuilD.png,Kids,,iptv-org-all.txt,1413,200
Goldmines Bollywood (576p),https://mumt03.tangotv.in/Dsly5z3HGOLDMINESBOLLYWOOD/index.m3u8,,,,GoldminesBollywood.in@SD,,,,https://i.imgur.com/6mNQ9mM.png,Movies,,iptv-org-all.txt,1417,200
JBN TV (1080p),https://tv.webmedialive.com/jbn_live/enlace/playlist.m3u8,,,,JBNTV.hn@SD,,,,https://i.imgur.com/4EbHIvf.png,Religious,,iptv-org-all.txt,1438,200
JBS (720p),https://rpn3.bozztv.com/jbstv-srt/srt-push/jbstv/playlist.m3u8,,,,JBS.us@SD,,,,https://yt3.googleusercontent.com/ytc/AIdro_lDWY-W9dD7UvLlp1NuWLJs1wV6t_KjeOT-1iVVIGuLZ8U=s512-c-k-c0x00ffffff-no-rj,Religious,,iptv-org-all.txt,1463,200
Filmax (576p),https://s3.ideationtec.live/Filmax/Filmax.m3u8,,,,Filmax.pk@SD,,,,https://i.imgur.com/eLmdZ6k.png,Movies,,iptv-org-all.txt,1489,200
INWILD (1080p),https://amg00861-terninternation-inwild-samsunguk-w5wic.amagi.tv/playlist/amg00861-terninternation-inwild-samsunguk/playlist.m3u8,,,,INWILD.nl@SD,,,,https://cdn.uc.assets.prezly.com/92770c71-9d6f-400f-8311-38e9cfec52c2/InWild_landscape-green.png,Documentary,,iptv-org-all.txt,1498,200
Jazz TV (1080p) [Not 24/7],https://stream.nasatv.com.mk/jazztv/hls/jazztv_live.m3u8,,,,JazzTV.mk@SD,,,,https://i.imgur.com/CbQlSFX.png,Music,,iptv-org-all.txt,1587,200
InWonder (1080p),https://amg00861-terninternation-inwonder-samsungau-1k63k.amagi.tv/playlist/amg00861-terninternation-inwonder-samsungau/playlist.m3u8,,,,InWonder.nl@SD,,,,https://cdn.uc.assets.prezly.com/f12e798d-6da4-46e1-8ec5-e391d6762659/InWonder_portrait-purple.png,Science,,iptv-org-all.txt,1504,200
Happy Radio TV (1080p),https://tv.mediacp.eu:8081/happyradio/index.m3u8,,,,HappyRadioTV.ua@HD,,,,https://i.imgur.com/PAw36qJ.png,Music,,iptv-org-all.txt,1626,200
Gong (1080p),https://amg01596-gongnetworks-gong-ono-vh5f2.amagi.tv/1080p-vtt/index.m3u8,,,,Gong.fr@SD,,,,https://i.imgur.com/lA9UFMG.png,Animation,,iptv-org-all.txt,1628,200
Good Idea TV (720p) [Not 24/7],http://stream1.ai-net.net:1935/gtv1/_definst_/smil:gtv.smil/playlist.m3u8,,,,GoodIdeaTV.th@SD,,,,https://i.imgur.com/ETgVyTy.png,Entertainment,,iptv-org-all.txt,1600,200
INTV Australia (720p),http://tv1.intv.mk:1935/live/intv/index.m3u8,,,,INTVAustralia.au@SD,,,,https://i.imgur.com/1nJl0Pv.png,Music,,iptv-org-all.txt,1696,200
Jednotka,http://88.212.15.19/live/test_jednotka_25p/playlist.m3u8,,,,Jednotka.sk@SD,,,,https://i.imgur.com/aqVki9i.png,General,,iptv-org-all.txt,1370,200
Francophonie24 (1080p),https://5421175365ea3.streamlock.net/live/smil:switch.smil/playlist.m3u8,,,,Francophonie24.fr@SD,,,,https://i.imgur.com/uM1v1sd.png,Documentary,,iptv-org-all.txt,1752,200
ICN Digital,https://streaming.icndigital.com/live_output/icn_live_stream_1.m3u8,,,,ICNDigital.hn@SD,,,,https://i.imgur.com/UCZVQgj.png,News,,iptv-org-all.txt,1488,200
Hard Knocks Fighting Championship,https://d39g1vxj2ef6in.cloudfront.net/v1/master/3fec3e5cac39a52b2132f9c66c83dae043dc17d4/prod-rakuten-stitched/master.m3u8?ads.xumo_channelId=88883037,,,,HardKnocksFightingChampionship.pl@SD,,,,https://images-1.rakuten.tv/storage/global-live-channel/translation/artwork/13b0a6c7-4307-4c8d-9fc4-df2a4f8e8b38-hard-knocks-fighting-1602077398-width200-quality90.jpeg,Undefined,,iptv-org-all.txt,1537,200
FILMBOX+ One Nederland,http://46.149.191.219:9100/play/a015,,,,FILMBOXPlusOne.pl@Nederland,,,,https://spiintl.com/data/files/kcfinderUploadDir/images/filmboxplus/filmbox%2Bone.png,Movies,,iptv-org-all.txt,868,200
GoodLife 45 (720p) [Not 24/7],https://2-fss-2.streamhoster.com/pl_118/201450-1248872-1/playlist.m3u8,,,,GoodLife45.us@SD,,,,https://i.imgur.com/AQfVNMK.png,Religious,,iptv-org-all.txt,1574,200
FILMBOX+ Festival,https://dash3.antik.sk/live/test_filmbox_arthouse_atk_1200/playlist.m3u8,,,,FILMBOXPlusFestival.pl@SD,,,,https://spiintl.com/data/files/kcfinderUploadDir/images/filmboxplus/filmbox%2Bfestival.png,Movies,,iptv-org-all.txt,1852,200
JČ1 (1080p),https://stream.jc1.cz/hls/jc1.m3u8,,,,JC1.cz@SD,,,,https://i.imgur.com/AM8YtcV.png,General,,iptv-org-all.txt,2022,200
FILMBOX+ One Bulgaria (576p),http://hls127.freeott.top:8080/BG_Filmbox/video.m3u8,,,,FILMBOXPlusOne.pl@Bulgaria,,,,https://spiintl.com/data/files/kcfinderUploadDir/images/filmboxplus/filmbox%2Bone.png,Movies,,iptv-org-all.txt,1252,200
Gem Shopping Network (720p),https://amg01460-gemshoppingnetw-gem-ono-x662c.amagi.tv/playlist.m3u8,,,,GemShoppingNetwork.us@SD,,,,https://i.imgur.com/WlHEpAu.png,Shop,,iptv-org-all.txt,1728,200
FILMBOX+ Love & Crime Bulgaria (720p),http://hls127.freeott.top:8080/BG_FilmBox_Stars_HD/video.m3u8,,,,FILMBOXPlusLoveCrime.pl@Bulgaria,,,,https://spiintl.com/data/files/kcfinderUploadDir/images/filmboxplus/filmbox%2Blove-and-crime.png,Movies,,iptv-org-all.txt,1685,200
Happy Days,https://jmp2.uk/plu-5f7794162a4559000781fc12.m3u8,,,,HappyDays.us@SD,,,,https://images.pluto.tv/channels/62e917b5e354cf0007b97a67/colorLogoPNG.png,Series,,iptv-org-all.txt,2179,200
Frasier,https://jmp2.uk/plu-62f4f90e39183b000769f12b.m3u8,,,,Frasier.us@CA,,,,https://images.pluto.tv/channels/62f4f90e39183b000769f12b/colorLogoPNG.png,Series,,iptv-org-all.txt,1851,200
Jersey Shore,https://jmp2.uk/plu-609bfa51fbecc1000733152e.m3u8,,,,JerseyShore.us@SD,,,,https://i.imgur.com/SssCaj1.png,Series,,iptv-org-all.txt,247,200
FREEDOM (1080p),https://dash4.antik.sk/live/test_uatv/playlist.m3u8,,,,FREEDOM.ua@SD,,,,https://upload.wikimedia.org/wikipedia/commons/thumb/f/f2/FreeDOMUAlogo.svg/960px-FreeDOMUAlogo.svg.png,News,,iptv-org-all.txt,144,200
Filmes Suspense,https://jmp2.uk/plu-5f171d3442a0500007362f22.m3u8,,,,FilmesSuspense.us@BR,,,,https://images.pluto.tv/channels/5f171d3442a0500007362f22/colorLogoPNG.png,Movies,,iptv-org-all.txt,701,200
Happy Days,https://jmp2.uk/plu-654a4e29ab05240008a18625.m3u8,,,,HappyDays.se@DK,,,,https://images.pluto.tv/channels/654a4e29ab05240008a18625/colorLogoPNG.png,Classic;Series,,iptv-org-all.txt,2196,200
Jersey Shore,https://jmp2.uk/plu-6442508e5a0cd500083edd3c.m3u8,,,,JerseyShore.se@DK,,,,https://images.pluto.tv/channels/6442508e5a0cd500083edd3c/colorLogoPNG.png,Entertainment,,iptv-org-all.txt,923,200
Happy Days,https://jmp2.uk/plu-654a52254d6d8f00084eacfc.m3u8,,,,HappyDays.se@SE,,,,https://images.pluto.tv/channels/654a4e29ab05240008a18625/colorLogoPNG.png,Classic;Series,,iptv-org-all.txt,2203,200
Happy Days,https://jmp2.uk/plu-654a508d986ad20008a456a5.m3u8,,,,HappyDays.se@NO,,,,https://images.pluto.tv/channels/654a4e29ab05240008a18625/colorLogoPNG.png,Classic;Series,,iptv-org-all.txt,2204,200
Home.Made.Nation (720p),https://jmp2.uk/plu-5dc1cb279c91420009db261d.m3u8,,,,HomeMadeNation.us@SD,,,,https://i.imgur.com/IdGNIoB.png,Series,,iptv-org-all.txt,2212,200
Jersey Shore,https://jmp2.uk/plu-64424c1be94c380008d0a98c.m3u8,,,,JerseyShore.se@SE,,,,https://images.pluto.tv/channels/6442508e5a0cd500083edd3c/colorLogoPNG.png,Entertainment,,iptv-org-all.txt,591,200
Jersey Shore,https://jmp2.uk/plu-64424b21e1979c0008379681.m3u8,,,,JerseyShore.se@NO,,,,https://images.pluto.tv/channels/6442508e5a0cd500083edd3c/colorLogoPNG.png,Entertainment,,iptv-org-all.txt,789,200
icnet 1,https://icnet1hls.wns.live/hls/stream.m3u8,,,,ICnet1.ca@SD,,,,https://i.imgur.com/aeS4Sjv.png,Religious,,iptv-org-all.txt,1841,200
Jeddah Radio (1080p),https://live.kwikmotion.com/sbrksajeddahradiolive/srpksajeddahradio/chunks.m3u8,,,,JeddahRadio.sa@SD,,,,https://aloula.faulio.com/storage/mediagallery/bd/f5/fullhd_527bf54a5adb56ac17f572ac2cd0801304db3baf.png,Music,,iptv-org-all.txt,1928,200
France 24 English HD (1080p),http://nmk.ioapk.com:5050/4gtv-live146/index.m3u8,,,,France24.fr@EnglishHD,,,,https://xstreamcp-assets-msp.streamready.in/assets/LIVETV/LIVECHANNEL/LIVETV_LIVETVCHANNEL_FRANCE_24/images/LOGO_HD/image.png,News,,iptv-org-all.txt,2304,500
Good News Today (720p),https://aajtaklive.vgcdn.net/v1/master/611d79b11b77e2f571934fd80ca1413453772ac7/3196cced-ce29-4219-9809-f07ccdaa02b9/vglive-sk-848805/master.m3u8,,,,GoodNewsToday.in@SD,,,,https://xstreamcp-assets-msp.streamready.in/assets/LIVETV/LIVECHANNEL/LIVETV_LIVETVCHANNEL_GOOD_NEWS_TODAY/images/LOGO_HD/image.png,News,,iptv-org-all.txt,1958,200
Gordon Ramsay (720p),https://aegis-cloudfront-1.tubi.video/c8364f36-c60b-4a39-8d86-0b92db4611c0/index.m3u8,,,,GordonRamsaysHellsKitchen.us@SD,,,,https://i.imgur.com/WgN4T18.png,Cooking,,iptv-org-all.txt,1360,200
Freeform (720p),http://190.11.225.124:5000/live/freeform_hd/playlist.m3u8,,,,Freeform.us@East,,,,https://i.imgur.com/BGAGeIf.png,Family,,iptv-org-all.txt,149,200
Investiga,https://jmp2.uk/plu-5cf96b8f4f1ca3f0629f4bf1.m3u8,,,,Investiga.us@US,,,,https://images.pluto.tv/channels/5cf96b8f4f1ca3f0629f4bf1/colorLogoPNG.png,Series,,iptv-org-all.txt,2357,200
Happy Days,https://jmp2.uk/plu-62e917b5e354cf0007b97a67.m3u8,,,,HappyDays.us@CA,,,,https://images.pluto.tv/channels/62e917b5e354cf0007b97a67/colorLogoPNG.png,Series,,iptv-org-all.txt,2377,200
Investigation by Pluto TV,https://jmp2.uk/plu-6683cd2fca74680008772545.m3u8,,,,InvestigationbyPlutoTV.de@FR,,,,https://images.pluto.tv/channels/6683cd2fca74680008772545/colorLogoPNG_1747399523793.png,Series,,iptv-org-all.txt,2391,200
Gongyoung Shopping (720p),https://etv.publichs.com/live5.stream/playlist.m3u8,,,,GongyoungHomeShopping.kr@SD,,,,https://i.imgur.com/YL3rpd7.png,Shop,,iptv-org-all.txt,2307,200
Frasier,https://jmp2.uk/plu-62cebf042ffc6d0007c4e59a.m3u8,,,,Frasier.de@DACH,,,,https://images.pluto.tv/channels/62cebf042ffc6d0007c4e59a/colorLogoPNG.png,Comedy,,iptv-org-all.txt,2324,200
Harmony Gospel Music TV (1080p),https://tgn.bozztv.com/watc57/watc57-harmony/watc57-harmony/index.m3u8,,,,HarmonyGospelMusicTV.us@SD,,,,https://i.imgur.com/iDiGBE3.png,Music;Religious,,iptv-org-all.txt,1859,200
Frasier,https://jmp2.uk/plu-6400c095498393000878a634.m3u8,,,,Frasier.se@DK,,,,https://images.pluto.tv/channels/6400c095498393000878a634/colorLogoPNG.png,General,,iptv-org-all.txt,2331,200
Franken Fernsehen (Nürnberg) (1080p) [Not 24/7],https://frankentv.iptv-playoutcenter.de/frankentv/frankentv.stream_1/playlist.m3u8,,,,FrankenFernsehen.de@SD,,,,https://i.imgur.com/3pGGLLD.png,General,,iptv-org-all.txt,2440,200
icnet 2,https://icnet2hls.wns.live/hls/stream.m3u8,,,,ICnet2.ca@SD,,,,https://i.imgur.com/Ke5xn4E.png,Religious,,iptv-org-all.txt,1875,200
Ionian Channel (1080p) [Not 24/7],http://stream.ioniantv.gr:8081/ionian/live/playlist.m3u8,,,,IonianTV.gr@SD,,,,https://i.imgur.com/JILN3kS.png,General,,iptv-org-all.txt,1932,200
FRATA TV (1080p) [Not 24/7],https://vdopanel.jlahozconsulting.com:3706/hybrid/play.m3u8,,,,FRATATV.do@SD,,,,https://i.imgur.com/VxeTREd.png,General,,iptv-org-all.txt,2058,200
Frecuencia 7 TV (720p),https://v2.tustreaming.cl/frecuencia7/index.m3u8,,,,Frecuencia7TV.cl@SD,,,,https://i.imgur.com/ZhwmWXD.png,General,,iptv-org-all.txt,1830,200
Harbin Comprehensive News Channel,https://stream.hrbtv.net/xwzh/playlist.m3u8?_upt=ef41dd531755913594,,,,HarbinComprehensiveNewsChannel.cn@SD,,,,https://www.tvchinese.net/uploads/tv/haerbin.jpg,News,,iptv-org-all.txt,2489,200
ICRTV Colima (1080p),https://5fc584f3f19c9.streamlock.net/icrtvcolima/smil:icrtvcolima.smil/playlist.m3u8,,,,IcrtvColima.mx@SD,,,,https://i.imgur.com/iUks0ot.png,Legislative,,iptv-org-all.txt,1517,200
Frecuencia F TV (1080p),https://tv.frecuenciaf.com/live/envivo_1080p4000kbs/index.m3u8,,,,FrecuenciaFTV.co@SD,,,,https://i.imgur.com/Cw5k96N.png,Religious,,iptv-org-all.txt,1625,200
HBO Hits East HD (720p),http://4.30.180.36:8420/hbo2/index.m3u8?token=test,,,,HBOHits.us@EastHD,,,,https://thumb.wikimedia.org/wikipedia/commons/thumb/f/f0/HBO_Hits_Logo.svg/960px-HBO_Hits_Logo.svg.png,Movies;Series,,iptv-org-all.txt,304,200
Jersey Shore Family Vacation,https://jmp2.uk/plu-6728c831c7626f0008b28127.m3u8,,,,JerseyShoreFamilyVacation.se@DK,,,,https://images.pluto.tv/channels/6728c831c7626f0008b28127/colorLogoPNG.png,Entertainment,,iptv-org-all.txt,557,200
HBO Movies (720p),http://23.237.104.106:8080/USA_HBO_ZONE/index.m3u8,,,,HBOMovies.us@East,,,,https://thumb.wikimedia.org/wikipedia/commons/thumb/5/56/HBO_Movies_Logo.svg/960px-HBO_Movies_Logo.svg.png,Movies;Series,,iptv-org-all.txt,86,200
Jeremiah TV,https://x.streamablecloud.com/stream/hls/jeremiahtv/index.m3u8,,,,JeremiahTV.pk@SD,,,,https://raw.githubusercontent.com/songwenhui239/Songwenhui239/refs/heads/main/Jeremiah%20TV.jpeg,General,,iptv-org-all.txt,1743,200
icnet 3,https://ic3hls.wns.live/hls/stream.m3u8,,,,icnet3.ca@SD,,,,,Religious,,iptv-org-all.txt,1968,200
HauntTV CA (720p),https://jmp2.uk/plu-63934c218ef524000757b122.m3u8,,,,HauntTV.ca@CA,,,,https://images.pluto.tv/channels/63934c218ef524000757b122/colorLogoPNG.png,Series,,iptv-org-all.txt,627,200
Gospel Cartoon (360p),https://stmv1.srvif.com/gospelcartoon/gospelcartoon/playlist.m3u8,,,,GospelCartoon.br@SD,,,,https://i.imgur.com/yxjPno5.png,Religious,,iptv-org-all.txt,1540,200
Gospel Movie TV (360p),https://stmv1.srvif.com/gospelf/gospelf/playlist.m3u8,,,,GospelMovieTV.br@SD,,,,https://i.imgur.com/cQN3nWt.png,Religious,,iptv-org-all.txt,1346,200
Hope Channel International (1080p),https://jstre.am/live/jsl:cZXINbwrFj6.m3u8,,,,HopeChannelInternational.us@SD,,,,https://i.imgur.com/PNihgl2.png,Religious,,iptv-org-all.txt,1464,200
Hope Channel Africa (1080p),https://jstre.am/live/jsl:i1onRBELcGV.m3u8,,,,HopeChannelAfrica.za@SD,,,,https://i.imgur.com/SFacyYO.png,Religious,,iptv-org-all.txt,2777,200
Hope Channel North America (1080p),https://jstre.am/live/jsl:0sUSK6VA7GT.m3u8,,,,HopeChannelNorthAmerica.us@SD,,,,https://i.imgur.com/2qXqajS.png,Religious,,iptv-org-all.txt,1279,200
Handystar (404p) [Not 24/7],https://sparhandytv.cdn.ses-ps.com/live/channel01/hls/index.m3u8,,,,Handystar.de@SD,,,,https://i.imgur.com/oMIygVf.png,Shop,,iptv-org-all.txt,2887,200
Jersey Shore Family Vacation,https://jmp2.uk/plu-6728c87cc7626f0008b28149.m3u8,,,,JerseyShoreFamilyVacation.se@NO,,,,https://images.pluto.tv/channels/6728c831c7626f0008b28127/colorLogoPNG.png,Entertainment,,iptv-org-all.txt,656,200
GoodNews TV (720p),https://bpgdlwwar3ze-hls-live.wmncdn.net/goodnews/live.stream/playlist.m3u8,,,,GoodNewsTV.in@SD,,,,https://xstreamcp-assets-msp.streamready.in/assets/LIVETV/LIVECHANNEL/LIVETV_LIVETVCHANNEL_GOODNEWS_TV/images/LOGO_HD/image.png,Religious,,iptv-org-all.txt,2329,200
Hasbro Legends (1080p) [Geo-blocked],https://amg02713-amg02713c11-amgplt0852.playout.now3.amagi.tv/ts-us-e2-n2/playlist/amg02713-amg02713c11-amgplt0852/playlist.m3u8,,,,HasbroLegends.us@SD,,,,https://i.imgur.com/JDM9rEV.png,Animation;Kids,,iptv-org-all.txt,1389,200
Free Speech TV (720p),https://na.linear.zype.com/f2f02a72-71d0-45f3-829f-4ae51f721102/86ef0177-697d-41c4-be57-c4d1a2b83cad-hls4/live.m3u8,,,,FreeSpeechTV.us@SD,,,,https://i.imgur.com/Qq6heRq.png,News,,iptv-org-all.txt,1406,200
Gospel Broadcasting Network (GBN) (1080p),https://cdn3.wowza.com/5/Ny9jK1A1Q3h4N1VZ/live/myStream/playlist.m3u8,,,,GBNTV.us@SD,,,,,Undefined,,iptv-org-all.txt,1799,200
Filmex (Xumo) (1080p) [Geo-blocked],https://filmex-filmex-xumo.amagi.tv/playlist.m3u8,,,,Filmex.mx@SD,,,,https://i.imgur.com/Hiz2OyC.png,Movies,,iptv-org-all.txt,1215,200
Gospel Truth TV (1080p),https://na.linear.zype.com/bf94f9f4-383c-40e0-9d49-279a4f33ab8d/f29b8836-d990-4c8d-b421-192a8f43edc4-zype/manifest.m3u8,,,,GospelTruthTV.us@SD,,,,https://i.imgur.com/LI52X2q.png,Religious,,iptv-org-all.txt,1158,200
ION Plus (1080p),https://cdn-uw2-prod.tsv2.amagi.tv/linear/amg01438-ewscrippscompan-ionplus-tablo/playlist.m3u8,,,,IONPlus.us@East,,,,https://upload.wikimedia.org/wikipedia/en/b/bf/Court_TV_2019.png,Entertainment,,iptv-org-all.txt,2591,200
Frecuencia Musical TV [Not 24/7],https://s2.tvdatta.com:3307/hybrid/play.m3u8,,,,FMTV.uk@SD,,,,https://i.imgur.com/vPxvbVv.png,Music,,iptv-org-all.txt,1606,200
IQ Channel (720p),https://rtmp.info/iqtv/envivo/playlist.m3u8,,,,IQChannel.cr@SD,,,,https://i.imgur.com/hwuaomt.png,Music,,iptv-org-all.txt,1893,200
Geordie Shore,https://jmp2.uk/plu-619263ee9541940007d20d60.m3u8,,,,GeordieShore.de@IT,,,,https://images.pluto.tv/channels/619263ee9541940007d20d60/colorLogoPNG.png,Entertainment,,iptv-org-all.txt,316,200
Gems TV (720p),https://lo3.gemporia.com/abrgemporiaukgfx/smil:livestream.smil/playlist.m3u8,,,,GemsTV.uk@SD,,,,https://i.imgur.com/WgaJufI.png,Shop,,iptv-org-all.txt,1677,200
Filmex Clásico (1080p) [Geo-blocked],https://filmex-filmexclasico-xumo.amagi.tv/playlist.m3u8,,,,FilmexClasico.mx@SD,,,,https://i.imgur.com/D3dj4mv.png,Movies,,iptv-org-all.txt,925,200
IFC (1080p),http://23.237.104.106:8080/USA_IFC/index.m3u8,,,,IFC.us@East,,,,https://i.imgur.com/bQdkyF9.png,Movies,,iptv-org-all.txt,77,200
Genesis Science Network (720p),https://2-fss-1.streamhoster.com/pl_122/amlst:206018-2645902/playlist.m3u8,,,,GenesisScienceNetwork.us@SD,,,,https://i.imgur.com/CFAn996.png,Religious,,iptv-org-all.txt,1295,200
GoTraveler (720p) [Geo-blocked],https://amg09501-amg09501c1-klowdtv-us-2398.playouts.now.amagi.tv/playlist/amg09501-quester-gotraveler-klowdtvus/playlist.m3u8,,,,GoTraveler.us@SD,,,,https://i.imgur.com/IaRcN1G.png,Travel,,iptv-org-all.txt,838,200
GEM Sport,https://steep-wildflower-284d.nhhwkiszzzvcuojxdo.workers.dev/?url=https://gg.hls2.xyz/live/IR+-+GEM+Sport/chunks.m3u8,,,,GEMSport.tr@SD,,,,https://www.gemgroup.tv/assets/images/channels/icon_34.png,Sports,,iptv-org-all.txt,2253,403
Hope Channel Inter-America English (1080p),https://jstre.am/live/jsl:UP9KAdlVrm8.m3u8,,,,HopeChannelInterAmericaEnglish.us@SD,,,,https://i.imgur.com/wzvgAch.png,Religious,,iptv-org-all.txt,1873,200
Hope Channel Inter-America,https://jstre.am/live/jsl:EC0Mq0i6HJU.m3u8,,,,HopeChannelInterAmerica.us@SD,,,,https://i.imgur.com/wzvgAch.png,Religious,,iptv-org-all.txt,2042,200
Jersey Shore Family Vacation,https://jmp2.uk/plu-6728c8b45534bb0008b31f35.m3u8,,,,JerseyShoreFamilyVacation.se@SE,,,,https://images.pluto.tv/channels/6728c831c7626f0008b28127/colorLogoPNG.png,Entertainment,,iptv-org-all.txt,615,200
Freebie TV (720p) [Not 24/7],https://d1h1d6qoy9vnra.cloudfront.net/v1/master/9d062541f2ff39b5c0f48b743c6411d25f62fc25/Freebie-Plex/187.m3u8,,,,FreebieTV.us@SD,,,,https://i.imgur.com/KbmXdjm.png,Entertainment,,iptv-org-all.txt,1298,504
Geordie Shore,https://jmp2.uk/plu-65c4960d11ced7000812c433.m3u8,,,,GeordieShore.de@GB,,,,https://images.pluto.tv/channels/619263ee9541940007d20d60/colorLogoPNG.png,Entertainment,,iptv-org-all.txt,653,200
Friday! (576p),http://stream.mcquack.net/181/index.m3u8,,,,Friday.ru@SD,,,,https://i.imgur.com/UfmlXxe.png,Entertainment,,iptv-org-all.txt,181,200
Geordie Shore,https://jmp2.uk/plu-6442512cee6a2f0008d3351f.m3u8,,,,GeordieShore.se@DK,,,,https://images.pluto.tv/channels/6442512cee6a2f0008d3351f/colorLogoPNG.png,Entertainment,,iptv-org-all.txt,275,200
Iqraa Arabic (1080p) [Not 24/7],https://playlist.fasttvcdn.com/pl/dlkqw1ftuvuuzkcb4pxdcg/Iqraafasttv3/playlist.m3u8,,,,IqraaArabic.sa@SD,,,,https://i.imgur.com/HPVsIa4.png,Religious,,iptv-org-all.txt,1210,200
Iqraa Africa & Europe (1080p),https://playlist.fasttvcdn.com/pl/dlkqw1ftuvuuzkcb4pxdcg/Iqraafasttv1/playlist.m3u8,,,,IqraaAfricaEurope.sa@SD,,,,https://i.imgur.com/nUlZvSe.png,Religious,,iptv-org-all.txt,1524,200
Iqraa Quran (1080p),https://playlist.fasttvcdn.com/pl/dlkqw1ftuvuuzkcb4pxdcg/Iqraafasttv2/playlist.m3u8,,,,IqraaQuran.sa@SD,,,,https://i.imgur.com/HPVsIa4.png,Religious,,iptv-org-all.txt,977,200
Hope Channel India (576p),https://mumt01.tangotv.in/O5aw8Zn3HOPECHANNELINDIA/index.m3u8,,,,HopeChannelIndia.in@SD,,,,https://i.imgur.com/wPzPUrK.png,Religious,,iptv-org-all.txt,2348,200
FilmRise Anime (720p),https://dvu7aia8rjlfm.cloudfront.net/master.m3u8,,,,FilmRiseAnime.us@SD,,,,https://i.imgur.com/3wqeGXM.png,Animation,,iptv-org-all.txt,1005,200
Hornbill TV (576p),https://mumt01.tangotv.in/O5aw8Zn3HORNBILLTV/index.m3u8,,,,HornbillTV.in@SD,,,,https://xstreamcp-assets-msp.streamready.in/assets/LIVETV/LIVECHANNEL/LIVETV_LIVETVCHANNEL_HORNBILL/images/LOGO_HD/image.png,News,,iptv-org-all.txt,1030,200
FILMBOX+ One Ukraine & Baltics (450p) [Geo-blocked],https://s70378.cdn.ngenix.net/filmbox/index.m3u8,,,,FILMBOXPlusOne.pl@UkraineBaltics,,,,https://spiintl.com/data/files/kcfinderUploadDir/images/filmboxplus/filmbox%2Bone.png,Movies,,iptv-org-all.txt,1923,403
First Channel (1080p),http://5.254.89.106/8717/index.m3u8,,,,FirstChannel.xk@SD,,,,https://i.imgur.com/LchiPOr.png,Entertainment,,iptv-org-all.txt,284,403
Hot Bench (720p),https://jmp2.uk/plu-6036e6e7ac69c400072afca2.m3u8,,,,HotBench.us@SD,,,,https://images.pluto.tv/channels/6036e6e7ac69c400072afca2/colorLogoPNG_1731835667408.png,Entertainment,,iptv-org-all.txt,314,200
Haunt TV (1080p),https://amg01446-blueantmediacan-haunttvaussam-samsungau-vcnai.amagi.tv/playlist/amg01446-blueantmediacan-haunttvaussam-samsungau/playlist.m3u8,,,,HauntTV.ca@SD,,,,https://images.pluto.tv/channels/63934c218ef524000757b122/colorLogoPNG.png,Series,,iptv-org-all.txt,1164,200
FilmRise Classic TV (720p),https://d2tv4k5moji5m7.cloudfront.net/v1/master/3722c60a815c199d9c0ef36c5b73da68a62b09d1/cc-lu4pzh9l4b57p/master.m3u8,,,,FilmRiseClassicTV.us@SD,,,,https://i.imgur.com/8j2npVc.png,Classic,,iptv-org-all.txt,1088,200
Hope Channel Philippines (1080p),https://jstre.am/live/jsl:nX5eC7gQvZb.m3u8,,,,HopeChannelPhilippines.ph@SD,,,,https://i.imgur.com/LB2vmMt.png,Religious,,iptv-org-all.txt,1489,200
FilmRise Westerns (720p),https://dz05z8iljgvbe.cloudfront.net/master.m3u8,,,,FilmRiseWestern.us@SD,,,,https://i.imgur.com/8j2npVc.png,Movies,,iptv-org-all.txt,983,200
Genios TV (1080p),https://sc3.wasidata.com/Genios2_1902/video.m3u8,,,,GeniosTV.pe@SD,,,,https://i.imgur.com/iH2Lx6E.png,General,,iptv-org-all.txt,1188,503
Genial TV (720p),https://v1.tustreaming.cl/genialtv/index.m3u8,,,,GenialTV.cl@SD,,,,https://i.imgur.com/uBC8e96.png,Music,,iptv-org-all.txt,1243,200
Horse & Country TV (1080p),https://hnc-free-viewlift.amagi.tv/HNC_AUSTRALIA.m3u8,,,,HorseCountryTV.uk@SD,,,,https://i.imgur.com/1x6zYZr.png,Outdoor,,iptv-org-all.txt,1102,200
Fresno CMAC 1 Public Channel (720p),https://reflect-vod-cmac.cablecast.tv/live-11/live/stream-1/live.m3u8,,,,CMAC1.us@SD,,,,https://i.imgur.com/PYhdQy9.png,General,,iptv-org-all.txt,1032,200
Fresno CMAC 2 Education Channel (720p),https://reflect-vod-cmac.cablecast.tv/live-11/live/stream-2/live.m3u8,,,,CMAC2.us@SD,,,,https://i.imgur.com/O0sYOED.png,Education,,iptv-org-all.txt,898,200
Geordie Shore,https://jmp2.uk/plu-64424a1d5a0cd500083ed27c.m3u8,,,,GeordieShore.se@NO,,,,https://images.pluto.tv/channels/6442512cee6a2f0008d3351f/colorLogoPNG.png,Entertainment,,iptv-org-all.txt,621,200
Harvest TV Keralam (720p),https://7mbd4ogkr3gx-hls-live.wmncdn.net/harvestenglish/d1796a22d24e8696c7d5d0b5c349fdd2.sdp/index.m3u8,,,,HarvestTVKeralam.in@SD,,,,https://i.imgur.com/1DyPuIt.png,Religious,,iptv-org-all.txt,2393,200
Harvest USA (576p),https://7mbd4ogkr3gx-hls-live.wmncdn.net/harvestusa/d57ffba6564caea2fee3f4085f19a098.sdp/playlist.m3u8,,,,HarvestUSA.in@SD,,,,,Religious,,iptv-org-all.txt,2122,200
First India News (576p),https://mumt03.tangotv.in/Dsly5z3H1STINDIANEWS/index.m3u8,,,,FirstIndiaNews.in@SD,,,,https://xstreamcp-assets-msp.streamready.in/assets/LIVETV/LIVECHANNEL/LIVETV_LIVETVCHANNEL_FIRST_INDIA_NEWS_RAJASTHAN/images/LOGO_HD/image.png,News,,iptv-org-all.txt,255,200
Fresno CMAC 3 Government Channel (720p),https://reflect-vod-cmac.cablecast.tv/live-11/live/stream-3/live.m3u8,,,,CMAC3.us@SD,,,,https://i.imgur.com/ToZzguz.png,Legislative,,iptv-org-all.txt,749,200
Harvest TV (720p),https://7mbd4ogkr3gx-hls-live.wmncdn.net/harvesttvlive1/bbb19eae240ec100af921d511efc86a0.sdp/index.m3u8,,,,HarvestTV.in@SD,,,,https://xstreamcp-assets-msp.streamready.in/assets/LIVETV/LIVECHANNEL/LIVETV_LIVETVCHANNEL_HARVEST_TV_24X7/images/LOGO_HD/image.png,Religious,,iptv-org-all.txt,2593,200
Great Entertainment Television (720p),https://a-cdn.klowdtv.com/live2/greattv_720p/playlist.m3u8,,,,GreatEntertainmentTelevision.us@SD,,,,https://i.imgur.com/ocs2DeU.png,Entertainment,,iptv-org-all.txt,638,200
Horse TV (720p),https://a-cdn.klowdtv.com/live2/horsetv_720p/playlist.m3u8,,,,HorseTV.it@SD,,,,https://i.imgur.com/nK4UUX4.png,Sports,,iptv-org-all.txt,1112,200
Grace Network (720p),https://livecdn.live247stream.com/grace/tv/playlist.m3u8,,,,GraceNetwork.pk@SD,,,,https://i.imgur.com/QSaZPJ4.png,Religious,,iptv-org-all.txt,1403,200
Germany Shore,https://jmp2.uk/plu-6447dea7e94c380008dba94c.m3u8,,,,GermanyShore.de@DACH,,,,https://images.pluto.tv/channels/6447dea7e94c380008dba94c/colorLogoPNG.png,Entertainment,,iptv-org-all.txt,620,200
Gravitas Movies (1080p),https://d6dg3ebeih71x.cloudfront.net/Gravitas_Movies.m3u8,,,,GravitasMovies.us@SD,,,,https://i.imgur.com/H2hD4vT.png,Movies,,iptv-org-all.txt,820,200
Horoshee Kino (720p),https://live-rian.cdnvideo.ru/rian/rus-radio/playlist.m3u8,,,,HorosheeKino.ru@SD,,,,https://i.imgur.com/ZbOqfy4.png,Movies,,iptv-org-all.txt,1451,200
First Music Channel Russia (1080p),http://hls127.freeott.top:8080/1muz_HD/video.m3u8,,,,FirstMusicChannelRussia.by@SD,,,,https://i.imgur.com/rEo7nR1.png,Music,,iptv-org-all.txt,230,200
HanoiTV2 (1080p) [Geo-blocked],https://cloudstreamhntv.tek4tv.vn/live/smil:HN2.smil/playlist.m3u8,,,,HanoiTV2.vn@SD,,,,https://i.imgur.com/szivqh2.png,General,,iptv-org-all.txt,3691,200
Iran International (1080p),https://hlspackager.akamaized.net/live/DB/IRAN_INTERNATIONAL/HLS/IRAN_INTERNATIONAL.m3u8,,,,IranInternational.uk@SD,,,,https://i.imgur.com/55RpaF3.png,News,,iptv-org-all.txt,1316,200
Jewish Life Television (1080p),https://jlt-jltv-strimm.otteravision.com/jlt/jltv/jltv.m3u8,,,,JewishLifeTelevision.us@SD,,,,https://yt3.googleusercontent.com/i6ETvgNzA8vvGCo-Ih6eo2XZUwz2VVMnstLyNZVXBlwa4uOeUIEl-3tzphB8phJaibe-FPQ5Fw=s512-c-k-c0x00ffffff-no-rj,Culture;Religious,,iptv-org-all.txt,861,200
IERTBCS Canal 8 La Paz (1080p) [Not 24/7],https://s5.mexside.net:1936/xhbzc81/xhbzc81/playlist.m3u8,,,,XHBZCTDT.mx@SD,,,,https://i.imgur.com/R3icGuG.png,General,,iptv-org-all.txt,873,200
IERTBCS Canal 8.2 La Paz (1080p) [Not 24/7],https://s5.mexside.net:1936/xhbzc82/xhbzc82/playlist.m3u8,,,,IERTBCSCanal82.mx@SD,,,,https://i.imgur.com/R3icGuG.png,Entertainment,,iptv-org-all.txt,991,200
Heartland (720p),https://2-fss-2.streamhoster.com/pl_120/201950-2724904-1/playlist.m3u8,,,,Heartland.us@Eastern,,,,https://upload.wikimedia.org/wikipedia/en/5/50/Jewelry_television_logo.png,Entertainment,,iptv-org-all.txt,157,200
HBO Hits (720p),http://tvsen7.aynascope.net/hbo2/index.m3u8,,,,HBOHits.us@East,,,,https://thumb.wikimedia.org/wikipedia/commons/thumb/f/f0/HBO_Hits_Logo.svg/960px-HBO_Hits_Logo.svg.png,Movies;Series,,iptv-org-all.txt,1483,200
Grand Cinema,https://gcinemahls.wns.live/hls/stream.m3u8,,,,GrandCinema.tr@SD,,,,,Movies,,iptv-org-all.txt,1370,200
Iraq Future (480p),https://viewmedia7219.bozztv.com/wmedia/viewmedia100/web_040/Stream/playlist.m3u8,,,,IraqFuture.iq@SD,,,,https://i.imgur.com/Z7woTe5.png,General,,iptv-org-all.txt,756,200
Frusna Vägar,https://jmp2.uk/plu-61c19099bf8c520007a93cff.m3u8,,,,FrusnaVagar.se@SE,,,,https://images.pluto.tv/channels/61c19099bf8c520007a93cff/colorLogoPNG.png,Entertainment,,iptv-org-all.txt,674,200
IeanJesus Ecuador (720p),https://cloud37.ecuatel.com/iglesia2020/Stream1/playlist.m3u8,,,,IeanJesusEcuador.ec@SD,,,,https://i.imgur.com/TyckDSV.png,Religious,,iptv-org-all.txt,1317,200
Finans Turk TV (720p),https://yayin30.haber100.com/live/finansturk/playlist.m3u8,,,,FinansTurkTV.tr@SD,,,,https://i.ibb.co/wBwmB1T/iY0osc7.png,News,,iptv-org-all.txt,973,200
Fresh News,http://streaming-android.freshnewsasia.tv:1935/live/ngrp:myStream_all/playlist.m3u8,,,,FreshNews.kh@SD,,,,https://i.imgur.com/bV6sawt.png,News,,iptv-org-all.txt,1542,200
Iquique TV (1080p),https://origin.skarnetchile.com:8081/iquiquetv-hd/index.m3u8,,,,IquiqueTV.cl@SD,,,,https://i.imgur.com/ZpXXLox.png,General,,iptv-org-all.txt,1668,200
Iran Jewish TV,http://iran620.com:1935/live/IranJewishTv/playlist.m3u8,,,,IranJewishTV.ir@SD,,,,https://i.ibb.co/JWXs7csN/en.png,Religious,,iptv-org-all.txt,1355,200
Hare Krsna TV (1080p),https://hktv.harekrsnatv.com/HKTV/HKWebApp/manifest.mpd,,,,HareKrsnaTV.in@SD,,,,https://dtil.tmsimg.com/assets/s143102_ld_h15_aa.png?lock=720x540,Religious,,iptv-org-all.txt,3518,200
Geordie Shore,https://jmp2.uk/plu-64424be3e94c380008d0a66d.m3u8,,,,GeordieShore.se@SE,,,,https://images.pluto.tv/channels/6442512cee6a2f0008d3351f/colorLogoPNG.png,Entertainment,,iptv-org-all.txt,987,200
House of Lies,https://jmp2.uk/plu-693ae62a43fe00a023e76e0d.m3u8,,,,HouseofLies.se@DK,,,,https://images.pluto.tv/channels/693ae62a43fe00a023e76e0d/colorLogoPNG_1769415649672.png,Series,,iptv-org-all.txt,718,200
Identité Télé Caraïbes (548p),https://vdo2.pro-fhi.net:3769/stream/play.m3u8,,,,IdentiteTeleCaraibes.mq@SD,,,,https://i.imgur.com/Atsf6Cd.png,Music,,iptv-org-all.txt,1732,200
Iran Nama,https://iran613hls.wns.live/hls/stream.m3u8,,,,IranNama.fr@SD,,,,,Undefined,,iptv-org-all.txt,1213,200
Iran National Revolution TV,https://hls.irannrtv.live/hls/stream.m3u8,,,,IranNationalRevolutionTV.us@HD,,,,,Undefined,,iptv-org-all.txt,1128,200
HCTV Government Channel,https://reflect-hudsonctv.cablecast.tv/live-26/live/stream-2/live.m3u8,,,,HCTVGovernmentChannel.us@SD,,,,https://i.imgur.com/bVbpgiD.png,Legislative,,iptv-org-all.txt,1023,200
Fish TV (720p),http://45.162.64.114/FISH_TV/index.m3u8,,,,FishTV.br@SD,,,,https://www.fishtv.com/public/site/images/logos/fishtv.svg,Outdoor,,iptv-org-all.txt,345,200
Hosanna Vision (720p) [Not 24/7],https://1206618505.rsc.cdn77.org/LS-ATL-59020-1/playlist.m3u8,,,,HosannaVision.pa@SD,,,,https://i.imgur.com/v0tc51l.png,Religious,,iptv-org-all.txt,1108,200
House of Lies,https://jmp2.uk/plu-693ae65fab5959c036fa6c1e.m3u8,,,,HouseofLies.se@NO,,,,https://images.pluto.tv/channels/693ae62a43fe00a023e76e0d/colorLogoPNG_1769415649672.png,Series,,iptv-org-all.txt,704,200
GREAT! movies (1080p),https://amg01753-narrativeuk-amg01753c3-lg-gb-1833.playouts.now.amagi.tv/playlist/amg01753-narrativeuk-greatmovies-lggb/playlist.m3u8,,,,GREATmovies.uk@UK,,,,https://d2n0069hmnqmmx.cloudfront.net/epgdata/1.0/newchanlogos/512/512/skychb3709.png,Movies,,iptv-org-all.txt,1081,200
FrightFlix (720p),https://stream-us-east-1.getpublica.com/playlist.m3u8?network_id=2229,,,,FrightFlix.us@SD,,,,https://i.imgur.com/rgNQYAl.png,Movies,,iptv-org-all.txt,1187,200
Hosanna TV Global,https://ktismaservers.in:3349/live/hosannatvlive.m3u8,,,,HosannaTV.in@Global,,,,https://i.imgur.com/VYorU1L.png,Religious,,iptv-org-all.txt,1269,200
Get.Factual (720p),https://d1nhni5l2n8hjt.cloudfront.net/gf.m3u8,,,,Getfactual.us@UK,,,,https://i.imgur.com/4oVcjLd.png,Documentary,,iptv-org-all.txt,999,200
HCTV Educational Access Channel,https://reflect-hudsonctv.cablecast.tv/live-26/live/stream-1/live.m3u8,,,,HCTVEducationalAccessChannel.us@SD,,,,https://i.imgur.com/bVbpgiD.png,Education,,iptv-org-all.txt,1211,200
Ghost Dimension,https://jmp2.uk/plu-619e1bb3e9af5a0007f235ad.m3u8,,,,GhostDimension.us@UK,,,,https://i.imgur.com/a0jOxez.png,Series,,iptv-org-all.txt,582,200
House of Lies,https://jmp2.uk/plu-693ae6bf0ddf7d2a40b7fd35.m3u8,,,,HouseofLies.se@SE,,,,https://images.pluto.tv/channels/693ae62a43fe00a023e76e0d/colorLogoPNG_1769415649672.png,Series,,iptv-org-all.txt,660,200
FilmUA Live,https://dash2.antik.sk/live/test_film_life_atktv/playlist.m3u8,,,,FilmUALive.ua@SD,,,,https://i.imgur.com/kizTBgS.png,Movies,,iptv-org-all.txt,1613,200
GREAT! romance (1080p),https://amg01753-narrativeuk-amg01753c2-lg-gb-1832.playouts.now.amagi.tv/playlist/amg01753-narrativeuk-greatchristmas-lggb/playlist.m3u8,,,,GREATromance.uk@UK,,,,https://d2n0069hmnqmmx.cloudfront.net/epgdata/1.0/newchanlogos/512/512/skychb3643.png,Movies,,iptv-org-all.txt,1042,200
Hosanna TV Hindi,https://ktismaservers.in:3466/live/hosannattvhindhilive.m3u8,,,,HosannaTV.in@Hindi,,,,https://i.imgur.com/VYorU1L.png,Religious,,iptv-org-all.txt,1311,200
Il Banco dei Pugni,https://jmp2.uk/plu-60e4507a06171800072339a3.m3u8,,,,IlBancodeiPugni.us@Italy,,,,https://i.imgur.com/NZDUlME.png,Entertainment,,iptv-org-all.txt,312,200
IRINN (576p),http://185.9.2.18/chid_926/index.m3u8,,,,IRINN.ir@SD,,,,https://i.imgur.com/8tzsC9h.png,News,,iptv-org-all.txt,308,200
Hosanna TV,https://asia.mslivestream.net/mslive/bfba54c5c96a6359e2da0ca35f4998af.sdp/playlist.m3u8,,,,HosannaTV.in@Tamil,,,,https://i.imgur.com/VYorU1L.png,Religious,,iptv-org-all.txt,1514,200
HCH (720p),https://live.streamhch.com/live/streams/hch1.m3u8,,,,HCH.hn@SD,,,,https://i.imgur.com/2CB5ezq.png,News,,iptv-org-all.txt,1337,200
JFV TV (720p),https://2nbyj587d53k-hls-live.5centscdn.com/09/25b94ec89b2aa708c3c4ad0014b09845.sdp/playlist.m3u8,,,,JFVTV.sv@SD,,,,https://i.imgur.com/SrmI6nU.jpeg,Religious,,iptv-org-all.txt,1407,200
Heartland,https://jmp2.uk/plu-61f07513227feb00073ee6bc.m3u8,,,,Heartland.us@Web,,,,https://upload.wikimedia.org/wikipedia/en/5/50/Jewelry_television_logo.png,Entertainment,,iptv-org-all.txt,590,200
hr-fernsehen HD,https://dash4.antik.sk/live/test_hr_tizen/playlist.m3u8,,,,hrfernsehen.de@HD,,,,https://upload.wikimedia.org/wikipedia/commons/thumb/e/ea/HR-Fernsehen_Logo_2023.svg/960px-HR-Fernsehen_Logo_2023.svg.png,General,,iptv-org-all.txt,151,200
Gex TV (1080p),https://live20.bozztv.com/akamaissh101/ssh101/gextvaccess/playlist.m3u8,,,,GexTV.cr@HD,,,,https://gextv.com/LOGO-WHITE.png,Entertainment;Music,,iptv-org-all.txt,1026,200
First Channel News (1080p),https://amtvusdvr.tulix.tv/am3abr/index.m3u8,,,,FirstChannelNews.am@SD,,,,https://i.imgur.com/RlYJUH4.png,News,,iptv-org-all.txt,1285,200
FTF Sports (720p),https://1593604785.rsc.cdn77.org/FTF/FTF_SCTE.m3u8,,,,FTFSports.us@SD,,,,https://i.imgur.com/yvUjOI3.png,Sports,,iptv-org-all.txt,935,200
IraneFarda TV,https://iranefardalive.com/stream/live.m3u8,,,,IraneFardaTV.uk@SD,,,,https://i.imgur.com/ixgcgZY.png,News,,iptv-org-all.txt,1444,200
Flame TV (576p),https://viewmedia7219.bozztv.com/wmedia/viewmedia100/web_010/Stream/playlist.m3u8,,,,FlameTV.ng@SD,,,,https://i.imgur.com/ORKcnzr.png,Religious,,iptv-org-all.txt,303,200
Greater Love TV (720p),https://rpn.bozztv.com/dvrfl04/itv04019/index.m3u8,,,,GreaterLoveTV.us@SD,,,,https://i.imgur.com/WE0cRXR.png,Religious,,iptv-org-all.txt,1188,200
IIPC TV (720p),https://rpn.bozztv.com/dvrfl03/iipctv/index.m3u8,,,,IIPCTV.ca@SD,,,,https://i.imgur.com/mIih39Y.png,Religious,,iptv-org-all.txt,743,200
Ignite Television (1080p) [Not 24/7],https://rpn.bozztv.com/ignitelive/ignitetv/ignitetv/tracks-v1a1/mono.m3u8,,,,IgniteTelevision.gy@SD,,,,https://i.imgur.com/aQI9tsg.jpeg,General,,iptv-org-all.txt,879,200
Il Testimone,https://jmp2.uk/plu-61fbd3f0733df400076c9a2d.m3u8,,,,IlTestimone.de@IT,,,,https://images.pluto.tv/channels/61fbd3f0733df400076c9a2d/colorLogoPNG.png,Entertainment,,iptv-org-all.txt,552,200
HOY Infotainment (1080p) [Geo-blocked],https://hoytv-live-stream.hoy.tv/ch78/index.m3u8,,,,HOYInfotainment.hk@HD,,,,https://i.imgur.com/LNokYLQ.png,Undefined,,iptv-org-all.txt,1000,403
HOY International Business Channel (1080p) [Geo-blocked],https://hoytv-live-stream.hoy.tv/ch76/index-fhd.m3u8,,,,HongKongInternationalBusinessChannel.hk@SD,,,,https://i.imgur.com/jaIdkbz.png,Business,,iptv-org-all.txt,875,403
HOY TV (1080p) [Geo-blocked],https://hoytv-live-stream.hoy.tv/ch77/index.m3u8,,,,HOYTV.hk@SD,,,,https://i.imgur.com/NfVZPTT.png,General,,iptv-org-all.txt,747,403
Filstalwelle (1080p),https://h055.video-stream-hosting.de/filstalwelle-live/_definst_/mp4:livestream/playlist.m3u8,,,,Filstalwelle.de@SD,,,,https://i.imgur.com/19iKLvf.png,General,,iptv-org-all.txt,1866,200
Iron Chef,https://jmp2.uk/plu-6582f8dadfed030008e5a93d.m3u8,,,,IronChef.us@US,,,,https://i.imgur.com/rk7fMNe.png,Series,,iptv-org-all.txt,97,200
Ghost Hunters (1080p),https://amg00353-amg00353c30-samsung-au-3440.playouts.now.amagi.tv/playlist.m3u8,,,,GhostHunters.us@UK,,,,https://i.imgur.com/KdBr6rG.png,Series,,iptv-org-all.txt,1010,200
Great Commission TV,https://stream-server9-jupiter.muxlive.com/hls/gctvghana/index.m3u8,,,,GreatCommissionTV.ke@SD,,,,https://raw.githubusercontent.com/songwenhui239/Songwenhui239/refs/heads/main/Great%20Commission%20TV.jpeg,General,,iptv-org-all.txt,1890,200
Heart Radio Aruba,https://live2.tensila.com/heart-v-1.heartar/hls/live/mystream.m3u8,,,,HeartRadioAruba.aw@SD,,,,https://i.imgur.com/MKZCskA.png,Music,,iptv-org-all.txt,1284,200
HD365 TV,https://s2.netstreaming.eu/hd365.m3u8,,,,HD365TV.ro@SD,,,,https://i.imgur.com/2cLx4ja.png,General,,iptv-org-all.txt,1461,200
FITE 24/7 (1080p),https://d3d85c7qkywguj.cloudfront.net/scheduler/scheduleMaster/263.m3u8,,,,FITE247.us@SD,,,,https://i.imgur.com/ESV6qgH.png,Sports,,iptv-org-all.txt,993,200
FS1 Salzburg (720p) [Not 24/7],http://stream.fs1.tv:8080/hls/webstream.m3u8,,,,FS1Salzburg.at@SD,,,,https://i.imgur.com/74gMaPK.png,General,,iptv-org-all.txt,1521,200
Grit Xtra (1080p),https://cdn-uw2-prod.tsv2.amagi.tv/linear/amg01438-ewscrippscompan-gritxtra-tablo/playlist.m3u8,,,,GritXtra.us@SD,,,,https://provider-static.plex.tv/epg/cms/production/dbbb9bca-0b08-43b5-a0e7-715df9a6dbfd/_ChannelLogo_1500x1000.png,Entertainment,,iptv-org-all.txt,1124,200
fubo Sports Network (1080p),https://dnf08l6u6uxnz.cloudfront.net/master.m3u8,,,,FuboSportsNetwork.us@SD,,,,https://i.imgur.com/qFNRJLb.png,Sports,,iptv-org-all.txt,1049,200
Frikanalen (720p),https://frikanalen.no/stream/index.m3u8,,,,Frikanalen.no@SD,,,,https://i.imgur.com/rY3Owxl.png,General,,iptv-org-all.txt,1907,200
Flicks of Fury,https://jmp2.uk/plu-58e55b14ad8e9c364d55f717.m3u8,,,,FlicksofFury.us@SD,,,,https://i.imgur.com/rtL5L81.png,Movies,,iptv-org-all.txt,95,200
Firstlight (576p),https://uni01rtmp.tulix.tv/firstlight/firstlight.smil/playlist.m3u8,,,,Firstlight.nz@SD,,,,https://i.imgur.com/gtDROeT.png,Religious,,iptv-org-all.txt,1373,200
Green TV (1080p),https://app.ncare.live/c3VydmVyX8RpbEU9Mi8xNy8yMDE0GIDU6RgzQ6NTAgdEoaeFzbF92YWxIZTO0U0ezN1IzMyfvcGVMZEJCTEFWeVN3PTOmdFsaWRtaW51aiPhnPTI2/greentv.stream/live-orgin/greentv.stream/playlist.m3u8,,,,GreenTV.bd@SD,,,,https://www.jagobd.com/wp-content/uploads/2022/12/green-tv.jpg,Family,,iptv-org-all.txt,1447,200
Grjngo,https://b6c7c7d1020a4588982ca7c2625f85d1.mediatailor.us-east-1.amazonaws.com/v1/master/0fb304b2320b25f067414d481a779b77db81760d/RakutenTV-eu_GrjngoWesterny/playlist.m3u8,,,,Grjngo.pl@SD,,,,https://images-2.rakuten.tv/storage/global-live-channel/translation/artwork/22c730ab-2e9f-47dc-b35a-ad8c081fec40-width200-quality90.jpeg,Undefined,,iptv-org-all.txt,1152,200
Grjngo Western Movies (720p),https://amogonetworx-grjngo-3-dk.samsung.wurl.tv/playlist.m3u8,,,,GrjngoWesternMovies.de@SD,,,,https://i.imgur.com/wFqhK3p.png,Movies,,iptv-org-all.txt,986,200
Iglesia Del Camino (480p) [Not 24/7],http://streamingcontrol.com:1935/ectv/ectv/playlist.m3u8,,,,IglesiaDelCamino.gt@SD,,,,https://i.imgur.com/vHfb3Z4.png,Religious,,iptv-org-all.txt,1514,200
Fujairah TV (720p),https://live.kwikmotion.com/fujairahlive/fujairah.smil/playlist.m3u8,,,,FujairahTV.ae@SD,,,,https://i.imgur.com/D2tOhbE.png,Entertainment,,iptv-org-all.txt,21,403
Hélène et les garçons,https://jmp2.uk/plu-604f8de01b479400078fb1e7.m3u8,,,,Heleneetlesgarcons.us@France,,,,https://i.imgur.com/EjjzjF9.png,Series,,iptv-org-all.txt,596,200
FTV (720p),https://master.tucableip.com/ftvhd/index.m3u8,,,,FTV.bo@SD,,,,https://i.imgur.com/YOr1Oac.png,Sports,,iptv-org-all.txt,1620,200
Groovia Kids (576p),https://gist.githubusercontent.com/iptvonlinetv/244b66c61f162a7c0c2b4fa59b528139/raw/2376b7ba1989ebbd383301ec7d645e222a6c9338/udp780.510.345:4545.m3u8,,,,GrooviaKids.id@HD,,,,https://hosting.renderforestsites.com/35126779/1657983/media/37034d6b30d2c092aa6827a34fa145ab.png,Kids,,iptv-org-all.txt,948,200
Gi Television (720p) [Not 24/7],https://canal.gitelevisionserver.com/live/DIEEFIh506fL8huspvl0f0c2PZF3/index.m3u8,,,,GiTelevision.do@SD,,,,https://i.imgur.com/br9TNG8.png,Entertainment,,iptv-org-all.txt,1281,200
Groovia Kanal (576p),https://gist.githubusercontent.com/iptvonlinetv/02d209207082846012c15305f7471c55/raw/4439b54b986e696e6fcfba7a53380d85b27bbbc1/udp450.500.723:6050.m3u8,,,,GrooviaKanal.id@HD,,,,https://hosting.renderforestsites.com/35126779/1657983/media/e1b4737ec68d96b27f713c034543d472.png,General,,iptv-org-all.txt,1168,200
Jibek Joly HD (1080p),https://stream.qazcdn.net/ex6r514/jjtv/playlist.m3u8,,,,JibekJoly.kz@HD,,,,https://i.imgur.com/SqyXtgK.png,General,,iptv-org-all.txt,1650,200
JimJam Europe (720p),http://212.5.144.156:8080/jimjam/index.m3u8,,,,JimJamEurope.uk@SD,,,,https://i.imgur.com/ODhkYyx.png,Kids,,iptv-org-all.txt,336,200
Fuel TV (1080p),https://amg01074-fueltv-fueltvau-samsungau-g09kq.amagi.tv/playlist/amg01074-fueltv-fueltvau-samsungau/playlist.m3u8,,,,FUELTV.pt@AU,,,,https://i.imgur.com/I8mviBy.png,Sports,,iptv-org-all.txt,1214,200
Golkhane TV,https://ncdn.telewebion.ir/golkhane/live/playlist.m3u8,,,,GolkhaneTv.ir@SD,,,,https://static.telewebion.com/channelsLogo/686599d8-c1ee-4557-aa72-b1293a21906d/default,Undefined,,iptv-org-all.txt,5387,200
Ghost TV (712p) [Not 24/7],https://stmv.video.expressolider.com.br/ghostv/ghostv/playlist.m3u8,,,,GhostTV.br@SD,,,,https://i.imgur.com/ZVO8GVI.png,Movies,,iptv-org-all.txt,1606,200
FUEL TV (1080p),https://amg01074-fueltv-fueltvemeaen-rakuten-b6j62.amagi.tv/hls/amagi_hls_data_rakutenAA-fueltvemeaen/CDN/master.m3u8,,,,FUELTV.pt@EMEA,,,,https://i.imgur.com/I8mviBy.png,Sports,,iptv-org-all.txt,1219,200
Jiangxi Movie Channel,https://play-live-hls.jxtvcn.com.cn/live-city/tv_jxtv4.m3u8,,,,JiangxiMovieChannel.cn@SD,,,,https://www.tvchinese.net/uploads/tv/jiangxi.jpg,Movies,,iptv-org-all.txt,2029,403
Isaac TV (720p),https://livecdn.live247stream.com/isaac/tv/playlist.m3u8,,,,IsaacTV.pk@SD,,,,https://i.imgur.com/RHDbsiO.png,Religious,,iptv-org-all.txt,142,200
Jiangxi Public & Agriculture Channel,https://play-live-hls.jxtvcn.com.cn/live-city/tv_jxtv5.m3u8,,,,JiangxiPublicAgricultureChannel.cn@SD,,,,https://www.tvchinese.net/uploads/tv/jxgg.jpg,General,,iptv-org-all.txt,1934,403
Jiangxi Children's Channel,https://play-live-hls.jxtvcn.com.cn/live-city/tv_jxtv6.m3u8,,,,JiangxiChildrensChannel.cn@SD,,,,https://www.tvchinese.net/uploads/tv/jxtv6.jpg,Animation;Kids,,iptv-org-all.txt,2505,403
Jiangxi Economy & Life Channel,https://play-live-hls.jxtvcn.com.cn/live-city/tv_jxtv3.m3u8,,,,JiangxiEconomyLifeChannel.cn@SD,,,,https://www.tvchinese.net/uploads/tv/jxtv3.jpg,Business,,iptv-org-all.txt,2278,403
Jiangxi City Channel,https://play-live-hls.jxtvcn.com.cn/live-city/tv_jxtv2.m3u8,,,,JiangxiCityChannel.cn@SD,,,,https://www.tvchinese.net/uploads/tv/jxds.jpg,General,,iptv-org-all.txt,2443,403
Imai TV (1080p),https://live20.bozztv.com/akamaissh101/ssh101/imaitv/playlist.m3u8,,,,ImaiTV.lk@SD,,,,https://i.imgur.com/9tODclu.png,Culture,,iptv-org-all.txt,51,200
Fuego TV [Not 24/7],https://streamunoapp.com:3553/live/cromtvlive.m3u8,,,,FuegoTV.do@SD,,,,https://i.imgur.com/T9vWjeB.png,Music,,iptv-org-all.txt,1558,200
Jihočeská televize (1080p),https://vysilani.zaktv.cz/broadcast/hls/jtv/index.m3u8,,,,Jihoceskatelevize.cz@SD,,,,https://i.imgur.com/Hi8hZzl.png,General,,iptv-org-all.txt,1754,200
Iris HD (1080p),https://live02-seg.msf.cdn.mediaset.net/live/ch-ki/ki-clr.isml/index.m3u8,,,,Iris.it@HD,,,,https://i.imgur.com/ZLnSLh4.png,Entertainment,,iptv-org-all.txt,1249,403
Fun Roads (720p),https://stream-us-east-1.getpublica.com/playlist.m3u8?network_id=978,,,,FunRoads.us@SD,,,,https://i.imgur.com/2Q6TENm.png,Auto;Travel,,iptv-org-all.txt,159,200
Ideaal TV (480p) [Not 24/7],https://ms2.mx-cd.net/dtv-09/236-2051366/Ideaal_TV.smil/playlist.m3u8,,,,IdeaalTV.nl@SD,,,,https://i.imgur.com/JLYQFoX.png,General,,iptv-org-all.txt,3534,200
Gigavision (720p),https://tv2.bitstreaming.net:3576/multi_live/play.m3u8,,,,Gigavision.bo@SD,,,,https://i.imgur.com/fE3BkcT.png,Undefined,,iptv-org-all.txt,1560,200
GH Television (1080p) [Not 24/7],https://fox.hostlagarto.com:8081/ghtelevision/tracks-v1a1/mono.m3u8,,,,GHTelevision.do@SD,,,,https://i.imgur.com/xhkiiO3.png,General,,iptv-org-all.txt,2363,200
Jewelry Television (720p),https://content.jwplatform.com/live/broadcast/oe7UD7Ag.m3u8,,,,JewelryTV.us@SD,,,,https://upload.wikimedia.org/wikipedia/en/5/50/Jewelry_television_logo.png,Shop,,iptv-org-all.txt,3315,200
Jewelry TV 2 (720p),https://cdn.jwplayer.com/live/broadcast/0rrJ3kkM.m3u8,,,,JewelryTV2.us@SD,,,,,Shop,,iptv-org-all.txt,3096,200
IRIB1,https://ncdn.telewebion.ir/tv1/live/playlist.m3u8,,,,IRIB1.ir@SD,,,,https://upload.wikimedia.org/wikipedia/commons/thumb/d/d7/IRIBTV1.svg/960px-IRIBTV1.svg.png,General,,iptv-org-all.txt,2739,200
IP Noticias (720p),https://twitch-m3u8.bastypro112.workers.dev/argentina_12tw/index.m3u8,,,,IPNoticias.ar@SD,,,,https://i.imgur.com/dbu9nx4.png,News,,iptv-org-all.txt,5102,200
Ilke TV (1080p),https://stream.ilketv.com.tr/hls/ilkecanli.m3u8,,,,IlkeTV.tr@HD,,,,https://ilketv.com.tr/wp-content/uploads/2024/06/logo.png,Undefined,,iptv-org-all.txt,1615,200
IRIB4,https://ncdn.telewebion.ir/tv4/live/playlist.m3u8,,,,IRIB4.ir@SD,,,,https://upload.wikimedia.org/wikipedia/commons/thumb/f/fd/IRIB_TV4_logo.svg/960px-IRIB_TV4_logo.svg.png,Culture,,iptv-org-all.txt,2348,200
IRINN2 Live Farsi News,https://ncdn.telewebion.ir/irinn2/live/playlist.m3u8,,,,IRINN2.ir@SD,,,,https://i.imgur.com/8tzsC9h.png,News,,iptv-org-all.txt,1929,200
Hermanas Mirabal TV (720p) [Not 24/7],https://fox.hostlagarto.com:8081/hmtv/index.m3u8,,,,HermanasMirabalTV.do@SD,,,,https://i.imgur.com/cbKgcGh.png,News,,iptv-org-all.txt,64,200
Generations TV (576p),https://event.vedge.infomaniak.com/livecast/ik:generation-tv/manifest.m3u8,,,,GenerationsTV.fr@SD,,,,https://i.imgur.com/NgBrDMe.png,Undefined,,iptv-org-all.txt,4587,200
Jilin City Channel,https://lsfb.avap.jilintv.cn/zqvk7vpj/channel/7e8474e6daea44ccaa5aa2300191439e/index.m3u8,,,,JilinCityChannel.cn@SD,,,,https://www.tvchinese.net/uploads/tv/jldspd.jpg,Lifestyle,,iptv-org-all.txt,2147,567
Jilin Rural Channel,https://lsfb.avap.jilintv.cn/zqvk7vpj/channel/3ffc4824dce54b92be185555923ce382/index.m3u8,,,,JilinRuralChannel.cn@SD,,,,https://www.tvchinese.net/uploads/tv/jlxcpd.jpg,Education;Lifestyle;Science,,iptv-org-all.txt,1693,567
Jilin Movie Channel,https://lsfb.avap.jilintv.cn/zqvk7vpj/channel/906341e6f19b4c4bacdc89941eb85d12/index.m3u8,,,,JilinMovieChannel.cn@SD,,,,https://www.tvchinese.net/uploads/tv/jlyspd.jpg,Movies,,iptv-org-all.txt,1863,567
Hebron TV (1080p),https://account20.livebox.co.in/charleshls/live.m3u8,,,,HebronTV.in@SD,,,,https://i0.wp.com/hebrontv.in/wp-content/uploads/2023/11/hebron-.png?w=512,Religious,,iptv-org-all.txt,2074,200
Fuel TV (1080p),https://amg01074-fueltv-amg01074c1-stirr-us-4214.playouts.now.amagi.tv/playlist.m3u8,,,,FUELTV.pt@SD,,,,https://i.imgur.com/I8mviBy.png,Sports,,iptv-org-all.txt,1700,200
Isango TV (480p) [Not 24/7],http://80.241.215.175:1935/isangostar/isangostar/playlist.m3u8,,,,IsangoTV.rw@SD,,,,https://i.imgur.com/EfsHaMQ.png,Music,,iptv-org-all.txt,418,200
Gigant FM (720p),https://video.uitzending.tv:19360/gigantfm/gigantfm.m3u8,,,,GigantFM.nl@SD,,,,https://i.imgur.com/LwEHfjD.png,Music,,iptv-org-all.txt,1983,200
IRIB2,https://ncdn.telewebion.ir/tv2/live/playlist.m3u8,,,,IRIB2.ir@SD,,,,https://upload.wikimedia.org/wikipedia/commons/thumb/1/16/IRIB_TV2_logo.svg/960px-IRIB_TV2_logo.svg.png,General,,iptv-org-all.txt,2759,200
Fuel TV (1080p) [Geo-blocked],https://amg01074-fueltv-amg01074c1-firetv-us-3150.playouts.now.amagi.tv/playlist.m3u8,,,,FUELTV.pt@US,,,,https://i.imgur.com/I8mviBy.png,Sports,,iptv-org-all.txt,1595,200
Hell's Kitchen (1080p),https://amg00654-itv-amg00654c1-samsung-au-1072.playouts.now.amagi.tv/itv-hellskitchen-samsung/playlist.m3u8,,,,HellsKitchen.us@UK,,,,https://i.imgur.com/P9eT0O9.png,Series,,iptv-org-all.txt,1380,200
FTV (576p),https://stream8.cinerama.uz/1018/playlist.m3u8,,,,FTV.uz@SD,,,,https://i.imgur.com/7lpISyN.jpg,Music,,iptv-org-all.txt,2598,200
HCTV Public Access Channel,https://reflect-hudsonctv.cablecast.tv/live-26/live/stream-5/live.m3u8,,,,HCTVPublicAccessChannel.us@SD,,,,https://i.imgur.com/bVbpgiD.png,General,,iptv-org-all.txt,3121,200
Imagen TV (1080p),https://igd-it-runtime.otteravision.com/igd/it/it.m3u8,,,,ImagenTV.mx@SD,,,,https://i.imgur.com/lKrRvtS.png,General,,iptv-org-all.txt,1390,200
FM Plus TV (720p),https://v2.tustreaming.cl/fmplus/index.m3u8,,,,FMPlusTV.cl@SD,,,,https://i.imgur.com/1UokOyN.png,Music,,iptv-org-all.txt,137,200
FloHockey 24/7 (1080p),https://amg02278-amg02278c2-flosports-worldwide-9916.playouts.now.amagi.tv/playlist.m3u8,,,,FloHockey.us@HD,,,,https://images.fubo.tv/channel-config-ui/station-logos/on-dark/flohockey-white.png,Sports,,iptv-org-all.txt,1318,200
Giggle Mug (576p),https://tvsen6.aynaott.com/ytv/index.m3u8,,,,GiggleMug.us@SD,,,,https://i.imgur.com/NbNHJXo.png,Kids,,iptv-org-all.txt,1847,200
IRIB3,https://ncdn.telewebion.ir/tv3/live/playlist.m3u8,,,,IRIB3.ir@SD,,,,https://upload.wikimedia.org/wikipedia/commons/thumb/6/6d/IRIB_TV3_LOGO.svg/960px-IRIB_TV3_LOGO.svg.png,Sports,,iptv-org-all.txt,2851,200
ILTV (720p),https://live.creacast.com/iltv/smil:iltv.smil/playlist.m3u8,,,,ILTV.fr@SD,,,,https://i.imgur.com/fVhrJHK.png,Undefined,,iptv-org-all.txt,1605,403
Jimani TV (360p) [Geo-blocked],https://cloud2.streaminglivehd.com:1936/8246/8246/playlist.m3u8,,,,JimaniTV.do@SD,,,,https://imgur.com/EPYHUSc.jpeg,General,,iptv-org-all.txt,1576,200
IRIB UHD (2160p),https://ncdn.telewebion.ir/faratar/live/playlist.m3u8,,,,IRIBUHD.ir@4K,,,,https://upload.wikimedia.org/wikipedia/commons/thumb/f/fd/IRIB_FARATAR_UHD.png/960px-IRIB_FARATAR_UHD.png,General,,iptv-org-all.txt,2701,200
Ilam,https://ncdn.telewebion.ir/ilam/live/playlist.m3u8,,,,IlamTV.ir@SD,,,,https://upload.wikimedia.org/wikipedia/commons/thumb/5/50/Ilam_TV.png/960px-Ilam_TV.png,General,,iptv-org-all.txt,2302,200
Groovy TV (360p),http://web.onair-radio.eu:1935/groovytv/groovytv/playlist.m3u8,,,,GroovyTV.gr@SD,,,,https://i.imgur.com/ZYNQuf1.png,Movies,,iptv-org-all.txt,2006,200
Funny AF,https://jmp2.uk/plu-580e87ff497c73ba2f321dd3.m3u8,,,,FunnyAF.us@SD,,,,https://i.imgur.com/UCwjdtQ.png,Comedy,,iptv-org-all.txt,140,200
HSE (1080p),https://hse24.akamaized.net/hls/live/2006663/hse24/playlist.m3u8,,,,HSE.de@SD,,,,https://i.imgur.com/IecRNCk.png,Shop,,iptv-org-all.txt,1299,200
Flash Haber TV,https://b01c02nl.mediatriple.net/videoonlylive/mtyycglqauzjhlive/broadcast_67c053c48829f.smil/playlist.m3u8,,,,FlashHaberTV.tr@SD,,,,,News,,iptv-org-all.txt,2200,200
Hévízi TV (1080p),https://cloudfront44.lexanetwork.com:1344/relay03/livestream003.sdp/playlist.m3u8,,,,HeviziTV.hu@SD,,,,https://i.imgur.com/zuWQKDm.png,General,,iptv-org-all.txt,292,200
Gillette Public Access Television Channel 192,https://securestream11.champds.com/LIVE/GilletteWYLIVE2/GilletteWYLIVE2.m3u8,,,,GillettePublicAccessTelevisionChannel192.us@SD,,,,https://yt3.googleusercontent.com/ytc/AGIKgqMoPQ32FU8R2lR71LXhYrC3tCHfjJEXcm6E9PEO=s176-c-k-c0x00ffffff-no-rj,Legislative,,iptv-org-all.txt,1204,200
Gillette Public Access Television Channel 190,https://securestream11.champds.com/LIVE/GilletteWYLIVE/GilletteWYLIVE.m3u8,,,,GillettePublicAccessTelevisionChannel190.us@SD,,,,https://yt3.googleusercontent.com/ytc/AGIKgqMoPQ32FU8R2lR71LXhYrC3tCHfjJEXcm6E9PEO=s176-c-k-c0x00ffffff-no-rj,General,,iptv-org-all.txt,1536,200
Gillette Public Access Television Channel 189,https://securestream11.champds.com/LIVE/GilletteWYLIVE3/GilletteWYLIVE3.m3u8,,,,GillettePublicAccessTelevisionChannel189.us@SD,,,,https://yt3.googleusercontent.com/ytc/AGIKgqMoPQ32FU8R2lR71LXhYrC3tCHfjJEXcm6E9PEO=s176-c-k-c0x00ffffff-no-rj,Education,,iptv-org-all.txt,1742,200
FloRacing 24/7 (1080p),https://amg02278-amg02278c1-flosports-worldwide-7592.playouts.now.amagi.tv/playlist.m3u8,,,,FloRacing.us@HD,,,,https://images.fubo.tv/channel-config-ui/station-logos/on-dark/floracing-white.png,Sports,,iptv-org-all.txt,1258,200
Fuse (1080p),http://23.237.104.106:8080/USA_FUSE/index.m3u8,,,,Fuse.us@East,,,,https://upload.wikimedia.org/wikipedia/commons/c/c2/Fuse_Black_Logo_2017.png,Entertainment,,iptv-org-all.txt,83,200
Imagen Universal TV,https://imagenuniversaltv.net:3771/live/iutvlive.m3u8,,,,ImagenUniversalTV.do@SD,,,,https://i.imgur.com/DP6HmDV.png,General,,iptv-org-all.txt,1409,200
Hey Arnold!,https://jmp2.uk/plu-66c79221b1a34600087e264d.m3u8,,,,HeyArnold.us@LatAm,,,,https://images.pluto.tv/channels/66c79221b1a34600087e264d/colorLogoPNG.png,Kids,,iptv-org-all.txt,120,200
Heliconia Radio TV (720p),https://eu1.servers10.com:8081/8178/index.m3u8,,,,HeliconiaRadioTV.co@SD,,,,https://i.imgur.com/AJ182BG.png,General,,iptv-org-all.txt,2001,200
iFilm Persian,https://live.presstv.ir/hls/ifilmfa.m3u8,,,,iFilmPersian.ir@SD,,,,https://upload.wikimedia.org/wikipedia/commons/b/b9/IFILM.png,Movies,,iptv-org-all.txt,3373,200
iFilm Arabic,https://live.presstv.ir/hls/ifilmar.m3u8,,,,iFilmArabic.ir@SD,,,,https://upload.wikimedia.org/wikipedia/commons/b/b9/IFILM.png,Movies,,iptv-org-all.txt,3747,200
Iran Press,https://live.presstv.ir/hls/presstv_5_482/index.m3u8,,,,IranPress.ir@SD,,,,https://upload.wikimedia.org/wikipedia/commons/thumb/d/d7/%D9%84%D9%88%DA%AF%D9%88_%D8%A7%DB%8C%D8%B1%D8%A7%D9%86_%D9%BE%D8%B1%D8%B3.jpg/960px-%D9%84%D9%88%DA%AF%D9%88_%D8%A7%DB%8C%D8%B1%D8%A7%D9%86_%D9%BE%D8%B1%D8%B3.jpg,News,,iptv-org-all.txt,3859,200
ISA TV,https://scl.edge.grupoz.cl/isatv/live/playlist.m3u8,,,,ISATV.cl@SD,,,,https://i.imgur.com/24qGdyn.jpeg,Religious,,iptv-org-all.txt,1819,200
iFilm 2,https://live.presstv.ir/hls/ifilm2.m3u8,,,,iFilm2.ir@SD,,,,https://upload.wikimedia.org/wikipedia/fa/c/ce/Ifilm2logo.png,Movies,,iptv-org-all.txt,3818,200
iFilm English,https://live.presstv.ir/hls/ifilmen.m3u8,,,,iFilmEnglish.ir@SD,,,,https://upload.wikimedia.org/wikipedia/commons/b/b9/IFILM.png,Movies,,iptv-org-all.txt,3613,502
Isai Aruvi (396p),https://segment.yuppcdn.net/140622/isaiaruvi/playlist.m3u8,,,,IsaiAruvi.in@SD,,,,https://xstreamcp-assets-msp.streamready.in/assets/LIVETV/LIVECHANNEL/LIVETV_LIVETVCHANNEL_ISAI_ARUVI/images/LOGO_HD/image.png,Music,,iptv-org-all.txt,1341,200
IRT (720p),https://stream.irt.ua/memfs/8fac7cbb-3356-4a03-bb77-4439b727ebd2.m3u8,,,,IRT.ua@SD,,,,https://i.imgur.com/tDTUIRm.png,General,,iptv-org-all.txt,2035,200
FunBox,http://186.148.196.100:8000/play/a00d,,,,FunBox.cl@SD,,,,https://i.imgur.com/9MXM6jD.png,Kids,,iptv-org-all.txt,829,200
Funny AF,https://jmp2.uk/plu-65a6a5e90c7ff50008cb9815.m3u8,,,,FunnyAF.de@GB,,,,https://images.pluto.tv/channels/65a6a5e90c7ff50008cb9815/colorLogoPNG.png,Comedy,,iptv-org-all.txt,677,200
Fuerteventura TV (1080p),https://5c0956165db0b.streamlock.net/ftv/directo/.m3u8,,,,FuerteventuraTV.es@SD,,,,https://i.ibb.co/MpvjCzC/Fuerteventura-tv-service-webtv-488969d1-1.png,General,,iptv-org-all.txt,2101,200
Girlfriends,https://jmp2.uk/plu-66ba1e4446762a000855cd87.m3u8,,,,GirlfriendsFilms.us@SD,,,,https://i.imgur.com/hCcdrOv.png,Movies,,iptv-org-all.txt,120,200
Jim (720p),https://live-fi.tvkaista.net/jim/live.m3u8?hd=true,,,,Jim.fi@SD,,,,https://i.imgur.com/PkMgY0K.png,Entertainment,,iptv-org-all.txt,2419,200
Flowers TV USA,https://yuppmedtaorire.akamaized.net/v1/master/a0d007312bfd99c47f76b77ae26b1ccdaae76cb1/flowers_nim_https/050522/flowers/playlist.m3u8,,,,FlowersTVUSA.us@SD,,,,https://upload.wikimedia.org/wikipedia/ml/1/1c/Flowers-Onam.png,Culture,,iptv-org-all.txt,1572,200
Folk Klub (720p),http://tv1.intv.mk:1935/live2/folkklub/index.m3u8,,,,FolkKlubTV.au@SD,,,,https://i.imgur.com/Seq7Od7.png,Music,,iptv-org-all.txt,131,200
Gilroy CMAP TV Channel 17 (720p),https://livestream.telvue.com/cmap1/f7b44cfafd5c52223d5498196c8a2e7b.sdp/playlist.m3u8,,,,CMAPChannel17.us@SD,,,,https://i.imgur.com/wlYUEYc.png,Legislative,,iptv-org-all.txt,1734,200
Gilroy CMAP TV Channel 19 (720p),https://livestream.telvue.com/cmap4/f7b44cfafd5c52223d5498196c8a2e7b.sdp/playlist.m3u8,,,,CMAPChannel19.us@SD,,,,https://i.imgur.com/wlYUEYc.png,Undefined,,iptv-org-all.txt,1188,200
Hellenic TV (720p) [Not 24/7],https://l5.cloudskep.com/hellenictv/htv/playlist.m3u8,,,,HellenicTV.uk@SD,,,,https://i.imgur.com/NE7ddhC.png,Undefined,,iptv-org-all.txt,1828,200
Gilroy CMAP TV Channel 20 (720p),https://livestream.telvue.com/cmap5/f7b44cfafd5c52223d5498196c8a2e7b.sdp/playlist.m3u8,,,,CMAPChannel20.us@SD,,,,https://i.imgur.com/wlYUEYc.png,General,,iptv-org-all.txt,1008,200
Gilroy CMAP TV Channel 18 (720p),https://livestream.telvue.com/cmap3/f7b44cfafd5c52223d5498196c8a2e7b.sdp/playlist.m3u8,,,,CMAPChannel18.us@SD,,,,https://i.imgur.com/wlYUEYc.png,General,,iptv-org-all.txt,1419,200
Jin TV,https://live.jintv.org/medialive/jintv.m3u8,,,,JinTV.nl@SD,,,,https://i.imgur.com/37ajg2j.png,Culture,,iptv-org-all.txt,1974,200
HSE24 Extra (1080p),https://hse24extra.akamaized.net/hls/live/2006596/hse24extra/playlist.m3u8,,,,HSEExtra.de@SD,,,,https://i.imgur.com/nvMpbip.png,Shop,,iptv-org-all.txt,1860,200
GRP VERATV (576p),https://webstream.multistream.it/memfs/a3195c96-f884-4c74-924f-2648814fc0b5_output_0.m3u8,,,,GRPVERATV.it@SD,,,,https://i.imgur.com/jasSHXJ.png,General,,iptv-org-all.txt,2436,200
HSN (720p),https://qvc-amd-live.akamaized.net/hls/live/2034113/lshsn1us/master.m3u8,,,,HSN.us@East,,,,https://m.media-amazon.com/images/I/419RyCp4+WL.png,Shop,,iptv-org-all.txt,1447,200
Familien fra Bryggen,https://jmp2.uk/plu-61c19c8c9863900007acaa57.m3u8,,,,FamilienfraBryggen.se@DK,,,,https://images.pluto.tv/channels/61c19c8c9863900007acaa57/colorLogoPNG.png,Entertainment,,iptv-org-all.txt,588,200
HSN West (720p),https://qvc-amd-live.akamaized.net/hls/live/2034113/lshsn1uswest/master.m3u8,,,,HSN.us@West,,,,https://m.media-amazon.com/images/I/419RyCp4+WL.png,Shop,,iptv-org-all.txt,1098,200
Family Ties,https://jmp2.uk/plu-654a4a3ef91d250008ac089b.m3u8,,,,FamilyTies.se@DK,,,,https://images.pluto.tv/channels/654a4a3ef91d250008ac089b/colorLogoPNG.png,Comedy,,iptv-org-all.txt,363,200
HSN2 (720p),https://qvc-amd-live.akamaized.net/hls/live/2034113/lshsn2us/master.m3u8,,,,HSN2.us@SD,,,,https://i.imgur.com/qCJ9Poe.png,Shop,,iptv-org-all.txt,1331,200
GSTV (720p),https://japaneast.av.mk.io/mediakindcdn-mediakind/ca01a143-f823-4432-b670-c22ff9643ce4/index.qfm/manifest(format=m3u8-cmaf),,,,GSTV.jp@SD,,,,https://i.imgur.com/ECnVG5I.png,Shop,,iptv-org-all.txt,1568,200
Folk TV (1080p) [Not 24/7],https://stream.nasatv.com.mk/folktv/hls/folktv_live.m3u8,,,,FolkTV.mk@SD,,,,https://i.imgur.com/4b9aZ9P.png,Music,,iptv-org-all.txt,135,200
Islita TV (1080p),https://tv.arkeo.cl:1936/unetev/unetev/playlist.m3u8,,,,IslitaTV.cl@SD,,,,https://i.imgur.com/YGLbCeC.png,General,,iptv-org-all.txt,136,200
HSE24 Trend (576p),https://hse24trend.akamaized.net/hls/live/2006597/hse24trend/playlist.m3u8,,,,HSETrend.de@SD,,,,https://i.imgur.com/qwh2urX.png,Shop,,iptv-org-all.txt,1992,200
Glazami Turista (576i),https://stream8.cinerama.uz/1423/tracks-v1a1/mono.m3u8,,,,GlazamiTurista.ru@SD,,,,https://i.imgur.com/GXJKWdy.png,Travel,,iptv-org-all.txt,235,200
Futura (720p),http://168.197.104.22/FUTURA/index.m3u8,,,,Futura.br@SD,,,,https://upload.wikimedia.org/wikipedia/commons/thumb/8/8e/Canal_Futura.png/960px-Canal_Futura.png,Education,,iptv-org-all.txt,321,200
GS My Shop (1080p),https://gstv-myshop.gsshop.com/myshop_hd/myshop_hd.stream/playlist.m3u8,,,,GSMyShop.kr@SD,,,,https://i.imgur.com/ETPQwui.png,Shop,,iptv-org-all.txt,2629,200
GS Shop (1080p),https://gstv-gsshop.gsshop.com/gsshop_hd/gsshop_hd.stream/playlist.m3u8,,,,GSShop.kr@SD,,,,https://i.imgur.com/F7QDbEy.png,Shop,,iptv-org-all.txt,2330,200
FM Mundo (1080p),https://video2.makrodigital.com/fmmundo/fmmundo/playlist.m3u8,,,,FMMundo.ec@SD,,,,https://i.imgur.com/1nNnYQO.png,Music,,iptv-org-all.txt,1853,200
JOAX-DTV,https://ntv5.mov3.co/hls/ntv.m3u8,,,,JOAXDTV.jp@SD,,,,https://i.imgur.com/IxD8V5X.png,General,,iptv-org-all.txt,1373,200
FM ITALIA (1080p),https://stream2.xdevel.com/video0s975817-1183/stream/playlist.m3u8,,,,FMITALIA.it@SD,,,,https://i.imgur.com/54CO2u9.png,Music,,iptv-org-all.txt,2150,403
Giornale Radio TV (720p),https://5f204aff97bee.streamlock.net/GR_tv/livestream/playlist.m3u8,,,,GiornaleRadioTV.it@SD,,,,https://i.imgur.com/2Y5qiao.png,News,,iptv-org-all.txt,1635,200
GTN Canada (1080i) [Geo-blocked],https://streamer12.vdn.dstreamone.net/carishowtime/showtime/chunks.m3u8,,,,GTNCanada.ca@SD,,,,https://i.imgur.com/7bQPJOd.png,General,,iptv-org-all.txt,1706,200
Family Ties,https://jmp2.uk/plu-654a4f7bf9cc8200086877d5.m3u8,,,,FamilyTies.se@NO,,,,https://images.pluto.tv/channels/654a4a3ef91d250008ac089b/colorLogoPNG.png,Comedy,,iptv-org-all.txt,794,200
GTC Punjabi (1080p),https://gtc-yupp.vgcdn.net/vglive-sk-254807/index.m3u8,,,,GTCPunjabi.in@SD,,,,https://media.thegtcnetwork.com/uploads/gtc-pujabin-s.jpg,Entertainment,,iptv-org-all.txt,1825,200
JK 24x7 News (720p) [Not 24/7],https://live.gulistannews.in/hls/jk.m3u8,,,,JK24x7News.in@SD,,,,https://dtil.tmsimg.com/assets/s143237_ld_h9_aa.png?lock=720x540,News,,iptv-org-all.txt,2390,200
Ishtar TV (1080p),https://stream.ishtartv.com/live/iShtarHD/playlist.m3u8,,,,IshtarTV.iq@SD,,,,https://i.imgur.com/qzApokm.png,Culture;Music;Religious,,iptv-org-all.txt,2039,200
Future TV (1080p),https://live.kwikmotion.com/futurelive/ftv.smil/playlist.m3u8,,,,FutureTV.lb@SD,,,,https://i.imgur.com/OaqEpwe.png,General,,iptv-org-all.txt,564,200
FUTV,http://190.61.90.17:40000/play/a03v/index.m3u8,,,,FUTV.cr@SD,,,,https://i.imgur.com/f8BkLql.png,Sports,,iptv-org-all.txt,150,200
GTC News (1080p),https://vglivessai.akamaized.net/sg/v1/master/611d79b11b77e2f571934fd80ca1413453772ac7/921cca59-daee-4f89-8c38-7ffe8de44f4c/index.m3u8,,,,GTCNews.in@SD,,,,https://www.thegtcnetwork.com/gtc-news.png,News,,iptv-org-all.txt,2163,200
GTV HD,https://mncmedia.malingtv.workers.dev/gtv.m3u8,,,,GTV.id@HD,,,,https://i.imgur.com/jjuKnYs.png,General,,iptv-org-all.txt,1488,429
FNX (1080p),https://fnx.lls.pbs.org/index.m3u8,,,,FNX.us@SD,,,,https://upload.wikimedia.org/wikipedia/commons/e/e8/FNX_Web_Logo.png,Culture,,iptv-org-all.txt,1561,200
Girasol TV (1080i),https://s.emisoras.tv:8081/girasoltv/index.m3u8,,,,GirasolTV.hn@SD,,,,https://i.imgur.com/2t7A2yg.png,Entertainment,,iptv-org-all.txt,1529,200
HGPTV (720p) [Not 24/7],https://cdn-us-east-prod-ingest-infra-dacast-com.akamaized.net/8424fb7f-99a9-87ae-3861-f0620849d11c/source/index.m3u8,,,,HGPTV.gy@SD,,,,https://i.imgur.com/0aIH6V5.png,General,,iptv-org-all.txt,1526,200
Isla TV (480p),https://59d39900ebfb8.streamlock.net/islatv/islatv/playlist.m3u8,,,,IslaTV.ve@SD,,,,https://i.imgur.com/l11Ixhi.jpeg,General,,iptv-org-all.txt,1622,200
Isfahan,https://ncdn.telewebion.ir/esfahan/live/playlist.m3u8,,,,IsfahanTV.ir@SD,,,,https://upload.wikimedia.org/wikipedia/commons/thumb/e/e9/IsfahanTV.svg/960px-IsfahanTV.svg.png,General,,iptv-org-all.txt,2293,200
Family Ties,https://jmp2.uk/plu-654a510d986ad20008a45874.m3u8,,,,FamilyTies.se@SE,,,,https://images.pluto.tv/channels/654a4a3ef91d250008ac089b/colorLogoPNG.png,Comedy,,iptv-org-all.txt,784,200
Istoriya (576p),http://hls127.freeott.top:8080/Istoriya/video.m3u8,,,,Istoriya.ru@SD,,,,https://i.imgur.com/eEjPail.png,Documentary,,iptv-org-all.txt,208,200
Jogja Istimewa TV (720p),http://103.255.15.222:1935/tv/jitv_720p/playlist.m3u8,,,,JogjaIstimewaTV.id@SD,,,,https://i.imgur.com/VEqQfTu.png,General,,iptv-org-all.txt,599,200
JKN 18 (1080p),https://lb1-live-mv.v2h-cdn.com/hls/ffda/jkn18/jkn18.m3u8,,,,JKN18.th@SD,,,,https://i.imgur.com/m4nPR2L.png,News,,iptv-org-all.txt,2471,403
HTR TV (720p),https://ms7.mx-cd.net/tv/286-3043214/HTR_Media_TV.smil/playlist.m3u8,,,,HTRTV.nl@SD,,,,https://i.imgur.com/IlwVHX0.png,General,,iptv-org-all.txt,2053,200
FX Latin America (1080p),http://15.204.246.24:8080/FXHD/index.m3u8,,,,FXLatinAmerica.us@Panregional,,,,https://upload.wikimedia.org/wikipedia/commons/thumb/4/4d/FX_International_logo.svg/960px-FX_International_logo.svg.png,Entertainment,,iptv-org-all.txt,64,200
Guangxi Variety & Travel Channel,http://111.59.24.227:8181/tsfile/live/1001_1.m3u8?key=txiptv&playlive=1&authid=0,,,,GuangxiVarietyTravelChannel.cn@SD,,,,https://www.tvchinese.net/uploads/tv/gxzypd.jpg,General;Travel,,iptv-org-all.txt,437,200
JOCX-DTV,https://fujitv4.mov3.co/hls/fujitv.m3u8,,,,JOCXDTV.jp@SD,,,,https://i.imgur.com/sEWDmMD.png,General,,iptv-org-all.txt,1772,200
Ishwar Bhakti TV (720p),https://6n3yow8pl9ok-hls-live.5centscdn.com/ishwartvlive/tv.stream/playlist.m3u8,,,,IshwarBhaktiTV.in@SD,,,,https://xstreamcp-assets-msp.streamready.in/assets/LIVETV/LIVECHANNEL/LIVETV_LIVETVCHANNEL_ISHWAR_TV/images/LOGO_HD/image.png,Religious,,iptv-org-all.txt,2271,200
HTV 2 Houston Television (720p),https://stream.swagit.com/live-edge/houstontx/smil:hd-16x9-2-b/playlist.m3u8,,,,HTV2HoustonTelevision.us@SD,,,,https://i.imgur.com/zvj1boM.jpg,Legislative,,iptv-org-all.txt,1194,200
hr-fernsehen (1080p),https://hrhls.akamaized.net/hls/live/2024525/hrhls/index.m3u8,,,,hrfernsehen.de@SD,,,,https://upload.wikimedia.org/wikipedia/commons/thumb/e/ea/HR-Fernsehen_Logo_2023.svg/960px-HR-Fernsehen_Logo_2023.svg.png,General,,iptv-org-all.txt,4596,200
Hellenic Parliament TV (1080p),https://ert-ucdn.broadpeak-aas.com/bpk-tv/VOULITV/default/index.m3u8,,,,HellenicParliamentTV.gr@SD,,,,https://i.imgur.com/o2cvqv3.png,Legislative,,iptv-org-all.txt,3495,200
HTV 1 Houston Television (720p),https://stream.swagit.com/live-edge/houstontx/smil:hd-16x9-2-a/playlist.m3u8,,,,HTV1HoustonTelevision.us@SD,,,,https://i.imgur.com/zvj1boM.jpg,Legislative,,iptv-org-all.txt,1626,200
Family Ties,https://jmp2.uk/plu-5f77939a630f530007dde654.m3u8,,,,FamilyTies.us@SD,,,,https://i.imgur.com/WJEkKCb.png,Series,,iptv-org-all.txt,784,200
HTSpor TV (1080p),https://ciner.daioncdn.net/ht-spor/ht-spor.m3u8?app=web,,,,HTSporTV.tr@SD,,,,https://www.htspor.com/images/manifest/social-share-logo.png,Sports,,iptv-org-all.txt,2100,200
Guadalupe Media (720p),https://streamer1.nexgen.bz/GUADALUPE_MEDIA/index.m3u8,,,,GuadalupeMedia.bz@SD,,,,https://i.imgur.com/EfaOwRE.png,Religious,,iptv-org-all.txt,1574,200
Guangdong Satellite TV,https://h5cul1yar48um3t.wcetv.com/hls/gdsatellite.m3u8,,,,GuangdongSatelliteTV.cn@SD,,,,https://parco-zh.github.io/demo/guangdong.jpg,Undefined,,iptv-org-all.txt,1417,200
Guangdong TV America,https://h5cul1yar48um3t.wcetv.com/hls/gdtv.m3u8,,,,GuangdongTVAmerica.us@SD,,,,https://i.imgur.com/7J4qGjA.png,General,,iptv-org-all.txt,1167,200
Isibo TV,https://5c46fa289c89f.streamlock.net/pub2live/myStream/playlist.m3u8,,,,IsiboTV.rw@SD,,,,https://i.imgur.com/bXhEeTC.png,General,,iptv-org-all.txt,2313,200
FX Latin America South (720p),http://72.1.184.5:8089/play/a05i/index.m3u8,,,,FXLatinAmerica.us@South,,,,https://upload.wikimedia.org/wikipedia/commons/thumb/4/4d/FX_International_logo.svg/960px-FX_International_logo.svg.png,Entertainment,,iptv-org-all.txt,153,200
JOEX-DTV (540p),https://tvasahi.mov3.co/hls/tvasahi.m3u8,,,,JOEXDTV.jp@SD,,,,https://i.imgur.com/YCqB5Kj.png,General,,iptv-org-all.txt,1404,200
Guada TV (720p) [Not 24/7],https://cloud.streamingconnect.tv/hls/guadatv/guadatv.m3u8,,,,GuadaTV.es@SD,,,,https://i.imgur.com/YaDNsYN.png,General,,iptv-org-all.txt,1942,200
FON Music (576p),https://stream8.cinerama.uz/1272/tracks-v1a1/mono.m3u8,,,,FONMusic.ru@SD,,,,https://i.imgur.com/tXABQDE.png,Music,,iptv-org-all.txt,234,200
JOB TV (1080p),https://jobtvserver.eu/hls/stream.m3u8,,,,JOBTV.ro@SD,,,,https://i.imgur.com/UzcZNe3.png,Business,,iptv-org-all.txt,2283,200
Immaculata TV (720p),https://g5nl63z8lpq6-hls-live.5centscdn.com/tvistream/a5586d8ea3b7b021120a05c60dc59876.sdp/playlist.m3u8,,,,ImmaculataTV.ch@SD,,,,https://i.imgur.com/8WsYVpt.png,Religious,,iptv-org-all.txt,1537,200
JooMusic (720p),https://livecdn.live247stream.com/joomusic/tv/playlist.m3u8,,,,JooMusic.pk@SD,,,,https://i.imgur.com/KHuKQQL.png,Music,,iptv-org-all.txt,142,200
Impact Channel,https://5fe2654d6127d.streamlock.net/impactchannel/videoimpactchannel/playlist.m3u8,,,,ImpactChannel.cr@SD,,,,https://i.imgur.com/YRRID7W.png,Religious,,iptv-org-all.txt,1255,200
Glendale 11 AZ (360p),https://edge-f.swagit.com/live/glendaleaz/live-1-a-1/playlist.m3u8,,,,Glendale11AZ.us@SD,,,,https://i.imgur.com/jehiyV7.png,Legislative,,iptv-org-all.txt,1428,200
HTV Live (1080p) [Not 24/7],https://fox.hostlagarto.com:8081/canalhtv/tracks-v1a1/mono.m3u8,,,,HTVLive.do@SD,,,,https://i.imgur.com/0WBsAin.png,Entertainment,,iptv-org-all.txt,72,200
Giovanni Paolo TV (1080p),https://media2021.rtvweb.com/giovannipaolotv/web/playlist.m3u8,,,,GiovanniPaoloTV.it@SD,,,,,Religious,,iptv-org-all.txt,2510,200
Glendale TV (720p) [Geo-blocked],https://reflect-gtv6-glendale.cablecast.tv/live-2/live/live.m3u8,,,,GlendaleTV.us@SD,,,,https://i.imgur.com/akbtQ33.png,Legislative,,iptv-org-all.txt,1014,200
Imedi TV (1080p),https://tv.cdn.xsg.ge/imedihd/index.m3u8,,,,ImediTV.ge@SD,,,,https://i.imgur.com/94hNyxZ.png,General,,iptv-org-all.txt,1844,200
Imás TV (1080p) [Not 24/7],https://secure3.todostreaming.es/live/imastv-livestream.m3u8,,,,ImasTV.es@SD,,,,https://i.imgur.com/a9hgTmM.png,General,,iptv-org-all.txt,2119,200
FUSION TV (1080p),https://edge20.vedge.infomaniak.com/livecast/ik:fusiontv/manifest.m3u8,,,,FUSIONTV.mq@SD,,,,https://i.imgur.com/WMrYEgH.png,Music,,iptv-org-all.txt,2487,200
Jordan Archive (1080p),https://playlist.fasttvcdn.com/pl/cc0blorawy1ibohhrupraa/Archive/playlist.m3u8,,,,JordanArchive.jo@SD,,,,https://i.imgur.com/8UrCl4k.png,Undefined,,iptv-org-all.txt,137,200
Impact Network (720p),https://edge1.lifestreamcdn.com/live/impactroku1/index.m3u8,,,,ImpactNetwork.us@SD,,,,https://i.imgur.com/57NH9sS.png,Entertainment,,iptv-org-all.txt,1111,200
Farg'ona MTRK,https://stream8.cinerama.uz/1458/tracks-v1a1/mono.m3u8,,,,FargonaMTRK.uz@SD,,,,https://i.imgur.com/RYjQOfo.jpeg,General,,iptv-org-all.txt,234,200
Folketinget (1080p) [Not 24/7],https://cdnapi.kaltura.com/p/2158211/sp/327418300/playManifest/entryId/1_24gfa7qq/protocol/https/format/applehttp/a.m3u8,,,,TVfromtheDanishParliament.dk@SD,,,,https://i.imgur.com/RqQDUzX.png,Legislative,,iptv-org-all.txt,1804,200
Imam Hussein TV 1 (1080p),http://fa.imamhossaintv.com/live/ih1.m3u8,,,,ImamHusseinTV1.iq@SD,,,,https://i.imgur.com/pDdUvz7.png,Religious,,iptv-org-all.txt,3771,200
Imam Hussein TV 2 (1080p),http://ar.imamhossaintv.com/live/ih2.m3u8,,,,ImamHusseinTV2.iq@SD,,,,https://i.imgur.com/IXVSPdJ.png,Religious,,iptv-org-all.txt,3474,200
Imam Hussein TV 4 (1080p),http://ur.imamhossaintv.com/live/ih4.m3u8,,,,ImamHusseinTV4.iq@SD,,,,https://i.imgur.com/0UYcylY.png,Religious,,iptv-org-all.txt,3140,200
Joel Osteen Network (1080p),https://linear-860.frequency.stream/dist/xumo/860/hls/master/playlist.m3u8,,,,JoelOsteenNetwork.us@HD,,,,https://www.tablotv.com/wp-content/uploads/2025/05/Osteen_black.png,Religious,,iptv-org-all.txt,2179,200
Imam Hussein TV 5 (720p),http://live.al-zahratv.com/live/playlist.m3u8,,,,ImamHusseinTV5.iq@SD,,,,https://i.imgur.com/Oq2Ve7C.png,Religious,,iptv-org-all.txt,2991,200
Highway to Heaven,https://jmp2.uk/plu-68bff9a63efb41cd97562e46.m3u8,,,,HighwaytoHeaven.us@UK,,,,https://i.imgur.com/e6pvibn.png,Series,,iptv-org-all.txt,679,200
Jordan Comedy (1080p),https://playlist.fasttvcdn.com/pl/cc0blorawy1ibohhrupraa/Comedy/playlist.m3u8,,,,JordanComedy.jo@SD,,,,https://i.imgur.com/DuwwoO2.png,Comedy,,iptv-org-all.txt,137,200
Islandia (720p),https://cdn15.live-tv.cloud/ua_infinitas_tv/islandiya-abr/playlist.m3u8,,,,Islandia.ua@SD,,,,https://i.imgur.com/9ql4jXv.png,Undefined,,iptv-org-all.txt,2290,200
Hillsborough County TV HTV (Hillsborough County FL) (360p),https://cdn3.wowza.com/5/M0lyamVmM2JWcjhQ/hillsboroughcounty/G2155_002/playlist.m3u8,,,,HillsboroughTV.us@SD,,,,https://i.imgur.com/fUne7FX.png,Legislative,,iptv-org-all.txt,371,200
Folx Music Television,https://folxapp.b-cdn.net/1080p/index.m3u8,,,,FolxMusicTelevision.de@SD,,,,https://i.imgur.com/ze04puX.png,Music,,iptv-org-all.txt,1408,200
Istoki (1080p),https://istoki.tv/live/stream1/playlist.m3u8,,,,Istoki.ru@SD,,,,https://istoki.tv/local/templates/istoki_new/img/logo.png,General,,iptv-org-all.txt,1808,200
Folcloreando TV,https://stmvideo6.livecastv.com/radioactivasanjuan/radioactivasanjuan/playlist.m3u8,,,,FolcloreandoTV.ar@SD,,,,https://folcloreando.com/wp-content/uploads/elementor/thumbs/logo-qvcz16ulfxe7qqvftihvlcoku8l2hux59qcndiy3qo.png,General,,iptv-org-all.txt,2839,200
High Vision (1080p) [Not 24/7],https://streamer1.connectto.com/HIGHVISION_WEB_1205/index.m3u8,,,,HighVisionTV.us@SD,,,,https://i.imgur.com/zhCgoru.png,Music,,iptv-org-all.txt,1163,403
Hidabroot (1080p),https://cdn.cybercdn.live/HidabrootIL/Live97/playlist.m3u8,,,,Hidabroot.il@SD,,,,https://i.imgur.com/CTH4Hu2.png,Religious,,iptv-org-all.txt,2031,200
Food Food (576p),https://mumt03.tangotv.in/Dsly5z3HFOODFOOD/index.m3u8,,,,FoodFood.in@SD,,,,https://jiotvimages.cdn.jio.com/dare_images/images/Food_Food.png,Cooking;Lifestyle,,iptv-org-all.txt,255,200
Global Fashion Channel (1080p),https://pubgfc.teleosmedia.com/linear/globalfashionchannel/globalfashionchannel/playlist.m3u8,,,,GlobalFashionChannel.us@SD,,,,https://i.imgur.com/s4eGYEP.jpg,Lifestyle,,iptv-org-all.txt,1216,200
Global TV (1080p),http://190.93.224.42/GLOBAL/index.m3u8,,,,GlobalTV.pe@SD,,,,https://i.imgur.com/yuEou9C.png,General,,iptv-org-all.txt,271,200
Guaymate TV (720p) [Not 24/7],https://live20.bozztv.com/akamaissh101/ssh101/guaymatetv/playlist.m3u8,,,,GuaymateTV.do@SD,,,,https://i.imgur.com/PBgQi9a.png,Culture,,iptv-org-all.txt,49,502
Jordan Drama (1080p),https://playlist.fasttvcdn.com/pl/cc0blorawy1ibohhrupraa/Drama/playlist.m3u8,,,,JordanDrama.jo@SD,,,,https://i.imgur.com/gvIAEsJ.png,Undefined,,iptv-org-all.txt,136,200
Folx Slovenija,https://folxsloapp.b-cdn.net/1080p/index.m3u8,,,,FolxSlovenija.si@SD,,,,https://i.imgur.com/RK1IASU.png,Music,,iptv-org-all.txt,1337,200
JOJG-DTV (1080p),https://tv-stream-test.daydreamer-json.cc/fe8bf835820fb530467f75a9cb761504/hevc/playlist.m3u8,,,,JOJGDTV.jp@SD,,,,https://i.imgur.com/fAZ2BEZ.png,General,,iptv-org-all.txt,1533,200
Imam Hussein TV 6 (1080p),http://live.imamhossaintv.com/live/ih6.m3u8,,,,ImamHusseinTV6.iq@SD,,,,https://i.imgur.com/lqhU0PY.png,Religious,,iptv-org-all.txt,3192,200
High News (480p),https://highmedia.livebox.co.in/HIGHNEWShls/LIVE.m3u8,,,,HighNews.in@SD,,,,https://pbs.twimg.com/profile_images/1104268476858937351/USUT4ykS_400x400.png,News,,iptv-org-all.txt,1777,200
FoodTime (1080p),http://stream.mcquack.net/216/index.m3u8,,,,FoodTime.ru@SD,,,,https://i.imgur.com/gxCYAwH.png,Cooking,,iptv-org-all.txt,182,200
Hi-YAH! (1080p),https://linear-59.frequency.stream/dist/plex/59/hls/master/playlist.m3u8,,,,HiYAH.us@SD,,,,https://i.imgur.com/sOYAnTB.png,Entertainment,,iptv-org-all.txt,2504,200
Imam Hussein TV 3 (1080p),http://en.imamhossaintv.com/live/ih3.m3u8,,,,ImamHusseinTV3.iq@SD,,,,https://i.imgur.com/emQRHQZ.png,Religious,,iptv-org-all.txt,3835,200
FAP TV (720p),https://edge.enhdtv.com/faptv/index.m3u8,,,,FAPTV.bo@SD,,,,https://i.imgur.com/jZ7g58e.png,General,,iptv-org-all.txt,1295,200
Itage TV (480p),https://viewmedia7219.bozztv.com/wmedia/viewmedia100/web_011/Stream/playlist.m3u8,,,,ItageTV.ng@SD,,,,https://i.imgur.com/FP1aUPw.jpg,Movies,,iptv-org-all.txt,306,200
ISTV (720p) [Not 24/7],https://stmv1.srvstm.com/sistema7933/sistema7933/playlist.m3u8,,,,ISTV.br@SD,,,,https://i.imgur.com/RUKVrOH.png,Education,,iptv-org-all.txt,1375,200
Jordan Kitchen (1080p),https://playlist.fasttvcdn.com/pl/cc0blorawy1ibohhrupraa/cooking/playlist.m3u8,,,,JordanKitchen.jo@SD,,,,https://i.imgur.com/B45qcQX.png,Cooking,,iptv-org-all.txt,136,200
Folklore TV (720p),https://play.folkloretv.pe/StreamSD/index.m3u8,,,,FolkloreTV.pe@SD,,,,https://i.imgur.com/QdOGJes.png,Music,,iptv-org-all.txt,2081,200
ISTV (480p),https://livefta.malimarcdn.com/ftaedge00/ichannel.sdp/playlist.m3u8,,,,ISTV.la@SD,,,,https://i.imgur.com/TGAKFcV.jpg,General,,iptv-org-all.txt,1191,200
Guarantee News (1080p),https://guaranteenews.in:8443/live/gnews/index.m3u8,,,,GuaranteeNews.in@SD,,,,https://media.licdn.com/dms/image/v2/D560BAQHYZzbGJ7ViZA/company-logo_200_200/company-logo_200_200/0/1728031377890?e=2147483647&v=beta&t=bIsZgNUCcg0M_-Zqeu5wKYgBt_1-pI798X9lP5CxhTM,News,,iptv-org-all.txt,1779,200
Gagsnetwork (576p),http://hls127.freeott.top:8080/Gagsnetwork/video.m3u8,,,,Gagsnetwork.us@SD,,,,https://i.imgur.com/ENj5GIp.png,Comedy,,iptv-org-all.txt,209,200
High TV (720p) [Not 24/7],http://live.streams.ovh:1935/hightv/hightv/playlist.m3u8,,,,HighTV.gr@SD,,,,https://i.imgur.com/8gHuwt7.png,Shop,,iptv-org-all.txt,1815,200
Foot+,http://145.239.5.177/556a/index.m3u8,,,,FootPlus.fr@SD,,,,https://i.imgur.com/qsLLyn4.png,Sports,,iptv-org-all.txt,287,403
Fontana Community Television (720p) [Geo-blocked],https://reflect-watchkfon-fontana.cablecast.tv/live-3/live/live.m3u8,,,,KFONTV.us@SD,,,,https://i.imgur.com/MQHYm3V.png,General,,iptv-org-all.txt,1327,200
Hindu Dharmam (576p),https://mumt01.tangotv.in/O5aw8Zn3HINDUDHARMAM/index.m3u8,,,,HinduDharmam.in@SD,,,,https://dtil.tmsimg.com/assets/s143131_ld_h15_aa.png?lock=720x540,Religious,,iptv-org-all.txt,258,200
Fun Vision,https://funradiovisionhd.vedge.infomaniak.com/livecast/ik:funradiovisionhd/manifest.m3u8,,,,FunVision.be@SD,,,,https://i.imgur.com/AhkKr7Y.png,Music,,iptv-org-all.txt,4408,200
In the kitchen (720p),https://qvc-amd-live.akamaized.net/hls/live/2034113/lsqvc4us/master.m3u8,,,,IntheKitchen.us@SD,,,,https://i.imgur.com/HrRUd6r.png,Cooking;Shop,,iptv-org-all.txt,53,200
Hilando Fino TV (1080p),https://hilandofinotv.essastream.com:3606/live/canalhilandofinotvlive.m3u8,,,,HilandoFinoTV.do@SD,,,,https://i.imgur.com/E7ta6g8.png,General,,iptv-org-all.txt,1308,200
iSTUFF (720p) [Not 24/7],https://relay2.cdn.fem-net.de/hls/loop/istuff_live/istuff_live-720p.m3u8,,,,iSTUFF.de@SD,,,,https://i.imgur.com/1V3UXVb.jpg,Education,,iptv-org-all.txt,1979,200
JonmoBhumi TV (720p),https://jtvs.ncare.live/Gznr84Woj7UEye3OPVeWq2ForboWAgdV/jonmobhumitv.stream/playlist.m3u8,,,,JonmoBhumiTV.au@SD,,,,https://i.imgur.com/2snahLk.png,General,,iptv-org-all.txt,1678,200
For lækker til love,https://jmp2.uk/plu-6272511cb389bb0007b30b09.m3u8,,,,Forlaekkertillove.se@DK,,,,https://images.pluto.tv/channels/6272511cb389bb0007b30b09/colorLogoPNG.png,Entertainment,,iptv-org-all.txt,294,200
Jordan Songs (1080p),https://playlist.fasttvcdn.com/pl/cc0blorawy1ibohhrupraa/Song/playlist.m3u8,,,,JordanSongs.jo@SD,,,,https://i.imgur.com/1DE7Gmw.png,Music,,iptv-org-all.txt,136,200
Impact TV Dance (1080p),https://online.tvimpact.live/hls/dancetv.m3u8,,,,ImpactTVDance.ro@SD,,,,https://i.imgur.com/G5mNdpE.png,Music,,iptv-org-all.txt,1801,200
Impact TV Manele (1080p),https://online.tvimpact.live/hls/impact_tv.m3u8,,,,ImpactTVManele.ro@SD,,,,https://i.imgur.com/G5mNdpE.png,Music,,iptv-org-all.txt,1572,200
HGTV (1080p),https://i.mjh.nz/.r/sky-hgtv.m3u8,,,,HGTV.nz@SD,,,,https://upload.wikimedia.org/wikipedia/commons/thumb/c/c5/HGTV_US_Logo_2015.svg/960px-HGTV_US_Logo_2015.svg.png,Lifestyle,,iptv-org-all.txt,3381,200
Guaro TV (720p),https://stream.guarotv.net:3592/hybrid/play.m3u8,,,,GuaroTV.ve@SD,,,,https://i.ibb.co/LN92K6h/IMG-20230705-154347.jpg,Entertainment,,iptv-org-all.txt,1717,200
Globo TV (720p) [Geo-blocked],https://stream.streaming4u.hu/GloboTV/index.m3u8,,,,GloboTV.hu@SD,,,,https://i.imgur.com/PJ4c4jq.png,General,,iptv-org-all.txt,148,403
Guatuso TV,https://5cf4a2c2512a2.streamlock.net/8176/8176/playlist.m3u8,,,,GuatusoTV.cr@SD,,,,https://www.grupodgrajal.com/images/logoguatusochannel.png,General,,iptv-org-all.txt,1236,200
HTV9 HD (1080p) [Geo-blocked],https://live.fptplay53.net/epzhd1/htv9hd_vhls.smil/chunklist.m3u8,,,,HTV9.vn@HD,,,,https://upload.wikimedia.org/wikipedia/commons/b/bf/HTV9_logo.webp,General;News,,iptv-org-all.txt,1650,403
It's Supernatural! Network (1080p),https://content.uplynk.com/channel/b880a791bf95426d917a509e0c44796a.m3u8,,,,ItsSupernaturalNetwork.us@SD,,,,https://i.imgur.com/JWrdL9a.png,Religious,,iptv-org-all.txt,1101,200
FarmodaTV (1080p),https://avr.host247.net/live/FarmodaTV/playlist.m3u8,,,,FarmodaTV.iq@HD,,,,https://i.imgur.com/x4KCQlH.png,Religious,,iptv-org-all.txt,1100,200
Guayape TV,https://tv.bitstreaming.net:8443/live/guayapetv.m3u8,,,,GuayapeTV.hn@SD,,,,https://i.imgur.com/cteBdAJ.jpg,General,,iptv-org-all.txt,1056,200
FX TV 1,https://fxtvhls.wns.live/hls/stream.m3u8,,,,FX1.ir@SD,,,,,Entertainment,,iptv-org-all.txt,1431,200
It Is Written TV (1080p),https://itiswrittentv.akamaized.net/xR8gyATuHMVx69u9G79DXnpNRL/playlist.m3u8,,,,ItIsWrittenTV.us@SD,,,,https://i.imgur.com/0jgzoSF.png,Religious,,iptv-org-all.txt,1595,200
Global Christian Network America (GCN) (720p),http://liveen24-manminglobal3.ktcdn.co.kr/liveen24/gcnus_1300k.stream/playlist.m3u8,,,,GCNAmerica.us@SD,,,,https://i.imgur.com/DWSWrtV.png,Religious,,iptv-org-all.txt,2388,200
Global Punjab (1080p),https://server.livelegitpro.in/globalpunjab/globalpunjab/index.m3u8,,,,GlobalPunjab.in@SD,,,,https://i.imgur.com/WDLqcWW.png,News,,iptv-org-all.txt,2002,200
Imperio TV Canal 6 (720p),https://live21.bozztv.com/akamaissh101/ssh101/imperiotvcanal6/playlist.m3u8,,,,ImperioTVCanal6.ec@SD,,,,https://i.imgur.com/NrsNljx.png,General,,iptv-org-all.txt,907,503
Huế TV (720p) [Geo-blocked],https://live.fptplay53.net/epzsd1/hue_hls.smil/chunklist.m3u8,,,,ThuaThienHueTV.vn@SD,,,,https://upload.wikimedia.org/wikipedia/commons/e/e9/LogoHueTV_2025.png,Undefined,,iptv-org-all.txt,565,403
Farscape,https://jmp2.uk/plu-699c1b4c9c3b075ecd513139.m3u8,,,,Farscape.us@SD,,,,https://i.imgur.com/2WH4lSc.png,Series,,iptv-org-all.txt,105,200
Global Trekker (720p),http://nmk.ioapk.com:5050/4gtv-live112/index.m3u8,,,,GlobalTrekker.sg@SD,,,,https://i.imgur.com/5nlmJIw.png,Travel,,iptv-org-all.txt,1817,500
Jordan Sport (1080p),http://93.184.10.248/JordanSport/index.m3u8,,,,JordanSport.jo@SD,,,,https://i.imgur.com/2EmrZPQ.png,Sports,,iptv-org-all.txt,366,200
Jordan Tourism (1080p),https://playlist.fasttvcdn.com/pl/cc0blorawy1ibohhrupraa/Tourism/playlist.m3u8,,,,JordanTourism.jo@SD,,,,https://i.imgur.com/gpeIoU9.png,Undefined,,iptv-org-all.txt,136,200
Impacto Televisión (360p) [Not 24/7],https://cloudvideo.servers10.com:8081/impactotv/index.m3u8,,,,ImpactoTelevision.pe@SD,,,,https://i.imgur.com/bkpCGP6.png,Entertainment,,iptv-org-all.txt,1842,200
Inazuma Eleven,https://jmp2.uk/plu-632c6df43d2bc5000751f621.m3u8,,,,InazumaEleven.us@France,,,,https://i.imgur.com/pLv0T3D.png,Kids;Series,,iptv-org-all.txt,399,200
Gujarat First (576p),https://mumt03.tangotv.in/Dsly5z3HGUJARATFIRST/index.m3u8,,,,GujaratFirst.in@SD,,,,https://jiotvimages.cdn.jio.com/dare_images/images/Gujarat_First_24x7.png,News,,iptv-org-all.txt,255,200
Fonte TV,https://59fb88a1b1108.streamlock.net/fonte/_definst_/fontetv/chunklist_w1224511652.m3u8,,,,FonteTV.br@SD,,,,https://i.imgur.com/7q2BmNc.png,Religious,,iptv-org-all.txt,1901,200
Huacho Peru TV,https://tv.huachotv.com/stream.m3u8,,,,HuachoPeruTV.pe@SD,,,,https://i.imgur.com/PevmfqK.png,General,,iptv-org-all.txt,1446,200
Fashion (1080p),http://stream.mcquack.net/288/index.m3u8,,,,Fashion.ua@SD,,,,https://ukrtvr.org/images/%D1%82%D0%B5%D0%BB%D0%B5%D0%B2%D0%B5%D0%B6%D1%96/%D1%81%D1%82%D0%B0%D1%80%D1%96_%D0%BB%D0%BE%D0%B3%D0%BE/FASHION%20TV%20UKRAINE/FASHION%20TV%20UKRAINE.png,Undefined,,iptv-org-all.txt,182,200
Futbol TV (1080p),http://stream3.cinerama.uz/1010/tracks-v1a1/mono.m3u8,,,,FutbolTV.uz@HD,,,,https://i.ibb.co/h1gQSkbB/Futbol-TV.png,Sports,,iptv-org-all.txt,3960,200
Impossible Quiz Show (1080p),https://bbc-impossible-1-us.roku.wurl.tv/playlist.m3u8,,,,ImpossibleQuizShow.us@SD,,,,https://i.imgur.com/9EWffqx.png,Series,,iptv-org-all.txt,1182,200
GlobalWorldTV (720p),https://media.streambrothers.com:1936/8052/8052/playlist.m3u8,,,,GlobalWorldTV.us@SD,,,,https://i.imgur.com/2u33Ayy.jpeg,Entertainment,,iptv-org-all.txt,1291,200
Fashion Finds (720p),https://qvc-amd-live.akamaized.net/hls/live/2034113/lsqvc5us/master.m3u8,,,,FashionFinds.us@SD,,,,https://i.imgur.com/GvDRZgq.png,Lifestyle;Shop,,iptv-org-all.txt,56,200
Gulli Girl (720p),https://stream8.cinerama.uz/1445/tracks-v1a1/mono.m3u8,,,,GulliGirl.ru@SD,,,,https://i.imgur.com/lbViDuC.png,Kids,,iptv-org-all.txt,234,200
Himlen TV7 (720p),https://vod.tv7.fi/tv7-se/smil:tv7-se.smil/playlist.m3u8,,,,HimlenTV7.fi@SD,,,,https://i.imgur.com/k8a7KNn.png,Religious,,iptv-org-all.txt,1763,200
Faros TV2 (480p) [Geo-blocked],https://s1.cystream.net/live/faros2/playlist.m3u8,,,,FarosTV2.gr@SD,,,,https://i.imgur.com/7xtz1Jo.png,Undefined,,iptv-org-all.txt,1538,403
Gainesville Community 12TV (Gainesville FL) (720p),https://lin10.isilive.ca/live/gainesville/live/index.m3u8,,,,Community12TV.us@SD,,,,https://i.imgur.com/Oel3q43.png,Legislative,,iptv-org-all.txt,1350,200
Faro de Santidad TV (720p),https://5dbcd1053301e.streamlock.net:4443/farodesantidad/farodesantidad/playlist.m3u8,,,,FarodeSantidadTV.pr@SD,,,,https://i.imgur.com/GoNBFzI.png,Religious,,iptv-org-all.txt,1795,200
Farovisión (720p),https://streamtv.intervenhosting.net:3754/hybrid/play.m3u8,,,,Farovision.do@SD,,,,https://i.imgur.com/YtdOXWb.png,General,,iptv-org-all.txt,1453,200
Hindi Khabar (576p),https://mumt04.tangotv.in/m18aqlK4HINDIKHABAR/index.m3u8,,,,HindiKhabar.in@SD,,,,https://xstreamcp-assets-msp.streamready.in/assets/LIVETV/LIVECHANNEL/LIVETV_LIVETVCHANNEL_HINDI_KHABAR/images/LOGO_HD/image.png,News,,iptv-org-all.txt,1745,200
Huda TV (720p) [Not 24/7],https://cdn.bestream.io:19360/elfaro1/elfaro1.m3u8,,,,HudaTV.eg@SD,,,,https://i.imgur.com/1UUjU26.png,Religious,,iptv-org-all.txt,1583,200
Groznyj,https://balancer.facecast.io/evacoder_hls_hi/UUMLQVAYVlZyH14GRENQVV0G/2/720-3.m3u8,,,,Groznyj.ru@SD,,,,https://i.imgur.com/yrN0Vl6.png,General,,iptv-org-all.txt,6852,200
FX Movie Channel HD (1080p),https://sra72yz.s.gy/FX_MOVIE_CHANNEL_US.m3u8,,,,FXMovieChannel.us@HD,,,,https://upload.wikimedia.org/wikipedia/commons/thumb/e/e7/FXM_Logo.svg/960px-FXM_Logo.svg.png,Movies,,iptv-org-all.txt,2662,403
Globo TV,https://stream.radiosmundiales.com/hls/globotvhonduras/globotvhonduras.m3u8,,,,GloboTV.hn@SD,,,,https://i.imgur.com/hxGvZ77.png,General,,iptv-org-all.txt,1487,200
Italia 2 (480p) [Geo-blocked],https://59d7d6f47d7fc.streamlock.net/italia2/italia2/playlist.m3u8,,,,Italia2.it@SD,,,,https://upload.wikimedia.org/wikipedia/commons/thumb/c/c5/Logo_Italia2.svg/960px-Logo_Italia2.svg.png,Entertainment,,iptv-org-all.txt,1632,200
Farra Play (576p),https://stream.farra.com.py/live/farra_low.m3u8,,,,FarraPlay.py@SD,,,,https://i.imgur.com/bXWzstH.png,Music,,iptv-org-all.txt,1367,200
Forensic Files (720p) [Geo-blocked],https://pb-x9qsxrudiq9d2.akamaized.net/webvtt/v1/18584c3f3a2a4df8/88886014/master.m3u8,,,,FilmRiseForensicFiles.us@SD,,,,https://i.imgur.com/8j2npVc.png,Movies,,iptv-org-all.txt,1234,200
Forensic Files,https://jmp2.uk/plu-62e92392a3e6270007f562e8.m3u8,,,,ForensicFiles.us@SD,,,,https://i.imgur.com/V5vvuLK.png,Documentary,,iptv-org-all.txt,995,200
Galxy TV (720p),https://stream-us-east-1.getpublica.com/playlist.m3u8?network_id=2230,,,,GalxyTV.us@SD,,,,https://i.imgur.com/7gZlQDn.png,Entertainment,,iptv-org-all.txt,117,200
Forever Kids,https://jmp2.uk/plu-56171fafada51f8004c4b40f.m3u8,,,,ForeverKids.us@SD,,,,https://i.imgur.com/deeQqYZ.png,Kids,,iptv-org-all.txt,705,200
In Touch+ (1080p) [Geo-blocked],https://amg01540-amg01540c1-amgplt0095.playout.now3.amagi.tv/playlist.m3u8,,,,InTouchPlus.us,,,,https://upload.wikimedia.org/wikipedia/en/5/50/Jewelry_television_logo.png,Religious,,iptv-org-all.txt,1346,200
Fashion TV (1080p),http://stream.mcquack.net/287/index.m3u8,,,,FashionTV.ua@SD,,,,https://i.imgur.com/Bk7W39G.png,Lifestyle,,iptv-org-all.txt,187,200
Galaxia TV (360p),https://streaming.grupomediosdelnorte.com:19360/galaxiateve/galaxiateve.m3u8,,,,GalaxiATeVe.do@SD,,,,https://grupomediosdelnorte.com/iptv/galaxia.png,Entertainment,,iptv-org-all.txt,1299,200
Globovision (576p),http://181.78.8.199:8000/play/a09k/index.m3u8,,,,Globovision.ve@SD,,,,https://i.imgur.com/v6nRdxQ.png,General,,iptv-org-all.txt,727,200
HTV1 (720p),https://dethich.pw/htv1/index.m3u8,,,,HTV1.vn@SD,,,,https://upload.wikimedia.org/wikipedia/commons/thumb/0/04/HTV1.png/960px-HTV1.png,General,,iptv-org-all.txt,5046,200
His Glory TV (1080p),https://customer-6itfaqopbksp5p0q.cloudflarestream.com/3972e89fb79bf6d6dd2a16c75455087a/manifest/video.m3u8,,,,HisGloryTV.us@SD,,,,https://i.imgur.com/VTcdAJj.jpeg,General,,iptv-org-all.txt,1328,200
Jornada nas Estrelas A Nova Geração,https://jmp2.uk/plu-69162ad79505d0f3b1ebf07d.m3u8,,,,JornadanasEstrelasANovaGeracao.us@BR,,,,https://images.pluto.tv/channels/69162ad79505d0f3b1ebf07d/colorLogoPNG_1766066212478.png,Series,,iptv-org-all.txt,1002,200
HTV9 (720p),https://dethich.pw/htv9/index.m3u8,,,,HTV9.vn@SD,,,,https://upload.wikimedia.org/wikipedia/commons/b/bf/HTV9_logo.webp,General;News,,iptv-org-all.txt,3334,200
HTV7 (720p),https://dethich.pw/htv7/index.m3u8,,,,HTV7.vn@SD,,,,https://upload.wikimedia.org/wikipedia/commons/c/c0/HTV7_logo.webp,General,,iptv-org-all.txt,3588,200
HTV2 (720p),https://dethich.pw/htv2/index.m3u8,,,,HTV2.vn@SD,,,,https://upload.wikimedia.org/wikipedia/commons/d/d2/HTV2_-_Vie_Channel.png,Entertainment;General,,iptv-org-all.txt,4631,200
Hiru TV (360p) [Not 24/7],https://tv.hiruhost.com:1936/8012/8012/playlist.m3u8,,,,HiruTV.lk@SD,,,,https://i.imgur.com/M66UqPB.png,Entertainment,,iptv-org-all.txt,1547,200
Jordan Satellite Channel (1080p),https://jrtv-live.ercdn.net/jordanhd/jordanhd.m3u8,,,,JordanTV.jo@SD,,,,https://i.imgur.com/0XozB5N.png,General,,iptv-org-all.txt,1886,200
HTV Sports,https://dethich.pw/htvthethao/index.m3u8,,,,HTVSports.vn@SD,,,,https://upload.wikimedia.org/wikipedia/vi/3/3f/HTV_THETHAO_2014.png,Sports,,iptv-org-all.txt,2645,200
HTV3 (720p),https://dethich.pw/htv3/index.m3u8,,,,HTV3.vn@SD,,,,https://upload.wikimedia.org/wikipedia/commons/6/65/HTV3-2018.png,Entertainment;General;Series,,iptv-org-all.txt,4171,200
Historia (1080p),https://d1k3vzh2ivy22k.cloudfront.net/Historia.m3u8,,,,Historia.es@SD,,,,https://i.imgur.com/VUy8xIG.png,Entertainment,,iptv-org-all.txt,527,200
Historia HD (1080p),https://d1k3vzh2ivy22k.cloudfront.net/Historia1080.m3u8,,,,Historia.es@HD,,,,https://i.imgur.com/VUy8xIG.png,Entertainment,,iptv-org-all.txt,304,200
Gamavision (1080p),http://45.224.97.181:9999/Gamavision/index.m3u8,,,,Gamavision.ec@SD,,,,https://upload.wikimedia.org/wikipedia/commons/9/94/Gamavisi%C3%B3n2018new.png,General,,iptv-org-all.txt,216,200
Galicia TV Europa (720p),https://crtvg-europa.flumotion.cloud/playlist.m3u8,,,,GaliciaTVEuropa.es@SD,,,,https://i.imgur.com/dvkzH8n.png,General;Public,,iptv-org-all.txt,939,200
Italia 2 TV (480p) [Geo-blocked],http://wms.shared.streamshow.it/italia2/mp4:italia2/playlist.m3u8,,,,Italia2TV.it@SD,,,,https://i.imgur.com/TDSgG28.png,Undefined,,iptv-org-all.txt,1768,200
INC TV (1080p),https://stream-243529.castr.net/6842a712b68c56f675d988f1/live_f5ac22b0566511f0805217b960326aaa/rewind-1800.m3u8,,,,INCTV.ph@SD,,,,https://i.imgur.com/JGSLqA6.png,Religious,,iptv-org-all.txt,829,200
Forsidefruer,https://jmp2.uk/plu-61c19dcefbb4b50007d242e1.m3u8,,,,Forsidefruer.se@DK,,,,https://images.pluto.tv/channels/61c19dcefbb4b50007d242e1/colorLogoPNG.png,Entertainment,,iptv-org-all.txt,285,200
Joshua TV (720p),https://livecdn.live247stream.com/joshua/tv/playlist.m3u8,,,,JoshuaTV.pk@SD,,,,https://i.imgur.com/x9xPR2h.png,Religious,,iptv-org-all.txt,142,200
GunAz TV,https://tv.gunaz.tv/hls/live.m3u8,,,,GunAzTV.us@SD,,,,https://i.imgur.com/2ZnQazl.png,General,,iptv-org-all.txt,694,200
FashionBox,https://dash2.antik.sk/live/test_fashionbox_medium_atk/playlist.m3u8,,,,FashionBox.nl@SD,,,,https://i.imgur.com/Taqj4yi.png,Lifestyle,,iptv-org-all.txt,144,200
Guide Love TV (720p),https://video1.getstreamhosting.com:1936/8056/8056/playlist.m3u8,,,,GuideLoveTV.ci@SD,,,,https://i.ibb.co/9gS2Y4G/guidelove-logo.png,Lifestyle,,iptv-org-all.txt,1560,200
Guatevision (720p),https://mdstrm.com/live-stream-playlist/69f8df22a762c9b1ab3eabca.m3u8,,,,Guatevision.gt@SD,,,,https://i.imgur.com/mbmHPnO.png,News,,iptv-org-all.txt,3069,200
For You TV,https://stream.az-multimedia.com:3325/live/foryoutvlive.m3u8,,,,ForYouTV.cm@SD,,,,https://i.imgur.com/1oMboXL.png,News,,iptv-org-all.txt,1754,200
Italian Fishing TV (1080p),https://fms.premio.link/fishingtv/playlist.m3u8,,,,ItalianFishingTV.it@SD,,,,https://i.imgur.com/qrn6tUO.png,Outdoor,,iptv-org-all.txt,1492,200
Fort Pierce Live Stream (Fort Pierce FL) (720p),https://edge-f.swagit.com/live/fortpiercefl/live-1-a/playlist.m3u8,,,,CityofFortPierce.us@SD,,,,https://i.imgur.com/2ChoSsi.png,Legislative,,iptv-org-all.txt,123,200
Historia y Vida (720p),https://jmp2.uk/plu-67517f923a61d40008c451f0.m3u8,,,,HistoriaYVida.es@SD,,,,https://i.imgur.com/56ZtCA1.png,Documentary,,iptv-org-all.txt,406,200
Game Show Network East (720p) [Not 24/7],https://a-cdn.klowdtv.com/live2/gsn_720p/playlist.m3u8,,,,GameShowNetwork.us@East,,,,https://upload.wikimedia.org/wikipedia/commons/thumb/c/c8/Game_Show_Network_2018.svg/960px-Game_Show_Network_2018.svg.png,Entertainment,,iptv-org-all.txt,17,200
INC Radio (1080p),https://stream-243529.castr.net/6842a712b68c56f675d988f1/live_b60a96e056fc11f084c05f5d0649296b/rewind-1800.m3u8,,,,INCRadio.ph@SD,,,,https://i.imgur.com/y2Nrr68.png,Religious,,iptv-org-all.txt,1378,200
Galaxy4,https://budapest-cache-1.antik.sk/live/test_galaxy_4_atk_1200/playlist.m3u8,,,,Galaxy4.hu@SD,,,,https://i.imgur.com/fTG99xh.png,General,,iptv-org-all.txt,1519,200
ITV Deportes (720p),https://thm-it-roku.otteravision.com/thm/it/it.m3u8,,,,ITVDeportes.mx@SD,,,,https://iili.io/J1kV1Bn.png,Entertainment;Sports,,iptv-org-all.txt,391,200
Hum TV (720p),https://g4wlkwx8l23a-hls-live.5centscdn.com/HUM/271ddf829afeece44d8732757fba1a66.sdp/playlist_dvr.m3u8,,,,HumTV.pk@HD,,,,https://i.ibb.co/Tx4GfKT5/Hum-TV-HD.png,Entertainment,,iptv-org-all.txt,1497,200
Foro TV,https://mc.servidor.stream:19360/8274/8274.m3u8,,,,ForoTV.pe@SD,,,,https://encrypted-tbn0.gstatic.com/images?q=tbn:ANd9GcTarTiQHz2Pl0Bpx9g7JV_eaz4V4f61wtGyRw&s,Undefined,,iptv-org-all.txt,731,200
Fort Collins Cable TV (FCTV) (Fort Collins CO) (1080p),https://reflect-vod-fcgov.cablecast.tv/live-9/live/stream-1/live.m3u8,,,,FCTV.us@SD,,,,https://i.imgur.com/N5Canf3.png,General,,iptv-org-all.txt,419,200
Gunsmoke,https://jmp2.uk/plu-60f75771dfc72a00071fd0e0.m3u8,,,,Gunsmoke.us@SD,,,,https://images.pluto.tv/channels/62e916affb29c60007211c8a/colorLogoPNG.png,Series,,iptv-org-all.txt,567,200
History (720p),http://212.5.144.156:8080/history/index.m3u8,,,,History.us@East,,,,https://upload.wikimedia.org/wikipedia/commons/thumb/0/01/History_%282021%29.svg/500px-History_%282021%29.svg.png,Documentary,,iptv-org-all.txt,167,200
History (720p),http://45.177.114.114/HISTORY/index.m3u8,,,,History.br@SD,,,,https://upload.wikimedia.org/wikipedia/commons/thumb/0/01/History_%282021%29.svg/500px-History_%282021%29.svg.png,Documentary,,iptv-org-all.txt,313,200
Fashion&LifeStyle (1080p),http://stream.mcquack.net/119/index.m3u8,,,,FashionLifeStyle.ru@SD,,,,https://i.imgur.com/ETmpllL.png,Lifestyle,,iptv-org-all.txt,641,200
Game+ (720p),https://a-cdn.klowdtv.com/live2/fntsy_720p/playlist.m3u8,,,,GamePlus.ca@SD,,,,https://i.imgur.com/Lj69WbR.png,Sports,,iptv-org-all.txt,41,200
GMM 25 (720p),https://lb1-live-mv.v2h-cdn.com/hls/ffbf/ugvhgvh/ugvhgvh.m3u8,,,,GMM25.th@SD,,,,https://i.imgur.com/uARba6N.png,General,,iptv-org-all.txt,205,403
GurSikh Sabha TV (720p) [Not 24/7],http://cdn12.henico.net:8080/live/gsctv/index.m3u8,,,,GurSikhSabhaTV.ca@SD,,,,https://i.imgur.com/2EKCtQm.png,Religious,,iptv-org-all.txt,452,200
Fars,https://ncdn.telewebion.ir/fars/live/playlist.m3u8,,,,FarsTV.ir@SD,,,,https://upload.wikimedia.org/wikipedia/fa/7/7b/Iribfars.png,General,,iptv-org-all.txt,1948,200
ITV2 HD (1080p),https://xemzi.short.gy/1000012,,,,ITV2.uk@HD,,,,https://i.imgur.com/2BpUK0W.png,General,,iptv-org-all.txt,725,200
Ivoire Channel (720p),https://video1.getstreamhosting.com:1936/8244/8244/playlist.m3u8,,,,IvoireChannel.ci@SD,,,,https://i.imgur.com/gKbNqQv.png,Music,,iptv-org-all.txt,62,200
Hungama TV (576p),http://103.185.24.134:3001/HUNGAMA/index.m3u8,,,,HungamaTV.in@SD,,,,https://xstreamcp-assets-msp.streamready.in/assets/LIVETV/LIVECHANNEL/LIVETV_LIVETVCHANNEL_HUNGAMA/images/LOGO_HD/image.png,Kids,,iptv-org-all.txt,501,200
GLORY Kickboxing (720p),https://6f972d29.wurl.com/master/f36d25e7e52f1ba8d7e56eb859c636563214f541/UmFrdXRlblRWLWV1X0dsb3J5S2lja2JveGluZ19ITFM/playlist.m3u8,,,,GloryKickboxing.us@Poland,,,,https://i.imgur.com/tS7Ub7i.png,Sports,,iptv-org-all.txt,539,200
FashionTV Europe (1080p),https://68f1accef2154d2195cae87dec183843.mediatailor.us-east-1.amazonaws.com/v1/master/44f73ba4d03e9607dcd9bebdcb8494d86964f1d8/RakutenTV-eu_FashionTV/playlist.m3u8,,,,FashionTVEurope.fr@SD,,,,https://upload.wikimedia.org/wikipedia/commons/thumb/7/7a/Fashion_TV_logo.svg/960px-Fashion_TV_logo.svg.png,Lifestyle,,iptv-org-all.txt,493,504
Gambero Rosso (720p),https://jmp2.uk/plu-6971fc07c945e6e4e5bc46bf.m3u8,,,,GamberoRossoChannel.it@SD,,,,https://i.imgur.com/x5cwb1q.png,Cooking;Lifestyle,,iptv-org-all.txt,590,200
History 2 Latin America (1080p),http://138.121.15.230:9002/HISTORY-2/index.m3u8,,,,History2LatinAmerica.us@Panregional,,,,https://upload.wikimedia.org/wikipedia/commons/thumb/c/c9/History2_logo_%282022%29.svg/500px-History2_logo_%282022%29.svg.png,Documentary,,iptv-org-all.txt,207,200
Gustav & Linse på udebane,https://jmp2.uk/plu-69c290eeed1b1f1acb446dd8.m3u8,,,,GustavLinsepaudebane.se@DK,,,,https://images.pluto.tv/channels/69c290eeed1b1f1acb446dd8/colorLogoPNG_1778675778733.png,General,,iptv-org-all.txt,527,200
Jornada nas Estrelas Voyager,https://jmp2.uk/plu-69162b1ef189e235142b17ab.m3u8,,,,JornadanasEstrelasVoyager.us@BR,,,,https://images.pluto.tv/channels/69162b1ef189e235142b17ab/colorLogoPNG_1766150123044.png,Series,,iptv-org-all.txt,1044,200
Itel TV Canal 2,https://proxystream.iteltv.com.ar/output/iteltv/playlist.m3u8,,,,ItelTVCanal2.ar@SD,,,,https://i.imgur.com/OxmpRDx.png,General,,iptv-org-all.txt,1384,200
India Today (720p),https://d1rc86nwwc9fag.cloudfront.net/vglive-sk-293160/master.m3u8,,,,IndiaToday.in@SD,,,,https://xstreamcp-assets-msp.streamready.in/assets/LIVETV/LIVECHANNEL/LIVETV_LIVETVCHANNEL_INDIA_TODAY/images/LOGO_HD/image.png,News,,iptv-org-all.txt,519,200
History 2 Latin America Brazil (720p),http://45.177.114.114/HISTORY_2/index.m3u8,,,,History2LatinAmerica.us@Brazil,,,,https://upload.wikimedia.org/wikipedia/commons/thumb/c/c9/History2_logo_%282022%29.svg/500px-History2_logo_%282022%29.svg.png,Documentary,,iptv-org-all.txt,157,200
Game Show Central (720p),https://jmp2.uk/plu-5e54187aae660e00093561d6.m3u8,,,,GameShowCentral.us@SD,,,,https://upload.wikimedia.org/wikipedia/en/5/50/Jewelry_television_logo.png,Entertainment,,iptv-org-all.txt,637,200
Historias de Ultratumba,https://jmp2.uk/plu-5f4d3696d938c900072679fd.m3u8,,,,PlutoTVHistoriasdeUltratumba.us@LatAm,,,,https://images.pluto.tv/channels/5f4d3696d938c900072679fd/colorLogoPNG.png,Undefined,,iptv-org-all.txt,722,200
JORX-DTV,https://tbs5.mov3.co/hls/tbs.m3u8,,,,JORXDTV.jp@SD,,,,https://i.imgur.com/dUn2GRn.png,General,,iptv-org-all.txt,960,200
Hungry (720p),https://dos35knl8v49a.cloudfront.net/v1/food/samsungheadend_us/latest/main/hls/playlist.m3u8,,,,Hungry.us@SD,,,,https://i.imgur.com/MIUDYh0.png,Cooking,,iptv-org-all.txt,627,200
Hum TV SD,https://cdn4.mjunoon.tv:8087/streamtest/82M/chunks.m3u8,,,,HumTV.pk@SD,,,,https://upload.wikimedia.org/wikipedia/en/e/e4/Hum_TV_2013.png,Entertainment,,iptv-org-all.txt,1572,200
Jornada nas Estrelas Deep Space Nine,https://jmp2.uk/plu-69162af591700f4c4c135c95.m3u8,,,,JornadanasEstrelasDeepSpaceNine.us@BR,,,,https://images.pluto.tv/channels/69162af591700f4c4c135c95/colorLogoPNG_1766066526851.png,Series,,iptv-org-all.txt,1567,200
ITV (480p),https://cdn10.live-tv.cloud/itvrv/abr-lq/playlist.m3u8,,,,ITV.ua@SD,,,,https://i.imgur.com/NZdT9yJ.png,General,,iptv-org-all.txt,1269,200
FORT TV (480p),https://fort.co-works.org/memfs/87017643-274a-4bc0-a786-7767a0d159c2.m3u8,,,,FORTTV.ug@SD,,,,https://i.ibb.co/4KN5zW9/fort-tv-logo-GENE.png,Entertainment,,iptv-org-all.txt,663,200
Formula (1080p),https://c4635.cdn.xsg.ge/c4635/TVFormula/index.m3u8,,,,Formula.ge@SD,,,,https://i.imgur.com/fsqBn8G.png,News,,iptv-org-all.txt,1520,200
India (576p),https://fs.uplink.kz/india/mono.m3u8?token=onlinetv,,,,India.ru@SD,,,,https://i.imgur.com/xDVcDOc.png,Entertainment,,iptv-org-all.txt,1100,200
India Daily Live (1080p),https://indiadaily.ottlive.co.in/indiadailylive/index.m3u8,,,,IndiaDailyLive.in@SD,,,,https://jiotvimages.cdn.jio.com/dare_images/images/India_Daily_24x7.png,News,,iptv-org-all.txt,860,200
Gusto TV (1080p),https://563f72af.wurl.com/master/f36d25e7e52f1ba8d7e56eb859c636563214f541/UmFrdXRlblRWLWV1X0d1c3RvVFZfSExT/playlist.m3u8,,,,GustoTV.ca@Poland,,,,https://jiotvimages.cdn.jio.com/dare_images/images/Gusto_TV.png,Cooking,,iptv-org-all.txt,633,200
Gusto TV (1080p),https://e75fc053c0d2406fb74cdd71d77e1a7f.mediatailor.us-east-1.amazonaws.com/v1/master/f4e8c53a8367a5b58e20ce054ea3ce25a3e904d3/RakutenTV-eu_GustoTV/playlist.m3u8,,,,GustoTV.ca@SD,,,,https://jiotvimages.cdn.jio.com/dare_images/images/Gusto_TV.png,Cooking,,iptv-org-all.txt,538,200
JOTX-DTV,https://tvtokyo.mov3.co/hls/tvtokyo.m3u8,,,,JOTXDTV.jp@SD,,,,https://upload.wikimedia.org/wikipedia/commons/thumb/c/c1/TV_Tokyo_%28Japanese%29_2023.svg/960px-TV_Tokyo_%28Japanese%29_2023.svg.png,General,,iptv-org-all.txt,604,200
Hyder TV (720p),https://cdn.live247stream.com/hyder/tv/playlist.m3u8,,,,HyderTV.ca@SD,,,,https://i.imgur.com/reHjjRZ.png,Culture,,iptv-org-all.txt,538,200
Ind 24 (576p),https://mumt06.tangotv.in/qYyB8fXVIND24/index.m3u8,,,,Ind24.in@SD,,,,https://i.imgur.com/exRpVmL.png,News,,iptv-org-all.txt,1425,200
India TV (720p),https://pl-indiatvnews.akamaized.net/out/v1/db79179b608641ceaa5a4d0dd0dca8da/index.m3u8,,,,IndiaTV.in@SD,,,,https://xstreamcp-assets-msp.streamready.in/assets/LIVETV/LIVECHANNEL/LIVETV_LIVETVCHANNEL_INDIA_TV/images/LOGO_HD/image.png,News,,iptv-org-all.txt,685,200
FashionTV Secrets (1080p),https://ssai.aniview.com/api/v1/hls/stream.m3u8?AVS_SSAIID=67c0c39764ad6f7dab07aa0b&AV_APPNAME=[ADS.APP_NAME]&AV_APPPKGNAME=[ADS.APP_BUNDLE]&AV_APPSTOREURL=[ADS.APP_STORE_URL]&AV_CCPA=[ADS.US_PRIVACY]&AV_CLIENT_SECTION=ftv_secrets&AV_CONSENT=[ADS.GDPR_CONSENT]&AV_CONTENT_CAT=IAB7&AV_CONTENT_CHANNEL=&AV_CONTENT_CONTEXT=&AV_CONTENT_EPISODE=&AV_CONTENT_GENRE=fashion+and+lifestyle&AV_CONTENT_ID=[ADS.VIDAA_ADS_CONTENTID]&AV_CONTENT_KEYWORDS=&AV_CONTENT_LANGUAGE=en&AV_CONTENT_LENGTH=&AV_CONTENT_NETWORK=&AV_CONTENT_PROVIDER=FTV&AV_CONTENT_RATING=R&AV_CONTENT_SEASON=&AV_CONTENT_SERIES=&AV_CONTENT_TITLE=&AV_CONTENT_URL=&AV_DNT=[ADS.DNT]&AV_GDPR=[ADS.GDPR]&AV_HEIGHT=[ADS.H]&AV_IDFA=[ADS.IFA]&AV_IFA_TYPE=[ADS.IFA_TYPE]&AV_LANGUAGE=[ADS.DEVICE_LANGUAGE]&AV_OSVERS=[ADS.DEVICE_OSV]&AV_RTB_DEVICE_TYPE=[ADS.DEVICE_TYPE]&AV_VAUTH=[ADS.VAUTH]&AV_WIDTH=[ADS.W]&Content_Id=[ADS.ADS_CONTENTID]&ads.vidaa_ads_param=1191723366&cb=[CACHEBUSTER]&content_channel_name=ftv+-fashiontv+Secrets&content_livestream=1,,,,FashionTVSecrets.fr@HD,,,,https://i.ibb.co/fVGJyCC8/w512.png,Lifestyle,,iptv-org-all.txt,641,200
JOURNY TV (720p),https://d3s3a5c7f101eb.cloudfront.net/playlist.m3u8,,,,Journy.us@SD,,,,https://i.imgur.com/1JNrLxq.png,Travel,,iptv-org-all.txt,562,200
Jovem Pan News (720p),http://170.83.49.66:8083/JOVEMPANNEWSHD/index.m3u8,,,,JovemPanNews.br@SD,,,,https://upload.wikimedia.org/wikipedia/commons/thumb/2/26/Jovem_Pan_logo_2018.svg/960px-Jovem_Pan_logo_2018.svg.png,News,,iptv-org-all.txt,376,200
GAMTV.cr (720p),https://v2.azulstream.com:8081/gamtv/gamtv/index.m3u8,,,,GAMTVcr.cr@SD,,,,https://i.ibb.co/xFCS7wM/GAMTVCR.png,General,,iptv-org-all.txt,540,403
Josué TV (1080p),https://videoserver.tmcreativos.com:19360/abbftuhxxs/abbftuhxxs.m3u8,,,,JosueTV.sv@SD,,,,https://i.imgur.com/LNWGe1D.jpg,Religious,,iptv-org-all.txt,1023,200
Hunedoara 1 (480p) [Not 24/7],https://netstreaming.eu/hd1.m3u8,,,,Hunedoara1.ro@SD,,,,https://i.imgur.com/9bz15ad.png,General,,iptv-org-all.txt,1185,200
GNN TV (1080p),https://na.linear.zype.com/bf94f9f4-383c-40e0-9d49-279a4f33ab8d/f29b8836-d990-4c8d-b421-192a8f43edc4-zype/live.m3u8,,,,GNNTV.jm@SD,,,,https://i.imgur.com/itetPKw.png,Religious,,iptv-org-all.txt,94,200
Huntington Beach TV Channel 3 (720p),https://reflect-huntingtonbeach.cablecast.tv/live-4/live/stream-1/live.m3u8,,,,HBTV.us@SD,,,,https://i.imgur.com/xADoSqE.png,General,,iptv-org-all.txt,822,200
FashionTV Paris L'Original (1080p),https://edge-fast3.evrideo.tv/bfdbb576-83f7-11f0-9f89-0200170e3e04_1000028043_HLS/manifest.m3u8,,,,FashionTVParisLOriginal.fr@SD,,,,https://i.imgur.com/GFTAN5Q.png,Lifestyle,,iptv-org-all.txt,1001,200
India Ahead (576p),https://mumt05.tangotv.in/87NeALx2INDIAAHEAD/index.m3u8,,,,IndiaAhead.in@SD,,,,https://i.imgur.com/hBkTmf9.png,News,,iptv-org-all.txt,1296,200
GVision (288p),https://videostream.chileservidores.com:8081/tome/index.m3u8,,,,GVision.cl@SD,,,,https://i.imgur.com/jUPHG21.png,Education,,iptv-org-all.txt,698,200
India Voice (576p),https://d1msejlow1t3l4.cloudfront.net/fta/indiavoice/playlist.m3u8,,,,IndiaVoice.in@SD,,,,https://jiotvimages.cdn.jio.com/dare_images/images/India_Voice.png,News,,iptv-org-all.txt,533,200
ITV Patagonia (720p),https://redirector.dps.live/hls/itv/playlist.m3u8,,,,ITVPatagonia.cl@SD,,,,https://rhk91h.infiniteuploads.cloud/2025/08/Logo-ITV-Patagonia.jpg,General,,iptv-org-all.txt,1159,200
Jilin Lifestyle Channel,https://lsfb.avap.jilintv.cn/zqvk7vpj/channel/0a76740c72b74fabae611845aa21e06a/index.m3u8,,,,JilinLifestyleChannel.cn@SD,,,,https://www.tvchinese.net/uploads/tv/jlshpd.jpg,Lifestyle,,iptv-org-all.txt,628,567
GugakTV 국악방송 (1080p),https://mgugaklive.nowcdn.co.kr/gugakvideo/gugakvideo.stream/playlist.m3u8,,,,GugakTV.kr@SD,,,,https://i.imgur.com/Ey7Htm8.png,Music,,iptv-org-all.txt,3291,200
Fateh TV (576p),http://180.188.254.253/live/FATEHTVHD.m3u8,,,,FatehTV.in@SD,,,,https://i.imgur.com/c4ItNkB.png,Religious,,iptv-org-all.txt,497,200
Gangaur TV (1080p),https://pbgangaur.wiseplayout.com/Gangaur/master.m3u8,,,,GangaurTV.in@SD,,,,https://jiotvimages.cdn.jio.com/dare_images/images/Gangaur.png,Entertainment,,iptv-org-all.txt,700,200
Fast&FunBox,https://dash3.antik.sk/live/test_fast_and_funbox_medium_atk/playlist.m3u8,,,,FastFunBox.nl@SD,,,,https://i.imgur.com/a9ZtP17.png,Sports,,iptv-org-all.txt,731,200
Fazal TV (1080p),http://cdn9.live247stream.com/punjabitvcanada/tv/playlist.m3u8,,,,FazalTV.pk@SD,,,,https://i.imgur.com/c0fvKia.png,Religious,,iptv-org-all.txt,393,200
Indiyskoye Kino (576p),http://188.113.190.12/329/index.m3u8,,,,IndiyskoyeKino.ru@SD,,,,https://i.imgur.com/LL8GyCh.png,Movies,,iptv-org-all.txt,304,200
Imperial Television (720p),https://live-evg5.tv360.bitel.com.pe/bitel/imperialSRT/playlist.m3u8,,,,ImperialTelevision.pe@SD,,,,https://i.imgur.com/eYXqkyN.png,Undefined,,iptv-org-all.txt,3981,200
History Latin America (1080p),http://15.204.246.24:8080/HistoryHD/index.m3u8,,,,HistoryLatinAmerica.us@Panregional,,,,https://upload.wikimedia.org/wikipedia/commons/thumb/0/01/History_%282021%29.svg/500px-History_%282021%29.svg.png,Documentary,,iptv-org-all.txt,64,200
India TV Aap Ki Adalat (1080p) [Geo-blocked],https://amg01550-amg01550c6-samsung-in-4679.playouts.now.amagi.tv/playlist/amg01550-indiatvfast-indiatvakasamsung-samsungin/playlist.m3u8,,,,IndiaTVAapKiAdalat.in@SD,,,,https://play-lh.googleusercontent.com/2IlBX3IQHna8g4g-56vwGWb14K38spcviIh3i7uJCJ32ydfhcKZdOsacgijPkPeerEA,Documentary;News,,iptv-org-all.txt,1021,200
Jacksonville Onslow Government Television (G10TV) (Jacksonville NC) (1080p),https://reflect-jacksonville.cablecast.tv/live-8/live/live.m3u8,,,,G10TV.us@SD,,,,https://i.imgur.com/5VPgAxB.jpg,Legislative,,iptv-org-all.txt,385,200
Hype Visual Radio (1080p),https://streammix.alsolnet.com/hyperadio/live/playlist.m3u8,,,,HypeVisualRadio.nl@SD,,,,https://cdn.onlineradiobox.com/img/fblogo/1/97371.v21.png,Music,,iptv-org-all.txt,943,200
Ganj e Hozour TV (1080p),https://media.parvizshahbazi.com/ganjehozour/Main_tv/playlist.m3u8,,,,GanjeHozourTV.us@SD,,,,https://i.imgur.com/TnQYtKh.png,General,,iptv-org-all.txt,649,200
Izmail TV (384p),https://cdn10.live-tv.cloud/izod/izod-abr-lq/playlist.m3u8,,,,IzmailTV.ua@SD,,,,https://i.imgur.com/CxsUpGz.png,General,,iptv-org-all.txt,874,200
Fortis TV,https://stream.fortistv.com/hls/fortis-news/index.m3u8,,,,FortisTV.ng@SD,,,,https://i.imgur.com/HoO9Urd.jpg,General,,iptv-org-all.txt,866,200
GZT (1080p),https://gzttv-live.lg.mncdn.com/gzttv/gzttv/playlist.m3u8,,,,GZT.tr@SD,,,,https://upload.wikimedia.org/wikipedia/commons/thumb/e/ef/GZT_logo.svg/960px-GZT_logo.svg.png,Documentary;Series,,iptv-org-all.txt,509,200
Iunior TV (1080p),https://5f22d76e220e1.streamlock.net/iuniortv/iuniortv/chunklist_w774879328.m3u8,,,,IuniorTV.it@SD,,,,https://i.imgur.com/FBOJnfT.png,Kids,,iptv-org-all.txt,1181,200
HTV4 (1080p),https://freem3u.xyz/api/live/play.m3u8?vid=9,,,,HTV4.vn@SD,,,,https://upload.wikimedia.org/wikipedia/commons/thumb/1/1f/HTV4_logo.webp/960px-HTV4_logo.webp.png,Education,,iptv-org-all.txt,5311,200
Garabito TV (720p),https://59ef525c24caa.streamlock.net/garabitoTV/garabitotv/playlist.m3u8,,,,GarabitoTV.cr@SD,,,,https://i.imgur.com/sAYNKJ8.png,General,,iptv-org-all.txt,565,200
i24NEWS Arabic (1080p),https://i24newsarabic-cdn.encoders.immergo.tv/master.m3u8,,,,i24NEWSArabic.il@SD,,,,https://upload.wikimedia.org/wikipedia/commons/thumb/7/79/LOGO_i24NEWS.png/960px-LOGO_i24NEWS.png,News,,iptv-org-all.txt,494,200
FORTUNE TV (720p),http://103.215.194.93:8282/hls/fortunetv/vmix.m3u8,,,,FortuneTV.mm@SD,,,,https://i.imgur.com/MM5evnD.png,Entertainment,,iptv-org-all.txt,431,200
Joy TV (1080p),https://ktismaservers.in:3412/live/joytvlive.m3u8,,,,JoyTV.in@SD,,,,https://joytvchennai.org/wp-content/uploads/2026/04/cropped-512.png,Religious,,iptv-org-all.txt,777,200
Garfield and Friends,https://jmp2.uk/plu-677f927554f43dad4b3258aa.m3u8,,,,GarfieldandFriends.us@US,,,,https://i.imgur.com/evzfe9C.png,Kids,,iptv-org-all.txt,89,200
Guneydogu TV (720p),https://edge1.socialsmart.tv/gtv/bant1/playlist.m3u8,,,,GuneydoguTV.tr@SD,,,,https://i.imgur.com/JT5pp3Y.png,News,,iptv-org-all.txt,1933,200
Jade (1080p),http://103.172.187.30:12000/stream/mytv/null-1/master.m3u8,,,,Jade.hk@SD,,,,https://raw.githubusercontent.com/wanglindl/TVlogo/main/img/TVB1.png,Entertainment,,iptv-org-all.txt,375,200
iNews HD (720p),https://mncmedia.malingtv.workers.dev/inews.m3u8,,,,iNews.id@HD,,,,https://i.imgur.com/M2R3lfg.png,News,,iptv-org-all.txt,123,429
Fortaleza TV (1080p),https://multimedia.fortalezatv.cl/video/video.m3u8,,,,FortalezaTV.cl@SD,,,,https://i.imgur.com/BJpop5n.png,Religious,,iptv-org-all.txt,1287,200
Fortuna TV (1080p),https://edge.taksimbilisim.com/ftvturk/bant1/playlist.m3u8,,,,FortunaTV.tr@HD,,,,https://i.imgur.com/ZbUSlOC.png,Lifestyle,,iptv-org-all.txt,841,200
GMS TV,https://acasmedia6.acangroup.org/gmstv/gmstv_output/playlist.m3u8,,,,GMSTV.sn@SD,,,,https://i.imgur.com/Ue02CIH.png,General,,iptv-org-all.txt,1178,200
India TV Speed News (1080p),https://cc-lyf4c0hwzg5dd.akamaized.net/v1/master/3722c60a815c199d9c0ef36c5b73da68a62b09d1/cc-lyf4c0hwzg5dd/v1/vglive-sk-479089/main.m3u8,,,,IndiaTVSpeedNews.in@HD,,,,https://xstreamcp-assets-msp.streamready.in/assets/LIVETV/LIVECHANNEL/LIVETV_LIVETVCHANNEL_INDIA_TV_SPEED_NEWS/images/LOGO_HD/image.png,News,,iptv-org-all.txt,1132,200
History Hit (1080p),https://lds-timeline-rakuten.amagi.tv/playlist.m3u8,,,,HistoryHit.uk@SD,,,,https://i.imgur.com/ulHoqlP.png,Documentary,,iptv-org-all.txt,442,200
Fox (576p),http://stream.mcquack.net/182/index.m3u8,,,,Fox.ru@SD,,,,https://i.imgur.com/nr1Y67Z.png,Entertainment,,iptv-org-all.txt,174,200
i24NEWS English World (1080p),https://i24newsenglish-cdn.encoders.immergo.tv/master.m3u8,,,,i24NEWSEnglishWorld.il@SD,,,,https://upload.wikimedia.org/wikipedia/commons/thumb/7/79/LOGO_i24NEWS.png/960px-LOGO_i24NEWS.png,News,,iptv-org-all.txt,483,200
Hispan TV,https://cdnlive.presstv.ir/live/smil:live.smil/playlist.m3u8,,,,HispanTV.ir@SD,,,,https://upload.wikimedia.org/wikipedia/commons/9/9f/Hispantv_logo.jpg,News,,iptv-org-all.txt,2549,502
JTV (720p),http://122.248.43.242:1935/JTVSURABAYA/_definst_/myStream/playlist.m3u8,,,,JTV.id@SD,,,,https://i.imgur.com/mIDWIQk.png,General,,iptv-org-all.txt,380,200
History Asia (720p),https://freem3u.xyz/api/live/play.m3u8?vid=9856,,,,HistoryAsia.us@SD,,,,https://upload.wikimedia.org/wikipedia/commons/thumb/0/01/History_%282021%29.svg/500px-History_%282021%29.svg.png,Documentary,,iptv-org-all.txt,1006,200
Fortuna TV (720p),https://edge1.socialsmart.tv/ftvturk/bant1/playlist.m3u8,,,,FortunaTV.tr@SD,,,,https://i.imgur.com/ZbUSlOC.png,Lifestyle,,iptv-org-all.txt,898,200
JRTV Järviradio (720p),https://streamer.radiotaajuus.fi/memfs/47f113bf-04ea-493b-a9d4-52945fd9db31.m3u8,,,,JRTVJarviradio.fi@SD,,,,https://jarviradio.fi/jrtv2/wp-content/uploads/2022/01/jrtv1.jpg,Music,,iptv-org-all.txt,780,200
i24NEWS French (1080p),https://i24newsfrench-cdn.encoders.immergo.tv/master.m3u8,,,,i24NEWSFrench.il@SD,,,,https://upload.wikimedia.org/wikipedia/commons/thumb/7/79/LOGO_i24NEWS.png/960px-LOGO_i24NEWS.png,News,,iptv-org-all.txt,534,200
Hyundai Home Shopping (720p),https://livejj.hyundaihmall.com:8443/live/ngrp:hmall.stream_pc/playlist.m3u8,,,,HyundaiHomeShopping.kr@SD,,,,https://i.imgur.com/NJpECmq.png,Shop,,iptv-org-all.txt,1183,200
Garage TV Latin America,https://stream1.sersat.com/hls/garagetv.m3u8,,,,GarageTVLatinAmerica.ar@SD,,,,https://i.imgur.com/FqFxog1.png,Auto,,iptv-org-all.txt,755,200
FOX 2 San Francisco CA (KTVU) (720p),https://aegis-cloudfront-1.tubi.video/8d9284ec-c451-4e51-a1d4-d16e5c8972af/index.m3u8,,,,CW.us@KTVU,,,,https://upload.wikimedia.org/wikipedia/commons/2/27/WWAY_logo.png,General,,iptv-org-all.txt,90,200
JAG,https://jmp2.uk/plu-65ccd26060eb870008db95fc.m3u8,,,,JAG.de@FR,,,,https://images.pluto.tv/channels/65ccd26060eb870008db95fc/colorLogoPNG.png,Series,,iptv-org-all.txt,578,200
J3NEWS TV,https://video01.brascast.com/d92ebb4f/d92ebb4f/playlist.m3u8,,,,J3NEWSTV.br@SD,,,,https://i.imgur.com/lezIQyL.png,News,,iptv-org-all.txt,1248,200
FCK Løvinderne,https://jmp2.uk/plu-68ac5403de4a734954b5ab75.m3u8,,,,FCKLovinderne.se@DK,,,,https://images.pluto.tv/channels/68ac5403de4a734954b5ab75/colorLogoPNG_1756124331035.png,Sports,,iptv-org-all.txt,314,200
I24 News Hebrew (1080p),https://i24newshebrew-cdn.encoders.immergo.tv/master.m3u8,,,,i24NEWSHebrew.il@SD,,,,https://www.i24news.tv/images/favicon.png,News,,iptv-org-all.txt,517,200
FBI Files,https://jmp2.uk/plu-62bdaa32a1b2fd00076693e8.m3u8,,,,FBIFiles.us@UK,,,,https://i.imgur.com/vzYDSLo.png,Documentary,,iptv-org-all.txt,729,200
GO TV (720p),https://rds3.desdeparaguay.net/gotv/gotv/playlist.m3u8,,,,GOTV.py@SD,,,,https://i.ibb.co/jkvYVyz/Captura.png,Entertainment;Music,,iptv-org-all.txt,553,200
FBoy Island,https://jmp2.uk/plu-6790d6c7bc03978b9bfbfd44.m3u8,,,,FBoyIsland.se@DK,,,,https://images.pluto.tv/channels/6790d6c7bc03978b9bfbfd44/colorLogoPNG.png,Series,,iptv-org-all.txt,597,200
JTV Kediri (1080p) [Not 24/7],http://122.248.43.242:1935/JTVKEDIRI/_definst_/myStream/playlist.m3u8,,,,JTV.id@Kediri,,,,https://i.imgur.com/mIDWIQk.png,General,,iptv-org-all.txt,571,200
Habertürk TV (720p) [Not 24/7],https://tv.ensonhaber.com/haberturk/haberturk.m3u8,,,,HaberturkTV.tr@SD,,,,https://i.imgur.com/6Tw3rUp.png,News,,iptv-org-all.txt,190,403
Haber Global (720p) [Not 24/7],https://tv.ensonhaber.com/haberglobal/haberglobal.m3u8,,,,HaberGlobal.tr@SD,,,,https://i.imgur.com/fu6XeGS.png,News,,iptv-org-all.txt,379,403
JAG,https://jmp2.uk/plu-660e5dc60cd4630008f6198a.m3u8,,,,JAG.de@GB,,,,https://images.pluto.tv/channels/65ccd26060eb870008db95fc/colorLogoPNG.png,Series,,iptv-org-all.txt,591,200
FC Public Media (Fort Collins CO) (1080p),https://reflect-fcpublicmedia.cablecast.tv/live-5/live/stream-1/live.m3u8,,,,FCPublicMedia.us@SD,,,,https://i.imgur.com/naLbZuo.png,General,,iptv-org-all.txt,605,200
Hit HD (1080p),http://hls127.freeott.top:8080/XitHD/video.m3u8,,,,Hit.ru@HD,,,,https://i.imgur.com/jl3MNPe.png,Movies,,iptv-org-all.txt,208,200
Haarlem105 RTV (720p),https://d2qm50imcbcfqx.cloudfront.net/nlpo/clr-nlpo/haarlem105/index.m3u8,,,,Haarlem105TV.nl@SD,,,,https://i.imgur.com/xyOVVZ0.png,General,,iptv-org-all.txt,746,200
Gnomi TV (1080p),https://live.streams.ovh:8081/gnomitv/index.m3u8,,,,GnomiTV.gr@SD,,,,https://i.ibb.co/ZNCXr79/gnomi-logo.png,General,,iptv-org-all.txt,1047,200
Haber61 TV (720p) [Not 24/7],https://cdn-haber61tv.yayin.com.tr/haber61tv/smil:haber61tv.smil/index.m3u8,,,,Haber61TV.tr@SD,,,,https://i.imgur.com/2a2XUKl.png,News,,iptv-org-all.txt,623,200
JTV Madiun,http://122.248.43.242:1935/JTVMADIUN/_definst_/myStream/playlist.m3u8,,,,JTV.id@Madiun,,,,https://i.imgur.com/mIDWIQk.png,General,,iptv-org-all.txt,577,200
I Love Lucy,https://jmp2.uk/plu-63a2f1dda0d69700078b7cba.m3u8,,,,ILoveLucy.us@CA,,,,https://images.pluto.tv/channels/63a2f1dda0d69700078b7cba/colorLogoPNG.png,Classic;Comedy,,iptv-org-all.txt,621,200
Gaunda Punjab TV (720p),http://cdn6.live247stream.com/gaundapunjab/tv/playlist.m3u8,,,,GaundaPunjabTV.ca@SD,,,,https://i.imgur.com/ArRZRM3.png,General,,iptv-org-all.txt,383,200
JAG,https://jmp2.uk/plu-654a4ab92c1d330008657ae5.m3u8,,,,JAG.se@DK,,,,https://images.pluto.tv/channels/654a4ab92c1d330008657ae5/colorLogoPNG.png,Classic;Series,,iptv-org-all.txt,618,200
iNEWS TV (1080p),https://live.i-news.tv/hls/stream.m3u8,,,,INews.iq@SD,,,,https://i.imgur.com/9lOuzHQ.png,News,,iptv-org-all.txt,637,200
Gyöngyösi TV (576p),https://cloudfront41.lexanetwork.com:1344/relay02/livestream005.sdp/playlist.m3u8,,,,GyongyosiTV.hu@SD,,,,https://i.imgur.com/RHgaPCk.png,General,,iptv-org-all.txt,1466,200
Fox [Not 24/7],http://315e5a5d.ottrast.com/iptv/MM4E93NGF5LADZ/6108/index.m3u8,,,,Fox.pl@SD,,,,https://i.imgur.com/hSDN9YQ.png,Entertainment,,iptv-org-all.txt,846,200
FOX 13 Seattle WA (KCPQ) (720p),https://aegis-cloudfront-1.tubi.video/cc394198-7bde-43e8-b186-875bc0eb3037/index.m3u8,,,,Fox.us@KCPQ,,,,https://upload.wikimedia.org/wikipedia/commons/2/27/WWAY_logo.png,General,,iptv-org-all.txt,101,200
INFAST (1080p),https://amg00861-terninternation-lifestyle-samsungau-kdlyy.amagi.tv/playlist/amg00861-terninternation-lifestyle-samsungau/playlist.m3u8,,,,INFAST.nl@SD,,,,https://i.imgur.com/VwAMqA7.png,Lifestyle,,iptv-org-all.txt,516,200
Indywood TV (720p),https://43wrzjnpqoxe-hls-live.wmncdn.net/indywood/indywoodtv/index.m3u8,,,,IndywoodTV.in@SD,,,,https://i.ibb.co/jT3NCPp/logo-tv.png,Movies;News,,iptv-org-all.txt,1074,200
Ha Tinh TV (720p),https://cohauw9bgpvod.vcdn.cloud/httv1/index.m3u8,,,,HaTinhTV.vn@SD,,,,https://i.imgur.com/4yIgKKx.png,General,,iptv-org-all.txt,1084,200
Júbilo TV (720p),http://173.249.60.54/hls/jubilotv.m3u8,,,,JubiloTV.gt@SD,,,,https://i.ibb.co/R4QSfYd/Ba073d3280959c5ba7d25d40052a7349.png,Religious,,iptv-org-all.txt,279,200
HAHA TV,https://dash3.antik.sk/live/test_haha_tv/playlist.m3u8,,,,HAHATV.sk@SD,,,,,Comedy,,iptv-org-all.txt,149,200
FB TV,http://1hskrdto.rocketcdn.com/fenerbahcetv.smil/playlist.m3u8,,,,FBTV.tr@SD,,,,https://i.imgur.com/qBVqtYd.png,Sports,,iptv-org-all.txt,1377,200
Infinita TV (1080p),https://s2.tvdatta.com:3753/hybrid/play.m3u8,,,,InfinitaTV.ec@SD,,,,https://i.imgur.com/1nHxdkR.png,Music,,iptv-org-all.txt,493,200
FOX 11 Green Bay WI (WLUK) (1080p),https://linear-702.frequency.stream/dist/stirr/702/hls/master/playlist.m3u8,,,,CW.us@WLUKTV,,,,https://upload.wikimedia.org/wikipedia/commons/2/27/WWAY_logo.png,General,,iptv-org-all.txt,459,200
Indigenous Television (720p),https://np.truestreamz.com/broadcaster/INDIGENOUSmob.stream/playlist.m3u8,,,,IndigenousTelevision.np@SD,,,,https://i.ibb.co/2MByL1X/indigenous-television.png,General,,iptv-org-all.txt,1562,403
JAG,https://jmp2.uk/plu-66a105f4a79dea0008aa5e0f.m3u8,,,,JAG.us@CA,,,,https://images.pluto.tv/channels/66a105f4a79dea0008aa5e0f/colorLogoPNG.png,Series,,iptv-org-all.txt,370,200
JAG,https://jmp2.uk/plu-654a4fc753fc9700083ae79f.m3u8,,,,JAG.se@NO,,,,https://images.pluto.tv/channels/654a4ab92c1d330008657ae5/colorLogoPNG.png,Classic;Series,,iptv-org-all.txt,655,200
Haddam Killingworth High School TV (HKTV) (1080p) [Geo-blocked],https://reflect-hktv.cablecast.tv/live-3/live/live.m3u8,,,,HKTV.us@SD,,,,https://i.imgur.com/AYzdlMz.png,Education,,iptv-org-all.txt,258,200
IBC 24 (576p),https://mumt05.tangotv.in/87NeALx2IBC24/index.m3u8,,,,IBC24.in@SD,,,,https://xstreamcp-assets-msp.streamready.in/assets/LIVETV/LIVECHANNEL/LIVETV_LIVETVCHANNEL_IBC24/images/LOGO_HD/image.png,News,,iptv-org-all.txt,254,200
I Love Lucy,https://jmp2.uk/plu-634f3011f4fff20007431641.m3u8,,,,ILoveLucy.us@SD,,,,https://images.pluto.tv/channels/63a2f1dda0d69700078b7cba/colorLogoPNG.png,Classic;Comedy,,iptv-org-all.txt,726,200
Fear Factor (1080p),https://amg00627-banijaygroup-fearfactor-samsungau-9vdod.amagi.tv/playlist/amg00627-banijaygroup-fearfactor-samsungau/playlist.m3u8,,,,FearFactor.us@US,,,,https://i.imgur.com/CIYnLWz.png,Series,,iptv-org-all.txt,529,200
Informe TV (1080p) [Not 24/7],https://edge.essastream.com/informetv/tracks-v1a1/mono.m3u8,,,,InformeTV.do@HD,,,,https://imgur.com/TmJaXrO.jpg,General,,iptv-org-all.txt,280,200
Hit FM,https://hitfm.nfthost.net/hls/hitfm/live_all/playlist.m3u8,,,,HitFM.md@SD,,,,https://i.imgur.com/QwqM5j6.png,Music,,iptv-org-all.txt,802,200
JAG,https://jmp2.uk/plu-654a515f986ad20008a4593b.m3u8,,,,JAG.se@SE,,,,https://images.pluto.tv/channels/654a4ab92c1d330008657ae5/colorLogoPNG.png,Classic;Series,,iptv-org-all.txt,587,200
JTV Malang,http://122.248.43.242:1935/JTVMALANG/_definst_/myStream/playlist.m3u8,,,,JTV.id@Malang,,,,https://i.imgur.com/mIDWIQk.png,General,,iptv-org-all.txt,580,200
GO-TV Canale 163 (720p),https://6zklxkbbdw9b-hls-live.mariatvcdn.it/msmotor/2f759512164fc6fe4acbed6a5648993a.sdp/playlist.m3u8,,,,GOTVCanale163.it@SD,,,,https://i.imgur.com/11V0QSp.png,General,,iptv-org-all.txt,862,200
Gaviota TV [Not 24/7],https://gaviotatv.streamseguro.com:3195/live/gaviotatvlive.m3u8,,,,GaviotaTV.ec@SD,,,,https://i.imgur.com/1vlZA6O.png,Entertainment,,iptv-org-all.txt,664,200
FOX 23 Cape Girardeau MO (KBSI-DT1) (720p) [Not 24/7],https://live.field59.com/kbsi/kbsi1/playlist.m3u8,,,,Fox.us@KBSI,,,,https://upload.wikimedia.org/wikipedia/commons/2/27/WWAY_logo.png,General,,iptv-org-all.txt,402,200
Feel Good Drama,https://jmp2.uk/plu-65775af3b3801200084a3aa4.m3u8,,,,FeelGoodDrama.us@SD,,,,https://images.pluto.tv/channels/65775af3b3801200084a3aa4/colorLogoPNG.png,Series,,iptv-org-all.txt,436,200
Hitz TV (1080p),https://streamer2.nexgen.bz/13-HITZ/index.m3u8,,,,HitzTV.bz@SD,,,,https://i.imgur.com/SbZgsDh.png,Music,,iptv-org-all.txt,404,403
Judge Judy,https://jmp2.uk/plu-6380c4ab81c8d2000790fbf3.m3u8,,,,JudgeJudy.se@SE,,,,https://images.pluto.tv/channels/6380c36389eccc000858c50f/colorLogoPNG.png,Series,,iptv-org-all.txt,97,200
Jai Maharashtra (576p),https://d1msejlow1t3l4.cloudfront.net/fta/jaimaharashtra/playlist.m3u8,,,,JaiMaharashtra.in@SD,,,,https://jiotvimages.cdn.jio.com/dare_images/images/Jai_Maharashtra.png,News,,iptv-org-all.txt,272,200
GB News (1080p),https://amg01076-lightningintern-gbnewsau-samsungau-et7fz.amagi.tv/playlist/amg01076-lightningintern-gbnewsau-samsungau/playlist.m3u8,,,,GBNews.uk@SD,,,,https://upload.wikimedia.org/wikipedia/en/thumb/3/35/GB_News_Logo.svg/960px-GB_News_Logo.svg.png,News,,iptv-org-all.txt,492,200
Fehérvár TV (360p),https://cloudfront44.lexanetwork.com:1344/freerelay/fehervartv.sdp/playlist.m3u8,,,,FehervarTV.hu@SD,,,,https://www.fehervartv.hu/css/img/icon-1-2.png,General,,iptv-org-all.txt,292,200
IBN TV (480p),http://138.68.138.119:8080/live/5a8993709ea19/index.m3u8,,,,IBNTV.tz@SD,,,,https://i.imgur.com/hkV51ij.png,Religious,,iptv-org-all.txt,248,200
God Stands Kids Club TV Arabic,https://online.godstands.tv:5443/WebRTCApp/streams/KidsArabic.m3u8,,,,GodStandsKidsClubTV.pk@Arabic,,,,https://i.imgur.com/FxDBbpz.jpeg,Kids;Religious,,iptv-org-all.txt,950,200
Judge Judy,https://jmp2.uk/plu-622f498d119b4c000719c0b7.m3u8,,,,JudgeJudy.de@GB,,,,https://images.pluto.tv/channels/622f498d119b4c000719c0b7/colorLogoPNG.png,Entertainment,,iptv-org-all.txt,577,200
Jaihind TV (576p),https://mumt03.tangotv.in/Dsly5z3HJAIHIND/index.m3u8,,,,JaihindTV.in@SD,,,,https://i.imgur.com/NaiA73p.png,Entertainment,,iptv-org-all.txt,257,200
God Stands Kids Club TV English,https://online.godstands.tv:5443/WebRTCApp/streams/kidsenglish.m3u8,,,,GodStandsKidsClubTV.pk@English,,,,https://i.imgur.com/FxDBbpz.jpeg,Kids;Religious,,iptv-org-all.txt,624,200
God Stands Kids Club TV Chinese,https://online.godstands.tv:5443/WebRTCApp/streams/KidsChinese.m3u8,,,,GodStandsKidsClubTV.pk@Chinese,,,,https://i.imgur.com/FxDBbpz.jpeg,Kids;Religious,,iptv-org-all.txt,827,200
INH 24x7 (396p),https://d1msejlow1t3l4.cloudfront.net/fta/inh24x7/playlist.m3u8,,,,INH24x7.in@SD,,,,https://xstreamcp-assets-msp.streamready.in/assets/LIVETV/LIVECHANNEL/LIVETV_LIVETVCHANNEL_INH_24X7/images/LOGO_HD/image.png,News,,iptv-org-all.txt,274,200
God Stands Kids Club TV Urdu,https://online.godstands.tv:5443/WebRTCApp/streams/KidsUrdu.m3u8,,,,GodStandsKidsClubTV.pk@Urdu,,,,https://i.imgur.com/FxDBbpz.jpeg,Kids;Religious,,iptv-org-all.txt,553,200
Haiti News Channel (1080p) [Not 24/7],https://cdn.haititivi.com/website/haitinews/index.m3u8,,,,HaitiNewsChannel.ht@SD,,,,https://m.media-amazon.com/images/I/51bJg+c7vRL.png,News,,iptv-org-all.txt,370,200
Fernandina Beach City Meeting (Fernandina Beach FL) (720p) [Not 24/7],https://edge-f.swagit.com/live/fernandinabeachfl/live-1-a/playlist.m3u8,,,,FernandinaBeachChannel.us@SD,,,,https://i.imgur.com/9UfyekJ.png,Legislative,,iptv-org-all.txt,78,200
FOX 45 Baltimore MD (WBFF) (1080p),https://linear-688.frequency.stream/dist/stirr/688/hls/master/playlist.m3u8,,,,Fox.us@WBFF,,,,https://upload.wikimedia.org/wikipedia/commons/2/27/WWAY_logo.png,General,,iptv-org-all.txt,100,200
iCarly,https://jmp2.uk/plu-5e8b580a233dc90007f0cb9d.m3u8,,,,iCarly.de@DACH,,,,https://images.pluto.tv/channels/5e8b580a233dc90007f0cb9d/colorLogoPNG.png,Kids,,iptv-org-all.txt,88,200
HMI PROMZ NEWS (720p),https://video1.getstreamhosting.com:1936/8326/8326/playlist.m3u8,,,,HMIPROMZNEWS.us@SD,,,,https://i.imgur.com/gwPaw3v.png,Music,,iptv-org-all.txt,111,200
GBN Global Buddhist Network (1080p),https://github.com/BellezaEmporium/IPTV_Exception/raw/master/channels/us/gbnus.m3u8,,,,GlobalBuddhistNetwork.us@SD,,,,https://i.imgur.com/fU0ZhKD.png,Religious,,iptv-org-all.txt,447,200
God Stands TV English,https://online.godstands.tv:5443/WebRTCApp/streams/EnglishStreaming.m3u8,,,,GodStandsTV.pk@English,,,,https://i.imgur.com/EO6cYUI.png,Religious,,iptv-org-all.txt,141,200
FOX 26 Visalia CA (KMPH) (1080p),https://linear-711.frequency.stream/dist/stirr/711/hls/master/playlist.m3u8,,,,Fox.us@KMPHTV,,,,https://upload.wikimedia.org/wikipedia/commons/2/27/WWAY_logo.png,General,,iptv-org-all.txt,295,503
Judge Nosey (1080p),https://amg00514-noseybaxterllc-realnosey-cineverse-tqbpv.amagi.tv/playlist/amg00514-noseybaxterllc-realnosey-cineverse/playlist.m3u8,,,,JudgeNosey.us@US,,,,https://i.imgur.com/S4r98AB.png,Series,,iptv-org-all.txt,168,200
Ink Master,https://jmp2.uk/plu-60807fd5db701400078219c2.m3u8,,,,InkMaster.us@SD,,,,https://images.pluto.tv/channels/655f2d713944b60008bc7e90/colorLogoPNG.png,Documentary,,iptv-org-all.txt,118,200
God Stands TV,https://online.godstands.tv:5443/WebRTCApp/streams/mainlive.m3u8,,,,GodStandsTV.pk@Main,,,,https://i.imgur.com/EO6cYUI.png,Religious,,iptv-org-all.txt,566,200
Fortaleza TV Cueto (720p),https://twitch-m3u8.bastypro112.workers.dev/tvfortalezacueto/index.m3u8,,,,FortalezaTVCueto.bo@SD,,,,https://i.imgur.com/z4TfuxB.jpg,General,,iptv-org-all.txt,2605,200
Judge Judy,https://jmp2.uk/plu-6380c36389eccc000858c50f.m3u8,,,,JudgeJudy.se@DK,,,,https://images.pluto.tv/channels/6380c36389eccc000858c50f/colorLogoPNG.png,Series,,iptv-org-all.txt,620,200
Hmong Star TV (720p) [Not 24/7],https://livefta.malimarcdn.com/ftaedge00/hmongstartv.sdp/playlist.m3u8,,,,HmongStarTV.us@SD,,,,https://i.imgur.com/dRsacao.png,Culture,,iptv-org-all.txt,34,200
IBN TV Africa (720p),http://68.183.41.209:8080/live/5d9a537c64b9c/index.m3u8,,,,IBNTVAfrica.tz@SD,,,,https://i.imgur.com/eKy2ocd.png,Religious,,iptv-org-all.txt,251,200
Jail,https://e85541db4ae943d9b5a09477d6b1d8ab.mediatailor.us-east-1.amazonaws.com/v1/master/44f73ba4d03e9607dcd9bebdcb8494d86964f1d8/RakutenTV-eu_Jail/playlist.m3u8,,,,Jail.uk@SD,,,,https://provider-static.plex.tv/epg/cms/production/08872b9b-a4a7-4533-a19b-d2c24a7bf2f1/JAIL_-_channel_logo_-_light_-_dark_-_1500x1000.png_James_Roebuck.png,Documentary;Entertainment,,iptv-org-all.txt,223,200
God Stands TV Arabic,https://online.godstands.tv:5443/WebRTCApp/streams/Arabic.m3u8,,,,GodStandsTV.pk@Arabic,,,,https://i.imgur.com/EO6cYUI.png,Religious,,iptv-org-all.txt,544,200
FGTV,https://securestream11.champds.com/LIVE/FultonCoGALIVE/FultonCoGALIVE.m3u8,,,,FGTV.us@SD,,,,https://i.imgur.com/RXFmzVY.png,Legislative,,iptv-org-all.txt,51,200
IBC Tamil (1080p),https://ibc.massstream.net/IBC/index.m3u8,,,,IBCTamil.uk@SD,,,,https://i.imgur.com/uVt9vBa.png,General,,iptv-org-all.txt,625,200
Fox Deportes (720p),http://23.237.104.106:8080/USA_FOX_DEPORTES/index.m3u8,,,,FoxDeportes.us@SD,,,,https://upload.wikimedia.org/wikipedia/commons/thumb/3/3b/FOX_Deportes_logo.png/960px-FOX_Deportes_logo.png,Sports,,iptv-org-all.txt,76,200
IBC Bakthi (1080p),https://ibc.massstream.net/IBC2/index.m3u8,,,,IBCBakthi.uk@SD,,,,https://i.imgur.com/ZNEz5Wx.png,Religious,,iptv-org-all.txt,800,200
God Stands TV Hindi,https://online.godstands.tv:5443/WebRTCApp/streams/HindiStreaming.m3u8,,,,GodStandsTV.pk@Hindi,,,,https://i.imgur.com/EO6cYUI.png,Religious,,iptv-org-all.txt,141,200
Hmong TV Network (720p),https://livefta.malimarcdn.com/ftaedge00/cvabroadcasting.stream/playlist.m3u8,,,,HmongTVNetwork.us@SD,,,,https://yt3.googleusercontent.com/aj3kdBQTgfxP-bDnleou4m1ykjPRFexvfTZZuvWlNc75Hn9-NTqXYEdEJ_KOcTSsbKj24K1B9BM=s512-c-k-c0x00ffffff-no-rj,Culture,,iptv-org-all.txt,24,200
GB News HD (2160p),https://xemzi.short.gy/1000017,,,,GBNews.uk@HD,,,,https://upload.wikimedia.org/wikipedia/en/thumb/3/35/GB_News_Logo.svg/960px-GB_News_Logo.svg.png,News,,iptv-org-all.txt,716,200
Haina Vision (720p),https://cdn.streamingcpanel.com:3447/live/hainavisionlive.m3u8,,,,HainaVision.do@SD,,,,https://i.imgur.com/eoodUNJ.png,General,,iptv-org-all.txt,719,200
God Stands TV Punjabi,https://online.godstands.tv:5443/WebRTCApp/streams/PunjabiStreaming.m3u8,,,,GodStandsTV.pk@Punjabi,,,,https://i.imgur.com/EO6cYUI.png,Religious,,iptv-org-all.txt,135,200
iCarly,https://jmp2.uk/plu-61c0b9aab7facb0007913908.m3u8,,,,iCarly.se@DK,,,,https://images.pluto.tv/channels/61c0b9aab7facb0007913908/colorLogoPNG.png,Kids,,iptv-org-all.txt,105,200
Geb Tv (KBPX LD5) (1080p),https://edge1.lifestreamcdn.com/live/geb/playlist.m3u8,,,,GEBNetwork.us@KBPXLD,,,,https://upload.wikimedia.org/wikipedia/commons/e/e8/GEB_logo_blue.png,Religious,,iptv-org-all.txt,38,200
Feel Good TV (720p) [Not 24/7],https://58c04fb1d143f.streamlock.net/feel_good_radio_1/feel_good_radio_1/playlist.m3u8,,,,FeelGoodTV.nl@SD,,,,https://i.imgur.com/qvs1BKr.png,Undefined,,iptv-org-all.txt,805,200
FOX 25 Oklahoma City OK (KOKH) (1080p),https://linear-705.frequency.stream/dist/stirr/705/hls/master/playlist.m3u8,,,,Fox.us@KOKHTV,,,,https://upload.wikimedia.org/wikipedia/commons/2/27/WWAY_logo.png,General,,iptv-org-all.txt,748,503
God Stands TV Chinese,https://online.godstands.tv:5443/WebRTCApp/streams/chineselive.m3u8,,,,GodStandsTV.pk@Chinese,,,,https://i.imgur.com/EO6cYUI.png,Religious,,iptv-org-all.txt,547,200
God Stands TV Tagalog,https://online.godstands.tv:5443/WebRTCApp/streams/Tagalog.m3u8,,,,GodStandsTV.pk@Tagalog,,,,https://i.imgur.com/EO6cYUI.png,Religious,,iptv-org-all.txt,135,200
ge Fast (1080p),https://amg00716-globo-amg00716c1-tcl-br-9495.playouts.now.amagi.tv/playlist.m3u8,,,,geFast.br@SD,,,,https://i.ibb.co/WGXHDnF/logo-ge-fast.png,Sports,,iptv-org-all.txt,301,200
Fox Life (576p),http://stream.mcquack.net/129/index.m3u8,,,,FoxLife.ru@SD,,,,https://i.imgur.com/O2miSLA.png,Series,,iptv-org-all.txt,176,200
Jalisco TV (720p),https://video0.rogohosting.com:19360/sisjalisciense/sisjalisciense.m3u8,,,,JaliscoTV.mx@SD,,,,https://i.imgur.com/N4meE8I.png,Culture;Education,,iptv-org-all.txt,442,200
JTBS Classic,https://jtbsclassic.dpdns.org/live.m3u8,,,,JTBSClassic.in@Main,,,,https://jtbsclassic.dpdns.org/logo.png,Culture;Religious,,iptv-org-all.txt,2099,200
Fox News Channel (720p),http://138.121.15.230:9002/FOX-NEWS/index.m3u8,,,,FoxNewsChannel.us@SD,,,,https://upload.wikimedia.org/wikipedia/commons/thumb/6/67/Fox_News_Channel_logo.svg/960px-Fox_News_Channel_logo.svg.png,News,,iptv-org-all.txt,105,200
Garuda TV (1080p),https://hgmtv.com:19360/garudatvlivestreaming/garudatvlivestreaming.m3u8,,,,GarudaTV.id@SD,,,,https://i.imgur.com/sXsAcZ3.png,General,,iptv-org-all.txt,1664,200
Ink Master,https://jmp2.uk/plu-655f2d713944b60008bc7e90.m3u8,,,,InkMaster.us@CA,,,,https://images.pluto.tv/channels/655f2d713944b60008bc7e90/colorLogoPNG.png,Documentary,,iptv-org-all.txt,595,200
Jahanbin,https://ncdn.telewebion.ir/jahanbin/live/playlist.m3u8,,,,JahanbinTV.ir@SD,,,,https://upload.wikimedia.org/wikipedia/fa/thumb/4/4a/Shahrekord_Jahanbin.svg/960px-Shahrekord_Jahanbin.svg.png,General,,iptv-org-all.txt,1158,200
Habib TV,https://ncdn.telewebion.ir/habib/live/playlist.m3u8,,,,HabibTV.ir@SD,,,,https://i.ibb.co/spZRy7mg/habib.png,Religious,,iptv-org-all.txt,1373,200
God Stands TV Urdu,https://online.godstands.tv:5443/WebRTCApp/streams/UrduStreaming.m3u8,,,,GodStandsTV.pk@Urdu,,,,https://i.imgur.com/EO6cYUI.png,Religious,,iptv-org-all.txt,135,200
GEM 24B,https://ca-rt.onetv.app/gem24b/index-0.m3u8?token=onetv202,,,,GEM24B.tr@SD,,,,https://i.imgur.com/8LgdPst.png,Music,,iptv-org-all.txt,71,403
Ficom Channel (720p),https://v3.siar.us/ficomchannel/live/playlist.m3u8,,,,FicomChannel.id@SD,,,,https://i.imgur.com/KMEf0Cc.png,Entertainment,,iptv-org-all.txt,189,200
Informatia TV,https://informatia.streamnet.ro/mobile_tv/informatiatv.m3u8,,,,InformatiaTV.ro@SD,,,,https://i.imgur.com/P1ZbVRg.png,News,,iptv-org-all.txt,1354,200
Insayt TV (2160p),https://stream8.cinerama.uz/1416/tracks-v1a1/mono.m3u8,,,,InsaytTV.ru@4K,,,,https://i.imgur.com/slLuRel.png,Undefined,,iptv-org-all.txt,233,200
Hobby Maker (720p),https://lo3.gemporia.com/abrhobbymakerukgfx/smil:livestreamFullHD.smil/playlist.m3u8,,,,HobbyMaker.uk@SD,,,,https://i.imgur.com/VWHp5Tl.png,Lifestyle,,iptv-org-all.txt,132,200
Fox 25 Boston (WFXT-TV) (1080p) [Geo-blocked],https://pubads.g.doubleclick.net/ssai/event/1kItNgwtQUe54NjjBiiTGg/master.m3u8,,,,Fox.us@WFXT,,,,https://upload.wikimedia.org/wikipedia/commons/2/27/WWAY_logo.png,General,,iptv-org-all.txt,1026,200
iCarly TV,https://jmp2.uk/plu-5f8ecc7aa44d9c00081fca29.m3u8,,,,iCarly.de@FR,,,,https://images.pluto.tv/channels/5e8b580a233dc90007f0cb9d/colorLogoPNG.png,Kids,,iptv-org-all.txt,86,200
Inooro TV,https://live-onesignal.royalmedia.co.ke/live/T-MxRsFebq6zx7k2QFMbLw.m3u8,,,,InooroTV.ke@SD,,,,https://i.imgur.com/5qFJtmo.png,General,,iptv-org-all.txt,381,200
IasiTV Life (1080p) [Not 24/7],https://tv.streambox.ro/hls/itv/index.m3u8,,,,IasiTVLife.ro@SD,,,,https://i.imgur.com/HY7EL5e.png,General,,iptv-org-all.txt,1405,200
GEM Bollywood,https://ca-rt.onetv.app/gembollywood/index-0.m3u8?token=onetv202,,,,GEMBollywood.tr@SD,,,,https://i.imgur.com/2XASeBk.png,Movies,,iptv-org-all.txt,70,403
Femenina TV,https://streamunoapp.com:3511/live/femeninatvlive.m3u8,,,,FemeninaTV.do@HD,,,,https://www.vivalivetv.com/public/files/shows/0/1/3802-294x165-FFFFFF.jpg,General,,iptv-org-all.txt,894,403
iCarly,https://jmp2.uk/plu-6181404ef48321000797bc41.m3u8,,,,iCarly.de@ES,,,,https://images.pluto.tv/channels/5e8b580a233dc90007f0cb9d/colorLogoPNG.png,Kids,,iptv-org-all.txt,579,200
God's Learning Channel (480p),https://2-fss-1.streamhoster.com/pl_122/200562-1176456-1/playlist.m3u8,,,,GodsLearningChannel.us@KPCBDT,,,,https://upload.wikimedia.org/wikipedia/en/f/f3/God%27s_Learning_Channel_logo_2022.png,Religious,,iptv-org-all.txt,175,200
GEM Classic,https://ca-rt.onetv.app/gemclassic/index-0.m3u8?token=onetv202,,,,GEMClassic.tr@SD,,,,https://i.imgur.com/25BhuOf.png,Classic,,iptv-org-all.txt,70,403
Fierro a Fondo TV (1080p),http://45.70.201.81:8000/play/a00x/index.m3u8,,,,FierroaFondoTV.us@SD,,,,https://pbs.twimg.com/profile_images/1903618079696773120/maQJpd9__400x400.jpg,Auto,,iptv-org-all.txt,202,200
Halab Today TV (1080p),https://halabtoday-live.lg.mncdn.com/halabtoday/livestream/playlist.m3u8,,,,HalabTodayTV.sy@SD,,,,https://pbs.twimg.com/profile_images/1779495135841075200/aPINrLwe_400x400.png,News,,iptv-org-all.txt,610,200
Junior Technologia TV (1080p) [Not 24/7],https://streamunoapp.com:3616/live/juniorrodrigueztvlive.m3u8,,,,JuniorTechnologiaTV.do@HD,,,,https://www.vivalivetv.com/public/files/shows/0/1/3812-294x165-FFFFFF.jpg,General,,iptv-org-all.txt,669,200
HodHod Farsi TV (1080p),https://northtelecom.b-cdn.net/hodhodtv.m3u8,,,,HodHodFarsiTV.ir@SD,,,,https://i.imgur.com/l8XMKTT.png,Kids,,iptv-org-all.txt,305,403
Insync (576p),https://mumt04.tangotv.in/m18aqlK4INSYNC/index.m3u8,,,,Insync.in@SD,,,,https://jiotvimages.cdn.jio.com/dare_images/images/Insync.png,Music,,iptv-org-all.txt,252,200
Fox News Radio (720p),https://radiovid.foxnews.com/hls/live/661547/RADIOVID/index.m3u8,,,,FoxNewsRadio.us@SD,,,,https://radio.foxnews.com/wp-content/uploads/2017/10/default_logo-150x150.png,News,,iptv-org-all.txt,395,200
Hogan's Heroes,https://jmp2.uk/plu-68939e206727ec919bb39061.m3u8,,,,HogansHeroes.us@SD,,,,https://images.pluto.tv/channels/68939e206727ec919bb39061/colorLogoPNG_1757523507747.png,Classic,,iptv-org-all.txt,294,200
Inter TV (1080p),https://d3k8wzt41aflvx.cloudfront.net/INTERTV/Live.m3u8,,,,InterTV.it@SD,,,,https://i.imgur.com/FUTqh2L.png,Sports,,iptv-org-all.txt,77,200
Icaro TV (720p) [Not 24/7],https://59d7d6f47d7fc.streamlock.net/icarotv/icarotv/playlist.m3u8,,,,IcaroTV.it@SD,,,,https://i.imgur.com/nWBWzNy.png,General,,iptv-org-all.txt,146,200
Hallmark Movies & More (1080p),https://dbrb49pjoymg4.cloudfront.net/v1/master/3fec3e5cac39a52b2132f9c66c83dae043dc17d4/prod_default_xumo-ams-aws/master.m3u8?ads.xumo_channelId=99991709,,,,HallmarkMoviesMore.us@SD,,,,https://provider-static.plex.tv/epg/cms/production/29af70d1-d3ba-4a16-bc4d-bd99e7e7def4/hallmark-movies-and-more_color.png,Movies,,iptv-org-all.txt,340,200
Fox Sports 1 (720p),http://85.237.89.160:9590/usa-s/FOX-SPORTS-1/index.m3u8,,,,FoxSports1.us@HD,,,,https://i.imgur.com/O9BapV9.png,Sports,,iptv-org-all.txt,292,200
GEM Comedy,https://ca-rt.onetv.app/gemcomedy/index-0.m3u8?token=onetv202,,,,GEMComedy.tr@SD,,,,https://i.imgur.com/FuscfJW.png,Comedy,,iptv-org-all.txt,71,403
Jan TV (576p),https://d1msejlow1t3l4.cloudfront.net/fta/jantv/playlist.m3u8,,,,JanTV.in@SD,,,,https://xstreamcp-assets-msp.streamready.in/assets/LIVETV/LIVECHANNEL/LIVETV_LIVETVCHANNEL_JAN_TV/images/LOGO_HD/image.png,General,,iptv-org-all.txt,354,200
Judge Judy,https://jmp2.uk/plu-6380c428dd0f47000799907c.m3u8,,,,JudgeJudy.se@NO,,,,https://images.pluto.tv/channels/6380c36389eccc000858c50f/colorLogoPNG.png,Series,,iptv-org-all.txt,1362,200
iCarly,https://jmp2.uk/plu-61c1d9b31a9c310008f8ee57.m3u8,,,,iCarly.se@NO,,,,https://images.pluto.tv/channels/61c0b9aab7facb0007913908/colorLogoPNG.png,Kids,,iptv-org-all.txt,654,200
Geekdot (720p),https://stream.ichibantv.com:3764/hybrid/play.m3u8,,,,Geekdot.br@SD,,,,https://i.imgur.com/jML1u4O.png,Animation,,iptv-org-all.txt,652,200
GEM Drama,https://ca-rt.onetv.app/gemdrama/index-0.m3u8?token=onetv202,,,,GEMDrama.tr@SD,,,,https://i.imgur.com/k2pGyRH.png,Movies,,iptv-org-all.txt,70,403
Hluttaw S & D,https://mrtvott.com/cache/MRTV-HLUTTAW/master.m3u8,,,,HluttawSD.mm@SD,,,,https://i.imgur.com/Gffq8ks.png,Legislative,,iptv-org-all.txt,1163,200
Hala TV (1080p) [Not 24/7],https://stream.panet.com/edge/halaTV/playlist.m3u8,,,,HalaTV.il@SD,,,,https://i.imgur.com/028M4Ew.png,General,,iptv-org-all.txt,944,200
Janam TV (576p),https://mumt03.tangotv.in/Dsly5z3HJANAMTV/index.m3u8,,,,JanamTV.in@SD,,,,https://dtil.tmsimg.com/assets/s143221_ld_h15_aa.png?lock=720x540,News,,iptv-org-all.txt,255,200
Fox Soul (1080p),https://foxsoul-vizio.amagi.tv/playlist.m3u8,,,,FoxSoul.us@SD,,,,https://i.imgur.com/YIamDGn.png,Culture,,iptv-org-all.txt,509,200
Hola! TV Latin America (1080p),http://15.204.246.24:8080/HOLATVHD/index.m3u8,,,,HolaTVLatinAmerica.us@SD,,,,https://i.imgur.com/i0Qexxd.png,Entertainment,,iptv-org-all.txt,64,200
Hitradio O3 (720p),https://studiocam-oe3.mdn.ors.at/orf/studiocam_oe3/q6a/manifest.mpd,,,,HitradioO3.at@SD,,,,https://upload.wikimedia.org/wikipedia/commons/thumb/7/7a/Hitradio_%C3%963.svg/960px-Hitradio_%C3%963.svg.png,Music,,iptv-org-all.txt,1907,200
iCarly,https://jmp2.uk/plu-61c185049e0bde0007820039.m3u8,,,,iCarly.se@SE,,,,https://images.pluto.tv/channels/61c0b9aab7facb0007913908/colorLogoPNG.png,Kids,,iptv-org-all.txt,668,200
Fiesta TV,https://panelvideo1.intermediahost.co:3286/live/ruzfpkqklive.m3u8,,,,FiestaTV.co@SD,,,,https://i.imgur.com/42wImV2.png,Music,,iptv-org-all.txt,497,200
Inside Crime (1080p),https://aenetworks-insidecrime-rakuten.amagi.tv/playlist.m3u8,,,,InsideCrime.us@UK,,,,https://i.imgur.com/wvQYWsj.png,Series,,iptv-org-all.txt,697,200
GEM Drama Plus,https://ca-rt.onetv.app/gemdramaplus/index-0.m3u8?token=onetv202,,,,GEMDramaPlus.tr@SD,,,,https://gemgroup.tv/assets/images/channels/icon_7.png,Movies,,iptv-org-all.txt,70,403
Hala London (1080p),https://halalondon-live.ercdn.net/halalondon/halalondon.m3u8,,,,HalaLondon.uk@SD,,,,https://i.imgur.com/bM4VZDH.png,General,,iptv-org-all.txt,1248,200
Instant Saga,https://jmp2.uk/plu-60549e98061b5f000776866a.m3u8,,,,InstantSaga.us@US,,,,https://i.imgur.com/PMpwaQN.png,Series,,iptv-org-all.txt,678,200
FIFA+ (720p),https://jmp2.uk/plu-660c29b5aec9680008f5b4a4.m3u8,,,,FIFAPlus.uk@English,,,,https://upload.wikimedia.org/wikipedia/commons/thumb/9/9c/FIFA%2B_(2025).svg/960px-FIFA%2B_(2025).svg.png,Sports,,iptv-org-all.txt,395,200
France 3 Cote d'Azur,http://89.187.185.76:8080/France3/index.m3u8,,,,France3.fr@CotedAzur,,,,https://upload.wikimedia.org/wikipedia/commons/9/9c/France_3_Cote_d%27Azur_-_Logo_2018.svg,General,,iptv-org-all.txt,22,200
FIFA+ French (720p),https://37b4c228.wurl.com/master/f36d25e7e52f1ba8d7e56eb859c636563214f541/UmFrdXRlblRWLWZyX0ZJRkFQbHVzRnJlbmNoX0hMUw/playlist.m3u8,,,,FIFAPlus.uk@French,,,,https://upload.wikimedia.org/wikipedia/commons/thumb/9/9c/FIFA%2B_(2025).svg/960px-FIFA%2B_(2025).svg.png,Sports,,iptv-org-all.txt,305,200
Hyundai Home Shopping Plus (720p),https://dtvstreaming.hyundaihmall.com/newcjp3/_definst_/newcjpstream.smil/playlist.m3u8,,,,HyundaiHomeShoppingPlusShop.kr@SD,,,,https://i.imgur.com/DoNOuZE.png,Shop,,iptv-org-all.txt,3313,200
Halal TV,https://vdo.plathong.net/Halaltv/Halaltv/playlist.m3u8,,,,HalalTV.th@SD,,,,https://raw.githubusercontent.com/songwenhui239/Songwenhui239/refs/heads/main/halal-tv-th.png,General,,iptv-org-all.txt,960,200
Inter+ (720p),https://cdn15.live-tv.cloud/ua_infinitas_tv/inter-abr/playlist.m3u8,,,,InterPlus.ua@SD,,,,https://i.imgur.com/Y392Hh4.png,General,,iptv-org-all.txt,351,200
Juntos TV (720p),https://video.juntostvchile.cl:8879/hls/web-jntv.m3u8,,,,JuntosTV.cl@SD,,,,https://i.imgur.com/U62q2eM.png,General,,iptv-org-all.txt,1033,200
GEM Entertainment,https://ca-rt.onetv.app/gementertainment/index-0.m3u8?token=onetv202,,,,GEMEntertainment.tr@SD,,,,https://www.gemgroup.tv/assets/images/channels/icon_8.png,Entertainment,,iptv-org-all.txt,70,403
HollyWire (720p),https://bozztv.com/hwotta/playlist/playlist.m3u8,,,,HollyWire.us@SD,,,,https://i.imgur.com/oVNjFoj.png,Entertainment;News,,iptv-org-all.txt,172,200
Golazo Network (720p),https://jmp2.uk/plu-63a0e33a45264d000850ed7e.m3u8,,,,GolazoNetwork.us@SD,,,,https://images.pluto.tv/channels/63a0e33a45264d000850ed7e/colorLogoPNG_1731835813404.png,Sports,,iptv-org-all.txt,423,200
Fox Weather (720p),https://247wlive.foxweather.com/stream/index.m3u8,,,,FoxWeather.us@SD,,,,https://upload.wikimedia.org/wikipedia/commons/thumb/b/b9/Fox_Weather_logo.svg/960px-Fox_Weather_logo.svg.png,Weather,,iptv-org-all.txt,400,200
iCarly TV,https://jmp2.uk/plu-6450209d939a5900084dba1d.m3u8,,,,iCarly.us@SD,,,,https://images.pluto.tv/channels/620ff46e0a576e0007dc2f89/colorLogoPNG.png,Series,,iptv-org-all.txt,747,200
GEM Film,https://ca-rt.onetv.app/gemfilm/index-0.m3u8?token=onetv202,,,,GEMFilm.tr@SD,,,,https://i.imgur.com/nrFz3LU.png,Movies,,iptv-org-all.txt,70,403
ICC Plus (1080p),https://icchls.wns.live/hls/stream.m3u8,,,,ICCplus.us@SD,,,,,Movies,,iptv-org-all.txt,482,200
Hamaika Telebista (1080p),https://cdn3.wowza.com/1/RERMR282dnU5eE5Z/OHY0dVFs/hls/live/playlist.m3u8,,,,HamaikaTelebista.es@SD,,,,https://i.imgur.com/HR3G3Ie.png,Culture,,iptv-org-all.txt,655,200
GOD TV (576p),https://fl-dvr.iptvcdn.tv/chid_1/playlist.m3u8,,,,GODTV.uk@SD,,,,https://i.imgur.com/hW4g2oe.png,Religious,,iptv-org-all.txt,912,200
Janta TV (1080p),https://live.jswk.online/IK_RTPM/live/index.m3u8,,,,JantaTV.in@SD,,,,https://xstreamcp-assets-msp.streamready.in/assets/LIVETV/LIVECHANNEL/LIVETV_LIVETVCHANNEL_JANTA_TV/images/LOGO_HD/image.png,News,,iptv-org-all.txt,363,200
Jantantra TV (576p),https://mumt05.tangotv.in/87NeALx2JANTANTRA/index.m3u8,,,,JantantraTV.in@SD,,,,https://jiotvimages.cdn.jio.com/dare_images/images/Jantantra.png,News,,iptv-org-all.txt,252,200
Ici Radio-Canada Télé (1080p) [Geo-blocked],https://rcavlive-dai.akamaized.net/hls/live/696614/cancbftprem/master.m3u8,,,,IciRadioCanadaTele.ca@CBFTDT,,,,https://i.imgur.com/pFCJGj4.png,Undefined,,iptv-org-all.txt,83,403
FIFA+ German (720p),https://4397879b.wurl.com/master/f36d25e7e52f1ba8d7e56eb859c636563214f541/UmFrdXRlblRWLWRlX0ZJRkFQbHVzR2VybWFuX0hMUw/playlist.m3u8,,,,FIFAPlus.uk@German,,,,https://upload.wikimedia.org/wikipedia/commons/thumb/9/9c/FIFA%2B_(2025).svg/960px-FIFA%2B_(2025).svg.png,Sports,,iptv-org-all.txt,382,200
Halk TV (1080p),https://halktv-live.daioncdn.net/halktv/halktv.m3u8,,,,HalkTV.tr@SD,,,,https://i.imgur.com/xM0HA30.png,News,,iptv-org-all.txt,1008,200
Goiena Eus (720p),https://zuzenean.goienamedia.eus/goiena-telebista.m3u8,,,,GoienaEus.es@SD,,,,https://i.imgur.com/eaLIJzK.png,Undefined,,iptv-org-all.txt,753,200
Jambi TV,https://jambitv.globaldigitalcore.com/hls/sah5tu7Eiveepohyieyie3OoteL2anga.m3u8,,,,JambiTV.id@SD,,,,https://static.wikia.nocookie.net/logopedia/images/1/15/Jambi_TV.png,General,,iptv-org-all.txt,1014,200
FIFA+ Hispanic America (720p),https://6c849fb3.wurl.com/master/f36d25e7e52f1ba8d7e56eb859c636563214f541/TEctbXhfRklGQVBsdXNTcGFuaXNoLTFfSExT/playlist.m3u8,,,,FIFAPlus.uk@HispanicAmerica,,,,https://upload.wikimedia.org/wikipedia/commons/thumb/9/9c/FIFA%2B_(2025).svg/960px-FIFA%2B_(2025).svg.png,Sports,,iptv-org-all.txt,307,200
Gold Star,https://moviethls.wns.live/hls/stream.m3u8,,,,GoldStar.ir@SD,,,,,Movies,,iptv-org-all.txt,548,200
France 3 Lorraine (1080p),http://5.180.164.197:8080/FRANCE3/index.m3u8,,,,France3.fr@Lorraine,,,,https://upload.wikimedia.org/wikipedia/commons/6/61/France_3_Lorraine_-_Logo_2018.svg,General,,iptv-org-all.txt,272,200
Icel TV (720p) [Not 24/7],https://edge1.socialsmart.tv/iceltv/bant1/playlist.m3u8,,,,IcelTV.tr@SD,,,,https://i.imgur.com/CGwImKv.png,Undefined,,iptv-org-all.txt,427,200
FIFA+ Italy (720p),https://5d95f7d7.wurl.com/master/f36d25e7e52f1ba8d7e56eb859c636563214f541/UmFrdXRlblRWLWl0X0ZJRkFQbHVzSXRhbGlhbl9ITFM/playlist.m3u8,,,,FIFAPlus.uk@Italy,,,,https://upload.wikimedia.org/wikipedia/commons/thumb/9/9c/FIFA%2B_(2025).svg/960px-FIFA%2B_(2025).svg.png,Sports,,iptv-org-all.txt,296,200
Fox Sports 2 (720p),https://tvsen7.aynascope.net/foxsports2/index.m3u8,,,,FoxSports2.us@HD,,,,https://i.imgur.com/LHtxKI8.png,Sports,,iptv-org-all.txt,712,200
HOLA! Play (1080p),https://hola-play-2108fd06-86d4-44e8-9867-c35b4895a1c1-es.fast.rakuten.tv/v1/master/0547f18649bd788bec7b67b746e47670f558b6b2/production-LiveChannel-6433/master.m3u8,,,,HOLAPlay.es@SD,,,,https://m.media-amazon.com/images/I/5194tl8duqL.png,Entertainment,,iptv-org-all.txt,694,200
Högspänning,https://jmp2.uk/plu-6537abf42cf1310008441686.m3u8,,,,Hogspanning.se@SE,,,,https://images.pluto.tv/channels/6537abf42cf1310008441686/colorLogoPNG.png,Entertainment,,iptv-org-all.txt,849,200
Ice Pilots,https://jmp2.uk/plu-5ce40f42ba7f7f5ea9518fe1.m3u8,,,,IcePilots.us@Germany,,,,https://i.imgur.com/F8GBYq3.png,Series,,iptv-org-all.txt,584,200
ICI Montreal (720p),https://amdici.akamaized.net/hls/live/873426/ICI-Live-Stream/master.m3u8,,,,IciRadioCanadaTele.ca@CFHDDT,,,,https://i.imgur.com/x0vLIWr.png,Undefined,,iptv-org-all.txt,358,200
GCN24 Korean (720p),http://liveko24-manminglobal3.ktcdn.co.kr/liveko24/gcnko_1300k.stream/playlist.m3u8,,,,GCN.kr@SD,,,,https://i.imgur.com/yzwtMOC.png,Religious,,iptv-org-all.txt,1687,200
Interalmeria TV (1080p),https://interalmeria.tv/directo/live.m3u8,,,,InteralmeriaTV.es@SD,,,,https://i.imgur.com/ulSkAjZ.png,General,,iptv-org-all.txt,441,200
Jambyl (360p) [Not 24/7],https://stream.kaztrk.kz/regional/taraztv/index.m3u8,,,,Jambyl.kz@SD,,,,https://i.imgur.com/X7N3JK4.png,General,,iptv-org-all.txt,1206,403
Hamedan,https://ncdn.telewebion.ir/sina/live/playlist.m3u8,,,,HamedanTV.ir@SD,,,,https://upload.wikimedia.org/wikipedia/commons/thumb/9/97/IRIB_Hamadan_tv.svg/960px-IRIB_Hamadan_tv.svg.png,Undefined,,iptv-org-all.txt,635,200
Hamoon,https://ncdn.telewebion.ir/hamoon/live/playlist.m3u8,,,,HamoonTV.ir@SD,,,,https://upload.wikimedia.org/wikipedia/fa/b/bc/Zahedan_Hamoon.png,Undefined,,iptv-org-all.txt,633,200
HANDICAP TV France,https://srv.webtvmanager.fr:3697/stream/play.m3u8,,,,HANDICAPTV.fr@SD,,,,https://i.imgur.com/vXbAeD0.png,Lifestyle,,iptv-org-all.txt,797,200
Interactiva TV (720p),https://unlimited2-cl-isp.dps.live/radiointeractiva/radiointeractiva.smil/playlist.m3u8,,,,InteractivaTV.cl@SD,,,,https://i.imgur.com/RcjwlX4.png,General,,iptv-org-all.txt,1085,200
Hamdard TV (1080p),https://tv.hamdardtv.com/hamdard/index.m3u8,,,,HamdardTV.ca@SD,,,,https://i.ibb.co/JcD2xck/logo-hamda.png,News,,iptv-org-all.txt,1144,200
FGTV (720p),https://fgtvlive.fgtv.com/smil:fgtv.smil/playlist.m3u8,,,,FGTV.kr@SD,,,,https://i.ibb.co/crxz0fd/yfgc-hearder-logo.png,Religious,,iptv-org-all.txt,2103,200
Intercomarcal TV (576p) [Not 24/7],https://streamingtvi.gestec-video.com/hls/tvixa.m3u8,,,,IntercomarcalTV.es@SD,,,,https://i.imgur.com/KLPSnAT.png,General,,iptv-org-all.txt,812,200
Japanim TV (1080p),https://foxkidstv.be:3369/stream/play.m3u8,,,,JapanimTV.be@SD,,,,https://static-cdn.jtvnw.net/jtv_user_pictures/6b97e19f-4243-4d48-b794-ff8cf54d795f-profile_image-300x300.png,Animation;Kids,,iptv-org-all.txt,981,200
Fides TV (720p),https://twitch-m3u8.bastypro112.workers.dev/radiofidesbolivia/index.m3u8,,,,FidesTV.bo@SD,,,,https://i.imgur.com/fsDdvXx.png,General,,iptv-org-all.txt,2576,200
Federalna televizija (720p),http://185.81.240.65:15000/udp/233.233.233.39:12000,,,,Federalnatelevizija.ba@SD,,,,https://i.imgur.com/astdRrE.png,General,,iptv-org-all.txt,5496,200
Galveston County TV (720p) [Not 24/7],https://edge-f.swagit.com/live/galvestontx/smil:hd-16x9-1-a/playlist.m3u8,,,,GalvestonCountyTV.us@SD,,,,https://i.imgur.com/uzjuxdI.png,Legislative,,iptv-org-all.txt,8402,503
