频道名,地址,回播地址,回播类型,回播天数,tvg-id,tvg-name,国家分组,语言分组,图标,原分组,分辨率,来源文件,检测时间,状态码,ffprobe是否成功,视频编码,帧率,音频,ffprobe探测时间,筛除原因,是否灰区,灰区原因,灰区建议动作,动态值（阈值 ≤ 10）,主phash总出现次数,主phash占比,主phash值,前三主phash重复比例（阈值 ≥ 70%）,锚点一致率-2秒（阈值 ≥ 95%）,锚点一致率-32秒（阈值 ≥ 95%）,静态评分,最近一次动态分,历史动态稳定分,内容集中度分,锚点软加分,当前置信度,历史置信度,首次出现时间,轮播_筛除原因
AZA TV HD (1080p),https://tv.webmedialive.com/azatvhn/live/playlist.m3u8,,,,AZATVHD.hn@SD,,,,https://i.imgur.com/Jytpy32.png,General,1920x1080,iptv-org-all.txt,1867,200,成功,h264,50.0,有音频,1.628,未筛除,否,,,80.00,12,0.0385,f8f8f8f807070707,8.01%,1.92%,3.85%,14.31,20.00,14.72,8.01,2.88,6,1.0000,2026-07-26 02:50:00,未筛除
Canal 100 Chinique (1080p),https://live20.bozztv.com/giatv/giatv-chinique100tvenvivo/chinique100tvenvivo/playlist.m3u8,,,,Canal100Chinique.gt@SD,,,,https://i.imgur.com/ygNKJXx.png,Undefined,1280x720,iptv-org-all.txt,32,200,成功,h264,29.97002997002997,有音频,1.710,未筛除,否,,,60.00,6,0.0208,e6e94ef9853a5043,5.56%,2.44%,2.44%,24.15,40.00,22.65,5.56,2.44,6,0.8542,2026-07-30 18:48:00,未筛除
Canal 7 (720p),https://d1zq2gydd8y59v.cloudfront.net/ts:abr.m3u8,,,,Canal7.gt@SD,,,,https://i.imgur.com/yVhUkot.png,General,416x236,iptv-org-all.txt,818,200,成功,h264,30.0,有音频,0.545,未筛除,否,,,60.00,6,0.0233,fcc11f63a48b708b,6.98%,2.33%,2.33%,25.21,40.00,25.29,6.98,2.33,6,1.0000,2026-07-25 00:18:00,未筛除
Blippi (1080p),https://d2p70ev1g5q1aj.cloudfront.net/Blippi_SONO46.m3u8,,,,,,,,,Undefined,1920x1080,iptv-org-all.txt,984,200,成功,hevc,25.0,有音频,2.256,未筛除,否,,,93.33,3,0.0098,edcc6c9292946b93,2.94%,1.96%,1.96%,6.14,6.67,8.97,2.94,1.96,6,1.0000,2026-07-20 14:13:00,未筛除
Box Kids TV (720p),http://45.190.28.50/BOX_KIDS_HD/index.m3u8,,,,BoxKidsTV.br@SD,,,,https://upload.wikimedia.org/wikipedia/commons/1/18/Boxkidstv.png,Kids,1280x720,iptv-org-all.txt,149,200,成功,h264,29.97002997002997,有音频,2.264,未筛除,否,,,73.33,6,0.0196,e6cc9933e4cc9332,4.90%,1.96%,1.96%,17.85,26.67,20.04,4.90,1.96,6,1.0000,2026-07-31 14:15:00,未筛除
Bravo Vault (1080p),https://xumo-xumoent-vc-114-x0p7i.fast.nbcuni.com/live/master.m3u8,,,,,,,,,Undefined,426x240,iptv-org-all.txt,991,200,成功,h264,30.0,有音频,2.281,未筛除,否,,,80.00,3,0.0098,c7b67197d0313cd0,2.94%,1.96%,1.96%,10.76,20.00,6.59,2.94,1.96,6,1.0000,2026-08-03 23:42:00,未筛除
BRIDGE Hits (576p),http://stream.mcquack.net/320/index.m3u8,,,,BRIDGEHits.ru@SD,,,,https://i.imgur.com/sIW9oR4.png,Music,720x576,iptv-org-all.txt,153,200,成功,h264,25.0,有音频,2.399,未筛除,否,,,,,,,,,,,,,,,,,,未筛除
Black Family Sitcoms,https://jmp2.uk/plu-686d61503484d6073283059d.m3u8,,,,BlackFamilySitcoms.us@SD,,,,https://images.pluto.tv/channels/686d61503484d6073283059d/colorLogoPNG_1752619670829.png,Comedy,1280x720,iptv-org-all.txt,732,200,成功,h264,30.0,有音频,1.630,未筛除,否,,,33.33,10,0.0327,9a65649ad7cc3962,7.19%,3.92%,3.92%,33.90,66.67,18.03,7.19,3.92,6,1.0000,2026-08-02 23:47:00,未筛除
Caillou (720p),https://d2mshoh3usf646.cloudfront.net/playlist.m3u8,,,,,,,,,Undefined,1280x720,iptv-org-all.txt,744,200,成功,h264,29.97002997002997,有音频,2.515,未筛除,否,,,53.33,10,0.0321,97186b7c6984674d,7.37%,1.92%,3.85%,29.26,46.67,29.44,7.37,2.88,6,1.0000,2026-07-27 14:14:00,未筛除
Canal 11 TuTV (349p),https://stream.giostreaming.app/canal11/canal11.m3u8,,,,Canal11TuTV.sv@SD,,,,https://i.imgur.com/itqQEux.png,General,1280x720,iptv-org-all.txt,830,200,成功,h264,,有音频,2.529,未筛除,否,,,93.33,72,0.2308,c3d02fb9c22fb8c2,25.32%,23.08%,23.08%,15.99,6.67,19.83,25.32,23.08,6,1.0000,2026-07-20 19:21:00,未筛除
California Medios TV (720p),https://s5.mexside.net:1936/medios/medios/playlist.m3u8,,,,CaliforniaMediosTV.mx@SD,,,,https://i.imgur.com/IDvpRNI.png,General,1280x720,iptv-org-all.txt,39,200,成功,h264,29.97002997002997,有音频,1.307,未筛除,否,,,100.00,7,0.0530,dd9238746af1a427,14.39%,9.52%,4.76%,13.53,0.00,33.11,14.39,7.14,0,0.9545,2026-07-25 03:14:00,未筛除
Bravo Farsi TV (360p),https://bravoohls.wns.live/hls/stream.m3u8,,,,BravoFarsiTV.ir@SD,,,,https://i.ibb.co/yynxRTS/Bravo-Farsi.jpg,Movies,1280x720,iptv-org-all.txt,1224,200,成功,h264,25.0,有音频,2.656,未筛除,否,,,73.33,9,0.0294,9bc6c671c039e8ae,6.21%,1.96%,1.96%,15.81,26.67,12.35,6.21,1.96,6,1.0000,2026-07-20 19:21:00,未筛除
Canal de la Fe (720p),https://cdn-cloudfront.us-east-1.prod.ingest.aws-infra.dacast.com/live/dad6a736-9efb-40ce-89b6-81d1d54f92bd/master.m3u8,,,,CanaldelaFe.us@SD,,,,https://i.imgur.com/n3FffgF.png,Religious,1280x720,iptv-org-all.txt,687,200,成功,h264,29.97002997002997,有音频,0.490,未筛除,否,,,33.33,5,0.0157,c0139fcc729764b3,4.09%,1.89%,1.89%,30.71,66.67,10.13,4.09,1.89,6,1.0000,2026-08-03 23:42:00,未筛除
BBC Series,https://jmp2.uk/plu-62e7fa5ab5062e0007dcf97d.m3u8,,,,,,,,,Undefined,1280x720,iptv-org-all.txt,655,200,成功,h264,30.0,有音频,3.077,未筛除,否,,,93.33,7,0.0220,cdc36763d91a303c,5.66%,3.77%,1.89%,7.07,6.67,9.95,5.66,2.83,6,1.0000,2026-07-20 19:21:00,未筛除
Caillou,https://do7nccdsswstc.cloudfront.net/v1/manifest/3722c60a815c199d9c0ef36c5b73da68a62b09d1/cc-1aso0bc668saa/a5233c83-f772-4a81-959a-45ec7877ef61/5.m3u8,,,,Caillou.fr@SD,,,,https://i.imgur.com/RgKaoe4.png,Undefined,1280x720,iptv-org-all.txt,638,200,成功,h264,30.0,有音频,0.946,未筛除,否,,,53.33,12,0.0385,9a8dfec433730932,9.29%,5.77%,5.77%,34.03,46.67,43.08,9.29,5.77,6,1.0000,2026-07-20 02:40:00,未筛除
Canal 25 Ayacucho (720p),https://live-evg10.tv360.bitel.com.pe/bitel/canal25ayacucho/playlist.m3u8,,,,Canal25Ayacucho.pe@SD,,,,https://i.imgur.com/lU02cWc.png,General,1920x1080,iptv-org-all.txt,404,200,成功,h264,29.97002997002997,有音频,1.511,未筛除,否,,,80.00,11,0.0495,93b3cccc263399cc,9.46%,8.33%,5.56%,15.02,20.00,14.78,9.46,6.94,6,0.9730,2026-07-21 13:53:00,未筛除
BNB Digital (720p),https://live-evg8.tv360.bitel.com.pe/bitel/bnbSRT/playlist.m3u8,,,,BNBDigital.pe@SD,,,,https://i.imgur.com/MgEN1F8.png,General,1920x1080,iptv-org-all.txt,1045,200,成功,h264,30.0,有音频,3.341,未筛除,否,,,86.67,6,0.0208,0000000000000000,3.82%,2.33%,2.33%,8.22,13.33,6.29,3.82,2.33,6,0.8958,2026-07-26 18:32:00,未筛除
Canal 34 San Juan (720p),https://streamyes.alsolnet.com/canal34hd/live/playlist.m3u8,,,,Canal34SanJuan.ar@SD,,,,https://i.imgur.com/bZMEiYe.png,General,1280x720,iptv-org-all.txt,1689,200,成功,h264,30.0,有音频,1.493,未筛除,否,,,73.33,5,0.0157,ac6bc325c1cbe585,4.09%,1.92%,1.92%,15.77,26.67,13.64,4.09,1.92,6,0.9811,2026-08-03 02:41:00,未筛除
BIG BROTHER CLASSIC,https://jmp2.uk/plu-663e09e4b18d700008e48dcf.m3u8,,,,BIGBROTHERCLASSIC.de@DACH,,,,https://images.pluto.tv/channels/663e09e4b18d700008e48dcf/colorLogoPNG.png,Entertainment,1216x684,iptv-org-all.txt,653,200,成功,h264,30.0,有音频,1.571,未筛除,否,,,86.67,13,0.0417,8a2a2d1f939968f6,9.62%,5.88%,5.88%,12.37,13.33,15.10,9.62,5.88,6,0.9808,2026-07-23 03:04:00,未筛除
BTB Info (1080p),https://emisja2.btb.j00r.us/iptv/session/4/hls.m3u8,,,,BTBInfo.pl@SD,,,,https://btb.j00r.us/img.php?id=87fa06e1418604cb096a0bb3f24e4371&type=Primary&w=400&t=BTB+Info,Documentary;News,1920x1080,iptv-org-all.txt,2066,200,成功,h264,24.0,有音频,4.153,未筛除,否,,,80.00,58,0.1895,c49433bc4cc71bcb,45.75%,25.49%,25.49%,30.41,20.00,35.69,45.75,25.49,6,1.0000,2026-07-24 14:01:00,未筛除
BET25 LIVE (720p),https://jmp2.uk/plu-6405d444d200410008009419.m3u8,,,,,,,,,Undefined,1280x720,iptv-org-all.txt,898,200,成功,h264,30.0,有音频,1.526,未筛除,否,,,93.33,14,0.0440,d1b4260b3c4b7a3d,8.49%,5.66%,5.66%,9.92,6.67,16.64,8.49,5.66,6,1.0000,2026-07-21 18:42:00,未筛除
Cagney & Lacey,https://jmp2.uk/plu-6960c5a906d76f50db2816dc.m3u8,,,,CagneyLacey.de@GB,,,,https://images.pluto.tv/channels/6960c5a906d76f50db2816dc/colorLogoPNG_1767949823270.png,Series,1216x684,iptv-org-all.txt,911,200,成功,h264,30.0,有音频,1.609,未筛除,否,,,93.33,17,0.0545,9865279ae4d931ce,10.58%,7.84%,7.84%,9.77,6.67,14.00,10.58,7.84,6,0.9808,2026-07-31 18:57:00,未筛除
ATV (720p),https://d19e55ehz2il4i.cloudfront.net/ts:abr.m3u8,,,,ATV.pe@HD,,,,https://i.imgur.com/eUzYZfg.png,General,416x236,iptv-org-all.txt,855,200,成功,h264,30.0,有音频,0.906,未筛除,否,,,60.00,6,0.0204,c1411c9f6f98717a,6.12%,2.04%,2.04%,28.49,40.00,36.86,6.12,2.04,6,1.0000,2026-07-21 13:53:00,未筛除
Band (720p),http://45.190.28.50/BAND_HD/index.m3u8,,,,Band.br@SD,,,,https://i.imgur.com/1r5T6Pw.png,General,1280x720,iptv-org-all.txt,299,200,成功,h264,30.0,有音频,4.546,未筛除,否,,,100.00,4,0.0128,8787517a78a3b1c3,2.56%,1.92%,1.92%,1.03,0.00,1.08,2.56,1.92,6,1.0000,2026-07-27 02:43:00,未筛除
Canal 44 Ciudad Juárez (720p) [Not 24/7],https://5e50264bd6766.streamlock.net/canal44/videocanal44/playlist.m3u8,,,,XHIJTDT.mx@SD,,,,https://i.imgur.com/oRudPXX.png,General,,iptv-org-all.txt,1324,200,成功,h264,,有音频,1.344,未筛除,否,,,53.33,6,0.0196,b9f3c478cec50487,5.88%,2.00%,2.00%,28.89,46.67,29.49,5.88,2.00,6,0.9804,2026-07-22 00:21:00,未筛除
AXN Latin America (1080p),http://138.121.15.230:9002/AXN/index.m3u8,,,,AXNLatinAmerica.us@CentralAmerica,,,,https://upload.wikimedia.org/wikipedia/commons/thumb/5/52/AXN_logo_%282015%29.svg/960px-AXN_logo_%282015%29.svg.png,Movies,1920x1080,iptv-org-all.txt,102,200,成功,h264,59.94005994005994,有音频,2.117,未筛除,否,,,86.67,3,0.0096,c76e389c3e31d149,2.88%,1.96%,1.96%,8.96,13.33,9.52,2.88,1.96,6,0.9808,2026-07-24 14:01:00,未筛除
Bizz TV,https://stream.bizzmedia.biz/bizz_tv/index.m3u8,,,,BizzTV.tt@SD,,,,https://i.imgur.com/UxHaJNR.png,Lifestyle,1920x1080,iptv-org-all.txt,1704,200,成功,h264,30.0,有音频,1.311,未筛除,否,,,93.33,12,0.0426,d9c8c251d3ada9e4,8.51%,4.35%,4.35%,7.57,6.67,9.23,8.51,4.35,6,0.9787,2026-07-23 13:52:00,未筛除
Canal 3 Formosa,https://stmvideo6.livecastv.com/agenfor/agenfor/playlist.m3u8,,,,Canal3Formosa.ar@SD,,,,https://i.imgur.com/rVDrNIy.png,Undefined,854x480,iptv-org-all.txt,3403,200,成功,h264,25.0,有音频,3.927,未筛除,否,,,86.67,6,0.0196,c43fc8e039ced872,5.23%,1.96%,1.96%,10.94,13.33,14.55,5.23,1.96,6,1.0000,2026-07-22 00:21:00,未筛除
BBC Top Gear Finland (1080p),https://amg00793-amg00793c49-rakuten-fi-5848.playouts.now.amagi.tv/playlist.m3u8,,,,,,,,,Undefined,1920x1080,iptv-org-all.txt,1803,200,成功,h264,25.0,有音频,4.795,未筛除,否,,,93.33,3,0.0094,94295c366b332f36,2.83%,1.89%,1.89%,4.95,6.67,5.11,2.83,1.89,6,1.0000,2026-07-30 18:48:00,未筛除
Belarus-4 Vitebsk (1080p),https://ngtrk.dc.beltelecom.by/vtv/bt4.stream/playlist.m3u8,,,,Belarus4.by@Vitebsk,,,,https://i.imgur.com/XNkQrMr.png,General,1280x720,iptv-org-all.txt,1039,200,成功,h264,25.0,有音频,4.857,未筛除,否,,,33.33,6,0.0192,dd9b2f24668299cc,5.77%,1.92%,1.92%,37.76,66.67,32.49,5.77,1.92,6,1.0000,2026-07-20 14:13:00,未筛除
Cablenet Sports 1 (1080p),http://185.102.171.218/CablenetSports1/index.m3u8,,,,CablenetSports1.cy@SD,,,,https://i.imgur.com/kcaF4jb.png,Sports,1920x1080,iptv-org-all.txt,126,200,成功,h264,50.0,有音频,2.629,未筛除,否,,,100.00,3,0.0102,9ff1669c956a6091,2.38%,4.08%,2.04%,2.50,0.00,5.71,2.38,3.06,6,1.0000,2026-07-25 03:14:00,未筛除
Auction Hunters,https://jmp2.uk/plu-62ac50e92c48f900071444c9.m3u8,,,,AuctionHunters.de@GB,,,,https://i.imgur.com/4SPOVN7.png,Entertainment,1280x720,iptv-org-all.txt,102,200,成功,h264,30.0,有音频,4.902,未筛除,否,,,86.67,10,0.0327,9a65649ad7cc3962,6.21%,3.92%,3.92%,10.95,13.33,13.27,6.21,3.92,6,1.0000,2026-08-02 18:24:00,未筛除
Brøndby TV,https://jmp2.uk/plu-685029cda1e091e16ff57fc8.m3u8,,,,BrondbyTV.se@DK,,,,https://images.pluto.tv/channels/685029cda1e091e16ff57fc8/colorLogoPNG_1750246109707.png,Sports,1216x684,iptv-org-all.txt,727,200,成功,h264,30.0,有音频,2.225,未筛除,否,,,86.67,16,0.0523,d1b4260b3c4b7a3d,7.19%,5.88%,5.88%,10.32,13.33,9.88,7.19,5.88,6,1.0000,2026-07-23 00:11:00,未筛除
ASTV News 1 (720p) [Not 24/7],http://news1.live14.com/stream/news1.m3u8,,,,News1.th@SD,,,,,News,1280x720,iptv-org-all.txt,1903,200,成功,h264,25.0,有音频,5.067,未筛除,否,,,93.33,6,0.0196,9ab36c6c496933d8,5.88%,1.96%,1.96%,9.06,6.67,16.75,5.88,1.96,6,1.0000,2026-07-26 14:01:00,未筛除
Becker,https://jmp2.uk/plu-672e157d7d5da5000812872d.m3u8,,,,Becker.se@DK,,,,https://images.pluto.tv/channels/672e157d7d5da5000812872d/colorLogoPNG-1731073515797.png,Classic;Series,1216x684,iptv-org-all.txt,812,200,成功,h264,30.0,有音频,2.459,未筛除,否,,,93.33,24,0.0755,8a2a2d1f939968f6,13.84%,9.43%,7.55%,10.48,6.67,14.00,13.84,8.49,6,1.0000,2026-07-21 00:21:00,未筛除
Canal 44 Chihuahua (720p) [Not 24/7],https://5e50264bd6766.streamlock.net/canal442/videocanal442/playlist.m3u8,,,,Canal44.mx@SD,,,,https://i.imgur.com/YDp8MlN.png,Undefined,1280x720,iptv-org-all.txt,1473,200,成功,h264,30.0,有音频,1.251,未筛除,否,,,86.67,6,0.0189,8baf64b4303cd993,5.66%,1.89%,1.89%,14.95,13.33,27.65,5.66,1.89,6,1.0000,2026-07-20 02:40:00,未筛除
AXN Latin America (1080p),http://15.204.246.24:8080/AXNHD/index.m3u8,,,,AXNLatinAmerica.us@Panregional,,,,https://upload.wikimedia.org/wikipedia/commons/thumb/5/52/AXN_logo_%282015%29.svg/960px-AXN_logo_%282015%29.svg.png,Movies,1920x1080,iptv-org-all.txt,36,200,成功,h264,59.94005994005994,有音频,0.719,未筛除,否,,,73.33,6,0.0256,9393b386644cdacb,7.69%,2.56%,2.56%,22.30,26.67,32.79,7.69,2.56,6,1.0000,2026-07-24 03:15:00,未筛除
Canal 56 Quiero TV (720p),http://45.5.118.152:8000/play/a08z/index.m3u8,,,,Canal56QuieroTV.bo@SD,,,,https://i.imgur.com/l9kDNld.jpeg,General,1920x1080,iptv-org-all.txt,147,200,成功,h264,29.97002997002997,有音频,0.837,未筛除,否,,,93.33,3,0.0094,f4eed238c9316839,2.52%,1.89%,1.89%,4.60,6.67,4.14,2.52,1.89,6,1.0000,2026-08-01 23:54:00,未筛除
Balaton TV (432p),https://stream.iptvservice.eu/hls/balatontv.m3u8,,,,BalatonTV.hu@SD,,,,https://balatontelevizio.hu/wp-content/uploads/2020/05/balaton_tv_logo.png,Undefined,540x432,iptv-org-all.txt,2117,200,成功,h264,25.0,有音频,2.813,未筛除,否,,,80.00,8,0.0272,95dcdcb367cc1112,6.12%,2.04%,2.04%,13.60,20.00,13.90,6.12,2.04,6,1.0000,2026-07-21 18:42:00,未筛除
Canal 5 El Líder (720p) [Not 24/7],https://mdstrm.com/live-stream-playlist/6287fda8ea3b8b397d1ca2ed.m3u8,,,,Canal5ElLider.hn@SD,,,,https://i.imgur.com/4hEYFa9.png,General,426x240,iptv-org-all.txt,1916,200,成功,h264,30.0,有音频,5.967,未筛除,否,,,100.00,3,0.0172,8c8d93218d96769f,5.17%,3.57%,3.57%,2.94,0.00,5.17,5.17,3.57,6,0.9655,2026-07-25 00:18:00,未筛除
Canal Mas TV (720p),https://live-evg11.tv360.bitel.com.pe/bitel/mastvSRT/playlist.m3u8,,,,CanalMasTV.pe@SD,,,,https://i.imgur.com/rdHygJ1.png,General,1920x1080,iptv-org-all.txt,3572,200,成功,h264,29.97002997002997,有音频,2.961,未筛除,否,,,80.00,4,0.0190,88aa72f8dc547715,4.76%,3.12%,3.12%,11.85,20.00,8.60,4.76,3.12,6,0.9143,2026-07-31 14:15:00,未筛除
Black Ink Crew,https://jmp2.uk/plu-5d51e2bceca5b4b2c0e06c50.m3u8,,,,BlackInkCrew.us@SD,,,,https://i.imgur.com/QnuIVB6.png,Series,1216x684,iptv-org-all.txt,681,200,成功,h264,30.0,有音频,1.288,未筛除,否,,,93.33,10,0.0327,9865279ae4d931ce,6.54%,4.17%,4.17%,8.94,6.67,15.17,6.54,4.17,6,0.9412,2026-07-31 18:57:00,未筛除
Camp Kulinaris,https://jmp2.uk/plu-61c1dce2fb9ae40007d0ac15.m3u8,,,,CampKulinaris.se@NO,,,,https://images.pluto.tv/channels/61c1dce2fb9ae40007d0ac15/colorLogoPNG.png,Entertainment,1280x720,iptv-org-all.txt,726,200,成功,h264,30.0,有音频,1.762,未筛除,否,,,93.33,10,0.0321,8a2a2d1f939968f6,8.01%,3.85%,3.85%,7.53,6.67,9.60,8.01,3.85,6,1.0000,2026-07-30 18:48:00,未筛除
BBC Top Gear Germany (1080p),https://amg00793-amg00793c44-rakuten-de-5538.playouts.now.amagi.tv/playlist.m3u8,,,,,,,,,Undefined,1920x1080,iptv-org-all.txt,1581,200,成功,h264,25.0,有音频,2.267,未筛除,否,,,93.33,4,0.0126,d96df88b64306726,3.46%,1.89%,1.89%,6.24,6.67,8.98,3.46,1.89,6,1.0000,2026-07-22 13:56:00,未筛除
Beauty and the Beast,https://jmp2.uk/plu-6512d36ca765070008836eac.m3u8,,,,,,,,,Undefined,1216x684,iptv-org-all.txt,801,200,成功,h264,30.0,有音频,2.840,未筛除,否,,,86.67,15,0.0481,848c176cb399ce37,9.62%,5.77%,5.77%,11.95,13.33,13.73,9.62,5.77,6,1.0000,2026-07-23 18:50:00,未筛除
Beverly Hillbillies,https://jmp2.uk/plu-5f7796e470510900070d4e3d.m3u8,,,,BeverlyHillbillies.us@US,,,,https://i.imgur.com/OV9hT93.png,Classic,1216x684,iptv-org-all.txt,671,200,成功,h264,30.0,有音频,1.119,未筛除,否,,,93.33,12,0.0377,8a2a2d1f939968f6,6.60%,3.77%,5.66%,8.37,6.67,13.03,6.60,4.72,6,1.0000,2026-07-20 02:40:00,未筛除
Bollywood Masala (1080p),https://streams2.sofast.tv/vglive-sk-373192/index.m3u8,,,,,,,,,Undefined,854x480,iptv-org-all.txt,1705,200,成功,h264,25.0,有音频,2.688,未筛除,否,,,86.67,4,0.0131,c51a92e53dd340bd,3.59%,1.96%,1.96%,10.23,13.33,13.27,3.59,1.96,6,1.0000,2026-07-24 03:15:00,未筛除
BET Pluto TV,https://jmp2.uk/plu-5ff768b6a4c8b80008498610.m3u8,,,,BETPlutoTV.us@BR,,,,https://images.pluto.tv/channels/5ff768b6a4c8b80008498610/colorLogoPNG_1756804608228.png,Entertainment,1280x720,iptv-org-all.txt,807,200,成功,h264,30.0,有音频,1.490,未筛除,否,,,73.33,40,0.1258,cdc36763d91a303c,16.67%,13.21%,15.09%,19.80,26.67,14.62,16.67,14.15,6,1.0000,2026-07-20 19:21:00,未筛除
ausbiz TV (720p) [Not 24/7],https://d9quh89lh7dtw.cloudfront.net/public-output/index.m3u8,,,,AusbizTV.au@SD,,,,https://i.imgur.com/8vGGdB0.png,Business,768x432,iptv-org-all.txt,1072,200,成功,h264,25.0,有音频,7.629,未筛除,否,,,33.33,6,0.0196,85c33c2b4b2c5bbc,5.88%,1.96%,1.96%,33.17,66.67,17.11,5.88,1.96,6,1.0000,2026-07-28 03:53:00,未筛除
Canal 21 TV (1080p),https://iptv.ixfo.com.ar:30443/c21tv/hd/c21tv/playlist.m3u8,,,,Canal21TV.ar@SD,,,,https://i.imgur.com/Am7yMXg.png,Undefined,1920x1080,iptv-org-all.txt,3328,200,成功,h264,25.0,有音频,7.760,未筛除,否,,,100.00,2,0.0079,c1662fc1f61f1c34,2.38%,2.38%,2.38%,0.91,0.00,0.67,2.38,2.38,6,1.0000,2026-07-27 19:56:00,未筛除
CAM 10 TV (720p),https://stream.it-innov.com/cam10tv/index.m3u8,,,,CAM10TV.cm@SD,,,,https://i.imgur.com/xspb9uY.png,General,1280x720,iptv-org-all.txt,1013,200,成功,h264,50.0,有音频,3.819,未筛除,否,,,86.67,4,0.0128,e0891ff4230f199f,2.88%,1.92%,1.92%,7.64,13.33,5.12,2.88,1.92,6,1.0000,2026-07-29 00:46:00,未筛除
Baywatch (1080p),https://amg00145-fremantlemedian-baywatch-samsungau-gtsd6.amagi.tv/playlist/amg00145-fremantlemedian-baywatch-samsungau/playlist.m3u8,,,,Baywatch.us@US,,,,https://i.imgur.com/c2esKHg.png,Series,1920x1080,iptv-org-all.txt,1884,200,成功,h264,29.97002997002997,有音频,5.715,未筛除,否,,,100.00,6,0.0189,91f1274ecbb1728c,5.03%,1.92%,1.92%,3.14,0.00,6.46,5.03,1.92,0,0.9811,2026-07-21 00:21:00,未筛除
Balchi TV,https://rtmpcontrol.com:1936/balchitv/balchitv/playlist.m3u8,,,,BalchiTV.aw@SD,,,,https://i.imgur.com/XlCaZvF.png,Culture,1280x720,iptv-org-all.txt,2069,200,成功,h264,29.97002997002997,有音频,3.245,未筛除,否,,,100.00,5,0.0170,c0e1371f1f2e4e1c,3.74%,4.08%,4.08%,1.67,0.00,1.71,3.74,4.08,6,1.0000,2026-07-21 00:21:00,未筛除
AWE Plus (720p),https://a-cdn.herringnetwork.com/affiliate/awee/playlist.m3u8,,,,AWEPlus.us@SD,,,,https://i.imgur.com/hL8i7Ar.png,General,426x240,iptv-org-all.txt,1688,200,成功,h264,29.97002997002997,有音频,3.959,未筛除,否,,,80.00,6,0.0192,db66d871ec1813cc,5.13%,1.92%,1.92%,15.33,20.00,20.37,5.13,1.92,6,1.0000,2026-07-23 13:52:00,未筛除
Barbie & Friends,https://jmp2.uk/plu-688892172928933015abe479.m3u8,,,,,,,,,Undefined,1216x684,iptv-org-all.txt,700,200,成功,h264,30.0,有音频,1.755,未筛除,否,,,100.00,11,0.0353,0000000000000000,6.09%,3.85%,3.85%,4.46,0.00,9.51,6.09,3.85,6,1.0000,2026-07-20 14:13:00,未筛除
Canal 2000 La Solana (720p) [Not 24/7],http://canal2000.berkano-systems.net/streaming/streams/canal2000.m3u8,,,,Canal2000.es@SD,,,,https://i.imgur.com/9RoBASf.png,Undefined,1280x720,iptv-org-all.txt,1240,200,成功,h264,25.0,有音频,3.716,未筛除,否,,,86.67,6,0.0189,9fe1c6b43d46a03c,4.72%,1.89%,1.89%,12.62,13.33,20.52,4.72,1.89,6,1.0000,2026-08-02 18:24:00,未筛除
Cần Thơ TV1 (1080p),https://live.canthotv.vn/live/tv/chunklist.m3u8,,,,CanThoTV.vn@SD,,,,https://i.ibb.co/MDhNH26J/cantho1-2025.png,General,1920x1080,iptv-org-all.txt,2106,200,成功,h264,25.0,有音频,6.589,未筛除,否,,,93.33,3,0.0096,c4672d58db2c5a9a,2.56%,1.96%,1.96%,4.97,6.67,5.31,2.56,1.96,6,0.9808,2026-07-24 14:01:00,未筛除
Busuioc TV,https://tt.nfthost.net/static/streaming-playlists/hls/bb907ca9-5cb5-49dd-b276-d77721a9bc6d/master.m3u8,,,,BusuiocTV.md@SD,,,,https://i.imgur.com/CQtfBPu.png,Music,1920x1080,iptv-org-all.txt,1712,200,成功,h264,25.0,有音频,6.579,未筛除,否,,,100.00,2,0.0069,fa97ae2588e9c780,1.39%,2.08%,2.08%,5.44,0.00,16.50,1.39,2.08,6,1.0000,2026-07-26 23:41:00,未筛除
BBC Earth (1080p),https://amg00793-amg00793c6-xumo-us-2669.playouts.now.amagi.tv/BBCStudios-BBCEarthA-hls/playlist.m3u8,,,,BBCEarth.uk@US,,,,https://i.imgur.com/nGSsUd4.png,Documentary,426x240,iptv-org-all.txt,1217,200,成功,h264,29.97002997002997,有音频,3.765,未筛除,否,,,100.00,4,0.0126,b09ffe964780458b,3.14%,1.89%,1.89%,3.46,0.00,8.81,3.14,1.89,6,1.0000,2026-07-29 03:34:00,未筛除
ATVSat (1080p) [Not 24/7],https://stream.atvsat.com/atvsatlive/smil:atvsatlive.smil/playlist.m3u8,,,,ATVSat.us@SD,,,,https://i.imgur.com/pwM5txv.png,Religious,1920x1080,iptv-org-all.txt,1052,200,成功,h264,29.97002997002997,有音频,2.743,未筛除,否,,,93.33,6,0.0200,ad2dad17c852d652,5.67%,2.04%,2.04%,9.43,6.67,18.10,5.67,2.04,6,0.9800,2026-07-28 01:13:00,未筛除
Bob Esponja Pantalones Cuadrados (720p),https://jmp2.uk/plu-6254598f5083f800076d8563.m3u8,,,,BobEsponjaPantalonesCuadrados.us@LatAm,,,,https://images.pluto.tv/channels/6254598f5083f800076d8563/colorLogoPNG_1781042617821.png,Kids,1280x720,iptv-org-all.txt,2295,200,成功,h264,30.0,有音频,1.093,未筛除,否,,,86.67,15,0.0490,cdc36763d91a303c,7.19%,5.88%,5.88%,10.98,13.33,12.08,7.19,5.88,6,1.0000,2026-07-21 13:53:00,未筛除
Beauty and the Beast,https://jmp2.uk/plu-6512d6a0a1217e00092c1214.m3u8,,,,,,,,,Undefined,1216x684,iptv-org-all.txt,745,200,成功,h264,30.0,有音频,3.248,未筛除,否,,,93.33,20,0.0641,f6de0b23193c1c66,10.90%,7.84%,7.84%,9.78,6.67,13.82,10.90,7.84,6,0.9808,2026-07-28 13:51:00,未筛除
Born to Kill (1080p),https://amg00654-itv-amg00654c7-samsung-gb-1168.playouts.now.amagi.tv/playlist/amg00654-itvstudiosfast-truelives-samsunggb/playlist.m3u8,,,,,,,,,Undefined,1920x1080,iptv-org-all.txt,1554,200,成功,h264,25.0,有音频,3.445,未筛除,否,,,86.67,6,0.0196,db9630693686c967,4.90%,3.92%,3.92%,9.89,13.33,10.61,4.90,3.92,6,1.0000,2026-07-31 14:15:00,未筛除
BBC Top Gear Italy (1080p),https://amg00793-amg00793c43-rakuten-it-5537.playouts.now.amagi.tv/playlist.m3u8,,,,,,,,,Undefined,1920x1080,iptv-org-all.txt,1425,200,成功,h264,25.0,有音频,3.582,未筛除,否,,,93.33,4,0.0126,d96c78d825f23227,3.14%,1.89%,1.89%,5.10,6.67,5.37,3.14,1.89,6,1.0000,2026-07-26 14:01:00,未筛除
Canal Orbe 21,https://stream.arcast.net:4443/canal21/ngrp:canal21_all/playlist.m3u8,,,,CanalOrbe21.ar@SD,,,,https://i.imgur.com/USD6Wn8.png,Religious,416x234,iptv-org-all.txt,1740,200,成功,h264,29.97002997002997,有音频,3.779,未筛除,否,,,100.00,5,0.0157,ef8995c2d0f2b285,2.83%,1.92%,1.92%,1.30,0.00,1.79,2.83,1.92,6,0.9811,2026-07-31 18:57:00,未筛除
Best Action TV (1080p),https://streams2.sofast.tv/v1/master/611d79b11b77e2f571934fd80ca1413453772ac7/9a4a5412-ca99-48d3-9013-d1811b95b9d2/manifest.m3u8,,,,,,,,,Undefined,1920x1080,iptv-org-all.txt,304,200,成功,h264,25.0,有音频,2.971,未筛除,否,,,93.33,5,0.0157,b35bcc6633998c26,3.46%,1.89%,1.89%,4.26,6.67,2.38,3.46,1.89,6,1.0000,2026-07-20 14:13:00,未筛除
Cần Thơ TV3 (1080p),https://live.canthotv.vn/cs3/tv/chunklist.m3u8,,,,CanThoTV3.vn@SD,,,,https://i.ibb.co/d4G2PD9s/cantho3-2025.png,Undefined,1920x1080,iptv-org-all.txt,2107,200,成功,h264,25.0,有音频,7.151,未筛除,否,,,86.67,2,0.0090,b2ced4c3d0c0d8f5,2.70%,2.78%,2.78%,7.36,13.33,4.02,2.70,2.78,6,0.9730,2026-08-03 23:42:00,未筛除
Belarus-5 (1080p) [Not 24/7],https://ngtrk.dc.beltelecom.by/ngtrk/smil:belarus5.smil/playlist.m3u8,,,,Belarus5.by@SD,,,,https://i.imgur.com/NJsRFud.png,Sports,640x360,iptv-org-all.txt,916,200,成功,h264,25.0,有音频,9.613,未筛除,否,,,80.00,3,0.0109,a05d237799e4db41,3.26%,2.27%,2.27%,11.46,20.00,8.59,3.26,2.27,6,0.9565,2026-08-03 23:42:00,未筛除
CAD TV,https://videoserver.tmcreativos.com:19360/dcsajkpvrh/dcsajkpvrh.m3u8,,,,CADTV.py@SD,,,,https://i.imgur.com/lafmmRa.jpeg,General,1280x720,iptv-org-all.txt,983,200,成功,h264,30.0,有音频,1.687,未筛除,否,,,80.00,9,0.0288,f2882a6383e73976,6.41%,3.92%,3.92%,15.85,20.00,20.59,6.41,3.92,6,0.9808,2026-07-21 13:53:00,未筛除
Auto Motor Sport,https://jmp2.uk/plu-5f760c3d41aa2d0007bfde19.m3u8,,,,,,,,,Undefined,1216x684,iptv-org-all.txt,753,200,成功,h264,30.0,有音频,1.367,未筛除,否,,,86.67,37,0.1209,cdc36763d91a303c,15.36%,15.69%,13.73%,15.12,13.33,17.48,15.36,14.71,6,1.0000,2026-07-20 14:13:00,未筛除
Calabasas Channel (480p),https://cdn3.wowza.com/5/UWpORHhLSEs5SkJs/calabasas/G0009_003/playlist.m3u8,,,,CTV.us@SD,,,,https://i.imgur.com/N5uiIJo.png,Undefined,640x480,iptv-org-all.txt,468,200,成功,h264,25.0,有音频,0.796,未筛除,否,,,60.00,13,0.0417,98f4674f4910f0be,8.33%,5.77%,1.92%,31.32,40.00,44.24,8.33,3.85,6,1.0000,2026-07-21 00:21:00,未筛除
Canal 2 Alpavisión Neiva (720p) [Not 24/7],https://stmv1.voxtvhd.com.br/alpavision/alpavision/playlist.m3u8,,,,Canal2AlpavisionNeiva.co@SD,,,,https://i.imgur.com/Yv8XIGW.png,General,854x480,iptv-org-all.txt,1759,200,成功,h264,29.97002997002997,有音频,1.385,未筛除,否,,,0.00,6,0.0192,d0e4396e14774e53,5.77%,1.92%,1.92%,51.55,100.00,34.01,5.77,1.92,6,1.0000,2026-08-03 23:42:00,未筛除
Boligjakten,https://jmp2.uk/plu-61c1dc21b9587d0007e3fc15.m3u8,,,,Boligjakten.se@NO,,,,https://images.pluto.tv/channels/61c1dc21b9587d0007e3fc15/colorLogoPNG.png,Entertainment,1280x720,iptv-org-all.txt,2018,200,成功,h264,30.0,有音频,1.568,未筛除,否,,,93.33,14,0.0458,8a2a2d1f939968f6,9.80%,4.00%,8.00%,8.25,6.67,10.08,9.80,6.00,6,0.9804,2026-07-22 13:56:00,未筛除
Big Ten Network (720p),http://23.237.104.106:8080/USA_BTN/index.m3u8,,,,BigTenNetwork.us@SD,,,,https://upload.wikimedia.org/wikipedia/en/thumb/3/39/Big_Ten_Network_Logo.svg/960px-Big_Ten_Network_Logo.svg.png,Undefined,1920x1080,iptv-org-all.txt,90,200,成功,h264,59.94005994005994,有音频,0.662,未筛除,否,,,73.33,6,0.0189,baaa42b52d26747a,4.72%,1.89%,1.89%,16.26,26.67,14.88,4.72,1.89,6,1.0000,2026-07-25 23:46:00,未筛除
CafeTV24 (720p),https://srvx1.selftv.video/cafe/live/playlist.m3u8,,,,CafeTV24.it@SD,,,,https://i.imgur.com/SRFzjja.png,Undefined,1920x1080,iptv-org-all.txt,1073,200,成功,h264,25.0,有音频,2.997,未筛除,否,,,73.33,4,0.0128,9929e62665d619d9,3.21%,1.92%,1.92%,13.98,26.67,8.26,3.21,1.92,6,1.0000,2026-07-28 13:51:00,未筛除
Camera Smile (480p),https://rpn.bozztv.com/gusa/gusa-camerasmile/index.m3u8,,,,CameraSmileTV.us@SD,,,,https://i.imgur.com/V5h4R83.png,Comedy,1280x720,iptv-org-all.txt,863,200,成功,h264,29.97002997002997,有音频,1.084,未筛除,否,,,60.00,6,0.0192,fd5281b366f0604f,5.77%,1.92%,1.92%,25.96,40.00,28.72,5.77,1.92,6,1.0000,2026-07-22 03:08:00,未筛除
Azan TV,https://dbcanada.sonarbanglatv.com/azantv/atv/index.m3u8,,,,AzanTV.ca@SD,,,,https://i.imgur.com/JlqS6I4.jpeg,Religious,1280x720,iptv-org-all.txt,1665,200,成功,h264,30.0,有音频,0.978,未筛除,否,,,53.33,10,0.0333,892f44983dc7587d,6.67%,2.00%,4.00%,28.31,46.67,26.69,6.67,3.00,6,1.0000,2026-07-21 18:42:00,未筛除
Avatar: A lenda de Aang,https://jmp2.uk/plu-6759eeb1bd523200083b4f29.m3u8,,,,AvatarAlendadeAang.us@BR,,,,https://images.pluto.tv/channels/6759eeb1bd523200083b4f29/colorLogoPNG.png,Kids,1216x684,iptv-org-all.txt,2311,200,成功,h264,30.0,有音频,1.391,未筛除,否,,,86.67,21,0.0686,cdc36763d91a303c,11.44%,5.88%,11.76%,13.77,13.33,17.57,11.44,8.82,6,1.0000,2026-07-20 02:40:00,未筛除
Best of The Drew Barrymore Show,https://jmp2.uk/plu-62beb692cda2b10007d5fd76.m3u8,,,,BestofTheDrewBarrymoreShow.se@DK,,,,https://images.pluto.tv/channels/62beb692cda2b10007d5fd76/colorLogoPNG.png,Entertainment,1280x720,iptv-org-all.txt,953,200,成功,h264,30.0,有音频,5.262,未筛除,否,,,93.33,12,0.0377,8a2a2d1f939968f6,9.75%,5.66%,5.66%,7.85,6.67,8.89,9.75,5.66,6,1.0000,2026-07-20 02:40:00,未筛除
BuzzFeed Celeb (1080p),https://d1gdoah3axw004.cloudfront.net/BuzzFeed_Celeb.m3u8,,,,,,,,,Undefined,1920x1080,iptv-org-all.txt,1410,200,成功,h264,29.97002997002997,有音频,2.279,未筛除,否,,,80.00,18,0.0588,de242593ca2575da,13.40%,5.88%,3.92%,19.13,20.00,26.54,13.40,4.90,6,1.0000,2026-07-20 02:40:00,未筛除
BBS TV,https://bbstv.ug/hls/ch01/index.m3u8,,,,BBSTV.ug@SD,,,,https://i.imgur.com/Hub1AXv.png,General,1920x1080,iptv-org-all.txt,1692,200,成功,h264,25.0,有音频,1.463,未筛除,否,,,60.00,6,0.0189,bd52d834e169e24e,4.40%,1.89%,1.89%,18.13,40.00,3.52,4.40,1.89,6,1.0000,2026-07-23 03:04:00,未筛除
Bethel TV (720p),https://alfa.betheltv.tv/srt/3_abr/playlist.m3u8,,,,BethelTV.pe@SD,,,,https://i.imgur.com/zCVh765.png,Religious,426x240,iptv-org-all.txt,1144,200,成功,h264,29.97002997002997,有音频,6.358,未筛除,否,,,93.33,4,0.0126,f09f0910be6536da,3.14%,1.89%,1.89%,4.30,6.67,2.73,3.14,1.89,6,1.0000,2026-07-23 03:04:00,未筛除
Bigtime,https://103f01c3ff79408e83c9212f8a374ecc.mediatailor.us-east-1.amazonaws.com/v1/master/0fb304b2320b25f067414d481a779b77db81760d/RakutenTV-eu_BjgtjmeDarmoweFilmy/playlist.m3u8,,,,Bigtime.pl@SD,,,,https://images-3.rakuten.tv/storage/global-live-channel/translation/artwork/1fe37ff8-c6b7-4123-8c68-653d657b4c5f-width200-quality90.jpeg,Undefined,1280x720,iptv-org-all.txt,1313,200,成功,h264,29.97002997002997,有音频,1.916,未筛除,否,,,53.33,6,0.0189,8c877378703c7cf0,5.35%,1.89%,1.89%,28.03,46.67,27.03,5.35,1.89,6,1.0000,2026-07-26 18:32:00,未筛除
Bob l'éponge (720p),https://jmp2.uk/plu-66588931a3865300085ca800.m3u8,,,,Bobleponge.us@CA,,,,https://images.pluto.tv/channels/66588931a3865300085ca800/colorLogoPNG.png,Kids,1280x720,iptv-org-all.txt,2313,200,成功,h264,30.0,有音频,1.179,未筛除,否,,,86.67,13,0.0425,cdc36763d91a303c,6.54%,5.88%,3.92%,10.53,13.33,11.35,6.54,4.90,6,1.0000,2026-07-23 00:11:00,未筛除
Canal 33 Madrid,https://media2.streambrothers.com:1936/8140/8140/playlist.m3u8,,,,Canal33Madrid.es@SD,,,,https://upload.wikimedia.org/wikipedia/commons/thumb/c/c3/Logo_Canal_33_Madrid_2025.jpg/960px-Logo_Canal_33_Madrid_2025.jpg,Undefined,1280x720,iptv-org-all.txt,2082,200,成功,h264,30.0,有音频,4.062,未筛除,否,,,73.33,6,0.0189,c52a94cd4db5669c,5.35%,1.89%,1.89%,16.23,26.67,14.35,5.35,1.89,6,1.0000,2026-07-20 14:13:00,未筛除
C31 Melbourne (240p),https://d1k6kax80wecy5.cloudfront.net/RLnAKY/index.m3u8,,,,C31Melbourne.au@SD,,,,https://i.imgur.com/Ge1EutY.png,General,426x240,iptv-org-all.txt,1640,200,成功,h264,25.0,有音频,4.823,未筛除,否,,,100.00,24,0.0784,ccf233dc83cc1933,10.78%,7.84%,7.84%,5.58,0.00,8.78,10.78,7.84,6,1.0000,2026-07-26 14:01:00,未筛除
Bellavision (1080p) [Not 24/7],https://fox.hostlagarto.com:8081/bellavision8hd/tracks-v1a1/mono.m3u8,,,,Bellavision.do@SD,,,,https://i.imgur.com/XqQ3kCs.png,Entertainment,1920x1080,iptv-org-all.txt,72,200,成功,h264,30.0,有音频,1.024,未筛除,否,,,80.00,6,0.0196,ee53b02d2492ebe8,5.23%,1.96%,1.96%,12.40,20.00,10.52,5.23,1.96,6,1.0000,2026-07-28 01:13:00,未筛除
Big TV 24x7 (576i),https://d2gvyg6lvauoko.cloudfront.net/230226/bigtvmalyalam/chunks.m3u8,,,,BigTV24x7.in@SD,,,,https://i.postimg.cc/rpHrRxR5/big_tv_malayalam.png,News,704x396,iptv-org-all.txt,1546,200,成功,h264,25.0,有音频,0.763,未筛除,否,,,33.33,6,0.0189,9e18a3cb4446d3f5,5.66%,1.89%,1.89%,36.52,66.67,28.44,5.66,1.89,6,1.0000,2026-07-21 00:21:00,未筛除
Canal Parlamento (360p) [Not 24/7],https://congresodirecto.akamaized.net/hls/live/2037973/canalparlamento/master.m3u8,,,,CanalParlamento.es@SD,,,,https://i.imgur.com/BUO0wH6.png,Legislative,640x360,iptv-org-all.txt,1727,200,成功,h264,25.0,有音频,5.936,未筛除,否,,,0.00,38,0.1218,d9ac6acf26e2c906,30.13%,15.69%,17.65%,56.39,100.00,29.01,30.13,16.67,6,0.9808,2026-07-21 13:53:00,未筛除
Beverly Hills 90210,https://jmp2.uk/plu-60afb576053df900076fa2f0.m3u8,,,,BeverlyHills90210.de@DACH,,,,https://images.pluto.tv/channels/60afb576053df900076fa2f0/colorLogoPNG.png,Series,1216x684,iptv-org-all.txt,707,200,成功,h264,30.0,有音频,1.238,未筛除,否,,,80.00,27,0.0849,cdc36763d91a303c,11.32%,9.43%,11.32%,16.80,20.00,18.31,11.32,10.38,6,1.0000,2026-07-20 19:21:00,未筛除
BBC Top Gear France (1080p),https://amg00793-amg00793c45-rakuten-fr-5539.playouts.now.amagi.tv/playlist.m3u8,,,,,,,,,Undefined,1920x1080,iptv-org-all.txt,1814,200,成功,h264,25.0,有音频,4.724,未筛除,否,,,93.33,4,0.0126,d961f89865702776,3.46%,3.77%,1.89%,5.54,6.67,6.34,3.46,2.83,6,1.0000,2026-07-23 00:11:00,未筛除
Cablenet Sports 2 (1080p),http://185.102.171.218/CablenetSports2/index.m3u8,,,,CablenetSports2.cy@SD,,,,https://i.imgur.com/mq8mZvJ.png,Sports,1920x1080,iptv-org-all.txt,125,200,成功,h264,50.0,有音频,2.738,未筛除,否,,,93.33,2,0.0068,ed7561755460b9c8,2.04%,2.04%,2.04%,4.71,6.67,4.76,2.04,2.04,6,1.0000,2026-08-03 23:42:00,未筛除
Bloomberg TV (1080p),http://23.237.104.106:8080/USA_BLOOMBERG/index.m3u8,,,,BloombergTV.us@US,,,,https://i.imgur.com/OuogLHx.png,Business,1280x720,iptv-org-all.txt,45,200,成功,h264,29.97002997002997,有音频,0.653,未筛除,否,,,53.33,6,0.0196,cdc1333ac4c6373a,5.88%,2.00%,2.00%,27.52,46.67,24.92,5.88,2.00,6,0.9804,2026-07-25 23:46:00,未筛除
Canal 5 TV Chepes,https://videostream.shockmedia.com.ar:19360/canal5alfatvchepes/canal5alfatvchepes.m3u8,,,,Canal5TVChepes.ar@SD,,,,https://i.imgur.com/AzEqroq.png,General,854x480,iptv-org-all.txt,1557,200,成功,h264,25.0,有音频,0.947,未筛除,否,,,80.00,4,0.0131,b49a8476c9dbce44,3.27%,1.96%,1.96%,11.62,20.00,9.24,3.27,1.96,6,1.0000,2026-07-28 03:53:00,未筛除
Canal 6 Panadish (720p),https://stream.meteorito.cloud:1947/canal6/smil:canal6.smil/playlist.m3u8,,,,Canal6Panadish.gt@SD,,,,https://i.imgur.com/KJWNPiz.jpg,General,480x270,iptv-org-all.txt,1302,200,成功,h264,,有音频,4.824,未筛除,否,,,86.67,6,0.0192,e79718017c6c6b6a,5.77%,3.85%,3.85%,11.26,13.33,14.63,5.77,3.85,6,1.0000,2026-07-20 19:21:00,未筛除
Boligkøb i blinde,https://jmp2.uk/plu-63c6a27a4faf1c0007b48f7b.m3u8,,,,Boligkobiblinde.se@DK,,,,https://images.pluto.tv/channels/63c6a27a4faf1c0007b48f7b/colorLogoPNG.png,Cooking;Lifestyle,1280x720,iptv-org-all.txt,1744,200,成功,h264,30.0,有音频,1.668,未筛除,否,,,33.33,35,0.1144,cdc36763d91a303c,15.36%,13.73%,13.73%,35.53,66.67,14.73,15.36,13.73,6,1.0000,2026-07-23 18:50:00,未筛除
BAM-TV,https://belafrikamediatv.vedge.infomaniak.com/livecast/ik:belafrikamediatv/manifest.m3u8,,,,BAMTV.be@SD,,,,https://i.imgur.com/9UmR6cs.png,Culture,1920x1080,iptv-org-all.txt,5149,200,成功,h264,29.97002997002997,有音频,4.572,未筛除,否,,,100.00,6,0.0192,95de2e9700d99d89,4.49%,3.85%,3.85%,2.55,0.00,4.22,4.49,3.85,6,1.0000,2026-08-01 23:54:00,未筛除
Biznet Adventure (1080p),http://livestream.biznetvideo.net/biznet_adventure/smil:adventure.smil/playlist.m3u8,,,,BiznetAdventure.id@SD,,,,https://i.imgur.com/ZREy4zM.png,Undefined,1280x720,iptv-org-all.txt,2364,200,成功,h264,25.0,有音频,6.233,未筛除,否,,,80.00,4,0.0126,d8395873a6d65869,3.14%,1.89%,1.89%,11.99,20.00,10.57,3.14,1.89,6,1.0000,2026-07-23 13:52:00,未筛除
Balapan International (1080p),https://live-3.otcnet.ru/Balapan/index.m3u8,,,,BalapanInternational.kz@SD,,,,https://otv.server-img.lfstrm.tv/images/channel_logos/logo_638108d82e47243302bc81f1.png,Kids,1920x1080,iptv-org-all.txt,2206,200,成功,h264,25.0,有音频,9.535,未筛除,否,,,100.00,72,0.2353,f4a5a5a5a55a5a4a,26.14%,21.28%,25.53%,13.47,0.00,19.66,26.14,23.40,6,0.9216,2026-07-20 02:40:00,未筛除
Bravo TV (1080p),https://redirector.rudo.video/hls-video/c54ac2799874375c81c1672abb700870537c5223/bravo/bravo.smil/playlist.m3u8,,,,BravoTV.ar@SD,,,,https://upload.wikimedia.org/wikipedia/commons/5/5e/Bravotv.png,General,426x240,iptv-org-all.txt,1214,200,成功,h264,30.0,有音频,4.671,未筛除,否,,,100.00,3,0.0100,b81b934ad2c64ec7,3.00%,2.00%,2.00%,1.81,0.00,3.36,3.00,2.00,6,1.0000,2026-07-28 19:06:00,未筛除
Canal I (1080p),https://streaming.canal-i.com/canal-i/live/master.m3u8,,,,CanalI.ve@SD,,,,https://i.imgur.com/vKfOavW.png,News,1280x720,iptv-org-all.txt,923,200,成功,h264,29.97002997002997,有音频,3.460,未筛除,否,,,100.00,12,0.0385,a4961b39259be857,6.41%,3.85%,3.85%,3.36,0.00,5.65,6.41,3.85,6,1.0000,2026-07-26 14:01:00,未筛除
Beyblade,https://jmp2.uk/plu-633dc392e0282400071b0d39.m3u8,,,,,,,,,Undefined,1280x720,iptv-org-all.txt,2321,200,成功,h264,30.0,有音频,1.359,未筛除,否,,,93.33,40,0.1258,cdc36763d91a303c,15.72%,13.21%,16.98%,12.50,6.67,17.26,15.72,15.09,6,1.0000,2026-07-20 19:21:00,未筛除
Bark TV (1080p),https://bbb-barkt-streamstak.otteravision.com/bbb/barkt/barkt.m3u8,,,,BarkTV.us@SD,,,,https://images.squarespace-cdn.com/content/v1/6a233007201fda6808a47ff9/f4f45cba-d340-4963-860a-37edaf91bc7f/BarkTV_Horizontal_Color.png,Entertainment,1920x1080,iptv-org-all.txt,1458,200,成功,h264,30.0,有音频,2.945,未筛除,否,,,93.33,3,0.0096,f6960a699318cdad,2.88%,1.92%,1.92%,6.16,6.67,9.06,2.88,1.92,6,1.0000,2026-07-22 03:08:00,未筛除
Ayush TV (360p) [Not 24/7],https://95eryw39dwn4-hls-live.wmncdn.net/Ayushu/271ddf829afeece44d8732757fba1a66.sdp/index.m3u8,,,,AyushTV.in@SD,,,,https://dtil.tmsimg.com/assets/s142692_ld_h15_aa.png?lock=720x540,Lifestyle,640x360,iptv-org-all.txt,2430,200,成功,h264,25.0,有音频,2.972,未筛除,否,,,53.33,6,0.0192,90b16f4f3b862cd1,5.77%,1.96%,1.96%,30.04,46.67,33.40,5.77,1.96,6,0.9808,2026-07-20 19:21:00,未筛除
Canal 21 Huancayo (720p),https://play.agenciastreaming.com:8081/tvwanka/tracks-v1/index.fmp4.m3u8,,,,Canal21Huancayo.pe@HD,,,,https://i.imgur.com/Kfdkm06.png,General,1280x720,iptv-org-all.txt,1899,200,成功,h264,29.97002997002997,无音频,3.518,未筛除,否,,,93.33,3,0.0096,f2e649556646b14b,2.24%,1.92%,1.92%,4.36,6.67,3.50,2.24,1.92,6,1.0000,2026-08-03 02:41:00,未筛除
BelRos (720p),https://souzny.mediacdn.ru/cdn/souzny/playlist.m3u8,,,,BelRos.ru@SD,,,,https://i.imgur.com/tUF33HD.png,General,1024x576,iptv-org-all.txt,1438,200,成功,h264,25.0,有音频,6.812,未筛除,否,,,100.00,2,0.0063,c5654739e13f3107,1.26%,1.89%,1.89%,5.76,0.00,17.75,1.26,1.89,6,1.0000,2026-07-23 13:52:00,未筛除
Avatar: La Leyenda de Aang,https://jmp2.uk/plu-6759ee82bd523200083b4f0f.m3u8,,,,AvatarLaLeyendadeAang.us@LatAm,,,,https://images.pluto.tv/channels/6759ee82bd523200083b4f0f/colorLogoPNG.png,Kids,1216x684,iptv-org-all.txt,2318,200,成功,h264,30.0,有音频,1.161,未筛除,否,,,73.33,50,0.1634,cdc36763d91a303c,20.59%,17.65%,21.57%,23.55,26.67,22.69,20.59,19.61,6,1.0000,2026-07-21 00:21:00,未筛除
Canal 79 Villa Maza,https://streamconex.com:19360/villamaza/villamaza.m3u8,,,,Canal79VillaMaza.ar@SD,,,,https://i.imgur.com/HYuSqJy.png,Undefined,1350x1080,iptv-org-all.txt,561,200,成功,h264,25.0,有音频,1.018,未筛除,否,,,80.00,20,0.0709,f08f8ff08ff04350,14.89%,8.51%,8.51%,22.58,20.00,35.84,14.89,8.51,6,1.0000,2026-07-25 13:50:00,未筛除
Big 12 Studios (1080p),https://d18pj8s9gbivdq.cloudfront.net/The_Big_12.m3u8,,,,,,,,,Undefined,1920x1080,iptv-org-all.txt,1843,200,成功,h264,29.97002997002997,有音频,2.264,未筛除,否,,,86.67,5,0.0157,df20a7fa299a2615,4.09%,1.89%,1.89%,10.33,13.33,13.30,4.09,1.89,6,1.0000,2026-07-20 19:21:00,未筛除
Best of MTV,https://jmp2.uk/plu-632aff5e44111b00076ad9b1.m3u8,,,,BestofMTV.se@DK,,,,https://images.pluto.tv/channels/632aff5e44111b00076ad9b1/colorLogoPNG_1767773210944.png,Entertainment,1280x720,iptv-org-all.txt,919,200,成功,h264,30.0,有音频,2.154,未筛除,否,,,93.33,8,0.0252,8a2a2d1f939968f6,5.66%,3.77%,3.77%,7.87,6.67,12.33,5.66,3.77,6,1.0000,2026-07-20 14:13:00,未筛除
Canal 10 (720p) [Not 24/7],https://acceso.mediosdecostarica.com:3606/hybrid/play.m3u8,,,,Canal10.cr@SD,,,,https://i.imgur.com/TO6WQbW.png,General,1280x720,iptv-org-all.txt,1209,200,成功,h264,30.0,有音频,2.955,未筛除,否,,,86.67,3,0.0096,e0e93ab4d34135f8,2.88%,1.92%,1.92%,8.55,13.33,8.17,2.88,1.92,6,1.0000,2026-07-25 00:18:00,未筛除
Canal 4 Esquel,https://stream.arcast.com.ar/canal4esquel/canal4esquel/playlist.m3u8,,,,Canal4Esquel.ar@SD,,,,https://i.imgur.com/6kbOr16.png,Undefined,1280x720,iptv-org-all.txt,223,200,成功,h264,29.97002997002997,有音频,1.604,未筛除,否,,,80.00,9,0.1667,c0c5943de06f2b3d,40.74%,11.11%,22.22%,32.90,20.00,50.30,40.74,16.67,6,1.0000,2026-08-01 14:06:00,未筛除
Assirat TV (576p),https://softverse.b-cdn.net/Assirat/assiratobs/playlist.m3u8,,,,AssiratTV.ir@SD,,,,https://i.imgur.com/ps4Gtj0.png,Religious,1920x1080,iptv-org-all.txt,1597,200,成功,h264,25.0,有音频,2.733,未筛除,否,,,33.33,6,0.0196,8527f2383835f8c7,5.23%,1.96%,3.92%,33.55,66.67,18.48,5.23,2.94,6,1.0000,2026-07-27 19:56:00,未筛除
Canal Parlamento del Congreso de Jalisco (720p) [Not 24/7],https://60417ddeaf0d9.streamlock.net/srtc/smil:srtc.smil/playlist.m3u8,,,,CanalParlamentodelCongresodeJalisco.mx@SD,,,,https://i.imgur.com/fLpkHfZ.png,Legislative,1280x720,iptv-org-all.txt,1895,200,成功,h264,29.97002997002997,有音频,1.948,未筛除,否,,,73.33,6,0.0200,ea9d198f35687292,5.67%,2.00%,4.00%,18.85,26.67,22.49,5.67,3.00,6,1.0000,2026-08-01 23:54:00,未筛除
Beond TV (720p) [Geo-blocked],https://amg01681-beondtv-amg01681c1-klowdtv-us-1826.playouts.now.amagi.tv/playlist/amg01681-beondtv-beondtv-klowdtvus/playlist.m3u8,,,,,,,,,Undefined,1280x720,iptv-org-all.txt,904,200,成功,h264,29.97002997002997,有音频,1.063,未筛除,否,,,80.00,8,0.0252,d3680631af140ffb,6.92%,3.77%,3.77%,21.09,20.00,37.77,6.92,3.77,6,1.0000,2026-07-21 13:53:00,未筛除
BBC Food (1080p),https://d1e9r0b71zfwk7.cloudfront.net/playlist.m3u8,,,,BBCFood.us@SD,,,,https://i.imgur.com/kcmHcSx.png,Cooking,640x360,iptv-org-all.txt,946,200,成功,h264,29.97002997002997,有音频,2.843,未筛除,否,,,80.00,4,0.0126,862c1c7b39b56e92,3.77%,1.89%,1.89%,12.14,20.00,10.65,3.77,1.89,6,1.0000,2026-07-25 03:14:00,未筛除
Britain's Next Top Model,https://jmp2.uk/plu-67a09e5921af38000808900a.m3u8,,,,BritainsNextTopModel.se@SE,,,,https://images.pluto.tv/channels/67a09ddc21af380008088dc3/colorLogoPNG.png,Series,1216x684,iptv-org-all.txt,760,200,成功,h264,30.0,有音频,2.595,未筛除,否,,,93.33,19,0.0633,cdc36763d91a303c,10.67%,8.16%,8.16%,9.27,6.67,12.19,10.67,8.16,6,0.9800,2026-07-28 01:13:00,未筛除
BuzzFeed Tasty (1080p),https://d2tlbbjop5ksk2.cloudfront.net/BuzzFeed_Tasty.m3u8,,,,,,,,,Undefined,1920x1080,iptv-org-all.txt,1380,200,成功,h264,29.97002997002997,有音频,2.307,未筛除,否,,,73.33,24,0.0784,c21cde3f35b81651,13.40%,7.84%,5.88%,20.54,26.67,21.69,13.40,6.86,6,1.0000,2026-07-21 13:53:00,未筛除
Beyond History,https://jmp2.uk/plu-62fb9844db5a4a0007ebc2a3.m3u8,,,,,,,,,Undefined,1280x720,iptv-org-all.txt,2332,200,成功,h264,30.0,有音频,1.403,未筛除,否,,,73.33,5,0.0157,9a65649ad7cc3962,4.09%,1.89%,1.89%,15.69,26.67,13.38,4.09,1.89,6,1.0000,2026-08-02 23:47:00,未筛除
Awaaz India TV (720p) [Not 24/7],https://awaazindia.livebox.co.in/AwaazIndaTVhls/Live.m3u8,,,,AwaazIndiaTV.in@SD,,,,https://i.imgur.com/eKQs51V.png,News,1920x1080,iptv-org-all.txt,2898,200,成功,h264,30.0,有音频,4.847,未筛除,否,,,100.00,6,0.0204,a0c115e51ef5669e,4.76%,2.04%,2.04%,2.70,0.00,5.14,4.76,2.04,6,1.0000,2026-07-23 13:52:00,未筛除
Camp Kulinaris,https://jmp2.uk/plu-6400bf66dff38e00083f4ee8.m3u8,,,,CampKulinaris.se@SE,,,,https://images.pluto.tv/channels/61c1dce2fb9ae40007d0ac15/colorLogoPNG.png,Entertainment,1280x720,iptv-org-all.txt,780,200,成功,h264,30.0,有音频,2.924,未筛除,否,,,86.67,13,0.0417,cdc36763d91a303c,8.33%,3.85%,5.77%,10.82,13.33,11.13,8.33,4.81,6,1.0000,2026-07-21 13:53:00,未筛除
Britain's Next Top Model,https://jmp2.uk/plu-67a09e25c070cf00083c40fa.m3u8,,,,BritainsNextTopModel.se@NO,,,,https://images.pluto.tv/channels/67a09ddc21af380008088dc3/colorLogoPNG.png,Series,1216x684,iptv-org-all.txt,869,200,成功,h264,30.0,有音频,1.976,未筛除,否,,,86.67,11,0.0367,c54b3b3c3ca46c4d,9.00%,4.08%,6.12%,11.39,13.33,12.48,9.00,5.10,6,0.9800,2026-07-21 18:42:00,未筛除
ATXN3 (1080p),https://cdn-atxn-01.vos360.video/Content/HLS/Live/channel(c55d1594-ad62-7434-aa17-4d71adb80f99)/index.m3u8,,,,ATXN3.us@SD,,,,https://i.imgur.com/tSMtDlz.png,Culture;General,480x270,iptv-org-all.txt,728,200,成功,h264,29.97002997002997,有音频,7.499,未筛除,否,,,100.00,13,0.0425,f48c0f73cb64f026,10.13%,3.92%,5.88%,5.43,0.00,9.70,10.13,4.90,6,1.0000,2026-07-25 13:50:00,未筛除
Azteca Honduras (720p),https://mdstrm.com/live-stream-playlist/65a1d2fd7e7f14355550d570.m3u8,,,,AztecaHonduras.hn@SD,,,,https://i.imgur.com/sxFh1dw.png,General,1280x720,iptv-org-all.txt,1625,200,成功,h264,30.0,有音频,2.709,未筛除,否,,,93.33,3,0.0096,d75ed858e1691934,2.56%,1.96%,1.96%,4.78,6.67,4.67,2.56,1.96,6,0.9808,2026-07-25 23:46:00,未筛除
Blaze Live (720p),https://jmp2.uk/plu-5e46fba0c43b0d00096e5ac1.m3u8,,,,BlazeLive.us@SD,,,,https://i.imgur.com/GwxneSQ.png,News,1280x720,iptv-org-all.txt,184,200,成功,h264,30.0,有音频,1.251,未筛除,否,,,33.33,35,0.1144,cdc36763d91a303c,16.67%,13.73%,13.73%,38.95,66.67,25.25,16.67,13.73,6,1.0000,2026-07-20 02:40:00,未筛除
Bolton Community Voice Channel (CVC) Government (Bolton CT) (480p),https://dlttx48mxf9m3.cloudfront.net/vod_clients/bolton/live/ch3/video.m3u8,,,,CVCGovernment.us@SD,,,,https://i.imgur.com/qLJhNhq.png,Legislative,1280x720,iptv-org-all.txt,1752,200,成功,h264,29.97002997002997,有音频,0.825,未筛除,否,,,0.00,14,0.0458,8445509b1fec1cef,11.76%,3.92%,5.88%,59.40,100.00,55.18,11.76,4.90,6,1.0000,2026-07-24 14:01:00,未筛除
Bloomberg TV Asia (720p),https://bloomberg.com/media-manifest/streams/asia.m3u8,,,,BloombergTV.us@Asia,,,,https://i.imgur.com/OuogLHx.png,Business,480x272,iptv-org-all.txt,1421,200,成功,h264,25.0,有音频,4.942,未筛除,否,,,53.33,6,0.0196,96a86b7f68c2c583,5.88%,1.96%,1.96%,32.17,46.67,40.44,5.88,1.96,6,1.0000,2026-07-20 02:40:00,未筛除
Best Drama TV (1080p),https://streams2.sofast.tv/v1/master/611d79b11b77e2f571934fd80ca1413453772ac7/9800ea5c-2183-4160-9f01-70e5d6428a50/manifest.m3u8,,,,,,,,,Undefined,1920x1080,iptv-org-all.txt,254,200,成功,h264,25.0,有音频,4.359,未筛除,否,,,86.67,5,0.0157,8c314eb8a35ef11e,3.77%,1.89%,3.77%,7.53,13.33,3.87,3.77,2.83,6,1.0000,2026-08-03 02:41:00,未筛除
Battlestar Galactica,https://jmp2.uk/plu-69d7ebff029c431826bd328e.m3u8,,,,BattlestarGalactica.us@SD,,,,https://images.pluto.tv/channels/69d7ebff029c431826bd328e/colorLogoPNG_1776982986391.png,Movies;Series,1216x684,iptv-org-all.txt,667,200,成功,h264,30.0,有音频,1.050,未筛除,否,,,93.33,20,0.0629,f6de0b23193c1c66,12.89%,7.55%,7.55%,10.68,6.67,15.58,12.89,7.55,6,1.0000,2026-07-29 19:13:00,未筛除
Canal 79 Puan (240p),https://streamconex.com:19360/puan/puan.m3u8,,,,Canal79Puan.ar@SD,,,,https://i.imgur.com/HYuSqJy.png,Undefined,1280x720,iptv-org-all.txt,1017,200,成功,h264,29.97002997002997,有音频,1.065,未筛除,否,,,73.33,7,0.0220,0000000000000000,5.97%,2.13%,4.26%,20.16,26.67,26.61,5.97,3.19,6,0.8868,2026-07-23 03:04:00,未筛除
Canal 26 Aguascalientes (1080p),https://60417ddeaf0d9.streamlock.net/telemetrika3/smil:telemetrika3.smil/playlist.m3u8,,,,Canal26.mx@SD,,,,https://i.imgur.com/PAvnVN9.png,Undefined,1920x1080,iptv-org-all.txt,183,200,成功,h264,29.97002997002997,有音频,2.456,未筛除,否,,,86.67,5,0.0160,97857a816a687a6d,4.17%,1.92%,1.92%,10.51,13.33,13.82,4.17,1.92,6,1.0000,2026-07-26 23:41:00,未筛除
Bloomberg TV Australia (270p),https://bloomberg.com/media-manifest/streams/aus.m3u8,,,,BloombergTV.us@Australia,,,,https://i.imgur.com/OuogLHx.png,Business,480x272,iptv-org-all.txt,1096,200,成功,h264,25.0,有音频,4.327,未筛除,否,,,80.00,6,0.0196,958f689760689e6b,5.88%,1.96%,1.96%,19.20,20.00,32.76,5.88,1.96,6,1.0000,2026-07-21 00:21:00,未筛除
Cablenoticias (720p),http://138.186.23.7:8082/CABLENOTICIAS/index.m3u8,,,,Cablenoticias.co@SD,,,,https://i.imgur.com/FfhOGR9.png,News,1280x720,iptv-org-all.txt,104,200,成功,h264,29.97002997002997,有音频,1.155,未筛除,否,,,60.00,6,0.0192,8f3fe40fd0242fd0,5.13%,1.96%,1.96%,25.26,40.00,26.81,5.13,1.96,6,0.9808,2026-07-29 00:46:00,未筛除
Becker,https://jmp2.uk/plu-672e16f5daad7f0008929a0d.m3u8,,,,Becker.se@SE,,,,https://images.pluto.tv/channels/672e157d7d5da5000812872d/colorLogoPNG-1731073515797.png,Classic;Series,1216x684,iptv-org-all.txt,860,200,成功,h264,30.0,有音频,2.189,未筛除,否,,,86.67,12,0.0377,e5d4113b0ec91d9d,9.12%,5.66%,3.77%,12.67,13.33,16.82,9.12,4.72,6,1.0000,2026-07-20 14:13:00,未筛除
ATXN1 (1080p),https://cdn-atxn-01.vos360.video/Content/HLS/Live/channel(616d6f49-eaec-6f7e-7186-2bbaf66c69c0)/index.m3u8,,,,ATXN1.us@SD,,,,https://i.imgur.com/tSMtDlz.png,Legislative,480x270,iptv-org-all.txt,1013,200,成功,h264,29.97002997002997,有音频,7.733,未筛除,否,,,93.33,15,0.0490,f0120eedad6ae90d,10.46%,3.92%,5.88%,8.84,6.67,11.99,10.46,4.90,6,1.0000,2026-07-21 13:53:00,未筛除
Bob l'éponge (720p),https://jmp2.uk/plu-5ffc8c345822750007e167de.m3u8,,,,Bobleponge.de@FR,,,,https://images.pluto.tv/channels/5ffc8c345822750007e167de/colorLogoPNG.png,Kids,1280x720,iptv-org-all.txt,2338,200,成功,h264,30.0,有音频,2.000,未筛除,否,,,93.33,5,0.0163,cdc36763d91a303c,4.25%,1.96%,1.96%,6.68,6.67,9.88,4.25,1.96,6,1.0000,2026-07-24 14:01:00,未筛除
Azahares Radio Multimedia (720p),https://streamyes.alsolnet.com/azaharesfm/live/playlist.m3u8,,,,AzaharesRadiovisualMultimedia.ar@SD,,,,https://i.imgur.com/g1BFoSs.png,Music,1280x720,iptv-org-all.txt,26,200,成功,h264,30.0,有音频,1.131,未筛除,否,,,73.33,56,0.1944,cee87c58f80d250f,35.42%,20.83%,18.75%,27.37,26.67,25.47,35.42,19.79,6,1.0000,2026-07-20 14:13:00,未筛除
Avatar,https://jmp2.uk/plu-61c09b48d6d97900076e91c5.m3u8,,,,Avatar.se@DK,,,,https://images.pluto.tv/channels/61c09b48d6d97900076e91c5/colorLogoPNG.png,Animation;Kids;Series,1216x684,iptv-org-all.txt,2340,200,成功,h264,30.0,有音频,1.694,未筛除,否,,,93.33,31,0.1033,cdc36763d91a303c,14.00%,12.24%,14.29%,12.36,6.67,18.57,14.00,13.27,6,0.9800,2026-07-20 14:13:00,未筛除
Beats Radio (480p),https://videostream.shockmedia.com.ar:19360/beatsradio/beatsradio.m3u8,,,,BeatsRadio.ar@SD,,,,https://i.imgur.com/zkNUO5p.png,Music,854x480,iptv-org-all.txt,1685,200,成功,h264,25.0,有音频,1.171,未筛除,否,,,93.33,9,0.0288,8d1d7f7893c848d2,6.73%,5.77%,5.77%,7.85,6.67,10.86,6.73,5.77,6,1.0000,2026-07-20 14:13:00,未筛除
Bolton Community Voice Channel (CVC) Education (Bolton CT) (480p),https://dlttx48mxf9m3.cloudfront.net/vod_clients/bolton/live/ch2/video.m3u8,,,,CVCEducation.us@SD,,,,https://i.imgur.com/tUgEAUJ.png,Education,1280x720,iptv-org-all.txt,1937,200,成功,h264,29.97002997002997,有音频,0.889,未筛除,否,,,53.33,12,0.0392,815a2ef63bb16e06,10.46%,3.92%,3.92%,38.50,46.67,57.83,10.46,3.92,6,1.0000,2026-07-24 14:01:00,未筛除
Blue Bloods,https://jmp2.uk/plu-61b3b8c645b45d0007a9bb8d.m3u8,,,,BlueBloods.us@SD,,,,https://images.pluto.tv/channels/61b3b8c645b45d0007a9bb8d/colorLogoSVG.svg,Series,1216x684,iptv-org-all.txt,705,200,成功,h264,30.0,有音频,1.075,未筛除,否,,,86.67,49,0.1601,d1b4260b3c4b7a3d,21.24%,17.65%,21.57%,18.71,13.33,23.88,21.24,19.61,6,1.0000,2026-07-21 18:42:00,未筛除
Bob Esponja (720p),https://jmp2.uk/plu-5f1aca0b4e448e00075e7c5e.m3u8,,,,BobEsponja.de@ES,,,,https://images.pluto.tv/channels/5f1aca0b4e448e00075e7c5e/colorLogoPNG.png,Kids,1280x720,iptv-org-all.txt,2346,200,成功,h264,30.0,有音频,1.324,未筛除,否,,,80.00,12,0.0392,cdc36763d91a303c,5.88%,5.88%,3.92%,12.96,20.00,10.98,5.88,4.90,6,1.0000,2026-07-23 00:11:00,未筛除
BNR Nieuwsradio (720p) [Geo-blocked],https://bnr-cache-cdp.triple-it.nl/studio/index.m3u8,,,,BNRNieuwsradio.nl@SD,,,,https://i.imgur.com/d0KLwkj.png,Undefined,1920x1080,iptv-org-all.txt,1233,200,成功,h264,25.0,有音频,2.426,未筛除,否,,,100.00,30,0.0980,998c4eb73c3c9c62,16.67%,9.80%,9.80%,11.59,0.00,24.25,16.67,9.80,6,1.0000,2026-07-23 03:04:00,未筛除
Canal 79 La Costa (240p),https://streamconex.com:19360/lacosta/lacosta.m3u8,,,,Canal79LaCosta.ar@SD,,,,https://i.imgur.com/HYuSqJy.png,Undefined,1920x1080,iptv-org-all.txt,1572,200,成功,h264,10.0,有音频,1.263,未筛除,否,,,100.00,12,0.0465,8866d83c6347ef58,9.30%,5.00%,5.00%,14.75,0.00,41.30,9.30,5.00,0,0.9302,2026-07-24 14:01:00,未筛除
Biznet Kids (1080p),http://livestream.biznetvideo.net/biznet_kids/smil:kids.smil/index.m3u8,,,,BiznetKids.id@SD,,,,https://i.imgur.com/J5QNqJ0.png,Kids,1920x1080,iptv-org-all.txt,2142,200,成功,h264,25.0,有音频,11.045,未筛除,否,,,100.00,3,0.0094,cfb1d8c69793064a,2.52%,1.92%,1.92%,0.86,0.00,0.54,2.52,1.92,6,0.9811,2026-07-20 19:21:00,未筛除
Bloomberg TV Europe (720p),https://bloomberg.com/media-manifest/streams/eu.m3u8,,,,BloombergTV.us@Europe,,,,https://i.imgur.com/OuogLHx.png,Business,480x272,iptv-org-all.txt,864,200,成功,h264,25.0,有音频,2.755,未筛除,否,,,73.33,6,0.0196,e1d7f9098edd2882,5.88%,1.96%,1.96%,24.31,26.67,40.90,5.88,1.96,6,1.0000,2026-07-20 19:21:00,未筛除
Canal 26 (1080p),https://stream-gtlc.telecentro.net.ar/hls/canal26hls/main.m3u8,,,,Canal26.ar@SD,,,,https://upload.wikimedia.org/wikipedia/commons/thumb/c/c5/Canal_26_logo_%282022%29.svg/500px-Canal_26_logo_%282022%29.svg.png,News,1920x1080,iptv-org-all.txt,3767,200,成功,h264,25.0,有音频,7.529,未筛除,否,,,100.00,4,0.0128,c42ed1b73ce09ce1,3.21%,1.92%,1.92%,2.21,0.00,4.58,3.21,1.92,6,1.0000,2026-07-29 19:13:00,未筛除
Canal 3 La Pampa (1080p),https://stream.arcast.com.ar/c3lapampa/ngrp:c3lapampa_all/playlist.m3u8,,,,Canal3LaPampa.ar@SD,,,,https://i.imgur.com/SsNFudZ.png,Undefined,416x234,iptv-org-all.txt,1497,200,成功,h264,50.0,有音频,3.306,未筛除,否,,,60.00,6,0.0192,df8b3ed76880405b,4.81%,1.96%,1.96%,22.54,40.00,17.93,4.81,1.96,6,0.9808,2026-07-24 03:15:00,未筛除
ATXN2 (1080p),https://cdn-atxn-01.vos360.video/Content/HLS/Live/channel(f97b5ddc-b7e4-dff8-9f10-8c16d0833639)/index.m3u8,,,,ATXN2.us@SD,,,,https://i.imgur.com/tSMtDlz.png,General;Legislative,480x270,iptv-org-all.txt,890,200,成功,h264,29.97002997002997,有音频,8.309,未筛除,否,,,100.00,13,0.0425,f0120eedad6ae90d,11.76%,5.88%,7.84%,6.31,0.00,10.89,11.76,6.86,6,1.0000,2026-07-20 19:21:00,未筛除
Canal 30 TV Bethel (720p) [Not 24/7],https://s.emisoras.tv:8081/canal30tvbethel/index.m3u8,,,,Canal30TVBethel.gt@SD,,,,https://i.imgur.com/PP4U1JL.png,Religious,1280x720,iptv-org-all.txt,1134,200,成功,h264,30.0,有音频,1.112,未筛除,否,,,80.00,24,0.0769,0000000000000000,10.26%,7.69%,7.69%,15.51,20.00,15.62,10.26,7.69,6,1.0000,2026-07-25 23:46:00,未筛除
Canal Institucional (720p),https://streaming.rtvc.gov.co/TV_CanalInstitucional_live/smil:live.smil/playlist.m3u8,,,,CanalInstitucional.co@SD,,,,https://i.imgur.com/hqfQVrU.png,General,1280x720,iptv-org-all.txt,184,200,成功,h264,29.97002997002997,有音频,0.451,未筛除,否,,,86.67,6,0.0476,ea68098981c7d7b7,11.90%,4.76%,4.76%,14.72,13.33,21.78,11.90,4.76,6,1.0000,2026-08-01 23:54:00,未筛除
Bloodline Detectives (720p),https://jmp2.uk/plu-63d91cc58795f30008678e9d.m3u8,,,,,,,,,Undefined,1280x720,iptv-org-all.txt,756,200,成功,h264,30.0,有音频,1.942,未筛除,否,,,33.33,9,0.0294,8a2a2d1f939968f6,7.52%,5.88%,3.92%,32.37,66.67,12.35,7.52,4.90,6,1.0000,2026-07-20 02:40:00,未筛除
Canal 79 Mar del Plata,https://streamconex.com:19360/mardelplata/mardelplata.m3u8,,,,Canal79MardelPlata.ar@SD,,,,https://i.imgur.com/I93ypGY.png,Undefined,1280x720,iptv-org-all.txt,1115,200,成功,h264,30.0,有音频,0.973,未筛除,否,,,100.00,6,0.0196,94365a7127ced8b1,5.88%,2.00%,4.00%,6.91,0.00,18.11,5.88,3.00,0,0.9804,2026-07-24 03:15:00,未筛除
Biznet Lifestyle (1080p),http://livestream.biznetvideo.net/biznet_lifestyle/smil:lifestyle.smil/index.m3u8,,,,BiznetLifestyle.id@SD,,,,https://i.imgur.com/XqUfQKA.png,Lifestyle,1920x1080,iptv-org-all.txt,1955,200,成功,h264,25.0,有音频,11.036,未筛除,否,,,100.00,3,0.0096,e901b9e7187cd12b,2.24%,1.96%,1.96%,0.86,0.00,0.73,2.24,1.96,6,0.9808,2026-07-26 14:01:00,未筛除
B4U Music APAC (720p),https://s3.itcnbd.live/channel/6f6b7b6d25fbd0e6.m3u8,,,,B4UMusic.in@APAC,,,,https://dtil.tmsimg.com/assets/s158141_ld_h15_aa.png?lock=720x540,Music,,iptv-org-all.txt,1575,200,成功,h264,,有音频,15.553,未筛除,否,,,,,,,,,,,,,,,,,,未筛除
Bondi Rescue (1080p) [Geo-blocked],https://pb-xcqdiadvt1x0q.akamaized.net/playlist.m3u8,,,,,,,,,Undefined,640x360,iptv-org-all.txt,1575,200,成功,h264,29.97002997002997,有音频,2.660,未筛除,否,,,80.00,6,0.0196,8aaba1aa8a2f25de,4.58%,1.96%,1.96%,12.54,20.00,11.44,4.58,1.96,6,1.0000,2026-07-21 13:53:00,未筛除
Canal 79 Santa Clara del Mar (240p),https://streamconex.com:19360/santaclara-1/santaclara-1.m3u8,,,,Canal79SantaClaradelMar.ar@SD,,,,https://i.imgur.com/I93ypGY.png,Undefined,1920x1080,iptv-org-all.txt,918,200,成功,h264,30.0,有音频,0.897,未筛除,否,,,53.33,22,0.0692,0000000000000000,11.95%,3.77%,9.43%,30.38,46.67,28.88,11.95,6.60,6,1.0000,2026-07-21 18:42:00,未筛除
BeitolAbbas TV Channel (720p),https://live.beitolabbas.tv/live/beitolabbastv.m3u8,,,,BeitolAbbasTVChannel.iq@SD,,,,https://i.imgur.com/s8PfUQy.png,Religious,1280x720,iptv-org-all.txt,1287,200,成功,h264,25.0,有音频,2.441,未筛除,否,,,80.00,17,0.0535,d79d08f24c9dd8d0,8.81%,5.66%,5.66%,16.72,20.00,21.31,8.81,5.66,6,1.0000,2026-07-25 13:50:00,未筛除
Bursa AS TV (900p),https://live.artidijitalmedya.com/artidijital_astv/astv/playlist.m3u8,,,,ASTV.tr@SD,,,,https://asset.artidijitalmedya.com/image/188x188/channels/v1/logo_13.png,News,1920x1080,iptv-org-all.txt,2709,200,成功,h264,50.0,有音频,5.149,未筛除,否,,,100.00,4,0.0133,c4d91b646e3f3198,2.67%,2.00%,2.00%,1.15,0.00,1.40,2.67,2.00,6,1.0000,2026-07-22 00:21:00,未筛除
Camera dei Deputati (via RR) (240p),https://video-ar.radioradicale.it/diretta/camera2/playlist.m3u8,,,,CameradeiDeputati.it@SD,,,,https://i.imgur.com/hv4zi9N.png,Legislative,640x360,iptv-org-all.txt,1216,200,成功,h264,20.0,有音频,4.618,未筛除,否,,,86.67,13,0.0417,c93fc9c13760364e,8.65%,3.85%,5.77%,11.85,13.33,14.36,8.65,4.81,6,1.0000,2026-07-21 13:53:00,未筛除
BBC News Pashto (720p),https://vs-cmaf-pushb-ww.live.cf.md.bbci.co.uk/x=4/i=urn:bbc:pips:service:bbc_afghan_tv/pc_hd_abr_v2.mpd,,,,BBCNewsPashto.uk@HD,,,,https://static.files.bbci.co.uk/ws/simorgh-assets/public/pashto/images/metadata/poster-1024x576.png,Undefined,1280x720,iptv-org-all.txt,888,200,成功,h264,200.0,有音频,3.299,未筛除,否,,,,,,,,,,,,,,,,,,未筛除
Canal 11 (1080p),http://190.11.225.124:5000/live/canal11_hd/playlist.m3u8,,,,Canal11.hn@SD,,,,https://i.imgur.com/Sht2Rd4.png,General,1280x720,iptv-org-all.txt,75,200,成功,h264,59.94005994005994,有音频,0.849,未筛除,否,,,80.00,6,0.0192,a3a479ea4ad434a7,5.77%,1.92%,1.92%,21.03,20.00,38.95,5.77,1.92,6,1.0000,2026-07-22 03:08:00,未筛除
BMC-HD TV (720p),https://livestream.telvue.com/belmontmedia4/f7b44cfafd5c52223d5498196c8a2e7b.sdp/playlist.m3u8,,,,BMCHDTV.us@SD,,,,https://i.imgur.com/c9LiTz0.png,General,416x234,iptv-org-all.txt,129,200,成功,h264,29.97002997002997,有音频,4.907,未筛除,否,,,86.67,8,0.0261,c4d23b2fb791684c,6.54%,2.00%,4.00%,14.89,13.33,26.51,6.54,3.00,6,0.9804,2026-07-24 03:15:00,未筛除
Bolt (576p),http://hls127.freeott.top:8080/Bolt/video.m3u8,,,,Bolt.ru@SD,,,,https://i.imgur.com/YdIHXOR.png,Movies;Series,720x576,iptv-org-all.txt,2073,200,成功,h264,50.0,有音频,0.894,未筛除,否,,,60.00,5,0.0163,b3c718cdcf283326,4.25%,1.96%,1.96%,24.65,40.00,25.35,4.25,1.96,6,1.0000,2026-08-02 23:47:00,未筛除
Beyond the Gates,https://jmp2.uk/plu-687ff00ff6bc08130f16ab81.m3u8,,,,BeyondtheGates.us@SD,,,,https://images.pluto.tv/channels/687ff00ff6bc08130f16ab81/colorLogoPNG_1755074273752.png,Entertainment,1280x720,iptv-org-all.txt,1946,200,成功,h264,30.0,有音频,2.663,未筛除,否,,,80.00,9,0.0283,d1b4260b3c4b7a3d,6.60%,3.77%,3.77%,14.77,20.00,16.91,6.60,3.77,6,1.0000,2026-07-28 01:13:00,未筛除
BOKTV (720p) [Not 24/7],https://livestream2.bokradio.co.za/hls/Bok5c.m3u8,,,,BOKTV.za@SD,,,,https://i.imgur.com/mcNjuuO.png,Music,1280x720,iptv-org-all.txt,2276,200,成功,h264,25.0,有音频,15.911,未筛除,否,,,100.00,6,0.0204,edec16646634c23d,4.08%,50.00%,50.00%,23.32,0.00,58.33,4.08,50.00,0,0.0408,2026-07-27 02:43:00,未筛除
Canal 3 Las Heras (720p),https://stream.arcast.com.ar/canal3/canal3/playlist.m3u8,,,,Canal3LasHeras.ar@SD,,,,https://i.imgur.com/bd2afET.png,Undefined,1920x1080,iptv-org-all.txt,1401,200,成功,h264,25.0,有音频,1.964,未筛除,否,,,73.33,66,0.2245,c4317f80b8ae9997,37.41%,22.92%,22.92%,31.82,26.67,37.92,37.41,22.92,6,0.9796,2026-07-20 02:40:00,未筛除
Bloomberg Originals (1080p),https://bloomberg.com/media-manifest/streams/qt.m3u8,,,,BloombergOriginals.us@US,,,,https://jiotvimages.cdn.jio.com/dare_images/images/Bloomberg_Originals.png,Business;Documentary,480x272,iptv-org-all.txt,1820,200,成功,h264,29.97002997002997,有音频,7.307,未筛除,否,,,60.00,6,0.0196,c46ebd392b962ec0,5.56%,1.96%,1.96%,23.21,40.00,19.67,5.56,1.96,6,1.0000,2026-07-25 00:18:00,未筛除
Canal 3 KMK TV (720p),https://live20.bozztv.com/giatv/giatv-KMKTV/KMKTV/chunks.m3u8,,,,Canal3KMKTV.cr@SD,,,,https://i.imgur.com/sgRDRBK.jpg,Music,1280x720,iptv-org-all.txt,34,200,成功,h264,29.97002997002997,有音频,0.906,未筛除,否,,,53.33,6,0.0204,93d1ddc591872723,6.12%,2.04%,2.04%,28.87,46.67,29.24,6.12,2.04,6,1.0000,2026-07-24 03:15:00,未筛除
Cadena A (720p) [Not 24/7],https://5fe2654d6127d.streamlock.net/cadenaa/videocadenaa/playlist.m3u8,,,,CadenaA.bo@SD,,,,https://i.imgur.com/BxQPPAA.png,General,1280x720,iptv-org-all.txt,939,200,成功,h264,29.97002997002997,有音频,1.133,未筛除,否,,,33.33,12,0.0541,cf9938666564669a,10.81%,5.41%,5.41%,39.89,66.67,35.06,10.81,5.41,6,1.0000,2026-07-26 23:41:00,未筛除
BMG TV,https://tv.nucast.tv/lb/ge/bmg/index.m3u8,,,,BMGTV.ge@SD,,,,https://i.imgur.com/vGLkTPA.png,Business,1920x1080,iptv-org-all.txt,1857,200,成功,h264,25.0,有音频,4.268,未筛除,否,,,93.33,6,0.0204,e3fc03bed502bc41,4.08%,2.08%,2.08%,5.00,6.67,4.38,4.08,2.08,6,0.9796,2026-08-01 14:06:00,未筛除
Badakhshon (576p),https://live.teleradiocom.tj/11/3m.m3u8,,,,Badakhshon.tj@SD,,,,https://i.imgur.com/iK6AmkZ.png,General,720x576,iptv-org-all.txt,1514,200,成功,h264,25.0,有音频,9.327,未筛除,否,,,100.00,84,0.2800,fe00000000000000,28.67%,93.33%,93.33%,34.67,0.00,65.33,28.67,93.33,0,0.3000,2026-07-20 02:40:00,未筛除
Beyond Belief: Fact or Fiction,https://jmp2.uk/plu-611f85396abc84000738417b.m3u8,,,,BeyondBeliefFactorFiction.us@UK,,,,https://i.imgur.com/3uXQg7Y.png,Undefined,1216x684,iptv-org-all.txt,2351,200,成功,h264,30.0,有音频,1.865,未筛除,否,,,60.00,11,0.0346,e5d4113b0ec91d9d,9.12%,3.77%,5.66%,23.97,40.00,18.93,9.12,4.72,6,1.0000,2026-07-23 18:50:00,未筛除
Beavis and Butt-Head,https://jmp2.uk/plu-6486e8b48e3c0a0008e56914.m3u8,,,,BeavisandButtHead.se@SE,,,,https://images.pluto.tv/channels/6486e8984cfc2c0008b6844e/colorLogoPNG.png,Comedy,1216x684,iptv-org-all.txt,1771,200,成功,h264,30.0,有音频,1.613,未筛除,否,,,93.33,42,0.1321,cdc36763d91a303c,18.87%,15.09%,16.98%,14.36,6.67,21.04,18.87,16.04,6,1.0000,2026-07-21 00:21:00,未筛除
Bloomberg TV US Live Event (720p),https://bloomberg.com/media-manifest/streams/us-event.m3u8,,,,BloombergTV.us@LiveEvent,,,,https://i.imgur.com/OuogLHx.png,Business,480x272,iptv-org-all.txt,771,200,成功,h264,29.97002997002997,有音频,2.481,未筛除,否,,,53.33,10,0.0327,96c269396d6c934b,7.19%,1.96%,3.92%,33.08,46.67,42.27,7.19,2.94,6,1.0000,2026-07-27 02:43:00,未筛除
BVB-Frauen,https://jmp2.uk/plu-66337ea1307fa300082c28a0.m3u8,,,,,,,,,Undefined,1216x684,iptv-org-all.txt,775,200,成功,h264,30.0,有音频,2.652,未筛除,否,,,86.67,20,0.0654,d1b4260b3c4b7a3d,16.99%,7.84%,7.84%,14.43,13.33,16.38,16.99,7.84,6,1.0000,2026-07-23 13:52:00,未筛除
British Screen Classics (1080p),https://amg00654-itv-amg00654c25-samsung-gb-4838.playouts.now.amagi.tv/playlist.m3u8,,,,,,,,,Undefined,1920x1080,iptv-org-all.txt,570,200,成功,h264,25.0,有音频,5.892,未筛除,否,,,86.67,3,0.0098,c0bc3333e06e6d93,2.94%,1.96%,1.96%,8.04,13.33,6.41,2.94,1.96,6,1.0000,2026-07-24 03:15:00,未筛除
Billboard TV (1080p),https://d2zmd59prfyzho.cloudfront.net/Billboard_TV.m3u8,,,,,,,,,Undefined,1920x1080,iptv-org-all.txt,1101,200,成功,h264,29.97002997002997,有音频,2.235,未筛除,否,,,93.33,5,0.0157,8e77887d310ef912,4.09%,1.89%,1.89%,7.08,6.67,11.36,4.09,1.89,6,1.0000,2026-07-23 00:11:00,未筛除
C Star (1080p),http://145.239.5.177/361/index.m3u8,,,,CStar.fr@SD,,,,https://i.imgur.com/w4kAX1V.png,Entertainment,1920x1080,iptv-org-all.txt,222,200,成功,hevc,50.0,有音频,1.569,未筛除,否,,,73.33,6,0.0200,da87a57a4aa5315a,5.33%,2.00%,2.00%,17.98,26.67,20.16,5.33,2.00,6,1.0000,2026-07-30 01:01:00,未筛除
Better Life TV (720p),https://tgn.bozztv.com/betterlife/betterlife/betterlife/index.m3u8,,,,BetterLifeTV.us@SD,,,,https://i.imgur.com/OWI7Y0l.png,Religious,1280x720,iptv-org-all.txt,1351,200,成功,h264,29.97002997002997,有音频,1.108,未筛除,否,,,80.00,6,0.0189,c0c06ac3e79b25db,5.66%,1.89%,1.89%,16.14,20.00,22.72,5.66,1.89,6,1.0000,2026-07-23 00:11:00,未筛除
Black Enterprise Streaming Network (1080p),https://videoelephant-limited-blackenterprisestreamingnetwork-1-us.ohlscdn.wurl.tv/playlist.m3u8,,,,,,,,,Undefined,1920x1080,iptv-org-all.txt,1392,200,成功,h264,29.97002997002997,有音频,2.283,未筛除,否,,,73.33,39,0.1275,ccce6c9c33333331,17.97%,11.76%,11.76%,23.95,26.67,28.37,17.97,11.76,6,1.0000,2026-07-22 13:56:00,未筛除
BUM Televisión (720p) [Not 24/7],https://movil.ejeserver.com/live/visiondorada.m3u8,,,,BUMTelevision.co@SD,,,,https://i.imgur.com/I0eGYI0.png,General,1280x720,iptv-org-all.txt,61,200,成功,h264,29.97002997002997,有音频,0.947,未筛除,否,,,53.33,6,0.0196,fd0325d84c3772ac,5.88%,1.96%,1.96%,33.05,46.67,43.37,5.88,1.96,6,1.0000,2026-07-20 19:21:00,未筛除
Cadena TV SD,https://live-evg10.tv360.bitel.com.pe/bitel/cadenatv/playlist.m3u8,,,,CadenaTV.pe@SD,,,,https://i.imgur.com/stvzqzd.png,Undefined,1280x720,iptv-org-all.txt,505,200,成功,h264,59.94005994005994,有音频,1.601,未筛除,否,,,86.67,6,0.0200,912b4ce633b94ecc,6.00%,4.08%,2.04%,14.24,13.33,24.67,6.00,3.06,6,0.9800,2026-07-23 18:50:00,未筛除
BuzzFeed Unsolved (1080p),https://d1727vwt6h9ghr.cloudfront.net/BuzzFeed_Unsolved.m3u8,,,,,,,,,Undefined,1920x1080,iptv-org-all.txt,1352,200,成功,h264,29.97002997002997,有音频,2.874,未筛除,否,,,93.33,7,0.0229,cd39c6a630ce34d3,6.54%,3.92%,5.88%,7.10,6.67,8.78,6.54,4.90,6,1.0000,2026-07-22 03:08:00,未筛除
BNT 2 (1080p),https://shift03.isp.bg/BNT2_HD/index.m3u8,,,,BNT2.bg@SD,,,,https://i.imgur.com/FyTUr9Q.png,General,1920x1080,iptv-org-all.txt,1277,200,成功,h264,25.0,有音频,4.774,未筛除,否,,,100.00,2,0.0185,cbf3f4ec8b82a442,4.63%,5.88%,5.88%,1.68,0.00,0.55,4.63,5.88,6,0.9444,2026-07-28 01:13:00,未筛除
Barbie & Friends,https://jmp2.uk/plu-686e7499e0ecf0e0cc25dbe3.m3u8,,,,,,,,,Undefined,1216x684,iptv-org-all.txt,705,200,成功,h264,30.0,有音频,1.286,未筛除,否,,,93.33,15,0.0481,cdc36763d91a303c,6.73%,5.77%,5.77%,8.01,6.67,11.40,6.73,5.77,6,1.0000,2026-07-23 03:04:00,未筛除
beIN SPORTS XTRA en Espanol (1080p),http://201.190.41.246:9060/play/a03y/index.m3u8,,,,beINSPORTSXTRAenEspanol.us@SD,,,,https://i.imgur.com/V562tpO.png,Sports,1920x1080,iptv-org-all.txt,172,200,成功,h264,29.97002997002997,有音频,1.007,未筛除,否,,,86.67,3,0.0263,f2b03df6a72d9102,6.14%,5.26%,5.26%,8.71,13.33,5.40,6.14,5.26,6,1.0000,2026-08-02 02:41:00,未筛除
Canal 5 Santa Fe (240p),https://stream.arcast.com.ar/c5sf/c5sf/playlist.m3u8,,,,Canal5SantaFe.ar@SD,,,,https://i.imgur.com/WX0esjQ.png,Undefined,1280x720,iptv-org-all.txt,35,200,成功,h264,25.0,有音频,1.201,未筛除,否,,,80.00,6,0.0244,c660393e3e0bb273,7.32%,2.44%,2.44%,17.49,20.00,25.95,7.32,2.44,6,1.0000,2026-08-02 02:41:00,未筛除
C-SPAN (1080p),https://gpuserver3.tier1streams.com/C-SPAN_HD/index.m3u8,,,,CSPAN.us@SD,,,,https://upload.wikimedia.org/wikipedia/commons/thumb/f/f7/C-SPAN_Logo_%282019%29.svg/960px-C-SPAN_Logo_%282019%29.svg.png,Legislative,1920x1080,iptv-org-all.txt,27,200,成功,h264,59.94005994005994,有音频,1.154,未筛除,否,,,86.67,5,0.0194,0000000000000000,5.81%,2.33%,2.33%,12.33,13.33,18.67,5.81,2.33,6,1.0000,2026-07-26 02:50:00,未筛除
B4U Music (576p),https://cdn-2.pishow.tv/live/415/master.m3u8,,,,B4UMusic.in@India,,,,https://dtil.tmsimg.com/assets/s158141_ld_h15_aa.png?lock=720x540,Music,424x240,iptv-org-all.txt,1834,200,成功,h264,25.0,有音频,15.961,未筛除,否,,,100.00,2,0.0065,e5e81b36704f2935,1.31%,2.27%,2.27%,9.49,0.00,30.00,1.31,2.27,0,0.8627,2026-07-24 03:15:00,未筛除
aurLife HD (614p),http://124.109.47.101/hls/stream1.m3u8,,,,aurLifeHD.pk@SD,,,,https://i.imgur.com/GfWLn3O.jpg,General,1280x720,iptv-org-all.txt,543,200,成功,h264,30.0,有音频,3.025,未筛除,否,,,93.33,18,0.0588,f0f0f0f0f0f0f0f0,9.15%,6.38%,6.38%,7.28,6.67,7.15,9.15,6.38,6,0.9216,2026-07-21 13:53:00,未筛除
B4U Bhojpuri (1080p),https://cdnb4u.wiseplayout.com/B4U_Bhojpuri/master.m3u8,,,,B4UBhojpuri.in@SD,,,,https://i.imgur.com/NwOQUDp.png,Movies,384x216,iptv-org-all.txt,1101,200,成功,h264,25.0,有音频,4.652,未筛除,否,,,93.33,2,0.0065,b0284d9f33e42f39,1.96%,1.96%,1.96%,5.12,6.67,6.22,1.96,1.96,6,1.0000,2026-08-03 23:42:00,未筛除
AXN Latin America Andes (1080p),http://138.186.23.7:8082/AXN/index.m3u8,,,,AXNLatinAmerica.us@Andes,,,,https://upload.wikimedia.org/wikipedia/commons/thumb/5/52/AXN_logo_%282015%29.svg/960px-AXN_logo_%282015%29.svg.png,Movies,1920x1080,iptv-org-all.txt,214,200,成功,h264,29.97002997002997,有音频,1.153,未筛除,否,,,73.33,4,0.0167,9b33ccb82658669b,5.00%,2.50%,2.50%,18.50,26.67,21.93,5.00,2.50,6,1.0000,2026-07-21 03:43:00,未筛除
Canal 21 Táchira (360p),https://stmv2.voxtvhd.com.br/canal21/canal21/playlist.m3u8,,,,Canal21Tachira.ve@SD,,,,https://i.imgur.com/7Tb7CF4.jpg,General,1280x720,iptv-org-all.txt,2103,200,成功,h264,30.0,有音频,1.385,未筛除,否,,,0.00,36,0.1154,9b2c66d316cc21cf,28.85%,11.76%,11.76%,61.85,100.00,49.69,28.85,11.76,6,0.9808,2026-07-26 14:01:00,未筛除
Canal 5 TV Cozumel (1080p),https://video0.rogohosting.com:19360/tvcozumel/tvcozumel.m3u8,,,,Canal5TVCozumel.mx@SD,,,,https://i.imgur.com/0nzNMuP.jpeg,General,1280x720,iptv-org-all.txt,1223,200,成功,h264,60.0,有音频,1.190,未筛除,否,,,86.67,4,0.0131,a4c6cb7c75168b83,3.92%,2.04%,2.04%,11.01,13.33,15.62,3.92,2.04,6,0.9608,2026-07-22 00:21:00,未筛除
BNT 4 (1080p),https://shift03.isp.bg/BNT4_HD/index.m3u8,,,,BNT4.bg@SD,,,,https://i.imgur.com/Lw8b3yu.png,General,1920x1080,iptv-org-all.txt,1035,200,成功,h264,25.0,有音频,4.987,未筛除,否,,,100.00,4,0.0370,b737c0ca3e640d72,7.41%,5.88%,5.88%,2.81,0.00,2.47,7.41,5.88,6,0.9444,2026-08-03 02:41:00,未筛除
Campfire Vibes (1080p),https://d1bcz21zn68he1.cloudfront.net/playlist.m3u8,,,,,,,,,Undefined,640x360,iptv-org-all.txt,249,200,成功,hevc,29.97002997002997,有音频,2.683,未筛除,否,,,93.33,33,0.1058,cdd9997252d252d2,18.91%,15.38%,3.85%,13.60,6.67,20.64,18.91,9.62,6,1.0000,2026-07-20 02:40:00,未筛除
Canal 14 San Carlos (720p) [Not 24/7],http://tvn.obix.tv:1935/TVN/CH14.stream_720p/playlist.m3u8,,,,TVN14.cr@SD,,,,https://i.imgur.com/1aNEo6U.png,Undefined,1280x720,iptv-org-all.txt,1945,200,成功,h264,29.97002997002997,有音频,1.650,未筛除,否,,,86.67,6,0.0192,871979eb946a548b,5.45%,1.92%,1.92%,14.29,13.33,25.58,5.45,1.92,6,1.0000,2026-07-31 00:30:00,未筛除
Atlantis Radio TV (720p),https://live-evg8.tv360.bitel.com.pe/bitel/atlantisSRT/playlist.m3u8,,,,AtlantisRadioTV.pe@SD,,,,https://i.imgur.com/1eB9roP.png,General,1280x720,iptv-org-all.txt,3902,200,成功,h264,30.0,有音频,3.437,未筛除,否,,,60.00,4,0.0256,903b39e33cc6646e,7.05%,3.85%,3.85%,19.79,40.00,6.64,7.05,3.85,6,1.0000,2026-08-03 23:42:00,未筛除
AWE International (720p),https://a-cdn.klowdtv.com/live1/aweint/playlist.m3u8,,,,AWEInternational.us@SD,,,,https://i.imgur.com/VhxtMUQ.png,General,,iptv-org-all.txt,82,200,成功,h264,,有音频,3.192,未筛除,否,,,100.00,5,0.0160,dbe196c9603359c6,4.17%,1.92%,1.92%,3.39,0.00,7.90,4.17,1.92,6,1.0000,2026-07-22 03:08:00,未筛除
BTB Music (1080p),https://panel.btb.j00r.us/memfs/ebaffae6-0086-49d7-843d-57f2c561de86.m3u8,,,,BTBMusic.pl@SD,,,,https://btb.j00r.us/images/logo_BTBMusic.webp,Music,1600x900,iptv-org-all.txt,2042,200,成功,h264,50.0,有音频,4.367,未筛除,否,,,93.33,28,0.0915,9583687e6a956693,16.34%,7.84%,9.80%,9.89,6.67,10.25,16.34,8.82,6,1.0000,2026-07-22 13:56:00,未筛除
Blue Mountain State,https://jmp2.uk/plu-67ff7dd84906b1acfad97330.m3u8,,,,,,,,,Undefined,1216x684,iptv-org-all.txt,693,200,成功,h264,30.0,有音频,2.852,未筛除,否,,,73.33,14,0.0458,cdc36763d91a303c,10.78%,5.88%,7.84%,17.52,26.67,13.36,10.78,6.86,6,1.0000,2026-07-23 13:52:00,未筛除
Best of Paradise Hotel: Kyssar & kärlek,https://jmp2.uk/plu-65b1077e0d9ab40008245b20.m3u8,,,,BestofParadiseHotelKyssarkarlek.se@SE,,,,https://images.pluto.tv/channels/65b1077e0d9ab40008245b20/colorLogoPNG.png,Entertainment,1216x684,iptv-org-all.txt,1816,200,成功,h264,30.0,有音频,2.169,未筛除,否,,,86.67,10,0.0314,8a2a2d1f939968f6,8.49%,3.77%,3.77%,11.34,13.33,13.12,8.49,3.77,6,1.0000,2026-07-29 19:13:00,未筛除
BNT 3 (1080p),https://shift03.isp.bg/BNT3_HD/index.m3u8,,,,BNT3.bg@SD,,,,https://i.imgur.com/pPpSJ4u.png,General,1920x1080,iptv-org-all.txt,1172,200,成功,h264,25.0,有音频,5.437,未筛除,否,,,100.00,2,0.0185,bea5c74a81a9c9b4,3.70%,5.56%,5.56%,1.37,0.00,0.26,3.70,5.56,6,1.0000,2026-08-02 23:47:00,未筛除
Bloomberg TV EMEA Live Event (720p),https://bloomberg.com/media-manifest/streams/eu-event.m3u8,,,,BloombergTV.us@EMEALiveEvent,,,,https://i.imgur.com/OuogLHx.png,Business,480x272,iptv-org-all.txt,1060,200,成功,h264,29.97002997002997,有音频,2.767,未筛除,否,,,53.33,6,0.0196,c3803cfc3c5b436e,5.88%,1.96%,1.96%,32.80,46.67,42.55,5.88,1.96,6,1.0000,2026-07-21 00:21:00,未筛除
Barbie & Friends,https://jmp2.uk/plu-686cfdf894a028da3aac4252.m3u8,,,,,,,,,Undefined,1216x684,iptv-org-all.txt,650,200,成功,h264,30.0,有音频,1.266,未筛除,否,,,86.67,10,0.0321,cdc36763d91a303c,5.77%,3.85%,3.85%,10.02,13.33,10.50,5.77,3.85,6,1.0000,2026-07-28 03:53:00,未筛除
Canal 5 TV Max (1080p),https://tvmaxsa.com.py/hls/FB-430927919930380-0-AbzjnbAzAIR0NaFg.m3u8,,,,Canal5TVMax.py@SD,,,,https://i.imgur.com/6oihaDM.png,General,1920x1080,iptv-org-all.txt,1181,200,成功,h264,30.0,有音频,1.121,未筛除,否,,,86.67,4,0.0155,953569696c946d0f,4.65%,2.33%,2.33%,11.51,13.33,16.71,4.65,2.33,6,1.0000,2026-07-24 03:15:00,未筛除
Bruno Masi TV (720p),https://rds3.desdeparaguay.net/brunomasitv/brunomasitv/playlist.m3u8,,,,BrunoMasiTV.py@SD,,,,https://i.ibb.co/QFmyjZN/unnamed-1.png,General,1920x1080,iptv-org-all.txt,343,200,成功,h264,25.0,有音频,1.834,未筛除,否,,,60.00,86,0.3981,99cee7110c139f93,52.78%,36.11%,38.89%,41.97,40.00,38.89,52.78,37.50,6,1.0000,2026-07-20 02:40:00,未筛除
Big 12 Studios (1080p),https://amg01258-raycom-amg01258c7-xumo-us-5514.playouts.now.amagi.tv/playlist.m3u8,,,,,,,,,Undefined,1920x1080,iptv-org-all.txt,1867,200,成功,h264,29.97002997002997,有音频,2.064,未筛除,否,,,93.33,4,0.0126,aad529943bc72ad4,3.77%,1.89%,1.89%,7.52,6.67,13.03,3.77,1.89,6,1.0000,2026-07-24 14:01:00,未筛除
BNT 1 (1080p),https://shift03.isp.bg/BNT1_HD/index.m3u8,,,,BNT1.bg@SD,,,,https://i.imgur.com/7JU9b5j.png,General,1920x1080,iptv-org-all.txt,1387,200,成功,h264,25.0,有音频,5.914,未筛除,否,,,100.00,1,0.0093,dc218126ce1ecf1f,2.78%,5.88%,5.88%,10.14,0.00,30.00,2.78,5.88,6,0.9444,2026-08-03 23:42:00,未筛除
Bansal News (720p),https://8yzmq2gbdvax-hls-live.wmncdn.net/bansalnewstv1/live1.stream/playlist.m3u8,,,,BansalNews.in@SD,,,,https://xstreamcp-assets-msp.streamready.in/assets/LIVETV/LIVECHANNEL/LIVETV_LIVETVCHANNEL_BANSAL_NEWS/images/LOGO_HD/image.png,News,1280x720,iptv-org-all.txt,2328,200,成功,h264,25.0,有音频,5.801,未筛除,否,,,93.33,5,0.1389,8d82f3922dac0ee7,33.33%,16.67%,16.67%,16.37,6.67,17.89,33.33,16.67,6,1.0000,2026-08-01 14:06:00,未筛除
Atacama Noticias (720p) [Not 24/7],https://v2.tustreaming.cl/atacamanoticias/index.m3u8,,,,AtacamaNoticias.cl@SD,,,,https://i.imgur.com/Avx4Ecf.png,News,1920x1080,iptv-org-all.txt,139,200,成功,h264,59.94005994005994,有音频,3.069,未筛除,否,,,93.33,5,0.0170,8c5328537da16eb5,3.74%,2.04%,2.04%,5.73,6.67,7.05,3.74,2.04,6,1.0000,2026-07-30 01:01:00,未筛除
BR6 TV (720p),https://58c04fb1d143f.streamlock.net/slob/slob/playlist.m3u8,,,,BR6TV.nl@SD,,,,https://i.imgur.com/NKtAiXu.png,Undefined,1280x720,iptv-org-all.txt,2141,200,成功,h264,25.0,有音频,3.004,未筛除,否,,,80.00,12,0.0392,d5ea0ff150f068d1,10.46%,6.00%,6.00%,17.61,20.00,23.05,10.46,6.00,6,0.9804,2026-07-20 19:21:00,未筛除
Beavis and Butt-Head,https://jmp2.uk/plu-6486e8984cfc2c0008b6844e.m3u8,,,,BeavisandButtHead.se@DK,,,,https://images.pluto.tv/channels/6486e8984cfc2c0008b6844e/colorLogoPNG.png,Comedy,1280x720,iptv-org-all.txt,2167,200,成功,h264,30.0,有音频,3.124,未筛除,否,,,80.00,11,0.0346,cdc36763d91a303c,8.81%,3.85%,3.85%,15.77,20.00,18.76,8.81,3.85,6,0.9811,2026-07-25 00:18:00,未筛除
Avatar,https://jmp2.uk/plu-656df599c0fc8800089c75ab.m3u8,,,,Avatar.de@GB,,,,https://images.pluto.tv/channels/656df599c0fc8800089c75ab/colorLogoPNG.png,Animation;Kids;Series,1024x576,iptv-org-all.txt,2385,200,成功,h264,30.0,有音频,1.075,未筛除,否,,,60.00,15,0.0490,cdc36763d91a303c,8.50%,5.88%,5.88%,23.75,40.00,18.21,8.50,5.88,6,1.0000,2026-07-25 13:50:00,未筛除
Canal Catorce (1080p) [Not 24/7],https://stream.haislin.com/14tv/index.m3u8,,,,CanalCatorce.do@SD,,,,https://i.imgur.com/iKLGBbA.png,General,1920x1080,iptv-org-all.txt,1062,200,成功,h264,30.0,有音频,0.696,未筛除,否,,,86.67,4,0.0126,c3993e62993ec649,3.46%,1.89%,1.89%,9.04,13.33,9.42,3.46,1.89,6,1.0000,2026-07-30 01:01:00,未筛除
Canal IPe (720p),http://187.102.210.46/IPE/index.m3u8,,,,CanalIPe.pe@SD,,,,https://upload.wikimedia.org/wikipedia/commons/thumb/2/28/Identidad_Peruana_ipe_2020.png/960px-Identidad_Peruana_ipe_2020.png,Family,1280x720,iptv-org-all.txt,343,200,成功,h264,,有音频,1.866,未筛除,否,,,80.00,4,0.0126,910f6cf30f62971c,3.14%,1.89%,1.89%,11.17,20.00,7.84,3.14,1.89,6,1.0000,2026-07-31 14:15:00,未筛除
Bonanza,https://jmp2.uk/plu-696e647b07ea70192d49f6a5.m3u8,,,,Bonanza.us@CA,,,,https://images.pluto.tv/channels/696e647b07ea70192d49f6a5/colorLogoPNG_1768842647658.png,Movies;Series,1216x684,iptv-org-all.txt,662,200,成功,h264,30.0,有音频,1.383,未筛除,否,,,93.33,19,0.0621,d1b4260b3c4b7a3d,9.48%,8.00%,8.00%,9.98,6.67,15.40,9.48,8.00,6,0.9804,2026-07-24 03:15:00,未筛除
BeJoy.kids (1080p),https://64b16f23efbee.streamlock.net/bejoy/bejoy/playlist.m3u8,,,,BeJoykids.it@HD,,,,https://bejoy.kids/wp-content/uploads/2025/09/Logo_Bejoy.png,Kids,1920x1080,iptv-org-all.txt,1244,200,成功,h264,25.0,有音频,3.242,未筛除,否,,,93.33,6,0.0189,adada5a5a5a55252,4.40%,1.96%,1.96%,7.70,6.67,13.18,4.40,1.96,6,0.9623,2026-07-24 14:01:00,未筛除
BBC America (720p),http://23.239.31.26:8989/bbcamerica/index.m3u8,,,,BBCAmerica.us@East,,,,https://i.imgur.com/pTiiPz0.png,Entertainment,1280x720,iptv-org-all.txt,50,200,成功,mpeg2video,59.94005994005994,有音频,0.259,未筛除,否,,,80.00,6,0.0189,afeb855294789a31,5.66%,1.89%,1.89%,18.46,20.00,30.47,5.66,1.89,6,1.0000,2026-07-20 14:13:00,未筛除
Audiokiss (1080p),https://master.tucableip.com/audiokisstv/index.m3u8,,,,Audiokiss.bo@SD,,,,https://www.audiokiss.com/audiokiss/wp-content/uploads/sites/4/2021/02/Audio_kiss800-768x405.png,Music,1920x1080,iptv-org-all.txt,997,200,成功,h264,29.97002997002997,有音频,3.219,未筛除,否,,,100.00,2,0.0065,f900f08ffa74065b,1.96%,1.96%,1.96%,1.74,0.00,3.84,1.96,1.96,6,1.0000,2026-07-20 02:40:00,未筛除
Bloomberg TV Asia Live Event (720p),https://bloomberg.com/media-manifest/streams/asia-event.m3u8,,,,BloombergTV.us@AsiaLiveEvent,,,,https://i.imgur.com/OuogLHx.png,Business,480x272,iptv-org-all.txt,1353,200,成功,h264,29.97002997002997,有音频,5.151,未筛除,否,,,73.33,6,0.0196,87cb29b46626c66b,5.88%,1.96%,1.96%,22.61,26.67,35.23,5.88,1.96,6,1.0000,2026-07-21 00:21:00,未筛除
Bilyonaryo News Channel (1080p),https://streams.comclark.com/transcode/bilyonaryo/playlist.m3u8,,,,BilyonaryoNewsChannel.ph@SD,,,,https://i.imgur.com/iTH9Z0j.png,Business,1920x1080,iptv-org-all.txt,2536,200,成功,h264,60.0,有音频,4.673,未筛除,否,,,100.00,3,0.0094,cafb333fcd84011a,2.83%,1.89%,1.89%,1.47,0.00,2.38,2.83,1.89,6,1.0000,2026-07-20 19:21:00,未筛除
BR8 TV,https://cdn.live.br1.jmvstream.com/w/LVW-11668/ngrp:LVW11668_wiJpjbMrks_all/playlist.m3u8,,,,BR8TV.br@SD,,,,https://i.ibb.co/1QZv2q1/Br8-fb-graph.png,News,640x360,iptv-org-all.txt,156,200,成功,h264,23.976023976023978,有音频,2.660,未筛除,否,,,73.33,30,0.1111,a55aa55a5aa55aa5,14.44%,13.51%,13.51%,18.92,26.67,13.37,14.44,13.51,6,0.8222,2026-07-25 13:50:00,未筛除
AT5,https://takeoff.jetstre.am/?account=atvijf&file=live&output=playlist.m3u8&protocol=https&service=wowza&type=live,,,,AT5.nl@SD,,,,https://i.imgur.com/iAiSlEL.png,General,1920x1080,iptv-org-all.txt,2254,200,成功,h264,50.0,有音频,4.088,未筛除,否,,,100.00,2,0.0065,9494d2915f8f8cec,1.96%,2.00%,2.00%,1.43,0.00,2.80,1.96,2.00,6,0.9804,2026-07-20 14:13:00,未筛除
Canal 11 de la Costa (720p),https://vivo.solumedia.com:19360/dadaproductora/dadaproductora.m3u8,,,,Canal11delaCosta.ar@SD,,,,https://i.imgur.com/yYExcq1.jpg,Undefined,1280x720,iptv-org-all.txt,72,200,成功,h264,25.0,有音频,1.114,未筛除,否,,,53.33,6,0.0204,843e51e7dac53dc0,6.12%,2.13%,2.13%,30.14,46.67,33.46,6.12,2.13,6,0.9592,2026-07-21 00:21:00,未筛除
Bonanza,https://jmp2.uk/plu-68e9913c4a666b9054849832.m3u8,,,,Bonanza.us@SD,,,,https://images.pluto.tv/channels/696e647b07ea70192d49f6a5/colorLogoPNG_1768842647658.png,Movies;Series,1216x684,iptv-org-all.txt,649,200,成功,h264,30.0,有音频,1.095,未筛除,否,,,80.00,30,0.0980,d1b4260b3c4b7a3d,16.34%,11.76%,11.76%,17.74,20.00,17.66,16.34,11.76,6,1.0000,2026-07-26 14:01:00,未筛除
Canal 38 (720p),https://cdn.jmvstream.com/w/LVW-8503/LVW8503_d0V5oduFlK/playlist.m3u8,,,,Canal38.br@SD,,,,https://i.imgur.com/co7TCWC.png,News,1280x720,iptv-org-all.txt,301,200,成功,h264,29.97002997002997,有音频,1.988,未筛除,否,,,86.67,5,0.0160,9098c6307e53bbe6,3.21%,1.92%,1.92%,7.67,13.33,5.03,3.21,1.92,6,1.0000,2026-07-20 19:21:00,未筛除
Bob Esponja Calça Quadrada (720p),https://jmp2.uk/plu-62545c0b002f4b0007688b61.m3u8,,,,BobEsponjaCalcaQuadrada.us@BR,,,,https://images.pluto.tv/channels/62545c0b002f4b0007688b61/colorLogoPNG.png,Kids,1280x720,iptv-org-all.txt,2388,200,成功,h264,30.0,有音频,1.275,未筛除,否,,,80.00,8,0.0261,cdc36763d91a303c,4.90%,1.96%,3.92%,12.60,20.00,11.07,4.90,2.94,6,1.0000,2026-07-20 14:13:00,未筛除
Bloodline Detectives (1080p),https://4399c7ad.wurl.com/master/f36d25e7e52f1ba8d7e56eb859c636563214f541/U2Ftc3VuZy1nYl9NZWRpY2FsRGV0ZWN0aXZlc19ITFM/playlist.m3u8,,,,,,,,,Undefined,1920x1080,iptv-org-all.txt,1091,200,成功,h264,29.97002997002997,有音频,3.174,未筛除,否,,,86.67,5,0.0163,df3a20624e4dd98d,4.25%,1.96%,1.96%,8.71,13.33,7.78,4.25,1.96,6,1.0000,2026-07-23 03:04:00,未筛除
BET Visionaries,https://jmp2.uk/plu-663946c1b18d700008d9c168.m3u8,,,,BETVisionaries.us@SD,,,,https://images.pluto.tv/channels/663946c1b18d700008d9c168/colorLogoPNG_1759338795452.png,Movies,1216x684,iptv-org-all.txt,651,200,成功,h264,30.0,有音频,1.120,未筛除,否,,,86.67,10,0.0314,d1b4260b3c4b7a3d,7.86%,3.77%,3.77%,13.70,13.33,21.40,7.86,3.77,6,1.0000,2026-07-26 02:50:00,未筛除
Best of MTV,https://jmp2.uk/plu-632afc466699570007ed1106.m3u8,,,,BestofMTV.se@NO,,,,https://images.pluto.tv/channels/632aff5e44111b00076ad9b1/colorLogoPNG_1767773210944.png,Entertainment,1280x720,iptv-org-all.txt,1007,200,成功,h264,30.0,有音频,1.659,未筛除,否,,,93.33,15,0.0472,9865279ae4d931ce,9.75%,5.66%,5.66%,9.28,6.67,13.65,9.75,5.66,6,1.0000,2026-08-01 04:09:00,未筛除
BET (720p),https://gpuserver3.tier1streams.com/BET_EAST/index.m3u8,,,,BET.us@East,,,,https://i.imgur.com/copIbc9.png,Undefined,1024x576,iptv-org-all.txt,27,200,成功,h264,29.97002997002997,有音频,1.204,未筛除,否,,,33.33,5,0.0439,e7ce9992ce653230,13.16%,5.26%,5.26%,35.94,66.67,20.39,13.16,5.26,6,1.0000,2026-08-03 23:42:00,未筛除
Bull,https://jmp2.uk/plu-6964b982ca459f9b939da8e6.m3u8,,,,Bull.se@DK,,,,https://images.pluto.tv/channels/6964b982ca459f9b939da8e6/colorLogoPNG_1770900947317.png,Series,1216x684,iptv-org-all.txt,652,200,成功,h264,30.0,有音频,1.575,未筛除,否,,,93.33,14,0.0467,cdc36763d91a303c,11.00%,4.00%,10.00%,8.98,6.67,11.39,11.00,7.00,6,1.0000,2026-07-22 03:08:00,未筛除
Barney and Friends (720p),https://d3vm2nhw5t7pkh.cloudfront.net/v1/cinedigm_entertainment_corp_barneyandfriends_1/samsungheadend_us/latest/main/hls/playlist.m3u8,,,,,,,,,Undefined,1280x720,iptv-org-all.txt,1595,200,成功,h264,29.97002997002997,有音频,3.148,未筛除,否,,,93.33,4,0.0128,d101bd750e36de51,3.21%,1.92%,1.92%,6.27,6.67,9.24,3.21,1.92,6,1.0000,2026-07-23 18:50:00,未筛除
Canal 8 C&C Producciones,https://video.hostingcaaguazu.com:19360/canal8cvs/canal8cvs.m3u8,,,,Canal8CCProducciones.py@SD,,,,https://i.imgur.com/SVj5fjg.jpg,General,1280x720,iptv-org-all.txt,1699,200,成功,h264,25.0,有音频,4.035,未筛除,否,,,100.00,9,0.0333,abababa9a9a95054,7.78%,2.22%,4.44%,3.76,0.00,6.22,7.78,3.33,6,1.0000,2026-07-25 23:46:00,未筛除
Brividy Cinema (720p),https://ixmediasrl-serially-1-it.rakuten.wurl.tv/playlist.m3u8,,,,,,,,,Undefined,1280x720,iptv-org-all.txt,525,200,成功,h264,29.97002997002997,有音频,1.373,未筛除,否,,,60.00,17,0.0556,8d48856372977a9e,11.76%,9.80%,3.92%,30.65,40.00,38.71,11.76,6.86,6,1.0000,2026-07-21 18:42:00,未筛除
Bialogardzka Telewizja Kablowa (1080p),https://bsmbialogard.pl/live/index.m3u8,,,,BialogardzkaTelewizjaKablowa.pl@HD,,,,https://btk.bsmbialogard.pl/sites/default/files/inline-images/logo%20header2%282%29.png,Entertainment,800x450,iptv-org-all.txt,2426,200,成功,h264,25.0,有音频,5.946,未筛除,否,,,100.00,19,0.0597,9dbd664a5a383585,13.21%,3.77%,5.66%,5.04,0.00,6.43,13.21,4.72,6,1.0000,2026-07-21 13:53:00,未筛除
Brionnais TV (720p),https://stream2.mandarine.media/brionnaistv/brionnaistv/playlist.m3u8,,,,BrionnaisTV.fr@SD,,,,https://i.imgur.com/y94bhqX.jpg,General,1280x720,iptv-org-all.txt,1501,200,成功,h264,25.0,有音频,4.382,未筛除,否,,,93.33,4,0.0131,d4f0d5cc34447e47,3.27%,1.96%,3.92%,5.65,6.67,6.77,3.27,2.94,6,1.0000,2026-07-21 00:21:00,未筛除
Canal Cine Dios,https://canal.mediaserver.com.co/live/cinedios.m3u8,,,,CanalCineDios.co@SD,,,,https://i.imgur.com/S4xqZgV.png,Movies,,iptv-org-all.txt,487,200,成功,h264,,有音频,9.953,未筛除,否,,,93.33,6,0.0208,9c84767b317b3033,5.90%,2.13%,2.13%,10.40,6.67,21.15,5.90,2.13,6,0.9792,2026-07-23 00:11:00,未筛除
BTB 3 (1080p),https://emisja3.btb.j00r.us/iptv/session/3/hls.m3u8,,,,BTB3.pl@HD,,,,https://i.imgur.com/Z193940.png,General,1600x900,iptv-org-all.txt,2375,200,成功,h264,25.0,有音频,6.358,未筛除,否,,,60.00,36,0.1176,c1c18f8f0cf9b703,22.22%,17.65%,17.65%,29.40,40.00,23.97,22.22,17.65,6,1.0000,2026-08-01 14:06:00,未筛除
Canal do Boi (720p),http://45.162.64.114/CANAL_DO_BOI/index.m3u8,,,,CanaldoBoi.br@SD,,,,https://i.imgur.com/pVM5MhS.png,Undefined,1280x720,iptv-org-all.txt,335,200,成功,h264,30.0,有音频,1.723,未筛除,否,,,73.33,6,0.0189,8efc5806e3e49678,5.03%,1.89%,1.89%,17.09,26.67,17.43,5.03,1.89,6,1.0000,2026-07-21 00:21:00,未筛除
Azstar TV HD (1080p),https://live.livestreamtv.ca/azstar/amlst:azstar/playlist.m3u8,,,,AzStarTV.ca@SD,,,,https://i.imgur.com/di3XX5L.png,General,1920x1080,iptv-org-all.txt,1158,200,成功,h264,25.0,有音频,1.135,未筛除,否,,,80.00,5,0.0160,91db6de144b416ad,4.17%,1.92%,1.92%,12.18,20.00,10.50,4.17,1.92,6,1.0000,2026-07-23 18:50:00,未筛除
Atrak,https://ncdn.telewebion.ir/atrak/live/playlist.m3u8,,,,AtrakTV.ir@SD,,,,https://upload.wikimedia.org/wikipedia/fa/thumb/2/28/Bojnourd_ATRAK_TV.svg/960px-Bojnourd_ATRAK_TV.svg.png,General,1920x1088,iptv-org-all.txt,1829,200,成功,h264,30.0,有音频,13.158,未筛除,否,,,100.00,2,0.0068,f40a12709f2372bf,1.36%,7.69%,7.69%,1.15,0.00,0.36,1.36,7.69,0,0.2653,2026-07-24 14:01:00,未筛除
Canada One (720p) [Not 24/7],http://cdn8.live247stream.com/canadaone/tv/playlist.m3u8,,,,CanadaOne.ca@SD,,,,,Undefined,1280x720,iptv-org-all.txt,1579,200,成功,h264,29.97002997002997,有音频,0.785,未筛除,否,,,86.67,9,0.0288,d0c567986f903cc7,6.73%,1.92%,3.85%,15.07,13.33,27.01,6.73,2.88,6,1.0000,2026-07-27 19:56:00,未筛除
Becker,https://jmp2.uk/plu-672e1634e482950008c759a5.m3u8,,,,Becker.se@NO,,,,https://images.pluto.tv/channels/672e157d7d5da5000812872d/colorLogoPNG-1731073515797.png,Classic;Series,1216x684,iptv-org-all.txt,1272,200,成功,h264,30.0,有音频,3.147,未筛除,否,,,93.33,14,0.0449,e5d4113b0ec91d9d,11.54%,7.84%,5.88%,10.24,6.67,15.28,11.54,6.86,6,0.9808,2026-07-20 02:40:00,未筛除
Canal 6 (720p),https://d3xpfoln9sj56.cloudfront.net/ts:abr.m3u8,,,,Canal6.cr@SD,,,,https://i.imgur.com/nfKJftW.png,General,416x236,iptv-org-all.txt,1129,200,成功,h264,30.0,有音频,0.859,未筛除,否,,,60.00,6,0.0192,de85293fde602147,4.81%,1.92%,1.92%,24.32,40.00,23.87,4.81,1.92,6,1.0000,2026-07-25 00:18:00,未筛除
BX Omni (720p),https://reflect-stream-bronxnet.cablecast.tv/live-16/live/stream-1/live.m3u8,,,,BXOmni.us@SD,,,,https://i.imgur.com/PF71rdZ.png,General,480x270,iptv-org-all.txt,4422,200,成功,h264,30.0,有音频,1.435,未筛除,否,,,0.00,6,0.0196,a297ed5602c29c6f,5.88%,1.96%,1.96%,55.51,100.00,47.12,5.88,1.96,6,1.0000,2026-08-03 23:42:00,未筛除
Best of MTV,https://jmp2.uk/plu-632afdf820e83e000710ea12.m3u8,,,,BestofMTV.se@SE,,,,https://images.pluto.tv/channels/632aff5e44111b00076ad9b1/colorLogoPNG_1767773210944.png,Entertainment,1216x684,iptv-org-all.txt,700,200,成功,h264,30.0,有音频,4.703,未筛除,否,,,80.00,10,0.0321,9865279ae4d931ce,6.73%,3.92%,3.92%,13.86,20.00,13.73,6.73,3.92,6,0.9808,2026-08-01 14:06:00,未筛除
B4U Movies (1080p) [Geo-blocked],https://amg00877-b4unew-amg00877c2-lg-in-5260.playouts.now.amagi.tv/playlist.m3u8,,,,B4UMovies.in@India,,,,https://i.imgur.com/M9kMFJl.png,Movies,1920x1080,iptv-org-all.txt,886,200,成功,h264,25.0,有音频,1.658,未筛除,否,,,93.33,4,0.0128,80172baf6e1e9d19,3.21%,1.92%,1.92%,6.27,6.67,9.24,3.21,1.92,6,1.0000,2026-07-22 03:08:00,未筛除
Canal del Sol (1080p) [Not 24/7],https://stream.canaldelsol.com/sol26/live_1080.m3u8,,,,CanaldelSol.do@SD,,,,https://i.imgur.com/gK0M1jB.png,General,1920x1080,iptv-org-all.txt,955,200,成功,h264,30.0,有音频,0.948,未筛除,否,,,93.33,6,0.0189,a9aba9aba9555454,3.14%,1.92%,1.92%,4.48,6.67,3.32,3.14,1.92,6,0.9811,2026-07-31 14:15:00,未筛除
Best of Dr. Phil,https://jmp2.uk/plu-666815f24b9fb400083f7e31.m3u8,,,,BestofDrPhil.us@SD,,,,https://i.imgur.com/Jj0wTFQ.png,Entertainment,1024x576,iptv-org-all.txt,69,200,成功,h264,30.0,有音频,1.218,未筛除,否,,,60.00,10,0.0314,cdc36763d91a303c,7.23%,3.77%,3.77%,22.76,40.00,16.47,7.23,3.77,6,1.0000,2026-07-20 19:21:00,未筛除
Breinholts,https://jmp2.uk/plu-660d6c0094db140008fe2f74.m3u8,,,,Breinholts.se@DK,,,,https://images.pluto.tv/channels/660d6c0094db140008fe2f74/colorLogoPNG.png,Entertainment,1216x684,iptv-org-all.txt,1877,200,成功,h264,30.0,有音频,3.857,未筛除,否,,,33.33,15,0.0490,8a2a2d1f939968f6,12.75%,6.12%,10.20%,33.95,66.67,13.05,12.75,8.16,6,0.9608,2026-07-22 00:21:00,未筛除
BCS StarCross TV (576p),https://viewmedia7219.bozztv.com/wmedia/viewmedia100/web_001/Stream/playlist.m3u8,,,,BCSStarCrossTV.ng@SD,,,,https://i.imgur.com/VKv1Y6p.png,General,426x240,iptv-org-all.txt,1707,200,成功,h264,25.0,有音频,3.669,未筛除,否,,,100.00,7,0.0220,fe8d6d24656c2564,5.35%,1.89%,1.89%,3.40,0.00,7.13,5.35,1.89,6,1.0000,2026-08-02 23:47:00,未筛除
Bendicion Channel (720p),https://s.emisoras.tv:8081/bendicionchannel/index.m3u8,,,,BendicionChannel.co@HD,,,,https://i.imgur.com/yKzV7m7.png,Religious,1920x1080,iptv-org-all.txt,38,200,成功,h264,30.0,有音频,1.305,未筛除,否,,,80.00,10,0.0314,9cccc69343671c3b,8.81%,5.66%,5.66%,13.13,20.00,9.33,8.81,5.66,6,1.0000,2026-07-20 19:21:00,未筛除
BCN Gospel TV HD (720p),https://live1.ovalcast.com:3916/live/bcngospeltvlive.m3u8,,,,BCNGospelTV.es@HD,,,,https://bcngospelchannel.com/wp-content/uploads/2025/09/bcn-gospel-channer-favicon.png,General,1280x720,iptv-org-all.txt,2035,200,成功,h264,29.97002997002997,有音频,2.663,未筛除,否,,,80.00,5,0.0185,c61fea513851ba3c,4.44%,2.22%,2.22%,12.94,20.00,12.76,4.44,2.22,6,1.0000,2026-08-01 14:06:00,未筛除
C-SPAN 2 (1080p),https://gpuserver3.tier1streams.com/C-SPAN_2/index.m3u8,,,,CSPAN2.us@SD,,,,https://i.imgur.com/9B6XIQC.png,Legislative,1920x1080,iptv-org-all.txt,27,200,成功,h264,59.94005994005994,有音频,1.284,未筛除,否,,,73.33,6,0.0233,941c943f8b6e2bf0,6.98%,2.33%,2.33%,19.95,26.67,25.50,6.98,2.33,6,1.0000,2026-07-23 13:52:00,未筛除
Boonniyom TV,https://live.x2.co.th/live/bntv.m3u8,,,,BoonniyomTV.th@SD,,,,https://i.imgur.com/KvdFCD5.png,Religious,,iptv-org-all.txt,2112,200,成功,h264,,有音频,10.941,未筛除,否,,,33.33,5,0.0163,a4195a735237c7b1,3.92%,2.04%,4.08%,30.41,66.67,8.86,3.92,3.06,6,0.9608,2026-08-03 23:42:00,未筛除
AXN Latin America Mexico,http://190.11.225.124:5000/live/axn_hd/playlist.m3u8,,,,AXNLatinAmerica.us@Mexico,,,,https://upload.wikimedia.org/wikipedia/commons/thumb/5/52/AXN_logo_%282015%29.svg/960px-AXN_logo_%282015%29.svg.png,Movies,1920x1080,iptv-org-all.txt,221,200,成功,h264,29.97002997002997,有音频,1.014,未筛除,否,,,33.33,6,0.0909,943d6bc2e934946b,25.76%,9.09%,9.09%,45.96,66.67,44.12,25.76,9.09,6,1.0000,2026-08-02 18:24:00,未筛除
Canal 14 Codazzi (720p) [Not 24/7],https://eu1.servers10.com:8081/8056/index.m3u8,,,,Canal14Codazzi.co@SD,,,,https://i.imgur.com/wNSUMhJ.png,Entertainment,512x288,iptv-org-all.txt,2050,200,成功,h264,30.0,有音频,3.481,未筛除,否,,,93.33,5,0.0160,cfb836665a8bb086,4.81%,5.77%,3.85%,5.64,6.67,5.12,4.81,4.81,6,1.0000,2026-07-21 18:42:00,未筛除
Canal Gov (720p),https://canalgov-stream.ebc.com.br/index.m3u8,,,,CanalGov.br@SD,,,,https://i.imgur.com/rHPY0Yv.png,Legislative,1280x720,iptv-org-all.txt,1544,200,成功,h264,29.97002997002997,有音频,9.814,未筛除,否,,,93.33,4,0.0133,f3f309ec838dec80,3.33%,2.08%,2.08%,4.59,6.67,3.50,3.33,2.08,6,0.9600,2026-07-25 00:18:00,未筛除
Buxoro MTRK (720p),https://stream8.cinerama.uz/1459/tracks-v1a1/mono.m3u8,,,,BuxoroMTRK.uz@SD,,,,https://i.imgur.com/jmxPtC9.png,General,1920x1080,iptv-org-all.txt,204,200,成功,h264,25.0,有音频,5.310,未筛除,否,,,100.00,87,0.2843,c5ab3c6d31d44327,57.84%,35.29%,33.33%,20.71,0.00,19.03,57.84,34.31,6,1.0000,2026-07-20 02:40:00,未筛除
BX Inform (1080p),https://reflect-stream-bronxnet.cablecast.tv/live-8/live/stream-4/live.m3u8,,,,BXInform.us@SD,,,,https://i.imgur.com/PF71rdZ.png,General;News,480x270,iptv-org-all.txt,5019,200,成功,h264,30.0,有音频,1.933,未筛除,否,,,60.00,6,0.0196,e2e00d0f6e3c72f1,5.88%,1.96%,3.92%,27.05,40.00,31.93,5.88,2.94,6,1.0000,2026-07-22 13:56:00,未筛除
BLK Regional TV (1080p),https://58bd5b7a98e04.streamlock.net/medienasa-live/_definst_/mp4:BLKonline_high/playlist.m3u8,,,,BLKRegionalTV.de@SD,,,,https://i.imgur.com/JLgnPG1.png,Undefined,1920x1080,iptv-org-all.txt,1387,200,成功,h264,25.0,有音频,3.246,未筛除,否,,,100.00,11,0.0367,fa2f856ac09e94f0,9.00%,6.00%,4.00%,4.09,0.00,5.97,9.00,5.00,6,1.0000,2026-07-22 13:56:00,未筛除
BX Culture (720p),https://reflect-stream-bronxnet.cablecast.tv/live-7/live/stream-3/live.m3u8,,,,BXCulture.us@SD,,,,https://i.imgur.com/PF71rdZ.png,Culture,480x270,iptv-org-all.txt,5201,200,成功,h264,,有音频,1.458,未筛除,否,,,60.00,6,0.0196,b5566c4b5a2d42b5,5.88%,1.96%,1.96%,33.68,40.00,54.35,5.88,1.96,6,1.0000,2026-07-20 02:40:00,未筛除
Bandamax USA (1080p),http://177.234.249.135:8888/Bandamax/index.m3u8,,,,BandamaxUSA.us@SD,,,,https://i.imgur.com/Pch8vTI.png,Music,1920x1080,iptv-org-all.txt,203,200,成功,h264,59.94005994005994,有音频,1.107,未筛除,否,,,80.00,4,0.0128,f075b8efa49ba810,3.85%,1.92%,1.92%,14.70,20.00,19.12,3.85,1.92,6,1.0000,2026-07-23 00:11:00,未筛除
Canal 8 TV+ (720p),https://movil.ejeserver.com/live/canal8tv.m3u8,,,,Canal8TVPlus.co@SD,,,,https://i.imgur.com/peOIG1F.png,General,1280x720,iptv-org-all.txt,78,200,成功,h264,29.97002997002997,有音频,0.900,未筛除,否,,,33.33,9,0.0319,a508f523a39ee9b4,7.45%,4.35%,2.17%,41.08,66.67,42.00,7.45,3.26,6,0.9787,2026-07-20 14:13:00,未筛除
Canal 7 Jujuy,https://stream.arcast.live/canal7jujuy/ngrp:canal7jujuy_all/playlist.m3u8,,,,Canal7Jujuy.ar@SD,,,,https://i.imgur.com/K0jk8p4.png,Undefined,426x240,iptv-org-all.txt,1230,200,成功,h264,25.0,有音频,2.988,未筛除,否,,,73.33,5,0.0167,996699b33366c499,4.67%,4.00%,2.00%,16.97,26.67,16.89,4.67,3.00,6,1.0000,2026-07-27 14:14:00,未筛除
Canal 4 San Juan (576p),https://streamlov.alsolnet.com/canal4sanjuan/live/playlist.m3u8,,,,Canal4SanJuan.ar@SD,,,,https://i.imgur.com/MsCnwRA.png,Undefined,852x480,iptv-org-all.txt,1672,200,成功,h264,30.0,有音频,1.533,未筛除,否,,,93.33,6,0.0278,feaaa9aaa9505554,6.94%,2.86%,2.86%,6.90,6.67,8.53,6.94,2.86,6,0.9722,2026-07-30 18:48:00,未筛除
ATV (1080p),https://rnttwmjcin.turknet.ercdn.net/lcpmvefbyo/atv/atv_1080p.m3u8,,,,ATV.tr@SD,,,,https://i.imgur.com/HyVUwFC.png,General,1920x1080,iptv-org-all.txt,8211,200,成功,h264,25.0,有音频,4.309,未筛除,否,,,86.67,4,0.0171,a527987b27943b43,4.27%,2.94%,2.94%,9.90,13.33,11.39,4.27,2.94,6,0.8718,2026-07-24 14:01:00,未筛除
BET Throwbacks,https://jmp2.uk/plu-61326275b3c86a00078e4833.m3u8,,,,BETThrowbacks.us@SD,,,,https://images.pluto.tv/channels/61326275b3c86a00078e4833/colorLogoPNG_1759340015358.png,Comedy,1280x720,iptv-org-all.txt,845,200,成功,h264,30.0,有音频,2.925,未筛除,否,,,86.67,7,0.0220,f4916d6c9e0b4176,5.66%,2.00%,2.00%,11.20,13.33,15.12,5.66,2.00,6,0.9434,2026-07-20 02:40:00,未筛除
ATN Music (360p),https://app.ncare.live/c3VydmVyX8RpbEU9Mi8xNy8yMDE0GIDU6RgzQ6NTAgdEoaeFzbF92YWxIZTO0U0ezN1IzMyfvcGVMZEJCTEFWeVN3PTOmdFsaWRtaW51aiPhnPTI/atnmusic.stream/playlist.m3u8,,,,ATNMusic.bd@SD,,,,https://www.jagobd.com/wp-content/uploads/2015/12/atnmusic.jpg?x50681,Music,640x360,iptv-org-all.txt,1347,200,成功,h264,29.97002997002997,有音频,1.613,未筛除,否,,,0.00,6,0.0476,f089fcc7c7441f60,14.29%,5.56%,5.56%,56.56,100.00,43.81,14.29,5.56,6,0.8571,2026-08-03 23:42:00,未筛除
BFM2 (1080p),https://d1ib1gsg71oarf.cloudfront.net/v1/master/3722c60a815c199d9c0ef36c5b73da68a62b09d1/cc-scp7wda722jph/BFM2_FR.m3u8,,,,BFM2.fr@HD,,,,https://alloforfait.fr/wp-content/uploads/2024/03/logo-bfm2-300x200.jpg,News,640x360,iptv-org-all.txt,1871,200,成功,h264,25.0,有音频,3.638,未筛除,否,,,86.67,5,0.0157,f4e428911b9f6993,4.09%,3.77%,3.77%,8.09,13.33,5.19,4.09,3.77,6,1.0000,2026-07-22 13:56:00,未筛除
Bloomberg TV US Politics Live Event (720p),https://bloomberg.com/media-manifest/streams/politics.m3u8,,,,BloombergTV.us@PoliticsLiveEvent,,,,https://i.imgur.com/OuogLHx.png,Business,480x272,iptv-org-all.txt,714,200,成功,h264,29.97002997002997,有音频,7.667,未筛除,否,,,53.33,7,0.0229,c3803cc73c6f4b3a,6.21%,3.92%,3.92%,31.97,46.67,38.89,6.21,3.92,6,1.0000,2026-08-01 14:06:00,未筛除
Bibel TV Impuls (720p),https://bibeltv02.iptv-playoutcenter.de/bibeltv02/bibeltv02.stream_1/playlist.m3u8,,,,BibelTVImpuls.de@SD,,,,https://i.imgur.com/k4tbW3W.png,Undefined,1920x1080,iptv-org-all.txt,2317,200,成功,h264,25.0,有音频,3.759,未筛除,否,,,100.00,6,0.0189,9b8b28b2a06d2f73,3.77%,1.89%,1.89%,1.87,0.00,3.08,3.77,1.89,6,1.0000,2026-07-26 02:50:00,未筛除
Canal 24 Horas Catalunya (720p),https://ztnr.rtve.es/ztnr/4952053.m3u8,,,,24HorasCatalunya.es@SD,,,,https://i.ibb.co/21sXZ3GT/24h.png,News;Public,640x360,iptv-org-all.txt,2960,200,成功,h264,25.0,有音频,2.421,未筛除,否,,,80.00,4,0.0128,dfec22522c315cb9,3.85%,1.92%,1.92%,11.84,20.00,9.60,3.85,1.92,6,1.0000,2026-07-21 13:53:00,未筛除
BBC Home & Garden (1080p),https://d11r33s5i066xh.cloudfront.net/playlist.m3u8,,,,BBCHomeGarden.us@SD,,,,https://i.imgur.com/rC0pi1D.png,Lifestyle,640x360,iptv-org-all.txt,970,200,成功,h264,29.97002997002997,有音频,3.013,未筛除,否,,,93.33,5,0.0157,9c9de76977188982,3.77%,1.89%,1.89%,6.75,6.67,10.48,3.77,1.89,6,1.0000,2026-07-22 03:08:00,未筛除
Bayres TV (720p),https://streaming01.mikrolive.tv/bayrestv/live/playlist.m3u8,,,,BayresTV.ar@SD,,,,https://blogger.googleusercontent.com/img/b/R29vZ2xl/AVvXsEjKrroOZ4RYMYlzGqMQjiIO2QbRNVndEM9PiC-CaRn0PO2AoB_YKyrt6Eigzh4M1gPZaVn5udDL5YzrzxAmyQCj_HTF8Pszo46dk9dABt9TpepY43_IEzT80atZEMaiMcdrqt3lmxAbZYaLwCgr6vDUgV1HlvmhIOJ99UlwAhG2FoHgtCm13CWEugV7Bvg/w1200-h630-p-k-no-nu/bayres-tv-removebg-preview.png,General,1280x720,iptv-org-all.txt,2438,200,成功,h264,25.0,有音频,6.840,未筛除,否,,,93.33,3,0.0312,a9ada9ad56525652,7.29%,7.14%,7.14%,6.34,6.67,5.00,7.29,7.14,6,0.8750,2026-08-03 02:41:00,未筛除
Busted at the Border,https://jmp2.uk/plu-62fb9c4539183b00076a3875.m3u8,,,,,,,,,Undefined,1280x720,iptv-org-all.txt,726,200,成功,h264,30.0,有音频,1.218,未筛除,否,,,93.33,10,0.0327,9a65649ad7cc3962,8.17%,3.92%,3.92%,8.67,6.67,13.27,8.17,3.92,6,1.0000,2026-08-02 23:47:00,未筛除
Bull,https://jmp2.uk/plu-6964b9b97d2afdec4f9390f6.m3u8,,,,Bull.se@NO,,,,https://images.pluto.tv/channels/6964b982ca459f9b939da8e6/colorLogoPNG_1770900947317.png,Series,1216x684,iptv-org-all.txt,682,200,成功,h264,30.0,有音频,2.046,未筛除,否,,,100.00,15,0.0500,9865279ae4d931ce,9.33%,6.00%,6.00%,5.69,0.00,10.73,9.33,6.00,6,1.0000,2026-08-01 04:09:00,未筛除
BBC America East HD (720p),https://gpuserver3.tier1streams.com/BBC_AMERICA/index.m3u8,,,,BBCAmerica.us@EastHD,,,,https://i.imgur.com/pTiiPz0.png,Entertainment,960x540,iptv-org-all.txt,28,200,成功,h264,29.97002997002997,有音频,1.151,未筛除,否,,,60.00,6,0.0227,9e6b21b4db9ac360,6.44%,2.27%,2.27%,26.93,40.00,31.39,6.44,2.27,6,1.0000,2026-07-26 02:50:00,未筛除
BYUtv (1080p),https://d13j8jpstr8iqz.cloudfront.net/BYUtv.m3u8,,,,BYUTV.us@SD,,,,https://i.imgur.com/mruGyuu.png,Undefined,640x360,iptv-org-all.txt,1296,200,成功,h264,29.97002997002997,有音频,2.169,未筛除,否,,,93.33,5,0.0163,c5e3941cca9c6b4b,3.59%,3.92%,3.92%,5.92,6.67,7.14,3.59,3.92,6,1.0000,2026-07-30 18:48:00,未筛除
BBC Earth Czechia,http://88.212.15.29/live/test_bbc_eartch_hevc/playlist.m3u8,,,,BBCEarth.uk@Czechia,,,,https://i.imgur.com/nGSsUd4.png,Documentary,1920x1080,iptv-org-all.txt,273,200,成功,hevc,25.0,有音频,1.288,未筛除,否,,,80.00,3,0.0312,8fce8cd8c5d09c9c,9.38%,6.25%,6.25%,13.30,20.00,9.33,9.38,6.25,6,1.0000,2026-08-03 23:42:00,未筛除
BX Inspire (720p),https://reflect-stream-bronxnet.cablecast.tv/live-18/live/stream-7/live.m3u8,,,,BXInspire.us@SD,,,,https://i.imgur.com/PF71rdZ.png,General;Religious,480x270,iptv-org-all.txt,4844,200,成功,h264,30.0,有音频,1.435,未筛除,否,,,0.00,6,0.0196,fa0bb74b70074ad8,5.88%,1.96%,1.96%,53.97,100.00,42.00,5.88,1.96,6,1.0000,2026-08-03 23:42:00,未筛除
Canal 24 Horas Canarias (720p),https://ztnr.rtve.es/ztnr/5473142.m3u8,,,,24HorasCanarias.es@SD,,,,https://i.ibb.co/21sXZ3GT/24h.png,News;Public,640x360,iptv-org-all.txt,3227,200,成功,h264,25.0,有音频,2.950,未筛除,否,,,93.33,4,0.0128,dfe0e86c23867887,3.53%,1.92%,1.92%,6.58,6.67,10.05,3.53,1.92,6,1.0000,2026-07-21 00:21:00,未筛除
Buena Park Television (360p),https://buenapark.cablecast.tv/live/stream-1/live.m3u8,,,,BPTV.us@SD,,,,https://i.imgur.com/ObNBL7L.png,Legislative,640x360,iptv-org-all.txt,2039,200,成功,h264,30.0,有音频,3.803,未筛除,否,,,73.33,20,0.0654,91b36bc71138f1d8,16.99%,9.80%,9.80%,23.97,26.67,29.74,16.99,9.80,6,1.0000,2026-07-20 02:40:00,未筛除
Canal 15 ILCE Summa Sabres (720p),https://live-ilce.ovp-vivaro.digital/ovp-origin-abr/ngrp:6359ef999f3fb_all/playlist.m3u8,,,,ILCECanal15SummaSaberes.mx@SD,,,,https://i.imgur.com/r7czgOc.png,Education,640x360,iptv-org-all.txt,1714,200,成功,h264,30.0,有音频,1.360,未筛除,否,,,73.33,12,0.0435,0000000000000000,8.33%,4.35%,4.35%,19.25,26.67,21.61,8.33,4.35,6,1.0000,2026-07-24 14:01:00,未筛除
Bir TV (720p),https://edge.taksimbilisim.com/birtv/bant1/playlist.m3u8,,,,BirTV.tr@SD,,,,https://birtv.tv/assets/upload/637f83951df60.png,Undefined,1280x720,iptv-org-all.txt,2035,200,成功,h264,50.0,有音频,5.465,未筛除,否,,,100.00,1,0.1667,949769dc9e9119b8,50.00%,100.00%,100.00%,29.00,0.00,30.00,50.00,100.00,6,1.0000,2026-08-03 23:42:00,未筛除
B4U Movies APAC (720p),https://s3.itcnbd.live/channel/129d01070adb9ee3.m3u8,,,,B4UMovies.in@APAC,,,,https://i.imgur.com/M9kMFJl.png,Movies,320x240,iptv-org-all.txt,2063,200,成功,h264,25.0,有音频,16.932,未筛除,否,,,,,,,,,,,,,,,,,,未筛除
Bar Rescue,https://jmp2.uk/plu-655f2ee6c0fc88000877d26c.m3u8,,,,BarRescue.us@CA,,,,https://images.pluto.tv/channels/655f2ee6c0fc88000877d26c/colorLogoPNG.png,Series,1216x684,iptv-org-all.txt,753,200,成功,h264,30.0,有音频,1.237,未筛除,否,,,73.33,19,0.0609,cdc36763d91a303c,10.58%,5.77%,7.69%,18.81,26.67,17.86,10.58,6.73,6,1.0000,2026-07-22 00:21:00,未筛除
Backstage (1080p),https://d2ah48mnofquik.cloudfront.net/Backstage.m3u8,,,,Backstage.us@SD,,,,https://i.imgur.com/qcTNvNU.png,Documentary,426x240,iptv-org-all.txt,597,200,成功,h264,29.97002997002997,有音频,2.577,未筛除,否,,,80.00,4,0.0128,98f2674c2d731cd8,3.85%,3.85%,1.92%,12.58,20.00,11.76,3.85,2.88,6,1.0000,2026-07-29 13:55:00,未筛除
Beyblade,https://jmp2.uk/plu-664c8ba33d173b00080ef0c8.m3u8,,,,,,,,,Undefined,1216x684,iptv-org-all.txt,2518,200,成功,h264,30.0,有音频,2.451,未筛除,否,,,93.33,9,0.0283,9a65649ad7cc3962,5.35%,3.77%,3.77%,8.23,6.67,13.74,5.35,3.77,6,1.0000,2026-08-02 18:24:00,未筛除
Beverly Hills Television 10 (720p),https://cdn3.wowza.com/5/V2Y2VmhqMEFDTUkx/beverlyhills/G0072_006/playlist.m3u8,,,,BHTV10.us@SD,,,,https://i.imgur.com/NRrJ6xb.png,Undefined,1280x720,iptv-org-all.txt,470,200,成功,h264,25.0,有音频,0.684,未筛除,否,,,33.33,6,0.0189,85da820d9e762fd8,5.66%,1.89%,1.89%,42.49,66.67,48.34,5.66,1.89,6,1.0000,2026-07-20 02:40:00,未筛除
Canal 8 (720p) [Not 24/7],https://mdstrm.com/live-stream-playlist/5a7b1e63a8da282c34d65445.m3u8,,,,Canal8.cr@SD,,,,https://i.imgur.com/nefPi2Y.png,General,1280x720,iptv-org-all.txt,681,200,成功,h264,59.94005994005994,有音频,2.202,未筛除,否,,,80.00,4,0.0152,9086cf5c37700bbd,4.17%,2.27%,2.27%,12.72,20.00,12.20,4.17,2.27,6,1.0000,2026-07-28 01:13:00,未筛除
ATN Bangla UK (576p),https://app.ncare.live/c3VydmVyX8RpbEU9Mi8xNy8yMDE0GIDU6RgzQ6NTAgdEoaeFzbF92YWxIZTO0U0ezN1IzMyfvcGVMZEJCTEFWeVN3PTOmdFsaWRtaW51aiPhnPTI2/atnbanglauk-off.stream/playlist.m3u8,,,,ATNBanglaUK.uk@SD,,,,https://i.imgur.com/vFpjggf.png,General,1024x576,iptv-org-all.txt,1817,200,成功,h264,25.0,有音频,1.554,未筛除,否,,,60.00,6,0.0217,a9a7868f82598e76,6.52%,2.22%,2.22%,28.04,40.00,35.05,6.52,2.22,6,0.9783,2026-07-22 13:56:00,未筛除
Canal 9 Cosespu,https://video2.lhdserver.es/canal9cosespu/live.m3u8,,,,Canal9Cosespu.co@SD,,,,https://i.imgur.com/w5e1d8k.png,General,1280x1024,iptv-org-all.txt,1185,200,成功,h264,30.0,有音频,3.055,未筛除,否,,,93.33,16,0.0667,d62d696ab635940b,12.92%,5.00%,7.50%,9.80,6.67,13.07,12.92,6.25,6,1.0000,2026-07-29 13:55:00,未筛除
Beverly Hills Television 35 (720p),https://cdn3.wowza.com/5/V2Y2VmhqMEFDTUkx/beverlyhills/G0072_007/playlist.m3u8,,,,BHTV35.us@SD,,,,https://i.imgur.com/3Gqc5f2.png,Undefined,1280x720,iptv-org-all.txt,478,200,成功,h264,25.0,有音频,0.630,未筛除,否,,,60.00,42,0.1321,91ad4e1eade4924b,16.98%,13.46%,13.46%,38.16,40.00,58.06,16.98,13.46,6,0.9811,2026-08-01 23:54:00,未筛除
Canal 11 (720p),https://d3mstgwjcwqz1y.cloudfront.net/ts:abr.m3u8,,,,Canal11.cr@SD,,,,https://upload.wikimedia.org/wikipedia/commons/thumb/a/ac/Repretel_11_logo.png/960px-Repretel_11_logo.png,General,416x236,iptv-org-all.txt,439,200,成功,h264,30.0,有音频,0.891,未筛除,否,,,33.33,6,0.0192,f32fd4f08cf0c816,5.13%,1.92%,1.92%,35.05,66.67,23.87,5.13,1.92,6,1.0000,2026-07-25 00:18:00,未筛除
BET x Tyler Perry Comedy (1080p),https://d3vmpkkd3o2grv.cloudfront.net/playlist.m3u8,,,,,,,,,Undefined,384x216,iptv-org-all.txt,554,200,成功,h264,29.97002997002997,有音频,2.889,未筛除,否,,,93.33,5,0.0157,ba62a52cc9c196bb,4.40%,3.77%,1.89%,7.71,6.67,12.94,4.40,2.83,6,1.0000,2026-07-22 03:08:00,未筛除
Atacama TV (Copiapó) (720p) [Not 24/7],https://v2.tustreaming.cl/atacamatv/index.m3u8,,,,AtacamaTV.cl@SD,,,,https://i.postimg.cc/rwS082hL/atacama-tv.png,Undefined,1280x720,iptv-org-all.txt,139,200,成功,h264,60.0,有音频,2.859,未筛除,否,,,93.33,72,0.2857,94da435e3cdb4334,38.10%,28.57%,28.57%,22.74,6.67,32.00,38.10,28.57,6,1.0000,2026-07-22 13:56:00,未筛除
Cadena TV (720p) [Not 24/7],https://tv.bitstreaming.net:3789/live/cdntvlive.m3u8,,,,CadenaTV.pe@HD,,,,https://i.imgur.com/stvzqzd.png,Undefined,1280x720,iptv-org-all.txt,917,200,成功,h264,59.94005994005994,有音频,1.061,未筛除,否,,,80.00,6,0.0200,912b4ce633b94ecc,5.67%,2.00%,2.00%,15.89,20.00,21.84,5.67,2.00,6,1.0000,2026-07-23 18:50:00,未筛除
Canal 22 (720p),https://5f700d5b2c46f.streamlock.net/canal22/canal22/playlist.m3u8,,,,Canal22.ar@SD,,,,https://i.imgur.com/R4wXVxf.png,Undefined,1920x1080,iptv-org-all.txt,2173,200,成功,h264,25.0,有音频,1.548,未筛除,否,,,93.33,5,0.0163,e0daf50b92445ff0,4.90%,1.96%,1.96%,9.25,6.67,18.03,4.90,1.96,6,1.0000,2026-07-20 02:40:00,未筛除
Blu Radio (720p),https://mdstrm.com/live-stream-playlist/58d1921a72e2b22e2905e493.m3u8,,,,BluRadio.co@SD,,,,https://i.imgur.com/w2t8CGT.png,General,426x240,iptv-org-all.txt,1146,200,成功,h264,30.0,有音频,6.184,未筛除,否,,,100.00,6,0.0196,999dce26e3836cc2,4.58%,1.96%,3.92%,3.32,0.00,7.05,4.58,2.94,6,1.0000,2026-07-28 03:53:00,未筛除
Big 12 Studios (720p) [Geo-blocked],https://aegis-cloudfront-1.tubi.video/d61265ac-4c98-4243-8e23-31fff4d399e1/playlist.m3u8,,,,,,,,,Undefined,1920x1080,iptv-org-all.txt,2003,200,成功,h264,29.97002997002997,有音频,4.318,未筛除,否,,,93.33,3,0.0094,89e96422b9f8178f,2.83%,1.89%,1.89%,5.56,6.67,7.13,2.83,1.89,6,1.0000,2026-08-02 14:07:00,未筛除
BS Film (576p),https://live20.bozztv.com/akamaissh101/ssh101/bsfilm/playlist.m3u8,,,,BSFilm.pk@SD,,,,https://www.vivalivetv.com/public/files/shows/0/1/3953-640x360-FFFFFF.jpg,General,720x576,iptv-org-all.txt,510,200,成功,h264,25.0,无音频,1.000,未筛除,否,,,0.00,25,0.0906,95014bec6a7abb25,13.04%,9.76%,9.76%,51.92,100.00,27.77,13.04,9.76,6,0.8913,2026-08-02 18:24:00,未筛除
Balabol (1080p),https://cdn-dvr.ntv.ru/Balabol/index.m3u8,,,,Balabol.ru@SD,,,,https://cdn2-static.ntv.ru/home/promo/24740/balabol_vse.jpg,Series,1280x720,iptv-org-all.txt,2493,200,成功,h264,25.0,有音频,5.321,未筛除,否,,,100.00,2,0.0064,d09693969692dbe8,1.92%,1.92%,1.92%,1.44,0.00,2.87,1.92,1.92,6,1.0000,2026-07-20 14:13:00,未筛除
ATV+ (1080p),http://45.171.108.253:8888/ATV/index.m3u8,,,,ATVPlus.pe@SD,,,,https://i.imgur.com/fY9256H.png,News,1280x720,iptv-org-all.txt,252,200,成功,h264,29.97002997002997,有音频,1.215,未筛除,否,,,73.33,12,0.0465,8c8c7333cdcc3c33,9.30%,4.88%,4.88%,18.24,26.67,17.41,9.30,4.88,6,0.9535,2026-07-27 14:14:00,未筛除
BRK News (576p),https://cdn-1.pishow.tv/live/1037/master.m3u8,,,,BRKNews.in@SD,,,,https://d229kpbsb5jevy.cloudfront.net/yuppfast/content/common/channel/logos/brk-news.png,News,424x240,iptv-org-all.txt,288,200,成功,h264,25.0,有音频,15.234,未筛除,否,,,100.00,1,0.0054,fab19b46115ec45a,1.61%,5.26%,5.26%,9.85,0.00,30.00,1.61,5.26,0,0.6129,2026-07-20 02:40:00,未筛除
Canal 45 (576p),https://nlb1-live.emitstream.com/hls/625csn5et2iszm9oze65/master.m3u8,,,,Canal45.es@SD,,,,https://i.imgur.com/yEfSnGt.png,Undefined,720x576,iptv-org-all.txt,1964,200,成功,h264,25.0,有音频,5.545,未筛除,否,,,100.00,3,0.0094,c43c93c36cdb932c,2.52%,1.89%,3.77%,1.02,0.00,0.79,2.52,2.83,6,1.0000,2026-07-20 02:40:00,未筛除
Bolivia Punto TV,https://streaming.hostpannel.lat/hls/fc517baca1d452f22f56a2563f93f500/index.m3u8,,,,BoliviaPuntoTV.bo@SD,,,,https://i.imgur.com/8sQw9Aj.png,Entertainment,1280x720,iptv-org-all.txt,1786,200,成功,h264,30.0,有音频,1.378,未筛除,否,,,73.33,4,0.0476,e6c6e700e8a90beb,14.29%,7.14%,7.14%,21.14,26.67,23.00,14.29,7.14,6,1.0000,2026-07-23 00:11:00,未筛除
Canal 30 Loncomilla (720p),https://v1.tustreaming.cl/canal30loncomilla/index.m3u8,,,,Canal30Loncomilla.cl@SD,,,,https://i.imgur.com/dgUHqrQ.png,General,1280x720,iptv-org-all.txt,1668,200,成功,h264,29.97002997002997,有音频,3.307,未筛除,否,,,93.33,12,0.0400,8000000000000000,6.67%,4.00%,4.00%,6.84,6.67,8.12,6.67,4.00,6,1.0000,2026-07-21 13:53:00,未筛除
Canal 51,https://live.cn51hn.com/live/cn51.m3u8,,,,Canal51.hn@SD,,,,https://i.imgur.com/xhVEEA1.png,General,1280x720,iptv-org-all.txt,1716,200,成功,h264,30.0,有音频,2.366,未筛除,否,,,93.33,24,0.0930,0000000000000000,13.57%,9.52%,9.52%,13.97,6.67,25.44,13.57,9.52,6,0.9767,2026-08-02 14:07:00,未筛除
BX Arts (720p),https://reflect-stream-bronxnet.cablecast.tv/live-19/live/stream-2/live.m3u8,,,,BXArts.us@SD,,,,https://i.imgur.com/PF71rdZ.png,Culture,480x270,iptv-org-all.txt,5496,200,成功,h264,,有音频,1.433,未筛除,否,,,0.00,6,0.0196,e86836ee99a50ef0,5.88%,1.96%,1.96%,54.11,100.00,42.46,5.88,1.96,6,1.0000,2026-08-03 23:42:00,未筛除
Canal 5 (720p),https://tinyurl.com/canal5uy,,,,Canal5.uy@SD,,,,https://i.imgur.com/IpYxSr1.png,General,1280x720,iptv-org-all.txt,2828,200,成功,h264,26.0,有音频,0.851,未筛除,否,,,93.33,4,0.0128,cd2db90bc942f654,3.53%,1.92%,1.92%,7.49,6.67,13.10,3.53,1.92,6,1.0000,2026-07-22 13:56:00,未筛除
Bukedde TV 2 (576p) [Not 24/7],https://stream.hydeinnovations.com/bukedde2flussonic/index.m3u8,,,,BukeddeTV2.ug@SD,,,,https://i.imgur.com/ukwPZeY.png,General,1920x1080,iptv-org-all.txt,2413,200,成功,h264,25.0,有音频,10.218,未筛除,否,,,100.00,1,0.0039,9168ac4fc9a6c679,1.16%,2.56%,2.56%,9.49,0.00,30.00,1.16,2.56,6,0.9070,2026-08-03 23:42:00,未筛除
BET,https://jmp2.uk/plu-61dd5bf8db0b8e00080804ff.m3u8,,,,BET.se@NO,,,,https://images.pluto.tv/channels/61c1939b8929e40007ff6382/colorLogoPNG.png,Series,1280x720,iptv-org-all.txt,692,200,成功,h264,30.0,有音频,2.163,未筛除,否,,,33.33,25,0.0786,d1b4260b3c4b7a3d,13.84%,9.43%,9.43%,34.31,66.67,13.12,13.84,9.43,6,1.0000,2026-07-21 18:42:00,未筛除
Auction Hunters,https://jmp2.uk/plu-62da73c4ec46c000070f4cb1.m3u8,,,,AuctionHunters.se@DK,,,,https://images.pluto.tv/channels/62da73c4ec46c000070f4cb1/colorLogoPNG.png,Series,1280x720,iptv-org-all.txt,649,200,成功,h264,30.0,有音频,1.073,未筛除,否,,,33.33,35,0.1144,cdc36763d91a303c,14.71%,13.73%,13.73%,34.66,66.67,12.26,14.71,13.73,6,1.0000,2026-07-21 18:42:00,未筛除
AXN Latin America South,http://45.228.235.116:8000/play/a0iy/index.m3u8,,,,AXNLatinAmerica.us@South,,,,https://upload.wikimedia.org/wikipedia/commons/thumb/5/52/AXN_logo_%282015%29.svg/960px-AXN_logo_%282015%29.svg.png,Movies,1920x1080,iptv-org-all.txt,153,200,成功,h264,59.94005994005994,有音频,0.772,未筛除,否,,,86.67,3,0.0096,946893a54a976b97,2.88%,1.92%,1.92%,9.98,13.33,12.92,2.88,1.92,6,1.0000,2026-07-20 19:21:00,未筛除
Canal 2 Misiones (1080p),https://nd106.republicaservers.com:4433/hls/canal2misioness/index.m3u8,,,,Canal2Misiones.ar@SD,,,,https://i.imgur.com/YqTNXDf.png,Undefined,1920x1080,iptv-org-all.txt,1781,200,成功,h264,25.0,有音频,3.766,未筛除,否,,,86.67,3,0.0125,d3af0c39210f3b72,3.75%,2.50%,2.50%,9.03,13.33,8.98,3.75,2.50,6,1.0000,2026-07-21 13:53:00,未筛除
Canal Congreso (1080p),http://138.121.15.230:9002/CANAL-CONGRESO/index.m3u8,,,,CanalCongreso.co@SD,,,,https://i.imgur.com/3VnL8dp.png,Legislative,1920x1080,iptv-org-all.txt,104,200,成功,h264,30.0,有音频,5.198,未筛除,否,,,93.33,6,0.0189,8080008000800080,5.03%,1.96%,1.96%,7.03,6.67,10.52,5.03,1.96,6,0.9623,2026-07-27 19:56:00,未筛除
Canal Provincial (360p),https://streaming.telered.com.ar/provincial/streaming/mystream.m3u8,,,,CanalProvincial.ar@SD,,,,https://i.imgur.com/bXHHtcb.png,General,640x360,iptv-org-all.txt,3585,200,成功,h264,29.97002997002997,有音频,12.353,未筛除,否,,,100.00,2,0.0064,912b2e6c7ad43a93,1.92%,2.27%,2.27%,1.06,0.00,1.48,1.92,2.27,6,0.8462,2026-07-21 13:53:00,未筛除
Canal Pulpo TV,https://vs20.live.opencaster.com/canalpulpotv_bdeee6e2/index.m3u8,,,,CanalPulpoTV.ar@SD,,,,https://new.opencaster.com/uploads/logos/logo_306_1756336707.png,Entertainment,1280x720,iptv-org-all.txt,1971,200,成功,h264,30.0,有音频,1.078,未筛除,否,,,60.00,6,0.0222,c3cac6e11e0b3d0f,6.67%,2.27%,2.27%,23.89,40.00,21.11,6.67,2.27,6,0.9778,2026-07-23 13:52:00,未筛除
Bukedde TV 1 (576p),https://stream.hydeinnovations.com/bukedde1flussonic/index.m3u8,,,,BukeddeTV1.ug@SD,,,,https://i.imgur.com/HFq5QlJ.png,General,1920x1080,iptv-org-all.txt,2591,200,成功,h264,25.0,有音频,10.299,未筛除,否,,,100.00,3,0.0106,c95ad6d0dff2840c,2.48%,2.27%,2.27%,0.91,0.00,0.64,2.48,2.27,6,0.9362,2026-08-03 20:01:00,未筛除
Canal 22 Nacional (720p) [Geo-blocked],https://5fc584f3f19c9.streamlock.net/canal22/smil:canal22.smil/playlist.m3u8,,,,Canal22Nacional.mx@SD,,,,https://i.imgur.com/6qiYvhe.png,Undefined,1280x720,iptv-org-all.txt,1970,200,成功,h264,30.0,有音频,2.508,未筛除,否,,,73.33,6,0.0192,c7cf293222387cc7,5.77%,1.92%,1.92%,19.09,26.67,23.60,5.77,1.92,6,1.0000,2026-07-21 00:21:00,未筛除
Beverly Hills 90210,https://jmp2.uk/plu-5f4d83e0a382c00007bc02e7.m3u8,,,,BeverlyHills90210.us@SD,,,,https://images.pluto.tv/channels/5f4d83e0a382c00007bc02e7/colorLogoPNG.png,Series,1280x720,iptv-org-all.txt,2594,200,成功,h264,30.0,有音频,4.339,未筛除,否,,,86.67,28,0.0881,d1b4260b3c4b7a3d,11.64%,11.32%,9.43%,13.37,13.33,15.58,11.64,10.38,6,1.0000,2026-07-23 03:04:00,未筛除
Aurora Media Films (720p),https://cdn.streamhispanatv.net:3417/live/auroramflive.m3u8,,,,AuroraMediaFilms.gt@SD,,,,https://i.imgur.com/DVC5w6H.png,Movies,1280x720,iptv-org-all.txt,522,200,成功,h264,29.97002997002997,有音频,1.010,未筛除,否,,,73.33,42,0.1489,c0ffcf603276701c,23.40%,14.89%,14.89%,25.89,26.67,30.18,23.40,14.89,6,1.0000,2026-07-25 13:50:00,未筛除
Bungo TV (480p) [Not 24/7],https://5bf7b725107e5.streamlock.net/bungotv/bungotv/playlist.m3u8,,,,BungoTV.id@SD,,,,https://i.imgur.com/OrCrtDA.png,General,1280x720,iptv-org-all.txt,1873,200,成功,h264,25.0,有音频,4.786,未筛除,否,,,86.67,24,0.0870,e817e817e817e817,17.39%,8.70%,15.22%,13.39,13.33,11.26,17.39,11.96,6,1.0000,2026-07-22 03:08:00,未筛除
Best of Paradise Hotel: Finalveckan,https://jmp2.uk/plu-65e97d41f7f0af0008da2543.m3u8,,,,BestofParadiseHotelFinalveckan.se@SE,,,,https://images.pluto.tv/channels/65e97d41f7f0af0008da2543/colorLogoPNG.png,Entertainment,1216x684,iptv-org-all.txt,666,200,成功,h264,30.0,有音频,3.744,未筛除,否,,,93.33,8,0.0252,e5d4113b0ec91d9d,6.60%,7.55%,3.77%,6.67,6.67,7.04,6.60,5.66,6,1.0000,2026-07-21 00:21:00,未筛除
CANAL M Television (720p),https://live-evg10.tv360.bitel.com.pe/bitel/anqaratv/playlist.m3u8,,,,CANALMTelevision.pe@SD,,,,https://i.imgur.com/EcdNFuJ.png,General,1920x1080,iptv-org-all.txt,2635,200,成功,h264,29.97002997002997,有音频,2.936,未筛除,否,,,93.33,5,0.0160,e0e0e0e01f1f1f1f,4.17%,1.96%,1.96%,6.25,6.67,8.51,4.17,1.96,6,0.9808,2026-07-28 13:51:00,未筛除
Canal 9 Link,https://617c5175c970b.streamlock.net:4444/9linklivert/smil:9linkmultibr.smil/playlist.m3u8,,,,Canal9Link.ar@SD,,,,https://audios.radiosnet.com.ar/imgwikidat/img_cuerpo/canal+9+buenos+aires9.jpg,Entertainment,,iptv-org-all.txt,895,200,成功,h264,,有音频,4.587,未筛除,否,,,93.33,6,0.0208,91376698782e4bcb,5.21%,2.08%,2.08%,8.15,6.67,14.10,5.21,2.08,6,1.0000,2026-07-30 18:48:00,未筛除
Banyumas TV (720p) [Not 24/7],https://5bf7b725107e5.streamlock.net/bmstv/bmstv/playlist.m3u8,,,,BMSTV.id@SD,,,,https://i.imgur.com/snMxng5.png,Undefined,1280x720,iptv-org-all.txt,2405,200,成功,h264,50.0,有音频,4.778,未筛除,否,,,86.67,83,0.2660,f1dc650ed5310bd4,31.41%,25.00%,26.92%,22.42,13.33,27.37,31.41,25.96,6,1.0000,2026-07-20 02:40:00,未筛除
Belarus-24 (576p),http://ott-7.sevstar.net/belarus24/index.m3u8,,,,Belarus24.by@SD,,,,https://i.imgur.com/BP7tY6F.png,News,720x576,iptv-org-all.txt,1172,200,成功,h264,25.0,有音频,3.827,未筛除,否,,,93.33,3,0.0135,b04f8fec68b84732,4.05%,2.70%,2.70%,6.21,6.67,8.20,4.05,2.70,6,1.0000,2026-07-24 14:01:00,未筛除
Buzzfeed Unsolved,https://d39g1vxj2ef6in.cloudfront.net/v1/master/3fec3e5cac39a52b2132f9c66c83dae043dc17d4/prod-rakuten-stitched/master.m3u8?ads.xumo_channelId=88883099,,,,BuzzfeedUnsolved.pl@FAST,,,,https://images-0.rakuten.tv/storage/global-live-channel/translation/artwork/e16cfcc7-2040-4bd5-8339-16d499f8799e-width200-quality90.png,Undefined,1280x720,iptv-org-all.txt,1767,200,成功,h264,23.976023976023978,有音频,4.582,未筛除,否,,,73.33,7,0.0229,d9f32c932499b62c,6.54%,3.92%,3.92%,16.87,26.67,15.01,6.54,3.92,6,1.0000,2026-07-22 00:21:00,未筛除
Brit Asia TV (1080p),https://hls.autopo.st/hls/britasiatv/index.m3u8,,,,BritAsiaTV.uk@HD,,,,https://jiotvimages.cdn.jio.com/dare_images/images/Brit_Asia.png,Undefined,1920x1080,iptv-org-all.txt,1532,200,成功,h264,25.0,有音频,2.939,未筛除,否,,,86.67,3,0.0104,8ea999b7664a4933,2.78%,2.08%,2.08%,8.28,13.33,7.29,2.78,2.08,6,1.0000,2026-08-01 04:09:00,未筛除
Cable Sur TV,https://tvlatina.live:1936/8025/8025/playlist.m3u8,,,,CableSurTV.co@SD,,,,https://i.imgur.com/Rvuyu7R.jpg,General,1280x720,iptv-org-all.txt,1121,200,成功,h264,30.0,有音频,1.338,未筛除,否,,,33.33,15,0.0481,ea3348e15b1a5eb4,12.18%,7.69%,5.77%,37.74,66.67,26.56,12.18,6.73,6,1.0000,2026-07-23 18:50:00,未筛除
BabyTV Latin America (720p),http://138.121.15.230:9002/BABY-TV/index.m3u8,,,,BabyTV.uk@LatinAmerica,,,,https://i.imgur.com/4BDJ5FT.png,Kids,1920x1080,iptv-org-all.txt,107,200,成功,h264,30.0,有音频,1.395,未筛除,否,,,93.33,4,0.0128,c13e7ac56a1aa917,3.21%,2.08%,2.08%,5.30,6.67,5.93,3.21,2.08,6,0.9231,2026-07-28 01:13:00,未筛除
Buena TV (1080p),https://59825a54e4454.streamlock.net:8443/papo351/papo351/playlist.m3u8,,,,BuenaTV.pr@SD,,,,https://i.imgur.com/tsajuxi.png,Entertainment,1920x1080,iptv-org-all.txt,2131,200,成功,h264,30.0,有音频,2.052,未筛除,否,,,60.00,6,0.0200,860669a9397a9e2f,6.00%,2.00%,4.00%,24.47,40.00,23.24,6.00,3.00,6,1.0000,2026-07-25 23:46:00,未筛除
Boligkjøp i blinde,https://jmp2.uk/plu-63c6a1c46d126a000760b91c.m3u8,,,,Boligkjopiblinde.se@NO,,,,https://images.pluto.tv/channels/63c6a1c46d126a000760b91c/colorLogoPNG.png,Cooking;Lifestyle,1280x720,iptv-org-all.txt,2245,200,成功,h264,30.0,有音频,2.060,未筛除,否,,,86.67,8,0.0272,8a2a2d1f939968f6,6.80%,4.08%,4.08%,9.30,13.33,7.33,6.80,4.08,6,1.0000,2026-07-24 14:01:00,未筛除
Barrandov Krimi (1080p),https://dash4.antik.sk/live/test_barrandov_plus_atk_1200/playlist.m3u8,,,,BarrandovKrimi.cz@SD,,,,https://upload.wikimedia.org/wikipedia/commons/thumb/5/57/Logo-krimi-barrandov-color.svg/960px-Logo-krimi-barrandov-color.svg.png,General,1920x1080,iptv-org-all.txt,2031,200,成功,h264,25.0,有音频,1.912,未筛除,否,,,93.33,5,0.0160,c47a31c56f90316f,4.17%,1.92%,1.92%,6.01,6.67,7.72,4.17,1.92,6,1.0000,2026-07-29 13:55:00,未筛除
Campus TV (480p) [Not 24/7],https://5e85d90130e77.streamlock.net/6052/6052/playlist.m3u8,,,,CampusTV.hn@SD,,,,https://i.imgur.com/E1TmADM.png,Education,512x288,iptv-org-all.txt,619,200,成功,h264,30.0,有音频,1.574,未筛除,否,,,33.33,38,0.1218,f2c3cc3cc336298b,29.17%,15.38%,11.54%,44.29,66.67,34.82,29.17,13.46,6,1.0000,2026-07-20 02:40:00,未筛除
BBC Impossible,https://bbc-impossible-1-us.xumo.wurl.tv/playlist.m3u8,,,,,,,,,Undefined,1920x1080,iptv-org-all.txt,1020,200,成功,h264,29.97002997002997,有音频,2.872,未筛除,否,,,73.33,7,0.0220,fa4c842f33b1391b,5.97%,3.77%,3.77%,19.24,26.67,23.33,5.97,3.77,6,1.0000,2026-07-23 13:52:00,未筛除
Canal 10 Empordà (360p) [Not 24/7],https://ventdelnord.tv:8080/escala/directe.m3u8,,,,Canal10Emporda.es@SD,,,,https://i.imgur.com/ojQ6wzX.png,Undefined,640x360,iptv-org-all.txt,5309,200,成功,h264,25.0,有音频,14.807,未筛除,否,,,80.00,10,0.0327,8b8e1491b4b5eaea,8.82%,7.84%,7.84%,13.73,20.00,10.61,8.82,7.84,6,1.0000,2026-07-20 14:13:00,未筛除
Canaf54 TV,https://5caf24a595d94.streamlock.net:1937/pvyugfkzkc/pvyugfkzkc/playlist.m3u8,,,,Canaf54TV.uk@SD,,,,https://i.imgur.com/viB0FS2.png,General,854x480,iptv-org-all.txt,1821,200,成功,h264,29.97002997002997,有音频,1.036,未筛除,否,,,60.00,6,0.0196,b6299ab57b5a0b44,5.88%,1.96%,1.96%,28.52,40.00,37.15,5.88,1.96,6,1.0000,2026-07-20 02:40:00,未筛除
Brevard County Government Access TV (Brevard FL) (720p),https://cdn3.wowza.com/5/cXdyRHF0Z3kxN0k2/brevardfl/G2111_002/playlist.m3u8,,,,BrevardGovernmentAccessTV.us@SD,,,,https://i.imgur.com/eUTDIQ2.png,Legislative,1280x720,iptv-org-all.txt,450,200,成功,h264,25.0,有音频,1.376,未筛除,否,,,0.00,11,0.0359,d792282d7c9dc28b,7.52%,1.96%,3.92%,55.74,100.00,46.48,7.52,2.94,6,1.0000,2026-07-25 13:50:00,未筛除
Canal Calima TV (720p),https://movil.ejeserver.com/live/calimatv.m3u8,,,,CanalCalimaTV.co@SD,,,,https://i.imgur.com/6YxtyUR.jpeg,General,1280x720,iptv-org-all.txt,53,200,成功,h264,30.0,有音频,0.945,未筛除,否,,,33.33,6,0.0370,e3f0fc32048761d7,11.11%,3.70%,3.70%,42.12,66.67,42.86,11.11,3.70,6,1.0000,2026-07-29 03:34:00,未筛除
Baby Shark TV,https://c0c65b821b3542c3a4dca92702f59944.mediatailor.us-east-1.amazonaws.com/v1/master/04fd913bb278d8775298c26fdca9d9841f37601f/RakutenTV-eu_BabySharkTV/playlist.m3u8,,,,BabySharkTV.us@Poland,,,,https://i.imgur.com/SbBKr8L.png,Kids,1280x720,iptv-org-all.txt,825,200,成功,h264,29.97002997002997,有音频,1.551,未筛除,否,,,73.33,7,0.0224,e4dbcd277c1910d2,6.09%,3.85%,1.92%,21.00,26.67,29.44,6.09,2.88,6,1.0000,2026-07-22 18:44:00,未筛除
ATB La Paz (1080p),http://15.204.246.24:8080/ATBHD/index.m3u8,,,,ATBLaPaz.bo@SD,,,,https://i.imgur.com/E243X2x.png,General,1920x1080,iptv-org-all.txt,34,200,成功,hevc,29.97002997002997,有音频,0.432,未筛除,否,,,33.33,6,0.0263,a91396a9e2b1ccbc,7.89%,2.63%,2.63%,42.25,66.67,45.81,7.89,2.63,6,1.0000,2026-07-25 00:18:00,未筛除
BBC News North America (1080p),https://gpuserver3.tier1streams.com/BBC_WORLD_NEWS/index.m3u8,,,,BBCNews.uk@NorthAmerica,,,,https://xstreamcp-assets-msp.streamready.in/assets/LIVETV/LIVECHANNEL/LIVETV_LIVETVCHANNEL_BBC_NEWS/images/LOGO_HD/image.png,News,1920x1080,iptv-org-all.txt,28,200,成功,h264,59.94005994005994,有音频,1.120,未筛除,否,,,86.67,5,0.0189,e6e2d8268f59a519,4.92%,2.27%,2.27%,12.53,13.33,19.94,4.92,2.27,6,1.0000,2026-07-23 00:11:00,未筛除
Bolajon (576p),https://stream8.cinerama.uz/1007/playlist.m3u8,,,,Bolajon.uz@SD,,,,https://i.imgur.com/s7o0ifu.png,Kids,1024x576,iptv-org-all.txt,2558,200,成功,h264,25.0,有音频,7.829,未筛除,否,,,53.33,97,0.3170,c4ab3c6d31d44367,61.11%,33.33%,31.37%,39.67,46.67,18.48,61.11,32.35,6,1.0000,2026-07-20 02:40:00,未筛除
Banten TV (720p) [Not 24/7],https://5bf7b725107e5.streamlock.net/bantentv/bantentv/playlist.m3u8,,,,BantenTV.id@SD,,,,https://i.imgur.com/tbtF40p.png,Undefined,1280x720,iptv-org-all.txt,2498,200,成功,h264,25.0,有音频,5.509,未筛除,否,,,93.33,5,0.0177,bb2a46a76aa625d2,4.61%,2.13%,4.26%,6.83,6.67,9.73,4.61,3.19,6,1.0000,2026-07-20 14:13:00,未筛除
BBC Comedy (720p),https://d1em2hga7sgumq.cloudfront.net/playlist.m3u8,,,,,,,,,Undefined,1280x720,iptv-org-all.txt,1290,200,成功,h264,29.97002997002997,有音频,2.960,未筛除,否,,,80.00,8,0.0252,d8c73662d938603f,6.60%,3.77%,3.77%,18.02,20.00,27.74,6.60,3.77,6,1.0000,2026-07-20 19:21:00,未筛除
Boca Chica TV (720p) [Not 24/7],https://fox.hostlagarto.com:8081/bocachicatv/tracks-v1a1/mono.m3u8,,,,BocaChicaTV.do@SD,,,,https://i.imgur.com/npiRBPC.png,General,1920x1080,iptv-org-all.txt,2695,200,成功,h264,29.97002997002997,有音频,1.091,未筛除,否,,,93.33,6,0.0200,9463ce9b9b868c39,5.00%,2.00%,2.00%,6.97,6.67,10.36,5.00,2.00,6,1.0000,2026-07-21 00:21:00,未筛除
Canal Futura (720p),http://45.162.64.114/FUTURA/index.m3u8,,,,CanalFutura.br@SD,,,,https://i.imgur.com/LgynEBC.png,Education,1280x720,iptv-org-all.txt,165,200,成功,h264,30.0,有音频,1.851,未筛除,否,,,86.67,3,0.0094,b8c0c70f78b64bb4,2.83%,1.89%,1.89%,10.39,13.33,14.35,2.83,1.89,6,1.0000,2026-07-20 14:13:00,未筛除
Bravo West (1080p),http://40.160.24.52/BRAVO_WEST/index.m3u8,,,,Bravo.us@West,,,,https://i.imgur.com/JmTIRLF.png,Undefined,1920x1080,iptv-org-all.txt,69,200,成功,h264,59.94005994005994,有音频,0.495,未筛除,否,,,73.33,6,0.0200,fe80c067fa4d45aa,6.00%,2.00%,2.00%,18.67,26.67,22.03,6.00,2.00,6,1.0000,2026-07-20 02:40:00,未筛除
Billiard TV (1080p) [Geo-blocked],https://pb-wm04vonaerv0k.akamaized.net/billi.m3u8,,,,BilliardTV.us@SD,,,,https://i.imgur.com/BZijfKh.png,Sports,1920x1080,iptv-org-all.txt,1304,200,成功,h264,30.0,有音频,3.394,未筛除,否,,,93.33,15,0.0472,d0933fc8623c2e6e,8.18%,5.66%,5.66%,8.59,6.67,12.42,8.18,5.66,6,1.0000,2026-07-23 03:04:00,未筛除
Auction Hunters,https://jmp2.uk/plu-5ede45d077746000072be0fe.m3u8,,,,AuctionHunters.de@DACH,,,,https://i.imgur.com/4SPOVN7.png,Entertainment,1280x720,iptv-org-all.txt,970,200,成功,h264,30.0,有音频,1.447,未筛除,否,,,93.33,29,0.0948,cdc36763d91a303c,12.75%,11.76%,11.76%,11.64,6.67,17.48,12.75,11.76,6,1.0000,2026-07-20 02:40:00,未筛除
Canal 2 NexTV Rafaela (720p),https://edge.enhdtv.com/nexthd/index.m3u8,,,,Canal2NexTVRafaela.ar@SD,,,,https://i.imgur.com/hgj3CaR.jpeg,General,1920x1080,iptv-org-all.txt,1661,200,成功,h264,30.0,有音频,1.197,未筛除,否,,,80.00,29,0.0948,e1a83e2bc1d47e43,13.07%,10.00%,10.00%,20.43,20.00,29.40,13.07,10.00,6,0.9804,2026-07-20 14:13:00,未筛除
BBC Doctor Who Classic (1080p),https://bbc-classicdrwho-1-us.roku.wurl.tv/playlist.m3u8,,,,DoctorWhoClassic.us@US,,,,https://i.imgur.com/JIqJQQM.png,Series,1920x1080,iptv-org-all.txt,1215,200,成功,h264,29.97002997002997,有音频,2.433,未筛除,否,,,86.67,5,0.0157,c4b497c73e381336,4.72%,1.89%,1.89%,13.10,13.33,22.10,4.72,1.89,6,1.0000,2026-07-22 03:08:00,未筛除
bon appétit (1080p),https://bonappetit-samsung.amagi.tv/playlist.m3u8,,,,bonappetit.us@SD,,,,https://i.imgur.com/YhFFxlE.png,Cooking,1920x1080,iptv-org-all.txt,1660,200,成功,h264,29.97002997002997,有音频,2.164,未筛除,否,,,73.33,5,0.0163,f461851dcceb7c82,4.25%,1.96%,3.92%,15.60,26.67,12.63,4.25,2.94,6,1.0000,2026-07-21 00:21:00,未筛除
Bloomberg Originals,https://e96a7526.wurl.com/master/f36d25e7e52f1ba8d7e56eb859c636563214f541/UmFrdXRlblRWLWV1X0Jsb29tYmVyZ09yaWdpbmFsc19ITFM/playlist.m3u8,,,,BloombergOriginals.us@Poland,,,,https://jiotvimages.cdn.jio.com/dare_images/images/Bloomberg_Originals.png,Business;Documentary,384x216,iptv-org-all.txt,1068,200,成功,h264,29.97002997002997,有音频,6.064,未筛除,否,,,93.33,4,0.0131,c46ebd392b962ec0,3.27%,1.96%,1.96%,6.84,6.67,11.07,3.27,1.96,6,1.0000,2026-07-25 00:18:00,未筛除
Biz TV (1080p),https://2-fss-1.streamhoster.com/pl_154/205722-2251224-1/playlist.m3u8,,,,BizTV.us@SD,,,,https://i.imgur.com/yaNXOnO.png,Lifestyle,1920x1080,iptv-org-all.txt,1812,200,成功,h264,29.97002997002997,有音频,1.026,未筛除,否,,,93.33,6,0.0189,d6fc951324a22f8b,5.03%,1.89%,1.89%,8.51,6.67,15.50,5.03,1.89,6,1.0000,2026-08-02 14:07:00,未筛除
Canal 6 Posadas (1080p),https://iptv.ixfo.com.ar:30443/live/c6digital/playlist.m3u8,,,,Canal6Posadas.ar@SD,,,,https://i.imgur.com/OamBiS5.png,Undefined,1280x720,iptv-org-all.txt,359,200,成功,h264,25.0,有音频,5.187,未筛除,否,,,93.33,6,0.0227,cfb43891c664c6cb,4.92%,2.27%,2.27%,5.06,6.67,3.92,4.92,2.27,6,1.0000,2026-07-30 13:45:00,未筛除
Canal Latino 54 (360p),https://videostream.chileservidores.com:8081/latina/index.m3u8,,,,CanalLatino54.cl@SD,,,,https://i.imgur.com/mKUQoX7.png,Undefined,640x360,iptv-org-all.txt,695,200,成功,h264,29.97002997002997,有音频,1.340,未筛除,否,,,80.00,4,0.0133,bbcc1239643b6d23,3.33%,2.00%,2.00%,11.92,20.00,10.17,3.33,2.00,6,1.0000,2026-07-31 14:15:00,未筛除
BBC News Latin America (720p),http://138.121.15.230:9002/BBC-NEWS/index.m3u8,,,,BBCNews.uk@LatinAmerica,,,,https://xstreamcp-assets-msp.streamready.in/assets/LIVETV/LIVECHANNEL/LIVETV_LIVETVCHANNEL_BBC_NEWS/images/LOGO_HD/image.png,News,544x480,iptv-org-all.txt,222,200,成功,h264,29.97002997002997,有音频,1.071,未筛除,否,,,53.33,6,0.0196,e626993166ce8e93,5.88%,1.96%,1.96%,28.36,46.67,27.73,5.88,1.96,6,1.0000,2026-07-23 18:50:00,未筛除
Campo Abierto TV (720p),https://v2.tustreaming.cl/catvlive/index.m3u8,,,,CampoAbiertoTV.cl@SD,,,,https://i.imgur.com/KL6pgaL.png,Undefined,1280x720,iptv-org-all.txt,639,200,成功,h264,29.97002997002997,有音频,3.013,未筛除,否,,,93.33,6,0.0256,adadadada9a05252,5.13%,2.56%,2.56%,5.85,6.67,6.34,5.13,2.56,6,1.0000,2026-08-02 23:47:00,未筛除
Bacán Te Veo (360p),https://stmv6.voxtvhd.com.br/vacantveo2/vacantveo2/playlist.m3u8,,,,BacanTeVeo.ec@SD,,,,https://i.imgur.com/m1LK6rY.png,Entertainment,,iptv-org-all.txt,843,200,成功,h264,25.0,有音频,4.136,未筛除,否,,,73.33,10,0.0321,f9f1a1055cc99a4d,9.29%,3.85%,3.85%,21.47,26.67,28.54,9.29,3.85,6,1.0000,2026-07-29 19:13:00,未筛除
Canal 4 Jujuy,https://5cd577a3dd8ec.streamlock.net/CANAL4/smil:CANAL4.smil/playlist.m3u8,,,,Canal4Jujuy.ar@SD,,,,https://i.imgur.com/qB6I274.png,Undefined,1920x1080,iptv-org-all.txt,2348,200,成功,h264,23.976023976023978,有音频,10.115,未筛除,否,,,100.00,5,0.0189,c069996527b579a5,3.79%,2.38%,2.38%,1.46,0.00,1.56,3.79,2.38,6,0.9545,2026-08-03 20:01:00,未筛除
BET x Tyler Perry Drama (1080p),https://doumbtmvnsp0z.cloudfront.net/playlist.m3u8,,,,,,,,,Undefined,384x216,iptv-org-all.txt,495,200,成功,h264,29.97002997002997,有音频,2.628,未筛除,否,,,80.00,7,0.0220,b5a68ad44db53a91,5.66%,3.77%,3.77%,14.32,20.00,16.03,5.66,3.77,6,1.0000,2026-07-24 14:01:00,未筛除
Bajo Techo TV (1080p) [Not 24/7],https://fox.hostlagarto.com:8081/bajotechotv/tracks-v1a1/mono.m3u8,,,,BajoTechoTV.do@SD,,,,https://i.imgur.com/I2wRq88.png,Shop,1920x1080,iptv-org-all.txt,2720,200,成功,h264,,有音频,1.113,未筛除,否,,,93.33,4,0.0131,cae1143e69c37a96,3.59%,1.96%,1.96%,6.13,6.67,8.51,3.59,1.96,6,1.0000,2026-07-27 19:56:00,未筛除
Big Time Plus (1080p),https://shd-gcp-live.edgenextcdn.net/live/bitmovin-big-time-plus/924283f994779a311c1389698ff7e736/index.m3u8,,,,BigTimePlus.sa@SD,,,,https://shahid.mbc.net/mediaObject/4e042cb6-500b-4e4c-a8ca-21a5a7a7a71b,Undefined,1280x720,iptv-org-all.txt,5814,200,成功,h264,25.0,有音频,14.271,未筛除,否,,,100.00,1,0.0035,e21f210ef21c8df3,1.06%,20.00%,20.00%,11.21,0.00,30.00,1.06,20.00,0,0.1064,2026-07-20 02:40:00,未筛除
Call the Midwife,https://jmp2.uk/plu-65dded6966eec80008947157.m3u8,,,,,,,,,Undefined,1280x720,iptv-org-all.txt,350,200,成功,h264,30.0,有音频,1.900,未筛除,否,,,93.33,19,0.0633,d1b4260b3c4b7a3d,9.67%,6.00%,8.00%,8.97,6.67,12.23,9.67,7.00,6,1.0000,2026-07-25 23:46:00,未筛除
BIG TV (720p),https://cdn-1.pishow.tv/live/1059/master.m3u8,,,,BIGTV.in@SD,,,,https://jiotvimages.cdn.jio.com/dare_images/images/Big_TV.png,News,424x240,iptv-org-all.txt,287,200,成功,h264,25.0,有音频,14.660,未筛除,否,,,100.00,7,0.0365,a04cdb33ce99994e,9.38%,9.09%,9.09%,3.80,0.00,3.39,9.38,9.09,0,0.6875,2026-07-20 14:13:00,未筛除
Canal Local (720p),https://v2.tustreaming.cl/canallocalcl/index.m3u8,,,,CanalLocal.cl@SD,,,,https://i.imgur.com/ReZXqWR.png,General,1280x720,iptv-org-all.txt,639,200,成功,h264,29.97002997002997,有音频,2.994,未筛除,否,,,93.33,6,0.0192,cdb326e8cbcc6261,4.17%,1.96%,1.96%,5.54,6.67,6.13,4.17,1.96,6,0.9808,2026-07-20 02:40:00,未筛除
Buendia TV,https://servilive.com:3508/stream/play.m3u8,,,,BuendiaTV.hn@SD,,,,https://i.imgur.com/m5hNyNE.png,News,1280x720,iptv-org-all.txt,1940,200,成功,h264,24.0,有音频,1.322,未筛除,否,,,80.00,7,0.0229,0000000000000000,5.88%,3.92%,3.92%,14.95,20.00,17.93,5.88,3.92,6,1.0000,2026-07-22 03:08:00,未筛除
Bolivision (1080p),https://d135ohnuotzzyo.cloudfront.net/index.m3u8,,,,Bolivision.bo@SD,,,,https://i.imgur.com/U98Z5zn.png,General,854x480,iptv-org-all.txt,1810,200,成功,h264,29.97002997002997,有音频,0.694,未筛除,否,,,86.67,6,0.0196,9e9e69cb63301ab1,4.90%,1.96%,1.96%,14.20,13.33,25.62,4.90,1.96,6,1.0000,2026-07-25 18:07:00,未筛除
Canal 13 La Rioja (480p),http://arcast.net:1935/mp/mp/playlist.m3u8,,,,Canal13LaRioja.ar@SD,,,,https://i.imgur.com/OI97Sgq.png,Undefined,1280x720,iptv-org-all.txt,743,200,成功,h264,25.0,有音频,0.754,未筛除,否,,,86.67,10,0.0347,ff50a07ad40f9507,7.64%,2.13%,4.26%,10.31,13.33,10.43,7.64,3.19,6,0.9792,2026-07-25 13:50:00,未筛除
AXN White Poland (576p),http://185.227.34.179:8080/axn-white/index.m3u8,,,,AXNWhite.us@Poland,,,,https://i.imgur.com/47IKxmt.png,Entertainment,720x576,iptv-org-all.txt,114,200,成功,h264,25.0,有音频,1.265,未筛除,否,,,80.00,3,0.0455,ffe16116707050de,13.64%,9.09%,9.09%,15.45,20.00,12.73,13.64,9.09,6,1.0000,2026-08-03 23:42:00,未筛除
Bloomberg TV+ (2160p),https://d8975dc3.wurl.com/master/f36d25e7e52f1ba8d7e56eb859c636563214f541/U2Ftc3VuZy1nYl9CbG9vbWJlcmdUVlBsdXNfSExT/playlist.m3u8,,,,BloombergTV.us@Plus,,,,https://i.imgur.com/OuogLHx.png,Business,1280x720,iptv-org-all.txt,907,200,成功,hevc,59.94005994005994,有音频,2.105,未筛除,否,,,86.67,167,0.5458,8000000000000000,56.86%,47.06%,68.63%,31.44,13.33,29.83,56.86,57.84,6,1.0000,2026-07-20 02:40:00,未筛除
Beach Bonfire Vibes (1080p),https://d104o6d3ybbtr3.cloudfront.net/playlist.m3u8,,,,,,,,,Undefined,640x360,iptv-org-all.txt,1633,200,成功,hevc,29.97002997002997,有音频,2.749,未筛除,否,,,86.67,11,0.0346,d5fcfe03c06e83c0,8.18%,9.43%,1.89%,13.48,13.33,19.81,8.18,5.66,6,1.0000,2026-07-21 18:42:00,未筛除
Bani Vision (720p) [Not 24/7],https://videostream.shockmedia.com.ar/hls/banivision/banivision.m3u8,,,,BaniVision.do@HD,,,,https://www.banivision.com/wp-content/uploads/2023/04/Bani-Vision-Favicon.png,General,1280x720,iptv-org-all.txt,1884,200,成功,h264,30.0,有音频,1.234,未筛除,否,,,53.33,90,0.3125,a6a43a5a195b4a3f,35.07%,31.91%,31.91%,41.59,46.67,42.40,35.07,31.91,6,0.9792,2026-07-23 03:04:00,未筛除
BRTV 北京卫视 (1080p),http://go.bkpcp.top/mg/bjws,,,,BeijingSatelliteTV.cn@HD,,,,https://i.imgur.com/vsktAez.png,General,1280x720,iptv-org-all.txt,620,403,成功,h264,25.0,有音频,6.129,未筛除,否,,,100.00,3,0.0122,d9f23cb8c7810f0d,3.66%,6.25%,6.25%,3.46,0.00,7.00,3.66,6.25,0,0.3902,2026-08-01 04:09:00,未筛除
Cana TV Digital (720p) [Not 24/7],https://stream.hostuis.com:19360/canatvdigital/canatvdigital.m3u8,,,,CanaTVDigital.do@SD,,,,https://i.imgur.com/k8jxt12.png,General,1280x720,iptv-org-all.txt,2089,200,成功,h264,29.97002997002997,有音频,2.895,未筛除,否,,,93.33,2,0.0074,b2a3487c1d4d5f34,2.22%,2.22%,2.22%,4.11,6.67,2.59,2.22,2.22,6,1.0000,2026-08-03 23:42:00,未筛除
AVA Family,https://familyhls.avatv.live/hls/stream.m3u8,,,,AVAFamily.ir@SD,,,,,Family,1280x720,iptv-org-all.txt,732,200,成功,h264,25.0,有音频,2.499,未筛除,否,,,100.00,6,0.0200,989e1f478f63c0f0,4.00%,2.00%,4.00%,2.70,0.00,5.32,4.00,3.00,6,1.0000,2026-07-21 13:53:00,未筛除
California Music Channel (1080p),https://cmc-cmctv-cineverse.amagi.tv/playlist.m3u8,,,,CaliforniaMusicChannel.us@SD,,,,https://i.imgur.com/L38mC6H.png,Music,1920x1080,iptv-org-all.txt,576,200,成功,h264,29.97002997002997,有音频,2.584,未筛除,否,,,80.00,4,0.0128,0000000000000000,3.21%,1.92%,3.85%,11.30,20.00,7.90,3.21,2.88,6,1.0000,2026-07-30 13:45:00,未筛除
Canal 4 RD (1080p),https://cdn.protvradiostream.com/canal4rd-1/ngrp:canal4rd-1_all/playlist.m3u8,,,,Canal4RD.do@SD,,,,https://i.imgur.com/3AqCAji.png,General,640x360,iptv-org-all.txt,113,200,成功,h264,30.0,有音频,2.929,未筛除,否,,,86.67,4,0.0152,949f49c0c323fb36,3.79%,2.27%,2.27%,9.75,13.33,11.45,3.79,2.27,6,1.0000,2026-07-27 19:56:00,未筛除
BET,https://jmp2.uk/plu-61c1939b8929e40007ff6382.m3u8,,,,BET.se@DK,,,,https://images.pluto.tv/channels/61c1939b8929e40007ff6382/colorLogoPNG.png,Series,1280x720,iptv-org-all.txt,946,200,成功,h264,30.0,有音频,1.729,未筛除,否,,,93.33,15,0.0472,cdc36763d91a303c,7.55%,5.66%,5.66%,8.04,6.67,11.01,7.55,5.66,6,1.0000,2026-07-21 13:53:00,未筛除
Canal Málaga RTV (720p) [Not 24/7],https://canalmalaga-tv-live.flumotion.com/playlist.m3u8,,,,CanalMalagaRTV.es@SD,,,,https://i.imgur.com/QSUOxtM.png,General,1280x720,iptv-org-all.txt,6602,200,成功,h264,25.0,有音频,1.195,未筛除,否,,,0.00,10,0.0314,8af35571aa8e2754,6.92%,1.89%,3.77%,54.79,100.00,43.76,6.92,2.83,6,1.0000,2026-07-24 03:15:00,未筛除
AssyriaSat (720p) [Not 24/7],http://66.242.170.53/hls/live/temp/index.m3u8,,,,KBSV231.us@SD,,,,https://i.imgur.com/6lklsyN.png,General;Religious,1600x900,iptv-org-all.txt,104,200,成功,h264,30.0,有音频,0.554,未筛除,否,,,60.00,6,0.0196,a1b2a1b231bd5acd,5.88%,1.96%,1.96%,32.99,40.00,52.07,5.88,1.96,6,1.0000,2026-07-20 14:13:00,未筛除
Best of The Drew Barrymore Show,https://jmp2.uk/plu-6310cbee5a8ad300070fdb7c.m3u8,,,,BestofTheDrewBarrymoreShow.us@CA,,,,https://images.pluto.tv/channels/6310cbee5a8ad300070fdb7c/colorLogoPNG.png,Entertainment,1280x720,iptv-org-all.txt,1459,200,成功,h264,30.0,有音频,1.620,未筛除,否,,,93.33,15,0.0472,cdc36763d91a303c,7.86%,5.66%,5.66%,8.61,6.67,12.68,7.86,5.66,6,1.0000,2026-07-21 00:21:00,未筛除
Best of Dance TV (1080p),https://m1b2.worldcast.tv/dancetelevisionone/dancetelevisionone.m3u8,,,,BestofDanceTV.ee@SD,,,,,Music,1920x1080,iptv-org-all.txt,2266,200,成功,h264,25.0,有音频,3.396,未筛除,否,,,100.00,2,0.0065,e86aace337c85744,1.31%,1.96%,1.96%,5.64,0.00,17.28,1.31,1.96,6,1.0000,2026-07-21 00:21:00,未筛除
BBC Earth Greece (1080p),http://185.102.171.218/BBCEarth/index.m3u8,,,,BBCEarth.uk@Greece,,,,https://i.imgur.com/nGSsUd4.png,Documentary,1920x1080,iptv-org-all.txt,250,200,成功,h264,25.0,有音频,2.327,未筛除,否,,,93.33,5,0.0167,eae61769d3629468,4.00%,2.17%,2.17%,7.91,6.67,14.10,4.00,2.17,6,0.9200,2026-07-21 03:43:00,未筛除
Canal 3 Pinamar,http://intelincloud01.com.ar/hls/cn3/index.m3u8,,,,Canal3Pinamar.ar@SD,,,,https://i.imgur.com/IABFaH1.png,Undefined,1280x720,iptv-org-all.txt,3745,200,成功,h264,29.97002997002997,有音频,4.997,未筛除,否,,,100.00,15,0.0481,adadada9a9a95052,7.37%,3.85%,5.77%,2.92,0.00,3.23,7.37,4.81,6,1.0000,2026-07-29 19:13:00,未筛除
BSTV (576p),https://lbgo.bozztv.com/ssh101/ssh101/bstv/playlist.m3u8,,,,BSTV.pk@SD,,,,https://www.vivalivetv.com/public/files/shows/0/1/3952-640x360-FFFFFF.jpg,General,720x576,iptv-org-all.txt,815,200,成功,h264,25.0,有音频,0.983,未筛除,否,,,53.33,4,0.0133,c5833a7c277d704a,4.00%,2.00%,2.00%,26.81,46.67,23.80,4.00,2.00,6,1.0000,2026-08-03 23:42:00,未筛除
Bucovina TV (576i),https://www.bucovinatv.ro/proxy/video/playlist.m3u8,,,,BucovinaTV.ro@SD,,,,https://i.imgur.com/6klhXxp.png,Undefined,960x540,iptv-org-all.txt,2647,200,成功,h264,25.0,有音频,4.001,未筛除,否,,,,,,,,,,,,,,,,,,未筛除
Beach TV Panama City (720p),http://media4.tripsmarter.com:1935/LiveTV/BTVHD/playlist.m3u8,,,,BeachTVPanamaCity.us@SD,,,,https://i.imgur.com/HCQDvEe.png,Travel,1280x720,iptv-org-all.txt,952,200,成功,h264,29.97002997002997,有音频,0.561,未筛除,否,,,33.33,32,0.1006,0000000000000000,14.47%,9.43%,13.21%,41.79,66.67,36.98,14.47,11.32,6,1.0000,2026-07-21 03:43:00,未筛除
batteryPOP (720p),https://d24c0gmuazjo9x.cloudfront.net/master.m3u8,,,,,,,,,Undefined,1280x720,iptv-org-all.txt,1687,200,成功,h264,30.0,有音频,2.675,未筛除,否,,,53.33,36,0.1154,85627ab785486a3f,19.87%,5.77%,11.54%,29.43,46.67,19.74,19.87,8.65,6,1.0000,2026-07-21 00:21:00,未筛除
Canal Metropolitano de Noticias,https://stmv5.samcast.com.br/claudio8701/claudio8701/playlist.m3u8,,,,CanalMetropolitanodeNoticias.br@SD,,,,https://i.imgur.com/G0x4xqa.png,News,640x360,iptv-org-all.txt,2150,200,成功,h264,25.0,有音频,2.286,未筛除,否,,,93.33,6,0.0189,cbbf3424cb993921,5.03%,1.89%,1.89%,8.11,6.67,14.18,5.03,1.89,6,1.0000,2026-07-27 02:43:00,未筛除
Bab Al Hara (1080p),https://shd-amg-fast.edgenextcdn.net/tx010/playlist.m3u8,,,,BabAlHara.sa@SD,,,,https://i.imgur.com/QtlnZbq.png,Series,256x144,iptv-org-all.txt,1233,200,成功,h264,25.0,有音频,8.168,未筛除,否,,,100.00,2,0.0064,8d8da6a49d597272,1.60%,1.92%,1.92%,5.77,0.00,17.52,1.60,1.92,6,1.0000,2026-07-25 23:46:00,未筛除
Belarus-5 HD (1080p),http://178.124.179.122:8080/BT5/index.m3u8,,,,Belarus5.by@HD,,,,https://i.imgur.com/NJsRFud.png,Sports,720x576,iptv-org-all.txt,294,200,成功,mpeg2video,25.0,有音频,2.011,未筛除,否,,,86.67,5,0.0157,e99916e83c277076,4.40%,1.89%,1.89%,9.89,13.33,11.62,4.40,1.89,6,1.0000,2026-07-24 14:01:00,未筛除
Aupur Television (1080p),https://canal.aupurtv.co/live/stream/index.m3u8,,,,AupurTelevision.co@SD,,,,https://i.imgur.com/FTv7zpJ.jpeg,General,1920x1080,iptv-org-all.txt,1017,200,成功,h264,60.0,有音频,2.521,未筛除,否,,,100.00,5,0.0167,c061264e9b4f3dda,3.67%,2.00%,2.00%,3.31,0.00,7.93,3.67,2.00,6,1.0000,2026-08-02 23:47:00,未筛除
AXS TV (1080p),https://gpuserver3.tier1streams.com/AXS_TV/index.m3u8,,,,AXSTV.us@SD,,,,https://upload.wikimedia.org/wikipedia/commons/thumb/c/c2/AXS_TV_logo.svg/960px-AXS_TV_logo.svg.png,Music,1920x1080,iptv-org-all.txt,27,200,成功,h264,59.94005994005994,有音频,1.035,未筛除,否,,,86.67,6,0.0233,f7c8c79034adc989,6.98%,2.33%,2.33%,14.71,13.33,25.83,6.98,2.33,6,1.0000,2026-07-25 00:18:00,未筛除
Avivamiento TV (1080p) [Not 24/7],https://s1.abntelevision.com/avivamientoabr/stream/avivamientohd/avivamientohd/playlist.m3u8,,,,AvivamientoTV.co@SD,,,,https://i.imgur.com/ydoBp3b.png,Religious,1920x1080,iptv-org-all.txt,2002,200,成功,h264,29.97002997002997,有音频,1.431,未筛除,否,,,100.00,5,0.0245,c23d3fc34ce033c5,6.86%,2.94%,2.94%,6.03,0.00,14.55,6.86,2.94,6,1.0000,2026-07-21 18:42:00,未筛除
Canal 7 Talanga Vision (720p),https://amixtv.com:8081/talangavision/index.m3u8,,,,Canal7TalangaVision.hn@SD,,,,https://i.ibb.co/0cqcyz4/Logo-2020-azul-El-lider-de-la-zona.png,General,1280x720,iptv-org-all.txt,1087,503,成功,h264,59.94005994005994,有音频,1.253,未筛除,否,,,86.67,6,0.0196,cef14eb5426ab542,4.90%,2.08%,2.08%,10.63,13.33,13.71,4.90,2.08,6,0.9412,2026-07-25 00:18:00,未筛除
BE@TTV (1080p),https://tv.beatfm.nl/live.m3u8,,,,BEATTV.nl@SD,,,,https://i.imgur.com/egK33Dj.png,Entertainment;Music,1920x1080,iptv-org-all.txt,1916,200,成功,h264,25.0,有音频,2.061,未筛除,否,,,53.33,8,0.0252,0000000000000000,6.60%,3.77%,3.77%,27.60,46.67,24.13,6.60,3.77,6,1.0000,2026-07-20 14:13:00,未筛除
Baraza TV (1080p),https://eco.streams.ovh:8081/barazatv/tracks-v1a1/mono.m3u8,,,,BarazaTV.gr@SD,,,,https://i.imgur.com/TZ1unwF.png,Music,1920x1080,iptv-org-all.txt,1738,200,成功,h264,30.0,有音频,3.375,未筛除,否,,,86.67,5,0.0160,cc7872f31c87260f,4.49%,1.92%,1.92%,9.22,13.33,9.33,4.49,1.92,6,1.0000,2026-07-21 18:42:00,未筛除
Beach TV Myrtle Beach & The Grand Strand (720p),http://media4.tripsmarter.com:1935/LiveTV/MTVHD/playlist.m3u8,,,,BeachTVMyrtleBeachTheGrandStrand.us@SD,,,,https://i.imgur.com/aLYz7Bv.png,Travel,1280x720,iptv-org-all.txt,1092,200,成功,h264,29.97002997002997,有音频,0.654,未筛除,否,,,60.00,63,0.1981,0000000000000000,24.53%,13.21%,24.53%,32.57,40.00,32.58,24.53,18.87,6,1.0000,2026-07-20 14:13:00,未筛除
BET Pluto TV,https://jmp2.uk/plu-5ca670f6593a5d78f0e85aed.m3u8,,,,BETPlutoTV.us@US,,,,https://images.pluto.tv/channels/5ff768b6a4c8b80008498610/colorLogoPNG_1756804608228.png,Entertainment,1216x684,iptv-org-all.txt,1345,200,成功,h264,30.0,有音频,1.056,未筛除,否,,,60.00,15,0.0472,9865279ae4d931ce,9.43%,5.66%,5.66%,23.92,40.00,18.23,9.43,5.66,6,1.0000,2026-07-31 18:57:00,未筛除
Breaking News by LeadStory (1080p),https://amg02703-leadstory-leadstory-samsungau-rr75f.amagi.tv/playlist/amg02703-leadstory-leadstory-samsungau/playlist.m3u8,,,,,,,,,Undefined,1920x1080,iptv-org-all.txt,1172,200,成功,h264,29.97002997002997,有音频,5.357,未筛除,否,,,93.33,5,0.0163,b5922b3ec9c5cac8,4.25%,1.96%,3.92%,5.21,6.67,4.67,4.25,2.94,6,1.0000,2026-07-25 00:18:00,未筛除
Canal 13 Jujuy TV (720p),https://genexservicios.com:19360/canal13jujuy/canal13jujuy.m3u8,,,,Canal13Jujuy.ar@SD,,,,https://i.imgur.com/lmKLiJ3.jpg,Religious,1280x720,iptv-org-all.txt,817,200,成功,h264,25.0,有音频,1.851,未筛除,否,,,60.00,6,0.1667,d9dd66268ed81b60,33.33%,16.67%,16.67%,31.57,40.00,24.11,33.33,16.67,6,1.0000,2026-07-24 14:01:00,未筛除
Cadena 103 (720p) [Not 24/7],http://arcast.net:1935/cadena103/cadena103/playlist.m3u8,,,,Cadena103TV.ar@SD,,,,https://i.imgur.com/vBsry35.png,Undefined,1280x720,iptv-org-all.txt,102,200,成功,h264,30.0,有音频,0.930,未筛除,否,,,80.00,5,0.0160,9226693c87e61ece,3.85%,3.85%,3.85%,10.37,20.00,4.04,3.85,3.85,6,1.0000,2026-07-23 00:11:00,未筛除
Baan Baan TV 73,https://vdo.plathong.net/live8794/live8794/playlist.m3u8,,,,BaanBaanTV73.th@SD,,,,https://i.imgur.com/JGLy1Pm.png,Undefined,1920x1080,iptv-org-all.txt,1393,200,成功,h264,25.0,有音频,5.667,未筛除,否,,,100.00,6,0.0204,fe00000000000000,4.08%,2.04%,2.04%,2.25,0.00,4.10,4.08,2.04,6,1.0000,2026-07-20 02:40:00,未筛除
Bull,https://jmp2.uk/plu-6964b9e19bf57be1537fc7d7.m3u8,,,,Bull.se@SE,,,,https://images.pluto.tv/channels/6964b982ca459f9b939da8e6/colorLogoPNG_1770900947317.png,Series,1280x720,iptv-org-all.txt,2404,200,成功,h264,30.0,有音频,2.765,未筛除,否,,,93.33,14,0.0467,e5d4113b0ec91d9d,9.67%,8.16%,6.12%,7.54,6.67,7.43,9.67,7.14,6,0.9800,2026-07-21 00:21:00,未筛除
BIG Community Channel,https://reflect-brookline-interactive-group.cablecast.tv/live-4/live/stream-1/live.m3u8,,,,BIGCommunityChannel.us@SD,,,,https://i.imgur.com/6HDMVBB.png,General,480x270,iptv-org-all.txt,1460,200,成功,h264,30.0,有音频,2.242,未筛除,否,,,33.33,12,0.0377,0000000000000000,7.55%,3.77%,3.77%,43.93,66.67,51.25,7.55,3.77,6,1.0000,2026-07-20 19:21:00,未筛除
Bolivision Santa Cruz (720p),https://d1mws3umreue1g.cloudfront.net/index.m3u8,,,,BolivisionSantaCruz.bo@SD,,,,https://upload.wikimedia.org/wikipedia/commons/7/75/Bolivisi%C3%B3n2025.png,General,854x480,iptv-org-all.txt,1763,200,成功,h264,29.97002997002997,有音频,0.909,未筛除,否,,,73.33,4,0.0131,e23dcdc4194ac67a,3.92%,1.96%,1.96%,19.28,26.67,25.44,3.92,1.96,6,1.0000,2026-07-20 02:40:00,未筛除
Atlanta Channel (720p),http://media4.tripsmarter.com:1935/LiveTV/ACVBHD/playlist.m3u8,,,,AtlantaChannel.us@SD,,,,https://i.imgur.com/MOGQAns.png,General,1280x720,iptv-org-all.txt,1529,200,成功,h264,29.97002997002997,有音频,0.718,未筛除,否,,,60.00,6,0.0196,991866236cc67bd9,5.88%,1.96%,1.96%,30.03,40.00,42.18,5.88,1.96,6,1.0000,2026-07-20 02:40:00,未筛除
Canal DTV (720p),https://s.emisoras.tv:8081/dtv/index.m3u8,,,,CanalDTV.do@SD,,,,https://i.imgur.com/JO5yuNC.png,General,1920x1080,iptv-org-all.txt,38,200,成功,h264,29.97002997002997,有音频,1.174,未筛除,否,,,80.00,5,0.0157,8aa731684838bebf,4.09%,1.89%,1.89%,12.86,20.00,12.86,4.09,1.89,6,1.0000,2026-07-25 13:50:00,未筛除
Bellator MMA,https://jmp2.uk/plu-5ebc8688f3697d00072f7cf8.m3u8,,,,BellatorMMA.us@SD,,,,https://i.imgur.com/VBKoLHk.png,Sports,1280x720,iptv-org-all.txt,801,200,成功,h264,30.0,有音频,2.956,未筛除,否,,,93.33,12,0.0377,8ccc35313337787a,8.18%,3.77%,3.77%,9.22,6.67,15.14,8.18,3.77,6,1.0000,2026-07-20 14:13:00,未筛除
Brave Wilderness (1080p),https://d95zc3i1pxhs7.cloudfront.net/playlist.m3u8,,,,,,,,,Undefined,640x360,iptv-org-all.txt,1225,200,成功,hevc,29.97002997002997,有音频,3.089,未筛除,否,,,86.67,18,0.0588,8000000000000000,9.15%,1.96%,5.88%,12.69,13.33,17.11,9.15,3.92,6,1.0000,2026-07-20 02:40:00,未筛除
Bounce XL (1080p),https://cdn-uw2-prod.tsv2.amagi.tv/linear/amg01438-ewscrippscompan-bouncexl-tablo/playlist.m3u8,,,,BounceXL.us@SD,,,,https://i.imgur.com/GzxgSkc.png,Entertainment,426x240,iptv-org-all.txt,2940,200,成功,h264,29.97002997002997,有音频,4.271,未筛除,否,,,100.00,7,0.0229,be623c3cc2c9633c,6.21%,4.00%,4.00%,3.46,0.00,6.07,6.21,4.00,0,0.9804,2026-07-23 03:04:00,未筛除
Azzurra TV (576p),https://ed05.top-ix.org/avtvlive/azzurra/streaming/playlist.m3u8,,,,AzzurraTV.it@SD,,,,https://i.imgur.com/qWIZNEc.png,General,1024x576,iptv-org-all.txt,1764,200,成功,h264,25.0,有音频,4.018,未筛除,否,,,86.67,5,0.0160,8362359d5a9f2566,3.53%,3.85%,1.92%,10.37,13.33,13.46,3.53,2.88,6,1.0000,2026-07-29 19:13:00,未筛除
Baby Einstein (720p),https://ds25p79iq4576.cloudfront.net/master.m3u8,,,,,,,,,Undefined,1280x720,iptv-org-all.txt,1021,200,成功,h264,29.97002997002997,有音频,2.867,未筛除,否,,,86.67,31,0.0994,85627ab785486a3f,20.83%,9.62%,11.54%,16.88,13.33,21.09,20.83,10.58,6,1.0000,2026-07-20 14:13:00,未筛除
BET Cinema,https://jmp2.uk/plu-58af4c093a41ca9d4ecabe96.m3u8,,,,BETCinema.us@SD,,,,https://images.pluto.tv/channels/58af4c093a41ca9d4ecabe96/colorLogoPNG_1759338280891.png,Movies,1216x684,iptv-org-all.txt,87,200,成功,h264,30.0,有音频,1.205,未筛除,否,,,33.33,19,0.0597,d1b4260b3c4b7a3d,12.58%,5.66%,7.55%,36.24,66.67,21.31,12.58,6.60,6,1.0000,2026-07-25 13:50:00,未筛除
BIG Civic Channel,https://reflect-brookline-interactive-group.cablecast.tv/live-5/live/stream-2/live.m3u8,,,,BIGCivicChannel.us@SD,,,,https://i.imgur.com/6HDMVBB.png,General,480x270,iptv-org-all.txt,1649,200,成功,h264,30.0,有音频,2.384,未筛除,否,,,53.33,12,0.0377,0000000000000000,10.06%,3.77%,3.77%,39.84,46.67,62.60,10.06,3.77,6,1.0000,2026-07-20 19:21:00,未筛除
BabyTV Netherlands (576p),http://185.102.171.218/BabyTV/index.m3u8,,,,BabyTV.uk@Netherlands,,,,https://i.imgur.com/4BDJ5FT.png,Kids,1024x576,iptv-org-all.txt,128,200,成功,h264,25.0,有音频,1.450,未筛除,否,,,73.33,6,0.0196,98bdfd56ad0aa601,5.56%,1.96%,1.96%,18.26,26.67,20.95,5.56,1.96,6,1.0000,2026-07-21 18:42:00,未筛除
AVA Series,https://avaserieshls.wns.live/hls/stream.m3u8,,,,AVASeries.ir@SD,,,,https://i.imgur.com/8AfAfZE.png,Series,1280x720,iptv-org-all.txt,841,200,成功,h264,25.0,有音频,2.076,未筛除,否,,,93.33,6,0.0196,9ec6337321d88d27,3.92%,1.96%,1.96%,5.73,6.67,6.95,3.92,1.96,6,1.0000,2026-07-24 03:15:00,未筛除
ATV (720p),http://187.102.210.46/ATV/index.m3u8,,,,ATV.pe@SD,,,,https://i.imgur.com/eUzYZfg.png,General,1280x720,iptv-org-all.txt,161,200,成功,h264,,有音频,1.863,未筛除,否,,,93.33,52,0.1699,0000000000000000,25.16%,15.69%,17.65%,14.42,6.67,16.84,25.16,16.67,6,1.0000,2026-07-22 00:21:00,未筛除
Canal 5 Puerto Montt,https://5ff3d9babae13.streamlock.net/aufymdjpjf/aufymdjpjf/playlist.m3u8,,,,Canal5PuertoMontt.cl@SD,,,,https://i.imgur.com/pLobTRW.png,General,1280x720,iptv-org-all.txt,2471,200,成功,h264,29.97002997002997,有音频,3.725,未筛除,否,,,86.67,5,0.0167,a434134fa4738f6e,4.00%,4.00%,2.00%,9.71,13.33,10.92,4.00,3.00,6,1.0000,2026-07-25 03:14:00,未筛除
Autostop per il cielo,https://jmp2.uk/plu-638f286445264d00084ec6dc.m3u8,,,,,,,,,Undefined,1280x720,iptv-org-all.txt,3060,200,成功,h264,30.0,有音频,1.563,未筛除,否,,,86.67,17,0.0567,d1b4260b3c4b7a3d,10.67%,4.00%,8.00%,12.94,13.33,16.24,10.67,6.00,6,1.0000,2026-07-22 00:21:00,未筛除
ATN Bangla (720p),https://tvsen5.aynaott.com/atnbangla/index.m3u8,,,,ATNBangla.bd@SD,,,,https://i.imgur.com/K1HmMRz.png,General,1280x720,iptv-org-all.txt,2164,200,成功,h264,25.0,有音频,5.183,未筛除,否,,,80.00,3,0.0217,a955a954aa56fa13,6.52%,4.35%,4.35%,12.78,20.00,10.14,6.52,4.35,6,1.0000,2026-08-03 23:42:00,未筛除
Bloomberg Originals (1080p),https://86fdc85a.wurl.com/master/f36d25e7e52f1ba8d7e56eb859c636563214f541/TEctZ2JfQmxvb21iZXJnT3JpZ2luYWxzX0hMUw/playlist.m3u8,,,,BloombergOriginals.us@SD,,,,https://jiotvimages.cdn.jio.com/dare_images/images/Bloomberg_Originals.png,Business;Documentary,384x216,iptv-org-all.txt,1109,200,成功,h264,29.97002997002997,有音频,4.540,未筛除,否,,,93.33,6,0.0196,aaaa156dda5a9287,5.88%,3.92%,5.88%,8.23,6.67,12.99,5.88,4.90,6,1.0000,2026-07-23 18:50:00,未筛除
Canal 3 Tacural,http://vivo.canal3tacural.com.ar:8081/hls/stream.m3u8,,,,Canal3Tacural.ar@SD,,,,https://i.imgur.com/RKvSa52.jpeg,General,1280x720,iptv-org-all.txt,1641,200,成功,h264,50.0,有音频,2.571,未筛除,否,,,33.33,18,0.0577,d119636166daf29a,12.18%,5.77%,5.77%,41.09,66.67,38.05,12.18,5.77,6,1.0000,2026-07-25 13:50:00,未筛除
Beach TV Florida & Alabama (720p),http://media4.tripsmarter.com:1935/LiveTV/DTVHD/playlist.m3u8,,,,BeachTVFloridaAlabama.us@SD,,,,https://i.imgur.com/weypM9C.png,Travel,1280x720,iptv-org-all.txt,1510,200,成功,h264,29.97002997002997,有音频,0.408,未筛除,否,,,60.00,31,0.0975,0000000000000000,13.84%,9.43%,9.43%,30.99,40.00,37.60,13.84,9.43,6,1.0000,2026-07-21 03:43:00,未筛除
AXN (720p),http://45.190.28.50/AXN_HD/index.m3u8,,,,AXN.br@SD,,,,https://upload.wikimedia.org/wikipedia/commons/thumb/5/52/AXN_logo_%282015%29.svg/960px-AXN_logo_%282015%29.svg.png,Movies,1280x720,iptv-org-all.txt,149,200,成功,h264,29.97002997002997,有音频,1.569,未筛除,否,,,73.33,5,0.0170,c0f81fccc71ce166,4.76%,2.08%,2.08%,17.63,26.67,19.35,4.76,2.08,6,0.9796,2026-07-26 14:01:00,未筛除
BRIDGE (576p),http://stream.mcquack.net/318/index.m3u8,,,,BRIDGE.ru@SD,,,,https://i.imgur.com/qYObfrG.png,Music,704x576,iptv-org-all.txt,152,200,成功,h264,25.0,有音频,1.958,未筛除,否,,,,,,,,,,,,,,,,,,未筛除
Bondi Vet (720p),https://wtfn-bondivet-1-au.samsung.wurl.tv/playlist.m3u8,,,,,,,,,Undefined,1280x720,iptv-org-all.txt,1329,200,成功,h264,29.97002997002997,有音频,1.593,未筛除,否,,,53.33,8,0.0261,999966669c993365,6.54%,3.92%,1.96%,30.40,46.67,33.76,6.54,2.94,6,1.0000,2026-07-23 18:50:00,未筛除
Bandung TV (360p),http://202.150.153.254:65500/bandungtvWEBSITE.m3u8,,,,BandungTV.id@SD,,,,https://i.postimg.cc/JzqSzcj9/200px-Logo-bdg-tv-2016.png,General,640x360,iptv-org-all.txt,699,200,成功,h264,30.0,有音频,1.748,未筛除,否,,,60.00,5,0.0160,c132cfe0e29d278d,4.81%,1.96%,1.96%,24.24,40.00,23.61,4.81,1.96,6,0.9808,2026-07-21 13:53:00,未筛除
Atambua TV (720p),http://122.248.43.242:1935/ATAMBUATV/_definst_/myStream/playlist.m3u8,,,,AtambuaTV.id@HD,,,,https://upload.wikimedia.org/wikipedia/commons/7/72/Atambua_TV.png,Undefined,1280x720,iptv-org-all.txt,427,200,成功,h264,25.0,有音频,2.193,未筛除,否,,,93.33,4,0.0476,aa2cf4423209f97f,14.29%,7.14%,7.14%,13.14,6.67,23.00,14.29,7.14,6,1.0000,2026-07-21 00:21:00,未筛除
Bar Rescue,https://jmp2.uk/plu-60a3d889a5b3690008dc7fe8.m3u8,,,,BarRescue.us@SD,,,,https://images.pluto.tv/channels/655f2ee6c0fc88000877d26c/colorLogoPNG.png,Series,1280x720,iptv-org-all.txt,843,200,成功,h264,30.0,有音频,3.234,未筛除,否,,,33.33,10,0.0321,9a65649ad7cc3962,8.65%,5.77%,3.85%,33.64,66.67,15.88,8.65,4.81,6,1.0000,2026-08-03 02:41:00,未筛除
Beavis and Butt-Head,https://jmp2.uk/plu-6486e8328e3c0a0008e5686c.m3u8,,,,BeavisandButtHead.se@NO,,,,https://images.pluto.tv/channels/6486e8984cfc2c0008b6844e/colorLogoPNG.png,Comedy,1216x684,iptv-org-all.txt,903,200,成功,h264,30.0,有音频,2.515,未筛除,否,,,93.33,13,0.0409,8a2a2d1f939968f6,9.43%,3.77%,5.66%,9.52,6.67,14.97,9.43,4.72,6,1.0000,2026-07-20 02:40:00,未筛除
Broad City,https://jmp2.uk/plu-65cba73611ced700082123bc.m3u8,,,,BroadCity.se@DK,,,,https://images.pluto.tv/channels/65cba73611ced700082123bc/colorLogoPNG.png,Comedy,1280x720,iptv-org-all.txt,713,200,成功,h264,30.0,有音频,1.765,未筛除,否,,,33.33,15,0.0490,9a65649ad7cc3962,12.75%,5.88%,7.84%,34.24,66.67,14.46,12.75,6.86,6,1.0000,2026-08-03 02:41:00,未筛除
Beyblade (1080p),https://amg01796-amg01796c6-rakuten-fr-5334.playouts.now.amagi.tv/playlist/amg01796-fastmediafast-beybladefr-rakutenfr/playlist.m3u8,,,,,,,,,Undefined,1920x1080,iptv-org-all.txt,832,200,成功,h264,25.0,有音频,4.663,未筛除,否,,,93.33,3,0.0094,ad10e78dc9596372,2.83%,3.77%,1.89%,4.65,6.67,3.79,2.83,2.83,6,1.0000,2026-07-20 19:21:00,未筛除
Beautiful Life TV,https://5ddce30eb4b55.streamlock.net/bltvhd/bltv1/playlist.m3u8,,,,BeautifulLifeTV.tw@SD,,,,https://i.imgur.com/hkwcBM9.png,Religious,1280x720,iptv-org-all.txt,1940,200,成功,h264,29.97002997002997,有音频,4.313,未筛除,否,,,100.00,3,0.0094,f20234deec5cd29c,2.52%,1.89%,1.89%,1.19,0.00,1.67,2.52,1.89,6,1.0000,2026-07-23 13:52:00,未筛除
Blokbaster HD (1080p),http://stream.mcquack.net/364/index.m3u8,,,,Blokbaster.ru@HD,,,,https://i.imgur.com/KcOi4Os.png,Movies,1920x1080,iptv-org-all.txt,151,200,成功,h264,25.0,有音频,2.156,未筛除,否,,,100.00,2,0.0098,b2c94f27493e5827,2.45%,16.67%,16.67%,2.62,0.00,1.56,2.45,16.67,0,0.1765,2026-07-28 01:13:00,未筛除
BAMOS TV (1080p) [Not 24/7],https://video2.getstreamhosting.com:19360/8092/8092.m3u8,,,,BAMOSTV.mx@SD,,,,https://i.imgur.com/ntK4D64.png,Religious,1024x768,iptv-org-all.txt,2005,200,成功,h264,30.0,有音频,0.983,未筛除,否,,,60.00,5,0.0379,955b199464e5e5e4,9.85%,4.55%,4.55%,25.42,40.00,23.33,9.85,4.55,6,1.0000,2026-07-25 23:46:00,未筛除
Augsburg TV (1080p),https://stream02.welocal.stream/stream/fhd-augsburgtv_104951/ngrp:stream_all/playlist.m3u8,,,,AugsburgTV.de@SD,,,,https://i.imgur.com/27AKMUL.png,General,426x240,iptv-org-all.txt,1173,200,成功,h264,25.0,有音频,6.654,未筛除,否,,,93.33,5,0.0163,8de3e418d0e7e31c,3.92%,1.96%,1.96%,5.76,6.67,7.05,3.92,1.96,6,1.0000,2026-07-21 03:43:00,未筛除
Avers (480p),https://avers.pp.ua/hls/efir.m3u8,,,,Avers.ua@SD,,,,https://i.imgur.com/rHHz94D.png,General,858x480,iptv-org-all.txt,2515,200,成功,h264,25.0,有音频,4.936,未筛除,否,,,80.00,5,0.0167,acf7cbb867895012,4.00%,2.33%,2.33%,12.09,20.00,10.20,4.00,2.33,6,0.8600,2026-07-23 18:50:00,未筛除
Auténtica Televisión (720p) [Not 24/7],https://live.obslivestream.com/autenticatvmux/index.m3u8,,,,AutenticaTelevision.pe@SD,,,,https://i.imgur.com/bEJK3RN.png,General,1280x720,iptv-org-all.txt,46,200,成功,h264,29.97002997002997,有音频,1.575,未筛除,否,,,93.33,4,0.0131,e8dd37b5d5c82902,3.27%,1.96%,1.96%,6.37,6.67,9.52,3.27,1.96,6,1.0000,2026-07-22 00:21:00,未筛除
Canal Dos Yopal (720p),http://131.221.41.94/hls/canal2.m3u8,,,,CanalDos.co@SD,,,,https://i.imgur.com/BYsyNHZ.jpg,General,1280x720,iptv-org-all.txt,190,200,成功,h264,50.0,有音频,0.915,未筛除,否,,,73.33,5,0.0157,92a7cd0c10e3e7b6,4.40%,1.89%,1.89%,17.86,26.67,20.43,4.40,1.89,6,1.0000,2026-07-25 13:50:00,未筛除
Buying Blind Denmark,https://jmp2.uk/plu-63c6a7544faf1c0007b496d7.m3u8,,,,BuyingBlindDenmark.se@SE,,,,https://images.pluto.tv/channels/63c6a7544faf1c0007b496d7/colorLogoPNG.png,Cooking;Lifestyle,1280x720,iptv-org-all.txt,726,200,成功,h264,30.0,有音频,1.429,未筛除,否,,,86.67,9,0.0294,c54b3b3c3ca46c4d,6.54%,3.92%,3.92%,9.72,13.33,8.97,6.54,3.92,6,1.0000,2026-07-23 00:11:00,未筛除
Black News Channel (1080p),https://blacknewschannel-xumo-us.amagi.tv/playlist.m3u8,,,,BlackNewsChannel.us@SD,,,,https://i.imgur.com/oX5oR4d.png,News,1920x1080,iptv-org-all.txt,1097,200,成功,h264,29.97002997002997,有音频,2.046,未筛除,否,,,80.00,16,0.0523,93376c4b9396644b,8.17%,3.92%,7.84%,13.38,20.00,10.52,8.17,5.88,6,1.0000,2026-07-20 02:40:00,未筛除
Burbank Channel (720p),https://cdn3.wowza.com/5/djRwZmQvTEJidmZD/burbank/G0240_009/playlist.m3u8,,,,TheBurbankChannel.us@SD,,,,https://i.imgur.com/SpkR1Fb.png,General,1280x720,iptv-org-all.txt,485,200,成功,h264,25.0,有音频,0.835,未筛除,否,,,53.33,12,0.0500,922d251b22d669ef,10.83%,5.00%,5.00%,36.17,46.67,49.47,10.83,5.00,6,1.0000,2026-07-22 00:21:00,未筛除
Bolivia TV (1080p),http://15.204.246.24:8080/BoliviaTvHD/index.m3u8,,,,BoliviaTV.bo@SD,,,,https://i.imgur.com/tKLYYys.png,General,1920x1080,iptv-org-all.txt,70,200,成功,h264,29.97002997002997,有音频,0.458,未筛除,否,,,53.33,6,0.0250,0000000000000000,7.08%,2.50%,2.50%,29.92,46.67,31.97,7.08,2.50,6,1.0000,2026-07-29 13:55:00,未筛除
BritBox Mysteries (1080p),https://aegis-cloudfront-1.tubi.video/c95700f8-e51c-4a36-ad46-56f70fc9f1d9/playlist.m3u8,,,,BritBoxMysteries.us@SD,,,,https://i.imgur.com/PJdzoLN.png,Documentary,384x216,iptv-org-all.txt,120,200,成功,h264,29.97002997002997,有音频,2.157,未筛除,否,,,60.00,5,0.0163,94867b3918db9933,4.25%,1.96%,1.96%,21.60,40.00,15.19,4.25,1.96,6,1.0000,2026-07-30 18:48:00,未筛除
Best TV (720p) [Not 24/7],http://push-int.siliconweb.com/bestTV/stream/playlist.m3u8,,,,BestTV.gr@SD,,,,https://i.imgur.com/AeeeDUc.png,Undefined,1920x1080,iptv-org-all.txt,1362,200,成功,h264,25.0,有音频,2.479,未筛除,否,,,73.33,5,0.0157,8f73519f30708f70,4.09%,1.89%,1.89%,17.38,26.67,19.02,4.09,1.89,6,1.0000,2026-07-27 19:56:00,未筛除
Canal FDR,https://v-us-01.wisestream.io/memfs/e4ade538-7924-4359-81ef-b9d4dd229e91.m3u8,,,,CanalFDR.br@SD,,,,https://i.imgur.com/7SE4CkE.png,Education;General,1920x1080,iptv-org-all.txt,497,200,成功,h264,29.97002997002997,有音频,0.946,未筛除,否,,,60.00,5,0.0157,f87846c57987a13c,4.72%,1.89%,1.89%,23.60,40.00,21.57,4.72,1.89,6,1.0000,2026-07-20 02:40:00,未筛除
Canal Capital (1080p),http://138.121.15.230:9002/CANAL-CAPITAL/index.m3u8,,,,CanalCapital.co@SD,,,,https://i.imgur.com/zAYtbYi.png,General,1920x1080,iptv-org-all.txt,103,200,成功,h264,30.0,有音频,1.461,未筛除,否,,,80.00,6,0.0200,c6a6348f73389e62,4.00%,2.08%,2.08%,11.11,20.00,7.00,4.00,2.08,6,0.9600,2026-07-28 13:51:00,未筛除
Auction Hunters,https://jmp2.uk/plu-62da7159ca8f220008032730.m3u8,,,,AuctionHunters.se@NO,,,,https://images.pluto.tv/channels/62da73c4ec46c000070f4cb1/colorLogoPNG.png,Series,1280x720,iptv-org-all.txt,692,200,成功,h264,30.0,有音频,1.317,未筛除,否,,,93.33,14,0.0458,cdc36763d91a303c,10.13%,5.88%,5.88%,8.93,6.67,12.17,10.13,5.88,6,1.0000,2026-07-27 14:14:00,未筛除
Awkward,https://jmp2.uk/plu-62bc1784120ba80007935aaa.m3u8,,,,Awkward.de@DACH,,,,https://images.pluto.tv/channels/62bc1784120ba80007935aaa/colorLogoPNG.png,Series,1280x720,iptv-org-all.txt,703,200,成功,h264,30.0,有音频,1.830,未筛除,否,,,86.67,15,0.0481,cdc36763d91a303c,6.73%,5.77%,5.77%,10.43,13.33,10.59,6.73,5.77,6,1.0000,2026-07-26 18:32:00,未筛除
Bibel TV Musik (720p),https://bibeltv03.iptv-playoutcenter.de/bibeltv03/bibeltv03.stream_1/playlist.m3u8,,,,BibelTVMusik.de@SD,,,,https://i.imgur.com/yIqOcP5.png,Music,1920x1080,iptv-org-all.txt,2791,200,成功,h264,25.0,有音频,3.571,未筛除,否,,,100.00,2,0.0063,fee29d3d8390424d,1.89%,1.89%,1.89%,0.70,0.00,0.44,1.89,1.89,6,1.0000,2026-07-23 00:11:00,未筛除
BBC Drama (1080p),https://amg00793-amg00793c40-rakuten-es-5444.playouts.now.amagi.tv/playlist.m3u8,,,,BBCDrama.uk@Spain,,,,https://i.imgur.com/HctHhLL.png,Series,1920x1080,iptv-org-all.txt,965,200,成功,h264,25.0,有音频,2.799,未筛除,否,,,86.67,3,0.0094,bce1623b98ccd18e,2.83%,1.89%,1.89%,8.33,13.33,7.48,2.83,1.89,6,1.0000,2026-07-20 02:40:00,未筛除
Canal 4 Posadas (576p),https://iptv.ixfo.com.ar:30443/live/C4POS/playlist.m3u8,,,,Canal4Posadas.ar@SD,,,,https://i.imgur.com/tElJr3e.png,Undefined,1280x720,iptv-org-all.txt,359,200,成功,h264,25.0,有音频,6.725,未筛除,否,,,100.00,4,0.0128,83e546412ed17c7e,3.21%,1.92%,1.92%,1.72,0.00,2.96,3.21,1.92,6,1.0000,2026-07-20 19:21:00,未筛除
Canal 10 Durango (1080p),https://5e50264bd6766.streamlock.net/canal10durango/videocanal10durango/playlist.m3u8,,,,Canal10Durango.mx@SD,,,,https://i.imgur.com/H34quHQ.png,Undefined,1920x1080,iptv-org-all.txt,46,200,成功,h264,29.97002997002997,有音频,1.262,未筛除,否,,,86.67,66,0.2973,c3fc433ad4033ad5,34.23%,29.73%,29.73%,26.01,13.33,36.20,34.23,29.73,6,1.0000,2026-07-20 14:13:00,未筛除
Canal 15 Teleor (720p),https://ares.disfrutaenlared.com:1936/activatv/activatv/playlist.m3u8,,,,Canal15Teleor.bo@SD,,,,https://i.imgur.com/w8CB2On.jpeg,General,1280x720,iptv-org-all.txt,2158,200,成功,h264,29.97002997002997,有音频,1.981,未筛除,否,,,53.33,6,0.0357,0000000000000000,9.52%,3.70%,3.70%,29.70,46.67,29.21,9.52,3.70,6,0.9643,2026-07-25 13:50:00,未筛除
Canal ISB (Iglesia San Bernardo) (720p),https://unlimited1-us.dps.live/isb/isb.smil/playlist.m3u8,,,,CanalISB.cl@SD,,,,https://i.imgur.com/cQ4ggTw.png,Religious,1280x720,iptv-org-all.txt,923,200,成功,h264,,有音频,2.629,未筛除,否,,,73.33,66,0.2075,b3e6cc993364c632,26.10%,20.75%,20.75%,26.49,26.67,28.44,26.10,20.75,6,1.0000,2026-07-20 19:21:00,未筛除
Canal Multivision (720p) [Not 24/7],https://live20.bozztv.com/akamaissh101/ssh101/canalmulti24/playlist.m3u8,,,,CanalMultivision.do@SD,,,,https://i.imgur.com/puOrL7B.jpg,General,1280x720,iptv-org-all.txt,32,200,成功,h264,29.97002997002997,有音频,0.997,未筛除,否,,,93.33,6,0.0217,96c79e246992ce59,4.71%,3.03%,3.03%,8.37,6.67,14.85,4.71,3.03,6,0.7174,2026-07-29 03:34:00,未筛除
Buzzr (1080p),http://23.237.104.106:8080/USA_BUZZR/index.m3u8,,,,Buzzr.us@SD,,,,https://upload.wikimedia.org/wikipedia/commons/thumb/d/d6/Buzzr_logo.svg/960px-Buzzr_logo.svg.png,Entertainment,1920x1080,iptv-org-all.txt,51,200,成功,h264,29.97002997002997,有音频,0.636,未筛除,否,,,60.00,17,0.0556,e79e0c68186673ec,15.03%,3.92%,5.88%,24.30,40.00,16.01,15.03,4.90,6,1.0000,2026-07-21 00:21:00,未筛除
BET,https://jmp2.uk/plu-61c187ef1efe1b0007571711.m3u8,,,,BET.se@SE,,,,https://images.pluto.tv/channels/61c1939b8929e40007ff6382/colorLogoPNG.png,Series,1280x720,iptv-org-all.txt,719,200,成功,h264,30.0,有音频,3.271,未筛除,否,,,93.33,13,0.0409,d1b4260b3c4b7a3d,7.55%,5.88%,3.92%,7.58,6.67,9.70,7.55,4.90,6,0.9623,2026-07-23 13:52:00,未筛除
Az TV (1080p),https://str.yodacdn.net/azertv/index.m3u8,,,,AzTV.az@SD,,,,https://i.imgur.com/snBMMeH.png,General,1920x1080,iptv-org-all.txt,2618,200,成功,h264,25.0,有音频,18.430,未筛除,否,,,100.00,1,0.0093,bd8bd6b400c36cd3,2.78%,20.00%,20.00%,11.56,0.00,30.00,2.78,20.00,0,0.2778,2026-07-20 14:13:00,未筛除
Bloomberg TV+,https://86ebec83.wurl.com/master/f36d25e7e52f1ba8d7e56eb859c636563214f541/UmFrdXRlblRWLWV1X0Jsb29tYmVyZ1RWUGx1c19ITFM/playlist.m3u8,,,,BloombergTV.us@Plus-Poland,,,,https://i.imgur.com/OuogLHx.png,Business,480x272,iptv-org-all.txt,916,200,成功,h264,59.94005994005994,有音频,4.786,未筛除,否,,,80.00,5,0.0163,ddcc3373c0c83663,4.25%,1.96%,1.96%,11.57,20.00,8.42,4.25,1.96,6,1.0000,2026-07-21 13:53:00,未筛除
Best of The Drew Barrymore Show,https://jmp2.uk/plu-630478cfdb5a4a0007ec255e.m3u8,,,,BestofTheDrewBarrymoreShow.se@NO,,,,https://images.pluto.tv/channels/62beb692cda2b10007d5fd76/colorLogoPNG.png,Entertainment,1216x684,iptv-org-all.txt,1926,200,成功,h264,30.0,有音频,1.997,未筛除,否,,,93.33,22,0.0692,cdc36763d91a303c,15.09%,7.55%,11.32%,10.80,6.67,13.91,15.09,9.43,6,1.0000,2026-07-20 19:21:00,未筛除
beIN SPORTS XTRA (1080p),https://bein-xtra-bein.amagi.tv/playlist.m3u8,,,,beINSPORTSXTRA.us@SD,,,,https://i.ibb.co/HT49GPmB/XTRA-2.png,Sports,426x240,iptv-org-all.txt,1030,200,成功,h264,29.97002997002997,有音频,3.091,未筛除,否,,,100.00,4,0.0126,cf93e383e784c131,3.14%,1.89%,1.89%,3.22,0.00,8.01,3.14,1.89,6,1.0000,2026-07-27 02:43:00,未筛除
Astana TV (576p),http://stream.mcquack.net/28/index.m3u8,,,,AstanaTV.kz@SD,,,,https://upload.wikimedia.org/wikipedia/en/7/7b/Astana_TV_Logo.png,General,720x576,iptv-org-all.txt,151,200,成功,h264,25.0,有音频,1.756,未筛除,否,,,100.00,4,0.0131,f6ba2e721571094e,3.27%,33.33%,33.33%,11.92,0.00,26.44,3.27,33.33,0,0.0588,2026-07-20 02:40:00,未筛除
BBC Arabic (720p),https://vs-cmaf-pushb-ww-live.akamaized.net/x=4/i=urn:bbc:pips:service:bbc_arabic_tv/pc_hd_abr_v2.mpd,,,,BBCArabic.uk@SD,,,,https://i.imgur.com/ScyTG6P.png,News,1280x720,iptv-org-all.txt,139,200,成功,h264,200.0,有音频,6.675,未筛除,否,,,,,,,,,,,,,,,,,,未筛除
Black Enterprise Streaming Television (720p),https://a-cdn.klowdtv.com/live3/blackenterprise_720p/playlist.m3u8,,,,,,,,,Undefined,1280x720,iptv-org-all.txt,191,200,成功,h264,29.97002997002997,有音频,1.027,未筛除,否,,,100.00,30,0.0980,ccce6c9c33333331,13.73%,10.00%,10.00%,16.88,0.00,43.77,13.73,10.00,0,0.9804,2026-07-23 18:50:00,未筛除
Atfal & Mawaheb TV (1080p),https://5aafcc5de91f1.streamlock.net/atfal1.com/atfal2/playlist.m3u8,,,,AtfalMawahebTV.sa@SD,,,,https://i.imgur.com/Y2BqP9m.png,Kids,1920x1080,iptv-org-all.txt,2046,200,成功,h264,25.0,有音频,3.177,未筛除,否,,,73.33,4,0.0131,ab9394ce7392256c,3.92%,1.96%,1.96%,16.51,26.67,16.20,3.92,1.96,6,1.0000,2026-07-21 00:21:00,未筛除
Canal 50 Morteros,https://online.coopmorteros.coop/canal50/vivo.m3u8,,,,Canal50Morteros.ar@SD,,,,https://i.imgur.com/IDhgBav.png,Undefined,1920x1080,iptv-org-all.txt,2263,200,成功,h264,25.0,有音频,4.831,未筛除,否,,,100.00,13,0.0417,c02f3fc9c0962f69,8.97%,3.85%,3.85%,3.96,0.00,5.92,8.97,3.85,6,1.0000,2026-08-01 04:09:00,未筛除
Bahrain TV (720p) [Not 24/7],https://5c7b683162943.streamlock.net/live/ngrp:bahraintvmain_all/playlist.m3u8,,,,BahrainTV.bh@SD,,,,https://i.imgur.com/LTD0jIm.png,General,640x360,iptv-org-all.txt,903,200,成功,h264,25.0,有音频,5.922,未筛除,否,,,100.00,4,0.0128,8726d80bf8ad1dd1,3.21%,1.92%,1.92%,2.99,0.00,7.18,3.21,1.92,6,1.0000,2026-07-30 01:01:00,未筛除
Baraza TV Deep House (720p),https://rtmp.streams.ovh:1936/barazarelax/barazazararelax/barazarelax/playlist.m3u8,,,,BarazaTVDeepHouse.gr@SD,,,,https://i.imgur.com/TZ1unwF.png,Music,1920x1080,iptv-org-all.txt,1888,200,成功,h264,30.0,有音频,4.125,未筛除,否,,,93.33,11,0.0353,e4e172c917e0371b,8.97%,3.85%,3.85%,10.90,6.67,20.19,8.97,3.85,6,1.0000,2026-07-22 00:21:00,未筛除
Aurora Arte (480p),https://59d7d6f47d7fc.streamlock.net/auroraarte/auroraarte/playlist.m3u8,,,,AuroraArte.it@SD,,,,https://i.imgur.com/Y1Yq3iV.png,Culture,854x480,iptv-org-all.txt,916,200,成功,h264,25.0,有音频,2.952,未筛除,否,,,73.33,6,0.0204,c017bf68cccf70d0,5.78%,2.04%,2.04%,18.20,26.67,20.57,5.78,2.04,6,1.0000,2026-07-22 00:21:00,未筛除
Baraza TV Relaxing (720p),https://rtmp.streams.ovh:1936/barazarelax/barazarelax/playlist.m3u8,,,,BarazaTVRelaxing.gr@SD,,,,https://i.imgur.com/TZ1unwF.png,Music,1920x1080,iptv-org-all.txt,1807,200,成功,h264,30.0,有音频,3.655,未筛除,否,,,80.00,11,0.0353,91b888f758476e4b,9.62%,3.85%,5.77%,16.52,20.00,20.37,9.62,4.81,6,1.0000,2026-07-22 18:44:00,未筛除
Awkward,https://jmp2.uk/plu-61c0925c738ecd000882450a.m3u8,,,,Awkward.se@DK,,,,https://images.pluto.tv/channels/61c0925c738ecd000882450a/colorLogoPNG.png,Comedy,1280x720,iptv-org-all.txt,669,200,成功,h264,30.0,有音频,1.686,未筛除,否,,,100.00,10,0.0321,cdc36763d91a303c,8.97%,7.69%,3.85%,5.60,0.00,10.77,8.97,5.77,6,1.0000,2026-07-27 19:56:00,未筛除
Banijay Mr Bean Animé (1080p),https://amg00627-amg00627c31-rakuten-fr-3991.playouts.now.amagi.tv/playlist/amg00627-banijayfast-mrbeanfrcc-rakutenfr/playlist.m3u8,,,,MrBeanAnimated.uk@FR,,,,https://static.wikia.nocookie.net/logopedia/images/2/25/Mr._Bean_Animated_Series_stacked_logo.png,Animation;Kids,1920x1080,iptv-org-all.txt,1795,200,成功,h264,25.0,有音频,3.791,未筛除,否,,,100.00,3,0.0096,959f39d0c8b60f0d,2.88%,1.96%,1.96%,2.01,0.00,4.12,2.88,1.96,0,0.9808,2026-07-21 18:42:00,未筛除
Cable Imagen Armstrong (540p) [Not 24/7],https://stream.arcast.com.ar/casse/casse/playlist.m3u8,,,,CableImagenArmstrong.ar@SD,,,,https://i.imgur.com/U9NuJQC.png,Undefined,1280x720,iptv-org-all.txt,34,200,成功,h264,50.0,有音频,1.445,未筛除,否,,,60.00,6,0.0192,c1583ea7605bb627,5.77%,1.96%,1.96%,28.47,40.00,37.06,5.77,1.96,6,0.9808,2026-07-21 00:21:00,未筛除
BET Classics,https://jmp2.uk/plu-60f85644a9493e0007a1f035.m3u8,,,,BETClassicsPlutoTV.us@SD,,,,https://images.pluto.tv/channels/60f85644a9493e0007a1f035/colorLogoPNG_1759339662769.png,Entertainment,1216x684,iptv-org-all.txt,77,200,成功,h264,30.0,有音频,1.326,未筛除,否,,,86.67,10,0.0314,9a65649ad7cc3962,6.92%,3.77%,3.77%,12.01,13.33,16.38,6.92,3.77,6,1.0000,2026-08-02 18:24:00,未筛除
Barney & Friends,https://jmp2.uk/plu-62ac405b3874370007419b7f.m3u8,,,,,,,,,Undefined,1280x720,iptv-org-all.txt,643,200,成功,h264,30.0,有音频,1.939,未筛除,否,,,73.33,53,0.1732,cdc36763d91a303c,21.90%,21.57%,19.61%,21.66,26.67,15.19,21.90,20.59,6,1.0000,2026-07-22 03:08:00,未筛除
AYNI TV (1080p),http://15.204.246.24:8080/AyniTVHD/index.m3u8,,,,AYNITV.bo@SD,,,,https://i.ibb.co/SPCkBR8/ayni-tv-bo.png,General,1280x720,iptv-org-all.txt,37,200,成功,hevc,29.97002997002997,有音频,0.385,未筛除,否,,,60.00,6,0.0278,9fe01fe0c01fe01f,8.33%,2.78%,2.78%,33.03,40.00,50.30,8.33,2.78,6,1.0000,2026-07-25 00:18:00,未筛除
Binge,https://videostack1.cdnstream1.com:1936/binge-tv/binge-tv/playlist.m3u8,,,,Binge.us@SD,,,,https://i.imgur.com/kEETRln.png,General,1280x720,iptv-org-all.txt,1378,200,成功,h264,30.0,有音频,0.869,未筛除,否,,,93.33,5,0.0157,b030bc4b43c7bf85,3.77%,1.89%,1.89%,4.88,6.67,4.23,3.77,1.89,6,1.0000,2026-07-22 03:08:00,未筛除
BBC News (1080p),https://xemzi.short.gy/1000015,,,,BBCNews.uk@UK,,,,https://xstreamcp-assets-msp.streamready.in/assets/LIVETV/LIVECHANNEL/LIVETV_LIVETVCHANNEL_BBC_NEWS/images/LOGO_HD/image.png,News,1280x720,iptv-org-all.txt,819,200,成功,h264,50.0,有音频,0.972,未筛除,否,,,100.00,5,0.0225,a6ded8b4a5458a4b,5.86%,2.70%,2.70%,4.43,0.00,9.96,5.86,2.70,6,1.0000,2026-08-01 23:54:00,未筛除
Canal Diplomatico,https://master.myplaytv.com:2020/hls/canaldiplomatico/canaldiplomatico.m3u8,,,,CanalDiplomatico.ve@SD,,,,https://i.ibb.co/34vsSzS/1439-Canal-Diplomatico.png,Culture,1920x1080,iptv-org-all.txt,933,200,成功,h264,30.0,有音频,0.982,未筛除,否,,,53.33,8,0.0252,89eb67814bc2673c,5.97%,3.77%,3.77%,25.34,46.67,16.99,5.97,3.77,6,1.0000,2026-07-20 14:13:00,未筛除
Canal 7 Neuquén (1080p),https://stream.arcast.com.ar/c7nq/ngrp:c7nq_all/playlist.m3u8,,,,Canal7Neuquen.ar@SD,,,,https://i.ibb.co/BrvQsWm/C7neuquenlogo2023.png,General,416x234,iptv-org-all.txt,30,200,成功,h264,29.97002997002997,有音频,3.037,未筛除,否,,,80.00,6,0.0213,e58cde27f5ce2011,6.38%,2.22%,2.22%,16.53,20.00,23.44,6.38,2.22,6,0.9574,2026-07-24 03:15:00,未筛除
BizaarTV (720p),https://d3s08lnvd4zcd7.cloudfront.net/webvtt/v1/18584c3f3a2a4df8/88886061/master.m3u8,,,,,,,,,Undefined,1280x720,iptv-org-all.txt,1670,200,成功,h264,23.976023976023978,有音频,3.319,未筛除,否,,,86.67,12,0.0377,0000000000000000,10.38%,3.77%,5.66%,12.79,13.33,16.38,10.38,4.72,6,1.0000,2026-07-23 00:11:00,未筛除
Bahrain Sports 2 (720p) [Not 24/7],https://5c7b683162943.streamlock.net/live/ngrp:bahrainsportstwo_all/playlist.m3u8,,,,BahrainSports2.bh@SD,,,,https://i.imgur.com/ZkuZmIo.png,Sports,640x360,iptv-org-all.txt,924,200,成功,h264,25.0,有音频,6.445,未筛除,否,,,93.33,3,0.0104,a21d6f928d70c63b,2.78%,2.08%,2.08%,5.06,6.67,5.44,2.78,2.08,6,1.0000,2026-07-25 03:14:00,未筛除
Bring It! (1080p) [Geo-blocked],https://pb-46i4usnz2g1z1.akamaized.net/Bring_It.m3u8,,,,,,,,,Undefined,1920x1080,iptv-org-all.txt,958,200,成功,h264,29.97002997002997,有音频,2.434,未筛除,否,,,80.00,4,0.0131,8ddd62b262c86bd8,3.27%,1.96%,1.96%,11.43,20.00,8.60,3.27,1.96,6,1.0000,2026-07-26 14:01:00,未筛除
Cadena Elite (720p) [Not 24/7],https://cloudvideo.servers10.com:8081/8004/index.m3u8,,,,CadenaElite.es@SD,,,,https://i.imgur.com/3yeGDTP.png,Music,1920x1080,iptv-org-all.txt,1382,200,成功,h264,29.97002997002997,有音频,3.672,未筛除,否,,,100.00,7,0.0229,a956a956a9a956a9,3.59%,3.92%,1.96%,2.14,0.00,3.75,3.59,2.94,6,1.0000,2026-08-01 23:54:00,未筛除
BVC,https://vivo.solumedia.com:19360/bvnet/bvnet.m3u8,,,,BVC.ar@SD,,,,https://i.imgur.com/I06TSx0.png,Undefined,852x480,iptv-org-all.txt,1713,200,成功,h264,30.0,有音频,1.036,未筛除,否,,,0.00,6,0.1250,b6db66772344a688,35.42%,12.50%,12.50%,58.48,100.00,33.83,35.42,12.50,6,1.0000,2026-08-03 23:42:00,未筛除
Auction Hunters,https://jmp2.uk/plu-62da7380478a5b0007e610d9.m3u8,,,,AuctionHunters.se@SE,,,,https://images.pluto.tv/channels/62da73c4ec46c000070f4cb1/colorLogoPNG.png,Series,1280x720,iptv-org-all.txt,651,200,成功,h264,30.0,有音频,1.658,未筛除,否,,,93.33,10,0.0333,9865279ae4d931ce,8.00%,4.00%,4.00%,7.52,6.67,9.52,8.00,4.00,6,1.0000,2026-08-01 23:54:00,未筛除
Assombrações,https://jmp2.uk/plu-620d1512c7986a0007220213.m3u8,,,,,,,,,Undefined,1280x720,iptv-org-all.txt,643,200,成功,h264,30.0,有音频,1.299,未筛除,否,,,93.33,25,0.0817,cdc36763d91a303c,10.78%,9.80%,9.80%,9.48,6.67,12.26,10.78,9.80,6,1.0000,2026-07-21 00:21:00,未筛除
Best of Paradise Hotel: Pandoras Ask,https://jmp2.uk/plu-65e97d760d456100082da660.m3u8,,,,BestofParadiseHotelPandorasAsk.se@SE,,,,https://images.pluto.tv/channels/65e97d760d456100082da660/colorLogoPNG.png,Entertainment,1216x684,iptv-org-all.txt,699,200,成功,h264,30.0,有音频,2.087,未筛除,否,,,100.00,10,0.0314,8a2a2d1f939968f6,6.60%,3.85%,3.85%,4.40,0.00,8.97,6.60,3.85,6,0.9811,2026-07-29 19:13:00,未筛除
Canal Alpha Jura (1080p),https://canalalphaju.vedge.infomaniak.com/livecast/ik:canalalphaju/playlist.m3u8,,,,CanalAlphaJura.ch@SD,,,,https://i.imgur.com/eQ8xHK9.jpg,Undefined,640x360,iptv-org-all.txt,3381,200,成功,h264,50.0,有音频,12.592,未筛除,否,,,100.00,2,0.0064,d1f6cc6e0c4d4b92,1.92%,2.78%,2.78%,4.30,0.00,12.13,1.92,2.78,6,0.6923,2026-07-20 14:13:00,未筛除
Avang TV (1080p),https://hls.avang.live/hls/stream.m3u8,,,,AvangTV.us@SD,,,,https://i.imgur.com/3I1n7fO.png,Music,1920x1080,iptv-org-all.txt,1012,200,成功,h264,25.0,有音频,2.882,未筛除,否,,,100.00,5,0.0163,91c16e3c7e3e3069,2.94%,1.96%,1.96%,1.28,0.00,1.65,2.94,1.96,6,1.0000,2026-08-01 04:09:00,未筛除
Call My Agent!,https://jmp2.uk/plu-69776f2b2c00406316a01945.m3u8,,,,,,,,,Undefined,1216x684,iptv-org-all.txt,758,200,成功,h264,30.0,有音频,1.808,未筛除,否,,,33.33,35,0.1144,d1b4260b3c4b7a3d,16.99%,13.73%,13.73%,36.02,66.67,15.28,16.99,13.73,6,1.0000,2026-07-23 00:11:00,未筛除
Canal 3 (720p),https://d3jocgwjuhw91y.cloudfront.net/ts:abr.m3u8,,,,Canal3.gt@SD,,,,https://i.imgur.com/yCykjIp.png,General,416x236,iptv-org-all.txt,1535,200,成功,h264,30.0,有音频,0.679,未筛除,否,,,60.00,6,0.0227,9fef0a7060d8baa4,6.82%,2.27%,2.27%,25.10,40.00,25.03,6.82,2.27,6,1.0000,2026-07-22 13:56:00,未筛除
BTA TV (720p),https://cloud.fastchannel.es/manifiest/hls/prog9/btatv.m3u8,,,,BTATV.ve@SD,,,,https://i.imgur.com/vygOosC.png,Music,854x480,iptv-org-all.txt,1034,200,成功,h264,29.97002997002997,有音频,1.351,未筛除,否,,,60.00,6,0.0196,dcb38093954e4c7e,5.56%,1.96%,1.96%,28.15,40.00,36.14,5.56,1.96,6,1.0000,2026-07-21 13:53:00,未筛除
BBC News (1080p) [Geo-blocked],https://pb-iiczlgfysam0q.akamaized.net/v1/amcnetworks_bbcnews_1/samsungheadend_us/latest/main/hls/playlist.m3u8,,,,BBCNews.uk@Europe,,,,https://xstreamcp-assets-msp.streamready.in/assets/LIVETV/LIVECHANNEL/LIVETV_LIVETVCHANNEL_BBC_NEWS/images/LOGO_HD/image.png,News,1920x1080,iptv-org-all.txt,1112,200,成功,h264,29.97002997002997,有音频,3.059,未筛除,否,,,86.67,6,0.0189,a42adba694d8da4b,4.40%,1.89%,1.89%,10.10,13.33,12.33,4.40,1.89,6,1.0000,2026-07-27 19:56:00,未筛除
Breaking News by LeadStory (1080p),https://amg02703-leadstory-leadstory-samsungnz-vc7nn.amagi.tv/playlist/amg02703-leadstory-leadstory-samsungnz/playlist.m3u8,,,,,,,,,Undefined,1920x1080,iptv-org-all.txt,1299,200,成功,h264,29.97002997002997,有音频,5.289,未筛除,否,,,100.00,7,0.0229,b3b34c398047f3e2,5.23%,1.96%,3.92%,3.23,0.00,6.31,5.23,2.94,6,1.0000,2026-07-27 19:56:00,未筛除
Broad City,https://jmp2.uk/plu-65cba778ec452d0008acbe86.m3u8,,,,BroadCity.se@NO,,,,https://images.pluto.tv/channels/65cba73611ced700082123bc/colorLogoPNG.png,Comedy,1216x684,iptv-org-all.txt,718,200,成功,h264,30.0,有音频,3.088,未筛除,否,,,86.67,18,0.0600,cdc36763d91a303c,12.00%,8.00%,6.00%,12.41,13.33,13.25,12.00,7.00,6,1.0000,2026-07-20 19:21:00,未筛除
Bouke (504p),https://dlgt0tdl2hpq3.cloudfront.net/rtbf/clr-rtbf/e1ccc6aa/index.m3u8,,,,Bouke.be@SD,,,,https://i.imgur.com/STLavel.png,Undefined,896x504,iptv-org-all.txt,1794,200,成功,h264,25.0,有音频,15.627,未筛除,否,,,93.33,4,0.0139,fce2e8f0471cc613,3.12%,3.12%,3.12%,5.53,6.67,6.42,3.12,3.12,6,0.6667,2026-07-30 01:01:00,未筛除
BBC Drama (1080p) [Geo-blocked],https://pb-0ix3l1oxmg1fj.akamaized.net/playlist.m3u8,,,,,,,,,Undefined,384x216,iptv-org-all.txt,1263,200,成功,h264,29.97002997002997,有音频,2.736,未筛除,否,,,93.33,10,0.0314,9a7873c7c19c14c7,7.23%,1.89%,3.77%,10.05,6.67,18.84,7.23,2.83,6,1.0000,2026-07-21 03:43:00,未筛除
Babyfirst,https://jmp2.uk/plu-5f4fb4cf605ddf000748e16f.m3u8,,,,BabyFirst.us@Brazil,,,,https://i.imgur.com/WxLHBwu.png,Kids,1280x720,iptv-org-all.txt,659,200,成功,h264,30.0,有音频,1.810,未筛除,否,,,60.00,28,0.0897,cdc36763d91a303c,12.18%,11.54%,9.62%,24.15,40.00,15.53,12.18,10.58,6,1.0000,2026-07-21 13:53:00,未筛除
Best of Magnus Midtbø,https://jmp2.uk/plu-69d7a0d0f57dc59a5f928fb2.m3u8,,,,,,,,,Undefined,1216x684,iptv-org-all.txt,675,200,成功,h264,30.0,有音频,2.109,未筛除,否,,,93.33,10,0.0314,8a2a2d1f939968f6,7.55%,3.77%,3.77%,8.04,6.67,11.62,7.55,3.77,6,1.0000,2026-07-29 03:34:00,未筛除
Avto24 (576p),http://stream.mcquack.net/78/index.m3u8,,,,Avto24.ru@SD,,,,https://i.imgur.com/GXSXmN2.png,Auto,1920x1080,iptv-org-all.txt,2324,200,成功,h264,25.0,有音频,1.728,未筛除,否,,,100.00,3,0.0096,c6a49dd9336a4c74,2.56%,33.33%,33.33%,8.05,0.00,14.00,2.56,33.33,0,0.0577,2026-07-20 14:13:00,未筛除
ATG Live (720p),https://kanal75xto-llhls.akamaized.net/live/Data/atg-kanal-15-02a-rr/HLS-Legacy-HL/atg-kanal-15-02a-rr.m3u8,,,,ATGLive.se@SD,,,,https://i.imgur.com/bPWFXkL.png,Sports,1920x1080,iptv-org-all.txt,1847,200,成功,h264,50.0,有音频,8.462,未筛除,否,,,100.00,5,0.0163,ca946d7978cc193c,3.92%,1.96%,1.96%,1.72,0.00,2.47,3.92,1.96,6,1.0000,2026-07-26 14:01:00,未筛除
Avar TV (1080p),https://avr.host247.net/live/AvarTv/playlist.m3u8,,,,AvarTV.iq@HD,,,,https://i.imgur.com/JazFBkW.jpeg,Undefined,1920x1080,iptv-org-all.txt,1084,200,成功,h264,25.0,有音频,1.832,未筛除,否,,,80.00,6,0.0196,c6f2996166dc4873,4.25%,1.96%,1.96%,11.76,20.00,9.06,4.25,1.96,6,1.0000,2026-08-01 23:54:00,未筛除
Bahrain Sports 1 (720p) [Not 24/7],https://5c7b683162943.streamlock.net/live/ngrp:sportsone_all/playlist.m3u8,,,,BahrainSports1.bh@SD,,,,https://i.imgur.com/fBpLsbC.png,Sports,640x360,iptv-org-all.txt,938,200,成功,h264,25.0,有音频,6.254,未筛除,否,,,86.67,3,0.0096,a21d6f928d70c63b,2.24%,1.96%,1.96%,7.73,13.33,5.86,2.24,1.96,6,0.9808,2026-07-25 03:14:00,未筛除
Bondi Vet (720p),https://wtfn-bondivet-1-nz.samsung.wurl.tv/playlist.m3u8,,,,,,,,,Undefined,1280x720,iptv-org-all.txt,1469,200,成功,h264,29.97002997002997,有音频,1.444,未筛除,否,,,53.33,14,0.0458,999966669c993371,8.50%,3.92%,3.92%,32.95,46.67,40.63,8.50,3.92,6,1.0000,2026-07-20 19:21:00,未筛除
Axel!,https://jmp2.uk/plu-667d63d236a2f90008f72269.m3u8,,,,,,,,,Undefined,1216x684,iptv-org-all.txt,647,200,成功,h264,30.0,有音频,1.521,未筛除,否,,,33.33,12,0.0385,8a2a2d1f939968f6,9.62%,3.85%,3.85%,34.14,66.67,17.23,9.62,3.85,6,1.0000,2026-07-23 13:52:00,未筛除
Autentic History (1080p),https://9e754fa707344ccca6d84955c8fcaf36.mediatailor.us-east-1.amazonaws.com/v1/master/44f73ba4d03e9607dcd9bebdcb8494d86964f1d8/RlaxxTV-eu_AutenticHistory/playlist.m3u8,,,,AutenticHistory.de@SD,,,,https://d3b6luslimvglo.cloudfront.net/images/79/rlaxximages/channels-rescaled/icon-white/autentichistory_white.png,Documentary,1920x1080,iptv-org-all.txt,472,200,成功,h264,29.97002997002997,有音频,2.685,未筛除,否,,,86.67,5,0.0163,ce589c3b346dc06d,4.25%,3.92%,1.96%,11.56,13.33,16.93,4.25,2.94,6,1.0000,2026-07-28 19:06:00,未筛除
Billiards+ (1080p),https://streams2.sofast.tv/WiseM3U8_18/sofast/cleanhls/master.m3u8,,,,,,,,,Undefined,1920x1080,iptv-org-all.txt,80,200,成功,h264,25.0,有音频,3.833,未筛除,否,,,100.00,3,0.0094,8ce0731dcc7033cf,2.83%,1.89%,1.89%,2.00,0.00,4.14,2.83,1.89,6,1.0000,2026-07-21 13:53:00,未筛除
BRIDGE Classic (576p),http://stream.mcquack.net/272/index.m3u8,,,,BRIDGEClassic.ru@SD,,,,https://i.imgur.com/JJTQq81.png,Classic;Music,704x576,iptv-org-all.txt,302,200,成功,h264,25.0,有音频,1.592,未筛除,否,,,,,,,,,,,,,,,,,,未筛除
AXN Black Poland (576p),http://185.227.34.179:8080/axn-black/index.m3u8,,,,AXNBlack.us@Poland,,,,https://i.imgur.com/Peo1QiZ.png,Movies,720x576,iptv-org-all.txt,226,200,成功,h264,25.0,有音频,1.211,未筛除,否,,,80.00,3,0.0455,c9d9b38c32ce5133,13.64%,9.09%,9.09%,14.69,20.00,10.18,13.64,9.09,6,1.0000,2026-08-03 23:42:00,未筛除
Business Rockstars (720p),https://stream-us-east-1.getpublica.com/playlist.m3u8?network_id=2220,,,,BusinessRockstars.us@SD,,,,https://i.imgur.com/vfAMWLJ.png,Business,640x360,iptv-org-all.txt,1566,200,成功,h264,30.0,有音频,2.807,未筛除,否,,,86.67,4,0.0133,b2c9cf0ee5214e71,4.00%,2.00%,2.00%,11.18,13.33,16.15,4.00,2.00,6,1.0000,2026-07-20 19:21:00,未筛除
Canal 5 Del Pueblo [Not 24/7],https://stmv4.voxtvhd.com.br/canal5pueblo/canal5pueblo/playlist.m3u8,,,,Canal5DelPueblo.ar@SD,,,,https://i.ibb.co/XzcYYMc/Canal-5-alcorta-ver.jpg,General,854x480,iptv-org-all.txt,1768,200,成功,h264,29.97002997002997,有音频,1.748,未筛除,否,,,100.00,102,0.3269,b3e6490d6c4b45ba,73.08%,34.00%,34.00%,38.62,0.00,68.69,73.08,34.00,0,0.9615,2026-07-29 13:55:00,未筛除
Canal 7 Salta (1080p),https://vivo.solumedia.com:19360/cooperativa/cooperativa.m3u8,,,,Canal7Salta.ar@SD,,,,https://i.imgur.com/CudG6sl.png,Undefined,720x480,iptv-org-all.txt,56,200,成功,h264,25.0,有音频,1.010,未筛除,否,,,53.33,6,0.0204,e9a5169a345a475d,6.12%,2.08%,2.08%,29.84,46.67,32.47,6.12,2.08,6,0.9796,2026-07-21 13:53:00,未筛除
BET Comedy Movies,https://jmp2.uk/plu-68c32d88f56983aba40052bd.m3u8,,,,BETComedyMovies.us@SD,,,,https://images.pluto.tv/channels/68c32d88f56983aba40052bd/colorLogoPNG_1759246622596.png,Movies,1216x684,iptv-org-all.txt,68,200,成功,h264,30.0,有音频,1.134,未筛除,否,,,80.00,10,0.0314,9865279ae4d931ce,8.18%,3.85%,3.85%,16.59,20.00,21.90,8.18,3.85,6,0.9811,2026-08-02 02:41:00,未筛除
Canal 17 RTVD (1080p),https://cdn.protvradiostream.com/rtvd17/ngrp:rtvd17_all/playlist.m3u8,,,,Canal17RTVD.do@HD,,,,https://i.ibb.co/2YvKhjW4/Quisqueya-17-AZUL.png,Culture,640x360,iptv-org-all.txt,1943,200,成功,h264,30.0,有音频,2.590,未筛除,否,,,73.33,7,0.0265,b892d9128f7d02f6,6.82%,2.27%,4.55%,17.94,26.67,18.56,6.82,3.41,6,1.0000,2026-07-30 01:01:00,未筛除
ATV Alanya (1080p),https://cdn-alanyatv.yayin.com.tr/alanyatv/alanyatv/playlist.m3u8,,,,ATVAlanya.tr@SD,,,,https://i.imgur.com/bUwarR0.png,General,1920x1080,iptv-org-all.txt,1589,200,成功,h264,24.0,有音频,4.042,未筛除,否,,,93.33,5,0.0163,fecdd83f01922d90,4.25%,3.92%,3.92%,6.21,6.67,7.69,4.25,3.92,6,1.0000,2026-07-27 19:56:00,未筛除
Beach TV Key West & Florida Keys (720p),https://5ed325193d4e1.streamlock.net:444/LiveTV/KTVHD/playlist.m3u8,,,,BeachTVKeyWestFloridaKeys.us@SD,,,,https://i.imgur.com/XhDBdff.png,Travel,1280x720,iptv-org-all.txt,1684,200,成功,h264,29.97002997002997,有音频,1.669,未筛除,否,,,80.00,39,0.1226,0000000000000000,16.04%,20.75%,5.66%,19.87,20.00,24.48,16.04,13.21,6,1.0000,2026-07-21 03:43:00,未筛除
Best of Paradise Hotel: Skolveckan,https://jmp2.uk/plu-65e97cd118036500082ed0ce.m3u8,,,,BestofParadiseHotelSkolveckan.se@SE,,,,https://images.pluto.tv/channels/65e97cd118036500082ed0ce/colorLogoPNG.png,Entertainment,1216x684,iptv-org-all.txt,782,200,成功,h264,30.0,有音频,2.752,未筛除,否,,,93.33,11,0.0346,c45b39a437bf5910,7.55%,3.85%,5.77%,7.00,6.67,7.81,7.55,4.81,6,0.9811,2026-07-22 00:21:00,未筛除
Canal 9 Resistencia (720p),http://coninfo.net:1935/9linklivert/smil:9linkmultibr.smil/playlist.m3u8,,,,Canal9Resistencia.ar@SD,,,,https://i.imgur.com/xqgRFpC.png,General,,iptv-org-all.txt,971,200,成功,h264,,有音频,3.357,未筛除,否,,,86.67,5,0.0174,c161a51663bc1edb,5.21%,2.08%,2.08%,12.27,13.33,18.96,5.21,2.08,6,1.0000,2026-07-25 13:50:00,未筛除
Beyblade en Español (1080p),https://amg01796-amg01796c8-rakuten-es-5333.playouts.now.amagi.tv/playlist/amg01796-fastmediafast-beybladees-rakutenes/playlist.m3u8,,,,,,,,,Undefined,1920x1080,iptv-org-all.txt,1207,200,成功,h264,25.0,有音频,3.179,未筛除,否,,,86.67,4,0.0126,b110cd576e0d1ea7,3.14%,1.89%,1.89%,7.76,13.33,5.37,3.14,1.89,6,1.0000,2026-07-24 03:15:00,未筛除
Auge TV (720p),https://cdn-tiva-video01-logicahost-com-br.smartbit.co/canalaugetv/canalaugetv/playlist.m3u8,,,,AugeTV.br@SD,,,,https://m.media-amazon.com/images/I/81UMY8nlXHL._SL500_.png,General,1280x720,iptv-org-all.txt,1519,200,成功,h264,24.0,有音频,3.540,未筛除,否,,,73.33,6,0.0196,cfad5aaf60198466,5.56%,2.04%,2.04%,18.07,26.67,20.29,5.56,2.04,6,0.9608,2026-07-21 18:42:00,未筛除
Canal E (720p),https://unlimited1-us.dps.live/perfiltv/perfiltv.smil/playlist.m3u8,,,,CanalE.ar@SD,,,,https://i.ibb.co/y4pkxH3/Qtc8-M2-PG-400x400.jpg,Business;News,426x240,iptv-org-all.txt,83,200,成功,h264,30.0,有音频,4.430,未筛除,否,,,100.00,6,0.0189,0000000000000000,3.77%,1.89%,1.89%,2.11,0.00,3.87,3.77,1.89,6,1.0000,2026-08-02 02:41:00,未筛除
Boruto: Naruto Next Generations,https://jmp2.uk/plu-696997049889f8db34c936c2.m3u8,,,,,,,,,Undefined,1280x720,iptv-org-all.txt,650,200,成功,h264,30.0,有音频,2.341,未筛除,否,,,86.67,5,0.0163,bac34d6995966598,4.90%,1.96%,1.96%,10.71,13.33,14.00,4.90,1.96,6,1.0000,2026-07-21 13:53:00,未筛除
Baby Shark TV (1080p),https://newidco-babysharktv-1-us.roku.wurl.tv/playlist.m3u8,,,,BabySharkTV.us@SD,,,,https://i.imgur.com/SbBKr8L.png,Kids,1920x1080,iptv-org-all.txt,975,200,成功,h264,29.97002997002997,有音频,1.827,未筛除,否,,,86.67,5,0.0160,95c1dcf88aae6b0a,4.81%,3.85%,3.85%,13.44,13.33,22.53,4.81,3.85,6,1.0000,2026-07-20 19:21:00,未筛除
BBC Drama Italy (1080p),https://amg00793-amg00793c41-rakuten-it-5445.playouts.now.amagi.tv/playlist.m3u8,,,,,,,,,Undefined,1920x1080,iptv-org-all.txt,1007,200,成功,h264,25.0,有音频,5.105,未筛除,否,,,100.00,3,0.0094,b7f10d44d1054edb,2.83%,1.89%,1.89%,2.39,0.00,5.46,2.83,1.89,6,1.0000,2026-07-20 14:13:00,未筛除
Bounce (1080p),http://40.160.24.58/BOUNCE_TV/index.m3u8,,,,Bounce.us@SD,,,,https://upload.wikimedia.org/wikipedia/en/thumb/e/e0/Bounce_TV_logo.svg/960px-Bounce_TV_logo.svg.png,Undefined,960x540,iptv-org-all.txt,56,200,成功,h264,29.97002997002997,有音频,0.352,未筛除,否,,,60.00,6,0.0200,b5999c8b026a7e65,6.00%,2.00%,2.00%,30.64,40.00,44.15,6.00,2.00,6,1.0000,2026-07-20 14:13:00,未筛除
Boruto: Naruto Next Generations,https://jmp2.uk/plu-656f389c3944b60008e5bdab.m3u8,,,,,,,,,Undefined,1216x684,iptv-org-all.txt,843,200,成功,h264,30.0,有音频,1.397,未筛除,否,,,73.33,21,0.0686,cdc36763d91a303c,11.76%,7.84%,7.84%,19.27,26.67,18.21,11.76,7.84,6,1.0000,2026-07-21 00:21:00,未筛除
Bread TV面包台 (720p),https://video.bread-tv.com:8091/hls-live24/online/index.m3u8,,,,BreadTV.cn@SD,,,,https://bread-tv.com/uploads/allimg/241202/9_1836542371.png,Undefined,1920x1080,iptv-org-all.txt,1656,200,成功,h264,30.0,有音频,4.011,未筛除,否,,,53.33,89,0.2967,c88a3fea33f86894,39.33%,32.00%,32.00%,37.13,46.67,24.64,39.33,32.00,6,1.0000,2026-07-29 13:55:00,未筛除
Blue Bloods,https://jmp2.uk/plu-66f55a9a747bfa0008521859.m3u8,,,,BlueBloods.de@FR,,,,https://images.pluto.tv/channels/66f55a9a747bfa0008521859/colorLogoPNG.png,Series,1216x684,iptv-org-all.txt,420,200,成功,h264,30.0,有音频,1.225,未筛除,否,,,93.33,5,0.0163,d1b4260b3c4b7a3d,4.25%,1.96%,1.96%,6.68,6.67,9.88,4.25,1.96,6,1.0000,2026-07-29 03:34:00,未筛除
AWE (1080p),https://gpuserver3.tier1streams.com/AWE/index.m3u8,,,,AWE.us@SD,,,,https://i.imgur.com/OjpCtGj.png,General,1280x720,iptv-org-all.txt,1585,200,成功,h264,29.97002997002997,有音频,1.043,未筛除,否,,,93.33,5,0.0194,b7cfe4b2e8d48884,5.43%,2.33%,2.33%,9.23,6.67,17.47,5.43,2.33,6,1.0000,2026-07-25 23:46:00,未筛除
Bonaire.tv (1080p) [Not 24/7],https://media.streambrothers.com:1936/8506/8506/playlist.m3u8,,,,Bonairetv.bq@SD,,,,https://i.ibb.co/rG8pHh9/bonaire-tv-logo-596x150.png,Culture,1920x1080,iptv-org-all.txt,1812,200,成功,h264,30.0,有音频,2.075,未筛除,否,,,80.00,6,0.0196,d1a1ae4eb5568aac,4.90%,1.96%,1.96%,14.47,20.00,17.66,4.90,1.96,6,1.0000,2026-07-20 19:21:00,未筛除
BTB (1080p),https://emisja.btb.j00r.us/iptv/session/1/hls.m3u8,,,,BTB.pl@SD,,,,https://btb.j00r.us/images/logo_BTB.webp,General,1600x900,iptv-org-all.txt,1286,200,成功,h264,120.0,有音频,2.441,未筛除,否,,,93.33,6,0.0196,8d89d8585a474f4f,4.25%,2.00%,4.00%,5.05,6.67,4.11,4.25,3.00,6,0.9804,2026-07-20 19:21:00,未筛除
Canal 13 San Luis,https://stream.radiosmundiales.com:19360/sanluismas/sanluismas.m3u8,,,,Canal13SanLuis.ar@SD,,,,https://i.imgur.com/NcfMC29.png,Undefined,1280x720,iptv-org-all.txt,1294,200,成功,h264,25.0,有音频,1.349,未筛除,否,,,80.00,10,0.0333,96e91d3c6325999c,7.33%,4.17%,2.08%,18.67,20.00,29.65,7.33,3.12,6,0.9600,2026-07-26 14:01:00,未筛除
C Malayalam TV (1080p),https://2-fss-2.streamhoster.com/pl_120/206508-3261972-1/playlist.m3u8,,,,CMalayalamTV.ca@SD,,,,https://i.imgur.com/rpg0bQA.png,Culture,1280x720,iptv-org-all.txt,1124,200,成功,h264,50.0,有音频,0.925,未筛除,否,,,73.33,5,0.0181,91b34e4e8c7e803f,4.71%,2.17%,2.17%,17.70,26.67,19.58,4.71,2.17,6,1.0000,2026-07-28 01:13:00,未筛除
Baran,https://ncdn.telewebion.ir/baran/live/playlist.m3u8,,,,BaranTV.ir@SD,,,,https://upload.wikimedia.org/wikipedia/fa/thumb/b/b9/TV_Baran.svg/500px-TV_Baran.svg.png,General,720x576,iptv-org-all.txt,4287,200,成功,h264,25.0,有音频,8.874,未筛除,否,,,100.00,4,0.0133,c5ce3418f97116d6,3.00%,2.13%,2.13%,1.35,0.00,1.79,3.00,2.13,6,0.9400,2026-07-29 03:34:00,未筛除
BTV (480p),https://streamfi-alphadgtl1.zettawiseroutes.com:8181/hls/stream.m3u8,,,,BTV.ug@SD,,,,https://i.imgur.com/rcHZ1al.png,Entertainment,480x270,iptv-org-all.txt,2235,200,成功,h264,25.0,有音频,11.661,未筛除,否,,,100.00,6,0.0213,89f14eebd90843b3,4.26%,3.03%,3.03%,2.47,0.00,4.38,4.26,3.03,6,0.7021,2026-08-01 23:54:00,未筛除
Broad City,https://jmp2.uk/plu-65cba7b1ec452d0008acbed8.m3u8,,,,BroadCity.se@SE,,,,https://images.pluto.tv/channels/65cba73611ced700082123bc/colorLogoPNG.png,Comedy,1216x684,iptv-org-all.txt,720,200,成功,h264,30.0,有音频,3.156,未筛除,否,,,93.33,10,0.0333,cdc36763d91a303c,9.67%,6.12%,4.08%,9.31,6.67,14.00,9.67,5.10,6,0.9800,2026-07-26 23:41:00,未筛除
Autonoma TV,https://wifispeed.trapemn.tv:1936/comunales/autonoma-tv/playlist.m3u8,,,,AutonomaTV.cl@SD,,,,https://i.imgur.com/kD6badL.png,General,1280x720,iptv-org-all.txt,1283,200,成功,h264,29.97002997002997,有音频,4.353,未筛除,否,,,100.00,6,0.0208,abaaabaaaba8aaa0,4.86%,2.86%,2.86%,4.06,0.00,9.33,4.86,2.86,0,0.7292,2026-07-26 14:01:00,未筛除
Bahrain International (720p) [Not 24/7],https://5c7b683162943.streamlock.net/live/ngrp:bahraininternational_all/playlist.m3u8,,,,BahrainInternational.bh@SD,,,,https://i.imgur.com/t6Lmntr.png,General,640x360,iptv-org-all.txt,158,200,成功,h264,25.0,有音频,6.432,未筛除,否,,,100.00,4,0.0128,922f0b386fc23d4e,3.21%,1.92%,1.92%,2.80,0.00,6.55,3.21,1.92,6,1.0000,2026-07-24 03:15:00,未筛除
Canal 17 TV Nosara (720p),https://latamvdo.com:3870/hybrid/play.m3u8,,,,,,,,,Undefined,1280x720,iptv-org-all.txt,1616,200,成功,h264,29.97002997002997,有音频,1.405,未筛除,否,,,86.67,4,0.0136,ed811a7e0eac175a,4.08%,2.04%,2.04%,11.21,13.33,16.19,4.08,2.04,6,1.0000,2026-07-21 13:53:00,未筛除
Caçadores de Óvnis,https://jmp2.uk/plu-656e2a10954b020008ed167c.m3u8,,,,,,,,,Undefined,1280x720,iptv-org-all.txt,747,200,成功,h264,30.0,有音频,1.830,未筛除,否,,,73.33,9,0.0294,cdc36763d91a303c,7.84%,3.92%,3.92%,17.35,26.67,15.74,7.84,3.92,6,1.0000,2026-07-22 03:08:00,未筛除
Bride TV (576p),https://viewmedia7219.bozztv.com/wmedia/viewmedia100/web_013/Stream/playlist.m3u8,,,,BrideTV.ng@SD,,,,https://i.imgur.com/snZMucg.png,Undefined,426x240,iptv-org-all.txt,510,200,成功,h264,25.0,有音频,8.199,未筛除,否,,,100.00,2,0.0065,ecdf13330fcc08f0,1.96%,1.96%,1.96%,1.44,0.00,2.84,1.96,1.96,6,1.0000,2026-07-20 19:21:00,未筛除
Canal 33 Tijuana (720p),https://5f2c1b0d880e5.streamlock.net/canal33tijuana/videocanal33tijuana/playlist.m3u8,,,,Canal33Tijuana.mx@SD,,,,https://iili.io/JCt1Nbn.png,General;News,1920x1080,iptv-org-all.txt,1439,200,成功,h264,30.0,有音频,1.299,未筛除,否,,,60.00,6,0.0189,a3845ff0ec73d228,5.66%,1.92%,1.92%,26.59,40.00,30.87,5.66,1.92,6,0.9811,2026-07-22 00:21:00,未筛除
BTB 2 (1080p),https://emisja.btb.j00r.us/iptv/session/2/hls.m3u8,,,,BTB2.pl@SD,,,,https://i.imgur.com/C5g0ejM.png,General,1600x900,iptv-org-all.txt,1308,200,成功,h264,30.0,有音频,2.438,未筛除,否,,,100.00,2,0.0145,c1803c598e7f991f,4.35%,4.55%,4.55%,1.83,0.00,1.70,4.35,4.55,6,0.9565,2026-07-23 13:52:00,未筛除
Astra TV (1080p),https://server.gointernet.gr/live/livestream.m3u8,,,,AstraTV.gr@SD,,,,https://i.imgur.com/oYRPfZm.png,News,1920x1080,iptv-org-all.txt,1763,200,成功,h264,50.0,有音频,2.391,未筛除,否,,,100.00,3,0.0098,dbe2637964318d26,2.29%,1.96%,1.96%,1.01,0.00,1.19,2.29,1.96,6,1.0000,2026-07-29 13:55:00,未筛除
Cafe Film,https://cafefhls.wns.live/hls/stream.m3u8,,,,CafeFilm.ir@SD,,,,,Movies,1280x720,iptv-org-all.txt,1088,200,成功,h264,25.0,有音频,2.089,未筛除,否,,,93.33,2,0.0064,ab95506b1d4b5e4c,1.92%,1.92%,1.92%,4.89,6.67,5.47,1.92,1.92,6,1.0000,2026-08-03 23:42:00,未筛除
Bon Dia TV (1080p),https://directes-tv-int.3catdirectes.cat/live-content/bondia-hls/master.m3u8,,,,BonDiaTV.es@SD,,,,https://i.imgur.com/VgRCu2U.png,General;Public,1920x1080,iptv-org-all.txt,1989,200,成功,h264,25.0,有音频,6.082,未筛除,否,,,100.00,3,0.0098,d2926b5a645336d5,2.94%,2.00%,2.00%,1.66,0.00,2.89,2.94,2.00,6,0.9804,2026-07-21 13:53:00,未筛除
C'est pas sorcier,https://jmp2.uk/plu-63b579961bdba100071214cb.m3u8,,,,,,,,,Undefined,1280x720,iptv-org-all.txt,835,200,成功,h264,30.0,有音频,1.377,未筛除,否,,,86.67,11,0.0359,e5d4113b0ec91d9d,8.50%,5.88%,3.92%,12.71,13.33,17.29,8.50,4.90,6,1.0000,2026-07-22 13:56:00,未筛除
Canal 56 (576p) [Not 24/7],https://videos.canal56.com/directe/stream/index.m3u8,,,,Canal56.es@SD,,,,https://i.imgur.com/pwRVbCz.png,Undefined,1280x720,iptv-org-all.txt,1940,200,成功,h264,25.0,有音频,3.447,未筛除,否,,,86.67,5,0.0157,a3199d72c92c4eb6,4.09%,1.89%,1.89%,10.94,13.33,15.32,4.09,1.89,6,1.0000,2026-07-23 18:50:00,未筛除
Canal 6 Viento Recio,https://stmvideo6.livecastv.com/vientorecio/vientorecio/playlist.m3u8,,,,Canal6VientoRecio.ar@SD,,,,https://i.imgur.com/liyTNzK.png,Religious,1280x720,iptv-org-all.txt,727,200,成功,h264,30.0,有音频,4.355,未筛除,否,,,73.33,72,0.2308,d68da072b81887df,25.32%,23.08%,23.08%,25.23,26.67,23.96,25.32,23.08,6,1.0000,2026-07-21 18:42:00,未筛除
Atlas (480p),https://cdn.whiplash.cc/whiplash-atlas/index.m3u8,,,,Atlas.us@SD,,,,https://whiplash.cc/assets/img/channels/atlas.png,Documentary,852x480,iptv-org-all.txt,1603,200,成功,h264,25.0,有音频,0.662,未筛除,否,,,86.67,31,0.1033,b24d5b9aa42d4b6a,17.33%,10.00%,10.00%,15.29,13.33,18.29,17.33,10.00,6,1.0000,2026-07-21 03:43:00,未筛除
Canal RCN (1080p),http://138.121.15.230:9002/RCN/index.m3u8,,,,CanalRCN.co@SD,,,,https://i.imgur.com/5PhTaHp.png,General,1920x1080,iptv-org-all.txt,208,200,成功,h264,59.94005994005994,有音频,2.463,未筛除,否,,,86.67,2,0.0063,979bcb34f1209a3c,1.89%,1.96%,1.96%,7.00,13.33,3.66,1.89,1.96,6,0.9623,2026-08-03 23:42:00,未筛除
BRTV (720p),https://5bf7b725107e5.streamlock.net/brtv/brtv/playlist.m3u8,,,,BRTV.id@SD,,,,https://upload.wikimedia.org/wikipedia/id/1/1f/Logo_BRTV.png,Undefined,1280x720,iptv-org-all.txt,210,200,成功,h264,25.0,有音频,6.756,未筛除,否,,,86.67,14,0.0458,fcc4c3383cc5c732,10.78%,3.92%,5.88%,10.64,13.33,8.88,10.78,4.90,6,1.0000,2026-07-20 02:40:00,未筛除
Brat TV (1080p),https://streams2.sofast.tv/v1/master/611d79b11b77e2f571934fd80ca1413453772ac7/04072b68-dc6a-4d5e-98af-f356ba8d5063/playlist.m3u8,,,,BratTV.us@SD,,,,https://i.imgur.com/Kkcp9Bk.png,Kids,1920x1080,iptv-org-all.txt,387,200,成功,h264,29.97002997002997,有音频,3.003,未筛除,否,,,80.00,5,0.0163,e09f7f7a018f2072,4.25%,3.92%,1.96%,13.45,20.00,14.37,4.25,2.94,6,1.0000,2026-07-21 18:42:00,未筛除
BestClasicosTV (720p) [Not 24/7],https://acceso.mediosdecostarica.com:3873/hybrid/play.m3u8,,,,BestClasicosTV.cr@SD,,,,https://i.imgur.com/a/BRb8AVL.png,Undefined,1280x720,iptv-org-all.txt,1512,200,成功,h264,30.0,有音频,2.939,未筛除,否,,,93.33,4,0.0126,d5f302112f1de791,3.46%,1.89%,1.89%,5.92,6.67,7.92,3.46,1.89,6,1.0000,2026-07-20 02:40:00,未筛除
BR Fernsehen Nord (720p),https://mcdn.br.de/br/fs/bfs_nord/hls/de/master.m3u8,,,,BRFernsehen.de@Nord,,,,https://upload.wikimedia.org/wikipedia/commons/thumb/5/51/Logo_Bayerischer_Rundfunk_2024.svg/960px-Logo_Bayerischer_Rundfunk_2024.svg.png,Undefined,480x270,iptv-org-all.txt,2191,200,成功,h264,50.0,有音频,15.298,未筛除,否,,,100.00,1,0.0037,bb3057486aad246f,1.11%,33.33%,33.33%,12.56,0.00,30.00,1.11,33.33,0,0.0667,2026-07-25 13:50:00,未筛除
Budapest Európa Televízió (576p),https://cloudfront44.lexanetwork.com:1344/freerelay/bpetv.sdp/playlist.m3u8,,,,BudapestEuropaTelevizio.hu@SD,,,,https://i.imgur.com/CqqWtzo.png,General,720x576,iptv-org-all.txt,3048,200,成功,h264,25.0,有音频,4.456,未筛除,否,,,93.33,63,0.2059,a9a9a9a9a9565656,24.51%,21.57%,19.61%,15.01,6.67,17.93,24.51,20.59,6,1.0000,2026-07-21 13:53:00,未筛除
Austral TV (1080p),https://stmv3.voxtvhd.com.br/australtv/australtv/playlist.m3u8,,,,AustralTV.ec@SD,,,,https://i.imgur.com/zgGuCYL.png,General,1280x720,iptv-org-all.txt,667,200,成功,h264,60.0,有音频,3.158,未筛除,否,,,60.00,78,0.2549,d2fd0cb24db209f4,29.41%,25.49%,25.49%,36.37,40.00,39.80,29.41,25.49,6,1.0000,2026-07-20 14:13:00,未筛除
Bang Bang TV (1080p),https://streams2.sofast.tv/v1/master/611d79b11b77e2f571934fd80ca1413453772ac7/6a98fce2-bf4c-4bfb-91f4-c43851bb3801/manifest.m3u8,,,,,,,,,Undefined,1920x1080,iptv-org-all.txt,901,200,成功,h264,25.0,有音频,5.660,未筛除,否,,,100.00,5,0.0160,a9a9a9a9a9565656,2.88%,3.85%,3.85%,1.45,0.00,1.62,2.88,3.85,6,1.0000,2026-07-22 03:08:00,未筛除
Canal 8 Catacaos (720p) [Not 24/7],https://live.obslivestream.com/canal8/index.m3u8,,,,Canal8Catacaos.pe@SD,,,,https://i.imgur.com/O5MrFjY.png,General,1280x720,iptv-org-all.txt,924,200,成功,h264,29.97002997002997,有音频,1.424,未筛除,否,,,93.33,4,0.0128,b928f4967bc2036b,3.85%,1.92%,1.92%,6.64,6.67,10.05,3.85,1.92,6,1.0000,2026-07-24 03:15:00,未筛除
Canal CHD,https://vs20.live.opencaster.com/canalchd2025_8d99626c/index.m3u8,,,,CanalCHD.co@SD,,,,https://i.imgur.com/cNv1MPs.jpeg,General,1280x720,iptv-org-all.txt,108,200,成功,h264,29.97002997002997,有音频,1.143,未筛除,否,,,80.00,5,0.0170,9b996d66644f6312,4.42%,2.08%,2.08%,14.26,20.00,17.21,4.42,2.08,6,0.9796,2026-07-30 01:01:00,未筛除
Barbie and Friends (1080p),https://d1xqdnwy1bo05f.cloudfront.net/barb.m3u8,,,,,,,,,Undefined,1920x1080,iptv-org-all.txt,1438,200,成功,h264,30.0,有音频,2.181,未筛除,否,,,93.33,6,0.0192,0000000000000000,4.17%,1.92%,1.92%,6.57,6.67,9.60,4.17,1.92,6,1.0000,2026-07-30 01:01:00,未筛除
Canal Motor (720p),https://digicom.hls.iptvdc.com/canalmotor/index.m3u8,,,,CanalMotor.no@SD,,,,https://i.imgur.com/nCAt3QN.png,Auto,1280x720,iptv-org-all.txt,2518,200,成功,h264,50.0,有音频,13.368,未筛除,否,,,100.00,2,0.0063,f519036e4daf18f0,1.26%,2.50%,2.50%,9.50,0.00,30.00,1.26,2.50,6,0.7547,2026-07-29 03:34:00,未筛除
Canal 25 Jundiai (720p),https://cdn-tiva-stream01-msolutionbrasil-com-br.smartbit.co/hls/canal25/live.m3u8,,,,Canal25Jundiai.br@SD,,,,https://i.imgur.com/7igGMwH.png,Undefined,768x432,iptv-org-all.txt,1858,200,成功,h264,30.0,有音频,1.005,未筛除,否,,,60.00,6,0.0192,e386bc1cc9db1a34,5.77%,1.92%,1.92%,30.35,40.00,43.35,5.77,1.92,6,1.0000,2026-07-20 02:40:00,未筛除
Bravo (1080p),https://gpuserver3.tier1streams.com/BRAVO/index.m3u8,,,,Bravo.us@East,,,,https://i.imgur.com/JmTIRLF.png,Undefined,1920x1080,iptv-org-all.txt,27,200,成功,h264,59.94005994005994,有音频,1.129,未筛除,否,,,80.00,5,0.0194,8de1331e6b372e05,5.04%,2.33%,2.33%,13.67,20.00,14.76,5.04,2.33,6,1.0000,2026-08-02 02:41:00,未筛除
BIZ Cinema (1080p),https://fl.biztv.media/cinema_720_EMfSyXgoRdiIHgldXTZICucKTIeCKO/index.m3u8,,,,BIZCinema.uz@SD,,,,https://biztv.uz/static/media/biz-cinema.286b83dc.png,Movies,1280x720,iptv-org-all.txt,2706,200,成功,h264,29.97002997002997,有音频,6.372,未筛除,否,,,100.00,2,0.0065,ade9352516365a5a,1.96%,1.96%,1.96%,0.81,0.00,0.73,1.96,1.96,6,1.0000,2026-07-21 18:42:00,未筛除
CAN TV21 (1080p),https://cantv.streamguys1.com/cantv/cantv21hls/playlist.m3u8,,,,CANTV21.us@SD,,,,https://i.imgur.com/KP5bCYr.png,General,1920x1080,iptv-org-all.txt,1484,200,成功,h264,29.97002997002997,有音频,1.531,未筛除,否,,,73.33,12,0.0392,0000000000000000,7.84%,3.92%,3.92%,20.20,26.67,25.25,7.84,3.92,6,1.0000,2026-08-02 14:07:00,未筛除
CAN TV27 (1080p),https://cantv.streamguys1.com/cantv/cantv27hls/playlist.m3u8,,,,CANTV27.us@SD,,,,https://i.imgur.com/43EpWsD.png,General,1920x1080,iptv-org-all.txt,1153,200,成功,h264,29.97002997002997,有音频,1.026,未筛除,否,,,80.00,6,0.0227,98636596583d3eb8,6.82%,2.27%,2.27%,16.56,20.00,23.23,6.82,2.27,6,1.0000,2026-07-26 18:32:00,未筛除
Bhakthi TV (720p),https://cdn-1.pishow.tv/live/397/master.m3u8,,,,BhakthiTV.in@SD,,,,https://upload.wikimedia.org/wikipedia/en/6/61/Bhakthi_TV_logo.jpg,Religious,424x240,iptv-org-all.txt,2507,200,成功,h264,25.0,有音频,13.692,未筛除,否,,,100.00,3,0.0152,c336bc69ad50ba4a,3.03%,4.00%,4.00%,1.23,0.00,0.75,3.03,4.00,0,0.7576,2026-07-24 03:15:00,未筛除
beIN Sports USA (1080p) [Geo-blocked],https://messi.damitv.st/papi/ts/beinsports-usa/playlist.m3u8,,,,beINSportsUSA.us@SD,,,,https://upload.wikimedia.org/wikipedia/commons/thumb/d/d6/BeIN_Sports_logo_%28vertical_version%29.svg/500px-BeIN_Sports_logo_%28vertical_version%29.svg.png,Sports,1920x1080,iptv-org-all.txt,1414,200,成功,h264,29.97002997002997,有音频,3.774,未筛除,否,,,86.67,3,0.0625,b90bfb445203c9ed,14.58%,12.50%,12.50%,10.73,13.33,4.08,14.58,12.50,6,1.0000,2026-08-02 23:47:00,未筛除
Best of The Drew Barrymore Show,https://jmp2.uk/plu-630483153a21200007f1920f.m3u8,,,,BestofTheDrewBarrymoreShow.se@SE,,,,https://images.pluto.tv/channels/62beb692cda2b10007d5fd76/colorLogoPNG.png,Entertainment,1216x684,iptv-org-all.txt,2096,200,成功,h264,30.0,有音频,1.644,未筛除,否,,,100.00,15,0.0481,9865279ae4d931ce,9.29%,5.77%,5.77%,6.37,0.00,13.10,9.29,5.77,6,1.0000,2026-08-01 04:09:00,未筛除
Bom Channel (720p),https://5f22d76e220e1.streamlock.net/canale6/canale6/playlist.m3u8,,,,BomChannel.it@SD,,,,https://bomchannel.it/wp-content/uploads/2025/02/Tavola-disegno-1-768x432.png,General,1280x720,iptv-org-all.txt,2485,200,成功,h264,25.0,有音频,3.261,未筛除,否,,,93.33,5,0.0163,e0459f763ac066ba,3.92%,1.96%,1.96%,8.01,6.67,14.55,3.92,1.96,6,1.0000,2026-07-25 23:46:00,未筛除
Banat TV (720p),https://www.btv.ro/hls/banat-tv.m3u8,,,,BanatTV.ro@SD,,,,https://i.imgur.com/yVsocid.png,General,720x576,iptv-org-all.txt,2250,200,成功,h264,25.0,有音频,3.337,未筛除,否,,,73.33,12,0.0392,944a74df906b3393,6.86%,3.92%,3.92%,16.80,26.67,14.55,6.86,3.92,6,1.0000,2026-08-01 23:54:00,未筛除
Calabria TV,https://64b16f23efbee.streamlock.net/calabriatv/calabriatv/playlist.m3u8,,,,CalabriaTV.it@SD,,,,https://i.imgur.com/noTgJJp.png,General,1920x1080,iptv-org-all.txt,118,200,成功,h264,25.0,有音频,3.084,未筛除,否,,,80.00,4,0.0128,b3d90c1f381cfb0c,3.21%,2.00%,2.00%,11.75,20.00,9.71,3.21,2.00,6,0.9615,2026-07-31 18:57:00,未筛除
Canal Alpha Neuchatel (1080p) [Not 24/7],https://canalalpha.vedge.infomaniak.com/livecast/ik:canalalpha/playlist.m3u8,,,,CanalAlphaNeuchatel.ch@SD,,,,https://i.imgur.com/eQ8xHK9.jpg,Undefined,640x360,iptv-org-all.txt,3391,200,成功,h264,50.0,有音频,9.840,未筛除,否,,,100.00,7,0.0220,87147887456b5ae7,3.77%,2.78%,2.78%,1.42,0.00,1.30,3.77,2.78,6,0.6792,2026-07-31 14:15:00,未筛除
Bushehr,https://ncdn.telewebion.ir/bushehr/live/playlist.m3u8,,,,BoushehrTV.ir@SD,,,,https://upload.wikimedia.org/wikipedia/fa/thumb/9/94/Bushehr_TV.svg/500px-Bushehr_TV.svg.png,Undefined,1920x1080,iptv-org-all.txt,3506,200,成功,h264,30.0,有音频,14.743,未筛除,否,,,100.00,2,0.0069,a699c647c1c7c38e,1.74%,9.09%,9.09%,1.51,0.00,0.85,1.74,9.09,0,0.2292,2026-07-25 00:18:00,未筛除
BR Fernsehen Sud (1080p),https://mcdn.br.de/br/fs/bfs_sued/hls/de/master.m3u8,,,,BRFernsehen.de@Sud,,,,https://upload.wikimedia.org/wikipedia/commons/thumb/5/51/Logo_Bayerischer_Rundfunk_2024.svg/960px-Logo_Bayerischer_Rundfunk_2024.svg.png,Undefined,480x270,iptv-org-all.txt,1891,200,成功,h264,50.0,有音频,14.702,未筛除,否,,,100.00,3,0.0100,e639311918afe6c6,2.00%,33.33%,33.33%,5.60,0.00,6.22,2.00,33.33,0,0.0600,2026-07-25 23:46:00,未筛除
Bem Melhor (720p),https://cdn-tiva-video01-logicahost-com-br.smartbit.co/bemmelhor/bemmelhor/playlist.m3u8,,,,BemMelhor.br@SD,,,,https://www.ubplay.com.br/wp-content/uploads/sites/67/2025/10/capa-site-bemmelhor.png,General,640x360,iptv-org-all.txt,824,200,成功,h264,29.97002997002997,有音频,2.165,未筛除,否,,,60.00,6,0.0189,9e3c58a39947b863,5.35%,3.77%,1.89%,24.38,40.00,23.42,5.35,2.83,6,1.0000,2026-07-23 18:50:00,未筛除
Batam TV (480p) [Not 24/7],http://122.248.43.242:1935/BATAMTV/_definst_/myStream/playlist.m3u8,,,,BatamTV.id@SD,,,,https://i.imgur.com/lo7YXnW.png,General,1280x720,iptv-org-all.txt,422,200,成功,h264,25.0,有音频,2.606,未筛除,否,,,100.00,3,0.0152,9f20e0df30e04fe5,3.54%,3.70%,3.70%,2.27,0.00,3.98,3.54,3.70,0,0.8182,2026-07-26 23:41:00,未筛除
Assen TV (720p),https://takeoff.jetstre.am/?account=OmroepAssen&file=OmroepAssenTV/playlist.m3u8&output=playlist.m3u8&protocol=https&service=webdav&type=live,,,,AssenTV.nl@SD,,,,https://i.imgur.com/upik15D.png,General,1280x720,iptv-org-all.txt,3644,200,成功,h264,50.0,有音频,3.185,未筛除,否,,,53.33,26,0.0850,cacf25f034f84cca,19.93%,11.76%,7.84%,28.60,46.67,16.56,19.93,9.80,6,1.0000,2026-07-21 18:42:00,未筛除
Canal 7 Santiago del Estero (720p),https://stream.arcast.com.ar/envivo/castv/playlist.m3u8,,,,Canal7TV.ar@SD,,,,https://i.imgur.com/iJMH0UK.png,Undefined,1280x720,iptv-org-all.txt,34,200,成功,h264,30.0,有音频,1.091,未筛除,否,,,0.00,6,0.0192,9ed0e3438fb8603e,5.77%,1.92%,1.92%,56.69,100.00,51.15,5.77,1.92,6,1.0000,2026-08-03 23:42:00,未筛除
Azteca Internacional (1080p),https://azt-mun.otteravision.com/azt/mun/mun.m3u8,,,,AztecaInternacional.mx@SD,,,,https://upload.wikimedia.org/wikipedia/commons/e/eb/Azteca_Internacional_logo_2023.png,Entertainment,1920x1080,iptv-org-all.txt,984,200,成功,h264,29.97002997002997,有音频,1.862,未筛除,否,,,93.33,5,0.0160,ac2d52b3056ef25c,4.17%,1.92%,1.92%,7.25,6.67,11.85,4.17,1.92,6,1.0000,2026-07-24 03:15:00,未筛除
Canal Diocesano (576p),https://nlb2-live.emitstream.com/hls/5i3pxfuz4az356yu22ij/master.m3u8,,,,CanalDiocesano.es@SD,,,,https://i.imgur.com/uWhVKL3.png,Undefined,1920x1080,iptv-org-all.txt,1221,200,成功,h264,25.0,有音频,2.926,未筛除,否,,,100.00,6,0.0189,e9a39629963c9672,5.66%,1.89%,1.89%,4.17,0.00,9.51,5.66,1.89,6,1.0000,2026-07-22 00:21:00,未筛除
BRIDGE Deluxe HD (576p),http://stream.mcquack.net/92/index.m3u8,,,,BRIDGEDeluxe.ru@HD,,,,https://i.imgur.com/EazL8w7.png,Music,1920x1080,iptv-org-all.txt,153,200,成功,h264,25.0,有音频,1.806,未筛除,否,,,100.00,2,0.0065,fe9753bc189c0899,1.96%,33.33%,33.33%,15.53,0.00,39.33,1.96,33.33,0,0.0588,2026-07-20 02:40:00,未筛除
BBC Series,https://jmp2.uk/plu-60dafb9a0df1ba000758d37b.m3u8,,,,,,,,,Undefined,1280x720,iptv-org-all.txt,638,200,成功,h264,30.0,有音频,1.500,未筛除,否,,,80.00,40,0.1282,cdc36763d91a303c,16.35%,15.38%,15.38%,17.65,20.00,16.15,16.35,15.38,6,1.0000,2026-07-21 13:53:00,未筛除
Blues TV,https://2-fss-2.streamhoster.com/pl_138/205510-3094608-1/playlist.m3u8,,,,KMBYLD275.us@SD,,,,https://i.imgur.com/px0CSti.png,Animation,1280x720,iptv-org-all.txt,53,200,成功,h264,29.97002997002997,有音频,0.556,未筛除,否,,,80.00,5,0.0163,c3142f7d72831ca7,4.90%,3.92%,1.96%,16.19,20.00,23.06,4.90,2.94,6,1.0000,2026-07-21 00:21:00,未筛除
CAN TV36 (1080p),https://cantv.streamguys1.com/cantv/cantv36hls/playlist.m3u8,,,,CANTV36.us@SD,,,,https://i.imgur.com/43EpWsD.png,General,1920x1080,iptv-org-all.txt,1115,200,成功,h264,29.97002997002997,有音频,1.181,未筛除,否,,,53.33,17,0.0708,0000000000000000,12.50%,7.50%,7.50%,29.27,46.67,24.50,12.50,7.50,6,1.0000,2026-07-29 03:34:00,未筛除
Canal 10 (720p),https://5ca3e84a76d30.streamlock.net/tves/videotves/playlist.m3u8,,,,Canal10.sv@SD,,,,https://i.imgur.com/y2ppMnY.png,General,1920x1080,iptv-org-all.txt,731,200,成功,h264,29.97002997002997,有音频,1.425,未筛除,否,,,33.33,6,0.0278,ed9a90659a986567,8.33%,2.86%,2.86%,37.46,66.67,29.47,8.33,2.86,6,0.9722,2026-07-21 00:21:00,未筛除
BIZ Music (1080p),https://fl.biztv.media/music_720_QAKpGmVUjaPApCNjpsgBxrdqNihAkl/index.m3u8,,,,BIZMusic.uz@SD,,,,https://i.ibb.co/DfsCJwk/Uz-biz-music-5462.jpg,Music,1280x720,iptv-org-all.txt,2542,200,成功,h264,29.97002997002997,有音频,6.175,未筛除,否,,,100.00,2,0.0065,dc2185f143565ade,1.96%,2.00%,2.00%,0.73,0.00,0.47,1.96,2.00,6,0.9804,2026-07-20 14:13:00,未筛除
Ayaz TV (720p),https://janya-ayaztv.vgcdn.net/ptnr-WebApp/title-Ayaz_TV/v1/vglive-sk-934820/main.m3u8,,,,AyazTV.az@SD,,,,https://www.ayaztv.com/storage/assets/site_logo.png,General,1280x720,iptv-org-all.txt,2335,200,成功,h264,25.0,有音频,13.197,未筛除,否,,,100.00,1,0.0032,c1e13e7ec38d23c1,0.96%,2.04%,2.04%,9.40,0.00,30.00,0.96,2.04,0,0.9423,2026-07-20 02:40:00,未筛除
Beyond Paranormal (1080p),https://videoelephantlimited-beyondparanormal-1-us.ohlscdn.wurl.tv/playlist.m3u8,,,,,,,,,Undefined,1920x1080,iptv-org-all.txt,1514,200,成功,h264,29.97002997002997,有音频,2.386,未筛除,否,,,60.00,8,0.0252,ccccb573311e8e8c,6.92%,3.77%,3.77%,23.70,40.00,19.81,6.92,3.77,6,1.0000,2026-07-28 13:51:00,未筛除
Aysen TV (720p),https://v1.tustreaming.cl/aysentv/index.m3u8,,,,AysenTV.cl@SD,,,,https://i.imgur.com/DmdBf9S.png,General,1280x720,iptv-org-all.txt,138,200,成功,h264,29.97002997002997,有音频,3.035,未筛除,否,,,93.33,6,0.0192,0000000000000000,4.49%,1.96%,3.92%,5.72,6.67,6.22,4.49,2.94,6,0.9808,2026-07-23 13:52:00,未筛除
Bella Abanquina TV (720p),https://live-evg8.tv360.bitel.com.pe/bitel/bellaabanquinaSRT/playlist.m3u8,,,,BellaAbanquinaTV.pe@SD,,,,https://i.imgur.com/bORM4rt.png,Undefined,1920x1080,iptv-org-all.txt,1340,200,成功,h264,30.0,有音频,5.064,未筛除,否,,,100.00,6,0.0208,dc3333333127270f,5.21%,2.27%,2.27%,3.75,0.00,8.27,5.21,2.27,6,0.9167,2026-07-20 19:21:00,未筛除
At Home with Family Handyman (720p),https://d1ik2p49apxqjf.cloudfront.net/playlist.m3u8,,,,AtHomewithFamilyHandyman.us@SD,,,,https://i.imgur.com/WfKlGbX.png,Series,384x216,iptv-org-all.txt,1413,200,成功,h264,29.97002997002997,有音频,2.571,未筛除,否,,,93.33,7,0.0229,b9c5c0c8c17f623e,6.21%,3.92%,3.92%,10.20,6.67,19.67,6.21,3.92,6,1.0000,2026-07-20 02:40:00,未筛除
CAN TV19 (1080p),https://cantv.streamguys1.com/cantv/cantv19hls/playlist.m3u8,,,,CANTV19.us@SD,,,,https://i.imgur.com/PUQtIa3.png,General,1920x1080,iptv-org-all.txt,1596,200,成功,h264,59.94005994005994,有音频,1.157,未筛除,否,,,73.33,9,0.0294,0000000000000000,7.19%,1.96%,1.96%,18.34,26.67,20.13,7.19,1.96,6,1.0000,2026-07-21 18:42:00,未筛除
Bergamo TV (1080p),https://db142859fd5541b09de25d6507f1f2d3.msvdn.net/live/S17501676/oIxAsgEEA46M/playlist_dvr.m3u8,,,,BergamoTV.it@SD,,,,https://i.imgur.com/Np3RaKv.png,General,1920x1080,iptv-org-all.txt,3541,200,成功,h264,25.0,有音频,4.466,未筛除,否,,,100.00,3,0.0094,b6c9bcb4f145b209,2.52%,1.89%,1.89%,1.25,0.00,1.85,2.52,1.89,6,1.0000,2026-07-20 02:40:00,未筛除
Camp Spoopy (576p),https://stream.ads.ottera.tv/playlist.m3u8?network_id=269,,,,CampSpoopy.us@SD,,,,https://img2.static-ottera.com/prod/tg/linear_channel/logo/640x360/camp-spoopy-2021_1920-x-1080_option-5.jpg,Kids,1280x720,iptv-org-all.txt,42,200,成功,h264,23.976023976023978,有音频,2.258,未筛除,否,,,80.00,5,0.0160,aa39d49e2ae10be6,4.81%,3.85%,3.85%,14.41,20.00,16.87,4.81,3.85,6,1.0000,2026-07-23 03:04:00,未筛除
Boreal (720p) [Not 24/7],https://edge.essastream.com/borealtelevision/tracks-v1a1/mono.m3u8,,,,Boreal.do@SD,,,,https://i.imgur.com/KSquHTG.png,Movies,1280x720,iptv-org-all.txt,1389,200,成功,h264,29.97002997002997,有音频,0.991,未筛除,否,,,93.33,6,0.0196,f8b1ccc797688e24,3.92%,1.96%,1.96%,6.80,6.67,10.52,3.92,1.96,6,1.0000,2026-07-31 00:30:00,未筛除
Bio Bio TV (720p),https://jireh-7-hls-video-us-isp.dps.live/hls-video/339f69c6122f6d8f4574732c235f09b7683e31a5/bbtv/bbtv.smil/playlist.m3u8,,,,BioBioTV.cl@SD,,,,https://i.imgur.com/lhglEUP.png,General,,iptv-org-all.txt,4742,200,成功,h264,,有音频,8.173,未筛除,否,,,100.00,2,0.0104,e09e0c6e73f918cc,2.08%,20.00%,20.00%,2.70,0.00,0.93,2.08,20.00,0,0.1562,2026-07-25 23:46:00,未筛除
BPX TV Radio,https://video1.getstreamhosting.com:1936/8212/8212/playlist.m3u8,,,,BPXTVRadio.us@SD,,,,https://i.imgur.com/86VXni8.jpeg,Music,1280x720,iptv-org-all.txt,1805,200,成功,h264,29.97002997002997,有音频,1.228,未筛除,否,,,0.00,6,0.0208,af8951366b6952c6,6.25%,2.08%,2.08%,51.78,100.00,34.42,6.25,2.08,6,1.0000,2026-08-03 23:42:00,未筛除
Caldera Vision,https://tv.arkeo.cl:1936/kymczwbrge/kymczwbrge/playlist.m3u8,,,,CalderaVision.cl@SD,,,,https://i.imgur.com/A3Jiffe.png,General,1280x720,iptv-org-all.txt,1231,200,成功,h264,30.0,有音频,3.582,未筛除,否,,,86.67,6,0.0238,a8a056df89f0b3b1,6.35%,2.38%,2.38%,11.77,13.33,16.44,6.35,2.38,6,1.0000,2026-08-01 23:54:00,未筛除
Canal 1 (720p) [Not 24/7],https://vid.canal1cr.com:3424/multi_live/play_720.m3u8,,,,Canal1.cr@SD,,,,https://i.ibb.co/KhNS8Dy/cropped-logoo-1.png,General,1280x720,iptv-org-all.txt,2437,200,成功,h264,29.97002997002997,有音频,2.745,未筛除,否,,,100.00,6,0.0196,fefefefcf8000000,4.58%,1.96%,1.96%,3.12,0.00,6.68,4.58,1.96,6,1.0000,2026-08-03 02:41:00,未筛除
Automotion (1080p),https://streams2.sofast.tv/sofastplayout/0c3229e2-6ca5-4714-859e-c0ac6b9aa58a_0_HLS/master.m3u8,,,,,,,,,Undefined,1920x1080,iptv-org-all.txt,81,200,成功,h264,25.0,有音频,5.530,未筛除,否,,,100.00,10,0.0327,adadadadada50052,6.21%,1.96%,5.88%,2.62,0.00,3.29,6.21,3.92,6,1.0000,2026-07-22 00:21:00,未筛除
BIZ TV (1080p),https://fl.biztv.media/biz_tv_720_uni8jhub4h8fub4idejswh8dh3j94finbu4nidj39inwsj92in3d/index.m3u8,,,,BIZTV.uz@SD,,,,https://biztv.uz/static/media/logo.5f993187.png,Entertainment,1280x720,iptv-org-all.txt,2132,200,成功,h264,25.0,有音频,5.838,未筛除,否,,,100.00,3,0.0098,d12de6790c065a77,2.29%,1.96%,1.96%,0.87,0.00,0.73,2.29,1.96,6,1.0000,2026-07-26 14:01:00,未筛除
Britain's Next Top Model,https://jmp2.uk/plu-67a09ddc21af380008088dc3.m3u8,,,,BritainsNextTopModel.se@DK,,,,https://images.pluto.tv/channels/67a09ddc21af380008088dc3/colorLogoPNG.png,Series,1216x684,iptv-org-all.txt,1976,200,成功,h264,30.0,有音频,2.440,未筛除,否,,,86.67,9,0.0300,c11d3cfa46ca1f34,7.33%,4.00%,4.00%,10.36,13.33,10.55,7.33,4.00,6,1.0000,2026-07-22 13:56:00,未筛除
Canal Educacao (720p),http://45.162.64.114/CANAL_EDUCACAO/index.m3u8,,,,CanalEducacao.br@SD,,,,https://i.imgur.com/OOB7nrS.png,Education,1280x720,iptv-org-all.txt,164,200,成功,h264,30.0,有音频,1.650,未筛除,否,,,93.33,4,0.0126,a7a5955a734f7060,3.46%,1.89%,1.89%,5.74,6.67,7.31,3.46,1.89,6,1.0000,2026-07-25 18:07:00,未筛除
Ax Men (720p),https://bcadcc64.wurl.com/master/f36d25e7e52f1ba8d7e56eb859c636563214f541/U2Ftc3VuZy1nYl9BeE1lbl9ITFM/playlist.m3u8,,,,,,,,,Undefined,1280x720,iptv-org-all.txt,1605,200,成功,h264,29.97002997002997,有音频,2.106,未筛除,否,,,93.33,8,0.0256,8f8c7872689f25c3,4.49%,3.85%,3.85%,6.72,6.67,9.24,4.49,3.85,6,1.0000,2026-07-29 03:34:00,未筛除
Canal 99 Miramar,https://vivo.solumedia.com:19360/cardinal/cardinal.m3u8,,,,Canal99Miramar.ar@SD,,,,https://i.imgur.com/PblsZxz.jpeg,General,,iptv-org-all.txt,58,200,成功,h264,30.0,有音频,1.150,未筛除,否,,,100.00,6,0.0192,bf5d112b3ecaa540,5.45%,2.00%,2.00%,9.86,0.00,28.56,5.45,2.00,0,0.9615,2026-07-27 14:14:00,未筛除
Brian TV (720p) [Not 24/7],https://livefta.malimarcdn.com/ftaedge00/briantv.sdp/playlist.m3u8,,,,BrianTV.la@SD,,,,https://i.imgur.com/zG1WNgU.jpg,News,1280x720,iptv-org-all.txt,874,200,成功,h264,29.97002997002997,有音频,0.939,未筛除,否,,,33.33,28,0.0933,c0b7624a9fb5654a,24.67%,8.00%,10.00%,44.93,66.67,41.44,24.67,9.00,6,1.0000,2026-07-22 13:56:00,未筛除
Boruto: Naruto Next Generations,https://jmp2.uk/plu-656f37f257fe4a000884dfee.m3u8,,,,,,,,,Undefined,1216x684,iptv-org-all.txt,892,200,成功,h264,30.0,有音频,1.316,未筛除,否,,,86.67,10,0.0327,9865279ae4d931ce,8.82%,4.00%,4.00%,13.18,13.33,18.95,8.82,4.00,6,0.9804,2026-08-01 04:09:00,未筛除
Baraka Television (720p) [Not 24/7],https://stream.berosat.live:19360/baraka-hd/baraka-hd.m3u8,,,,BarakaTelevision.cd@SD,,,,https://i.imgur.com/IKXddHN.png,News,1280x720,iptv-org-all.txt,2798,200,成功,h264,25.0,有音频,3.472,未筛除,否,,,100.00,5,0.0225,c01ebd61b7604f1b,5.41%,5.88%,5.88%,4.06,0.00,7.96,5.41,5.88,6,0.4595,2026-07-26 23:41:00,未筛除
Bollywood 4U (1080p),https://streams2.sofast.tv/umaxx/v1/0196d96223231ea506ec2e7986613e/0196d96312d71ebd416a37ff7b3317/playlist.m3u8,,,,,,,,,Undefined,1920x1080,iptv-org-all.txt,2215,200,成功,h264,25.0,有音频,5.629,未筛除,否,,,93.33,4,0.0131,eda5321e8fc37070,3.27%,1.96%,3.92%,4.49,6.67,2.93,3.27,2.94,6,1.0000,2026-07-25 13:50:00,未筛除
Beauty and the Beast,https://jmp2.uk/plu-6512ec7a2ce8e40008bdb433.m3u8,,,,,,,,,Undefined,1216x684,iptv-org-all.txt,667,200,成功,h264,30.0,有音频,4.581,未筛除,否,,,93.33,19,0.0609,848c176cb399ce37,15.71%,5.77%,7.69%,11.49,6.67,16.69,15.71,6.73,6,1.0000,2026-07-23 18:50:00,未筛除
BEK TV News (720p),https://cdn3.wowza.com/5/ZWQ1K2NYTmpFbGsr/BEK-WOWZA-1/smil:BEKPRIMEeast.smil/playlist.m3u8,,,,BEKNews.us@SD,,,,https://i.imgur.com/m80uxdz.png,News,320x240,iptv-org-all.txt,562,200,成功,h264,29.97002997002997,有音频,4.479,未筛除,否,,,60.00,6,0.0189,c5a6dd2136c936c9,5.66%,1.89%,1.89%,26.04,40.00,29.06,5.66,1.89,6,1.0000,2026-07-20 19:21:00,未筛除
Canal 3 Biar (480p) [Not 24/7],https://avantstreaming.es/hls/canal3.m3u8,,,,Canal3TVBiar.es@SD,,,,https://i.imgur.com/cnKCZkK.png,General,1024x576,iptv-org-all.txt,1794,200,成功,h264,25.0,有音频,2.116,未筛除,否,,,80.00,4,0.0128,82c6357a294f738b,3.21%,1.92%,1.92%,9.86,20.00,3.41,3.21,1.92,6,1.0000,2026-08-02 18:24:00,未筛除
Canal 12 (480i),https://d2b5h5wyivfnfl.cloudfront.net/live/53108ffe-0b7e-46ab-bc14-3a9c30010939/ts:abr.m3u8,,,,Canal12.sv@SD,,,,https://i.imgur.com/WMv3yEf.png,General,416x236,iptv-org-all.txt,548,200,成功,h264,30.0,有音频,1.003,未筛除,否,,,60.00,72,0.2308,c3d02fb9c22fb8c2,26.60%,23.08%,23.08%,33.81,40.00,33.92,26.60,23.08,6,1.0000,2026-07-20 19:21:00,未筛除
Azteca Deportes Network (1080p),http://181.119.66.28:8081/AZTECA-DEPORTES-HD/index.m3u8,,,,AztecaDeportesNetwork.mx@SD,,,,https://match-images.icdb.tv/5913207f2494844101287828e87625eb.jpg,Sports,1920x1080,iptv-org-all.txt,228,200,成功,h264,29.97002997002997,有音频,1.460,未筛除,否,,,93.33,4,0.0171,c60f3179cec75138,4.27%,2.56%,2.56%,5.97,6.67,7.30,4.27,2.56,6,1.0000,2026-08-02 23:47:00,未筛除
Berks Community TV (1080p),https://livestream.telvue.com/berkscmttv2/f7b44cfafd5c52223d5498196c8a2e7b.sdp/playlist.m3u8,,,,BerksCommunityTV.us@SD,,,,https://i.imgur.com/vQ6a4VL.png,General,416x234,iptv-org-all.txt,2152,200,成功,h264,29.97002997002997,有音频,3.929,未筛除,否,,,93.33,12,0.0377,b0502f1fe8c45b2f,8.49%,3.77%,3.77%,11.27,6.67,21.75,8.49,3.77,6,1.0000,2026-07-23 13:52:00,未筛除
Canal 3 Impresionante (480p),https://cloud2.streaminglivehd.com:2020/hls/8036/8036.m3u8,,,,Canal3Impresionante.sv@SD,,,,https://i.imgur.com/mdfiWG9.png,General,640x360,iptv-org-all.txt,1520,200,成功,h264,29.97002997002997,有音频,1.084,未筛除,否,,,93.33,5,0.0160,f8e30e5c37597026,4.17%,2.00%,2.00%,6.67,6.67,9.89,4.17,2.00,6,0.9615,2026-07-29 19:13:00,未筛除
BBC Top Gear (1080p) [Geo-blocked],https://amg00793-amg00793c5-firetv-us-4068.playouts.now.amagi.tv/playlist.m3u8,,,,,,,,,Undefined,1920x1080,iptv-org-all.txt,1731,200,成功,h264,29.97002997002997,有音频,6.243,未筛除,否,,,93.33,3,0.0094,cb7b340d8663945d,2.83%,1.89%,1.89%,4.50,6.67,3.61,2.83,1.89,6,1.0000,2026-07-23 00:11:00,未筛除
Biography The Icons (1080p),https://dkaiai6digij6.cloudfront.net/Lights_Legends_Icons.m3u8,,,,,,,,,Undefined,1920x1080,iptv-org-all.txt,1415,200,成功,h264,29.97002997002997,有音频,1.951,未筛除,否,,,100.00,4,0.0126,ff3f00ff0006ff00,3.14%,3.77%,1.89%,3.61,0.00,8.98,3.14,2.83,6,1.0000,2026-07-29 19:13:00,未筛除
Canal 9 Litoral (720p),https://stream.arcast.live/ahora/ahora/playlist.m3u8,,,,Canal9Litoral.ar@SD,,,,https://upload.wikimedia.org/wikipedia/commons/a/ad/Canal_9_Litoral_2021.png,Undefined,1920x1080,iptv-org-all.txt,52,200,成功,h264,25.0,有音频,1.864,未筛除,否,,,100.00,3,0.0096,c8be85a51bdac607,2.56%,1.92%,1.92%,1.92,0.00,4.04,2.56,1.92,6,1.0000,2026-07-21 18:42:00,未筛除
Becker,https://jmp2.uk/plu-630348a54c48ce00077eb6c7.m3u8,,,,Becker.de@DACH,,,,https://images.pluto.tv/channels/630348a54c48ce00077eb6c7/colorLogoPNG.png,Comedy,1216x684,iptv-org-all.txt,771,200,成功,h264,30.0,有音频,1.177,未筛除,否,,,80.00,73,0.2296,cdc36763d91a303c,28.62%,26.42%,28.30%,23.09,20.00,22.10,28.62,27.36,6,1.0000,2026-07-20 19:21:00,未筛除
Canal Nets (720p) [Not 24/7],https://movil.ejeserver.com/live/nets.m3u8,,,,CanalNets.co@SD,,,,https://i.imgur.com/edaAexc.png,Entertainment,1280x720,iptv-org-all.txt,354,200,成功,h264,29.97002997002997,有音频,0.873,未筛除,否,,,0.00,6,0.0196,a6a43d845a9be5e8,5.88%,1.96%,1.96%,54.19,100.00,42.73,5.88,1.96,6,1.0000,2026-08-03 23:42:00,未筛除
Atrina TV,https://atrihls.wns.live/hls/stream.m3u8,,,,AtrinaTV.ir@SD,,,,,Undefined,1280x720,iptv-org-all.txt,1221,200,成功,h264,25.0,有音频,2.132,未筛除,否,,,86.67,5,0.0163,99b5643bd849039f,3.92%,1.96%,1.96%,8.45,13.33,7.14,3.92,1.96,6,1.0000,2026-07-30 01:01:00,未筛除
Bromas Gags Just for Laughs (720p),https://jmp2.uk/plu-678029c654f43dad4b5c1ec0.m3u8,,,,,,,,,Undefined,1280x720,iptv-org-all.txt,751,200,成功,h264,30.0,有音频,1.255,未筛除,否,,,93.33,21,0.0686,8a2a2d1f939968f6,14.71%,9.80%,9.80%,10.71,6.67,13.73,14.71,9.80,6,1.0000,2026-07-22 13:56:00,未筛除
Cafe Trade TV,https://cafetradehls.wns.live/hls/stream.m3u8,,,,CafeTradeTV.ir@SD,,,,https://i.ibb.co/GW4cMfc/cafe-trade-tv.png,Business,1280x720,iptv-org-all.txt,1099,200,成功,h264,25.0,有音频,2.273,未筛除,否,,,93.33,24,0.0769,d8f062d8d87662d9,15.38%,7.69%,7.69%,17.07,6.67,35.18,15.38,7.69,6,1.0000,2026-07-27 19:56:00,未筛除
BEK TV Sports West (720p),https://cdn3.wowza.com/5/ZWQ1K2NYTmpFbGsr/BEK-WOWZA-1/smil:BEKPRIMEW.smil/playlist.m3u8,,,,BEKSports.us@West,,,,https://i.imgur.com/1l3t5jd.png,Sports,320x240,iptv-org-all.txt,499,200,成功,h264,29.97002997002997,有音频,4.025,未筛除,否,,,60.00,6,0.0189,81f1b19dce4e0e1d,5.35%,1.89%,1.89%,25.92,40.00,28.88,5.35,1.89,6,1.0000,2026-07-30 13:45:00,未筛除
Campus TV (Talca) (720p) [Not 24/7],https://pantera1-100gb-cl-movistar.dps.live/campustv/campustv.smil/playlist.m3u8,,,,CampusTV.cl@SD,,,,https://i.imgur.com/LvzLg33.png,Undefined,426x240,iptv-org-all.txt,1458,200,成功,h264,30.0,有音频,8.856,未筛除,否,,,100.00,10,0.0321,dfa3a3a3a3a1a1a1,6.73%,4.00%,4.00%,2.39,0.00,2.15,6.73,4.00,6,0.9615,2026-07-22 00:21:00,未筛除
Big Brother,https://jmp2.uk/plu-6661f11a41af6400080e90d8.m3u8,,,,BigBrother.us@SD,,,,https://images.pluto.tv/channels/6661f11a41af6400080e90d8/colorLogoPNG.png,Entertainment,1280x720,iptv-org-all.txt,668,200,成功,h264,30.0,有音频,3.720,未筛除,否,,,33.33,15,0.0481,9a65649ad7cc3962,10.58%,5.77%,5.77%,35.36,66.67,20.01,10.58,5.77,6,1.0000,2026-08-02 18:24:00,未筛除
Canal 9 Barbe TV (720p) [Not 24/7],https://cdn.streamhispanatv.net:3549/live/barbetvlive.m3u8,,,,BarbeTV.gt@SD,,,,https://i.imgur.com/2Sekew2.png,General,1280x720,iptv-org-all.txt,738,200,成功,h264,29.97002997002997,有音频,0.970,未筛除,否,,,60.00,4,0.0128,b7e629d292654c99,3.85%,1.92%,1.92%,22.62,40.00,18.85,3.85,1.92,6,1.0000,2026-07-20 19:21:00,未筛除
Canal Más Televisión (720p),https://movil.ejeserver.com/live/teledoradahd.m3u8,,,,CanalMasTelevision.co@SD,,,,https://i.imgur.com/ODMa27W.jpg,General,1280x720,iptv-org-all.txt,1540,200,成功,h264,29.97002997002997,有音频,0.779,未筛除,否,,,33.33,6,0.0196,fda44e1c0d0a4adf,5.88%,1.96%,1.96%,41.44,66.67,44.65,5.88,1.96,6,1.0000,2026-07-20 19:21:00,未筛除
AVAZ (720p),https://stream.ads.ottera.tv/playlist.m3u8?content_livestream=1&network_id=13411,,,,,,,,,Undefined,640x360,iptv-org-all.txt,1494,200,成功,h264,29.97002997002997,有音频,2.533,未筛除,否,,,73.33,5,0.0163,bbe4339a922de096,4.25%,3.92%,1.96%,15.10,26.67,10.98,4.25,2.94,6,1.0000,2026-07-22 00:21:00,未筛除
Bajai TV (720p),https://cloudfront41.lexanetwork.com:1344/relay01/livestream002.sdp/playlist.m3u8,,,,BajaiTV.hu@SD,,,,https://i.imgur.com/cyReGWh.png,General,1920x1080,iptv-org-all.txt,1604,200,成功,h264,25.0,有音频,4.184,未筛除,否,,,0.00,6,0.0204,95e0581e4a57657b,5.78%,2.08%,2.08%,43.67,100.00,7.68,5.78,2.08,6,0.9796,2026-08-03 23:42:00,未筛除
Better Life Nature Channel (480p),https://tgn.bozztv.com/betterlife/betternature/betternature/index.m3u8,,,,BetterLifeNatureChannel.us@SD,,,,https://i.imgur.com/D8Vuw6I.png,Relax,704x480,iptv-org-all.txt,527,200,成功,h264,29.97002997002997,有音频,1.061,未筛除,否,,,73.33,5,0.0157,d2f27cc96149333a,4.09%,1.89%,1.89%,15.66,26.67,13.30,4.09,1.89,6,1.0000,2026-07-23 03:04:00,未筛除
Canal 1 Mar Menor-Torre Pacheco (1080p),https://directo.tuwebtv.es/canal1.m3u8,,,,Canal1MarMenorTorrePacheco.es@SD,,,,https://i.imgur.com/MQOwCdZ.png,General;News,1920x1080,iptv-org-all.txt,2374,200,成功,h264,25.0,有音频,3.276,未筛除,否,,,100.00,8,0.0278,c5d19a6465da936c,7.64%,6.25%,6.25%,2.77,0.00,2.04,7.64,6.25,6,1.0000,2026-07-21 13:53:00,未筛除
Canal Coín (1080p),https://canalcoin.garjim.es/hls/directo.m3u8,,,,CanalCoinTV.es@SD,,,,https://i.imgur.com/3QPJIpa.png,General,1920x1080,iptv-org-all.txt,991,200,成功,h264,50.0,有音频,2.267,未筛除,否,,,93.33,19,0.0597,def53f07c0cac0d0,16.35%,5.66%,7.55%,11.70,6.67,16.99,16.35,6.60,6,1.0000,2026-07-23 13:52:00,未筛除
BBS Buddhist Broadcasting (1080p),http://bbstv.clouducs.com:1935/bbstv-live/livestream/playlist.m3u8,,,,BBSTV.kr@SD,,,,https://i.imgur.com/01UmXRe.png,Religious,1920x1080,iptv-org-all.txt,3441,200,成功,h264,29.97002997002997,有音频,7.842,未筛除,否,,,86.67,4,0.0126,9fa5609e3da448e3,3.46%,1.89%,1.89%,8.06,13.33,6.16,3.46,1.89,6,1.0000,2026-07-27 19:56:00,未筛除
Bonches Latinos TV (720p),https://5790d294af2dc.streamlock.net/latinostv/latinostv/playlist.m3u8,,,,BonchesLatinosTV.do@SD,,,,https://i.imgur.com/Kp8x0NS.png,Entertainment,1920x1080,iptv-org-all.txt,1365,200,成功,h264,30.0,有音频,1.163,未筛除,否,,,93.33,6,0.0196,dc338f5166cc43f0,4.58%,1.96%,1.96%,6.69,6.67,9.70,4.58,1.96,6,1.0000,2026-07-25 23:46:00,未筛除
Ax Men (720p),https://36dc2f37.wurl.com/master/f36d25e7e52f1ba8d7e56eb859c636563214f541/UmFrdXRlblRWLWdiX0F4TWVuX0hMUw/playlist.m3u8,,,,,,,,,Undefined,1280x720,iptv-org-all.txt,1801,200,成功,h264,29.97002997002997,有音频,2.290,未筛除,否,,,93.33,6,0.0192,878c7876609f2dc3,5.77%,1.92%,3.85%,6.83,6.67,9.06,5.77,2.88,6,1.0000,2026-07-20 19:21:00,未筛除
Buenisima Radio TV,https://canal.mediaserver.com.co/live/buenisimatv.m3u8,,,,BuenisimaRadioTV.co@SD,,,,https://i.imgur.com/URKDlOZ.png,Music,1280x720,iptv-org-all.txt,524,200,成功,h264,,有音频,3.287,未筛除,否,,,93.33,6,0.0196,9272c63bc9cd9998,5.88%,2.00%,2.00%,8.38,6.67,14.47,5.88,2.00,6,0.9804,2026-07-21 00:21:00,未筛除
BBC Top Gear (1080p),https://amg00793-amg00793c5-xumo-us-2664.playouts.now.amagi.tv/bbcstudios-bbctopgear8min-all/playlist.m3u8,,,,,,,,,Undefined,1920x1080,iptv-org-all.txt,1800,200,成功,h264,29.97002997002997,有音频,6.635,未筛除,否,,,93.33,5,0.0157,9d696ada20663667,4.40%,1.89%,1.89%,4.85,6.67,3.70,4.40,1.89,6,1.0000,2026-07-22 18:44:00,未筛除
Best Thriller TV (1080p),https://streams2.sofast.tv/v1/master/611d79b11b77e2f571934fd80ca1413453772ac7/ce168a85-c8d4-41d6-a597-cc8fd7baddd9/manifest.m3u8,,,,,,,,,Undefined,1920x1080,iptv-org-all.txt,272,200,成功,h264,25.0,有音频,5.506,未筛除,否,,,100.00,3,0.0094,952d3d25d24b4d56,2.20%,1.89%,1.89%,0.95,0.00,1.06,2.20,1.89,6,1.0000,2026-07-23 03:04:00,未筛除
Better Health TV (480p),https://tgn.bozztv.com/betterlife/betterhealth/betterhealth/index.m3u8,,,,BetterHealthTV.us@SD,,,,https://i.imgur.com/qnwJiji.png,Lifestyle,704x480,iptv-org-all.txt,653,200,成功,h264,29.97002997002997,有音频,1.022,未筛除,否,,,73.33,6,0.0189,ca9b374e9cb29170,5.35%,1.89%,1.89%,17.10,26.67,17.26,5.35,1.89,6,1.0000,2026-07-20 02:40:00,未筛除
Ax Men (720p),https://d3kx0b11i5yg0n.cloudfront.net/v1/aenetworks_axmen_1/samsungheadend_us/latest/main/hls/playlist.m3u8,,,,,,,,,Undefined,1280x720,iptv-org-all.txt,1482,200,成功,h264,29.97002997002997,有音频,4.408,未筛除,否,,,93.33,3,0.0096,c191afa8154aebe5,2.88%,1.92%,1.92%,6.05,6.67,8.71,2.88,1.92,6,1.0000,2026-07-20 14:13:00,未筛除
BET Pluto TV,https://jmp2.uk/plu-604f8f8622166000071a929f.m3u8,,,,BETPlutoTV.de@GB,,,,https://images.pluto.tv/channels/604f8f8622166000071a929f/colorLogoPNG.png,Entertainment,1216x684,iptv-org-all.txt,878,200,成功,h264,30.0,有音频,2.431,未筛除,否,,,80.00,47,0.1478,cdc36763d91a303c,18.55%,18.87%,16.98%,19.71,20.00,20.69,18.55,17.92,6,1.0000,2026-07-21 18:42:00,未筛除
Canal 21 Huancayo (720p),https://live-evg11.tv360.bitel.com.pe/bitel/tvwanka/playlist.m3u8,,,,Canal21Huancayo.pe@SD,,,,https://i.imgur.com/Kfdkm06.png,General,1280x720,iptv-org-all.txt,1529,200,成功,h264,29.97002997002997,有音频,3.091,未筛除,否,,,80.00,4,0.0128,f93aca5584c2c3ea,3.85%,1.92%,1.92%,12.22,20.00,10.86,3.85,1.92,6,1.0000,2026-07-24 14:01:00,未筛除
Beyond Paranormal (720p),https://a-cdn.klowdtv.com/live3/beyondparanormal_720p/playlist.m3u8,,,,,,,,,Undefined,1280x720,iptv-org-all.txt,1676,200,成功,h264,29.97002997002997,有音频,1.599,未筛除,否,,,0.00,7,0.0220,9fc6b531b04ced84,5.97%,3.77%,3.77%,54.59,100.00,43.41,5.97,3.77,6,1.0000,2026-07-21 13:53:00,未筛除
Atomic Academy TV (480p),https://atomic.streamnet.ro/academia.m3u8,,,,AtomicAcademyTV.ro@SD,,,,https://i.imgur.com/ZbrDIbZ.png,Music,640x360,iptv-org-all.txt,1845,200,成功,h264,25.0,有音频,2.915,未筛除,否,,,86.67,4,0.0131,df843076daee03c1,3.59%,1.96%,1.96%,10.01,13.33,12.54,3.59,1.96,6,1.0000,2026-07-26 23:41:00,未筛除
BUTV10 (Boston University) (1080p) [Not 24/7],https://cdnapisec.kaltura.com/p/2184561/sp/218456100/playManifest/entryId/1_68qxw4eu/format/applehttp/a.m3u8,,,,BUTV10.us@SD,,,,https://i.imgur.com/Iv1Fe67.png,Education,1280x720,iptv-org-all.txt,1492,200,成功,h264,30.0,有音频,1.542,未筛除,否,,,60.00,10,0.0327,b3816d1a4cc7ce8e,8.50%,3.92%,3.92%,29.73,40.00,38.80,8.50,3.92,6,1.0000,2026-07-22 03:08:00,未筛除
Canal Mundo Visión (720p) [Not 24/7],https://movil.ejeserver.com/live/mundovisiontv.m3u8,,,,CanalMundoVision.co@SD,,,,https://i.imgur.com/zRqfJuj.png,General,1280x720,iptv-org-all.txt,903,200,成功,h264,30.0,有音频,0.893,未筛除,否,,,73.33,6,0.0208,9072dbdf0b52299a,6.25%,2.08%,2.08%,22.68,26.67,35.19,6.25,2.08,6,1.0000,2026-07-20 02:40:00,未筛除
Canal 10 Chiapas (720p),https://5ca9af4645e15.streamlock.net/chiapas/videochiapas/playlist.m3u8,,,,XHTTGTDT.mx@SD,,,,https://i.imgur.com/dw6puHC.png,General,1280x720,iptv-org-all.txt,609,200,成功,h264,29.97002997002997,有音频,1.373,未筛除,否,,,80.00,6,0.0192,94192717e670f81f,5.13%,1.92%,1.92%,17.27,20.00,26.83,5.13,1.92,6,1.0000,2026-07-25 18:07:00,未筛除
Bonao TV (720p) [Not 24/7],https://tele-stream.telecasa.net/live/st2/bonaotv-hd/index.m3u8,,,,BonaoTV.do@SD,,,,https://i.imgur.com/en1vCZB.png,General,1920x1080,iptv-org-all.txt,1775,200,成功,h264,59.94005994005994,有音频,1.544,未筛除,否,,,93.33,3,0.0098,8d728d7a348d728d,2.61%,1.96%,1.96%,4.59,6.67,4.03,2.61,1.96,6,1.0000,2026-07-25 23:46:00,未筛除
BET Her (720p),https://gpuserver3.tier1streams.com/BET_HER/index.m3u8,,,,BETHer.us@East,,,,https://i.imgur.com/oafsrlo.png,Entertainment,1920x1080,iptv-org-all.txt,28,200,成功,h264,59.94005994005994,有音频,1.005,未筛除,否,,,100.00,4,0.0351,853c4cce39cecc33,9.65%,5.26%,5.26%,7.10,0.00,15.47,9.65,5.26,6,1.0000,2026-07-31 18:57:00,未筛除
Canal 4 Villa Dolores,https://stmvideo3.livecastv.com/canal4vd/canal4vd/playlist.m3u8,,,,Canal4VillaDolores.ar@SD,,,,https://i.imgur.com/ZKSnGfw.png,General,854x480,iptv-org-all.txt,2454,200,成功,h264,25.0,有音频,4.895,未筛除,否,,,86.67,6,0.0192,f426ec11ad6691b5,5.77%,1.92%,1.92%,12.17,13.33,18.31,5.77,1.92,6,1.0000,2026-07-22 00:21:00,未筛除
Best of Magnus Midtbø,https://jmp2.uk/plu-69d7a0dc805a68fcc92037b7.m3u8,,,,,,,,,Undefined,1216x684,iptv-org-all.txt,716,200,成功,h264,30.0,有音频,4.423,未筛除,否,,,93.33,10,0.0314,9865279ae4d931ce,8.49%,3.77%,5.66%,8.46,6.67,12.06,8.49,4.72,6,1.0000,2026-08-01 23:54:00,未筛除
Canal Oración Con Son (1080p),https://canal.mediaserver.com.co/live/oracionconson.m3u8,,,,CanalOracionConSon.co@SD,,,,https://i.imgur.com/rfnFqU3.png,Religious,1920x1080,iptv-org-all.txt,1675,200,成功,h264,29.97002997002997,有音频,3.491,未筛除,否,,,100.00,31,0.0975,b54ab54aa5526bb4,12.89%,11.32%,9.43%,8.16,0.00,15.14,12.89,10.38,6,1.0000,2026-07-21 00:21:00,未筛除
Canal 56 (720p),https://vdopanel.jlahozconsulting.com/p/3124/hybrid/play.m3u8,,,,Canal56.do@SD,,,,https://i.imgur.com/HcLs5eM.png,General,1280x720,iptv-org-all.txt,2303,200,成功,h264,29.97002997002997,有音频,3.672,未筛除,否,,,100.00,5,0.0177,c63c30c763997563,3.19%,2.13%,4.26%,1.37,0.00,1.39,3.19,3.19,6,1.0000,2026-07-30 18:48:00,未筛除
Atomic TV (360p),https://atomic.streamnet.ro/atomictv.m3u8,,,,AtomicTV.ro@SD,,,,https://i.imgur.com/O4uI0Uy.png,Music,640x360,iptv-org-all.txt,1555,200,成功,h264,25.0,有音频,2.859,未筛除,否,,,93.33,5,0.0163,9998666567665699,4.25%,1.96%,1.96%,7.20,6.67,11.62,4.25,1.96,6,1.0000,2026-07-25 13:50:00,未筛除
Banjar TV (720p) [Not 24/7],https://banjartv.siar.us/banjartv/live/playlist.m3u8,,,,BanjarTV.id@SD,,,,https://i.imgur.com/TA76a10.png,Undefined,1280x720,iptv-org-all.txt,2174,200,成功,h264,50.0,有音频,3.955,未筛除,否,,,100.00,54,0.1731,bc9cc3672b909e62,26.92%,17.31%,17.31%,12.98,0.00,19.56,26.92,17.31,6,1.0000,2026-07-20 02:40:00,未筛除
Bahrain Quran (720p) [Not 24/7],https://5c7b683162943.streamlock.net/live/ngrp:bahrainquran_all/playlist.m3u8,,,,BahrainQuran.bh@SD,,,,https://i.imgur.com/er5hOK4.png,Religious,640x360,iptv-org-all.txt,158,200,成功,h264,25.0,有音频,7.636,未筛除,否,,,100.00,7,0.0224,fac5f0c1903e2d3a,6.09%,3.85%,3.85%,4.38,0.00,9.24,6.09,3.85,6,1.0000,2026-07-21 13:53:00,未筛除
BX1 (720p) [Not 24/7],https://59959724487e3.streamlock.net/stream/live/playlist.m3u8,,,,BX1.be@SD,,,,https://i.imgur.com/0OkSa6c.png,Undefined,1280x720,iptv-org-all.txt,2053,200,成功,h264,25.0,有音频,3.730,未筛除,否,,,86.67,3,0.0098,aa5465b98f6cd055,2.94%,1.96%,1.96%,9.82,13.33,12.35,2.94,1.96,6,1.0000,2026-07-21 00:21:00,未筛除
Autentic Travel (1080p),https://cb0c87cc605942ff9766a4e6744bbadc.mediatailor.us-east-1.amazonaws.com/v1/master/44f73ba4d03e9607dcd9bebdcb8494d86964f1d8/RlaxxTV-eu_AutenticTravel/playlist.m3u8,,,,AutenticTravel.de@SD,,,,https://d3b6luslimvglo.cloudfront.net/images/79/rlaxximages/channels-rescaled/icon-white/autentictravel_white.png,Lifestyle,1920x1080,iptv-org-all.txt,648,200,成功,h264,29.97002997002997,有音频,3.175,未筛除,否,,,80.00,10,0.0327,9bb6acd9d2908caa,8.17%,3.92%,5.88%,14.32,20.00,14.00,8.17,4.90,6,1.0000,2026-07-21 03:43:00,未筛除
Bollywood HD Russia (576p),https://xykt-fix.github.io/cinerama_edge01/hls/BOLLYWOOD_RU/Movie009.m3u8,,,,BollywoodHD.ro@Russia,,,,https://i.imgur.com/scDKOLS.png,Movies,880x720,iptv-org-all.txt,1316,200,成功,h264,25.0,有音频,14.263,未筛除,否,,,100.00,1,0.0033,dcd43d2f21b12bc2,0.98%,16.67%,16.67%,10.86,0.00,30.00,0.98,16.67,0,0.1176,2026-07-20 19:21:00,未筛除
BTN TV (1080p),https://btn.nowcdn.co.kr/btn/btnlive2m/playlist.m3u8,,,,BTNTV.kr@SD,,,,https://i.imgur.com/sOoS7RQ.png,Religious,1920x1080,iptv-org-all.txt,4836,200,成功,h264,29.97002997002997,有音频,12.768,未筛除,否,,,93.33,2,0.0068,b424ed29af0b2f0e,2.04%,2.63%,2.63%,4.19,6.67,2.82,2.04,2.63,6,0.7755,2026-08-03 23:42:00,未筛除
BRTV (720p) [Geo-blocked],https://live.artidijitalmedya.com/artidijital_brtv/brtv/playlist.m3u8,,,,BRTV.tr@SD,,,,https://i.imgur.com/U3qlEAp.png,Undefined,1280x720,iptv-org-all.txt,297,200,成功,h264,25.0,有音频,5.646,未筛除,否,,,93.33,3,0.0098,d07a0eb56f9423c5,2.61%,1.96%,1.96%,4.02,6.67,2.10,2.61,1.96,6,1.0000,2026-08-01 14:06:00,未筛除
Belarus-1 (1080p),https://ngtrk.dc.beltelecom.by/ngtrk/_definst_/smil:belarus1.smil/playlist.m3u8,,,,Belarus1.by@SD,,,,https://i.imgur.com/sUD9t5j.png,General,640x360,iptv-org-all.txt,1620,200,成功,h264,25.0,有音频,9.137,未筛除,否,,,73.33,4,0.0128,b436cc748fc82a97,3.85%,1.92%,1.92%,15.75,26.67,13.73,3.85,1.92,6,1.0000,2026-07-31 14:15:00,未筛除
Azerbaijan Gharbi,https://ncdn.telewebion.ir/azarbayjangharbi/live/playlist.m3u8,,,,WestAzerbaijanTV.ir@SD,,,,https://upload.wikimedia.org/wikipedia/fa/thumb/2/21/Urmia_TV.svg/960px-Urmia_TV.svg.png,General,720x576,iptv-org-all.txt,2485,200,成功,h264,25.0,有音频,9.134,未筛除,否,,,100.00,2,0.0067,b89591ba1a612fe5,2.00%,2.13%,2.13%,0.82,0.00,0.70,2.00,2.13,6,0.9400,2026-07-20 02:40:00,未筛除
Belarus-3 HD (1080p) [Not 24/7],https://ngtrk.dc.beltelecom.by/ngtrk/smil:belarus3.smil/playlist.m3u8,,,,Belarus3.by@HD,,,,https://i.imgur.com/JkcDycn.png,Culture,640x360,iptv-org-all.txt,1210,200,成功,h264,25.0,有音频,9.587,未筛除,否,,,73.33,3,0.0227,ce9013cd1b1edccc,6.82%,6.67%,6.67%,17.18,26.67,14.93,6.82,6.67,6,0.6818,2026-08-03 23:42:00,未筛除
Belarus-24 HD (1080p),https://ngtrk.dc.beltelecom.by/ngtrk/smil:belarus24.smil/playlist.m3u8,,,,Belarus24.by@HD,,,,https://i.imgur.com/BP7tY6F.png,News,,iptv-org-all.txt,528,200,成功,h264,,有音频,9.107,未筛除,否,,,73.33,3,0.0100,ffaca989cece8480,3.00%,2.00%,2.00%,15.36,26.67,12.97,3.00,2.00,6,1.0000,2026-08-03 23:42:00,未筛除
Astha TV (1080p) [Not 24/7],https://hgmtv.com:19360/asthatv/asthatv.m3u8,,,,AsthaTV.id@HD,,,,https://asthatv.com/wp-content/uploads/2026/02/Logo-Astha.png,Undefined,1280x720,iptv-org-all.txt,2174,200,成功,h264,30.0,有音频,14.106,未筛除,否,,,100.00,1,0.0035,e86f00ff00ff00ee,1.04%,6.67%,6.67%,9.88,0.00,30.00,1.04,6.67,0,0.3125,2026-07-21 13:53:00,未筛除
BRIDGE Deluxe (1080p),http://31.148.48.15/Bridge_TV_HD/index.m3u8,,,,BRIDGEDeluxe.ru@SD,,,,https://i.imgur.com/EazL8w7.png,Music,1920x1080,iptv-org-all.txt,437,200,成功,h264,25.0,有音频,18.049,未筛除,否,,,,,,,,,,,,,,,,,,未筛除
