频道名,地址,回播地址,回播类型,回播天数,tvg-id,tvg-name,国家分组,语言分组,图标,原分组,分辨率,来源文件
纬来育乐,https://live.catvod.com/live.php?id=videolandyule,,,,496,纬来育乐,,,https://gh-proxy.com/https://raw.githubusercontent.com/fanmingming/live/main/tv/纬来育乐.png,🌊港·澳·台,,Guovin.txt
纬来育乐,https://live.catvod.com/live.php?id=videolandmax,,,,496,纬来育乐,,,https://gh-proxy.com/https://raw.githubusercontent.com/fanmingming/live/main/tv/纬来育乐.png,🌊港·澳·台,,Guovin.txt
J2,http://api.kkitv.itv888.vip:8080/streams/48uxa7dlbga/index.m3u8,,,,497,J2,,,https://gh-proxy.com/https://raw.githubusercontent.com/fanmingming/live/main/tv/J2.png,🌊港·澳·台,,Guovin.txt
Viutv,http://php.jdshipin.com:8880/PLTV/iptv.php?id=viutv,,,,498,Viutv,,,https://gh-proxy.com/https://raw.githubusercontent.com/fanmingming/live/main/tv/Viutv.png,🌊港·澳·台,,Guovin.txt
三立台湾,https://stream1.freetv.fun/san-li-tai-wan-1.ctv,,,,499,三立台湾,,,https://gh-proxy.com/https://raw.githubusercontent.com/fanmingming/live/main/tv/三立台湾.png,🌊港·澳·台,,Guovin.txt
三立新闻,https://stream1.freetv.fun/san-li-xin-wen-4.m3u8,,,,500,三立新闻,,,https://gh-proxy.com/https://raw.githubusercontent.com/fanmingming/live/main/tv/三立新闻.png,🌊港·澳·台,,Guovin.txt
三立新闻,https://hls-gateway.vpstv.net/streams/492922.m3u8,,,,500,三立新闻,,,https://gh-proxy.com/https://raw.githubusercontent.com/fanmingming/live/main/tv/三立新闻.png,🌊港·澳·台,,Guovin.txt
三立新闻,https://stream1.freetv.fun/san-li-xin-wen-3.m3u8,,,,500,三立新闻,,,https://gh-proxy.com/https://raw.githubusercontent.com/fanmingming/live/main/tv/三立新闻.png,🌊港·澳·台,,Guovin.txt
三立新闻,https://stream1.freetv.fun/san-li-xin-wen-5.ctv,,,,500,三立新闻,,,https://gh-proxy.com/https://raw.githubusercontent.com/fanmingming/live/main/tv/三立新闻.png,🌊港·澳·台,,Guovin.txt
三立新闻,https://raw.githubusercontent.com/ChiSheng9/iptv/master/TV32.m3u8,,,,500,三立新闻,,,https://gh-proxy.com/https://raw.githubusercontent.com/fanmingming/live/main/tv/三立新闻.png,🌊港·澳·台,,Guovin.txt
东森综合,https://hls-gateway.vpstv.net/streams/476987.m3u8,,,,501,东森综合,,,https://gh-proxy.com/https://raw.githubusercontent.com/fanmingming/live/main/tv/东森综合.png,🌊港·澳·台,,Guovin.txt
东森超视,http://38.64.72.148:80/hls/modn/list/2013/chunklist1.m3u8,,,,502,东森超视,,,https://gh-proxy.com/https://raw.githubusercontent.com/fanmingming/live/main/tv/东森超视.png,🌊港·澳·台,,Guovin.txt
东森超视,https://stream1.freetv.fun/dong-sen-chao-shi-4.m3u8,,,,502,东森超视,,,https://gh-proxy.com/https://raw.githubusercontent.com/fanmingming/live/main/tv/东森超视.png,🌊港·澳·台,,Guovin.txt
东森超视,https://smart.pendy.dpdns.org/Smart.php?id=ettvsuper,,,,502,东森超视,,,https://gh-proxy.com/https://raw.githubusercontent.com/fanmingming/live/main/tv/东森超视.png,🌊港·澳·台,,Guovin.txt
东森超视,https://stream1.freetv.fun/dong-sen-chao-shi-2.m3u8,,,,502,东森超视,,,https://gh-proxy.com/https://raw.githubusercontent.com/fanmingming/live/main/tv/东森超视.png,🌊港·澳·台,,Guovin.txt
东森电影,https://hls-gateway.vpstv.net/streams/476995.m3u8,,,,503,东森电影,,,https://gh-proxy.com/https://raw.githubusercontent.com/fanmingming/live/main/tv/东森电影.png,🌊港·澳·台,,Guovin.txt
东森电影,https://stream1.freetv.fun/dong-sen-dian-ying-8.ctv,,,,503,东森电影,,,https://gh-proxy.com/https://raw.githubusercontent.com/fanmingming/live/main/tv/东森电影.png,🌊港·澳·台,,Guovin.txt
靖天资讯,https://hls-gateway.vpstv.net/streams/476258.m3u8,,,,504,靖天资讯,,,https://gh-proxy.com/https://raw.githubusercontent.com/fanmingming/live/main/tv/靖天资讯.png,🌊港·澳·台,,Guovin.txt
靖天资讯,https://stream1.freetv.fun/jing-tian-zi-xun-2.ctv,,,,504,靖天资讯,,,https://gh-proxy.com/https://raw.githubusercontent.com/fanmingming/live/main/tv/靖天资讯.png,🌊港·澳·台,,Guovin.txt
靖天资讯,http://breezy-audrie-zspace-7524863c.koyeb.app/vipsir?token=leifeng&id=4gtv-4gtv065,,,,504,靖天资讯,,,https://gh-proxy.com/https://raw.githubusercontent.com/fanmingming/live/main/tv/靖天资讯.png,🌊港·澳·台,,Guovin.txt
靖天资讯,https://mao.ffmking888.dpdns.org/?id=6Z2W5aSp6LOH6KiK5Yaw&auth=30234cedf871581989d3c91a3daec1e9f50e024aafcfa2247e7d44d91bb8d02fbc3f571b2d67f9d82642cc1d0f133d89,,,,504,靖天资讯,,,https://gh-proxy.com/https://raw.githubusercontent.com/fanmingming/live/main/tv/靖天资讯.png,🌊港·澳·台,,Guovin.txt
靖天资讯,https://tmxk.pp.ua/litv.php?token=tmxk&id=4gtv-4gtv065,,,,504,靖天资讯,,,https://gh-proxy.com/https://raw.githubusercontent.com/fanmingming/live/main/tv/靖天资讯.png,🌊港·澳·台,,Guovin.txt
CHC家庭影院,https://iptv.catvod.com/live.php?id=CHC%E5%AE%B6%E5%BA%AD%E5%BD%B1%E9%99%A2,,,,505,CHC家庭影院,,,https://gh-proxy.com/https://raw.githubusercontent.com/fanmingming/live/main/tv/CHC家庭影院.png,🎬电影频道,,Guovin.txt
CHC家庭影院,http://156.238.248.80:8880/play/59.m3u8,,,,505,CHC家庭影院,,,https://gh-proxy.com/https://raw.githubusercontent.com/fanmingming/live/main/tv/CHC家庭影院.png,🎬电影频道,,Guovin.txt
CHC家庭影院,http://38.75.136.137:98/gslb/dsdqpub/chcjt.m3u8?auth=testpub,,,,505,CHC家庭影院,,,https://gh-proxy.com/https://raw.githubusercontent.com/fanmingming/live/main/tv/CHC家庭影院.png,🎬电影频道,,Guovin.txt
CHC家庭影院,https://stream1.freetv.fun/chcjia-ting-ying-yuan-15.ctv,,,,505,CHC家庭影院,,,https://gh-proxy.com/https://raw.githubusercontent.com/fanmingming/live/main/tv/CHC家庭影院.png,🎬电影频道,,Guovin.txt
CHC家庭影院,https://stream1.freetv.fun/chcjia-ting-ying-yuan-9.ctv,,,,505,CHC家庭影院,,,https://gh-proxy.com/https://raw.githubusercontent.com/fanmingming/live/main/tv/CHC家庭影院.png,🎬电影频道,,Guovin.txt
CHC动作电影,https://iptv.catvod.com/live.php?id=CHC%E5%8A%A8%E4%BD%9C%E7%94%B5%E5%BD%B1&line=2,,,,506,CHC动作电影,,,https://gh-proxy.com/https://raw.githubusercontent.com/fanmingming/live/main/tv/CHC动作电影.png,🎬电影频道,,Guovin.txt
CHC动作电影,http://156.238.248.80:8880/play/58.m3u8,,,,506,CHC动作电影,,,https://gh-proxy.com/https://raw.githubusercontent.com/fanmingming/live/main/tv/CHC动作电影.png,🎬电影频道,,Guovin.txt
CHC动作电影,https://iptv.catvod.com/live.php?id=CHC%E5%8A%A8%E4%BD%9C%E7%94%B5%E5%BD%B1&line=1,,,,506,CHC动作电影,,,https://gh-proxy.com/https://raw.githubusercontent.com/fanmingming/live/main/tv/CHC动作电影.png,🎬电影频道,,Guovin.txt
CHC动作电影,http://38.75.136.137:98/gslb/dsdqpub/chcdz.m3u8?auth=testpub,,,,506,CHC动作电影,,,https://gh-proxy.com/https://raw.githubusercontent.com/fanmingming/live/main/tv/CHC动作电影.png,🎬电影频道,,Guovin.txt
CHC动作电影,http://z.b.bkpcp.top/m.php?id=dzdy,,,,506,CHC动作电影,,,https://gh-proxy.com/https://raw.githubusercontent.com/fanmingming/live/main/tv/CHC动作电影.png,🎬电影频道,,Guovin.txt
淘剧场,http://[2409:8087:1:20:20::26]/otttv.bj.chinamobile.com/PLTV/88888888/224/3221226553/1.m3u8?GuardEncType=2&accountinfo=%7E%7EV2.0%7EQaJ92NID2SpQlY6_VJVogg%7E_eNUbgU9sJGUcVVduOMKhafLvQUgE_zlz_7pvDimJNOuQYJeiYEeFWTkFfE86Vq-%2CEND,,,,507,淘剧场,,,https://gh-proxy.com/https://raw.githubusercontent.com/fanmingming/live/main/tv/淘剧场.png,🎬电影频道,,Guovin.txt
淘剧场,http://zjzcf.synology.me:35455/bptv/10000100000000050000000003887497.m3u8,,,,507,淘剧场,,,https://gh-proxy.com/https://raw.githubusercontent.com/fanmingming/live/main/tv/淘剧场.png,🎬电影频道,,Guovin.txt
淘剧场,http://iptv.666230.xyz/iptv/bjyd.php/6553,,,,507,淘剧场,,,https://gh-proxy.com/https://raw.githubusercontent.com/fanmingming/live/main/tv/淘剧场.png,🎬电影频道,,Guovin.txt
淘娱乐,http://[2409:8087:1:20:20::2c]/otttv.bj.chinamobile.com/PLTV/88888888/224/3221226551/1.m3u8?GuardEncType=2&accountinfo=%7E%7EV2.0%7Ex0efg9fpenP8E8lWJUb5Lg%7E_eNUbgU9sJGUcVVduOMKhafLvQUgE_zlz_7pvDimJNNg3bzRax0E9tLmO9xgXVx8%2CEND,,,,508,淘娱乐,,,https://gh-proxy.com/https://raw.githubusercontent.com/fanmingming/live/main/tv/淘娱乐.png,🎬电影频道,,Guovin.txt
淘娱乐,http://zjzcf.synology.me:35455/bptv/10000100000000050000000003887499.m3u8,,,,508,淘娱乐,,,https://gh-proxy.com/https://raw.githubusercontent.com/fanmingming/live/main/tv/淘娱乐.png,🎬电影频道,,Guovin.txt
淘娱乐,http://iptv.666230.xyz/iptv/bjyd.php/6551,,,,508,淘娱乐,,,https://gh-proxy.com/https://raw.githubusercontent.com/fanmingming/live/main/tv/淘娱乐.png,🎬电影频道,,Guovin.txt
淘电影,http://[2409:8087:1:20:20::26]/otttv.bj.chinamobile.com/PLTV/88888888/224/3221226552/1.m3u8?GuardEncType=2&accountinfo=%7E%7EV2.0%7EXOsrWMA-UCdUl1hQSR9EKw%7E_eNUbgU9sJGUcVVduOMKhafLvQUgE_zlz_7pvDimJNNg3bzRax0E9tLmO9xgXVx8%2CEND,,,,509,淘电影,,,https://gh-proxy.com/https://raw.githubusercontent.com/fanmingming/live/main/tv/淘电影.png,🎬电影频道,,Guovin.txt
淘电影,https://stream1.freetv.fun/tao-dian-ying-8.ctv,,,,509,淘电影,,,https://gh-proxy.com/https://raw.githubusercontent.com/fanmingming/live/main/tv/淘电影.png,🎬电影频道,,Guovin.txt
淘电影,https://stream1.freetv.fun/tao-dian-ying-7.ctv,,,,509,淘电影,,,https://gh-proxy.com/https://raw.githubusercontent.com/fanmingming/live/main/tv/淘电影.png,🎬电影频道,,Guovin.txt
淘电影,https://stream1.freetv.fun/tao-dian-ying-3.ctv,,,,509,淘电影,,,https://gh-proxy.com/https://raw.githubusercontent.com/fanmingming/live/main/tv/淘电影.png,🎬电影频道,,Guovin.txt
淘电影,https://stream1.freetv.fun/tao-dian-ying-6.ctv,,,,509,淘电影,,,https://gh-proxy.com/https://raw.githubusercontent.com/fanmingming/live/main/tv/淘电影.png,🎬电影频道,,Guovin.txt
NewTV惊悚悬疑,https://iptv.catvod.com/live.php?id=NewTV%E6%83%8A%E6%82%9A%E6%82%AC%E7%96%91,,,,510,NewTV惊悚悬疑,,,https://gh-proxy.com/https://raw.githubusercontent.com/fanmingming/live/main/tv/NewTV惊悚悬疑.png,🎬电影频道,,Guovin.txt
NewTV惊悚悬疑,http://[2409:8087:5e00:24::2d]:6610/000000001000/1/1000000004000024282/index.m3u8?channel-id=ystenlive&Contentid=1000000004000024282&livemode=1&stbId=YanG-1989,,,,510,NewTV惊悚悬疑,,,https://gh-proxy.com/https://raw.githubusercontent.com/fanmingming/live/main/tv/NewTV惊悚悬疑.png,🎬电影频道,,Guovin.txt
NewTV惊悚悬疑,http://php.jdshipin.com/TVOD/hnyd.php?id=200000001898/460000089800010077,,,,510,NewTV惊悚悬疑,,,https://gh-proxy.com/https://raw.githubusercontent.com/fanmingming/live/main/tv/NewTV惊悚悬疑.png,🎬电影频道,,Guovin.txt
NewTV惊悚悬疑,http://[2409:8087:1a0b:df::4002]:80/ottrrs.hl.chinamobile.com/TVOD/88888888/224/3221225665/index.m3u8,,,,510,NewTV惊悚悬疑,,,https://gh-proxy.com/https://raw.githubusercontent.com/fanmingming/live/main/tv/NewTV惊悚悬疑.png,🎬电影频道,,Guovin.txt
NewTV惊悚悬疑,http://ottrrs.hl.chinamobile.com/PLTV/88888888/224/3221225665/index.m3u8,,,,510,NewTV惊悚悬疑,,,https://gh-proxy.com/https://raw.githubusercontent.com/fanmingming/live/main/tv/NewTV惊悚悬疑.png,🎬电影频道,,Guovin.txt
NewTV动作电影,https://iptv.catvod.com/live.php?id=NewTV%E5%8A%A8%E4%BD%9C%E7%94%B5%E5%BD%B1,,,,511,NewTV动作电影,,,https://gh-proxy.com/https://raw.githubusercontent.com/fanmingming/live/main/tv/NewTV动作电影.png,🎬电影频道,,Guovin.txt
NewTV动作电影,http://php.jdshipin.com/TVOD/hnyd.php?id=200000001898/460000089800010003,,,,511,NewTV动作电影,,,https://gh-proxy.com/https://raw.githubusercontent.com/fanmingming/live/main/tv/NewTV动作电影.png,🎬电影频道,,Guovin.txt
NewTV动作电影,http://ott.mobaibox.com/PLTV/3/224/3221227606/index.m3u8,,,,511,NewTV动作电影,,,https://gh-proxy.com/https://raw.githubusercontent.com/fanmingming/live/main/tv/NewTV动作电影.png,🎬电影频道,,Guovin.txt
纬来电影,http://iptv.4666888.xyz/iptv2A.php?id=54,,,,512,纬来电影,,,https://gh-proxy.com/https://raw.githubusercontent.com/fanmingming/live/main/tv/纬来电影.png,🎬电影频道,,Guovin.txt
纬来电影,https://stream1.freetv.fun/wei-lai-dian-ying-1.m3u8,,,,512,纬来电影,,,https://gh-proxy.com/https://raw.githubusercontent.com/fanmingming/live/main/tv/纬来电影.png,🎬电影频道,,Guovin.txt
纬来电影,https://hls-gateway.vpstv.net/streams/477063.m3u8,,,,512,纬来电影,,,https://gh-proxy.com/https://raw.githubusercontent.com/fanmingming/live/main/tv/纬来电影.png,🎬电影频道,,Guovin.txt
纬来电影,https://smart.pendy.dpdns.org/Smart.php?id=videolandmovie,,,,512,纬来电影,,,https://gh-proxy.com/https://raw.githubusercontent.com/fanmingming/live/main/tv/纬来电影.png,🎬电影频道,,Guovin.txt
纬来电影,https://smt.iktv.ddns-ip.net/Smart.php?id=videolandmovie,,,,512,纬来电影,,,https://gh-proxy.com/https://raw.githubusercontent.com/fanmingming/live/main/tv/纬来电影.png,🎬电影频道,,Guovin.txt
靖天映画,https://hls-gateway.vpstv.net/streams/476302.m3u8,,,,513,靖天映画,,,https://gh-proxy.com/https://raw.githubusercontent.com/fanmingming/live/main/tv/靖天映画.png,🎬电影频道,,Guovin.txt
靖天映画,http://breezy-audrie-zspace-7524863c.koyeb.app/vipsir?token=leifeng&id=4gtv-4gtv055,,,,513,靖天映画,,,https://gh-proxy.com/https://raw.githubusercontent.com/fanmingming/live/main/tv/靖天映画.png,🎬电影频道,,Guovin.txt
靖天映画,https://4gtv.dxjc.pp.ua/li-4gtv-4gtv055/index.m3u8,,,,513,靖天映画,,,https://gh-proxy.com/https://raw.githubusercontent.com/fanmingming/live/main/tv/靖天映画.png,🎬电影频道,,Guovin.txt
靖天映画,https://4gtv.dxjc.pp.ua/4gtv-4gtv055/index.m3u8,,,,513,靖天映画,,,https://gh-proxy.com/https://raw.githubusercontent.com/fanmingming/live/main/tv/靖天映画.png,🎬电影频道,,Guovin.txt
靖天映画,https://mao.ffmking888.dpdns.org/?id=6Z2W5aSp5pig55Wr&auth=30234cedf871581989d3c91a3daec1e9f50e024aafcfa2247e7d44d91bb8d02fbc3f571b2d67f9d82642cc1d0f133d89,,,,513,靖天映画,,,https://gh-proxy.com/https://raw.githubusercontent.com/fanmingming/live/main/tv/靖天映画.png,🎬电影频道,,Guovin.txt
靖天戏剧,http://serv00.bkpcp.top/litv3.php?id=4gtv-4gtv058,,,,514,靖天戏剧,,,https://gh-proxy.com/https://raw.githubusercontent.com/fanmingming/live/main/tv/靖天戏剧.png,🎬电影频道,,Guovin.txt
靖天戏剧,https://stream1.freetv.fun/jing-tian-xi-ju-4.ctv,,,,514,靖天戏剧,,,https://gh-proxy.com/https://raw.githubusercontent.com/fanmingming/live/main/tv/靖天戏剧.png,🎬电影频道,,Guovin.txt
靖天戏剧,http://breezy-audrie-zspace-7524863c.koyeb.app/vipsir?token=leifeng&id=4gtv-4gtv058,,,,514,靖天戏剧,,,https://gh-proxy.com/https://raw.githubusercontent.com/fanmingming/live/main/tv/靖天戏剧.png,🎬电影频道,,Guovin.txt
靖天戏剧,https://mao.ffmking888.dpdns.org/?id=6Z2W5aSp5oiy5YqH5Yaw&auth=30234cedf871581989d3c91a3daec1e9f50e024aafcfa2247e7d44d91bb8d02fbc3f571b2d67f9d82642cc1d0f133d89,,,,514,靖天戏剧,,,https://gh-proxy.com/https://raw.githubusercontent.com/fanmingming/live/main/tv/靖天戏剧.png,🎬电影频道,,Guovin.txt
靖天戏剧,https://tmxk.pp.ua/litv.php?token=tmxk&id=4gtv-4gtv058,,,,514,靖天戏剧,,,https://gh-proxy.com/https://raw.githubusercontent.com/fanmingming/live/main/tv/靖天戏剧.png,🎬电影频道,,Guovin.txt
经典电影,https://yylunbo.ottiptv.cc/yy/1414812324,,,,515,经典电影,,,https://gh-proxy.com/https://raw.githubusercontent.com/fanmingming/live/main/tv/经典电影.png,🎬电影频道,,Guovin.txt
经典电影,https://tv.iill.top/4gtv/201,,,,515,经典电影,,,https://gh-proxy.com/https://raw.githubusercontent.com/fanmingming/live/main/tv/经典电影.png,🎬电影频道,,Guovin.txt
经典电影,https://stream1.freetv.fun/jing-dian-dian-ying-9.ctv,,,,515,经典电影,,,https://gh-proxy.com/https://raw.githubusercontent.com/fanmingming/live/main/tv/经典电影.png,🎬电影频道,,Guovin.txt
经典电影,https://stream1.freetv.fun/jing-dian-dian-ying-8.ctv,,,,515,经典电影,,,https://gh-proxy.com/https://raw.githubusercontent.com/fanmingming/live/main/tv/经典电影.png,🎬电影频道,,Guovin.txt
经典电影,https://stream1.freetv.fun/jing-dian-dian-ying-15.ctv,,,,515,经典电影,,,https://gh-proxy.com/https://raw.githubusercontent.com/fanmingming/live/main/tv/经典电影.png,🎬电影频道,,Guovin.txt
IPTV经典电影,http://43.138.0.72:35455/yy/1382754187,,,,516,IPTV经典电影,,,https://gh-proxy.com/https://raw.githubusercontent.com/fanmingming/live/main/tv/IPTV经典电影.png,🎬电影频道,,Guovin.txt
天映经典,http://php.jdshipin.com:8880/smt.php?id=Celestial2,,,,517,天映经典,,,https://gh-proxy.com/https://raw.githubusercontent.com/fanmingming/live/main/tv/天映经典.png,🎬电影频道,,Guovin.txt
天映经典,https://stream1.freetv.fun/tian-ying-jing-dian-5.m3u8,,,,517,天映经典,,,https://gh-proxy.com/https://raw.githubusercontent.com/fanmingming/live/main/tv/天映经典.png,🎬电影频道,,Guovin.txt
天映经典,https://migu.188766.xyz/?migutoken=3637f4ae3861b554c9b368728cc8b391&id=Celestial2&type=dy,,,,517,天映经典,,,https://gh-proxy.com/https://raw.githubusercontent.com/fanmingming/live/main/tv/天映经典.png,🎬电影频道,,Guovin.txt
天映经典,http://php.jdshipin.com/smt.php?id=Celestial2,,,,517,天映经典,,,https://gh-proxy.com/https://raw.githubusercontent.com/fanmingming/live/main/tv/天映经典.png,🎬电影频道,,Guovin.txt
天映经典,https://hls-gateway.vpstv.net/streams/709488.m3u8,,,,517,天映经典,,,https://gh-proxy.com/https://raw.githubusercontent.com/fanmingming/live/main/tv/天映经典.png,🎬电影频道,,Guovin.txt
无线星河,http://v2h.jdshipin.com/xinghe_1/xinghe_1.stream/chunklist_w106.m3u8,,,,518,无线星河,,,https://gh-proxy.com/https://raw.githubusercontent.com/fanmingming/live/main/tv/无线星河.png,🎬电影频道,,Guovin.txt
无线星河,http://php.jdshipin.com:8880/TVOD/iptv.php?id=xinghe,,,,518,无线星河,,,https://gh-proxy.com/https://raw.githubusercontent.com/fanmingming/live/main/tv/无线星河.png,🎬电影频道,,Guovin.txt
无线星河,https://cdn6.101.qzz.io/163189/tvbxh,,,,518,无线星河,,,https://gh-proxy.com/https://raw.githubusercontent.com/fanmingming/live/main/tv/无线星河.png,🎬电影频道,,Guovin.txt
无线星河,http://php.jdshipin.com/smt.php?id=Xinhe,,,,518,无线星河,,,https://gh-proxy.com/https://raw.githubusercontent.com/fanmingming/live/main/tv/无线星河.png,🎬电影频道,,Guovin.txt
星空卫视,https://stream1.freetv.fun/xing-kong-wei-shi-12.m3u8,,,,519,星空卫视,,,https://gh-proxy.com/https://raw.githubusercontent.com/fanmingming/live/main/tv/星空卫视.png,🎬电影频道,,Guovin.txt
星空卫视,https://stream1.freetv.fun/xing-kong-wei-shi-4.ctv,,,,519,星空卫视,,,https://gh-proxy.com/https://raw.githubusercontent.com/fanmingming/live/main/tv/星空卫视.png,🎬电影频道,,Guovin.txt
星空卫视,https://stream1.freetv.fun/xing-kong-wei-shi-10.m3u8,,,,519,星空卫视,,,https://gh-proxy.com/https://raw.githubusercontent.com/fanmingming/live/main/tv/星空卫视.png,🎬电影频道,,Guovin.txt
星空卫视,https://stream1.freetv.fun/xing-kong-wei-shi-11.m3u8,,,,519,星空卫视,,,https://gh-proxy.com/https://raw.githubusercontent.com/fanmingming/live/main/tv/星空卫视.png,🎬电影频道,,Guovin.txt
星空卫视,http://wouu.net:9977/rtp/239.93.1.10:2193,,,,519,星空卫视,,,https://gh-proxy.com/https://raw.githubusercontent.com/fanmingming/live/main/tv/星空卫视.png,🎬电影频道,,Guovin.txt
龙祥电影,https://smt.858.qzz.io/Smart.php?id=lungxiangtime_twn,,,,520,龙祥电影,,,https://gh-proxy.com/https://raw.githubusercontent.com/fanmingming/live/main/tv/龙祥电影.png,🎬电影频道,,Guovin.txt
龙祥电影,https://smt.go-iptv.ggff.net/smart.php?id=lungxiangtime_twn&token=Goiptv,,,,520,龙祥电影,,,https://gh-proxy.com/https://raw.githubusercontent.com/fanmingming/live/main/tv/龙祥电影.png,🎬电影频道,,Guovin.txt
东森洋片,https://stream1.freetv.fun/dong-sen-yang-pian-3.m3u8,,,,521,东森洋片,,,https://gh-proxy.com/https://raw.githubusercontent.com/fanmingming/live/main/tv/东森洋片.png,🎬电影频道,,Guovin.txt
东森洋片,https://hls-gateway.vpstv.net/streams/476997.m3u8,,,,521,东森洋片,,,https://gh-proxy.com/https://raw.githubusercontent.com/fanmingming/live/main/tv/东森洋片.png,🎬电影频道,,Guovin.txt
东森洋片,https://smt.858.qzz.io/Smart.php?id=ettvwestern,,,,521,东森洋片,,,https://gh-proxy.com/https://raw.githubusercontent.com/fanmingming/live/main/tv/东森洋片.png,🎬电影频道,,Guovin.txt
东森洋片,http://php.666230.xyz/smt.php?id=ettvwestern,,,,521,东森洋片,,,https://gh-proxy.com/https://raw.githubusercontent.com/fanmingming/live/main/tv/东森洋片.png,🎬电影频道,,Guovin.txt
东森洋片,https://live.catvod.com/live.php?id=ettvwestern,,,,521,东森洋片,,,https://gh-proxy.com/https://raw.githubusercontent.com/fanmingming/live/main/tv/东森洋片.png,🎬电影频道,,Guovin.txt
东森超视,https://stream1.freetv.fun/dong-sen-chao-shi-7.ctv,,,,502,东森超视,,,https://gh-proxy.com/https://raw.githubusercontent.com/fanmingming/live/main/tv/东森超视.png,🎬电影频道,,Guovin.txt
东森超视,https://stream1.freetv.fun/dong-sen-chao-shi-8.m3u8,,,,502,东森超视,,,https://gh-proxy.com/https://raw.githubusercontent.com/fanmingming/live/main/tv/东森超视.png,🎬电影频道,,Guovin.txt
CCTV-5,http://iptv.huuc.edu.cn/hls/cctv5hd.m3u8,,,,5,CCTV5,,,https://gh-proxy.com/https://raw.githubusercontent.com/fanmingming/live/main/tv/CCTV5.png,🏀体育频道,,Guovin.txt
CCTV-5,https://zby.130519.xyz/PLTV/11/224/3221225734/index.m3u8,,,,5,CCTV5,,,https://gh-proxy.com/https://raw.githubusercontent.com/fanmingming/live/main/tv/CCTV5.png,🏀体育频道,,Guovin.txt
CCTV-5,https://www.freetv.top/migu/641886683.m3u8?migutoken=3e5c01f93922de8d1c940fe15bb47349b27e8f7a2e624dde1a83dff3b2a80f58b7624151a3a4d00488edee34f202818557340903382fae02bb754084eb942bd50e59061df36fab62fb5b908903,,,,5,CCTV5,,,https://gh-proxy.com/https://raw.githubusercontent.com/fanmingming/live/main/tv/CCTV5.png,🏀体育频道,,Guovin.txt
CCTV-5,http://[2409:8087:1a01:df::4077]/ottrrs.hl.chinamobile.com/PLTV/88888888/224/3221226019/index.m3u8,,,,5,CCTV5,,,https://gh-proxy.com/https://raw.githubusercontent.com/fanmingming/live/main/tv/CCTV5.png,🏀体育频道,,Guovin.txt
CCTV-5,https://migu.188766.xyz/?migutoken=3803480da7c3ee6e07115f4bb5827c0d&id=CCTV5&type=yy,,,,5,CCTV5,,,https://gh-proxy.com/https://raw.githubusercontent.com/fanmingming/live/main/tv/CCTV5.png,🏀体育频道,,Guovin.txt
CCTV-5+,http://[2409:8087:1a01:df::4077]/ottrrs.hl.chinamobile.com/PLTV/88888888/8/3221225603/index.m3u8,,,,6,CCTV5+,,,https://gh-proxy.com/https://raw.githubusercontent.com/fanmingming/live/main/tv/CCTV5+.png,🏀体育频道,,Guovin.txt
CCTV-5+,https://smart.pendy.dpdns.org/Smart.php?id=cctv5plus,,,,6,CCTV5+,,,https://gh-proxy.com/https://raw.githubusercontent.com/fanmingming/live/main/tv/CCTV5+.png,🏀体育频道,,Guovin.txt
CCTV-5+,http://[2409:8087:1a01:df::4077]/ottrrs.hl.chinamobile.com/PLTV/88888888/224/3221225603/index.m3u8,,,,6,CCTV5+,,,https://gh-proxy.com/https://raw.githubusercontent.com/fanmingming/live/main/tv/CCTV5+.png,🏀体育频道,,Guovin.txt
CCTV-5+,http://[2409:8087:1a0a:df::404b]/ottrrs.hl.chinamobile.com/TVOD/88888888/224/3221225603/index.m3u8,,,,6,CCTV5+,,,https://gh-proxy.com/https://raw.githubusercontent.com/fanmingming/live/main/tv/CCTV5+.png,🏀体育频道,,Guovin.txt
纬来体育,https://hls-gateway.vpstv.net/streams/477026.m3u8,,,,495,纬来体育,,,https://gh-proxy.com/https://raw.githubusercontent.com/fanmingming/live/main/tv/纬来体育.png,🏀体育频道,,Guovin.txt
五星体育,https://zby.130519.xyz/PLTV/11/224/3221225732/index.m3u8,,,,522,五星体育,,,https://gh-proxy.com/https://raw.githubusercontent.com/fanmingming/live/main/tv/五星体育.png,🏀体育频道,,Guovin.txt
五星体育,https://migu.188766.xyz/?migutoken=ed5a02a3b87f3dcc808d4b733daf5cf9&id=%E4%BA%94%E6%98%9F%E4%BD%93%E8%82%B2&pp=1,,,,522,五星体育,,,https://gh-proxy.com/https://raw.githubusercontent.com/fanmingming/live/main/tv/五星体育.png,🏀体育频道,,Guovin.txt
五星体育,https://other.ottiptv.cc/wxty.m3u8,,,,522,五星体育,,,https://gh-proxy.com/https://raw.githubusercontent.com/fanmingming/live/main/tv/五星体育.png,🏀体育频道,,Guovin.txt
五星体育,https://hls-gateway.vpstv.net/streams/636980.m3u8,,,,522,五星体育,,,https://gh-proxy.com/https://raw.githubusercontent.com/fanmingming/live/main/tv/五星体育.png,🏀体育频道,,Guovin.txt
五星体育,https://stream1.freetv.fun/wu-xing-ti-yu-9.m3u8,,,,522,五星体育,,,https://gh-proxy.com/https://raw.githubusercontent.com/fanmingming/live/main/tv/五星体育.png,🏀体育频道,,Guovin.txt
劲爆体育,https://www.freetv.top/migu/796071336.m3u8?migutoken=1cc947d86cb584c31c31c88c005d55965238dbfff7ed75fca8451aed0b564786fde7e4b327e93b92dc96ef57e64e3bb56e8a9e921338080cdae817cb6125d8450b687659ecfee06be9c5d53ac6,,,,523,劲爆体育,,,https://gh-proxy.com/https://raw.githubusercontent.com/fanmingming/live/main/tv/劲爆体育.png,🏀体育频道,,Guovin.txt
劲爆体育,https://www.freetv.top/migu/796071336.m3u8?migutoken=05144ee4526abc2f6a8d44a41f9e078ef10c1a9f8930d51d7f453315d3577b613eac76898b1e0965789f7010cd3f8a1bca3167ef6e625cb77fc2c575eec35c8d07aaff61dc4b79f75fc67ef667,,,,523,劲爆体育,,,https://gh-proxy.com/https://raw.githubusercontent.com/fanmingming/live/main/tv/劲爆体育.png,🏀体育频道,,Guovin.txt
爱体育,http://php.jdshipin.com:8880/itv6s.php?cid=wasusyt&id=6000000006000290630,,,,524,爱体育,,,https://gh-proxy.com/https://raw.githubusercontent.com/fanmingming/live/main/tv/爱体育.png,🏀体育频道,,Guovin.txt
爱体育,http://[2409:8087:5e08:24::11]:6610/000000001000/2000000004000000060/index.m3u8,,,,524,爱体育,,,https://gh-proxy.com/https://raw.githubusercontent.com/fanmingming/live/main/tv/爱体育.png,🏀体育频道,,Guovin.txt
爱体育,http://[2409:8087:5e08:24::17]:6610/000000001000/2000000004000000060/index.m3u8,,,,524,爱体育,,,https://gh-proxy.com/https://raw.githubusercontent.com/fanmingming/live/main/tv/爱体育.png,🏀体育频道,,Guovin.txt
爱体育,http://[2409:8087:5e08:24::12]:6610/000000001000/2000000004000000000/index.m3u8,,,,524,爱体育,,,https://gh-proxy.com/https://raw.githubusercontent.com/fanmingming/live/main/tv/爱体育.png,🏀体育频道,,Guovin.txt
爱体育,http://hwltc.tv.cdn.zj.chinamobile.com/PLTV/88888888/224/3221230103/index.m3u8,,,,524,爱体育,,,https://gh-proxy.com/https://raw.githubusercontent.com/fanmingming/live/main/tv/爱体育.png,🏀体育频道,,Guovin.txt
广州竞赛,https://stream1.freetv.fun/yan-zhou-jing-sai-33.ctv,,,,76,广州竞赛,,,https://gh-proxy.com/https://raw.githubusercontent.com/fanmingming/live/main/tv/广州竞赛.png,🏀体育频道,,Guovin.txt
睛彩篮球,https://zby.130519.xyz/PLTV/11/224/3221226118/index.m3u8,,,,525,睛彩篮球,,,https://gh-proxy.com/https://raw.githubusercontent.com/fanmingming/live/main/tv/睛彩篮球.png,🏀体育频道,,Guovin.txt
睛彩篮球,http://[2409:8087:1a01:df::4055]:80/TVOD/88888888/224/3221225901/main.m3u8,,,,525,睛彩篮球,,,https://gh-proxy.com/https://raw.githubusercontent.com/fanmingming/live/main/tv/睛彩篮球.png,🏀体育频道,,Guovin.txt
睛彩广场舞,https://iptv.catvod.com/live.php?id=%E7%9D%9B%E5%BD%A9%E5%B9%BF%E5%9C%BA%E8%88%9E,,,,526,睛彩广场舞,,,https://gh-proxy.com/https://raw.githubusercontent.com/fanmingming/live/main/tv/睛彩广场舞.png,🏀体育频道,,Guovin.txt
睛彩广场舞,http://13937899.xyz:35455/itv/3000000020000011523.m3u8?cdn=FifastbLive,,,,526,睛彩广场舞,,,https://gh-proxy.com/https://raw.githubusercontent.com/fanmingming/live/main/tv/睛彩广场舞.png,🏀体育频道,,Guovin.txt
睛彩广场舞,http://zjzcf.synology.me:35455/itv/3000000020000011523.m3u8?cdn=FifastbLive,,,,526,睛彩广场舞,,,https://gh-proxy.com/https://raw.githubusercontent.com/fanmingming/live/main/tv/睛彩广场舞.png,🏀体育频道,,Guovin.txt
睛彩广场舞,http://[2409:8087:1a01:df::7005]:80/ottrrs.hl.chinamobile.com/TVOD/88888888/224/3221226472/index.m3u8,,,,526,睛彩广场舞,,,https://gh-proxy.com/https://raw.githubusercontent.com/fanmingming/live/main/tv/睛彩广场舞.png,🏀体育频道,,Guovin.txt
睛彩广场舞,http://[2409:8087:1a15:10d1::37]/ottrrs.hl.chinamobile.com/PLTV/88888888/224/3221226472/index.m3u8,,,,526,睛彩广场舞,,,https://gh-proxy.com/https://raw.githubusercontent.com/fanmingming/live/main/tv/睛彩广场舞.png,🏀体育频道,,Guovin.txt
风云足球,http://www.qfly9236.cn:8888/rtp/239.253.92.110:8061,,,,31,风云足球,,,https://gh-proxy.com/https://raw.githubusercontent.com/fanmingming/live/main/tv/风云足球.png,🏀体育频道,,Guovin.txt
魅力足球,https://hls-gateway.vpstv.net/streams/708839.m3u8,,,,527,魅力足球,,,https://gh-proxy.com/https://raw.githubusercontent.com/fanmingming/live/main/tv/魅力足球.png,🏀体育频道,,Guovin.txt
魅力足球,https://stream1.freetv.fun/ipv6-mei-li-zu-qiu-4.m3u8,,,,527,魅力足球,,,https://gh-proxy.com/https://raw.githubusercontent.com/fanmingming/live/main/tv/魅力足球.png,🏀体育频道,,Guovin.txt
魅力足球,https://stream1.freetv.fun/mei-li-zu-qiu-1.m3u8,,,,527,魅力足球,,,https://gh-proxy.com/https://raw.githubusercontent.com/fanmingming/live/main/tv/魅力足球.png,🏀体育频道,,Guovin.txt
魅力足球,https://www.freetv.top/migu/796070308.m3u8?migutoken=0a72668399c6f96d928c0bf0adbe330bbae95b55cfc10f2da9e830e2e06051b89a0e1db847eaa61f6b897e3efcb05ecc6160c2ce3c8073fb2d90c8ed191845e1ca16f6bcd3aaa13f6538d2074d,,,,527,魅力足球,,,https://gh-proxy.com/https://raw.githubusercontent.com/fanmingming/live/main/tv/魅力足球.png,🏀体育频道,,Guovin.txt
魅力足球,https://www.freetv.top/migu/796070308.m3u8?migutoken=f4f71100ed3cd756f336e1f3b6d522c1338ee1ffd14316eea89e461d4e31e29395a265a9f1ec26b947fb0e7dc16296db47ae3bfea73caaee6901d17bfede63775878c0ab44c872939ba5b53baf,,,,527,魅力足球,,,https://gh-proxy.com/https://raw.githubusercontent.com/fanmingming/live/main/tv/魅力足球.png,🏀体育频道,,Guovin.txt
天元围棋,http://wouu.net:9977/udp/239.93.42.55:5140,,,,528,天元围棋,,,https://gh-proxy.com/https://raw.githubusercontent.com/fanmingming/live/main/tv/天元围棋.png,🏀体育频道,,Guovin.txt
快乐垂钓,https://migu.188766.xyz/?migutoken=103d22404add9b90cd72174eb1a0108b&id=%E5%BF%AB%E4%B9%90%E5%9E%82%E9%92%93&type=yy,,,,529,快乐垂钓,,,https://gh-proxy.com/https://raw.githubusercontent.com/fanmingming/live/main/tv/快乐垂钓.png,🏀体育频道,,Guovin.txt
快乐垂钓,https://hls-gateway.vpstv.net/streams/708835.m3u8,,,,529,快乐垂钓,,,https://gh-proxy.com/https://raw.githubusercontent.com/fanmingming/live/main/tv/快乐垂钓.png,🏀体育频道,,Guovin.txt
快乐垂钓,https://migu.188766.xyz/?migutoken=c6b17aba558cf29b13242b5ae063e5ed&id=%E5%BF%AB%E4%B9%90%E5%9E%82%E9%92%93&type=yy,,,,529,快乐垂钓,,,https://gh-proxy.com/https://raw.githubusercontent.com/fanmingming/live/main/tv/快乐垂钓.png,🏀体育频道,,Guovin.txt
快乐垂钓,https://migu.188766.xyz/?migutoken=f4d62cd1f8775b1b837f4232f1051f36&id=%E5%BF%AB%E4%B9%90%E5%9E%82%E9%92%93&type=yy,,,,529,快乐垂钓,,,https://gh-proxy.com/https://raw.githubusercontent.com/fanmingming/live/main/tv/快乐垂钓.png,🏀体育频道,,Guovin.txt
快乐垂钓,https://migu.188766.xyz/?migutoken=396182b2a9b61dca2daded3fc6f62311&id=%E5%BF%AB%E4%B9%90%E5%9E%82%E9%92%93&type=yy,,,,529,快乐垂钓,,,https://gh-proxy.com/https://raw.githubusercontent.com/fanmingming/live/main/tv/快乐垂钓.png,🏀体育频道,,Guovin.txt
JJ斗地主,https://live.iill.top/douyin/685317364746,,,,530,JJ斗地主,,,https://gh-proxy.com/https://raw.githubusercontent.com/fanmingming/live/main/tv/JJ斗地主.png,🏀体育频道,,Guovin.txt
新动漫,https://iptv.catvod.com/live.php?id=%E6%96%B0%E5%8A%A8%E6%BC%AB&line=1,,,,532,新动漫,,,https://gh-proxy.com/https://raw.githubusercontent.com/fanmingming/live/main/tv/新动漫.png,🪁动画频道,,Guovin.txt
新动漫,https://migu.188766.xyz/?migutoken=953cca31b8499ca7dd1dd66c04b00377&id=%E6%96%B0%E5%8A%A8%E6%BC%AB&type=yy,,,,532,新动漫,,,https://gh-proxy.com/https://raw.githubusercontent.com/fanmingming/live/main/tv/新动漫.png,🪁动画频道,,Guovin.txt
新动漫,https://tv.iill.top/migu/xdm&token=2276b9830bd9e6d7f4858f72fe6095ad7d4eeb9d25164399bb076f31d3ce364b,,,,532,新动漫,,,https://gh-proxy.com/https://raw.githubusercontent.com/fanmingming/live/main/tv/新动漫.png,🪁动画频道,,Guovin.txt
新动漫,https://migu.188766.xyz/?migutoken=fa7fab5af3b2b0fca5c12c94accfd524&id=%E6%96%B0%E5%8A%A8%E6%BC%AB&type=yy,,,,532,新动漫,,,https://gh-proxy.com/https://raw.githubusercontent.com/fanmingming/live/main/tv/新动漫.png,🪁动画频道,,Guovin.txt
新动漫,https://migu.188766.xyz/?migutoken=b6723923245d1a7b8f0a16fa0e1850e7&id=%E6%96%B0%E5%8A%A8%E6%BC%AB&type=yy,,,,532,新动漫,,,https://gh-proxy.com/https://raw.githubusercontent.com/fanmingming/live/main/tv/新动漫.png,🪁动画频道,,Guovin.txt
爱动漫,http://php.jdshipin.com:8880/itv6s.php?cid=wasusyt&id=6000000006000280630,,,,533,爱动漫,,,https://gh-proxy.com/https://raw.githubusercontent.com/fanmingming/live/main/tv/爱动漫.png,🪁动画频道,,Guovin.txt
爱动漫,http://[2409:8087:5e08:24::17]:6610/000000001000/2000000004000000059/index.m3u8,,,,533,爱动漫,,,https://gh-proxy.com/https://raw.githubusercontent.com/fanmingming/live/main/tv/爱动漫.png,🪁动画频道,,Guovin.txt
爱动漫,http://[2409:8087:5e08:24::11]:6610/000000001000/2000000004000000059/index.m3u8,,,,533,爱动漫,,,https://gh-proxy.com/https://raw.githubusercontent.com/fanmingming/live/main/tv/爱动漫.png,🪁动画频道,,Guovin.txt
爱动漫,http://hwltc.tv.cdn.zj.chinamobile.com/PLTV/88888888/224/3221235628/1/index.m3u8?fmt=ts2hls,,,,533,爱动漫,,,https://gh-proxy.com/https://raw.githubusercontent.com/fanmingming/live/main/tv/爱动漫.png,🪁动画频道,,Guovin.txt
CN卡通,https://hls-gateway.vpstv.net/streams/476247.m3u8,,,,534,CN卡通,,,https://gh-proxy.com/https://raw.githubusercontent.com/fanmingming/live/main/tv/CN卡通.png,🪁动画频道,,Guovin.txt
CN卡通,https://stream1.freetv.fun/cnqia-tong-3.ctv,,,,534,CN卡通,,,https://gh-proxy.com/https://raw.githubusercontent.com/fanmingming/live/main/tv/CN卡通.png,🪁动画频道,,Guovin.txt
金鹰卡通,https://zby.130519.xyz/PLTV/11/224/3221226094/index.m3u8,,,,535,金鹰卡通,,,https://gh-proxy.com/https://raw.githubusercontent.com/fanmingming/live/main/tv/金鹰卡通.png,🪁动画频道,,Guovin.txt
金鹰卡通,https://stream1.freetv.fun/jin-ying-qia-tong-22.m3u8,,,,535,金鹰卡通,,,https://gh-proxy.com/https://raw.githubusercontent.com/fanmingming/live/main/tv/金鹰卡通.png,🪁动画频道,,Guovin.txt
金鹰卡通,https://stream1.freetv.fun/jin-ying-qia-tong-34.m3u8,,,,535,金鹰卡通,,,https://gh-proxy.com/https://raw.githubusercontent.com/fanmingming/live/main/tv/金鹰卡通.png,🪁动画频道,,Guovin.txt
金鹰卡通,https://stream1.freetv.fun/jin-ying-qia-tong-13.m3u8,,,,535,金鹰卡通,,,https://gh-proxy.com/https://raw.githubusercontent.com/fanmingming/live/main/tv/金鹰卡通.png,🪁动画频道,,Guovin.txt
金鹰卡通,https://stream1.freetv.fun/jin-ying-qia-tong-19.m3u8,,,,535,金鹰卡通,,,https://gh-proxy.com/https://raw.githubusercontent.com/fanmingming/live/main/tv/金鹰卡通.png,🪁动画频道,,Guovin.txt
河北少儿科教,https://stream1.freetv.fun/he-bei-shao-er-ke-jiao-7.ctv,,,,537,河北少儿科教,,,https://gh-proxy.com/https://raw.githubusercontent.com/fanmingming/live/main/tv/河北少儿科教.png,🪁动画频道,,Guovin.txt
河北少儿科教,https://stream1.freetv.fun/he-bei-shao-er-ke-jiao-10.ctv,,,,537,河北少儿科教,,,https://gh-proxy.com/https://raw.githubusercontent.com/fanmingming/live/main/tv/河北少儿科教.png,🪁动画频道,,Guovin.txt
河北少儿科教,https://stream1.freetv.fun/he-bei-shao-er-ke-jiao-15.ctv,,,,537,河北少儿科教,,,https://gh-proxy.com/https://raw.githubusercontent.com/fanmingming/live/main/tv/河北少儿科教.png,🪁动画频道,,Guovin.txt
河北少儿科教,https://stream1.freetv.fun/he-bei-shao-er-ke-jiao-12.m3u8,,,,537,河北少儿科教,,,https://gh-proxy.com/https://raw.githubusercontent.com/fanmingming/live/main/tv/河北少儿科教.png,🪁动画频道,,Guovin.txt
河北少儿科教,https://stream1.freetv.fun/he-bei-shao-er-ke-jiao-2.m3u8,,,,537,河北少儿科教,,,https://gh-proxy.com/https://raw.githubusercontent.com/fanmingming/live/main/tv/河北少儿科教.png,🪁动画频道,,Guovin.txt
七龙珠,https://live.ottiptv.cc/huya/11601966,,,,538,七龙珠,,,https://gh-proxy.com/https://raw.githubusercontent.com/fanmingming/live/main/tv/七龙珠.png,🪁动画频道,,Guovin.txt
七龙珠,https://live.metshop.top/huya/11601966,,,,538,七龙珠,,,https://gh-proxy.com/https://raw.githubusercontent.com/fanmingming/live/main/tv/七龙珠.png,🪁动画频道,,Guovin.txt
七龙珠,http://cdn.jdshipin.com:8880/huya.php?id=11601966,,,,538,七龙珠,,,https://gh-proxy.com/https://raw.githubusercontent.com/fanmingming/live/main/tv/七龙珠.png,🪁动画频道,,Guovin.txt
火影忍者,http://cdn.jdshipin.com:8880/huya.php?id=29465866,,,,539,火影忍者,,,https://gh-proxy.com/https://raw.githubusercontent.com/fanmingming/live/main/tv/火影忍者.png,🪁动画频道,,Guovin.txt
海绵宝宝,https://live.metshop.top/douyu/3949681,,,,540,海绵宝宝,,,https://gh-proxy.com/https://raw.githubusercontent.com/fanmingming/live/main/tv/海绵宝宝.png,🪁动画频道,,Guovin.txt
中华小当家,https://live.metshop.top/huya/11342413,,,,541,中华小当家,,,https://gh-proxy.com/https://raw.githubusercontent.com/fanmingming/live/main/tv/中华小当家.png,🪁动画频道,,Guovin.txt
中华小当家,https://live.iill.top/huya/11342413,,,,541,中华小当家,,,https://gh-proxy.com/https://raw.githubusercontent.com/fanmingming/live/main/tv/中华小当家.png,🪁动画频道,,Guovin.txt
中华小当家,http://cdn.jdshipin.com:8880/huya.php?id=11342413,,,,541,中华小当家,,,https://gh-proxy.com/https://raw.githubusercontent.com/fanmingming/live/main/tv/中华小当家.png,🪁动画频道,,Guovin.txt
中华小当家,https://live.ottiptv.cc/huya/11342413,,,,541,中华小当家,,,https://gh-proxy.com/https://raw.githubusercontent.com/fanmingming/live/main/tv/中华小当家.png,🪁动画频道,,Guovin.txt
猫和老鼠,https://live.iill.top/huya/11352879,,,,542,猫和老鼠,,,https://gh-proxy.com/https://raw.githubusercontent.com/fanmingming/live/main/tv/猫和老鼠.png,🪁动画频道,,Guovin.txt
猫和老鼠,http://live.iill.top/huya.php?id=11352879,,,,542,猫和老鼠,,,https://gh-proxy.com/https://raw.githubusercontent.com/fanmingming/live/main/tv/猫和老鼠.png,🪁动画频道,,Guovin.txt
猫和老鼠,https://live.metshop.top/huya/11352879,,,,542,猫和老鼠,,,https://gh-proxy.com/https://raw.githubusercontent.com/fanmingming/live/main/tv/猫和老鼠.png,🪁动画频道,,Guovin.txt
猫和老鼠,http://cdn.jdshipin.com:8880/huya.php?id=11352879,,,,542,猫和老鼠,,,https://gh-proxy.com/https://raw.githubusercontent.com/fanmingming/live/main/tv/猫和老鼠.png,🪁动画频道,,Guovin.txt
猫和老鼠,https://live.ottiptv.cc/huya/11352879,,,,542,猫和老鼠,,,https://gh-proxy.com/https://raw.githubusercontent.com/fanmingming/live/main/tv/猫和老鼠.png,🪁动画频道,,Guovin.txt
蜡笔小新,https://live.ottiptv.cc/bilibili/30837590,,,,543,蜡笔小新,,,https://gh-proxy.com/https://raw.githubusercontent.com/fanmingming/live/main/tv/蜡笔小新.png,🪁动画频道,,Guovin.txt
漫画解说,https://www.goodiptv.club/douyu/5907076,,,,544,漫画解说,,,https://gh-proxy.com/https://raw.githubusercontent.com/fanmingming/live/main/tv/漫画解说.png,🪁动画频道,,Guovin.txt
漫画解说,https://yylunbo.ottiptv.cc/yy/1382735568,,,,544,漫画解说,,,https://gh-proxy.com/https://raw.githubusercontent.com/fanmingming/live/main/tv/漫画解说.png,🪁动画频道,,Guovin.txt
游戏风云,https://zby.130519.xyz/PLTV/11/224/3221226117/index.m3u8,,,,545,游戏风云,,,https://gh-proxy.com/https://raw.githubusercontent.com/fanmingming/live/main/tv/游戏风云.png,🎮游戏频道,,Guovin.txt
游戏风云,https://www.freetv.top/migu/790188417.m3u8?migutoken=0276ef43726b0a3df46f95059cfba0dc88fb58e0682005aef78c7fcce5c7101a4d1199cd5aa05c58eaed75bf3a107385ce216cf787ceb58c1839c276b121b05b72a1ec8d7c6f23c240511643c0,,,,545,游戏风云,,,https://gh-proxy.com/https://raw.githubusercontent.com/fanmingming/live/main/tv/游戏风云.png,🎮游戏频道,,Guovin.txt
游戏风云,https://www.freetv.top/migu/790188417.m3u8?migutoken=4bb23a171d4d63d4362dfba9a795c0f4ae95e2190f17a502e900947df23bda8e7a18b21aa9e6b578071ed4ced654a44a80d0fb8970ac8330432d19255fb721f3c1ee552fa186e2c9427e18e082,,,,545,游戏风云,,,https://gh-proxy.com/https://raw.githubusercontent.com/fanmingming/live/main/tv/游戏风云.png,🎮游戏频道,,Guovin.txt
爱电竞,http://php.jdshipin.com:8880/itv6s.php?cid=wasusyt&id=6000000006000230630,,,,546,爱电竞,,,https://gh-proxy.com/https://raw.githubusercontent.com/fanmingming/live/main/tv/爱电竞.png,🎮游戏频道,,Guovin.txt
CCTV-15,https://zby.130519.xyz/PLTV/11/224/3221226147/index.m3u8,,,,16,CCTV15,,,https://gh-proxy.com/https://raw.githubusercontent.com/fanmingming/live/main/tv/CCTV15.png,🎵音乐频道,,Guovin.txt
CCTV-15,https://www.freetv.top/migu/673168223.m3u8?migutoken=4e8d5766579c6bef231494cabd07e5b49d965804790214280c9791e4c331fd90311cb62ea43d3a1899229bfa57be4afe5a567b32a6b78153fc9a9801e28a39435e078b48c211e71d6083519be4,,,,16,CCTV15,,,https://gh-proxy.com/https://raw.githubusercontent.com/fanmingming/live/main/tv/CCTV15.png,🎵音乐频道,,Guovin.txt
CCTV-15,https://smart.pendy.dpdns.org/Smart.php?id=cctv15,,,,16,CCTV15,,,https://gh-proxy.com/https://raw.githubusercontent.com/fanmingming/live/main/tv/CCTV15.png,🎵音乐频道,,Guovin.txt
CCTV-15,http://[2409:8087:1a01:df::4033]:80/TVOD/88888888/224/3221226127/main.m3u8,,,,16,CCTV15,,,https://gh-proxy.com/https://raw.githubusercontent.com/fanmingming/live/main/tv/CCTV15.png,🎵音乐频道,,Guovin.txt
CCTV-15,http://[2409:8087:1a0a:df::404b]/ottrrs.hl.chinamobile.com/TVOD/88888888/224/3221225601/index.m3u8,,,,16,CCTV15,,,https://gh-proxy.com/https://raw.githubusercontent.com/fanmingming/live/main/tv/CCTV15.png,🎵音乐频道,,Guovin.txt
音乐现场,https://satellitepull.cnr.cn/live/wx32nmgyygb/playlist.m3u8,,,,547,音乐现场,,,https://gh-proxy.com/https://raw.githubusercontent.com/fanmingming/live/main/tv/音乐现场.png,🎵音乐频道,,Guovin.txt
音乐广播,https://tv.iill.top/fm/552&token=7c908a370d95d78e90a9d2ba4007e5185038b0ceac7435ba90e72c77cc035ff6,,,,548,音乐广播,,,https://gh-proxy.com/https://raw.githubusercontent.com/fanmingming/live/main/tv/音乐广播.png,🎵音乐频道,,Guovin.txt
音乐广播,https://tv.iill.top/fm/552&token=074c3dfc2f95090e006ab15f0d86b1aaef70b389a934b096ad5e6674b5724d0d,,,,548,音乐广播,,,https://gh-proxy.com/https://raw.githubusercontent.com/fanmingming/live/main/tv/音乐广播.png,🎵音乐频道,,Guovin.txt
音乐广播,https://tv.iill.top/fm/552&token=9214268143febfaf9cbc3e9b7f092a03c3274273c99133a780217564b2ab7896,,,,548,音乐广播,,,https://gh-proxy.com/https://raw.githubusercontent.com/fanmingming/live/main/tv/音乐广播.png,🎵音乐频道,,Guovin.txt
音乐广播,https://tv.iill.top/fm/552&token=0ba82b0a75c65ff5f1a8198b9de48d0532f0cf804be54dac2eacd7d0dbd56b0a,,,,548,音乐广播,,,https://gh-proxy.com/https://raw.githubusercontent.com/fanmingming/live/main/tv/音乐广播.png,🎵音乐频道,,Guovin.txt
音乐广播,https://tv.iill.top/fm/552&token=bde1753ec6759720c20ecedff6ec428eed4e2dd71d1433181fa7f50b8724a5bf,,,,548,音乐广播,,,https://gh-proxy.com/https://raw.githubusercontent.com/fanmingming/live/main/tv/音乐广播.png,🎵音乐频道,,Guovin.txt
笑傲江湖,https://live.iill.top/huya/23865142,,,,549,笑傲江湖,,,https://gh-proxy.com/https://raw.githubusercontent.com/fanmingming/live/main/tv/笑傲江湖.png,🏛经典剧场,,Guovin.txt
笑傲江湖,https://live.metshop.top/huya/26355790,,,,549,笑傲江湖,,,https://gh-proxy.com/https://raw.githubusercontent.com/fanmingming/live/main/tv/笑傲江湖.png,🏛经典剧场,,Guovin.txt
笑傲江湖,https://live.metshop.top/huya/23865142,,,,549,笑傲江湖,,,https://gh-proxy.com/https://raw.githubusercontent.com/fanmingming/live/main/tv/笑傲江湖.png,🏛经典剧场,,Guovin.txt
笑傲江湖,http://cdn.jdshipin.com:8880/huya.php?id=26355790,,,,549,笑傲江湖,,,https://gh-proxy.com/https://raw.githubusercontent.com/fanmingming/live/main/tv/笑傲江湖.png,🏛经典剧场,,Guovin.txt
笑傲江湖,http://cdn.jdshipin.com:8880/huya.php?id=23865142,,,,549,笑傲江湖,,,https://gh-proxy.com/https://raw.githubusercontent.com/fanmingming/live/main/tv/笑傲江湖.png,🏛经典剧场,,Guovin.txt
天龙八部,https://live.metshop.top/huya/20985816,,,,550,天龙八部,,,https://gh-proxy.com/https://raw.githubusercontent.com/fanmingming/live/main/tv/天龙八部.png,🏛经典剧场,,Guovin.txt
天龙八部,http://cdn.jdshipin.com:8880/huya.php?id=20985816,,,,550,天龙八部,,,https://gh-proxy.com/https://raw.githubusercontent.com/fanmingming/live/main/tv/天龙八部.png,🏛经典剧场,,Guovin.txt
天龙八部,https://live.ottiptv.cc/huya/20985816,,,,550,天龙八部,,,https://gh-proxy.com/https://raw.githubusercontent.com/fanmingming/live/main/tv/天龙八部.png,🏛经典剧场,,Guovin.txt
天龙八部,https://live.ottiptv.cc/yy/1351814644,,,,550,天龙八部,,,https://gh-proxy.com/https://raw.githubusercontent.com/fanmingming/live/main/tv/天龙八部.png,🏛经典剧场,,Guovin.txt
鹿鼎记,https://live.ottiptv.cc/yy/28265277,,,,551,鹿鼎记,,,https://gh-proxy.com/https://raw.githubusercontent.com/fanmingming/live/main/tv/鹿鼎记.png,🏛经典剧场,,Guovin.txt
仙剑奇侠传,https://live.ottiptv.cc/yy/1382749903,,,,552,仙剑奇侠传,,,https://gh-proxy.com/https://raw.githubusercontent.com/fanmingming/live/main/tv/仙剑奇侠传.png,🏛经典剧场,,Guovin.txt
西游记,https://live.iill.top/huya/26355861,,,,553,西游记,,,https://gh-proxy.com/https://raw.githubusercontent.com/fanmingming/live/main/tv/西游记.png,🏛经典剧场,,Guovin.txt
西游记,http://cdn.jdshipin.com:8880/huya.php?id=30080242,,,,553,西游记,,,https://gh-proxy.com/https://raw.githubusercontent.com/fanmingming/live/main/tv/西游记.png,🏛经典剧场,,Guovin.txt
西游记,https://live.ottiptv.cc/huya/26355861,,,,553,西游记,,,https://gh-proxy.com/https://raw.githubusercontent.com/fanmingming/live/main/tv/西游记.png,🏛经典剧场,,Guovin.txt
西游记,https://live.metshop.top/huya/26355861,,,,553,西游记,,,https://gh-proxy.com/https://raw.githubusercontent.com/fanmingming/live/main/tv/西游记.png,🏛经典剧场,,Guovin.txt
西游记,http://cdn.jdshipin.com:8880/huya.php?id=26355861,,,,553,西游记,,,https://gh-proxy.com/https://raw.githubusercontent.com/fanmingming/live/main/tv/西游记.png,🏛经典剧场,,Guovin.txt
三国演义,https://live.iill.top/huya/11602081,,,,554,三国演义,,,https://gh-proxy.com/https://raw.githubusercontent.com/fanmingming/live/main/tv/三国演义.png,🏛经典剧场,,Guovin.txt
三国演义,https://live.metshop.top/huya/11602081,,,,554,三国演义,,,https://gh-proxy.com/https://raw.githubusercontent.com/fanmingming/live/main/tv/三国演义.png,🏛经典剧场,,Guovin.txt
三国演义,http://cdn.jdshipin.com:8880/huya.php?id=11602081,,,,554,三国演义,,,https://gh-proxy.com/https://raw.githubusercontent.com/fanmingming/live/main/tv/三国演义.png,🏛经典剧场,,Guovin.txt
三国演义,https://live.ottiptv.cc/huya/11602081,,,,554,三国演义,,,https://gh-proxy.com/https://raw.githubusercontent.com/fanmingming/live/main/tv/三国演义.png,🏛经典剧场,,Guovin.txt
水浒传,http://www.clmy.cc:35455/yy/1353873252,,,,555,水浒传,,,https://gh-proxy.com/https://raw.githubusercontent.com/fanmingming/live/main/tv/水浒传.png,🏛经典剧场,,Guovin.txt
新白娘子传奇,https://live.ottiptv.cc/yy/1354490667,,,,556,新白娘子传奇,,,https://gh-proxy.com/https://raw.githubusercontent.com/fanmingming/live/main/tv/新白娘子传奇.png,🏛经典剧场,,Guovin.txt
封神榜,https://live.metshop.top/huya/29465849,,,,557,封神榜,,,https://gh-proxy.com/https://raw.githubusercontent.com/fanmingming/live/main/tv/封神榜.png,🏛经典剧场,,Guovin.txt
封神榜,http://cdn.jdshipin.com:8880/huya.php?id=29465849,,,,557,封神榜,,,https://gh-proxy.com/https://raw.githubusercontent.com/fanmingming/live/main/tv/封神榜.png,🏛经典剧场,,Guovin.txt
封神榜,https://live.ottiptv.cc/huya/29465849,,,,557,封神榜,,,https://gh-proxy.com/https://raw.githubusercontent.com/fanmingming/live/main/tv/封神榜.png,🏛经典剧场,,Guovin.txt
闯关东,http://43.251.226.89:8080/play/1731.m3u8,,,,558,闯关东,,,https://gh-proxy.com/https://raw.githubusercontent.com/fanmingming/live/main/tv/闯关东.png,🏛经典剧场,,Guovin.txt
射雕英雄传,https://live.metshop.top/huya/23824164,,,,559,射雕英雄传,,,https://gh-proxy.com/https://raw.githubusercontent.com/fanmingming/live/main/tv/射雕英雄传.png,🏛经典剧场,,Guovin.txt
射雕英雄传,http://cdn.jdshipin.com:8880/huya.php?id=23824164,,,,559,射雕英雄传,,,https://gh-proxy.com/https://raw.githubusercontent.com/fanmingming/live/main/tv/射雕英雄传.png,🏛经典剧场,,Guovin.txt
射雕英雄传,https://live.ottiptv.cc/huya/23824164,,,,559,射雕英雄传,,,https://gh-proxy.com/https://raw.githubusercontent.com/fanmingming/live/main/tv/射雕英雄传.png,🏛经典剧场,,Guovin.txt
CCTV1,http://ottrrs.hl.chinamobile.com/PLTV/88888888/224/3221226016/index.m3u8,,,,,,,,,,,CCSH.txt
CCTV1,http://hlsztemgsplive.miguvideo.com:8080/wd_r2/cctv/cctv1hd/600/index.m3u8?msisdn=20260317040203283e87a18504427d8daeb46f34509fdb&mdspid=&spid=699004&netType=0&sid=2201057821&pid=2028597139&timestamp=20260317040203&Channel_ID=0116_2600000900-99000-201600010010027&ProgramID=608807420&ParentNodeID=-99&assertID=2201057821&client_ip=218.28.233.106&SecurityKey=20260317040203&promotionId=&mvid=2201057821&mcid=500020&playurlVersion=WX-A1-9.2.2-RELEASE&userid=&jmhm=&videocodec=h264&appCode=miguvideo_android&bean=mgspad&tid=android&conFee=0&encrypt=184cd9e889e4fae22f98f719d3d797c8,,,,,,,,,,,CCSH.txt
CCTV1,https://hls-gateway.vpstv.net/streams/476879.m3u8,,,,,,,,,,,CCSH.txt
CCTV1,http://hlsztemgsplive.miguvideo.com:8080/wd_r2/cctv/cctv1hd/600/index.m3u8?msisdn=202603170802039a731462b978460abd6f0a0aa13639de&mdspid=&spid=699004&netType=0&sid=2201057821&pid=2028597139&timestamp=20260317080203&Channel_ID=0116_2600000900-99000-201600010010027&ProgramID=608807420&ParentNodeID=-99&assertID=2201057821&client_ip=218.28.233.106&SecurityKey=20260317080203&promotionId=&mvid=2201057821&mcid=500020&playurlVersion=WX-A1-9.2.2-RELEASE&userid=&jmhm=&videocodec=h264&appCode=miguvideo_android&bean=mgspad&tid=android&conFee=0&encrypt=d4662f8b98153b2cd2b1099155cf80a8,,,,,,,,,,,CCSH.txt
CCTV1,http://hlsztemgsplive.miguvideo.com:8080/wd_r2/cctv/cctv1hd/600/index.m3u8?msisdn=202603171202036cb5ade930ca4ea8a486f0543b454c49&mdspid=&spid=699004&netType=0&sid=2201057821&pid=2028597139&timestamp=20260317120203&Channel_ID=0116_2600000900-99000-201600010010027&ProgramID=608807420&ParentNodeID=-99&assertID=2201057821&client_ip=218.28.233.106&SecurityKey=20260317120203&promotionId=&mvid=2201057821&mcid=500020&playurlVersion=WX-A1-9.2.2-RELEASE&userid=&jmhm=&videocodec=h264&appCode=miguvideo_android&bean=mgspad&tid=android&conFee=0&encrypt=78653337e95e23753b891a81b80ef6b5,,,,,,,,,,,CCSH.txt
CCTV1,https://stream1.freetv.fun/32f2971092f2d6d62d14ecf5b7fec403c96200d3d03e70c6bc7deb2f66cf9fbb.m3u8,,,,,,,,,,,CCSH.txt
CCTV1,https://stream1.freetv.fun/ed56f455ae3fdab6f18723bceb3da6c3ee2e7ad0914baa05f5a533c02f6f303d.m3u8,,,,,,,,,,,CCSH.txt
CCTV1,https://stream1.freetv.fun/960192460e742af597efd712c6fee1c5baf1e90589d2166e6e3f0dd636132070.m3u8,,,,,,,,,,,CCSH.txt
CCTV1,https://stream1.freetv.fun/2ad5af5d9a8d7243c8d9c7422ee6cf76bad9ac2c1e157bc9f199423fb5ed4845.m3u8,,,,,,,,,,,CCSH.txt
CCTV1,https://stream1.freetv.fun/ee6bfbbf6bd7448cd334ce598474b15c4179f9cf07a6980cd02389132eef0af0.m3u8,,,,,,,,,,,CCSH.txt
CCTV1,https://stream1.freetv.fun/3cd84be1fb3623f1c3ba7d3d26e3d607331255d6559bd3e6ded774a1ff7c2b89.m3u8,,,,,,,,,,,CCSH.txt
CCTV1,https://stream1.freetv.fun/2622897affd8a1c93ab36252984ab0e499d1e4a6fc76b87e6ef8039de3f2e642.m3u8,,,,,,,,,,,CCSH.txt
CCTV1,https://stream1.freetv.fun/e87ac64457c976111fc8524f11c25da508b807c29647c571b45ab13a609917c2.m3u8,,,,,,,,,,,CCSH.txt
CCTV1,https://stream1.freetv.fun/df7cf71b3e02015b9029ac087b3eec56fde92fd81d162962570629faec293037.m3u8,,,,,,,,,,,CCSH.txt
CCTV1,https://stream1.freetv.fun/961876d0c8bba36f6519d7018724963b00d568ce7a9f1f1b31e2b373b4f1d2b3.m3u8,,,,,,,,,,,CCSH.txt
CCTV1,https://stream1.freetv.fun/ce5384774a118c8eccc8a7402ba31e40b0fd0e08e06a0220c0043cfca4400c14.m3u8,,,,,,,,,,,CCSH.txt
CCTV1,https://stream1.freetv.fun/f1fa8406434117dfaa5c0b174fa90a31da74b1ad921fc3ce3662a40cff4d9001.m3u8,,,,,,,,,,,CCSH.txt
CCTV1,https://stream1.freetv.fun/f8b77654ee5202e90044771d42c97306dee3fac5acd35b60e23652873790de01.m3u8,,,,,,,,,,,CCSH.txt
CCTV1,https://stream1.freetv.fun/8973ff67af3f7c2d22cdf2a379e20b1bc812e963bfb3fd4bccf5a85c4953d022.m3u8,,,,,,,,,,,CCSH.txt
CCTV2,http://ottrrs.hl.chinamobile.com/PLTV/88888888/224/3221225588/index.m3u8,,,,,,,,,,,CCSH.txt
CCTV2,http://hlsztemgsplive.miguvideo.com:8080/wd_r2/cctv/cctv2hd/600/index.m3u8?msisdn=20260317040203e6226cb175084237b0c9ebd6606b91da&mdspid=&spid=699004&netType=0&sid=5500346945&pid=2028597139&timestamp=20260317040203&Channel_ID=0116_2600000900-99000-201600010010027&ProgramID=631780532&ParentNodeID=-99&assertID=5500346945&client_ip=218.28.233.106&SecurityKey=20260317040203&promotionId=&mvid=5101064231&mcid=500020&playurlVersion=WX-A1-9.2.2-RELEASE&userid=&jmhm=&videocodec=h264&appCode=miguvideo_android&bean=mgspad&tid=android&conFee=0&encrypt=fb0373e902d97451aa326158dbeb588c,,,,,,,,,,,CCSH.txt
CCTV2,http://hlsztemgsplive.miguvideo.com:8080/wd_r2/cctv/cctv2hd/600/index.m3u8?msisdn=2026031712020322df507bac1144e6afa7cd81fd77b71e&mdspid=&spid=699004&netType=0&sid=5500346945&pid=2028597139&timestamp=20260317120203&Channel_ID=0116_2600000900-99000-201600010010027&ProgramID=631780532&ParentNodeID=-99&assertID=5500346945&client_ip=218.28.233.106&SecurityKey=20260317120203&promotionId=&mvid=5101064231&mcid=500020&playurlVersion=WX-A1-9.2.2-RELEASE&userid=&jmhm=&videocodec=h264&appCode=miguvideo_android&bean=mgspad&tid=android&conFee=0&encrypt=19a9c63286e858c275a253af44c18ca6,,,,,,,,,,,CCSH.txt
CCTV2,http://hlsztemgsplive.miguvideo.com:8080/wd_r2/cctv/cctv2hd/600/index.m3u8?msisdn=20260317080203569235a9f5354b22a943c0118c3d8c1a&mdspid=&spid=699004&netType=0&sid=5500346945&pid=2028597139&timestamp=20260317080203&Channel_ID=0116_2600000900-99000-201600010010027&ProgramID=631780532&ParentNodeID=-99&assertID=5500346945&client_ip=218.28.233.106&SecurityKey=20260317080203&promotionId=&mvid=5101064231&mcid=500020&playurlVersion=WX-A1-9.2.2-RELEASE&userid=&jmhm=&videocodec=h264&appCode=miguvideo_android&bean=mgspad&tid=android&conFee=0&encrypt=0a665c2aa726ed47f41474bd23021964,,,,,,,,,,,CCSH.txt
CCTV2,https://hls-gateway.vpstv.net/streams/476881.m3u8,,,,,,,,,,,CCSH.txt
CCTV2,http://dd.ddzb.fun/php/migu.php?id=cctv2,,,,,,,,,,,CCSH.txt
CCTV2,http://148.135.93.213/live.php?id=CCTV2,,,,,,,,,,,CCSH.txt
CCTV2,http://38.75.136.137:98/gslb/dsdqca/cctv2hd.m3u8?auth=test20251009,,,,,,,,,,,CCSH.txt
CCTV2,https://stream1.freetv.fun/0c2d56a09c4103a4bd2a0b1fce3daaafa5402ea91fb9166faa2489ce5c440506.m3u8,,,,,,,,,,,CCSH.txt
CCTV2,https://stream1.freetv.fun/8d9a2d76a0d819bf594bd8698a0ceadca5d3ac2b1b44321ab0cc534ebd1c4cd6.m3u8,,,,,,,,,,,CCSH.txt
CCTV2,https://stream1.freetv.fun/ada063c76ea9d561f08284d973fd7ef10fabf4ed18f2af169cdddd85a4b51113.m3u8,,,,,,,,,,,CCSH.txt
CCTV2,https://stream1.freetv.fun/56b3862915fdf5bcf640fee36fc169e6e6e9ca9a44663406cc3ec70d5f278145.m3u8,,,,,,,,,,,CCSH.txt
CCTV2,https://stream1.freetv.fun/168b88ec9bef56433abeed33488f73f6971f2d5667506068ef7c2ebcff851ff2.m3u8,,,,,,,,,,,CCSH.txt
CCTV2,https://stream1.freetv.fun/ddc1240d9cafb3571f6af0ae89031e56412c7501e12876ce26bad8ddfe7a2f52.m3u8,,,,,,,,,,,CCSH.txt
CCTV2,https://stream1.freetv.fun/062b52551baba0561e20bdc1f671de7f92ea1e7b432e5ac00ff8934a33e73779.m3u8,,,,,,,,,,,CCSH.txt
CCTV2,https://stream1.freetv.fun/e1dc96915d2db9becf6a22f88cfa287e3b2b9a510649ba8c989e7609059fd20b.m3u8,,,,,,,,,,,CCSH.txt
CCTV2,https://stream1.freetv.fun/68809609406abd57c725f3f7b967a186f14dbd28fb55a5ffffe71d769aa06954.m3u8,,,,,,,,,,,CCSH.txt
CCTV2,https://stream1.freetv.fun/b2e1a9fc03f611173df519b2d54494eab6e2c9feafe182713f96c77e5677982e.m3u8,,,,,,,,,,,CCSH.txt
CCTV3,http://ottrrs.hl.chinamobile.com/PLTV/88888888/224/3221226021/index.m3u8,,,,,,,,,,,CCSH.txt
CCTV3,http://hlsztemgsplive.miguvideo.com:8080/wd_r2/2018/ocn/cctv3hd/1000/index.m3u8?msisdn=202603171202034c103184c9bc43d89d74d20098285344&mdspid=&spid=699004&netType=0&sid=5500212864&pid=2028597139&timestamp=20260317120203&Channel_ID=0116_2600000900-99000-201600010010027&ProgramID=624878271&ParentNodeID=-99&assertID=5500212864&client_ip=218.28.233.106&SecurityKey=20260317120203&promotionId=&mvid=5100001683&mcid=500020&playurlVersion=WX-A1-9.2.2-RELEASE&userid=&jmhm=&videocodec=h264&appCode=miguvideo_android&bean=mgspad&tid=android&conFee=0&encrypt=0525836ee8f96e2e1f60d9bdd82e3d2a,,,,,,,,,,,CCSH.txt
CCTV3,http://hlsztemgsplive.miguvideo.com:8080/wd_r2/2018/ocn/cctv3hd/1000/index.m3u8?msisdn=202603170402034c029e63391d4b83b465166e59488c1c&mdspid=&spid=699004&netType=0&sid=5500212864&pid=2028597139&timestamp=20260317040203&Channel_ID=0116_2600000900-99000-201600010010027&ProgramID=624878271&ParentNodeID=-99&assertID=5500212864&client_ip=218.28.233.106&SecurityKey=20260317040203&promotionId=&mvid=5100001683&mcid=500020&playurlVersion=WX-A1-9.2.2-RELEASE&userid=&jmhm=&videocodec=h264&appCode=miguvideo_android&bean=mgspad&tid=android&conFee=0&encrypt=6ed715bf5c2f7b9a99d6cfd7d4ad84c9,,,,,,,,,,,CCSH.txt
CCTV3,http://hlsztemgsplive.miguvideo.com:8080/wd_r2/2018/ocn/cctv3hd/1000/index.m3u8?msisdn=20260317080203f2eab86d46ef4e2fa06569496a6ab1c6&mdspid=&spid=699004&netType=0&sid=5500212864&pid=2028597139&timestamp=20260317080203&Channel_ID=0116_2600000900-99000-201600010010027&ProgramID=624878271&ParentNodeID=-99&assertID=5500212864&client_ip=218.28.233.106&SecurityKey=20260317080203&promotionId=&mvid=5100001683&mcid=500020&playurlVersion=WX-A1-9.2.2-RELEASE&userid=&jmhm=&videocodec=h264&appCode=miguvideo_android&bean=mgspad&tid=android&conFee=0&encrypt=08f3d819ab1dd2f46623c986f0e66e84,,,,,,,,,,,CCSH.txt
CCTV3,https://hls-gateway.vpstv.net/streams/476883.m3u8,,,,,,,,,,,CCSH.txt
CCTV3,http://dd.ddzb.fun/php/migu.php?id=cctv3,,,,,,,,,,,CCSH.txt
CCTV3,https://stream1.freetv.fun/2d9129721d5979db4d1a547476cfed2876edfd57ec4924abb7fa3f1da3a75462.m3u8,,,,,,,,,,,CCSH.txt
CCTV3,https://stream1.freetv.fun/16d797c043c92aca9939e30c9e2fb87cc8e12691c3e6850db080848c83fb7555.m3u8,,,,,,,,,,,CCSH.txt
CCTV3,https://stream1.freetv.fun/7a262b749ab7f12e9b967b05e0bd95defc9446e9391ba6ee94407aa388a4f81e.m3u8,,,,,,,,,,,CCSH.txt
CCTV3,https://stream1.freetv.fun/82fcd2ea72d396253f82035b5542f2c7db3ae94823171ad4f4da6cbd95175d9a.m3u8,,,,,,,,,,,CCSH.txt
CCTV3,https://stream1.freetv.fun/44cca69be0608a658ece734b92ece61bd0aea56c9970dc3cf2e2d866df4fa541.m3u8,,,,,,,,,,,CCSH.txt
CCTV3,https://stream1.freetv.fun/b22e79d26f8b854763e01840c45c06d68ac49b016a9004f3717c55e669ece64b.m3u8,,,,,,,,,,,CCSH.txt
CCTV3,https://stream1.freetv.fun/ab692257de15538ddd85b8ad84434857520c9c4c4193ff10bded73c4810e251c.m3u8,,,,,,,,,,,CCSH.txt
CCTV3,https://stream1.freetv.fun/8e8c6b586c67d965e35c468bd6011876326c1b6a4c9aea7b5d9b0212e57af20c.m3u8,,,,,,,,,,,CCSH.txt
CCTV3,https://stream1.freetv.fun/eb74d7931bbd9db14cc302d82d5b9eeb97821b91f8ed4979791d1829de946b11.m3u8,,,,,,,,,,,CCSH.txt
CCTV3,https://stream1.freetv.fun/f272e65922b98786560c74338983ab71bed1923b05388589c543c8d0b6e1be3c.m3u8,,,,,,,,,,,CCSH.txt
CCTV3,https://stream1.freetv.fun/402f7ef23bdc0f37b7c76b114d7167bb4228d5b525a0de2140f63127c085c1c7.m3u8,,,,,,,,,,,CCSH.txt
CCTV3,https://stream1.freetv.fun/1e0e775744a98d3524e67d4b4da0a9bc3c0b9cb9fbdf47fe76a0413a4089b940.m3u8,,,,,,,,,,,CCSH.txt
CCTV4,http://ottrrs.hl.chinamobile.com/PLTV/88888888/224/3221226428/index.m3u8,,,,,,,,,,,CCSH.txt
CCTV4,http://hlsztemgsplive.miguvideo.com:8080/migu/kailu/20200324/cctv4meihd/50/index.m3u8?msisdn=2026031708020560f7d6edc5144d74ae758fe026f2201d&mdspid=&spid=699004&netType=0&sid=2200179344&pid=2028597139&timestamp=20260317080205&Channel_ID=0116_2600000900-99000-201600010010027&ProgramID=608807416&ParentNodeID=-99&assertID=2200179344&client_ip=218.28.233.106&SecurityKey=20260317080205&promotionId=&mvid=2200179344&mcid=500020&playurlVersion=WX-A1-9.2.2-RELEASE&userid=&jmhm=&videocodec=h264&appCode=miguvideo_android&bean=mgspad&tid=android&conFee=0&encrypt=874eb42d184270b74f43ee0307c9929a,,,,,,,,,,,CCSH.txt
CCTV4,http://hlsztemgsplive.miguvideo.com:8080/migu/kailu/20200324/cctv4ouhd/50/index.m3u8?msisdn=20260317080205dac62b638e6a4d96942952f2c27df522&mdspid=&spid=699004&netType=0&sid=2200179315&pid=2028597139&timestamp=20260317080205&Channel_ID=0116_2600000900-99000-201600010010027&ProgramID=608807419&ParentNodeID=-99&assertID=2200179315&client_ip=218.28.233.106&SecurityKey=20260317080205&promotionId=&mvid=2200179315&mcid=500020&playurlVersion=WX-A1-9.2.2-RELEASE&userid=&jmhm=&videocodec=h264&appCode=miguvideo_android&bean=mgspad&tid=android&conFee=0&encrypt=57e2415ff859745ed8ae9e9e12b53976,,,,,,,,,,,CCSH.txt
CCTV4,http://hlsztemgsplive.miguvideo.com:8080/migu/kailu/20200324/cctv4ouhd/50/index.m3u8?msisdn=20260317040205b15eacafeab940d5832f1ccab4a0f7ab&mdspid=&spid=699004&netType=0&sid=2200179315&pid=2028597139&timestamp=20260317040205&Channel_ID=0116_2600000900-99000-201600010010027&ProgramID=608807419&ParentNodeID=-99&assertID=2200179315&client_ip=218.28.233.106&SecurityKey=20260317040205&promotionId=&mvid=2200179315&mcid=500020&playurlVersion=WX-A1-9.2.2-RELEASE&userid=&jmhm=&videocodec=h264&appCode=miguvideo_android&bean=mgspad&tid=android&conFee=0&encrypt=b96f5f91e0fee39bd29f5cc8db6e56f8,,,,,,,,,,,CCSH.txt
CCTV4,http://hlsztemgsplive.miguvideo.com:8080/migu/kailu/20200324/cctv4meihd/50/index.m3u8?msisdn=202603170402050e01b8ed43bb4c0abde4801e506873c7&mdspid=&spid=699004&netType=0&sid=2200179344&pid=2028597139&timestamp=20260317040205&Channel_ID=0116_2600000900-99000-201600010010027&ProgramID=608807416&ParentNodeID=-99&assertID=2200179344&client_ip=218.28.233.106&SecurityKey=20260317040205&promotionId=&mvid=2200179344&mcid=500020&playurlVersion=WX-A1-9.2.2-RELEASE&userid=&jmhm=&videocodec=h264&appCode=miguvideo_android&bean=mgspad&tid=android&conFee=0&encrypt=f147851c915e959b6dc0eb719eed25f7,,,,,,,,,,,CCSH.txt
CCTV4,http://hlsztemgsplive.miguvideo.com:8080/wd_r2/cctv/cctv4hd/600/index.m3u8?msisdn=202603170402046352ff600fac4af78973218ff5d9cee2&mdspid=&spid=699004&netType=0&sid=5500346947&pid=2028597139&timestamp=20260317040204&Channel_ID=0116_2600000900-99000-201600010010027&ProgramID=631780421&ParentNodeID=-99&assertID=5500346947&client_ip=218.28.233.106&SecurityKey=20260317040204&promotionId=&mvid=5101064235&mcid=500020&playurlVersion=WX-A1-9.2.2-RELEASE&userid=&jmhm=&videocodec=h264&appCode=miguvideo_android&bean=mgspad&tid=android&conFee=0&encrypt=6768eb7e03fbd4aa0f0090ef6f51949e,,,,,,,,,,,CCSH.txt
CCTV4,http://hlsztemgsplive.miguvideo.com:8080/wd_r2/cctv/cctv4hd/600/index.m3u8?msisdn=202603170802035575050dc253404d80f3b1fc81273e66&mdspid=&spid=699004&netType=0&sid=5500346947&pid=2028597139&timestamp=20260317080203&Channel_ID=0116_2600000900-99000-201600010010027&ProgramID=631780421&ParentNodeID=-99&assertID=5500346947&client_ip=218.28.233.106&SecurityKey=20260317080203&promotionId=&mvid=5101064235&mcid=500020&playurlVersion=WX-A1-9.2.2-RELEASE&userid=&jmhm=&videocodec=h264&appCode=miguvideo_android&bean=mgspad&tid=android&conFee=0&encrypt=0aaceb3243b7c78bedc44e9cea02c288,,,,,,,,,,,CCSH.txt
CCTV4,https://hls-gateway.vpstv.net/streams/709565.m3u8,,,,,,,,,,,CCSH.txt
CCTV4,https://hls-gateway.vpstv.net/streams/709564.m3u8,,,,,,,,,,,CCSH.txt
CCTV4,https://hls-gateway.vpstv.net/streams/476884.m3u8,,,,,,,,,,,CCSH.txt
CCTV4,http://dd.ddzb.fun/php/migu.php?id=cctv4,,,,,,,,,,,CCSH.txt
CCTV4,http://148.135.93.213/live.php?id=CCTV4,,,,,,,,,,,CCSH.txt
CCTV4,https://stream1.freetv.fun/65ac61c6c6a2b58f5eb41469958413367ff7af3ad84bc702885b5afd3327fcb0.m3u8,,,,,,,,,,,CCSH.txt
CCTV4,https://stream1.freetv.fun/964a51445ff33a4d13e786b28b01992fa55022cfc28c81c5f24497d1131a5d18.m3u8,,,,,,,,,,,CCSH.txt
CCTV4,https://stream1.freetv.fun/a722b1d2e56f302d937c1860fb90c5fa0f5cdc3154486dea6a906089073fc71a.m3u8,,,,,,,,,,,CCSH.txt
CCTV4,https://stream1.freetv.fun/2f1e3c9d65bfe24a6528f5bf7ef0c04c6f31d388d96148f28f7cd72a25cd9a8c.m3u8,,,,,,,,,,,CCSH.txt
CCTV4,https://stream1.freetv.fun/0d839f5d81e4bf543f91e5413de15e99bc658de9826ea59d16333bc8cb664b44.m3u8,,,,,,,,,,,CCSH.txt
CCTV4,https://stream1.freetv.fun/1bf0211b5baaa7f1430933ff2f78b4a1117b0f8e250a718adfba91a694024f4d.m3u8,,,,,,,,,,,CCSH.txt
CCTV5,http://ottrrs.hl.chinamobile.com/PLTV/88888888/224/3221226019/index.m3u8,,,,,,,,,,,CCSH.txt
CCTV5,http://hlsztemgsplive.miguvideo.com:8080/wd_r2/cctv/cctv5hdnew/600/index.m3u8?msisdn=20260317120203efe01326d04d45d7836545287b6a9d29&mdspid=&spid=699004&netType=0&sid=5500516171&pid=2028597139&timestamp=20260317120203&Channel_ID=0116_2600000900-99000-201600010010027&ProgramID=641886683&ParentNodeID=-99&assertID=5500516171&client_ip=218.28.233.106&SecurityKey=20260317120203&promotionId=&mvid=5102048712&mcid=500020&playurlVersion=WX-A1-9.2.2-RELEASE&userid=&jmhm=&videocodec=h264&appCode=miguvideo_android&bean=mgspad&tid=android&conFee=0&encrypt=3d56d6b16eba5f69a3253be2b99c7948,,,,,,,,,,,CCSH.txt
CCTV5,https://hls-gateway.vpstv.net/streams/476885.m3u8,,,,,,,,,,,CCSH.txt
CCTV5,http://hlsztemgsplive.miguvideo.com:8080/wd_r2/cctv/cctv5hdnew/600/index.m3u8?msisdn=202603170802037b1aeba6edd14ebfa31be7fe7cc6df44&mdspid=&spid=699004&netType=0&sid=5500516171&pid=2028597139&timestamp=20260317080203&Channel_ID=0116_2600000900-99000-201600010010027&ProgramID=641886683&ParentNodeID=-99&assertID=5500516171&client_ip=218.28.233.106&SecurityKey=20260317080203&promotionId=&mvid=5102048712&mcid=500020&playurlVersion=WX-A1-9.2.2-RELEASE&userid=&jmhm=&videocodec=h264&appCode=miguvideo_android&bean=mgspad&tid=android&conFee=0&encrypt=f545bc4bafccd89b6f613a3973480e08,,,,,,,,,,,CCSH.txt
CCTV5,http://hlsztemgsplive.miguvideo.com:8080/wd_r2/cctv/cctv5hdnew/600/index.m3u8?msisdn=20260317040204452584707fdf4816b227929c4e918215&mdspid=&spid=699004&netType=0&sid=5500516171&pid=2028597139&timestamp=20260317040204&Channel_ID=0116_2600000900-99000-201600010010027&ProgramID=641886683&ParentNodeID=-99&assertID=5500516171&client_ip=218.28.233.106&SecurityKey=20260317040204&promotionId=&mvid=5102048712&mcid=500020&playurlVersion=WX-A1-9.2.2-RELEASE&userid=&jmhm=&videocodec=h264&appCode=miguvideo_android&bean=mgspad&tid=android&conFee=0&encrypt=f8a6989061932479eddf256a7acf14cf,,,,,,,,,,,CCSH.txt
CCTV5,http://dd.ddzb.fun/php/migu.php?id=cctv5,,,,,,,,,,,CCSH.txt
CCTV5,https://stream1.freetv.fun/7a51eefc4df7745a608d008a9d2d36214eb296350d1977622eb0cc88b0f38d10.m3u8,,,,,,,,,,,CCSH.txt
CCTV5,https://stream1.freetv.fun/1d543a9b3d1f95681056c79434afa52f300eeb7e90d80779c6de9d945a80172e.m3u8,,,,,,,,,,,CCSH.txt
CCTV5,https://stream1.freetv.fun/940832bf25a15c5e44fa17a9b73f6dba14850e25b94c67f665d781642a9f24c1.m3u8,,,,,,,,,,,CCSH.txt
CCTV5,https://stream1.freetv.fun/64a4bbe37402f88e022c36cf3fae760ebd29a650014da42c9e8c2485fae247cc.m3u8,,,,,,,,,,,CCSH.txt
CCTV5,http://23.237.228.134/live5/CCTV5.m3u8,,,,,,,,,,,CCSH.txt
CCTV5,http://74.91.26.218:82/live/cctv5hd.m3u8,,,,,,,,,,,CCSH.txt
CCTV5,http://107.150.60.122/live/cctv5hd.m3u8,,,,,,,,,,,CCSH.txt
CCTV5,http://kkk.888.3116598.xyz/api.php?n=tttt&id=WCkN7r&tk=FgM0vQMejxvG,,,,,,,,,,,CCSH.txt
CCTV5,http://kkk.888.3116598.xyz/api.php?n=tttt&id=1A4eT4&tk=FgM0vQMejxvG,,,,,,,,,,,CCSH.txt
CCTV5,http://kkk.888.3116598.xyz/api.php?n=tttt&id=un8Qbv&tk=FgM0vQMejxvG,,,,,,,,,,,CCSH.txt
CCTV5,http://kkk.888.3116598.xyz/api.php?n=tttt&id=zMqirA&tk=FgM0vQMejxvG,,,,,,,,,,,CCSH.txt
CCTV5,http://kkk.888.3116598.xyz/api.php?n=tttt&id=7saWCa&tk=FgM0vQMejxvG,,,,,,,,,,,CCSH.txt
CCTV5,http://kkk.888.3116598.xyz/api.php?n=tttt&id=rXZ2Ua&tk=FgM0vQMejxvG,,,,,,,,,,,CCSH.txt
CCTV5+,http://ottrrs.hl.chinamobile.com/PLTV/88888888/224/3221225603/index.m3u8,,,,,,,,,,,CCSH.txt
CCTV5+,http://hlsztemgsplive.miguvideo.com:8080/wd_r2/cctv/cctv5plusnew/600/index.m3u8?msisdn=202603171202039cb442e25cd14a3fb0b48ec9aa08cef1&mdspid=&spid=699004&netType=0&sid=5500516288&pid=2028597139&timestamp=20260317120203&Channel_ID=0116_2600000900-99000-201600010010027&ProgramID=641886773&ParentNodeID=-99&assertID=5500516288&client_ip=218.28.233.106&SecurityKey=20260317120203&promotionId=&mvid=5102048803&mcid=500020&playurlVersion=WX-A1-9.2.2-RELEASE&userid=&jmhm=&videocodec=h264&appCode=miguvideo_android&bean=mgspad&tid=android&conFee=0&encrypt=c6f357bee6ba9fb5a10a86da7bb11bfd,,,,,,,,,,,CCSH.txt
CCTV5+,http://hlsztemgsplive.miguvideo.com:8080/wd_r2/cctv/cctv5plusnew/600/index.m3u8?msisdn=20260317040204c9bae939fd0946d1b16ed670f247b20f&mdspid=&spid=699004&netType=0&sid=5500516288&pid=2028597139&timestamp=20260317040204&Channel_ID=0116_2600000900-99000-201600010010027&ProgramID=641886773&ParentNodeID=-99&assertID=5500516288&client_ip=218.28.233.106&SecurityKey=20260317040204&promotionId=&mvid=5102048803&mcid=500020&playurlVersion=WX-A1-9.2.2-RELEASE&userid=&jmhm=&videocodec=h264&appCode=miguvideo_android&bean=mgspad&tid=android&conFee=0&encrypt=72ae5a4c3869b9c8e9b0844e249246b8,,,,,,,,,,,CCSH.txt
CCTV5+,http://hlsztemgsplive.miguvideo.com:8080/wd_r2/cctv/cctv5plusnew/600/index.m3u8?msisdn=20260317080203fa686ee35e9043658d8d7abdebd3eb70&mdspid=&spid=699004&netType=0&sid=5500516288&pid=2028597139&timestamp=20260317080203&Channel_ID=0116_2600000900-99000-201600010010027&ProgramID=641886773&ParentNodeID=-99&assertID=5500516288&client_ip=218.28.233.106&SecurityKey=20260317080203&promotionId=&mvid=5102048803&mcid=500020&playurlVersion=WX-A1-9.2.2-RELEASE&userid=&jmhm=&videocodec=h264&appCode=miguvideo_android&bean=mgspad&tid=android&conFee=0&encrypt=18c1b38ef282d45498ee103e6fab198b,,,,,,,,,,,CCSH.txt
CCTV5+,https://hls-gateway.vpstv.net/streams/476888.m3u8,,,,,,,,,,,CCSH.txt
CCTV5+,http://dd.ddzb.fun/php/migu.php?id=cctv5p,,,,,,,,,,,CCSH.txt
CCTV5+,https://tv.iill.top/api/CCTV5+/index.m3u8,,,,,,,,,,,CCSH.txt
CCTV5+,http://148.135.93.213/live.php?id=CCTV5p,,,,,,,,,,,CCSH.txt
CCTV5+,https://stream1.freetv.fun/7af3bda5e82b9a70b557cd982a25e9b06490881a5e7a06f2f2027cdf1d8cf065.m3u8,,,,,,,,,,,CCSH.txt
CCTV5+,http://23.237.228.134/live5/CCTV5p.m3u8,,,,,,,,,,,CCSH.txt
CCTV5+,http://m.061899.xyz/mg/cctv5p,,,,,,,,,,,CCSH.txt
CCTV5+,http://kkk.888.3116598.xyz/api.php?n=tttt&id=9O5jfh&tk=FgM0vQMejxvG,,,,,,,,,,,CCSH.txt
CCTV5+,http://kkk.888.3116598.xyz/api.php?n=tttt&id=OWbZsv&tk=FgM0vQMejxvG,,,,,,,,,,,CCSH.txt
CCTV5+,http://kkk.888.3116598.xyz/api.php?n=tttt&id=UUAF8s&tk=FgM0vQMejxvG,,,,,,,,,,,CCSH.txt
CCTV5+,http://kkk.888.3116598.xyz/api.php?n=tttt&id=hWGyoN&tk=FgM0vQMejxvG,,,,,,,,,,,CCSH.txt
CCTV5+,http://kkk.888.3116598.xyz/api.php?n=tttt&id=UHwStw&tk=FgM0vQMejxvG,,,,,,,,,,,CCSH.txt
CCTV5+,http://kkk.888.3116598.xyz/api.php?n=tttt&id=0msREY&tk=FgM0vQMejxvG,,,,,,,,,,,CCSH.txt
CCTV5+,https://api.olelive.com/dis/live/CCTV5PHD/hls.m3u8,,,,,,,,,,,CCSH.txt
CCTV6,http://ottrrs.hl.chinamobile.com/PLTV/88888888/224/3221226010/index.m3u8,,,,,,,,,,,CCSH.txt
CCTV6,http://hlsztemgsplive.miguvideo.com:8080/wd_r2/2018/ocn/cctv6hd/1000/index.m3u8?msisdn=20260317120203374cf4375eef4c8aa3ff006a9fa5db7b&mdspid=&spid=699004&netType=0&sid=5500212872&pid=2028597139&timestamp=20260317120203&Channel_ID=0116_2600000900-99000-201600010010027&ProgramID=624878396&ParentNodeID=-99&assertID=5500212872&client_ip=218.28.233.106&SecurityKey=20260317120203&promotionId=&mvid=5100001694&mcid=500020&playurlVersion=WX-A1-9.2.2-RELEASE&userid=&jmhm=&videocodec=h264&appCode=miguvideo_android&bean=mgspad&tid=android&conFee=0&encrypt=778f25fa4f87fcd5d9a023fdca82e871,,,,,,,,,,,CCSH.txt
CCTV6,http://hlsztemgsplive.miguvideo.com:8080/wd_r2/2018/ocn/cctv6hd/1000/index.m3u8?msisdn=20260317040204a9e321b84ba94358aefb323fd99da202&mdspid=&spid=699004&netType=0&sid=5500212872&pid=2028597139&timestamp=20260317040204&Channel_ID=0116_2600000900-99000-201600010010027&ProgramID=624878396&ParentNodeID=-99&assertID=5500212872&client_ip=218.28.233.106&SecurityKey=20260317040204&promotionId=&mvid=5100001694&mcid=500020&playurlVersion=WX-A1-9.2.2-RELEASE&userid=&jmhm=&videocodec=h264&appCode=miguvideo_android&bean=mgspad&tid=android&conFee=0&encrypt=aafee542090b4a5d186f8466851fa3eb,,,,,,,,,,,CCSH.txt
CCTV6,http://hlsztemgsplive.miguvideo.com:8080/wd_r2/2018/ocn/cctv6hd/1000/index.m3u8?msisdn=20260317080204d5b8083d6c434602906fe801c23fb580&mdspid=&spid=699004&netType=0&sid=5500212872&pid=2028597139&timestamp=20260317080204&Channel_ID=0116_2600000900-99000-201600010010027&ProgramID=624878396&ParentNodeID=-99&assertID=5500212872&client_ip=218.28.233.106&SecurityKey=20260317080204&promotionId=&mvid=5100001694&mcid=500020&playurlVersion=WX-A1-9.2.2-RELEASE&userid=&jmhm=&videocodec=h264&appCode=miguvideo_android&bean=mgspad&tid=android&conFee=0&encrypt=d77de1c649a51f6af26b182265647b3d,,,,,,,,,,,CCSH.txt
CCTV6,https://hls-gateway.vpstv.net/streams/476890.m3u8,,,,,,,,,,,CCSH.txt
CCTV6,http://dd.ddzb.fun/php/migu.php?id=cctv6,,,,,,,,,,,CCSH.txt
CCTV6,http://38.75.136.137:98/gslb/dsdqca/cctv6hd.m3u8?auth=test20251009,,,,,,,,,,,CCSH.txt
CCTV6,https://stream1.freetv.fun/f4264b8f233d614b7c6b9d750e6d580998588407ea1854207a4e8c8c3327d682.m3u8,,,,,,,,,,,CCSH.txt
CCTV6,https://stream1.freetv.fun/77bb0307b4fe088ef0be2ae8fa3f0c537e9e9c0454cf325c380ba9d3abef4bab.m3u8,,,,,,,,,,,CCSH.txt
CCTV6,https://stream1.freetv.fun/63514d6a0cc1d233f91a13749a64b5271fed4f84f47cc884e189a42a4837d620.m3u8,,,,,,,,,,,CCSH.txt
CCTV6,https://stream1.freetv.fun/4cb45951cae51c9b1f16b705c4417c13937bb49c35804a4f95e9f3478b5a9a92.m3u8,,,,,,,,,,,CCSH.txt
CCTV6,https://stream1.freetv.fun/0bbbf854439553837b7ed8f6df3407017593a8266788638ba2b1b4f166b5382b.m3u8,,,,,,,,,,,CCSH.txt
CCTV6,http://74.91.26.218:82/live/cctv6hd.m3u8,,,,,,,,,,,CCSH.txt
CCTV6,https://stream1.freetv.fun/b970ab53c28abddbbf21028b034a39dccc46ac6ec60cbf3b5fe037b294758b7f.m3u8,,,,,,,,,,,CCSH.txt
CCTV6,https://stream1.freetv.fun/8ec6833d540a5c39f5b2e1558eefcf081be5735308ece54d9d154b5bbcaa130a.m3u8,,,,,,,,,,,CCSH.txt
CCTV6,https://stream1.freetv.fun/7bbfe5fb8392af3f4ffdc18217c886d0937de05315ed7980dc17d9578d4411ac.m3u8,,,,,,,,,,,CCSH.txt
CCTV7,http://ottrrs.hl.chinamobile.com/PLTV/88888888/224/3221225733/index.m3u8,,,,,,,,,,,CCSH.txt
CCTV7,http://hlsztemgsplive.miguvideo.com:8080/migu/kailu/20200324/cctv7hd/50/index.m3u8?msisdn=20260317120203cc51cf97ee4e4232bdfa1428758313a7&mdspid=&spid=699004&netType=0&sid=5501083622&pid=2028597139&timestamp=20260317120203&Channel_ID=0116_2600000900-99000-201600010010027&ProgramID=673168121&ParentNodeID=-99&assertID=5501083622&client_ip=218.28.233.106&SecurityKey=20260317120203&promotionId=&mvid=5102910278&mcid=500020&playurlVersion=WX-A1-9.2.2-RELEASE&userid=&jmhm=&videocodec=h264&appCode=miguvideo_android&bean=mgspad&tid=android&conFee=0&encrypt=9c43e098c9a85bf9f8f995550c1e2d1b,,,,,,,,,,,CCSH.txt
CCTV7,http://hlsztemgsplive.miguvideo.com:8080/migu/kailu/20200324/cctv7hd/50/index.m3u8?msisdn=202603170402048dcc9873e32a46a9b74dd660b823c5c9&mdspid=&spid=699004&netType=0&sid=5501083622&pid=2028597139&timestamp=20260317040204&Channel_ID=0116_2600000900-99000-201600010010027&ProgramID=673168121&ParentNodeID=-99&assertID=5501083622&client_ip=218.28.233.106&SecurityKey=20260317040204&promotionId=&mvid=5102910278&mcid=500020&playurlVersion=WX-A1-9.2.2-RELEASE&userid=&jmhm=&videocodec=h264&appCode=miguvideo_android&bean=mgspad&tid=android&conFee=0&encrypt=01fa71ebaf4a088c538c352c799b104a,,,,,,,,,,,CCSH.txt
CCTV7,https://hls-gateway.vpstv.net/streams/476891.m3u8,,,,,,,,,,,CCSH.txt
CCTV7,http://hlsztemgsplive.miguvideo.com:8080/migu/kailu/20200324/cctv7hd/50/index.m3u8?msisdn=20260317080204a00c54f5c2644cb99b11787302bfe4e2&mdspid=&spid=699004&netType=0&sid=5501083622&pid=2028597139&timestamp=20260317080204&Channel_ID=0116_2600000900-99000-201600010010027&ProgramID=673168121&ParentNodeID=-99&assertID=5501083622&client_ip=218.28.233.106&SecurityKey=20260317080204&promotionId=&mvid=5102910278&mcid=500020&playurlVersion=WX-A1-9.2.2-RELEASE&userid=&jmhm=&videocodec=h264&appCode=miguvideo_android&bean=mgspad&tid=android&conFee=0&encrypt=14578acc5f5ec49c9de1c795bb9f60f2,,,,,,,,,,,CCSH.txt
CCTV7,http://dd.ddzb.fun/php/migu.php?id=cctv7,,,,,,,,,,,CCSH.txt
CCTV7,https://tv.iill.top/api/CCTV7/index.m3u8,,,,,,,,,,,CCSH.txt
CCTV7,http://148.135.93.213/live.php?id=CCTV7,,,,,,,,,,,CCSH.txt
CCTV7,http://38.75.136.137:98/gslb/dsdqca/cctv7hd.m3u8?auth=test20251009,,,,,,,,,,,CCSH.txt
CCTV7,https://stream1.freetv.fun/6d894cacae2ad9adfdb6b37e0ae3ecaf3d277e4b5db998990d75ab67b1875196.m3u8,,,,,,,,,,,CCSH.txt
CCTV7,https://stream1.freetv.fun/ac01cb50d02dc19b524e493e1d65202f058f6d2061d1d137e70d84fc4b1ff86f.m3u8,,,,,,,,,,,CCSH.txt
CCTV7,https://stream1.freetv.fun/055dde25f4bef24b625b17b692211711fe273e0d26694f594d3035191bfe03ff.m3u8,,,,,,,,,,,CCSH.txt
CCTV7,https://stream1.freetv.fun/ca9bf41f3a9f4e06e20200034fa186fa8a1edd2e8fb11f993830d08e19585d3d.m3u8,,,,,,,,,,,CCSH.txt
CCTV7,https://stream1.freetv.fun/38c7c346b707a4febeabb5ecd55e67687d764ec0a561894ff0e953e516acdfb1.m3u8,,,,,,,,,,,CCSH.txt
CCTV7,https://stream1.freetv.fun/58d72b62f74628bb328aa0d827b32e44c3ef36b023db8b2a7b61dbc3058f19ea.m3u8,,,,,,,,,,,CCSH.txt
CCTV7,https://stream1.freetv.fun/c1f93da7a0cd13567f02bfd6f333247e5aa9e44a5dbf8d6b57fa4be2de152a2e.m3u8,,,,,,,,,,,CCSH.txt
CCTV8,http://ottrrs.hl.chinamobile.com/PLTV/88888888/224/3221226008/index.m3u8,,,,,,,,,,,CCSH.txt
CCTV8,http://hlsztemgsplive.miguvideo.com:8080/wd_r2/2018/ocn/cctv8hd/1000/index.m3u8?msisdn=2026031704020459855415505e4e8c8262797c3f6762b3&mdspid=&spid=699004&netType=0&sid=5500212868&pid=2028597139&timestamp=20260317040204&Channel_ID=0116_2600000900-99000-201600010010027&ProgramID=624878356&ParentNodeID=-99&assertID=5500212868&client_ip=218.28.233.106&SecurityKey=20260317040204&promotionId=&mvid=5100001695&mcid=500020&playurlVersion=WX-A1-9.2.2-RELEASE&userid=&jmhm=&videocodec=h264&appCode=miguvideo_android&bean=mgspad&tid=android&conFee=0&encrypt=acbed52797a46f487fb772b91869a61a,,,,,,,,,,,CCSH.txt
CCTV8,http://hlsztemgsplive.miguvideo.com:8080/wd_r2/2018/ocn/cctv8hd/1000/index.m3u8?msisdn=20260317120204cc324851c5b0411c8ca9b14671b9bc3a&mdspid=&spid=699004&netType=0&sid=5500212868&pid=2028597139&timestamp=20260317120204&Channel_ID=0116_2600000900-99000-201600010010027&ProgramID=624878356&ParentNodeID=-99&assertID=5500212868&client_ip=218.28.233.106&SecurityKey=20260317120204&promotionId=&mvid=5100001695&mcid=500020&playurlVersion=WX-A1-9.2.2-RELEASE&userid=&jmhm=&videocodec=h264&appCode=miguvideo_android&bean=mgspad&tid=android&conFee=0&encrypt=e7d9582c3a8c3c58b4d54693632884e9,,,,,,,,,,,CCSH.txt
CCTV8,http://hlsztemgsplive.miguvideo.com:8080/wd_r2/2018/ocn/cctv8hd/1000/index.m3u8?msisdn=2026031708020448122d7a60ae44c887bf0c24d708a30d&mdspid=&spid=699004&netType=0&sid=5500212868&pid=2028597139&timestamp=20260317080204&Channel_ID=0116_2600000900-99000-201600010010027&ProgramID=624878356&ParentNodeID=-99&assertID=5500212868&client_ip=218.28.233.106&SecurityKey=20260317080204&promotionId=&mvid=5100001695&mcid=500020&playurlVersion=WX-A1-9.2.2-RELEASE&userid=&jmhm=&videocodec=h264&appCode=miguvideo_android&bean=mgspad&tid=android&conFee=0&encrypt=1a7884d3a0ae6f06dfd1084083dbc2de,,,,,,,,,,,CCSH.txt
CCTV8,https://hls-gateway.vpstv.net/streams/476892.m3u8,,,,,,,,,,,CCSH.txt
CCTV8,http://dd.ddzb.fun/php/migu.php?id=cctv8,,,,,,,,,,,CCSH.txt
CCTV8,https://stream1.freetv.fun/506f21d0ee54b97e7b0b5f8cbf7acc6acec204419051187b7828eed7b6292413.m3u8,,,,,,,,,,,CCSH.txt
CCTV8,https://stream1.freetv.fun/16ce7a79d2fb02653cbbd81553872390bc8910f5054969356170ae99c2f175fe.m3u8,,,,,,,,,,,CCSH.txt
CCTV8,https://stream1.freetv.fun/fe2385c77e93431d17fc9b53171c4c33b8a775d11fcc722eb3de7d43f8a28395.m3u8,,,,,,,,,,,CCSH.txt
CCTV8,https://stream1.freetv.fun/1f59b75f4959b505bb081a3ce8ae81372431e7ebccf9d9139416d0148e0ad0cc.m3u8,,,,,,,,,,,CCSH.txt
CCTV8,https://stream1.freetv.fun/ae4670e4adf468468cf9116e204824e2c0963be9e2f3add26d7ba7f6861f6d44.m3u8,,,,,,,,,,,CCSH.txt
CCTV8,https://stream1.freetv.fun/f93e3ef4f01e4696e90224ac98d6232c9b3e307da4eeb4309082d7df89c83049.m3u8,,,,,,,,,,,CCSH.txt
CCTV8,https://stream1.freetv.fun/d98b30c22ad09aa1358e0941e40eafbdf1e9cd179ee8b31a53f5a22ef1bf688b.m3u8,,,,,,,,,,,CCSH.txt
CCTV8,https://stream1.freetv.fun/faf030243a912e714a0b0721afdab9803c61ab72a436edf75ac88606a651a156.m3u8,,,,,,,,,,,CCSH.txt
CCTV8,https://stream1.freetv.fun/a6da9f1926138950681f95e748614ac225dd23892fe4e4682514cb4d8d8cda0c.m3u8,,,,,,,,,,,CCSH.txt
CCTV8,https://stream1.freetv.fun/96025f688cebcac076046c17e3b90961642503d33a7d153d69b4055f1247aed7.m3u8,,,,,,,,,,,CCSH.txt
CCTV8,https://stream1.freetv.fun/60ff50ba97c33e8a350f382aa200a9e262ee9dc03c3e483413b1a1fbb1808a18.m3u8,,,,,,,,,,,CCSH.txt
CCTV8,https://stream1.freetv.fun/0a41a74a908f871b3e73f9381b831e6bdf23a89efb600e3c5d4532c0a8e7f6e8.m3u8,,,,,,,,,,,CCSH.txt
CCTV9,http://ottrrs.hl.chinamobile.com/PLTV/88888888/224/3221225734/index.m3u8,,,,,,,,,,,CCSH.txt
CCTV9,http://hlsztemgsplive.miguvideo.com:8080/migu/kailu/20200324/cctv9hd/50/index.m3u8?msisdn=202603171202044bc4c74cd3f8477aa30981d7a5243e0c&mdspid=&spid=699004&netType=0&sid=5501083624&pid=2028597139&timestamp=20260317120204&Channel_ID=0116_2600000900-99000-201600010010027&ProgramID=673168140&ParentNodeID=-99&assertID=5501083624&client_ip=218.28.233.106&SecurityKey=20260317120204&promotionId=&mvid=5102910384&mcid=500020&playurlVersion=WX-A1-9.2.2-RELEASE&userid=&jmhm=&videocodec=h264&appCode=miguvideo_android&bean=mgspad&tid=android&conFee=0&encrypt=4be98ed393d05ca8ff3c9d2d39eb3d7a,,,,,,,,,,,CCSH.txt
CCTV9,http://hlsztemgsplive.miguvideo.com:8080/migu/kailu/20200324/cctv9hd/50/index.m3u8?msisdn=202603170402049a535360bb814a42831aa0bca59d07a3&mdspid=&spid=699004&netType=0&sid=5501083624&pid=2028597139&timestamp=20260317040204&Channel_ID=0116_2600000900-99000-201600010010027&ProgramID=673168140&ParentNodeID=-99&assertID=5501083624&client_ip=218.28.233.106&SecurityKey=20260317040204&promotionId=&mvid=5102910384&mcid=500020&playurlVersion=WX-A1-9.2.2-RELEASE&userid=&jmhm=&videocodec=h264&appCode=miguvideo_android&bean=mgspad&tid=android&conFee=0&encrypt=0b2c6be6d3d0bd3d95a08d5a763c0625,,,,,,,,,,,CCSH.txt
CCTV9,http://hlsztemgsplive.miguvideo.com:8080/migu/kailu/20200324/cctv9hd/50/index.m3u8?msisdn=20260317080204a8f6cbc12a7c4d0f95e2cbc006118afe&mdspid=&spid=699004&netType=0&sid=5501083624&pid=2028597139&timestamp=20260317080204&Channel_ID=0116_2600000900-99000-201600010010027&ProgramID=673168140&ParentNodeID=-99&assertID=5501083624&client_ip=218.28.233.106&SecurityKey=20260317080204&promotionId=&mvid=5102910384&mcid=500020&playurlVersion=WX-A1-9.2.2-RELEASE&userid=&jmhm=&videocodec=h264&appCode=miguvideo_android&bean=mgspad&tid=android&conFee=0&encrypt=bbbf45910cd2c53438ae60bd5157c1f4,,,,,,,,,,,CCSH.txt
CCTV9,https://hls-gateway.vpstv.net/streams/476893.m3u8,,,,,,,,,,,CCSH.txt
CCTV9,http://dd.ddzb.fun/php/migu.php?id=cctv9,,,,,,,,,,,CCSH.txt
CCTV9,http://148.135.93.213/live.php?id=CCTV9,,,,,,,,,,,CCSH.txt
CCTV9,https://stream1.freetv.fun/f4e32734452203d9a400787e1d8eea7db27f5a135d12eb257b8f4fb28413b3c4.m3u8,,,,,,,,,,,CCSH.txt
CCTV9,https://stream1.freetv.fun/ce906185e5183caa03ebb206c510ef636fb84841239d53fb4312737adcb7d53a.m3u8,,,,,,,,,,,CCSH.txt
CCTV9,https://stream1.freetv.fun/21a84c616496dfbb175a898f5d41b9ae02235ef2138fcaafb642febf53e71377.m3u8,,,,,,,,,,,CCSH.txt
CCTV9,https://stream1.freetv.fun/128ea6b04cff33dbffbf59ea1859f049f54857d25095576396f7311973a463e9.m3u8,,,,,,,,,,,CCSH.txt
CCTV9,https://stream1.freetv.fun/5f98918e8819dcb80de3faf43c4aefeea65fb996dd58de52a2e803b03b7946de.m3u8,,,,,,,,,,,CCSH.txt
CCTV9,https://stream1.freetv.fun/6bcbb01fda06ee279885e8edf12825738261ae846dc9d2d3f6b06173609e8ae9.m3u8,,,,,,,,,,,CCSH.txt
CCTV9,https://stream1.freetv.fun/a48bd3e56bf90338a9823c0b7ebd46dbb37139fc90821e228460ac4b633d9c9c.m3u8,,,,,,,,,,,CCSH.txt
CCTV9,https://stream1.freetv.fun/b1441aafad046fdc14f8c74f647d28ce7841fef2633d1aedccf8c575d1e9668f.m3u8,,,,,,,,,,,CCSH.txt
CCTV9,https://stream1.freetv.fun/77b54dd53f15bc428409639f6ca0809b35504f05748ab5c315ed24c63b282e81.m3u8,,,,,,,,,,,CCSH.txt
CCTV10,http://ottrrs.hl.chinamobile.com/PLTV/88888888/224/3221225730/index.m3u8,,,,,,,,,,,CCSH.txt
CCTV10,http://hlsztemgsplive.miguvideo.com:8080/wd_r2/2018/ocn/cctv10hd/1000/index.m3u8?msisdn=20260317040204810d8c9e14f840a6a0c71128db617813&mdspid=&spid=699004&netType=0&sid=5500212874&pid=2028597139&timestamp=20260317040204&Channel_ID=0116_2600000900-99000-201600010010027&ProgramID=624878405&ParentNodeID=-99&assertID=5500212874&client_ip=218.28.233.106&SecurityKey=20260317040204&promotionId=&mvid=5100001696&mcid=500020&playurlVersion=WX-A1-9.2.2-RELEASE&userid=&jmhm=&videocodec=h264&appCode=miguvideo_android&bean=mgspad&tid=android&conFee=0&encrypt=b279e248ad01b0b96937e02ce418adf2,,,,,,,,,,,CCSH.txt
CCTV10,http://hlsztemgsplive.miguvideo.com:8080/wd_r2/2018/ocn/cctv10hd/1000/index.m3u8?msisdn=202603171202046749217969384a7291c9c537af2a977f&mdspid=&spid=699004&netType=0&sid=5500212874&pid=2028597139&timestamp=20260317120204&Channel_ID=0116_2600000900-99000-201600010010027&ProgramID=624878405&ParentNodeID=-99&assertID=5500212874&client_ip=218.28.233.106&SecurityKey=20260317120204&promotionId=&mvid=5100001696&mcid=500020&playurlVersion=WX-A1-9.2.2-RELEASE&userid=&jmhm=&videocodec=h264&appCode=miguvideo_android&bean=mgspad&tid=android&conFee=0&encrypt=b11a988a23e2255e3e028258e0609cb6,,,,,,,,,,,CCSH.txt
CCTV10,http://hlsztemgsplive.miguvideo.com:8080/wd_r2/2018/ocn/cctv10hd/1000/index.m3u8?msisdn=202603170802042a1e6a70af0f4c109f36e3294e71addf&mdspid=&spid=699004&netType=0&sid=5500212874&pid=2028597139&timestamp=20260317080204&Channel_ID=0116_2600000900-99000-201600010010027&ProgramID=624878405&ParentNodeID=-99&assertID=5500212874&client_ip=218.28.233.106&SecurityKey=20260317080204&promotionId=&mvid=5100001696&mcid=500020&playurlVersion=WX-A1-9.2.2-RELEASE&userid=&jmhm=&videocodec=h264&appCode=miguvideo_android&bean=mgspad&tid=android&conFee=0&encrypt=7e9ddea7c4fa57564a70be8aebcbabb1,,,,,,,,,,,CCSH.txt
CCTV10,https://hls-gateway.vpstv.net/streams/476896.m3u8,,,,,,,,,,,CCSH.txt
CCTV10,http://dd.ddzb.fun/php/migu.php?id=cctv10,,,,,,,,,,,CCSH.txt
CCTV10,https://stream1.freetv.fun/47f2da5e9e93a257e9c47aeccfacef9ddb6665ab0752caa93aa4c6e3583ec64f.m3u8,,,,,,,,,,,CCSH.txt
CCTV10,https://stream1.freetv.fun/702a248005dd0225d8ed1dfb970e3a9bf4c3c41c0369865e4844b6130b4ff0d0.m3u8,,,,,,,,,,,CCSH.txt
CCTV10,https://stream1.freetv.fun/fc4ec3776e35fb26e916aaaf8b4dddcb61d40160981a5a95143383f610d272df.m3u8,,,,,,,,,,,CCSH.txt
CCTV10,https://stream1.freetv.fun/a069427ccbbbce55eac15cf669f292774fdba54d938286ecaa0dfcb7209fa3c7.m3u8,,,,,,,,,,,CCSH.txt
CCTV10,https://stream1.freetv.fun/fec45b2900e5d858cb7375e33af1adf63d089424e7d37955bb3b957ce7239f60.m3u8,,,,,,,,,,,CCSH.txt
CCTV10,https://stream1.freetv.fun/7d9ec2d79c502c67b791e5edfa7d2b7a8da27cc1196fe4a011e67e8bc54c886d.m3u8,,,,,,,,,,,CCSH.txt
CCTV10,https://stream1.freetv.fun/eebadcfaecdf8fdfc207da4e2201043e5c7f5d79f56b03f1e44d17886d7546f5.m3u8,,,,,,,,,,,CCSH.txt
CCTV10,https://stream1.freetv.fun/7323c2efe49f2613b76b504466d61dff2076e1f0c54b5d23d35d9b51f02123c8.m3u8,,,,,,,,,,,CCSH.txt
CCTV10,https://stream1.freetv.fun/f799599318015da6eec5ee838c7d8b18fc0f42177d00ea972d167878b7364da4.m3u8,,,,,,,,,,,CCSH.txt
CCTV10,https://stream1.freetv.fun/0ea747e2b910912d7b767737051b09d3af710dd38a7ec89f24090e34e3e4f08a.m3u8,,,,,,,,,,,CCSH.txt
CCTV11,http://ottrrs.hl.chinamobile.com/PLTV/88888888/224/3221225597/index.m3u8,,,,,,,,,,,CCSH.txt
CCTV11,http://hlsztemgsplive.miguvideo.com:8080/migu/kailu/cctv11hd/50/20200103/index.m3u8?msisdn=20260317120204345292f1671f4b69bd07306ccc5dea68&mdspid=&spid=699004&netType=0&sid=5500988610&pid=2028597139&timestamp=20260317120204&Channel_ID=0116_2600000900-99000-201600010010027&ProgramID=667987558&ParentNodeID=-99&assertID=5500988610&client_ip=218.28.233.106&SecurityKey=20260317120204&promotionId=&mvid=5102751362&mcid=500020&playurlVersion=WX-A1-9.2.2-RELEASE&userid=&jmhm=&videocodec=h264&appCode=miguvideo_android&bean=mgspad&tid=android&conFee=0&encrypt=f363c61dcaa5f970a4f42be9b72c4ba4,,,,,,,,,,,CCSH.txt
CCTV11,http://hlsztemgsplive.miguvideo.com:8080/migu/kailu/cctv11hd/50/20200103/index.m3u8?msisdn=20260317040204f34f50ea799f4d9897c682b84afe70f2&mdspid=&spid=699004&netType=0&sid=5500988610&pid=2028597139&timestamp=20260317040204&Channel_ID=0116_2600000900-99000-201600010010027&ProgramID=667987558&ParentNodeID=-99&assertID=5500988610&client_ip=218.28.233.106&SecurityKey=20260317040204&promotionId=&mvid=5102751362&mcid=500020&playurlVersion=WX-A1-9.2.2-RELEASE&userid=&jmhm=&videocodec=h264&appCode=miguvideo_android&bean=mgspad&tid=android&conFee=0&encrypt=d11df6c2f043191e9d7a87b9f8bad040,,,,,,,,,,,CCSH.txt
CCTV11,http://hlsztemgsplive.miguvideo.com:8080/migu/kailu/cctv11hd/50/20200103/index.m3u8?msisdn=20260317080204ce42f37a168f42f0b25e167364d670f3&mdspid=&spid=699004&netType=0&sid=5500988610&pid=2028597139&timestamp=20260317080204&Channel_ID=0116_2600000900-99000-201600010010027&ProgramID=667987558&ParentNodeID=-99&assertID=5500988610&client_ip=218.28.233.106&SecurityKey=20260317080204&promotionId=&mvid=5102751362&mcid=500020&playurlVersion=WX-A1-9.2.2-RELEASE&userid=&jmhm=&videocodec=h264&appCode=miguvideo_android&bean=mgspad&tid=android&conFee=0&encrypt=cad69a8e01c63f1663c92229df1d2b8c,,,,,,,,,,,CCSH.txt
CCTV11,https://hls-gateway.vpstv.net/streams/476897.m3u8,,,,,,,,,,,CCSH.txt
CCTV11,http://dd.ddzb.fun/php/migu.php?id=cctv11,,,,,,,,,,,CCSH.txt
CCTV11,http://148.135.93.213/live.php?id=CCTV11,,,,,,,,,,,CCSH.txt
CCTV11,https://stream1.freetv.fun/b0a1851b132a32c2caf37955097c561857438e3b9224ad437299c503249be6f4.m3u8,,,,,,,,,,,CCSH.txt
CCTV11,https://stream1.freetv.fun/380fd2a0e12a88935db9c3b90b011270ffebeaa45361fe123a2db80942184264.m3u8,,,,,,,,,,,CCSH.txt
CCTV11,https://stream1.freetv.fun/f55a0dc8c0307b296b9df7bbb1e751b12df6f8cad452f9693311ca7bab34e245.m3u8,,,,,,,,,,,CCSH.txt
CCTV11,https://stream1.freetv.fun/635ba8554e3fc76ebc506d5883bd01d5fff103a7cee73ee07099cc8e2c1b6499.m3u8,,,,,,,,,,,CCSH.txt
CCTV11,https://stream1.freetv.fun/37b1c14c3378e510bd07d553a1abcca238f13e040b5b0419b3ece2c9d4f50efd.m3u8,,,,,,,,,,,CCSH.txt
CCTV11,https://stream1.freetv.fun/dcd677dc3f9178f01747897336aa53a4b8bc6a4a38157873c7520bed79dad523.m3u8,,,,,,,,,,,CCSH.txt
CCTV11,https://stream1.freetv.fun/45924a133f951974f16567235e54151d56b5a41ab7cae3866a9e79a8d366cd09.m3u8,,,,,,,,,,,CCSH.txt
CCTV11,https://stream1.freetv.fun/35afa74920f53491fd0b0d0b59d19ab68031b5ae3609ebf8371fd52e7102849b.m3u8,,,,,,,,,,,CCSH.txt
CCTV11,https://stream1.freetv.fun/c582369f1cbc0a3d932f6f6b04fbdee2da4f94b2f00d0ae29d3cd8e950dd1a34.m3u8,,,,,,,,,,,CCSH.txt
CCTV11,https://stream1.freetv.fun/522d8760b9c0e8172aefbf6b1aac7030daf6f613fabce8b1d00a15416ad0b052.m3u8,,,,,,,,,,,CCSH.txt
CCTV11,https://stream1.freetv.fun/3f3cbe35e4ab51d5138589e61d79f5d29e6862401940478ddfa92fb6fcd8a874.m3u8,,,,,,,,,,,CCSH.txt
CCTV12,http://ottrrs.hl.chinamobile.com/PLTV/88888888/224/3221225731/index.m3u8,,,,,,,,,,,CCSH.txt
CCTV12,http://hlsztemgsplive.miguvideo.com:8080/migu/kailu/20200324/cctv12hd/50/index.m3u8?msisdn=2026031712020438666df65d9e45c7954854efeffd3a79&mdspid=&spid=699004&netType=0&sid=5501083627&pid=2028597139&timestamp=20260317120204&Channel_ID=0116_2600000900-99000-201600010010027&ProgramID=673168185&ParentNodeID=-99&assertID=5501083627&client_ip=218.28.233.106&SecurityKey=20260317120204&promotionId=&mvid=5102910389&mcid=500020&playurlVersion=WX-A1-9.2.2-RELEASE&userid=&jmhm=&videocodec=h264&appCode=miguvideo_android&bean=mgspad&tid=android&conFee=0&encrypt=18653050a1979923a6c34a692e6e5df3,,,,,,,,,,,CCSH.txt
CCTV12,http://hlsztemgsplive.miguvideo.com:8080/migu/kailu/20200324/cctv12hd/50/index.m3u8?msisdn=202603170402057ed9ca6a1441450a96a3cfcf122bdf3a&mdspid=&spid=699004&netType=0&sid=5501083627&pid=2028597139&timestamp=20260317040205&Channel_ID=0116_2600000900-99000-201600010010027&ProgramID=673168185&ParentNodeID=-99&assertID=5501083627&client_ip=218.28.233.106&SecurityKey=20260317040205&promotionId=&mvid=5102910389&mcid=500020&playurlVersion=WX-A1-9.2.2-RELEASE&userid=&jmhm=&videocodec=h264&appCode=miguvideo_android&bean=mgspad&tid=android&conFee=0&encrypt=3e509b1e13f3dcc710e434308347bf57,,,,,,,,,,,CCSH.txt
CCTV12,http://hlsztemgsplive.miguvideo.com:8080/migu/kailu/20200324/cctv12hd/50/index.m3u8?msisdn=20260317080204f5c56876724e4a94952bca0eca7ae2c3&mdspid=&spid=699004&netType=0&sid=5501083627&pid=2028597139&timestamp=20260317080204&Channel_ID=0116_2600000900-99000-201600010010027&ProgramID=673168185&ParentNodeID=-99&assertID=5501083627&client_ip=218.28.233.106&SecurityKey=20260317080204&promotionId=&mvid=5102910389&mcid=500020&playurlVersion=WX-A1-9.2.2-RELEASE&userid=&jmhm=&videocodec=h264&appCode=miguvideo_android&bean=mgspad&tid=android&conFee=0&encrypt=31218cb4cdb5715dc04220c0e20b7c45,,,,,,,,,,,CCSH.txt
CCTV12,https://hls-gateway.vpstv.net/streams/476898.m3u8,,,,,,,,,,,CCSH.txt
CCTV12,http://dd.ddzb.fun/php/migu.php?id=cctv12,,,,,,,,,,,CCSH.txt
CCTV12,https://stream1.freetv.fun/2c98c616dcd0625e1925f95296d9a84fa33e6837825cc93edd4ec07f6d4b6ac0.m3u8,,,,,,,,,,,CCSH.txt
CCTV12,https://stream1.freetv.fun/324e6aa1dded3b4f9b181969fad75b68afe050090a40010aba5b8eb9cf1493a2.m3u8,,,,,,,,,,,CCSH.txt
CCTV12,https://stream1.freetv.fun/f413444f457880c1a54a406268022be7f3af3d735d544c8eb9ce02d882acadde.m3u8,,,,,,,,,,,CCSH.txt
CCTV12,https://stream1.freetv.fun/713f8c42d89efd6b0b31ab22e8070a22a6eb54790b31f6e8ebe511775c1309f5.m3u8,,,,,,,,,,,CCSH.txt
CCTV12,https://stream1.freetv.fun/c1158e9f574adaa9f9b0e6416e9e0f0077b18a48d85c31c916d87bf60790c74d.m3u8,,,,,,,,,,,CCSH.txt
CCTV12,https://stream1.freetv.fun/b0468d79ea902e3b48781da5ff9767e3fa65491b9944500bab58e8fd9bced0f3.m3u8,,,,,,,,,,,CCSH.txt
CCTV12,https://stream1.freetv.fun/51337667e5647403507b5d7923c277b8154168e635f0401f2a4221c4d2ef9861.m3u8,,,,,,,,,,,CCSH.txt
CCTV12,https://stream1.freetv.fun/bc0c57f3ba2aafe4da0f9f2d7ab1daaa00b01f677be68a5bc68c11171cc3b6ca.m3u8,,,,,,,,,,,CCSH.txt
CCTV12,https://stream1.freetv.fun/b91ab570797be93e5b35ff265d6af775a03ec73df9cedc59ea26a45eddacd474.m3u8,,,,,,,,,,,CCSH.txt
CCTV12,https://stream1.freetv.fun/42db57df2f3a527d3d4b1ae87be77b20322d9240d4337b0f15bcae2a25717083.m3u8,,,,,,,,,,,CCSH.txt
CCTV12,https://stream1.freetv.fun/73e76f84f85f78d63807bfb8e51dff03850f7d1cafd1c6521d6eb45272bc4ead.m3u8,,,,,,,,,,,CCSH.txt
CCTV12,https://stream1.freetv.fun/9556fd1c9478795a55246e0e943c722fc1b47fd5e2ab6de9ebf371e1eca09d68.m3u8,,,,,,,,,,,CCSH.txt
CCTV12,https://stream1.freetv.fun/fd8feeadf3d281587366a5c57dfb6fe54baef1a61e6704b5e769aeccbcaf79f9.m3u8,,,,,,,,,,,CCSH.txt
CCTV13,http://ottrrs.hl.chinamobile.com/PLTV/88888888/224/3221226537/index.m3u8,,,,,,,,,,,CCSH.txt
CCTV13,http://hlsztemgsplive.miguvideo.com:8080/envivo_x/2018/SD/cctv13/1000/index.m3u8?msisdn=202603171202043876717bafe1444e9ede80554dcdc337&mdspid=&spid=699004&netType=0&sid=2202208864&pid=2028597139&timestamp=20260317120204&Channel_ID=0116_2600000900-99000-201600010010027&ProgramID=608807423&ParentNodeID=-99&assertID=2202208864&client_ip=218.28.233.106&SecurityKey=20260317120204&promotionId=&mvid=2202208864&mcid=500020&playurlVersion=WX-A1-9.2.2-RELEASE&userid=&jmhm=&videocodec=h264&appCode=miguvideo_android&bean=mgspad&tid=android&conFee=0&encrypt=ccaa09dad8c29984b83b3da16cafbfb8,,,,,,,,,,,CCSH.txt
CCTV13,http://hlsztemgsplive.miguvideo.com:8080/envivo_x/2018/SD/cctv13/1000/index.m3u8?msisdn=20260317040205423a14bbd6054dfb995085a848dcc319&mdspid=&spid=699004&netType=0&sid=2202208864&pid=2028597139&timestamp=20260317040205&Channel_ID=0116_2600000900-99000-201600010010027&ProgramID=608807423&ParentNodeID=-99&assertID=2202208864&client_ip=218.28.233.106&SecurityKey=20260317040205&promotionId=&mvid=2202208864&mcid=500020&playurlVersion=WX-A1-9.2.2-RELEASE&userid=&jmhm=&videocodec=h264&appCode=miguvideo_android&bean=mgspad&tid=android&conFee=0&encrypt=886e103427bc1d2fde8b0e3f38703fe0,,,,,,,,,,,CCSH.txt
CCTV13,http://hlsztemgsplive.miguvideo.com:8080/envivo_x/2018/SD/cctv13/1000/index.m3u8?msisdn=202603170802042a7eeb62236f4200826639b17085a35e&mdspid=&spid=699004&netType=0&sid=2202208864&pid=2028597139&timestamp=20260317080204&Channel_ID=0116_2600000900-99000-201600010010027&ProgramID=608807423&ParentNodeID=-99&assertID=2202208864&client_ip=218.28.233.106&SecurityKey=20260317080204&promotionId=&mvid=2202208864&mcid=500020&playurlVersion=WX-A1-9.2.2-RELEASE&userid=&jmhm=&videocodec=h264&appCode=miguvideo_android&bean=mgspad&tid=android&conFee=0&encrypt=96c26eed838a5cbcd886caa3ae81e4cb,,,,,,,,,,,CCSH.txt
CCTV13,https://hls-gateway.vpstv.net/streams/476899.m3u8,,,,,,,,,,,CCSH.txt
CCTV13,http://dd.ddzb.fun/php/migu.php?id=cctv13,,,,,,,,,,,CCSH.txt
CCTV13,http://148.135.93.213/live.php?id=CCTV13,,,,,,,,,,,CCSH.txt
CCTV13,https://stream1.freetv.fun/069b3db18ed7e22abd36bc19d185900fc7b42b88e7ffb7c04bbec2300ed1aada.m3u8,,,,,,,,,,,CCSH.txt
CCTV13,https://stream1.freetv.fun/a9631c113e023803a095cdee3ce217ee78fdc91d2374789f5fcbf3181dd265d4.m3u8,,,,,,,,,,,CCSH.txt
CCTV13,https://stream1.freetv.fun/3a63799dd08492a3543a3676a9029d110e51ad0ce3573faeb844f5dcd6b24767.m3u8,,,,,,,,,,,CCSH.txt
CCTV13,https://stream1.freetv.fun/5145e7fd34a4167b0a37b2c01ecc50b28586d7154e7221c4f6f5810ebf368ec8.m3u8,,,,,,,,,,,CCSH.txt
CCTV13,https://stream1.freetv.fun/eaf6b9b2d576f79181b6050707c8f5729d82f01658112c9f03adca8de05b057e.m3u8,,,,,,,,,,,CCSH.txt
CCTV13,https://stream1.freetv.fun/f2306dc938a374481649dfb8c0cd797ab83abfaf988502de3b6d40a6ce6afdb0.m3u8,,,,,,,,,,,CCSH.txt
CCTV13,https://stream1.freetv.fun/dbe09664abd438c8571db1ff21d0b8ada1c9009e3a7c90681d9ec1592cf9d726.m3u8,,,,,,,,,,,CCSH.txt
CCTV13,https://stream1.freetv.fun/8322a5f8f9ef01ab3c6b242a7007dbfea4003032f7ddd7e74060d3c9e742c531.m3u8,,,,,,,,,,,CCSH.txt
CCTV13,https://stream1.freetv.fun/fc94bc81376ea01b8f79faa66d741ce809a9c806fdaa6b310ff275e5792e2195.m3u8,,,,,,,,,,,CCSH.txt
CCTV14,http://ottrrs.hl.chinamobile.com/PLTV/88888888/224/3221225732/index.m3u8,,,,,,,,,,,CCSH.txt
CCTV14,http://hlsztemgsplive.miguvideo.com:8080/wd_r2/2018/ocn/cctv14hd/1000/index.m3u8?msisdn=2026031712020408f619f263c44e9b94822e5d227e952b&mdspid=&spid=699004&netType=0&sid=5500212875&pid=2028597139&timestamp=20260317120204&Channel_ID=0116_2600000900-99000-201600010010027&ProgramID=624878440&ParentNodeID=-99&assertID=5500212875&client_ip=218.28.233.106&SecurityKey=20260317120204&promotionId=&mvid=5100001697&mcid=500020&playurlVersion=WX-A1-9.2.2-RELEASE&userid=&jmhm=&videocodec=h264&appCode=miguvideo_android&bean=mgspad&tid=android&conFee=0&encrypt=f53c12dddefac471d98e839992ec7624,,,,,,,,,,,CCSH.txt
CCTV14,http://hlsztemgsplive.miguvideo.com:8080/wd_r2/2018/ocn/cctv14hd/1000/index.m3u8?msisdn=20260317040205788b16b611e543c68b53dfc624c872df&mdspid=&spid=699004&netType=0&sid=5500212875&pid=2028597139&timestamp=20260317040205&Channel_ID=0116_2600000900-99000-201600010010027&ProgramID=624878440&ParentNodeID=-99&assertID=5500212875&client_ip=218.28.233.106&SecurityKey=20260317040205&promotionId=&mvid=5100001697&mcid=500020&playurlVersion=WX-A1-9.2.2-RELEASE&userid=&jmhm=&videocodec=h264&appCode=miguvideo_android&bean=mgspad&tid=android&conFee=0&encrypt=a9036da814f3805fa500343279e73ad9,,,,,,,,,,,CCSH.txt
CCTV14,https://hls-gateway.vpstv.net/streams/476900.m3u8,,,,,,,,,,,CCSH.txt
CCTV14,http://hlsztemgsplive.miguvideo.com:8080/wd_r2/2018/ocn/cctv14hd/1000/index.m3u8?msisdn=20260317080204884d87df69704061989a07a5079b7f80&mdspid=&spid=699004&netType=0&sid=5500212875&pid=2028597139&timestamp=20260317080204&Channel_ID=0116_2600000900-99000-201600010010027&ProgramID=624878440&ParentNodeID=-99&assertID=5500212875&client_ip=218.28.233.106&SecurityKey=20260317080204&promotionId=&mvid=5100001697&mcid=500020&playurlVersion=WX-A1-9.2.2-RELEASE&userid=&jmhm=&videocodec=h264&appCode=miguvideo_android&bean=mgspad&tid=android&conFee=0&encrypt=3a824ae0511cf1f6f01d0e2aa2a4c39c,,,,,,,,,,,CCSH.txt
CCTV14,http://dd.ddzb.fun/php/migu.php?id=cctv14,,,,,,,,,,,CCSH.txt
CCTV14,http://23.237.228.134/live3/CCTV14.m3u8,,,,,,,,,,,CCSH.txt
CCTV14,https://stream1.freetv.fun/810e8e594bbd7f110f164ca1f3297900a5be91468d81db0d55494d7a6f79eb19.m3u8,,,,,,,,,,,CCSH.txt
CCTV14,https://stream1.freetv.fun/8f6505ecfb83f5ad8315a7c890fed614f4d9133eae5b0a8660f84929d8b93543.m3u8,,,,,,,,,,,CCSH.txt
CCTV14,https://stream1.freetv.fun/eacf5eeef4796aedf7868cb6ca24c90b64f5e4e12d6f99785dc96636efd82eb0.m3u8,,,,,,,,,,,CCSH.txt
CCTV14,https://stream1.freetv.fun/8d9504bb6f6aaf6b37307fbeafa1e2ef9f16b67f19aa1bb361c52d8567b386fc.m3u8,,,,,,,,,,,CCSH.txt
CCTV14,https://stream1.freetv.fun/2cd992d2936611742cbaa48d0dabf2d839672b311b9634b59dde9f649c167945.m3u8,,,,,,,,,,,CCSH.txt
CCTV14,https://stream1.freetv.fun/115b551bd6a7b8d5bf03318abf56d21464ae2c83e336d4eb7922aac92a74965d.m3u8,,,,,,,,,,,CCSH.txt
CCTV14,https://stream1.freetv.fun/ebff23b3b373ed72ca39c3a25715fec761f64c20fd8a02fbbbba989df0e96918.m3u8,,,,,,,,,,,CCSH.txt
CCTV14,https://stream1.freetv.fun/6dbe9409e344cd6ab113ba8cb1d0f675f7c9e00b968f8e80a5b2f344c22bb030.m3u8,,,,,,,,,,,CCSH.txt
CCTV15,http://ottrrs.hl.chinamobile.com/PLTV/88888888/224/3221225601/index.m3u8,,,,,,,,,,,CCSH.txt
CCTV15,http://hlsztemgsplive.miguvideo.com:8080/migu/kailu/20200324/cctv15hd/50/index.m3u8?msisdn=20260317120204c1a32b08d67e4a3989084dcd7a5b1278&mdspid=&spid=699004&netType=0&sid=5501083628&pid=2028597139&timestamp=20260317120204&Channel_ID=0116_2600000900-99000-201600010010027&ProgramID=673168223&ParentNodeID=-99&assertID=5501083628&client_ip=218.28.233.106&SecurityKey=20260317120204&promotionId=&mvid=5102910391&mcid=500020&playurlVersion=WX-A1-9.2.2-RELEASE&userid=&jmhm=&videocodec=h264&appCode=miguvideo_android&bean=mgspad&tid=android&conFee=0&encrypt=0ac1a9e9b0712b585518eedf7a630938,,,,,,,,,,,CCSH.txt
CCTV15,http://hlsztemgsplive.miguvideo.com:8080/migu/kailu/20200324/cctv15hd/50/index.m3u8?msisdn=20260317040205f84f7d8846ea4697aac5a05096a1db07&mdspid=&spid=699004&netType=0&sid=5501083628&pid=2028597139&timestamp=20260317040205&Channel_ID=0116_2600000900-99000-201600010010027&ProgramID=673168223&ParentNodeID=-99&assertID=5501083628&client_ip=218.28.233.106&SecurityKey=20260317040205&promotionId=&mvid=5102910391&mcid=500020&playurlVersion=WX-A1-9.2.2-RELEASE&userid=&jmhm=&videocodec=h264&appCode=miguvideo_android&bean=mgspad&tid=android&conFee=0&encrypt=7e963b61d9b70cc3fbe77eb6912c8828,,,,,,,,,,,CCSH.txt
CCTV15,http://hlsztemgsplive.miguvideo.com:8080/migu/kailu/20200324/cctv15hd/50/index.m3u8?msisdn=20260317080205cc0e4f4839974c75ba49698b1159ae5e&mdspid=&spid=699004&netType=0&sid=5501083628&pid=2028597139&timestamp=20260317080205&Channel_ID=0116_2600000900-99000-201600010010027&ProgramID=673168223&ParentNodeID=-99&assertID=5501083628&client_ip=218.28.233.106&SecurityKey=20260317080205&promotionId=&mvid=5102910391&mcid=500020&playurlVersion=WX-A1-9.2.2-RELEASE&userid=&jmhm=&videocodec=h264&appCode=miguvideo_android&bean=mgspad&tid=android&conFee=0&encrypt=9a86f2e6f9c875ba3e8c47b102ac7863,,,,,,,,,,,CCSH.txt
CCTV15,https://hls-gateway.vpstv.net/streams/476901.m3u8,,,,,,,,,,,CCSH.txt
CCTV15,http://dd.ddzb.fun/php/migu.php?id=cctv15,,,,,,,,,,,CCSH.txt
CCTV15,http://69.30.246.194/live/cctv15.m3u8,,,,,,,,,,,CCSH.txt
CCTV15,http://148.135.93.213/live.php?id=CCTV15,,,,,,,,,,,CCSH.txt
CCTV15,http://38.75.136.137:98/gslb/dsdqca/cctv15hd.m3u8?auth=test20251009,,,,,,,,,,,CCSH.txt
CCTV15,http://23.237.228.134/live3/CCTV15.m3u8,,,,,,,,,,,CCSH.txt
CCTV15,https://stream1.freetv.fun/cb0830411664d3a45e05be072d306112a721a039769417366bdd74bf4ca41329.m3u8,,,,,,,,,,,CCSH.txt
CCTV15,https://stream1.freetv.fun/01c9fb1d9f15e4e599c750e98b2eb7bbc166f9c5b13441d21172074e01d4ddd2.m3u8,,,,,,,,,,,CCSH.txt
CCTV15,https://stream1.freetv.fun/658ddc6e789ce16786ad546cf9f8be98fe107f282b045ab77998da6caf499a0d.m3u8,,,,,,,,,,,CCSH.txt
CCTV15,https://stream1.freetv.fun/9350a599d0593a4eb692e9a5c26a4b0777dc9758db460b4e02a9ffa970765999.m3u8,,,,,,,,,,,CCSH.txt
CCTV15,https://stream1.freetv.fun/69daa798c45c1238c608e9adca741c5e6821b79090e5eaf871e9cf324adb7b11.m3u8,,,,,,,,,,,CCSH.txt
CCTV15,https://stream1.freetv.fun/1fb9b8c68cdc4c18d756b5fb61316915d0e4de2daa80ffd61508ad252acd7a66.m3u8,,,,,,,,,,,CCSH.txt
CCTV15,https://stream1.freetv.fun/68e30c36f40d9c89b681379d0dc910f0e0fc80c838759dd5194422f946515f76.m3u8,,,,,,,,,,,CCSH.txt
CCTV16,http://ottrrs.hl.chinamobile.com/PLTV/88888888/224/3221226100/index.m3u8,,,,,,,,,,,CCSH.txt
CCTV16,https://hls-gateway.vpstv.net/streams/709089.m3u8,,,,,,,,,,,CCSH.txt
CCTV16,https://hls-gateway.vpstv.net/streams/709272.m3u8,,,,,,,,,,,CCSH.txt
CCTV16,https://tv.iill.top/api/CCTV16/index.m3u8,,,,,,,,,,,CCSH.txt
CCTV16,http://dd.ddzb.fun/php/migu.php?id=cctv16,,,,,,,,,,,CCSH.txt
CCTV16,http://69.30.246.194/live/cctv16.m3u8,,,,,,,,,,,CCSH.txt
CCTV16,https://epg.pw/stream/c1beb2abcba5aef09c2f58efc3ca84b76de2c7b9cf60762b0d79772d9e70d454.m3u8,,,,,,,,,,,CCSH.txt
CCTV16,https://stream1.freetv.fun/3fa27f5bf8136b49f28d477a805f1219c588cf21ffbada685497c73431d20c6e.m3u8,,,,,,,,,,,CCSH.txt
CCTV16,https://stream1.freetv.fun/f5e0459fd9f11d93ac18af88196997db1c71aeb6d27ce1bd24faccb628652629.m3u8,,,,,,,,,,,CCSH.txt
CCTV16,https://stream1.freetv.fun/87de3fae6db73a08904421488de7b0ba39e5eccf12a85ec47f8ccfb0985d2fa7.m3u8,,,,,,,,,,,CCSH.txt
CCTV16,https://stream1.freetv.fun/cdd93308f8ffbb06fab05e75d7c91d7ec6d9c68d865738572b52b3e8c959cf14.m3u8,,,,,,,,,,,CCSH.txt
CCTV16,http://m.061899.xyz/mg/cctv16,,,,,,,,,,,CCSH.txt
CCTV16,http://kkk.888.3116598.xyz/api.php?n=tttt&id=Ur5nnx&tk=FgM0vQMejxvG,,,,,,,,,,,CCSH.txt
CCTV17,http://ottrrs.hl.chinamobile.com/PLTV/88888888/224/3221225765/index.m3u8,,,,,,,,,,,CCSH.txt
CCTV17,http://hlsztemgsplive.miguvideo.com:8080/migu/kailu/20200324/cctv17hd/50/index.m3u8?msisdn=20260317120204dcffba79ee2f45ecb81e54773bd6fbdc&mdspid=&spid=699004&netType=0&sid=5501083631&pid=2028597139&timestamp=20260317120204&Channel_ID=0116_2600000900-99000-201600010010027&ProgramID=673168256&ParentNodeID=-99&assertID=5501083631&client_ip=218.28.233.106&SecurityKey=20260317120204&promotionId=&mvid=5102910396&mcid=500020&playurlVersion=WX-A1-9.2.2-RELEASE&userid=&jmhm=&videocodec=h264&appCode=miguvideo_android&bean=mgspad&tid=android&conFee=0&encrypt=dd0218774eec766dcd4b321ce99324e4,,,,,,,,,,,CCSH.txt
CCTV17,http://hlsztemgsplive.miguvideo.com:8080/migu/kailu/20200324/cctv17hd/50/index.m3u8?msisdn=20260317040205334b58aa4a9d49b081f70e444c2d4e43&mdspid=&spid=699004&netType=0&sid=5501083631&pid=2028597139&timestamp=20260317040205&Channel_ID=0116_2600000900-99000-201600010010027&ProgramID=673168256&ParentNodeID=-99&assertID=5501083631&client_ip=218.28.233.106&SecurityKey=20260317040205&promotionId=&mvid=5102910396&mcid=500020&playurlVersion=WX-A1-9.2.2-RELEASE&userid=&jmhm=&videocodec=h264&appCode=miguvideo_android&bean=mgspad&tid=android&conFee=0&encrypt=995cd9971fc5712834615aecaaf8dcd6,,,,,,,,,,,CCSH.txt
CCTV17,http://hlsztemgsplive.miguvideo.com:8080/migu/kailu/20200324/cctv17hd/50/index.m3u8?msisdn=20260317080205e681f5f70dce49a8a508f7d2f8fc346a&mdspid=&spid=699004&netType=0&sid=5501083631&pid=2028597139&timestamp=20260317080205&Channel_ID=0116_2600000900-99000-201600010010027&ProgramID=673168256&ParentNodeID=-99&assertID=5501083631&client_ip=218.28.233.106&SecurityKey=20260317080205&promotionId=&mvid=5102910396&mcid=500020&playurlVersion=WX-A1-9.2.2-RELEASE&userid=&jmhm=&videocodec=h264&appCode=miguvideo_android&bean=mgspad&tid=android&conFee=0&encrypt=22520a77e0c17d52fb6fa39f8151435e,,,,,,,,,,,CCSH.txt
CCTV17,https://hls-gateway.vpstv.net/streams/708820.m3u8,,,,,,,,,,,CCSH.txt
CCTV17,http://dd.ddzb.fun/php/migu.php?id=cctv17,,,,,,,,,,,CCSH.txt
CCTV17,http://74.48.192.96:82/live.php?id=CCTV17,,,,,,,,,,,CCSH.txt
CCTV17,https://stream1.freetv.fun/449874b3e1a98f0960a43b24a6c3625aa31c794fb9efcddc8c782a9566e84553.m3u8,,,,,,,,,,,CCSH.txt
CCTV17,https://stream1.freetv.fun/e70da46c7c0d4f2fff20967d48a6b0da3683e291d0b9a54b8bd22f36f2c46c4e.m3u8,,,,,,,,,,,CCSH.txt
CCTV17,https://stream1.freetv.fun/d8b7ff5633a3ddbce9eaa0ff2431fa601b88302391aa01a7e37fbd2d940a7079.m3u8,,,,,,,,,,,CCSH.txt
CCTV17,http://23.237.228.134/live3/CCTV17.m3u8,,,,,,,,,,,CCSH.txt
CCTV17,https://stream1.freetv.fun/b6866815f985fb51d1a8c195ef73afbd858d740c62358e35b9f665896b40dd91.m3u8,,,,,,,,,,,CCSH.txt
CCTV17,https://stream1.freetv.fun/23abb433c4d4d3f9b7404c436968ce01a4529c7914268869db9289798ce25dbb.m3u8,,,,,,,,,,,CCSH.txt
CCTV17,https://stream1.freetv.fun/ef60915d9516743e9d13ccf8cec20c5653b4eabe634e7f7bfbc90ff4d3798553.m3u8,,,,,,,,,,,CCSH.txt
CCTV17,https://stream1.freetv.fun/1316eecb8e0b4da4df15c1027663095f3479ac52479f8c8605da5c1509555414.m3u8,,,,,,,,,,,CCSH.txt
CCTV17,http://74.91.26.218:82/live/cctv17hd.m3u8,,,,,,,,,,,CCSH.txt
CCTV17,http://m.061899.xyz/mg/cctv17,,,,,,,,,,,CCSH.txt
CCTV17,https://api.olelive.com/dis/live/CCTV17HD/hls.m3u8,,,,,,,,,,,CCSH.txt
CCTV风云剧场,http://dassby.qqff.top:99/live/风云剧场/index.m3u8,,,,,,,,,,,CCSH.txt
CCTV兵器科技,http://38.75.136.137:98/gslb/dsdqpub/bqkj.m3u8?auth=testpub,,,,,,,,,,,CCSH.txt
CCTV兵器科技,http://dassby.qqff.top:99/live/兵器科技/index.m3u8,,,,,,,,,,,CCSH.txt
CCTV第一剧场,http://dassby.qqff.top:99/live/第一剧场/index.m3u8,,,,,,,,,,,CCSH.txt
CCTV第一剧场,http://hmfs.f3322.net:3388/hls/21/index.m3u8,,,,,,,,,,,CCSH.txt
CCTV第一剧场,http://iptv.4666888.xyz/iptv2A.php?id=13,,,,,,,,,,,CCSH.txt
CCTV央视台球,http://183.11.239.36:808/hls/73/index.m3u8,,,,,,,,,,,CCSH.txt
CCTV央视台球,http://dassby.qqff.top:99/live/央视台球/index.m3u8,,,,,,,,,,,CCSH.txt
CCTV央视台球,http://ngcdn003.cnr.cn/live/yyzs/index.m3u8,,,,,,,,,,,CCSH.txt
CCTV风云足球,http://dassby.qqff.top:99/live/风云足球/index.m3u8,,,,,,,,,,,CCSH.txt
CCTV风云足球,http://hmfs.f3322.net:3388/hls/9/index.m3u8,,,,,,,,,,,CCSH.txt
CCTV风云足球,http://120.76.248.139/live/bfgd/4200000225.m3u8,,,,,,,,,,,CCSH.txt
CCTV风云足球,http://183.11.239.36:808/hls/11/index.m3u8,,,,,,,,,,,CCSH.txt
CCTV风云足球,http://111.61.236.247:9081/hls/58/index.m3u8,,,,,,,,,,,CCSH.txt
CCTV世界地理,http://dassby.qqff.top:99/live/世界地理/index.m3u8,,,,,,,,,,,CCSH.txt
CCTV世界地理,http://120.76.248.139/live/bfgd/4200000177.m3u8,,,,,,,,,,,CCSH.txt
CCTV世界地理,http://hmfs.f3322.net:3388/hls/28/index.m3u8,,,,,,,,,,,CCSH.txt
CCTV世界地理,http://111.61.236.247:9081/hls/62/index.m3u8,,,,,,,,,,,CCSH.txt
CCTV风云音乐,http://dassby.qqff.top:99/live/风云音乐/index.m3u8,,,,,,,,,,,CCSH.txt
CCTV女性时尚,http://120.76.248.139/live/bfgd/4200000176.m3u8,,,,,,,,,,,CCSH.txt
CCTV女性时尚,http://111.61.236.247:9081/hls/59/index.m3u8,,,,,,,,,,,CCSH.txt
CCTV女性时尚,http://dassby.qqff.top:99/live/女性时尚/index.m3u8,,,,,,,,,,,CCSH.txt
CCTV怀旧剧场,http://120.76.248.139/live/bfgd/4200000224.m3u8,,,,,,,,,,,CCSH.txt
CCTV怀旧剧场,http://111.61.236.247:9081/hls/67/index.m3u8,,,,,,,,,,,CCSH.txt
CCTV怀旧剧场,http://dassby.qqff.top:99/live/怀旧剧场/index.m3u8,,,,,,,,,,,CCSH.txt
CCTV央视文化精品,http://107.150.60.122/live/ysjp.m3u8,,,,,,,,,,,CCSH.txt
CCTV央视文化精品,http://dassby.qqff.top:99/live/文化精品/index.m3u8,,,,,,,,,,,CCSH.txt
CCTV卫生健康,http://107.150.60.122/live/wsjk.m3u8,,,,,,,,,,,CCSH.txt
CCTV卫生健康,http://38.75.136.137:98/gslb/dsdqpub/wsjk.m3u8?auth=testpub,,,,,,,,,,,CCSH.txt
CCTV发现之旅,http://8.138.7.223/tv/migu3.php?id=fxzl,,,,,,,,,,,CCSH.txt
CCTV电视指南,http://120.76.248.139/live/bfgd/4200000164.m3u8,,,,,,,,,,,CCSH.txt
CCTV电视指南,http://dassby.qqff.top:99/live/电视指南/index.m3u8,,,,,,,,,,,CCSH.txt
CCTV老故事,http://8.138.7.223/tv/migu3.php?id=lgs,,,,,,,,,,,CCSH.txt
CCTV4K,https://hls-gateway.vpstv.net/streams/708821.m3u8,,,,,,,,,,,CCSH.txt
CCTV4K,http://198.204.240.250:82/live/cctv4k.m3u8?jsbt=1760495957&jsbk=138a7cd8fb02f369c744cf0ceb413e85,,,,,,,,,,,CCSH.txt
CCTV4K,http://198.204.240.250:82/live/cctv4k.m3u8?jsbt=1760148172&jsbk=8ce47519e62b009dfa80f8fbfb2dd932,,,,,,,,,,,CCSH.txt
CCTV4K,https://t.freetv.fun/live/cctv-4kgao-qing-2.m3u8,,,,,,,,,,,CCSH.txt
CCTV4K,https://t.freetv.fun/live/cctv-4kgao-qing-1.m3u8,,,,,,,,,,,CCSH.txt
CCTV4K,https://t.freetv.fun/live/cctv-4kgao-qing.m3u8,,,,,,,,,,,CCSH.txt
CCTV4K,http://dl.wifi942.com:66/jsyd/jsyd.php?id=G_CCTV-4K-HD,,,,,,,,,,,CCSH.txt
CCTV4K,http://p.ytelc.com/169l/0/cctv.php?id=cctv4k,,,,,,,,,,,CCSH.txt
CCTV4K,https://live-play-hls.cctvnews.cctv.com/CCTVChannel/channel_cctv4k_mbd.m3u8?auth_key=1773774000-1-b59134a2ead43d7f783f943c8f535e7bb80c5169575b2e8efcd5b3ddea21b41c-0554abac0288222ee39ce8a13d090b8c&yid=b59134a2ead43d7f783f943c8f535e7bb80c5169575b2e8efcd5b3ddea21b41c,,,,,,,,,,,CCSH.txt
CCTV4K,https://live-play-hls.cctvnews.cctv.com/CCTVChannel/channel_cctv4k_mbd.m3u8?auth_key=1773784800-1-b59134a2ead43d7f783f943c8f535e7bb80c5169575b2e8efcd5b3ddea21b41c-d6637f135bb10842a56ecb97366e5fef&yid=b59134a2ead43d7f783f943c8f535e7bb80c5169575b2e8efcd5b3ddea21b41c,,,,,,,,,,,CCSH.txt
CCTV4K,http://vip1.xinketongxun.fun:8082/tsfile/live/1026_1.m3u8,,,,,,,,,,,CCSH.txt
CCTV4K,https://stream1.freetv.fun/cctv4k-2.ctv,,,,,,,,,,,CCSH.txt
CCTV4K,https://live-play-hls.cctvnews.cctv.com/CCTVChannel/channel_cctv4k_mbd.m3u8?auth_key=1773828000-1-b59134a2ead43d7f783f943c8f535e7bb80c5169575b2e8efcd5b3ddea21b41c-5352a4a1a2a3aa746773478ba8f61f61&yid=b59134a2ead43d7f783f943c8f535e7bb80c5169575b2e8efcd5b3ddea21b41c,,,,,,,,,,,CCSH.txt
CCTV4K,https://t.freetv.fun/live/cctv-4kgao-qing-4.m3u8,,,,,,,,,,,CCSH.txt
CETV1,http://ottrrs.hl.chinamobile.com/PLTV/88888888/224/3221225652/index.m3u8,,,,,,,,,,,CCSH.txt
CETV1,http://hlsztemgsplive.miguvideo.com:8080/migu/kailu/cetv1/50/20240709/index.m3u8?msisdn=2026031704021728ca45e41853429abf111048838ba496&mdspid=&spid=699004&netType=0&sid=5910022150&pid=2028597139&timestamp=20260317040217&Channel_ID=0116_2600000900-99000-201600010010027&ProgramID=923287154&ParentNodeID=-99&assertID=5910022150&client_ip=218.28.233.106&SecurityKey=20260317040217&promotionId=&mvid=5900006636&mcid=500020&playurlVersion=WX-A1-9.2.2-RELEASE&userid=&jmhm=&videocodec=h264&appCode=miguvideo_android&bean=mgspad&tid=android&conFee=0&encrypt=05d59c87f308ef066a68884115dd1b63,,,,,,,,,,,CCSH.txt
CETV1,http://hlsztemgsplive.miguvideo.com:8080/migu/kailu/cetv1/50/20240709/index.m3u8?msisdn=202603171202138cb6ad9f97eb491bafcbafddb9df4d8d&mdspid=&spid=699004&netType=0&sid=5910022150&pid=2028597139&timestamp=20260317120213&Channel_ID=0116_2600000900-99000-201600010010027&ProgramID=923287154&ParentNodeID=-99&assertID=5910022150&client_ip=218.28.233.106&SecurityKey=20260317120213&promotionId=&mvid=5900006636&mcid=500020&playurlVersion=WX-A1-9.2.2-RELEASE&userid=&jmhm=&videocodec=h264&appCode=miguvideo_android&bean=mgspad&tid=android&conFee=0&encrypt=582e4ea8f25d28bf0362bcc16735091d,,,,,,,,,,,CCSH.txt
CETV1,http://kkk.888.3116598.xyz/api.php?n=tttt&id=D3LTjJ&tk=FgM0vQMejxvG,,,,,,,,,,,CCSH.txt
CETV1,http://kkk.888.3116598.xyz/api.php?n=tttt&id=fL0XJF&tk=FgM0vQMejxvG,,,,,,,,,,,CCSH.txt
CETV1,http://kkk.888.3116598.xyz/api.php?n=tttt&id=qYvFjP&tk=FgM0vQMejxvG,,,,,,,,,,,CCSH.txt
CETV1,http://183.11.239.36:808/hls/122/index.m3u8,,,,,,,,,,,CCSH.txt
CETV1,http://111.31.22.5/cache.ott.fifalive.itv.cmvideo.cn/000000001000//1.m3u8?channel-id=bestzb&Contentid=5000000002000002652&livemode=1&stbId=3,,,,,,,,,,,CCSH.txt
CETV1,http://hlsztemgsplive.miguvideo.com:8080/migu/kailu/cetv1/50/20240709/index.m3u8?msisdn=20260318040214ff46c1c521c1441d9cc7f72f6127daaf&mdspid=&spid=699004&netType=0&sid=5910022150&pid=2028597139&timestamp=20260318040214&Channel_ID=0116_2600000900-99000-201600010010027&ProgramID=923287154&ParentNodeID=-99&assertID=5910022150&client_ip=218.28.233.106&SecurityKey=20260318040214&promotionId=&mvid=5900006636&mcid=500020&playurlVersion=WX-A1-9.2.2-RELEASE&userid=&jmhm=&videocodec=h264&appCode=miguvideo_android&bean=mgspad&tid=android&conFee=0&encrypt=679dc7832fe48e93dd04de3efc698398,,,,,,,,,,,CCSH.txt
CETV1,http://hwylivehd.centv.cn/cetv1/ypd.m3u8,,,,,,,,,,,CCSH.txt
CETV2,http://ottrrs.hl.chinamobile.com/PLTV/88888888/224/3221226425/index.m3u8,,,,,,,,,,,CCSH.txt
CETV2,http://hlsztemgsplive.miguvideo.com:8080/migu/kailu/cetv2/50/20240709/index.m3u8?msisdn=202603170402180e7544e717d14e3db1f11ba042388c8f&mdspid=&spid=699004&netType=0&sid=5910022152&pid=2028597139&timestamp=20260317040218&Channel_ID=0116_2600000900-99000-201600010010027&ProgramID=923287211&ParentNodeID=-99&assertID=5910022152&client_ip=218.28.233.106&SecurityKey=20260317040218&promotionId=&mvid=5900006638&mcid=500020&playurlVersion=WX-A1-9.2.2-RELEASE&userid=&jmhm=&videocodec=h264&appCode=miguvideo_android&bean=mgspad&tid=android&conFee=0&encrypt=fd4468f5441f24a3f56f00bfaf6c53d0,,,,,,,,,,,CCSH.txt
CETV2,http://hlsztemgsplive.miguvideo.com:8080/migu/kailu/cetv2/50/20240709/index.m3u8?msisdn=202603171202135f6f51e447534276b7b101890faebd6f&mdspid=&spid=699004&netType=0&sid=5910022152&pid=2028597139&timestamp=20260317120213&Channel_ID=0116_2600000900-99000-201600010010027&ProgramID=923287211&ParentNodeID=-99&assertID=5910022152&client_ip=218.28.233.106&SecurityKey=20260317120213&promotionId=&mvid=5900006638&mcid=500020&playurlVersion=WX-A1-9.2.2-RELEASE&userid=&jmhm=&videocodec=h264&appCode=miguvideo_android&bean=mgspad&tid=android&conFee=0&encrypt=b4795c16f56a79d3c568e1584d2ee639,,,,,,,,,,,CCSH.txt
CETV2,http://kkk.888.3116598.xyz/api.php?n=tttt&id=VcK9LD&tk=FgM0vQMejxvG,,,,,,,,,,,CCSH.txt
CETV2,http://kkk.888.3116598.xyz/api.php?n=tttt&id=wXsslc&tk=FgM0vQMejxvG,,,,,,,,,,,CCSH.txt
CETV2,http://183.11.239.36:808/hls/78/index.m3u8,,,,,,,,,,,CCSH.txt
CETV2,https://vip.taoiptv.cn/source/jsyd.php?id=G_CETV-2.m3u8&sign=mzxn4l,,,,,,,,,,,CCSH.txt
CETV2,http://hlsztemgsplive.miguvideo.com:8080/migu/kailu/cetv2/50/20240709/index.m3u8?msisdn=20260318040214a04c0cc0e00445ff941a11d57b3c3af2&mdspid=&spid=699004&netType=0&sid=5910022152&pid=2028597139&timestamp=20260318040214&Channel_ID=0116_2600000900-99000-201600010010027&ProgramID=923287211&ParentNodeID=-99&assertID=5910022152&client_ip=218.28.233.106&SecurityKey=20260318040214&promotionId=&mvid=5900006638&mcid=500020&playurlVersion=WX-A1-9.2.2-RELEASE&userid=&jmhm=&videocodec=h264&appCode=miguvideo_android&bean=mgspad&tid=android&conFee=0&encrypt=fcd8769767bd29dff1e79974d37fdc6c,,,,,,,,,,,CCSH.txt
CETV2,http://hwylivehd.centv.cn/cetv2/2020tsytk.m3u8,,,,,,,,,,,CCSH.txt
CETV4,http://ottrrs.hl.chinamobile.com/PLTV/88888888/224/3221225783/index.m3u8,,,,,,,,,,,CCSH.txt
CETV4,http://hlsztemgsplive.miguvideo.com:8080/migu/kailu/cetv4/50/20240709/index.m3u8?msisdn=20260317040218e4358e520dbe4b1297a845e94caafdce&mdspid=&spid=699004&netType=0&sid=5910022154&pid=2028597139&timestamp=20260317040218&Channel_ID=0116_2600000900-99000-201600010010027&ProgramID=923287339&ParentNodeID=-99&assertID=5910022154&client_ip=218.28.233.106&SecurityKey=20260317040218&promotionId=&mvid=5900006640&mcid=500020&playurlVersion=WX-A1-9.2.2-RELEASE&userid=&jmhm=&videocodec=h264&appCode=miguvideo_android&bean=mgspad&tid=android&conFee=0&encrypt=3f7f61c43f7e65b4139763bd9a84154a,,,,,,,,,,,CCSH.txt
CETV4,http://hlsztemgsplive.miguvideo.com:8080/migu/kailu/cetv4/50/20240709/index.m3u8?msisdn=2026031712021415110499ec614ce588491c6d9f056691&mdspid=&spid=699004&netType=0&sid=5910022154&pid=2028597139&timestamp=20260317120214&Channel_ID=0116_2600000900-99000-201600010010027&ProgramID=923287339&ParentNodeID=-99&assertID=5910022154&client_ip=218.28.233.106&SecurityKey=20260317120214&promotionId=&mvid=5900006640&mcid=500020&playurlVersion=WX-A1-9.2.2-RELEASE&userid=&jmhm=&videocodec=h264&appCode=miguvideo_android&bean=mgspad&tid=android&conFee=0&encrypt=e344a25d1180f061ed08cc8daf5107a2,,,,,,,,,,,CCSH.txt
CETV4,http://kkk.888.3116598.xyz/api.php?n=tttt&id=bzOgmq&tk=FgM0vQMejxvG,,,,,,,,,,,CCSH.txt
CETV4,http://kkk.888.3116598.xyz/api.php?n=tttt&id=cFDXDG&tk=FgM0vQMejxvG,,,,,,,,,,,CCSH.txt
CETV4,http://kkk.888.3116598.xyz/api.php?n=tttt&id=rhrCc8&tk=FgM0vQMejxvG,,,,,,,,,,,CCSH.txt
CETV4,http://111.31.22.5/cache.ott.fifalive.itv.cmvideo.cn/000000001000//1.m3u8?channel-id=bestzb&Contentid=5000000011000031126&livemode=1&stbId=3,,,,,,,,,,,CCSH.txt
CETV4,https://vip.taoiptv.cn/source/itv.php?id=中国教育电视台4.m3u8&sign=mzxn4l,,,,,,,,,,,CCSH.txt
CETV4,http://183.11.239.36:808/hls/79/index.m3u8,,,,,,,,,,,CCSH.txt
CETV4,http://hlsztemgsplive.miguvideo.com:8080/migu/kailu/cetv4/50/20240709/index.m3u8?msisdn=20260318040215250467c7111e4bbd8c57ba2105ecb20f&mdspid=&spid=699004&netType=0&sid=5910022154&pid=2028597139&timestamp=20260318040215&Channel_ID=0116_2600000900-99000-201600010010027&ProgramID=923287339&ParentNodeID=-99&assertID=5910022154&client_ip=218.28.233.106&SecurityKey=20260318040215&promotionId=&mvid=5900006640&mcid=500020&playurlVersion=WX-A1-9.2.2-RELEASE&userid=&jmhm=&videocodec=h264&appCode=miguvideo_android&bean=mgspad&tid=android&conFee=0&encrypt=9902a2eea18f4246248ad4d4af362ad1,,,,,,,,,,,CCSH.txt
CETV4,http://hwylivehd.centv.cn/cetv4/zjpd.m3u8,,,,,,,,,,,CCSH.txt
湖南卫视,http://ottrrs.hl.chinamobile.com/PLTV/88888888/224/3221226307/index.m3u8,,,,,,,,,,,CCSH.txt
湖南卫视,http://ottrrs.hl.chinamobile.com/PLTV/88888888/224/3221225610/index.m3u8,,,,,,,,,,,CCSH.txt
湖南卫视,https://hls-gateway.vpstv.net/streams/476904.m3u8,,,,,,,,,,,CCSH.txt
湖南卫视,https://t.freetv.fun/live/hu-nan-wei-shi-13.m3u8,,,,,,,,,,,CCSH.txt
湖南卫视,http://dd.ddzb.fun/php/migu.php?id=hunws,,,,,,,,,,,CCSH.txt
湖南卫视,https://txmov2.a.kwimgs.com/bs3/video-hls/5199687338554291078_hlsb.m3u8,,,,,,,,,,,CCSH.txt
湖南卫视,http://38.75.136.137:98/gslb/dsdqca/hnwshd.m3u8?auth=test20251009,,,,,,,,,,,CCSH.txt
湖南卫视,https://stream1.freetv.fun/8109af647f56702f17e3fbffe6ca2766a6364dcaf3078e086513d7b6ed02b365.m3u8,,,,,,,,,,,CCSH.txt
湖南卫视,https://stream1.freetv.fun/ef71867a8644735b09f5399278a3ce67b0cd46e1100159c789b9240a5bf4c2bb.m3u8,,,,,,,,,,,CCSH.txt
湖南卫视,https://stream1.freetv.fun/8f9c1b950218b09e8fb1b0d6b7416bdf4a4635a03c2f67f7880010d106038137.m3u8,,,,,,,,,,,CCSH.txt
湖南卫视,https://stream1.freetv.fun/de66f0e2a8ae04c059b513a80449d5cc48463d9bee3e01e241a7c776d420d13a.m3u8,,,,,,,,,,,CCSH.txt
湖南卫视,http://23.237.228.134/live6/hunan.m3u8,,,,,,,,,,,CCSH.txt
浙江卫视,http://ottrrs.hl.chinamobile.com/PLTV/88888888/224/3221226339/index.m3u8,,,,,,,,,,,CCSH.txt
浙江卫视,http://ottrrs.hl.chinamobile.com/PLTV/88888888/224/3221225612/index.m3u8,,,,,,,,,,,CCSH.txt
浙江卫视,https://hls-gateway.vpstv.net/streams/476909.m3u8,,,,,,,,,,,CCSH.txt
浙江卫视,http://zwebl02.cztv.com/live/channel01720Pnew.m3u8?auth_key=1773728146-a84ec6d3107e364a0e38c07be5b50a85-0-140a541472233eb45ee176fd3a43505e,,,,,,,,,,,CCSH.txt
浙江卫视,http://38.75.136.137:98/gslb/dsdqca/zjwshd.m3u8?auth=test20251009,,,,,,,,,,,CCSH.txt
浙江卫视,https://stream1.freetv.fun/3674992f7e26c934871ca5ce9cdcf0be39a13a863c537f76b3ac22cc10e61e11.m3u8,,,,,,,,,,,CCSH.txt
浙江卫视,https://stream1.freetv.fun/584a8d8dcc1704d3df7b0f7153ecea98303b2df8daae3897674bbb03b2abbb39.m3u8,,,,,,,,,,,CCSH.txt
浙江卫视,https://stream1.freetv.fun/9db0b177cf33e55f518fee70eb5b8aca7d6d592cb2f228931613f92024e4dcee.m3u8,,,,,,,,,,,CCSH.txt
浙江卫视,https://stream1.freetv.fun/98c2b365be87cf4c2159356795b46f802156d44b9752f5948ae7f2b3b7f323f0.m3u8,,,,,,,,,,,CCSH.txt
浙江卫视,https://stream1.freetv.fun/3bcf99d2946ccf8b6feabbc8298a4630913b805d5965a209a4d2de2ae9ffc79f.m3u8,,,,,,,,,,,CCSH.txt
浙江卫视,https://stream1.freetv.fun/bf470a7853a795a94f57d26c21dc39bc604aa79ca5632a2de0197d27bde7ac2d.m3u8,,,,,,,,,,,CCSH.txt
浙江卫视,https://stream1.freetv.fun/bd399dd2f8b8ba3112838aec3794ea1f33993bceb20f2eff230b8d62409199c7.m3u8,,,,,,,,,,,CCSH.txt
浙江卫视,http://23.237.228.134/live6/zhejiang.m3u8,,,,,,,,,,,CCSH.txt
浙江卫视,https://stream1.freetv.fun/2e3a01b886780ceca10b44bb6cdb57413757275a6fdcb083800db996bc2f81e3.m3u8,,,,,,,,,,,CCSH.txt
东方卫视,http://ottrrs.hl.chinamobile.com/PLTV/88888888/224/3221226345/index.m3u8,,,,,,,,,,,CCSH.txt
东方卫视,http://ottrrs.hl.chinamobile.com/PLTV/88888888/224/3221225735/index.m3u8,,,,,,,,,,,CCSH.txt
东方卫视,http://hlsztemgsplive.miguvideo.com:8080/wd_r4/dfl/dongfangwshd/600/index.m3u8?msisdn=20260317140204279b25ce05274c49876a47fc8cfa0a35&mdspid=&spid=600697&netType=0&sid=5910022185&pid=2028597139&timestamp=20260317140204&Channel_ID=0116_2600000900-99000-201600010010027&ProgramID=651632648&ParentNodeID=-99&assertID=5910022185&client_ip=218.28.233.106&SecurityKey=20260317140204&promotionId=&mvid=5100043384&mcid=500020&playurlVersion=WX-A1-9.2.2-RELEASE&userid=&jmhm=&videocodec=h264&appCode=miguvideo_android&bean=mgspad&tid=android&conFee=0&encrypt=bc0fc5a997fd068961cd900d2318608c,,,,,,,,,,,CCSH.txt
东方卫视,http://hlsztemgsplive.miguvideo.com:8080/wd_r4/dfl/dongfangwshd/600/index.m3u8?msisdn=2026031702020359818dc1439c411c8d1b9d30bfdae256&mdspid=&spid=600697&netType=0&sid=5910022185&pid=2028597139&timestamp=20260317020203&Channel_ID=0116_2600000900-99000-201600010010027&ProgramID=651632648&ParentNodeID=-99&assertID=5910022185&client_ip=218.28.233.106&SecurityKey=20260317020203&promotionId=&mvid=5100043384&mcid=500020&playurlVersion=WX-A1-9.2.2-RELEASE&userid=&jmhm=&videocodec=h264&appCode=miguvideo_android&bean=mgspad&tid=android&conFee=0&encrypt=61fe403a3292f1bb9c0d8b0ff6101cd1,,,,,,,,,,,CCSH.txt
东方卫视,https://hls-gateway.vpstv.net/streams/708824.m3u8,,,,,,,,,,,CCSH.txt
东方卫视,http://hlsztemgsplive.miguvideo.com:8080/wd_r4/dfl/dongfangwshd/600/index.m3u8?msisdn=20260317060204876cc110b4064b16932d85797e1ce04d&mdspid=&spid=600697&netType=0&sid=5910022185&pid=2028597139&timestamp=20260317060204&Channel_ID=0116_2600000900-99000-201600010010027&ProgramID=651632648&ParentNodeID=-99&assertID=5910022185&client_ip=218.28.233.106&SecurityKey=20260317060204&promotionId=&mvid=5100043384&mcid=500020&playurlVersion=WX-A1-9.2.2-RELEASE&userid=&jmhm=&videocodec=h264&appCode=miguvideo_android&bean=mgspad&tid=android&conFee=0&encrypt=040b11c2083558437a447d7f89f27c58,,,,,,,,,,,CCSH.txt
东方卫视,https://hls-gateway.vpstv.net/streams/709068.m3u8,,,,,,,,,,,CCSH.txt
东方卫视,https://stream1.freetv.fun/d49c42e377a3c69a6dbd4489265b8d89168a6cd39cd418df86ed141b58d05c39.m3u8,,,,,,,,,,,CCSH.txt
东方卫视,https://stream1.freetv.fun/2df6bf87a1f3e0fb1e5e166150a7b2f68840bbeedffddac9863085c08c27317a.m3u8,,,,,,,,,,,CCSH.txt
东方卫视,https://stream1.freetv.fun/56fc198d7ec4a227f6311d4ade4aad1840b5e88ec1217be3f57f765ac0355c1f.m3u8,,,,,,,,,,,CCSH.txt
东方卫视,https://stream1.freetv.fun/1adeb3128cbc7c74ed017192dc53a04fbf7d1add75418b57417546d1047b3a72.m3u8,,,,,,,,,,,CCSH.txt
东方卫视,https://stream1.freetv.fun/71b123caee16897d28527e0bdfd4b1f03ca19effeeec1ab28f82a3f80b25fef0.m3u8,,,,,,,,,,,CCSH.txt
东方卫视,https://stream1.freetv.fun/0b4fafdf7a4d2abde4c397b04de179534e29c7c6d9aa36bd0404d2bec666b52a.m3u8,,,,,,,,,,,CCSH.txt
东方卫视,https://stream1.freetv.fun/ac12b7b242b0187305631f391ba3ad1ecd532c25b8205c1733a06ca1c552405c.m3u8,,,,,,,,,,,CCSH.txt
江苏卫视,http://ottrrs.hl.chinamobile.com/PLTV/88888888/224/3221226310/index.m3u8,,,,,,,,,,,CCSH.txt
江苏卫视,http://ottrrs.hl.chinamobile.com/PLTV/88888888/224/3221225613/index.m3u8,,,,,,,,,,,CCSH.txt
江苏卫视,http://hlsztemgsplive.miguvideo.com:8080/wd_r2/cctv/jiangsuhd/600/index.m3u8?msisdn=2026031702020471c1039204c44c8384084ff52a2e8877&mdspid=&spid=699067&netType=0&sid=5500199408&pid=2028597139&timestamp=20260317020204&Channel_ID=0116_2600000900-99000-201600010010027&ProgramID=623899368&ParentNodeID=-99&assertID=5500199408&client_ip=218.28.233.106&SecurityKey=20260317020204&promotionId=&mvid=5100156802&mcid=500020&playurlVersion=WX-A1-9.2.2-RELEASE&userid=&jmhm=&videocodec=h264&appCode=miguvideo_android&bean=mgspad&tid=android&conFee=0&encrypt=c6b75deb01f43450d4c5a185a492fd79,,,,,,,,,,,CCSH.txt
江苏卫视,http://hlsztemgsplive.miguvideo.com:8080/wd_r2/cctv/jiangsuhd/600/index.m3u8?msisdn=20260317140204c25be9d883b744e5add09e158dee7519&mdspid=&spid=699067&netType=0&sid=5500199408&pid=2028597139&timestamp=20260317140204&Channel_ID=0116_2600000900-99000-201600010010027&ProgramID=623899368&ParentNodeID=-99&assertID=5500199408&client_ip=218.28.233.106&SecurityKey=20260317140204&promotionId=&mvid=5100156802&mcid=500020&playurlVersion=WX-A1-9.2.2-RELEASE&userid=&jmhm=&videocodec=h264&appCode=miguvideo_android&bean=mgspad&tid=android&conFee=0&encrypt=2387b38e1c44d31559855be40f2d5652,,,,,,,,,,,CCSH.txt
江苏卫视,https://hls-gateway.vpstv.net/streams/476906.m3u8,,,,,,,,,,,CCSH.txt
江苏卫视,http://hlsztemgsplive.miguvideo.com:8080/wd_r2/cctv/jiangsuhd/600/index.m3u8?msisdn=20260317060204eee201d29fb041949e1463cf5c0e2f64&mdspid=&spid=699067&netType=0&sid=5500199408&pid=2028597139&timestamp=20260317060204&Channel_ID=0116_2600000900-99000-201600010010027&ProgramID=623899368&ParentNodeID=-99&assertID=5500199408&client_ip=218.28.233.106&SecurityKey=20260317060204&promotionId=&mvid=5100156802&mcid=500020&playurlVersion=WX-A1-9.2.2-RELEASE&userid=&jmhm=&videocodec=h264&appCode=miguvideo_android&bean=mgspad&tid=android&conFee=0&encrypt=ec1228ec2ab56b08ca846dccb9bf2b9c,,,,,,,,,,,CCSH.txt
江苏卫视,http://dd.ddzb.fun/php/migu.php?id=jsws,,,,,,,,,,,CCSH.txt
江苏卫视,http://69.30.246.194/live/jsws.m3u8,,,,,,,,,,,CCSH.txt
江苏卫视,http://38.75.136.137:98/gslb/dsdqbv/jswshd.m3u8?auth=test20251009,,,,,,,,,,,CCSH.txt
江苏卫视,http://38.75.136.137:98/gslb/dsdqca/jswshd.m3u8?auth=test20251009,,,,,,,,,,,CCSH.txt
江苏卫视,https://stream1.freetv.fun/ab96b0ba87db2285506cd908301589912d6162c0fbae266f556585184a115dcb.m3u8,,,,,,,,,,,CCSH.txt
江苏卫视,https://stream1.freetv.fun/74e3817e2d49ca9f7ef3085c23657432144d05adb401c6b4d4957594c06ee1b5.m3u8,,,,,,,,,,,CCSH.txt
江苏卫视,https://stream1.freetv.fun/b538dca1e93a7c33d25227141958f757f7cc11cf2126fab1deca9cd36ee2ba97.m3u8,,,,,,,,,,,CCSH.txt
江苏卫视,https://stream1.freetv.fun/942bdc6135b9030e7a554f57e2487fe9f1051af73a481733707a560a874a58c3.m3u8,,,,,,,,,,,CCSH.txt
江苏卫视,https://stream1.freetv.fun/0f935b36e555da8d24b280eec4698b02c1c113abc8ffd506021131a29c843969.m3u8,,,,,,,,,,,CCSH.txt
江苏卫视,https://stream1.freetv.fun/3e0ed5e0d1ff6197877752ca6c0def4aa65fd6c68bb539384e64836400697d77.m3u8,,,,,,,,,,,CCSH.txt
安徽卫视,http://ottrrs.hl.chinamobile.com/PLTV/88888888/224/3221226391/index.m3u8,,,,,,,,,,,CCSH.txt
安徽卫视,http://ottrrs.hl.chinamobile.com/PLTV/88888888/224/3221226498/index.m3u8,,,,,,,,,,,CCSH.txt
安徽卫视,https://hls-gateway.vpstv.net/streams/708868.m3u8,,,,,,,,,,,CCSH.txt
安徽卫视,https://stream1.freetv.fun/628f836552ae45288a839fd956c4e358ed2a16c7082ee854f37c299abfba9803.m3u8,,,,,,,,,,,CCSH.txt
安徽卫视,https://stream1.freetv.fun/21954b8aca89d17d6b188ebaa4a9782b8ede2997ba5434e49fa4c3bd45a4ef9a.m3u8,,,,,,,,,,,CCSH.txt
安徽卫视,https://stream1.freetv.fun/4578c4cc1ec1e3a44b49c0377bcc7ad2f839ca97cf3f744a9959ab9a30f736fb.m3u8,,,,,,,,,,,CCSH.txt
安徽卫视,https://stream1.freetv.fun/9cdad0b4fbdc85efc783479b2a1d809e6ad06c2f0d0a01191f4b104a11693980.m3u8,,,,,,,,,,,CCSH.txt
安徽卫视,https://stream1.freetv.fun/ef0b1fb51498d187e9a02e3c98cf560b9b60c8059d49fb3a6c3e5548c84cc523.m3u8,,,,,,,,,,,CCSH.txt
安徽卫视,https://stream1.freetv.fun/9b5b5c5949d83212b8aea9804acf7e7824ec7953c35179389e75c9cd358573e8.m3u8,,,,,,,,,,,CCSH.txt
安徽卫视,https://stream1.freetv.fun/5b4822a5ec2db203657ad69a37c8ee684490003ec64dfd80eb0c8074110f60e2.m3u8,,,,,,,,,,,CCSH.txt
安徽卫视,https://stream1.freetv.fun/a06c5ae93a12771663f13ee6cc6a7fb5386db2116a5d765b8471f881a4b8569c.m3u8,,,,,,,,,,,CCSH.txt
安徽卫视,https://stream1.freetv.fun/aa9b31c1dbeffb511830532e0b8f1413b48dd2c61e59e843d19ba9fc3a073241.m3u8,,,,,,,,,,,CCSH.txt
安徽卫视,https://stream1.freetv.fun/4c2c313a8d2ebef4ad9b9a71d735b7b2308394f3376b5376fdbe5d77cc5e9719.m3u8,,,,,,,,,,,CCSH.txt
安徽卫视,https://stream1.freetv.fun/9c9db38199b42fd1dab2e638a2078d83cbb2548aa664d7bfcce3a78570a2051a.m3u8,,,,,,,,,,,CCSH.txt
安徽卫视,https://stream1.freetv.fun/a9be08089c9d15abe0bf7a88c8c87b644d55ed4e1a3b117bf9bdf6caf232696e.m3u8,,,,,,,,,,,CCSH.txt
安徽卫视,https://stream1.freetv.fun/fd1949e201c9a2b869f8ae6c74edce04e66c6e43897de0091916986770c24414.m3u8,,,,,,,,,,,CCSH.txt
安徽卫视,https://stream1.freetv.fun/4078e7515acfeb817260423a635931b5dafb07af568fe27dedb729f35491040a.m3u8,,,,,,,,,,,CCSH.txt
东南卫视,http://ottrrs.hl.chinamobile.com/PLTV/88888888/224/3221226341/index.m3u8,,,,,,,,,,,CCSH.txt
东南卫视,http://ottrrs.hl.chinamobile.com/PLTV/88888888/224/3221225620/index.m3u8,,,,,,,,,,,CCSH.txt
东南卫视,http://hlsztemgsplive.miguvideo.com:8080/migu/kailu/dongnanws/50/20230724/index.m3u8?msisdn=202603171202070f097f26c4424dcaba00bec4aea2c481&mdspid=&spid=600717&netType=0&sid=5910022182&pid=2028597139&timestamp=20260317120207&Channel_ID=0116_2600000900-99000-201600010010027&ProgramID=849116810&ParentNodeID=-99&assertID=5910022182&client_ip=218.28.233.106&SecurityKey=20260317120207&promotionId=&mvid=5900006229&mcid=500020&playurlVersion=WX-A1-9.2.2-RELEASE&userid=&jmhm=&videocodec=h264&appCode=miguvideo_android&bean=mgspad&tid=android&conFee=0&encrypt=4236f1fb5b3793d4929edb439af12566,,,,,,,,,,,CCSH.txt
东南卫视,https://hls-gateway.vpstv.net/streams/708823.m3u8,,,,,,,,,,,CCSH.txt
东南卫视,http://hlsztemgsplive.miguvideo.com:8080/migu/kailu/dongnanws/50/20230724/index.m3u8?msisdn=20260317020204084d5d213a63492681a85c41d733ac53&mdspid=&spid=600717&netType=0&sid=5910022182&pid=2028597139&timestamp=20260317020204&Channel_ID=0116_2600000900-99000-201600010010027&ProgramID=849116810&ParentNodeID=-99&assertID=5910022182&client_ip=218.28.233.106&SecurityKey=20260317020204&promotionId=&mvid=5900006229&mcid=500020&playurlVersion=WX-A1-9.2.2-RELEASE&userid=&jmhm=&videocodec=h264&appCode=miguvideo_android&bean=mgspad&tid=android&conFee=0&encrypt=02f046f4d5c367978631cb21ebc153de,,,,,,,,,,,CCSH.txt
东南卫视,http://api.kkitv.itv888.cn:8080/hls/jjt15bvbl7a/index.m3u8,,,,,,,,,,,CCSH.txt
东南卫视,http://dd.ddzb.fun/php/migu.php?id=dnws,,,,,,,,,,,CCSH.txt
东南卫视,http://148.135.93.213/live.php?id=东南卫视,,,,,,,,,,,CCSH.txt
东南卫视,https://stream1.freetv.fun/2a6b77e8aa07ad2ed1d1f9500e039043679d28639fa644a0fc9d1d7e6b9064d1.m3u8,,,,,,,,,,,CCSH.txt
东南卫视,https://stream1.freetv.fun/d45f8468728cbbb400c9a38b3e5bd042beefbd08eaff09efb19e8ec7d9a34dec.m3u8,,,,,,,,,,,CCSH.txt
东南卫视,https://stream1.freetv.fun/f15a5eae2b1ff31b04ac49128210355c6eefafef8947578068c324a46f006cfe.m3u8,,,,,,,,,,,CCSH.txt
东南卫视,https://stream1.freetv.fun/ecd1f472ed5554a7b1fee4a1d24669f72077c9847d4df7a5cf5f5d70fc7d0ac0.m3u8,,,,,,,,,,,CCSH.txt
东南卫视,https://stream1.freetv.fun/70abcb0b881539f6eca28137e803ff5f7ec964873f03cbb563f5dd595940ab2c.m3u8,,,,,,,,,,,CCSH.txt
东南卫视,https://stream1.freetv.fun/ece9b040569e5766b592af0a4b6fa356e04d0a806973f7e105db06a44c8f58be.m3u8,,,,,,,,,,,CCSH.txt
东南卫视,https://stream1.freetv.fun/aec96cccdb2b6747a2847037fe2551e76bf9cade4e7147da751a523a332bb390.m3u8,,,,,,,,,,,CCSH.txt
东南卫视,https://stream1.freetv.fun/1b017b0a29ee9bd708f5678c1831a6b7a3847facc65fd93ab305d96fda185e13.m3u8,,,,,,,,,,,CCSH.txt
东南卫视,https://stream1.freetv.fun/0c6abb0a6372c34c3280c58f0f9eac3b04a15f0b2b1b8d046d9d1a1d236c5ff8.m3u8,,,,,,,,,,,CCSH.txt
东南卫视,https://stream1.freetv.fun/3fa9797aa12d21a581dcf1534a15605ecaf7789df1803e2dd0543ae04897b95c.m3u8,,,,,,,,,,,CCSH.txt
北京卫视,http://ottrrs.hl.chinamobile.com/PLTV/88888888/224/3221226450/index.m3u8,,,,,,,,,,,CCSH.txt
北京卫视,http://ottrrs.hl.chinamobile.com/PLTV/88888888/224/3221225728/index.m3u8,,,,,,,,,,,CCSH.txt
北京卫视,http://hlsztemgsplive.miguvideo.com:8080/migu/kailu/bjws/50/20251127/index.m3u8?msisdn=20260317080207a923fb022379478e88d2700f14b19e4d&mdspid=&spid=600697&netType=0&sid=5910022306&pid=2028597139&timestamp=20260317080207&Channel_ID=0116_2600000900-99000-201600010010027&ProgramID=630287636&ParentNodeID=-99&assertID=5910022306&client_ip=218.28.233.106&SecurityKey=20260317080207&promotionId=&mvid=5101042960&mcid=500020&playurlVersion=WX-A1-9.2.2-RELEASE&userid=&jmhm=&videocodec=h264&appCode=miguvideo_android&bean=mgspad&tid=android&conFee=0&encrypt=560ea033e4231a72881dddd29be2ecda,,,,,,,,,,,CCSH.txt
北京卫视,http://hlsztemgsplive.miguvideo.com:8080/migu/kailu/bjws/50/20251127/index.m3u8?msisdn=202603171202078baad5cd07cb416497908756fd5e9358&mdspid=&spid=600697&netType=0&sid=5910022306&pid=2028597139&timestamp=20260317120207&Channel_ID=0116_2600000900-99000-201600010010027&ProgramID=630287636&ParentNodeID=-99&assertID=5910022306&client_ip=218.28.233.106&SecurityKey=20260317120207&promotionId=&mvid=5101042960&mcid=500020&playurlVersion=WX-A1-9.2.2-RELEASE&userid=&jmhm=&videocodec=h264&appCode=miguvideo_android&bean=mgspad&tid=android&conFee=0&encrypt=938b8953897897e2ae9c929ecca26c8f,,,,,,,,,,,CCSH.txt
北京卫视,http://hlsztemgsplive.miguvideo.com:8080/migu/kailu/bjws/50/20251127/index.m3u8?msisdn=20260317040208834f8098d8a64098b35d64ae7baffc3c&mdspid=&spid=600697&netType=0&sid=5910022306&pid=2028597139&timestamp=20260317040208&Channel_ID=0116_2600000900-99000-201600010010027&ProgramID=630287636&ParentNodeID=-99&assertID=5910022306&client_ip=218.28.233.106&SecurityKey=20260317040208&promotionId=&mvid=5101042960&mcid=500020&playurlVersion=WX-A1-9.2.2-RELEASE&userid=&jmhm=&videocodec=h264&appCode=miguvideo_android&bean=mgspad&tid=android&conFee=0&encrypt=533acafc7975e3fbd0be41c3d2f7bdd7,,,,,,,,,,,CCSH.txt
北京卫视,https://hls-gateway.vpstv.net/streams/476912.m3u8,,,,,,,,,,,CCSH.txt
北京卫视,http://dd.ddzb.fun/php/migu.php?id=bjws,,,,,,,,,,,CCSH.txt
北京卫视,https://stream1.freetv.fun/bfd48a0fc057ee1c7fc8b6cac592b9f9ca1cfd00b2ef04c0c68f6fea69970b27.m3u8,,,,,,,,,,,CCSH.txt
北京卫视,https://t.freetv.fun/live/bei-jing-wei-shi-3.m3u8,,,,,,,,,,,CCSH.txt
北京卫视,https://stream1.freetv.fun/9a04539c74e46e6df1cc2314f4ad5b56e4f9183117ddabcaa54faf0f6fd2f6e4.m3u8,,,,,,,,,,,CCSH.txt
北京卫视,https://stream1.freetv.fun/786bf920787f92216b3f39c74879c122dbb5dfe0f0d4082b5f43fdf3c8a75474.m3u8,,,,,,,,,,,CCSH.txt
北京卫视,https://stream1.freetv.fun/d72c92b51bcf39a00530b020cb2e90b28e57622feff7e4915cacde3469c044fd.m3u8,,,,,,,,,,,CCSH.txt
北京卫视,https://stream1.freetv.fun/81c57e64229ee26513ec49252330adea92adafa87cfe9d56626cf1847172632e.m3u8,,,,,,,,,,,CCSH.txt
北京卫视,http://kkk.888.3116598.xyz/api.php?n=tttt&id=v0kvH1&tk=FgM0vQMejxvG,,,,,,,,,,,CCSH.txt
北京卫视,http://kkk.888.3116598.xyz/api.php?n=tttt&id=bkpkjY&tk=FgM0vQMejxvG,,,,,,,,,,,CCSH.txt
北京卫视,http://kkk.888.3116598.xyz/api.php?n=tttt&id=kTrxmd&tk=FgM0vQMejxvG,,,,,,,,,,,CCSH.txt
海南卫视,http://ottrrs.hl.chinamobile.com/PLTV/88888888/224/3221226465/index.m3u8,,,,,,,,,,,CCSH.txt
海南卫视,http://ottrrs.hl.chinamobile.com/PLTV/88888888/224/3221225639/index.m3u8,,,,,,,,,,,CCSH.txt
海南卫视,http://hlsztemgsplive.miguvideo.com:8080/envivo_x/SD/lvyou/711/index.m3u8?msisdn=20260317040209e659c1d664d247dbb4e940cac9d3a8dd&mdspid=&spid=600633&netType=0&sid=5910022165&pid=2028597139&timestamp=20260317040209&Channel_ID=0116_2600000900-99000-201600010010027&ProgramID=947472502&ParentNodeID=-99&assertID=5910022165&client_ip=218.28.233.106&SecurityKey=20260317040209&promotionId=&mvid=5900004359&mcid=500020&playurlVersion=WX-A1-9.2.2-RELEASE&userid=&jmhm=&videocodec=h264&appCode=miguvideo_android&bean=mgspad&tid=android&conFee=0&encrypt=5dd76114db993173f0add1e6759f9f62,,,,,,,,,,,CCSH.txt
海南卫视,http://hlsztemgsplive.miguvideo.com:8080/envivo_x/SD/lvyou/711/index.m3u8?msisdn=2026031712020801596a67abf748309e0d382b568018c6&mdspid=&spid=600633&netType=0&sid=5910022165&pid=2028597139&timestamp=20260317120208&Channel_ID=0116_2600000900-99000-201600010010027&ProgramID=947472502&ParentNodeID=-99&assertID=5910022165&client_ip=218.28.233.106&SecurityKey=20260317120208&promotionId=&mvid=5900004359&mcid=500020&playurlVersion=WX-A1-9.2.2-RELEASE&userid=&jmhm=&videocodec=h264&appCode=miguvideo_android&bean=mgspad&tid=android&conFee=0&encrypt=2c6fc0945569683b094a0601a7f349af,,,,,,,,,,,CCSH.txt
海南卫视,http://hlsztemgsplive.miguvideo.com:8080/envivo_x/SD/lvyou/711/index.m3u8?msisdn=202603170802094037f1e64a14407181b9a763865d6a33&mdspid=&spid=600633&netType=0&sid=5910022165&pid=2028597139&timestamp=20260317080209&Channel_ID=0116_2600000900-99000-201600010010027&ProgramID=947472502&ParentNodeID=-99&assertID=5910022165&client_ip=218.28.233.106&SecurityKey=20260317080209&promotionId=&mvid=5900004359&mcid=500020&playurlVersion=WX-A1-9.2.2-RELEASE&userid=&jmhm=&videocodec=h264&appCode=miguvideo_android&bean=mgspad&tid=android&conFee=0&encrypt=b389574dcc88623f6cd62f050927da46,,,,,,,,,,,CCSH.txt
海南卫视,https://hls-gateway.vpstv.net/streams/708822.m3u8,,,,,,,,,,,CCSH.txt
海南卫视,http://api.kkitv.itv888.cn:8080/hls/c1cajhsgba8/index.m3u8,,,,,,,,,,,CCSH.txt
海南卫视,http://dd.ddzb.fun/php/migu.php?id=hinws,,,,,,,,,,,CCSH.txt
海南卫视,http://148.135.93.213/live.php?id=海南卫视,,,,,,,,,,,CCSH.txt
海南卫视,https://stream1.freetv.fun/e09cee26d4d52780ea1f93a2a2cd7241c312af4da9ba0cdb69e65e7c74d16355.m3u8,,,,,,,,,,,CCSH.txt
海南卫视,https://stream1.freetv.fun/c07f118cdd595588f817c5025f96202d77a8a69fc1ab1354580d08871cdd0b6e.m3u8,,,,,,,,,,,CCSH.txt
海南卫视,https://stream1.freetv.fun/88ce9949660efb3e94cf208ff5bb4fa81f296b80fcfb50d09df87c28949e10a0.m3u8,,,,,,,,,,,CCSH.txt
海南卫视,https://stream1.freetv.fun/eb41049bd834ddfb4cd47ed858ee349a815138cb85042afded58871be645cc67.m3u8,,,,,,,,,,,CCSH.txt
海南卫视,https://stream1.freetv.fun/c2050143891ad65886901531fce3a60bd082cf1d043bd0e8cdbef961ee74657e.m3u8,,,,,,,,,,,CCSH.txt
海南卫视,https://stream1.freetv.fun/d992d6b0979deedd845b1505d2ff726844d5c68bd19ac82e4e320df3228ac170.m3u8,,,,,,,,,,,CCSH.txt
海南卫视,https://stream1.freetv.fun/b7bf07489a9de8adfcf3a4762367c5ce59e94a2f3baf19a81b0611748784dad8.m3u8,,,,,,,,,,,CCSH.txt
海南卫视,https://stream1.freetv.fun/5d130292bc5632370395fb0b2cb1aa590d090e4d21a36435ab8d62eb9232d106.m3u8,,,,,,,,,,,CCSH.txt
海南卫视,https://stream1.freetv.fun/5f566bda63c98eaf917eb753437fd72546c9015a8495c02c3033d4185b2e560d.m3u8,,,,,,,,,,,CCSH.txt
海南卫视,https://stream1.freetv.fun/6a69e26ab19372df3a064eaf2abc2047cb47c0ad16e3fdb15484aa90947248bd.m3u8,,,,,,,,,,,CCSH.txt
海南卫视,https://stream1.freetv.fun/4d178e8fb4d27e7ea2b91575c36d6d87f1ccad9a6e2858c0a83131e58b64dea4.m3u8,,,,,,,,,,,CCSH.txt
深圳卫视,http://ottrrs.hl.chinamobile.com/PLTV/88888888/224/3221226313/index.m3u8,,,,,,,,,,,CCSH.txt
深圳卫视,http://ottrrs.hl.chinamobile.com/PLTV/88888888/224/3221225739/index.m3u8,,,,,,,,,,,CCSH.txt
深圳卫视,https://hls-gateway.vpstv.net/streams/476913.m3u8,,,,,,,,,,,CCSH.txt
深圳卫视,https://stream1.freetv.fun/b3c40496fe966efbda4eabce98dd1814fe46f38e98934644e0cd9e318820ffcc.m3u8,,,,,,,,,,,CCSH.txt
深圳卫视,https://stream1.freetv.fun/4af1fc48f0f78481ea64d26b00a41cd2f3602a4cb9ecb8c6b21f6b578685e571.m3u8,,,,,,,,,,,CCSH.txt
深圳卫视,https://stream1.freetv.fun/b6f191d152cd68e82619bf81baa62725dd590bca499c810e11b4babbe75cf8d5.m3u8,,,,,,,,,,,CCSH.txt
深圳卫视,https://stream1.freetv.fun/4ed655f1d1af7f8c33f44b669f7c406c14598b23f2a6757c8ac938679ce9361a.m3u8,,,,,,,,,,,CCSH.txt
深圳卫视,https://stream1.freetv.fun/59d27a1d92844dfed30e22eaf3058fdddef2262beb17a644baa4320a51c9e91a.m3u8,,,,,,,,,,,CCSH.txt
深圳卫视,https://stream1.freetv.fun/050a5064b02266de9cb307e22340bde7b9869e556d26e034323423e07deb99d1.m3u8,,,,,,,,,,,CCSH.txt
深圳卫视,http://23.237.228.134/live6/shenzhen.m3u8,,,,,,,,,,,CCSH.txt
深圳卫视,http://107.150.60.122/live/szwshd.m3u8,,,,,,,,,,,CCSH.txt
深圳卫视,http://kkk.888.3116598.xyz/api.php?n=tttt&id=PBqrPY&tk=FgM0vQMejxvG,,,,,,,,,,,CCSH.txt
深圳卫视,http://kkk.888.3116598.xyz/api.php?n=tttt&id=VbxSnn&tk=FgM0vQMejxvG,,,,,,,,,,,CCSH.txt
南方卫视,http://kkk.888.3116598.xyz/api.php?n=tttt&id=vPfSAx&tk=FgM0vQMejxvG,,,,,,,,,,,CCSH.txt
厦门卫视,http://ottrrs.hl.chinamobile.com/PLTV/88888888/224/3221226390/index.m3u8,,,,,,,,,,,CCSH.txt
厦门卫视,https://hls-gateway.vpstv.net/streams/708838.m3u8,,,,,,,,,,,CCSH.txt
厦门卫视,https://stream1.freetv.fun/8a2a9ccafaf754063ce9d89bdb563b7408b96117d9e868780622f631a35ea400.m3u8,,,,,,,,,,,CCSH.txt
厦门卫视,https://stream1.freetv.fun/fa7f6e9ffa48876e0a0c01d13236367138a865a5ebda64b80d0398a29ee8cdb7.m3u8,,,,,,,,,,,CCSH.txt
厦门卫视,https://stream1.freetv.fun/aa65dd411565991ace44f9e5934bd018fdd52122e052d471a363b6ee839e1079.m3u8,,,,,,,,,,,CCSH.txt
厦门卫视,https://stream1.freetv.fun/d9d95afccb2b63cf3413a6d6c328c65150fe664af371f3c6e1ef2cdae2b68c65.m3u8,,,,,,,,,,,CCSH.txt
厦门卫视,https://stream1.freetv.fun/c71a50d5cca22f2d65d97b8c3a3fb64d48fd6446bdba4c5a08135de2b235e837.m3u8,,,,,,,,,,,CCSH.txt
厦门卫视,https://stream1.freetv.fun/44ad572f8aed79d295c6d1436be94124e1348f4e866fa678b3a3e0313331eee4.m3u8,,,,,,,,,,,CCSH.txt
厦门卫视,https://stream1.freetv.fun/b141ea6ce9d451944bdbb8a936f68e89d95ae4084af344105a486cd0d717debd.m3u8,,,,,,,,,,,CCSH.txt
厦门卫视,https://stream1.freetv.fun/dbed63a86040718ec58da63619796d31e0af9afacda7aedd1423aa1af946a7b9.m3u8,,,,,,,,,,,CCSH.txt
厦门卫视,https://stream1.freetv.fun/f8d1629f014d910f22eba5798df47afb57a1636020d0ef99783649dc37c7a627.m3u8,,,,,,,,,,,CCSH.txt
厦门卫视,https://stream1.freetv.fun/cf7c26c2c6876a650312f14d2cbc9ed0b6345e59f7bdfbea939572011d0c9955.m3u8,,,,,,,,,,,CCSH.txt
厦门卫视,https://stream1.freetv.fun/cc2a1fdd054d0069e308a8c5358596fe1ba08562b102d8223a3b02e620082f96.m3u8,,,,,,,,,,,CCSH.txt
厦门卫视,https://stream1.freetv.fun/a927444efa3d55d3d42d4d80fc9dd565caeae93fe0328d6e078367c2120df3d4.m3u8,,,,,,,,,,,CCSH.txt
厦门卫视,https://stream1.freetv.fun/59c7359694ec77f9bc678221c3134b608aa973a44b2ed669c823673c1b2a8e0e.m3u8,,,,,,,,,,,CCSH.txt
厦门卫视,https://stream1.freetv.fun/5da2a85177dcd23a50c3ab9e4cab815050b93d08339747a724575bceef3143bb.m3u8,,,,,,,,,,,CCSH.txt
厦门卫视,https://stream1.freetv.fun/1d1f4ee3272778c3d7965079694c5fa2b4daae8342dfb55a91a721fa64d486fb.m3u8,,,,,,,,,,,CCSH.txt
厦门卫视,http://kkk.888.3116598.xyz/api.php?n=tttt&id=w6Yl9t&tk=FgM0vQMejxvG,,,,,,,,,,,CCSH.txt
吉林卫视,http://ottrrs.hl.chinamobile.com/PLTV/88888888/224/3221226397/index.m3u8,,,,,,,,,,,CCSH.txt
吉林卫视,http://ottrrs.hl.chinamobile.com/PLTV/88888888/224/3221226386/index.m3u8,,,,,,,,,,,CCSH.txt
吉林卫视,http://hlsztemgsplive.miguvideo.com:8080/envivo_v/2018/SD/jilin/1000/index.m3u8?msisdn=20260317120207036217da898d420e87c84eaf84ac912a&mdspid=&spid=600633&netType=0&sid=5910022164&pid=2028597139&timestamp=20260317120207&Channel_ID=0116_2600000900-99000-201600010010027&ProgramID=947472500&ParentNodeID=-99&assertID=5910022164&client_ip=218.28.233.106&SecurityKey=20260317120207&promotionId=&mvid=5900004357&mcid=500020&playurlVersion=WX-A1-9.2.2-RELEASE&userid=&jmhm=&videocodec=h264&appCode=miguvideo_android&bean=mgspad&tid=android&conFee=0&encrypt=1e9ccb928bda9a35377bbad438bca884,,,,,,,,,,,CCSH.txt
吉林卫视,http://hlsztemgsplive.miguvideo.com:8080/envivo_v/2018/SD/jilin/1000/index.m3u8?msisdn=2026031704020920a6a209413e47aca81656b9a06722a1&mdspid=&spid=600633&netType=0&sid=5910022164&pid=2028597139&timestamp=20260317040209&Channel_ID=0116_2600000900-99000-201600010010027&ProgramID=947472500&ParentNodeID=-99&assertID=5910022164&client_ip=218.28.233.106&SecurityKey=20260317040209&promotionId=&mvid=5900004357&mcid=500020&playurlVersion=WX-A1-9.2.2-RELEASE&userid=&jmhm=&videocodec=h264&appCode=miguvideo_android&bean=mgspad&tid=android&conFee=0&encrypt=5189a2750a09f0b2e5b0d3286b500741,,,,,,,,,,,CCSH.txt
吉林卫视,http://hlsztemgsplive.miguvideo.com:8080/envivo_v/2018/SD/jilin/1000/index.m3u8?msisdn=202603170802086f573d28f789436d99295a19eb687fbf&mdspid=&spid=600633&netType=0&sid=5910022164&pid=2028597139&timestamp=20260317080208&Channel_ID=0116_2600000900-99000-201600010010027&ProgramID=947472500&ParentNodeID=-99&assertID=5910022164&client_ip=218.28.233.106&SecurityKey=20260317080208&promotionId=&mvid=5900004357&mcid=500020&playurlVersion=WX-A1-9.2.2-RELEASE&userid=&jmhm=&videocodec=h264&appCode=miguvideo_android&bean=mgspad&tid=android&conFee=0&encrypt=d57e14949267f4f80f2bc36d121679ef,,,,,,,,,,,CCSH.txt
吉林卫视,https://hls-gateway.vpstv.net/streams/708844.m3u8,,,,,,,,,,,CCSH.txt
吉林卫视,http://dd.ddzb.fun/php/migu.php?id=jlws,,,,,,,,,,,CCSH.txt
吉林卫视,http://api.kkitv.itv888.cn:8080/hls/b6dl8yuvu/index.m3u,,,,,,,,,,,CCSH.txt
吉林卫视,http://player.cntv.cn/standard/live_HLSDRM20180919.swf?v=180.171.5.8.9.6.3.9&ChannelID=jilin&videoTVChannel=jilin&P2PChannelID=pd://cctv_p2p_hdjilin&tai=jilin&VideoName=jilin&channelID=jilin,,,,,,,,,,,CCSH.txt
吉林卫视,http://148.135.93.213/live.php?id=吉林卫视,,,,,,,,,,,CCSH.txt
吉林卫视,https://stream1.freetv.fun/38240e72b022695ae8540afd97ceab0e05e41c051da4785343d3a0fb1e3bbd80.m3u8,,,,,,,,,,,CCSH.txt
吉林卫视,https://stream1.freetv.fun/c8a8b8a24ab802c58f26f0520dc40cf341fbd5811ce1ae9327f2c63e26e8fc28.m3u8,,,,,,,,,,,CCSH.txt
吉林卫视,https://stream1.freetv.fun/8543613a4b69a8de52f4a1fa8052115426d328c8ee5989951dccffaedeace382.m3u8,,,,,,,,,,,CCSH.txt
吉林卫视,https://stream1.freetv.fun/b0b6373ee2e6ea207170635f86711774aa06812f4cf2aa9d1a5e9117188f98e2.m3u8,,,,,,,,,,,CCSH.txt
吉林卫视,https://stream1.freetv.fun/4294145909267be7e86b955a199ed4f03eeffa51273f469784c9bdf585c51593.m3u8,,,,,,,,,,,CCSH.txt
吉林卫视,https://stream1.freetv.fun/3638ffacb0a80fe415a91a12d71855c28bef9292217f9428a9ad860901524711.m3u8,,,,,,,,,,,CCSH.txt
吉林卫视,https://stream1.freetv.fun/3f194f12b5d86e319824e4b0524176bfbacc9ac3adefa0ffb074d592821bf043.m3u8,,,,,,,,,,,CCSH.txt
吉林卫视,https://stream1.freetv.fun/15bad2258aaef5dc3c8ad777f08c118643eed6f51fa4f556a74dd0f2b0267abb.m3u8,,,,,,,,,,,CCSH.txt
吉林卫视,https://stream1.freetv.fun/ec115ddb27069ec189cbd1363c4bc06def34d3a19b57c979b96ed9201bda04bb.m3u8,,,,,,,,,,,CCSH.txt
四川卫视,http://ottrrs.hl.chinamobile.com/PLTV/88888888/224/3221226338/index.m3u8,,,,,,,,,,,CCSH.txt
四川卫视,http://ottrrs.hl.chinamobile.com/PLTV/88888888/224/3221226513/index.m3u8,,,,,,,,,,,CCSH.txt
四川卫视,https://hls-gateway.vpstv.net/streams/476917.m3u8,,,,,,,,,,,CCSH.txt
四川卫视,http://148.135.93.213/live.php?id=四川卫视,,,,,,,,,,,CCSH.txt
四川卫视,https://stream1.freetv.fun/31f22aa98440a9ea139727d36f0100003890bccc2fe4cb2469e9893e99309f5f.m3u8,,,,,,,,,,,CCSH.txt
四川卫视,https://stream1.freetv.fun/1fee1f6d31944264f93ad34a35e6a3828918420f86b3f91ce5d6696131dca610.m3u8,,,,,,,,,,,CCSH.txt
四川卫视,https://stream1.freetv.fun/4fac296fd9cc5208891eb5a10f289404e7719e3c738bfdda26d726eb9e039e97.m3u8,,,,,,,,,,,CCSH.txt
四川卫视,https://stream1.freetv.fun/a4fd9fe1601ae0bc171653ec9e7056ffc25b4db1c0b9b2c51f93629dbef064ae.m3u8,,,,,,,,,,,CCSH.txt
四川卫视,https://stream1.freetv.fun/d98c7f303ea63c074b5a81788a7924c793425bcbb6a904b9b9e8e9355fb3db67.m3u8,,,,,,,,,,,CCSH.txt
四川卫视,https://stream1.freetv.fun/d85eb07fd9629b1c184177551010c7014e316d9eef3454a262bdf4dd79b0ef98.m3u8,,,,,,,,,,,CCSH.txt
四川卫视,https://stream1.freetv.fun/197fd35f48748ce2cffdf9f0f2e86ecd3081f95a21c30c5b609824774f52a916.m3u8,,,,,,,,,,,CCSH.txt
四川卫视,https://stream1.freetv.fun/118ec0d02a2b3eee76036b97d55e9a1cd168039a3b44278493d20b95b7fc1cea.m3u8,,,,,,,,,,,CCSH.txt
四川卫视,https://stream1.freetv.fun/9bb3a53b6db62ecb53c69b99d4b342269873b573e1132398147a869414a76978.m3u8,,,,,,,,,,,CCSH.txt
四川卫视,https://stream1.freetv.fun/a927de7105cff9da0acec8bab6d52c52f04ef294e1775186d8de7a80a87fe566.m3u8,,,,,,,,,,,CCSH.txt
四川卫视,https://stream1.freetv.fun/b8ce0029eb6a2eb158319b3b735397835baa258b31e06e356be8f43bedcf32ce.m3u8,,,,,,,,,,,CCSH.txt
四川卫视,https://stream1.freetv.fun/63e9694c4fa3f66b96b3ba2b7d2d636b81a61b917ebe370a7bc0ec11934ffef4.m3u8,,,,,,,,,,,CCSH.txt
天津卫视,http://ottrrs.hl.chinamobile.com/PLTV/88888888/224/3221226459/index.m3u8,,,,,,,,,,,CCSH.txt
天津卫视,http://ottrrs.hl.chinamobile.com/PLTV/88888888/224/3221225740/index.m3u8,,,,,,,,,,,CCSH.txt
天津卫视,https://hls-gateway.vpstv.net/streams/708872.m3u8,,,,,,,,,,,CCSH.txt
天津卫视,http://148.135.93.213/live.php?id=天津卫视,,,,,,,,,,,CCSH.txt
天津卫视,http://38.75.136.137:98/gslb/dsdqca/tjwshd.m3u8?auth=test20251009,,,,,,,,,,,CCSH.txt
天津卫视,https://stream1.freetv.fun/c8c2f6c41f02c70866924be598307a49bab6a6fe432d423d6c7f09c65fdf5ada.m3u8,,,,,,,,,,,CCSH.txt
天津卫视,https://stream1.freetv.fun/b174433fa74b990a5146d8f6ee46307b62bde3e61df3a44eb8aaa649af3cc6fd.m3u8,,,,,,,,,,,CCSH.txt
天津卫视,https://stream1.freetv.fun/be0acdbb3974c65866118e7d81c8153d45267dc0802796ce4b6161a8a24afd2c.m3u8,,,,,,,,,,,CCSH.txt
天津卫视,https://stream1.freetv.fun/f3f1b06aca01e31238fcfd054e6ea39ee3ee3d45abe9f85a6cc48ee8396d4034.m3u8,,,,,,,,,,,CCSH.txt
天津卫视,https://stream1.freetv.fun/0d3a11ab7b1579bed59253d1fda80783bd3d15b047c0f9336517bdc5d84d8e66.m3u8,,,,,,,,,,,CCSH.txt
天津卫视,https://stream1.freetv.fun/c53b590edd83259c81e0c7236308f727d152af9ddb24496c8db1485b6a046e32.m3u8,,,,,,,,,,,CCSH.txt
天津卫视,https://stream1.freetv.fun/ce7dc064a1aba74e5cd30069e9b8c51e958bb5e4e6804b5070d1ce3e76ab7226.m3u8,,,,,,,,,,,CCSH.txt
天津卫视,https://stream1.freetv.fun/b3eb13b745703627bd6e4f9a0864000c04f07d77719a4f9bc6f0aa0d5c370410.m3u8,,,,,,,,,,,CCSH.txt
宁夏卫视,http://ottrrs.hl.chinamobile.com/PLTV/88888888/224/3221225632/index.m3u8,,,,,,,,,,,CCSH.txt
宁夏卫视,http://ottrrs.hl.chinamobile.com/PLTV/88888888/224/3221226454/index.m3u8,,,,,,,,,,,CCSH.txt
宁夏卫视,http://hlsztemgsplive.miguvideo.com:8080/envivo_x/2018/SD/ningxia/1000/index.m3u8?msisdn=20260317120208e852d2d7a3cd4057a47bda936dc4988a&mdspid=&spid=600697&netType=0&sid=5910022262&pid=2028597139&timestamp=20260317120208&Channel_ID=0116_2600000900-99000-201600010010027&ProgramID=738910535&ParentNodeID=-99&assertID=5910022262&client_ip=218.28.233.106&SecurityKey=20260317120208&promotionId=&mvid=5900004337&mcid=500020&playurlVersion=WX-A1-9.2.2-RELEASE&userid=&jmhm=&videocodec=h264&appCode=miguvideo_android&bean=mgspad&tid=android&conFee=0&encrypt=8c1c474e79a07cd3aeeeb56bd4485998,,,,,,,,,,,CCSH.txt
宁夏卫视,http://hlsztemgsplive.miguvideo.com:8080/envivo_x/2018/SD/ningxia/1000/index.m3u8?msisdn=20260317040209aa75ad6cf6c044cc8cbc40448310d94b&mdspid=&spid=600697&netType=0&sid=5910022262&pid=2028597139&timestamp=20260317040209&Channel_ID=0116_2600000900-99000-201600010010027&ProgramID=738910535&ParentNodeID=-99&assertID=5910022262&client_ip=218.28.233.106&SecurityKey=20260317040209&promotionId=&mvid=5900004337&mcid=500020&playurlVersion=WX-A1-9.2.2-RELEASE&userid=&jmhm=&videocodec=h264&appCode=miguvideo_android&bean=mgspad&tid=android&conFee=0&encrypt=f2b21defdfd49a6db777ef646a31df63,,,,,,,,,,,CCSH.txt
宁夏卫视,http://hlsztemgsplive.miguvideo.com:8080/envivo_x/2018/SD/ningxia/1000/index.m3u8?msisdn=20260317080209e2f4b46cd4974839b4c1b3829fe08e88&mdspid=&spid=600697&netType=0&sid=5910022262&pid=2028597139&timestamp=20260317080209&Channel_ID=0116_2600000900-99000-201600010010027&ProgramID=738910535&ParentNodeID=-99&assertID=5910022262&client_ip=218.28.233.106&SecurityKey=20260317080209&promotionId=&mvid=5900004337&mcid=500020&playurlVersion=WX-A1-9.2.2-RELEASE&userid=&jmhm=&videocodec=h264&appCode=miguvideo_android&bean=mgspad&tid=android&conFee=0&encrypt=b7bf0253a3ff489e5edc1fa3cadd7488,,,,,,,,,,,CCSH.txt
宁夏卫视,https://hls-gateway.vpstv.net/streams/709093.m3u8,,,,,,,,,,,CCSH.txt
宁夏卫视,http://dd.ddzb.fun/php/migu.php?id=nxws,,,,,,,,,,,CCSH.txt
宁夏卫视,https://stream1.freetv.fun/53a19b4d7f728a661b149caf3de83d5662e7273c497933176191030bea3e4a70.m3u8,,,,,,,,,,,CCSH.txt
宁夏卫视,https://stream1.freetv.fun/0672dfd08568278cfb810bc97fec65e6f34067fed7aa88aa1c822dfdc955d382.m3u8,,,,,,,,,,,CCSH.txt
宁夏卫视,https://stream1.freetv.fun/ac4108ce22c6f34c415351b88168913d013b4325217cedd36a37cd05de196639.m3u8,,,,,,,,,,,CCSH.txt
宁夏卫视,https://stream1.freetv.fun/0a2e3dc73fe71f176d2f9a42332146579595595ad01e949be47dab5db3932307.m3u8,,,,,,,,,,,CCSH.txt
宁夏卫视,https://stream1.freetv.fun/db1a85e39841fd048eb88e1cf2b7d31072a4fb570cc8a723409dff45d4f482b7.m3u8,,,,,,,,,,,CCSH.txt
宁夏卫视,https://stream1.freetv.fun/9da9d86dd9a71ab4526a2165e888246611ce4172aad35eb960f1eafaeec30f90.m3u8,,,,,,,,,,,CCSH.txt
宁夏卫视,https://stream1.freetv.fun/8ae71558d492ac43ed16dd0b77a95c7c5a8e5b4d435b3c35bc4adc0048b7d33c.m3u8,,,,,,,,,,,CCSH.txt
宁夏卫视,https://stream1.freetv.fun/4a00d53a4353c6f92e9e7486b002bd5a3f7f65d8594859a1e6ed13a1322d7bdf.m3u8,,,,,,,,,,,CCSH.txt
宁夏卫视,https://stream1.freetv.fun/7c97987fabe18f3ac68fed41bc53ceffb58399ae248785798ba08e384728f027.m3u8,,,,,,,,,,,CCSH.txt
宁夏卫视,https://stream1.freetv.fun/85f5cab36f1df19aa46c14dd20b99b69a10818199e8ec2a627aa4b3f56ec35d0.m3u8,,,,,,,,,,,CCSH.txt
宁夏卫视,https://stream1.freetv.fun/a2498d1e0bc99fb08805758a9ea1ee9d80729bd77d22fb71cce4b0e14786dae1.m3u8,,,,,,,,,,,CCSH.txt
宁夏卫视,https://stream1.freetv.fun/bbdd34baf660b2abd7cd2ec65254ab66906d26a7958a0c249bb9f7eaac1b051a.m3u8,,,,,,,,,,,CCSH.txt
宁夏卫视,https://stream1.freetv.fun/d9f91e5ab7ea769b6fabc592149e71772171fb6eb53c004ea91855498d8c0296.m3u8,,,,,,,,,,,CCSH.txt
山东卫视,http://ottrrs.hl.chinamobile.com/PLTV/88888888/224/3221226456/index.m3u8,,,,,,,,,,,CCSH.txt
山东卫视,http://ottrrs.hl.chinamobile.com/PLTV/88888888/224/3221226507/index.m3u8,,,,,,,,,,,CCSH.txt
山东卫视,https://hls-gateway.vpstv.net/streams/708860.m3u8,,,,,,,,,,,CCSH.txt
山东卫视,http://dd.ddzb.fun/php/migu.php?id=sdws,,,,,,,,,,,CCSH.txt
山东卫视,http://148.135.93.213/live.php?id=山东卫视,,,,,,,,,,,CCSH.txt
山东卫视,https://stream1.freetv.fun/934000425c51d50edc50e8dd48d609d7cf5cea31c296b2a86f780b5acf7434ad.m3u8,,,,,,,,,,,CCSH.txt
山东卫视,https://stream1.freetv.fun/43b5c6d81b60a71ae667d0421138ab14f488e8352ef1ed366c97a42143bed350.m3u8,,,,,,,,,,,CCSH.txt
山东卫视,https://stream1.freetv.fun/84a9d650a24c7a23413122151ff352b3a984ce28327f3f844f0c77cad6c71d72.m3u8,,,,,,,,,,,CCSH.txt
山东卫视,https://stream1.freetv.fun/dc02290595664312c49f235a7ddcc445db57176503feb01bbada820d1abda853.m3u8,,,,,,,,,,,CCSH.txt
山东卫视,https://stream1.freetv.fun/81a4a1600b213a26729f9e24d8381601889787ef3447b8a5dd0566e7e182b285.m3u8,,,,,,,,,,,CCSH.txt
山东卫视,https://stream1.freetv.fun/c5d7e1d2bdcefe510e4d8ef42acdf78c2e399133bad012c2c8a9125d832da5ee.m3u8,,,,,,,,,,,CCSH.txt
山东卫视,https://stream1.freetv.fun/5b3f8b55c9ab9a236c5a900671932cbf4e8483a632e066e57ea7436c63bbe588.m3u8,,,,,,,,,,,CCSH.txt
山东卫视,https://stream1.freetv.fun/b72f3d6fabe85266cc29ced982a92d33d6330c011a8a30eb4efb65760b83c210.m3u8,,,,,,,,,,,CCSH.txt
山东卫视,https://stream1.freetv.fun/439c7c000473ecacf69a76d07e5a2754ea71c4dd72438caa79aea3e0efda70d9.m3u8,,,,,,,,,,,CCSH.txt
山东卫视,https://stream1.freetv.fun/c98c710b867198d8033667e191f55f8c562aed0832e4a4e9c239f864f1068d02.m3u8,,,,,,,,,,,CCSH.txt
山东卫视,https://stream1.freetv.fun/24c31af25ba4edecf548069f91fd10e3a708c891e9755574d9d3e85f05a6cec7.m3u8,,,,,,,,,,,CCSH.txt
山东卫视,https://stream1.freetv.fun/607df557e9f4c56e74d41e929b361f51ffdbfca57666bd349f2a63a97947e769.m3u8,,,,,,,,,,,CCSH.txt
山东卫视,https://stream1.freetv.fun/798644055c27a846f52f237a6de44349b2243939ec738927c8377f2955127a36.m3u8,,,,,,,,,,,CCSH.txt
山西卫视,http://ottrrs.hl.chinamobile.com/PLTV/88888888/224/3221225624/index.m3u8,,,,,,,,,,,CCSH.txt
山西卫视,http://ottrrs.hl.chinamobile.com/PLTV/88888888/224/3221226392/index.m3u8,,,,,,,,,,,CCSH.txt
山西卫视,https://hls-gateway.vpstv.net/streams/708874.m3u8,,,,,,,,,,,CCSH.txt
山西卫视,https://t.freetv.fun/live/shan-xi-wei-shi-3-2.m3u8,,,,,,,,,,,CCSH.txt
山西卫视,http://148.135.93.213/live.php?id=山西卫视,,,,,,,,,,,CCSH.txt
山西卫视,http://23.237.228.134/live8/shanxi.m3u8,,,,,,,,,,,CCSH.txt
山西卫视,http://kkk.888.3116598.xyz/api.php?n=tttt&id=eygoau&tk=FgM0vQMejxvG,,,,,,,,,,,CCSH.txt
山西卫视,http://kkk.888.3116598.xyz/api.php?n=tttt&id=wS5zjM&tk=FgM0vQMejxvG,,,,,,,,,,,CCSH.txt
山西卫视,http://kkk.888.3116598.xyz/api.php?n=tttt&id=XCPL4p&tk=FgM0vQMejxvG,,,,,,,,,,,CCSH.txt
山西卫视,http://kkk.888.3116598.xyz/api.php?n=tttt&id=PFfCYf&tk=FgM0vQMejxvG,,,,,,,,,,,CCSH.txt
山西卫视,http://kkk.888.3116598.xyz/api.php?n=tttt&id=sWc8AV&tk=FgM0vQMejxvG,,,,,,,,,,,CCSH.txt
山西卫视,https://iptv.catvod.com/catvod.php?id=sxiws,,,,,,,,,,,CCSH.txt
广东卫视,http://ottrrs.hl.chinamobile.com/PLTV/88888888/224/3221226248/index.m3u8,,,,,,,,,,,CCSH.txt
广东卫视,http://ottrrs.hl.chinamobile.com/PLTV/88888888/224/3221226374/index.m3u8,,,,,,,,,,,CCSH.txt
广东卫视,http://hlsztemgsplive.miguvideo.com:8080/ws_w/2018/gdws/gdws711/1000/index.m3u8?msisdn=202603171202077085bc8a4d9a4df887e936f5aaa35707&mdspid=&spid=699054&netType=0&sid=2202428795&pid=2028597139&timestamp=20260317120207&Channel_ID=0116_2600000900-99000-201600010010027&ProgramID=608831231&ParentNodeID=-99&assertID=2202428795&client_ip=218.28.233.106&SecurityKey=20260317120207&promotionId=&mvid=2202428795&mcid=500020&playurlVersion=WX-A1-9.2.2-RELEASE&userid=&jmhm=&videocodec=h264&appCode=miguvideo_android&bean=mgspad&tid=android&conFee=0&encrypt=35be71e5136777fc5941fed4a65c029f,,,,,,,,,,,CCSH.txt
广东卫视,http://hlsztemgsplive.miguvideo.com:8080/ws_w/2018/gdws/gdws711/1000/index.m3u8?msisdn=20260317080207139c331f61ed4f49899c1e3dd104413d&mdspid=&spid=699054&netType=0&sid=2202428795&pid=2028597139&timestamp=20260317080207&Channel_ID=0116_2600000900-99000-201600010010027&ProgramID=608831231&ParentNodeID=-99&assertID=2202428795&client_ip=218.28.233.106&SecurityKey=20260317080207&promotionId=&mvid=2202428795&mcid=500020&playurlVersion=WX-A1-9.2.2-RELEASE&userid=&jmhm=&videocodec=h264&appCode=miguvideo_android&bean=mgspad&tid=android&conFee=0&encrypt=bdb43f17801e237b304bf2adc34766a1,,,,,,,,,,,CCSH.txt
广东卫视,http://hlsztemgsplive.miguvideo.com:8080/ws_w/2018/gdws/gdws711/1000/index.m3u8?msisdn=20260317020204a13e012d71a64b86af0fe723bf8bf850&mdspid=&spid=699054&netType=0&sid=2202428795&pid=2028597139&timestamp=20260317020204&Channel_ID=0116_2600000900-99000-201600010010027&ProgramID=608831231&ParentNodeID=-99&assertID=2202428795&client_ip=218.28.233.106&SecurityKey=20260317020204&promotionId=&mvid=2202428795&mcid=500020&playurlVersion=WX-A1-9.2.2-RELEASE&userid=&jmhm=&videocodec=h264&appCode=miguvideo_android&bean=mgspad&tid=android&conFee=0&encrypt=37b1c6bea324c761549655c26143cce0,,,,,,,,,,,CCSH.txt
广东卫视,http://hlsztemgsplive.miguvideo.com:8080/ws_w/2018/gdws/gdws711/1000/index.m3u8?msisdn=20260209040208b7fdef1503cd41b3a15efc83c4616146&mdspid=&spid=699054&netType=0&sid=2202428795&pid=2028597139&timestamp=20260209040208&Channel_ID=0116_2600000900-99000-201600010010027&ProgramID=608831231&ParentNodeID=-99&assertID=2202428795&client_ip=218.28.233.106&SecurityKey=20260209040208&promotionId=&mvid=2202428795&mcid=500020&playurlVersion=WX-A1-9.1.1.3-RELEASE&userid=&jmhm=&videocodec=h264&appCode=miguvideo_android&bean=mgspad&tid=android&conFee=0&encrypt=a52d374097b5f15c689423533a043ba9,,,,,,,,,,,CCSH.txt
广东卫视,https://hls-gateway.vpstv.net/streams/476914.m3u8,,,,,,,,,,,CCSH.txt
广东卫视,http://dd.ddzb.fun/php/migu.php?id=gdws,,,,,,,,,,,CCSH.txt
广东卫视,https://txmov2.a.kwimgs.com/upic/2023/01/26/09/BMjAyMzAxMjYwOTE3NDVfNzM5MzQzNzIyXzk0NjI1OTUwNTA3XzBfMw==_b_B81ddda927d33445d544befd008e60109.mp4,,,,,,,,,,,CCSH.txt
广东卫视,https://stream1.freetv.fun/a72812e93490410583b988eedf11fcc8c425c0e15bc8f2aab64626f4b6a3ff25.m3u8,,,,,,,,,,,CCSH.txt
广东卫视,https://stream1.freetv.fun/79202aa439fc4fb94a8304f8608737f7cff1626f2b42aa6d5552ecfc2bcacbaf.m3u8,,,,,,,,,,,CCSH.txt
广东卫视,https://stream1.freetv.fun/254cd336bd5b0df6d92107dc982893be1b2e931a8e1c144ee600993d9de7c3cd.m3u8,,,,,,,,,,,CCSH.txt
广东卫视,https://stream1.freetv.fun/83cb195384d56301c888d89f92f507201cff9f93ff2b2b6ad0dee9fcbf7751ce.m3u8,,,,,,,,,,,CCSH.txt
广东卫视,https://stream1.freetv.fun/ae49dc5a860f65496e2207dc8b5f47752f9b38beba4ccf16fc1286f71708465e.m3u8,,,,,,,,,,,CCSH.txt
广东卫视,https://stream1.freetv.fun/d2589ead2fb42babba3a2b80930b04d6da9272d2c5f125d60cd57a204a3e7e2d.m3u8,,,,,,,,,,,CCSH.txt
广东卫视,https://stream1.freetv.fun/80f9f93aeb14f2b203cb77e1f72b095e2aa7e9491de1ee852d24239ba08f3098.m3u8,,,,,,,,,,,CCSH.txt
广东卫视,https://stream1.freetv.fun/50ac5b1b5fd23d475b1af675426a35acb6cc15a5c69351e2a73c7eb7e55ca499.m3u8,,,,,,,,,,,CCSH.txt
广西卫视,http://ottrrs.hl.chinamobile.com/PLTV/88888888/224/3221226380/index.m3u8,,,,,,,,,,,CCSH.txt
广西卫视,http://ottrrs.hl.chinamobile.com/PLTV/88888888/224/3221226549/index.m3u8,,,,,,,,,,,CCSH.txt
广西卫视,https://hls-gateway.vpstv.net/streams/708864.m3u8,,,,,,,,,,,CCSH.txt
广西卫视,http://api.kkitv.itv888.cn:8080/hls/yvz4ndj9dqb/index.m3u8,,,,,,,,,,,CCSH.txt
广西卫视,http://dd.ddzb.fun/php/migu.php?id=gxws,,,,,,,,,,,CCSH.txt
广西卫视,http://148.135.93.213/live.php?id=广西卫视,,,,,,,,,,,CCSH.txt
广西卫视,https://stream1.freetv.fun/ea0d1b1fd3dead4ce62ebea5bb153d4db39617a5e0e37af009e5207049b17cfd.m3u8,,,,,,,,,,,CCSH.txt
广西卫视,https://stream1.freetv.fun/64c0d15a8ec94aa45c8bb8e9314d511676c9ae4378cc20bd0c2b606caf6383e4.m3u8,,,,,,,,,,,CCSH.txt
广西卫视,https://stream1.freetv.fun/374ece896f9443b6ab9ec6b0df8ad9d5e39ebcd233b544daa940baaba70af533.m3u8,,,,,,,,,,,CCSH.txt
广西卫视,https://stream1.freetv.fun/52c0a80fd71da625bb7598408847c09e8bc7a1277d37354cbee4a624ffc7d994.m3u8,,,,,,,,,,,CCSH.txt
广西卫视,https://stream1.freetv.fun/86f11ddc0a95dc6a89f6959e3a8f5ad5cc1312fc051bf5d38dd925ba23ae5b2a.m3u8,,,,,,,,,,,CCSH.txt
广西卫视,https://stream1.freetv.fun/9ddd22f91fa2be56b4da5b2c8df8be20141d218f52ebf7728bb70cf8c1caeaf8.m3u8,,,,,,,,,,,CCSH.txt
广西卫视,https://stream1.freetv.fun/0c08b0650f97a1197cfb8f46dda9efba766c7dd74806f345113458d7c309e081.m3u8,,,,,,,,,,,CCSH.txt
广西卫视,https://stream1.freetv.fun/c00938b816d5461976755ff738233a64417404134053a69b735115224d2de174.m3u8,,,,,,,,,,,CCSH.txt
广西卫视,https://stream1.freetv.fun/460e4ed32ef08a437b5d8564303ccc5ae963ca6d9694c92502aa163f8117afbc.m3u8,,,,,,,,,,,CCSH.txt
广西卫视,https://stream1.freetv.fun/3e146898bc4b5a627b9283c4af952e71c619ecfaa7a857d4af08140e638aa4a0.m3u8,,,,,,,,,,,CCSH.txt
广西卫视,https://stream1.freetv.fun/856f3b6c385dc6ba4a11107e63bfb3bdf228e74251ccb18eef2a2849771c84ea.m3u8,,,,,,,,,,,CCSH.txt
广西卫视,https://stream1.freetv.fun/1984533e3d6622b87d4e576e8bfd6d04459b2547cef4001109cbd7f6ff118bd8.m3u8,,,,,,,,,,,CCSH.txt
广西卫视,https://stream1.freetv.fun/5206e64f138db7c8f7dead5969aeb89c1a5d7ef0fa8d70add327de43d73b43e9.m3u8,,,,,,,,,,,CCSH.txt
延边卫视,http://ottrrs.hl.chinamobile.com/PLTV/88888888/224/3221226516/index.m3u8,,,,,,,,,,,CCSH.txt
延边卫视,https://stream1.freetv.fun/a26f33a3504d1ef90a6b1750c720fb6b6a0dcab447c91e0afd790b9fe21b2bbf.m3u8,,,,,,,,,,,CCSH.txt
延边卫视,https://stream1.freetv.fun/d2ea3a364fa453b29060ebccb5a06a1941755859c0182ab0f071473c08738fc2.m3u8,,,,,,,,,,,CCSH.txt
延边卫视,http://kkk.888.3116598.xyz/api.php?n=tttt&id=6SryRL&tk=FgM0vQMejxvG,,,,,,,,,,,CCSH.txt
延边卫视,http://kkk.888.3116598.xyz/api.php?n=tttt&id=b7MQBA&tk=FgM0vQMejxvG,,,,,,,,,,,CCSH.txt
延边卫视,http://kkk.888.3116598.xyz/api.php?n=tttt&id=d3B5Sd&tk=FgM0vQMejxvG,,,,,,,,,,,CCSH.txt
延边卫视,http://kkk.888.3116598.xyz/api.php?n=tttt&id=hM1OW2&tk=FgM0vQMejxvG,,,,,,,,,,,CCSH.txt
延边卫视,http://kkk.888.3116598.xyz/api.php?n=tttt&id=GaMgIY&tk=FgM0vQMejxvG,,,,,,,,,,,CCSH.txt
延边卫视,http://tvbox6.com/tv/bfgd.php?id=117,,,,,,,,,,,CCSH.txt
延边卫视,http://dl.wifi942.com:66/jsyd/jsyd.php?id=G_YANBIAN,,,,,,,,,,,CCSH.txt
延边卫视,http://120.76.248.139/live/bfgd/4200000117.m3u8,,,,,,,,,,,CCSH.txt
延边卫视,http://gmxw.7766.org:808/hls/15/index.m3u8,,,,,,,,,,,CCSH.txt
延边卫视,https://stream1.freetv.fun/c0b813fdcf8e35946c0c91e75d6a2ed10a8b9094c02223e4cb83b282c977ef58.ctv,,,,,,,,,,,CCSH.txt
延边卫视,http://satellitepull.cnr.cn/live/wxybws/playlist.m3u8,,,,,,,,,,,CCSH.txt
新疆卫视,http://ottrrs.hl.chinamobile.com/PLTV/88888888/224/3221225635/index.m3u8,,,,,,,,,,,CCSH.txt
新疆卫视,http://ottrrs.hl.chinamobile.com/PLTV/88888888/224/3221226460/index.m3u8,,,,,,,,,,,CCSH.txt
新疆卫视,https://hls-gateway.vpstv.net/streams/709094.m3u8,,,,,,,,,,,CCSH.txt
新疆卫视,http://cc2022.ifengli.com:2000/live/xjws-sd/1500.m3u8?innersid=2025,,,,,,,,,,,CCSH.txt
新疆卫视,http://dd.ddzb.fun/php/migu.php?id=xjws,,,,,,,,,,,CCSH.txt
新疆卫视,https://stream1.freetv.fun/b018a738e4f4c556296cf873999c9652fa3a0afb20a39907e6653036e2cb0c15.m3u8,,,,,,,,,,,CCSH.txt
新疆卫视,https://stream1.freetv.fun/2a6fa8f79e18cfe500b59da64583fdc346bbcfd668500473c222950c7a24ce87.m3u8,,,,,,,,,,,CCSH.txt
新疆卫视,https://stream1.freetv.fun/ba74609f5ff97c464ff3140e1e89d4a2696465ab07503a47a8f5dc1607fba7d6.m3u8,,,,,,,,,,,CCSH.txt
新疆卫视,https://stream1.freetv.fun/369d82e2913254f5a712ca6bcb0931176462d5a46be06f9771cdcf93f7f35cdb.m3u8,,,,,,,,,,,CCSH.txt
新疆卫视,https://stream1.freetv.fun/c07714b7f1004e17604d86e387852ba566545ab574aa511151b4c535c279e69b.m3u8,,,,,,,,,,,CCSH.txt
新疆卫视,https://stream1.freetv.fun/f83de6d96f0872968f855a6489f634bb4491624aff134053beb53807e6c1bfa5.m3u8,,,,,,,,,,,CCSH.txt
新疆卫视,https://stream1.freetv.fun/9dffc41fcd6f3e486cc58b19310a8ce4e34a3e72fec6def4663853397c68b10c.m3u8,,,,,,,,,,,CCSH.txt
新疆卫视,https://stream1.freetv.fun/674920ceab1d54e60eb79d53a3e465c5cf568f68dc82977a6ef79362cec859ca.m3u8,,,,,,,,,,,CCSH.txt
新疆卫视,https://stream1.freetv.fun/363c0657149101e76a4b7f45275584ee460444b7772a92df1c69cbecec1c698c.m3u8,,,,,,,,,,,CCSH.txt
新疆卫视,https://stream1.freetv.fun/4213d39a61f4f47b87ddf693dc33670af8ae213ef3aab43c05de1a363f2fbc7b.m3u8,,,,,,,,,,,CCSH.txt
新疆卫视,https://stream1.freetv.fun/e7a053abe997b38ab5da298dbe0ab1b78baee99b05594e77c3f2375af55027c8.m3u8,,,,,,,,,,,CCSH.txt
新疆卫视,https://stream1.freetv.fun/9984b91d551344bdfd104ed83945412e4b224dfc9eea616a99822f8241b8d47e.m3u8,,,,,,,,,,,CCSH.txt
新疆卫视,https://stream1.freetv.fun/20f40a367147b3bddbe28b9ed01aee9f9490aad1dc12b5cdd17cbf233dadbe17.m3u8,,,,,,,,,,,CCSH.txt
新疆卫视,https://stream1.freetv.fun/5027603861b7d683b3efa4458d7b350b4496e3f0fa64e93b2621fd54e360a1de.m3u8,,,,,,,,,,,CCSH.txt
云南卫视,http://ottrrs.hl.chinamobile.com/PLTV/88888888/224/3221226444/index.m3u8,,,,,,,,,,,CCSH.txt
云南卫视,http://ottrrs.hl.chinamobile.com/PLTV/88888888/224/3221225726/index.m3u8,,,,,,,,,,,CCSH.txt
云南卫视,https://hls-gateway.vpstv.net/streams/708863.m3u8,,,,,,,,,,,CCSH.txt
云南卫视,http://dd.ddzb.fun/php/migu.php?id=ynws,,,,,,,,,,,CCSH.txt
云南卫视,http://cc2022.ifengli.com:2000/live/ynws-hd/2500.m3u8?innersid=2025,,,,,,,,,,,CCSH.txt
云南卫视,https://stream1.freetv.fun/5c1b012bdfc193530a45e7be5aa5f0076412082c35610cc3466727b7512b9353.m3u8,,,,,,,,,,,CCSH.txt
云南卫视,https://stream1.freetv.fun/c0407d14e70f9c1bdefe20bce70e50163a638aab3cfc26c2f10d4057d5a41314.m3u8,,,,,,,,,,,CCSH.txt
云南卫视,https://stream1.freetv.fun/5bbba5834b315d5fec76e36bcd530eca118d6b43f41e5be0a5ac9da26541fad7.m3u8,,,,,,,,,,,CCSH.txt
云南卫视,https://stream1.freetv.fun/06afd1dc3dbd4e026594ee45c2f245b90205d035d4986d0a78ce04f7eed020c2.m3u8,,,,,,,,,,,CCSH.txt
云南卫视,https://stream1.freetv.fun/8516ee373bc6e9f2805a68338e64e4df5737bb2c4be5f7dafba1c4a8c6d5af7c.m3u8,,,,,,,,,,,CCSH.txt
云南卫视,https://stream1.freetv.fun/78d5fdfe5a6a02f95ba9abe9781d88980afafde30f29a80c5ce264ca7c1fe245.m3u8,,,,,,,,,,,CCSH.txt
云南卫视,https://stream1.freetv.fun/44791e60a00a1d5f4377263bbc81e2b4c50cd356967a9cdb8ce05fb6db43d1ea.m3u8,,,,,,,,,,,CCSH.txt
云南卫视,https://stream1.freetv.fun/c1282f8e1542d0628e7be656a86f6324b769643dc6f05a02142c86b748b22fc5.m3u8,,,,,,,,,,,CCSH.txt
云南卫视,https://stream1.freetv.fun/8e81cbb76e0813b2f30803f97843771f0217d28d4ca11246db8f85a068cf637a.m3u8,,,,,,,,,,,CCSH.txt
云南卫视,https://stream1.freetv.fun/30833828943dd863ae674e21ce2b071f6b9cea50e07fbcfe5c2a0ce16fa20dd2.m3u8,,,,,,,,,,,CCSH.txt
云南卫视,https://stream1.freetv.fun/b9151e5251d5a3417d7af76a66bd3a6da5cf19f1c7008604fb1228b48249a975.m3u8,,,,,,,,,,,CCSH.txt
云南卫视,https://stream1.freetv.fun/51c27038e64ef03476e69bceec9370d3b9eab7f16b83f3805c1f0876143197e8.m3u8,,,,,,,,,,,CCSH.txt
云南卫视,https://stream1.freetv.fun/e25d0a6da5b4ebba804a0e085531db9ac3d061c227a444b068b0227c0c4d9b10.m3u8,,,,,,,,,,,CCSH.txt
云南卫视,https://stream1.freetv.fun/a97b2875ebcaa352e255a790a19b02e0e4faf9e08bcf6ec829b23ef034193331.m3u8,,,,,,,,,,,CCSH.txt
江西卫视,http://ottrrs.hl.chinamobile.com/PLTV/88888888/224/3221226344/index.m3u8,,,,,,,,,,,CCSH.txt
江西卫视,http://ottrrs.hl.chinamobile.com/PLTV/88888888/224/3221226504/index.m3u8,,,,,,,,,,,CCSH.txt
江西卫视,http://hlsztemgsplive.miguvideo.com:8080/migu/kailu/jxwshd/50/20190820/index.m3u8?msisdn=20260317140204c27a93274846483fa709207880d5bea9&mdspid=&spid=600633&netType=0&sid=5910021492&pid=2028597139&timestamp=20260317140204&Channel_ID=0116_2600000900-99000-201600010010027&ProgramID=783847495&ParentNodeID=-99&assertID=5910021492&client_ip=218.28.233.106&SecurityKey=20260317140204&promotionId=&mvid=5900004351&mcid=500020&playurlVersion=WX-A1-9.2.2-RELEASE&userid=&jmhm=&videocodec=h264&appCode=miguvideo_android&bean=mgspad&tid=android&conFee=0&encrypt=9f5cd972bbd1ba6a8f4b95613500b78c,,,,,,,,,,,CCSH.txt
江西卫视,http://hlsztemgsplive.miguvideo.com:8080/migu/kailu/jxwshd/50/20190820/index.m3u8?msisdn=20260317020204feb9b0cc413d4cc0ad135eaa2509724e&mdspid=&spid=600633&netType=0&sid=5910021492&pid=2028597139&timestamp=20260317020204&Channel_ID=0116_2600000900-99000-201600010010027&ProgramID=783847495&ParentNodeID=-99&assertID=5910021492&client_ip=218.28.233.106&SecurityKey=20260317020204&promotionId=&mvid=5900004351&mcid=500020&playurlVersion=WX-A1-9.2.2-RELEASE&userid=&jmhm=&videocodec=h264&appCode=miguvideo_android&bean=mgspad&tid=android&conFee=0&encrypt=3ec866a8d9c16263010e9e9f6effab25,,,,,,,,,,,CCSH.txt
江西卫视,http://hlsztemgsplive.miguvideo.com:8080/migu/kailu/jxwshd/50/20190820/index.m3u8?msisdn=20260317060204f7202977dd4344df88255dacf84e41d6&mdspid=&spid=600633&netType=0&sid=5910021492&pid=2028597139&timestamp=20260317060204&Channel_ID=0116_2600000900-99000-201600010010027&ProgramID=783847495&ParentNodeID=-99&assertID=5910021492&client_ip=218.28.233.106&SecurityKey=20260317060204&promotionId=&mvid=5900004351&mcid=500020&playurlVersion=WX-A1-9.2.2-RELEASE&userid=&jmhm=&videocodec=h264&appCode=miguvideo_android&bean=mgspad&tid=android&conFee=0&encrypt=9324c13c41e6247822936c2e558cd1e9,,,,,,,,,,,CCSH.txt
江西卫视,https://hls-gateway.vpstv.net/streams/708831.m3u8,,,,,,,,,,,CCSH.txt
江西卫视,http://dd.ddzb.fun/php/migu.php?id=jxws,,,,,,,,,,,CCSH.txt
江西卫视,https://stream1.freetv.fun/89466e8806ac91fe9e047d3482b2e4a8b424dccceea5cfe01aa6bca0c7177502.m3u8,,,,,,,,,,,CCSH.txt
江西卫视,https://stream1.freetv.fun/09759f413f6f4e15691846b0f9312dd85a7f829fb606af09a91035e1679a0e8e.m3u8,,,,,,,,,,,CCSH.txt
江西卫视,https://stream1.freetv.fun/c5b111188406543af7e57b190d868e9e911cae646dee6d37d2af0075aeccd66d.m3u8,,,,,,,,,,,CCSH.txt
江西卫视,https://stream1.freetv.fun/24e42d02d75be84af73aac0b4616ee974f8327b811e3a0a4b45a1bb5629f2cd7.m3u8,,,,,,,,,,,CCSH.txt
江西卫视,https://stream1.freetv.fun/b99cfef14e64a12c8ff2231565ad2189ac9d218dd8082417314419c630f6e238.m3u8,,,,,,,,,,,CCSH.txt
江西卫视,https://stream1.freetv.fun/e321eebbac46cd0e6ca42cee9eacb00816d8f937354cdf2a1bc089280f2fac0a.m3u8,,,,,,,,,,,CCSH.txt
江西卫视,https://stream1.freetv.fun/24184689ddf6b7f046d252d597760a2599270d68f85800d28f942d81f6945943.m3u8,,,,,,,,,,,CCSH.txt
江西卫视,https://stream1.freetv.fun/2df8b395a33033ef4dbd79007e2ec8dabbdc64e75e0e2c8bd46c49eec115d891.m3u8,,,,,,,,,,,CCSH.txt
江西卫视,https://stream1.freetv.fun/2ed85dd9aeacf49efc6c00644457e810fb8fa62de4b164739e262d96dc5aa519.m3u8,,,,,,,,,,,CCSH.txt
江西卫视,https://stream1.freetv.fun/03e92c342eaf1f24d2cea4109b50f4a7835263aab2f5ca2fb5d9ed4b96652b5b.m3u8,,,,,,,,,,,CCSH.txt
江西卫视,https://stream1.freetv.fun/2a00fceb286407f91d029a6a5af1d6cc5786da4736f7e084ac3bf39657bbf547.m3u8,,,,,,,,,,,CCSH.txt
江西卫视,https://stream1.freetv.fun/dc9d28cc43040277c9ab2a890ab8b91b88386c3ac1340be857cd31735548e025.m3u8,,,,,,,,,,,CCSH.txt
河北卫视,http://ottrrs.hl.chinamobile.com/PLTV/88888888/224/3221226406/index.m3u8,,,,,,,,,,,CCSH.txt
河北卫视,http://ottrrs.hl.chinamobile.com/PLTV/88888888/224/3221226448/index.m3u8,,,,,,,,,,,CCSH.txt
河北卫视,http://hlsztemgsplive.miguvideo.com:8080/migu/kailu/hbws/50/20251225/index.m3u8?msisdn=20260317080207c5db5d728c624868a07c7be320e0c4d8&mdspid=&spid=600725&netType=0&sid=5910022316&pid=2028597139&timestamp=20260317080207&Channel_ID=0116_2600000900-99000-201600010010027&ProgramID=962042070&ParentNodeID=-99&assertID=5910022316&client_ip=218.28.233.106&SecurityKey=20260317080207&promotionId=&mvid=5900006782&mcid=500020&playurlVersion=WX-A1-9.2.2-RELEASE&userid=&jmhm=&videocodec=h264&appCode=miguvideo_android&bean=mgspad&tid=android&conFee=0&encrypt=af2d2b79b226404480fb8e56d32918d3,,,,,,,,,,,CCSH.txt
河北卫视,https://stream1.freetv.fun/0574bdf277ffa5a524e91a1658ce4282b0b530267fdf8ee4db7620df82cfa126.m3u8,,,,,,,,,,,CCSH.txt
河北卫视,https://hls-gateway.vpstv.net/streams/476920.m3u8,,,,,,,,,,,CCSH.txt
河北卫视,http://player.cntv.cn/standard/live_HLSDRM20180919.swf?v=180.171.5.8.9.6.3.9&ChannelID=hebei&videoTVChannel=hebei&P2PChannelID=pd://cctv_p2p_hebei&tai=hebei&VideoName=hebei&channelID=hebei,,,,,,,,,,,CCSH.txt
河北卫视,http://148.135.93.213/live.php?id=河北卫视,,,,,,,,,,,CCSH.txt
河北卫视,https://stream1.freetv.fun/50a5410e1d04d5d14187b7b663c633977b51e860cf4e7046b19159d791a1a0a1.m3u8,,,,,,,,,,,CCSH.txt
河北卫视,https://stream1.freetv.fun/64e6b0b149eb7d395319b2ae867b31ca96065cfa72e7b7301d1fa148d83a58ff.m3u8,,,,,,,,,,,CCSH.txt
河北卫视,https://stream1.freetv.fun/85fa3b1c0d3f07e3465852b052a3ef4744e54eb6e00be21944f7a39495032732.m3u8,,,,,,,,,,,CCSH.txt
河北卫视,https://stream1.freetv.fun/4e6f24f65a56378987600bbf55ac88fc37f4d0e7e836f0179da74235cdb7d911.m3u8,,,,,,,,,,,CCSH.txt
河北卫视,https://stream1.freetv.fun/e59a8d25d39880046ea5526cb6600391eaa7351f8eae7011e85e501506f7e7be.m3u8,,,,,,,,,,,CCSH.txt
河北卫视,https://stream1.freetv.fun/8f7326c952e3cec2385bf468699e4f044a8cfc32b433a7755ed6efad009b09a6.m3u8,,,,,,,,,,,CCSH.txt
河北卫视,https://stream1.freetv.fun/3a92116383e09cb497a35ca9fcfb34785d2a4367fea99689cd1e5c892e50f835.m3u8,,,,,,,,,,,CCSH.txt
河北卫视,https://stream1.freetv.fun/228cee31243fb8534fbe84c72e3d2833bf7a60300c70276898606d0aa76a341f.m3u8,,,,,,,,,,,CCSH.txt
河北卫视,https://stream1.freetv.fun/483ee18afe4f13be3acd1a73baacb506bec3fe238b929bcdd3256e2d31798ff1.m3u8,,,,,,,,,,,CCSH.txt
河南卫视,http://ottrrs.hl.chinamobile.com/PLTV/88888888/224/3221226480/index.m3u8,,,,,,,,,,,CCSH.txt
河南卫视,http://ottrrs.hl.chinamobile.com/PLTV/88888888/224/3221226320/index.m3u8,,,,,,,,,,,CCSH.txt
河南卫视,http://hlsztemgsplive.miguvideo.com:8080/wd-henanwssd-600/index.m3u8?msisdn=20260317040208d01ddfbfbe84483d809e92f200b7a987&mdspid=&spid=600633&netType=0&sid=5910021585&pid=2028597139&timestamp=20260317040208&Channel_ID=0116_2600000900-99000-201600010010027&ProgramID=790187291&ParentNodeID=-99&assertID=5910021585&client_ip=218.28.233.106&SecurityKey=20260317040208&promotionId=&mvid=5900005706&mcid=500020&playurlVersion=WX-A1-9.2.2-RELEASE&userid=&jmhm=&videocodec=h264&appCode=miguvideo_android&bean=mgspad&tid=android&conFee=0&encrypt=21ec11ef88aca79da1b8b370c544f5a3,,,,,,,,,,,CCSH.txt
河南卫视,http://hlsztemgsplive.miguvideo.com:8080/wd-henanwssd-600/index.m3u8?msisdn=202603171202079e8a4de9be3a45c7a59fcadbbfcc2cd2&mdspid=&spid=600633&netType=0&sid=5910021585&pid=2028597139&timestamp=20260317120207&Channel_ID=0116_2600000900-99000-201600010010027&ProgramID=790187291&ParentNodeID=-99&assertID=5910021585&client_ip=218.28.233.106&SecurityKey=20260317120207&promotionId=&mvid=5900005706&mcid=500020&playurlVersion=WX-A1-9.2.2-RELEASE&userid=&jmhm=&videocodec=h264&appCode=miguvideo_android&bean=mgspad&tid=android&conFee=0&encrypt=00aeca249695225a3d002494d37282a1,,,,,,,,,,,CCSH.txt
河南卫视,http://hlsztemgsplive.miguvideo.com:8080/wd-henanwssd-600/index.m3u8?msisdn=20260317080208307790b4455349a1a762c6212f905c86&mdspid=&spid=600633&netType=0&sid=5910021585&pid=2028597139&timestamp=20260317080208&Channel_ID=0116_2600000900-99000-201600010010027&ProgramID=790187291&ParentNodeID=-99&assertID=5910021585&client_ip=218.28.233.106&SecurityKey=20260317080208&promotionId=&mvid=5900005706&mcid=500020&playurlVersion=WX-A1-9.2.2-RELEASE&userid=&jmhm=&videocodec=h264&appCode=miguvideo_android&bean=mgspad&tid=android&conFee=0&encrypt=a872020d61310970dcd3823a9dd45946,,,,,,,,,,,CCSH.txt
河南卫视,https://hls-gateway.vpstv.net/streams/708871.m3u8,,,,,,,,,,,CCSH.txt
河南卫视,http://tvcdn.stream3.hndt.com/tv/65c4a6d5017e1000b2b6ea2500000000_transios/playlist.m3u8?wsSecret=33d4fcf92856b0bdff06c7b07207f9b2&wsTime=1773720042,,,,,,,,,,,CCSH.txt
河南卫视,http://tvcdn.stream3.hndt.com/tv/65c4a6d5017e1000b2b6ea2500000000_transios/playlist.m3u8?wsSecret=02a94d9298a19aa2216d98e90a7d26b3&wsTime=1742014827,,,,,,,,,,,CCSH.txt
河南卫视,http://tvcdn.stream3.hndt.com/tv/65c4a6d5017e1000b2b6ea2500000000_transios/playlist.m3u8?wsSecret=88295ad4c23801b4db8f2e9c29bc4789&wsTime=1770595078,,,,,,,,,,,CCSH.txt
河南卫视,http://tvcdn.stream3.hndt.com/tv/65c4a6d5017e1000b2b6ea2500000000_transios/playlist.m3u8?wsSecret=e4d37ab1c90aa54f7004dc1adc5e2bf7&wsTime=1740805221,,,,,,,,,,,CCSH.txt
河南卫视,http://dd.ddzb.fun/php/migu.php?id=hnws,,,,,,,,,,,CCSH.txt
河南卫视,http://tvcdn.stream3.hndt.com/tv/65c4a6d5017e1000b2b6ea2500000000_transios/playlist.m3u8?wsSecret=ee8a01ae025947be1869e669682e14f2&wsTime=1773705540,,,,,,,,,,,CCSH.txt
河南卫视,http://148.135.93.213/live.php?id=河南卫视,,,,,,,,,,,CCSH.txt
河南卫视,https://stream1.freetv.fun/65eca45d530393ded96e155eb7dbc7df060e76316aa99b4f1f77ab5808f7d0bf.m3u8,,,,,,,,,,,CCSH.txt
河南卫视,https://stream1.freetv.fun/91c812506e5f3b35401fd02b7d4a237fb8933fa0ecdef1e793b48bdeac49af0a.m3u8,,,,,,,,,,,CCSH.txt
