频道名,地址,回播地址,回播类型,回播天数,tvg-id,tvg-name,国家分组,语言分组,图标,原分组,分辨率,来源文件
河南卫视,https://stream1.freetv.fun/ce126a81af6a4e9f4d046606f226074892a461501185cb98bcd54f1db14a3b91.m3u8,,,,,,,,,,,CCSH.txt
河南卫视,https://stream1.freetv.fun/e3db1ee2a7e7ad78d43c47c7119f2bbc11eac1b6ebfc47dc0831b0316413f1b6.m3u8,,,,,,,,,,,CCSH.txt
河南卫视,https://stream1.freetv.fun/dcb439bf3c9daa873a167f275bf8e44c2b266db4d09db5f1e3169adc27996a5e.m3u8,,,,,,,,,,,CCSH.txt
河南卫视,https://stream1.freetv.fun/2aaeecceb0bc78b01e7abe6bf698766254211f5dcb4ee372b9a168638e461406.m3u8,,,,,,,,,,,CCSH.txt
湖北卫视,http://ottrrs.hl.chinamobile.com/PLTV/88888888/224/3221226477/index.m3u8,,,,,,,,,,,CCSH.txt
湖北卫视,http://ottrrs.hl.chinamobile.com/PLTV/88888888/224/3221225627/index.m3u8,,,,,,,,,,,CCSH.txt
湖北卫视,http://hlsztemgsplive.miguvideo.com:8080/wd_r2/2018/ocn/hubeiwshd/1000/index.m3u8?msisdn=20260317120207435f850c5c5442f7b267a89a4d3ed82b&mdspid=&spid=600633&netType=0&sid=5910022163&pid=2028597139&timestamp=20260317120207&Channel_ID=0116_2600000900-99000-201600010010027&ProgramID=947472496&ParentNodeID=-99&assertID=5910022163&client_ip=218.28.233.106&SecurityKey=20260317120207&promotionId=&mvid=5900004355&mcid=500020&playurlVersion=WX-A1-9.2.2-RELEASE&userid=&jmhm=&videocodec=h264&appCode=miguvideo_android&bean=mgspad&tid=android&conFee=0&encrypt=3a649fe1c06ac97b425a632ec0c24e6a,,,,,,,,,,,CCSH.txt
湖北卫视,http://hlsztemgsplive.miguvideo.com:8080/wd_r2/2018/ocn/hubeiwshd/1000/index.m3u8?msisdn=20260317040209758506eaa67b4fe892c85b210fb38674&mdspid=&spid=600633&netType=0&sid=5910022163&pid=2028597139&timestamp=20260317040209&Channel_ID=0116_2600000900-99000-201600010010027&ProgramID=947472496&ParentNodeID=-99&assertID=5910022163&client_ip=218.28.233.106&SecurityKey=20260317040209&promotionId=&mvid=5900004355&mcid=500020&playurlVersion=WX-A1-9.2.2-RELEASE&userid=&jmhm=&videocodec=h264&appCode=miguvideo_android&bean=mgspad&tid=android&conFee=0&encrypt=0aca721fa5deb6963d812fb6c0d96c7a,,,,,,,,,,,CCSH.txt
湖北卫视,https://hls-gateway.vpstv.net/streams/476198.m3u8,,,,,,,,,,,CCSH.txt
湖北卫视,http://api.kkitv.itv888.cn:8080/hls/qwummpaoaq/index.m3u8,,,,,,,,,,,CCSH.txt
湖北卫视,http://dd.ddzb.fun/php/migu.php?id=hubws,,,,,,,,,,,CCSH.txt
湖北卫视,https://stream1.freetv.fun/931fc5d532fc717dd0ff2bf35ed2b5837b3e096382c14b3eb9d57e068c25e629.m3u8,,,,,,,,,,,CCSH.txt
湖北卫视,https://stream1.freetv.fun/fdc4b5bef9298866531062f5204da8c718de299cb10143f260fb3f8d8ec3ed53.m3u8,,,,,,,,,,,CCSH.txt
湖北卫视,https://stream1.freetv.fun/12430d1fe4146e4d4ddd0c96ab3d977fde46603f13143d925e5b39e8e990dabf.m3u8,,,,,,,,,,,CCSH.txt
湖北卫视,https://stream1.freetv.fun/f8acd0288783c3a96c576d15d7a3c12d71a6d8b562a26624d692b09eaa93038c.m3u8,,,,,,,,,,,CCSH.txt
湖北卫视,https://stream1.freetv.fun/7278e895e1e512f548f3fd2c2e503a83f6946006f1aba27c986e95fd5960f592.m3u8,,,,,,,,,,,CCSH.txt
湖北卫视,https://stream1.freetv.fun/10aea62a3d2f6ad2e19d6b5cdb3c95c2faf00218cdcc04824fd1ee79d43f11dc.m3u8,,,,,,,,,,,CCSH.txt
湖北卫视,https://stream1.freetv.fun/95a48ba741cb55df727c504cdfd501c65310a9ad60fdcdbb36ad8277d5790f27.m3u8,,,,,,,,,,,CCSH.txt
湖北卫视,https://stream1.freetv.fun/11a27a1eb12a1c6020ea2f80804d50db752fbd4c2c7cf3c456dd309d9033a98c.m3u8,,,,,,,,,,,CCSH.txt
湖北卫视,https://stream1.freetv.fun/ee5910e9342172810dc4cb6240f7cee479a83ea96967b5d2da44e2cc5d9eb0b7.m3u8,,,,,,,,,,,CCSH.txt
湖北卫视,https://stream1.freetv.fun/6596b480fc6b099b72d49f6a87d4f056a3b9d04651cdd0ee732d1b35577dbdf4.m3u8,,,,,,,,,,,CCSH.txt
湖北卫视,https://stream1.freetv.fun/73877f7e121cb093d0c482c1e9dca01984153d6848cc1e910354546c33198a93.m3u8,,,,,,,,,,,CCSH.txt
甘肃卫视,http://ottrrs.hl.chinamobile.com/PLTV/88888888/224/3221225633/index.m3u8,,,,,,,,,,,CCSH.txt
甘肃卫视,http://ottrrs.hl.chinamobile.com/PLTV/88888888/224/3221226522/index.m3u8,,,,,,,,,,,CCSH.txt
甘肃卫视,https://hls-gateway.vpstv.net/streams/709092.m3u8,,,,,,,,,,,CCSH.txt
甘肃卫视,http://dd.ddzb.fun/php/migu.php?id=gsws,,,,,,,,,,,CCSH.txt
甘肃卫视,http://148.135.93.213/live.php?id=甘肃卫视,,,,,,,,,,,CCSH.txt
甘肃卫视,https://stream1.freetv.fun/c87ccda9c45e13cb2984d4416308e6ccfd2e0793c6ef4b33f56d2761e077549d.m3u8,,,,,,,,,,,CCSH.txt
甘肃卫视,https://stream1.freetv.fun/c7e682779e290f5428b054335f04b0b28ccca99a950699a3c3c9039554337ec9.m3u8,,,,,,,,,,,CCSH.txt
甘肃卫视,https://stream1.freetv.fun/f4393e5fbf10876c65c0943c7855b752e4c03fcddddc5e97c9a959f9a6fc536b.m3u8,,,,,,,,,,,CCSH.txt
甘肃卫视,https://stream1.freetv.fun/a02db9fe70a5be35dac6d861e1c3f67dd6f979c1f5a22c40d07429f91d4d32b8.m3u8,,,,,,,,,,,CCSH.txt
甘肃卫视,https://stream1.freetv.fun/7dc6cfd155003e65e0415fd5a30e0d203207058b6a0bed9df054b7c00e211234.m3u8,,,,,,,,,,,CCSH.txt
甘肃卫视,https://stream1.freetv.fun/a4c2e1e638b0b27bb83ca8d763cfafe2a3c1ae70cd08134d0f0dd737cdad1ed9.m3u8,,,,,,,,,,,CCSH.txt
甘肃卫视,https://stream1.freetv.fun/d9b6033766a5517e1ab75aa6ec1ae11709a3110da4cc7f579ad03cf6190c952c.m3u8,,,,,,,,,,,CCSH.txt
甘肃卫视,https://stream1.freetv.fun/df47da8d115daca32d54247cd2e5f5c19f42753ef11dafd4ac8b627d19446904.m3u8,,,,,,,,,,,CCSH.txt
甘肃卫视,https://stream1.freetv.fun/61f3c51f5803f37a6ea081e3e5d94df955fd2bcc591583685545052de4ffded7.m3u8,,,,,,,,,,,CCSH.txt
甘肃卫视,https://stream1.freetv.fun/4a74436984ab58c893a9f78cb23dec2ee27869b9d482032401827cdbf3de8080.m3u8,,,,,,,,,,,CCSH.txt
甘肃卫视,https://stream1.freetv.fun/7cc76bed6f2f891b941844bc0fa168c739d41772a8435e20998d4ca4594ebea2.m3u8,,,,,,,,,,,CCSH.txt
甘肃卫视,https://stream1.freetv.fun/8ebda250d16aa1f21b29173ee9535fd6054599421508f334f649fa68465165fd.m3u8,,,,,,,,,,,CCSH.txt
甘肃卫视,https://stream1.freetv.fun/9c7c70ecfd4353d960f5ee84654b872b267675120c5e5ea608f8c44ef4ee1704.m3u8,,,,,,,,,,,CCSH.txt
甘肃卫视,https://stream1.freetv.fun/cf962927d8868ae24438dd74043f16685c2205ec8c0f913b17d11fe81e3d348a.m3u8,,,,,,,,,,,CCSH.txt
莲花卫视,http://php.jdshipin.com:8880/amlh.php,,,,,,,,,,,CCSH.txt
莲花卫视,http://8.138.7.223/tv/lotustv.m3u8,,,,,,,,,,,CCSH.txt
莲花卫视,http://tvbox6.icu/tv/amlh.m3u8,,,,,,,,,,,CCSH.txt
莲花卫视,http://anren.live/HK/BiIOU11uLA.m3u8,,,,,,,,,,,CCSH.txt
西藏卫视,http://ottrrs.hl.chinamobile.com/PLTV/88888888/224/3221225638/index.m3u8,,,,,,,,,,,CCSH.txt
西藏卫视,http://ottrrs.hl.chinamobile.com/PLTV/88888888/224/3221226433/index.m3u8,,,,,,,,,,,CCSH.txt
西藏卫视,http://dd.ddzb.fun/php/migu.php?id=xzws,,,,,,,,,,,CCSH.txt
西藏卫视,https://stream1.freetv.fun/c81a13063a694e4e9e0fb46105177448b3773c43c6713dcb754cf3777fdfe4ee.m3u8,,,,,,,,,,,CCSH.txt
西藏卫视,https://stream1.freetv.fun/9a825c31554355afe80776352e50b2767498743a8ac1d65aaed02772a84eadbb.m3u8,,,,,,,,,,,CCSH.txt
西藏卫视,https://stream1.freetv.fun/da80b526fbb2e690b112bdb6d478ce138cde6581a65b95984a3295660fcd03c0.m3u8,,,,,,,,,,,CCSH.txt
西藏卫视,https://stream1.freetv.fun/e35b0848da1b0a6be0928ef360e64275e9255a2adbe9d7dd151360bf005d5e55.m3u8,,,,,,,,,,,CCSH.txt
西藏卫视,https://stream1.freetv.fun/a8e83798e1c1f8ffca8b5c81f9b6cfb6290dedebab63c1355662dbb492ba1c2a.m3u8,,,,,,,,,,,CCSH.txt
西藏卫视,https://stream1.freetv.fun/f8e8db518a6dfddd119d8b4ab6988e5e2b831145ef193422e8a4b3edfa0d92f4.m3u8,,,,,,,,,,,CCSH.txt
西藏卫视,https://stream1.freetv.fun/6813e053b70cb87f76e097e1fcc36d4cc3eae132496555134d0f98b3fb717629.m3u8,,,,,,,,,,,CCSH.txt
西藏卫视,https://stream1.freetv.fun/652c74b797023c1676a5053281c8d9453344b711a1ce8bce485b87f48833bb21.m3u8,,,,,,,,,,,CCSH.txt
西藏卫视,https://stream1.freetv.fun/e1de64850b8df920ff48ba63ac8ff4f317f36e1545d1ad0a0c1c1774af74efbe.m3u8,,,,,,,,,,,CCSH.txt
西藏卫视,https://stream1.freetv.fun/0ce69f834e1649cd03f033558903baeeda2ce44c16d0553b2587e92f6029f80e.m3u8,,,,,,,,,,,CCSH.txt
西藏卫视,https://stream1.freetv.fun/64010ab34856c09a42358882d2051c8f2fb12da8bc85e487c80b15d6d0757a38.m3u8,,,,,,,,,,,CCSH.txt
西藏卫视,https://stream1.freetv.fun/a25032dcc5f0eac56006f515f7ed5932edb869c6efd5405655e60fed9d040784.m3u8,,,,,,,,,,,CCSH.txt
西藏卫视,https://stream1.freetv.fun/8812e9ba7d6a864962fee5cb6226ad62807fb0a1ef813976ee1cbb71c1d7677e.m3u8,,,,,,,,,,,CCSH.txt
贵州卫视,http://ottrrs.hl.chinamobile.com/PLTV/88888888/224/3221226474/index.m3u8,,,,,,,,,,,CCSH.txt
贵州卫视,http://ottrrs.hl.chinamobile.com/PLTV/88888888/224/3221225626/index.m3u8,,,,,,,,,,,CCSH.txt
贵州卫视,https://hls-gateway.vpstv.net/streams/708850.m3u8,,,,,,,,,,,CCSH.txt
贵州卫视,http://dd.ddzb.fun/php/migu.php?id=gzws,,,,,,,,,,,CCSH.txt
贵州卫视,http://148.135.93.213/live.php?id=贵州卫视,,,,,,,,,,,CCSH.txt
贵州卫视,https://stream1.freetv.fun/2a8fd0fedb6695605a739eb6bd28a43b75d239e63f8cd891eab62f1f4af5b11d.m3u8,,,,,,,,,,,CCSH.txt
贵州卫视,https://stream1.freetv.fun/caaa783fef84dc9616efd12130e12c203f778c37b47e56803d8b4c0659254948.m3u8,,,,,,,,,,,CCSH.txt
贵州卫视,https://stream1.freetv.fun/20e35282ec1add7f7dd29b172633eba2e15e6c81a17136019a5b487fc76fd9d0.m3u8,,,,,,,,,,,CCSH.txt
贵州卫视,https://stream1.freetv.fun/2624a3d3afd990159593c235795f55f2dbf8e1b5c54289d2b8b2734ea672e527.m3u8,,,,,,,,,,,CCSH.txt
贵州卫视,https://stream1.freetv.fun/673e41aab63c8407597bbd669da186242aaba8e5c9d97c805a42b26a9fa69152.m3u8,,,,,,,,,,,CCSH.txt
贵州卫视,https://stream1.freetv.fun/38553c4c026f0848665be8130392eb274442dfd4c7f42cdd518e5147d72b1739.m3u8,,,,,,,,,,,CCSH.txt
贵州卫视,https://stream1.freetv.fun/cc355cff5e64e929be202850ad548614c634aadb032518cdf95aa7ac68dc1a8d.m3u8,,,,,,,,,,,CCSH.txt
贵州卫视,https://stream1.freetv.fun/d8e5c4a4f4936b7f730ab700c209410da38ffac1e6b8b29b3953666499e52a2a.m3u8,,,,,,,,,,,CCSH.txt
贵州卫视,https://stream1.freetv.fun/7ff2cfcff05c610abd2d63525253489f65479eb8c05b84342ac53672d11ad164.m3u8,,,,,,,,,,,CCSH.txt
贵州卫视,https://stream1.freetv.fun/bda93bdec1b49f90a28a53debe89da1431b895553b6967cec0427dea54072f07.m3u8,,,,,,,,,,,CCSH.txt
贵州卫视,https://stream1.freetv.fun/db48e282b6197afb8d7dfad3521a2bc9996f1e8b28a2a0b89ed1189c813617e1.m3u8,,,,,,,,,,,CCSH.txt
贵州卫视,https://stream1.freetv.fun/4affafb1ae967b798c4880119d5643b1da469649600e781851c283e1e268189a.m3u8,,,,,,,,,,,CCSH.txt
辽宁卫视,http://ottrrs.hl.chinamobile.com/PLTV/88888888/224/3221225619/index.m3u8,,,,,,,,,,,CCSH.txt
辽宁卫视,http://ottrrs.hl.chinamobile.com/PLTV/88888888/224/3221226546/index.m3u8,,,,,,,,,,,CCSH.txt
辽宁卫视,http://hlsztemgsplive.miguvideo.com:8080/wd_r2/2018/ocn/liaoningwshd/1000/index.m3u8?msisdn=20260317120207e2689f556d734b37a8c2d8384183ff6e&mdspid=&spid=600572&netType=0&sid=5910022198&pid=2028597139&timestamp=20260317120207&Channel_ID=0116_2600000900-99000-201600010010027&ProgramID=630291707&ParentNodeID=-99&assertID=5910022198&client_ip=218.28.233.106&SecurityKey=20260317120207&promotionId=&mvid=5101043014&mcid=500020&playurlVersion=WX-A1-9.2.2-RELEASE&userid=&jmhm=&videocodec=h264&appCode=miguvideo_android&bean=mgspad&tid=android&conFee=0&encrypt=5197cfb25965d2df95dc107c29904ccd,,,,,,,,,,,CCSH.txt
辽宁卫视,http://hlsztemgsplive.miguvideo.com:8080/wd_r2/2018/ocn/liaoningwshd/1000/index.m3u8?msisdn=20260317040208f21efa05c9c9489fa33ea539bcc405e0&mdspid=&spid=600572&netType=0&sid=5910022198&pid=2028597139&timestamp=20260317040208&Channel_ID=0116_2600000900-99000-201600010010027&ProgramID=630291707&ParentNodeID=-99&assertID=5910022198&client_ip=218.28.233.106&SecurityKey=20260317040208&promotionId=&mvid=5101043014&mcid=500020&playurlVersion=WX-A1-9.2.2-RELEASE&userid=&jmhm=&videocodec=h264&appCode=miguvideo_android&bean=mgspad&tid=android&conFee=0&encrypt=3454eb1a55709c0ca4b2cf01c3eb23f6,,,,,,,,,,,CCSH.txt
辽宁卫视,http://hlsztemgsplive.miguvideo.com:8080/wd_r2/2018/ocn/liaoningwshd/1000/index.m3u8?msisdn=2026031708020711b27b93ac5b43229b83a292c67c27b7&mdspid=&spid=600572&netType=0&sid=5910022198&pid=2028597139&timestamp=20260317080207&Channel_ID=0116_2600000900-99000-201600010010027&ProgramID=630291707&ParentNodeID=-99&assertID=5910022198&client_ip=218.28.233.106&SecurityKey=20260317080207&promotionId=&mvid=5101043014&mcid=500020&playurlVersion=WX-A1-9.2.2-RELEASE&userid=&jmhm=&videocodec=h264&appCode=miguvideo_android&bean=mgspad&tid=android&conFee=0&encrypt=b312b6ce1dc274bde0af2851e3e82022,,,,,,,,,,,CCSH.txt
辽宁卫视,https://hls-gateway.vpstv.net/streams/708828.m3u8,,,,,,,,,,,CCSH.txt
辽宁卫视,http://api.kkitv.itv888.cn:8080/hls/iibq0absdjr/index.m3u8,,,,,,,,,,,CCSH.txt
辽宁卫视,http://dd.ddzb.fun/php/migu.php?id=lnws,,,,,,,,,,,CCSH.txt
辽宁卫视,http://148.135.93.213/live.php?id=辽宁卫视,,,,,,,,,,,CCSH.txt
辽宁卫视,https://stream1.freetv.fun/b2bebbb6d53b62ec21c3dca43f81123f14218a573e3986c8d65755142700cba7.m3u8,,,,,,,,,,,CCSH.txt
辽宁卫视,https://stream1.freetv.fun/cb5e9fb22ae061362a956e605cd59af93d0b0cb0825951c9b6c5034c0cff9c24.m3u8,,,,,,,,,,,CCSH.txt
辽宁卫视,https://stream1.freetv.fun/a5ff048bd936923b9b9b492e580c720357a6a83a146d4e6a9c85c299aedc7da1.m3u8,,,,,,,,,,,CCSH.txt
辽宁卫视,https://stream1.freetv.fun/81b1a8571fc09fe29a132e435fc4f5db7508980d79cae3ecb3fe6f438b43872f.m3u8,,,,,,,,,,,CCSH.txt
辽宁卫视,https://stream1.freetv.fun/da06aaa87eddce9f93d1c8cdee8efa82e91bba9f39a0a9c305cab1bb9b593cb7.m3u8,,,,,,,,,,,CCSH.txt
辽宁卫视,https://stream1.freetv.fun/51e776c40f00c164b63052106a5a72da93547178a6b3ab4f33dec56316ed48f8.m3u8,,,,,,,,,,,CCSH.txt
辽宁卫视,https://stream1.freetv.fun/25a29838367606dccc3665023c73c9d03f5b0b745a4d4b662588a2d92ae61f30.m3u8,,,,,,,,,,,CCSH.txt
辽宁卫视,https://stream1.freetv.fun/25e6f4048d3808cffaab14ded3101d2acb3dc287402cd7b66a43042b8c3d76ea.m3u8,,,,,,,,,,,CCSH.txt
辽宁卫视,https://stream1.freetv.fun/edb57e606aa8da2b5359531477648dff67d77e37d6c904e8ff9acf181af3c5ab.m3u8,,,,,,,,,,,CCSH.txt
重庆卫视,http://ottrrs.hl.chinamobile.com/PLTV/88888888/224/3221226409/index.m3u8,,,,,,,,,,,CCSH.txt
重庆卫视,http://ottrrs.hl.chinamobile.com/PLTV/88888888/224/3221225618/index.m3u8,,,,,,,,,,,CCSH.txt
重庆卫视,http://hlsztemgsplive.miguvideo.com:8080/envivo_x/2018/SD/chongqing/1000/index.m3u8?msisdn=2026031714020576bd30927b0d4ca08cdfff54cfa0ef18&mdspid=&spid=600697&netType=0&sid=5910022305&pid=2028597139&timestamp=20260317140205&Channel_ID=0116_2600000900-99000-201600010010027&ProgramID=738910914&ParentNodeID=-99&assertID=5910022305&client_ip=218.28.233.106&SecurityKey=20260317140205&promotionId=&mvid=5900004329&mcid=500020&playurlVersion=WX-A1-9.2.2-RELEASE&userid=&jmhm=&videocodec=h264&appCode=miguvideo_android&bean=mgspad&tid=android&conFee=0&encrypt=bd85c4136166c942a7082b00c247348a,,,,,,,,,,,CCSH.txt
重庆卫视,http://hlsztemgsplive.miguvideo.com:8080/envivo_x/2018/SD/chongqing/1000/index.m3u8?msisdn=2026031706020543d6a8d679a74ec59f2d107757efe9a4&mdspid=&spid=600697&netType=0&sid=5910022305&pid=2028597139&timestamp=20260317060205&Channel_ID=0116_2600000900-99000-201600010010027&ProgramID=738910914&ParentNodeID=-99&assertID=5910022305&client_ip=218.28.233.106&SecurityKey=20260317060205&promotionId=&mvid=5900004329&mcid=500020&playurlVersion=WX-A1-9.2.2-RELEASE&userid=&jmhm=&videocodec=h264&appCode=miguvideo_android&bean=mgspad&tid=android&conFee=0&encrypt=6e831457e96507e99bff1662d7f86f4b,,,,,,,,,,,CCSH.txt
重庆卫视,https://hls-gateway.vpstv.net/streams/476918.m3u8,,,,,,,,,,,CCSH.txt
重庆卫视,https://stream1.freetv.fun/b9f205578f15321cdeac2291efa202a62fb3b6fc3f3a1761d51b9357e7916be7.m3u8,,,,,,,,,,,CCSH.txt
重庆卫视,http://api.kkitv.itv888.cn:8080/hls/ogh3s6tbw6/index.m3u8,,,,,,,,,,,CCSH.txt
重庆卫视,http://dd.ddzb.fun/php/migu.php?id=cqws,,,,,,,,,,,CCSH.txt
重庆卫视,http://player.cntv.cn/standard/live_HLSDRM20180919.swf?v=180.171.5.8.9.6.3.9&ChannelID=chongqing&videoTVChannel=chongqing&P2PChannelID=pd://cctv_p2p_hdchongqing&tai=chongqing&VideoName=chongqing&channelID=chongqing,,,,,,,,,,,CCSH.txt
重庆卫视,http://148.135.93.213/live.php?id=重庆卫视,,,,,,,,,,,CCSH.txt
重庆卫视,https://stream1.freetv.fun/c698772cba1205023be7edde28880ad3afa7b9233348b3b7535889c8346bda8e.m3u8,,,,,,,,,,,CCSH.txt
重庆卫视,https://stream1.freetv.fun/6b1a26475db46a339ef3275d2919c0598cf23fe3b089042766d48d6adeb71982.m3u8,,,,,,,,,,,CCSH.txt
重庆卫视,https://stream1.freetv.fun/27c97b52b691976b4c65e1c35a326edaa9898f0472a019cd0f0ca510d09dbb83.m3u8,,,,,,,,,,,CCSH.txt
重庆卫视,https://stream1.freetv.fun/5c547f13879814211b3520cdd451f613af0fc5badf33ae9ae5ff3cb87b4a6450.m3u8,,,,,,,,,,,CCSH.txt
重庆卫视,https://stream1.freetv.fun/260cb3559c2f6318728981a6409dd83a1a6a62ef07185c85be3f30b16b909ed9.m3u8,,,,,,,,,,,CCSH.txt
重庆卫视,https://stream1.freetv.fun/bb04cf3c5dd759d4ff3784a39617f5420b570e0464db587458b3196430b09e94.m3u8,,,,,,,,,,,CCSH.txt
重庆卫视,https://stream1.freetv.fun/510f06a8ed50091f676aa58478fc64a819f2d0c2ee23926cfa3d51e9f23f5b4c.m3u8,,,,,,,,,,,CCSH.txt
陕西卫视,http://ottrrs.hl.chinamobile.com/PLTV/88888888/224/3221225625/index.m3u8,,,,,,,,,,,CCSH.txt
陕西卫视,http://ottrrs.hl.chinamobile.com/PLTV/88888888/224/3221226457/index.m3u8,,,,,,,,,,,CCSH.txt
陕西卫视,http://hlsztemgsplive.miguvideo.com:8080/migu/kailu/shan3xiws/50/20220809/index.m3u8?msisdn=202603170202044fcc1ed6e8b44c9a9477741f3cade63c&mdspid=&spid=600633&netType=0&sid=5910020475&pid=2028597139&timestamp=20260317020204&Channel_ID=0116_2600000900-99000-201600010010027&ProgramID=738910838&ParentNodeID=-99&assertID=5910020475&client_ip=218.28.233.106&SecurityKey=20260317020204&promotionId=&mvid=5900004331&mcid=500020&playurlVersion=WX-A1-9.2.2-RELEASE&userid=&jmhm=&videocodec=h264&appCode=miguvideo_android&bean=mgspad&tid=android&conFee=0&encrypt=b2c6d10a8d8e15ff54d189dab508e693,,,,,,,,,,,CCSH.txt
陕西卫视,http://hlsztemgsplive.miguvideo.com:8080/migu/kailu/shan3xiws/50/20220809/index.m3u8?msisdn=2026031714020489a343c80ad64a0e86f427f8cdbee7ef&mdspid=&spid=600633&netType=0&sid=5910020475&pid=2028597139&timestamp=20260317140204&Channel_ID=0116_2600000900-99000-201600010010027&ProgramID=738910838&ParentNodeID=-99&assertID=5910020475&client_ip=218.28.233.106&SecurityKey=20260317140204&promotionId=&mvid=5900004331&mcid=500020&playurlVersion=WX-A1-9.2.2-RELEASE&userid=&jmhm=&videocodec=h264&appCode=miguvideo_android&bean=mgspad&tid=android&conFee=0&encrypt=667a71dbb822e931a3aef67c059a9ec0,,,,,,,,,,,CCSH.txt
陕西卫视,https://hls-gateway.vpstv.net/streams/708826.m3u8,,,,,,,,,,,CCSH.txt
陕西卫视,http://hlsztemgsplive.miguvideo.com:8080/migu/kailu/shan3xiws/50/20220809/index.m3u8?msisdn=20260317060204025becaadf9344998acbda31448dd959&mdspid=&spid=600633&netType=0&sid=5910020475&pid=2028597139&timestamp=20260317060204&Channel_ID=0116_2600000900-99000-201600010010027&ProgramID=738910838&ParentNodeID=-99&assertID=5910020475&client_ip=218.28.233.106&SecurityKey=20260317060204&promotionId=&mvid=5900004331&mcid=500020&playurlVersion=WX-A1-9.2.2-RELEASE&userid=&jmhm=&videocodec=h264&appCode=miguvideo_android&bean=mgspad&tid=android&conFee=0&encrypt=ed6467c70fb72d9fed760a76cf53fef0,,,,,,,,,,,CCSH.txt
陕西卫视,http://23.237.228.134/live6/sichuan.m3u8,,,,,,,,,,,CCSH.txt
陕西卫视,http://kkk.888.3116598.xyz/api.php?n=tttt&id=msQOKF&tk=FgM0vQMejxvG,,,,,,,,,,,CCSH.txt
青海卫视,http://ottrrs.hl.chinamobile.com/PLTV/88888888/224/3221225628/index.m3u8,,,,,,,,,,,CCSH.txt
青海卫视,http://ottrrs.hl.chinamobile.com/PLTV/88888888/224/3221226323/index.m3u8,,,,,,,,,,,CCSH.txt
青海卫视,http://hlsztemgsplive.miguvideo.com:8080/envivo_w/2018/SD/qinghai/1000/index.m3u8?msisdn=202603170202046d6b68b5608142a2ae56e2e50d830bfc&mdspid=&spid=600633&netType=0&sid=5910022166&pid=2028597139&timestamp=20260317020204&Channel_ID=0116_2600000900-99000-201600010010027&ProgramID=947472506&ParentNodeID=-99&assertID=5910022166&client_ip=218.28.233.106&SecurityKey=20260317020204&promotionId=&mvid=5900004353&mcid=500020&playurlVersion=WX-A1-9.2.2-RELEASE&userid=&jmhm=&videocodec=h264&appCode=miguvideo_android&bean=mgspad&tid=android&conFee=0&encrypt=dd83621d47f63e9eb7d12b75dcf6c408,,,,,,,,,,,CCSH.txt
青海卫视,http://hlsztemgsplive.miguvideo.com:8080/envivo_w/2018/SD/qinghai/1000/index.m3u8?msisdn=202603171402054d70b8f890234a0f933ccb94754f715e&mdspid=&spid=600633&netType=0&sid=5910022166&pid=2028597139&timestamp=20260317140205&Channel_ID=0116_2600000900-99000-201600010010027&ProgramID=947472506&ParentNodeID=-99&assertID=5910022166&client_ip=218.28.233.106&SecurityKey=20260317140205&promotionId=&mvid=5900004353&mcid=500020&playurlVersion=WX-A1-9.2.2-RELEASE&userid=&jmhm=&videocodec=h264&appCode=miguvideo_android&bean=mgspad&tid=android&conFee=0&encrypt=d349f5e9b47105e830b445f13ab22b05,,,,,,,,,,,CCSH.txt
青海卫视,https://hls-gateway.vpstv.net/streams/708825.m3u8,,,,,,,,,,,CCSH.txt
青海卫视,http://hlsztemgsplive.miguvideo.com:8080/envivo_w/2018/SD/qinghai/1000/index.m3u8?msisdn=20260317060204e14a420bf7d14fb899bd9c58a75e725c&mdspid=&spid=600633&netType=0&sid=5910022166&pid=2028597139&timestamp=20260317060204&Channel_ID=0116_2600000900-99000-201600010010027&ProgramID=947472506&ParentNodeID=-99&assertID=5910022166&client_ip=218.28.233.106&SecurityKey=20260317060204&promotionId=&mvid=5900004353&mcid=500020&playurlVersion=WX-A1-9.2.2-RELEASE&userid=&jmhm=&videocodec=h264&appCode=miguvideo_android&bean=mgspad&tid=android&conFee=0&encrypt=175ca0891ece7355dff36a26735bcaad,,,,,,,,,,,CCSH.txt
青海卫视,http://dd.ddzb.fun/php/migu.php?id=qhws,,,,,,,,,,,CCSH.txt
青海卫视,http://148.135.93.213/live.php?id=青海卫视,,,,,,,,,,,CCSH.txt
青海卫视,https://stream1.freetv.fun/deaa20e0dee0586cff9865553a834a8c953550e0536954e6e150c89839aefab8.m3u8,,,,,,,,,,,CCSH.txt
青海卫视,https://stream1.freetv.fun/9a53c90ec51b8f0c2be4dc03b71d82431e9806e8a7ecc9ec91acaf8c8251157c.m3u8,,,,,,,,,,,CCSH.txt
青海卫视,https://stream1.freetv.fun/f8a6313467d8243dc5d3723c9143f7bab8ca7f5f027352fb7b17dab45bc83643.m3u8,,,,,,,,,,,CCSH.txt
青海卫视,https://stream1.freetv.fun/e0551db6bc9512b248a2da5f2455dee2c1d3164fb9ece82daa77b0c1b7ffb8a4.m3u8,,,,,,,,,,,CCSH.txt
青海卫视,https://stream1.freetv.fun/b6326e0b6756fb48fe4f9d486290138c0f6ff88c1dbeec97255267e2fd451f53.m3u8,,,,,,,,,,,CCSH.txt
青海卫视,https://stream1.freetv.fun/08634ae79ac958d456b3a36629c9f5c7a90eb67044c3c672a6b5442c413821aa.m3u8,,,,,,,,,,,CCSH.txt
青海卫视,https://stream1.freetv.fun/d80dbd44304e92ebbad7fd55f71bf9a308c53fcc29593eae8aefbed892ab2a6b.m3u8,,,,,,,,,,,CCSH.txt
青海卫视,https://stream1.freetv.fun/d6cb8a9b2d3d4f555418141ecb008cc61e84a6278690a855241eb57bf43fdf75.m3u8,,,,,,,,,,,CCSH.txt
青海卫视,https://stream1.freetv.fun/6aa41f4ae4722b2b2b0093793393758e5c6a7e096e31a9e9f71532819357c472.m3u8,,,,,,,,,,,CCSH.txt
青海卫视,https://stream1.freetv.fun/0e4579bf98e3869e73e674507f4257736227ec9c830d0fe0d2fc77008c50f220.m3u8,,,,,,,,,,,CCSH.txt
青海卫视,https://stream1.freetv.fun/1372e179a485ae97bd73883d9c82e6bd11eb85a5f24161242c23aca1d24a2612.m3u8,,,,,,,,,,,CCSH.txt
青海卫视,https://stream1.freetv.fun/b385eeb4f5b0cbe78017fa0559927c57f602034b282b97424dec2aa199615dfb.m3u8,,,,,,,,,,,CCSH.txt
香港卫视,https://hls-gateway.vpstv.net/streams/708918.m3u8,,,,,,,,,,,CCSH.txt
香港卫视,http://player.cntv.cn/standard/live_HLSDRM20180606.swf?ChannelID=xianggangweishi&P2PChannelID=pd://cctv_p2p_hdxianggangweishi,,,,,,,,,,,CCSH.txt
香港卫视,http://anren.live/HK/BSJDUFpB.m3u8,,,,,,,,,,,CCSH.txt
香港卫视,http://101.35.240.114:88/live.php?id=香港卫视,,,,,,,,,,,CCSH.txt
香港卫视,https://stream1.freetv.fun/xiang-gang-wei-shi-11.m3u8,,,,,,,,,,,CCSH.txt
香港卫视,https://stream1.freetv.fun/xiang-gang-wei-shi-7.m3u8,,,,,,,,,,,CCSH.txt
香港卫视,https://stream1.freetv.fun/xiang-gang-wei-shi-13.m3u8,,,,,,,,,,,CCSH.txt
香港卫视,https://stream1.freetv.fun/79e4d77e2f29a2ca7f7cabbbe2ee02d32a4f2f7fb91ae94d0fb9573c9f94b4ab.ctv,,,,,,,,,,,CCSH.txt
香港卫视,https://stream1.freetv.fun/xiang-gang-wei-shi-8.m3u8,,,,,,,,,,,CCSH.txt
香港卫视,https://piccpndali.v.myalicdn.com/audio/xianggangweishi_2.m3u8,,,,,,,,,,,CCSH.txt
香港卫视,http://webcast.hkstv.tv/livestream/mutfysrq/playlist.m3u8,,,,,,,,,,,CCSH.txt
香港卫视,https://piccpndks.v.kcdnvip.com/audio/xianggangweishi_2.m3u8,,,,,,,,,,,CCSH.txt
香港卫视,http://zhibo.hkstv.tv/livestream/mutfysrq.flv#http://stream.qhbtv.com/adws/sd/live.m3u8,,,,,,,,,,,CCSH.txt
香港卫视,http://zhibo.hkstv.tv/livestream/mutfysrq/playlist.m3u8#http://zhibo.hkstv.tv/livestream/mutfysrq.flv,,,,,,,,,,,CCSH.txt
康巴卫视,http://ottrrs.hl.chinamobile.com/PLTV/88888888/224/3221225660/index.m3u8,,,,,,,,,,,CCSH.txt
康巴卫视,https://stream1.freetv.fun/e1854d983296da1d0804b07dcd259f5aafc1d7f17f59b6e0001d2a0741b5c608.m3u8,,,,,,,,,,,CCSH.txt
康巴卫视,http://kkk.888.3116598.xyz/api.php?n=tttt&id=slYPRK&tk=FgM0vQMejxvG,,,,,,,,,,,CCSH.txt
康巴卫视,http://kkk.888.3116598.xyz/api.php?n=tttt&id=mwhS1w&tk=FgM0vQMejxvG,,,,,,,,,,,CCSH.txt
康巴卫视,http://dl.wifi942.com:66/jsyd/jsyd.php?id=G_KANGBA,,,,,,,,,,,CCSH.txt
康巴卫视,https://stream1.freetv.fun/0de2ac9a0e7c3146b44c21f35ce10496eff2b9f67f7b9a106ba8493bf2d9cbee.ctv,,,,,,,,,,,CCSH.txt
康巴卫视,https://stream1.freetv.fun/b3baba1d904b40b2d929ec8cbdfa40800abc7cb6d1c18efed0d6d91d97bce5b3.ctv,,,,,,,,,,,CCSH.txt
康巴卫视,https://stream1.freetv.fun/7acb1025eb98d411fe5dc519902069dda51b621f55c7b1fce3acdd50f55d6ad5.ctv,,,,,,,,,,,CCSH.txt
康巴卫视,http://139.196.214.238/rtp/239.45.1.251:5140,,,,,,,,,,,CCSH.txt
康巴卫视,http://139.196.151.191:2051/rtp/239.45.1.251:5140,,,,,,,,,,,CCSH.txt
安多卫视,http://ottrrs.hl.chinamobile.com/PLTV/88888888/224/3221225659/index.m3u8,,,,,,,,,,,CCSH.txt
安多卫视,http://kkk.888.3116598.xyz/api.php?n=tttt&id=rdOvlL&tk=FgM0vQMejxvG,,,,,,,,,,,CCSH.txt
安多卫视,http://kkk.888.3116598.xyz/api.php?n=tttt&id=wRMQR6&tk=FgM0vQMejxvG,,,,,,,,,,,CCSH.txt
安多卫视,http://dl.wifi942.com:66/jsyd/jsyd.php?id=G_ANDUO,,,,,,,,,,,CCSH.txt
安多卫视,http://gslbserv.itv.cmvideo.cn/1.m3u8?channel-id=ystenlive&Contentid=1000000005000266001&livemode=1&stbId=yu&mode=1,,,,,,,,,,,CCSH.txt
安多卫视,https://liveout.xntv.tv/a65jur/90p2i1.m3u8?zqinghd#https://liveout.xntv.tv/a65jur/96iln2.m3u8#https://liveout.xntv.tv/a65jur/90p2i1.m3u8?zqing,,,,,,,,,,,CCSH.txt
三沙卫视,http://hlsztemgsplive.miguvideo.com:8080/migu/kailu/ssws/50/20251127/index.m3u8?msisdn=2026031704021011d3ae14f3ee4b88bcd3514e7dd8df82&mdspid=&spid=600697&netType=0&sid=5910022307&pid=2028597139&timestamp=20260317040210&Channel_ID=0116_2600000900-99000-201600010010027&ProgramID=961023778&ParentNodeID=-99&assertID=5910022307&client_ip=218.28.233.106&SecurityKey=20260317040210&promotionId=&mvid=5900006777&mcid=500020&playurlVersion=WX-A1-9.2.2-RELEASE&userid=&jmhm=&videocodec=h264&appCode=miguvideo_android&bean=mgspad&tid=android&conFee=0&encrypt=179e8b8908bda4b975d91e5ce01120ed,,,,,,,,,,,CCSH.txt
三沙卫视,http://hlsztemgsplive.miguvideo.com:8080/migu/kailu/ssws/50/20251127/index.m3u8?msisdn=202603171202088b699fec8fec40a59c8f2fe080ccf982&mdspid=&spid=600697&netType=0&sid=5910022307&pid=2028597139&timestamp=20260317120208&Channel_ID=0116_2600000900-99000-201600010010027&ProgramID=961023778&ParentNodeID=-99&assertID=5910022307&client_ip=218.28.233.106&SecurityKey=20260317120208&promotionId=&mvid=5900006777&mcid=500020&playurlVersion=WX-A1-9.2.2-RELEASE&userid=&jmhm=&videocodec=h264&appCode=miguvideo_android&bean=mgspad&tid=android&conFee=0&encrypt=58b10c31a13436136d2a8d345195a781,,,,,,,,,,,CCSH.txt
三沙卫视,http://hlsztemgsplive.miguvideo.com:8080/migu/kailu/ssws/50/20251127/index.m3u8?msisdn=20260317080209e3d2cdd63fe94d1b831f48b7537648f7&mdspid=&spid=600697&netType=0&sid=5910022307&pid=2028597139&timestamp=20260317080209&Channel_ID=0116_2600000900-99000-201600010010027&ProgramID=961023778&ParentNodeID=-99&assertID=5910022307&client_ip=218.28.233.106&SecurityKey=20260317080209&promotionId=&mvid=5900006777&mcid=500020&playurlVersion=WX-A1-9.2.2-RELEASE&userid=&jmhm=&videocodec=h264&appCode=miguvideo_android&bean=mgspad&tid=android&conFee=0&encrypt=d6edc1df9a5ceb6e7fa2bc187f26416c,,,,,,,,,,,CCSH.txt
三沙卫视,https://stream1.freetv.fun/86de5eb5b500cf647f47c89a1d78102c2570d00c7e1365ce36fac6d311cbf0e9.m3u8,,,,,,,,,,,CCSH.txt
三沙卫视,https://stream1.freetv.fun/fd1abacd02d10bf9e60b98fdc292704eefa30cff9e4eb0816eec3156e687c991.m3u8,,,,,,,,,,,CCSH.txt
三沙卫视,https://stream1.freetv.fun/8bd6b69c423ac31e71c2311ad33f4f291e1314c69005ffb7b3b7defc2944adb2.m3u8,,,,,,,,,,,CCSH.txt
三沙卫视,https://stream1.freetv.fun/739e01ea36ce64b23d330982e442caa57c06c2a44cafaff6c1b6d13b31e01d75.m3u8,,,,,,,,,,,CCSH.txt
三沙卫视,https://stream1.freetv.fun/2476872184d56573ae915237d8e3c990ded214446351f568b57889cbf63da2e8.m3u8,,,,,,,,,,,CCSH.txt
三沙卫视,http://kkk.888.3116598.xyz/api.php?n=tttt&id=AOARP7&tk=FgM0vQMejxvG,,,,,,,,,,,CCSH.txt
三沙卫视,http://kkk.888.3116598.xyz/api.php?n=tttt&id=NcDMNc&tk=FgM0vQMejxvG,,,,,,,,,,,CCSH.txt
三沙卫视,https://iptv.catvod.com/catvod.php?id=ssws,,,,,,,,,,,CCSH.txt
三沙卫视,http://2d026c.tv.netsite.cc/proxy/1337100319/1337100319.m3u8,,,,,,,,,,,CCSH.txt
人间卫视,https://hls-gateway.vpstv.net/streams/488957.m3u8,,,,,,,,,,,CCSH.txt
人间卫视,https://tv.iill.top/4gtv/210,,,,,,,,,,,CCSH.txt
人间卫视,https://stream1.freetv.fun/05b9099bef592e55129817a0f82b4cc60378970bc856b993ae9e330e85f4351f.m3u8,,,,,,,,,,,CCSH.txt
人间卫视,http://61.216.67.119:1935/bltvhd/bltv1/chunklist_w1266569526.m3u,,,,,,,,,,,CCSH.txt
人间卫视,http://61.216.67.119:1935/bltvhd/bltv1/chunklist_w1266569526.m3u8,,,,,,,,,,,CCSH.txt
人间卫视,http://61.216.67.119:1935/bltvhd/bltv1/playlist.m3u8,,,,,,,,,,,CCSH.txt
人间卫视,https://stream1.freetv.fun/ren-jian-wei-shi-8.m3u8,,,,,,,,,,,CCSH.txt
人间卫视,https://5ddce30eb4b55.streamlock.net/bltvhd/bltv1/playlist.m3u8,,,,,,,,,,,CCSH.txt
人间卫视,https://5ddce30eb4b55.streamlock.net/bltvhd/bltv1/chunklist_w511254805.m3u8,,,,,,,,,,,CCSH.txt
人间卫视,https://stream1.freetv.fun/ren-jian-wei-shi-2.m3u8,,,,,,,,,,,CCSH.txt
兵团卫视,http://ottrrs.hl.chinamobile.com/PLTV/88888888/224/3221226439/index.m3u8,,,,,,,,,,,CCSH.txt
兵团卫视,http://hlsztemgsplive.miguvideo.com:8080/migu/kailu/btws/50/20250804/index.m3u8?msisdn=20260317120208451107ca15d04eeb91c124aa90031b0f&mdspid=&spid=600697&netType=0&sid=5910022192&pid=2028597139&timestamp=20260317120208&Channel_ID=0116_2600000900-99000-201600010010027&ProgramID=956923145&ParentNodeID=-99&assertID=5910022192&client_ip=218.28.233.106&SecurityKey=20260317120208&promotionId=&mvid=5900006716&mcid=500020&playurlVersion=WX-A1-9.2.2-RELEASE&userid=&jmhm=&videocodec=h264&appCode=miguvideo_android&bean=mgspad&tid=android&conFee=0&encrypt=c06a987da2df17a9d29c012e829b55af,,,,,,,,,,,CCSH.txt
兵团卫视,http://hlsztemgsplive.miguvideo.com:8080/migu/kailu/btws/50/20250804/index.m3u8?msisdn=20260317040209d0526bff82c24b5286c4f2a2cebd691c&mdspid=&spid=600697&netType=0&sid=5910022192&pid=2028597139&timestamp=20260317040209&Channel_ID=0116_2600000900-99000-201600010010027&ProgramID=956923145&ParentNodeID=-99&assertID=5910022192&client_ip=218.28.233.106&SecurityKey=20260317040209&promotionId=&mvid=5900006716&mcid=500020&playurlVersion=WX-A1-9.2.2-RELEASE&userid=&jmhm=&videocodec=h264&appCode=miguvideo_android&bean=mgspad&tid=android&conFee=0&encrypt=bdd5c957716a9cab275baa32f8099d07,,,,,,,,,,,CCSH.txt
兵团卫视,http://hlsztemgsplive.miguvideo.com:8080/migu/kailu/btws/50/20250804/index.m3u8?msisdn=202603170802097441a0ee8d84400595607e3dda25b41a&mdspid=&spid=600697&netType=0&sid=5910022192&pid=2028597139&timestamp=20260317080209&Channel_ID=0116_2600000900-99000-201600010010027&ProgramID=956923145&ParentNodeID=-99&assertID=5910022192&client_ip=218.28.233.106&SecurityKey=20260317080209&promotionId=&mvid=5900006716&mcid=500020&playurlVersion=WX-A1-9.2.2-RELEASE&userid=&jmhm=&videocodec=h264&appCode=miguvideo_android&bean=mgspad&tid=android&conFee=0&encrypt=b3caf4e57d15d7a15e9b3f51bbb89b1b,,,,,,,,,,,CCSH.txt
兵团卫视,https://stream1.freetv.fun/636fa06ced97f72a0f4b963dd068edeab5a7e8ae7c57d70b58e59389dded81d0.m3u8,,,,,,,,,,,CCSH.txt
兵团卫视,https://stream1.freetv.fun/d27b7b6e8addf1d242b318f65fd0e8dd8e67e09e5fa64127cf71ff7cf1b1c0d0.m3u8,,,,,,,,,,,CCSH.txt
兵团卫视,https://stream1.freetv.fun/34dd012305fe7a8de136f8c56b13bb50f97d085d7f391e805e73002e7a69d07d.m3u8,,,,,,,,,,,CCSH.txt
兵团卫视,https://stream1.freetv.fun/7e0d9638f60dca70ddc3a2437eb10e874587f11f9d3efd833e71acfbdf2de2d6.m3u8,,,,,,,,,,,CCSH.txt
兵团卫视,https://stream1.freetv.fun/7690729e43cd485b88bcedccb7455292214b740fb52ed0895fe85a03066b9631.m3u8,,,,,,,,,,,CCSH.txt
兵团卫视,https://stream1.freetv.fun/11cd528da0063d7ef3db744cdc208904f48127c954b57c0ddec15afbe9f12dc4.m3u8,,,,,,,,,,,CCSH.txt
兵团卫视,https://stream1.freetv.fun/5012f08fc99e41ba2322b0ff1028f9f1bd901a58d0bb3c986a4ab329025f15ee.m3u8,,,,,,,,,,,CCSH.txt
兵团卫视,https://stream1.freetv.fun/27542fbfebea09ad0d5b9d3859f26fa826ff4e1c0830920adc5486cb1a0691b4.m3u8,,,,,,,,,,,CCSH.txt
兵团卫视,https://stream1.freetv.fun/d0d5926b5e0650e6580336df81160dc6012970e5d9239d2977036481fc100639.m3u8,,,,,,,,,,,CCSH.txt
兵团卫视,https://stream1.freetv.fun/9db94978ec5a8ab668d91b4c5918aa53e8258316b0d9b3132cec93d35a25abe1.m3u8,,,,,,,,,,,CCSH.txt
兵团卫视,https://stream1.freetv.fun/1af67d7e8aca8d45f4ea917eccc40ef1bec6f3778e30d6a89a9624f54fd298b7.m3u8,,,,,,,,,,,CCSH.txt
兵团卫视,http://kkk.888.3116598.xyz/api.php?n=tttt&id=xpKl85&tk=FgM0vQMejxvG,,,,,,,,,,,CCSH.txt
兵团卫视,http://kkk.888.3116598.xyz/api.php?n=tttt&id=YSxuCO&tk=FgM0vQMejxvG,,,,,,,,,,,CCSH.txt
黑龙江卫视,http://ottrrs.hl.chinamobile.com/PLTV/88888888/224/3221226327/index.m3u8,,,,,,,,,,,CCSH.txt
黑龙江卫视,http://ottrrs.hl.chinamobile.com/PLTV/88888888/224/3221226467/index.m3u8,,,,,,,,,,,CCSH.txt
黑龙江卫视,https://hls-gateway.vpstv.net/streams/708854.m3u8,,,,,,,,,,,CCSH.txt
黑龙江卫视,https://s1.abntelevision.com/avivamientoabr/stream/avivamientohd/avivamientohd/chunks.m3u8,,,,,,,,,,,CCSH.txt
黑龙江卫视,http://148.135.93.213/live.php?id=黑龙江卫视,,,,,,,,,,,CCSH.txt
黑龙江卫视,https://stream1.freetv.fun/15aefa6c1cecc2201a0ddbf7d0854e81e06aa6e3d5bf6e7bdf3114c4b4fbdd8f.m3u8,,,,,,,,,,,CCSH.txt
黑龙江卫视,https://stream1.freetv.fun/45ce3259bd4a3293ecb6ac0d96d605ef1d8ed681f7ec64b46997b1ca0266bdf1.m3u8,,,,,,,,,,,CCSH.txt
黑龙江卫视,https://stream1.freetv.fun/7e2edd626e2687e6e4484b930c9742f512f310de5662a083f7c000cae4c27942.m3u8,,,,,,,,,,,CCSH.txt
黑龙江卫视,https://stream1.freetv.fun/cba6a614d471d42dba705ad37a5b5ad7c1a501824a31b9b575b0a87c537d0450.m3u8,,,,,,,,,,,CCSH.txt
黑龙江卫视,https://stream1.freetv.fun/31a880373cf03e36e8968db045324adc880b02ef8630d646649d346a7c5844c8.m3u8,,,,,,,,,,,CCSH.txt
黑龙江卫视,https://stream1.freetv.fun/e2f2e1a310ae7cb86f8cd423017947546e8dd0dbc0b4d9600d9586326509f362.m3u8,,,,,,,,,,,CCSH.txt
黑龙江卫视,https://stream1.freetv.fun/9d7a745d71fa16ea6b1a0edce79f7b842e59487519e7a76bcef5b0c7a87a3f24.m3u8,,,,,,,,,,,CCSH.txt
黑龙江卫视,https://stream1.freetv.fun/4a992588a9eb854bfe78f6145d4a4820e0428baf85e3ed8b2f15d4fb85a0f3c6.m3u8,,,,,,,,,,,CCSH.txt
黑龙江卫视,https://stream1.freetv.fun/a6c1e9c7ed878b4710fd0cd7a8a16f51e48e3eee1c5764bce984c56c0808035b.m3u8,,,,,,,,,,,CCSH.txt
黑龙江卫视,https://stream1.freetv.fun/9225372ccf204b1122cfe8ce93b8f304cd148fdd06f4f45d8992c3d95efa5c96.m3u8,,,,,,,,,,,CCSH.txt
黑龙江卫视,https://stream1.freetv.fun/b5a527a4026b19bb12c4e4cbdf5359428230ae27f234e6a93ca79c9c3dfe42ab.m3u8,,,,,,,,,,,CCSH.txt
黑龙江卫视,https://stream1.freetv.fun/a685814ac27367f723637751d32ee9a2296db5e03f3d42993a685d85816fcd1c.m3u8,,,,,,,,,,,CCSH.txt
黑龙江卫视,https://stream1.freetv.fun/8eac0925df1ae8507ad57f4372936a304c120cc31636bf1f843872e6681e563f.m3u8,,,,,,,,,,,CCSH.txt
黑龙江卫视,https://stream1.freetv.fun/0eeff132651adc73a935c01f88939209db16d78d1dbc65ee6ca439d879d1a0f9.m3u8,,,,,,,,,,,CCSH.txt
内蒙古卫视,http://ottrrs.hl.chinamobile.com/PLTV/88888888/224/3221225634/index.m3u8,,,,,,,,,,,CCSH.txt
内蒙古卫视,http://ottrrs.hl.chinamobile.com/PLTV/88888888/224/3221226389/index.m3u8,,,,,,,,,,,CCSH.txt
内蒙古卫视,https://hls-gateway.vpstv.net/streams/708827.m3u8,,,,,,,,,,,CCSH.txt
内蒙古卫视,http://dd.ddzb.fun/php/migu.php?id=nmws,,,,,,,,,,,CCSH.txt
内蒙古卫视,https://stream1.freetv.fun/5a39e8f5ff32299e08dbfc03e9986b4ea3203e38cf27eba2556bf4827a9eaaca.m3u8,,,,,,,,,,,CCSH.txt
内蒙古卫视,https://stream1.freetv.fun/34be9574c802967c5f69d3fee3bffc7fbc796208b2e0621329aa078b1760c8c5.m3u8,,,,,,,,,,,CCSH.txt
内蒙古卫视,https://stream1.freetv.fun/e870046f1026367600d5635ee82e391b7382381d975da8c95261f3b236fb44ce.m3u8,,,,,,,,,,,CCSH.txt
内蒙古卫视,https://stream1.freetv.fun/1a959dda531fbaea13fcaedb57c7f3df2434622aa3b459d95e5b77561fd9847a.m3u8,,,,,,,,,,,CCSH.txt
内蒙古卫视,https://stream1.freetv.fun/ad7314a16b55c53ae78c2117774a007d72a550e07646ad5c29347c06b01a6a39.m3u8,,,,,,,,,,,CCSH.txt
内蒙古卫视,https://stream1.freetv.fun/d5d9dc5d1d5354fe0cea5c31d8e26eb865e81809cdd4d46091ef82c53451370d.m3u8,,,,,,,,,,,CCSH.txt
内蒙古卫视,https://stream1.freetv.fun/daa114e9aa94419a7d056b8b1821b485e3d06bb348a9f010b557499d8ce9e2cf.m3u8,,,,,,,,,,,CCSH.txt
内蒙古卫视,https://stream1.freetv.fun/33bfe49a1da64dcd96234a098dec28f99d9fd4b3e53983a624c22d7bea711e71.m3u8,,,,,,,,,,,CCSH.txt
内蒙古卫视,https://stream1.freetv.fun/e2af9c4e1abcffd1a9e80174ebfa9be05baba6a8bb2b5850bce52fa79a6c2da2.m3u8,,,,,,,,,,,CCSH.txt
内蒙古卫视,https://stream1.freetv.fun/32fc6fe3ffdac878d7ede2e46b5771f16a8b5d67eca58166834fade3bbd15788.m3u8,,,,,,,,,,,CCSH.txt
内蒙古卫视,https://stream1.freetv.fun/1e5dc1f802d7775ea9cde7b7b874b914365797c6718c5e95448aa26648e136e6.m3u8,,,,,,,,,,,CCSH.txt
内蒙古卫视,https://stream1.freetv.fun/953b5b877c309b3e9f1466390325d30b0de6a56ef65261d42328b7b64d9a9af5.m3u8,,,,,,,,,,,CCSH.txt
内蒙古卫视,https://stream1.freetv.fun/48e0d589868b805b91108d697cdbcb47c6f2982e8199bf3e5e5dd508fb4d5977.m3u8,,,,,,,,,,,CCSH.txt
内蒙古卫视,https://stream1.freetv.fun/37656a2fbb27d4177e6f7c6e3216686dda04af6ed1330434ccff518152aa1594.m3u8,,,,,,,,,,,CCSH.txt
内蒙古卫视,https://stream1.freetv.fun/51578043dec8507b0980a4b182a4f33cec7ff4c3eab40e87c18a20baadecf223.m3u8,,,,,,,,,,,CCSH.txt
大湾区卫视,http://hlsztemgsplive.miguvideo.com:8080/wd_r3/2018/nfmedia/nfws/1000/index.m3u8?msisdn=2026031712020768f1cd1f801e4ae788c25fbed083012b&mdspid=&spid=699054&netType=0&sid=2200322852&pid=2028597139&timestamp=20260317120207&Channel_ID=0116_2600000900-99000-201600010010027&ProgramID=608917627&ParentNodeID=-99&assertID=2200322852&client_ip=218.28.233.106&SecurityKey=20260317120207&promotionId=&mvid=2200322852&mcid=500020&playurlVersion=WX-A1-9.2.2-RELEASE&userid=&jmhm=&videocodec=h264&appCode=miguvideo_android&bean=mgspad&tid=android&conFee=0&encrypt=7bbdd39bfb1d43a4dd9c66b23499078c,,,,,,,,,,,CCSH.txt
大湾区卫视,http://hlsztemgsplive.miguvideo.com:8080/wd_r3/2018/nfmedia/nfws/1000/index.m3u8?msisdn=202603170802081a0619ff5f2948269c51bc91199720f6&mdspid=&spid=699054&netType=0&sid=2200322852&pid=2028597139&timestamp=20260317080208&Channel_ID=0116_2600000900-99000-201600010010027&ProgramID=608917627&ParentNodeID=-99&assertID=2200322852&client_ip=218.28.233.106&SecurityKey=20260317080208&promotionId=&mvid=2200322852&mcid=500020&playurlVersion=WX-A1-9.2.2-RELEASE&userid=&jmhm=&videocodec=h264&appCode=miguvideo_android&bean=mgspad&tid=android&conFee=0&encrypt=1b6309612a4f6933025c78bcb27fd9dc,,,,,,,,,,,CCSH.txt
大湾区卫视,http://hlsztemgsplive.miguvideo.com:8080/wd_r3/2018/nfmedia/nfws/1000/index.m3u8?msisdn=2026031704020892f6346e33ee42c7891ebe2f9f4b2c97&mdspid=&spid=699054&netType=0&sid=2200322852&pid=2028597139&timestamp=20260317040208&Channel_ID=0116_2600000900-99000-201600010010027&ProgramID=608917627&ParentNodeID=-99&assertID=2200322852&client_ip=218.28.233.106&SecurityKey=20260317040208&promotionId=&mvid=2200322852&mcid=500020&playurlVersion=WX-A1-9.2.2-RELEASE&userid=&jmhm=&videocodec=h264&appCode=miguvideo_android&bean=mgspad&tid=android&conFee=0&encrypt=5dba2814c9aa2900fd367dd08be9e781,,,,,,,,,,,CCSH.txt
大湾区卫视,https://hls-gateway.vpstv.net/streams/708866.m3u8,,,,,,,,,,,CCSH.txt
大湾区卫视,http://dd.ddzb.fun/php/migu.php?id=dwqws,,,,,,,,,,,CCSH.txt
大湾区卫视,http://148.135.93.213/live.php?id=大湾区卫视,,,,,,,,,,,CCSH.txt
大湾区卫视,http://38.64.72.148/hls/modn/list/4011/chunklist0.m3u8,,,,,,,,,,,CCSH.txt
大湾区卫视,https://stream1.freetv.fun/9e44565ab6186689007a295d8b94b2a970fafde637068b0e3837e5f84689a8f3.m3u8,,,,,,,,,,,CCSH.txt
大湾区卫视,http://kkk.888.3116598.xyz/api.php?n=tttt&id=PGzbV7&tk=FgM0vQMejxvG,,,,,,,,,,,CCSH.txt
内蒙古蒙语卫视,https://stream1.freetv.fun/nei-meng-gu-meng-yu-wei-shi-1.m3u8,,,,,,,,,,,CCSH.txt
内蒙古蒙语卫视,https://livestream-bt.nmtv.cn/nmtv/2315general.m3u8?txSecret=4971666599ef9411629213c9a300bf66&txTime=771EF880,,,,,,,,,,,CCSH.txt
农林卫视,http://hlsztemgsplive.miguvideo.com:8080/migu/kailu/zgnlws/50/20250804/index.m3u8?msisdn=202603170402092ece8a754de14a64b8ad53cfc22c65da&mdspid=&spid=600572&netType=0&sid=5910022186&pid=2028597139&timestamp=20260317040209&Channel_ID=0116_2600000900-99000-201600010010027&ProgramID=956904896&ParentNodeID=-99&assertID=5910022186&client_ip=218.28.233.106&SecurityKey=20260317040209&promotionId=&mvid=5900006709&mcid=500020&playurlVersion=WX-A1-9.2.2-RELEASE&userid=&jmhm=&videocodec=h264&appCode=miguvideo_android&bean=mgspad&tid=android&conFee=0&encrypt=c483fb544c34665c76422146d57ba0b7,,,,,,,,,,,CCSH.txt
农林卫视,https://stream1.freetv.fun/fe99380ce76011ac28d24fb52afe030d6fb320bf5afe31a04fb2746964932ff7.m3u8,,,,,,,,,,,CCSH.txt
农林卫视,https://stream1.freetv.fun/cb703e6e694023c63361a9fd5db877c3d6b00dd7e4e63c6e4d5ccf56f8b3a58b.m3u8,,,,,,,,,,,CCSH.txt
农林卫视,http://156.238.248.80:8880/play/34.m3u8,,,,,,,,,,,CCSH.txt
农林卫视,http://8.138.7.223/【公众号：榴芒电视】/农林卫视.m3u8,,,,,,,,,,,CCSH.txt
农林卫视,http://8.138.7.223/%E3%80%90%E5%85%AC%E4%BC%97%E5%8F%B7%EF%BC%9A%E6%A6%B4%E8%8A%92%E7%94%B5%E8%A7%86%E3%80%91/%E5%86%9C%E6%9E%97%E5%8D%AB%E8%A7%86.m3u8,,,,,,,,,,,CCSH.txt
农林卫视,http://120.76.248.139/live/bfgd/4200000122.m3u8,,,,,,,,,,,CCSH.txt
农林卫视,http://dl.wifi942.com:66/jsyd/jsyd.php?id=G_NONGLIN,,,,,,,,,,,CCSH.txt
农林卫视,http://tvbox6.com/tv/bfgd.php?id=122,,,,,,,,,,,CCSH.txt
农林卫视,http://116.162.6.191/zycfcdn.gdwlcloud.com/PLTV/88888888/224/3221226335/index.m3u8,,,,,,,,,,,CCSH.txt
农林卫视,http://124.116.183.146:9901/tsfile/live/1004_1.m3u8?key=txiptv&playlive=1&authid=0,,,,,,,,,,,CCSH.txt
农林卫视,http://112.46.85.60:8009/hls/27/index.m3u8,,,,,,,,,,,CCSH.txt
农林卫视,https://stream1.freetv.fun/nong-lin-wei-shi-27.m3u8,,,,,,,,,,,CCSH.txt
农林卫视,http://124.116.183.146:9901/tsfile/live/1004_1.m3u8,,,,,,,,,,,CCSH.txt
凤凰中文,https://hls-gateway.vpstv.net/streams/476959.m3u8,,,,,,,,,,,CCSH.txt
凤凰中文,https://stream1.freetv.fun/4e695e885cc20b20b7e3ec874fe52ed75e27443778c8ff29e498c4c9d7cec4a0.m3u8,,,,,,,,,,,CCSH.txt
凤凰中文,https://cdn6.101.qzz.io/163189/fhzw,,,,,,,,,,,CCSH.txt
凤凰中文,http://cdn5.1678520.xyz/live/?id=fhzw,,,,,,,,,,,CCSH.txt
凤凰中文,http://php.jdshipin.com:8880/TVOD/iptv.php?id=fhzw,,,,,,,,,,,CCSH.txt
凤凰中文,http://play-live.ifeng.com/live/06OLEGEGM4G.m3u8,,,,,,,,,,,CCSH.txt
凤凰中文,https://stream1.freetv.fun/91dffd2dca60b65821a94747f2f3020dfc9642bb89f86ed7fa6d8b0b7487c5d2.m3u8,,,,,,,,,,,CCSH.txt
凤凰中文,http://cdn5.1678520.xyz/live/live2.1.php?id=fhzw,,,,,,,,,,,CCSH.txt
凤凰中文,https://stream1.freetv.fun/fe3d3346f748e4ec230691be958aff27e91c225b43b5855685cd1fbe79c56f60.m3u8,,,,,,,,,,,CCSH.txt
凤凰中文,https://stream1.freetv.fun/08e5440bb83a804440e341ae792cffc38d6844b04d5a2c7a4fc5ee04a6fe6bc6.m3u8,,,,,,,,,,,CCSH.txt
凤凰中文,http://aktv.top/AKTV/live/aktv/null-3/AKTV.m3u8,,,,,,,,,,,CCSH.txt
凤凰中文,http://cdn5.1678520.xyz:80/live/live2.1.php?id=fhzw,,,,,,,,,,,CCSH.txt
凤凰中文,https://cdn.163189.xyz/live/fhzw/stream.m3u8,,,,,,,,,,,CCSH.txt
凤凰中文,https://stream1.freetv.fun/feng-huang-zhong-wen-15.ctv,,,,,,,,,,,CCSH.txt
凤凰中文,https://stream1.freetv.fun/feng-huang-zhong-wen-6.m3u8,,,,,,,,,,,CCSH.txt
凤凰中文,https://stream1.freetv.fun/feng-huang-zhong-wen-12.m3u8,,,,,,,,,,,CCSH.txt
凤凰中文,https://t.freetv.fun/live/feng-huang-zhong-wen-1.flv,,,,,,,,,,,CCSH.txt
凤凰中文,https://stream1.freetv.fun/2b657a181daa345025199e7d6b8de95a1a87b19abceafbd16e2499a49da33c6f.m3u8,,,,,,,,,,,CCSH.txt
凤凰资讯,http://play-live.ifeng.com/live/06OLEEWQKN4.m3u8,,,,,,,,,,,CCSH.txt
凤凰资讯,https://hls-gateway.vpstv.net/streams/476958.m3u8,,,,,,,,,,,CCSH.txt
凤凰资讯,http://cdn6.163189.xyz/163189/fhzx,,,,,,,,,,,CCSH.txt
凤凰资讯,http://playtv-live.ifeng.com/live/06OLEEWQKN4_audio.m3u8,,,,,,,,,,,CCSH.txt
凤凰资讯,http://cdn3.163189.xyz/live/fhzx/stream.m3u8,,,,,,,,,,,CCSH.txt
凤凰资讯,https://cdn6.101.qzz.io/163189/fhzx,,,,,,,,,,,CCSH.txt
凤凰资讯,https://cdn3.163189.xyz/live/fhzx/stream.m3u8,,,,,,,,,,,CCSH.txt
凤凰资讯,http://wo.xiang.lai.ge.bi.jiao.chang.de.yu.ming.wan.wan.jie.xi.bu.zhi.dao.ke.bu.ke.xing.hk3.345888.xyz.cdn.cloudflare.net/gt/aktv.php?variable=null-4,,,,,,,,,,,CCSH.txt
凤凰资讯,http://cdn5.1678520.xyz/live/live2.1.php?id=fhzx,,,,,,,,,,,CCSH.txt
凤凰资讯,http://cdn5.1678520.xyz/live/?id=fhzx,,,,,,,,,,,CCSH.txt
凤凰资讯,http://cdn5.1678520.xyz:80/live/live2.1.php?id=fhzx,,,,,,,,,,,CCSH.txt
凤凰资讯,http://108.181.20.197/livehttpplay?channel_id=30015,,,,,,,,,,,CCSH.txt
凤凰资讯,https://t.freetv.fun/live/feng-huang-zi-xun-1.flv,,,,,,,,,,,CCSH.txt
凤凰资讯,https://stream1.freetv.fun/a5857ad51b58a0f7a8c9cbdf291571692b0eed9f5ab2cfce97a211260533c0d8.m3u8,,,,,,,,,,,CCSH.txt
凤凰资讯,http://php.jdshipin.com:8880/TVOD/iptv.php?id=fhzx,,,,,,,,,,,CCSH.txt
凤凰资讯,https://stream1.freetv.fun/5fb13a1ac8acfc0fbc7121568b65c78e0383919949c35c2a7f278a1ddd081e2b.m3u8,,,,,,,,,,,CCSH.txt
凤凰资讯,http://aktv.top/AKTV/live/aktv/null-4/AKTV.m3u8,,,,,,,,,,,CCSH.txt
凤凰资讯,http://ali.hlspull.yximgs.com/live/l3w1tt2dkzvpukruupu002-golive.flv,,,,,,,,,,,CCSH.txt
凤凰资讯,https://stream1.freetv.fun/feng-huang-zi-xun-20.ctv,,,,,,,,,,,CCSH.txt
凤凰资讯,https://stream1.freetv.fun/feng-huang-zi-xun-1.ctv,,,,,,,,,,,CCSH.txt
凤凰香港,https://hls-gateway.vpstv.net/streams/476960.m3u8,,,,,,,,,,,CCSH.txt
凤凰香港,https://cdn6.163189.xyz/live/fhhk/stream.m3u8,,,,,,,,,,,CCSH.txt
凤凰香港,http://wo.xiang.lai.ge.bi.jiao.chang.de.yu.ming.wan.wan.jie.xi.bu.zhi.dao.ke.bu.ke.xing.hk3.345888.xyz.cdn.cloudflare.net/gt/aktv.php?variable=null-5,,,,,,,,,,,CCSH.txt
凤凰香港,https://epg.pw/stream/5f16dc7fc8aaaed3205516c63e4a8c24bca9dbba1181684244729cf574505b0e.m3u8,,,,,,,,,,,CCSH.txt
凤凰香港,https://epg.pw/stream/8770e89223a086eb1b8a0c931e42296d772a8069ad3eb72540e0c434e7cb3e93.m3u8,,,,,,,,,,,CCSH.txt
凤凰香港,http://108.181.20.197/livehttpplay?channel_id=30016,,,,,,,,,,,CCSH.txt
凤凰香港,http://php.jdshipin.com:8880/TVOD/iptv.php?id=fhhk,,,,,,,,,,,CCSH.txt
凤凰香港,http://aktv.top/AKTV/live/aktv/null-5/AKTV.m3u8,,,,,,,,,,,CCSH.txt
凤凰香港,https://play-live.ifeng.com/live/06OLEGEGM4G.m3u8,,,,,,,,,,,CCSH.txt
凤凰香港,https://stream1.freetv.fun/feng-huang-xiang-gang-5.ctv,,,,,,,,,,,CCSH.txt
凤凰香港,https://stream1.freetv.fun/feng-huang-xiang-gang-11.ctv,,,,,,,,,,,CCSH.txt
凤凰香港,https://aktv.top/AKTV/live/aktv/null-5/AKTV.m3u8,,,,,,,,,,,CCSH.txt
凤凰香港,https://stream1.freetv.fun/8770e89223a086eb1b8a0c931e42296d772a8069ad3eb72540e0c434e7cb3e93.ctv,,,,,,,,,,,CCSH.txt
凤凰香港,https://stream1.freetv.fun/feng-huang-xiang-gang-6.ctv,,,,,,,,,,,CCSH.txt
凤凰香港,https://stream1.freetv.fun/feng-huang-xiang-gang-3.ctv,,,,,,,,,,,CCSH.txt
凤凰香港,http://api.mytv666.top/api/qwt.php?t=香港频道&id=凤凰香港台,,,,,,,,,,,CCSH.txt
凤凰香港,https://stream1.freetv.fun/feng-huang-xiang-gang-3.m3u8,,,,,,,,,,,CCSH.txt
星空卫视,https://hls-gateway.vpstv.net/streams/709267.m3u8,,,,,,,,,,,CCSH.txt
星空卫视,http://ali.hlspull.yximgs.com/live/facf94ac3441dc4e5f8e48d1eeb18045.flv,,,,,,,,,,,CCSH.txt
星空卫视,http://api.mytv666.top/api/qwt.php?t=香港频道&id=星空卫视,,,,,,,,,,,CCSH.txt
星空卫视,http://122.224.58.42:85/tsfile/live/1024_1.m3u8?key=txiptv&playlive=1&authid=0,,,,,,,,,,,CCSH.txt
TVB翡翠,https://o11.163189.xyz/stream/tvb/fct/,,,,,,,,,,,CCSH.txt
TVB翡翠,http://php.jdshipin.com/TVOD/iptv.php?id=fct2,,,,,,,,,,,CCSH.txt
TVB翡翠,http://php.jdshipin.com:8880/smt.php?id=jade_twn,,,,,,,,,,,CCSH.txt
TVB翡翠,http://74.91.26.218:82/live/jade.m3u8,,,,,,,,,,,CCSH.txt
TVB翡翠,http://api.mytv666.top/api/hk.php?id=3262653732393564383135306138663636396562333131366461316635356432267469643d77696e74763132332669643d3230,,,,,,,,,,,CCSH.txt
TVB翡翠,http://api.mytv666.top/api/hk.php?id=6133373062306330636436323766386638333930633734343164306361626637267469643d74762669643d3234,,,,,,,,,,,CCSH.txt
TVB翡翠,http://rihou.cc:555/tv/[Pd]无线翡翠,,,,,,,,,,,CCSH.txt
TVB翡翠,http://101.35.240.114:88/live.php?id=翡翠台,,,,,,,,,,,CCSH.txt
TVB翡翠,http://cdn9.163189.xyz/smt1.1.php?id=jade_twn,,,,,,,,,,,CCSH.txt
TVB翡翠,http://php.jdshipin.com/TVOD/iptv.php?id=fct,,,,,,,,,,,CCSH.txt
TVB翡翠,https://hls-gateway.vpstv.net/streams/476929.m3u8,,,,,,,,,,,CCSH.txt
TVB翡翠,http://php.jdshipin.com/TVOD/iptv.php?id=fct3,,,,,,,,,,,CCSH.txt
TVB翡翠,http://php.jdshipin.com/TVOD/iptv.php?id=fct4,,,,,,,,,,,CCSH.txt
TVB翡翠,http://cdn.163189.xyz/live/fct4k/stream.m3u8,,,,,,,,,,,CCSH.txt
TVB明珠,https://hls-gateway.vpstv.net/streams/476936.m3u8,,,,,,,,,,,CCSH.txt
TVB明珠,https://o11.163189.xyz/stream/tvb/mzt/,,,,,,,,,,,CCSH.txt
TVB明珠,http://php.jdshipin.com:8880/iptv.php?id=mzt,,,,,,,,,,,CCSH.txt
TVB明珠,http://o12.1678520.xyz/hls/mzt/playlist.m3u8,,,,,,,,,,,CCSH.txt
TVB明珠,http://php.jdshipin.com/TVOD/iptv.php?id=mzt,,,,,,,,,,,CCSH.txt
TVB明珠,http://php.jdshipin.com/PLTV/iptv.php?id=mzt2,,,,,,,,,,,CCSH.txt
TVB明珠,http://ali.hlspull.yximgs.com/live/l3w1tt2dkzvpukkliu64ah008-golive.flv,,,,,,,,,,,CCSH.txt
TVB明珠,http://php.jdshipin.com/PLTV/iptv.php?id=mzt,,,,,,,,,,,CCSH.txt
TVB明珠,http://aktv.top/AKTV/live/aktv/null-2/AKTV.m3u8,,,,,,,,,,,CCSH.txt
TVB明珠,https://aktv.top/AKTV/live/aktv/null-2/AKTV.m3u8,,,,,,,,,,,CCSH.txt
TVB明珠,http://r.jdshipin.com/GeWKr?id=mzt720,,,,,,,,,,,CCSH.txt
TVB明珠,http://api.mytv666.top/api/hk.php?id=3433306230326632313132313965323231616462303239343762396634316466267469643d77696e74763132332669643d3232,,,,,,,,,,,CCSH.txt
TVB明珠,http://122.152.202.33/s/81a8a44f/index.m3u8?id=23,,,,,,,,,,,CCSH.txt
TVB明珠,http://api.mytv666.top/api/qwt.php?t=香港频道&id=TVB明珠台,,,,,,,,,,,CCSH.txt
TVB明珠,http://rihou.cc:555/tv/[Pd]无线明珠,,,,,,,,,,,CCSH.txt
TVB明珠,http://api.mytv666.top/api/hk.php?id=3234333631636531363838373231366566333832376434366264306332626165267469643d74762669643d3237,,,,,,,,,,,CCSH.txt
TVB明珠,http://php.jdshipin.com:8880/TVOD/iptv.php?id=mzt,,,,,,,,,,,CCSH.txt
TVB明珠,http://php.jdshipin.com:8880/smt.php?id=pearl_twn,,,,,,,,,,,CCSH.txt
TVB星河,http://74.91.26.218:82/live/tvbxh.m3u8,,,,,,,,,,,CCSH.txt
TVB星河,http://php.jdshipin.com:8880/PLTV/iptv.php?id=xinghe,,,,,,,,,,,CCSH.txt
TVB星河,https://o11.163189.xyz/stream/live/tvbxh/,,,,,,,,,,,CCSH.txt
TVB星河,http://php.jdshipin.com/TVOD/iptv.php?id=tvbxh,,,,,,,,,,,CCSH.txt
TVB星河,http://php.jdshipin.com/TVOD/iptv.php?id=xinghe,,,,,,,,,,,CCSH.txt
TVB星河,http://aktv.top/AKTV/live/aktv2/tvb/AKTV.m3u8,,,,,,,,,,,CCSH.txt
TVB星河,http://r.jdshipin.com/Voac4,,,,,,,,,,,CCSH.txt
TVB星河,http://r.jdshipin.com/sXuuD,,,,,,,,,,,CCSH.txt
TVB星河,http://rihou.cc:555/tv/[Pd]无线星河,,,,,,,,,,,CCSH.txt
TVB星河,http://cdn9.163189.xyz/smt1.1.php?id=Xinhe,,,,,,,,,,,CCSH.txt
TVB星河,http://php.jdshipin.com:8880/smt.php?id=Xinhe,,,,,,,,,,,CCSH.txt
TVB星河,https://hls-gateway.vpstv.net/streams/709489.m3u8,,,,,,,,,,,CCSH.txt
TVB无线新闻,https://hls-gateway.vpstv.net/streams/476926.m3u8,,,,,,,,,,,CCSH.txt
TVB无线新闻,https://cdn6.163189.xyz/163189/wxxw,,,,,,,,,,,CCSH.txt
TVB无线新闻,http://r.jdshipin.com/CkuBd,,,,,,,,,,,CCSH.txt
TVB无线新闻,https://cdn6.101.qzz.io/163189/wxxw,,,,,,,,,,,CCSH.txt
TVB无线新闻,http://php.jdshipin.com/TVOD/iptv.php?id=tvbxw,,,,,,,,,,,CCSH.txt
TVB无线新闻,https://stream1.freetv.fun/678d877ac436471c003e6f566eaa81b022de75dca45be60e1660efbf223765ca.m3u8,,,,,,,,,,,CCSH.txt
TVB无线新闻,http://ali.hlspull.yximgs.com/live/d2331250dd26e1f49447324dcd5b7c68.flv,,,,,,,,,,,CCSH.txt
TVB无线新闻,http://aktv.top/AKTV/live/aktv/null-20/AKTV.m3u8,,,,,,,,,,,CCSH.txt
TVB无线新闻,http://aktv.top/AKTV/live/aktv/null-1/AKTV.m3u8,,,,,,,,,,,CCSH.txt
TVB无线新闻,http://aktv.top/AKTV/live/aktv2/null-1/AKTV.m3u8,,,,,,,,,,,CCSH.txt
TVB无线新闻,http://ali.hlspull.yximgs.com/live/l3w1tt2dkzvpukkliu64ah006-golive.flv,,,,,,,,,,,CCSH.txt
TVB无线新闻,http://74.91.26.218:82/live/inews.m3u8,,,,,,,,,,,CCSH.txt
TVB无线新闻,https://aktv.top/AKTV/live/aktv/null-1/AKTV.m3u8,,,,,,,,,,,CCSH.txt
TVB无线新闻,https://hls.iill.top/api/TVB-News/index.m3u8,,,,,,,,,,,CCSH.txt
TVB无线新闻,http://api.mytv666.top/api/hk.php?id=6264343831353330323337393639393931616235303439316135313462356130267469643d77696e74763132332669643d3136,,,,,,,,,,,CCSH.txt
TVB无线新闻,http://api.mytv666.top/api/qwt.php?t=香港频道&id=TVB无线新闻台,,,,,,,,,,,CCSH.txt
TVB无线新闻,http://api.mytv666.top/api/hk.php?id=3437643561316430306564303532666566613235653961373961303464386662267469643d74762669643d3235,,,,,,,,,,,CCSH.txt
TVB无线新闻,http://php.jdshipin.com/TVOD/iptv.php?id=wxxwt,,,,,,,,,,,CCSH.txt
TVB无线新闻,http://php.jdshipin.com/smt.php?id=inews_twn,,,,,,,,,,,CCSH.txt
TVB无线新闻,http://122.152.202.33/s/81a8a44f/index.m3u8?id=21,,,,,,,,,,,CCSH.txt
TVB娱乐新闻,http://php.jdshipin.com:8880/TVOD/iptv.php?id=fct2,,,,,,,,,,,CCSH.txt
TVB娱乐新闻,http://php.jdshipin.com/PLTV/iptv.php?id=tvbylxw,,,,,,,,,,,CCSH.txt
TVB娱乐新闻,http://ali.hlspull.yximgs.com/live/l3w1tt2dkzvpukkliu64ah009-golive.flv,,,,,,,,,,,CCSH.txt
TVB娱乐新闻,http://ali.hlspull.yximgs.com/live/6425965d63a08c85ca806bfcc8c75cf4.flv,,,,,,,,,,,CCSH.txt
TVB娱乐新闻,http://api.mytv666.top/api/hk.php?id=3466626233666436653838353264326461326635633732323366653761633437267469643d77696e74763132332669643d3234,,,,,,,,,,,CCSH.txt
TVB娱乐新闻,http://api.mytv666.top/api/qwt.php?t=香港频道&id=TVB娱乐新闻,,,,,,,,,,,CCSH.txt
TVB娱乐新闻,http://iptv.4666888.xyz/iptv2A.php?id=36,,,,,,,,,,,CCSH.txt
TVB娱乐新闻,http://php.jdshipin.com/smt.php?id=Tvbentertainment,,,,,,,,,,,CCSH.txt
TVB娱乐新闻,https://hls-gateway.vpstv.net/streams/708904.m3u8,,,,,,,,,,,CCSH.txt
TVB娱乐新闻,http://php.jdshipin.com/TVOD/iptv.php?id=tvbylxw,,,,,,,,,,,CCSH.txt
TVB千禧经典,http://74.91.26.218:82/live/tvbjd.m3u8,,,,,,,,,,,CCSH.txt
TVB千禧经典,https://o11.163189.xyz/stream/live/tvbc/,,,,,,,,,,,CCSH.txt
TVB千禧经典,http://php.jdshipin.com/PLTV/iptv.php?id=tvbc,,,,,,,,,,,CCSH.txt
TVB千禧经典,http://ali.hlspull.yximgs.com/live/l3w1tt2dkzvpukkliu64ah00a13-golive.flv,,,,,,,,,,,CCSH.txt
TVB千禧经典,http://php.jdshipin.com/TVOD/iptv.php?id=tvbc,,,,,,,,,,,CCSH.txt
TVB千禧经典,http://api.mytv666.top/api/qwt.php?t=香港频道&id=TVB千禧经典,,,,,,,,,,,CCSH.txt
TVB千禧经典,http://iptv.4666888.xyz/iptv2A.php?id=22,,,,,,,,,,,CCSH.txt
TVB千禧经典,http://php.jdshipin.com/smt.php?id=Tvbclassic,,,,,,,,,,,CCSH.txt
TVB千禧经典,http://php.jdshipin.com:8880/smt.php?id=Tvbclassic,,,,,,,,,,,CCSH.txt
TVB黄金翡翠,http://ali.hlspull.yximgs.com/live/l3w1tt2dkzvpukkliu64ah00a11-golive.flv,,,,,,,,,,,CCSH.txt
TVB黄金翡翠,http://aktv.top/AKTV/live/aktv/null-21/AKTV.m3u8,,,,,,,,,,,CCSH.txt
TVB黄金翡翠,http://iptv.4666888.xyz/iptv2A.php?id=32,,,,,,,,,,,CCSH.txt
TVB戏曲,https://hls-gateway.vpstv.net/streams/477553.m3u8,,,,,,,,,,,CCSH.txt
TVB戏曲,https://hls-gateway.vpstv.net/streams/709493.m3u8,,,,,,,,,,,CCSH.txt
TVBJ2,http://php.jdshipin.com/TVOD/iptv.php?id=j2,,,,,,,,,,,CCSH.txt
TVBS新闻,https://hls-gateway.vpstv.net/streams/708927.m3u8,,,,,,,,,,,CCSH.txt
TVBS新闻,http://breezy-audrie-zspace-7524863c.koyeb.app/vipsir?token=leifeng&id=4gtv-4gtv072,,,,,,,,,,,CCSH.txt
TVBS新闻,http://38.64.72.148/hls/modn/list/4006/chunklist1.m3u8,,,,,,,,,,,CCSH.txt
TVBS新闻,http://38.64.72.148:80/hls/modn/list/4006/chunklist0.m3u8,,,,,,,,,,,CCSH.txt
TVBS新闻,http://aktv.top/AKTV/live/aktv3/null-2/AKTV.m3u8,,,,,,,,,,,CCSH.txt
TVBS新闻,http://aktv.top/AKTV/live/aktv/tvbs-1/AKTV.m3u8,,,,,,,,,,,CCSH.txt
TVBS新闻,https://www.judy.xx.kg/judy.php?id=4gtv-4gtv072,,,,,,,,,,,CCSH.txt
TVBS新闻,http://xtvantsc.xyz/litv_ts.php?id=4gtv-4gtv072,,,,,,,,,,,CCSH.txt
TVBS新闻,http://61.221.215.25:8800/hls/9/index.m3u8,,,,,,,,,,,CCSH.txt
TVBS新闻,http://api.mytv666.top/api/qwt.php?t=台湾频道&id=TVBS新闻台,,,,,,,,,,,CCSH.txt
TVBS新闻,http://api.mytv666.top/api/hk.php?id=6366366232313066623564653734326233383533656239343137313864626639267469643d77696e74763132332669643d3532,,,,,,,,,,,CCSH.txt
TVBS新闻,http://api.mytv666.top/api/hk.php?id=6433326131333730353865386539346239623032306533346562653234623365267469643d74762669643d3938,,,,,,,,,,,CCSH.txt
TVBS新闻,http://api.mytv666.top/api/hk.php?id=6437303339323237356232633666346535353937623264636361613238353236267469643d74762669643d3633,,,,,,,,,,,CCSH.txt
TVBS新闻,https://tmxk.pp.ua/litv.php?token=tmxk&id=4gtv-4gtv072,,,,,,,,,,,CCSH.txt
TVBS新闻,http://iptv.4666888.xyz/iptv2A.php?id=43,,,,,,,,,,,CCSH.txt
TVBS亚洲,http://38.64.72.148/hls/modn/list/4005/chunklist1.m3u8?,,,,,,,,,,,CCSH.txt
TVBS亚洲,http://38.64.72.148:80/hls/modn/list/4005/chunklist1.m3u8,,,,,,,,,,,CCSH.txt
TVBS亚洲,http://38.64.72.148/hls/modn/list/4005/playlist.m3u8,,,,,,,,,,,CCSH.txt
TVBS亚洲,http://38.64.72.148:80/hls/modn/list/4005/chunklist0.m3u8,,,,,,,,,,,CCSH.txt
TVBS亚洲,http://38.64.72.148/hls/modn/list/4005/chunklist1.m3u8,,,,,,,,,,,CCSH.txt
TVBS亚洲,http://38.64.72.148:80/hls/modn/list/4005/playlist.m3u8,,,,,,,,,,,CCSH.txt
TVBS亚洲,http://38.64.72.148:80/hls/modn/list/4005/playlist.m3u8?,,,,,,,,,,,CCSH.txt
TVBS欢乐,https://hls-gateway.vpstv.net/streams/477068.m3u8,,,,,,,,,,,CCSH.txt
TVBS欢乐,http://breezy-audrie-zspace-7524863c.koyeb.app/vipsir?token=leifeng&id=4gtv-4gtv068,,,,,,,,,,,CCSH.txt
TVBS欢乐,http://108.181.20.197/livehttpplay?channel_id=20105,,,,,,,,,,,CCSH.txt
TVBS欢乐,http://37.27.111.214:8080/live/24/hls.m3u8,,,,,,,,,,,CCSH.txt
TVBS欢乐,http://xtvantsc.xyz/litv_ts.php?id=4gtv-4gtv068,,,,,,,,,,,CCSH.txt
TVBS欢乐,http://api.mytv666.top/api/hk.php?id=6236616334353366303862316264353063653232626338383639306330623231267469643d77696e74763132332669643d3731,,,,,,,,,,,CCSH.txt
TVBS欢乐,http://api.mytv666.top/api/qwt.php?t=台湾频道&id=TVBS欢乐台,,,,,,,,,,,CCSH.txt
TVBS欢乐,http://api.mytv666.top/api/hk.php?id=3762336166623866323763356361653833376266313161666333646136363637267469643d74762669643d313538,,,,,,,,,,,CCSH.txt
TVBS欢乐,https://tmxk.pp.ua/litv.php?token=tmxk&id=4gtv-4gtv068,,,,,,,,,,,CCSH.txt
VIUTV,http://php.jdshipin.com/TVOD/iptv.php?id=viutv2,,,,,,,,,,,CCSH.txt
VIUTV,http://php.jdshipin.com/PLTV/iptv.php?id=viutv2,,,,,,,,,,,CCSH.txt
VIUTV,http://php.jdshipin.com/TVOD/iptv.php?id=viutv,,,,,,,,,,,CCSH.txt
VIUTV,http://php.jdshipin.com:8880/TVOD/iptv.php?id=viutv,,,,,,,,,,,CCSH.txt
VIUTV,http://php.jdshipin.com:8880/smt.php?id=viu1_twn,,,,,,,,,,,CCSH.txt
Now星影,http://aktv.top/AKTV/live/aktv2/now/AKTV.m3u8,,,,,,,,,,,CCSH.txt
Now星影,http://23.237.228.133/live2/xingyingtai.m3u8,,,,,,,,,,,CCSH.txt
Now星影,http://api.mytv666.top/api/qwt.php?t=影视频道&id=Now星影台,,,,,,,,,,,CCSH.txt
Now星影,http://api.mytv666.top/api/qwt.php?t=香港频道&id=Now星影台,,,,,,,,,,,CCSH.txt
Now星影,http://rihou.cc:555/tv/[Bx]Now星影,,,,,,,,,,,CCSH.txt
Now星影,http://rihou.cc:555/tv/[Hk]Now星影,,,,,,,,,,,CCSH.txt
Now星影,http://push-rtmp-hs-spe-f5.douyincdn.com/live/xiangjiaogef31fdg31g1gdg.flv,,,,,,,,,,,CCSH.txt
Now爆谷,http://aktv.top/AKTV/live/aktv2/now-1/AKTV.m3u8,,,,,,,,,,,CCSH.txt
Now爆谷,http://23.237.228.133/live2/baogutai.m3u8,,,,,,,,,,,CCSH.txt
Now爆谷,http://api.mytv666.top/api/qwt.php?t=香港频道&id=Now爆谷台,,,,,,,,,,,CCSH.txt
Now爆谷,http://api.mytv666.top/api/qwt.php?t=影视频道&id=Now爆谷台,,,,,,,,,,,CCSH.txt
Now爆谷,http://rihou.cc:555/tv/[Bx]Now爆谷,,,,,,,,,,,CCSH.txt
Now爆谷,http://rihou.cc:555/tv/[Hk]Now爆谷,,,,,,,,,,,CCSH.txt
Now爆谷,http://push-rtmp-hs-spe-f5.douyincdn.com/live/xiangjiaoge1116163133.flv,,,,,,,,,,,CCSH.txt
Now新闻,https://cdn.163189.xyz/163189/now,,,,,,,,,,,CCSH.txt
Now新闻,http://api.mytv666.top/api/qwt.php?t=香港频道&id=Now新闻台,,,,,,,,,,,CCSH.txt
Now新闻,https://t.ttvb.eu.org/tvb/now-332/index.m3u8,,,,,,,,,,,CCSH.txt
Now新闻,http://cdn.163189.xyz/163189/now,,,,,,,,,,,CCSH.txt
Now财经,https://t.ttvb.eu.org/tvb/now-333/index.m3u8,,,,,,,,,,,CCSH.txt
Now财经,http://api.mytv666.top/api/qwt.php?t=香港频道&id=Now财经台,,,,,,,,,,,CCSH.txt
八大戏剧,https://stream1.freetv.fun/6b1701a07ea621155cdaa9ee604b6c6ebc763093fafaf493ce7a3c2e206be799.m3u8,,,,,,,,,,,CCSH.txt
八大戏剧,http://kkk.jjjj.jiduo.me/api.php?n=tttt&id=2887&tk=e640d0a1bf70,,,,,,,,,,,CCSH.txt
八大戏剧,https://stream1.freetv.fun/ba-da-xi-ju-1.m3u8,,,,,,,,,,,CCSH.txt
八大戏剧,http://api.mytv666.top/api/qwt.php?t=台湾频道&id=八大戏剧台,,,,,,,,,,,CCSH.txt
八大戏剧,http://61.221.215.25:8800/hls/39/index.m3u8,,,,,,,,,,,CCSH.txt
八大第一,http://kkk.jjjj.jiduo.me/api.php?n=tttt&id=5517&tk=e640d0a1bf70,,,,,,,,,,,CCSH.txt
八大第一,http://61.221.215.25:8800/hls/55/index.m3u8,,,,,,,,,,,CCSH.txt
八大第一,http://api.mytv666.top/api/hk.php?id=3238623934303035353934313834633739393932656236616464353134623838267469643d77696e74763132332669643d3938,,,,,,,,,,,CCSH.txt
八大第一,http://api.mytv666.top/api/qwt.php?t=台湾频道&id=八大第一台,,,,,,,,,,,CCSH.txt
八大第一,http://push-rtmp-hs-spe-f5.douyincdn.com/live/awei_bddy.flv,,,,,,,,,,,CCSH.txt
八大综合,https://stream1.freetv.fun/ba-da-zong-he-1.m3u8,,,,,,,,,,,CCSH.txt
八大综合,http://61.221.215.25:8800/hls/56/index.m3u8,,,,,,,,,,,CCSH.txt
八大综合,http://api.mytv666.top/api/qwt.php?t=台湾频道&id=八大综合台,,,,,,,,,,,CCSH.txt
八大综合,http://api.mytv666.top/api/hk.php?id=6432303036623131376165396235363838636230323933383061356535356232267469643d77696e74763132332669643d3939,,,,,,,,,,,CCSH.txt
八大综合,https://stream1.freetv.fun/ba-da-zong-he-2.m3u8,,,,,,,,,,,CCSH.txt
八大综合,http://push-rtmp-hs-spe-f5.douyincdn.com/live/awei_bdzh.flv,,,,,,,,,,,CCSH.txt
八大精彩,https://hls-gateway.vpstv.net/streams/477035.m3u8,,,,,,,,,,,CCSH.txt
八大精彩,http://breezy-audrie-zspace-7524863c.koyeb.app/vipsir?token=leifeng&id=4gtv-4gtv034,,,,,,,,,,,CCSH.txt
八大精彩,https://stream1.freetv.fun/ba-da-jing-cai-1.ctv,,,,,,,,,,,CCSH.txt
八大精彩,http://xtvantsc.xyz/litv_ts.php?id=4gtv-4gtv034,,,,,,,,,,,CCSH.txt
八大精彩,http://api.mytv666.top/api/hk.php?id=3434643962353934663735326130343665373733333532666238666637636236267469643d74762669643d313535,,,,,,,,,,,CCSH.txt
八大精彩,http://api.mytv666.top/api/qwt.php?t=台湾频道&id=八大精彩台,,,,,,,,,,,CCSH.txt
八大精彩,https://tmxk.pp.ua/litv.php?token=tmxk&id=4gtv-4gtv034,,,,,,,,,,,CCSH.txt
八大精彩,http://udinlaw.sytes.net:8000/scripts/4gtv/index.php?id=4gtv-4gtv034,,,,,,,,,,,CCSH.txt
八大综艺,https://hls-gateway.vpstv.net/streams/708948.m3u8,,,,,,,,,,,CCSH.txt
八大综艺,http://breezy-audrie-zspace-7524863c.koyeb.app/vipsir?token=leifeng&id=4gtv-4gtv039,,,,,,,,,,,CCSH.txt
八大综艺,https://tv.iill.top/litv/4gtv-4gtv039,,,,,,,,,,,CCSH.txt
八大综艺,http://xtvantsc.xyz/litv_ts.php?id=4gtv-4gtv039,,,,,,,,,,,CCSH.txt
八大综艺,http://api.mytv666.top/api/hk.php?id=3661663237323836323533336531326231366461356565383364653331353739267469643d74762669643d313536,,,,,,,,,,,CCSH.txt
八大综艺,https://tmxk.pp.ua/litv.php?token=tmxk&id=4gtv-4gtv039,,,,,,,,,,,CCSH.txt
三立新闻,https://tv.iill.top/4gtv/229,,,,,,,,,,,CCSH.txt
三立新闻,http://wo.xiang.lai.ge.bi.jiao.chang.de.yu.ming.wan.wan.jie.xi.bu.zhi.dao.ke.bu.ke.xing.hk3.345888.xyz.cdn.cloudflare.net/gt/aktv.php?variable=null-14,,,,,,,,,,,CCSH.txt
三立新闻,http://108.181.20.197/livehttpplay?channel_id=10126,,,,,,,,,,,CCSH.txt
三立新闻,https://epg.pw/stream/6b49e3faa38adda85abab446f032dc1e686baa0760a9cfa66e2df8fd6fe3b445.m3u8,,,,,,,,,,,CCSH.txt
三立新闻,http://aktv.top/AKTV/live/aktv/null-14/AKTV.m3u8,,,,,,,,,,,CCSH.txt
三立新闻,http://api.mytv666.top/api/qwt.php?t=台湾频道&id=三立新闻台,,,,,,,,,,,CCSH.txt
三立新闻,https://stream1.freetv.fun/san-li-xin-wen-6.ctv,,,,,,,,,,,CCSH.txt
三立新闻,http://zb.xmzb.xyz/123.php?id=⚽马上oppppp一三立INEW,,,,,,,,,,,CCSH.txt
三立台湾,http://api.mytv666.top/api/hk.php?id=3362333838663839386633393162343165396331313735636535396339356263267469643d77696e74763132332669643d3735,,,,,,,,,,,CCSH.txt
三立台湾,http://api.mytv666.top/api/hk.php?id=3431663838343031373566326636316465393566653637343436313266653666267469643d74762669643d3733,,,,,,,,,,,CCSH.txt
三立台湾,http://api.mytv666.top/api/qwt.php?t=台湾频道&id=三立台湾台,,,,,,,,,,,CCSH.txt
三立台湾,https://stream1.freetv.fun/san-li-tai-wan-5.m3u8,,,,,,,,,,,CCSH.txt
三立台湾,http://zb.xmzb.xyz/123.php?id=⚽马上oppppp一三立台湾,,,,,,,,,,,CCSH.txt
三立都会,http://api.mytv666.top/api/hk.php?id=3862326632383437333863303830376562326363383463336662343764366335267469643d77696e74763132332669643d3736,,,,,,,,,,,CCSH.txt
三立都会,http://api.mytv666.top/api/qwt.php?t=台湾频道&id=三立都会台,,,,,,,,,,,CCSH.txt
三立综合,https://hls-gateway.vpstv.net/streams/476257.m3u8,,,,,,,,,,,CCSH.txt
三立综合,https://tv.iill.top/4gtv/169,,,,,,,,,,,CCSH.txt
三立综合,http://aktv.top/AKTV/live/aktv/null-13/AKTV.m3u8,,,,,,,,,,,CCSH.txt
三立综合,https://aktv.top/AKTV/live/aktv/null13/AKTV.m3u8,,,,,,,,,,,CCSH.txt
三立综合,http://api.mytv666.top/api/qwt.php?t=台湾频道&id=三立综合台,,,,,,,,,,,CCSH.txt
三立综合,http://api.mytv666.top/api/hk.php?id=3936646366363234396664323161303363653066663833663737303632353639267469643d77696e74763132332669643d3734,,,,,,,,,,,CCSH.txt
中天新闻,https://hls-gateway.vpstv.net/streams/477695.m3u8,,,,,,,,,,,CCSH.txt
中天新闻,http://breezy-audrie-zspace-7524863c.koyeb.app/vipsir?token=leifeng&id=4gtv-4gtv009,,,,,,,,,,,CCSH.txt
中天新闻,https://tv.iill.top/litv/4gtv-4gtv009,,,,,,,,,,,CCSH.txt
中天新闻,https://raw.githubusercontent.com/ChiSheng9/iptv/master/TV28.m3u8,,,,,,,,,,,CCSH.txt
中天新闻,https://www.judy.xx.kg/judy.php?id=4gtv-4gtv009,,,,,,,,,,,CCSH.txt
中天新闻,https://t.freetv.fun/live/zhong-tian-xin-wen-3.m3u8,,,,,,,,,,,CCSH.txt
中天新闻,https://stream1.freetv.fun/0efa038ef8b00da22a46c019893c5170b1b49731e8b26ede0655c7f76e5dbfa7.m3u8,,,,,,,,,,,CCSH.txt
中天新闻,http://aktv.top/AKTV/live/aktv/null-8/AKTV.m3u8,,,,,,,,,,,CCSH.txt
中天新闻,http://kkk.jjjj.jiduo.me/api.php?n=tttt&id=4672&tk=e640d0a1bf70,,,,,,,,,,,CCSH.txt
中天新闻,https://stream1.freetv.fun/zhong-tian-xin-wen-7.m3u8,,,,,,,,,,,CCSH.txt
中天新闻,https://aktv.top/AKTV/live/aktv/null8/AKTV.m3u8,,,,,,,,,,,CCSH.txt
中天新闻,http://xtvantsc.xyz/litv_ts.php?id=4gtv-4gtv009,,,,,,,,,,,CCSH.txt
中天新闻,https://stream1.freetv.fun/zhong-tian-xin-wen-3.m3u8,,,,,,,,,,,CCSH.txt
中天新闻,http://api.mytv666.top/api/hk.php?id=3639303839636238623433393637353530386234626331346161646239336166267469643d74762669643d3439,,,,,,,,,,,CCSH.txt
中天新闻,https://stream1.freetv.fun/zhong-tian-xin-wen-5.m3u8,,,,,,,,,,,CCSH.txt
中天新闻,http://222.128.55.152:9080/live/fc.m3u8,,,,,,,,,,,CCSH.txt
中天新闻,https://stream1.freetv.fun/zhong-tian-xin-wen-7.ctv,,,,,,,,,,,CCSH.txt
中天新闻,https://stream1.freetv.fun/zhong-tian-xin-wen-6.ctv,,,,,,,,,,,CCSH.txt
中天新闻,https://stream1.freetv.fun/zhong-tian-xin-wen-4.m3u8,,,,,,,,,,,CCSH.txt
中天新闻,http://api.mytv666.top/api/qwt.php?t=台湾频道&id=中天新闻,,,,,,,,,,,CCSH.txt
中天娱乐,https://hls-gateway.vpstv.net/streams/476996.m3u8,,,,,,,,,,,CCSH.txt
中天娱乐,http://api.mytv666.top/api/qwt.php?t=台湾频道&id=中天娱乐,,,,,,,,,,,CCSH.txt
中天综合,https://hls-gateway.vpstv.net/streams/477084.m3u8,,,,,,,,,,,CCSH.txt
中天综合,http://api.mytv666.top/api/hk.php?id=3136633239643731366133313732326436323336663339393265653333343361267469643d77696e74763132332669643d3737,,,,,,,,,,,CCSH.txt
中天综合,http://api.mytv666.top/api/qwt.php?t=台湾频道&id=中天综合,,,,,,,,,,,CCSH.txt
中天综合,http://push-rtmp-hs-spe-f5.douyincdn.com/live/awei_ztzh.flv,,,,,,,,,,,CCSH.txt
中天亚洲,https://hls-gateway.vpstv.net/streams/476241.m3u8,,,,,,,,,,,CCSH.txt
中天亚洲,http://breezy-audrie-zspace-7524863c.koyeb.app/vipsir?token=leifeng&id=4gtv-4gtv109,,,,,,,,,,,CCSH.txt
中天亚洲,https://tv.iill.top/litv/4gtv-4gtv109,,,,,,,,,,,CCSH.txt
中天亚洲,http://aktv.top/AKTV/live/aktv/null-12/AKTV.m3u8,,,,,,,,,,,CCSH.txt
中天亚洲,http://xtvantsc.xyz/litv_ts.php?id=4gtv-4gtv109,,,,,,,,,,,CCSH.txt
中天亚洲,https://aktv.top/AKTV/live/aktv/null12/AKTV.m3u8,,,,,,,,,,,CCSH.txt
中天亚洲,http://api.mytv666.top/api/hk.php?id=3962383334666661326334396461326537383063663333666566333830363536267469643d74762669643d313030,,,,,,,,,,,CCSH.txt
中天亚洲,http://api.mytv666.top/api/hk.php?id=6230353962323532613838363830373564306164326137336138366430623435267469643d77696e74763132332669643d3738,,,,,,,,,,,CCSH.txt
中天亚洲,https://tmxk.pp.ua/litv.php?token=tmxk&id=4gtv-4gtv109,,,,,,,,,,,CCSH.txt
中天亚洲,http://push-rtmp-hs-spe-f5.douyincdn.com/live/awei_ztyz.flv,,,,,,,,,,,CCSH.txt
中视新闻,https://hls-gateway.vpstv.net/streams/476269.m3u8,,,,,,,,,,,CCSH.txt
中视新闻,http://breezy-audrie-zspace-7524863c.koyeb.app/vipsir?token=leifeng&id=4gtv-4gtv074,,,,,,,,,,,CCSH.txt
中视新闻,https://tv.iill.top/litv/4gtv-4gtv074,,,,,,,,,,,CCSH.txt
中视新闻,https://raw.githubusercontent.com/ChiSheng9/iptv/master/TV09.m3u8,,,,,,,,,,,CCSH.txt
中视新闻,https://www.judy.xx.kg/judy.php?id=4gtv-4gtv074,,,,,,,,,,,CCSH.txt
中视新闻,http://74.91.26.218:82/live/ctvnews.m3u8,,,,,,,,,,,CCSH.txt
中视新闻,https://stream1.freetv.fun/zhong-shi-xin-wen-3.m3u8,,,,,,,,,,,CCSH.txt
中视新闻,https://stream1.freetv.fun/zhong-shi-xin-wen-5.ctv,,,,,,,,,,,CCSH.txt
中视新闻,http://api.mytv666.top/api/hk.php?id=3639313461653631653063653039636165353132386535623331623263316631267469643d74762669643d3532,,,,,,,,,,,CCSH.txt
中视新闻,https://stream1.freetv.fun/zhong-shi-xin-wen-6.m3u8,,,,,,,,,,,CCSH.txt
中视新闻,http://api.mytv666.top/api/qwt.php?t=台湾频道&id=中视新闻,,,,,,,,,,,CCSH.txt
中视新闻,http://api.mytv666.top/api/hk.php?id=3935653434333461353033393966666364363031303466346131373436383437267469643d74762669643d313034,,,,,,,,,,,CCSH.txt
中视新闻,https://stream1.freetv.fun/zhong-shi-xin-wen-4.m3u8,,,,,,,,,,,CCSH.txt
中视新闻,http://rihou.cc:555/tv/[Pd]中视新闻,,,,,,,,,,,CCSH.txt
中视菁采,http://breezy-audrie-zspace-7524863c.koyeb.app/vipsir?token=leifeng&id=4gtv-4gtv064,,,,,,,,,,,CCSH.txt
中视菁采,https://hls-gateway.vpstv.net/streams/476260.m3u8,,,,,,,,,,,CCSH.txt
中视菁采,https://tv.iill.top/litv/4gtv-4gtv064,,,,,,,,,,,CCSH.txt
中视菁采,http://74.91.26.218:82/live/ctvjc.m3u8,,,,,,,,,,,CCSH.txt
中视菁采,http://xtvantsc.xyz/litv_ts.php?id=4gtv-4gtv064,,,,,,,,,,,CCSH.txt
中视菁采,https://stream1.freetv.fun/zhong-shi-jing-cai-5.ctv,,,,,,,,,,,CCSH.txt
中视菁采,https://stream1.freetv.fun/zhong-shi-jing-cai-4.ctv,,,,,,,,,,,CCSH.txt
中视菁采,http://api.mytv666.top/api/hk.php?id=3265643234663932333564313563356430663036346636303535616139663434267469643d74762669643d313534,,,,,,,,,,,CCSH.txt
中视菁采,https://tmxk.pp.ua/litv.php?token=tmxk&id=4gtv-4gtv064,,,,,,,,,,,CCSH.txt
中视经典,http://breezy-audrie-zspace-7524863c.koyeb.app/vipsir?token=leifeng&id=4gtv-4gtv080,,,,,,,,,,,CCSH.txt
中视经典,https://hls-gateway.vpstv.net/streams/476362.m3u8,,,,,,,,,,,CCSH.txt
中视经典,https://tv.iill.top/litv/4gtv-4gtv080,,,,,,,,,,,CCSH.txt
中视经典,http://74.91.26.218:82/live/ctvjd.m3u8,,,,,,,,,,,CCSH.txt
中视经典,https://stream1.freetv.fun/zhong-shi-jing-dian-3.ctv,,,,,,,,,,,CCSH.txt
中视经典,http://xtvantsc.xyz/litv_ts.php?id=4gtv-4gtv080,,,,,,,,,,,CCSH.txt
中视经典,http://api.mytv666.top/api/hk.php?id=3130643637316464346664313538393839303063663564663535386230323339267469643d74762669643d313331,,,,,,,,,,,CCSH.txt
中视经典,http://api.mytv666.top/api/qwt.php?t=台湾频道&id=中视经典,,,,,,,,,,,CCSH.txt
中视经典,https://tmxk.pp.ua/litv.php?token=tmxk&id=4gtv-4gtv080,,,,,,,,,,,CCSH.txt
中视经典,https://stream1.freetv.fun/zhong-shi-jing-dian-1.ctv,,,,,,,,,,,CCSH.txt
民视,http://breezy-audrie-zspace-7524863c.koyeb.app/vipsir?token=leifeng&id=4gtv-4gtv002,,,,,,,,,,,CCSH.txt
民视,http://breezy-audrie-zspace-7524863c.koyeb.app/vipsir?token=leifeng&id=4gtv-4gtv155,,,,,,,,,,,CCSH.txt
民视,https://hls-gateway.vpstv.net/streams/476986.m3u8,,,,,,,,,,,CCSH.txt
民视,https://tv.iill.top/litv/4gtv-4gtv002,,,,,,,,,,,CCSH.txt
民视,http://74.91.26.218:82/live/ftv.m3u8,,,,,,,,,,,CCSH.txt
民视,http://37.27.111.214:8080/live/6/hls.m3u8,,,,,,,,,,,CCSH.txt
民视,https://stream1.freetv.fun/min-shi-1.m3u8,,,,,,,,,,,CCSH.txt
民视,http://xtvantsc.xyz/litv_ts.php?id=4gtv-4gtv002,,,,,,,,,,,CCSH.txt
民视,http://xtvantsc.xyz/litv_ts.php?id=4gtv-4gtv155,,,,,,,,,,,CCSH.txt
民视,http://api.mytv666.top/api/qwt.php?t=台湾频道&id=民视,,,,,,,,,,,CCSH.txt
民视,http://api.mytv666.top/api/hk.php?id=3535663430343962396335386334633135326162666337313938633136663933267469643d77696e74763132332669643d3635,,,,,,,,,,,CCSH.txt
民视,http://api.mytv666.top/api/hk.php?id=3039313639653531353135383931613266353266353863623032313533613632267469643d74762669643d313136,,,,,,,,,,,CCSH.txt
民视,http://api.mytv666.top/api/hk.php?id=6361363033353131663530376266363361636334336333653632306432396439267469643d74762669643d3730,,,,,,,,,,,CCSH.txt
民视,https://tmxk.pp.ua/litv.php?token=tmxk&id=4gtv-4gtv002,,,,,,,,,,,CCSH.txt
民视,https://tmxk.pp.ua/litv.php?token=tmxk&id=4gtv-4gtv155,,,,,,,,,,,CCSH.txt
民视,http://iptv.4666888.xyz/iptv2A.php?id=55,,,,,,,,,,,CCSH.txt
民视影剧,http://breezy-audrie-zspace-7524863c.koyeb.app/vipsir?token=leifeng&id=litv-ftv09,,,,,,,,,,,CCSH.txt
民视影剧,https://tv.iill.top/litv/litv-ftv09,,,,,,,,,,,CCSH.txt
民视影剧,http://xtvantsc.xyz/litv_ts.php?id=litv-ftv09,,,,,,,,,,,CCSH.txt
民视影剧,http://api.mytv666.top/api/hk.php?id=3737616264346339376163646432313336343463303535303963626531336161267469643d74762669643d313239,,,,,,,,,,,CCSH.txt
民视影剧,http://api.mytv666.top/api/qwt.php?t=台湾频道&id=民视影剧台,,,,,,,,,,,CCSH.txt
民视影剧,http://api.mytv666.top/api/hk.php?id=3932633963646136396465373830346233643461306137346538363539353136267469643d77696e74763132332669643d3631,,,,,,,,,,,CCSH.txt
民视影剧,https://tmxk.pp.ua/litv.php?token=tmxk&id=litv-ftv09,,,,,,,,,,,CCSH.txt
民视影剧,http://iptv.4666888.xyz/iptv2A.php?id=53,,,,,,,,,,,CCSH.txt
民视新闻,http://breezy-audrie-zspace-7524863c.koyeb.app/vipsir?token=leifeng&id=litv-ftv13,,,,,,,,,,,CCSH.txt
民视新闻,https://hls-gateway.vpstv.net/streams/479210.m3u8,,,,,,,,,,,CCSH.txt
民视新闻,https://tv.iill.top/litv/litv-ftv13,,,,,,,,,,,CCSH.txt
民视新闻,https://www.judy.xx.kg/judy.php?id=litv-ftv13,,,,,,,,,,,CCSH.txt
民视新闻,http://38.64.72.148:80/hls/modn/list/4012/playlist.m3u8,,,,,,,,,,,CCSH.txt
民视新闻,http://38.64.72.148/hls/modn/list/4012/playlist.m3u8,,,,,,,,,,,CCSH.txt
民视新闻,http://38.64.72.148:80/hls/modn/list/4012/chunklist1.m3u8,,,,,,,,,,,CCSH.txt
民视新闻,http://38.64.72.148/hls/modn/list/4012/chunklist0.m3u8,,,,,,,,,,,CCSH.txt
民视新闻,http://38.64.72.148:80/hls/modn/list/4012/chunklist0.m3u8,,,,,,,,,,,CCSH.txt
民视新闻,http://38.64.72.148/hls/modn/list/4012/chunklist1.m3u8,,,,,,,,,,,CCSH.txt
民视新闻,http://74.91.26.218:82/live/ftvnews.m3u8,,,,,,,,,,,CCSH.txt
民视新闻,https://stream1.freetv.fun/min-shi-xin-wen-17.ctv,,,,,,,,,,,CCSH.txt
民视新闻,https://stream1.freetv.fun/min-shi-xin-wen-6.m3u8,,,,,,,,,,,CCSH.txt
民视新闻,https://stream1.freetv.fun/min-shi-xin-wen-11.m3u8,,,,,,,,,,,CCSH.txt
民视新闻,https://stream1.freetv.fun/min-shi-xin-wen-5.m3u8,,,,,,,,,,,CCSH.txt
民视新闻,https://stream1.freetv.fun/min-shi-xin-wen-14.m3u8,,,,,,,,,,,CCSH.txt
民视新闻,https://stream1.freetv.fun/min-shi-xin-wen-7.m3u8,,,,,,,,,,,CCSH.txt
民视新闻,http://xtvantsc.xyz/litv_ts.php?id=litv-ftv13,,,,,,,,,,,CCSH.txt
民视台湾,http://breezy-audrie-zspace-7524863c.koyeb.app/vipsir?token=leifeng&id=4gtv-4gtv001,,,,,,,,,,,CCSH.txt
民视台湾,https://tv.iill.top/litv/4gtv-4gtv001,,,,,,,,,,,CCSH.txt
民视台湾,http://74.91.26.218:82/live/ftvtw.m3u8,,,,,,,,,,,CCSH.txt
民视台湾,https://stream1.freetv.fun/min-shi-tai-wan-5.ctv,,,,,,,,,,,CCSH.txt
民视台湾,http://xtvantsc.xyz/litv_ts.php?id=4gtv-4gtv001,,,,,,,,,,,CCSH.txt
民视台湾,https://stream1.freetv.fun/min-shi-tai-wan-7.ctv,,,,,,,,,,,CCSH.txt
民视台湾,https://stream1.freetv.fun/min-shi-tai-wan-6.m3u8,,,,,,,,,,,CCSH.txt
民视台湾,http://api.mytv666.top/api/hk.php?id=6261653964303931643764396634653232316134666337633531336261373363267469643d74762669643d313131,,,,,,,,,,,CCSH.txt
民视台湾,https://stream1.freetv.fun/min-shi-tai-wan-6.ctv,,,,,,,,,,,CCSH.txt
民视台湾,http://api.mytv666.top/api/qwt.php?t=台湾频道&id=民视台湾台,,,,,,,,,,,CCSH.txt
民视台湾,http://api.mytv666.top/api/hk.php?id=3936623864373237393832636234343734303638633864343932633266353565267469643d77696e74763132332669643d3630,,,,,,,,,,,CCSH.txt
民视台湾,https://stream1.freetv.fun/min-shi-tai-wan-4.ctv,,,,,,,,,,,CCSH.txt
民视台湾,https://tmxk.pp.ua/litv.php?token=tmxk&id=4gtv-4gtv001,,,,,,,,,,,CCSH.txt
民视台湾,http://push-rtmp-hs-spe-f5.douyincdn.com/live/awei_mstw.flv,,,,,,,,,,,CCSH.txt
民视第一,http://breezy-audrie-zspace-7524863c.koyeb.app/vipsir?token=leifeng&id=4gtv-4gtv003,,,,,,,,,,,CCSH.txt
民视第一,https://tv.iill.top/litv/4gtv-4gtv003,,,,,,,,,,,CCSH.txt
民视第一,http://74.91.26.218:82/live/ftvdy.m3u8,,,,,,,,,,,CCSH.txt
民视第一,https://stream1.freetv.fun/min-shi-di-yi-2.ctv,,,,,,,,,,,CCSH.txt
民视第一,https://stream1.freetv.fun/min-shi-di-yi-1.m3u8,,,,,,,,,,,CCSH.txt
民视第一,https://stream1.freetv.fun/min-shi-di-yi-3.ctv,,,,,,,,,,,CCSH.txt
民视第一,https://stream1.freetv.fun/min-shi-di-yi-1.ctv,,,,,,,,,,,CCSH.txt
民视第一,http://xtvantsc.xyz/litv_ts.php?id=4gtv-4gtv003,,,,,,,,,,,CCSH.txt
民视第一,http://api.mytv666.top/api/hk.php?id=3439383336376563333165643336383130326662303638653865313765396563267469643d77696e74763132332669643d3539,,,,,,,,,,,CCSH.txt
民视第一,http://api.mytv666.top/api/qwt.php?t=台湾频道&id=民视第一台,,,,,,,,,,,CCSH.txt
民视第一,http://api.mytv666.top/api/hk.php?id=6564636432633233613630653031366663363066613933326138326133396637267469643d74762669643d313732,,,,,,,,,,,CCSH.txt
民视第一,https://tmxk.pp.ua/litv.php?token=tmxk&id=4gtv-4gtv003,,,,,,,,,,,CCSH.txt
民视第一,http://push-rtmp-hs-spe-f5.douyincdn.com/live/awei_msdy.flv,,,,,,,,,,,CCSH.txt
民视旅游,http://breezy-audrie-zspace-7524863c.koyeb.app/vipsir?token=leifeng&id=litv-ftv07,,,,,,,,,,,CCSH.txt
民视旅游,https://hls-gateway.vpstv.net/streams/476240.m3u8,,,,,,,,,,,CCSH.txt
民视旅游,https://tv.iill.top/litv/litv-ftv07,,,,,,,,,,,CCSH.txt
民视旅游,http://xtvantsc.xyz/litv_ts.php?id=litv-ftv07,,,,,,,,,,,CCSH.txt
民视旅游,http://api.mytv666.top/api/qwt.php?t=台湾频道&id=民视旅游台,,,,,,,,,,,CCSH.txt
民视旅游,http://api.mytv666.top/api/hk.php?id=3663636134303964303063353333326433303230353763393836326330643437267469643d77696e74763132332669643d3632,,,,,,,,,,,CCSH.txt
民视旅游,http://api.mytv666.top/api/hk.php?id=6661393234373339313163383837613836623134613563323132623331623164267469643d74762669643d313733,,,,,,,,,,,CCSH.txt
民视旅游,https://tmxk.pp.ua/litv.php?token=tmxk&id=litv-ftv07,,,,,,,,,,,CCSH.txt
民视旅游,https://stream1.freetv.fun/min-shi-lu-you-2.ctv,,,,,,,,,,,CCSH.txt
民视旅游,https://stream1.freetv.fun/min-shi-lu-you-1.ctv,,,,,,,,,,,CCSH.txt
民视综艺,https://hls-gateway.vpstv.net/streams/476242.m3u8,,,,,,,,,,,CCSH.txt
民视综艺,http://breezy-audrie-zspace-7524863c.koyeb.app/vipsir?token=leifeng&id=4gtv-4gtv004,,,,,,,,,,,CCSH.txt
民视综艺,https://tv.iill.top/litv/4gtv-4gtv004,,,,,,,,,,,CCSH.txt
民视综艺,http://xtvantsc.xyz/litv_ts.php?id=4gtv-4gtv004,,,,,,,,,,,CCSH.txt
民视综艺,http://api.mytv666.top/api/hk.php?id=3466353364643062353139316130616161376438323237333565653365343633267469643d77696e74763132332669643d3633,,,,,,,,,,,CCSH.txt
民视综艺,https://stream1.freetv.fun/min-shi-zong-yi-2.ctv,,,,,,,,,,,CCSH.txt
民视综艺,https://stream1.freetv.fun/min-shi-zong-yi-1.ctv,,,,,,,,,,,CCSH.txt
民视综艺,http://api.mytv666.top/api/qwt.php?t=台湾频道&id=民视综艺台,,,,,,,,,,,CCSH.txt
民视综艺,http://api.mytv666.top/api/hk.php?id=3336323233613362366336356466306163343537313533386461366539313539267469643d74762669643d313731,,,,,,,,,,,CCSH.txt
民视综艺,https://tmxk.pp.ua/litv.php?token=tmxk&id=4gtv-4gtv004,,,,,,,,,,,CCSH.txt
民视综艺,http://iptv.4666888.xyz/iptv2A.php?id=46,,,,,,,,,,,CCSH.txt
东森新闻,http://breezy-audrie-zspace-7524863c.koyeb.app/vipsir?token=leifeng&id=4gtv-4gtv152,,,,,,,,,,,CCSH.txt
东森新闻,https://hls-gateway.vpstv.net/streams/476998.m3u8,,,,,,,,,,,CCSH.txt
东森新闻,https://tv.iill.top/litv/4gtv-4gtv152,,,,,,,,,,,CCSH.txt
东森新闻,https://www.judy.xx.kg/judy.php?id=4gtv-4gtv152,,,,,,,,,,,CCSH.txt
东森新闻,http://aktv.top/AKTV/live/aktv2/null/AKTV.m3u8,,,,,,,,,,,CCSH.txt
东森新闻,https://stream1.freetv.fun/dong-sen-xin-wen-1.m3u8,,,,,,,,,,,CCSH.txt
东森新闻,http://xtvantsc.xyz/litv_ts.php?id=4gtv-4gtv152,,,,,,,,,,,CCSH.txt
东森新闻,http://api.mytv666.top/api/hk.php?id=3534346532363736323231376661333239383839363464666132363138313131267469643d74762669643d313037,,,,,,,,,,,CCSH.txt
东森新闻,http://api.mytv666.top/api/hk.php?id=6666323035643663343766316231356134636232653135646535333232336166267469643d77696e74763132332669643d3434,,,,,,,,,,,CCSH.txt
东森新闻,http://api.mytv666.top/api/hk.php?id=3034663439313837653865616166346561376139613235333434396531666564267469643d74762669643d3530,,,,,,,,,,,CCSH.txt
东森新闻,https://stream1.freetv.fun/dong-sen-xin-wen-7.ctv,,,,,,,,,,,CCSH.txt
东森新闻,https://stream1.freetv.fun/dong-sen-xin-wen-3.m3u8,,,,,,,,,,,CCSH.txt
东森新闻,https://stream1.freetv.fun/dong-sen-xin-wen-5.ctv,,,,,,,,,,,CCSH.txt
东森新闻,https://stream1.freetv.fun/dong-sen-xin-wen-2.m3u8,,,,,,,,,,,CCSH.txt
东森新闻,https://stream1.freetv.fun/dong-sen-xin-wen-6.ctv,,,,,,,,,,,CCSH.txt
东森新闻,https://stream1.freetv.fun/dong-sen-xin-wen-3.ctv,,,,,,,,,,,CCSH.txt
东森综合,http://api.mytv666.top/api/hk.php?id=6234383261306531303263656431643161316166633036336366633037326530267469643d77696e74763132332669643d3936,,,,,,,,,,,CCSH.txt
东森综合,http://push-rtmp-hs-spe-f5.douyincdn.com/live/awei_dszh.flv,,,,,,,,,,,CCSH.txt
东森超视,https://hls-gateway.vpstv.net/streams/476234.m3u8,,,,,,,,,,,CCSH.txt
东森超视,http://38.64.72.148:80/hls/modn/list/2013/chunklist0.m3u8,,,,,,,,,,,CCSH.txt
东森超视,http://api.mytv666.top/api/qwt.php?t=台湾频道&id=东森超视,,,,,,,,,,,CCSH.txt
东森超视,https://stream1.freetv.fun/dong-sen-chao-shi-6.ctv,,,,,,,,,,,CCSH.txt
东森超视,http://api.mytv666.top/api/hk.php?id=6137396363613066383538393561393837633835393039333966386335623666267469643d77696e74763132332669643d3935,,,,,,,,,,,CCSH.txt
东森超视,https://stream1.freetv.fun/dong-sen-chao-shi-9.m3u8,,,,,,,,,,,CCSH.txt
东森超视,https://stream1.freetv.fun/dong-sen-chao-shi-8.ctv,,,,,,,,,,,CCSH.txt
东森超视,https://stream1.freetv.fun/dong-sen-chao-shi-2.ctv,,,,,,,,,,,CCSH.txt
东森超视,https://stream1.freetv.fun/dong-sen-chao-shi-6.m3u8,,,,,,,,,,,CCSH.txt
东森超视,http://push-rtmp-hs-spe-f5.douyincdn.com/live/awei_dscs.flv,,,,,,,,,,,CCSH.txt
东森美洲,https://stream1.freetv.fun/dong-sen-mei-zhou-xin-wen-1.m3u8,,,,,,,,,,,CCSH.txt
东森美洲,http://api.mytv666.top/api/qwt.php?t=台湾频道&id=东森美洲,,,,,,,,,,,CCSH.txt
东森电影,https://stream1.freetv.fun/dong-sen-dian-ying-7.m3u8,,,,,,,,,,,CCSH.txt
东森电影,https://stream1.freetv.fun/dong-sen-dian-ying-8.m3u8,,,,,,,,,,,CCSH.txt
东森电影,https://stream1.freetv.fun/dong-sen-dian-ying-2.m3u8,,,,,,,,,,,CCSH.txt
东森电影,https://stream1.freetv.fun/dong-sen-dian-ying-1.m3u8,,,,,,,,,,,CCSH.txt
东森电影,https://stream1.freetv.fun/dong-sen-dian-ying-4.m3u8,,,,,,,,,,,CCSH.txt
东森电影,https://stream1.freetv.fun/dong-sen-dian-ying-6.ctv,,,,,,,,,,,CCSH.txt
东森电影,http://api.mytv666.top/api/qwt.php?t=影视频道&id=东森电影,,,,,,,,,,,CCSH.txt
东森电影,http://api.mytv666.top/api/hk.php?id=3563613433653133623862616531376566383964346437653631326632353735267469643d77696e74763132332669643d3937,,,,,,,,,,,CCSH.txt
东森电影,https://stream1.freetv.fun/dong-sen-dian-ying-5.m3u8,,,,,,,,,,,CCSH.txt
东森电影,https://bsex.serv00.net/Smart.php?id=ettvmovie,,,,,,,,,,,CCSH.txt
东森电影,https://stream1.freetv.fun/dong-sen-dian-ying-3.m3u8,,,,,,,,,,,CCSH.txt
东森电影,http://mytv.cdn.com.mp/live/dsdy/stream.m3u8,,,,,,,,,,,CCSH.txt
东森戏剧,https://hls-gateway.vpstv.net/streams/476994.m3u8,,,,,,,,,,,CCSH.txt
华视,http://breezy-audrie-zspace-7524863c.koyeb.app/vipsir?token=leifeng&id=4gtv-4gtv041,,,,,,,,,,,CCSH.txt
华视,https://hls-gateway.vpstv.net/streams/476985.m3u8,,,,,,,,,,,CCSH.txt
华视,http://74.91.26.218:82/live/cts.m3u8,,,,,,,,,,,CCSH.txt
华视,http://xtvantsc.xyz/litv_ts.php?id=4gtv-4gtv041,,,,,,,,,,,CCSH.txt
华视,http://api.mytv666.top/api/hk.php?id=3838353863663263646330383163326466643535306539366535303963653963267469643d74762669643d313139,,,,,,,,,,,CCSH.txt
华视,http://api.mytv666.top/api/hk.php?id=3365666436303335663238313031386236313534663061623262383237396633267469643d74762669643d3731,,,,,,,,,,,CCSH.txt
华视,http://api.mytv666.top/api/qwt.php?t=台湾频道&id=华视,,,,,,,,,,,CCSH.txt
华视,http://api.mytv666.top/api/hk.php?id=3537333165663764383566623263326364383330316264303565343834386337267469643d77696e74763132332669643d3638,,,,,,,,,,,CCSH.txt
华视,https://tmxk.pp.ua/litv.php?token=tmxk&id=4gtv-4gtv041,,,,,,,,,,,CCSH.txt
华视新闻,http://breezy-audrie-zspace-7524863c.koyeb.app/vipsir?token=leifeng&id=4gtv-4gtv052,,,,,,,,,,,CCSH.txt
华视新闻,https://hls-gateway.vpstv.net/streams/476266.m3u8,,,,,,,,,,,CCSH.txt
华视新闻,https://tv.iill.top/litv/4gtv-4gtv052,,,,,,,,,,,CCSH.txt
华视新闻,https://www.judy.xx.kg/judy.php?id=4gtv-4gtv052,,,,,,,,,,,CCSH.txt
华视新闻,http://aktv.top/AKTV/live/aktv/null-11/AKTV.m3u8,,,,,,,,,,,CCSH.txt
华视新闻,http://37.27.111.214:8080/live/8/hls.m3u8,,,,,,,,,,,CCSH.txt
华视新闻,http://xtvantsc.xyz/litv_ts.php?id=4gtv-4gtv052,,,,,,,,,,,CCSH.txt
华视新闻,http://api.mytv666.top/api/hk.php?id=6261363335363330383638353961326461623131616231386263356433316265267469643d77696e74763132332669643d3531,,,,,,,,,,,CCSH.txt
华视新闻,http://222.128.55.152:9080/live/hs.m3u8,,,,,,,,,,,CCSH.txt
华视新闻,http://api.mytv666.top/api/hk.php?id=6336363138633563363661326531343237616265653233303539356532363065267469643d74762669643d3537,,,,,,,,,,,CCSH.txt
华视新闻,https://stream1.freetv.fun/hua-shi-xin-wen-4.m3u8,,,,,,,,,,,CCSH.txt
华视新闻,http://api.mytv666.top/api/hk.php?id=3537326339386632386464663735336532316461313764643035633834323661267469643d74762669643d313032,,,,,,,,,,,CCSH.txt
华视新闻,https://tmxk.pp.ua/litv.php?token=tmxk&id=4gtv-4gtv052,,,,,,,,,,,CCSH.txt
华视新闻,https://stream1.freetv.fun/hua-shi-2.m3u8,,,,,,,,,,,CCSH.txt
纬来日本,https://hls-gateway.vpstv.net/streams/477039.m3u8,,,,,,,,,,,CCSH.txt
纬来日本,http://cookies.elementfx.com/chaojidianshi/chaojidianshi.php?id=videolandjapan,,,,,,,,,,,CCSH.txt
纬来日本,http://api.mytv666.top/api/hk.php?id=6162396334313766366139633661346139336139613735646138303363373534267469643d77696e74763132332669643d3830,,,,,,,,,,,CCSH.txt
纬来日本,http://api.mytv666.top/api/hk.php?id=3133363034363738393961346338323433306638356263633139386238313034267469643d74762669643d3738,,,,,,,,,,,CCSH.txt
纬来日本,http://api.mytv666.top/api/qwt.php?t=台湾频道&id=纬来日本,,,,,,,,,,,CCSH.txt
纬来育乐,http://cookies.elementfx.com/chaojidianshi/chaojidianshi.php?id=videolandyule_twn,,,,,,,,,,,CCSH.txt
纬来育乐,http://api.mytv666.top/api/hk.php?id=3165616132653636313766396265326639656663626530326530386464616563267469643d77696e74763132332669643d3831,,,,,,,,,,,CCSH.txt
纬来育乐,http://api.mytv666.top/api/hk.php?id=3330336638356238356263323033303763623537646464323863373231323864267469643d74762669643d3739,,,,,,,,,,,CCSH.txt
纬来育乐,http://api.mytv666.top/api/qwt.php?t=台湾频道&id=纬来育乐,,,,,,,,,,,CCSH.txt
靖洋戏剧,http://breezy-audrie-zspace-7524863c.koyeb.app/vipsir?token=leifeng&id=4gtv-4gtv045,,,,,,,,,,,CCSH.txt
靖洋戏剧,https://hls-gateway.vpstv.net/streams/476285.m3u8,,,,,,,,,,,CCSH.txt
靖洋戏剧,https://stream1.freetv.fun/jing-yang-xi-ju-1.ctv,,,,,,,,,,,CCSH.txt
靖洋戏剧,http://xtvantsc.xyz/litv_ts.php?id=4gtv-4gtv045,,,,,,,,,,,CCSH.txt
靖洋戏剧,https://tmxk.pp.ua/litv.php?token=tmxk&id=4gtv-4gtv045,,,,,,,,,,,CCSH.txt
靖洋戏剧,http://api.mytv666.top/api/hk.php?id=3339666661346639386533613638363831376163336238643537356233633165267469643d74762669643d313333,,,,,,,,,,,CCSH.txt
靖洋戏剧,http://iptv.4666888.xyz/iptv2A.php?id=42,,,,,,,,,,,CCSH.txt
靖天电影,https://hls-gateway.vpstv.net/streams/476290.m3u8,,,,,,,,,,,CCSH.txt
靖天电影,http://breezy-audrie-zspace-7524863c.koyeb.app/vipsir?token=leifeng&id=4gtv-4gtv061,,,,,,,,,,,CCSH.txt
靖天电影,https://tv.iill.top/litv/4gtv-4gtv061,,,,,,,,,,,CCSH.txt
靖天电影,http://aktv.top/AKTV/live/aktv/null-6/AKTV.m3u8,,,,,,,,,,,CCSH.txt
靖天电影,http://xtvantsc.xyz/litv_ts.php?id=4gtv-4gtv061,,,,,,,,,,,CCSH.txt
靖天电影,https://aktv.top/AKTV/live/aktv/null6/AKTV.m3u8,,,,,,,,,,,CCSH.txt
靖天电影,http://api.mytv666.top/api/hk.php?id=3235646236316132333834636665636537663935383763353038393730396532267469643d74762669643d313236,,,,,,,,,,,CCSH.txt
靖天电影,https://tmxk.pp.ua/litv.php?token=tmxk&id=4gtv-4gtv061,,,,,,,,,,,CCSH.txt
靖天电影,http://iptv.4666888.xyz/iptv2A.php?id=56,,,,,,,,,,,CCSH.txt
龙华戏剧,https://cdn8.163189.xyz/163189/lhxj,,,,,,,,,,,CCSH.txt
龙华戏剧,https://hls-gateway.vpstv.net/streams/476293.m3u8,,,,,,,,,,,CCSH.txt
龙华戏剧,http://breezy-audrie-zspace-7524863c.koyeb.app/vipsir?token=leifeng&id=litv-longturn18,,,,,,,,,,,CCSH.txt
龙华戏剧,https://tv.iill.top/litv/litv-longturn18,,,,,,,,,,,CCSH.txt
龙华戏剧,http://xtvantsc.xyz/litv_ts.php?id=litv-longturn18,,,,,,,,,,,CCSH.txt
龙华戏剧,http://api.mytv666.top/api/qwt.php?t=台湾频道&id=龙华戏剧,,,,,,,,,,,CCSH.txt
龙华戏剧,http://api.mytv666.top/api/hk.php?id=6335633465646430646463353232613834343839636133383266363636333161267469643d74762669643d313336,,,,,,,,,,,CCSH.txt
龙华戏剧,https://cdn8.163189.xyz/live/lhxj/stream.m3u8,,,,,,,,,,,CCSH.txt
龙华戏剧,http://rihou.cc:555/tv/[Pd]龙华戏剧,,,,,,,,,,,CCSH.txt
龙华电影,http://breezy-audrie-zspace-7524863c.koyeb.app/vipsir?token=leifeng&id=litv-longturn03,,,,,,,,,,,CCSH.txt
龙华电影,https://hls-gateway.vpstv.net/streams/476300.m3u8,,,,,,,,,,,CCSH.txt
龙华电影,https://tv.iill.top/litv/litv-longturn03,,,,,,,,,,,CCSH.txt
龙华电影,https://stream1.freetv.fun/1178a02eb676ee58293691fdc19fed767b2dc61d866c1fee41447a8503ec0253.m3u8,,,,,,,,,,,CCSH.txt
龙华电影,https://cdn8.163189.xyz/163189/lhdy,,,,,,,,,,,CCSH.txt
龙华电影,http://aktv.top/AKTV/live/aktv/null-23/AKTV.m3u8,,,,,,,,,,,CCSH.txt
龙华电影,http://37.27.111.214:8080/live/19/hls.m3u8,,,,,,,,,,,CCSH.txt
龙华电影,http://xtvantsc.xyz/litv_ts.php?id=litv-longturn03,,,,,,,,,,,CCSH.txt
龙华电影,https://cdn8.163189.xyz/live/lhdy/stream.m3u8,,,,,,,,,,,CCSH.txt
龙华电影,http://rihou.cc:555/tv/[Pd]龙华电影,,,,,,,,,,,CCSH.txt
龙华电影,http://api.mytv666.top/api/qwt.php?t=台湾频道&id=龙华电影,,,,,,,,,,,CCSH.txt
龙华电影,http://iptv.4666888.xyz/iptv2A.php?id=45,,,,,,,,,,,CCSH.txt
台视,https://hls-gateway.vpstv.net/streams/476982.m3u8,,,,,,,,,,,CCSH.txt
台视,http://breezy-audrie-zspace-7524863c.koyeb.app/vipsir?token=leifeng&id=4gtv-4gtv066,,,,,,,,,,,CCSH.txt
台视,http://107.150.50.82:81/live/ttv.m3u8,,,,,,,,,,,CCSH.txt
台视,http://xtvantsc.xyz/litv_ts.php?id=4gtv-4gtv066,,,,,,,,,,,CCSH.txt
台视,http://api.mytv666.top/api/qwt.php?t=台湾频道&id=台视,,,,,,,,,,,CCSH.txt
台视,http://api.mytv666.top/api/hk.php?id=3131376436636639653166326535623238366237646639393164336336303962267469643d74762669643d313135,,,,,,,,,,,CCSH.txt
台视,http://api.mytv666.top/api/hk.php?id=3635653132623764396265363436643739323138323765393036626237366463267469643d77696e74763132332669643d3636,,,,,,,,,,,CCSH.txt
台视,http://api.mytv666.top/api/hk.php?id=3837336464383036613733306162366165643731666434336664376263663166267469643d74762669643d3639,,,,,,,,,,,CCSH.txt
台视,https://tmxk.pp.ua/litv.php?token=tmxk&id=4gtv-4gtv066,,,,,,,,,,,CCSH.txt
台视新闻,http://breezy-audrie-zspace-7524863c.koyeb.app/vipsir?token=leifeng&id=4gtv-4gtv051,,,,,,,,,,,CCSH.txt
台视新闻,https://hls-gateway.vpstv.net/streams/476268.m3u8,,,,,,,,,,,CCSH.txt
台视新闻,https://tv.iill.top/litv/4gtv-4gtv051,,,,,,,,,,,CCSH.txt
台视新闻,https://www.judy.xx.kg/judy.php?id=4gtv-4gtv051,,,,,,,,,,,CCSH.txt
台视新闻,http://38.64.72.148:80/hls/modn/list/4013/chunklist0.m3u8?blog.ntnas.top,,,,,,,,,,,CCSH.txt
台视新闻,http://38.64.72.148:80/hls/modn/list/4013/playlist.m3u8,,,,,,,,,,,CCSH.txt
台视新闻,http://38.64.72.148/hls/modn/list/4013/playlist.m3u8,,,,,,,,,,,CCSH.txt
台视新闻,http://38.64.72.148/hls/modn/list/4013/chunklist1.m3u8,,,,,,,,,,,CCSH.txt
台视新闻,http://38.64.72.148:80/hls/modn/list/4013/chunklist1.m3u8,,,,,,,,,,,CCSH.txt
台视新闻,http://38.64.72.148/hls/modn/list/4013/chunklist0.m3u8,,,,,,,,,,,CCSH.txt
台视新闻,http://38.64.72.148:80/hls/modn/list/4013/chunklist0.m3u8,,,,,,,,,,,CCSH.txt
台视新闻,http://74.91.26.218:82/live/ttvnews.m3u8,,,,,,,,,,,CCSH.txt
台视新闻,http://xtvantsc.xyz/litv_ts.php?id=4gtv-4gtv051,,,,,,,,,,,CCSH.txt
台视新闻,https://stream1.freetv.fun/tai-shi-xin-wen-2.m3u8,,,,,,,,,,,CCSH.txt
台视新闻,https://live.wcetv.com/hls/master-ttvnews.m3u8,,,,,,,,,,,CCSH.txt
番薯台,http://61.216.67.119:1935/TWHG/E1/chunklistw70581102.m3u8,,,,,,,,,,,CCSH.txt
番薯台,http://61.216.67.119:1935/TWHG/E1/chunklist_w705811302.m3u8,,,,,,,,,,,CCSH.txt
番薯台,http://61.216.67.119:1935/TWHG/E1/chunklist_w70581102.m3u8,,,,,,,,,,,CCSH.txt
亚洲新闻,http://aktv.top/AKTV/live/aktv3/null-3/AKTV.m3u8,,,,,,,,,,,CCSH.txt
亚洲新闻,http://kkk.jjjj.jiduo.me/api.php?n=tttt&id=1818&tk=e640d0a1bf70,,,,,,,,,,,CCSH.txt
亚洲新闻,https://d2e1asnsl7br7b.cloudfront.net/7782e205e72f43aeb4a48ec97f66ebbe/index_5.m3u8,,,,,,,,,,,CCSH.txt
亚洲新闻,http://d2e1asnsl7br7b.cloudfront.net/7782e205e72f43aeb4a48ec97f66ebbe/index_4.m3u8,,,,,,,,,,,CCSH.txt
大爱电视,https://hls-gateway.vpstv.net/streams/477082.m3u8,,,,,,,,,,,CCSH.txt
大爱电视,https://tv.iill.top/4gtv/209,,,,,,,,,,,CCSH.txt
大爱二台,https://hls-gateway.vpstv.net/streams/493133.m3u8,,,,,,,,,,,CCSH.txt
大爱二台,https://pulltv1.wanfudaluye.com/live/tv1.m3u8,,,,,,,,,,,CCSH.txt
大爱二台,https://pulltv2.wanfudaluye.com/live/tv2.m3u8,,,,,,,,,,,CCSH.txt
环球电视,http://utv1.hqtvzb.com:9999/hls/world.m3u8,,,,,,,,,,,CCSH.txt
千禧经典,http://aktv.top/AKTV/live/aktv/null-15/AKTV.m3u8,,,,,,,,,,,CCSH.txt
千禧经典,http://php.jdshipin.com:8880/TVOD/iptv.php?id=tvbc,,,,,,,,,,,CCSH.txt
千禧经典,http://kkk.jjjj.jiduo.me/api.php?n=tttt&id=0356&tk=e640d0a1bf70,,,,,,,,,,,CCSH.txt
千禧经典,http://kkk.jjjj.jiduo.me/api.php?n=tttt&id=9190&tk=e640d0a1bf70,,,,,,,,,,,CCSH.txt
千禧经典,http://kkk.jjjj.jiduo.me/api.php?n=tttt&id=8155&tk=e640d0a1bf70,,,,,,,,,,,CCSH.txt
千禧经典,http://kkk.jjjj.jiduo.me/api.php?n=tttt&id=9168&tk=e640d0a1bf70,,,,,,,,,,,CCSH.txt
千禧经典,http://kkk.jjjj.jiduo.me/api.php?n=tttt&id=1381&tk=e503191f8e20,,,,,,,,,,,CCSH.txt
千禧经典,http://cdn9.163189.xyz/smt3.1.1.php?id=Tvbclassic,,,,,,,,,,,CCSH.txt
千禧经典,http://cdn9.163189.xyz/smt1.1.php?id=Tvbclassic,,,,,,,,,,,CCSH.txt
香港佛陀,http://js1.amtb.cn/liveedge/_definst_/livetv/chunklist.m3u8,,,,,,,,,,,CCSH.txt
香港佛陀,https://js1.amtb.cn/liveedge/_definst_/livetv/playlist.m3u8,,,,,,,,,,,CCSH.txt
非凡新闻,http://breezy-audrie-zspace-7524863c.koyeb.app/vipsir?token=leifeng&id=4gtv-4gtv010,,,,,,,,,,,CCSH.txt
非凡新闻,https://hls-gateway.vpstv.net/streams/477083.m3u8,,,,,,,,,,,CCSH.txt
非凡新闻,https://tv.iill.top/litv/4gtv-4gtv010,,,,,,,,,,,CCSH.txt
非凡新闻,https://www.judy.xx.kg/judy.php?id=4gtv-4gtv010,,,,,,,,,,,CCSH.txt
非凡新闻,http://xtvantsc.xyz/litv_ts.php?id=4gtv-4gtv010,,,,,,,,,,,CCSH.txt
非凡新闻,http://api.mytv666.top/api/hk.php?id=6535653061616461623036323237633861356363353266366634613166303734267469643d77696e74763132332669643d3536,,,,,,,,,,,CCSH.txt
非凡新闻,http://api.mytv666.top/api/qwt.php?t=台湾频道&id=非凡新闻,,,,,,,,,,,CCSH.txt
非凡新闻,http://api.mytv666.top/api/hk.php?id=6439363266323437646533636237336130353439363933613039653965353631267469643d74762669643d313035,,,,,,,,,,,CCSH.txt
非凡新闻,http://iptv.4666888.xyz/iptv2A.php?id=44,,,,,,,,,,,CCSH.txt
有线新闻,http://aktv.top/AKTV/live/aktv/hoy78/AKTV.m3u8,,,,,,,,,,,CCSH.txt
有线新闻,http://61.10.2.141/live_freedirect/freehd209_h.live/playlist.m3u,,,,,,,,,,,CCSH.txt
有线新闻,http://61.10.2.141/live_freedirect/hd110_h.live/playlist.m3u8,,,,,,,,,,,CCSH.txt
有线新闻,http://61.10.2.140:80/live_freedirect/freehd209_h.live/chunklist_w135209556.m3u8,,,,,,,,,,,CCSH.txt
有线新闻,https://stream1.freetv.fun/you-xian-xin-wen-2.m3u8,,,,,,,,,,,CCSH.txt
有线新闻,https://stream1.freetv.fun/you-xian-xin-wen-16.m3u8,,,,,,,,,,,CCSH.txt
有线新闻,https://stream1.freetv.fun/you-xian-xin-wen-7.m3u8,,,,,,,,,,,CCSH.txt
有线新闻,https://stream1.freetv.fun/you-xian-xin-wen-18.m3u8,,,,,,,,,,,CCSH.txt
有线新闻,https://stream1.freetv.fun/you-xian-xin-wen-1.m3u8,,,,,,,,,,,CCSH.txt
有线新闻,https://stream1.freetv.fun/you-xian-xin-wen-20.m3u8,,,,,,,,,,,CCSH.txt
有线新闻,https://stream1.freetv.fun/you-xian-xin-wen-9.m3u8,,,,,,,,,,,CCSH.txt
有线新闻,https://stream1.freetv.fun/you-xian-xin-wen-13.m3u8,,,,,,,,,,,CCSH.txt
有线新闻,https://stream1.freetv.fun/you-xian-xin-wen-19.m3u8,,,,,,,,,,,CCSH.txt
有线新闻,https://stream1.freetv.fun/you-xian-xin-wen-14.ctv,,,,,,,,,,,CCSH.txt
有线新闻,https://stream1.freetv.fun/you-xian-xin-wen-6.m3u8,,,,,,,,,,,CCSH.txt
有线新闻,https://stream1.freetv.fun/you-xian-xin-wen-11.m3u8,,,,,,,,,,,CCSH.txt
有线新闻,https://stream1.freetv.fun/you-xian-xin-wen-8.m3u8,,,,,,,,,,,CCSH.txt
有线新闻,https://stream1.freetv.fun/you-xian-xin-wen-3.m3u8,,,,,,,,,,,CCSH.txt
有线新闻,https://stream1.freetv.fun/you-xian-xin-wen-10.m3u8,,,,,,,,,,,CCSH.txt
有线新闻,https://stream1.freetv.fun/you-xian-xin-wen-5.m3u8,,,,,,,,,,,CCSH.txt
寰宇新闻,http://breezy-audrie-zspace-7524863c.koyeb.app/vipsir?token=leifeng&id=litv-longturn14,,,,,,,,,,,CCSH.txt
寰宇新闻,https://tv.iill.top/litv/litv-longturn14,,,,,,,,,,,CCSH.txt
寰宇新闻,https://hls-gateway.vpstv.net/streams/476270.m3u8,,,,,,,,,,,CCSH.txt
寰宇新闻,https://www.judy.xx.kg/judy.php?id=litv-longturn14,,,,,,,,,,,CCSH.txt
寰宇新闻,http://aktv.top/AKTV/live/aktv/null-9/AKTV.m3u8,,,,,,,,,,,CCSH.txt
寰宇新闻,http://aktv.top/AKTV/live/aktv/null-7/AKTV.m3u8,,,,,,,,,,,CCSH.txt
寰宇新闻,http://xtvantsc.xyz/litv_ts.php?id=litv-longturn14,,,,,,,,,,,CCSH.txt
寰宇新闻,http://222.128.55.152:9080/live/hy.m3u8,,,,,,,,,,,CCSH.txt
寰宇新闻,http://api.mytv666.top/api/hk.php?id=6266346662396565336462643964373837326266373730326236353237383536267469643d74762669643d313132,,,,,,,,,,,CCSH.txt
寰宇新闻,https://stream1.freetv.fun/huan-yu-xin-wen-7.m3u8,,,,,,,,,,,CCSH.txt
寰宇新闻,http://api.mytv666.top/api/hk.php?id=3262353734373966643964356430363336303339363333336436636262353133267469643d74762669643d3539,,,,,,,,,,,CCSH.txt
寰宇新闻,https://stream1.freetv.fun/huan-yu-xin-wen-5.m3u8,,,,,,,,,,,CCSH.txt
寰宇新闻,https://stream1.freetv.fun/huan-yu-xin-wen-2.m3u8,,,,,,,,,,,CCSH.txt
寰宇新闻,http://api.mytv666.top/api/qwt.php?t=台湾频道&id=寰宇新闻,,,,,,,,,,,CCSH.txt
寰宇新闻,https://stream1.freetv.fun/huan-yu-xin-wen-4.m3u8,,,,,,,,,,,CCSH.txt
寰宇新闻,http://api.mytv666.top/api/hk.php?id=3564653032633337613964616638353465646263396438356462316234373238267469643d77696e74763132332669643d3437,,,,,,,,,,,CCSH.txt
寰宇新闻,https://stream1.freetv.fun/huan-yu-xin-wen-1.m3u8,,,,,,,,,,,CCSH.txt
寰宇新闻,https://stream1.freetv.fun/huan-yu-xin-wen-6.m3u8,,,,,,,,,,,CCSH.txt
寰宇新闻,https://tmxk.pp.ua/litv.php?token=tmxk&id=litv-longturn14,,,,,,,,,,,CCSH.txt
寰宇新闻,http://push-rtmp-hs-spe-f5.douyincdn.com/live/XNkGn6bw9KKiK2y0RcgHRVke7yQhC5PkQ4hkeRMVJUGHhzCm45.flv,,,,,,,,,,,CCSH.txt
澳亚卫视,http://cdn9.163189.xyz/live/as/stream.m3u8,,,,,,,,,,,CCSH.txt
澳亚卫视,https://stream1.freetv.fun/ao-ya-wei-shi-1.ctv,,,,,,,,,,,CCSH.txt
澳门莲花,https://hls-gateway.vpstv.net/streams/476223.m3u8,,,,,,,,,,,CCSH.txt
澳门莲花,https://tv.iill.top/mo/lhws,,,,,,,,,,,CCSH.txt
澳门莲花,http://php.jdshipin.com/amlh.php,,,,,,,,,,,CCSH.txt
澳门莲花,http://anren.live/HK/BiIOU11uLA.m3u8?zgangd,,,,,,,,,,,CCSH.txt
镜电视新闻,http://breezy-audrie-zspace-7524863c.koyeb.app/vipsir?token=leifeng&id=4gtv-4gtv075,,,,,,,,,,,CCSH.txt
镜电视新闻,https://tv.iill.top/litv/4gtv-4gtv075,,,,,,,,,,,CCSH.txt
镜电视新闻,http://xtvantsc.xyz/litv_ts.php?id=4gtv-4gtv075,,,,,,,,,,,CCSH.txt
镜电视新闻,http://api.mytv666.top/api/hk.php?id=6132656663616366343664633865396464656462633736396337666532383663267469643d74762669643d3538,,,,,,,,,,,CCSH.txt
镜电视新闻,http://api.mytv666.top/api/hk.php?id=6463663666393262636638326639623730393065356532633436656361353232267469643d77696e74763132332669643d3535,,,,,,,,,,,CCSH.txt
GOODTV经典音乐河,https://dqhxk7sbp7xog.cloudfront.net/hls-live/goodtv/_definst_/liveevent/live-ch6-2.m3u8,,,,,,,,,,,CCSH.txt
RTHK32,http://php.jdshipin.com:8880/TVOD/iptv.php?id=rthk32,,,,,,,,,,,CCSH.txt
RTHK32,https://rthktv32-live.akamaized.net/hls/live/2036819/RTHKTV32/stream5/streamPlaylist.m3u8,,,,,,,,,,,CCSH.txt
RTHK32,https://cdn.163189.xyz/163189/rthk32,,,,,,,,,,,CCSH.txt
RTHK32,http://api.mytv666.top/api/qwt.php?t=香港频道&id=RTHK32,,,,,,,,,,,CCSH.txt
RTHK32,https://cdn5.163189.xyz/live/rthk32/stream.m3u8,,,,,,,,,,,CCSH.txt
RTHK32,http://php.jdshipin.com/TVOD/iptv.php?id=rthk32,,,,,,,,,,,CCSH.txt
CHC家庭影院,http://148.135.93.213/live.php?id=CHC家庭影院,,,,,,,,,,,CCSH.txt
CHC家庭影院,https://stream1.freetv.fun/183c4742ee6f00b5553a0796a85f2cd8923f2792809b3028d386bc9f46a62878.m3u8,,,,,,,,,,,CCSH.txt
CHC家庭影院,http://kkk.888.3116598.xyz/api.php?n=tttt&id=QwBHMi&tk=FgM0vQMejxvG,,,,,,,,,,,CCSH.txt
CHC家庭影院,http://kkk.888.3116598.xyz/api.php?n=tttt&id=inNGdH&tk=FgM0vQMejxvG,,,,,,,,,,,CCSH.txt
CHC家庭影院,https://stream1.freetv.fun/chcjia-ting-ying-yuan-11.ctv,,,,,,,,,,,CCSH.txt
CHC家庭影院,https://ali.hlspull.yximgs.com/live/diyp_chcjiating.flv,,,,,,,,,,,CCSH.txt
CHC家庭影院,https://stream1.freetv.fun/chcjia-ting-ying-yuan-10.m3u8,,,,,,,,,,,CCSH.txt
CHC家庭影院,https://stream1.freetv.fun/chcjia-ting-ying-yuan-13.m3u8,,,,,,,,,,,CCSH.txt
CHC家庭影院,https://stream1.freetv.fun/chcjia-ting-ying-yuan-16.ctv,,,,,,,,,,,CCSH.txt
CHC家庭影院,https://stream1.freetv.fun/chcjia-ting-ying-yuan-19.ctv,,,,,,,,,,,CCSH.txt
CHC家庭影院,https://stream1.freetv.fun/chcjia-ting-ying-yuan-1.m3u8,,,,,,,,,,,CCSH.txt
CHC家庭影院,http://150.158.112.123/公众号~玉玉软件库/mg.php?id=chcjtdy,,,,,,,,,,,CCSH.txt
CHC动作电影,http://kkk.888.3116598.xyz/api.php?n=tttt&id=jC0XZo&tk=FgM0vQMejxvG,,,,,,,,,,,CCSH.txt
CHC动作电影,https://stream1.freetv.fun/chcdong-zuo-dian-ying-9.m3u8,,,,,,,,,,,CCSH.txt
CHC动作电影,https://stream1.freetv.fun/chcdong-zuo-dian-ying-4.ctv,,,,,,,,,,,CCSH.txt
CHC动作电影,https://stream1.freetv.fun/413df533cc2d866bacdc87729814e66f4cf836c13b12ed783b54345fd012c6c8.m3u8,,,,,,,,,,,CCSH.txt
CHC动作电影,http://150.158.112.123/公众号~玉玉软件库/mg.php?id=chcdzdy,,,,,,,,,,,CCSH.txt
CHC动作电影,http://101.35.240.114:88/live.php?id=CHC动作电影,,,,,,,,,,,CCSH.txt
CHC动作电影,http://218.15.183.23:9901/tsfile/live/23039_1.m3u8,,,,,,,,,,,CCSH.txt
CHC动作电影,https://www.freetv.top/migu/644368714.m3u8?migutoken=fb9ef80443f06c3612ddd35545ec1054b5bcab3941fc46ecf84808bdd512d7b2cf16d34fdf955bff71bf01f818f6918ba2d7f536dc5451d1519d15cf8a5671bf16ea8a3bbc71db4477476e211d,,,,,,,,,,,CCSH.txt
CHC动作电影,https://stream1.freetv.fun/chcdong-zuo-dian-ying-17.ctv,,,,,,,,,,,CCSH.txt
CHC动作电影,https://stream1.freetv.fun/chcdong-zuo-dian-ying-16.ctv,,,,,,,,,,,CCSH.txt
CHC动作电影,https://stream.freetv.fun/2f2e29b8759a2458730dc1f3686024472691952a50e787fe075944d0cb17f36e.ctv,,,,,,,,,,,CCSH.txt
CHC动作电影,https://stream1.freetv.fun/chcdong-zuo-dian-ying-31.m3u8,,,,,,,,,,,CCSH.txt
CHC动作电影,https://stream1.freetv.fun/chcdong-zuo-dian-ying-24.ctv,,,,,,,,,,,CCSH.txt
CHC动作电影,https://stream1.freetv.fun/chcdong-zuo-dian-ying-2.m3u8,,,,,,,,,,,CCSH.txt
CHC影迷电影,http://hlsztemgsplive.miguvideo.com:8080/migu/kailu/chcymdy/50/20250415/index.m3u8?msisdn=202603170402173b969d09733347eba2d2ef0dd8903a3e&mdspid=&spid=699004&netType=0&sid=5910022176&pid=2028597139&timestamp=20260317040217&Channel_ID=0116_2600000900-99000-201600010010027&ProgramID=952383261&ParentNodeID=-99&assertID=5910022176&client_ip=218.28.233.106&SecurityKey=20260317040217&promotionId=&mvid=5900006704&mcid=500020&playurlVersion=WX-A1-9.2.2-RELEASE&userid=&jmhm=&videocodec=h264&appCode=miguvideo_android&bean=mgspad&tid=android&conFee=0&encrypt=550bf9107e792579e67c91a514e29ef1,,,,,,,,,,,CCSH.txt
CHC影迷电影,http://hlsztemgsplive.miguvideo.com:8080/migu/kailu/chcymdy/50/20250415/index.m3u8?msisdn=2026031712021305b9b08b33b840f68279b13a4a088ba2&mdspid=&spid=699004&netType=0&sid=5910022176&pid=2028597139&timestamp=20260317120213&Channel_ID=0116_2600000900-99000-201600010010027&ProgramID=952383261&ParentNodeID=-99&assertID=5910022176&client_ip=218.28.233.106&SecurityKey=20260317120213&promotionId=&mvid=5900006704&mcid=500020&playurlVersion=WX-A1-9.2.2-RELEASE&userid=&jmhm=&videocodec=h264&appCode=miguvideo_android&bean=mgspad&tid=android&conFee=0&encrypt=7c8caba7cd3776f4d2489c1557218eee,,,,,,,,,,,CCSH.txt
CHC影迷电影,http://hlsztemgsplive.miguvideo.com:8080/migu/kailu/chcymdy/50/20250415/index.m3u8?msisdn=20260317080214cd932ef663bd41839224c90b054c021c&mdspid=&spid=699004&netType=0&sid=5910022176&pid=2028597139&timestamp=20260317080214&Channel_ID=0116_2600000900-99000-201600010010027&ProgramID=952383261&ParentNodeID=-99&assertID=5910022176&client_ip=218.28.233.106&SecurityKey=20260317080214&promotionId=&mvid=5900006704&mcid=500020&playurlVersion=WX-A1-9.2.2-RELEASE&userid=&jmhm=&videocodec=h264&appCode=miguvideo_android&bean=mgspad&tid=android&conFee=0&encrypt=15de6dfb7828507080fe787a099d302e,,,,,,,,,,,CCSH.txt
CHC影迷电影,http://148.135.93.213/live.php?id=CHC影迷电影,,,,,,,,,,,CCSH.txt
CHC影迷电影,http://kkk.888.3116598.xyz/api.php?n=tttt&id=cRWOAe&tk=FgM0vQMejxvG,,,,,,,,,,,CCSH.txt
CHC影迷电影,http://38.75.136.137:98/gslb/dsdqpub/chchd.m3u8?auth=testpub,,,,,,,,,,,CCSH.txt
CHC影迷电影,https://stream1.freetv.fun/chcying-mi-dian-ying-9.m3u8,,,,,,,,,,,CCSH.txt
CHC影迷电影,https://stream1.freetv.fun/chcying-mi-dian-ying-7.m3u8,,,,,,,,,,,CCSH.txt
CHC影迷电影,https://stream1.freetv.fun/chcying-mi-dian-ying-8.ctv,,,,,,,,,,,CCSH.txt
CHC影迷电影,https://stream1.freetv.fun/chcying-mi-dian-ying-2.ctv,,,,,,,,,,,CCSH.txt
CHC影迷电影,https://t.freetv.fun/live/chcying-mi-dian-ying-2.m3u8,,,,,,,,,,,CCSH.txt
CHC影迷电影,https://stream1.freetv.fun/chcying-mi-dian-ying-2.m3u8,,,,,,,,,,,CCSH.txt
CHC影迷电影,http://101.35.240.114:88/live.php?id=CHC影迷电影,,,,,,,,,,,CCSH.txt
CHC影迷电影,https://stream1.freetv.fun/chcying-mi-dian-ying-4.m3u8,,,,,,,,,,,CCSH.txt
CHC影迷电影,https://stream1.freetv.fun/chcying-mi-dian-ying-10.m3u8,,,,,,,,,,,CCSH.txt
CHC影迷电影,https://stream1.freetv.fun/chcying-mi-dian-ying-5.m3u8,,,,,,,,,,,CCSH.txt
CHC影迷电影,https://stream1.freetv.fun/ipv6-chcying-mi-dian-ying-5.m3u8,,,,,,,,,,,CCSH.txt
淘电影,http://kkk.888.3116598.xyz/api.php?n=tttt&id=3zGbfB&tk=FgM0vQMejxvG,,,,,,,,,,,CCSH.txt
淘电影,https://stream1.freetv.fun/tao-dian-ying-7.m3u8,,,,,,,,,,,CCSH.txt
淘电影,https://stream1.freetv.fun/ipv6-tao-dian-ying-5.m3u8,,,,,,,,,,,CCSH.txt
淘电影,https://stream1.freetv.fun/tao-dian-ying-15.ctv,,,,,,,,,,,CCSH.txt
淘电影,https://stream1.freetv.fun/tao-dian-ying-2.m3u8,,,,,,,,,,,CCSH.txt
淘电影,https://stream1.freetv.fun/tao-dian-ying-4.m3u8,,,,,,,,,,,CCSH.txt
淘电影,https://stream1.freetv.fun/tao-dian-ying-2.ctv,,,,,,,,,,,CCSH.txt
淘电影,https://stream1.freetv.fun/tao-dian-ying-9.ctv,,,,,,,,,,,CCSH.txt
淘电影,https://stream1.freetv.fun/tao-dian-ying-10.ctv,,,,,,,,,,,CCSH.txt
淘电影,https://stream1.freetv.fun/tao-dian-ying-11.ctv,,,,,,,,,,,CCSH.txt
淘电影,https://stream1.freetv.fun/tao-dian-ying-17.ctv,,,,,,,,,,,CCSH.txt
淘电影,https://stream1.freetv.fun/tao-dian-ying-1.ctv,,,,,,,,,,,CCSH.txt
AMC电影台,http://61.221.215.25:8800/hls/43/index.m3u8,,,,,,,,,,,CCSH.txt
AMC电影台,http://api.mytv666.top/api/hk.php?id=6533613534396538393766353437626463616663386263386337376463366664267469643d74762669643d313234,,,,,,,,,,,CCSH.txt
经典电影,http://kkk.888.3116598.xyz/api.php?n=tttt&id=BZITeT&tk=FgM0vQMejxvG,,,,,,,,,,,CCSH.txt
经典电影,https://stream1.freetv.fun/jing-dian-dian-ying-6.m3u8,,,,,,,,,,,CCSH.txt
经典电影,https://stream1.freetv.fun/jing-dian-dian-ying-7.m3u8,,,,,,,,,,,CCSH.txt
经典电影,https://stream1.freetv.fun/jing-dian-dian-ying-9.m3u8,,,,,,,,,,,CCSH.txt
经典电影,https://stream1.freetv.fun/jing-dian-dian-ying-8.m3u8,,,,,,,,,,,CCSH.txt
经典电影,https://stream1.freetv.fun/jing-dian-dian-ying-3.m3u8,,,,,,,,,,,CCSH.txt
经典电影,https://stream1.freetv.fun/jing-dian-dian-ying-18.ctv,,,,,,,,,,,CCSH.txt
经典电影,https://stream1.freetv.fun/jing-dian-dian-ying-11.m3u8,,,,,,,,,,,CCSH.txt
经典电影,https://stream1.freetv.fun/jing-dian-dian-ying-1.ctv,,,,,,,,,,,CCSH.txt
经典电影,https://stream1.freetv.fun/jing-dian-dian-ying-19.ctv,,,,,,,,,,,CCSH.txt
经典电影,http://ali.hlspull.yximgs.com/live/asdfg32522.flv,,,,,,,,,,,CCSH.txt
经典电影,https://stream1.freetv.fun/jing-dian-dian-ying-10.ctv,,,,,,,,,,,CCSH.txt
经典电影,https://ali.hlspull.yximgs.com/live/asdfg32522.flv,,,,,,,,,,,CCSH.txt
经典电影,http://huanqiuzhibo.cn/manifest/douyu.php?id=6091425,,,,,,,,,,,CCSH.txt
经典电影,http://113.15.109.216:59901/tsfile/live/1011_1.m3u8?key=txiptv&playlive=1&authid=0,,,,,,,,,,,CCSH.txt
1905电影网,http://php.jdshipin.com:8880/1905.php?id=1905dy,,,,,,,,,,,CCSH.txt
1905电影网,http://8.138.7.223/tv/1905.php?id=LIVE8J4LTCXPI7QJ5,,,,,,,,,,,CCSH.txt
周星星,http://live.nctv.top/huya.php?id=11342412,,,,,,,,,,,CCSH.txt
周星星,https://live.ottiptv.cc/huya/11342412,,,,,,,,,,,CCSH.txt
周星星,https://www.goodiptv.club/huya/11342412,,,,,,,,,,,CCSH.txt
周星驰,http://huanqiuzhibo.cn/manifest/douyu.php?id=122402,,,,,,,,,,,CCSH.txt
周星驰,http://74.91.26.218:82/live/vlzxc.m3u8,,,,,,,,,,,CCSH.txt
周星驰,https://live.iill.top/huya/11342412,,,,,,,,,,,CCSH.txt
周星驰,http://alist.xicp.fun:35455/yy/1382736808#https://live.metshop.top/yy/1382736808,,,,,,,,,,,CCSH.txt
李连杰,https://live.iill.top/huya/11342390,,,,,,,,,,,CCSH.txt
洪金宝,https://stream1.freetv.fun/hong-jin-bao-4.ctv,,,,,,,,,,,CCSH.txt
洪金宝,https://stream1.freetv.fun/hong-jin-bao-2.ctv,,,,,,,,,,,CCSH.txt
洪金宝,https://stream1.freetv.fun/hong-jin-bao-5.ctv,,,,,,,,,,,CCSH.txt
许冠英,http://live.nctv.top/huya.php?id=11601972,,,,,,,,,,,CCSH.txt
