频道名,地址,回播地址,回播类型,回播天数,tvg-id,tvg-name,国家分组,语言分组,图标,原分组,分辨率,来源文件
[VGA]陕西卫视,https://t.freetv.fun/live/shan-xi-wei-shi-2-5.m3u8,,,,,陝西衛視,China,China,https://epg.pw/media/images/channel/2022/05/31/large/20220531150903888489_91.jpg,Generic,,freetv-fun-all.txt
[VGA]陕西卫视,https://t.freetv.fun/live/shan-xi-wei-shi-3-4.m3u8,,,,,陝西衛視,China,China,https://epg.pw/media/images/channel/2022/05/31/large/20220531150903888489_91.jpg,Generic,,freetv-fun-all.txt
[BD]陕西卫视,https://t.freetv.fun/live/shan-xi-wei-shi-5-3.php,,,,,陝西衛視,China,China,https://epg.pw/media/images/channel/2022/05/31/large/20220531150903888489_91.jpg,Generic,,freetv-fun-all.txt
[VGA]陕西卫视,https://t.freetv.fun/live/shan-xi-wei-shi-22.php,,,,,陝西衛視,China,China,https://epg.pw/media/images/channel/2022/05/31/large/20220531150903888489_91.jpg,Generic,,freetv-fun-all.txt
[BD]陕西卫视,https://t.freetv.fun/live/shan-xi-wei-shi-9-1.m3u8,,,,,陝西衛視,China,China,https://epg.pw/media/images/channel/2022/05/31/large/20220531150903888489_91.jpg,Generic,,freetv-fun-all.txt
[SD]陕西卫视,https://t.freetv.fun/live/shan-xi-wei-shi-39.m3u8,,,,,陝西衛視,China,China,https://epg.pw/media/images/channel/2022/05/31/large/20220531150903888489_91.jpg,Generic,,freetv-fun-all.txt
[BD]陕西卫视,https://t.freetv.fun/live/shan-xi-wei-shi-4-2.m3u8,,,,,陝西衛視,China,China,https://epg.pw/media/images/channel/2022/05/31/large/20220531150903888489_91.jpg,Generic,,freetv-fun-all.txt
[BD]陕西卫视,https://t.freetv.fun/live/shan-xi-wei-shi-5-3.m3u8,,,,,陝西衛視,China,China,https://epg.pw/media/images/channel/2022/05/31/large/20220531150903888489_91.jpg,Generic,,freetv-fun-all.txt
[SD]陕西卫视,https://t.freetv.fun/live/shan-xi-wei-shi-10-1.m3u8,,,,,陝西衛視,China,China,https://epg.pw/media/images/channel/2022/05/31/large/20220531150903888489_91.jpg,Generic,,freetv-fun-all.txt
[BD]陕西卫视,https://t.freetv.fun/live/shan-xi-wei-shi-11-1.m3u8,,,,,陝西衛視,China,China,https://epg.pw/media/images/channel/2022/05/31/large/20220531150903888489_91.jpg,Generic,,freetv-fun-all.txt
[SD]陕西卫视,https://t.freetv.fun/live/shan-xi-wei-shi-12-1.m3u8,,,,,陝西衛視,China,China,https://epg.pw/media/images/channel/2022/05/31/large/20220531150903888489_91.jpg,Generic,,freetv-fun-all.txt
[BD]陕西卫视,https://t.freetv.fun/live/shan-xi-wei-shi-14-2.m3u8,,,,,陝西衛視,China,China,https://epg.pw/media/images/channel/2022/05/31/large/20220531150903888489_91.jpg,Generic,,freetv-fun-all.txt
[BD]陕西卫视,https://t.freetv.fun/live/shan-xi-wei-shi-15-1.m3u8,,,,,陝西衛視,China,China,https://epg.pw/media/images/channel/2022/05/31/large/20220531150903888489_91.jpg,Generic,,freetv-fun-all.txt
[BD]陕西卫视,https://t.freetv.fun/live/shan-xi-wei-shi-21-1.m3u8,,,,,陝西衛視,China,China,https://epg.pw/media/images/channel/2022/05/31/large/20220531150903888489_91.jpg,Generic,,freetv-fun-all.txt
[VGA]陕西卫视标清,https://t.freetv.fun/live/shan-xi-wei-shi-biao-qing.php,,,,,陝西衛視,China,China,https://epg.pw/media/images/channel/2022/05/31/large/20220531150903888489_91.jpg,Generic,,freetv-fun-all.txt
[VGA]陕西卫视 标清,https://t.freetv.fun/live/shan-xi-wei-shi-biao-qing-2.m3u8,,,,,陝西衛視,China,China,https://epg.pw/media/images/channel/2022/05/31/large/20220531150903888489_91.jpg,Generic,,freetv-fun-all.txt
[VGA]陕西卫视 标清,https://t.freetv.fun/live/shan-xi-wei-shi-biao-qing-1-1.m3u8,,,,,陝西衛視,China,China,https://epg.pw/media/images/channel/2022/05/31/large/20220531150903888489_91.jpg,Generic,,freetv-fun-all.txt
[VGA]陕西卫视高清,https://t.freetv.fun/live/shan-xi-wei-shi-gao-qing-2.php,,,,,陝西衛視,China,China,https://epg.pw/media/images/channel/2022/05/31/large/20220531150903888489_91.jpg,Generic,,freetv-fun-all.txt
[VGA]陕西西部电影,https://t.freetv.fun/live/shan-xi-xi-bu-dian-ying.m3u8,,,,,陝西西部電影,China,China,https://epg.pw/media/images/channel/2022/05/31/large/20220531151605390141_16.jpg,Movies,,freetv-fun-all.txt
[VGA]陕西西部电影,https://t.freetv.fun/live/shan-xi-xi-bu-dian-ying-1.m3u8,,,,,陝西西部電影,China,China,https://epg.pw/media/images/channel/2022/05/31/large/20220531151605390141_16.jpg,Movies,,freetv-fun-all.txt
[SD]陕西都市青春,https://t.freetv.fun/live/shan-xi-du-shi-qing-chun.m3u8,,,,,陝西都市青春,China,China,https://epg.pw/media/images/channel/2022/05/31/large/20220531151504287238_45.jpg,Generic,,freetv-fun-all.txt
[VGA]陕西都市青春,https://t.freetv.fun/live/shan-xi-du-shi-qing-chun-1.php,,,,,陝西都市青春,China,China,https://epg.pw/media/images/channel/2022/05/31/large/20220531151504287238_45.jpg,Generic,,freetv-fun-all.txt
[VGA]陕西都市青春,https://t.freetv.fun/live/shan-xi-du-shi-qing-chun-2.m3u8,,,,,陝西都市青春,China,China,https://epg.pw/media/images/channel/2022/05/31/large/20220531151504287238_45.jpg,Generic,,freetv-fun-all.txt
[VGA]体育休闲,https://t.freetv.fun/live/ti-yu-xiu-xian.php,,,,,陝西體育休閒,China,China,https://epg.pw/media/images/channel/2022/05/31/large/20220531151408095945_53.jpg,Sports,,freetv-fun-all.txt
[HD]体育休闲,https://t.freetv.fun/live/ti-yu-xiu-xian-1.m3u8,,,,,陝西體育休閒,China,China,https://epg.pw/media/images/channel/2022/05/31/large/20220531151408095945_53.jpg,Sports,,freetv-fun-all.txt
[VGA]陕西体育,https://t.freetv.fun/live/shan-xi-ti-yu.m3u8,,,,,陝西體育休閒,China,China,https://epg.pw/media/images/channel/2022/05/31/large/20220531151408095945_53.jpg,Sports,,freetv-fun-all.txt
[VGA]陕西体育,https://t.freetv.fun/live/shan-xi-ti-yu-1.m3u8,,,,,陝西體育休閒,China,China,https://epg.pw/media/images/channel/2022/05/31/large/20220531151408095945_53.jpg,Sports,,freetv-fun-all.txt
[VGA]陕西体育,https://t.freetv.fun/live/shan-xi-ti-yu-2.m3u8,,,,,陝西體育休閒,China,China,https://epg.pw/media/images/channel/2022/05/31/large/20220531151408095945_53.jpg,Sports,,freetv-fun-all.txt
[VGA]陕西体育休闲,https://t.freetv.fun/live/shan-xi-ti-yu-xiu-xian.php,,,,,陝西體育休閒,China,China,https://epg.pw/media/images/channel/2022/05/31/large/20220531151408095945_53.jpg,Sports,,freetv-fun-all.txt
[VGA]陕西体育休闲,https://t.freetv.fun/live/shan-xi-ti-yu-xiu-xian-1.m3u8,,,,,陝西體育休閒,China,China,https://epg.pw/media/images/channel/2022/05/31/large/20220531151408095945_53.jpg,Sports,,freetv-fun-all.txt
[VGA]陕西体育休闲,https://t.freetv.fun/live/shan-xi-ti-yu-xiu-xian-2.m3u8,,,,,陝西體育休閒,China,China,https://epg.pw/media/images/channel/2022/05/31/large/20220531151408095945_53.jpg,Sports,,freetv-fun-all.txt
[VGA]阳光卫视,https://t.freetv.fun/live/yang-guang-wei-shi.m3u8,,,,,陽光衛視,Hong Kong,Hong Kong,https://epg.pw/media/img/logo/2013/10/30/0ea1ec522738d3cb28fd6ac14d84e515.jpg,Knowledge,,freetv-fun-all.txt
[HD]云南娱乐,https://t.freetv.fun/live/yun-nan-yu-le.m3u8,,,,,雲南娛樂,China,China,https://epg.pw/media/images/channel/2021/10/12/large/20211012202855973308_65.png,Entertainment,,freetv-fun-all.txt
[HD]云南影视,https://t.freetv.fun/live/yun-nan-ying-shi.m3u8,,,,,雲南影視,China,China,https://epg.pw/media/images/channel/2022/05/31/large/20220531145247906980_49.jpg,Movies,,freetv-fun-all.txt
[VGA]云南卫视,https://t.freetv.fun/live/yun-nan-wei-shi-14.m3u8,,,,,雲南衛視,China,China,https://epg.pw/media/images/channel/2022/05/31/large/20220531145024469645_82.jpg,Other,,freetv-fun-all.txt
[BD]云南卫视,https://t.freetv.fun/live/yun-nan-wei-shi-1-1.m3u8,,,,,雲南衛視,China,China,https://epg.pw/media/images/channel/2022/05/31/large/20220531145024469645_82.jpg,Other,,freetv-fun-all.txt
[SD]云南卫视,https://t.freetv.fun/live/yun-nan-wei-shi-2-2.m3u8,,,,,雲南衛視,China,China,https://epg.pw/media/images/channel/2022/05/31/large/20220531145024469645_82.jpg,Other,,freetv-fun-all.txt
[BD]云南卫视,https://t.freetv.fun/live/yun-nan-wei-shi-3-2.m3u8,,,,,雲南衛視,China,China,https://epg.pw/media/images/channel/2022/05/31/large/20220531145024469645_82.jpg,Other,,freetv-fun-all.txt
[VGA]cn: 云南卫视,https://t.freetv.fun/live/cn-yun-nan-wei-shi.m3u8,,,,,雲南衛視,China,China,https://epg.pw/media/images/channel/2022/05/31/large/20220531145024469645_82.jpg,Other,,freetv-fun-all.txt
[VGA]云南卫视,https://t.freetv.fun/live/yun-nan-wei-shi-3-2.php,,,,,雲南衛視,China,China,https://epg.pw/media/images/channel/2022/05/31/large/20220531145024469645_82.jpg,Other,,freetv-fun-all.txt
[BD]云南卫视,https://t.freetv.fun/live/yun-nan-wei-shi-4-2.php,,,,,雲南衛視,China,China,https://epg.pw/media/images/channel/2022/05/31/large/20220531145024469645_82.jpg,Other,,freetv-fun-all.txt
[VGA]云南卫视,https://t.freetv.fun/live/yun-nan-wei-shi-6-1.m3u8,,,,,雲南衛視,China,China,https://epg.pw/media/images/channel/2022/05/31/large/20220531145024469645_82.jpg,Other,,freetv-fun-all.txt
[BD]云南卫视,https://t.freetv.fun/live/yun-nan-wei-shi-9.m3u8,,,,,雲南衛視,China,China,https://epg.pw/media/images/channel/2022/05/31/large/20220531145024469645_82.jpg,Other,,freetv-fun-all.txt
[VGA]云南卫视,https://t.freetv.fun/live/yun-nan-wei-shi-10.m3u8,,,,,雲南衛視,China,China,https://epg.pw/media/images/channel/2022/05/31/large/20220531145024469645_82.jpg,Other,,freetv-fun-all.txt
[BD]云南卫视,https://t.freetv.fun/live/yun-nan-wei-shi-14.php,,,,,雲南衛視,China,China,https://epg.pw/media/images/channel/2022/05/31/large/20220531145024469645_82.jpg,Other,,freetv-fun-all.txt
[SD]云南卫视,https://t.freetv.fun/live/yun-nan-wei-shi-4-2.m3u8,,,,,雲南衛視,China,China,https://epg.pw/media/images/channel/2022/05/31/large/20220531145024469645_82.jpg,Other,,freetv-fun-all.txt
[BD]云南卫视,https://t.freetv.fun/live/yun-nan-wei-shi-11.m3u8,,,,,雲南衛視,China,China,https://epg.pw/media/images/channel/2022/05/31/large/20220531145024469645_82.jpg,Other,,freetv-fun-all.txt
[VGA]云南卫视,https://t.freetv.fun/live/yun-nan-wei-shi-21.m3u8,,,,,雲南衛視,China,China,https://epg.pw/media/images/channel/2022/05/31/large/20220531145024469645_82.jpg,Other,,freetv-fun-all.txt
[BD]云南卫视,https://t.freetv.fun/live/yun-nan-wei-shi-25.m3u8,,,,,雲南衛視,China,China,https://epg.pw/media/images/channel/2022/05/31/large/20220531145024469645_82.jpg,Other,,freetv-fun-all.txt
[SD]云南卫视,https://t.freetv.fun/live/yun-nan-wei-shi-13.m3u8,,,,,雲南衛視,China,China,https://epg.pw/media/images/channel/2022/05/31/large/20220531145024469645_82.jpg,Other,,freetv-fun-all.txt
[BD]云南卫视,https://t.freetv.fun/live/yun-nan-wei-shi-5-1.m3u8,,,,,雲南衛視,China,China,https://epg.pw/media/images/channel/2022/05/31/large/20220531145024469645_82.jpg,Other,,freetv-fun-all.txt
[BD]云南卫视,https://t.freetv.fun/live/yun-nan-wei-shi-7-1.m3u8,,,,,雲南衛視,China,China,https://epg.pw/media/images/channel/2022/05/31/large/20220531145024469645_82.jpg,Other,,freetv-fun-all.txt
[BD]云南卫视,https://t.freetv.fun/live/yun-nan-wei-shi-8-1.m3u8,,,,,雲南衛視,China,China,https://epg.pw/media/images/channel/2022/05/31/large/20220531145024469645_82.jpg,Other,,freetv-fun-all.txt
[SD]云南卫视,https://t.freetv.fun/live/yun-nan-wei-shi-12-1.m3u8,,,,,雲南衛視,China,China,https://epg.pw/media/images/channel/2022/05/31/large/20220531145024469645_82.jpg,Other,,freetv-fun-all.txt
[SD]云南卫视,https://t.freetv.fun/live/yun-nan-wei-shi-14-1.m3u8,,,,,雲南衛視,China,China,https://epg.pw/media/images/channel/2022/05/31/large/20220531145024469645_82.jpg,Other,,freetv-fun-all.txt
[SD]云南卫视,https://t.freetv.fun/live/yun-nan-wei-shi-15.m3u8,,,,,雲南衛視,China,China,https://epg.pw/media/images/channel/2022/05/31/large/20220531145024469645_82.jpg,Other,,freetv-fun-all.txt
[VGA]云南卫视,https://t.freetv.fun/live/yun-nan-wei-shi-16.m3u8,,,,,雲南衛視,China,China,https://epg.pw/media/images/channel/2022/05/31/large/20220531145024469645_82.jpg,Other,,freetv-fun-all.txt
[VGA]云南卫视,https://t.freetv.fun/live/yun-nan-wei-shi-17.m3u8,,,,,雲南衛視,China,China,https://epg.pw/media/images/channel/2022/05/31/large/20220531145024469645_82.jpg,Other,,freetv-fun-all.txt
[VGA]云南卫视,https://t.freetv.fun/live/yun-nan-wei-shi-18.m3u8,,,,,雲南衛視,China,China,https://epg.pw/media/images/channel/2022/05/31/large/20220531145024469645_82.jpg,Other,,freetv-fun-all.txt
[VGA]云南卫视,https://t.freetv.fun/live/yun-nan-wei-shi-19.m3u8,,,,,雲南衛視,China,China,https://epg.pw/media/images/channel/2022/05/31/large/20220531145024469645_82.jpg,Other,,freetv-fun-all.txt
[VGA]云南卫视高清,https://t.freetv.fun/live/yun-nan-wei-shi-gao-qing.smil,,,,,雲南衛視,China,China,https://epg.pw/media/images/channel/2022/05/31/large/20220531145024469645_82.jpg,Other,,freetv-fun-all.txt
[VGA]云南卫视,https://t.freetv.fun/live/yun-nan-wei-shi-20.m3u8,,,,,雲南衛視,China,China,https://epg.pw/media/images/channel/2022/05/31/large/20220531145024469645_82.jpg,Other,,freetv-fun-all.txt
[VGA]云南卫视 标清,https://t.freetv.fun/live/yun-nan-wei-shi-biao-qing-1.m3u8,,,,,雲南衛視,China,China,https://epg.pw/media/images/channel/2022/05/31/large/20220531145024469645_82.jpg,Other,,freetv-fun-all.txt
[BD]云南卫视,https://t.freetv.fun/live/yun-nan-wei-shi-22.m3u8,,,,,雲南衛視,China,China,https://epg.pw/media/images/channel/2022/05/31/large/20220531145024469645_82.jpg,Other,,freetv-fun-all.txt
[BD]云南卫视,https://t.freetv.fun/live/yun-nan-wei-shi-23.m3u8,,,,,雲南衛視,China,China,https://epg.pw/media/images/channel/2022/05/31/large/20220531145024469645_82.jpg,Other,,freetv-fun-all.txt
[VGA]云南卫视hd,https://t.freetv.fun/live/yun-nan-wei-shi-hd.php,,,,,雲南衛視,China,China,https://epg.pw/media/images/channel/2022/05/31/large/20220531145024469645_82.jpg,Generic,,freetv-fun-all.txt
[VGA]云南卫视 高清,https://t.freetv.fun/live/yun-nan-wei-shi-gao-qing-1.m3u8,,,,,雲南衛視,China,China,https://epg.pw/media/images/channel/2022/05/31/large/20220531145024469645_82.jpg,Generic,,freetv-fun-all.txt
[VGA]云南卫视 标清,https://t.freetv.fun/live/yun-nan-wei-shi-biao-qing.m3u8,,,,,雲南衛視,China,China,https://epg.pw/media/images/channel/2022/05/31/large/20220531145024469645_82.jpg,Generic,,freetv-fun-all.txt
[HD]云南都市,https://t.freetv.fun/live/yun-nan-du-shi.m3u8,,,,,雲南都市,China,China,https://epg.pw/media/images/channel/2021/10/12/large/20211012202751642735_81.png,News,,freetv-fun-all.txt
[VGA]云南都市,https://t.freetv.fun/live/yun-nan-du-shi-1.m3u8,,,,,雲南都市,China,China,https://epg.pw/media/images/channel/2021/10/12/large/20211012202751642735_81.png,News,,freetv-fun-all.txt
[HD]电影2,https://t.freetv.fun/live/dian-ying-2.m3u8,,,,,電影2臺,Hong Kong,Hong Kong,https://epg.pw/media/img/logo/1_291.jpg,Movies,,freetv-fun-all.txt
[VGA]中国电影频道香港版,https://t.freetv.fun/live/zhong-guo-dian-ying-pin-dao-xiang-gang-ban.m3u8,,,,,電影頻道,China,China,https://epg.pw/media/,Test,,freetv-fun-all.txt
[HD]电影,https://t.freetv.fun/live/dian-ying.m3u8,,,,,電影頻道,China,China,https://epg.pw/media/,Test,,freetv-fun-all.txt
[BD]电影,https://t.freetv.fun/live/dian-ying-1.flv,,,,,電影頻道,China,China,https://epg.pw/media/,Test,,freetv-fun-all.txt
[BD]电影,https://t.freetv.fun/live/dian-ying-2-1.flv,,,,,電影頻道,China,China,https://epg.pw/media/,Test,,freetv-fun-all.txt
[BD]电影,https://t.freetv.fun/live/dian-ying-3.flv,,,,,電影頻道,China,China,https://epg.pw/media/,Test,,freetv-fun-all.txt
[VGA]电影,https://t.freetv.fun/live/dian-ying-4.flv,,,,,電影頻道,China,China,https://epg.pw/media/,Test,,freetv-fun-all.txt
[BD]电影,https://t.freetv.fun/live/dian-ying-5.flv,,,,,電影頻道,China,China,https://epg.pw/media/,Test,,freetv-fun-all.txt
[BD]电影,https://t.freetv.fun/live/dian-ying-6.flv,,,,,電影頻道,China,China,https://epg.pw/media/,Test,,freetv-fun-all.txt
[SD]电影,https://t.freetv.fun/live/dian-ying-7.flv,,,,,電影頻道,China,China,https://epg.pw/media/,Test,,freetv-fun-all.txt
[HD]电影,https://t.freetv.fun/live/dian-ying-8.m3u8,,,,,電影頻道,China,China,https://epg.pw/media/,Test,,freetv-fun-all.txt
[HD]电影,https://t.freetv.fun/live/dian-ying-9.flv,,,,,電影頻道,China,China,https://epg.pw/media/,Test,,freetv-fun-all.txt
[VGA]电影,https://t.freetv.fun/live/dian-ying-10.flv,,,,,電影頻道,China,China,https://epg.pw/media/,Test,,freetv-fun-all.txt
[HD]电影,https://t.freetv.fun/live/dian-ying-11.flv,,,,,電影頻道,China,China,https://epg.pw/media/,Test,,freetv-fun-all.txt
[BD]电影,https://t.freetv.fun/live/dian-ying-12.flv,,,,,電影頻道,China,China,https://epg.pw/media/,Test,,freetv-fun-all.txt
[BD]电影,https://t.freetv.fun/live/dian-ying-13.flv,,,,,電影頻道,China,China,https://epg.pw/media/,Test,,freetv-fun-all.txt
[HD]电影,https://t.freetv.fun/live/dian-ying-16.m3u8,,,,,電影頻道,China,China,https://epg.pw/media/,Test,,freetv-fun-all.txt
[SD]电影,https://t.freetv.fun/live/dian-ying-20.m3u8,,,,,電影頻道,China,China,https://epg.pw/media/,Test,,freetv-fun-all.txt
[HD]电影,https://t.freetv.fun/live/dian-ying-36.m3u8,,,,,電影頻道,China,China,https://epg.pw/media/,Test,,freetv-fun-all.txt
[VGA]淘电影,https://t.freetv.fun/live/tao-dian-ying-4.m3u8,,,,,電影頻道,China,China,https://epg.pw/media/,Test,,freetv-fun-all.txt
[VGA]高清电影,https://t.freetv.fun/live/gao-qing-dian-ying.m3u8,,,,,電影頻道,China,China,https://epg.pw/media/,Test,,freetv-fun-all.txt
[VGA]高清电影,https://t.freetv.fun/live/gao-qing-dian-ying-1.m3u8,,,,,電影頻道,China,China,https://epg.pw/media/,Test,,freetv-fun-all.txt
[VGA]高清电影,https://t.freetv.fun/live/gao-qing-dian-ying-2.m3u8,,,,,電影頻道,China,China,https://epg.pw/media/,Test,,freetv-fun-all.txt
[VGA]爱电影,https://t.freetv.fun/live/ai-dian-ying.smil,,,,,電影頻道,China,China,https://epg.pw/media/,Test,,freetv-fun-all.txt
[VGA]青岛影视,https://t.freetv.fun/live/qing-dao-ying-shi.m3u8,,,,,青島影視,China,China,https://epg.pw/media/img/logo/3_236.jpg,Movies,,freetv-fun-all.txt
[VGA]青川新闻综合,https://t.freetv.fun/live/qing-chuan-xin-wen-zong-he-1.m3u8,,,,,青島新聞綜合,China,China,https://epg.pw/media/images/channel/2022/11/01/large/20221101010914571200_67.jpg,News,,freetv-fun-all.txt
[VGA]青岛新闻综合,https://t.freetv.fun/live/qing-dao-xin-wen-zong-he.m3u8,,,,,青島新聞綜合,China,China,https://epg.pw/media/img/logo/3_238.jpg,News,,freetv-fun-all.txt
[VGA]青岛生活服务,https://t.freetv.fun/live/qing-dao-sheng-huo-fu-wu.m3u8,,,,,青島生活服務,China,China,https://epg.pw/media/img/logo/3_237.jpg,Other,,freetv-fun-all.txt
[VGA]青岛都市,https://t.freetv.fun/live/qing-dao-du-shi.m3u8,,,,,青島都市,China,China,https://epg.pw/media/img/logo/3_234.jpg,Other,,freetv-fun-all.txt
[VGA]靖天國際,https://t.freetv.fun/live/jing-tian-guo-ji-2-1.m3u8,,,,,靖天國際,Taiwan,Taiwan,https://epg.pw/media/images/channel/2023/07/20/large/20230720211901276301_20.png,Generic,,freetv-fun-all.txt
[VGA]靖天戲劇,https://t.freetv.fun/live/jing-tian-xi-ju-2.php,,,,,靖天戲劇,Taiwan,Taiwan,https://epg.pw/media/images/channel/2023/07/20/large/20230720211720021890_59.png,Movies,,freetv-fun-all.txt
[VGA]靖天戲劇,https://t.freetv.fun/live/jing-tian-xi-ju-3.m3u8,,,,,靖天戲劇,Taiwan,Taiwan,https://epg.pw/media/images/channel/2023/07/20/large/20230720211720021890_59.png,Movies,,freetv-fun-all.txt
[VGA]靖天戲劇,https://t.freetv.fun/live/jing-tian-xi-ju-4.m3u8,,,,,靖天戲劇,Taiwan,Taiwan,https://epg.pw/media/images/channel/2023/07/20/large/20230720211720021890_59.png,Movies,,freetv-fun-all.txt
[VGA]靖天映畫,https://t.freetv.fun/live/jing-tian-ying-hua-3.m3u8,,,,,靖天映畫,Taiwan,Taiwan,https://epg.pw/media/images/channel/2023/07/20/large/20230720211824734749_31.png,Movies,,freetv-fun-all.txt
[VGA]靖天資訊,https://t.freetv.fun/live/jing-tian-zi-xun-4.m3u8,,,,,靖天資訊,Taiwan,Taiwan,https://epg.pw/media/images/channel/2023/07/20/large/20230720211439196918_86.png,News,,freetv-fun-all.txt
[VGA]靖天資訊,https://t.freetv.fun/live/jing-tian-zi-xun-5.m3u8,,,,,靖天資訊,Taiwan,Taiwan,https://epg.pw/media/images/channel/2023/07/20/large/20230720211439196918_86.png,News,,freetv-fun-all.txt
[VGA]非凡新聞,https://t.freetv.fun/live/fei-fan-xin-wen.php,,,,456560,非凡新聞HD,Taiwan,Taiwan,https://epg.pw/media/images/channel/2016/06/17/large/20160617165249161501_56.png,News,,freetv-fun-all.txt
[VGA]非凡新闻,https://t.freetv.fun/live/fei-fan-xin-wen-2.ts,,,,456560,非凡新聞HD,Taiwan,Taiwan,https://epg.pw/media/images/channel/2016/06/17/large/20160617165249161501_56.png,News,,freetv-fun-all.txt
[VGA]非凡新聞,https://t.freetv.fun/live/fei-fan-xin-wen-2-1.m3u8,,,,456560,非凡新聞HD,Taiwan,Taiwan,https://epg.pw/media/images/channel/2016/06/17/large/20160617165249161501_56.png,News,,freetv-fun-all.txt
[BD]韩国娱乐,https://t.freetv.fun/live/han-guo-yu-le.php,,,,,韓國娛樂臺,Korea,Korea,https://epg.pw/media/images/channel/2018/07/28/large/20180728224232081806_43.png,Entertainment,,freetv-fun-all.txt
[VGA]韩国娱乐,https://t.freetv.fun/live/han-guo-yu-le-1.php,,,,,韓國娛樂臺,Korea,Korea,https://epg.pw/media/images/channel/2018/07/28/large/20180728224232081806_43.png,Entertainment,,freetv-fun-all.txt
[VGA]韓國娛樂,https://t.freetv.fun/live/han-guo-yu-le-2.php,,,,,韓國娛樂臺,Korea,Korea,https://epg.pw/media/images/channel/2018/07/28/large/20180728224232081806_43.png,Entertainment,,freetv-fun-all.txt
[VGA]韓國娛樂,https://t.freetv.fun/live/han-guo-yu-le-1-1.m3u8,,,,,韓國娛樂臺,Korea,Korea,https://epg.pw/media/images/channel/2018/07/28/large/20180728224232081806_43.png,Entertainment,,freetv-fun-all.txt
[VGA]韓國娛樂,https://t.freetv.fun/live/han-guo-yu-le-2-1.m3u8,,,,,韓國娛樂臺,Korea,Korea,https://epg.pw/media/images/channel/2018/07/28/large/20180728224232081806_43.png,Entertainment,,freetv-fun-all.txt
[VGA]韓國娛樂,https://t.freetv.fun/live/han-guo-yu-le-3.m3u8,,,,,韓國娛樂臺,Korea,Korea,https://epg.pw/media/images/channel/2018/07/28/large/20180728224232081806_43.png,Entertainment,,freetv-fun-all.txt
[VGA]韓國娛樂,https://t.freetv.fun/live/han-guo-yu-le-4.m3u8,,,,,韓國娛樂臺,Korea,Korea,https://epg.pw/media/images/channel/2018/07/28/large/20180728224232081806_43.png,Entertainment,,freetv-fun-all.txt
[VGA]韓國娛樂,https://t.freetv.fun/live/han-guo-yu-le-5.m3u8,,,,,韓國娛樂臺,Korea,Korea,https://epg.pw/media/images/channel/2018/07/28/large/20180728224232081806_43.png,Entertainment,,freetv-fun-all.txt
[VGA]韓國娛樂,https://t.freetv.fun/live/han-guo-yu-le-6.m3u8,,,,,韓國娛樂臺,Korea,Korea,https://epg.pw/media/images/channel/2018/07/28/large/20180728224232081806_43.png,Entertainment,,freetv-fun-all.txt
[VGA]韓國娛樂,https://t.freetv.fun/live/han-guo-yu-le-7.m3u8,,,,,韓國娛樂臺,Korea,Korea,https://epg.pw/media/images/channel/2018/07/28/large/20180728224232081806_43.png,Entertainment,,freetv-fun-all.txt
[VGA]韓國娛樂,https://t.freetv.fun/live/han-guo-yu-le-8.m3u8,,,,,韓國娛樂臺,Korea,Korea,https://epg.pw/media/images/channel/2018/07/28/large/20180728224232081806_43.png,Entertainment,,freetv-fun-all.txt
[VGA]韓國娛樂,https://t.freetv.fun/live/han-guo-yu-le-9.m3u8,,,,,韓國娛樂臺,Korea,Korea,https://epg.pw/media/images/channel/2018/07/28/large/20180728224232081806_43.png,Entertainment,,freetv-fun-all.txt
[VGA]韓國娛樂,https://t.freetv.fun/live/han-guo-yu-le-10.m3u8,,,,,韓國娛樂臺,Korea,Korea,https://epg.pw/media/images/channel/2018/07/28/large/20180728224232081806_43.png,Entertainment,,freetv-fun-all.txt
[HD]韓國娛樂台kmtv,https://t.freetv.fun/live/han-guo-yu-le-tai-kmtv-1-3.m3u8,,,,,韓國娛樂臺,Korea,Korea,https://epg.pw/media/images/channel/2018/07/28/large/20180728224232081806_43.png,Entertainment,,freetv-fun-all.txt
[HD]韩国电影1,https://t.freetv.fun/live/han-guo-dian-ying-1.m3u8,,,,,韓國電影,Korea,Korea,https://epg.pw/media/img/logo/hanguodianying.jpg,Test,,freetv-fun-all.txt
[HD]韩国电影2,https://t.freetv.fun/live/han-guo-dian-ying-2.m3u8,,,,,韓國電影,Korea,Korea,https://epg.pw/media/,Test,,freetv-fun-all.txt
[VGA]韶关新闻综合,https://t.freetv.fun/live/shao-guan-xin-wen-zong-he.m3u8,,,,,韶關新聞綜合,China,China,https://epg.pw/media/images/channel/2023/07/20/large/20230720203001879121_48.png,News,,freetv-fun-all.txt
[VGA]韶关新闻综合,https://t.freetv.fun/live/shao-guan-xin-wen-zong-he-1.m3u8,,,,,韶關新聞綜合,China,China,https://epg.pw/media/images/channel/2023/07/20/large/20230720203001879121_48.png,News,,freetv-fun-all.txt
[VGA]韶关新闻综合,https://t.freetv.fun/live/shao-guan-xin-wen-zong-he-2.m3u8,,,,,韶關新聞綜合,China,China,https://epg.pw/media/images/channel/2023/07/20/large/20230720203001879121_48.png,News,,freetv-fun-all.txt
[VGA]韶关综合,https://t.freetv.fun/live/shao-guan-zong-he.m3u8,,,,,韶關新聞綜合,China,China,https://epg.pw/media/images/channel/2023/07/20/large/20230720203001879121_48.png,News,,freetv-fun-all.txt
[VGA]韶关综合,https://t.freetv.fun/live/shao-guan-zong-he-1.m3u8,,,,,韶關新聞綜合,China,China,https://epg.pw/media/images/channel/2023/07/20/large/20230720203001879121_48.png,News,,freetv-fun-all.txt
[VGA]香港国际财经台 fhd,https://t.freetv.fun/live/xiang-gang-guo-ji-cai-jing-tai-fhd.flv,,,,,香港國際財經台,Hong Kong,Hong Kong,https://epg.pw/media/images/channel/2023/07/24/large/20230724142304547275_40.png,News,,freetv-fun-all.txt
[VGA]HOY 76,https://t.freetv.fun/live/hoy-76.m3u8,,,,,香港國際財經台,Hong Kong,Hong Kong,https://epg.pw/media/images/channel/2023/07/24/large/20230724142304547275_40.png,News,,freetv-fun-all.txt
[VGA]国际财经,https://t.freetv.fun/live/guo-ji-cai-jing.php,,,,,香港國際財經臺,Hong Kong,Hong Kong,https://epg.pw/media/images/channel/2022/08/05/large/20220805201154003040_71.jpg,News,,freetv-fun-all.txt
[VGA]国际财经,https://t.freetv.fun/live/guo-ji-cai-jing-1.php,,,,,香港國際財經臺,Hong Kong,Hong Kong,https://epg.pw/media/images/channel/2022/08/05/large/20220805201154003040_71.jpg,News,,freetv-fun-all.txt
[HD]香港有线新闻,https://t.freetv.fun/live/xiang-gang-you-xian-xin-wen-2.m3u8,,,,,香港有線新聞臺,Hong Kong,Hong Kong,https://epg.pw/media/uploads/tmp_logo/2017/10/10/20171010210707310138_36.jpg,News,,freetv-fun-all.txt
[HD]香港有线新闻,https://t.freetv.fun/live/xiang-gang-you-xian-xin-wen-1-1.m3u,,,,,香港有線新聞臺,Hong Kong,Hong Kong,https://epg.pw/media/uploads/tmp_logo/2017/10/10/20171010210707310138_36.jpg,News,,freetv-fun-all.txt
[VGA]香港有线新闻,https://t.freetv.fun/live/xiang-gang-you-xian-xin-wen-2.php,,,,,香港有線新聞臺,Hong Kong,Hong Kong,https://epg.pw/media/uploads/tmp_logo/2017/10/10/20171010210707310138_36.jpg,News,,freetv-fun-all.txt
[VGA]香港有线新闻,https://t.freetv.fun/live/xiang-gang-you-xian-xin-wen-1-1.php,,,,,香港有線新聞臺,Hong Kong,Hong Kong,https://epg.pw/media/uploads/tmp_logo/2017/10/10/20171010210707310138_36.jpg,News,,freetv-fun-all.txt
[BD]香蕉,https://t.freetv.fun/live/xiang-jiao-2-1.ts,,,,,香港綜合,Hong Kong,Hong Kong,https://epg.pw/media/images/channel/2023/08/06/large/20230806225301111646_11.png,Generic,,freetv-fun-all.txt
[VGA]香港卫视文旅,https://t.freetv.fun/live/xiang-gang-wei-shi-wen-lu.m3u8,,,,,香港衛視文旅臺,Hong Kong,Hong Kong,https://epg.pw/media/images/channel/2022/08/06/large/20220806001817500267_79.jpg,Generic,,freetv-fun-all.txt
[VGA]香港卫视,https://t.freetv.fun/live/xiang-gang-wei-shi-8.m3u8,,,,,香港衛視文藝臺,Hong Kong,Hong Kong,https://epg.pw/media/images/channel/2022/08/07/large/20220807225523257257_30.jpg,Entertainment,,freetv-fun-all.txt
[VGA]香港卫视,https://t.freetv.fun/live/xiang-gang-wei-shi-9.flv,,,,,香港衛視文藝臺,Hong Kong,Hong Kong,https://epg.pw/media/images/channel/2022/08/07/large/20220807225523257257_30.jpg,Entertainment,,freetv-fun-all.txt
[VGA]香港卫视,https://t.freetv.fun/live/xiang-gang-wei-shi-11.m3u8,,,,,香港衛視文藝臺,Hong Kong,Hong Kong,https://epg.pw/media/images/channel/2022/08/07/large/20220807225523257257_30.jpg,Entertainment,,freetv-fun-all.txt
[SD]香港電台,https://t.freetv.fun/live/xiang-gang-dian-tai-34.m3u8,,,,,香港電臺,Hong Kong,Hong Kong,https://epg.pw/media/images/channel/2022/08/06/large/20220806140520886327_26.jpg,Generic,,freetv-fun-all.txt
[SD]香港電台,https://t.freetv.fun/live/xiang-gang-dian-tai-34-1.m3u8,,,,,香港電臺,Hong Kong,Hong Kong,https://epg.pw/media/images/channel/2022/08/06/large/20220806140520886327_26.jpg,Generic,,freetv-fun-all.txt
[VGA]凤凰美洲,https://t.freetv.fun/live/feng-huang-mei-zhou.m3u8,,,,,鳳凰美洲,Hong Kong,Hong Kong,https://epg.pw/media/images/channel/2022/05/14/large/20220514000448941322_96.jpg,News,,freetv-fun-all.txt
[VGA]鳳凰衛視香港,https://t.freetv.fun/live/feng-huang-wei-shi-xiang-gang-1-1.m3u8,,,,368343,鳳凰衛視FHD,Hong Kong,Hong Kong,https://epg.pw/media/images/channel/2024/06/10/large/20240610235948618467_91.png,Generic,,freetv-fun-all.txt
[VGA]-鳳凰衛視香港,https://t.freetv.fun/live/feng-huang-wei-shi-xiang-gang-2.m3u8,,,,368343,鳳凰衛視FHD,Hong Kong,Hong Kong,https://epg.pw/media/images/channel/2024/06/10/large/20240610235948618467_91.png,Generic,,freetv-fun-all.txt
[VGA]鳳凰衛視香港,https://t.freetv.fun/live/feng-huang-wei-shi-xiang-gang-2-1.m3u8,,,,368343,鳳凰衛視FHD,Hong Kong,Hong Kong,https://epg.pw/media/images/channel/2024/06/10/large/20240610235948618467_91.png,Generic,,freetv-fun-all.txt
[VGA]鳳凰衛視香港,https://t.freetv.fun/live/feng-huang-wei-shi-xiang-gang-3.m3u8,,,,368343,鳳凰衛視FHD,Hong Kong,Hong Kong,https://epg.pw/media/images/channel/2024/06/10/large/20240610235948618467_91.png,Generic,,freetv-fun-all.txt
[VGA]鳳凰衛視香港,https://t.freetv.fun/live/feng-huang-wei-shi-xiang-gang-4.m3u8,,,,368343,鳳凰衛視FHD,Hong Kong,Hong Kong,https://epg.pw/media/images/channel/2024/06/10/large/20240610235948618467_91.png,Generic,,freetv-fun-all.txt
[VGA]凤凰卫视 高清,https://t.freetv.fun/live/feng-huang-wei-shi-gao-qing.php,,,,368343,鳳凰衛視FHD,Hong Kong,Hong Kong,https://epg.pw/media/images/channel/2024/06/10/large/20240610235948618467_91.png,Generic,,freetv-fun-all.txt
[VGA]凤凰卫视香港,https://t.freetv.fun/live/feng-huang-wei-shi-xiang-gang-5.m3u8,,,,368343,鳳凰衛視FHD,Hong Kong,Hong Kong,https://epg.pw/media/images/channel/2024/06/10/large/20240610235948618467_91.png,Generic,,freetv-fun-all.txt
[VGA]凤凰卫视香港,https://t.freetv.fun/live/feng-huang-wei-shi-xiang-gang-1-2.php,,,,368343,鳳凰衛視FHD,Hong Kong,Hong Kong,https://epg.pw/media/images/channel/2024/06/10/large/20240610235948618467_91.png,Generic,,freetv-fun-all.txt
[VGA]凤凰卫视香港,https://t.freetv.fun/live/feng-huang-wei-shi-xiang-gang-2-2.php,,,,368343,鳳凰衛視FHD,Hong Kong,Hong Kong,https://epg.pw/media/images/channel/2024/06/10/large/20240610235948618467_91.png,Generic,,freetv-fun-all.txt
[VGA]鳳凰衛視電影台,https://t.freetv.fun/live/feng-huang-wei-shi-dian-ying-tai-2.ts,,,,368343,鳳凰衛視FHD,Hong Kong,Hong Kong,https://epg.pw/media/images/channel/2024/06/10/large/20240610235948618467_91.png,Generic,,freetv-fun-all.txt
[VGA]鳳凰衛視,https://t.freetv.fun/live/feng-huang-wei-shi-2.ts,,,,368343,鳳凰衛視FHD,Hong Kong,Hong Kong,https://epg.pw/media/images/channel/2024/06/10/large/20240610235948618467_91.png,Generic,,freetv-fun-all.txt
[VGA]鳳凰衛視電影台,https://t.freetv.fun/live/feng-huang-wei-shi-dian-ying-tai-1-1.ts,,,,368343,鳳凰衛視FHD,Hong Kong,Hong Kong,https://epg.pw/media/images/channel/2024/06/10/large/20240610235948618467_91.png,Generic,,freetv-fun-all.txt
[VGA]鳳凰衛視,https://t.freetv.fun/live/feng-huang-wei-shi-1-1.ts,,,,368343,鳳凰衛視FHD,Hong Kong,Hong Kong,https://epg.pw/media/images/channel/2024/06/10/large/20240610235948618467_91.png,Generic,,freetv-fun-all.txt
[BD]凤凰中文,https://t.freetv.fun/live/feng-huang-zhong-wen-1.smil,,,,368338,鳳凰衛視中文,Hong Kong,Hong Kong,https://epg.pw/media/images/channel/2025/01/28/large/20250128061049622730_55.png,Generic,,freetv-fun-all.txt
[VGA]凤凰卫视 香港,https://t.freetv.fun/live/feng-huang-wei-shi-xiang-gang.php,,,,368338,鳳凰衛視中文,Hong Kong,Hong Kong,https://epg.pw/media/images/channel/2025/01/28/large/20250128061049622730_55.png,Generic,,freetv-fun-all.txt
[VGA]凤凰卫视 资讯,https://t.freetv.fun/live/feng-huang-wei-shi-zi-xun.php,,,,368338,鳳凰衛視中文,Hong Kong,Hong Kong,https://epg.pw/media/images/channel/2025/01/28/large/20250128061049622730_55.png,Generic,,freetv-fun-all.txt
[VGA]凤凰卫视 中文,https://t.freetv.fun/live/feng-huang-wei-shi-zhong-wen.php,,,,368338,鳳凰衛視中文,Hong Kong,Hong Kong,https://epg.pw/media/images/channel/2025/01/28/large/20250128061049622730_55.png,Generic,,freetv-fun-all.txt
[SD]凤凰中文,https://t.freetv.fun/live/feng-huang-zhong-wen-1.m3u8,,,,368338,鳳凰衛視中文,Hong Kong,Hong Kong,https://epg.pw/media/images/channel/2025/01/28/large/20250128061049622730_55.png,Generic,,freetv-fun-all.txt
[VGA]凤凰卫视,https://t.freetv.fun/live/feng-huang-wei-shi-1.m3u8,,,,368338,鳳凰衛視中文,Hong Kong,Hong Kong,https://epg.pw/media/images/channel/2025/01/28/large/20250128061049622730_55.png,Generic,,freetv-fun-all.txt
[VGA]凤凰中文,https://t.freetv.fun/live/feng-huang-zhong-wen-8.m3u8,,,,368338,鳳凰衛視中文,Hong Kong,Hong Kong,https://epg.pw/media/images/channel/2025/01/28/large/20250128061049622730_55.png,Generic,,freetv-fun-all.txt
[BD]凤凰中文,https://t.freetv.fun/live/feng-huang-zhong-wen-9.php,,,,368338,鳳凰衛視中文,Hong Kong,Hong Kong,https://epg.pw/media/images/channel/2025/01/28/large/20250128061049622730_55.png,Generic,,freetv-fun-all.txt
[BD]凤凰中文,https://t.freetv.fun/live/feng-huang-zhong-wen-10.php,,,,368338,鳳凰衛視中文,Hong Kong,Hong Kong,https://epg.pw/media/images/channel/2025/01/28/large/20250128061049622730_55.png,Generic,,freetv-fun-all.txt
[VGA]卫视中文,https://t.freetv.fun/live/wei-shi-zhong-wen.php,,,,368338,鳳凰衛視中文,Hong Kong,Hong Kong,https://epg.pw/media/images/channel/2025/01/28/large/20250128061049622730_55.png,Generic,,freetv-fun-all.txt
[VGA]鳳凰衛視中文,https://t.freetv.fun/live/feng-huang-wei-shi-zhong-wen-1.m3u8,,,,368338,鳳凰衛視中文,Hong Kong,Hong Kong,https://epg.pw/media/images/channel/2025/01/28/large/20250128061049622730_55.png,Generic,,freetv-fun-all.txt
[VGA]凤凰卫视中文,https://t.freetv.fun/live/feng-huang-wei-shi-zhong-wen-2.m3u8,,,,368338,鳳凰衛視中文,Hong Kong,Hong Kong,https://epg.pw/media/images/channel/2025/01/28/large/20250128061049622730_55.png,Generic,,freetv-fun-all.txt
[VGA]鳳凰衛視中文,https://t.freetv.fun/live/feng-huang-wei-shi-zhong-wen-1-1.m3u8,,,,368338,鳳凰衛視中文,Hong Kong,Hong Kong,https://epg.pw/media/images/channel/2025/01/28/large/20250128061049622730_55.png,Generic,,freetv-fun-all.txt
[VGA]鳳凰衛視中文,https://t.freetv.fun/live/feng-huang-wei-shi-zhong-wen-2-1.m3u8,,,,368338,鳳凰衛視中文,Hong Kong,Hong Kong,https://epg.pw/media/images/channel/2025/01/28/large/20250128061049622730_55.png,Generic,,freetv-fun-all.txt
[VGA]凤凰卫视中文,https://t.freetv.fun/live/feng-huang-wei-shi-zhong-wen-1-2.m3u8,,,,368338,鳳凰衛視中文,Hong Kong,Hong Kong,https://epg.pw/media/images/channel/2025/01/28/large/20250128061049622730_55.png,Generic,,freetv-fun-all.txt
[VGA]凤凰卫视中文,https://t.freetv.fun/live/feng-huang-wei-shi-zhong-wen-2-2.m3u8,,,,368338,鳳凰衛視中文,Hong Kong,Hong Kong,https://epg.pw/media/images/channel/2025/01/28/large/20250128061049622730_55.png,Generic,,freetv-fun-all.txt
[BD]鳳凰中文,https://t.freetv.fun/live/feng-huang-zhong-wen-2.php,,,,368338,鳳凰衛視中文,Hong Kong,Hong Kong,https://epg.pw/media/images/channel/2025/01/28/large/20250128061049622730_55.png,Generic,,freetv-fun-all.txt
[VGA]-凤凰中文,https://t.freetv.fun/live/feng-huang-zhong-wen-3.flv,,,,368338,鳳凰衛視中文,Hong Kong,Hong Kong,https://epg.pw/media/images/channel/2025/01/28/large/20250128061049622730_55.png,Generic,,freetv-fun-all.txt
[VGA]凤凰卫视中文,https://t.freetv.fun/live/feng-huang-wei-shi-zhong-wen-3.m3u8,,,,368338,鳳凰衛視中文,Hong Kong,Hong Kong,https://epg.pw/media/images/channel/2025/01/28/large/20250128061049622730_55.png,Generic,,freetv-fun-all.txt
[VGA]-凤凰中文,https://t.freetv.fun/live/feng-huang-zhong-wen-1-1.m3u8,,,,368338,鳳凰衛視中文,Hong Kong,Hong Kong,https://epg.pw/media/images/channel/2025/01/28/large/20250128061049622730_55.png,Generic,,freetv-fun-all.txt
[VGA]凤凰中文sd,https://t.freetv.fun/live/feng-huang-zhong-wen-sd.php,,,,368338,鳳凰衛視中文,Hong Kong,Hong Kong,https://epg.pw/media/images/channel/2025/01/28/large/20250128061049622730_55.png,Generic,,freetv-fun-all.txt
[VGA]鳯凰衛視中文,https://t.freetv.fun/live/feng-huang-wei-shi-zhong-wen-4.php,,,,368338,鳳凰衛視中文,Hong Kong,Hong Kong,https://epg.pw/media/images/channel/2025/01/28/large/20250128061049622730_55.png,Generic,,freetv-fun-all.txt
[VGA]鳯凰衛視中文,https://t.freetv.fun/live/feng-huang-wei-shi-zhong-wen-1-3.php,,,,368338,鳳凰衛視中文,Hong Kong,Hong Kong,https://epg.pw/media/images/channel/2025/01/28/large/20250128061049622730_55.png,Generic,,freetv-fun-all.txt
[VGA]鳯凰衛視中文,https://t.freetv.fun/live/feng-huang-wei-shi-zhong-wen-2-3.php,,,,368338,鳳凰衛視中文,Hong Kong,Hong Kong,https://epg.pw/media/images/channel/2025/01/28/large/20250128061049622730_55.png,Generic,,freetv-fun-all.txt
[VGA]鳯凰衛視中文,https://t.freetv.fun/live/feng-huang-wei-shi-zhong-wen-3-1.php,,,,368338,鳳凰衛視中文,Hong Kong,Hong Kong,https://epg.pw/media/images/channel/2025/01/28/large/20250128061049622730_55.png,Generic,,freetv-fun-all.txt
[VGA]凤凰中文 *sg,https://t.freetv.fun/live/feng-huang-zhong-wen-sg.m3u8,,,,368338,鳳凰衛視中文,Hong Kong,Hong Kong,https://epg.pw/media/images/channel/2025/01/28/large/20250128061049622730_55.png,Generic,,freetv-fun-all.txt
[BD]鳳凰中文,https://t.freetv.fun/live/feng-huang-zhong-wen-1-2.php,,,,368338,鳳凰衛視中文,Hong Kong,Hong Kong,https://epg.pw/media/images/channel/2025/01/28/large/20250128061049622730_55.png,Generic,,freetv-fun-all.txt
[VGA]凤凰卫视美洲,https://t.freetv.fun/live/feng-huang-wei-shi-mei-zhou.ts,,,,,鳳凰衛視澳洲臺,Other,Other,https://epg.pw/media/img/logo/3_350.jpg,Generic,,freetv-fun-all.txt
[VGA]凤凰卫视美洲,https://t.freetv.fun/live/feng-huang-wei-shi-mei-zhou-1.ts,,,,,鳳凰衛視澳洲臺,Other,Other,https://epg.pw/media/img/logo/3_350.jpg,Generic,,freetv-fun-all.txt
[VGA]鳳凰衛視美洲,https://t.freetv.fun/live/feng-huang-wei-shi-mei-zhou-2.m3u8,,,,,鳳凰衛視澳洲臺,Other,Other,https://epg.pw/media/img/logo/3_350.jpg,Generic,,freetv-fun-all.txt
[SD]凤凰资讯,https://t.freetv.fun/live/feng-huang-zi-xun-1.m3u8,,,,,鳳凰資訊HD,Hong Kong,Hong Kong,https://epg.pw/media/images/channel/2023/07/23/large/20230723140505929891_55.png,News,,freetv-fun-all.txt
[VGA]凤凰资讯,https://t.freetv.fun/live/feng-huang-zi-xun-6.php,,,,,鳳凰資訊HD,Hong Kong,Hong Kong,https://epg.pw/media/images/channel/2023/07/23/large/20230723140505929891_55.png,News,,freetv-fun-all.txt
[VGA]凤凰资讯,https://t.freetv.fun/live/feng-huang-zi-xun-7.m3u8,,,,,鳳凰資訊HD,Hong Kong,Hong Kong,https://epg.pw/media/images/channel/2023/07/23/large/20230723140505929891_55.png,News,,freetv-fun-all.txt
[VGA]凤凰资讯,https://t.freetv.fun/live/feng-huang-zi-xun-8.m3u8,,,,,鳳凰資訊HD,Hong Kong,Hong Kong,https://epg.pw/media/images/channel/2023/07/23/large/20230723140505929891_55.png,News,,freetv-fun-all.txt
[VGA]凤凰资讯,https://t.freetv.fun/live/feng-huang-zi-xun-9.m3u8,,,,,鳳凰資訊HD,Hong Kong,Hong Kong,https://epg.pw/media/images/channel/2023/07/23/large/20230723140505929891_55.png,News,,freetv-fun-all.txt
[VGA]凤凰资讯,https://t.freetv.fun/live/feng-huang-zi-xun-10.m3u8,,,,,鳳凰資訊HD,Hong Kong,Hong Kong,https://epg.pw/media/images/channel/2023/07/23/large/20230723140505929891_55.png,News,,freetv-fun-all.txt
[VGA]鳳凰衛視資訊,https://t.freetv.fun/live/feng-huang-wei-shi-zi-xun-1.m3u8,,,,,鳳凰資訊HD,Hong Kong,Hong Kong,https://epg.pw/media/images/channel/2023/07/23/large/20230723140505929891_55.png,News,,freetv-fun-all.txt
[VGA]鳳凰衛視資訊,https://t.freetv.fun/live/feng-huang-wei-shi-zi-xun-1-1.m3u8,,,,,鳳凰資訊HD,Hong Kong,Hong Kong,https://epg.pw/media/images/channel/2023/07/23/large/20230723140505929891_55.png,News,,freetv-fun-all.txt
[VGA]鳳凰衛視資訊,https://t.freetv.fun/live/feng-huang-wei-shi-zi-xun-2.m3u8,,,,,鳳凰資訊HD,Hong Kong,Hong Kong,https://epg.pw/media/images/channel/2023/07/23/large/20230723140505929891_55.png,News,,freetv-fun-all.txt
[VGA]鳳凰衛視資訊,https://t.freetv.fun/live/feng-huang-wei-shi-zi-xun-3.m3u8,,,,,鳳凰資訊HD,Hong Kong,Hong Kong,https://epg.pw/media/images/channel/2023/07/23/large/20230723140505929891_55.png,News,,freetv-fun-all.txt
[VGA]凤凰资讯 高清,https://t.freetv.fun/live/feng-huang-zi-xun-gao-qing.php,,,,,鳳凰資訊HD,Hong Kong,Hong Kong,https://epg.pw/media/images/channel/2023/07/23/large/20230723140505929891_55.png,News,,freetv-fun-all.txt
[VGA]凤凰卫视资讯,https://t.freetv.fun/live/feng-huang-wei-shi-zi-xun-4.m3u8,,,,,鳳凰資訊HD,Hong Kong,Hong Kong,https://epg.pw/media/images/channel/2023/07/23/large/20230723140505929891_55.png,News,,freetv-fun-all.txt
[VGA]凤凰卫视资讯,https://t.freetv.fun/live/feng-huang-wei-shi-zi-xun-1-2.m3u8,,,,,鳳凰資訊HD,Hong Kong,Hong Kong,https://epg.pw/media/images/channel/2023/07/23/large/20230723140505929891_55.png,News,,freetv-fun-all.txt
[BD]鳳凰資訊,https://t.freetv.fun/live/feng-huang-zi-xun-2.m3u8,,,,,鳳凰資訊HD,Hong Kong,Hong Kong,https://epg.pw/media/images/channel/2023/07/23/large/20230723140505929891_55.png,News,,freetv-fun-all.txt
[VGA]-凤凰资讯,https://t.freetv.fun/live/feng-huang-zi-xun-3.m3u8,,,,,鳳凰資訊HD,Hong Kong,Hong Kong,https://epg.pw/media/images/channel/2023/07/23/large/20230723140505929891_55.png,News,,freetv-fun-all.txt
[VGA]凤凰卫视资讯,https://t.freetv.fun/live/feng-huang-wei-shi-zi-xun-2-1.m3u8,,,,,鳳凰資訊HD,Hong Kong,Hong Kong,https://epg.pw/media/images/channel/2023/07/23/large/20230723140505929891_55.png,News,,freetv-fun-all.txt
[VGA]凤凰资讯sd,https://t.freetv.fun/live/feng-huang-zi-xun-sd.php,,,,,鳳凰資訊HD,Hong Kong,Hong Kong,https://epg.pw/media/images/channel/2023/07/23/large/20230723140505929891_55.png,News,,freetv-fun-all.txt
[BD]凤凰资讯,https://t.freetv.fun/live/feng-huang-zi-xun-11.php,,,,,鳳凰資訊HD,Hong Kong,Hong Kong,https://epg.pw/media/images/channel/2023/07/23/large/20230723140505929891_55.png,News,,freetv-fun-all.txt
[VGA]鳳凰資訊,https://t.freetv.fun/live/feng-huang-zi-xun-1-2.ts,,,,,鳳凰資訊HD,Hong Kong,Hong Kong,https://epg.pw/media/images/channel/2023/07/23/large/20230723140505929891_55.png,News,,freetv-fun-all.txt
[VGA]凤凰电影,https://t.freetv.fun/live/feng-huang-dian-ying-1.m3u8,,,,,鳳凰電影,Hong Kong,Hong Kong,https://epg.pw/media/images/channel/2022/02/26/large/20220226170707446242_18.png,Movies,,freetv-fun-all.txt
[SD]凤凰电影,https://t.freetv.fun/live/feng-huang-dian-ying-1.ts,,,,,鳳凰電影,Hong Kong,Hong Kong,https://epg.pw/media/images/channel/2022/02/26/large/20220226170707446242_18.png,Movies,,freetv-fun-all.txt
[BD]凤凰卫视电影台,https://t.freetv.fun/live/feng-huang-wei-shi-dian-ying-tai-1.ts,,,,,鳳凰電影,Hong Kong,Hong Kong,https://epg.pw/media/images/channel/2022/02/26/large/20220226170707446242_18.png,Movies,,freetv-fun-all.txt
[VGA]凤凰电影,https://t.freetv.fun/live/feng-huang-dian-ying-2.m3u8,,,,,鳳凰電影,Hong Kong,Hong Kong,https://epg.pw/media/images/channel/2022/02/26/large/20220226170707446242_18.png,Movies,,freetv-fun-all.txt
[VGA]凤凰香港,https://t.freetv.fun/live/feng-huang-xiang-gang-6.m3u8,,,,,鳳凰香港,Hong Kong,Hong Kong,https://epg.pw/media/images/channel/2023/07/20/large/20230720101153992346_85.png,Generic,,freetv-fun-all.txt
[VGA]凤凰香港 hd,https://t.freetv.fun/live/feng-huang-xiang-gang-hd.flv,,,,,鳳凰香港,Hong Kong,Hong Kong,https://epg.pw/media/images/channel/2023/07/20/large/20230720101153992346_85.png,Generic,,freetv-fun-all.txt
[BD]鳳凰香港,https://t.freetv.fun/live/feng-huang-xiang-gang-5.m3u8,,,,,鳳凰香港,Hong Kong,Hong Kong,https://epg.pw/media/images/channel/2023/07/20/large/20230720101153992346_85.png,Generic,,freetv-fun-all.txt
[VGA]凤凰香港,https://t.freetv.fun/live/feng-huang-xiang-gang-6.php,,,,,鳳凰香港,Hong Kong,Hong Kong,https://epg.pw/media/images/channel/2023/07/20/large/20230720101153992346_85.png,Generic,,freetv-fun-all.txt
[HD]凤凰香港,https://t.freetv.fun/live/feng-huang-xiang-gang-8.php,,,,,鳳凰香港,Hong Kong,Hong Kong,https://epg.pw/media/images/channel/2023/07/20/large/20230720101153992346_85.png,Generic,,freetv-fun-all.txt
[VGA]凤凰香港,https://t.freetv.fun/live/feng-huang-xiang-gang-9.m3u8,,,,,鳳凰香港,Hong Kong,Hong Kong,https://epg.pw/media/images/channel/2023/07/20/large/20230720101153992346_85.png,Generic,,freetv-fun-all.txt
[VGA]凤凰香港,https://t.freetv.fun/live/feng-huang-xiang-gang-10.flv,,,,,鳳凰香港,Hong Kong,Hong Kong,https://epg.pw/media/images/channel/2023/07/20/large/20230720101153992346_85.png,Generic,,freetv-fun-all.txt
[VGA]凤凰香港,https://t.freetv.fun/live/feng-huang-xiang-gang-11.m3u8,,,,,鳳凰香港,Hong Kong,Hong Kong,https://epg.pw/media/images/channel/2023/07/20/large/20230720101153992346_85.png,Generic,,freetv-fun-all.txt
[VGA]凤凰香港,https://t.freetv.fun/live/feng-huang-xiang-gang-12.m3u8,,,,,鳳凰香港,Hong Kong,Hong Kong,https://epg.pw/media/images/channel/2023/07/20/large/20230720101153992346_85.png,Generic,,freetv-fun-all.txt
[VGA]鳳凰衛視香港,https://t.freetv.fun/live/feng-huang-wei-shi-xiang-gang-1.m3u8,,,,,鳳凰香港,Hong Kong,Hong Kong,https://epg.pw/media/images/channel/2023/07/20/large/20230720101153992346_85.png,Generic,,freetv-fun-all.txt
[VGA]凤凰香港 高清,https://t.freetv.fun/live/feng-huang-xiang-gang-gao-qing.php,,,,,鳳凰香港,Hong Kong,Hong Kong,https://epg.pw/media/images/channel/2023/07/20/large/20230720101153992346_85.png,Generic,,freetv-fun-all.txt
[VGA]鳳凰香港,https://t.freetv.fun/live/feng-huang-xiang-gang-1-1.m3u8,,,,,鳳凰香港,Hong Kong,Hong Kong,https://epg.pw/media/images/channel/2023/07/20/large/20230720101153992346_85.png,Generic,,freetv-fun-all.txt
[VGA]-凤凰香港,https://t.freetv.fun/live/feng-huang-xiang-gang-7.m3u8,,,,,鳳凰香港,Hong Kong,Hong Kong,https://epg.pw/media/images/channel/2023/07/20/large/20230720101153992346_85.png,Generic,,freetv-fun-all.txt
[VGA]凤凰香港sd,https://t.freetv.fun/live/feng-huang-xiang-gang-sd.php,,,,,鳳凰香港,Hong Kong,Hong Kong,https://epg.pw/media/images/channel/2023/07/20/large/20230720101153992346_85.png,Generic,,freetv-fun-all.txt
[VGA]凤凰香港,https://t.freetv.fun/live/feng-huang-xiang-gang-13.m3u8,,,,,鳳凰香港,Hong Kong,Hong Kong,https://epg.pw/media/images/channel/2023/07/20/large/20230720101153992346_85.png,Generic,,freetv-fun-all.txt
[VGA]凤凰香港 *sg,https://t.freetv.fun/live/feng-huang-xiang-gang-sg.m3u8,,,,,鳳凰香港,Hong Kong,Hong Kong,https://epg.pw/media/images/channel/2023/07/20/large/20230720101153992346_85.png,Generic,,freetv-fun-all.txt
[VGA]盐城城市公共,https://t.freetv.fun/live/yan-cheng-cheng-shi-gong-gong.m3u8,,,,,鹽城公共,China,China,https://epg.pw/media/images/channel/2022/05/31/large/20220531231457537225_32.jpg,Generic,,freetv-fun-all.txt
[BD]任城新闻综合,https://t.freetv.fun/live/ren-cheng-xin-wen-zong-he.php,,,,,鹽城新聞綜合,China,China,https://epg.pw/media/images/channel/2022/05/31/large/20220531231343728219_21.jpg,News,,freetv-fun-all.txt
[VGA]诸城新闻综合,https://t.freetv.fun/live/zhu-cheng-xin-wen-zong-he.php,,,,,鹽城新聞綜合,China,China,https://epg.pw/media/images/channel/2022/05/31/large/20220531231343728219_21.jpg,News,,freetv-fun-all.txt
[VGA]盐城新闻综合,https://t.freetv.fun/live/yan-cheng-xin-wen-zong-he.php,,,,,鹽城新聞綜合,China,China,https://epg.pw/media/images/channel/2022/05/31/large/20220531231343728219_21.jpg,News,,freetv-fun-all.txt
[VGA]盐城新闻综合,https://t.freetv.fun/live/yan-cheng-xin-wen-zong-he-1.php,,,,,鹽城新聞綜合,China,China,https://epg.pw/media/images/channel/2022/05/31/large/20220531231343728219_21.jpg,News,,freetv-fun-all.txt
[BD]盐城新闻综合,https://t.freetv.fun/live/yan-cheng-xin-wen-zong-he-2.m3u8,,,,,鹽城新聞綜合,China,China,https://epg.pw/media/images/channel/2022/05/31/large/20220531231343728219_21.jpg,News,,freetv-fun-all.txt
[BD]盐城新闻综合,https://t.freetv.fun/live/yan-cheng-xin-wen-zong-he-3.m3u8,,,,,鹽城新聞綜合,China,China,https://epg.pw/media/images/channel/2022/05/31/large/20220531231343728219_21.jpg,News,,freetv-fun-all.txt
[BD]盐城新闻综合,https://t.freetv.fun/live/yan-cheng-xin-wen-zong-he-4.m3u8,,,,,鹽城新聞綜合,China,China,https://epg.pw/media/images/channel/2022/05/31/large/20220531231343728219_21.jpg,News,,freetv-fun-all.txt
[VGA]盐城法制生活,https://t.freetv.fun/live/yan-cheng-fa-zhi-sheng-huo.m3u8,,,,,鹽城法制生活,China,China,https://epg.pw/media/images/channel/2022/05/31/large/20220531231711236799_28.jpg,Generic,,freetv-fun-all.txt
[VGA]丽水公共,https://t.freetv.fun/live/li-shui-gong-gong.m3u8,,,,,麗水公共,China,China,https://epg.pw/media/images/channel/2023/07/20/large/20230720203141977925_41.png,News,,freetv-fun-all.txt
[VGA]丽水公共,https://t.freetv.fun/live/li-shui-gong-gong-1.m3u8,,,,,麗水公共,China,China,https://epg.pw/media/images/channel/2023/07/20/large/20230720203141977925_41.png,News,,freetv-fun-all.txt
[VGA]溧水新闻综合,https://t.freetv.fun/live/li-shui-xin-wen-zong-he-1.php,,,,,麗水新聞綜合,China,China,https://epg.pw/media/images/channel/2023/07/20/large/20230720203027523547_70.png,News,,freetv-fun-all.txt
[BD]黑水新闻综合,https://t.freetv.fun/live/hei-shui-xin-wen-zong-he.m3u8,,,,,麗水新聞綜合,China,China,https://epg.pw/media/images/channel/2023/07/20/large/20230720203027523547_70.png,News,,freetv-fun-all.txt
[VGA]丽江新闻综合,https://t.freetv.fun/live/li-jiang-xin-wen-zong-he.m3u8,,,,,麗水新聞綜合,China,China,https://epg.pw/media/images/channel/2023/07/20/large/20230720203027523547_70.png,News,,freetv-fun-all.txt
[VGA]丽水新闻综合,https://t.freetv.fun/live/li-shui-xin-wen-zong-he-3.m3u8,,,,,麗水新聞綜合,China,China,https://epg.pw/media/images/channel/2023/07/20/large/20230720203027523547_70.png,News,,freetv-fun-all.txt
[BD]溧水新闻综合,https://t.freetv.fun/live/li-shui-xin-wen-zong-he-3-1.m3u8,,,,,麗水新聞綜合,China,China,https://epg.pw/media/images/channel/2023/07/20/large/20230720203027523547_70.png,News,,freetv-fun-all.txt
[BD]溧水新闻综合,https://t.freetv.fun/live/li-shui-xin-wen-zong-he-4.m3u8,,,,,麗水新聞綜合,China,China,https://epg.pw/media/images/channel/2023/07/20/large/20230720203027523547_70.png,News,,freetv-fun-all.txt
[BD]溧水新闻综合,https://t.freetv.fun/live/li-shui-xin-wen-zong-he-5.m3u8,,,,,麗水新聞綜合,China,China,https://epg.pw/media/images/channel/2023/07/20/large/20230720203027523547_70.png,News,,freetv-fun-all.txt
[BD]溧水新闻综合,https://t.freetv.fun/live/li-shui-xin-wen-zong-he-6.m3u8,,,,,麗水新聞綜合,China,China,https://epg.pw/media/images/channel/2023/07/20/large/20230720203027523547_70.png,News,,freetv-fun-all.txt
[VGA]丽水新闻,https://t.freetv.fun/live/li-shui-xin-wen.m3u8,,,,,麗水新聞綜合,China,China,https://epg.pw/media/images/channel/2023/07/20/large/20230720203027523547_70.png,News,,freetv-fun-all.txt
[VGA]-黄金华剧,https://t.freetv.fun/live/huang-jin-hua-ju.m3u8,,,,,黃金華劇,Hong Kong,Hong Kong,https://epg.pw/media/images/channel/2024/10/28/large/20241028094745073878_48.png,Movies,,freetv-fun-all.txt
[VGA]黄金华剧,https://t.freetv.fun/live/huang-jin-hua-ju-1.m3u8,,,,,黃金華劇,Hong Kong,Hong Kong,https://epg.pw/media/images/channel/2024/10/28/large/20241028094745073878_48.png,Movies,,freetv-fun-all.txt
[VGA]黄金华剧,https://t.freetv.fun/live/huang-jin-hua-ju-1-1.ts,,,,,黃金華劇,Hong Kong,Hong Kong,https://epg.pw/media/images/channel/2024/10/28/large/20241028094745073878_48.png,Movies,,freetv-fun-all.txt
[BD]黃金華劇,https://t.freetv.fun/live/huang-jin-hua-ju-2.m3u8,,,,,黃金華劇,Hong Kong,Hong Kong,https://epg.pw/media/images/channel/2024/10/28/large/20241028094745073878_48.png,Movies,,freetv-fun-all.txt
[VGA]黑龙江公共农业,https://t.freetv.fun/live/hei-long-jiang-gong-gong-nong-ye.m3u8,,,,,黑龍江公共,China,China,https://epg.pw/media/images/channel/2022/05/31/large/20220531154420804560_53.jpg,Generic,,freetv-fun-all.txt
[VGA]黑龙江公共农业,https://t.freetv.fun/live/hei-long-jiang-gong-gong-nong-ye-1.m3u8,,,,,黑龍江公共,China,China,https://epg.pw/media/images/channel/2022/05/31/large/20220531154420804560_53.jpg,Generic,,freetv-fun-all.txt
[VGA]黑龙江公共农业,https://t.freetv.fun/live/hei-long-jiang-gong-gong-nong-ye-2.m3u8,,,,,黑龍江公共,China,China,https://epg.pw/media/images/channel/2022/05/31/large/20220531154420804560_53.jpg,Generic,,freetv-fun-all.txt
[VGA]黑龙江少儿,https://t.freetv.fun/live/hei-long-jiang-shao-er-3.m3u8,,,,,黑龍江少兒,China,China,https://epg.pw/media/images/channel/2022/05/31/large/20220531154513515358_97.jpg,Kids,,freetv-fun-all.txt
[VGA]黑龙江少儿,https://t.freetv.fun/live/hei-long-jiang-shao-er-1-2.m3u8,,,,,黑龍江少兒,China,China,https://epg.pw/media/images/channel/2022/05/31/large/20220531154513515358_97.jpg,Kids,,freetv-fun-all.txt
[VGA]黑龙江少儿 8m1080,https://t.freetv.fun/live/hei-long-jiang-shao-er-8m1080-1.m3u8,,,,,黑龍江少兒,China,China,https://epg.pw/media/images/channel/2022/05/31/large/20220531154513515358_97.jpg,Kids,,freetv-fun-all.txt
[SD]黑龙江少儿,https://t.freetv.fun/live/hei-long-jiang-shao-er-2-1.m3u8,,,,,黑龍江少兒,China,China,https://epg.pw/media/images/channel/2022/05/31/large/20220531154513515358_97.jpg,Kids,,freetv-fun-all.txt
[VGA]黑龙江影,https://t.freetv.fun/live/hei-long-jiang-ying.m3u8,,,,,黑龍江影視,China,China,https://epg.pw/media/images/channel/2022/05/31/large/20220531154554180409_52.jpg,Movies,,freetv-fun-all.txt
[VGA]黑龙江影,https://t.freetv.fun/live/hei-long-jiang-ying-1.m3u8,,,,,黑龍江影視,China,China,https://epg.pw/media/images/channel/2022/05/31/large/20220531154554180409_52.jpg,Movies,,freetv-fun-all.txt
[VGA]黑龙江影,https://t.freetv.fun/live/hei-long-jiang-ying-2.m3u8,,,,,黑龍江影視,China,China,https://epg.pw/media/images/channel/2022/05/31/large/20220531154554180409_52.jpg,Movies,,freetv-fun-all.txt
[BD]黑龙江影视 8m1080,https://t.freetv.fun/live/hei-long-jiang-ying-shi-8m1080.m3u8,,,,,黑龍江影視,China,China,https://epg.pw/media/images/channel/2022/05/31/large/20220531154554180409_52.jpg,Movies,,freetv-fun-all.txt
[VGA]黑龙江视,https://t.freetv.fun/live/hei-long-jiang-shi-1.m3u8,,,,,黑龍江影視,China,China,https://epg.pw/media/images/channel/2022/05/31/large/20220531154554180409_52.jpg,Movies,,freetv-fun-all.txt
[VGA]黑龙江影视,https://t.freetv.fun/live/hei-long-jiang-ying-shi-1.m3u8,,,,,黑龍江影視,China,China,https://epg.pw/media/images/channel/2022/05/31/large/20220531154554180409_52.jpg,Movies,,freetv-fun-all.txt
[SD]黑龙江影视,https://t.freetv.fun/live/hei-long-jiang-ying-shi-1-1.m3u8,,,,,黑龍江影視,China,China,https://epg.pw/media/images/channel/2022/05/31/large/20220531154554180409_52.jpg,Movies,,freetv-fun-all.txt
[SD]黑龙江影视,https://t.freetv.fun/live/hei-long-jiang-ying-shi-2.m3u8,,,,,黑龍江影視,China,China,https://epg.pw/media/images/channel/2022/05/31/large/20220531154554180409_52.jpg,Movies,,freetv-fun-all.txt
[SD]黑龙江影视,https://t.freetv.fun/live/hei-long-jiang-ying-shi-3.m3u8,,,,,黑龍江影視,China,China,https://epg.pw/media/images/channel/2022/05/31/large/20220531154554180409_52.jpg,Movies,,freetv-fun-all.txt
[VGA]黑龙江文体,https://t.freetv.fun/live/hei-long-jiang-wen-ti-5.m3u8,,,,,黑龍江文體,China,China,https://epg.pw/media/images/channel/2022/05/31/large/20220531154641916439_80.jpg,Generic,,freetv-fun-all.txt
[VGA]黑龙江文体,https://t.freetv.fun/live/hei-long-jiang-wen-ti-1-1.m3u8,,,,,黑龍江文體,China,China,https://epg.pw/media/images/channel/2022/05/31/large/20220531154641916439_80.jpg,Generic,,freetv-fun-all.txt
[VGA]黑龙江文体,https://t.freetv.fun/live/hei-long-jiang-wen-ti-2.m3u8,,,,,黑龍江文體,China,China,https://epg.pw/media/images/channel/2022/05/31/large/20220531154641916439_80.jpg,Generic,,freetv-fun-all.txt
[VGA]黑龙江文体 8m1080,https://t.freetv.fun/live/hei-long-jiang-wen-ti-8m1080-1.m3u8,,,,,黑龍江文體,China,China,https://epg.pw/media/images/channel/2022/05/31/large/20220531154641916439_80.jpg,Generic,,freetv-fun-all.txt
[VGA]黑龙江新闻,https://t.freetv.fun/live/hei-long-jiang-xin-wen-1.m3u8,,,,,黑龍江新聞,China,China,https://epg.pw/media/img/logo/heilongjiangxinwen.jpg,News,,freetv-fun-all.txt
[VGA]黑龙江新闻法治,https://t.freetv.fun/live/hei-long-jiang-xin-wen-fa-zhi-5.m3u8,,,,,黑龍江新聞法治,China,China,https://epg.pw/media/images/channel/2022/05/31/large/20220531154851022965_78.jpg,News,,freetv-fun-all.txt
[VGA]黑龙江新闻法治,https://t.freetv.fun/live/hei-long-jiang-xin-wen-fa-zhi-1-1.m3u8,,,,,黑龍江新聞法治,China,China,https://epg.pw/media/images/channel/2022/05/31/large/20220531154851022965_78.jpg,News,,freetv-fun-all.txt
[VGA]黑龙江新闻法治,https://t.freetv.fun/live/hei-long-jiang-xin-wen-fa-zhi-2-1.m3u8,,,,,黑龍江新聞法治,China,China,https://epg.pw/media/images/channel/2022/05/31/large/20220531154851022965_78.jpg,News,,freetv-fun-all.txt
[VGA]黑龙江新闻法治 8m1080,https://t.freetv.fun/live/hei-long-jiang-xin-wen-fa-zhi-8m1080-1.m3u8,,,,,黑龍江新聞法治,China,China,https://epg.pw/media/images/channel/2022/05/31/large/20220531154851022965_78.jpg,News,,freetv-fun-all.txt
[VGA]黑龙江卫视,https://t.freetv.fun/live/hei-long-jiang-wei-shi-13.m3u8,,,,,黑龍江衛視,China,China,https://epg.pw/media/images/channel/2022/05/31/large/20220531154335673922_21.jpg,Generic,,freetv-fun-all.txt
[SD]黑龙江卫视,https://t.freetv.fun/live/hei-long-jiang-wei-shi-2-1.m3u8,,,,,黑龍江衛視,China,China,https://epg.pw/media/images/channel/2022/05/31/large/20220531154335673922_21.jpg,Generic,,freetv-fun-all.txt
[BD]黑龙江卫视,https://t.freetv.fun/live/hei-long-jiang-wei-shi-9.m3u8,,,,,黑龍江衛視,China,China,https://epg.pw/media/images/channel/2022/05/31/large/20220531154335673922_21.jpg,Generic,,freetv-fun-all.txt
[BD]黑龙江卫视,https://t.freetv.fun/live/hei-long-jiang-wei-shi-11.m3u8,,,,,黑龍江衛視,China,China,https://epg.pw/media/images/channel/2022/05/31/large/20220531154335673922_21.jpg,Generic,,freetv-fun-all.txt
[VGA]黑龙江卫视,https://t.freetv.fun/live/hei-long-jiang-wei-shi-1-3.m3u8,,,,,黑龍江衛視,China,China,https://epg.pw/media/images/channel/2022/05/31/large/20220531154335673922_21.jpg,Generic,,freetv-fun-all.txt
[VGA]黑龙江卫视[1920*1080],https://t.freetv.fun/live/hei-long-jiang-wei-shi-1920-1080.m3u8,,,,,黑龍江衛視,China,China,https://epg.pw/media/images/channel/2022/05/31/large/20220531154335673922_21.jpg,Generic,,freetv-fun-all.txt
[VGA]黑龙江卫视[1920*1080],https://t.freetv.fun/live/hei-long-jiang-wei-shi-1920-1080-1.m3u8,,,,,黑龍江衛視,China,China,https://epg.pw/media/images/channel/2022/05/31/large/20220531154335673922_21.jpg,Generic,,freetv-fun-all.txt
[VGA]黑龙江卫视[1920*1080],https://t.freetv.fun/live/hei-long-jiang-wei-shi-1920-1080-2.m3u8,,,,,黑龍江衛視,China,China,https://epg.pw/media/images/channel/2022/05/31/large/20220531154335673922_21.jpg,Generic,,freetv-fun-all.txt
[VGA]黑龙江卫视[1920*1080],https://t.freetv.fun/live/hei-long-jiang-wei-shi-1920-1080-3.m3u8,,,,,黑龍江衛視,China,China,https://epg.pw/media/images/channel/2022/05/31/large/20220531154335673922_21.jpg,Generic,,freetv-fun-all.txt
[VGA]黑龙江卫视,https://t.freetv.fun/live/hei-long-jiang-wei-shi-4-2.m3u8,,,,,黑龍江衛視,China,China,https://epg.pw/media/images/channel/2022/05/31/large/20220531154335673922_21.jpg,Generic,,freetv-fun-all.txt
[VGA]黑龙江卫视,https://t.freetv.fun/live/hei-long-jiang-wei-shi-5-2.php,,,,,黑龍江衛視,China,China,https://epg.pw/media/images/channel/2022/05/31/large/20220531154335673922_21.jpg,Generic,,freetv-fun-all.txt
[BD]黑龙江卫视,https://t.freetv.fun/live/hei-long-jiang-wei-shi-6-2.php,,,,,黑龍江衛視,China,China,https://epg.pw/media/images/channel/2022/05/31/large/20220531154335673922_21.jpg,Generic,,freetv-fun-all.txt
[BD]黑龙江卫视,https://t.freetv.fun/live/hei-long-jiang-wei-shi-3-2.m3u8,,,,,黑龍江衛視,China,China,https://epg.pw/media/images/channel/2022/05/31/large/20220531154335673922_21.jpg,Generic,,freetv-fun-all.txt
[BD]黑龙江卫视,https://t.freetv.fun/live/hei-long-jiang-wei-shi-6-2.m3u8,,,,,黑龍江衛視,China,China,https://epg.pw/media/images/channel/2022/05/31/large/20220531154335673922_21.jpg,Generic,,freetv-fun-all.txt
[BD]黑龙江卫视,https://t.freetv.fun/live/hei-long-jiang-wei-shi-7-1.m3u8,,,,,黑龍江衛視,China,China,https://epg.pw/media/images/channel/2022/05/31/large/20220531154335673922_21.jpg,Generic,,freetv-fun-all.txt
[BD]黑龙江卫视,https://t.freetv.fun/live/hei-long-jiang-wei-shi-13.php,,,,,黑龍江衛視,China,China,https://epg.pw/media/images/channel/2022/05/31/large/20220531154335673922_21.jpg,Generic,,freetv-fun-all.txt
[BD]黑龙江卫视,https://t.freetv.fun/live/hei-long-jiang-wei-shi-5-2.m3u8,,,,,黑龍江衛視,China,China,https://epg.pw/media/images/channel/2022/05/31/large/20220531154335673922_21.jpg,Generic,,freetv-fun-all.txt
[BD]黑龙江卫视,https://t.freetv.fun/live/hei-long-jiang-wei-shi-12-1.m3u8,,,,,黑龍江衛視,China,China,https://epg.pw/media/images/channel/2022/05/31/large/20220531154335673922_21.jpg,Generic,,freetv-fun-all.txt
[BD]黑龙江卫视,https://t.freetv.fun/live/hei-long-jiang-wei-shi-16.m3u8,,,,,黑龍江衛視,China,China,https://epg.pw/media/images/channel/2022/05/31/large/20220531154335673922_21.jpg,Generic,,freetv-fun-all.txt
[BD]黑龙江卫视,https://t.freetv.fun/live/hei-long-jiang-wei-shi-17.m3u8,,,,,黑龍江衛視,China,China,https://epg.pw/media/images/channel/2022/05/31/large/20220531154335673922_21.jpg,Generic,,freetv-fun-all.txt
[BD]黑龙江卫视,https://t.freetv.fun/live/hei-long-jiang-wei-shi-8-1.m3u8,,,,,黑龍江衛視,China,China,https://epg.pw/media/images/channel/2022/05/31/large/20220531154335673922_21.jpg,Generic,,freetv-fun-all.txt
[SD]黑龙江卫视,https://t.freetv.fun/live/hei-long-jiang-wei-shi-10-1.m3u8,,,,,黑龍江衛視,China,China,https://epg.pw/media/images/channel/2022/05/31/large/20220531154335673922_21.jpg,Generic,,freetv-fun-all.txt
[BD]黑龙江卫视,https://t.freetv.fun/live/hei-long-jiang-wei-shi-13-1.m3u8,,,,,黑龍江衛視,China,China,https://epg.pw/media/images/channel/2022/05/31/large/20220531154335673922_21.jpg,Generic,,freetv-fun-all.txt
[VGA]黑龙江卫视,https://t.freetv.fun/live/hei-long-jiang-wei-shi-15.php,,,,,黑龍江衛視,China,China,https://epg.pw/media/images/channel/2022/05/31/large/20220531154335673922_21.jpg,Generic,,freetv-fun-all.txt
[VGA]黑龙江卫,https://t.freetv.fun/live/hei-long-jiang-wei.m3u8,,,,,黑龍江衛視,China,China,https://epg.pw/media/images/channel/2022/05/31/large/20220531154335673922_21.jpg,Generic,,freetv-fun-all.txt
[VGA]黑龙江卫视,https://t.freetv.fun/live/hei-long-jiang-wei-shi-19.m3u8,,,,,黑龍江衛視,China,China,https://epg.pw/media/images/channel/2022/05/31/large/20220531154335673922_21.jpg,Generic,,freetv-fun-all.txt
[VGA]黑龙江卫视,https://t.freetv.fun/live/hei-long-jiang-wei-shi-21.m3u8,,,,,黑龍江衛視,China,China,https://epg.pw/media/images/channel/2022/05/31/large/20220531154335673922_21.jpg,Generic,,freetv-fun-all.txt
[VGA]黑龙江卫视,https://t.freetv.fun/live/hei-long-jiang-wei-shi-22.m3u8,,,,,黑龍江衛視,China,China,https://epg.pw/media/images/channel/2022/05/31/large/20220531154335673922_21.jpg,Generic,,freetv-fun-all.txt
[VGA]黑龙江卫视 高清,https://t.freetv.fun/live/hei-long-jiang-wei-shi-gao-qing-1.m3u8,,,,,黑龍江衛視,China,China,https://epg.pw/media/images/channel/2022/05/31/large/20220531154335673922_21.jpg,Generic,,freetv-fun-all.txt
[VGA]黑龙江卫视 8m1080,https://t.freetv.fun/live/hei-long-jiang-wei-shi-8m1080.m3u8,,,,,黑龍江衛視,China,China,https://epg.pw/media/images/channel/2022/05/31/large/20220531154335673922_21.jpg,Generic,,freetv-fun-all.txt
[VGA]黑龙江卫视 4m1080,https://t.freetv.fun/live/hei-long-jiang-wei-shi-4m1080.m3u8,,,,,黑龍江衛視,China,China,https://epg.pw/media/images/channel/2022/05/31/large/20220531154335673922_21.jpg,Generic,,freetv-fun-all.txt
[VGA]黑龙江卫视 4m1080,https://t.freetv.fun/live/hei-long-jiang-wei-shi-4m1080-1.m3u8,,,,,黑龍江衛視,China,China,https://epg.pw/media/images/channel/2022/05/31/large/20220531154335673922_21.jpg,Generic,,freetv-fun-all.txt
[VGA]黑龙江卫视 8m1080,https://t.freetv.fun/live/hei-long-jiang-wei-shi-8m1080-1.m3u8,,,,,黑龍江衛視,China,China,https://epg.pw/media/images/channel/2022/05/31/large/20220531154335673922_21.jpg,Generic,,freetv-fun-all.txt
[VGA]黑龙江卫视高清,https://t.freetv.fun/live/hei-long-jiang-wei-shi-gao-qing-1-2.smil,,,,,黑龍江衛視,China,China,https://epg.pw/media/images/channel/2022/05/31/large/20220531154335673922_21.jpg,Generic,,freetv-fun-all.txt
[VGA]黑龙江卫视高清,https://t.freetv.fun/live/hei-long-jiang-wei-shi-gao-qing-2.m3u8,,,,,黑龍江衛視,China,China,https://epg.pw/media/images/channel/2022/05/31/large/20220531154335673922_21.jpg,Generic,,freetv-fun-all.txt
[VGA]黑龙江卫视hd,https://t.freetv.fun/live/hei-long-jiang-wei-shi-hd.php,,,,,黑龍江衛視,China,China,https://epg.pw/media/images/channel/2022/05/31/large/20220531154335673922_21.jpg,Generic,,freetv-fun-all.txt
[BD]黑龙江卫视高清,https://t.freetv.fun/live/hei-long-jiang-wei-shi-gao-qing-2.smil,,,,,黑龍江衛視,China,China,https://epg.pw/media/images/channel/2022/05/31/large/20220531154335673922_21.jpg,Generic,,freetv-fun-all.txt
[VGA]黑龙江视,https://t.freetv.fun/live/hei-long-jiang-shi-1.php,,,,,黑龍江衛視,China,China,https://epg.pw/media/images/channel/2022/05/31/large/20220531154335673922_21.jpg,Generic,,freetv-fun-all.txt
[VGA]黑龙江卫视 高清,https://t.freetv.fun/live/hei-long-jiang-wei-shi-gao-qing-1-1.m3u8,,,,,黑龍江衛視,China,China,https://epg.pw/media/images/channel/2022/05/31/large/20220531154335673922_21.jpg,Generic,,freetv-fun-all.txt
[VGA]黑龙江卫视超高清,https://t.freetv.fun/live/hei-long-jiang-wei-shi-chao-gao-qing.m3u8,,,,,黑龍江衛視,China,China,https://epg.pw/media/images/channel/2022/05/31/large/20220531154335673922_21.jpg,Generic,,freetv-fun-all.txt
[VGA]黑龙江都市,https://t.freetv.fun/live/hei-long-jiang-du-shi-6.m3u8,,,,,黑龍江都市,China,China,https://epg.pw/media/images/channel/2022/06/01/large/20220601000243569800_11.jpg,Generic,,freetv-fun-all.txt
[VGA]黑龙江都市,https://t.freetv.fun/live/hei-long-jiang-du-shi-1-1.m3u8,,,,,黑龍江都市,China,China,https://epg.pw/media/images/channel/2022/06/01/large/20220601000243569800_11.jpg,Generic,,freetv-fun-all.txt
[VGA]黑龙江都市,https://t.freetv.fun/live/hei-long-jiang-du-shi-2.m3u8,,,,,黑龍江都市,China,China,https://epg.pw/media/images/channel/2022/06/01/large/20220601000243569800_11.jpg,Generic,,freetv-fun-all.txt
[VGA]黑龙江都市 8m1080,https://t.freetv.fun/live/hei-long-jiang-du-shi-8m1080-1.m3u8,,,,,黑龍江都市,China,China,https://epg.pw/media/images/channel/2022/06/01/large/20220601000243569800_11.jpg,Generic,,freetv-fun-all.txt
[VGA]黑龙江都市,https://t.freetv.fun/live/hei-long-jiang-du-shi-6.php,,,,,黑龍江都市,China,China,https://epg.pw/media/images/channel/2022/06/01/large/20220601000243569800_11.jpg,Generic,,freetv-fun-all.txt
[SD]黑龙江都市,https://t.freetv.fun/live/hei-long-jiang-du-shi-3-1.m3u8,,,,,黑龍江都市,China,China,https://epg.pw/media/images/channel/2022/06/01/large/20220601000243569800_11.jpg,Generic,,freetv-fun-all.txt
[SD]黑龙江都市,https://t.freetv.fun/live/hei-long-jiang-du-shi-4-1.m3u8,,,,,黑龍江都市,China,China,https://epg.pw/media/images/channel/2022/06/01/large/20220601000243569800_11.jpg,Generic,,freetv-fun-all.txt
[VGA]龍華卡通,https://t.freetv.fun/live/long-hua-qia-tong-3.m3u8,,,,,龍華卡通,Taiwan,Taiwan,https://epg.pw/media/images/channel/2024/08/14/large/20240814095345451215_38.png,Kids,,freetv-fun-all.txt
[VGA]龍華戲劇,https://t.freetv.fun/live/long-hua-xi-ju-2.m3u8,,,,,龍華戲劇,Taiwan,Taiwan,https://epg.pw/media/images/channel/2023/07/24/large/20230724170326264507_47.png,Movies,,freetv-fun-all.txt
[VGA]kr: 국악방송,https://t.freetv.fun/live/kr-gugagbangsong.m3u8,,,,,국악방송,Korea,Korea,https://epg.pw/media/images/channel/2022/03/18/large/20220318090635708446_68.png,News,,freetv-fun-all.txt
[BD]국악방송,https://t.freetv.fun/live/gugagbangsong.m3u8,,,,,국악방송,Korea,Korea,https://epg.pw/media/images/channel/2022/03/18/large/20220318090635708446_68.png,News,,freetv-fun-all.txt
1987年春晚,https://txmov2.a.kwimgs.com/bs3/video-hls/5195746663405928031_hlsb.m3u8,,,,,1987年春晚,,,,,,TianmuTNT.txt
1988年春晚,https://txmov2.a.kwimgs.com/bs3/video-hls/5216575810935394655_hlsb.m3u8,,,,,1988年春晚,,,,,,TianmuTNT.txt
1989年春晚,https://txmov2.a.kwimgs.com/bs3/video-hls/5194620763762726260_hlsb.m3u8,,,,,1989年春晚,,,,,,TianmuTNT.txt
1993年春晚,https://alimov2.a.kwimgs.com/upic/2023/01/13/22/BMjAyMzAxMTMyMjEwMDNfNDAzMDAxOTlfOTM1MTIzMzYwODJfMF8z_b_B647d10e431b4cc5e48e6c77347d69021.mp4,,,,,1993年春晚,,,,,,TianmuTNT.txt
1994年春晚,https://alimov2.a.kwimgs.com/upic/2023/01/13/22/BMjAyMzAxMTMyMjEwMDNfNDAzMDAxOTlfOTM1MTIzMzYxMjNfMF8z_b_B3dde97f36273f04403d4dc5eec611a35.mp4,,,,,1994年春晚,,,,,,TianmuTNT.txt
1995年春晚,https://alimov2.a.kwimgs.com/upic/2023/01/13/20/BMjAyMzAxMTMyMDA5MjJfNDAzMDAxOTlfOTM0OTkwNDQwNzVfMF8z_b_B811c0dec6b9a3d3074a18522c185010a.mp4,,,,,1995年春晚,,,,,,TianmuTNT.txt
1996年春晚,https://alimov2.a.kwimgs.com/upic/2023/01/13/22/BMjAyMzAxMTMyMjEwMDNfNDAzMDAxOTlfOTM1MTIzMzYxNTJfMF8z_b_Bd841eae10ab1c9955ef55fbedfae6c45.mp4,,,,,1996年春晚,,,,,,TianmuTNT.txt
2000年春晚,https://alimov2.a.kwimgs.com/upic/2023/01/13/21/BMjAyMzAxMTMyMTE4MzRfNDAzMDAxOTlfOTM1MDY4ODIxMTNfMF8z_b_Bdddf4e7ef0ff6cfd477857bb40e78419.mp4,,,,,2000年春晚,,,,,,TianmuTNT.txt
2001年春晚,https://alimov2.a.kwimgs.com/upic/2023/01/13/20/BMjAyMzAxMTMyMDA5MjJfNDAzMDAxOTlfOTM0OTkwNDQyMDFfMF8z_b_B70592cb7c4054e9cabb675e849bbf4bd.mp4,,,,,2001年春晚,,,,,,TianmuTNT.txt
2002年春晚,https://alimov2.a.kwimgs.com/upic/2023/01/13/21/BMjAyMzAxMTMyMTE4MzRfNDAzMDAxOTlfOTM1MDY4ODIxNDdfMF8z_b_Ba6271d10b7e6cfae83759033a091f257.mp4,,,,,2002年春晚,,,,,,TianmuTNT.txt
2003年春晚,https://alimov2.a.kwimgs.com/upic/2023/01/14/23/BMjAyMzAxMTQyMzQxNDdfNDAzMDAxOTlfOTM2MTU0MTk1NDFfMF8z_b_B182749d2cd2ea9323639254af385f24b.mp4,,,,,2003年春晚,,,,,,TianmuTNT.txt
2004年春晚,https://alimov2.a.kwimgs.com/upic/2023/01/13/21/BMjAyMzAxMTMyMTE4MzRfNDAzMDAxOTlfOTM1MDY4ODIxOTVfMF8z_b_B86c4430b82ff5a7f4e8132f6ee558536.mp4,,,,,2004年春晚,,,,,,TianmuTNT.txt
2005年春晚,https://alimov2.a.kwimgs.com/upic/2023/01/13/20/BMjAyMzAxMTMyMDA5MjJfNDAzMDAxOTlfOTM0OTkwNDQyMzhfMF8z_b_B35ad7cc86aec8fc9e5ddfb31fc7bed63.mp4,,,,,2005年春晚,,,,,,TianmuTNT.txt
2006年春晚,https://alimov2.a.kwimgs.com/upic/2023/01/13/20/BMjAyMzAxMTMyMDA5MjJfNDAzMDAxOTlfOTM0OTkwNDQyNzlfMF8z_b_Bbc3703fc331dc994c50859c19aad28ff.mp4,,,,,2006年春晚,,,,,,TianmuTNT.txt
2007年春晚,https://alimov2.a.kwimgs.com/upic/2023/01/13/20/BMjAyMzAxMTMyMDA5MjJfNDAzMDAxOTlfOTM0OTkwNDQzMjNfMF8z_b_B00b069c7899976459ceeaa99353dfefe.mp4,,,,,2007年春晚,,,,,,TianmuTNT.txt
2009年春晚,https://alimov2.a.kwimgs.com/upic/2023/01/13/20/BMjAyMzAxMTMyMDA5MjJfNDAzMDAxOTlfOTM0OTkwNDQzOTBfMF8z_b_B29a36a85e0277f6c2a1f033ef7c10708.mp4,,,,,2009年春晚,,,,,,TianmuTNT.txt
2010年春晚,https://alimov2.a.kwimgs.com/upic/2023/01/13/20/BMjAyMzAxMTMyMDA5MjJfNDAzMDAxOTlfOTM0OTkwNDQ0MjlfMF8z_b_B8818807a00eed329a69fb494f405bd43.mp4,,,,,2010年春晚,,,,,,TianmuTNT.txt
2013年春晚,https://alimov2.a.kwimgs.com/upic/2023/01/13/20/BMjAyMzAxMTMyMDA5MjJfNDAzMDAxOTlfOTM0OTkwNDQ1NjNfMF8z_b_B4fea55408dca4471a68a963ae096be59.mp4,,,,,2013年春晚,,,,,,TianmuTNT.txt
2014年春晚,https://alimov2.a.kwimgs.com/upic/2023/01/06/16/BMjAyMzAxMDYxNjMxMTNfNDAzMDAxOTlfOTI4OTY2ODAzNjlfMF8z_b_Bdee65c77f9e7b2120a185c919dad81d2.mp4,,,,,2014年春晚,,,,,,TianmuTNT.txt
2018年春晚,https://alimov2.a.kwimgs.com/upic/2023/01/06/16/BMjAyMzAxMDYxNjMxMTRfNDAzMDAxOTlfOTI4OTY2ODE2MTBfMF8z_b_B11a778e34390a21de42d407e94f45b91.mp4,,,,,2018年春晚,,,,,,TianmuTNT.txt
2024年春晚,https://p2.bdstatic.com/rtmp.liveshow.lss-user.baidubce.com/live/stream_bduid_6488563992_8982723413/merged_1707497046297_88536_25144_41936.m3u8,,,,,2024年春晚,,,,,,TianmuTNT.txt
2025年春晚,https://svip.high24-playback.com/20250129/17159_7bca93c4/2000k/hls/mixed.m3u8,,,,,2025年春晚,,,,,,TianmuTNT.txt
2026-05-21 12:38:02,https://vd2.bdstatic.com/mda-sctj0f6r4u1bpebc/1080p/cae_h264/1774706523506678171/mda-sctj0f6r4u1bpebc.mp4,,,,,2026-05-21 12:38:02,,,,,,TianmuTNT.txt
AMC音乐,https://AMChls.wns.live/hls/stream.m3u8,,,,,AMC音乐,,,,,,TianmuTNT.txt
CCTV-8K 超高清,https://tv.cry33.com/ys4k.php?id=8k,,,,,CCTV-8K 超高清,,,,,,TianmuTNT.txt
CCTV1,http://182.150.23.74:808/hls/1/index.m3u8,,,,,CCTV1,,,,,,TianmuTNT.txt
CCTV1,http://112.46.85.60:8009/hls/501/index.m3u8,,,,,CCTV1,,,,,,TianmuTNT.txt
CCTV1,http://112.27.235.94:8000/hls/1/index.m3u8,,,,,CCTV1,,,,,,TianmuTNT.txt
CCTV1,http://222.169.85.8:9901/tsfile/live/0001_1.m3u8,,,,,CCTV1,,,,,,TianmuTNT.txt
CCTV1,http://124.116.183.146:9901/tsfile/live/0001_1.m3u8,,,,,CCTV1,,,,,,TianmuTNT.txt
CCTV10,http://182.150.23.74:808/hls/10/index.m3u8,,,,,CCTV10,,,,,,TianmuTNT.txt
CCTV10,http://222.169.85.8:9901/tsfile/live/0010_1.m3u8,,,,,CCTV10,,,,,,TianmuTNT.txt
CCTV10,http://124.116.183.146:9901/tsfile/live/0010_1.m3u8,,,,,CCTV10,,,,,,TianmuTNT.txt
CCTV10,http://112.27.235.94:8000/hls/11/index.m3u8,,,,,CCTV10,,,,,,TianmuTNT.txt
CCTV10,http://61.136.172.236:9901/tsfile/live/0010_1.m3u8,,,,,CCTV10,,,,,,TianmuTNT.txt
CCTV11,http://182.150.23.74:808/hls/11/index.m3u8,,,,,CCTV11,,,,,,TianmuTNT.txt
CCTV11,http://222.169.85.8:9901/tsfile/live/0011_1.m3u8,,,,,CCTV11,,,,,,TianmuTNT.txt
CCTV11,http://112.27.235.94:8000/hls/12/index.m3u8,,,,,CCTV11,,,,,,TianmuTNT.txt
CCTV11,http://111.61.236.247:9081/hls/11/index.m3u8,,,,,CCTV11,,,,,,TianmuTNT.txt
CCTV11,http://123.130.84.106:8154/tsfile/live/0011_1.m3u8,,,,,CCTV11,,,,,,TianmuTNT.txt
CCTV12,http://222.169.85.8:9901/tsfile/live/0012_1.m3u8,,,,,CCTV12,,,,,,TianmuTNT.txt
CCTV12,http://182.150.23.74:808/hls/12/index.m3u8,,,,,CCTV12,,,,,,TianmuTNT.txt
CCTV12,http://112.27.235.94:8000/hls/13/index.m3u8,,,,,CCTV12,,,,,,TianmuTNT.txt
CCTV12,http://112.46.85.60:8009/hls/507/index.m3u8,,,,,CCTV12,,,,,,TianmuTNT.txt
CCTV13,http://ali-m-l.cztv.com/channels/lantian/channel21/1080p.m3u8,,,,,CCTV13,,,,,,TianmuTNT.txt
CCTV13,http://222.169.85.8:9901/tsfile/live/0013_1.m3u8,,,,,CCTV13,,,,,,TianmuTNT.txt
CCTV13,http://112.27.235.94:8000/hls/14/index.m3u8,,,,,CCTV13,,,,,,TianmuTNT.txt
CCTV13,http://61.136.172.236:9901/tsfile/live/0013_1.m3u8,,,,,CCTV13,,,,,,TianmuTNT.txt
CCTV13,http://101.66.198.83:9901/tsfile/live/0013_1.m3u8?key=txiptv&playlive=0&authid=0,,,,,CCTV13,,,,,,TianmuTNT.txt
CCTV14,http://222.169.85.8:9901/tsfile/live/0014_1.m3u8,,,,,CCTV14,,,,,,TianmuTNT.txt
CCTV14,http://124.116.183.146:9901/tsfile/live/0014_1.m3u8,,,,,CCTV14,,,,,,TianmuTNT.txt
CCTV14,http://182.150.23.74:808/hls/14/index.m3u8,,,,,CCTV14,,,,,,TianmuTNT.txt
CCTV14,http://61.136.172.236:9901/tsfile/live/0014_1.m3u8,,,,,CCTV14,,,,,,TianmuTNT.txt
CCTV14,http://123.130.84.106:8154/tsfile/live/0014_1.m3u8,,,,,CCTV14,,,,,,TianmuTNT.txt
CCTV15,http://112.27.235.94:8000/hls/16/index.m3u8,,,,,CCTV15,,,,,,TianmuTNT.txt
CCTV15,http://123.130.84.106:8154/tsfile/live/0015_1.m3u8,,,,,CCTV15,,,,,,TianmuTNT.txt
CCTV15,http://222.169.85.8:9901/tsfile/live/0015_1.m3u8,,,,,CCTV15,,,,,,TianmuTNT.txt
CCTV15,http://101.66.198.83:9901/tsfile/live/0015_1.m3u8?key=txiptv&playlive=0&authid=0,,,,,CCTV15,,,,,,TianmuTNT.txt
CCTV15,http://123.129.70.178:9901/tsfile/live/0015_1.m3u8?key=txiptv&playlive=1&authid=0,,,,,CCTV15,,,,,,TianmuTNT.txt
CCTV16,http://gmxw.7766.org:808/hls/169/index.m3u8,,,,,CCTV16,,,,,,TianmuTNT.txt
CCTV16,http://183.11.239.36:808/hls/169/index.m3u8,,,,,CCTV16,,,,,,TianmuTNT.txt
CCTV17,http://222.169.85.8:9901/tsfile/live/0007_1.m3u8,,,,,CCTV17,,,,,,TianmuTNT.txt
CCTV17,http://123.130.84.106:8154/tsfile/live/0019_1.m3u8,,,,,CCTV17,,,,,,TianmuTNT.txt
CCTV17,http://123.130.84.106:8154/tsfile/live/0019_1.m3u8?key=txiptv&playlive=1&authid=0,,,,,CCTV17,,,,,,TianmuTNT.txt
CCTV17,http://183.11.239.36:808/hls/35/index.m3u8,,,,,CCTV17,,,,,,TianmuTNT.txt
CCTV2,http://182.150.23.74:808/hls/2/index.m3u8,,,,,CCTV2,,,,,,TianmuTNT.txt
CCTV2,http://218.13.170.98:9901/tsfile/live/0002_1.m3u8,,,,,CCTV2,,,,,,TianmuTNT.txt
CCTV2,http://112.46.85.60:8009/hls/502/index.m3u8,,,,,CCTV2,,,,,,TianmuTNT.txt
CCTV2,http://112.27.235.94:8000/hls/2/index.m3u8,,,,,CCTV2,,,,,,TianmuTNT.txt
CCTV2,http://222.169.85.8:9901/tsfile/live/0002_1.m3u8,,,,,CCTV2,,,,,,TianmuTNT.txt
CCTV3,http://182.150.23.74:808/hls/3/index.m3u8,,,,,CCTV3,,,,,,TianmuTNT.txt
CCTV3,http://124.116.183.146:9901/tsfile/live/0003_1.m3u8,,,,,CCTV3,,,,,,TianmuTNT.txt
CCTV3,http://112.27.235.94:8000/hls/3/index.m3u8,,,,,CCTV3,,,,,,TianmuTNT.txt
CCTV3,http://222.169.85.8:9901/tsfile/live/0003_1.m3u8,,,,,CCTV3,,,,,,TianmuTNT.txt
CCTV3,http://112.46.85.60:8009/hls/3/index.m3u8,,,,,CCTV3,,,,,,TianmuTNT.txt
CCTV4,http://182.150.23.74:808/hls/4/index.m3u8,,,,,CCTV4,,,,,,TianmuTNT.txt
CCTV4,http://112.46.85.60:8009/hls/4/index.m3u8,,,,,CCTV4,,,,,,TianmuTNT.txt
CCTV4,http://112.27.235.94:8000/hls/4/index.m3u8,,,,,CCTV4,,,,,,TianmuTNT.txt
CCTV4,http://124.116.183.146:9901/tsfile/live/0004_1.m3u8,,,,,CCTV4,,,,,,TianmuTNT.txt
CCTV5,http://112.46.85.60:8009/hls/503/index.m3u8,,,,,CCTV5,,,,,,TianmuTNT.txt
CCTV5,http://124.116.183.146:9901/tsfile/live/0005_1.m3u8,,,,,CCTV5,,,,,,TianmuTNT.txt
CCTV5,http://222.169.85.8:9901/tsfile/live/0005_1.m3u8,,,,,CCTV5,,,,,,TianmuTNT.txt
CCTV5,http://112.27.235.94:8000/hls/5/index.m3u8,,,,,CCTV5,,,,,,TianmuTNT.txt
CCTV5,http://123.130.84.106:8154/tsfile/live/0005_1.m3u8,,,,,CCTV5,,,,,,TianmuTNT.txt
CCTV5+,http://182.150.23.74:808/hls/16/index.m3u8,,,,,CCTV5+,,,,,,TianmuTNT.txt
CCTV5+,http://cssbyd.imwork.net:8082/hls/6/index.m3u8,,,,,CCTV5+,,,,,,TianmuTNT.txt
CCTV5+,http://222.169.85.8:9901/tsfile/live/0116_1.m3u8,,,,,CCTV5+,,,,,,TianmuTNT.txt
CCTV5+,http://112.27.235.94:8000/hls/6/index.m3u8,,,,,CCTV5+,,,,,,TianmuTNT.txt
CCTV5+,http://123.130.84.106:8154/tsfile/live/0016_1.m3u8,,,,,CCTV5+,,,,,,TianmuTNT.txt
CCTV6,http://222.169.85.8:9901/tsfile/live/0006_1.m3u8,,,,,CCTV6,,,,,,TianmuTNT.txt
CCTV6,http://182.150.23.74:808/hls/6/index.m3u8,,,,,CCTV6,,,,,,TianmuTNT.txt
CCTV6,http://112.27.235.94:8000/hls/7/index.m3u8,,,,,CCTV6,,,,,,TianmuTNT.txt
CCTV6,http://183.11.239.36:808/hls/94/index.m3u8,,,,,CCTV6,,,,,,TianmuTNT.txt
CCTV6,http://124.116.183.146:9901/tsfile/live/0006_1.m3u8,,,,,CCTV6,,,,,,TianmuTNT.txt
CCTV7,http://124.116.183.146:9901/tsfile/live/0007_1.m3u8,,,,,CCTV7,,,,,,TianmuTNT.txt
CCTV7,http://112.46.85.60:8009/hls/504/index.m3u8,,,,,CCTV7,,,,,,TianmuTNT.txt
CCTV7,http://182.150.23.74:808/hls/7/index.m3u8,,,,,CCTV7,,,,,,TianmuTNT.txt
CCTV7,http://123.130.84.106:8154/tsfile/live/0007_1.m3u8,,,,,CCTV7,,,,,,TianmuTNT.txt
CCTV7,http://112.27.235.94:8000/hls/8/index.m3u8,,,,,CCTV7,,,,,,TianmuTNT.txt
CCTV8,http://124.116.183.146:9901/tsfile/live/0008_1.m3u8,,,,,CCTV8,,,,,,TianmuTNT.txt
CCTV8,http://182.150.23.74:808/hls/8/index.m3u8,,,,,CCTV8,,,,,,TianmuTNT.txt
CCTV8,http://112.46.85.60:8009/hls/8/index.m3u8,,,,,CCTV8,,,,,,TianmuTNT.txt
CCTV8,http://222.169.85.8:9901/tsfile/live/0008_1.m3u8,,,,,CCTV8,,,,,,TianmuTNT.txt
CCTV8,http://112.27.235.94:8000/hls/9/index.m3u8,,,,,CCTV8,,,,,,TianmuTNT.txt
CCTV9,http://124.116.183.146:9901/tsfile/live/0009_1.m3u8,,,,,CCTV9,,,,,,TianmuTNT.txt
CCTV9,http://222.169.85.8:9901/tsfile/live/0009_1.m3u8,,,,,CCTV9,,,,,,TianmuTNT.txt
CCTV9,http://112.46.85.60:8009/hls/509/index.m3u8,,,,,CCTV9,,,,,,TianmuTNT.txt
CCTV9,http://182.150.23.74:808/hls/9/index.m3u8,,,,,CCTV9,,,,,,TianmuTNT.txt
CGTN,https://0472.org/hls/cgtn.m3u8,,,,,CGTN,,,,,,TianmuTNT.txt
CGTN,http://english-livetx.cgtn.com/hls/yypdyyctzb_hd.m3u8,,,,,CGTN,,,,,,TianmuTNT.txt
CGTN俄语,https://0472.org/hls/cgtne.m3u8,,,,,CGTN俄语,,,,,,TianmuTNT.txt
CGTN俄语,http://russian-livews.cgtn.com/hls/LSvexABhNipibK5KRuUkvHZ7220802LSTeze9o8tdFXMHsb1VosgoT220802cd.m3u8,,,,,CGTN俄语,,,,,,TianmuTNT.txt
CGTN法语,https://0472.org/hls/cgtnf.m3u8,,,,,CGTN法语,,,,,,TianmuTNT.txt
CGTN法语,http://espanol-liveali.cgtn.com/hls/LSveOGBaBw41Ea7ukkVAUdKQ220802LSTexu6xAuFH8VZNBLE1ZNEa220802cd.m3u8,,,,,CGTN法语,,,,,,TianmuTNT.txt
CGTN纪录,https://english-livetx.cgtn.com/hls/yypdjlctzb_hd.m3u8,,,,,CGTN纪录,,,,,,TianmuTNT.txt
CGTN纪录,https://0472.org/hls/cgtnd.m3u8,,,,,CGTN纪录,,,,,,TianmuTNT.txt
CGTN西语,https://0472.org/hls/cgtnx.m3u8,,,,,CGTN西语,,,,,,TianmuTNT.txt
CGTN阿语,https://0472.org/hls/cgtna.m3u8,,,,,CGTN阿语,,,,,,TianmuTNT.txt
CHC家庭影院,http://61.162.52.6:8088/newlive/live/hls/60/live.m3u8,,,,,CHC家庭影院,,,,,,TianmuTNT.txt
CHC电影,http://183.237.95.108:9901/tsfile/live/1008_1.m3u8?key=txiptv&playlive=0&authid=0,,,,,CHC电影,,,,,,TianmuTNT.txt
万荣综合,http://60.222.246.220:19433/hls1.m3u8,,,,,万荣综合,,,,,,TianmuTNT.txt
上海卫视,http://112.27.235.94:8000/hls/28/index.m3u8,,,,,上海卫视,,,,,,TianmuTNT.txt
上虞文化影院,http://l.cztvcloud.com/channels/lantian/SXshangyu2/720p.m3u8?zzhed,,,,,上虞文化影院,,,,,,TianmuTNT.txt
上虞文化影院,http://l.cztvcloud.com/channels/lantian/SXshangyu2/720p.m3u8,,,,,上虞文化影院,,,,,,TianmuTNT.txt
上虞新商都,http://l.cztvcloud.com/channels/lantian/SXshangyu3/720p.m3u8?zzhed,,,,,上虞新商都,,,,,,TianmuTNT.txt
上虞新商都,http://l.cztvcloud.com/channels/lantian/SXshangyu3/720p.m3u8,,,,,上虞新商都,,,,,,TianmuTNT.txt
东丰,http://stream5.jlntv.cn/df/sd/live.m3u8?zjild,,,,,东丰,,,,,,TianmuTNT.txt
东丰综合,http://stream3.jlntv.cn:80/aac_dfgb/playlist.m3u8,,,,,东丰综合,,,,,,TianmuTNT.txt
东南卫视,http://112.27.235.94:8000/hls/38/index.m3u8,,,,,东南卫视,,,,,,TianmuTNT.txt
东南卫视,http://123.129.70.178:9901/tsfile/live/0137_1.m3u8,,,,,东南卫视,,,,,,TianmuTNT.txt
东南卫视,http://123.130.84.106:8154/tsfile/live/0137_1.m3u8,,,,,东南卫视,,,,,,TianmuTNT.txt
东南卫视,http://36.32.174.67:60080/newlive/live/hls/33/live.m3u8,,,,,东南卫视,,,,,,TianmuTNT.txt
东方卫视,http://bp-resource-dfl.bestv.cn/148/3/video.m3u8,,,,,东方卫视,,,,,,TianmuTNT.txt
东方卫视,http://bp-resource-dfl.bestv.cn/155/3/video.m3u8,,,,,东方卫视,,,,,,TianmuTNT.txt
东方卫视,http://124.116.183.146:9901/tsfile/live/0107_1.m3u8,,,,,东方卫视,,,,,,TianmuTNT.txt
东方卫视,http://222.169.85.8:9901/tsfile/live/0018_1.m3u8,,,,,东方卫视,,,,,,TianmuTNT.txt
东方卫视,http://112.46.85.60:8009/hls/31/index.m3u8,,,,,东方卫视,,,,,,TianmuTNT.txt
东方卫视4K,https://bp-resource-dfl.bestv.cn/148/3/video.m3u8,,,,,东方卫视4K,,,,,,TianmuTNT.txt
东莞新闻综合,https://stream.sun0769.com/dgrtv1/mp4tv1_800/index.m3u8,,,,,东莞新闻综合,,,,,,TianmuTNT.txt
东莞生活资讯,https://stream.sun0769.com/dgrtv1/mp4tv2_800/index.m3u8,,,,,东莞生活资讯,,,,,,TianmuTNT.txt
中国村庄,http://newcntv.qcloudcdn.com/asp/hls/4000/0303000a/3/default/93fc12dbf14241c18c23da104fbade23/4000.m3u8,,,,,中国村庄,,,,,,TianmuTNT.txt
中国蓝新闻,http://ali-m-l.cztv.com/channels/lantian/channel009/1080p.m3u8,,,,,中国蓝新闻,,,,,,TianmuTNT.txt
中央电视塔东,https://gcalic.v.myalicdn.com/gc/ztd_1/index.m3u8,,,,,中央电视塔东,,,,,,TianmuTNT.txt
中央电视塔南,https://gcalic.v.myalicdn.com/gc/ztn_1/index.m3u8,,,,,中央电视塔南,,,,,,TianmuTNT.txt
丽江古城万古楼遥望玉龙雪山,https://gcalic.v.myalicdn.com/gc/ljgcwglytylxs_1/index.m3u8,,,,,丽江古城万古楼遥望玉龙雪山,,,,,,TianmuTNT.txt
丽江古城大水车,https://gcalic.v.myalicdn.com/gc/ljgcdsc_1/index.m3u8,,,,,丽江古城大水车,,,,,,TianmuTNT.txt
丽江古城大研花巷观景,https://gcalic.v.myalicdn.com/gc/ljgcdyhxgjt_1/index.m3u8,,,,,丽江古城大研花巷观景,,,,,,TianmuTNT.txt
义乌新闻综合,https://44911.hlsplay.aodianyun.com/tv_radio_44911/tv_channel_1796.m3u8?auth_key=4830573978-0-0-92824c2c03f95906a3c49a4aa28f1709&extra_key=Yc1XsmxOKy2UBoPM4Wy5vCPsEYqnj06taCR2SRB2Xrg2w28NPilH03KdIbbM5wgSql-VBohSnoO9AOKl94q2t2DWMftz-XB-2qUX-UjXcS80StcSZahBFjrKLivXaRjiY5r2NOMKWMKFbv-S0Bz2G6iEXgCK8yGjtrFHDcPfAQEE0pvXq0Bwy34b7We8zARN&ali_ffmpeg_version=mpengine,,,,,义乌新闻综合,,,,,,TianmuTNT.txt
乌镇全景,https://gcalic.v.myalicdn.com/gc/zjwzblt_1/index.m3u8,,,,,乌镇全景,,,,,,TianmuTNT.txt
乌镇蓝印花布,https://gcalic.v.myalicdn.com/gc/zjwzlyhb_1/index.m3u8,,,,,乌镇蓝印花布,,,,,,TianmuTNT.txt
乌镇西市河,https://gcalic.v.myalicdn.com/gc/zjwzbblh_1/index.m3u8,,,,,乌镇西市河,,,,,,TianmuTNT.txt
乌镇龙形田,https://gcalic.v.myalicdn.com/gc/zjwzlxt_1/index.m3u8,,,,,乌镇龙形田,,,,,,TianmuTNT.txt
乐山大佛全景,https://gcalic.v.myalicdn.com/gc/lsdfgfl_1/index.m3u8,,,,,乐山大佛全景,,,,,,TianmuTNT.txt
九台,http://stream10.jlntv.cn/jiutaitv/sd/live.m3u8?zjild,,,,,九台,,,,,,TianmuTNT.txt
九台综合,http://stream10.jlntv.cn/jiutaitv/sd/live.m3u8,,,,,九台综合,,,,,,TianmuTNT.txt
云南丽江冰川,https://gcalic.v.myalicdn.com/gc/hkylxs05_1/index.m3u8,,,,,云南丽江冰川,,,,,,TianmuTNT.txt
云南丽江印象实景,https://gcalic.v.myalicdn.com/gc/hkylxs01_1/index.m3u8,,,,,云南丽江印象实景,,,,,,TianmuTNT.txt
云南丽江玉龙雪山,https://gcalic.v.myalicdn.com/gc/ylxs11_1/index.m3u8,,,,,云南丽江玉龙雪山,,,,,,TianmuTNT.txt
云南丽江玉龙雪山草甸,https://gcalic.v.myalicdn.com/gc/hkylxs06_1/index.m3u8,,,,,云南丽江玉龙雪山草甸,,,,,,TianmuTNT.txt
云南丽江蓝月谷,https://gcalic.v.myalicdn.com/gc/ylxs12_1/index.m3u8,,,,,云南丽江蓝月谷,,,,,,TianmuTNT.txt
云南卫视,http://182.150.23.74:808/hls/29/index.m3u8,,,,,云南卫视,,,,,,TianmuTNT.txt
云南卫视,http://36.32.174.67:60080/newlive/live/hls/45/live.m3u8,,,,,云南卫视,,,,,,TianmuTNT.txt
云南卫视,http://112.27.235.94:8000/hls/40/index.m3u8,,,,,云南卫视,,,,,,TianmuTNT.txt
云南卫视,http://59.39.89.130:60901/tsfile/live/0125_18.m3u8?key=txiptv&playlive=1&authid=0,,,,,云南卫视,,,,,,TianmuTNT.txt
云南卫视,http://111.61.236.247:9081/hls/32/index.m3u8,,,,,云南卫视,,,,,,TianmuTNT.txt
云南大理崇圣寺三塔中景,https://gcalic.v.myalicdn.com/gc/dlst03_1/index.m3u8,,,,,云南大理崇圣寺三塔中景,,,,,,TianmuTNT.txt
云南大理崇圣寺三塔远景,https://gcalic.v.myalicdn.com/gc/dlst01_1/index.m3u8,,,,,云南大理崇圣寺三塔远景,,,,,,TianmuTNT.txt
云南白沙远眺玉龙雪山,https://gcalic.v.myalicdn.com/gc/hkylxs03_1/index.m3u8,,,,,云南白沙远眺玉龙雪山,,,,,,TianmuTNT.txt
五彩池,https://gcalic.v.myalicdn.com/gc/hlwcc_1/index.m3u8,,,,,五彩池,,,,,,TianmuTNT.txt
人与自然,http://newcntv.qcloudcdn.com/asp/hls/1200/0303000a/3/default/1425e1d505654cb48ba82b807b221193/1200.m3u8,,,,,人与自然,,,,,,TianmuTNT.txt
人在囧途,https://vip.ffzy-play.com/20221018/1953_2d6ba500/index.m3u8,,,,,人在囧途,,,,,,TianmuTNT.txt
人在囧途之泰囧,https://vip.ffzy-play.com/20221018/1951_47e1adc8/index.m3u8,,,,,人在囧途之泰囧,,,,,,TianmuTNT.txt
人在囧途之港囧,https://vip.ffzy-play7.com/20230112/11082_fde1a94d/index.m3u8,,,,,人在囧途之港囧,,,,,,TianmuTNT.txt
人间卫视,https://5ddce30eb4b55.streamlock.net/bltvhd/bltv1/chunklist_w511254805.m3u8,,,,,人间卫视,,,,,,TianmuTNT.txt
人间卫视,http://61.216.67.119:1935/bltvhd/bltv1/chunklist_w1266569526.m3u,,,,,人间卫视,,,,,,TianmuTNT.txt
什邡新闻,http://live.sfrmt.com:85/live/zhpd.m3u8?zsicd,,,,,什邡新闻,,,,,,TianmuTNT.txt
仁寿综合,https://play.scrstv.com.cn/DT/live.m3u8?auth_key=60001724663204-0-0-c1cc4ded9841ac34f63cdbd3aec647ef,,,,,仁寿综合,,,,,,TianmuTNT.txt
倩女幽魂人间道,http://jsmov2.a.yximgs.com/bs3/video-hls/5250634317044855747_hlsb.m3u8,,,,,倩女幽魂人间道,,,,,,TianmuTNT.txt
倩女幽魂妖魔道,http://jsmov2.a.yximgs.com/bs3/video-hls/5232901391302199073_hlsb.m3u8,,,,,倩女幽魂妖魔道,,,,,,TianmuTNT.txt
倩女幽魂道道道,http://jsmov2.a.yximgs.com/bs3/video-hls/5216294367991385255_hlsb.m3u8,,,,,倩女幽魂道道道,,,,,,TianmuTNT.txt
八里沟风景区天界山玻璃栈道,https://gcalic.v.myalicdn.com/gc/blg03_1/index.m3u8,,,,,八里沟风景区天界山玻璃栈道,,,,,,TianmuTNT.txt
八里沟风景区桃花湾瀑布,https://gcalic.v.myalicdn.com/gc/blg05_1/index.m3u8,,,,,八里沟风景区桃花湾瀑布,,,,,,TianmuTNT.txt
六盘山红军长征景区,https://gcalic.v.myalicdn.com/gc/lpsgmjng01_1/index.m3u8,,,,,六盘山红军长征景区,,,,,,TianmuTNT.txt
兰溪新闻综合,http://l.cztvcloud.com/channels/lantian/SXlanxi1/720p.m3u8?zzhed,,,,,兰溪新闻综合,,,,,,TianmuTNT.txt
兵团五师双河影,https://liveout.btzx.com.cn/62ds9e/6o77s4.m3u8?zxinjd,,,,,兵团五师双河影,,,,,,TianmuTNT.txt
兵团五师双河新闻综合,http://liveout.btzx.com.cn/62ds9e/4nxdih.m3u8?fbl=,,,,,兵团五师双河新闻综合,,,,,,TianmuTNT.txt
兵团八师石河子新闻综合,http://124.88.144.73:1935/live/xwzh/playlist.m3u8?zxinjd,,,,,兵团八师石河子新闻综合,,,,,,TianmuTNT.txt
兵团卫视,http://218.13.170.98:9901/tsfile/live/0115_1.m3u8,,,,,兵团卫视,,,,,,TianmuTNT.txt
兵团卫视,http://183.11.239.36:808/hls/7/index.m3u8,,,,,兵团卫视,,,,,,TianmuTNT.txt
内蒙古卫视,http://112.27.235.94:8000/hls/49/index.m3u8,,,,,内蒙古卫视,,,,,,TianmuTNT.txt
内蒙古卫视,http://cssbyd.imwork.net:8082/hls/44/index.m3u8,,,,,内蒙古卫视,,,,,,TianmuTNT.txt
内蒙古卫视,http://123.130.84.106:8154/tsfile/live/0109_1.m3u8,,,,,内蒙古卫视,,,,,,TianmuTNT.txt
内蒙古卫视,http://123.130.84.106:8154/tsfile/live/0109_1.m3u8?key=txiptv&playlive=1&authid=0,,,,,内蒙古卫视,,,,,,TianmuTNT.txt
内蒙古卫视,http://182.150.23.74:808/hls/37/index.m3u8,,,,,内蒙古卫视,,,,,,TianmuTNT.txt
农林卫视,http://124.116.183.146:9901/tsfile/live/1004_1.m3u8,,,,,农林卫视,,,,,,TianmuTNT.txt
农林卫视,http://124.116.183.146:9901/tsfile/live/1004_1.m3u8?key=txiptv&playlive=1&authid=0,,,,,农林卫视,,,,,,TianmuTNT.txt
冰冰影剧,http://www.goodiptv.club/douyu/74374,,,,,冰冰影剧,,,,,,TianmuTNT.txt
凤凰中文,http://play-flive.ifeng.com/live/06OLEGEGM4G.m3u8,,,,,凤凰中文,,,,,,TianmuTNT.txt
凤凰资讯,http://play-flive.ifeng.com/live/06OLEEWQKN4.m3u8,,,,,凤凰资讯,,,,,,TianmuTNT.txt
刀刀影院,http://www.goodiptv.club/douyu/747764,,,,,刀刀影院,,,,,,TianmuTNT.txt
北京卫视,http://124.116.183.146:9901/tsfile/live/0122_1.m3u8,,,,,北京卫视,,,,,,TianmuTNT.txt
北京卫视,http://182.150.23.74:808/hls/17/index.m3u8,,,,,北京卫视,,,,,,TianmuTNT.txt
北京卫视,http://112.27.235.94:8000/hls/27/index.m3u8,,,,,北京卫视,,,,,,TianmuTNT.txt
北京卫视,http://123.129.70.178:9901/tsfile/live/0122_1.m3u8,,,,,北京卫视,,,,,,TianmuTNT.txt
华语影视,http://www.goodiptv.club/douyu/3928,,,,,华语影视,,,,,,TianmuTNT.txt
南京玄武湖公园,https://gcalic.v.myalicdn.com/gc/xwh01_1/index.m3u8,,,,,南京玄武湖公园,,,,,,TianmuTNT.txt
南国都市,https://tencentplay.gztv.com/live/nanguodushi.m3u8?txSecret=550af55c0ea34ce492748481415b6dfa&txTime=1903e7b17de,,,,,南国都市,,,,,,TianmuTNT.txt
南国都市,http://tencentplay.gztv.com/live/nanguodushi.m3u8?txSecret=140110ae3d6c936a77f94c4f4d85b0d3&txTime=18d57929bd4,,,,,南国都市,,,,,,TianmuTNT.txt
卡酷少儿,http://218.13.170.98:9901/tsfile/live/1021_1.m3u8,,,,,卡酷少儿,,,,,,TianmuTNT.txt
厦门卫视,http://183.11.239.36:808/hls/17/index.m3u8,,,,,厦门卫视,,,,,,TianmuTNT.txt
厦门鼓浪屿,https://gcalic.v.myalicdn.com/gc/gly01_1/index.m3u8,,,,,厦门鼓浪屿,,,,,,TianmuTNT.txt
双辽,http://stream5.jlntv.cn/sl/sd/live.m3u8?zjild,,,,,双辽,,,,,,TianmuTNT.txt
双辽综合,http://stream3.jlntv.cn:80/aac_slgb/playlist.m3u8,,,,,双辽综合,,,,,,TianmuTNT.txt
古县综合,https://l2fpdktp.live.sxmty.com/live/hls/e4c3b363cc4549788e2d983f403e07db/d99ce1eb686e41b9afc888110bd95aa7.m3u8?zshanxd,,,,,古县综合,,,,,,TianmuTNT.txt
古装武侠,http://www.goodiptv.club/douyu/2793084,,,,,古装武侠,,,,,,TianmuTNT.txt
句容党建,http://jrlive.jrntv.com/live/_definst_/dangjians/playlist.m3u8?%E5%85%B3%E6%B3%A8%E5%BE%AE%E4%BF%A1%E5%85%AC%E4%BC%97%E5%8F%B7[%E6%99%B4%E5%9B%AD],,,,,句容党建,,,,,,TianmuTNT.txt
句容影院,http://jrlive.jrntv.com/live/_definst_/yingshis/chunklist_w1994429382.m3u8?zjiangsd,,,,,句容影院,,,,,,TianmuTNT.txt
句容生活,http://jrlive.jrntv.com/live/_definst_/shenghuos/playlist.m3u8?%E5%85%B3%E6%B3%A8%E5%BE%AE%E4%BF%A1%E5%85%AC%E4%BC%97%E5%8F%B7[%E6%99%B4%E5%9B%AD],,,,,句容生活,,,,,,TianmuTNT.txt
可克达拉综合,http://file.loulannews.cn/nmip-media/channellive/channel103824/playlist.m3u8,,,,,可克达拉综合,,,,,,TianmuTNT.txt
合肥新闻,http://112.27.235.94:8000/hls/18/index.m3u8,,,,,合肥新闻,,,,,,TianmuTNT.txt
吉林卫视,http://cssbyd.imwork.net:8082/hls/41/index.m3u8,,,,,吉林卫视,,,,,,TianmuTNT.txt
吉林卫视,http://61.136.172.236:9901/tsfile/live/0116_1.m3u8,,,,,吉林卫视,,,,,,TianmuTNT.txt
吉林卫视,http://123.130.84.106:8154/tsfile/live/0116_1.m3u8,,,,,吉林卫视,,,,,,TianmuTNT.txt
吉林卫视,http://59.39.89.130:60901/tsfile/live/0125_19.m3u8?key=txiptv&playlive=1&authid=0,,,,,吉林卫视,,,,,,TianmuTNT.txt
吉林卫视,http://101.66.198.83:9901/tsfile/live/0116_1.m3u8?key=txiptv&playlive=0&authid=0,,,,,吉林卫视,,,,,,TianmuTNT.txt
哈密一套,https://tvpull.hmgbtv.com/hmtv/channel9cd66b3d5d258b2b.flv,,,,,哈密一套,,,,,,TianmuTNT.txt
哈尔滨娱乐,https://stream.hrbtv.net/ylpd/sd/live.m3u8,,,,,哈尔滨娱乐,,,,,,TianmuTNT.txt
哈尔滨娱乐,http://stream.hrbtv.net/ylpd/sd/live.m3u8?zheild,,,,,哈尔滨娱乐,,,,,,TianmuTNT.txt
哈尔滨影视,http://stream.hrbtv.net/yspd/sd/live.m3u8?zheild,,,,,哈尔滨影视,,,,,,TianmuTNT.txt
哈尔滨新闻综合,http://stream.hrbtv.net/xwzh/sd/live.m3u8?zheild,,,,,哈尔滨新闻综合,,,,,,TianmuTNT.txt
哈尔滨生活,http://111.43.126.240:9003/hls/3/index.m3u8,,,,,哈尔滨生活,,,,,,TianmuTNT.txt
哈尔滨生活,http://stream.hrbtv.net/shpd/sd/live.m3u8?zheild,,,,,哈尔滨生活,,,,,,TianmuTNT.txt
哈尔滨资讯,http://stream.hrbtv.net/zxpd/sd/live.m3u8,,,,,哈尔滨资讯,,,,,,TianmuTNT.txt
哈尔滨都市咨询,http://stream.hrbtv.net/zxpd/sd/live.m3u8?zheild,,,,,哈尔滨都市咨询,,,,,,TianmuTNT.txt
嘉兴新闻综合,http://tvfile.jyrmt.cn:80/nmip-media/channellive/channel104452/playlist.m3u8,,,,,嘉兴新闻综合,,,,,,TianmuTNT.txt
四川卫视,http://182.150.23.74:808/hls/38/index.m3u8,,,,,四川卫视,,,,,,TianmuTNT.txt
四川卫视,http://124.116.183.146:9901/tsfile/live/0123_1.m3u8,,,,,四川卫视,,,,,,TianmuTNT.txt
四川卫视,http://112.27.235.94:8000/hls/35/index.m3u8,,,,,四川卫视,,,,,,TianmuTNT.txt
四川卫视,http://123.130.84.106:8154/tsfile/live/0123_1.m3u8,,,,,四川卫视,,,,,,TianmuTNT.txt
四川卫视,http://61.136.172.236:9901/tsfile/live/0123_1.m3u8,,,,,四川卫视,,,,,,TianmuTNT.txt
四川四姑娘山隆珠措,https://gcalic.v.myalicdn.com/gc/sgns02_1/index.m3u8,,,,,四川四姑娘山隆珠措,,,,,,TianmuTNT.txt
四川峨眉山云海日出,https://gcalic.v.myalicdn.com/gc/emsarm_1/index.m3u8,,,,,四川峨眉山云海日出,,,,,,TianmuTNT.txt
四川峨眉山普贤菩萨铜像,https://gcalic.v.myalicdn.com/gc/emspxps_1/index.m3u8,,,,,四川峨眉山普贤菩萨铜像,,,,,,TianmuTNT.txt
四川峨眉山远眺万佛顶,https://gcalic.v.myalicdn.com/gc/emswfs_1/index.m3u8,,,,,四川峨眉山远眺万佛顶,,,,,,TianmuTNT.txt
四川峨眉山远眺贡嘎雪山,https://gcalic.v.myalicdn.com/gc/emsyh_1/index.m3u8,,,,,四川峨眉山远眺贡嘎雪山,,,,,,TianmuTNT.txt
四川科教,http://182.150.115.21:8030/pcgacg/pcgacg_0.m3u8,,,,,四川科教,,,,,,TianmuTNT.txt
固镇新闻,http://www.guzhenm.com:7001/hls/hd-live.m3u8?%E5%85%B3%E6%B3%A8%E5%BE%AE%E4%BF%A1%E5%85%AC%E4%BC%97%E5%8F%B7[%E6%99%B4%E5%9B%AD],,,,,固镇新闻,,,,,,TianmuTNT.txt
地理中国,http://newcntv.qcloudcdn.com/asp/hls/1200/0303000a/3/default/c6baf6f74bb944aeacee1065ea72c798/1200.m3u8,,,,,地理中国,,,,,,TianmuTNT.txt
大宁综合,http://live.daningtv.com/aac_dngb/playlist.m3u8,,,,,大宁综合,,,,,,TianmuTNT.txt
大湾区卫视,http://222.128.55.152:9080/live/dwq.m3u8,,,,,大湾区卫视,,,,,,TianmuTNT.txt
大湾区卫视,http://gmxw.7766.org:808/hls/132/index.m3u8,,,,,大湾区卫视,,,,,,TianmuTNT.txt
大湾区卫视,http://183.11.239.36:808/hls/132/index.m3u8,,,,,大湾区卫视,,,,,,TianmuTNT.txt
天津卫视,http://182.150.23.74:808/hls/27/index.m3u8,,,,,天津卫视,,,,,,TianmuTNT.txt
天津卫视,http://124.116.183.146:9901/tsfile/live/0135_1.m3u8,,,,,天津卫视,,,,,,TianmuTNT.txt
天津卫视,http://112.46.85.60:8009/hls/44/index.m3u8,,,,,天津卫视,,,,,,TianmuTNT.txt
天津卫视,http://112.27.235.94:8000/hls/42/index.m3u8,,,,,天津卫视,,,,,,TianmuTNT.txt
天津卫视,http://61.136.172.236:9901/tsfile/live/0135_1.m3u8,,,,,天津卫视,,,,,,TianmuTNT.txt
天涯石,https://gcalic.v.myalicdn.com/gc/tyhjtys_1/index.m3u8,,,,,天涯石,,,,,,TianmuTNT.txt
太谷新闻综合,https://p2.vzan.com/slowlive/596867413819827251/live.m3u8?zbid=1725814272&amp;amp;tpid=1516989100&amp;amp;type=0,,,,,太谷新闻综合,,,,,,TianmuTNT.txt
夹江新闻综合,http://tvfile.jjrm.org.cn/nmip-media/channellive/channel106282/playlist.m3u8?zsicd,,,,,夹江新闻综合,,,,,,TianmuTNT.txt
奎屯哈萨克语,http://218.84.12.186:8002/hls/main/playlist.m3u8?zxinjd,,,,,奎屯哈萨克语,,,,,,TianmuTNT.txt
奎屯汉语,http://218.84.12.186:8001/hls/main/playlist.m3u8?zxinjd,,,,,奎屯汉语,,,,,,TianmuTNT.txt
宁夏卫视,http://cssbyd.imwork.net:8082/hls/45/index.m3u8,,,,,宁夏卫视,,,,,,TianmuTNT.txt
宁夏卫视,http://36.32.174.67:60080/newlive/live/hls/49/live.m3u8,,,,,宁夏卫视,,,,,,TianmuTNT.txt
宁夏卫视,http://111.61.236.247:9081/hls/51/index.m3u8,,,,,宁夏卫视,,,,,,TianmuTNT.txt
宁夏卫视,http://183.11.239.36:808/hls/106/index.m3u8,,,,,宁夏卫视,,,,,,TianmuTNT.txt
安徽卫视,http://124.116.183.146:9901/tsfile/live/0130_1.m3u8,,,,,安徽卫视,,,,,,TianmuTNT.txt
安徽卫视,http://182.150.23.74:808/hls/25/index.m3u8,,,,,安徽卫视,,,,,,TianmuTNT.txt
安徽卫视,http://111.61.236.247:9081/hls/27/index.m3u8,,,,,安徽卫视,,,,,,TianmuTNT.txt
安徽卫视,http://112.27.235.94:8000/hls/26/index.m3u8,,,,,安徽卫视,,,,,,TianmuTNT.txt
安徽卫视,http://123.129.70.178:9901/tsfile/live/0130_1.m3u8,,,,,安徽卫视,,,,,,TianmuTNT.txt
安徽导视,http://dspdhls.appcoo.com:8888/live/dspd/index.m3u8,,,,,安徽导视,,,,,,TianmuTNT.txt
安徽池州九华山风景区九华山,https://gcalic.v.myalicdn.com/gc/jhs05_1/index.m3u8,,,,,安徽池州九华山风景区九华山,,,,,,TianmuTNT.txt
安徽综艺体育,http://112.27.235.94:8000/hls/25/index.m3u8,,,,,安徽综艺体育,,,,,,TianmuTNT.txt
安徽黟县芦村远眺,https://gcalic.v.myalicdn.com/gc/yxlcyt_1/index.m3u8,,,,,安徽黟县芦村远眺,,,,,,TianmuTNT.txt
安徽黟县西递牌坊,https://gcalic.v.myalicdn.com/gc/yxxdpf_1/index.m3u8,,,,,安徽黟县西递牌坊,,,,,,TianmuTNT.txt
宜兴紫砂,http://3gvod.zjgonline.com.cn:1935/live/_definst_/xinwenzonghe_app/chunklist.m3u8,,,,,宜兴紫砂,,,,,,TianmuTNT.txt
寒战,https://vip.ffzy-play6.com/20221019/157_bf0740ee/index.m3u8,,,,,寒战,,,,,,TianmuTNT.txt
山东卫视,http://182.150.23.74:808/hls/23/index.m3u8,,,,,山东卫视,,,,,,TianmuTNT.txt
山东卫视,http://112.27.235.94:8000/hls/34/index.m3u8,,,,,山东卫视,,,,,,TianmuTNT.txt
山东卫视,http://61.136.172.236:9901/tsfile/live/0131_1.m3u8,,,,,山东卫视,,,,,,TianmuTNT.txt
山东卫视,http://123.130.84.106:8154/tsfile/live/0131_1.m3u8,,,,,山东卫视,,,,,,TianmuTNT.txt
山东卫视,http://101.66.198.83:9901/tsfile/live/0131_1.m3u8?key=txiptv&playlive=0&authid=0,,,,,山东卫视,,,,,,TianmuTNT.txt
山西卫视,http://liveflash.sxrtv.com/live/sxwshd.m3u8?sub_m3u8=true&edge_slice=true,,,,,山西卫视,,,,,,TianmuTNT.txt
山西卫视,http://119.39.9.8:9901/tsfile/live/0118_1.m3u8,,,,,山西卫视,,,,,,TianmuTNT.txt
山西卫视,http://112.27.235.94:8000/hls/45/index.m3u8,,,,,山西卫视,,,,,,TianmuTNT.txt
常熟民生,http://3gvod.zjgonline.com.cn:1935/live/_definst_/shehuishenghuo_app/chunklist.m3u8,,,,,常熟民生,,,,,,TianmuTNT.txt
平湖新闻综合,http://l.cztvcloud.com/channels/lantian/SXpinghu1/720p.m3u8?zzhed,,,,,平湖新闻综合,,,,,,TianmuTNT.txt
广东体育,http://218.13.170.98:9901/tsfile/live/0019_1.m3u8,,,,,广东体育,,,,,,TianmuTNT.txt
广东体育,http://183.11.239.36:808/hls/2/index.m3u8,,,,,广东体育,,,,,,TianmuTNT.txt
广东卫视,http://124.116.183.146:9901/tsfile/live/0125_1.m3u8,,,,,广东卫视,,,,,,TianmuTNT.txt
广东卫视,http://112.27.235.94:8000/hls/30/index.m3u8,,,,,广东卫视,,,,,,TianmuTNT.txt
广东卫视,http://123.130.84.106:8154/tsfile/live/0125_1.m3u8,,,,,广东卫视,,,,,,TianmuTNT.txt
广东卫视,http://61.136.172.236:9901/tsfile/live/0125_1.m3u8,,,,,广东卫视,,,,,,TianmuTNT.txt
广东卫视,http://101.66.198.83:9901/tsfile/live/0125_1.m3u8?key=txiptv&playlive=0&authid=0,,,,,广东卫视,,,,,,TianmuTNT.txt
广东少儿,http://gmxw.7766.org:808/hls/175/index.m3u8,,,,,广东少儿,,,,,,TianmuTNT.txt
广东民生,http://183.11.239.36:808/hls/18/index.m3u8,,,,,广东民生,,,,,,TianmuTNT.txt
广东珠江,http://gmxw.7766.org:808/hls/83/index.m3u8,,,,,广东珠江,,,,,,TianmuTNT.txt
广东珠江,http://183.11.239.36:808/hls/83/index.m3u8,,,,,广东珠江,,,,,,TianmuTNT.txt
广元综合,https://m3u8.channel.dzsm.com/nmip-media/channellive/channel100999/playlist.m3u8,,,,,广元综合,,,,,,TianmuTNT.txt
广州新闻,http://tencentplay.gztv.com/live/xinwen.m3u8?txSecret=d2c2db0b598c02ec1b5623728434d367&txTime=18d57929bd3,,,,,广州新闻,,,,,,TianmuTNT.txt
广西卫视,http://36.32.174.67:60080/newlive/live/hls/38/live.m3u8,,,,,广西卫视,,,,,,TianmuTNT.txt
广西卫视,http://182.150.23.74:808/hls/31/index.m3u8,,,,,广西卫视,,,,,,TianmuTNT.txt
广西卫视,http://222.169.85.8:9901/tsfile/live/0113_1.m3u8,,,,,广西卫视,,,,,,TianmuTNT.txt
广西卫视,http://61.136.172.236:9901/tsfile/live/0113_1.m3u8,,,,,广西卫视,,,,,,TianmuTNT.txt
广西卫视,http://123.130.84.106:8154/tsfile/live/0113_1.m3u8,,,,,广西卫视,,,,,,TianmuTNT.txt
广西桂林漓江景区,https://gcalic.v.myalicdn.com/gc/gllj01_1/index.m3u8,,,,,广西桂林漓江景区,,,,,,TianmuTNT.txt
广西玉林大容山莲花山顶,https://gcalic.v.myalicdn.com/gc/drs01_1/index.m3u8,,,,,广西玉林大容山莲花山顶,,,,,,TianmuTNT.txt
延边2,http://stream5.jlntv.cn/wq/playlist.m3u8,,,,,延边2,,,,,,TianmuTNT.txt
延边卫视,http://l.cztvcloud.com/channels/lantian/SXxinchang2/720p.m3u8#,,,,,延边卫视,,,,,,TianmuTNT.txt
延边卫视,http://gmxw.7766.org:808/hls/15/index.m3u8,,,,,延边卫视,,,,,,TianmuTNT.txt
张掖七彩丹霞,https://gcalic.v.myalicdn.com/gc/zyqcdx01_1/index.m3u8,,,,,张掖七彩丹霞,,,,,,TianmuTNT.txt
德惠综合,http://stream11.jlntv.cn/dehuitv/sd/live.m3u8,,,,,德惠综合,,,,,,TianmuTNT.txt
怀仁综合,https://1yp7hc5p.live.sxmty.com/live/hls/bff8529922344209985b6e49baa9555a/efa2543628fc4a7ea93d3d6c975f77dc-1.m3u8,,,,,怀仁综合,,,,,,TianmuTNT.txt
恒山悬空寺全景,https://gcalic.v.myalicdn.com/gc/hsxksqj_1/index.m3u8,,,,,恒山悬空寺全景,,,,,,TianmuTNT.txt
我不是药神,https://vip.ffzy-play1.com/20221018/478_c3afed66/index.m3u8,,,,,我不是药神,,,,,,TianmuTNT.txt
拆弹专家1,https://vip.ffzy-online.com/20221015/719_80ff87c2/index.m3u8,,,,,拆弹专家1,,,,,,TianmuTNT.txt
拆弹专家2,https://vip.ffzy-online.com/20221015/722_e32c42bc/index.m3u8,,,,,拆弹专家2,,,,,,TianmuTNT.txt
敦化一套,http://stream8.jlntv.cn/dhtv/playlist.m3u8,,,,,敦化一套,,,,,,TianmuTNT.txt
敦化一套,http://stream8.jlntv.cn/dhtv/playlist.m3u8?zjild,,,,,敦化一套,,,,,,TianmuTNT.txt
数码时代,http://ali-m-l.cztv.com/channels/lantian/channel012/1080p.m3u8,,,,,数码时代,,,,,,TianmuTNT.txt
新疆卫视,http://36.32.174.67:60080/newlive/live/hls/47/live.m3u8,,,,,新疆卫视,,,,,,TianmuTNT.txt
新疆卫视,http://218.84.12.186:8001/hls/main/playlist.m3u8?zxinjd;http://218.84.12.186:8001/hls/main/playlist.m3u8zxinjd,,,,,新疆卫视,,,,,,TianmuTNT.txt
新疆卫视,http://183.11.239.36:808/hls/65/index.m3u8,,,,,新疆卫视,,,,,,TianmuTNT.txt
新疆卫视,http://123.130.84.106:8154/tsfile/live/0110_1.m3u8?key=txiptv&playlive=1&authid=0,,,,,新疆卫视,,,,,,TianmuTNT.txt
新疆天山,http://gctxyc.liveplay.myqcloud.com/gc/xjtcdhsz_1/index.m3u8,,,,,新疆天山,,,,,,TianmuTNT.txt
新闻综合,https://m3u8channel.yunxya.com/nmip-media/channellive/channel100028/playlist.m3u8,,,,,新闻综合,,,,,,TianmuTNT.txt
普陀山,https://gcalic.v.myalicdn.com/gc/pts01_1/index.m3u8,,,,,普陀山,,,,,,TianmuTNT.txt
月牙泉,https://gcalic.v.myalicdn.com/gc/dhyyqsm_1/index.m3u8,,,,,月牙泉,,,,,,TianmuTNT.txt
望乡台,https://gcalic.v.myalicdn.com/gc/hlwxt_1/index.m3u8,,,,,望乡台,,,,,,TianmuTNT.txt
朝天综合,https://m3u8.channel.dzsm.com/nmip-media/channellive/channel104601/playlist.m3u8,,,,,朝天综合,,,,,,TianmuTNT.txt
来宾综合,http://zb.gxlbamc.com:1935/live/lbzh.stream/playlist.m3u8,,,,,来宾综合,,,,,,TianmuTNT.txt
柳河,http://stream5.jlntv.cn/lh/sd/live.m3u8?zjild,,,,,柳河,,,,,,TianmuTNT.txt
柳河综合,http://stream3.jlntv.cn:80/aac_lhgb/sd/live.m3u8,,,,,柳河综合,,,,,,TianmuTNT.txt
桦甸,http://stream10.jlntv.cn/huadian/sd/live.m3u8?zjild,,,,,桦甸,,,,,,TianmuTNT.txt
桦甸综合,http://stream9.jlntv.cn:80/aac_huadiangb/playlist.m3u8,,,,,桦甸综合,,,,,,TianmuTNT.txt
梅河口综合,http://stream3.jlntv.cn:80/aac_mhkgb/playlist.m3u8,,,,,梅河口综合,,,,,,TianmuTNT.txt
橙记港剧,http://www.goodiptv.club/douyu/4549169,,,,,橙记港剧,,,,,,TianmuTNT.txt
武进生活,http://live.wjyanghu.com/live/CH2.m3u8,,,,,武进生活,,,,,,TianmuTNT.txt
永嘉新闻综合,http://l.cztvcloud.com/channels/lantian/SXyongjia1/720p.m3u8,,,,,永嘉新闻综合,,,,,,TianmuTNT.txt
江夏新闻综合,http://59.175.226.142:280/gb28181/xwzh.m3u8?zhubd,,,,,江夏新闻综合,,,,,,TianmuTNT.txt
江津新闻,http://222.179.155.21:1935/ch1.m3u8?zzhongqd,,,,,江津新闻,,,,,,TianmuTNT.txt
江苏南京牛首山,https://gcalic.v.myalicdn.com/gc/nss01_1/index.m3u8,,,,,江苏南京牛首山,,,,,,TianmuTNT.txt
江苏卫视,http://222.169.85.8:9901/tsfile/live/0127_1.m3u8,,,,,江苏卫视,,,,,,TianmuTNT.txt
江苏卫视,http://218.13.170.98:9901/tsfile/live/1003_1.m3u8,,,,,江苏卫视,,,,,,TianmuTNT.txt
江苏卫视,http://112.46.85.60:8009/hls/33/index.m3u8,,,,,江苏卫视,,,,,,TianmuTNT.txt
江苏卫视,http://182.150.23.74:808/hls/18/index.m3u8,,,,,江苏卫视,,,,,,TianmuTNT.txt
江苏卫视,http://111.61.236.247:9081/hls/26/index.m3u8,,,,,江苏卫视,,,,,,TianmuTNT.txt
江苏徐州云龙湖风景区云龙山观景台西,https://gcalic.v.myalicdn.com/gc/ylh04_1/index.m3u8,,,,,江苏徐州云龙湖风景区云龙山观景台西,,,,,,TianmuTNT.txt
江西卫视,http://36.32.174.67:60080/newlive/live/hls/31/live.m3u8,,,,,江西卫视,,,,,,TianmuTNT.txt
江西卫视,http://222.169.85.8:9901/tsfile/live/0138_1.m3u8,,,,,江西卫视,,,,,,TianmuTNT.txt
江西卫视,http://112.27.235.94:8000/hls/44/index.m3u8,,,,,江西卫视,,,,,,TianmuTNT.txt
江西卫视,http://61.136.172.236:9901/tsfile/live/0138_1.m3u8,,,,,江西卫视,,,,,,TianmuTNT.txt
江西卫视,http://36.32.174.67:60080/newlive/live/hls/22/live.m3u8,,,,,江西卫视,,,,,,TianmuTNT.txt
汪清,http://stream5.jlntv.cn/wq/sd/live.m3u8?zjild,,,,,汪清,,,,,,TianmuTNT.txt
汪清综合,http://stream5.jlntv.cn/wq/sd/live.m3u8,,,,,汪清综合,,,,,,TianmuTNT.txt
河北卫视,http://112.27.235.94:8000/hls/39/index.m3u8,,,,,河北卫视,,,,,,TianmuTNT.txt
河北卫视,http://36.32.174.67:60080/newlive/live/hls/36/live.m3u8,,,,,河北卫视,,,,,,TianmuTNT.txt
河北卫视,http://123.130.84.106:8154/tsfile/live/0117_1.m3u8,,,,,河北卫视,,,,,,TianmuTNT.txt
河北卫视,http://61.136.172.236:9901/tsfile/live/0117_1.m3u8,,,,,河北卫视,,,,,,TianmuTNT.txt
河北卫视,http://61.136.172.236:9901/tsfile/live/0117_1.m3u8?key=txiptv&playlive=1&authid=0,,,,,河北卫视,,,,,,TianmuTNT.txt
河北都市,https://radio.pull.hebtv.com/live/hebnczx.m3u8,,,,,河北都市,,,,,,TianmuTNT.txt
河南卫视,http://tvpull.dxhmt.cn:9081/tv/11425-1.m3u8,,,,,河南卫视,,,,,,TianmuTNT.txt
河南卫视,http://182.150.23.74:808/hls/33/index.m3u8,,,,,河南卫视,,,,,,TianmuTNT.txt
河南卫视,http://112.27.235.94:8000/hls/37/index.m3u8,,,,,河南卫视,,,,,,TianmuTNT.txt
河南卫视,http://61.136.172.236:9901/tsfile/live/0139_1.m3u8,,,,,河南卫视,,,,,,TianmuTNT.txt
河南卫视,http://123.130.84.106:8154/tsfile/live/0139_1.m3u8,,,,,河南卫视,,,,,,TianmuTNT.txt
河源公共,http://tmpstream.hyrtv.cn/hygg/sd/live.m3u8,,,,,河源公共,,,,,,TianmuTNT.txt
河源综合,http://tmpstream.hyrtv.cn/xwzh/sd/live.m3u8,,,,,河源综合,,,,,,TianmuTNT.txt
泗阳综合,http://3739115337.cloudvdn.com/a.m3u8?domain=siyang-tv-hls.cm.jstv.com&player=nwEAAKHdjSKP_58X&secondToken=secondToken%3A5FUijZmDyNMxtCDdne0YzSAwjuw&streamid=siyang-tv%3Asiyang-tv%2Fsiyangzh&v3=1,,,,,泗阳综合,,,,,,TianmuTNT.txt
泰山主峰,https://gcalic.v.myalicdn.com/gc/taishan01_1/index.m3u8,,,,,泰山主峰,,,,,,TianmuTNT.txt
泰山十八盘,https://gcalic.v.myalicdn.com/gc/taishan05_1/index.m3u8,,,,,泰山十八盘,,,,,,TianmuTNT.txt
泰山南天门,https://gcalic.v.myalicdn.com/gc/hkts07_1/index.m3u8,,,,,泰山南天门,,,,,,TianmuTNT.txt
泰山大观峰,https://gcalic.v.myalicdn.com/gc/taishan03_1/index.m3u8,,,,,泰山大观峰,,,,,,TianmuTNT.txt
泰山太平岭,https://gcalic.v.myalicdn.com/gc/hkts09_1/index.m3u8,,,,,泰山太平岭,,,,,,TianmuTNT.txt
泰山望人松,https://gcalic.v.myalicdn.com/gc/taishan02_1/index.m3u8,,,,,泰山望人松,,,,,,TianmuTNT.txt
泰山玉皇顶,https://gcalic.v.myalicdn.com/gc/taishan06_1/index.m3u8,,,,,泰山玉皇顶,,,,,,TianmuTNT.txt
泰山白云亭悬崖,https://gcalic.v.myalicdn.com/gc/hkts02_1/index.m3u8,,,,,泰山白云亭悬崖,,,,,,TianmuTNT.txt
泰山碧霞祠,https://gcalic.v.myalicdn.com/gc/hkts03_1/index.m3u8,,,,,泰山碧霞祠,,,,,,TianmuTNT.txt
津南一套,http://play.jinnantv.top/live/JNTV1.m3u8?ztianjd,,,,,津南一套,,,,,,TianmuTNT.txt
浙江公共新闻,http://ali-m-l.cztv.com/channels/lantian/channel07/1080p.m3u8,,,,,浙江公共新闻,,,,,,TianmuTNT.txt
浙江卫视,http://ali-m-l.cztv.com/channels/lantian/channel001/1080p.m3u8,,,,,浙江卫视,,,,,,TianmuTNT.txt
浙江卫视,https://ali-m-l.cztv.com/channels/lantian/channel001/1080p.m3u8,,,,,浙江卫视,,,,,,TianmuTNT.txt
浙江卫视,http://ali-m-l.cztv.com:80/channels/lantian/channel001/1080p.m3u8,,,,,浙江卫视,,,,,,TianmuTNT.txt
浙江卫视,http://ali-xwl.cztv.com/live/channel011080Plxw.m3u8,,,,,浙江卫视,,,,,,TianmuTNT.txt
浙江卫视,https://ali-m-l.cztv.com/channels/lantian/channel001/1080p.m3u8?,,,,,浙江卫视,,,,,,TianmuTNT.txt
浙江卫视,http://ali-m-l.cztv.com/channels/lantian/channel01/1080p.m3u8,,,,,浙江卫视,,,,,,TianmuTNT.txt
浙江国际,http://ali-m-l.cztv.com/channels/lantian/channel010/1080p.m3u8,,,,,浙江国际,,,,,,TianmuTNT.txt
浙江国际,https://ali-m-l.cztv.com/channels/lantian/channel010/1080p.m3u8?,,,,,浙江国际,,,,,,TianmuTNT.txt
浙江国际,http://ali-vl.cztv.com/channels/lantian/channel010/360p.m3u8,,,,,浙江国际,,,,,,TianmuTNT.txt
浙江少儿,http://ali-m-l.cztv.com/channels/lantian/channel008/1080p.m3u8,,,,,浙江少儿,,,,,,TianmuTNT.txt
浙江少儿,https://ali-m-l.cztv.com/channels/lantian/channel008/1080p.m3u8,,,,,浙江少儿,,,,,,TianmuTNT.txt
浙江少儿,http://ali-vl.cztv.com/channels/lantian/channel008/360p.m3u8,,,,,浙江少儿,,,,,,TianmuTNT.txt
浙江少儿,https://ali-m-l.cztv.com/channels/lantian/channel008/1080p.m3u8?,,,,,浙江少儿,,,,,,TianmuTNT.txt
浙江教科,http://ali-m-l.cztv.com/channels/lantian/channel004/1080p.m3u8,,,,,浙江教科,,,,,,TianmuTNT.txt
浙江教科影视,http://ali-m-l.cztv.com/channels/lantian/channel04/1080p.m3u8,,,,,浙江教科影视,,,,,,TianmuTNT.txt
浙江教科影视,http://ali-vl.cztv.com/channels/lantian/channel004/360p.m3u8,,,,,浙江教科影视,,,,,,TianmuTNT.txt
浙江新闻,http://ali-m-l.cztv.com/channels/lantian/channel007/1080p.m3u8,,,,,浙江新闻,,,,,,TianmuTNT.txt
浙江新闻,https://ali-m-l.cztv.com/channels/lantian/channel007/1080p.m3u8?,,,,,浙江新闻,,,,,,TianmuTNT.txt
浙江新闻,http://ali-vl.cztv.com/channels/lantian/channel007/360p.m3u8,,,,,浙江新闻,,,,,,TianmuTNT.txt
浙江民生,http://ali-m-l.cztv.com/channels/lantian/channel06/1080p.m3u8,,,,,浙江民生,,,,,,TianmuTNT.txt
浙江民生,https://ali-m-l.cztv.com/channels/lantian/channel006/1080p.m3u8?,,,,,浙江民生,,,,,,TianmuTNT.txt
浙江民生,http://ali-m-l.cztv.com/channels/lantian/channel006/1080p.m3u8,,,,,浙江民生,,,,,,TianmuTNT.txt
浙江民生,http://ali-m-l.cztv.com/channels/lantian/channel06/720p.m3u8,,,,,浙江民生,,,,,,TianmuTNT.txt
浙江民生休闲,http://ali-vl.cztv.com/channels/lantian/channel006/360p.m3u8,,,,,浙江民生休闲,,,,,,TianmuTNT.txt
浙江留学,http://ali-vl.cztv.com/channels/lantian/channel009/360p.m3u8,,,,,浙江留学,,,,,,TianmuTNT.txt
浙江经济,https://ali-m-l.cztv.com/channels/lantian/channel003/1080p.m3u8?,,,,,浙江经济,,,,,,TianmuTNT.txt
浙江经济,http://ali-m-l.cztv.com/channels/lantian/channel003/1080p.m3u8,,,,,浙江经济,,,,,,TianmuTNT.txt
浙江经济生活,http://ali-m-l.cztv.com/channels/lantian/channel03/1080p.m3u8,,,,,浙江经济生活,,,,,,TianmuTNT.txt
浙江经济生活,http://ali-vl.cztv.com/channels/lantian/channel003/360p.m3u8,,,,,浙江经济生活,,,,,,TianmuTNT.txt
浙江经济生活,http://ali-m-l.cztv.com/channels/lantian/channel03/1080p.m3u8#https://ali-m-l.cztv.com/channels/lantian/channel003/1080p.m3u8#http://ali-m-l.cztv.com/channels/lantian/channel003/1080p.m3u8,,,,,浙江经济生活,,,,,,TianmuTNT.txt
浙江舟山东极岛,https://gcalic.v.myalicdn.com/gc/djd01_1/index.m3u8,,,,,浙江舟山东极岛,,,,,,TianmuTNT.txt
浙江钱江都市,http://ali-m-l.cztv.com/channels/lantian/channel002/1080p.m3u8,,,,,浙江钱江都市,,,,,,TianmuTNT.txt
浙江钱江频道,http://ali-m-l.cztv.com/channels/lantian/channel02/1080p.m3u8,,,,,浙江钱江频道,,,,,,TianmuTNT.txt
海南卫视,http://36.32.174.67:60080/newlive/live/hls/46/live.m3u8,,,,,海南卫视,,,,,,TianmuTNT.txt
海南卫视,http://cssbyd.imwork.net:8082/hls/31/index.m3u8,,,,,海南卫视,,,,,,TianmuTNT.txt
海南卫视,http://111.221.137.234:44330/tsfile/live/0117_1.m3u8?key=txiptv&playlive=0&authid=0,,,,,海南卫视,,,,,,TianmuTNT.txt
海南卫视,http://183.11.239.36:808/hls/124/index.m3u8,,,,,海南卫视,,,,,,TianmuTNT.txt
海峡卫视,http://38.64.72.148:80/hls/modn/list/4009/chunklist0.m3u8,,,,,海峡卫视,,,,,,TianmuTNT.txt
海峡卫视,http://38.64.72.148:80/hls/modn/list/4009/playlist.m3u8,,,,,海峡卫视,,,,,,TianmuTNT.txt
深圳卫视,http://124.116.183.146:9901/tsfile/live/0126_1.m3u8,,,,,深圳卫视,,,,,,TianmuTNT.txt
深圳卫视,http://182.150.23.74:808/hls/20/index.m3u8,,,,,深圳卫视,,,,,,TianmuTNT.txt
深圳卫视,http://112.27.235.94:8000/hls/33/index.m3u8,,,,,深圳卫视,,,,,,TianmuTNT.txt
深圳卫视,http://38.64.72.148:80/hls/modn/list/4007/playlist.m3u8,,,,,深圳卫视,,,,,,TianmuTNT.txt
深圳卫视,http://61.136.172.236:9901/tsfile/live/0126_1.m3u8,,,,,深圳卫视,,,,,,TianmuTNT.txt
湖北卫视,http://124.116.183.146:9901/tsfile/live/0132_1.m3u8,,,,,湖北卫视,,,,,,TianmuTNT.txt
湖北卫视,http://112.27.235.94:8000/hls/41/index.m3u8,,,,,湖北卫视,,,,,,TianmuTNT.txt
湖北卫视,http://61.136.172.236:9901/tsfile/live/0132_1.m3u8,,,,,湖北卫视,,,,,,TianmuTNT.txt
湖北卫视,http://123.130.84.106:8154/tsfile/live/0132_1.m3u8,,,,,湖北卫视,,,,,,TianmuTNT.txt
湖北卫视,http://59.39.89.130:60901/tsfile/live/0125_12.m3u8?key=txiptv&playlive=1&authid=0,,,,,湖北卫视,,,,,,TianmuTNT.txt
湖南卫视,http://hlsal-ldvt.qing.mgtv.com/nn_live/nn_x64/Y2RuZXhfaWQ9YWxfaGxzX2xkdnQmZT02OTE0NjA0JnY9MSZpZD1ITldTWkdTVCZzPTcwN2RiYTc2YzJjNmJmMTQ4MmUyZGYzOWU2NWM3YWFi/HNWSZGST.m3u8,,,,,湖南卫视,,,,,,TianmuTNT.txt
湖南卫视,http://124.116.183.146:9901/tsfile/live/0128_1.m3u8,,,,,湖南卫视,,,,,,TianmuTNT.txt
湖南卫视,http://antvlive.ab5c6921.cdnviet.com/antv/playlist.m3u8,,,,,湖南卫视,,,,,,TianmuTNT.txt
湖南卫视,http://218.13.170.98:9901/tsfile/live/1001_1.m3u8,,,,,湖南卫视,,,,,,TianmuTNT.txt
湖南张家界天门山西线玻璃栈道,https://gcalic.v.myalicdn.com/gc/tms05_1/index.m3u8,,,,,湖南张家界天门山西线玻璃栈道,,,,,,TianmuTNT.txt
湖南张家界宝峰湖,https://gcalic.v.myalicdn.com/gc/zjjbfh_1/index.m3u8,,,,,湖南张家界宝峰湖,,,,,,TianmuTNT.txt
湖南张家界御笔峰,https://gcalic.v.myalicdn.com/gc/zjjybf_1/index.m3u8,,,,,湖南张家界御笔峰,,,,,,TianmuTNT.txt
湖南张家界水绕四门,https://gcalic.v.myalicdn.com/gc/zjjsrsm_1/index.m3u8,,,,,湖南张家界水绕四门,,,,,,TianmuTNT.txt
烟台公共,http://live.yantaitv.cn/live/e50f104a4ffe4a41b2217cbda534146f/d86092e69df94668b33390278b061700-1.m3u8,,,,,烟台公共,,,,,,TianmuTNT.txt
烟台新闻综合,http://live.yantaitv.cn/live/3e81a8879da44c5dadf3bd9c10468e1c/9b776d420ee4438199b7657c8eb88f07-1.m3u8,,,,,烟台新闻综合,,,,,,TianmuTNT.txt
烟台经济科技,http://live.yantaitv.cn/live/27f84144e95a4652ae9e5c211b2a6b55/405f3e33ba384aa0a16014d0becd1261-1.m3u8,,,,,烟台经济科技,,,,,,TianmuTNT.txt
热门港剧,http://www.goodiptv.club/douyu/5522351,,,,,热门港剧,,,,,,TianmuTNT.txt
熊猫直播,https://gcwbndali.v.myalicdn.com/gcwbnd/ipanda1000_2/index.m3u8,,,,,熊猫直播,,,,,,TianmuTNT.txt
狮子山鸟瞰丽江古城,https://gcalic.v.myalicdn.com/gc/ljgcszsnkgc_1/index.m3u8,,,,,狮子山鸟瞰丽江古城,,,,,,TianmuTNT.txt
玛纳斯,http://218.84.127.245:1026/hls/main1/playlist.m3u8?zxinjd,,,,,玛纳斯,,,,,,TianmuTNT.txt
珲春新闻,http://stream8.jlntv.cn/hctv/sd/live.m3u8?zjild,,,,,珲春新闻,,,,,,TianmuTNT.txt
璧山综合,http://222.179.42.129:8181/hls1.m3u8,,,,,璧山综合,,,,,,TianmuTNT.txt
甘南县综合,https://stream.hrbtv.net/zxpd/sd/live.m3u8,,,,,甘南县综合,,,,,,TianmuTNT.txt
甘孜综合,http://tv.drs.ganzitv.com:8100/channellive/gztv.flv,,,,,甘孜综合,,,,,,TianmuTNT.txt
甘肃卫视,http://cssbyd.imwork.net:8082/hls/48/index.m3u8,,,,,甘肃卫视,,,,,,TianmuTNT.txt
甘肃卫视,http://218.13.170.98:9901/tsfile/live/0141_1.m3u8,,,,,甘肃卫视,,,,,,TianmuTNT.txt
甘肃卫视,http://123.130.84.106:8154/tsfile/live/0141_1.m3u8?key=txiptv&playlive=1&authid=0,,,,,甘肃卫视,,,,,,TianmuTNT.txt
甘肃卫视,http://111.61.236.247:9081/hls/54/index.m3u8,,,,,甘肃卫视,,,,,,TianmuTNT.txt
甘肃卫视,http://183.11.239.36:808/hls/119/index.m3u8,,,,,甘肃卫视,,,,,,TianmuTNT.txt
电影丧尸片,http://live.metshop.top/huya/21059578?cdn=alicdn,,,,,电影丧尸片,,,,,,TianmuTNT.txt
电影八点档,http://live.metshop.top/huya/880261?cdn=alicdn,,,,,电影八点档,,,,,,TianmuTNT.txt
电影刘德华,http://live.metshop.top/huya/11342424?cdn=alicdn,,,,,电影刘德华,,,,,,TianmuTNT.txt
电影嫣然影厅,http://live.metshop.top/huya/11601977?cdn=alicdn,,,,,电影嫣然影厅,,,,,,TianmuTNT.txt
电影战争片,http://live.metshop.top/huya/21059574?cdn=alicdn,,,,,电影战争片,,,,,,TianmuTNT.txt
电影梁家辉,http://live.metshop.top/huya/11342429?cdn=alicdn,,,,,电影梁家辉,,,,,,TianmuTNT.txt
电影蜘蛛侠,http://live.metshop.top/huya/21059599?cdn=alicdn,,,,,电影蜘蛛侠,,,,,,TianmuTNT.txt
电影谍战,http://live.metshop.top/huya/21059585?cdn=alicdn,,,,,电影谍战,,,,,,TianmuTNT.txt
电影谍战片,http://live.metshop.top/huya/21059587?cdn=alicdn,,,,,电影谍战片,,,,,,TianmuTNT.txt
电影贺岁,http://live.metshop.top/huya/11601971?cdn=alicdn,,,,,电影贺岁,,,,,,TianmuTNT.txt
番禺综合,http://video.epaper.pybtv.cn:8080/live/rtmp_live_demo.flv,,,,,番禺综合,,,,,,TianmuTNT.txt
白山公共,http://stream8.jlntv.cn/baishan2/playlist.m3u8?zjild,,,,,白山公共,,,,,,TianmuTNT.txt
直播中国,https://gcalic.v.myalicdn.com/gc/wgw05_1/index.m3u8?contentid=2820180516001,,,,,直播中国,,,,,,TianmuTNT.txt
直播中国精编直播,https://gcalic.v.myalicdn.com/gc/wgw05_1/index.m3u8,,,,,直播中国精编直播,,,,,,TianmuTNT.txt
磐石,http://stream5.jlntv.cn/ps/sd/live.m3u8?zjild,,,,,磐石,,,,,,TianmuTNT.txt
磐石综合,http://stream3.jlntv.cn:80/aac_psgb/sd/live.m3u8,,,,,磐石综合,,,,,,TianmuTNT.txt
福建武夷山玉女峰,https://gcalic.v.myalicdn.com/gc/wysynf_1/index.m3u8,,,,,福建武夷山玉女峰,,,,,,TianmuTNT.txt
福建漳州醉美沙滩翡翠湾,https://gcalic.v.myalicdn.com/gc/fcw03_1/index.m3u8,,,,,福建漳州醉美沙滩翡翠湾,,,,,,TianmuTNT.txt
绍兴公共,http://live.shaoxing.com.cn/video/s10001-sxtv2/index.m3u8,,,,,绍兴公共,,,,,,TianmuTNT.txt
美亚电影,http://zjrtv.vip/live/?tbs=mydy,,,,,美亚电影,,,,,,TianmuTNT.txt
自然传奇,http://newcntv.qcloudcdn.com/asp/hls/1200/0303000a/3/default/81a1ad3a661748bfb8560c92d38204ca/1200.m3u8,,,,,自然传奇,,,,,,TianmuTNT.txt
舒兰新闻,http://stream8.jlntv.cn/shulan/sd/live.m3u8?zjild,,,,,舒兰新闻,,,,,,TianmuTNT.txt
舒兰新闻综合,http://stream8.jlntv.cn/shulan/sd/live.m3u8?_upt=332db6421699196585,,,,,舒兰新闻综合,,,,,,TianmuTNT.txt
航拍中国第二季,http://newcntv.qcloudcdn.com/asp/hls/4000/0303000a/3/default/2bdfdad540b342f592f9817cb7f3b79a/4000.m3u8,,,,,航拍中国第二季,,,,,,TianmuTNT.txt
苍南新闻综合,https://l.cztvcloud.com/channels/lantian/SXcangnan1/720p.m3u8,,,,,苍南新闻综合,,,,,,TianmuTNT.txt
苏州4K,https://tylive.kan0512.com/norecord/csztv4k_4k.m3u8,,,,,苏州4K,,,,,,TianmuTNT.txt
荥经综合,https://m3u8channel-yj.yunxya.com/nmip-media/channellive/channel101140/playlist.m3u8,,,,,荥经综合,,,,,,TianmuTNT.txt
萧山新闻综合,http://l.cztvcloud.com/channels/lantian/SXxiaoshan1/720p.m3u8?zzhed,,,,,萧山新闻综合,,,,,,TianmuTNT.txt
萧山综合,http://l.cztvcloud.com/channels/lantian/SXxiaoshan1/720p.m3u8,,,,,萧山综合,,,,,,TianmuTNT.txt
衡阳新闻综合,https://liveplay-srs.voc.com.cn/hls/tv/183_554704.m3u8,,,,,衡阳新闻综合,,,,,,TianmuTNT.txt
衢江新闻综合,http://l.cztvcloud.com/channels/lantian/SXqujiang1/720p.m3u8?zzhed,,,,,衢江新闻综合,,,,,,TianmuTNT.txt
西安新闻,http://112.46.105.20:8009/hls/28/index.m3u8,,,,,西安新闻,,,,,,TianmuTNT.txt
西安都市,http://112.46.105.20:8009/hls/29/index.m3u8,,,,,西安都市,,,,,,TianmuTNT.txt
西藏卫视,http://cssbyd.imwork.net:8082/hls/46/index.m3u8,,,,,西藏卫视,,,,,,TianmuTNT.txt
西藏卫视,http://36.32.174.67:60080/newlive/live/hls/48/live.m3u8,,,,,西藏卫视,,,,,,TianmuTNT.txt
西藏卫视,http://183.11.239.36:808/hls/64/index.m3u8,,,,,西藏卫视,,,,,,TianmuTNT.txt
让子弹飞,https://vip.ffzy-play7.com/20230116/11563_b9f44814/index.m3u8,,,,,让子弹飞,,,,,,TianmuTNT.txt
象山综合,http://play-sh13.quklive.com/live/1702360350551252.m3u8?auth_key=2037107484-800189c57a5a44d3b823b60cf84f6756-0-a6f6828a62d5c167cff5e68735fa0d39,,,,,象山综合,,,,,,TianmuTNT.txt
贝爷求生,http://www.goodiptv.club/douyu/9661369,,,,,贝爷求生,,,,,,TianmuTNT.txt
贵州卫视,http://182.150.23.74:808/hls/26/index.m3u8,,,,,贵州卫视,,,,,,TianmuTNT.txt
贵州卫视,http://222.214.208.34:59901/tsfile/live/0120_1.m3u8,,,,,贵州卫视,,,,,,TianmuTNT.txt
贵州卫视,http://112.27.235.94:8000/hls/46/index.m3u8,,,,,贵州卫视,,,,,,TianmuTNT.txt
贵州卫视,http://61.136.172.236:9901/tsfile/live/0120_1.m3u8,,,,,贵州卫视,,,,,,TianmuTNT.txt
贵州卫视,http://59.39.89.130:60901/tsfile/live/0125_15.m3u8?key=txiptv&playlive=1&authid=0,,,,,贵州卫视,,,,,,TianmuTNT.txt
贵州省兴义市万峰林,https://gcalic.v.myalicdn.com/gc/xywfl_1/index.m3u8,,,,,贵州省兴义市万峰林,,,,,,TianmuTNT.txt
赣州公共,https://pili-live-hls-sjxgz2024.sobeylive.com/jxgz2024/396_q_live172526334096251.m3u8,,,,,赣州公共,,,,,,TianmuTNT.txt
赣州新闻,https://pili-live-hls-sjxgz2024.sobeylive.com/jxgz2024/396_q_live172526329228525.m3u8,,,,,赣州新闻,,,,,,TianmuTNT.txt
足球频道,https://nmglive.imfc.cn/5n1r1c/182396.m3u8,,,,,足球频道,,,,,,TianmuTNT.txt
辉南新闻,http://stream5.jlntv.cn/hn/sd/live.m3u8?zjild,,,,,辉南新闻,,,,,,TianmuTNT.txt
辉南新闻综合,http://stream5.jlntv.cn/hn/sd/live.m3u8,,,,,辉南新闻综合,,,,,,TianmuTNT.txt
辽宁卫视,http://112.27.235.94:8000/hls/47/index.m3u8,,,,,辽宁卫视,,,,,,TianmuTNT.txt
辽宁卫视,http://61.136.172.236:9901/tsfile/live/0121_1.m3u8,,,,,辽宁卫视,,,,,,TianmuTNT.txt
辽宁卫视,http://123.130.84.106:8154/tsfile/live/0121_1.m3u8,,,,,辽宁卫视,,,,,,TianmuTNT.txt
辽宁卫视,http://101.66.198.83:9901/tsfile/live/0121_1.m3u8?key=txiptv&playlive=0&authid=0,,,,,辽宁卫视,,,,,,TianmuTNT.txt
辽宁卫视,http://59.39.89.130:60901/tsfile/live/0125_13.m3u8?key=txiptv&playlive=1&authid=0,,,,,辽宁卫视,,,,,,TianmuTNT.txt
通化县,http://stream5.jlntv.cn/thx/sd/live.m3u8?zjild,,,,,通化县,,,,,,TianmuTNT.txt
通化县综合,http://stream3.jlntv.cn:80/aac_thxgb/playlist.m3u8,,,,,通化县综合,,,,,,TianmuTNT.txt
邢台生活,https://jwcdnqx.hebyun.com.cn/live/xtcsshpd/1500k/tzwj_video.m3u8,,,,,邢台生活,,,,,,TianmuTNT.txt
邵氏影院,http://www.goodiptv.club/douyu/4246519,,,,,邵氏影院,,,,,,TianmuTNT.txt
郸城新闻综合,http://tvpull.dxhmt.cn:9081/tv/11625-1.m3u8?wsSecret=df15530a0abec41b14bca00fc96270d1&amp;wsTime=1654956569,,,,,郸城新闻综合,,,,,,TianmuTNT.txt
都江堰鱼嘴,https://gcalic.v.myalicdn.com/gc/djyqyl1_1/index.m3u8,,,,,都江堰鱼嘴,,,,,,TianmuTNT.txt
重庆卫视,http://124.116.183.146:9901/tsfile/live/0142_1.m3u8,,,,,重庆卫视,,,,,,TianmuTNT.txt
重庆卫视,http://112.27.235.94:8000/hls/36/index.m3u8,,,,,重庆卫视,,,,,,TianmuTNT.txt
重庆卫视,http://36.32.174.67:60080/newlive/live/hls/34/live.m3u8,,,,,重庆卫视,,,,,,TianmuTNT.txt
重庆卫视,http://123.130.84.106:8154/tsfile/live/0142_1.m3u8,,,,,重庆卫视,,,,,,TianmuTNT.txt
重庆卫视,http://61.136.172.236:9901/tsfile/live/0142_1.m3u8,,,,,重庆卫视,,,,,,TianmuTNT.txt
金川乡村,http://live.jinchuanrmt.com:90/live/jcxc.m3u8?zsicd,,,,,金川乡村,,,,,,TianmuTNT.txt
金川新闻综合,http://live.jinchuanrmt.com:90/live/zhxw.m3u8?zsicd,,,,,金川新闻综合,,,,,,TianmuTNT.txt
金鹰卡通,http://183.11.239.36:808/hls/69/index.m3u8,,,,,金鹰卡通,,,,,,TianmuTNT.txt
铜梁综合,http://183.64.174.171:40123/ch1.m3u8?zzhongqd,,,,,铜梁综合,,,,,,TianmuTNT.txt
镇江新闻综合,http://cm-wshls.homecdn.com/live/2aa50.m3u8,,,,,镇江新闻综合,,,,,,TianmuTNT.txt
长子综合,https://www.wxhcgbds.com:8081/channelTv/WXTV_1.m3u8?zshanxd,,,,,长子综合,,,,,,TianmuTNT.txt
长影频道,http://tpc.x3322.net:9901/tsfile/live/1010_1.m3u8,,,,,长影频道,,,,,,TianmuTNT.txt
长白山电视台,http://stream8.jlntv.cn/cbstv/sd/live.m3u8?zjild,,,,,长白山电视台,,,,,,TianmuTNT.txt
陕西卫视,http://112.27.235.94:8000/hls/43/index.m3u8,,,,,陕西卫视,,,,,,TianmuTNT.txt
陕西新闻咨询,http://112.46.105.20:8009/hls/18/index.m3u8,,,,,陕西新闻咨询,,,,,,TianmuTNT.txt
陕西洋县国宝朱鹮02,https://gcalic.v.myalicdn.com/gc/zh02_1/index.m3u8,,,,,陕西洋县国宝朱鹮02,,,,,,TianmuTNT.txt
陕西秦腔,http://112.46.105.20:8009/hls/22/index.m3u8,,,,,陕西秦腔,,,,,,TianmuTNT.txt
陕西都市青春,http://112.46.105.20:8009/hls/19/index.m3u8,,,,,陕西都市青春,,,,,,TianmuTNT.txt
陕西银龄,http://112.46.105.20:8009/hls/20/index.m3u8,,,,,陕西银龄,,,,,,TianmuTNT.txt
雪乡大石碑,https://gcalic.v.myalicdn.com/gc/mdjxxdsb_1/index.m3u8,,,,,雪乡大石碑,,,,,,TianmuTNT.txt
雪乡梦幻家园,https://gcalic.v.myalicdn.com/gc/mdjxxmhjyxj_1/index.m3u8,,,,,雪乡梦幻家园,,,,,,TianmuTNT.txt
青岛崂山八水河,https://gcalic.v.myalicdn.com/gc/qdls02_1/index.m3u8,,,,,青岛崂山八水河,,,,,,TianmuTNT.txt
青岛崂山双福,https://gcalic.v.myalicdn.com/gc/qdls03_1/index.m3u8,,,,,青岛崂山双福,,,,,,TianmuTNT.txt
青海卫视,http://123.130.84.106:8154/tsfile/live/0140_1.m3u8,,,,,青海卫视,,,,,,TianmuTNT.txt
青海卫视,http://123.130.84.106:8154/tsfile/live/0140_1.m3u8?key=txiptv&playlive=1&authid=0,,,,,青海卫视,,,,,,TianmuTNT.txt
青海卫视,http://111.61.236.247:9081/hls/49/index.m3u8,,,,,青海卫视,,,,,,TianmuTNT.txt
靖宇,http://stream8.jlntv.cn/jytv/sd/live.m3u8?zjild,,,,,靖宇,,,,,,TianmuTNT.txt
靖宇综合,http://stream9.jlntv.cn:80/aac_jygb/playlist.m3u8,,,,,靖宇综合,,,,,,TianmuTNT.txt
韩国EBS少儿,http://ebsonairios.ebs.co.kr/ebsutablet500k/tablet500k/playlist.m3u8,,,,,韩国EBS少儿,,,,,,TianmuTNT.txt
韩国电影1,https://stream.ads.ottera.tv/playlist.m3u8?network_id=595,,,,,韩国电影1,,,,,,TianmuTNT.txt
韩国电影2,https://stream.ads.ottera.tv/playlist.m3u8?network_id=743,,,,,韩国电影2,,,,,,TianmuTNT.txt
音乐欣赏,http://61.221.215.25:8800/hls/49/index.m3u8,,,,,音乐欣赏,,,,,,TianmuTNT.txt
飞碟之谜01,https://hls.cntv.lxdns.com/asp/hls/2000/0303000a/3/default/f0a47e155d32450daa1d36a04fd7d262/2000.m3u8,,,,,飞碟之谜01,,,,,,TianmuTNT.txt
飞碟之谜02,https://newcntv.qcloudcdn.com/asp/hls/2000/0303000a/3/default/d2454bbb542d4613a9db478dab2addfd/2000.m3u8,,,,,飞碟之谜02,,,,,,TianmuTNT.txt
鸣沙山,https://gcalic.v.myalicdn.com/gc/dhyyqst_1/index.m3u8,,,,,鸣沙山,,,,,,TianmuTNT.txt
黄山,https://gcalic.v.myalicdn.com/gc/ahhs01_1/index.m3u8,,,,,黄山,,,,,,TianmuTNT.txt
黄山始信新道,https://gcalic.v.myalicdn.com/gc/hsyg_1/index.m3u8,,,,,黄山始信新道,,,,,,TianmuTNT.txt
黄山排云亭,https://gcalic.v.myalicdn.com/gc/hspyt_1/index.m3u8,,,,,黄山排云亭,,,,,,TianmuTNT.txt
黄山飞来石,https://gcalic.v.myalicdn.com/gc/hsptgy_1/index.m3u8,,,,,黄山飞来石,,,,,,TianmuTNT.txt
黄果树六角亭瀑布,https://gcalic.v.myalicdn.com/gc/hgsspzxdpb_1/index.m3u8,,,,,黄果树六角亭瀑布,,,,,,TianmuTNT.txt
黄花城水长城01,https://gcalic.v.myalicdn.com/gc/wgw01_1/index.m3u8,,,,,黄花城水长城01,,,,,,TianmuTNT.txt
黄花城水长城02,http://gctxyc.liveplay.myqcloud.com/gc/wgw02_1/index.m3u8,,,,,黄花城水长城02,,,,,,TianmuTNT.txt
黄花城水长城03,https://gcalic.v.myalicdn.com/gc/wgw03_1/index.m3u8,,,,,黄花城水长城03,,,,,,TianmuTNT.txt
黄龙,https://gcalic.v.myalicdn.com/gc/hlzycc_1/index.m3u8,,,,,黄龙,,,,,,TianmuTNT.txt
黑龙江卫视,https://idclive.hljtv.com:4430/live/hljws_own.m3u8,,,,,黑龙江卫视,,,,,,TianmuTNT.txt
黑龙江卫视,http://218.13.170.98:9901/tsfile/live/1006_1.m3u8,,,,,黑龙江卫视,,,,,,TianmuTNT.txt
黑龙江卫视,http://124.116.183.146:9901/tsfile/live/0143_1.m3u8,,,,,黑龙江卫视,,,,,,TianmuTNT.txt
黑龙江卫视,http://112.27.235.94:8000/hls/48/index.m3u8,,,,,黑龙江卫视,,,,,,TianmuTNT.txt
黑龙江卫视,http://61.136.172.236:9901/tsfile/live/0143_1.m3u8,,,,,黑龙江卫视,,,,,,TianmuTNT.txt
黑龙江文体,https://idclive.hljtv.com:4430/live/hljwy_hd.m3u8,,,,,黑龙江文体,,,,,,TianmuTNT.txt
黑龙江都市,https://idclive.hljtv.com:4430/live/dushi_hd.m3u8,,,,,黑龙江都市,,,,,,TianmuTNT.txt
龙井,http://stream8.jlntv.cn/ljtv/sd/live.m3u8?zjild,,,,,龙井,,,,,,TianmuTNT.txt
龙井综合,http://stream9.jlntv.cn:80/aac_longjinggb/playlist.m3u8,,,,,龙井综合,,,,,,TianmuTNT.txt
龙游新闻综合,https://l.cztvcloud.com/channels/lantian/SXlongyou1/720p.m3u8,,,,,龙游新闻综合,,,,,,TianmuTNT.txt
龙游生活娱乐,https://l.cztvcloud.com/channels/lantian/SXlongyou2/720p.m3u8,,,,,龙游生活娱乐,,,,,,TianmuTNT.txt
龙门飞甲,http://jsmov2.a.yximgs.com/bs3/video-hls/5203346449046555193_hlsb.m3u8,,,,,龙门飞甲,,,,,,TianmuTNT.txt
[BD]východočeská tv,https://stream1.freetv.fun/6e5f19fadec393dee7105a562d752025ee7a7857bd66b323b84d3d07a261a3e4.m3u8,,,,,9DTV,台灣,國語,https://epg.pw/media/images/channel/2022/05/06/large/20220506173801210945_14.png,其它,,epg-pw.txt
[HD]afn tv[geo-blocked],https://stream1.freetv.fun/3345f14f1bde1ef4d783a53b6362fdfbbefcd3ee5127276c9cbe3016ce468124.m3u8,,,,,AFN(TW),台灣,英文,https://epg.pw/media/images/channel/2020/09/21/large/20200921205351734473_48.png,其它,,epg-pw.txt
[BD]bbc earth[geo-blocked],https://stream1.freetv.fun/24358f38712d187d2fd38cb6f4c48fa88543e025ac9a386899adec203cb10b0a.m3u8,,,,,BBC Earth(tw),台灣,英文,https://epg.pw/media/images/channel/2023/07/17/large/20230717234812634336_85.jpg,知識,,epg-pw.txt
[BD]bbc earth,https://stream1.freetv.fun/8ceea8c7e1961842e551fc90916350de2838ee500e19edf3fdbf2f2c0c3561bf.m3u8,,,,,BBC Earth(tw),台灣,英文,https://epg.pw/media/images/channel/2023/07/17/large/20230717234812634336_85.jpg,知識,,epg-pw.txt
[BD]tribeca channel[geo-blocked],https://stream1.freetv.fun/eb02cd9063e5cc9195c0b30f915697bf6d0911fa0dd3a682ddef1f5554285539.m3u8,,,,,CHANNEL [V],台灣,英文,https://epg.pw/media/images/channel/2022/08/06/large/20220806161730161952_53.jpg,音樂,,epg-pw.txt
[VGA]akaal channel,https://stream1.freetv.fun/db73c36ca3c01f0ff4f4c473297eb3d08863b3f1f716633ca5828602d244e505.m3u8,,,,,CHANNEL [V],台灣,英文,https://epg.pw/media/images/channel/2022/08/06/large/20220806161730161952_53.jpg,音樂,,epg-pw.txt
[SD]light channel,https://stream1.freetv.fun/8dbc34f95b9f378603cb881e64de466a5e0c8286c9ef3b5c642728f0447ebc3f.m3u8,,,,,CHANNEL [V],台灣,英文,https://epg.pw/media/images/channel/2022/08/06/large/20220806161730161952_53.jpg,音樂,,epg-pw.txt
[BD]sağlik channel,https://stream1.freetv.fun/dd73daa3ed7ff96ae8b5eae018276cc4f5550657503d19b54f51aa2626573b72.m3u8,,,,,CHANNEL [V],台灣,英文,https://epg.pw/media/images/channel/2022/08/06/large/20220806161730161952_53.jpg,音樂,,epg-pw.txt
[VGA]expo channel[geo-blocked],https://stream1.freetv.fun/8e5fe99dabee2258d0c802b85880aa479ac49b8d91f80527fe0e44c8e55c913d.m3u8,,,,,CHANNEL [V],台灣,英文,https://epg.pw/media/images/channel/2022/08/06/large/20220806161730161952_53.jpg,音樂,,epg-pw.txt
[HD]ficom channel,https://stream1.freetv.fun/6dd6d3b110e4da021e984dedbe8cfc0cb0cd490a6e3d304e85779b5a9b99a7ba.m3u8,,,,,CHANNEL [V],台灣,英文,https://epg.pw/media/images/channel/2022/08/06/large/20220806161730161952_53.jpg,音樂,,epg-pw.txt
[HD]zabb channel,https://stream1.freetv.fun/c270e0a8fd6fdbfc49d82e1c0a9c2220d1ebe8ab22f76cb27267ecc89b3da48d.m3u8,,,,,CHANNEL [V],台灣,英文,https://epg.pw/media/images/channel/2022/08/06/large/20220806161730161952_53.jpg,音樂,,epg-pw.txt
[HD]tempe channel 11,https://stream1.freetv.fun/779e874241500f42beca941afd58d3126ad9e5d3b0fa3b54b843326e63a2fdd0.m3u8,,,,,CHANNEL [V],台灣,英文,https://epg.pw/media/images/channel/2022/08/06/large/20220806161730161952_53.jpg,音樂,,epg-pw.txt
[BD]dopa channel,https://stream1.freetv.fun/ef5dccde84a3a6638da2b45a9ba2d62d1e745e39f5dfd774dfa4e497099b1682.m3u8,,,,,CHANNEL [V],台灣,英文,https://epg.pw/media/images/channel/2022/08/06/large/20220806161730161952_53.jpg,音樂,,epg-pw.txt
[VGA]my tv channel[geo-blocked],https://stream1.freetv.fun/e1e4bbe7106746633bad9cb4460351f974f7ee09c83db2724aa87b0e7c9b2db1.m3u8,,,,,CHANNEL [V],台灣,英文,https://epg.pw/media/images/channel/2022/08/06/large/20220806161730161952_53.jpg,音樂,,epg-pw.txt
[VGA]cfm tv channel 98,https://stream1.freetv.fun/5d40bc66637833adc63e6a758e2a2ac254101eab5647ad8288f3b73b606fd3a2.m3u8,,,,,CHANNEL [V],台灣,英文,https://epg.pw/media/images/channel/2022/08/06/large/20220806161730161952_53.jpg,音樂,,epg-pw.txt
[BD]magna channel,https://stream1.freetv.fun/96237410ab7c4004710907cb110949ede84be4d14e7f6b0879c34b6067da3d30.m3u8,,,,,CHANNEL [V],台灣,英文,https://epg.pw/media/images/channel/2022/08/06/large/20220806161730161952_53.jpg,音樂,,epg-pw.txt
[HD]burbank channel,https://stream1.freetv.fun/c7a55cbf1aeb6509077e5adb2afc8959f34d351a3bd7350eb2971e30db7bfaa0.m3u8,,,,,CHANNEL [V],台灣,英文,https://epg.pw/media/images/channel/2022/08/06/large/20220806161730161952_53.jpg,音樂,,epg-pw.txt
[VGA]channel 44,https://stream1.freetv.fun/760d4cc116b1b9441801b6a7befbe96ba7b91b39cd5ff8e23f37ed11f1badc69.m3u8,,,,,CHANNEL [V],台灣,英文,https://epg.pw/media/images/channel/2022/08/06/large/20220806161730161952_53.jpg,音樂,,epg-pw.txt
[SD]channel s,https://stream1.freetv.fun/7a28dcbcaf1436442e450321031f1e0f13e51e5972651ad17cd58798868b3872.m3u8,,,,,CHANNEL [V],台灣,英文,https://epg.pw/media/images/channel/2022/08/06/large/20220806161730161952_53.jpg,音樂,,epg-pw.txt
[HD]chile channel,https://stream1.freetv.fun/7c0dcec67042d2681e66cc211bd1143c3d5c78dac4f72c22350ec756d9f73e74.m3u8,,,,,CHANNEL [V],台灣,英文,https://epg.pw/media/images/channel/2022/08/06/large/20220806161730161952_53.jpg,音樂,,epg-pw.txt
[BD]miracle channel,https://stream1.freetv.fun/4ddb49bd20c094847477ab94ec4cf775d6f66115132a917d48e65aff860f9aad.m3u8,,,,,CHANNEL [V],台灣,英文,https://epg.pw/media/images/channel/2022/08/06/large/20220806161730161952_53.jpg,音樂,,epg-pw.txt
[BD]channel y,https://stream1.freetv.fun/52501a20f13443ddf70fb69ab554399f0e46d34dbaa4303848b59f74b7152c20.m3u8,,,,,CHANNEL [V],台灣,英文,https://epg.pw/media/images/channel/2022/08/06/large/20220806161730161952_53.jpg,音樂,,epg-pw.txt
[BD]lego channel[geo-blocked],https://stream1.freetv.fun/d7403987e5d413fc16976800854998b4c678d3d769f960fc4c67dfdc9194490f.ctv,,,,,CHANNEL [V],台灣,英文,https://epg.pw/media/images/channel/2022/08/06/large/20220806161730161952_53.jpg,音樂,,epg-pw.txt
[HD]mo channel,https://stream1.freetv.fun/52876d0cfa131060c3c6de1548fb2bd00f10294c49cd40d296b9c16c5573d847.m3u8,,,,,CHANNEL [V],台灣,英文,https://epg.pw/media/images/channel/2022/08/06/large/20220806161730161952_53.jpg,音樂,,epg-pw.txt
[BD]rama channel,https://stream1.freetv.fun/d19dff704687dfb95552e5c005588e22a8cbf66b3b6773f5d55870da72587e57.m3u8,,,,,CHANNEL [V],台灣,英文,https://epg.pw/media/images/channel/2022/08/06/large/20220806161730161952_53.jpg,音樂,,epg-pw.txt
[BD]stou channel,https://stream1.freetv.fun/fed92372482a2e386996fc427e2a77c348f091f0f4f50d49ebfc542f285c80e8.m3u8,,,,,CHANNEL [V],台灣,英文,https://epg.pw/media/images/channel/2022/08/06/large/20220806161730161952_53.jpg,音樂,,epg-pw.txt
[HD]kqsl channel 8,https://stream1.freetv.fun/6d00428f52796a0f9b72ee8e48abad447251132786a22f065272107316c68047.m3u8,,,,,CHANNEL [V],台灣,英文,https://epg.pw/media/images/channel/2022/08/06/large/20220806161730161952_53.jpg,音樂,,epg-pw.txt
[HD]iq channel[geo-blocked],https://stream1.freetv.fun/5470403858f86409657312d9cdcc1dd3ca4ae475f16708e293b7e652a8b7c2fd.m3u8,,,,,CHANNEL [V],台灣,英文,https://epg.pw/media/images/channel/2022/08/06/large/20220806161730161952_53.jpg,音樂,,epg-pw.txt
[HD]channel 11[geo-blocked],https://stream1.freetv.fun/c429f9a26d194c07f60f2cc2ce74303b08d301367ba100b87e006a06914a088e.m3u8,,,,,CHANNEL [V],台灣,英文,https://epg.pw/media/images/channel/2022/08/06/large/20220806161730161952_53.jpg,音樂,,epg-pw.txt
[BD]super channel 12,https://stream1.freetv.fun/e8b2e9f855fb126fdd709e933667b1cd763e36a5fc4bbfa7b5df82898adb2e73.m3u8,,,,,CHANNEL [V],台灣,英文,https://epg.pw/media/images/channel/2022/08/06/large/20220806161730161952_53.jpg,音樂,,epg-pw.txt
[BD]cooking channel,https://stream1.freetv.fun/f204d2bcd40362f1b92163527b2e9bfec8ac954ee359600902044070830fa789.m3u8,,,,,CHANNEL [V],台灣,英文,https://epg.pw/media/images/channel/2022/08/06/large/20220806161730161952_53.jpg,音樂,,epg-pw.txt
[BD]cable channel 37,https://stream1.freetv.fun/de787ec070cea0eb6d37c9fb2f10a4c85aab02cc5940e5561700335e32354ae8.m3u8,,,,,CHANNEL [V],台灣,英文,https://epg.pw/media/images/channel/2022/08/06/large/20220806161730161952_53.jpg,音樂,,epg-pw.txt
[HD]cool channel,https://stream1.freetv.fun/2e3998897b810e6ca1f5863a1884046c2090d7cbbf82aa2ca4bab0368234c86f.m3u8,,,,,CHANNEL [V],台灣,英文,https://epg.pw/media/images/channel/2022/08/06/large/20220806161730161952_53.jpg,音樂,,epg-pw.txt
[BD]tennis channel,https://stream1.freetv.fun/e4c9a275fe7d4374bd8de0506456947440655c6afdf72a677343a6dac102b575.m3u8,,,,,CHANNEL [V],台灣,英文,https://epg.pw/media/images/channel/2022/08/06/large/20220806161730161952_53.jpg,音樂,,epg-pw.txt
[BD]kartoon channel,https://stream1.freetv.fun/76f7e59ca47ced01049cb51983315c9f2bca9863d64bd10b65398674716495b5.m3u8,,,,,CHANNEL [V],台灣,英文,https://epg.pw/media/images/channel/2022/08/06/large/20220806161730161952_53.jpg,音樂,,epg-pw.txt
[BD]white channel,https://stream1.freetv.fun/e6f0655cf02462b453e15083cba0bc22f7c2ed427d0153b80c0de57bc086a5f6.m3u8,,,,,CHANNEL [V],台灣,英文,https://epg.pw/media/images/channel/2022/08/06/large/20220806161730161952_53.jpg,音樂,,epg-pw.txt
[VGA]light channel,https://stream1.freetv.fun/5d64a95916ea7d10d9e0131f315c3a63290b4002735e5e0d8eeff83e3e56e996.m3u8,,,,,CHANNEL [V],台灣,英文,https://epg.pw/media/images/channel/2022/08/06/large/20220806161730161952_53.jpg,音樂,,epg-pw.txt
[BD]pravasi channel,https://stream1.freetv.fun/41cf71e0f7f2c39b5c210e164bd3f8c91bfbb7d6b98ff15261ff2948a6bb1b63.m3u8,,,,,CHANNEL [V],台灣,英文,https://epg.pw/media/images/channel/2022/08/06/large/20220806161730161952_53.jpg,音樂,,epg-pw.txt
[VGA]light channel,https://stream1.freetv.fun/4d43f74b462cde582244f95ac7b0ea8a00032379ee49c7e786b9b06cbc7669fd.m3u8,,,,,CHANNEL [V],台灣,英文,https://epg.pw/media/images/channel/2022/08/06/large/20220806161730161952_53.jpg,音樂,,epg-pw.txt
[SD]tennis channel[geo-blocked],https://stream1.freetv.fun/2dbc6f2d0770eac0a7e28bcc15aaa6163d7c6f33a760018f2fa1e819fc5f3832.m3u8,,,,,CHANNEL [V],台灣,英文,https://epg.pw/media/images/channel/2022/08/06/large/20220806161730161952_53.jpg,音樂,,epg-pw.txt
[BD]pursuit channel,https://stream1.freetv.fun/d9da578942b8166b438e5cbbf6bc65f27c05ef9492691ef767a2c58fd03ef164.m3u8,,,,,CHANNEL [V],台灣,英文,https://epg.pw/media/images/channel/2022/08/06/large/20220806161730161952_53.jpg,音樂,,epg-pw.txt
[SD]ivoire channel,https://stream1.freetv.fun/e6fd793af18d33af5d733cfb4a92c312133939ea2ffc38a57d1ee5e41cae05a7.m3u8,,,,,CHANNEL [V],台灣,英文,https://epg.pw/media/images/channel/2022/08/06/large/20220806161730161952_53.jpg,音樂,,epg-pw.txt
[HD]xplore channel,https://stream1.freetv.fun/d79f65418a5872af77395ca2c844336a9e43da202a39e86396f14a863b483613.m3u8,,,,,CHANNEL [V],台灣,英文,https://epg.pw/media/images/channel/2022/08/06/large/20220806161730161952_53.jpg,音樂,,epg-pw.txt
[BD]cmusic,https://stream1.freetv.fun/12874e10df3ee3c483c12fc7a3ac5f7def30f463b35f3e0cf9dfe163ee16df8b.ctv,,,,,CMusic,台灣,國語,https://epg.pw/media/images/channel/2022/03/18/large/20220318090457244729_96.png,綜藝,,epg-pw.txt
[BD]discovery,https://stream1.freetv.fun/7c5d8bb68473e29f0336a20d263a2194a0f25e57adcdf5a0dde59a8e13ecc159.m3u8,,,,,Discovery(TW),台灣,英文,https://epg.pw/media/images/channel/2023/08/05/large/20230805000246427864_44.png,知識,,epg-pw.txt
[BD]delta tv,https://stream1.freetv.fun/1a8af234f3f251464bf680633e348eb6d051897aa1bede24cd85425aa9cbe46f.m3u8,,,,457246,ELTA體育4(備用),台灣,國語,https://epg.pw/media/images/channel/2025/01/25/large/20250125055529748409_19.png,運動,,epg-pw.txt
[HD]delta tv,https://stream1.freetv.fun/5f56fd510fa5a452dee263ca849faea760869a16bb26588a171ff364f1854384.m3u8,,,,457246,ELTA體育4(備用),台灣,國語,https://epg.pw/media/images/channel/2025/01/25/large/20250125055529748409_19.png,運動,,epg-pw.txt
[HD]eveo,https://stream1.freetv.fun/4b6cd5ec7ff09e4489df7cf74a0b0fa71bb127170b87c21afcf9e3935e3cd4f1.m3u8,,,,,EVE HD(maintain),台灣,英文,https://epg.pw/media/images/channel/2016/01/29/large/20160129175702835037_89.png,知識,,epg-pw.txt
[HD]hgptv[geo-blocked],https://stream1.freetv.fun/141109266e77ea1564fd9b48f926cc7fa7fff386256ad35925e868130561d19f.m3u8,,,,,HGTV(TW),台灣,英文,https://epg.pw/media/images/channel/2017/08/20/large/20170820230629325523_98.png,知識,,epg-pw.txt
[SD]hollywood,https://stream1.freetv.fun/95a8b50ee9ca6c3c94b6bdf5ac8fcbbbea9de08e4eaa4ec3263f37b0c9a8a9d2.m3u8,,,,,Hollywood,台灣,國語,https://epg.pw/media/images/channel/2023/03/05/large/20230305234858603161_67.png,電影,,epg-pw.txt
[HD]made in hollywood[geo-blocked],https://stream1.freetv.fun/bbbf21ee4afc58dbfcbaa98da54bb3aadd14c2649207295e4e247e98f2e90d90.m3u8,,,,,Hollywood,台灣,國語,https://epg.pw/media/images/channel/2023/03/05/large/20230305234858603161_67.png,電影,,epg-pw.txt
[BD]young hollywood[geo-blocked],https://stream1.freetv.fun/b4071bf8e755cc3de63150e1668117c38f0e9a1b820f1e303e79df2dc6bf94b8.m3u8,,,,,Hollywood,台灣,國語,https://epg.pw/media/images/channel/2023/03/05/large/20230305234858603161_67.png,電影,,epg-pw.txt
[BD]young hollywood,https://stream1.freetv.fun/18720f11dd7c68ada93f44505d36f38eb9c84db63030b27752b60ca0481c33d8.m3u8,,,,,Hollywood,台灣,國語,https://epg.pw/media/images/channel/2023/03/05/large/20230305234858603161_67.png,電影,,epg-pw.txt
[BD]极限电电影,https://stream1.freetv.fun/032c404de2a76973e9ca7ebf4e38bc01076180e7380b0b00aba882df13be7929.ctv,,,,,JStar極限電影臺,台灣,國語,https://epg.pw/media/images/channel/2022/02/10/large/20220210222605861903_24.png,電影,,epg-pw.txt
[HD]time line,https://stream1.freetv.fun/1b6e131eebe7d3e720801e8ee358ded4ad172159a1c3383bfad1fa7782f2773e.m3u8,,,,,Lifetime(TW),台灣,國語,https://epg.pw/media/images/channel/2024/04/28/large/20240428174927817268_88.png,綜藝,,epg-pw.txt
[BD]love nature en espanol[geo-blocked],https://stream1.freetv.fun/746f81504ed5394d76b3ab34f90064b2e710cc7023dbe76faa8b6d49cd6d8271.m3u8,,,,,Love Nature,台灣,國語,https://epg.pw/media/images/channel/2023/02/05/large/20230205151332194260_50.jpg,知識,,epg-pw.txt
[BD]love nature[geo-blocked],https://stream1.freetv.fun/b0000c4eb57bda1a3b5648b80522cabcc1bb196fb9ad2f34bc1e58b1608855a1.m3u8,,,,,Love Nature,台灣,國語,https://epg.pw/media/images/channel/2023/02/05/large/20230205151332194260_50.jpg,知識,,epg-pw.txt
[HD]love nature,https://stream1.freetv.fun/b030d10fd2f7b4894f26a6635ce090079b82025b60c78e03c5ff792ff6144ba9.m3u8,,,,,Love Nature,台灣,國語,https://epg.pw/media/images/channel/2023/02/05/large/20230205151332194260_50.jpg,知識,,epg-pw.txt
[BD]love nature,https://stream1.freetv.fun/08226d130581dc038208377142bf03decd99b8e6d57933a9a8e6d79bb51d02ce.m3u8,,,,,Love Nature,台灣,國語,https://epg.pw/media/images/channel/2023/02/05/large/20230205151332194260_50.jpg,知識,,epg-pw.txt
[BD]love nature,https://stream1.freetv.fun/5472618bfd00dacebe5b500625ca6f1549d81659dd4e01e1f6d9d4678472c49e.m3u8,,,,,Love Nature,台灣,國語,https://epg.pw/media/images/channel/2023/02/05/large/20230205151332194260_50.jpg,知識,,epg-pw.txt
[VGA]mezzo,https://stream1.freetv.fun/755b24915fa672bf79861540975209f55a7bcca635d24c1d97489f3cfeedc48b.m3u8,,,,370197,MEZZO LIVE(TW),台灣,英文,https://epg.pw/media/images/channel/2024/08/14/large/20240814094908863860_80.png,音樂,,epg-pw.txt
[BD]pet club tv,https://stream1.freetv.fun/08fd35f18cd1a26fe08be8595efdb627fea3a00f1915d5c68472525eccc3a739.m3u8,,,,,PET CLUB TV,台灣,國語,https://epg.pw/media/images/channel/2022/02/10/large/20220210221839864411_20.png,其它,,epg-pw.txt
[HD]folklore tv,https://stream1.freetv.fun/98c53bd59bc155d0fac8237f383bddf9815371d239302047e61be96841044d7f.m3u8,,,,,Rollor TV,台灣,國語,https://epg.pw/media/images/channel/2022/05/13/large/20220513163637437470_26.jpg,綜合,,epg-pw.txt
[BD]star movies select,https://stream1.freetv.fun/c4511a696b0ccdb746daf82234b2d67e0ebf0e47d1868d8ccfba5cc4bb6a43fd.m3u8,,,,,Star Movies TW,台灣,英文,https://epg.pw/media/images/channel/2022/04/28/large/20220428143809984195_35.png,電影,,epg-pw.txt
[BD]ttv,https://stream1.freetv.fun/f3f1e4c6caa6dfdca0cc37270c3d7316980e5bbf45333618e5a50f12722905b4.m3u8,,,,,TITV,台灣,國語,https://epg.pw/media/img/logo/3_6.jpg,其它,,epg-pw.txt
[HD]tvbs news[geo-blocked],https://stream1.freetv.fun/5325e5d7ff0449ec19c4c62689170c6410bdfb91394e5b684a473f1633d19252.m3u8,,,,,TVBS News,台灣,國語,https://epg.pw/media/images/channel/2023/09/22/large/20230922145019289857_16.png,新聞,,epg-pw.txt
[BD]roll,https://stream1.freetv.fun/7800a2993b8300f0ec15bb3d01410220078c20af4158662907a7b6648bcb6ca2.m3u8,,,,,rollor,台灣,國語,https://epg.pw/media/uploads/tmp_logo/2017/12/31/20171231124736667453_34.png,綜合,,epg-pw.txt
[BD]中天新聞[geo-blocked],https://stream1.freetv.fun/9f5ba0a9a192409515bbcfe5729f56323b39408f63d0e6fb559c6771587d4e5d.ctv,,,,370177,中天新聞FHD,台灣,國語,https://epg.pw/media/images/channel/2022/03/05/large/20220305151207450324_69.png,新聞,,epg-pw.txt
[BD]中视,https://stream1.freetv.fun/45ac2d27741f80af63fd8e1938e067ec7ea8c1c9ac34b46c6dc31917205cc1bd.m3u8,,,,,中視HD,台灣,國語,https://epg.pw/media/images/channel/2025/01/28/large/20250128055838912553_80.png,綜合,,epg-pw.txt
[BD]中視新聞[geo-blocked],https://stream1.freetv.fun/a72d71ffd28f1c98306c00557a28a5f3659a223a9bc5209d25e474f1acec5706.ctv,,,,,中視新聞臺,台灣,國語,https://epg.pw/media/images/channel/2022/05/06/large/20220506164553238162_16.png,新聞,,epg-pw.txt
[HD]人间卫视,https://stream1.freetv.fun/1f63ffacdc4c93b5736f59829aac1fccdf3df1e37bf8ba95c258b6e7d946d8a7.m3u8,,,,,人間衛視,台灣,國語,https://epg.pw/media/img/logo/1_164.jpg,其它,,epg-pw.txt
[HD]人间卫视,https://stream1.freetv.fun/4929926b9c0e163d70e9671c7796de6c95216a231f93675002e3f2e0a057c868.ctv,,,,,人間衛視,台灣,國語,https://epg.pw/media/img/logo/1_164.jpg,其它,,epg-pw.txt
[VGA]人间卫视,https://stream1.freetv.fun/175336a4228beddd28e8a5d4ea770238c8df19e92099721a956245cb51ffabdc.m3u8,,,,,人間衛視,台灣,國語,https://epg.pw/media/img/logo/1_164.jpg,其它,,epg-pw.txt
[HD]人间卫视,https://stream1.freetv.fun/9f76ad62b7ac59970b10e209f250df382971823ed12f12459c11d5ca71e0d7b9.m3u8,,,,,人間衛視,台灣,國語,https://epg.pw/media/img/logo/1_164.jpg,其它,,epg-pw.txt
[HD]人间卫视,https://stream1.freetv.fun/5b84e533cb668769468a8f5dbc6fe5cd1cb13b02fed0c7ca665de291f59d7cee.ctv,,,,,人間衛視,台灣,國語,https://epg.pw/media/img/logo/1_164.jpg,其它,,epg-pw.txt
[BD]八大精彩[geo-blocked],https://stream1.freetv.fun/0f1e36441573813a4b98ccd833ea4a09ed625b74d1c46ab2235645956d3620ce.ctv,,,,370231,八大精彩,台灣,國語,https://epg.pw/media/images/channel/2023/07/18/large/20230718002502772228_50.png,綜合,,epg-pw.txt
[BD]八大綜藝[geo-blocked],https://stream1.freetv.fun/b8756cf3f329d21b7edf01ce62130edaf5400ff7011d640f052e59cd32b93be4.ctv,,,,370146,八大綜藝,台灣,國語,https://epg.pw/media/images/channel/2023/12/07/large/20231207033636715896_75.png,綜合,,epg-pw.txt
[BD]公视戏剧,https://stream1.freetv.fun/5d7f7cd3ae208653f25e1f78ef7f4684b10b37f034002f7566d045a779fe1cdf.ctv,,,,370226,公視戲劇,台灣,國語,https://epg.pw/media/images/channel/2021/01/11/large/20210111204548266167_97.png,電影,,epg-pw.txt
[BD]公視戲劇[geo-blocked],https://stream1.freetv.fun/07976fa2383e60625cb7f539de8244e1c3da97eda873c93fb95f25f649734fa7.ctv,,,,370226,公視戲劇,台灣,國語,https://epg.pw/media/images/channel/2021/01/11/large/20210111204548266167_97.png,電影,,epg-pw.txt
[BD]台视新闻,https://stream1.freetv.fun/41157664acf190bce85c72f310a742879b275e1912726bc43f323ff6ae321e09.m3u8,,,,,台視新聞FHD,台灣,國語,https://epg.pw/media/images/channel/2023/07/24/large/20230724094914581648_75.png,新聞,,epg-pw.txt
[VGA]唯心電視,https://stream1.freetv.fun/f4f058a27c81c5b4c23df4cdab1084d98087382f601d536a13050f5c46e64090.m3u8,,,,,唯心電視,台灣,國語,https://epg.pw/media/images/channel/2022/05/12/large/20220512231926730574_47.jpg,其它,,epg-pw.txt
[VGA]唯心電視,https://stream1.freetv.fun/86c6785717df3f8ece5899b0b71e3b48d6fce33fbe48d68d7361b650f8ea54ec.m3u8,,,,,唯心電視,台灣,國語,https://epg.pw/media/images/channel/2022/05/12/large/20220512231926730574_47.jpg,其它,,epg-pw.txt
[BD]好消息2[geo-blocked],https://stream1.freetv.fun/11d53c5fe32befa36204fd9e042f23c1e4b75762286d00f28c0368d1e109e4c4.ctv,,,,370248,好訊息 2,台灣,國語,https://epg.pw/media/images/channel/2023/12/07/large/20231207034508944601_88.png,其它,,epg-pw.txt
[BD]客家電視[geo-blocked],https://stream1.freetv.fun/2d8e5bb5710aeebc2a0b18faacb27d78c08224e45e812a33e48c2b803c17c2bc.ctv,,,,,客家電視,台灣,國語,https://epg.pw/media/images/channel/2023/07/17/large/20230717235131193152_90.png,綜合,,epg-pw.txt
[BD]寰宇新聞[geo-blocked],https://stream1.freetv.fun/5273d4bc06f84f60217f9b934d9a249f1a628429ef1e75063febfb366271a697.ctv,,,,,寰宇新聞,台灣,國語,https://epg.pw/media/images/channel/2023/07/24/large/20230724134624405697_90.png,新聞,,epg-pw.txt
[BD]影迷數位電影[geo-blocked],https://stream1.freetv.fun/a4bd5e9f0719aa08187ccdca01f69c05bf7c55576ba973925994bbf7a88fab72.ctv,,,,370244,影迷數位電影臺,台灣,國語,https://epg.pw/media/images/channel/2025/08/01/large/20250801024940463178_43.jpeg,電影,,epg-pw.txt
[BD]時尚運動[geo-blocked],https://stream1.freetv.fun/fe9b4d42d042e20b1b2fd56f3f2ea6cecc833309712e7fdd8d7f689e6da82d2c.ctv,,,,,時尚運動X,台灣,國語,https://epg.pw/media/images/channel/2022/02/10/large/20220210222534937410_51.png,運動,,epg-pw.txt
[BD]智林體育[geo-blocked],https://stream1.freetv.fun/1bd584833bf78112cd969a539057d521b2d69794783f353d10b0ed25c491705f.ctv,,,,,智林體育,台灣,國語,https://epg.pw/media/images/channel/2022/05/10/large/20220510161417649264_37.jpg,運動,,epg-pw.txt
[BD]東森新聞[geo-blocked],https://stream1.freetv.fun/92ae860c9e5d6846d72f6f0206954d84356ee07f2fbcf43b77e6a6f3a4712709.ctv,,,,,東森新聞臺,台灣,國語,https://epg.pw/media/,新聞,,epg-pw.txt
[BD]东森美洲2,https://stream1.freetv.fun/eb4ded3c365bf7d42bebf4dbe94e8f4a601ccf18f345bdeb7968b0fb5541c803.m3u8,,,,,東森美洲,台灣,國語,https://epg.pw/media/images/channel/2022/10/23/large/20221023212524554784_66.jpg,綜合,,epg-pw.txt
[BD]東森財經新聞[geo-blocked],https://stream1.freetv.fun/4337ba38d4a1eb2397fc2d8bfcdefb0402de59f89d49a0d3c49615572d46a45a.ctv,,,,,東森財經新聞,台灣,國語,https://epg.pw/media/images/channel/2022/11/26/large/20221126212851373992_22.jpg,新聞,,epg-pw.txt
[BD]东森超视,https://stream1.freetv.fun/bf0c93b73b47a18039f8e42d027ba66e63d7627ddfbfbd47a2ea77784413a4bc.m3u8,,,,456533,東森超視,台灣,國語,https://epg.pw/media/images/channel/2023/07/22/large/20230722105657399125_36.png,綜合,,epg-pw.txt
[BD]民视,https://stream1.freetv.fun/60a9f375b5ab425ec19fa7c0ed5d870d05bbbb21e04b95b696734bfb1243e083.m3u8,,,,,民視HD,台灣,國語,https://epg.pw/media/images/channel/2023/07/24/large/20230724151437383611_37.png,綜合,,epg-pw.txt
[BD]民视影剧,https://stream1.freetv.fun/aeaa276b0f26990d40f2961860c6800aa8f9952ed53e4dbdac183a6da752c5bf.ctv,,,,370227,民視影劇臺,台灣,國語,https://epg.pw/media/images/channel/2023/07/24/large/20230724152803394226_33.png,電影,,epg-pw.txt
[BD]民視影劇[geo-blocked],https://stream1.freetv.fun/3e40b3b0b16521cbb42da56c15a4648cd5e5ef9ca546f60cad2d1cfc4046aaa9.ctv,,,,,民視影劇臺,台灣,國語,https://epg.pw/media/images/channel/2022/02/10/large/20220210223252835797_79.png,電影,,epg-pw.txt
[BD]民視新聞[geo-blocked],https://stream1.freetv.fun/59a738a0d32b91f00ba55625b460854ea7264bad737f2d3d97dd5841720dbeef.ctv,,,,,民視新聞 HD,台灣,國語,https://epg.pw/media/images/channel/2022/05/06/large/20220506171601310367_14.png,新聞,,epg-pw.txt
[BD]民视新闻,https://stream1.freetv.fun/a6dd48cff68c1da6ae33d7a2d962ab66d11a3791c0f133b0cd3bbbf99ea8b3c8.m3u8,,,,,民視新聞HD,台灣,國語,https://epg.pw/media/images/channel/2023/07/24/large/20230724152553016179_83.png,新聞,,epg-pw.txt
[BD]民視旅遊[geo-blocked],https://stream1.freetv.fun/15b4b8dc8a97f18e6324ea4a7e3cfabd56ca1035fe0b4228d9b0f45ea70127fa.ctv,,,,,民視旅遊臺,台灣,國語,https://epg.pw/media/images/channel/2022/02/10/large/20220210223228622836_46.png,其它,,epg-pw.txt
[BD]民視第一[geo-blocked],https://stream1.freetv.fun/af212cd9356e133d3236f72ad03475385705339f9f4ac505598883a6a7a375f8.ctv,,,,,民視第一臺,台灣,國語,https://epg.pw/media/images/channel/2022/03/23/large/20220323172047199293_67.png,綜合,,epg-pw.txt
[BD]民視綜藝[geo-blocked],https://stream1.freetv.fun/c414641533a28d3903cf18faa16e134834e4b2eb73a81cb9b2d647f4b0c97603.ctv,,,,,民視綜藝臺,台灣,國語,https://epg.pw/media/images/channel/2022/02/10/large/20220210223807030725_31.png,綜藝,,epg-pw.txt
[BD]民視台灣[geo-blocked],https://stream1.freetv.fun/592f0de2848b34c41616284170cbde87834f18876e85c037e05eb673520a4ff2.ctv,,,,,民視臺灣台,台灣,國語,https://epg.pw/media/images/channel/2023/07/24/large/20230724151611469778_92.png,綜合,,epg-pw.txt
