频道名,地址,回播地址,回播类型,回播天数,tvg-id,tvg-name,国家分组,语言分组,图标,原分组,分辨率,来源文件
湖南电视剧,https://stream1.freetv.fun/hu-nan-dian-shi-ju-15.m3u8,,,,,,,,,,,CCSH.txt
湖南电视剧,https://stream1.freetv.fun/hu-nan-dian-shi-ju-1.m3u8,,,,,,,,,,,CCSH.txt
湖南电视剧,https://stream1.freetv.fun/hu-nan-dian-shi-ju-11.m3u8,,,,,,,,,,,CCSH.txt
湖南电视剧,https://stream1.freetv.fun/hu-nan-dian-shi-ju-10.ctv,,,,,,,,,,,CCSH.txt
湖南电视剧,https://stream1.freetv.fun/hu-nan-dian-shi-ju-5.m3u8,,,,,,,,,,,CCSH.txt
湖南电视剧,https://stream1.freetv.fun/hu-nan-dian-shi-ju-6.m3u8,,,,,,,,,,,CCSH.txt
湖南电视剧,http://phonehw.qing.mgtv.com/nn_live/nn_x64/dWlwPTEwMy4zOS4yMjYuMTAwJnFpZD0mY2RuZXhfaWQ9aHdfcGhvbmUmcz0yODUxNGViMDMzMTQxNjdjYTNiMzYxNjlmNTRmOGYzMSZ1aWQ9JnV1aWQ9ZTRkODgyNGE1YzQ4ZjVkOGQ4MjRmMWRjYzdlOGRlMWUtNjcyN2UyNjQmdj0yJmFzPTAmZXM9MTc0MDQwMTU5Nw,,,,,/HNDSJMPP360.m3u8,,,,,,CCSH.txt
湖南电视剧,https://stream1.freetv.fun/hu-nan-dian-shi-ju-9.m3u8,,,,,,,,,,,CCSH.txt
湖南电视剧,http://phoneqq.qing.mgtv.com/nn_live/nn_x64/dWlwPTEwNi4xNC4zOC41NSZ0ZXJtPTUmcWlkPSZyYXV0aF9lbmFibGU9b2ZmJmNkbmV4X2lkPXFxX3Bob25lX2xpdmUmY2hzPSZkZWY9MSZzPTQ2NDc3ZDFlMjBlZDI1YWEwZTE3YzRlOGVmZWNkODYyJnVpZD0mdXVpZD1mMWFmMGYwNzFiNzBmMzJhYTViYWIzYmFhMGUyYTJiZC02YTBlMjYzNyZ2PTImYXM9MCZlcz0xNzc5MzM3NTM2/HNDSJMPP360.m3u8,,,,,,,,,,,CCSH.txt
湖南经视,http://113.241.133.180:85/tsfile/live/1001_1.m3u8?key=txiptv&playlive=1&authid=0,,,,,,,,,,,CCSH.txt
湖南经视,https://stream1.freetv.fun/hu-nan-jing-shi-9.m3u8,,,,,,,,,,,CCSH.txt
湖南经视,http://phoneqq.qing.mgtv.com/nn_live/nn_x64/dWlwPTEwNi4xNC4zOC41NSZ0ZXJtPTUmcWlkPSZyYXV0aF9lbmFibGU9b2ZmJmNkbmV4X2lkPXFxX3Bob25lX2xpdmUmY2hzPSZkZWY9MSZzPWQ3ODdmMDg3N2ViMjFmOTMxYTlmM2Y0OWM5ZTVmMjE0JnVpZD0mdXVpZD05YmQxOTk1NDU1YmRlZjZkMDMxNTNjYmYyYjE2MzUzMi02YTBlMjYzNyZ2PTImYXM9MCZlcz0xNzc4NzgyOTIx/HNJSMPP360.m3u8,,,,,,,,,,,CCSH.txt
湖南经视,https://stream1.freetv.fun/hu-nan-jing-shi-10.m3u8,,,,,,,,,,,CCSH.txt
湖南经视,https://stream1.freetv.fun/hu-nan-jing-shi-14.m3u8,,,,,,,,,,,CCSH.txt
湖南经视,https://stream1.freetv.fun/hu-nan-jing-shi-12.m3u8,,,,,,,,,,,CCSH.txt
湖南经视,https://stream1.freetv.fun/hu-nan-jing-shi-4.m3u8,,,,,,,,,,,CCSH.txt
湖南经视,https://stream1.freetv.fun/hu-nan-jing-shi-11.m3u8,,,,,,,,,,,CCSH.txt
湖南经视,https://stream1.freetv.fun/hu-nan-jing-shi-13.m3u8,,,,,,,,,,,CCSH.txt
湖南经视,https://stream1.freetv.fun/hu-nan-jing-shi-10.ctv,,,,,,,,,,,CCSH.txt
湖南经视,https://stream1.freetv.fun/hu-nan-jing-shi-gao-qing-2.m3u8,,,,,,,,,,,CCSH.txt
湖南经视,http://phoneqq.qing.mgtv.com/nn_live/nn_x64/dWlwPTEwNi4xNC4zOC41NSZ0ZXJtPTUmcWlkPSZyYXV0aF9lbmFibGU9b2ZmJmNkbmV4X2lkPXFxX3Bob25lX2xpdmUmY2hzPSZkZWY9MSZzPWQ5YTRjMWM4OGYyNzVmYWU2N2ZkYjg2ZGY1Yzc4YWUwJnVpZD0mdXVpZD1jODc5ZDMzNzljYmRiNDI5MWI1NjcxMTIzOGU2M2U2OS02YTBlMjYzNyZ2PTImYXM9MCZlcz0xNzc5MzI1MjI4/HNJSMPP360.m3u8,,,,,,,,,,,CCSH.txt
湖南经视,http://223.159.9.168:8099/tsfile/live/1006_1.m3u8?key=txiptv&playlive=0&authid=0,,,,,1920x1080,,,0.47,,,CCSH.txt
湖南都市,http://113.241.133.180:85/tsfile/live/1002_1.m3u8?key=txiptv&playlive=1&authid=0,,,,,,,,,,,CCSH.txt
湖南都市,https://stream1.freetv.fun/hu-nan-du-shi-gao-qing-3.m3u8,,,,,,,,,,,CCSH.txt
湖南都市,https://stream1.freetv.fun/hu-nan-du-shi-5.m3u8,,,,,,,,,,,CCSH.txt
湖南都市,https://stream1.freetv.fun/hu-nan-du-shi-6.m3u8,,,,,,,,,,,CCSH.txt
湖南都市,http://phonehwei.qing.mgtv.com/nn_live/nn_x64/dWlwPTEwNi4xNC4zOC41NSZ0ZXJtPTUmcWlkPSZyYXV0aF9lbmFibGU9b2ZmJmNkbmV4X2lkPWh3X3Bob25lJmNocz0mZGVmPTEmcz0xYjY0ZDQ2MzM2OWJiOTMzZGQ1NDVjOTA2MGVlNWIwMyZ1aWQ9JnV1aWQ9Y2U3OGRiMGQzOTVmMWFlNDkwZTkxYjkxYmI3ZjZjOTUtNmEwZTI2Mzcmdj0yJmFzPTAmZXM9MTc3ODgwMTQxNg,,,,,/HNDSMPP360.m3u8,,,,,,CCSH.txt
湖南都市,https://stream1.freetv.fun/hu-nan-du-shi-15.m3u8,,,,,,,,,,,CCSH.txt
湖南都市,https://stream1.freetv.fun/hu-nan-du-shi-14.m3u8,,,,,,,,,,,CCSH.txt
湖南都市,https://stream1.freetv.fun/hu-nan-du-shi-10.m3u8,,,,,,,,,,,CCSH.txt
湖南都市,https://stream1.freetv.fun/hu-nan-du-shi-gao-qing-1.m3u8,,,,,,,,,,,CCSH.txt
湖南都市,https://stream1.freetv.fun/hu-nan-du-shi-7.m3u8,,,,,,,,,,,CCSH.txt
湖南都市,https://stream1.freetv.fun/hu-nan-du-shi-11.m3u8,,,,,,,,,,,CCSH.txt
湖南都市,https://stream1.freetv.fun/hu-nan-du-shi-1.m3u8,,,,,,,,,,,CCSH.txt
湖南都市,https://stream1.freetv.fun/hu-nan-du-shi-12.ctv,,,,,,,,,,,CCSH.txt
湖南都市,http://phoneqq.qing.mgtv.com/nn_live/nn_x64/dWlwPTEwNi4xNC4zOC41NSZ0ZXJtPTUmcWlkPSZyYXV0aF9lbmFibGU9b2ZmJmNkbmV4X2lkPXFxX3Bob25lX2xpdmUmY2hzPSZkZWY9MSZzPTRjMWUyN2NiYWM5ZGZhOWM5YjBkODAzMDJhZDQyZDQzJnVpZD0mdXVpZD0xNDUxMmE5ZWY1YTljNTVmNTEzZjJjMjllOGI2NWRhYi02YTBlMjYzNyZ2PTImYXM9MCZlcz0xNzc5MzMyODU5/HNDSMPP360.m3u8,,,,,,,,,,,CCSH.txt
湖南都市,http://223.159.9.168:8099/tsfile/live/1002_1.m3u8?key=txiptv&playlive=0&authid=0,,,,,1920x1080,,,0.35,,,CCSH.txt
湖南金鹰纪实,http://61.184.46.85:85/tsfile/live/1026_1.m3u8?key=txiptv&playlive=1&authid=0,,,,,,,,,,,CCSH.txt
金鹰纪实,https://shcm-stream-cf1.stream.264788.xyz/cms001/ch00000090990000001230/index.m3u8?streamid=b33f7690b2ce36708f54588c53a20742&streamkey=0WsC3jqv5pZMcSblg4DZtgreJmd4foRd8i0LClhgl8HXNdOGuoX6PwcyqNHl1RzGO3gJjOwhlYBA2d0pTcg6HBWgYES0onWMebht6dfjBxjPil8VkXp7uLGlp&token=1775757017-0744f4768e6a7774-0-d6ae4e1cbdc25c14c81fe91811256f8b,,,,,,,,,,,CCSH.txt
金鹰纪实,https://stream1.freetv.fun/jin-ying-ji-shi-37.m3u8,,,,,,,,,,,CCSH.txt
金鹰纪实,https://stream1.freetv.fun/jin-ying-ji-shi-38.m3u8,,,,,,,,,,,CCSH.txt
金鹰纪实,https://stream1.freetv.fun/jin-ying-ji-shi-8.m3u8,,,,,,,,,,,CCSH.txt
金鹰纪实,https://stream1.freetv.fun/jin-ying-ji-shi-39.ctv,,,,,,,,,,,CCSH.txt
金鹰纪实,https://stream1.freetv.fun/jin-ying-ji-shi-34.m3u8,,,,,,,,,,,CCSH.txt
金鹰纪实,https://stream1.freetv.fun/jin-ying-ji-shi-21.ctv,,,,,,,,,,,CCSH.txt
金鹰纪实,https://stream1.freetv.fun/jin-ying-ji-shi-19.ctv,,,,,,,,,,,CCSH.txt
金鹰纪实,https://stream1.freetv.fun/jin-ying-ji-shi-14.m3u8,,,,,,,,,,,CCSH.txt
金鹰纪实,https://stream1.freetv.fun/jin-ying-ji-shi-gao-qing-2.m3u8,,,,,,,,,,,CCSH.txt
金鹰纪实,https://stream1.freetv.fun/jin-ying-ji-shi-43.ctv,,,,,,,,,,,CCSH.txt
金鹰纪实,https://stream1.freetv.fun/ipv6-jin-ying-ji-shi-20.m3u8,,,,,,,,,,,CCSH.txt
金鹰纪实,https://stream1.freetv.fun/jin-ying-ji-shi-31.ctv,,,,,,,,,,,CCSH.txt
金鹰纪实,https://stream1.freetv.fun/jin-ying-ji-shi-23.ctv,,,,,,,,,,,CCSH.txt
金鹰纪实,https://stream1.freetv.fun/jin-ying-ji-shi-13.ctv,,,,,,,,,,,CCSH.txt
金鹰纪实,https://stream1.freetv.fun/jin-ying-ji-shi-41.ctv,,,,,,,,,,,CCSH.txt
金鹰纪实,https://stream1.freetv.fun/jin-ying-ji-shi-6.m3u8,,,,,,,,,,,CCSH.txt
金鹰纪实,https://stream1.freetv.fun/jin-ying-ji-shi-33.m3u8,,,,,,,,,,,CCSH.txt
长沙政法,https://t.freetv.fun/live/chang-sha-zheng-fa-1.m3u8,,,,,,,,,,,CCSH.txt
长沙新闻,https://t.freetv.fun/live/chang-sha-xin-wen-3.m3u8,,,,,,,,,,,CCSH.txt
长沙新闻综合,http://ottrrs.hl.chinamobile.com/PLTV/88888888/224/3221226308/index.m3u8,,,,,,,,,,,CCSH.txt
长沙新闻频道,http://phoneqq.qing.mgtv.com/nn_live/nn_x64/dWlwPTEwNi4xNC4zOC41NSZ0ZXJtPTUmcWlkPSZyYXV0aF9lbmFibGU9b2ZmJmNkbmV4X2lkPXFxX3Bob25lX2xpdmUmY2hzPSZkZWY9MSZzPTgyZjgzNDM3ZTExNjc3N2YzMThkNTNmNjkwMWU0ODkwJnVpZD0mdXVpZD00NWNmMmM2YjIxNjYzYzFjNGY3ZThhZTU2MTE2ZmQ4Ny02YTBlMjYzNyZ2PTImYXM9MCZlcz0xNzc4NzgxNjcw/CSXWMPP360.m3u8,,,,,,,,,,,CCSH.txt
长沙新闻频道,http://phoneqq.qing.mgtv.com/nn_live/nn_x64/dWlwPTEwNi4xNC4zOC41NSZ0ZXJtPTUmcWlkPSZyYXV0aF9lbmFibGU9b2ZmJmNkbmV4X2lkPXFxX3Bob25lX2xpdmUmY2hzPSZkZWY9MSZzPWRhMTJmYjkzYTkyZjBiNTNlYmFiYzUzYjYyZGE0NjNjJnVpZD0mdXVpZD0zM2VkNjY2ZGVmYzc4MWUzZWQ0YzI1NzZlNDZjYjA1NS02YTBlMjYzNyZ2PTImYXM9MCZlcz0xNzc5MzI4NTcw/CSXWMPP360.m3u8,,,,,,,,,,,CCSH.txt
十堰新闻,https://t.freetv.fun/live/shi-yan-xin-wen-5.m3u8,,,,,,,,,,,CCSH.txt
十堰新闻,https://t.freetv.fun/live/shi-yan-xin-wen-6.m3u8,,,,,,,,,,,CCSH.txt
十堰新闻,https://t.freetv.fun/live/shi-yan-xin-wen-7.m3u8,,,,,,,,,,,CCSH.txt
武汉一台新闻综合,http://ottrrs.hl.chinamobile.com/PLTV/88888888/224/3221226478/index.m3u8,,,,,,,,,,,CCSH.txt
武汉一台新闻综合,https://stream1.freetv.fun/wu-yi-1xin-wen-zong-he-2.m3u8,,,,,,,,,,,CCSH.txt
武汉一台新闻综合,https://stream1.freetv.fun/wu-yi-yi-tai-xin-wen-zong-he-4.m3u8,,,,,,,,,,,CCSH.txt
武汉一台新闻综合,https://stream1.freetv.fun/wu-yi-yi-tai-xin-wen-zong-he-5.ctv,,,,,,,,,,,CCSH.txt
武汉一台新闻综合,https://stream1.freetv.fun/wu-yi-1xin-wen-zong-he-1.m3u8,,,,,,,,,,,CCSH.txt
武汉一台新闻综合,https://t.freetv.fun/live/yi-chuan-xin-wen-zong-he.m3u8,,,,,,,,,,,CCSH.txt
武汉二台电视剧,https://stream1.freetv.fun/wu-yi-er-tai-dian-shi-ju-1.m3u8,,,,,,,,,,,CCSH.txt
武汉二台电视剧,https://stream1.freetv.fun/wu-yi-er-tai-dian-shi-ju-3.ctv,,,,,,,,,,,CCSH.txt
武汉教育,https://stream1.freetv.fun/wu-yi-jiao-yu-5.m3u8,,,,,,,,,,,CCSH.txt
武汉教育,https://stream1.freetv.fun/wu-yi-jiao-yu-18.m3u8,,,,,,,,,,,CCSH.txt
武汉教育,https://stream1.freetv.fun/wu-yi-jiao-yu-17.m3u8,,,,,,,,,,,CCSH.txt
武汉教育,https://stream1.freetv.fun/wu-yi-jiao-yu-15.m3u8,,,,,,,,,,,CCSH.txt
武汉教育,https://stream1.freetv.fun/wu-yi-jiao-yu-12.m3u8,,,,,,,,,,,CCSH.txt
武汉教育,https://stream1.freetv.fun/wu-yi-jiao-yu-7.m3u8,,,,,,,,,,,CCSH.txt
江夏新闻综合,http://59.175.226.142:280/gb28181/xwzh.m3u8?%E5%85%B3%E6%B3%A8%E5%BE%AE%E4%BF%A1%E5%85%AC%E4%BC%97%E5%8F%B7[%E6%99%B4%E5%9B%AD],,,,,,,,,,,CCSH.txt
江夏新闻综合,http://59.175.226.142:280/gb28181/xwzh.m3u8,,,,,,,,,,,CCSH.txt
湖北公共,https://stream1.freetv.fun/hu-bei-gong-gong-9.m3u8,,,,,,,,,,,CCSH.txt
湖北公共,https://stream1.freetv.fun/hu-bei-gong-gong-xin-wen-4.m3u8,,,,,,,,,,,CCSH.txt
湖北公共,https://stream1.freetv.fun/hu-bei-gong-gong-3.m3u8,,,,,,,,,,,CCSH.txt
湖北公共,https://stream1.freetv.fun/hu-bei-gong-gong-5.m3u8,,,,,,,,,,,CCSH.txt
湖北公共,https://stream1.freetv.fun/hu-bei-gong-gong-11.m3u8,,,,,,,,,,,CCSH.txt
湖北公共,https://stream1.freetv.fun/hu-bei-gong-gong-xin-wen-3.ctv,,,,,,,,,,,CCSH.txt
湖北公共,https://stream1.freetv.fun/hu-bei-gong-gong-12.m3u8,,,,,,,,,,,CCSH.txt
湖北公共,https://stream1.freetv.fun/hu-bei-gong-gong-xin-wen-2.m3u8,,,,,,,,,,,CCSH.txt
湖北公共,https://stream1.freetv.fun/hu-bei-gong-gong-7.m3u8,,,,,,,,,,,CCSH.txt
湖北公共,https://stream1.freetv.fun/hu-bei-gong-gong-10.m3u8,,,,,,,,,,,CCSH.txt
湖北公共,https://stream1.freetv.fun/hu-bei-gong-gong-4.m3u8,,,,,,,,,,,CCSH.txt
湖北公共,https://stream1.freetv.fun/hu-bei-gong-gong-13.m3u8,,,,,,,,,,,CCSH.txt
湖北公共,https://stream1.freetv.fun/hu-bei-gong-gong-2.m3u8,,,,,,,,,,,CCSH.txt
湖北公共,https://stream1.freetv.fun/hu-bei-gong-gong-1.m3u8,,,,,,,,,,,CCSH.txt
湖北垄上,http://38.75.136.137:98/gslb/dsdqpub/hbls.m3u8?auth=testpub,,,,,,,,,,,CCSH.txt
湖北垄上,http://107.150.60.122/live/hbls.m3u8,,,,,,,,,,,CCSH.txt
湖北垄上,http://198.204.228.26/live/hbls.m3u8,,,,,,,,,,,CCSH.txt
湖北垄上,http://192.151.150.154/live/hbls.m3u8,,,,,,,,,,,CCSH.txt
湖北垄上,https://stream1.freetv.fun/hu-bei-long-shang-4.m3u8,,,,,,,,,,,CCSH.txt
湖北垄上,https://stream1.freetv.fun/hu-bei-long-shang-8.m3u8,,,,,,,,,,,CCSH.txt
湖北垄上,https://stream1.freetv.fun/hu-bei-long-shang-16.m3u8,,,,,,,,,,,CCSH.txt
湖北垄上,https://stream1.freetv.fun/hu-bei-long-shang-17.m3u8,,,,,,,,,,,CCSH.txt
湖北垄上,https://stream1.freetv.fun/hu-bei-long-shang-18.m3u8,,,,,,,,,,,CCSH.txt
湖北垄上,https://stream1.freetv.fun/hu-bei-long-shang-13.m3u8,,,,,,,,,,,CCSH.txt
湖北垄上,https://stream1.freetv.fun/hu-bei-long-shang-1.m3u8,,,,,,,,,,,CCSH.txt
湖北垄上,https://stream1.freetv.fun/hu-bei-long-shang-7.m3u8,,,,,,,,,,,CCSH.txt
湖北垄上,https://stream1.freetv.fun/hu-bei-long-shang-5.m3u8,,,,,,,,,,,CCSH.txt
湖北垄上,https://stream1.freetv.fun/hu-bei-long-shang-10.ctv,,,,,,,,,,,CCSH.txt
湖北垄上,https://stream1.freetv.fun/hu-bei-long-shang-13.ctv,,,,,,,,,,,CCSH.txt
湖北垄上,https://stream1.freetv.fun/hu-bei-long-shang-10.m3u8,,,,,,,,,,,CCSH.txt
湖北垄上,https://stream1.freetv.fun/hu-bei-long-shang-11.m3u8,,,,,,,,,,,CCSH.txt
湖北垄上,https://stream1.freetv.fun/hu-bei-long-shang-3.m3u8,,,,,,,,,,,CCSH.txt
湖北影视,http://38.75.136.137:98/gslb/dsdqpub/hbys.m3u8?auth=testpub,,,,,,,,,,,CCSH.txt
湖北影视,http://198.204.228.26/live/hbys.m3u8,,,,,,,,,,,CCSH.txt
湖北影视,http://107.150.60.122/live/hbys.m3u8,,,,,,,,,,,CCSH.txt
湖北影视,http://192.151.150.154/live/hbys.m3u8,,,,,,,,,,,CCSH.txt
湖北影视,https://stream1.freetv.fun/hu-bei-ying-shi-11.m3u8,,,,,,,,,,,CCSH.txt
湖北影视,https://stream1.freetv.fun/hu-bei-ying-shi-6.m3u8,,,,,,,,,,,CCSH.txt
湖北影视,https://stream1.freetv.fun/hu-bei-ying-shi-16.m3u8,,,,,,,,,,,CCSH.txt
湖北影视,https://stream1.freetv.fun/hu-bei-ying-shi-8.m3u8,,,,,,,,,,,CCSH.txt
湖北影视,https://stream1.freetv.fun/hu-bei-ying-shi-15.ctv,,,,,,,,,,,CCSH.txt
湖北影视,https://stream1.freetv.fun/hu-bei-ying-shi-12.m3u8,,,,,,,,,,,CCSH.txt
湖北影视,https://stream1.freetv.fun/hu-bei-ying-shi-10.m3u8,,,,,,,,,,,CCSH.txt
湖北影视,https://stream1.freetv.fun/hu-bei-ying-shi-2.m3u8,,,,,,,,,,,CCSH.txt
湖北影视,https://stream1.freetv.fun/hu-bei-ying-shi-7.m3u8,,,,,,,,,,,CCSH.txt
湖北影视,https://stream1.freetv.fun/hu-bei-ying-shi-13.m3u8,,,,,,,,,,,CCSH.txt
湖北影视,https://stream1.freetv.fun/hu-bei-ying-shi-4.m3u8,,,,,,,,,,,CCSH.txt
湖北影视,https://stream1.freetv.fun/hu-bei-ying-shi-5.m3u8,,,,,,,,,,,CCSH.txt
湖北影视,https://stream1.freetv.fun/hu-bei-ying-shi-15.m3u8,,,,,,,,,,,CCSH.txt
湖北教育,http://38.75.136.137:98/gslb/dsdqpub/hbjy.m3u8?auth=testpub,,,,,,,,,,,CCSH.txt
湖北教育,http://107.150.60.122/live/hbjy.m3u8,,,,,,,,,,,CCSH.txt
湖北教育,http://192.151.150.154/live/hbjy.m3u8,,,,,,,,,,,CCSH.txt
湖北教育,http://198.204.228.26/live/hbjy.m3u8,,,,,,,,,,,CCSH.txt
湖北教育,https://stream1.freetv.fun/hu-bei-jiao-yu-8.m3u8,,,,,,,,,,,CCSH.txt
湖北教育,https://stream1.freetv.fun/hu-bei-jiao-yu-2.m3u8,,,,,,,,,,,CCSH.txt
湖北教育,https://stream1.freetv.fun/hu-bei-jiao-yu-13.m3u8,,,,,,,,,,,CCSH.txt
湖北教育,https://stream1.freetv.fun/hu-bei-jiao-yu-10.ctv,,,,,,,,,,,CCSH.txt
湖北教育,https://stream1.freetv.fun/hu-bei-jiao-yu-14.m3u8,,,,,,,,,,,CCSH.txt
湖北教育,https://stream1.freetv.fun/hu-bei-jiao-yu-9.m3u8,,,,,,,,,,,CCSH.txt
湖北生活,http://38.75.136.137:98/gslb/dsdqpub/hbty.m3u8?auth=testpub,,,,,,,,,,,CCSH.txt
湖北生活,http://198.204.228.26/live/hbty.m3u8,,,,,,,,,,,CCSH.txt
湖北生活,http://192.151.150.154/live/hbty.m3u8,,,,,,,,,,,CCSH.txt
湖北生活,https://stream1.freetv.fun/hu-bei-sheng-huo-5.m3u8,,,,,,,,,,,CCSH.txt
湖北生活,https://stream1.freetv.fun/hu-bei-sheng-huo-12.ctv,,,,,,,,,,,CCSH.txt
湖北生活,https://stream1.freetv.fun/hu-bei-sheng-huo-12.m3u8,,,,,,,,,,,CCSH.txt
湖北生活,https://stream1.freetv.fun/hu-bei-sheng-huo-1.m3u8,,,,,,,,,,,CCSH.txt
湖北生活,https://stream1.freetv.fun/hu-bei-sheng-huo-11.m3u8,,,,,,,,,,,CCSH.txt
湖北经视,http://38.75.136.137:98/gslb/dsdqpub/hbjs.m3u8?auth=testpub,,,,,,,,,,,CCSH.txt
湖北经视,http://192.151.150.154/live/hbjs.m3u8,,,,,,,,,,,CCSH.txt
湖北经视,http://198.204.228.26/live/hbjs.m3u8,,,,,,,,,,,CCSH.txt
湖北经视,http://107.150.60.122/live/hbjs.m3u8,,,,,,,,,,,CCSH.txt
湖北经视,https://stream1.freetv.fun/hu-bei-jing-shi-1.m3u8,,,,,,,,,,,CCSH.txt
湖北经视,https://stream1.freetv.fun/hu-bei-jing-shi-22.m3u8,,,,,,,,,,,CCSH.txt
湖北经视,https://stream1.freetv.fun/hu-bei-jing-shi-14.m3u8,,,,,,,,,,,CCSH.txt
湖北经视,https://stream1.freetv.fun/hu-bei-jing-shi-18.m3u8,,,,,,,,,,,CCSH.txt
湖北经视,https://stream1.freetv.fun/hu-bei-jing-shi-10.m3u8,,,,,,,,,,,CCSH.txt
湖北经视,https://stream1.freetv.fun/hu-bei-jing-shi-7.m3u8,,,,,,,,,,,CCSH.txt
湖北经视,https://stream1.freetv.fun/hu-bei-jing-shi-20.m3u8,,,,,,,,,,,CCSH.txt
湖北经视,https://stream1.freetv.fun/hu-bei-jing-shi-19.ctv,,,,,,,,,,,CCSH.txt
湖北经视,https://stream1.freetv.fun/hu-bei-jing-shi-11.m3u8,,,,,,,,,,,CCSH.txt
湖北经视,https://stream1.freetv.fun/hu-bei-jing-shi-13.m3u8,,,,,,,,,,,CCSH.txt
湖北经视,https://stream1.freetv.fun/hu-bei-jing-shi-9.m3u8,,,,,,,,,,,CCSH.txt
湖北经视,http://61.184.46.85:9901/tsfile/live/0019_1.m3u8?key=txiptv&playlive=1&authid=0,,,,,,,,,,,CCSH.txt
湖北经视,https://stream1.freetv.fun/hu-bei-jing-shi-23.m3u8,,,,,,,,,,,CCSH.txt
湖北综合,http://38.75.136.137:98/gslb/dsdqpub/hbzh.m3u8?auth=testpub,,,,,,,,,,,CCSH.txt
湖北综合,http://192.151.150.154/live/hbzh.m3u8,,,,,,,,,,,CCSH.txt
湖北综合,http://58.19.133.144:9901,,,,,,,,,,,CCSH.txt
湖北综合,https://stream1.freetv.fun/hu-bei-zong-he-3.m3u8,,,,,,,,,,,CCSH.txt
湖北综合,https://stream1.freetv.fun/hu-bei-zong-he-10.m3u8,,,,,,,,,,,CCSH.txt
湖北综合,https://stream1.freetv.fun/hu-bei-zong-he-9.m3u8,,,,,,,,,,,CCSH.txt
湖北综合,https://stream1.freetv.fun/hu-bei-zong-he-8.m3u8,,,,,,,,,,,CCSH.txt
湖北综合,https://stream1.freetv.fun/hu-bei-zong-he-2.m3u8,,,,,,,,,,,CCSH.txt
湖北综合,https://stream1.freetv.fun/hu-bei-zong-he-12.m3u8,,,,,,,,,,,CCSH.txt
湖北综合,https://stream1.freetv.fun/hu-bei-zong-he-13.m3u8,,,,,,,,,,,CCSH.txt
湖北综合,https://stream1.freetv.fun/hu-bei-zong-he-11.ctv,,,,,,,,,,,CCSH.txt
湖北综合,https://stream1.freetv.fun/hu-bei-zong-he-7.m3u8,,,,,,,,,,,CCSH.txt
荆门新闻综合,https://stream1.freetv.fun/jing-men-xin-wen-zong-he-4.m3u8,,,,,,,,,,,CCSH.txt
荆门新闻综合,http://stream.jmtv.com.cn/xwzh/sd/live.m3u8?zhubd,,,,,,,,,,,CCSH.txt
荆门新闻综合,http://stream.jmtv.com.cn/xwzh/sd/live.m3u8?%E5%85%B3%E6%B3%A8%E5%BE%AE%E4%BF%A1%E5%85%AC%E4%BC%97%E5%8F%B7[%E6%99%B4%E5%9B%AD],,,,,,,,,,,CCSH.txt
荆门新闻综合,https://stream1.freetv.fun/jing-men-xin-wen-zong-he-1.m3u8,,,,,,,,,,,CCSH.txt
荆门新闻综合,https://stream1.freetv.fun/jing-men-xin-wen-zong-he-5.m3u8,,,,,,,,,,,CCSH.txt
麻城综合,https://video.yscxy.cn:8888/mctv1.m3u8,,,,,,,,,,,CCSH.txt
云浮综合,https://livestream.oeeee.com/slive/28283.m3u8,,,,,,,,,,,CCSH.txt
五华综合,http://p2hs.vzan.com/slowlive/621139761151691240/live.m3u8,,,,,,,,,,,CCSH.txt
佛山公共,https://stream1.freetv.fun/fo-shan-gong-gong-13.ctv,,,,,,,,,,,CCSH.txt
佛山公共,https://stream1.freetv.fun/fo-shan-gong-gong-25.ctv,,,,,,,,,,,CCSH.txt
佛山公共,https://stream1.freetv.fun/fo-shan-gong-gong-27.ctv,,,,,,,,,,,CCSH.txt
佛山公共,https://stream1.freetv.fun/fo-shan-gong-gong-21.ctv,,,,,,,,,,,CCSH.txt
佛山公共,https://stream1.freetv.fun/fo-shan-gong-gong-1.ctv,,,,,,,,,,,CCSH.txt
佛山公共,https://stream1.freetv.fun/fo-shan-gong-gong-3.ctv,,,,,,,,,,,CCSH.txt
佛山公共,https://stream1.freetv.fun/fo-shan-gong-gong-22.ctv,,,,,,,,,,,CCSH.txt
佛山公共,https://stream1.freetv.fun/fo-shan-gong-gong-26.ctv,,,,,,,,,,,CCSH.txt
佛山公共,https://stream1.freetv.fun/fo-shan-gong-gong-17.ctv,,,,,,,,,,,CCSH.txt
佛山公共,https://stream1.freetv.fun/fo-shan-gong-gong-2.ctv,,,,,,,,,,,CCSH.txt
佛山公共,https://stream1.freetv.fun/fo-shan-gong-gong-16.ctv,,,,,,,,,,,CCSH.txt
佛山公共,https://stream1.freetv.fun/fo-shan-gong-gong-18.ctv,,,,,,,,,,,CCSH.txt
佛山公共,https://stream1.freetv.fun/fo-shan-gong-gong-15.ctv,,,,,,,,,,,CCSH.txt
佛山公共,https://stream1.freetv.fun/fo-shan-gong-gong-11.ctv,,,,,,,,,,,CCSH.txt
佛山公共,https://stream1.freetv.fun/fo-shan-gong-gong-9.ctv,,,,,,,,,,,CCSH.txt
佛山公共,https://stream1.freetv.fun/fo-shan-gong-gong-6.ctv,,,,,,,,,,,CCSH.txt
佛山公共,https://stream1.freetv.fun/fo-shan-gong-gong-5.ctv,,,,,,,,,,,CCSH.txt
佛山公共,https://stream1.freetv.fun/fo-shan-gong-gong-4.ctv,,,,,,,,,,,CCSH.txt
佛山公共,https://stream1.freetv.fun/fo-shan-gong-gong-8.ctv,,,,,,,,,,,CCSH.txt
佛山公共,https://stream1.freetv.fun/fo-shan-gong-gong-10.ctv,,,,,,,,,,,CCSH.txt
佛山影视,https://stream1.freetv.fun/fo-shan-ying-shi-10.ctv,,,,,,,,,,,CCSH.txt
佛山影视,https://stream1.freetv.fun/fo-shan-ying-shi-2.ctv,,,,,,,,,,,CCSH.txt
佛山影视,https://stream1.freetv.fun/fo-shan-ying-shi-20.ctv,,,,,,,,,,,CCSH.txt
佛山影视,https://stream1.freetv.fun/fo-shan-ying-shi-17.ctv,,,,,,,,,,,CCSH.txt
佛山影视,https://stream1.freetv.fun/fo-shan-ying-shi-3.ctv,,,,,,,,,,,CCSH.txt
佛山影视,https://stream1.freetv.fun/fo-shan-ying-shi-21.ctv,,,,,,,,,,,CCSH.txt
佛山影视,https://stream1.freetv.fun/fo-shan-ying-shi-19.ctv,,,,,,,,,,,CCSH.txt
佛山影视,https://stream1.freetv.fun/fo-shan-ying-shi-4.ctv,,,,,,,,,,,CCSH.txt
佛山影视,https://stream1.freetv.fun/fo-shan-ying-shi-1.ctv,,,,,,,,,,,CCSH.txt
佛山影视,https://stream1.freetv.fun/fo-shan-ying-shi-22.ctv,,,,,,,,,,,CCSH.txt
佛山影视,https://stream1.freetv.fun/fo-shan-ying-shi-7.ctv,,,,,,,,,,,CCSH.txt
佛山影视,https://stream1.freetv.fun/fo-shan-ying-shi-6.ctv,,,,,,,,,,,CCSH.txt
佛山影视,https://stream1.freetv.fun/fo-shan-ying-shi-16.ctv,,,,,,,,,,,CCSH.txt
佛山影视,https://stream1.freetv.fun/fo-shan-ying-shi-14.ctv,,,,,,,,,,,CCSH.txt
佛山影视,https://stream1.freetv.fun/fo-shan-ying-shi-13.ctv,,,,,,,,,,,CCSH.txt
佛山影视,https://stream1.freetv.fun/fo-shan-ying-shi-8.ctv,,,,,,,,,,,CCSH.txt
佛山影视,https://stream1.freetv.fun/fo-shan-ying-shi-11.ctv,,,,,,,,,,,CCSH.txt
佛山影视,https://stream1.freetv.fun/fo-shan-ying-shi-15.ctv,,,,,,,,,,,CCSH.txt
佛山影视,https://stream1.freetv.fun/fo-shan-ying-shi-5.ctv,,,,,,,,,,,CCSH.txt
佛山影视,https://stream1.freetv.fun/fo-shan-ying-shi-12.ctv,,,,,,,,,,,CCSH.txt
佛山综合,https://stream1.freetv.fun/fo-shan-zong-he-23.ctv,,,,,,,,,,,CCSH.txt
佛山综合,https://stream1.freetv.fun/fo-shan-zong-he-6.ctv,,,,,,,,,,,CCSH.txt
佛山综合,https://stream1.freetv.fun/fo-shan-zong-he-3.ctv,,,,,,,,,,,CCSH.txt
佛山综合,https://stream1.freetv.fun/fo-shan-zong-he-11.ctv,,,,,,,,,,,CCSH.txt
佛山综合,https://stream1.freetv.fun/fo-shan-zong-he-2.ctv,,,,,,,,,,,CCSH.txt
佛山综合,https://stream1.freetv.fun/fo-shan-zong-he-5.ctv,,,,,,,,,,,CCSH.txt
佛山综合,https://stream1.freetv.fun/fo-shan-zong-he-20.ctv,,,,,,,,,,,CCSH.txt
佛山综合,https://stream1.freetv.fun/fo-shan-zong-he-1.ctv,,,,,,,,,,,CCSH.txt
佛山综合,https://stream1.freetv.fun/fo-shan-zong-he-14.ctv,,,,,,,,,,,CCSH.txt
佛山综合,https://stream1.freetv.fun/fo-shan-zong-he-13.ctv,,,,,,,,,,,CCSH.txt
佛山综合,https://stream1.freetv.fun/fo-shan-zong-he-16.ctv,,,,,,,,,,,CCSH.txt
佛山综合,https://stream1.freetv.fun/fo-shan-zong-he-8.ctv,,,,,,,,,,,CCSH.txt
佛山综合,https://stream1.freetv.fun/fo-shan-zong-he-21.ctv,,,,,,,,,,,CCSH.txt
佛山综合,https://stream1.freetv.fun/fo-shan-zong-he-18.ctv,,,,,,,,,,,CCSH.txt
佛山综合,https://stream1.freetv.fun/fo-shan-zong-he-12.ctv,,,,,,,,,,,CCSH.txt
南国都市,https://tencentplay.gztv.com/live/nanguodushi.m3u8?txSecret=c82f82d7a6beda92b2b1ce93753dcacb&txTime=18e4a381d46,,,,,,,,,,,CCSH.txt
南国都市,https://tencentplay.gztv.com/live/nanguodushi.m3u8?txSecret=627498b93bc6f5d6e2460d0823bf81a3&txTime=18e6df74fc2,,,,,,,,,,,CCSH.txt
南国都市,http://tencentplaygzrb01.gztv.com/live/nanguodushi.m3u8,,,,,,,,,,,CCSH.txt
广东新闻,http://38.75.136.137:98/gslb/dsdqpub/gdxwa.m3u8?auth=testpub,,,,,,,,,,,CCSH.txt
广东新闻,http://192.151.150.154/live/gdxwa.m3u8,,,,,,,,,,,CCSH.txt
广东新闻,http://107.150.60.122/live/gdxw.m3u8,,,,,,,,,,,CCSH.txt
广东新闻,http://198.204.228.26/live/gdxw.m3u8,,,,,,,,,,,CCSH.txt
广东新闻,http://107.150.60.122/live/gdxwa.m3u8,,,,,,,,,,,CCSH.txt
广东新闻,http://218.15.183.23:9901/tsfile/live/23010_1.m3u8,,,,,,,,,,,CCSH.txt
广东新闻,http://kkk.888.3116598.xyz/api.php?n=liujiahui&id=kCe2IB&tk=bknhp6JvJlqE,,,,,,,,,,,CCSH.txt
广东新闻,https://stream1.freetv.fun/yan-dong-xin-wen-12.ctv,,,,,,,,,,,CCSH.txt
广东新闻,https://stream1.freetv.fun/yan-dong-xin-wen-gao-qing-1.m3u8,,,,,,,,,,,CCSH.txt
广东新闻,https://stream1.freetv.fun/yan-dong-xin-wen-8.ctv,,,,,,,,,,,CCSH.txt
广东新闻,https://stream1.freetv.fun/yan-dong-xin-wen-18.ctv,,,,,,,,,,,CCSH.txt
广东新闻,https://stream1.freetv.fun/yan-dong-xin-wen-20.ctv,,,,,,,,,,,CCSH.txt
广东新闻,https://stream1.freetv.fun/yan-dong-xin-wen-6.ctv,,,,,,,,,,,CCSH.txt
广东新闻,https://stream1.freetv.fun/yan-dong-xin-wen-25.ctv,,,,,,,,,,,CCSH.txt
广东新闻,https://stream1.freetv.fun/yan-dong-xin-wen-13.ctv,,,,,,,,,,,CCSH.txt
广东新闻,https://stream1.freetv.fun/yan-dong-xin-wen-23.ctv,,,,,,,,,,,CCSH.txt
广东新闻,https://stream1.freetv.fun/yan-dong-xin-wen-24.ctv,,,,,,,,,,,CCSH.txt
广东民生,http://198.204.228.26/live/gdgg.m3u8,,,,,,,,,,,CCSH.txt
广东民生,http://192.151.150.154/live/gdgg.m3u8,,,,,,,,,,,CCSH.txt
广东民生,https://stream1.freetv.fun/yan-dong-min-sheng-20.m3u8,,,,,,,,,,,CCSH.txt
广东民生,https://stream1.freetv.fun/yan-dong-min-sheng-29.ctv,,,,,,,,,,,CCSH.txt
广东民生,https://stream1.freetv.fun/yan-dong-min-sheng-30.ctv,,,,,,,,,,,CCSH.txt
广东民生,https://stream1.freetv.fun/yan-dong-min-sheng-22.ctv,,,,,,,,,,,CCSH.txt
广东民生,https://stream1.freetv.fun/yan-dong-min-sheng-27.ctv,,,,,,,,,,,CCSH.txt
广东民生,https://stream1.freetv.fun/yan-dong-min-sheng-1.ctv,,,,,,,,,,,CCSH.txt
广东民生,https://stream1.freetv.fun/yan-dong-min-sheng-10.ctv,,,,,,,,,,,CCSH.txt
广东民生,https://stream1.freetv.fun/yan-dong-min-sheng-21.ctv,,,,,,,,,,,CCSH.txt
广东民生,https://stream1.freetv.fun/yan-dong-min-sheng-17.ctv,,,,,,,,,,,CCSH.txt
广东民生,https://stream1.freetv.fun/yan-dong-min-sheng-40.ctv,,,,,,,,,,,CCSH.txt
广东民生,https://stream1.freetv.fun/yan-dong-min-sheng-32.ctv,,,,,,,,,,,CCSH.txt
广东民生,https://stream1.freetv.fun/yan-dong-min-sheng-13.ctv,,,,,,,,,,,CCSH.txt
广东民生,https://stream1.freetv.fun/yan-dong-min-sheng-36.ctv,,,,,,,,,,,CCSH.txt
广东民生,https://stream1.freetv.fun/yan-dong-min-sheng-31.ctv,,,,,,,,,,,CCSH.txt
广东珠江,http://38.75.136.137:98/gslb/dsdqbv/gdzj.m3u8?auth=test20251009,,,,,,,,,,,CCSH.txt
广东珠江,https://stream1.freetv.fun/3e6c646d717a824425bca6f4f12c9091cc4725ab1afa8227b24b7a5bc6fcb019.m3u8,,,,,,,,,,,CCSH.txt
广东珠江,https://stream1.freetv.fun/5f12b986a77ebe5440c508c13895b3e7f8767b2a47c79f3f5fe948097e15337d.m3u8,,,,,,,,,,,CCSH.txt
广东珠江,https://stream1.freetv.fun/967c330a56e8f2fed10ea053ac29b132d29e323680b5e20a53e3af6bcf7b2f54.m3u8,,,,,,,,,,,CCSH.txt
广东珠江,https://stream1.freetv.fun/468bff09871ed8a1eba7a539f461001a9683ac2cbb084ef2d52449c7f1a52478.m3u8,,,,,,,,,,,CCSH.txt
广东珠江,https://stream1.freetv.fun/cd093c8b92ae68affb34b3b0f147bbdac575b4eee76ac0410e85d2777d808b6e.m3u8,,,,,,,,,,,CCSH.txt
广东珠江,https://stream1.freetv.fun/943a56c1980ac8d65adeb0603437a8cd8da6241b019e93bba89c37ff050946e5.m3u8,,,,,,,,,,,CCSH.txt
广东珠江,https://t.freetv.fun/live/yan-dong-zhu-jiang.m3u8,,,,,,,,,,,CCSH.txt
广东珠江,http://php.jdshipin.com/TVOD/iptv.php?id=gdzj,,,,,,,,,,,CCSH.txt
广东珠江,http://38.75.136.137:98/gslb/dsdqpub/gdzj.m3u8?auth=testpub,,,,,,,,,,,CCSH.txt
广东珠江,http://107.150.60.122/live/gdzja.m3u8,,,,,,,,,,,CCSH.txt
广东珠江,http://192.151.150.154/live/gdzj.m3u8,,,,,,,,,,,CCSH.txt
广东珠江,http://198.204.228.26/live/gdzj.m3u8,,,,,,,,,,,CCSH.txt
广东珠江,http://cdn2.132.us.kg/live/gdzj/stream.m3u8,,,,,,,,,,,CCSH.txt
广东珠江,https://stream1.freetv.fun/yan-dong-zhu-jiang-12.m3u8,,,,,,,,,,,CCSH.txt
广东珠江,https://stream1.freetv.fun/yan-dong-zhu-jiang-5.ctv,,,,,,,,,,,CCSH.txt
广州影视,http://r.jdshipin.com/sFw4S,,,,,,,,,,,CCSH.txt
广州影视,https://stream1.freetv.fun/yan-zhou-ying-shi-19.ctv,,,,,,,,,,,CCSH.txt
广州影视,https://stream1.freetv.fun/yan-zhou-ying-shi-14.ctv,,,,,,,,,,,CCSH.txt
广州影视,https://stream1.freetv.fun/yan-zhou-ying-shi-4.ctv,,,,,,,,,,,CCSH.txt
广州影视,https://stream1.freetv.fun/yan-zhou-ying-shi-24.ctv,,,,,,,,,,,CCSH.txt
广州影视,https://stream1.freetv.fun/yan-zhou-ying-shi-20.ctv,,,,,,,,,,,CCSH.txt
广州影视,https://stream1.freetv.fun/yan-zhou-ying-shi-18.ctv,,,,,,,,,,,CCSH.txt
广州影视,https://stream1.freetv.fun/yan-zhou-ying-shi-11.ctv,,,,,,,,,,,CCSH.txt
广州影视,https://stream1.freetv.fun/yan-zhou-ying-shi-13.ctv,,,,,,,,,,,CCSH.txt
广州影视,https://stream1.freetv.fun/yan-zhou-ying-shi-22.ctv,,,,,,,,,,,CCSH.txt
广州影视,https://stream1.freetv.fun/yan-zhou-ying-shi-1.m3u8,,,,,,,,,,,CCSH.txt
广州影视,https://stream1.freetv.fun/yan-zhou-ying-shi-8.m3u8,,,,,,,,,,,CCSH.txt
广州影视,https://stream1.freetv.fun/yan-zhou-ying-shi-17.ctv,,,,,,,,,,,CCSH.txt
广州影视,https://stream1.freetv.fun/yan-zhou-ying-shi-5.ctv,,,,,,,,,,,CCSH.txt
广州影视,https://stream1.freetv.fun/yan-zhou-ying-shi-9.ctv,,,,,,,,,,,CCSH.txt
广州新闻,https://cdn13.178.indevs.in/163189/609602b1e1048784,,,,,,,,,,,CCSH.txt
广州新闻,https://stream1.freetv.fun/yan-zhou-xin-wen-10.ctv,,,,,,,,,,,CCSH.txt
广州新闻,https://stream1.freetv.fun/yan-zhou-xin-wen-15.ctv,,,,,,,,,,,CCSH.txt
广州新闻,https://stream1.freetv.fun/yan-zhou-xin-wen-5.m3u8,,,,,,,,,,,CCSH.txt
广州新闻,https://stream1.freetv.fun/yan-zhou-xin-wen-16.ctv,,,,,,,,,,,CCSH.txt
广州新闻,https://stream1.freetv.fun/yan-zhou-xin-wen-21.ctv,,,,,,,,,,,CCSH.txt
广州新闻,https://stream1.freetv.fun/yan-zhou-xin-wen-27.ctv,,,,,,,,,,,CCSH.txt
广州新闻,https://stream1.freetv.fun/yan-zhou-xin-wen-4.ctv,,,,,,,,,,,CCSH.txt
广州新闻,https://stream1.freetv.fun/yan-zhou-xin-wen-12.ctv,,,,,,,,,,,CCSH.txt
广州新闻,https://stream1.freetv.fun/yan-zhou-xin-wen-26.ctv,,,,,,,,,,,CCSH.txt
广州新闻,https://stream1.freetv.fun/yan-zhou-xin-wen-25.ctv,,,,,,,,,,,CCSH.txt
广州新闻,https://stream1.freetv.fun/yan-zhou-xin-wen-13.ctv,,,,,,,,,,,CCSH.txt
广州新闻,https://stream1.freetv.fun/yan-zhou-xin-wen-17.ctv,,,,,,,,,,,CCSH.txt
广州新闻,https://stream1.freetv.fun/yan-zhou-xin-wen-20.ctv,,,,,,,,,,,CCSH.txt
广州新闻,https://stream1.freetv.fun/yan-zhou-xin-wen-23.ctv,,,,,,,,,,,CCSH.txt
广州新闻,https://stream1.freetv.fun/yan-zhou-xin-wen-3.m3u8,,,,,,,,,,,CCSH.txt
广州新闻,https://stream1.freetv.fun/yan-zhou-xin-wen-19.ctv,,,,,,,,,,,CCSH.txt
广州新闻,https://tencentplay.gztv.com/live/xinwen.m3u8?txSecret=d217bd6cf85c93e3b47b96504cd2dc1c&txTime=18e6ff29019,,,,,,,,,,,CCSH.txt
广州新闻,https://stream1.freetv.fun/yan-zhou-xin-wen-6.ctv,,,,,,,,,,,CCSH.txt
广州新闻,https://stream1.freetv.fun/yan-zhou-xin-wen-14.ctv,,,,,,,,,,,CCSH.txt
广州竞赛,https://stream1.freetv.fun/yan-zhou-jing-sai-25.ctv,,,,,,,,,,,CCSH.txt
广州竞赛,https://stream1.freetv.fun/yan-zhou-jing-sai-3.m3u8,,,,,,,,,,,CCSH.txt
广州竞赛,https://stream1.freetv.fun/yan-zhou-jing-sai-35.ctv,,,,,,,,,,,CCSH.txt
广州竞赛,https://stream1.freetv.fun/yan-zhou-jing-sai-13.m3u8,,,,,,,,,,,CCSH.txt
广州竞赛,https://stream1.freetv.fun/yan-zhou-jing-sai-16.ctv,,,,,,,,,,,CCSH.txt
广州竞赛,https://stream1.freetv.fun/yan-zhou-jing-sai-12.ctv,,,,,,,,,,,CCSH.txt
广州竞赛,https://stream1.freetv.fun/yan-zhou-jing-sai-18.ctv,,,,,,,,,,,CCSH.txt
广州竞赛,https://stream1.freetv.fun/yan-zhou-jing-sai-4.m3u8,,,,,,,,,,,CCSH.txt
广州竞赛,https://stream1.freetv.fun/yan-zhou-jing-sai-27.ctv,,,,,,,,,,,CCSH.txt
广州竞赛,https://stream1.freetv.fun/yan-zhou-jing-sai-11.m3u8,,,,,,,,,,,CCSH.txt
广州竞赛,https://stream1.freetv.fun/yan-zhou-jing-sai-37.m3u8,,,,,,,,,,,CCSH.txt
广州竞赛,https://stream1.freetv.fun/yan-zhou-jing-sai-31.ctv,,,,,,,,,,,CCSH.txt
广州竞赛,https://stream1.freetv.fun/yan-zhou-jing-sai-21.ctv,,,,,,,,,,,CCSH.txt
广州竞赛,https://stream1.freetv.fun/yan-zhou-jing-sai-2.ctv,,,,,,,,,,,CCSH.txt
广州竞赛,https://stream1.freetv.fun/yan-zhou-jing-sai-4.ctv,,,,,,,,,,,CCSH.txt
广州综合,https://t.freetv.fun/live/yan-zhou-zong-he.m3u8,,,,,,,,,,,CCSH.txt
广州综合,https://stream1.freetv.fun/yan-zhou-zong-he-25.ctv,,,,,,,,,,,CCSH.txt
广州综合,https://cdn13.178.indevs.in/163189/b13471c5de99d1c7,,,,,,,,,,,CCSH.txt
广州综合,https://stream1.freetv.fun/yan-zhou-zong-he-30.ctv,,,,,,,,,,,CCSH.txt
广州综合,https://stream1.freetv.fun/yan-zhou-zong-he-27.ctv,,,,,,,,,,,CCSH.txt
广州综合,https://stream1.freetv.fun/yan-zhou-zong-he-31.ctv,,,,,,,,,,,CCSH.txt
广州综合,https://stream1.freetv.fun/yan-zhou-zong-he-22.ctv,,,,,,,,,,,CCSH.txt
广州综合,https://stream1.freetv.fun/yan-zhou-zong-he-12.ctv,,,,,,,,,,,CCSH.txt
广州综合,https://stream1.freetv.fun/yan-zhou-zong-he-18.ctv,,,,,,,,,,,CCSH.txt
广州综合,https://stream1.freetv.fun/yan-zhou-zong-he-15.ctv,,,,,,,,,,,CCSH.txt
广州综合,https://stream1.freetv.fun/yan-zhou-zong-he-1.m3u8,,,,,,,,,,,CCSH.txt
广州综合,https://stream1.freetv.fun/yan-zhou-zong-he-21.ctv,,,,,,,,,,,CCSH.txt
广州综合,https://stream1.freetv.fun/yan-zhou-zong-he-13.ctv,,,,,,,,,,,CCSH.txt
广州综合,https://stream1.freetv.fun/yan-zhou-zong-he-2.m3u8,,,,,,,,,,,CCSH.txt
广州综合,https://stream1.freetv.fun/yan-zhou-zong-he-14.ctv,,,,,,,,,,,CCSH.txt
广州综合,https://tencentplay.gztv.com/live/zonghes.m3u8?txSecret=439b0fd2cf766b363c93a59cbcbe1370&txTime=18d00acf488,,,,,,,,,,,CCSH.txt
广州综合,https://stream1.freetv.fun/yan-zhou-zong-he-17.ctv,,,,,,,,,,,CCSH.txt
广州综合,https://stream1.freetv.fun/yan-zhou-zong-he-6.m3u8,,,,,,,,,,,CCSH.txt
汕头经济,https://stream1.freetv.fun/shan-tou-jing-ji-5.ctv,,,,,,,,,,,CCSH.txt
汕头经济,https://t.freetv.fun/live/shan-tou-jing-ji-1.m3u8,,,,,,,,,,,CCSH.txt
汕头经济,https://t.freetv.fun/live/shan-tou-jing-ji-2.m3u8,,,,,,,,,,,CCSH.txt
汕头经济,https://t.freetv.fun/live/shan-tou-jing-ji-3.m3u8,,,,,,,,,,,CCSH.txt
汕头综合,https://stream1.freetv.fun/shan-tou-zong-he-17.ctv,,,,,,,,,,,CCSH.txt
汕头综合,https://stream1.freetv.fun/shan-tou-zong-he-12.ctv,,,,,,,,,,,CCSH.txt
汕头综合,https://stream1.freetv.fun/shan-tou-zong-he-15.ctv,,,,,,,,,,,CCSH.txt
汕头综合,https://stream1.freetv.fun/shan-tou-zong-he-7.ctv,,,,,,,,,,,CCSH.txt
汕头综合,https://stream1.freetv.fun/shan-tou-zong-he-2.ctv,,,,,,,,,,,CCSH.txt
汕头综合,https://stream1.freetv.fun/shan-tou-zong-he-8.ctv,,,,,,,,,,,CCSH.txt
汕头综合,https://stream1.freetv.fun/shan-tou-zong-he-10.ctv,,,,,,,,,,,CCSH.txt
汕头综合,https://stream1.freetv.fun/shan-tou-zong-he-1.ctv,,,,,,,,,,,CCSH.txt
汕头综合,https://stream1.freetv.fun/shan-tou-zong-he-13.ctv,,,,,,,,,,,CCSH.txt
汕头综合,https://stream1.freetv.fun/shan-tou-zong-he-18.ctv,,,,,,,,,,,CCSH.txt
汕头综合,https://stream1.freetv.fun/shan-tou-zong-he-11.ctv,,,,,,,,,,,CCSH.txt
汕头综合,https://stream1.freetv.fun/shan-tou-zong-he-14.ctv,,,,,,,,,,,CCSH.txt
汕尾新闻综合,https://stream1.freetv.fun/shan-wei-xin-wen-zong-he-3.ctv,,,,,,,,,,,CCSH.txt
汕尾新闻综合,https://stream1.freetv.fun/shan-wei-xin-wen-zong-he-2.m3u8,,,,,,,,,,,CCSH.txt
江门综合,https://stream1.freetv.fun/jiang-men-zong-he-5.ctv,,,,,,,,,,,CCSH.txt
江门综合,https://stream1.freetv.fun/jiang-men-zong-he-11.ctv,,,,,,,,,,,CCSH.txt
江门综合,https://stream1.freetv.fun/jiang-men-zong-he-10.ctv,,,,,,,,,,,CCSH.txt
江门综合,https://stream1.freetv.fun/jiang-men-zong-he-12.ctv,,,,,,,,,,,CCSH.txt
江门综合,https://stream1.freetv.fun/jiang-men-zong-he-8.ctv,,,,,,,,,,,CCSH.txt
江门综合,https://stream1.freetv.fun/jiang-men-zong-he-13.ctv,,,,,,,,,,,CCSH.txt
江门综合,https://stream1.freetv.fun/jiang-men-zong-he-9.ctv,,,,,,,,,,,CCSH.txt
江门综合,https://stream1.freetv.fun/jiang-men-zong-he-14.ctv,,,,,,,,,,,CCSH.txt
深圳少儿,http://183.11.239.36:808/hls/157/index.m3u8,,,,,,,,,,,CCSH.txt
深圳少儿,https://stream1.freetv.fun/shen-zhen-shao-er-3.m3u8,,,,,,,,,,,CCSH.txt
深圳少儿,https://stream1.freetv.fun/shen-zhen-shao-er-3.ctv,,,,,,,,,,,CCSH.txt
深圳少儿,https://stream1.freetv.fun/shen-zhen-shao-er-2.ctv,,,,,,,,,,,CCSH.txt
深圳少儿,https://stream1.freetv.fun/shen-zhen-shao-er-7.ctv,,,,,,,,,,,CCSH.txt
深圳少儿,https://stream1.freetv.fun/shen-zhen-shao-er-5.ctv,,,,,,,,,,,CCSH.txt
深圳少儿,https://stream1.freetv.fun/shen-zhen-shao-er-6.ctv,,,,,,,,,,,CCSH.txt
深圳少儿,https://stream1.freetv.fun/shen-zhen-shao-er-1.m3u8,,,,,,,,,,,CCSH.txt
深圳财经生活,https://stream1.freetv.fun/shen-zhen-cai-jing-sheng-huo-1.m3u8,,,,,,,,,,,CCSH.txt
深圳财经生活,https://stream1.freetv.fun/shen-zhen-cai-jing-sheng-huo-4.ctv,,,,,,,,,,,CCSH.txt
上虞文化,https://stream1.freetv.fun/shang-yu-wen-hua-1.m3u8,,,,,,,,,,,CCSH.txt
上虞文化影院,http://l.cztvcloud.com/channels/lantian/SXshangyu2/720p.m3u8zzhed,,,,,,,,,,,CCSH.txt
上虞新商都,http://l.cztvcloud.com/channels/lantian/SXshangyu3/720p.m3u8?zzhed\r\n,,,,,,,,,,,CCSH.txt
上虞新闻综合,http://l.cztvcloud.com/channels/lantian/SXshangyu1/720p.m3u8?cWlkPSZzPTg3OWMwYmMyZDMzYTFhZGY3NDQxMjgyYTg1MmUzNTY0JmVzPTE3MDY2Nzc4NzMmdXVpZD0yMjdiY2MzNGNiNGY0MThlYjRiY2IxYzcwNmZjODNkMS02NzQ3NDY2NyZ2PTImYXM9MCZjZG5leF9pZD10eF9waG9uZV9saXZl,,,,,,,,,,,CCSH.txt
上虞新闻综合,http://l.cztvcloud.com/channels/lantian/SXshangyu1/720p.m3u8,,,,,,,,,,,CCSH.txt
上虞综合,https://stream1.freetv.fun/shang-yu-zong-he-1.m3u8,,,,,,,,,,,CCSH.txt
之江纪录,http://ali-m-l.cztv.com/channels/lantian/channel12/1080p.m3u8,,,,,,,,,,,CCSH.txt
余姚姚江文化,http://l.cztvcloud.com/channels/lantian/SXyuyao3/720p.m3u8zzhed,,,,,,,,,,,CCSH.txt
余姚综合,http://l.cztvcloud.com/channels/lantian/SXyuyao1/720p.m3u8?%E5%85%B3%E6%B3%A8%E5%BE%AE%E4%BF%A1%E5%85%AC%E4%BC%97%E5%8F%B7[%E6%99%B4%E5%9B%AD],,,,,,,,,,,CCSH.txt
余杭综合,http://l.cztvcloud.com/channels/lantian/SXyuhang1/720p.m3u8?cWlkPSZzPTg3OWMwYmMyZDMzYTFhZGY3NDQxMjgyYTg1MmUzNTY0JmVzPTE3MDY2Nzc4NzMmdXVpZD0yMjdiY2MzNGNiNGY0MThlYjRiY2IxYzcwNmZjODNkMS02NzQ3NDY2NyZ2PTImYXM9MCZjZG5leF9pZD10eF9waG9uZV9saXZl,,,,,,,,,,,CCSH.txt
嘉兴文化影视,https://t.freetv.fun/live/jia-xing-wen-hua-ying-shi-1.m3u8,,,,,,,,,,,CCSH.txt
嘉兴新闻综合,https://t.freetv.fun/live/jia-xing-xin-wen-zong-he-6.m3u8,,,,,,,,,,,CCSH.txt
嘉兴新闻综合,https://t.freetv.fun/live/jia-yu-xin-wen-zong-he.m3u8,,,,,,,,,,,CCSH.txt
嵊泗综合,https://stream1.freetv.fun/sheng-zhou-xin-wen-zong-he-3.m3u8,,,,,,,,,,,CCSH.txt
嵊泗综合,https://stream1.freetv.fun/sheng-zhou-xin-wen-zong-he-2.m3u8,,,,,,,,,,,CCSH.txt
嵊泗综合,https://t.freetv.fun/live/sheng-zhou-xin-wen-zong-he.m3u8,,,,,,,,,,,CCSH.txt
平湖新闻综合,https://t.freetv.fun/live/ping-hu-xin-wen-zong-he-1.m3u8,,,,,,,,,,,CCSH.txt
平湖新闻综合,http://l.cztvcloud.com/channels/lantian/SXpinghu1/720p.m3u8?cWlkPSZzPTg3OWMwYmMyZDMzYTFhZGY3NDQxMjgyYTg1MmUzNTY0JmVzPTE3MDY2Nzc4NzMmdXVpZD0yMjdiY2MzNGNiNGY0MThlYjRiY2IxYzcwNmZjODNkMS02NzQ3NDY2NyZ2PTImYXM9MCZjZG5leF9pZD10eF9waG9uZV9saXZl,,,,,,,,,,,CCSH.txt
庆元综合,http://l.cztvcloud.com/channels/lantian/SXqingyuan1/720p.m3u8?zzhed,,,,,,,,,,,CCSH.txt
庆元综合,http://l.cztvcloud.com/channels/lantian/SXqingyuan1/720p.m3u8?%E5%85%B3%E6%B3%A8%E5%BE%AE%E4%BF%A1%E5%85%AC%E4%BC%97%E5%8F%B7[%E6%99%B4%E5%9B%AD],,,,,,,,,,,CCSH.txt
庆元综合,http://l.cztvcloud.com/channels/lantian/SXqingyuan1/720p.m3u8?zzhed[浙江]洞头综合频道,,,,,,,,,,,CCSH.txt
开化新闻,http://l.cztvcloud.com/channels/lantian/SXkaihua1/720p.m3u8,,,,,,,,,,,CCSH.txt
文成综合,http://l.cztvcloud.com/channels/lantian/SXwencheng1/720p.m3u8?fbl=,,,,,,,,,,,CCSH.txt
新昌新闻综合,http://l.cztvcloud.com/channels/lantian/SXxinchang1/720p.m3u8,,,,,,,,,,,CCSH.txt
新昌新闻综合,https://stream1.freetv.fun/xin-chang-xin-wen-zong-he-3.m3u8,,,,,,,,,,,CCSH.txt
新昌新闻综合,https://stream1.freetv.fun/xin-chang-xin-wen-zong-he-1.m3u8,,,,,,,,,,,CCSH.txt
新昌新闻综合,https://t.freetv.fun/live/xin-chang-xin-wen-zong-he-2.php,,,,,,,,,,,CCSH.txt
新昌新闻综合,https://t.freetv.fun/live/xin-chang-xin-wen-zong-he-3.m3u8,,,,,,,,,,,CCSH.txt
普陀新闻综合,http://l.cztvcloud.com/channels/lantian/SXputuo1/720p.m3u8?zzhed,,,,,,,,,,,CCSH.txt
普陀新闻综合,http://l.cztvcloud.com/channels/lantian/SXputuo1/720p.m3u8?%E5%85%B3%E6%B3%A8%E5%BE%AE%E4%BF%A1%E5%85%AC%E4%BC%97%E5%8F%B7[%E6%99%B4%E5%9B%AD],,,,,,,,,,,CCSH.txt
杭州影视,https://t.freetv.fun/live/hang-zhou-ying-shi-1.php,,,,,,,,,,,CCSH.txt
杭州影视,https://t.freetv.fun/live/hang-zhou-ying-shi-1.m3u8,,,,,,,,,,,CCSH.txt
杭州影视,https://t.freetv.fun/live/hang-zhou-ying-shi-2.m3u8,,,,,,,,,,,CCSH.txt
杭州影视,https://t.freetv.fun/live/hang-zhou-ying-shi-3.m3u8,,,,,,,,,,,CCSH.txt
杭州影视,https://t.freetv.fun/live/hang-zhou-ying-shi-4.m3u8,,,,,,,,,,,CCSH.txt
杭州明珠,https://stream1.freetv.fun/hang-zhou-ming-zhu-2.m3u8,,,,,,,,,,,CCSH.txt
杭州明珠,https://stream1.freetv.fun/hang-zhou-ming-zhu-4.m3u8,,,,,,,,,,,CCSH.txt
杭州明珠,https://t.freetv.fun/live/hang-zhou-ming-zhu-1.php,,,,,,,,,,,CCSH.txt
杭州明珠,https://t.freetv.fun/live/hang-zhou-ming-zhu-1.m3u8,,,,,,,,,,,CCSH.txt
杭州生活,https://t.freetv.fun/live/hang-zhou-sheng-huo-1.php,,,,,,,,,,,CCSH.txt
杭州生活,https://t.freetv.fun/live/hang-zhou-sheng-huo-1.m3u8,,,,,,,,,,,CCSH.txt
杭州综合,http://live.xmcdn.com/live/1845/64.m3u8,,,,,,,,,,,CCSH.txt
杭州综合,https://t.freetv.fun/live/hang-zhou-zong-he-1.php,,,,,,,,,,,CCSH.txt
杭州综合,https://t.freetv.fun/live/hang-zhou-zong-he-1.m3u8,,,,,,,,,,,CCSH.txt
松阳综合,http://l.cztvcloud.com/channels/lantian/SXsongyang1/720p.m3u8?fbl=,,,,,,,,,,,CCSH.txt
松阳综合,http://l.cztvcloud.com/channels/lantian/SXsongyang1/720p.m3u8?zzhed,,,,,,,,,,,CCSH.txt
松阳综合,http://l.cztvcloud.com/channels/lantian/SXsongyang1/720p.m3u8?zzhed;http://l.cztvcloud.com/channels/lantian/SXsongyang1/720p.m3u8zzhed,,,,,,,,,,,CCSH.txt
松阳综合,http://l.cztvcloud.com/channels/lantian/SXsongyang1/720p.m3u8?%E5%85%B3%E6%B3%A8%E5%BE%AE%E4%BF%A1%E5%85%AC%E4%BC%97%E5%8F%B7[%E6%99%B4%E5%9B%AD],,,,,,,,,,,CCSH.txt
武义新闻综合,http://l.cztvcloud.com/channels/lantian/SXwuyi1/720p.m3u8?zzhed\r\n,,,,,,,,,,,CCSH.txt
永嘉新闻综合,https://stream1.freetv.fun/yong-jia-xin-wen-zong-he-1.m3u8,,,,,,,,,,,CCSH.txt
永嘉新闻综合,http://l.cztvcloud.com/channels/lantian/SXyongjia1/720p.m3u8?zzhed&quot;,,,,,,,,,,,CCSH.txt
洞头综合,http://l.cztvcloud.com/channels/lantian/SXdongtou1/720p.m3u8?%E5%85%B3%E6%B3%A8%E5%BE%AE%E4%BF%A1%E5%85%AC%E4%BC%97%E5%8F%B7[%E6%99%B4%E5%9B%AD],,,,,,,,,,,CCSH.txt
浙江公共新闻,https://t.freetv.fun/live/zhe-jiang-gong-gong-xin-wen-2-1.php,,,,,,,,,,,CCSH.txt
浙江公共新闻,https://t.freetv.fun/live/zhe-jiang-gong-gong-xin-wen-3.php,,,,,,,,,,,CCSH.txt
浙江国际,http://ali-vl.cztv.com/channels/lantian/channel010/360p.m3u8?a=1000&d=4e3d476240659192311f471b7b63aec2&k=d26568bae9dd23dd781c769c148459b2&t=1683180450,,,,,,,,,,,CCSH.txt
浙江国际,http://ali-m-l.cztv.com/channels/lantian/channel010/1080p.m3u8?zzhed,,,,,,,,,,,CCSH.txt
浙江国际,https://stream1.freetv.fun/zhe-jiang-guo-ji-4.m3u8,,,,,,,,,,,CCSH.txt
浙江国际,https://stream1.freetv.fun/zhe-jiang-guo-ji-1.m3u8,,,,,,,,,,,CCSH.txt
浙江国际,https://stream1.freetv.fun/8edc171ba7945fd93cc0f2c9e39b48ba0a94500d0029db9456dfdc2d75f9ea9d.m3u8,,,,,,,,,,,CCSH.txt
浙江国际,https://stream1.freetv.fun/zhe-jiang-guo-ji-6.m3u8,,,,,,,,,,,CCSH.txt
浙江国际,https://stream1.freetv.fun/zhe-jiang-guo-ji-8.m3u8,,,,,,,,,,,CCSH.txt
浙江国际,https://stream1.freetv.fun/zhe-jiang-guo-ji-5.m3u8,,,,,,,,,,,CCSH.txt
浙江国际,https://stream1.freetv.fun/zhe-jiang-guo-ji-11.m3u8,,,,,,,,,,,CCSH.txt
浙江国际,https://stream1.freetv.fun/zhe-jiang-guo-ji-9.m3u8,,,,,,,,,,,CCSH.txt
浙江国际,https://stream1.freetv.fun/zhe-jiang-guo-ji-5.ctv,,,,,,,,,,,CCSH.txt
浙江国际,https://stream1.freetv.fun/zhe-jiang-guo-ji-2.m3u8,,,,,,,,,,,CCSH.txt
浙江教科影院,http://ali-m-l.cztv.com/channels/lantian/channel004/1080p.m3u8?zzhed,,,,,,,,,,,CCSH.txt
浙江数码时代,https://ali-m-l.cztv.com/channels/lantian/channel012/1080p.m3u8\r\n,,,,,,,,,,,CCSH.txt
浙江新闻,https://stream1.freetv.fun/zhe-jiang-xin-wen-11.m3u8,,,,,,,,,,,CCSH.txt
浙江新闻,http://ali-m-l.cztv.com/channels/lantian/channel007/1080p.m3u8?zzhed,,,,,,,,,,,CCSH.txt
浙江新闻,https://stream1.freetv.fun/zhe-jiang-xin-wen-6.m3u8,,,,,,,,,,,CCSH.txt
浙江新闻,https://stream1.freetv.fun/zhe-jiang-xin-wen-1.m3u8,,,,,,,,,,,CCSH.txt
浙江新闻,https://stream1.freetv.fun/zhe-jiang-xin-wen-2.ctv,,,,,,,,,,,CCSH.txt
浙江新闻,https://stream1.freetv.fun/zhe-jiang-xin-wen-8.m3u8,,,,,,,,,,,CCSH.txt
浙江新闻,https://stream1.freetv.fun/7fa07158e038a9bae3747a0cb9f8e8ff1aaba32669d28d99a498716f16569c1d.m3u8,,,,,,,,,,,CCSH.txt
浙江新闻,https://ali-m-l.cztv.com/channels/lantian/channel07/1080p.m3u8,,,,,,,,,,,CCSH.txt
浙江新闻,https://stream1.freetv.fun/zhe-jiang-xin-wen-10.m3u8,,,,,,,,,,,CCSH.txt
浙江新闻,https://stream1.freetv.fun/zhe-jiang-xin-wen-2.m3u8,,,,,,,,,,,CCSH.txt
浙江新闻,https://stream1.freetv.fun/zhe-jiang-xin-wen-3.m3u8,,,,,,,,,,,CCSH.txt
浙江新闻,https://stream1.freetv.fun/zhe-jiang-xin-wen-7.m3u8,,,,,,,,,,,CCSH.txt
浙江新闻,https://stream1.freetv.fun/zhe-jiang-xin-wen-9.m3u8,,,,,,,,,,,CCSH.txt
浙江新闻,https://ali-m-l.cztv.com/channels/lantian/channel07/720p.m3u8,,,,,,,,,,,CCSH.txt
浙江新闻,https://stream1.freetv.fun/zhe-jiang-xin-wen-4.m3u8,,,,,,,,,,,CCSH.txt
浙江民生休闲,https://stream1.freetv.fun/zhe-jiang-min-sheng-3.m3u8,,,,,,,,,,,CCSH.txt
浙江民生休闲,https://stream1.freetv.fun/zhe-jiang-min-sheng-4.m3u8,,,,,,,,,,,CCSH.txt
浙江民生休闲,https://stream1.freetv.fun/zhe-jiang-min-sheng-4.ctv,,,,,,,,,,,CCSH.txt
浙江民生休闲,https://stream1.freetv.fun/zhe-jiang-min-sheng-xiu-xian-5.m3u8,,,,,,,,,,,CCSH.txt
浙江民生休闲,https://stream1.freetv.fun/zhe-jiang-min-sheng-xiu-xian-3.ctv,,,,,,,,,,,CCSH.txt
浙江民生休闲,https://stream1.freetv.fun/zhe-jiang-min-sheng-8.m3u8,,,,,,,,,,,CCSH.txt
浙江民生休闲,https://stream1.freetv.fun/zhe-jiang-min-sheng-1.m3u8,,,,,,,,,,,CCSH.txt
浙江民生休闲,https://stream1.freetv.fun/zhe-jiang-min-sheng-xiu-xian-2.ctv,,,,,,,,,,,CCSH.txt
浙江民生休闲,https://stream1.freetv.fun/zhe-jiang-min-sheng-xiu-xian-4.m3u8,,,,,,,,,,,CCSH.txt
浙江民生休闲,https://stream1.freetv.fun/zhe-jiang-min-sheng-7.m3u8,,,,,,,,,,,CCSH.txt
浙江生活,https://stream1.freetv.fun/zhe-jiang-jing-ji-sheng-huo-2.ctv,,,,,,,,,,,CCSH.txt
浙江生活,https://stream1.freetv.fun/zhe-jiang-jing-ji-sheng-huo-6.m3u8,,,,,,,,,,,CCSH.txt
浙江生活,https://ali-m-l.cztv.com/channels/lantian/channel003/1080p.m3u8\r\n,,,,,,,,,,,CCSH.txt
浙江生活,https://stream1.freetv.fun/zhe-jiang-jing-ji-sheng-huo-7.m3u8,,,,,,,,,,,CCSH.txt
浙江留学,https://ali-m-l.cztv.com/channels/lantian/channel009/1080p.m3u8,,,,,,,,,,,CCSH.txt
浙江遂昌,http://play-sh13.quklive.com/live/1708426592499070.m3u8?auth_key=2028414342-e92bda8423ad478c987a8b7ae82abe0e-0-c616f7fabb9675e1ed1d84d9edae7e07,,,,,,,,,,,CCSH.txt
浙江遂昌,http://l.cztvcloud.com/channels/lantian/SXsuichang1/720p.m3u8?%E5%85%B3%E6%B3%A8%E5%BE%AE%E4%BF%A1%E5%85%AC%E4%BC%97%E5%8F%B7[%E6%99%B4%E5%9B%AD],,,,,,,,,,,CCSH.txt
浙江钱江,http://ali-m-l.cztv.com/channels/lantian/channel002/1080p.m3u8?zzhed,,,,,,,,,,,CCSH.txt
浙江钱江,https://stream1.freetv.fun/zhe-jiang-qian-jiang-du-shi-1.m3u8,,,,,,,,,,,CCSH.txt
浙江钱江,https://stream1.freetv.fun/bf079ada709563bdd095159c02dfb5afb53c24e643b73f987100b9d25e9c8f41.m3u8,,,,,,,,,,,CCSH.txt
浙江钱江,https://stream1.freetv.fun/zhe-jiang-qian-jiang-du-shi-2.m3u8,,,,,,,,,,,CCSH.txt
浙江钱江,http://ali-m-l.cztv.com/channels/lantian/channel002/1080p.m3u8?fbl=,,,,,,,,,,,CCSH.txt
浙江钱江,http://ali-m-l.cztv.com/channels/lantian/channel002/720p.m3u8,,,,,,,,,,,CCSH.txt
海宁新闻综合,http://p2hs.vzan.com/slowlive/317913155078575177/live.m3u8,,,,,,,,,,,CCSH.txt
海宁新闻综合,https://p2hs.vzan.com/slowlive/317913155078575177/live.m3u8?zbid=293304&tpid=1708007815,,,,,,,,,,,CCSH.txt
湖州公共,http://hzcm-live.media.hugd.com/1e6b554b9ab74513958c0e1ffe664d22/9acaa7634309494cb29a85eb12136607.m3u8?auth_key=2272900830-9a2389b8bf4e49d580d4ad807423d326-0-ea78a5c7a678c436263582d368f5009e&amp;fbl=,,,,,,,,,,,CCSH.txt
湖州公共,https://hzcm-live.media.hugd.com/1e6b554b9ab74513958c0e1ffe664d22/9acaa7634309494cb29a85eb12136607.m3u8?auth_key=2272900830-9a2389b8bf4e49d580d4ad807423d326-0-ea78a5c7a678c436263582d368f5009e,,,,,,,,,,,CCSH.txt
湖州公共民生,https://t.freetv.fun/live/hu-zhou-gong-gong-4.m3u8,,,,,,,,,,,CCSH.txt
湖州文化娱乐,http://hzcm-live.media.hugd.com/613c47f0ab0d4eaa98b21378d0db6ded/0051d31c9dd543a7825eea4e49675b2a.m3u8?auth_key=2277598059-0a5ebfa1c0dc4671b42a60810fc37039-0-fa625b7d1feab612062453c12e3c8887&fbl=,,,,,,,,,,,CCSH.txt
湖州文化娱乐,https://hzcm-live.media.hugd.com/613c47f0ab0d4eaa98b21378d0db6ded/0051d31c9dd543a7825eea4e49675b2a.m3u8?auth_key=2277598059-0a5ebfa1c0dc4671b42a60810fc37039-0-fa625b7d1feab612062453c12e3c8887,,,,,,,,,,,CCSH.txt
湖州新闻综合,http://hzcm-live.media.hugd.com/3f5fa7d64c7c46a38c6bd8ad35e836cc/65128273761b4731ae53729ea6dcf932.m3u8?auth_key=2277598215-9d21c15111244bea8d298c361d31a72e-0-d031198f58d44b0e91ba2e3f3b188865&amp;fbl=,,,,,,,,,,,CCSH.txt
湖州新闻综合,https://hzcm-live.media.hugd.com/3f5fa7d64c7c46a38c6bd8ad35e836cc/65128273761b4731ae53729ea6dcf932.m3u8?auth_key=2277598215-9d21c15111244bea8d298c361d31a72e-0-d031198f58d44b0e91ba2e3f3b188865,,,,,,,,,,,CCSH.txt
湖州新闻综合,https://t.freetv.fun/live/e-zhou-xin-wen-zong-he.m3u8,,,,,,,,,,,CCSH.txt
绍兴公共,http://live.shaoxing.com.cn/video/s10001-sxtv2/index.m3u8?,,,,,,,,,,,CCSH.txt
绍兴公共,http://live.shaoxing.com.cn/video/s10001-sxtv2/index.m3u8?zzhed,,,,,,,,,,,CCSH.txt
绍兴公共,https://t.freetv.fun/live/shao-xing-gong-gong-2-1.php,,,,,,,,,,,CCSH.txt
绍兴文化,http://live.shaoxing.com.cn/video/s10001-sxtv3/index.m3u8?zzhed?,,,,,,,,,,,CCSH.txt
绍兴文化,https://stream1.freetv.fun/shao-xing-wen-hua-1.m3u8,,,,,,,,,,,CCSH.txt
绍兴文化影视,https://t.freetv.fun/live/shao-xing-wen-hua-ying-yuan-3.php,,,,,,,,,,,CCSH.txt
绍兴文化影院,http://live.shaoxing.com.cn/video/s10001-sxtv3/index.m3u8?zzhed,,,,,,,,,,,CCSH.txt
绍兴新闻综合,http://live.shaoxing.com.cn/video/s10001-sxtv1/index.m3u8?zzhed,,,,,,,,,,,CCSH.txt
绍兴新闻综合,http://live.shaoxing.com.cn/video/s10001-sxhb/index.m3u8?zzhed,,,,,,,,,,,CCSH.txt
绍兴新闻综合,http://live.shaoxing.com.cn/video/s10001-sxhb/index.m3u8,,,,,,,,,,,CCSH.txt
绍兴新闻综合,https://t.freetv.fun/live/shao-xing-xin-wen-zong-he-5.php,,,,,,,,,,,CCSH.txt
绍兴新闻综合,https://t.freetv.fun/live/shao-xing-xin-wen-zong-he-6.php,,,,,,,,,,,CCSH.txt
绍兴新闻综合,https://t.freetv.fun/live/shao-xing-xin-wen-2.php,,,,,,,,,,,CCSH.txt
缙云新闻综合,http://l.cztvcloud.com/channels/lantian/SXjinyun1/720p.m3u8?fbl=,,,,,,,,,,,CCSH.txt
缙云综合,http://l.cztvcloud.com/channels/lantian/SXjinyun1/720p.m3u8?zzhed&quot;,,,,,,,,,,,CCSH.txt
舟山新闻综合,https://t.freetv.fun/live/wen-shan-xin-wen-zong-he.m3u8,,,,,,,,,,,CCSH.txt
舟山新闻综合,https://t.freetv.fun/live/zhou-qu-xin-wen-zong-he.flv,,,,,,,,,,,CCSH.txt
苍南新闻,http://l.cztvcloud.com/channels/lantian/SXcangnan1/720p.m3u8,,,,,,,,,,,CCSH.txt
苍南新闻综合,https://stream1.freetv.fun/cang-nan-xin-wen-zong-he-7.m3u8,,,,,,,,,,,CCSH.txt
苍南新闻综合,https://stream1.freetv.fun/cang-nan-xin-wen-zong-he-2.m3u8,,,,,,,,,,,CCSH.txt
萧山新闻综合,https://stream1.freetv.fun/xiao-shan-xin-wen-zong-he-7.m3u8,,,,,,,,,,,CCSH.txt
萧山新闻综合,https://stream1.freetv.fun/xiao-shan-xin-wen-zong-he-3.m3u8,,,,,,,,,,,CCSH.txt
萧山新闻综合,https://stream1.freetv.fun/xiao-shan-xin-wen-zong-he-1.m3u8,,,,,,,,,,,CCSH.txt
萧山综合,http://l.cztvcloud.com/channels/lantian/SXxiaoshan3/720p.m3u8,,,,,,,,,,,CCSH.txt
衢江新闻,http://l.cztvcloud.com/channels/lantian/SXqujiang1/720p.m3u8,,,,,,,,,,,CCSH.txt
衢江新闻综合,https://t.freetv.fun/live/qu-jiang-xin-wen-zong-he-2-1.php,,,,,,,,,,,CCSH.txt
诸暨新闻综合,http://l.cztvcloud.com/channels/lantian/SXzhuji3/720p.m3u8,,,,,,,,,,,CCSH.txt
遂昌新闻综合,https://t.freetv.fun/live/sui-chang-xin-wen-zong-he.php,,,,,,,,,,,CCSH.txt
鄞州一套,http://pili-publish.yzxw.newaircloud.com/newaircloud-yzxw/yzxw_20190925090843.m3u8?zzhed,,,,,,,,,,,CCSH.txt
鄞州二套,http://pili-publish.yzxw.newaircloud.com/newaircloud-yzxw/yzxw_20190925090936.m3u8?zzhed,,,,,,,,,,,CCSH.txt
钱江都市,https://stream1.freetv.fun/qian-jiang-du-shi-2.m3u8,,,,,,,,,,,CCSH.txt
钱江都市,https://stream1.freetv.fun/qian-jiang-du-shi-1.m3u8,,,,,,,,,,,CCSH.txt
青田电视,http://l.cztvcloud.com/channels/lantian/SXqingtian1/720p.m3u8?zzhed,,,,,,,,,,,CCSH.txt
龙泉新闻综合,http://l.cztvcloud.com/channels/lantian/SXlongquan1/720p.m3u8?zzhed&quot;,,,,,,,,,,,CCSH.txt
龙游新闻,http://l.cztvcloud.com/channels/lantian/SXlongyou1/720p.m3u8,,,,,,,,,,,CCSH.txt
龙游生活娱乐,http://l.cztvcloud.com/channels/lantian/SXlongyou2/720p.m3u8,,,,,,,,,,,CCSH.txt
山东体育,http://live.xmcdn.com/live/805/64.m3u8,,,,,,,,,,,CCSH.txt
山东体育,http://58.57.40.22:9901/tsfile/live/1020_1.m3u8,,,,,,,,,,,CCSH.txt
山东体育,http://123.129.70.178:9901/tsfile/live/1001_1.m3u8?key=txiptv&playlive=1&authid=0,,,,,,,,,,,CCSH.txt
山东体育,https://stream1.freetv.fun/shan-dong-ti-yu-3.m3u8,,,,,,,,,,,CCSH.txt
山东体育,https://stream1.freetv.fun/shan-dong-ti-yu-16.m3u8,,,,,,,,,,,CCSH.txt
山东体育,https://stream1.freetv.fun/shan-dong-ti-yu-6.m3u8,,,,,,,,,,,CCSH.txt
山东体育,https://stream1.freetv.fun/shan-dong-ti-yu-9.m3u8,,,,,,,,,,,CCSH.txt
山东体育,https://stream1.freetv.fun/shan-dong-ti-yu-2.m3u8,,,,,,,,,,,CCSH.txt
山东体育,https://stream1.freetv.fun/shan-dong-ti-yu-1.m3u8,,,,,,,,,,,CCSH.txt
山东体育,https://stream1.freetv.fun/shan-dong-ti-yu-22.m3u8,,,,,,,,,,,CCSH.txt
山东体育,https://stream1.freetv.fun/shan-dong-ti-yu-23.m3u8,,,,,,,,,,,CCSH.txt
山东体育,https://stream1.freetv.fun/shan-dong-ti-yu-14.m3u8,,,,,,,,,,,CCSH.txt
山东体育,https://stream1.freetv.fun/shan-dong-ti-yu-25.m3u8,,,,,,,,,,,CCSH.txt
山东体育,https://stream1.freetv.fun/shan-dong-ti-yu-11.m3u8,,,,,,,,,,,CCSH.txt
山东体育,https://stream1.freetv.fun/shan-dong-ti-yu-24.m3u8,,,,,,,,,,,CCSH.txt
山东体育,https://stream1.freetv.fun/shan-dong-ti-yu-12.m3u8,,,,,,,,,,,CCSH.txt
山东体育,https://stream1.freetv.fun/shan-dong-ti-yu-18.m3u8,,,,,,,,,,,CCSH.txt
山东体育,https://stream1.freetv.fun/shan-dong-ti-yu-5.m3u8,,,,,,,,,,,CCSH.txt
山东农科,http://58.57.40.22:9901/tsfile/live/1022_1.m3u8,,,,,,,,,,,CCSH.txt
山东少儿,http://58.57.40.22:9901/tsfile/live/1024_1.m3u8,,,,,,,,,,,CCSH.txt
山东少儿,http://123.129.70.178:9901/tsfile/live/1004_1.m3u8?key=txiptv&playlive=1&authid=0,,,,,,,,,,,CCSH.txt
山东少儿,https://stream1.freetv.fun/shan-dong-shao-er-8.m3u8,,,,,,,,,,,CCSH.txt
山东少儿,https://stream1.freetv.fun/shan-dong-shao-er-10.m3u8,,,,,,,,,,,CCSH.txt
山东少儿,https://stream1.freetv.fun/shan-dong-shao-er-1.m3u8,,,,,,,,,,,CCSH.txt
山东少儿,https://stream1.freetv.fun/shan-dong-shao-er-6.m3u8,,,,,,,,,,,CCSH.txt
山东教育,http://112.132.10.54:9901/tsfile/live/1018_1.m3u8?key=txiptv&playlive=1&authid=0,,,,,,,,,,,CCSH.txt
山东教育,http://hlsztemgsplive.miguvideo.com:8080/migu/kailu/sdjyws/50/20250915/index.m3u8?msisdn=20260521040219e1e082201aab4f959d1c47b89be342b0&mdspid=&spid=600697&netType=0&sid=5910022199&pid=2028597139&timestamp=20260521040219&Channel_ID=0116_2600000900-99000-201600010010027&ProgramID=609154353&ParentNodeID=-99&assertID=5910022199&client_ip=171.8.79.254&SecurityKey=20260521040219&promotionId=&mvid=2200208305&mcid=500020&playurlVersion=ZQ-A1-9.5.1-RELEASE&userid=&jmhm=&videocodec=h264&appCode=miguvideo_android&bean=mgspad&tid=android&conFee=0&encrypt=a5a4d5ef59dce8d10f94e7bedf91cced,,,,,,,,,,,CCSH.txt
山东教育,http://gslbmgsplive.miguvideo.com/migu/kailu/sdjyws/50/20250915/index.m3u8?msisdn=20260516000104ed2b3ad327d74cb09d0848a99d097d63&mdspid=&spid=600697&netType=0&sid=5910022199&pid=2028597139&timestamp=20260516000104&Channel_ID=0116_2600000900-99000-201600010010027&ProgramID=609154353&ParentNodeID=-99&assertID=5910022199&client_ip=175.178.121.127&SecurityKey=20260516000104&promotionId=&mvid=2200208305&mcid=500020&playurlVersion=WX-A1-9.5.1-RELEASE&userid=&jmhm=&videocodec=h264&appCode=miguvideo_android&bean=mgspad&tid=android&conFee=0&puData=8c38be573c89887d397a1f85586bee3c&ddCalcu=c83cee31e89bb06e8557538cf819a878973d,,,,,,,,,,,CCSH.txt
山东教育,http://hlsztemgsplive.miguvideo.com:8080/migu/kailu/sdjyws/50/20250915/index.m3u8?msisdn=2026052004021352914a577d014bf9865b21161199bf03&mdspid=&spid=600697&netType=0&sid=5910022199&pid=2028597139&timestamp=20260520040213&Channel_ID=0116_2600000900-99000-201600010010027&ProgramID=609154353&ParentNodeID=-99&assertID=5910022199&client_ip=171.8.79.254&SecurityKey=20260520040213&promotionId=&mvid=2200208305&mcid=500020&playurlVersion=ZQ-A1-9.5.1-RELEASE&userid=&jmhm=&videocodec=h264&appCode=miguvideo_android&bean=mgspad&tid=android&conFee=0&encrypt=ecb5853141c28de8cf7c72831890bd44,,,,,,,,,,,CCSH.txt
山东教育,http://hlsztemgsplive.miguvideo.com:8080/migu/kailu/sdjyws/50/20250915/index.m3u8?msisdn=2026052008021397c8d5507d564d68ad4dfaffe95ace93&mdspid=&spid=600697&netType=0&sid=5910022199&pid=2028597139&timestamp=20260520080213&Channel_ID=0116_2600000900-99000-201600010010027&ProgramID=609154353&ParentNodeID=-99&assertID=5910022199&client_ip=171.8.79.254&SecurityKey=20260520080213&promotionId=&mvid=2200208305&mcid=500020&playurlVersion=ZQ-A1-9.5.1-RELEASE&userid=&jmhm=&videocodec=h264&appCode=miguvideo_android&bean=mgspad&tid=android&conFee=0&encrypt=a42fec35bed0190ed2def9948302d9ef,,,,,,,,,,,CCSH.txt
山东教育,http://dassby.qqff.top:99/live/山东教育卫视/index.m3u8,,,,,,,,,,,CCSH.txt
山东教育,http://gslbmgsplive.miguvideo.com/migu/kailu/sdjyws/51/20250915/index.m3u8?msisdn=f5af56ac50b3e1c18a5b24d715d0dd12&mdspid=&spid=600697&netType=0&sid=5910022199&pid=2028597139&timestamp=20260520055909&Channel_ID=0116_2600034600-99000-201600010010028&ProgramID=609154353&ParentNodeID=-99&assertID=5910022199&client_ip=39.98.188.101&SecurityKey=20260520055909&promotionId=&mvid=2200208305&mcid=500020&playurlVersion=ZQ-A1-9.5.1-RELEASE&userid=&jmhm=&videocodec=h264&appCode=miguvideo_android&bean=mgspad&tid=android&conFee=0&puData=3137e1deb51622eae92fcf66411f6912&ddCalcu=2311v93a67bfea111d4e6b65f1c6f2229eea&sv=10004&ct=android,,,,,,,,,,,CCSH.txt
山东文旅,http://58.57.40.22:9901/tsfile/live/1023_1.m3u8,,,,,,,,,,,CCSH.txt
山东新闻,http://live.xmcdn.com/live/1440/64.m3u8,,,,,,,,,,,CCSH.txt
山东新闻,http://123.129.70.178:9901/tsfile/live/1000_1.m3u8?key=txiptv&playlive=1&authid=0,,,,,,,,,,,CCSH.txt
山东新闻,https://stream1.freetv.fun/shan-dong-xin-wen-7.m3u8,,,,,,,,,,,CCSH.txt
山东新闻,https://stream1.freetv.fun/shan-dong-xin-wen-3.m3u8,,,,,,,,,,,CCSH.txt
山东新闻,https://stream1.freetv.fun/shan-dong-xin-wen-10.m3u8,,,,,,,,,,,CCSH.txt
山东生活,http://58.57.40.22:9901/tsfile/live/1018_1.m3u8,,,,,,,,,,,CCSH.txt
山东生活,http://123.129.70.178:9901/tsfile/live/1002_1.m3u8?key=txiptv&playlive=1&authid=0,,,,,,,,,,,CCSH.txt
山东生活,http://live.xmcdn.com/live/802/64.m3u8,,,,,,,,,,,CCSH.txt
山东综艺,http://58.57.40.22:9901/tsfile/live/1021_1.m3u8,,,,,,,,,,,CCSH.txt
山东综艺,http://123.129.70.178:9901/tsfile/live/1001_1.m3u8,,,,,,,,,,,CCSH.txt
枣庄公共,https://t.freetv.fun/live/zao-zhuang-gong-gong-5.flv,,,,,,,,,,,CCSH.txt
枣庄公共,https://t.freetv.fun/live/zao-zhuang-gong-gong-6.flv,,,,,,,,,,,CCSH.txt
枣庄教育,https://t.freetv.fun/live/zao-zhuang-jiao-yu-5.php,,,,,,,,,,,CCSH.txt
枣庄新闻综合,https://t.freetv.fun/live/zao-zhuang-xin-wen-zong-he-3.flv,,,,,,,,,,,CCSH.txt
济南新闻综合,https://stream1.freetv.fun/ipv6-ji-nan-xin-wen-zong-he-8.m3u8,,,,,,,,,,,CCSH.txt
青岛城阳,http://pili-live-rtmp.56.i2863.com/i2863-56/live_56_307317.m3u8?shandd,,,,,,,,,,,CCSH.txt
南京十八,http://hlsztemgsplive.miguvideo.com:8080/migu/kailu/nanjingsb/50/20230719/index.m3u8?msisdn=20260520080207722e1e89c9ec49149adc9e915fd45a12&mdspid=&spid=699067&netType=0&sid=5910021864&pid=2028597139&timestamp=20260520080207&Channel_ID=0116_2600000900-99000-201600010010027&ProgramID=838151753&ParentNodeID=-99&assertID=5910021864&client_ip=171.8.79.254&SecurityKey=20260520080207&promotionId=&mvid=5900006207&mcid=500020&playurlVersion=ZQ-A1-9.5.1-RELEASE&userid=&jmhm=&videocodec=h264&appCode=miguvideo_android&bean=mgspad&tid=android&conFee=0&encrypt=ca02f6dd8225c609fa47169e513895da,,,,,,,,,,,CCSH.txt
南京少儿,https://t.freetv.fun/live/nan-jing-shao-er-2-1.m3u8,,,,,,,,,,,CCSH.txt
南京教科,http://111.122.65.136:1234/838153729,,,,,,,,,,,CCSH.txt
南京教科,http://123.113.205.253:3000/838153729,,,,,,,,,,,CCSH.txt
南京教科,http://14.153.176.89:1234/838153729,,,,,,,,,,,CCSH.txt
南京教科,http://8.135.27.147:1234/838153729,,,,,,,,,,,CCSH.txt
南京教科,http://gslbmgsplive.miguvideo.com/migu/kailu/nanjingkj/50/20230719/index.m3u8?msisdn=b14e6658714ce5602f526a98f29145bd&mdspid=&spid=699067&netType=0&sid=5910021865&pid=2028597139&timestamp=20260520055832&Channel_ID=0116_2600034600-99000-201600010010028&ProgramID=838153729&ParentNodeID=-99&assertID=5910021865&client_ip=39.98.188.45&SecurityKey=20260520055832&promotionId=&mvid=5900006205&mcid=500020&playurlVersion=ZQ-A1-9.5.1-RELEASE&userid=&jmhm=&videocodec=h264&appCode=miguvideo_android&bean=mgspad&tid=android&conFee=0&puData=b1b9b7fc7530fcff5d03a961714a5768&ddCalcu=8b61v7ba59xaba471f7c176593a03f0cdf5f&sv=10004&ct=android,,,,,,,,,,,CCSH.txt
南京教科,http://hlsztemgsplive.miguvideo.com:8080/migu/kailu/nanjingkj/50/20230719/index.m3u8?msisdn=20260520040207f4e635f186b04df49dd9df85576a870b&mdspid=&spid=699067&netType=0&sid=5910021865&pid=2028597139&timestamp=20260520040207&Channel_ID=0116_2600000900-99000-201600010010027&ProgramID=838153729&ParentNodeID=-99&assertID=5910021865&client_ip=171.8.79.254&SecurityKey=20260520040207&promotionId=&mvid=5900006205&mcid=500020&playurlVersion=ZQ-A1-9.5.1-RELEASE&userid=&jmhm=&videocodec=h264&appCode=miguvideo_android&bean=mgspad&tid=android&conFee=0&encrypt=7a666228067ebe860281998b70f90b46,,,,,,,,,,,CCSH.txt
南京教科,http://hlsztemgsplive.miguvideo.com:8080/migu/kailu/nanjingkj/50/20230719/index.m3u8?msisdn=20260520080206c2666ce993e746d180810ed6b307d818&mdspid=&spid=699067&netType=0&sid=5910021865&pid=2028597139&timestamp=20260520080206&Channel_ID=0116_2600000900-99000-201600010010027&ProgramID=838153729&ParentNodeID=-99&assertID=5910021865&client_ip=171.8.79.254&SecurityKey=20260520080206&promotionId=&mvid=5900006205&mcid=500020&playurlVersion=ZQ-A1-9.5.1-RELEASE&userid=&jmhm=&videocodec=h264&appCode=miguvideo_android&bean=mgspad&tid=android&conFee=0&encrypt=5fa2635983a00086cf89f2c33778ed67,,,,,,,,,,,CCSH.txt
南京教科,https://t.freetv.fun/live/nan-jing-jiao-ke-2-1.m3u8,,,,,,,,,,,CCSH.txt
南京新闻综合,http://ottrrs.hl.chinamobile.com/PLTV/88888888/224/3221226311/index.m3u8,,,,,,,,,,,CCSH.txt
南京新闻综合,http://111.122.65.136:1234/838109047,,,,,,,,,,,CCSH.txt
南京新闻综合,http://123.113.205.253:3000/838109047,,,,,,,,,,,CCSH.txt
南京新闻综合,http://14.153.176.89:1234/838109047,,,,,,,,,,,CCSH.txt
南京新闻综合,http://8.135.27.147:1234/838109047,,,,,,,,,,,CCSH.txt
南京新闻综合,http://gslbmgsplive.miguvideo.com/migu/kailu/nanjingxwzh/50/20230719/index.m3u8?msisdn=ef4182e19cd3c266640687cfd1d35059&mdspid=&spid=699067&netType=0&sid=5910021863&pid=2028597139&timestamp=20260520055832&Channel_ID=0116_2600034600-99000-201600010010028&ProgramID=838109047&ParentNodeID=-99&assertID=5910021863&client_ip=39.98.188.45&SecurityKey=20260520055832&promotionId=&mvid=5900006203&mcid=500020&playurlVersion=ZQ-A1-9.5.1-RELEASE&userid=&jmhm=&videocodec=h264&appCode=miguvideo_android&bean=mgspad&tid=android&conFee=0&puData=c7ac839bf9b6e58c45eb800da9c7c9da&ddCalcu=acd7v9aaccc78ac399abdf090b86bee5584c&sv=10004&ct=android,,,,,,,,,,,CCSH.txt
南京新闻综合,http://hlsztemgsplive.miguvideo.com:8080/migu/kailu/nanjingxwzh/50/20230719/index.m3u8?msisdn=20260520040207f809a13ff7e340aaa7f3d4677c69de48&mdspid=&spid=699067&netType=0&sid=5910021863&pid=2028597139&timestamp=20260520040207&Channel_ID=0116_2600000900-99000-201600010010027&ProgramID=838109047&ParentNodeID=-99&assertID=5910021863&client_ip=171.8.79.254&SecurityKey=20260520040207&promotionId=&mvid=5900006203&mcid=500020&playurlVersion=ZQ-A1-9.5.1-RELEASE&userid=&jmhm=&videocodec=h264&appCode=miguvideo_android&bean=mgspad&tid=android&conFee=0&encrypt=9e7eb16b544deb350996ebb5e10f04ae,,,,,,,,,,,CCSH.txt
南京新闻综合,http://hlsztemgsplive.miguvideo.com:8080/migu/kailu/nanjingxwzh/50/20230719/index.m3u8?msisdn=20260520080206bc585fad0e214123879593a7e51da729&mdspid=&spid=699067&netType=0&sid=5910021863&pid=2028597139&timestamp=20260520080206&Channel_ID=0116_2600000900-99000-201600010010027&ProgramID=838109047&ParentNodeID=-99&assertID=5910021863&client_ip=171.8.79.254&SecurityKey=20260520080206&promotionId=&mvid=5900006203&mcid=500020&playurlVersion=ZQ-A1-9.5.1-RELEASE&userid=&jmhm=&videocodec=h264&appCode=miguvideo_android&bean=mgspad&tid=android&conFee=0&encrypt=05ae81546ec9f31a86c03f08fddb4cb6,,,,,,,,,,,CCSH.txt
南京新闻综合,https://t.freetv.fun/live/nan-jing-xin-wen-zong-he-1-1.php,,,,,,,,,,,CCSH.txt
南通新闻综合,http://hlsztemgsplive.miguvideo.com:8080/migu/kailu/ntxwzh/50/20250604/index.m3u8?msisdn=20260521040215dad21320cbff41ab831d56a137bdafc3&mdspid=&spid=699067&netType=0&sid=5910022178&pid=2028597139&timestamp=20260521040215&Channel_ID=0116_2600000900-99000-201600010010027&ProgramID=955227985&ParentNodeID=-99&assertID=5910022178&client_ip=171.8.79.254&SecurityKey=20260521040215&promotionId=&mvid=5900006706&mcid=500020&playurlVersion=ZQ-A1-9.5.1-RELEASE&userid=&jmhm=&videocodec=h264&appCode=miguvideo_android&bean=mgspad&tid=android&conFee=0&encrypt=208a0335643d4a22a82dec8122dda3f7,,,,,,,,,,,CCSH.txt
南通新闻综合,http://111.122.65.136:1234/955227985,,,,,,,,,,,CCSH.txt
南通新闻综合,http://123.113.205.253:3000/955227985,,,,,,,,,,,CCSH.txt
南通新闻综合,http://14.153.176.89:1234/955227985,,,,,,,,,,,CCSH.txt
南通新闻综合,http://8.135.27.147:1234/955227985,,,,,,,,,,,CCSH.txt
南通新闻综合,http://gslbmgsplive.miguvideo.com/migu/kailu/ntxwzh/51/20250604/index.m3u8?msisdn=09f9f49ff2d58c534b53788475091d69&mdspid=&spid=699067&netType=0&sid=5910022178&pid=2028597139&timestamp=20260520055838&Channel_ID=0116_2600034600-99000-201600010010028&ProgramID=955227985&ParentNodeID=-99&assertID=5910022178&client_ip=39.98.188.45&SecurityKey=20260520055838&promotionId=&mvid=5900006706&mcid=500020&playurlVersion=ZQ-A1-9.5.1-RELEASE&userid=&jmhm=&videocodec=h264&appCode=miguvideo_android&bean=mgspad&tid=android&conFee=0&puData=574544c5a4692f05462104b95d2187eb&ddCalcu=b5e7v74a85l14a24dc559ab44609122f6045&sv=10004&ct=android,,,,,,,,,,,CCSH.txt
南通新闻综合,http://hlsztemgsplive.miguvideo.com:8080/migu/kailu/ntxwzh/50/20250604/index.m3u8?msisdn=20260520040210ef55e8c56399416ca2b2a083489faf54&mdspid=&spid=699067&netType=0&sid=5910022178&pid=2028597139&timestamp=20260520040210&Channel_ID=0116_2600000900-99000-201600010010027&ProgramID=955227985&ParentNodeID=-99&assertID=5910022178&client_ip=171.8.79.254&SecurityKey=20260520040210&promotionId=&mvid=5900006706&mcid=500020&playurlVersion=ZQ-A1-9.5.1-RELEASE&userid=&jmhm=&videocodec=h264&appCode=miguvideo_android&bean=mgspad&tid=android&conFee=0&encrypt=d7c40bbf03e4d37edbc9b526f070ca1e,,,,,,,,,,,CCSH.txt
南通新闻综合,http://hlsztemgsplive.miguvideo.com:8080/migu/kailu/ntxwzh/50/20250604/index.m3u8?msisdn=20260520080209a4299f58e5064b7b880037918caf2f5e&mdspid=&spid=699067&netType=0&sid=5910022178&pid=2028597139&timestamp=20260520080209&Channel_ID=0116_2600000900-99000-201600010010027&ProgramID=955227985&ParentNodeID=-99&assertID=5910022178&client_ip=171.8.79.254&SecurityKey=20260520080209&promotionId=&mvid=5900006706&mcid=500020&playurlVersion=ZQ-A1-9.5.1-RELEASE&userid=&jmhm=&videocodec=h264&appCode=miguvideo_android&bean=mgspad&tid=android&conFee=0&encrypt=c1e048537c8d3e49907eba1b7985aad5,,,,,,,,,,,CCSH.txt
句容党建频道,http://jrlive.jrntv.com/live/_definst_/dangjians/playlist.m3u8,,,,,,,,,,,CCSH.txt
句容新闻综合,http://jrlive.jrntv.com/live/_definst_/jrxwzhs/playlist.m3u8,,,,,,,,,,,CCSH.txt
句容新闻综合,http://jrlive.jrntv.com/live/_definst_/jrxwzhs/playlist.m3u8?zjiangsd,,,,,,,,,,,CCSH.txt
徐州公共频道,http://stream3.huaihai.tv/xz4t/sd/live.m3u8,,,,,,,,,,,CCSH.txt
武进新闻频道,https://live.wjyanghu.com/live/CH1.m3u8?zjiangsd,,,,,,,,,,,CCSH.txt
淮安新闻综合,http://hlsztemgsplive.miguvideo.com:8080/wd_r2/jstv/haxinwenzonghe/600/index.m3u8?msisdn=20260521040214590a8dda15bb4c5dab3dc048de813f12&mdspid=&spid=699067&netType=0&sid=5500469363&pid=2028597139&timestamp=20260521040214&Channel_ID=0116_2600000900-99000-201600010010027&ProgramID=639731826&ParentNodeID=-99&assertID=5500469363&client_ip=171.8.79.254&SecurityKey=20260521040214&promotionId=&mvid=5102012618&mcid=500020&playurlVersion=ZQ-A1-9.5.1-RELEASE&userid=&jmhm=&videocodec=h264&appCode=miguvideo_android&bean=mgspad&tid=android&conFee=0&encrypt=2d8c0c8f6ac04232fae680b7d8776d36,,,,,,,,,,,CCSH.txt
淮安新闻综合,http://111.122.65.136:1234/639731826,,,,,,,,,,,CCSH.txt
淮安新闻综合,http://123.113.205.253:3000/639731826,,,,,,,,,,,CCSH.txt
淮安新闻综合,http://14.153.176.89:1234/639731826,,,,,,,,,,,CCSH.txt
淮安新闻综合,http://8.135.27.147:1234/639731826,,,,,,,,,,,CCSH.txt
淮安新闻综合,http://gslbmgsplive.miguvideo.com/wd_r2/jstv/haxinwenzonghe/600/index.m3u8?msisdn=5d2015c347cb67a82f6fd25cfb214a90&mdspid=&spid=699067&netType=0&sid=5500469363&pid=2028597139&timestamp=20260520055836&Channel_ID=0116_2600034600-99000-201600010010028&ProgramID=639731826&ParentNodeID=-99&assertID=5500469363&client_ip=39.98.188.45&SecurityKey=20260520055836&promotionId=&mvid=5102012618&mcid=500020&playurlVersion=ZQ-A1-9.5.1-RELEASE&userid=&jmhm=&videocodec=h264&appCode=miguvideo_android&bean=mgspad&tid=android&conFee=0&puData=4ed9d07e18b07960625b1a8f95d5b422&ddCalcu=242ev4dab9k5dad0579ef188ab10b7592660&sv=10004&ct=android,,,,,,,,,,,CCSH.txt
淮安新闻综合,http://hlsztemgsplive.miguvideo.com:8080/wd_r2/jstv/haxinwenzonghe/600/index.m3u8?msisdn=2026052004020879dc937425744b2a8a28a838eb83a859&mdspid=&spid=699067&netType=0&sid=5500469363&pid=2028597139&timestamp=20260520040208&Channel_ID=0116_2600000900-99000-201600010010027&ProgramID=639731826&ParentNodeID=-99&assertID=5500469363&client_ip=171.8.79.254&SecurityKey=20260520040208&promotionId=&mvid=5102012618&mcid=500020&playurlVersion=ZQ-A1-9.5.1-RELEASE&userid=&jmhm=&videocodec=h264&appCode=miguvideo_android&bean=mgspad&tid=android&conFee=0&encrypt=62fb22357fd28184a308cfb376e6ce4f,,,,,,,,,,,CCSH.txt
淮安新闻综合,http://hlsztemgsplive.miguvideo.com:8080/wd_r2/jstv/haxinwenzonghe/600/index.m3u8?msisdn=202605200802089c64fc03a25e48f788c6e76cc8027ab4&mdspid=&spid=699067&netType=0&sid=5500469363&pid=2028597139&timestamp=20260520080208&Channel_ID=0116_2600000900-99000-201600010010027&ProgramID=639731826&ParentNodeID=-99&assertID=5500469363&client_ip=171.8.79.254&SecurityKey=20260520080208&promotionId=&mvid=5102012618&mcid=500020&playurlVersion=ZQ-A1-9.5.1-RELEASE&userid=&jmhm=&videocodec=h264&appCode=miguvideo_android&bean=mgspad&tid=android&conFee=0&encrypt=5cc92a1280cb057af1f7b0dd6ae1c61a,,,,,,,,,,,CCSH.txt
淮安新闻综合,https://t.freetv.fun/live/huai-an-xin-wen-zong-he-3.m3u8,,,,,,,,,,,CCSH.txt
淮安新闻综合,https://t.freetv.fun/live/huai-an-xin-wen-zong-he-3.php,,,,,,,,,,,CCSH.txt
溧水新闻综合,http://hlsztemgsplive.miguvideo.com:8080/migu/kailu/wxxwzh/50/20250604/index.m3u8?msisdn=202605210402153a60084704144659b13c09e27355543f&mdspid=&spid=699067&netType=0&sid=5500469349&pid=2028597139&timestamp=20260521040215&Channel_ID=0116_2600000900-99000-201600010010027&ProgramID=639737327&ParentNodeID=-99&assertID=5500469349&client_ip=171.8.79.254&SecurityKey=20260521040215&promotionId=&mvid=5102012612&mcid=500020&playurlVersion=ZQ-A1-9.5.1-RELEASE&userid=&jmhm=&videocodec=h264&appCode=miguvideo_android&bean=mgspad&tid=android&conFee=0&encrypt=675fbbdf6cae9c73681cbf2182f1dc0d,,,,,,,,,,,CCSH.txt
溧水新闻综合,http://111.122.65.136:1234/639737327,,,,,,,,,,,CCSH.txt
溧水新闻综合,http://123.113.205.253:3000/639737327,,,,,,,,,,,CCSH.txt
溧水新闻综合,http://14.153.176.89:1234/639737327,,,,,,,,,,,CCSH.txt
溧水新闻综合,http://8.135.27.147:1234/639737327,,,,,,,,,,,CCSH.txt
溧水新闻综合,http://gslbmgsplive.miguvideo.com/migu/kailu/wxxwzh/51/20250604/index.m3u8?msisdn=bb0ab51332e83926e4fb5ac0dd42b0d7&mdspid=&spid=699067&netType=0&sid=5500469349&pid=2028597139&timestamp=20260520055838&Channel_ID=0116_2600034600-99000-201600010010028&ProgramID=639737327&ParentNodeID=-99&assertID=5500469349&client_ip=39.98.188.45&SecurityKey=20260520055838&promotionId=&mvid=5102012612&mcid=500020&playurlVersion=ZQ-A1-9.5.1-RELEASE&userid=&jmhm=&videocodec=h264&appCode=miguvideo_android&bean=mgspad&tid=android&conFee=0&puData=391b3262e280238462cc106538816223&ddCalcu=3329v21a6bb13a8286325e620810c2c32864&sv=10004&ct=android,,,,,,,,,,,CCSH.txt
溧水新闻综合,http://hlsztemgsplive.miguvideo.com:8080/migu/kailu/wxxwzh/50/20250604/index.m3u8?msisdn=202605200402101235b7666a314d1cbdf46c6496b8ea21&mdspid=&spid=699067&netType=0&sid=5500469349&pid=2028597139&timestamp=20260520040210&Channel_ID=0116_2600000900-99000-201600010010027&ProgramID=639737327&ParentNodeID=-99&assertID=5500469349&client_ip=171.8.79.254&SecurityKey=20260520040210&promotionId=&mvid=5102012612&mcid=500020&playurlVersion=ZQ-A1-9.5.1-RELEASE&userid=&jmhm=&videocodec=h264&appCode=miguvideo_android&bean=mgspad&tid=android&conFee=0&encrypt=ac8372d349263f9f41662cfc15dfa270,,,,,,,,,,,CCSH.txt
溧水新闻综合,http://hlsztemgsplive.miguvideo.com:8080/migu/kailu/wxxwzh/50/20250604/index.m3u8?msisdn=202605200802091bb271663a594797b6afaa8c4404b9c0&mdspid=&spid=699067&netType=0&sid=5500469349&pid=2028597139&timestamp=20260520080209&Channel_ID=0116_2600000900-99000-201600010010027&ProgramID=639737327&ParentNodeID=-99&assertID=5500469349&client_ip=171.8.79.254&SecurityKey=20260520080209&promotionId=&mvid=5102012612&mcid=500020&playurlVersion=ZQ-A1-9.5.1-RELEASE&userid=&jmhm=&videocodec=h264&appCode=miguvideo_android&bean=mgspad&tid=android&conFee=0&encrypt=7bdadd39319e3dc18fc8b663d7c62db9,,,,,,,,,,,CCSH.txt
苏州新闻综合,http://ottrrs.hl.chinamobile.com/PLTV/88888888/224/3221226410/index.m3u8,,,,,,,,,,,CCSH.txt
苏州新闻综合,https://t.freetv.fun/live/su-zhou-xin-wen-zong-he-3-1.m3u8,,,,,,,,,,,CCSH.txt
靖江新闻综合,http://visit.jjbctv.com:1935/live/xwzhmb/playlist.m3u8?zjiangsd,,,,,,,,,,,CCSH.txt
靖江新闻综合,http://dassby.qqff.top:99/live/辽宁北方/index.m3u8,,,,,,,,,,,CCSH.txt
六安公共,http://pili-live-rtmp.luan2.hfmt.net/luan2/ggpd.m3u8?zanhd,,,,,,,,,,,CCSH.txt
六安公共,http://pili-live-rtmp.luan2.hfmt.net/luan2/ggpd.m3u8,,,,,,,,,,,CCSH.txt
六安新闻综合,http://pili-live-rtmp.luan2.hfmt.net/luan2/jjpd.m3u8?zanhd,,,,,,,,,,,CCSH.txt
六安新闻综合,http://pili-live-rtmp.luan2.hfmt.net/luan2/jjpd.m3u8,,,,,,,,,,,CCSH.txt
固镇新闻,http://www.guzhenm.com:7001/hls/hd-live.m3u8,,,,,,,,,,,CCSH.txt
固镇新闻,http://www.guzhenm.com:7001/hls/hd-live.m3u8?zanhd,,,,,,,,,,,CCSH.txt
安徽影视频道,https://ahlive.ahwanyun.cn/live/8534e69a9af14e41a362bcef71d7896f/hls.m3u8,,,,,,,,,,,CCSH.txt
安徽经济生活,http://112.132.10.54:9901/tsfile/live/1012_1.m3u8?key=txiptv&playlive=1&authid=0,,,,,,,,,,,CCSH.txt
安徽经济生活,https://stream1.freetv.fun/an-hui-jing-ji-sheng-huo-2.m3u8,,,,,,,,,,,CCSH.txt
安徽经济生活,https://stream1.freetv.fun/an-hui-jing-ji-sheng-huo-13.m3u8,,,,,,,,,,,CCSH.txt
安徽经济生活,https://stream1.freetv.fun/an-hui-jing-ji-sheng-huo-9.m3u8,,,,,,,,,,,CCSH.txt
安徽经济生活,https://stream1.freetv.fun/an-hui-jing-ji-sheng-huo-11.m3u8,,,,,,,,,,,CCSH.txt
安徽经济生活,https://stream1.freetv.fun/an-hui-jing-ji-sheng-huo-10.m3u8,,,,,,,,,,,CCSH.txt
安徽经济生活,https://stream1.freetv.fun/an-hui-jing-ji-sheng-huo-1.m3u8,,,,,,,,,,,CCSH.txt
安徽经济生活,https://ahlive.ahwanyun.cn/live/5c6207583a334b048f77dddf370bd840/hls.m3u8,,,,,,,,,,,CCSH.txt
安徽经济生活,https://t.freetv.fun/live/an-hui-jing-ji-sheng-huo-9.m3u8,,,,,,,,,,,CCSH.txt
安徽经济生活,https://t.freetv.fun/live/an-hui-jing-ji-sheng-huo-10.m3u8,,,,,,,,,,,CCSH.txt
安徽经济生活,https://t.freetv.fun/live/an-hui-jing-ji-sheng-huo-11.m3u8,,,,,,,,,,,CCSH.txt
安徽经济生活,https://t.freetv.fun/live/an-hui-jing-ji-sheng-huo-12.m3u8,,,,,,,,,,,CCSH.txt
安徽综艺体育,https://stream1.freetv.fun/an-hui-zong-yi-ti-yu-6.m3u8,,,,,,,,,,,CCSH.txt
安徽综艺体育,https://stream1.freetv.fun/an-hui-zong-yi-ti-yu-5.m3u8,,,,,,,,,,,CCSH.txt
安徽综艺体育,https://stream1.freetv.fun/an-hui-zong-yi-ti-yu-18.m3u8,,,,,,,,,,,CCSH.txt
安徽综艺体育,https://stream1.freetv.fun/an-hui-zong-yi-ti-yu-2.m3u8,,,,,,,,,,,CCSH.txt
歙县综合,https://ahlive.ahwanyun.cn/live/09c5ad9fdb8a44fbaf152b03f8402589/hls.m3u8,,,,,,,,,,,CCSH.txt
滁州新闻综合,https://t.freetv.fun/live/chu-zhou-xin-wen-zong-he-1.m3u8,,,,,,,,,,,CCSH.txt
滁州新闻综合,https://t.freetv.fun/live/chu-zhou-xin-wen-zong-he-1-1.m3u8,,,,,,,,,,,CCSH.txt
滁州新闻综合,https://t.freetv.fun/live/chu-zhou-xin-wen-zong-he-3.m3u8,,,,,,,,,,,CCSH.txt
黄山公共生活,http://hslive.hsnewsnet.com/lsdream/iY92ady/1000/live.m3u8,,,,,,,,,,,CCSH.txt
黄山新闻综合,https://t.freetv.fun/live/huang-shan-xin-wen-zong-he-5.php,,,,,,,,,,,CCSH.txt
海南公共,https://stream1.freetv.fun/ipv6-hai-nan-gong-gong-16.m3u8,,,,,,,,,,,CCSH.txt
海南文旅,http://vapi.91kds.cc/live1/hitv.m3u8?id=hiys&apiKey=2079b631b519ec17da0bc09844eb8419,,,,,,,,,,,CCSH.txt
海南文旅,https://t.freetv.fun/live/hai-nan-wen-lu-2-1.m3u8,,,,,,,,,,,CCSH.txt
海南新闻,http://satellitepull.cnr.cn/live/wxhainxwgb/playlist.m3u8,,,,,,,,,,,CCSH.txt
海南新闻,https://satellitepull.cnr.cn/live/wxhainxwgb/playlist.m3u8,,,,,,,,,,,CCSH.txt
海南新闻,https://stream1.freetv.fun/ipv6-hai-nan-xin-wen-10.m3u8,,,,,,,,,,,CCSH.txt
辽宁公共,http://dassby.qqff.top:99/live/辽宁公共/index.m3u8,,,,,,,,,,,CCSH.txt
辽宁公共,http://120.76.248.139/live/bfgd/4200000481.m3u8,,,,,,,,,,,CCSH.txt
辽宁公共,https://stream1.freetv.fun/liao-zhu-gong-gong-2.m3u8,,,,,,,,,,,CCSH.txt
辽宁公共,https://stream1.freetv.fun/liao-zhu-gong-gong-3.m3u8,,,,,,,,,,,CCSH.txt
辽宁北方,http://120.76.248.139/live/bfgd/4200000071.m3u8,,,,,,,,,,,CCSH.txt
辽宁影视,http://dassby.qqff.top:99/live/辽宁影视剧/index.m3u8,,,,,,,,,,,CCSH.txt
辽宁影视剧,http://120.76.248.139/live/bfgd/4200000070.m3u8,,,,,,,,,,,CCSH.txt
辽宁教育青少,http://120.76.248.139/live/bfgd/4200000075.m3u8,,,,,,,,,,,CCSH.txt
辽宁教育青少,http://dassby.qqff.top:99/live/辽宁教育青少/index.m3u8,,,,,,,,,,,CCSH.txt
辽宁生活,http://dassby.qqff.top:99/live/辽宁生活/index.m3u8,,,,,,,,,,,CCSH.txt
辽宁经济,http://120.76.248.139/live/bfgd/4200000480.m3u8,,,,,,,,,,,CCSH.txt
辽宁经济,http://dassby.qqff.top:99/live/辽宁经济/index.m3u8,,,,,,,,,,,CCSH.txt
辽宁都市,http://120.76.248.139/live/bfgd/4200000610.m3u8,,,,,,,,,,,CCSH.txt
辽宁都市,http://dassby.qqff.top:99/live/辽宁都市/index.m3u8,,,,,,,,,,,CCSH.txt
陕西1套,http://112.46.85.60:8009/hls/18/index.m3u8,,,,,,,,,,,CCSH.txt
陕西体育休闲,http://111.122.65.136:1234/956909356,,,,,,,,,,,CCSH.txt
陕西体育休闲,http://123.113.205.253:3000/956909356,,,,,,,,,,,CCSH.txt
陕西体育休闲,http://14.153.176.89:1234/956909356,,,,,,,,,,,CCSH.txt
陕西体育休闲,http://47.119.24.76:59093/956909356,,,,,,,,,,,CCSH.txt
陕西体育休闲,http://8.135.27.147:1234/956909356,,,,,,,,,,,CCSH.txt
陕西体育休闲,http://gslbmgsplive.miguvideo.com/migu/kailu/sxtyxx/51/20250804/index.m3u8?msisdn=2258455183215df4ac8e2ff716cf46d1&mdspid=&spid=600572&netType=0&sid=5910022189&pid=2028597139&timestamp=20260520055840&Channel_ID=0116_2600034600-99000-201600010010028&ProgramID=956909356&ParentNodeID=-99&assertID=5910022189&client_ip=39.98.188.45&SecurityKey=20260520055840&promotionId=&mvid=5900006712&mcid=500020&playurlVersion=ZQ-A1-9.5.1-RELEASE&userid=&jmhm=&videocodec=h264&appCode=miguvideo_android&bean=mgspad&tid=android&conFee=0&puData=035af897466091a00f29b57e8c22292a&ddCalcu=a023v95a2ab2fa28c987e47656b09921fa00&sv=10004&ct=android,,,,,,,,,,,CCSH.txt
陕西体育休闲,http://hlsztemgsplive.miguvideo.com:8080/migu/kailu/sxtyxx/50/20250804/index.m3u8?msisdn=2026052006020804c91c9c4de5413786ff05ccce484a6c&mdspid=&spid=600572&netType=0&sid=5910022189&pid=2028597139&timestamp=20260520060208&Channel_ID=0116_2600000900-99000-201600010010027&ProgramID=956909356&ParentNodeID=-99&assertID=5910022189&client_ip=171.8.79.254&SecurityKey=20260520060208&promotionId=&mvid=5900006712&mcid=500020&playurlVersion=ZQ-A1-9.5.1-RELEASE&userid=&jmhm=&videocodec=h264&appCode=miguvideo_android&bean=mgspad&tid=android&conFee=0&encrypt=aa0ad481641146ce4845053b8a208daf,,,,,,,,,,,CCSH.txt
陕西体育休闲,http://hlsztemgsplive.miguvideo.com:8080/migu/kailu/sxtyxx/50/20250804/index.m3u8?msisdn=20260520100208ad64aff2412d488c829c9a026ee9b539&mdspid=&spid=600572&netType=0&sid=5910022189&pid=2028597139&timestamp=20260520100208&Channel_ID=0116_2600000900-99000-201600010010027&ProgramID=956909356&ParentNodeID=-99&assertID=5910022189&client_ip=171.8.79.254&SecurityKey=20260520100208&promotionId=&mvid=5900006712&mcid=500020&playurlVersion=ZQ-A1-9.5.1-RELEASE&userid=&jmhm=&videocodec=h264&appCode=miguvideo_android&bean=mgspad&tid=android&conFee=0&encrypt=03f96b70f2805993c8841478d979ada0,,,,,,,,,,,CCSH.txt
陕西农林卫视,https://t.freetv.fun/live/shan-xi-nong-lin-wei-shi.m3u8,,,,,,,,,,,CCSH.txt
陕西新闻资讯,http://111.122.65.136:1234/956909289,,,,,,,,,,,CCSH.txt
陕西新闻资讯,http://123.113.205.253:3000/956909289,,,,,,,,,,,CCSH.txt
陕西新闻资讯,http://14.153.176.89:1234/956909289,,,,,,,,,,,CCSH.txt
陕西新闻资讯,http://8.135.27.147:1234/956909289,,,,,,,,,,,CCSH.txt
陕西新闻资讯,http://gslbmgsplive.miguvideo.com/migu/kailu/sxxwzx/51/20250804/index.m3u8?msisdn=506ec72077537f83370e0db7fc8623c5&mdspid=&spid=600572&netType=0&sid=5910022187&pid=2028597139&timestamp=20260520055838&Channel_ID=0116_2600034600-99000-201600010010028&ProgramID=956909289&ParentNodeID=-99&assertID=5910022187&client_ip=39.98.188.101&SecurityKey=20260520055838&promotionId=&mvid=5900006710&mcid=500020&playurlVersion=ZQ-A1-9.5.1-RELEASE&userid=&jmhm=&videocodec=h264&appCode=miguvideo_android&bean=mgspad&tid=android&conFee=0&puData=ed22b4abccbbfa72e52d9ba0b940718c&ddCalcu=ce8dv12a72a0ba449abb0cacbb9bdf2a57e2&sv=10004&ct=android,,,,,,,,,,,CCSH.txt
陕西新闻资讯,http://hlsztemgsplive.miguvideo.com:8080/migu/kailu/sxxwzx/50/20250804/index.m3u8?msisdn=20260520040210d990c47367674321bf958b26363d2471&mdspid=&spid=600572&netType=0&sid=5910022187&pid=2028597139&timestamp=20260520040210&Channel_ID=0116_2600000900-99000-201600010010027&ProgramID=956909289&ParentNodeID=-99&assertID=5910022187&client_ip=171.8.79.254&SecurityKey=20260520040210&promotionId=&mvid=5900006710&mcid=500020&playurlVersion=ZQ-A1-9.5.1-RELEASE&userid=&jmhm=&videocodec=h264&appCode=miguvideo_android&bean=mgspad&tid=android&conFee=0&encrypt=b47cb3e73ff3a0c45fd8f22e42edaa04,,,,,,,,,,,CCSH.txt
陕西新闻资讯,http://hlsztemgsplive.miguvideo.com:8080/migu/kailu/sxxwzx/50/20250804/index.m3u8?msisdn=20260520080210dc0e7f418de64a1b9a4cceeca6aaaf4f&mdspid=&spid=600572&netType=0&sid=5910022187&pid=2028597139&timestamp=20260520080210&Channel_ID=0116_2600000900-99000-201600010010027&ProgramID=956909289&ParentNodeID=-99&assertID=5910022187&client_ip=171.8.79.254&SecurityKey=20260520080210&promotionId=&mvid=5900006710&mcid=500020&playurlVersion=ZQ-A1-9.5.1-RELEASE&userid=&jmhm=&videocodec=h264&appCode=miguvideo_android&bean=mgspad&tid=android&conFee=0&encrypt=b6f799b0fb487584c90d0cd26e845442,,,,,,,,,,,CCSH.txt
陕西都市青春,http://111.122.65.136:1234/956909358,,,,,,,,,,,CCSH.txt
陕西都市青春,http://123.113.205.253:3000/956909358,,,,,,,,,,,CCSH.txt
陕西都市青春,http://14.153.176.89:1234/956909358,,,,,,,,,,,CCSH.txt
陕西都市青春,http://8.135.27.147:1234/956909358,,,,,,,,,,,CCSH.txt
陕西都市青春,http://gslbmgsplive.miguvideo.com/migu/kailu/sxdsqc/51/20250804/index.m3u8?msisdn=c9a1799dd4502c109a72210054f8da59&mdspid=&spid=600572&netType=0&sid=5910022190&pid=2028597139&timestamp=20260520055838&Channel_ID=0116_2600034600-99000-201600010010028&ProgramID=956909358&ParentNodeID=-99&assertID=5910022190&client_ip=39.98.188.45&SecurityKey=20260520055838&promotionId=&mvid=5900006713&mcid=500020&playurlVersion=ZQ-A1-9.5.1-RELEASE&userid=&jmhm=&videocodec=h264&appCode=miguvideo_android&bean=mgspad&tid=android&conFee=0&puData=28420784adb086972da87a863d35a3c8&ddCalcu=82c8v34aa2b50a37d8346a8dab7088a6d927&sv=10004&ct=android,,,,,,,,,,,CCSH.txt
陕西都市青春,http://hlsztemgsplive.miguvideo.com:8080/migu/kailu/sxdsqc/50/20250804/index.m3u8?msisdn=20260520040210208e9416d69d4abf85d86dc8a218cbb4&mdspid=&spid=600572&netType=0&sid=5910022190&pid=2028597139&timestamp=20260520040210&Channel_ID=0116_2600000900-99000-201600010010027&ProgramID=956909358&ParentNodeID=-99&assertID=5910022190&client_ip=171.8.79.254&SecurityKey=20260520040210&promotionId=&mvid=5900006713&mcid=500020&playurlVersion=ZQ-A1-9.5.1-RELEASE&userid=&jmhm=&videocodec=h264&appCode=miguvideo_android&bean=mgspad&tid=android&conFee=0&encrypt=d4f5da0ec9e35dfdb52806b8665b38c2,,,,,,,,,,,CCSH.txt
陕西都市青春,http://hlsztemgsplive.miguvideo.com:8080/migu/kailu/sxdsqc/50/20250804/index.m3u8?msisdn=20260520080210adf7b638954b4e40b49179d78637c5ac&mdspid=&spid=600572&netType=0&sid=5910022190&pid=2028597139&timestamp=20260520080210&Channel_ID=0116_2600000900-99000-201600010010027&ProgramID=956909358&ParentNodeID=-99&assertID=5910022190&client_ip=171.8.79.254&SecurityKey=20260520080210&promotionId=&mvid=5900006713&mcid=500020&playurlVersion=ZQ-A1-9.5.1-RELEASE&userid=&jmhm=&videocodec=h264&appCode=miguvideo_android&bean=mgspad&tid=android&conFee=0&encrypt=e12f54371c3c1319dbc231bbc23e196c,,,,,,,,,,,CCSH.txt
山西影视,https://t.freetv.fun/live/shan-xi-ying-shi.php,,,,,,,,,,,CCSH.txt
武乡新闻综合,http://60.220.198.84:81/0.m3u8,,,,,,,,,,,CCSH.txt
武乡新闻综合,https://t.freetv.fun/live/wu-xiang-xin-wen-zong-he.m3u8,,,,,,,,,,,CCSH.txt
昆明新闻综合,https://t.freetv.fun/live/kun-ming-xin-wen-zong-he-3.flv,,,,,,,,,,,CCSH.txt
昆明新闻综合,https://t.freetv.fun/live/kun-ming-xin-wen-zong-he-3.m3u8,,,,,,,,,,,CCSH.txt
北京新闻,http://satellitepull.cnr.cn/live/wxbjxwgb/playlist.m3u8,,,,,,,,,,,CCSH.txt
北京新闻,http://player.cntv.cn/standard/live_HLSDRM20180524.swf?ChannelID=btv9&videoTVChannel=btv9&P2PChannelID=pd://cctv_p2p_hdbtv9&tai=btv9&VideoName=btv9&channelID=btv9,,,,,,,,,,,CCSH.txt
北京新闻,http://live.xmcdn.com/live/91/64.m3u8,,,,,,,,,,,CCSH.txt
北京新闻,http://wstvcpudali.v.myalicdn.com/wstvcpud/udrmbtv9_1/index.m3u8,,,,,,,,,,,CCSH.txt
北京新闻,https://wstvcpudali.v.myalicdn.com/wstvcpud/udrmbtv9_1/index.m3u8?adapt=0&BR=audio,,,,,,,,,,,CCSH.txt
北京新闻,https://brtv-radiolive.rbc.cn/alive/fm945.m3u8,,,,,,,,,,,CCSH.txt
北京生活,http://player.cntv.cn/standard/live_HLSDRM20180524.swf?ChannelID=btv7&videoTVChannel=btv7&P2PChannelID=pd://cctv_p2p_hdbtv7&tai=btv7&VideoName=btv7&channelID=btv7,,,,,,,,,,,CCSH.txt
北京生活,https://wstvcpudali.v.myalicdn.com/wstvcpud/udrmbtv7_1/index.m3u8?adapt=0&BR=audio,,,,,,,,,,,CCSH.txt
北京生活,http://wstvcpudali.v.myalicdn.com/wstvcpud/udrmbtv7_1/index.m3u8,,,,,,,,,,,CCSH.txt
北京科教,http://player.cntv.cn/standard/live_HLSDRM20180606.swf?ChannelID=btv3&P2PChannelID=pd://cctv_p2p_hdbtv3,,,,,,,,,,,CCSH.txt
北京财经,http://player.cntv.cn/standard/live_HLSDRM20180524.swf?ChannelID=btv5&videoTVChannel=btv5&P2PChannelID=pd://cctv_p2p_hdbtv5&tai=btv5&VideoName=btv5&channelID=btv5,,,,,,,,,,,CCSH.txt
北京财经,https://wstvcpudali.v.myalicdn.com/wstvcpud/udrmbtv5_1/index.m3u8?adapt=0&BR=audio,,,,,,,,,,,CCSH.txt
北京青年,http://player.cntv.cn/standard/live_HLSDRM20180919.swf?v=180.171.5.8.9.6.3.9&ChannelID=btv8&videoTVChannel=btv8&P2PChannelID=pd://cctv_p2p_hdbtv8&tai=btv8&VideoName=btv8&channelID=btv8,,,,,,,,,,,CCSH.txt
万州三峡移民,http://123.146.162.24:8017/c2F0hmi/1000/live.m3u8?zzhongqd,,,,,,,,,,,CCSH.txt
万州综合,http://live.xmcdn.com/live/1678/64.m3u8,,,,,,,,,,,CCSH.txt
万州综合,http://123.146.162.24:8017/iTXwrGs/800/live.m3u8?zzhongqd,,,,,,,,,,,CCSH.txt
涪陵电视台,http://183.64.215.48:1002/1.m3u8,,,,,,,,,,,CCSH.txt
潼南综合,http://183.230.184.51:65500/tntv1.m3u8,,,,,,,,,,,CCSH.txt
重庆汽摩,http://120.76.248.139/live/bfgd/4200000168.m3u8,,,,,,,,,,,CCSH.txt
重庆汽摩,http://183.64.181.25:40023/rongchang01.m3u8?%E5%85%B3%E6%B3%A8%E5%BE%AE%E4%BF%A1%E5%85%AC%E4%BC%97%E5%8F%B7[%E6%99%B4%E5%9B%AD],,,,,,,,,,,CCSH.txt
重庆汽摩,http://183.230.184.51:65500/tntv1.m3u8?zzhongqd,,,,,,,,,,,CCSH.txt
重庆汽摩,http://222.179.155.21:1935/ch1.m3u8?%E5%85%B3%E6%B3%A8%E5%BE%AE%E4%BF%A1%E5%85%AC%E4%BC%97%E5%8F%B7[%E6%99%B4%E5%9B%AD],,,,,,,,,,,CCSH.txt
铜梁综合,http://183.64.174.171:40123/ch1.m3u8,,,,,,,,,,,CCSH.txt
铜梁综合,https://tlpc01.cqliving.com/ch1.m3u8,,,,,,,,,,,CCSH.txt
漳浦综合,https://t.freetv.fun/live/zhang-pu-zong-he-5.php,,,,,,,,,,,CCSH.txt
福建少儿,https://stream1.freetv.fun/fu-jian-shao-er-3.m3u8,,,,,,,,,,,CCSH.txt
福建少儿,https://live.264788.xyz/channel/fujianshaoer?streamid=98ccc174671e43f0e307e3445e59e2b5&livekey=01WgOR41rriMmMkzNsd0UoaxJRwetZdxIvtVk,,,,,,,,,,,CCSH.txt
福建少儿,https://live.264788.xyz/channel/fujianshaoer?streamid=e835a9456b847a72e1a0b8d64b585300&livekey=01WgOR41rriMmMkzNsd0UoaxJRwetZdxIvtVk,,,,,,,,,,,CCSH.txt
福建少儿,http://php.jdshipin.com:8880/fujian.php?id=8,,,,,,,,,,,CCSH.txt
福建文体,https://live.264788.xyz/channel/fujianwenti?streamid=4601ea23011cea7e8814e708f2b0ada0&livekey=01WgOR41rriMmMkzNsd0UoaxJRwetZdxIvtVk,,,,,,,,,,,CCSH.txt
福建文体,https://live.264788.xyz/channel/fujianwenti?streamid=54c2018d31ad7d7907e394cea5c188e2&livekey=01WgOR41rriMmMkzNsd0UoaxJRwetZdxIvtVk,,,,,,,,,,,CCSH.txt
福建文体,https://live.264788.xyz/channel/fujianwenti?streamid=5b085b708bf8a4e62daa5ed392f810ce&livekey=01WgOR41rriMmMkzNsd0UoaxJRwetZdxIvtVk,,,,,,,,,,,CCSH.txt
福建文体,https://live.264788.xyz/channel/fujianwenti?streamid=6374cbc5f2d95cc57cd0e9ef03792b12&livekey=01WgOR41rriMmMkzNsd0UoaxJRwetZdxIvtVk,,,,,,,,,,,CCSH.txt
福建新闻,http://live.xmcdn.com/live/792/64.m3u8,,,,,,,,,,,CCSH.txt
福建新闻,https://stream1.freetv.fun/fu-jian-xin-wen-5.m3u8,,,,,,,,,,,CCSH.txt
福建新闻,https://stream1.freetv.fun/fu-jian-xin-wen-4.m3u8,,,,,,,,,,,CCSH.txt
福建新闻,https://live.264788.xyz/channel/fujianxinwen?streamid=12a259df7c10f9ab7fde3c0c3aa1ba60&livekey=01WgOR41rriMmMkzNsd0UoaxJRwetZdxIvtVk,,,,,,,,,,,CCSH.txt
福建新闻,https://live.264788.xyz/channel/fujianxinwen?streamid=1d7a4e8614e13d43791f381297047a1a&livekey=01WgOR41rriMmMkzNsd0UoaxJRwetZdxIvtVk,,,,,,,,,,,CCSH.txt
福建新闻,https://live.264788.xyz/channel/fujianxinwen?streamid=3c0a220a2e444b45de5dbc40f99aa11b&livekey=01WgOR41rriMmMkzNsd0UoaxJRwetZdxIvtVk,,,,,,,,,,,CCSH.txt
福建新闻,https://live.264788.xyz/channel/fujianxinwen?streamid=d8a3bcf60a1ed185e1456a00c9277485&livekey=01WgOR41rriMmMkzNsd0UoaxJRwetZdxIvtVk,,,,,,,,,,,CCSH.txt
福建新闻,http://117.72.68.25:9930/fujian.php?id=13,,,,,,,,,,,CCSH.txt
福建海峡卫视,http://27.12.12.42:1234/849119120,,,,,,,,,,,CCSH.txt
福建海峡卫视,http://101.6.130.102:1234/849119120,,,,,,,,,,,CCSH.txt
福建海峡卫视,http://14.153.176.89:1234/849119120,,,,,,,,,,,CCSH.txt
福建海峡卫视,http://59.110.175.70:10000/849119120,,,,,,,,,,,CCSH.txt
福建海峡卫视,http://123.113.205.253:3000/849119120,,,,,,,,,,,CCSH.txt
福建海峡卫视,http://113.46.143.74:5080/849119120,,,,,,,,,,,CCSH.txt
福建海峡卫视,http://111.122.65.136:1234/849119120,,,,,,,,,,,CCSH.txt
福建海峡卫视,http://8.135.27.147:1234/849119120,,,,,,,,,,,CCSH.txt
福建电视剧,https://stream1.freetv.fun/fu-jian-dian-shi-ju-6.m3u8,,,,,,,,,,,CCSH.txt
福建电视剧,https://live.264788.xyz/channel/fujiandianshiju?streamid=c26b66c59ee4773061c78154e5877244&livekey=01WgOR41rriMmMkzNsd0UoaxJRwetZdxIvtVk,,,,,,,,,,,CCSH.txt
福建电视剧,https://live.264788.xyz/channel/fujiandianshiju?streamid=71f9763d50865c64951321e69e83c6f8&livekey=01WgOR41rriMmMkzNsd0UoaxJRwetZdxIvtVk,,,,,,,,,,,CCSH.txt
福建电视剧,https://live.264788.xyz/channel/fujiandianshiju?streamid=a179dae6ca1718f987dd24134561ac27&livekey=01WgOR41rriMmMkzNsd0UoaxJRwetZdxIvtVk,,,,,,,,,,,CCSH.txt
福建电视剧,https://live.264788.xyz/channel/fujiandianshiju?streamid=b352b4dff13dc95a2ab310f90faec19f&livekey=01WgOR41rriMmMkzNsd0UoaxJRwetZdxIvtVk,,,,,,,,,,,CCSH.txt
福建经济,http://live.xmcdn.com/live/789/64.m3u8,,,,,,,,,,,CCSH.txt
福建经济,http://117.72.68.25:9930/fujian.php?id=9,,,,,,,,,,,CCSH.txt
福建综合,https://stream1.freetv.fun/fu-jian-zong-he-2.m3u8,,,,,,,,,,,CCSH.txt
福建综合,https://live.264788.xyz/channel/fujianzonghe?streamid=f614d92b7259456dde72c14924c6323a&livekey=01WgOR41rriMmMkzNsd0UoaxJRwetZdxIvtVk,,,,,,,,,,,CCSH.txt
福建综合,https://live.264788.xyz/channel/fujianzonghe?streamid=6464f306ec4c0acd88d9a698fc2d699e&livekey=01WgOR41rriMmMkzNsd0UoaxJRwetZdxIvtVk,,,,,,,,,,,CCSH.txt
福建综合,https://live.264788.xyz/channel/fujianzonghe?streamid=4e7312db2a9e0b2effa6c08feab90786&livekey=01WgOR41rriMmMkzNsd0UoaxJRwetZdxIvtVk,,,,,,,,,,,CCSH.txt
福建综合,https://live.264788.xyz/channel/fujianzonghe?streamid=a8df03a67061b34e40ecb8863060a8fa&livekey=01WgOR41rriMmMkzNsd0UoaxJRwetZdxIvtVk,,,,,,,,,,,CCSH.txt
福建综合,http://117.72.68.25:9930/fujian.php?id=4,,,,,,,,,,,CCSH.txt
临潭综合,http://pili-live-hls.hfmt.net/gntv/lttv.m3u8?zgand,,,,,,,,,,,CCSH.txt
卓尼综合,http://pili-live-hls.hfmt.net/gntv/zntv.m3u8?zgand,,,,,,,,,,,CCSH.txt
夏河综合,http://pili-live-hls.hfmt.net/gntv/xhtv.m3u8?zgand,,,,,,,,,,,CCSH.txt
渭源新闻,http://pili-live-hls.hfmt.net/gntv/mqtv.m3u8?gansu,,,,,,,,,,,CCSH.txt
甘南综合,http://pili-live-hls.hfmt.net/gntv/gnhytv.m3u8?zgand,,,,,,,,,,,CCSH.txt
碌曲综合,http://pili-live-hls.hfmt.net/gntv/lqtv.m3u8?zgand,,,,,,,,,,,CCSH.txt
舟曲新闻,http://pili-live-hls.hfmt.net/gntv/zqtv.m3u8?zgand,,,,,,,,,,,CCSH.txt
西峰综合,http://pili-live-rtmp.luan2.hfmt.net/luan2/xifeng/123456.m3u8?zgand,,,,,,,,,,,CCSH.txt
凭祥综合,https://cdn.gdlive.gdmain.com/live/0myxr890.m3u8?zguangxd,,,,,,,,,,,CCSH.txt
北海新闻综合,https://cdn.gdlive.gdmain.com/live/lg36zk25.m3u8?zguangxd,,,,,,,,,,,CCSH.txt
北海经济科教,https://cdn.gdlive.gdmain.com/live/lnyxz495.m3u8?zguangxd,,,,,,,,,,,CCSH.txt
南宁公共,https://t.freetv.fun/live/nan-zhu-gong-gong-2.m3u8,,,,,,,,,,,CCSH.txt
南宁新闻综合,http://live.xmcdn.com/live/305/64.m3u8?aac,,,,,,,,,,,CCSH.txt
宾阳综合,https://cdn.gdlive.gdmain.com/live/5zzby3v5.m3u8?zguangxd,,,,,,,,,,,CCSH.txt
岑溪综合,https://cdn.gdlive.gdmain.com/live/02kzy3y0.m3u8?zguangxd,,,,,,,,,,,CCSH.txt
昭平综合,https://cdn.gdlive.gdmain.com/live/53xzyvv5.m3u8?zguangxd,,,,,,,,,,,CCSH.txt
田阳综合,https://cdn.gdlive.gdmain.com/live/0yzvdpr5.m3u8?zguangxd,,,,,,,,,,,CCSH.txt
河北农民,https://stream1.freetv.fun/he-bei-nong-min-1.m3u8,,,,,,,,,,,CCSH.txt
河北农民,https://stream1.freetv.fun/he-bei-nong-min-17.m3u8,,,,,,,,,,,CCSH.txt
河北农民,https://stream1.freetv.fun/he-bei-nong-min-18.ctv,,,,,,,,,,,CCSH.txt
河北农民,https://stream1.freetv.fun/he-bei-nong-min-8.m3u8,,,,,,,,,,,CCSH.txt
河北农民,https://stream1.freetv.fun/he-bei-nong-min-9.m3u8,,,,,,,,,,,CCSH.txt
河北农民,https://stream1.freetv.fun/he-bei-nong-min-18.m3u8,,,,,,,,,,,CCSH.txt
河北农民,https://stream1.freetv.fun/he-bei-nong-min-13.ctv,,,,,,,,,,,CCSH.txt
河北农民,http://1.94.31.214/php/hebei.php?id=nmpd,,,,,,,,,,,CCSH.txt
河北农民,https://stream1.freetv.fun/he-bei-nong-min-14.m3u8,,,,,,,,,,,CCSH.txt
河北农民,https://stream1.freetv.fun/he-bei-nong-min-7.ctv,,,,,,,,,,,CCSH.txt
河北农民,https://stream1.freetv.fun/he-bei-nong-min-15.m3u8,,,,,,,,,,,CCSH.txt
河北农民,https://stream1.freetv.fun/he-bei-nong-min-12.m3u8,,,,,,,,,,,CCSH.txt
河北农民,https://stream1.freetv.fun/he-bei-nong-min-3.ctv,,,,,,,,,,,CCSH.txt
河北都市,https://stream1.freetv.fun/he-bei-du-shi-7.m3u8,,,,,,,,,,,CCSH.txt
河北都市,https://stream1.freetv.fun/he-bei-du-shi-14.m3u8,,,,,,,,,,,CCSH.txt
河北都市,https://stream1.freetv.fun/he-bei-du-shi-16.ctv,,,,,,,,,,,CCSH.txt
河北都市,https://stream1.freetv.fun/he-bei-du-shi-18.m3u8,,,,,,,,,,,CCSH.txt
河北都市,https://stream1.freetv.fun/he-bei-du-shi-22.ctv,,,,,,,,,,,CCSH.txt
河北都市,https://stream1.freetv.fun/he-bei-du-shi-2.m3u8,,,,,,,,,,,CCSH.txt
河北都市,https://stream1.freetv.fun/he-bei-du-shi-20.ctv,,,,,,,,,,,CCSH.txt
河北都市,https://stream1.freetv.fun/he-bei-du-shi-12.m3u8,,,,,,,,,,,CCSH.txt
河北都市,https://stream1.freetv.fun/he-bei-du-shi-21.ctv,,,,,,,,,,,CCSH.txt
河北都市,http://1.94.31.214/php/hebei.php?id=hbds,,,,,,,,,,,CCSH.txt
河北都市,https://stream1.freetv.fun/he-bei-du-shi-24.m3u8,,,,,,,,,,,CCSH.txt
河北都市,https://stream1.freetv.fun/he-bei-du-shi-11.m3u8,,,,,,,,,,,CCSH.txt
河北都市,https://t.freetv.fun/live/he-bei-du-shi-4-1.m3u8,,,,,,,,,,,CCSH.txt
石家庄娱乐,https://stream1.freetv.fun/shi-jia-zhuang-yu-le-11.m3u8,,,,,,,,,,,CCSH.txt
石家庄娱乐,https://stream1.freetv.fun/shi-jia-zhuang-yu-le-8.m3u8,,,,,,,,,,,CCSH.txt
石家庄娱乐,https://stream1.freetv.fun/shi-jia-zhuang-yu-le-3.m3u8,,,,,,,,,,,CCSH.txt
石家庄娱乐,https://stream1.freetv.fun/shi-jia-zhuang-yu-le-10.m3u8,,,,,,,,,,,CCSH.txt
石家庄娱乐,https://stream1.freetv.fun/shi-jia-zhuang-yu-le-12.ctv,,,,,,,,,,,CCSH.txt
石家庄新闻综合,https://stream1.freetv.fun/shi-jia-zhuang-xin-wen-zong-he-8.m3u8,,,,,,,,,,,CCSH.txt
石家庄新闻综合,https://stream1.freetv.fun/shi-jia-zhuang-xin-wen-zong-he-3.m3u8,,,,,,,,,,,CCSH.txt
石家庄新闻综合,https://stream1.freetv.fun/shi-jia-zhuang-xin-wen-zong-he-4.m3u8,,,,,,,,,,,CCSH.txt
石家庄新闻综合,https://stream1.freetv.fun/shi-jia-zhuang-xin-wen-zong-he-10.m3u8,,,,,,,,,,,CCSH.txt
石家庄新闻综合,https://stream1.freetv.fun/shi-jia-zhuang-xin-wen-zong-he-11.ctv,,,,,,,,,,,CCSH.txt
石家庄生活,https://stream1.freetv.fun/shi-jia-zhuang-sheng-huo-15.ctv,,,,,,,,,,,CCSH.txt
石家庄生活,https://stream1.freetv.fun/shi-jia-zhuang-sheng-huo-11.ctv,,,,,,,,,,,CCSH.txt
石家庄生活,https://stream1.freetv.fun/shi-jia-zhuang-sheng-huo-10.ctv,,,,,,,,,,,CCSH.txt
石家庄都市,https://stream1.freetv.fun/shi-jia-zhuang-du-shi-8.m3u8,,,,,,,,,,,CCSH.txt
石家庄都市,https://stream1.freetv.fun/shi-jia-zhuang-du-shi-9.m3u8,,,,,,,,,,,CCSH.txt
石家庄都市,https://stream1.freetv.fun/shi-jia-zhuang-du-shi-17.m3u8,,,,,,,,,,,CCSH.txt
石家庄都市,https://stream1.freetv.fun/shi-jia-zhuang-du-shi-12.m3u8,,,,,,,,,,,CCSH.txt
石家庄都市,https://stream1.freetv.fun/shi-jia-zhuang-du-shi-11.ctv,,,,,,,,,,,CCSH.txt
邢台综合,https://stream1.freetv.fun/xing-tai-zong-he-6.m3u8,,,,,,,,,,,CCSH.txt
邢台综合,https://stream1.freetv.fun/xing-tai-zong-he-13.ctv,,,,,,,,,,,CCSH.txt
邢台综合,https://stream1.freetv.fun/xing-tai-zong-he-1.m3u8,,,,,,,,,,,CCSH.txt
邢台综合,https://stream1.freetv.fun/xing-tai-zong-he-8.ctv,,,,,,,,,,,CCSH.txt
邢台综合,https://stream1.freetv.fun/xing-tai-zong-he-12.m3u8,,,,,,,,,,,CCSH.txt
邢台综合,https://stream1.freetv.fun/xing-tai-zong-he-7.ctv,,,,,,,,,,,CCSH.txt
邢台综合,https://stream1.freetv.fun/xing-tai-zong-he-4.m3u8,,,,,,,,,,,CCSH.txt
邢台综合,https://stream1.freetv.fun/xing-tai-zong-he-11.ctv,,,,,,,,,,,CCSH.txt
开封新闻综合,https://t.freetv.fun/live/xin-wen-zong-he-1.m3u8,,,,,,,,,,,CCSH.txt
开封新闻综合,https://t.freetv.fun/live/xin-wen-zong-he-4.m3u8,,,,,,,,,,,CCSH.txt
河南民生,https://stream1.freetv.fun/he-nan-min-sheng-8.m3u8,,,,,,,,,,,CCSH.txt
河南民生,https://stream1.freetv.fun/he-nan-min-sheng-1.m3u8,,,,,,,,,,,CCSH.txt
河南民生,https://stream1.freetv.fun/he-nan-min-sheng-4.m3u8,,,,,,,,,,,CCSH.txt
河南民生,http://tvcdn.stream3.hndt.com/tv/65bef28a017e10009c49d5f900000000_transios/playlist.m3u8?wsSecret=b8d377795ca41d6a337bcb4e021f8488&wsTime=1779242347,,,,,,,,,,,CCSH.txt
河南民生,https://stream1.freetv.fun/he-nan-min-sheng-7.m3u8,,,,,,,,,,,CCSH.txt
河南民生,https://t.freetv.fun/live/he-nan-min-sheng-2-1.m3u8,,,,,,,,,,,CCSH.txt
河南民生,https://t.freetv.fun/live/he-nan-min-sheng-3.m3u8,,,,,,,,,,,CCSH.txt
河南都市,http://zzssw01.55555.io:9901/tsfile/live/1002_1.m3u8,,,,,,,,,,,CCSH.txt
河南都市,https://stream1.freetv.fun/he-nan-du-shi-1.m3u8,,,,,,,,,,,CCSH.txt
河南都市,https://stream1.freetv.fun/he-nan-du-shi-6.m3u8,,,,,,,,,,,CCSH.txt
河南都市,https://stream1.freetv.fun/he-nan-du-shi-11.m3u8,,,,,,,,,,,CCSH.txt
河南都市,https://stream1.freetv.fun/he-nan-du-shi-10.m3u8,,,,,,,,,,,CCSH.txt
河南都市,https://stream1.freetv.fun/he-nan-du-shi-9.m3u8,,,,,,,,,,,CCSH.txt
河南都市,https://stream1.freetv.fun/he-nan-du-shi-3.m3u8,,,,,,,,,,,CCSH.txt
河南都市,https://stream1.freetv.fun/he-nan-du-shi-2.m3u8,,,,,,,,,,,CCSH.txt
河南都市,https://stream1.freetv.fun/he-nan-du-shi-7.m3u8,,,,,,,,,,,CCSH.txt
河南都市,https://stream1.freetv.fun/he-nan-du-shi-8.m3u8,,,,,,,,,,,CCSH.txt
河南都市,http://tvcdn.stream3.hndt.com/tv/65c3fbc5017e1000fde13faa00000000_transios/playlist.m3u8?wsSecret=f288b8d44fcd6f7fdb42868f04076c86&wsTime=1779242347,,,,,,,,,,,CCSH.txt
河南都市,https://t.freetv.fun/live/he-nan-du-shi-5.m3u8,,,,,,,,,,,CCSH.txt
河南都市,https://t.freetv.fun/live/he-nan-du-shi-6.m3u8,,,,,,,,,,,CCSH.txt
河南都市,https://t.freetv.fun/live/he-nan-du-shi-7.m3u8,,,,,,,,,,,CCSH.txt
哈尔滨影视,http://ottrrs.hl.chinamobile.com/PLTV/88888888/224/3221226552/index.m3u8,,,,,,,,,,,CCSH.txt
哈尔滨影视,http://111.43.126.240:9003/hls/5/index.m3u8,,,,,,,,,,,CCSH.txt
哈尔滨影视,http://stream.hrbtv.net/yspd/sd/live.m3u8?zheild#http://stream.hrbtv.net/yspd/sd/live.m3u8,,,,,,,,,,,CCSH.txt
哈尔滨影视,https://t.freetv.fun/live/ha-er-bin-ying-shi-6.php,,,,,,,,,,,CCSH.txt
哈尔滨影视,https://t.freetv.fun/live/ha-er-bin-ying-shi-7.php,,,,,,,,,,,CCSH.txt
哈尔滨生活,http://ottrrs.hl.chinamobile.com/PLTV/88888888/224/3221226526/index.m3u8,,,,,,,,,,,CCSH.txt
哈尔滨生活,https://t.freetv.fun/live/ha-er-bin-sheng-huo-7.php,,,,,,,,,,,CCSH.txt
黑龙江少儿,https://stream1.freetv.fun/ipv6-hei-long-jiang-shao-er-7.m3u8,,,,,,,,,,,CCSH.txt
黑龙江少儿,https://stream1.freetv.fun/hei-long-jiang-shao-er-10.m3u8,,,,,,,,,,,CCSH.txt
黑龙江少儿,https://stream1.freetv.fun/ipv6-hei-long-jiang-shao-er-13.m3u8,,,,,,,,,,,CCSH.txt
黑龙江少儿,https://stream1.freetv.fun/ipv6-hei-long-jiang-shao-er-17.m3u8,,,,,,,,,,,CCSH.txt
黑龙江少儿,https://stream1.freetv.fun/ipv6-hei-long-jiang-shao-er-16.m3u8,,,,,,,,,,,CCSH.txt
黑龙江少儿,https://stream1.freetv.fun/hei-long-jiang-shao-er-11.m3u8,,,,,,,,,,,CCSH.txt
黑龙江少儿,https://stream1.freetv.fun/ipv6-hei-long-jiang-shao-er-14.m3u8,,,,,,,,,,,CCSH.txt
黑龙江少儿,https://stream1.freetv.fun/ipv6-hei-long-jiang-shao-er-6.m3u8,,,,,,,,,,,CCSH.txt
黑龙江少儿,https://stream1.freetv.fun/hei-long-jiang-shao-er-16.m3u8,,,,,,,,,,,CCSH.txt
黑龙江少儿,https://stream1.freetv.fun/ipv6-hei-long-jiang-shao-er-1.m3u8,,,,,,,,,,,CCSH.txt
黑龙江少儿,https://stream1.freetv.fun/ipv6-hei-long-jiang-shao-er-12.ctv,,,,,,,,,,,CCSH.txt
黑龙江少儿,https://stream1.freetv.fun/hei-long-jiang-shao-er-13.m3u8,,,,,,,,,,,CCSH.txt
黑龙江少儿,https://stream1.freetv.fun/ipv6-hei-long-jiang-shao-er-9.m3u8,,,,,,,,,,,CCSH.txt
黑龙江少儿,https://stream1.freetv.fun/ipv6-hei-long-jiang-shao-er-5.m3u8,,,,,,,,,,,CCSH.txt
黑龙江少儿,https://stream1.freetv.fun/ipv6-hei-long-jiang-shao-er-4.m3u8,,,,,,,,,,,CCSH.txt
黑龙江影视,http://112.99.193.34:9901/tsfile/live/1025_1.m3u8?key=txiptv&amp;playlive=1&amp;authid=0,,,,,,,,,,,CCSH.txt
黑龙江影视,https://stream1.freetv.fun/hei-long-jiang-ying-shi-17.m3u8,,,,,,,,,,,CCSH.txt
黑龙江影视,https://stream1.freetv.fun/ipv6-hei-long-jiang-ying-shi-3.m3u8,,,,,,,,,,,CCSH.txt
黑龙江影视,https://stream1.freetv.fun/ipv6-hei-long-jiang-ying-shi-10.m3u8,,,,,,,,,,,CCSH.txt
黑龙江影视,https://stream1.freetv.fun/ipv6-hei-long-jiang-ying-shi-11.m3u8,,,,,,,,,,,CCSH.txt
黑龙江影视,https://stream1.freetv.fun/ipv6-hei-long-jiang-ying-shi-6.m3u8,,,,,,,,,,,CCSH.txt
黑龙江影视,https://stream1.freetv.fun/ipv6-hei-long-jiang-ying-shi-2.m3u8,,,,,,,,,,,CCSH.txt
黑龙江影视,https://stream1.freetv.fun/ipv6-hei-long-jiang-ying-shi-9.m3u8,,,,,,,,,,,CCSH.txt
黑龙江影视,https://stream1.freetv.fun/ipv6-hei-long-jiang-ying-shi-5.m3u8,,,,,,,,,,,CCSH.txt
黑龙江文体,https://stream1.freetv.fun/ipv6-hei-long-jiang-wen-ti-10.m3u8,,,,,,,,,,,CCSH.txt
黑龙江文体,https://stream1.freetv.fun/ipv6-hei-long-jiang-wen-ti-16.ctv,,,,,,,,,,,CCSH.txt
黑龙江文体,https://stream1.freetv.fun/ipv6-hei-long-jiang-wen-ti-17.m3u8,,,,,,,,,,,CCSH.txt
黑龙江文体,https://stream1.freetv.fun/hei-long-jiang-wen-ti-18.m3u8,,,,,,,,,,,CCSH.txt
黑龙江文体,https://stream1.freetv.fun/ipv6-hei-long-jiang-wen-ti-4.m3u8,,,,,,,,,,,CCSH.txt
黑龙江文体,https://stream1.freetv.fun/ipv6-hei-long-jiang-wen-ti-11.m3u8,,,,,,,,,,,CCSH.txt
黑龙江文体,https://stream1.freetv.fun/ipv6-hei-long-jiang-wen-ti-15.ctv,,,,,,,,,,,CCSH.txt
黑龙江文体,https://stream1.freetv.fun/ipv6-hei-long-jiang-wen-ti-1.m3u8,,,,,,,,,,,CCSH.txt
黑龙江文体,https://stream1.freetv.fun/ipv6-hei-long-jiang-wen-ti-14.m3u8,,,,,,,,,,,CCSH.txt
黑龙江文体,https://stream1.freetv.fun/ipv6-hei-long-jiang-wen-ti-5.m3u8,,,,,,,,,,,CCSH.txt
黑龙江文体,https://stream1.freetv.fun/ipv6-hei-long-jiang-wen-ti-12.m3u8,,,,,,,,,,,CCSH.txt
黑龙江新闻法治,https://stream1.freetv.fun/ipv6-hei-long-jiang-xin-wen-fa-zhi-8.m3u8,,,,,,,,,,,CCSH.txt
黑龙江新闻法治,https://stream1.freetv.fun/ipv6-hei-long-jiang-xin-wen-fa-zhi-9.m3u8,,,,,,,,,,,CCSH.txt
黑龙江新闻法治,https://stream1.freetv.fun/hei-long-jiang-xin-wen-fa-zhi-13.m3u8,,,,,,,,,,,CCSH.txt
黑龙江新闻法治,https://stream1.freetv.fun/ipv6-hei-long-jiang-xin-wen-fa-zhi-10.m3u8,,,,,,,,,,,CCSH.txt
黑龙江新闻法治,https://stream1.freetv.fun/ipv6-hei-long-jiang-xin-wen-fa-zhi-1.m3u8,,,,,,,,,,,CCSH.txt
黑龙江新闻法治,https://stream1.freetv.fun/hei-long-jiang-xin-wen-fa-zhi-11.m3u8,,,,,,,,,,,CCSH.txt
黑龙江新闻法治,http://satellitepull.cnr.cn/live/wx32hljxwgb/playlist.m3u8,,,,,,,,,,,CCSH.txt
黑龙江新闻法治,https://satellitepull.cnr.cn/live/wx32hljxwgb/playlist.m3u8,,,,,,,,,,,CCSH.txt
黑龙江都市,https://stream1.freetv.fun/ipv6-hei-long-jiang-du-shi-22.ctv,,,,,,,,,,,CCSH.txt
黑龙江都市,http://112.99.193.34:9901/tsfile/live/1027_1.m3u8?key=txiptv&amp;playlive=1&amp;authid=0,,,,,,,,,,,CCSH.txt
黑龙江都市,https://stream1.freetv.fun/ipv6-hei-long-jiang-du-shi-6.m3u8,,,,,,,,,,,CCSH.txt
黑龙江都市,https://stream1.freetv.fun/ipv6-hei-long-jiang-du-shi-5.m3u8,,,,,,,,,,,CCSH.txt
黑龙江都市,https://stream1.freetv.fun/hei-long-jiang-du-shi-12.m3u8,,,,,,,,,,,CCSH.txt
黑龙江都市,https://stream1.freetv.fun/hei-long-jiang-du-shi-8.m3u8,,,,,,,,,,,CCSH.txt
黑龙江都市,https://stream1.freetv.fun/ipv6-hei-long-jiang-du-shi-20.m3u8,,,,,,,,,,,CCSH.txt
黑龙江都市,https://stream1.freetv.fun/ipv6-hei-long-jiang-du-shi-17.m3u8,,,,,,,,,,,CCSH.txt
黑龙江都市,https://stream1.freetv.fun/ipv6-hei-long-jiang-du-shi-2.m3u8,,,,,,,,,,,CCSH.txt
黑龙江都市,https://stream1.freetv.fun/ipv6-hei-long-jiang-du-shi-3.m3u8,,,,,,,,,,,CCSH.txt
黑龙江都市,https://stream1.freetv.fun/ipv6-hei-long-jiang-du-shi-16.m3u8,,,,,,,,,,,CCSH.txt
黑龙江都市,https://stream1.freetv.fun/ipv6-hei-long-jiang-du-shi-12.m3u8,,,,,,,,,,,CCSH.txt
黑龙江都市,https://stream1.freetv.fun/ipv6-hei-long-jiang-du-shi-13.m3u8,,,,,,,,,,,CCSH.txt
黑龙江都市,https://stream1.freetv.fun/ipv6-hei-long-jiang-du-shi-19.ctv,,,,,,,,,,,CCSH.txt
黑龙江都市,https://stream1.freetv.fun/hei-long-jiang-du-shi-1.m3u8,,,,,,,,,,,CCSH.txt
黑龙江都市,https://stream1.freetv.fun/ipv6-hei-long-jiang-du-shi-14.m3u8,,,,,,,,,,,CCSH.txt
黑龙江都市,https://stream1.freetv.fun/ipv6-hei-long-jiang-du-shi-1.m3u8,,,,,,,,,,,CCSH.txt
东丰综合,http://stream5.jlntv.cn/df/playlist.m3u8,,,,,,,,,,,CCSH.txt
东丰综合,http://stream5.jlntv.cn/df/sd/live.m3u8?%E5%85%B3%E6%B3%A8%E5%BE%AE%E4%BF%A1%E5%85%AC%E4%BC%97%E5%8F%B7[%E6%99%B4%E5%9B%AD],,,,,,,,,,,CCSH.txt
东丰综合,http://stream5.jlntv.cn/df/sd/live.m3u8,,,,,,,,,,,CCSH.txt
九台综合,http://stream10.jlntv.cn/jiutaitv/sd/live.m3u8?%E5%85%B3%E6%B3%A8%E5%BE%AE%E4%BF%A1%E5%85%AC%E4%BC%97%E5%8F%B7[%E6%99%B4%E5%9B%AD],,,,,,,,,,,CCSH.txt
双辽综合,http://stream5.jlntv.cn/sl/sd/live.m3u8?_upt=73404dd11699197122,,,,,,,,,,,CCSH.txt
吉林乡村,http://satellitepull.cnr.cn/live/wxjlxcgb/playlist.m3u8,,,,,,,,,,,CCSH.txt
吉林乡村,https://t.freetv.fun/live/ji-lin-xiang-cun-1-1.m3u8,,,,,,,,,,,CCSH.txt
吉林生活,http://192.151.150.154/live/jlsh.m3u8,,,,,,,,,,,CCSH.txt
吉林生活,http://107.150.60.122/live/jlsh.m3u8,,,,,,,,,,,CCSH.txt
吉林生活,https://t.freetv.fun/live/ji-lin-sheng-huo-3.m3u8,,,,,,,,,,,CCSH.txt
吉林都市,http://107.150.60.122/live/jlds.m3u8,,,,,,,,,,,CCSH.txt
吉林都市,http://192.151.150.154/live/jlds.m3u8,,,,,,,,,,,CCSH.txt
吉林都市,https://t.freetv.fun/live/ji-lin-du-shi-3.m3u8,,,,,,,,,,,CCSH.txt
延边-2,http://stream8.jlntv.cn/ljtv/playlist.m3u8,,,,,,,,,,,CCSH.txt
德惠综合,http://stream11.jlntv.cn/dehuitv/sd/live.m3u8?%E5%85%B3%E6%B3%A8%E5%BE%AE%E4%BF%A1%E5%85%AC%E4%BC%97%E5%8F%B7[%E6%99%B4%E5%9B%AD],,,,,,,,,,,CCSH.txt
柳河综合,http://stream5.jlntv.cn/lh/sd/live.m3u8?_upt=db16d5e41702758050,,,,,,,,,,,CCSH.txt
柳河综合,http://stream5.jlntv.cn/lh/playlist.m3u8,,,,,,,,,,,CCSH.txt
桦甸综合,http://stream10.jlntv.cn/huadian/sd/live.m3u8?%E5%85%B3%E6%B3%A8%E5%BE%AE%E4%BF%A1%E5%85%AC%E4%BC%97%E5%8F%B7[%E6%99%B4%E5%9B%AD],,,,,,,,,,,CCSH.txt
桦甸综合,http://stream10.jlntv.cn/huadian/playlist.m3u8,,,,,,,,,,,CCSH.txt
梅河口综合,http://stream4.jlntv.cn/mhk/sd/live.m3u8?zjild,,,,,,,,,,,CCSH.txt
汪清综合,http://stream5.jlntv.cn/wq/sd/live.m3u8?_upt=eb80947d1699080781,,,,,,,,,,,CCSH.txt
珲春新闻综合,http://stream8.jlntv.cn/hctv/sd/live.m3u8?zjild&quot;,,,,,,,,,,,CCSH.txt
珲春新闻综合,https://t.freetv.fun/live/hun-chun-xin-wen-zong-he.m3u8,,,,,,,,,,,CCSH.txt
磐石综合,http://stream5.jlntv.cn/ps/sd/live.m3u8?_upt=e05f429d1702757565,,,,,,,,,,,CCSH.txt
辉南新闻综合,http://stream5.jlntv.cn/hn/sd/live.m3u8?%E5%85%B3%E6%B3%A8%E5%BE%AE%E4%BF%A1%E5%85%AC%E4%BC%97%E5%8F%B7[%E6%99%B4%E5%9B%AD],,,,,,,,,,,CCSH.txt
靖宇综合,http://stream8.jlntv.cn/jytv/sd/live.m3u8,,,,,,,,,,,CCSH.txt
靖宇综合,http://stream8.jlntv.cn/jytv/playlist.m3u8,,,,,,,,,,,CCSH.txt
龙井综合,http://stream8.jlntv.cn/ljtv/sd/live.m3u8?%E5%85%B3%E6%B3%A8%E5%BE%AE%E4%BF%A1%E5%85%AC%E4%BC%97%E5%8F%B7[%E6%99%B4%E5%9B%AD],,,,,,,,,,,CCSH.txt
万载综合,http://ls.qingting.fm/live/273.m3u8,,,,,,,,,,,CCSH.txt
万载综合,http://live-echotv.cdnvideo.ru/echotv/echotv.sdp/playlist.m3u8,,,,,,,,,,,CCSH.txt
南昌新闻综合,https://t.freetv.fun/live/nan-chang-xin-wen-zong-he-1.m3u8,,,,,,,,,,,CCSH.txt
南昌都市,https://t.freetv.fun/live/nan-chang-du-shi-1.m3u8,,,,,,,,,,,CCSH.txt
南昌都市,https://t.freetv.fun/live/nan-chang-du-shi-1.php,,,,,,,,,,,CCSH.txt
宁都综合,http://play-a2.quklive.com/live/1749084198822069.flv,,,,,,,,,,,CCSH.txt
宁都综合,http://play-a2.quklive.com/live/1749084198822069.m3u8,,,,,,,,,,,CCSH.txt
新余新闻综合,https://t.freetv.fun/live/xin-yu-xin-wen-zong-he-1.m3u8,,,,,,,,,,,CCSH.txt
武宁新闻综合,https://stream1.freetv.fun/wu-zhu-xin-wen-zong-he-2.m3u8,,,,,,,,,,,CCSH.txt
江西公共农业,https://t.freetv.fun/live/jiang-xi-gong-gong-nong-ye.m3u8,,,,,,,,,,,CCSH.txt
江西教育,https://t.freetv.fun/live/jiang-xi-jiao-yu-3.php,,,,,,,,,,,CCSH.txt
江西经济生活,https://t.freetv.fun/live/jiang-xi-jing-ji-sheng-huo-3.m3u8,,,,,,,,,,,CCSH.txt
江西都市,https://t.freetv.fun/live/jiang-xi-du-shi-2.m3u8,,,,,,,,,,,CCSH.txt
萍乡新闻综合,https://t.freetv.fun/live/ping-xiang-xin-wen-zong-he.php,,,,,,,,,,,CCSH.txt
宁夏公共,https://t.freetv.fun/live/zhu-xia-gong-gong-1.m3u8,,,,,,,,,,,CCSH.txt
宁夏经济,http://satellitepull.cnr.cn/live/wxnxjjgb/playlist.m3u8,,,,,,,,,,,CCSH.txt
宁夏经济,https://satellitepull.cnr.cn/live/wxnxjjgb/playlist.m3u8,,,,,,,,,,,CCSH.txt
西宁新闻综合,https://stream1.freetv.fun/xi-zhu-xin-wen-zong-he-2.m3u8,,,,,,,,,,,CCSH.txt
西宁新闻综合,https://stream1.freetv.fun/zhu-xia--xi-zhu-xin-wen-zong-he-1.m3u8,,,,,,,,,,,CCSH.txt
西宁新闻综合,https://stream1.freetv.fun/xi-zhu-xin-wen-zong-he-1.m3u8,,,,,,,,,,,CCSH.txt
西宁新闻综合,https://stream1.freetv.fun/xi-zhu-xin-wen-zong-he-3.m3u8,,,,,,,,,,,CCSH.txt
西宁新闻综合,https://t.freetv.fun/live/jing-zhu-xin-wen-zong-he-1.m3u8,,,,,,,,,,,CCSH.txt
凉山新闻综合,https://t.freetv.fun/live/liang-shan-xin-wen-zong-he-2-1.m3u8,,,,,,,,,,,CCSH.txt
