频道名,地址,回播地址,回播类型,回播天数,tvg-id,tvg-name,国家分组,语言分组,图标,原分组,分辨率,来源文件
[HD]大湾区卫视,https://t.freetv.fun/live/da-wan-qu-wei-shi-4.m3u8,,,,,大灣區衛視,China,China,https://epg.pw/media/images/channel/2024/01/14/large/20240114132000365190_44.png,Generic,,freetv-fun-all.txt
[BD]大湾区卫视,https://t.freetv.fun/live/da-wan-qu-wei-shi-8.m3u8,,,,,大灣區衛視,China,China,https://epg.pw/media/images/channel/2024/01/14/large/20240114132000365190_44.png,Generic,,freetv-fun-all.txt
[BD]大湾区卫视,https://t.freetv.fun/live/da-wan-qu-wei-shi-12.m3u8,,,,,大灣區衛視,China,China,https://epg.pw/media/images/channel/2024/01/14/large/20240114132000365190_44.png,Generic,,freetv-fun-all.txt
[BD]大湾区卫视,https://t.freetv.fun/live/da-wan-qu-wei-shi-13.m3u8,,,,,大灣區衛視,China,China,https://epg.pw/media/images/channel/2024/01/14/large/20240114132000365190_44.png,Generic,,freetv-fun-all.txt
[BD]大湾区卫视高清,https://t.freetv.fun/live/da-wan-qu-wei-shi-gao-qing.m3u8,,,,,大灣區衛視,China,China,https://epg.pw/media/images/channel/2024/01/14/large/20240114132000365190_44.png,Generic,,freetv-fun-all.txt
[BD]大湾区卫视高清,https://t.freetv.fun/live/da-wan-qu-wei-shi-gao-qing-2.m3u8,,,,,大灣區衛視,China,China,https://epg.pw/media/images/channel/2024/01/14/large/20240114132000365190_44.png,Generic,,freetv-fun-all.txt
[BD]大湾区卫视高清,https://t.freetv.fun/live/da-wan-qu-wei-shi-gao-qing-3.m3u8,,,,,大灣區衛視,China,China,https://epg.pw/media/images/channel/2024/01/14/large/20240114132000365190_44.png,Generic,,freetv-fun-all.txt
[BD]大湾区卫视高清,https://t.freetv.fun/live/da-wan-qu-wei-shi-gao-qing-4.m3u8,,,,,大灣區衛視,China,China,https://epg.pw/media/images/channel/2024/01/14/large/20240114132000365190_44.png,Generic,,freetv-fun-all.txt
[BD]大湾区卫视高清,https://t.freetv.fun/live/da-wan-qu-wei-shi-gao-qing-5.m3u8,,,,,大灣區衛視,China,China,https://epg.pw/media/images/channel/2024/01/14/large/20240114132000365190_44.png,Generic,,freetv-fun-all.txt
[BD]大湾区卫视高清,https://t.freetv.fun/live/da-wan-qu-wei-shi-gao-qing-6.m3u8,,,,,大灣區衛視,China,China,https://epg.pw/media/images/channel/2024/01/14/large/20240114132000365190_44.png,Generic,,freetv-fun-all.txt
[BD]大湾区卫视高清,https://t.freetv.fun/live/da-wan-qu-wei-shi-gao-qing-7.m3u8,,,,,大灣區衛視,China,China,https://epg.pw/media/images/channel/2024/01/14/large/20240114132000365190_44.png,Generic,,freetv-fun-all.txt
[BD]大湾区卫视高清,https://t.freetv.fun/live/da-wan-qu-wei-shi-gao-qing-11.m3u8,,,,,大灣區衛視,China,China,https://epg.pw/media/images/channel/2024/01/14/large/20240114132000365190_44.png,Generic,,freetv-fun-all.txt
[BD]大湾区卫视高清,https://t.freetv.fun/live/da-wan-qu-wei-shi-gao-qing-14.m3u8,,,,,大灣區衛視,China,China,https://epg.pw/media/images/channel/2024/01/14/large/20240114132000365190_44.png,Generic,,freetv-fun-all.txt
[BD]天映经典,https://t.freetv.fun/live/tian-ying-jing-dian-3.m3u8,,,,,天映經典(MAS),Malaysia,Malaysia,https://epg.pw/media/images/channel/2019/01/23/large/20190123002742257631_40.jpg,Movies,,freetv-fun-all.txt
[HD]天津卫视,https://t.freetv.fun/live/tian-jin-wei-shi-3.m3u8,,,,,天津衛視,China,China,https://epg.pw/media/images/channel/2026/02/26/large/20260226025419139967_11.jpg,Generic,,freetv-fun-all.txt
[BD]天津卫视,https://t.freetv.fun/live/tian-jin-wei-shi-4.m3u8,,,,,天津衛視,China,China,https://epg.pw/media/images/channel/2026/02/26/large/20260226025419139967_11.jpg,Generic,,freetv-fun-all.txt
[BD]天津卫视,https://t.freetv.fun/live/tian-jin-wei-shi-5.m3u8,,,,,天津衛視,China,China,https://epg.pw/media/images/channel/2026/02/26/large/20260226025419139967_11.jpg,Generic,,freetv-fun-all.txt
[BD]天津卫视,https://t.freetv.fun/live/tian-jin-wei-shi-6.m3u8,,,,,天津衛視,China,China,https://epg.pw/media/images/channel/2026/02/26/large/20260226025419139967_11.jpg,Generic,,freetv-fun-all.txt
[BD]天津卫视,https://t.freetv.fun/live/tian-jin-wei-shi-13.m3u8,,,,,天津衛視,China,China,https://epg.pw/media/images/channel/2026/02/26/large/20260226025419139967_11.jpg,Generic,,freetv-fun-all.txt
[BD]天津卫视,https://t.freetv.fun/live/tian-jin-wei-shi-16.m3u8,,,,,天津衛視,China,China,https://epg.pw/media/images/channel/2026/02/26/large/20260226025419139967_11.jpg,Generic,,freetv-fun-all.txt
[BD]天津卫视,https://t.freetv.fun/live/tian-jin-wei-shi-1.m3u8,,,,,天津衛視,China,China,https://epg.pw/media/images/channel/2026/02/26/large/20260226025419139967_11.jpg,Generic,,freetv-fun-all.txt
[BD]天津卫视,https://t.freetv.fun/live/tian-jin-wei-shi-7.m3u8,,,,,天津衛視,China,China,https://epg.pw/media/images/channel/2026/02/26/large/20260226025419139967_11.jpg,Generic,,freetv-fun-all.txt
[BD]天津卫视,https://t.freetv.fun/live/tian-jin-wei-shi-2.m3u8,,,,,天津衛視,China,China,https://epg.pw/media/images/channel/2026/02/26/large/20260226025419139967_11.jpg,Generic,,freetv-fun-all.txt
[BD]天津卫视,https://t.freetv.fun/live/tian-jin-wei-shi-10.m3u8,,,,,天津衛視,China,China,https://epg.pw/media/images/channel/2026/02/26/large/20260226025419139967_11.jpg,Generic,,freetv-fun-all.txt
[BD]天津卫视,https://t.freetv.fun/live/tian-jin-wei-shi-11.m3u8,,,,,天津衛視,China,China,https://epg.pw/media/images/channel/2026/02/26/large/20260226025419139967_11.jpg,Generic,,freetv-fun-all.txt
[SD]天津卫视,https://t.freetv.fun/live/tian-jin-wei-shi-8.m3u8,,,,,天津衛視,China,China,https://epg.pw/media/images/channel/2026/02/26/large/20260226025419139967_11.jpg,Generic,,freetv-fun-all.txt
[BD]天津卫视,https://t.freetv.fun/live/tian-jin-wei-shi-9.m3u8,,,,,天津衛視,China,China,https://epg.pw/media/images/channel/2026/02/26/large/20260226025419139967_11.jpg,Generic,,freetv-fun-all.txt
[BD]天津卫视,https://t.freetv.fun/live/tian-jin-wei-shi-12.m3u8,,,,,天津衛視,China,China,https://epg.pw/media/images/channel/2026/02/26/large/20260226025419139967_11.jpg,Generic,,freetv-fun-all.txt
[BD]天津卫视,https://t.freetv.fun/live/tian-jin-wei-shi-14.m3u8,,,,,天津衛視,China,China,https://epg.pw/media/images/channel/2026/02/26/large/20260226025419139967_11.jpg,Generic,,freetv-fun-all.txt
[BD]天津卫视,https://t.freetv.fun/live/tian-jin-wei-shi-15.m3u8,,,,,天津衛視,China,China,https://epg.pw/media/images/channel/2026/02/26/large/20260226025419139967_11.jpg,Generic,,freetv-fun-all.txt
[SD]天津卫视,https://t.freetv.fun/live/tian-jin-wei-shi-17.m3u8,,,,,天津衛視,China,China,https://epg.pw/media/images/channel/2026/02/26/large/20260226025419139967_11.jpg,Generic,,freetv-fun-all.txt
[BD]天津卫视,https://t.freetv.fun/live/tian-jin-wei-shi-19.m3u8,,,,,天津衛視,China,China,https://epg.pw/media/images/channel/2026/02/26/large/20260226025419139967_11.jpg,Generic,,freetv-fun-all.txt
[HD]天津卫视,https://t.freetv.fun/live/tian-jin-wei-shi-22.m3u8,,,,,天津衛視,China,China,https://epg.pw/media/images/channel/2026/02/26/large/20260226025419139967_11.jpg,Generic,,freetv-fun-all.txt
[HD]太谷新闻综合,https://t.freetv.fun/live/tai-gu-xin-wen-zong-he.m3u8,,,,,太原新聞綜合,China,China,https://epg.pw/media/images/channel/2022/10/23/large/20221023010857799299_19.jpg,News,,freetv-fun-all.txt
[HD]太谷新闻综合,https://t.freetv.fun/live/tai-gu-xin-wen-zong-he-1.m3u8,,,,,太原新聞綜合,China,China,https://epg.pw/media/images/channel/2022/10/23/large/20221023010857799299_19.jpg,News,,freetv-fun-all.txt
[HD]东莞新闻综合,https://t.freetv.fun/live/dong-wan-xin-wen-zong-he.m3u8,,,,,如東新聞綜合,China,China,https://epg.pw/media/images/channel/2022/11/02/large/20221102234617846892_18.jpg,News,,freetv-fun-all.txt
[VGA]东莞新闻综合,https://t.freetv.fun/live/dong-wan-xin-wen-zong-he-2.m3u8,,,,,如東新聞綜合,China,China,https://epg.pw/media/images/channel/2022/11/02/large/20221102234617846892_18.jpg,News,,freetv-fun-all.txt
[VGA]安多卫视,https://t.freetv.fun/live/an-duo-wei-shi.m3u8,,,,,安多衛視,China,China,https://epg.pw/media/images/channel/2022/01/15/large/20220115214146158986_19.png,Generic,,freetv-fun-all.txt
[BD]安多卫视,https://t.freetv.fun/live/an-duo-wei-shi-1.m3u8,,,,,安多衛視,China,China,https://epg.pw/media/images/channel/2022/01/15/large/20220115214146158986_19.png,Generic,,freetv-fun-all.txt
[BD]安徽影视,https://t.freetv.fun/live/an-hui-ying-shi-2.m3u8,,,,,安徽影視,China,China,https://epg.pw/media/images/channel/2022/05/30/large/20220530223930402517_98.jpg,Movies,,freetv-fun-all.txt
[BD]安徽综艺体育,https://t.freetv.fun/live/an-hui-zong-yi-ti-yu.m3u8,,,,,安徽綜藝體育,China,China,https://epg.pw/media/images/channel/2022/05/30/large/20220530224034792412_80.jpg,Entertainment,,freetv-fun-all.txt
[VGA]安徽综艺体育,https://t.freetv.fun/live/an-hui-zong-yi-ti-yu-1.m3u8,,,,,安徽綜藝體育,China,China,https://epg.pw/media/images/channel/2022/05/30/large/20220530224034792412_80.jpg,Entertainment,,freetv-fun-all.txt
[BD]安徽卫视,https://t.freetv.fun/live/an-hui-wei-shi-1.m3u8,,,,,安徽衛視,China,China,https://epg.pw/media/images/channel/2023/07/19/large/20230719113027191823_22.jpg,Generic,,freetv-fun-all.txt
[HD]安徽卫视,https://t.freetv.fun/live/an-hui-wei-shi-2.m3u8,,,,,安徽衛視,China,China,https://epg.pw/media/images/channel/2023/07/19/large/20230719113027191823_22.jpg,Generic,,freetv-fun-all.txt
[BD]安徽卫视,https://t.freetv.fun/live/an-hui-wei-shi-4.m3u8,,,,,安徽衛視,China,China,https://epg.pw/media/images/channel/2023/07/19/large/20230719113027191823_22.jpg,Generic,,freetv-fun-all.txt
[HD]安徽卫视,https://t.freetv.fun/live/an-hui-wei-shi-5.m3u8,,,,,安徽衛視,China,China,https://epg.pw/media/images/channel/2023/07/19/large/20230719113027191823_22.jpg,Generic,,freetv-fun-all.txt
[BD]安徽卫视,https://t.freetv.fun/live/an-hui-wei-shi-12.m3u8,,,,,安徽衛視,China,China,https://epg.pw/media/images/channel/2023/07/19/large/20230719113027191823_22.jpg,Generic,,freetv-fun-all.txt
[BD]安徽卫视,https://t.freetv.fun/live/an-hui-wei-shi-14.m3u8,,,,,安徽衛視,China,China,https://epg.pw/media/images/channel/2023/07/19/large/20230719113027191823_22.jpg,Generic,,freetv-fun-all.txt
[BD]安徽卫视,https://t.freetv.fun/live/an-hui-wei-shi-18.m3u8,,,,,安徽衛視,China,China,https://epg.pw/media/images/channel/2023/07/19/large/20230719113027191823_22.jpg,Generic,,freetv-fun-all.txt
[BD]安徽卫视,https://t.freetv.fun/live/an-hui-wei-shi-13.m3u8,,,,,安徽衛視,China,China,https://epg.pw/media/images/channel/2023/07/19/large/20230719113027191823_22.jpg,Generic,,freetv-fun-all.txt
[BD]安徽卫视,https://t.freetv.fun/live/an-hui-wei-shi-3.m3u8,,,,,安徽衛視,China,China,https://epg.pw/media/images/channel/2023/07/19/large/20230719113027191823_22.jpg,Generic,,freetv-fun-all.txt
[BD]安徽卫视,https://t.freetv.fun/live/an-hui-wei-shi-7.m3u8,,,,,安徽衛視,China,China,https://epg.pw/media/images/channel/2023/07/19/large/20230719113027191823_22.jpg,Generic,,freetv-fun-all.txt
[BD]安徽卫视,https://t.freetv.fun/live/an-hui-wei-shi-23.m3u8,,,,,安徽衛視,China,China,https://epg.pw/media/images/channel/2023/07/19/large/20230719113027191823_22.jpg,Generic,,freetv-fun-all.txt
[VGA]安徽卫视,https://t.freetv.fun/live/an-hui-wei-shi.m3u8,,,,,安徽衛視,China,China,https://epg.pw/media/images/channel/2023/07/19/large/20230719113027191823_22.jpg,Generic,,freetv-fun-all.txt
[BD]安徽卫视,https://t.freetv.fun/live/an-hui-wei-shi-6.m3u8,,,,,安徽衛視,China,China,https://epg.pw/media/images/channel/2023/07/19/large/20230719113027191823_22.jpg,Generic,,freetv-fun-all.txt
[BD]安徽卫视,https://t.freetv.fun/live/an-hui-wei-shi-8.m3u8,,,,,安徽衛視,China,China,https://epg.pw/media/images/channel/2023/07/19/large/20230719113027191823_22.jpg,Generic,,freetv-fun-all.txt
[BD]安徽卫视,https://t.freetv.fun/live/an-hui-wei-shi-9.m3u8,,,,,安徽衛視,China,China,https://epg.pw/media/images/channel/2023/07/19/large/20230719113027191823_22.jpg,Generic,,freetv-fun-all.txt
[BD]安徽卫视,https://t.freetv.fun/live/an-hui-wei-shi-10.m3u8,,,,,安徽衛視,China,China,https://epg.pw/media/images/channel/2023/07/19/large/20230719113027191823_22.jpg,Generic,,freetv-fun-all.txt
[BD]安徽卫视,https://t.freetv.fun/live/an-hui-wei-shi-11.m3u8,,,,,安徽衛視,China,China,https://epg.pw/media/images/channel/2023/07/19/large/20230719113027191823_22.jpg,Generic,,freetv-fun-all.txt
[BD]安徽卫视,https://t.freetv.fun/live/an-hui-wei-shi-15.m3u8,,,,,安徽衛視,China,China,https://epg.pw/media/images/channel/2023/07/19/large/20230719113027191823_22.jpg,Generic,,freetv-fun-all.txt
[BD]安徽卫视,https://t.freetv.fun/live/an-hui-wei-shi-16.m3u8,,,,,安徽衛視,China,China,https://epg.pw/media/images/channel/2023/07/19/large/20230719113027191823_22.jpg,Generic,,freetv-fun-all.txt
[BD]安徽卫视,https://t.freetv.fun/live/an-hui-wei-shi-17.m3u8,,,,,安徽衛視,China,China,https://epg.pw/media/images/channel/2023/07/19/large/20230719113027191823_22.jpg,Generic,,freetv-fun-all.txt
[BD]安徽卫视,https://t.freetv.fun/live/an-hui-wei-shi-19.m3u8,,,,,安徽衛視,China,China,https://epg.pw/media/images/channel/2023/07/19/large/20230719113027191823_22.jpg,Generic,,freetv-fun-all.txt
[BD]安徽卫视,https://t.freetv.fun/live/an-hui-wei-shi-28.m3u8,,,,,安徽衛視,China,China,https://epg.pw/media/images/channel/2023/07/19/large/20230719113027191823_22.jpg,Generic,,freetv-fun-all.txt
[HD]安徽卫视,https://t.freetv.fun/live/an-hui-wei-shi-31.m3u8,,,,,安徽衛視,China,China,https://epg.pw/media/images/channel/2023/07/19/large/20230719113027191823_22.jpg,Generic,,freetv-fun-all.txt
[HD]淳安新闻综合,https://t.freetv.fun/live/chun-an-xin-wen-zong-he.php,,,,,安慶新聞綜合,China,China,https://epg.pw/media/img/logo/1_350.jpg,News,,freetv-fun-all.txt
[VGA]衡阳新闻综合,https://t.freetv.fun/live/heng-yang-xin-wen-zong-he.m3u8,,,,,安陽新聞綜合,China,China,https://epg.pw/media/images/channel/2022/10/31/large/20221031232831325255_59.jpg,News,,freetv-fun-all.txt
[VGA]涡阳新闻综合,https://t.freetv.fun/live/wo-yang-xin-wen-zong-he.m3u8,,,,,安陽新聞綜合,China,China,https://epg.pw/media/images/channel/2022/10/31/large/20221031232831325255_59.jpg,News,,freetv-fun-all.txt
[SD]大安新闻综合,https://t.freetv.fun/live/da-an-xin-wen-zong-he.m3u8,,,,,安陽新聞綜合,China,China,https://epg.pw/media/images/channel/2022/10/31/large/20221031232831325255_59.jpg,News,,freetv-fun-all.txt
[BD]宜兴新闻,https://t.freetv.fun/live/yi-xing-xin-wen-1.m3u8,,,,,宜興新聞,China,China,https://epg.pw/media/img/logo/yixingxinwen.jpg,Test,,freetv-fun-all.txt
[BD]无锡宜兴新闻,https://t.freetv.fun/live/wu-xi-yi-xing-xin-wen.m3u8,,,,,宜興新聞,China,China,https://epg.pw/media/img/logo/yixingxinwen.jpg,Test,,freetv-fun-all.txt
[VGA]宿迁新闻综合,https://t.freetv.fun/live/su-qian-xin-wen-zong-he.m3u8,,,,,宿遷綜合,China,China,https://epg.pw/media/images/channel/2022/11/01/large/20221101023134119591_37.jpg,Generic,,freetv-fun-all.txt
[SD]宁夏卫视,https://t.freetv.fun/live/zhu-xia-wei-shi-4.m3u8,,,,,寧夏衛視,China,China,https://epg.pw/media/images/channel/2022/05/31/large/20220531153504056322_25.jpg,Other,,freetv-fun-all.txt
[BD]宁夏卫视,https://t.freetv.fun/live/zhu-xia-wei-shi-6.m3u8,,,,,寧夏衛視,China,China,https://epg.pw/media/images/channel/2022/05/31/large/20220531153504056322_25.jpg,Other,,freetv-fun-all.txt
[HD]宁夏卫视,https://t.freetv.fun/live/zhu-xia-wei-shi-3.m3u8,,,,,寧夏衛視,China,China,https://epg.pw/media/images/channel/2022/05/31/large/20220531153504056322_25.jpg,Other,,freetv-fun-all.txt
[BD]宁夏卫视,https://t.freetv.fun/live/zhu-xia-wei-shi-5.m3u8,,,,,寧夏衛視,China,China,https://epg.pw/media/images/channel/2022/05/31/large/20220531153504056322_25.jpg,Other,,freetv-fun-all.txt
[SD]宁夏卫视,https://t.freetv.fun/live/zhu-xia-wei-shi-7.m3u8,,,,,寧夏衛視,China,China,https://epg.pw/media/images/channel/2022/05/31/large/20220531153504056322_25.jpg,Other,,freetv-fun-all.txt
[BD]宁夏卫视,https://t.freetv.fun/live/zhu-xia-wei-shi-10.m3u8,,,,,寧夏衛視,China,China,https://epg.pw/media/images/channel/2022/05/31/large/20220531153504056322_25.jpg,Other,,freetv-fun-all.txt
[BD]宁夏卫视,https://t.freetv.fun/live/zhu-xia-wei-shi.m3u8,,,,,寧夏衛視,China,China,https://epg.pw/media/images/channel/2022/05/31/large/20220531153504056322_25.jpg,Other,,freetv-fun-all.txt
[SD]宁夏卫视,https://t.freetv.fun/live/zhu-xia-wei-shi-1.m3u8,,,,,寧夏衛視,China,China,https://epg.pw/media/images/channel/2022/05/31/large/20220531153504056322_25.jpg,Other,,freetv-fun-all.txt
[BD]宁夏卫视,https://t.freetv.fun/live/zhu-xia-wei-shi-2.m3u8,,,,,寧夏衛視,China,China,https://epg.pw/media/images/channel/2022/05/31/large/20220531153504056322_25.jpg,Other,,freetv-fun-all.txt
[BD]宁夏卫视,https://t.freetv.fun/live/zhu-xia-wei-shi-12.m3u8,,,,,寧夏衛視,China,China,https://epg.pw/media/images/channel/2022/05/31/large/20220531153504056322_25.jpg,Other,,freetv-fun-all.txt
[BD]宁夏卫视,https://t.freetv.fun/live/zhu-xia-wei-shi-13.m3u8,,,,,寧夏衛視,China,China,https://epg.pw/media/images/channel/2022/05/31/large/20220531153504056322_25.jpg,Other,,freetv-fun-all.txt
[BD]宁夏卫视,https://t.freetv.fun/live/zhu-xia-wei-shi-22.m3u8,,,,,寧夏衛視,China,China,https://epg.pw/media/images/channel/2022/05/31/large/20220531153504056322_25.jpg,Other,,freetv-fun-all.txt
[BD]宁波新闻综合,https://t.freetv.fun/live/zhu-bo-xin-wen-zong-he.m3u8,,,,,寧波新聞綜合,China,China,https://epg.pw/media/images/channel/2022/08/12/large/20220812220328701004_15.jpg,News,,freetv-fun-all.txt
[BD]山东卫视,https://t.freetv.fun/live/shan-dong-wei-shi-2.m3u8,,,,,山東衛視,China,China,https://epg.pw/media/images/channel/2023/07/19/large/20230719112946432101_81.jpg,Generic,,freetv-fun-all.txt
[SD]山东卫视,https://t.freetv.fun/live/shan-dong-wei-shi-5.m3u8,,,,,山東衛視,China,China,https://epg.pw/media/images/channel/2023/07/19/large/20230719112946432101_81.jpg,Generic,,freetv-fun-all.txt
[HD]山东卫视,https://t.freetv.fun/live/shan-dong-wei-shi-3.m3u8,,,,,山東衛視,China,China,https://epg.pw/media/images/channel/2023/07/19/large/20230719112946432101_81.jpg,Generic,,freetv-fun-all.txt
[BD]山东卫视,https://t.freetv.fun/live/shan-dong-wei-shi.m3u8,,,,,山東衛視,China,China,https://epg.pw/media/images/channel/2023/07/19/large/20230719112946432101_81.jpg,Generic,,freetv-fun-all.txt
[BD]山东卫视,https://t.freetv.fun/live/shan-dong-wei-shi-1.m3u8,,,,,山東衛視,China,China,https://epg.pw/media/images/channel/2023/07/19/large/20230719112946432101_81.jpg,Generic,,freetv-fun-all.txt
[BD]山东卫视,https://t.freetv.fun/live/shan-dong-wei-shi-4.m3u8,,,,,山東衛視,China,China,https://epg.pw/media/images/channel/2023/07/19/large/20230719112946432101_81.jpg,Generic,,freetv-fun-all.txt
[BD]山东卫视,https://t.freetv.fun/live/shan-dong-wei-shi-6.m3u8,,,,,山東衛視,China,China,https://epg.pw/media/images/channel/2023/07/19/large/20230719112946432101_81.jpg,Generic,,freetv-fun-all.txt
[BD]山东卫视,https://t.freetv.fun/live/shan-dong-wei-shi-7.m3u8,,,,,山東衛視,China,China,https://epg.pw/media/images/channel/2023/07/19/large/20230719112946432101_81.jpg,Generic,,freetv-fun-all.txt
[BD]山东卫视,https://t.freetv.fun/live/shan-dong-wei-shi-8.m3u8,,,,,山東衛視,China,China,https://epg.pw/media/images/channel/2023/07/19/large/20230719112946432101_81.jpg,Generic,,freetv-fun-all.txt
[BD]山东卫视,https://t.freetv.fun/live/shan-dong-wei-shi-9.m3u8,,,,,山東衛視,China,China,https://epg.pw/media/images/channel/2023/07/19/large/20230719112946432101_81.jpg,Generic,,freetv-fun-all.txt
[BD]山东卫视,https://t.freetv.fun/live/shan-dong-wei-shi-10.m3u8,,,,,山東衛視,China,China,https://epg.pw/media/images/channel/2023/07/19/large/20230719112946432101_81.jpg,Generic,,freetv-fun-all.txt
[HD]山东卫视,https://t.freetv.fun/live/shan-dong-wei-shi-11.m3u8,,,,,山東衛視,China,China,https://epg.pw/media/images/channel/2023/07/19/large/20230719112946432101_81.jpg,Generic,,freetv-fun-all.txt
[BD]山东卫视,https://t.freetv.fun/live/shan-dong-wei-shi-12.m3u8,,,,,山東衛視,China,China,https://epg.pw/media/images/channel/2023/07/19/large/20230719112946432101_81.jpg,Generic,,freetv-fun-all.txt
[BD]山东卫视,https://t.freetv.fun/live/shan-dong-wei-shi-13.m3u8,,,,,山東衛視,China,China,https://epg.pw/media/images/channel/2023/07/19/large/20230719112946432101_81.jpg,Generic,,freetv-fun-all.txt
[BD]山东卫视,https://t.freetv.fun/live/shan-dong-wei-shi-14.m3u8,,,,,山東衛視,China,China,https://epg.pw/media/images/channel/2023/07/19/large/20230719112946432101_81.jpg,Generic,,freetv-fun-all.txt
[BD]山东卫视,https://t.freetv.fun/live/shan-dong-wei-shi-15.m3u8,,,,,山東衛視,China,China,https://epg.pw/media/images/channel/2023/07/19/large/20230719112946432101_81.jpg,Generic,,freetv-fun-all.txt
[BD]山东卫视,https://t.freetv.fun/live/shan-dong-wei-shi-16.m3u8,,,,,山東衛視,China,China,https://epg.pw/media/images/channel/2023/07/19/large/20230719112946432101_81.jpg,Generic,,freetv-fun-all.txt
[BD]山东卫视,https://t.freetv.fun/live/shan-dong-wei-shi-17.m3u8,,,,,山東衛視,China,China,https://epg.pw/media/images/channel/2023/07/19/large/20230719112946432101_81.jpg,Generic,,freetv-fun-all.txt
[BD]山东卫视,https://t.freetv.fun/live/shan-dong-wei-shi-21.m3u8,,,,,山東衛視,China,China,https://epg.pw/media/images/channel/2023/07/19/large/20230719112946432101_81.jpg,Generic,,freetv-fun-all.txt
[BD]山西卫视,https://t.freetv.fun/live/shan-xi-wei-shi-10.m3u8,,,,,山西衛視,China,China,https://epg.pw/media/images/channel/2023/08/04/large/20230804221555254122_47.jpg,Generic,,freetv-fun-all.txt
[BD]山西卫视,https://t.freetv.fun/live/shan-xi-wei-shi-11.m3u8,,,,,山西衛視,China,China,https://epg.pw/media/images/channel/2023/08/04/large/20230804221555254122_47.jpg,Generic,,freetv-fun-all.txt
[HD]山西卫视,https://t.freetv.fun/live/shan-xi-wei-shi-12.m3u8,,,,,山西衛視,China,China,https://epg.pw/media/images/channel/2023/08/04/large/20230804221555254122_47.jpg,Generic,,freetv-fun-all.txt
[BD]山西卫视,https://t.freetv.fun/live/shan-xi-wei-shi-8.m3u8,,,,,山西衛視,China,China,https://epg.pw/media/images/channel/2023/08/04/large/20230804221555254122_47.jpg,Generic,,freetv-fun-all.txt
[SD]山西卫视,https://t.freetv.fun/live/shan-xi-wei-shi-9.m3u8,,,,,山西衛視,China,China,https://epg.pw/media/images/channel/2023/08/04/large/20230804221555254122_47.jpg,Generic,,freetv-fun-all.txt
[SD]山西卫视,https://t.freetv.fun/live/shan-xi-wei-shi-13.m3u8,,,,,山西衛視,China,China,https://epg.pw/media/images/channel/2023/08/04/large/20230804221555254122_47.jpg,Generic,,freetv-fun-all.txt
[BD]山西卫视,https://t.freetv.fun/live/shan-xi-wei-shi-15.m3u8,,,,,山西衛視,China,China,https://epg.pw/media/images/channel/2023/08/04/large/20230804221555254122_47.jpg,Generic,,freetv-fun-all.txt
[BD]山西卫视,https://t.freetv.fun/live/shan-xi-wei-shi-5.m3u8,,,,,山西衛視,China,China,https://epg.pw/media/images/channel/2023/08/04/large/20230804221555254122_47.jpg,Generic,,freetv-fun-all.txt
[BD]山西卫视,https://t.freetv.fun/live/shan-xi-wei-shi.m3u8,,,,,山西衛視,China,China,https://epg.pw/media/images/channel/2023/08/04/large/20230804221555254122_47.jpg,Generic,,freetv-fun-all.txt
[BD]山西卫视,https://t.freetv.fun/live/shan-xi-wei-shi-7-1.m3u8,,,,,山西衛視,China,China,https://epg.pw/media/images/channel/2023/08/04/large/20230804221555254122_47.jpg,Generic,,freetv-fun-all.txt
[SD]山西卫视,https://t.freetv.fun/live/shan-xi-wei-shi-3-1.m3u8,,,,,山西衛視,China,China,https://epg.pw/media/images/channel/2023/08/04/large/20230804221555254122_47.jpg,Generic,,freetv-fun-all.txt
[SD]山西卫视,https://t.freetv.fun/live/shan-xi-wei-shi-4-1.m3u8,,,,,山西衛視,China,China,https://epg.pw/media/images/channel/2023/08/04/large/20230804221555254122_47.jpg,Generic,,freetv-fun-all.txt
[HD]山西卫视,https://t.freetv.fun/live/shan-xi-wei-shi-6-1.m3u8,,,,,山西衛視,China,China,https://epg.pw/media/images/channel/2023/08/04/large/20230804221555254122_47.jpg,Generic,,freetv-fun-all.txt
[BD]山西卫视,https://t.freetv.fun/live/shan-xi-wei-shi-14.m3u8,,,,,山西衛視,China,China,https://epg.pw/media/images/channel/2023/08/04/large/20230804221555254122_47.jpg,Generic,,freetv-fun-all.txt
[BD]山西卫视,https://t.freetv.fun/live/shan-xi-wei-shi-16-1.m3u8,,,,,山西衛視,China,China,https://epg.pw/media/images/channel/2023/08/04/large/20230804221555254122_47.jpg,Generic,,freetv-fun-all.txt
[SD]岭南戏曲,https://t.freetv.fun/live/ling-nan-xi-qu-2.m3u8,,,,,嶺南戲曲,China,China,https://epg.pw/media/images/channel/2024/01/14/large/20240114131157979340_60.png,Other,,freetv-fun-all.txt
[SD]岭南戏曲,https://t.freetv.fun/live/ling-nan-xi-qu-3.m3u8,,,,,嶺南戲曲,China,China,https://epg.pw/media/images/channel/2024/01/14/large/20240114131157979340_60.png,Other,,freetv-fun-all.txt
[BD]岭南戏曲,https://t.freetv.fun/live/ling-nan-xi-qu-4.m3u8,,,,,嶺南戲曲,China,China,https://epg.pw/media/images/channel/2024/01/14/large/20240114131157979340_60.png,Other,,freetv-fun-all.txt
[SD]岭南戏曲,https://t.freetv.fun/live/ling-nan-xi-qu-5.m3u8,,,,,嶺南戲曲,China,China,https://epg.pw/media/images/channel/2024/01/14/large/20240114131157979340_60.png,Other,,freetv-fun-all.txt
[VGA]嵊州新闻综合,https://t.freetv.fun/live/sheng-zhou-xin-wen-zong-he-1-1.m3u8,,,,,常州新聞綜合,China,China,https://epg.pw/media/images/channel/2022/11/01/large/20221101021738278420_36.jpg,News,,freetv-fun-all.txt
[BD]广德新闻综合,https://t.freetv.fun/live/yan-de-xin-wen-zong-he.flv,,,,,常德新聞綜合,China,China,https://epg.pw/media/images/channel/2022/10/31/large/20221031225613570894_40.jpg,News,,freetv-fun-all.txt
[HD]厦门卫视,https://t.freetv.fun/live/sha-men-wei-shi-1.m3u8,,,,,廈門衛視,China,China,https://epg.pw/media/images/channel/2022/04/27/large/20220427145557789544_92.jpg,Generic,,freetv-fun-all.txt
[HD]厦门卫视,https://t.freetv.fun/live/sha-men-wei-shi.m3u8,,,,,廈門衛視,China,China,https://epg.pw/media/images/channel/2022/04/27/large/20220427145557789544_92.jpg,Generic,,freetv-fun-all.txt
[SD]厦门卫视,https://t.freetv.fun/live/sha-men-wei-shi-5.m3u8,,,,,廈門衛視,China,China,https://epg.pw/media/images/channel/2022/04/27/large/20220427145557789544_92.jpg,Generic,,freetv-fun-all.txt
[SD]厦门卫视,https://t.freetv.fun/live/sha-men-wei-shi-2.m3u8,,,,,廈門衛視,China,China,https://epg.pw/media/images/channel/2022/04/27/large/20220427145557789544_92.jpg,Generic,,freetv-fun-all.txt
[BD]厦门卫视,https://t.freetv.fun/live/sha-men-wei-shi-3.m3u8,,,,,廈門衛視,China,China,https://epg.pw/media/images/channel/2022/04/27/large/20220427145557789544_92.jpg,Generic,,freetv-fun-all.txt
[SD]厦门卫视,https://t.freetv.fun/live/sha-men-wei-shi-4.m3u8,,,,,廈門衛視,China,China,https://epg.pw/media/images/channel/2022/04/27/large/20220427145557789544_92.jpg,Generic,,freetv-fun-all.txt
[SD]厦门卫视,https://t.freetv.fun/live/sha-men-wei-shi-7.m3u8,,,,,廈門衛視,China,China,https://epg.pw/media/images/channel/2022/04/27/large/20220427145557789544_92.jpg,Generic,,freetv-fun-all.txt
[SD]厦门卫视,https://t.freetv.fun/live/sha-men-wei-shi-10.m3u8,,,,,廈門衛視,China,China,https://epg.pw/media/images/channel/2022/04/27/large/20220427145557789544_92.jpg,Generic,,freetv-fun-all.txt
[HD]广州新闻,https://t.freetv.fun/live/yan-zhou-xin-wen-4.php,,,,,廣州新聞,China,China,https://epg.pw/media/images/channel/2023/07/21/large/20230721135410645686_37.png,News,,freetv-fun-all.txt
[HD]广州新闻,https://t.freetv.fun/live/yan-zhou-xin-wen.m3u8,,,,,廣州新聞,China,China,https://epg.pw/media/images/channel/2023/07/21/large/20230721135410645686_37.png,News,,freetv-fun-all.txt
[BD]经济科教高清,https://t.freetv.fun/live/jing-ji-ke-jiao-gao-qing-26.m3u8,,,,,廣州經濟科教,China,China,https://epg.pw/media/images/channel/2020/05/22/large/20200522213230539870_96.png,News,,freetv-fun-all.txt
[BD]经济科教高清,https://t.freetv.fun/live/jing-ji-ke-jiao-gao-qing-28.m3u8,,,,,廣州經濟科教,China,China,https://epg.pw/media/images/channel/2020/05/22/large/20200522213230539870_96.png,News,,freetv-fun-all.txt
[HD]广州综合,https://t.freetv.fun/live/yan-zhou-zong-he.php,,,,,廣州綜合,China,China,https://epg.pw/media/images/channel/2023/07/21/large/20230721135738882605_91.png,Generic,,freetv-fun-all.txt
[HD]广州综合,https://t.freetv.fun/live/yan-zhou-zong-he-2.m3u8,,,,,廣州綜合,China,China,https://epg.pw/media/images/channel/2023/07/21/large/20230721135738882605_91.png,Generic,,freetv-fun-all.txt
[HD]广州综合,https://t.freetv.fun/live/yan-zhou-zong-he-1.m3u8,,,,,廣州綜合,China,China,https://epg.pw/media/images/channel/2023/07/21/large/20230721135738882605_91.png,Generic,,freetv-fun-all.txt
[HD]广州综合,https://t.freetv.fun/live/yan-zhou-zong-he-5.m3u8,,,,,廣州綜合,China,China,https://epg.pw/media/images/channel/2023/07/21/large/20230721135738882605_91.png,Generic,,freetv-fun-all.txt
[HD]广东4k超高清,https://t.freetv.fun/live/yan-dong-4kchao-gao-qing.m3u8,,,,,廣東4K超高清,China,China,https://epg.pw/media/images/channel/2024/01/14/large/20240114131048893907_89.png,Generic,,freetv-fun-all.txt
[HD]广东4k超高清,https://t.freetv.fun/live/yan-dong-4kchao-gao-qing-1.m3u8,,,,,廣東4K超高清,China,China,https://epg.pw/media/images/channel/2024/01/14/large/20240114131048893907_89.png,Generic,,freetv-fun-all.txt
[HD]广东少儿,https://t.freetv.fun/live/yan-dong-shao-er.m3u8,,,,,廣東少兒,China,China,https://epg.pw/media/images/channel/2023/07/21/large/20230721133553685102_74.png,Kids,,freetv-fun-all.txt
[HD]广东少儿,https://t.freetv.fun/live/yan-dong-shao-er-1.m3u8,,,,,廣東少兒,China,China,https://epg.pw/media/images/channel/2023/07/21/large/20230721133553685102_74.png,Kids,,freetv-fun-all.txt
[BD]广东少儿,https://t.freetv.fun/live/yan-dong-shao-er-3.m3u8,,,,,廣東少兒,China,China,https://epg.pw/media/images/channel/2023/07/21/large/20230721133553685102_74.png,Kids,,freetv-fun-all.txt
[HD]广东少儿,https://t.freetv.fun/live/yan-dong-shao-er-6.m3u8,,,,,廣東少兒,China,China,https://epg.pw/media/images/channel/2023/07/21/large/20230721133553685102_74.png,Kids,,freetv-fun-all.txt
[BD]广东少儿,https://t.freetv.fun/live/yan-dong-shao-er-8.m3u8,,,,,廣東少兒,China,China,https://epg.pw/media/images/channel/2023/07/21/large/20230721133553685102_74.png,Kids,,freetv-fun-all.txt
[BD]广东少儿高清,https://t.freetv.fun/live/yan-dong-shao-er-gao-qing-24.m3u8,,,,,廣東少兒,China,China,https://epg.pw/media/images/channel/2023/07/21/large/20230721133553685102_74.png,Kids,,freetv-fun-all.txt
[BD]广东少儿高清,https://t.freetv.fun/live/yan-dong-shao-er-gao-qing-27.m3u8,,,,,廣東少兒,China,China,https://epg.pw/media/images/channel/2023/07/21/large/20230721133553685102_74.png,Kids,,freetv-fun-all.txt
[BD]广东少儿高清,https://t.freetv.fun/live/yan-dong-shao-er-gao-qing.m3u8,,,,,廣東少兒,China,China,https://epg.pw/media/images/channel/2023/12/26/large/20231226205555048307_40.png,Kids,,freetv-fun-all.txt
[BD]广东少儿高清,https://t.freetv.fun/live/yan-dong-shao-er-gao-qing-1.m3u8,,,,,廣東少兒,China,China,https://epg.pw/media/images/channel/2023/12/26/large/20231226205555048307_40.png,Kids,,freetv-fun-all.txt
[BD]广东少儿高清,https://t.freetv.fun/live/yan-dong-shao-er-gao-qing-2.m3u8,,,,,廣東少兒,China,China,https://epg.pw/media/images/channel/2023/12/26/large/20231226205555048307_40.png,Kids,,freetv-fun-all.txt
[BD]广东少儿高清,https://t.freetv.fun/live/yan-dong-shao-er-gao-qing-3.m3u8,,,,,廣東少兒,China,China,https://epg.pw/media/images/channel/2023/12/26/large/20231226205555048307_40.png,Kids,,freetv-fun-all.txt
[BD]广东少儿高清,https://t.freetv.fun/live/yan-dong-shao-er-gao-qing-4.m3u8,,,,,廣東少兒,China,China,https://epg.pw/media/images/channel/2023/12/26/large/20231226205555048307_40.png,Kids,,freetv-fun-all.txt
[BD]广东少儿高清,https://t.freetv.fun/live/yan-dong-shao-er-gao-qing-8.m3u8,,,,,廣東少兒,China,China,https://epg.pw/media/images/channel/2023/12/26/large/20231226205555048307_40.png,Kids,,freetv-fun-all.txt
[BD]广东少儿高清,https://t.freetv.fun/live/yan-dong-shao-er-gao-qing-12.m3u8,,,,,廣東少兒,China,China,https://epg.pw/media/images/channel/2023/12/26/large/20231226205555048307_40.png,Kids,,freetv-fun-all.txt
[BD]广东少儿高清,https://t.freetv.fun/live/yan-dong-shao-er-gao-qing-13.m3u8,,,,,廣東少兒,China,China,https://epg.pw/media/images/channel/2023/12/26/large/20231226205555048307_40.png,Kids,,freetv-fun-all.txt
[VGA]广东影视,https://t.freetv.fun/live/yan-dong-ying-shi-2.m3u8,,,,,廣東影視,China,China,https://epg.pw/media/images/channel/2024/01/14/large/20240114130217262909_90.png,Movies,,freetv-fun-all.txt
[BD]广东影视高清,https://t.freetv.fun/live/yan-dong-ying-shi-gao-qing-2.m3u8,,,,,廣東影視,China,China,https://epg.pw/media/images/channel/2023/12/26/large/20231226205507462932_79.png,Movies,,freetv-fun-all.txt
[BD]广东影视高清,https://t.freetv.fun/live/yan-dong-ying-shi-gao-qing-3.m3u8,,,,,廣東影視,China,China,https://epg.pw/media/images/channel/2023/12/26/large/20231226205507462932_79.png,Movies,,freetv-fun-all.txt
[BD]广东影视高清,https://t.freetv.fun/live/yan-dong-ying-shi-gao-qing-4.m3u8,,,,,廣東影視,China,China,https://epg.pw/media/images/channel/2023/12/26/large/20231226205507462932_79.png,Movies,,freetv-fun-all.txt
[BD]广东影视高清,https://t.freetv.fun/live/yan-dong-ying-shi-gao-qing-5.m3u8,,,,,廣東影視,China,China,https://epg.pw/media/images/channel/2023/12/26/large/20231226205507462932_79.png,Movies,,freetv-fun-all.txt
[BD]广东影视高清,https://t.freetv.fun/live/yan-dong-ying-shi-gao-qing-6.m3u8,,,,,廣東影視,China,China,https://epg.pw/media/images/channel/2023/12/26/large/20231226205507462932_79.png,Movies,,freetv-fun-all.txt
[BD]广东影视高清,https://t.freetv.fun/live/yan-dong-ying-shi-gao-qing-7.m3u8,,,,,廣東影視,China,China,https://epg.pw/media/images/channel/2023/12/26/large/20231226205507462932_79.png,Movies,,freetv-fun-all.txt
[BD]广东影视高清,https://t.freetv.fun/live/yan-dong-ying-shi-gao-qing-13.m3u8,,,,,廣東影視,China,China,https://epg.pw/media/images/channel/2023/12/26/large/20231226205507462932_79.png,Movies,,freetv-fun-all.txt
[BD]广东影视高清,https://t.freetv.fun/live/yan-dong-ying-shi-gao-qing-14.m3u8,,,,,廣東影視,China,China,https://epg.pw/media/images/channel/2023/12/26/large/20231226205507462932_79.png,Movies,,freetv-fun-all.txt
[BD]广东影视高清,https://t.freetv.fun/live/yan-dong-ying-shi-gao-qing-15.m3u8,,,,,廣東影視,China,China,https://epg.pw/media/images/channel/2023/12/26/large/20231226205507462932_79.png,Movies,,freetv-fun-all.txt
[BD]广东影视高清,https://t.freetv.fun/live/yan-dong-ying-shi-gao-qing-29.m3u8,,,,,廣東影視,China,China,https://epg.pw/media/images/channel/2023/12/26/large/20231226205507462932_79.png,Movies,,freetv-fun-all.txt
[HD]广东新闻,https://t.freetv.fun/live/yan-dong-xin-wen-4.m3u8,,,,,廣東新聞,China,China,https://epg.pw/media/images/channel/2024/01/14/large/20240114131740840005_79.png,News,,freetv-fun-all.txt
[HD]广东新闻,https://t.freetv.fun/live/yan-dong-xin-wen-6.m3u8,,,,,廣東新聞,China,China,https://epg.pw/media/images/channel/2024/01/14/large/20240114131740840005_79.png,News,,freetv-fun-all.txt
[HD]广东新闻,https://t.freetv.fun/live/yan-dong-xin-wen-28.m3u8,,,,,廣東新聞,China,China,https://epg.pw/media/images/channel/2024/01/14/large/20240114131740840005_79.png,News,,freetv-fun-all.txt
[SD]广东新闻,https://t.freetv.fun/live/yan-dong-xin-wen-1.m3u8,,,,,廣東新聞,China,China,https://epg.pw/media/images/channel/2024/01/14/large/20240114131740840005_79.png,News,,freetv-fun-all.txt
[HD]广东新闻,https://t.freetv.fun/live/yan-dong-xin-wen-3.m3u8,,,,,廣東新聞,China,China,https://epg.pw/media/images/channel/2024/01/14/large/20240114131740840005_79.png,News,,freetv-fun-all.txt
[HD]广东新闻,https://t.freetv.fun/live/yan-dong-xin-wen-5.m3u8,,,,,廣東新聞,China,China,https://epg.pw/media/images/channel/2024/01/14/large/20240114131740840005_79.png,News,,freetv-fun-all.txt
[HD]广东新闻,https://t.freetv.fun/live/yan-dong-xin-wen-7.m3u8,,,,,廣東新聞,China,China,https://epg.pw/media/images/channel/2024/01/14/large/20240114131740840005_79.png,News,,freetv-fun-all.txt
[BD]广东新闻高清,https://t.freetv.fun/live/yan-dong-xin-wen-gao-qing.m3u8,,,,,廣東新聞,China,China,https://epg.pw/media/images/channel/2023/12/26/large/20231226205535927295_17.png,News,,freetv-fun-all.txt
[BD]广东新闻高清,https://t.freetv.fun/live/yan-dong-xin-wen-gao-qing-1.m3u8,,,,,廣東新聞,China,China,https://epg.pw/media/images/channel/2023/12/26/large/20231226205535927295_17.png,News,,freetv-fun-all.txt
[BD]广东新闻高清,https://t.freetv.fun/live/yan-dong-xin-wen-gao-qing-2.m3u8,,,,,廣東新聞,China,China,https://epg.pw/media/images/channel/2023/12/26/large/20231226205535927295_17.png,News,,freetv-fun-all.txt
[BD]广东新闻高清,https://t.freetv.fun/live/yan-dong-xin-wen-gao-qing-4.m3u8,,,,,廣東新聞,China,China,https://epg.pw/media/images/channel/2023/12/26/large/20231226205535927295_17.png,News,,freetv-fun-all.txt
[BD]广东新闻高清,https://t.freetv.fun/live/yan-dong-xin-wen-gao-qing-7.m3u8,,,,,廣東新聞,China,China,https://epg.pw/media/images/channel/2023/12/26/large/20231226205535927295_17.png,News,,freetv-fun-all.txt
[BD]广东新闻高清,https://t.freetv.fun/live/yan-dong-xin-wen-gao-qing-9.m3u8,,,,,廣東新聞,China,China,https://epg.pw/media/images/channel/2023/12/26/large/20231226205535927295_17.png,News,,freetv-fun-all.txt
[BD]广东新闻高清,https://t.freetv.fun/live/yan-dong-xin-wen-gao-qing-10.m3u8,,,,,廣東新聞,China,China,https://epg.pw/media/images/channel/2023/12/26/large/20231226205535927295_17.png,News,,freetv-fun-all.txt
[BD]广东新闻高清,https://t.freetv.fun/live/yan-dong-xin-wen-gao-qing-11.m3u8,,,,,廣東新聞,China,China,https://epg.pw/media/images/channel/2023/12/26/large/20231226205535927295_17.png,News,,freetv-fun-all.txt
[BD]广东新闻高清,https://t.freetv.fun/live/yan-dong-xin-wen-gao-qing-12.m3u8,,,,,廣東新聞,China,China,https://epg.pw/media/images/channel/2023/12/26/large/20231226205535927295_17.png,News,,freetv-fun-all.txt
[VGA]广东新闻高清,https://t.freetv.fun/live/yan-dong-xin-wen-gao-qing-16.m3u8,,,,,廣東新聞,China,China,https://epg.pw/media/images/channel/2023/12/26/large/20231226205535927295_17.png,News,,freetv-fun-all.txt
[BD]广东新闻高清,https://t.freetv.fun/live/yan-dong-xin-wen-gao-qing-19.m3u8,,,,,廣東新聞,China,China,https://epg.pw/media/images/channel/2023/12/26/large/20231226205535927295_17.png,News,,freetv-fun-all.txt
[VGA]广东新闻高清,https://t.freetv.fun/live/yan-dong-xin-wen-gao-qing-22.m3u8,,,,,廣東新聞,China,China,https://epg.pw/media/images/channel/2023/12/26/large/20231226205535927295_17.png,News,,freetv-fun-all.txt
[HD]广东民生,https://t.freetv.fun/live/yan-dong-min-sheng.m3u8,,,,,廣東民生,China,China,https://epg.pw/media/images/channel/2023/03/13/large/20230313162507210771_64.jpeg,Generic,,freetv-fun-all.txt
[BD]广东民生,https://t.freetv.fun/live/yan-dong-min-sheng-1.m3u8,,,,,廣東民生,China,China,https://epg.pw/media/images/channel/2024/01/14/large/20240114130544678105_94.png,Generic,,freetv-fun-all.txt
[HD]广东民生,https://t.freetv.fun/live/yan-dong-min-sheng-5.m3u8,,,,,廣東民生,China,China,https://epg.pw/media/images/channel/2024/01/14/large/20240114130544678105_94.png,Generic,,freetv-fun-all.txt
[BD]广东民生,https://t.freetv.fun/live/yan-dong-min-sheng-6.m3u8,,,,,廣東民生,China,China,https://epg.pw/media/images/channel/2024/01/14/large/20240114130544678105_94.png,Generic,,freetv-fun-all.txt
[BD]广东民生高清,https://t.freetv.fun/live/yan-dong-min-sheng-gao-qing.m3u8,,,,,廣東民生,China,China,https://epg.pw/media/images/channel/2024/01/14/large/20240114130544678105_94.png,Generic,,freetv-fun-all.txt
[BD]广东民生高清,https://t.freetv.fun/live/yan-dong-min-sheng-gao-qing-1.m3u8,,,,,廣東民生,China,China,https://epg.pw/media/images/channel/2024/01/14/large/20240114130544678105_94.png,Generic,,freetv-fun-all.txt
[BD]广东民生高清,https://t.freetv.fun/live/yan-dong-min-sheng-gao-qing-3.m3u8,,,,,廣東民生,China,China,https://epg.pw/media/images/channel/2024/01/14/large/20240114130544678105_94.png,Generic,,freetv-fun-all.txt
[BD]广东民生高清,https://t.freetv.fun/live/yan-dong-min-sheng-gao-qing-6.m3u8,,,,,廣東民生,China,China,https://epg.pw/media/images/channel/2024/01/14/large/20240114130544678105_94.png,Generic,,freetv-fun-all.txt
[BD]广东民生高清,https://t.freetv.fun/live/yan-dong-min-sheng-gao-qing-8.m3u8,,,,,廣東民生,China,China,https://epg.pw/media/images/channel/2024/01/14/large/20240114130544678105_94.png,Generic,,freetv-fun-all.txt
[BD]广东民生高清,https://t.freetv.fun/live/yan-dong-min-sheng-gao-qing-9.m3u8,,,,,廣東民生,China,China,https://epg.pw/media/images/channel/2024/01/14/large/20240114130544678105_94.png,Generic,,freetv-fun-all.txt
[BD]广东民生高清,https://t.freetv.fun/live/yan-dong-min-sheng-gao-qing-10.m3u8,,,,,廣東民生,China,China,https://epg.pw/media/images/channel/2024/01/14/large/20240114130544678105_94.png,Generic,,freetv-fun-all.txt
[BD]广东民生高清,https://t.freetv.fun/live/yan-dong-min-sheng-gao-qing-14.m3u8,,,,,廣東民生,China,China,https://epg.pw/media/images/channel/2024/01/14/large/20240114130544678105_94.png,Generic,,freetv-fun-all.txt
[BD]广东民生高清,https://t.freetv.fun/live/yan-dong-min-sheng-gao-qing-16.m3u8,,,,,廣東民生,China,China,https://epg.pw/media/images/channel/2024/01/14/large/20240114130544678105_94.png,Generic,,freetv-fun-all.txt
[BD]广东民生高清,https://t.freetv.fun/live/yan-dong-min-sheng-gao-qing-26.m3u8,,,,,廣東民生,China,China,https://epg.pw/media/images/channel/2024/01/14/large/20240114130544678105_94.png,Generic,,freetv-fun-all.txt
[HD]广东珠江,https://t.freetv.fun/live/yan-dong-zhu-jiang.m3u8,,,,,廣東珠江,China,China,https://epg.pw/media/images/channel/2025/01/28/large/20250128060916282738_90.png,Generic,,freetv-fun-all.txt
[BD]广东珠江,https://t.freetv.fun/live/yan-dong-zhu-jiang-3.m3u8,,,,,廣東珠江HD,China,China,https://epg.pw/media/images/channel/2024/02/04/large/20240204144739284792_38.png,Generic,,freetv-fun-all.txt
[HD]广东珠江,https://t.freetv.fun/live/yan-dong-zhu-jiang-4.m3u8,,,,,廣東珠江HD,China,China,https://epg.pw/media/images/channel/2024/02/04/large/20240204144739284792_38.png,Generic,,freetv-fun-all.txt
[HD]广东珠江,https://t.freetv.fun/live/yan-dong-zhu-jiang-9.m3u8,,,,,廣東珠江HD,China,China,https://epg.pw/media/images/channel/2024/02/04/large/20240204144739284792_38.png,Generic,,freetv-fun-all.txt
[BD]广东珠江,https://t.freetv.fun/live/yan-dong-zhu-jiang-10.m3u8,,,,,廣東珠江HD,China,China,https://epg.pw/media/images/channel/2024/02/04/large/20240204144739284792_38.png,Generic,,freetv-fun-all.txt
[HD]广东珠江,https://t.freetv.fun/live/yan-dong-zhu-jiang-11.m3u8,,,,,廣東珠江HD,China,China,https://epg.pw/media/images/channel/2024/02/04/large/20240204144739284792_38.png,Generic,,freetv-fun-all.txt
[SD]广东珠江,https://t.freetv.fun/live/yan-dong-zhu-jiang-12.m3u8,,,,,廣東珠江HD,China,China,https://epg.pw/media/images/channel/2024/02/04/large/20240204144739284792_38.png,Generic,,freetv-fun-all.txt
[HD]广东珠江,https://t.freetv.fun/live/yan-dong-zhu-jiang-14.m3u8,,,,,廣東珠江HD,China,China,https://epg.pw/media/images/channel/2024/02/04/large/20240204144739284792_38.png,Generic,,freetv-fun-all.txt
[BD]广东珠江,https://t.freetv.fun/live/yan-dong-zhu-jiang-15.m3u8,,,,,廣東珠江HD,China,China,https://epg.pw/media/images/channel/2024/02/04/large/20240204144739284792_38.png,Generic,,freetv-fun-all.txt
[BD]广东珠江高清,https://t.freetv.fun/live/yan-dong-zhu-jiang-gao-qing-2.m3u8,,,,,廣東珠江HD,China,China,https://epg.pw/media/images/channel/2024/02/04/large/20240204144739284792_38.png,Generic,,freetv-fun-all.txt
[BD]广东珠江高清,https://t.freetv.fun/live/yan-dong-zhu-jiang-gao-qing-3.m3u8,,,,,廣東珠江HD,China,China,https://epg.pw/media/images/channel/2024/02/04/large/20240204144739284792_38.png,Generic,,freetv-fun-all.txt
[BD]广东珠江高清,https://t.freetv.fun/live/yan-dong-zhu-jiang-gao-qing-4.m3u8,,,,,廣東珠江HD,China,China,https://epg.pw/media/images/channel/2024/02/04/large/20240204144739284792_38.png,Generic,,freetv-fun-all.txt
[BD]广东珠江高清,https://t.freetv.fun/live/yan-dong-zhu-jiang-gao-qing-5.m3u8,,,,,廣東珠江HD,China,China,https://epg.pw/media/images/channel/2024/02/04/large/20240204144739284792_38.png,Generic,,freetv-fun-all.txt
[BD]广东珠江高清,https://t.freetv.fun/live/yan-dong-zhu-jiang-gao-qing-6.m3u8,,,,,廣東珠江HD,China,China,https://epg.pw/media/images/channel/2024/02/04/large/20240204144739284792_38.png,Generic,,freetv-fun-all.txt
[BD]广东珠江高清,https://t.freetv.fun/live/yan-dong-zhu-jiang-gao-qing-7.m3u8,,,,,廣東珠江HD,China,China,https://epg.pw/media/images/channel/2024/02/04/large/20240204144739284792_38.png,Generic,,freetv-fun-all.txt
[BD]广东珠江高清,https://t.freetv.fun/live/yan-dong-zhu-jiang-gao-qing-10.m3u8,,,,,廣東珠江HD,China,China,https://epg.pw/media/images/channel/2024/02/04/large/20240204144739284792_38.png,Generic,,freetv-fun-all.txt
[BD]广东珠江高清,https://t.freetv.fun/live/yan-dong-zhu-jiang-gao-qing-15.m3u8,,,,,廣東珠江HD,China,China,https://epg.pw/media/images/channel/2024/02/04/large/20240204144739284792_38.png,Generic,,freetv-fun-all.txt
[BD]广东珠江高清,https://t.freetv.fun/live/yan-dong-zhu-jiang-gao-qing-18.m3u8,,,,,廣東珠江HD,China,China,https://epg.pw/media/images/channel/2024/02/04/large/20240204144739284792_38.png,Generic,,freetv-fun-all.txt
[BD]广东珠江高清,https://t.freetv.fun/live/yan-dong-zhu-jiang-gao-qing-25.m3u8,,,,,廣東珠江HD,China,China,https://epg.pw/media/images/channel/2024/02/04/large/20240204144739284792_38.png,Generic,,freetv-fun-all.txt
[HD]广东移动,https://t.freetv.fun/live/yan-dong-yi-dong.m3u8,,,,,廣東移動頻道,China,China,https://epg.pw/media/images/channel/2023/07/21/large/20230721133240810400_64.png,Test,,freetv-fun-all.txt
[HD]广东移动,https://t.freetv.fun/live/yan-dong-yi-dong-1.m3u8,,,,,廣東移動頻道,China,China,https://epg.pw/media/images/channel/2023/07/21/large/20230721133240810400_64.png,Test,,freetv-fun-all.txt
[BD]广东卫视,https://t.freetv.fun/live/yan-dong-wei-shi.m3u8,,,,,廣東衛視,China,China,https://epg.pw/media/images/channel/2024/01/11/large/20240111225144968877_94.png,Generic,,freetv-fun-all.txt
[BD]广东卫视,https://t.freetv.fun/live/yan-dong-wei-shi-7.m3u8,,,,,廣東衛視,China,China,https://epg.pw/media/images/channel/2024/01/11/large/20240111225144968877_94.png,Generic,,freetv-fun-all.txt
[BD]广东卫视,https://t.freetv.fun/live/yan-dong-wei-shi-8.m3u8,,,,,廣東衛視,China,China,https://epg.pw/media/images/channel/2024/01/11/large/20240111225144968877_94.png,Generic,,freetv-fun-all.txt
[BD]广东卫视,https://t.freetv.fun/live/yan-dong-wei-shi-16.m3u8,,,,,廣東衛視,China,China,https://epg.pw/media/images/channel/2024/01/11/large/20240111225144968877_94.png,Generic,,freetv-fun-all.txt
[SD]广东卫视,https://t.freetv.fun/live/yan-dong-wei-shi-20.m3u8,,,,,廣東衛視,China,China,https://epg.pw/media/images/channel/2024/01/11/large/20240111225144968877_94.png,Generic,,freetv-fun-all.txt
[BD]广东卫视,https://t.freetv.fun/live/yan-dong-wei-shi-15.m3u8,,,,,廣東衛視,China,China,https://epg.pw/media/images/channel/2024/01/11/large/20240111225144968877_94.png,Generic,,freetv-fun-all.txt
[HD]广东卫视,https://t.freetv.fun/live/yan-dong-wei-shi-6.m3u8,,,,,廣東衛視,China,China,https://epg.pw/media/images/channel/2024/01/11/large/20240111225144968877_94.png,Generic,,freetv-fun-all.txt
[BD]广东卫视,https://t.freetv.fun/live/yan-dong-wei-shi-9.m3u8,,,,,廣東衛視,China,China,https://epg.pw/media/images/channel/2024/01/11/large/20240111225144968877_94.png,Generic,,freetv-fun-all.txt
[BD]广东卫视,https://t.freetv.fun/live/yan-dong-wei-shi-18.m3u8,,,,,廣東衛視,China,China,https://epg.pw/media/images/channel/2024/01/11/large/20240111225144968877_94.png,Generic,,freetv-fun-all.txt
[BD]广东卫视,https://t.freetv.fun/live/yan-dong-wei-shi-22.m3u8,,,,,廣東衛視,China,China,https://epg.pw/media/images/channel/2024/01/11/large/20240111225144968877_94.png,Generic,,freetv-fun-all.txt
[BD]广东卫视,https://t.freetv.fun/live/yan-dong-wei-shi-28.m3u8,,,,,廣東衛視,China,China,https://epg.pw/media/images/channel/2024/01/11/large/20240111225144968877_94.png,Generic,,freetv-fun-all.txt
[BD]广东卫视,https://t.freetv.fun/live/yan-dong-wei-shi-1.m3u8,,,,,廣東衛視,China,China,https://epg.pw/media/images/channel/2024/01/11/large/20240111225144968877_94.png,Generic,,freetv-fun-all.txt
[BD]广东卫视,https://t.freetv.fun/live/yan-dong-wei-shi-2.m3u8,,,,,廣東衛視,China,China,https://epg.pw/media/images/channel/2024/01/11/large/20240111225144968877_94.png,Generic,,freetv-fun-all.txt
[BD]广东卫视,https://t.freetv.fun/live/yan-dong-wei-shi-3.m3u8,,,,,廣東衛視,China,China,https://epg.pw/media/images/channel/2024/01/11/large/20240111225144968877_94.png,Generic,,freetv-fun-all.txt
[HD]广东卫视,https://t.freetv.fun/live/yan-dong-wei-shi-5.m3u8,,,,,廣東衛視,China,China,https://epg.pw/media/images/channel/2024/01/11/large/20240111225144968877_94.png,Generic,,freetv-fun-all.txt
[HD]广东卫视,https://t.freetv.fun/live/yan-dong-wei-shi-11.m3u8,,,,,廣東衛視,China,China,https://epg.pw/media/images/channel/2024/01/11/large/20240111225144968877_94.png,Generic,,freetv-fun-all.txt
[BD]广东卫视,https://t.freetv.fun/live/yan-dong-wei-shi-12.m3u8,,,,,廣東衛視,China,China,https://epg.pw/media/images/channel/2024/01/11/large/20240111225144968877_94.png,Generic,,freetv-fun-all.txt
[BD]广东卫视,https://t.freetv.fun/live/yan-dong-wei-shi-13.m3u8,,,,,廣東衛視,China,China,https://epg.pw/media/images/channel/2024/01/11/large/20240111225144968877_94.png,Generic,,freetv-fun-all.txt
[BD]广东卫视,https://t.freetv.fun/live/yan-dong-wei-shi-17.m3u8,,,,,廣東衛視,China,China,https://epg.pw/media/images/channel/2024/01/11/large/20240111225144968877_94.png,Generic,,freetv-fun-all.txt
[BD]广东卫视,https://t.freetv.fun/live/yan-dong-wei-shi-19.m3u8,,,,,廣東衛視,China,China,https://epg.pw/media/images/channel/2024/01/11/large/20240111225144968877_94.png,Generic,,freetv-fun-all.txt
[BD]广东卫视,https://t.freetv.fun/live/yan-dong-wei-shi-21.m3u8,,,,,廣東衛視,China,China,https://epg.pw/media/images/channel/2024/01/11/large/20240111225144968877_94.png,Generic,,freetv-fun-all.txt
[BD]广东卫视,https://t.freetv.fun/live/yan-dong-wei-shi-26.m3u8,,,,,廣東衛視,China,China,https://epg.pw/media/images/channel/2024/01/11/large/20240111225144968877_94.png,Generic,,freetv-fun-all.txt
[BD]广东卫视,https://t.freetv.fun/live/yan-dong-wei-shi-29.m3u8,,,,,廣東衛視,China,China,https://epg.pw/media/images/channel/2024/01/11/large/20240111225144968877_94.png,Generic,,freetv-fun-all.txt
[BD]广东卫视,https://t.freetv.fun/live/yan-dong-wei-shi-30.m3u8,,,,,廣東衛視,China,China,https://epg.pw/media/images/channel/2024/01/11/large/20240111225144968877_94.png,Generic,,freetv-fun-all.txt
[BD]广东卫视,https://t.freetv.fun/live/yan-dong-wei-shi-35.m3u8,,,,,廣東衛視,China,China,https://epg.pw/media/images/channel/2024/01/11/large/20240111225144968877_94.png,Generic,,freetv-fun-all.txt
[BD]广东卫视高清,https://t.freetv.fun/live/yan-dong-wei-shi-gao-qing-25.m3u8,,,,,廣東衛視,China,China,https://epg.pw/media/images/channel/2024/01/11/large/20240111225144968877_94.png,Generic,,freetv-fun-all.txt
[BD]广东卫视高清,https://t.freetv.fun/live/yan-dong-wei-shi-gao-qing-27.m3u8,,,,,廣東衛視,China,China,https://epg.pw/media/images/channel/2024/01/11/large/20240111225144968877_94.png,Generic,,freetv-fun-all.txt
[BD]广东卫视高清,https://t.freetv.fun/live/yan-dong-wei-shi-gao-qing.m3u8,,,,,廣東衛視,China,China,https://epg.pw/media/images/channel/2023/12/26/large/20231226204115695252_96.png,Generic,,freetv-fun-all.txt
[BD]广东卫视高清,https://t.freetv.fun/live/yan-dong-wei-shi-gao-qing-2.m3u8,,,,,廣東衛視,China,China,https://epg.pw/media/images/channel/2023/12/26/large/20231226204115695252_96.png,Generic,,freetv-fun-all.txt
[BD]广东卫视高清,https://t.freetv.fun/live/yan-dong-wei-shi-gao-qing-3.m3u8,,,,,廣東衛視,China,China,https://epg.pw/media/images/channel/2023/12/26/large/20231226204115695252_96.png,Generic,,freetv-fun-all.txt
[BD]广东卫视高清,https://t.freetv.fun/live/yan-dong-wei-shi-gao-qing-6.m3u8,,,,,廣東衛視,China,China,https://epg.pw/media/images/channel/2023/12/26/large/20231226204115695252_96.png,Generic,,freetv-fun-all.txt
[BD]广东卫视高清,https://t.freetv.fun/live/yan-dong-wei-shi-gao-qing-8.m3u8,,,,,廣東衛視,China,China,https://epg.pw/media/images/channel/2023/12/26/large/20231226204115695252_96.png,Generic,,freetv-fun-all.txt
[BD]广东卫视高清,https://t.freetv.fun/live/yan-dong-wei-shi-gao-qing-11.m3u8,,,,,廣東衛視,China,China,https://epg.pw/media/images/channel/2023/12/26/large/20231226204115695252_96.png,Generic,,freetv-fun-all.txt
[BD]广东体育,https://t.freetv.fun/live/yan-dong-ti-yu.m3u8,,,,,廣東體育,China,China,https://epg.pw/media/images/channel/2024/01/14/large/20240114130318634112_23.png,Sports,,freetv-fun-all.txt
[BD]广东体育,https://t.freetv.fun/live/yan-dong-ti-yu-1.m3u8,,,,,廣東體育,China,China,https://epg.pw/media/images/channel/2024/01/14/large/20240114130318634112_23.png,Sports,,freetv-fun-all.txt
[BD]广东体育,https://t.freetv.fun/live/yan-dong-ti-yu-6.m3u8,,,,,廣東體育,China,China,https://epg.pw/media/images/channel/2024/01/14/large/20240114130318634112_23.png,Sports,,freetv-fun-all.txt
[BD]广东体育,https://t.freetv.fun/live/yan-dong-ti-yu-10.m3u8,,,,,廣東體育,China,China,https://epg.pw/media/images/channel/2024/01/14/large/20240114130318634112_23.png,Sports,,freetv-fun-all.txt
[BD]广东体育,https://t.freetv.fun/live/yan-dong-ti-yu-5.m3u8,,,,,廣東體育HD,China,China,https://epg.pw/media/images/channel/2024/01/14/large/20240114130358843013_66.png,Sports,,freetv-fun-all.txt
[HD]广东体育,https://t.freetv.fun/live/yan-dong-ti-yu-9.m3u8,,,,,廣東體育HD,China,China,https://epg.pw/media/images/channel/2024/01/14/large/20240114130358843013_66.png,Sports,,freetv-fun-all.txt
[BD]广东体育高清,https://t.freetv.fun/live/yan-dong-ti-yu-gao-qing.m3u8,,,,,廣東體育HD,China,China,https://epg.pw/media/images/channel/2024/01/14/large/20240114130358843013_66.png,Sports,,freetv-fun-all.txt
[BD]广东体育高清,https://t.freetv.fun/live/yan-dong-ti-yu-gao-qing-1.m3u8,,,,,廣東體育HD,China,China,https://epg.pw/media/images/channel/2024/01/14/large/20240114130358843013_66.png,Sports,,freetv-fun-all.txt
[BD]广东体育高清,https://t.freetv.fun/live/yan-dong-ti-yu-gao-qing-3.m3u8,,,,,廣東體育HD,China,China,https://epg.pw/media/images/channel/2024/01/14/large/20240114130358843013_66.png,Sports,,freetv-fun-all.txt
[BD]广东体育高清,https://t.freetv.fun/live/yan-dong-ti-yu-gao-qing-7.m3u8,,,,,廣東體育HD,China,China,https://epg.pw/media/images/channel/2024/01/14/large/20240114130358843013_66.png,Sports,,freetv-fun-all.txt
[BD]广东体育高清,https://t.freetv.fun/live/yan-dong-ti-yu-gao-qing-8.m3u8,,,,,廣東體育HD,China,China,https://epg.pw/media/images/channel/2024/01/14/large/20240114130358843013_66.png,Sports,,freetv-fun-all.txt
[BD]广东体育高清,https://t.freetv.fun/live/yan-dong-ti-yu-gao-qing-9.m3u8,,,,,廣東體育HD,China,China,https://epg.pw/media/images/channel/2024/01/14/large/20240114130358843013_66.png,Sports,,freetv-fun-all.txt
[BD]广东体育高清,https://t.freetv.fun/live/yan-dong-ti-yu-gao-qing-10.m3u8,,,,,廣東體育HD,China,China,https://epg.pw/media/images/channel/2024/01/14/large/20240114130358843013_66.png,Sports,,freetv-fun-all.txt
[BD]广东体育高清,https://t.freetv.fun/live/yan-dong-ti-yu-gao-qing-11.m3u8,,,,,廣東體育HD,China,China,https://epg.pw/media/images/channel/2024/01/14/large/20240114130358843013_66.png,Sports,,freetv-fun-all.txt
[BD]广东体育高清,https://t.freetv.fun/live/yan-dong-ti-yu-gao-qing-16.m3u8,,,,,廣東體育HD,China,China,https://epg.pw/media/images/channel/2024/01/14/large/20240114130358843013_66.png,Sports,,freetv-fun-all.txt
[BD]广东体育高清,https://t.freetv.fun/live/yan-dong-ti-yu-gao-qing-24.m3u8,,,,,廣東體育HD,China,China,https://epg.pw/media/images/channel/2024/01/14/large/20240114130358843013_66.png,Sports,,freetv-fun-all.txt
[BD]广西综艺旅游,https://t.freetv.fun/live/yan-xi-zong-yi-lu-you.m3u8,,,,,廣西綜藝,China,China,https://epg.pw/media/images/channel/2022/05/27/large/20220527161053042728_73.jpg,Entertainment,,freetv-fun-all.txt
[BD]广西综艺旅游,https://t.freetv.fun/live/yan-xi-zong-yi-lu-you-1.m3u8,,,,,廣西綜藝,China,China,https://epg.pw/media/images/channel/2022/05/27/large/20220527161053042728_73.jpg,Entertainment,,freetv-fun-all.txt
[BD]广西卫视,https://t.freetv.fun/live/yan-xi-wei-shi-1.m3u8,,,,,廣西衛視,China,China,https://epg.pw/media/images/channel/2025/01/28/large/20250128055652623222_35.jpg,Generic,,freetv-fun-all.txt
[SD]广西卫视,https://t.freetv.fun/live/yan-xi-wei-shi-9.m3u8,,,,,廣西衛視,China,China,https://epg.pw/media/images/channel/2025/01/28/large/20250128055652623222_35.jpg,Generic,,freetv-fun-all.txt
[SD]广西卫视,https://t.freetv.fun/live/yan-xi-wei-shi-8.m3u8,,,,,廣西衛視,China,China,https://epg.pw/media/images/channel/2025/01/28/large/20250128055652623222_35.jpg,Generic,,freetv-fun-all.txt
[BD]广西卫视,https://t.freetv.fun/live/yan-xi-wei-shi-15.m3u8,,,,,廣西衛視,China,China,https://epg.pw/media/images/channel/2025/01/28/large/20250128055652623222_35.jpg,Generic,,freetv-fun-all.txt
[SD]广西卫视,https://t.freetv.fun/live/yan-xi-wei-shi-11.m3u8,,,,,廣西衛視,China,China,https://epg.pw/media/images/channel/2025/01/28/large/20250128055652623222_35.jpg,Generic,,freetv-fun-all.txt
[SD]广西卫视,https://t.freetv.fun/live/yan-xi-wei-shi-3.m3u8,,,,,廣西衛視,China,China,https://epg.pw/media/images/channel/2025/01/28/large/20250128055652623222_35.jpg,Generic,,freetv-fun-all.txt
[SD]广西卫视,https://t.freetv.fun/live/yan-xi-wei-shi-7.m3u8,,,,,廣西衛視,China,China,https://epg.pw/media/images/channel/2025/01/28/large/20250128055652623222_35.jpg,Generic,,freetv-fun-all.txt
[SD]广西卫视,https://t.freetv.fun/live/yan-xi-wei-shi-18.m3u8,,,,,廣西衛視,China,China,https://epg.pw/media/images/channel/2025/01/28/large/20250128055652623222_35.jpg,Generic,,freetv-fun-all.txt
[BD]广西卫视,https://t.freetv.fun/live/yan-xi-wei-shi-29.m3u8,,,,,廣西衛視,China,China,https://epg.pw/media/images/channel/2025/01/28/large/20250128055652623222_35.jpg,Generic,,freetv-fun-all.txt
[BD]广西卫视,https://t.freetv.fun/live/yan-xi-wei-shi-20.m3u8,,,,,廣西衛視,China,China,https://epg.pw/media/images/channel/2025/01/28/large/20250128055652623222_35.jpg,Generic,,freetv-fun-all.txt
[BD]广西卫视,https://t.freetv.fun/live/yan-xi-wei-shi-2.m3u8,,,,,廣西衛視,China,China,https://epg.pw/media/images/channel/2025/01/28/large/20250128055652623222_35.jpg,Generic,,freetv-fun-all.txt
[BD]广西卫视,https://t.freetv.fun/live/yan-xi-wei-shi-4.m3u8,,,,,廣西衛視,China,China,https://epg.pw/media/images/channel/2025/01/28/large/20250128055652623222_35.jpg,Generic,,freetv-fun-all.txt
[BD]广西卫视,https://t.freetv.fun/live/yan-xi-wei-shi-5.m3u8,,,,,廣西衛視,China,China,https://epg.pw/media/images/channel/2025/01/28/large/20250128055652623222_35.jpg,Generic,,freetv-fun-all.txt
[BD]广西卫视,https://t.freetv.fun/live/yan-xi-wei-shi-6.m3u8,,,,,廣西衛視,China,China,https://epg.pw/media/images/channel/2025/01/28/large/20250128055652623222_35.jpg,Generic,,freetv-fun-all.txt
[BD]广西卫视,https://t.freetv.fun/live/yan-xi-wei-shi-10.m3u8,,,,,廣西衛視,China,China,https://epg.pw/media/images/channel/2025/01/28/large/20250128055652623222_35.jpg,Generic,,freetv-fun-all.txt
[SD]广西卫视,https://t.freetv.fun/live/yan-xi-wei-shi-12.m3u8,,,,,廣西衛視,China,China,https://epg.pw/media/images/channel/2025/01/28/large/20250128055652623222_35.jpg,Generic,,freetv-fun-all.txt
[SD]广西卫视,https://t.freetv.fun/live/yan-xi-wei-shi-13.m3u8,,,,,廣西衛視,China,China,https://epg.pw/media/images/channel/2025/01/28/large/20250128055652623222_35.jpg,Generic,,freetv-fun-all.txt
[SD]广西卫视,https://t.freetv.fun/live/yan-xi-wei-shi-14.m3u8,,,,,廣西衛視,China,China,https://epg.pw/media/images/channel/2025/01/28/large/20250128055652623222_35.jpg,Generic,,freetv-fun-all.txt
[VGA]广西卫视,https://t.freetv.fun/live/yan-xi-wei-shi-17.m3u8,,,,,廣西衛視,China,China,https://epg.pw/media/images/channel/2025/01/28/large/20250128055652623222_35.jpg,Generic,,freetv-fun-all.txt
[BD]广西卫视,https://t.freetv.fun/live/yan-xi-wei-shi-19.m3u8,,,,,廣西衛視,China,China,https://epg.pw/media/images/channel/2025/01/28/large/20250128055652623222_35.jpg,Generic,,freetv-fun-all.txt
[HD]广西卫视,https://t.freetv.fun/live/yan-xi-wei-shi-21.m3u8,,,,,廣西衛視,China,China,https://epg.pw/media/images/channel/2025/01/28/large/20250128055652623222_35.jpg,Generic,,freetv-fun-all.txt
[SD]广西卫视,https://t.freetv.fun/live/yan-xi-wei-shi-22.m3u8,,,,,廣西衛視,China,China,https://epg.pw/media/images/channel/2025/01/28/large/20250128055652623222_35.jpg,Generic,,freetv-fun-all.txt
[BD]广西卫视,https://t.freetv.fun/live/yan-xi-wei-shi-25.m3u8,,,,,廣西衛視,China,China,https://epg.pw/media/images/channel/2025/01/28/large/20250128055652623222_35.jpg,Generic,,freetv-fun-all.txt
[SD]广西卫视,https://t.freetv.fun/live/yan-xi-wei-shi-26.m3u8,,,,,廣西衛視,China,China,https://epg.pw/media/images/channel/2025/01/28/large/20250128055652623222_35.jpg,Generic,,freetv-fun-all.txt
[BD]延边卫视,https://t.freetv.fun/live/yan-bian-wei-shi-2.m3u8,,,,,延邊衛視,China,China,https://epg.pw/media/images/channel/2022/05/31/large/20220531161239615102_64.jpg,Generic,,freetv-fun-all.txt
[SD]延边卫视,https://t.freetv.fun/live/yan-bian-wei-shi.m3u8,,,,,延邊衛視,China,China,https://epg.pw/media/images/channel/2022/05/31/large/20220531161239615102_64.jpg,Generic,,freetv-fun-all.txt
[HD]延边卫视,https://t.freetv.fun/live/yan-bian-wei-shi-1.m3u8,,,,,延邊衛視,China,China,https://epg.pw/media/images/channel/2022/05/31/large/20220531161239615102_64.jpg,Generic,,freetv-fun-all.txt
[VGA]延边卫视,https://t.freetv.fun/live/yan-bian-wei-shi-7.m3u8,,,,,延邊衛視,China,China,https://epg.pw/media/images/channel/2022/05/31/large/20220531161239615102_64.jpg,Generic,,freetv-fun-all.txt
[HD]文成新闻综合,https://t.freetv.fun/live/wen-cheng-xin-wen-zong-he.m3u8,,,,,成都新聞綜合,China,China,https://epg.pw/media/images/channel/2022/05/28/large/20220528222017532327_58.jpg,News,,freetv-fun-all.txt
[HD]溧阳新闻综合,https://t.freetv.fun/live/li-yang-xin-wen-zong-he.flv,,,,,揭陽新聞綜合,China,China,https://epg.pw/media/uploads/tmp_logo/2014/06/05/20140605225331495365_87.jpg,News,,freetv-fun-all.txt
[VGA]溧阳新闻综合,https://t.freetv.fun/live/li-yang-xin-wen-zong-he-1.flv,,,,,揭陽新聞綜合,China,China,https://epg.pw/media/uploads/tmp_logo/2014/06/05/20140605225331495365_87.jpg,News,,freetv-fun-all.txt
[BD]松阳新闻综合,https://t.freetv.fun/live/song-yang-xin-wen-zong-he.m3u8,,,,,揭陽新聞綜合,China,China,https://epg.pw/media/uploads/tmp_logo/2014/06/05/20140605225331495365_87.jpg,News,,freetv-fun-all.txt
[BD]揭阳综合高清,https://t.freetv.fun/live/jie-yang-zong-he-gao-qing-1.m3u8,,,,,揭陽新聞綜合,China,China,https://epg.pw/media/uploads/tmp_logo/2014/06/05/20140605225331495365_87.jpg,News,,freetv-fun-all.txt
[BD]揭阳综合高清,https://t.freetv.fun/live/jie-yang-zong-he-gao-qing-2.m3u8,,,,,揭陽新聞綜合,China,China,https://epg.pw/media/uploads/tmp_logo/2014/06/05/20140605225331495365_87.jpg,News,,freetv-fun-all.txt
[BD]揭阳综合高清,https://t.freetv.fun/live/jie-yang-zong-he-gao-qing-3.m3u8,,,,,揭陽新聞綜合,China,China,https://epg.pw/media/uploads/tmp_logo/2014/06/05/20140605225331495365_87.jpg,News,,freetv-fun-all.txt
[BD]揭阳综合高清,https://t.freetv.fun/live/jie-yang-zong-he-gao-qing-6.m3u8,,,,,揭陽新聞綜合,China,China,https://epg.pw/media/uploads/tmp_logo/2014/06/05/20140605225331495365_87.jpg,News,,freetv-fun-all.txt
[BD]揭阳综合高清,https://t.freetv.fun/live/jie-yang-zong-he-gao-qing-9.m3u8,,,,,揭陽新聞綜合,China,China,https://epg.pw/media/uploads/tmp_logo/2014/06/05/20140605225331495365_87.jpg,News,,freetv-fun-all.txt
[BD]揭阳综合高清,https://t.freetv.fun/live/jie-yang-zong-he-gao-qing-12.m3u8,,,,,揭陽新聞綜合,China,China,https://epg.pw/media/uploads/tmp_logo/2014/06/05/20140605225331495365_87.jpg,News,,freetv-fun-all.txt
[VGA]揭阳综合高清,https://t.freetv.fun/live/jie-yang-zong-he-gao-qing-13.m3u8,,,,,揭陽新聞綜合,China,China,https://epg.pw/media/uploads/tmp_logo/2014/06/05/20140605225331495365_87.jpg,News,,freetv-fun-all.txt
[BD]揭阳综合高清,https://t.freetv.fun/live/jie-yang-zong-he-gao-qing-14.m3u8,,,,,揭陽新聞綜合,China,China,https://epg.pw/media/uploads/tmp_logo/2014/06/05/20140605225331495365_87.jpg,News,,freetv-fun-all.txt
[BD]揭阳综合高清,https://t.freetv.fun/live/jie-yang-zong-he-gao-qing-15.m3u8,,,,,揭陽新聞綜合,China,China,https://epg.pw/media/uploads/tmp_logo/2014/06/05/20140605225331495365_87.jpg,News,,freetv-fun-all.txt
[BD]揭阳综合高清,https://t.freetv.fun/live/jie-yang-zong-he-gao-qing-16.m3u8,,,,,揭陽新聞綜合,China,China,https://epg.pw/media/uploads/tmp_logo/2014/06/05/20140605225331495365_87.jpg,News,,freetv-fun-all.txt
[VGA]揭阳综合高清,https://t.freetv.fun/live/jie-yang-zong-he-gao-qing-21.m3u8,,,,,揭陽新聞綜合,China,China,https://epg.pw/media/uploads/tmp_logo/2014/06/05/20140605225331495365_87.jpg,News,,freetv-fun-all.txt
[SD]新疆卫视,https://t.freetv.fun/live/xin-jiang-wei-shi-1.m3u8,,,,,新疆衛視,China,China,https://epg.pw/media/images/channel/2022/05/31/large/20220531160954230977_59.jpg,Generic,,freetv-fun-all.txt
[SD]新疆卫视,https://t.freetv.fun/live/xin-jiang-wei-shi-2.m3u8,,,,,新疆衛視,China,China,https://epg.pw/media/images/channel/2022/05/31/large/20220531160954230977_59.jpg,Generic,,freetv-fun-all.txt
[BD]新疆卫视,https://t.freetv.fun/live/xin-jiang-wei-shi-6.m3u8,,,,,新疆衛視,China,China,https://epg.pw/media/images/channel/2022/05/31/large/20220531160954230977_59.jpg,Generic,,freetv-fun-all.txt
[BD]新疆卫视,https://t.freetv.fun/live/xin-jiang-wei-shi-7.m3u8,,,,,新疆衛視,China,China,https://epg.pw/media/images/channel/2022/05/31/large/20220531160954230977_59.jpg,Generic,,freetv-fun-all.txt
[BD]新疆卫视,https://t.freetv.fun/live/xin-jiang-wei-shi-11.m3u8,,,,,新疆衛視,China,China,https://epg.pw/media/images/channel/2022/05/31/large/20220531160954230977_59.jpg,Generic,,freetv-fun-all.txt
[BD]新疆卫视,https://t.freetv.fun/live/xin-jiang-wei-shi-8.m3u8,,,,,新疆衛視,China,China,https://epg.pw/media/images/channel/2022/05/31/large/20220531160954230977_59.jpg,Generic,,freetv-fun-all.txt
[SD]新疆卫视,https://t.freetv.fun/live/xin-jiang-wei-shi-15.m3u8,,,,,新疆衛視,China,China,https://epg.pw/media/images/channel/2022/05/31/large/20220531160954230977_59.jpg,Generic,,freetv-fun-all.txt
[BD]新疆卫视,https://t.freetv.fun/live/xin-jiang-wei-shi-3.m3u8,,,,,新疆衛視,China,China,https://epg.pw/media/images/channel/2022/05/31/large/20220531160954230977_59.jpg,Generic,,freetv-fun-all.txt
[BD]新疆卫视,https://t.freetv.fun/live/xin-jiang-wei-shi-5.m3u8,,,,,新疆衛視,China,China,https://epg.pw/media/images/channel/2022/05/31/large/20220531160954230977_59.jpg,Generic,,freetv-fun-all.txt
[HD]新疆卫视,https://t.freetv.fun/live/xin-jiang-wei-shi-10.m3u8,,,,,新疆衛視,China,China,https://epg.pw/media/images/channel/2022/05/31/large/20220531160954230977_59.jpg,Generic,,freetv-fun-all.txt
[HD]新疆卫视,https://t.freetv.fun/live/xin-jiang-wei-shi-4.m3u8,,,,,新疆衛視,China,China,https://epg.pw/media/images/channel/2022/05/31/large/20220531160954230977_59.jpg,Generic,,freetv-fun-all.txt
[BD]新疆卫视,https://t.freetv.fun/live/xin-jiang-wei-shi-12.m3u8,,,,,新疆衛視,China,China,https://epg.pw/media/images/channel/2022/05/31/large/20220531160954230977_59.jpg,Generic,,freetv-fun-all.txt
[BD]新疆卫视,https://t.freetv.fun/live/xin-jiang-wei-shi-13.m3u8,,,,,新疆衛視,China,China,https://epg.pw/media/images/channel/2022/05/31/large/20220531160954230977_59.jpg,Generic,,freetv-fun-all.txt
[HD]98.1 pearl fm,https://t.freetv.fun/live/98-1-pearl-fm.m3u8,,,,,明珠,Hong Kong,Hong Kong,https://epg.pw/media/images/channel/2024/12/26/large/20241226141232820122_81.png,Movies,,freetv-fun-all.txt
[HD]明珠,https://t.freetv.fun/live/ming-zhu.m3u8,,,,368369,明珠臺(備),Hong Kong,Hong Kong,https://epg.pw/media/images/channel/2024/12/26/large/20241226141312380293_76.png,Movies,,freetv-fun-all.txt
[BD]星空卫视,https://t.freetv.fun/live/xing-kong-wei-shi-2.m3u8,,,,,星空衛視,Hong Kong,Hong Kong,https://epg.pw/media/images/channel/2024/03/11/large/20240311112750924244_65.png,Entertainment,,freetv-fun-all.txt
[BD]晋城公共,https://t.freetv.fun/live/jin-cheng-gong-gong-1.m3u8,,,,,晉城公共,China,China,https://epg.pw/media/images/channel/2022/11/01/large/20221101013917651923_84.jpg,Generic,,freetv-fun-all.txt
[BD]晋城公共,https://t.freetv.fun/live/jin-cheng-gong-gong-1-1.m3u8,,,,,晉城公共,China,China,https://epg.pw/media/images/channel/2022/11/01/large/20221101013917651923_84.jpg,Generic,,freetv-fun-all.txt
[BD]晋城新闻,https://t.freetv.fun/live/jin-cheng-xin-wen-1.m3u8,,,,,晉城新聞,China,China,https://epg.pw/media/img/logo/3_246.jpg,News,,freetv-fun-all.txt
[BD]晋城新闻,https://t.freetv.fun/live/jin-cheng-xin-wen-1-1.m3u8,,,,,晉城新聞,China,China,https://epg.pw/media/img/logo/3_246.jpg,News,,freetv-fun-all.txt
[BD]晋城新闻,https://t.freetv.fun/live/jin-cheng-xin-wen-2.m3u8,,,,,晉城新聞,China,China,https://epg.pw/media/img/logo/3_246.jpg,News,,freetv-fun-all.txt
[SD]东南卫视,https://t.freetv.fun/live/dong-nan-wei-shi-2.m3u8,,,,,東南衛視,China,China,https://epg.pw/media/images/channel/2025/01/28/large/20250128055858539901_84.jpg,Generic,,freetv-fun-all.txt
[VGA]东南卫视,https://t.freetv.fun/live/dong-nan-wei-shi-3.php,,,,,東南衛視,China,China,https://epg.pw/media/images/channel/2025/01/28/large/20250128055858539901_84.jpg,Generic,,freetv-fun-all.txt
[VGA]东南卫视,https://t.freetv.fun/live/dong-nan-wei-shi-8.m3u8,,,,,東南衛視,China,China,https://epg.pw/media/images/channel/2025/01/28/large/20250128055858539901_84.jpg,Generic,,freetv-fun-all.txt
[BD]东南卫视,https://t.freetv.fun/live/dong-nan-wei-shi-13.m3u8,,,,,東南衛視,China,China,https://epg.pw/media/images/channel/2025/01/28/large/20250128055858539901_84.jpg,Generic,,freetv-fun-all.txt
[SD]东南卫视,https://t.freetv.fun/live/dong-nan-wei-shi-11.m3u8,,,,,東南衛視,China,China,https://epg.pw/media/images/channel/2025/01/28/large/20250128055858539901_84.jpg,Generic,,freetv-fun-all.txt
[SD]东南卫视,https://t.freetv.fun/live/dong-nan-wei-shi-14.m3u8,,,,,東南衛視,China,China,https://epg.pw/media/images/channel/2025/01/28/large/20250128055858539901_84.jpg,Generic,,freetv-fun-all.txt
[BD]东南卫视,https://t.freetv.fun/live/dong-nan-wei-shi.m3u8,,,,,東南衛視,China,China,https://epg.pw/media/images/channel/2025/01/28/large/20250128055858539901_84.jpg,Generic,,freetv-fun-all.txt
[SD]东南卫视,https://t.freetv.fun/live/dong-nan-wei-shi-10.m3u8,,,,,東南衛視,China,China,https://epg.pw/media/images/channel/2025/01/28/large/20250128055858539901_84.jpg,Generic,,freetv-fun-all.txt
[HD]东南卫视,https://t.freetv.fun/live/dong-nan-wei-shi-1.m3u8,,,,,東南衛視,China,China,https://epg.pw/media/images/channel/2025/01/28/large/20250128055858539901_84.jpg,Generic,,freetv-fun-all.txt
[BD]东南卫视,https://t.freetv.fun/live/dong-nan-wei-shi-4.m3u8,,,,,東南衛視,China,China,https://epg.pw/media/images/channel/2025/01/28/large/20250128055858539901_84.jpg,Generic,,freetv-fun-all.txt
[SD]东南卫视,https://t.freetv.fun/live/dong-nan-wei-shi-5.m3u8,,,,,東南衛視,China,China,https://epg.pw/media/images/channel/2025/01/28/large/20250128055858539901_84.jpg,Generic,,freetv-fun-all.txt
[HD]东南卫视,https://t.freetv.fun/live/dong-nan-wei-shi-6.m3u8,,,,,東南衛視,China,China,https://epg.pw/media/images/channel/2025/01/28/large/20250128055858539901_84.jpg,Generic,,freetv-fun-all.txt
[BD]东南卫视,https://t.freetv.fun/live/dong-nan-wei-shi-7.m3u8,,,,,東南衛視,China,China,https://epg.pw/media/images/channel/2025/01/28/large/20250128055858539901_84.jpg,Generic,,freetv-fun-all.txt
[SD]东南卫视,https://t.freetv.fun/live/dong-nan-wei-shi-9.m3u8,,,,,東南衛視,China,China,https://epg.pw/media/images/channel/2025/01/28/large/20250128055858539901_84.jpg,Generic,,freetv-fun-all.txt
[BD]东南卫视,https://t.freetv.fun/live/dong-nan-wei-shi-12.m3u8,,,,,東南衛視,China,China,https://epg.pw/media/images/channel/2025/01/28/large/20250128055858539901_84.jpg,Generic,,freetv-fun-all.txt
[BD]东南卫视,https://t.freetv.fun/live/dong-nan-wei-shi-15.m3u8,,,,,東南衛視,China,China,https://epg.pw/media/images/channel/2025/01/28/large/20250128055858539901_84.jpg,Generic,,freetv-fun-all.txt
[BD]东南卫视,https://t.freetv.fun/live/dong-nan-wei-shi-21.m3u8,,,,,東南衛視,China,China,https://epg.pw/media/images/channel/2025/01/28/large/20250128055858539901_84.jpg,Generic,,freetv-fun-all.txt
[BD]东方影视,https://t.freetv.fun/live/dong-fang-ying-shi-1.m3u8,,,,,東方影視,China,China,https://epg.pw/media/images/channel/2024/07/28/large/20240728224839286048_21.jpg,Movies,,freetv-fun-all.txt
[BD]东方影视,https://t.freetv.fun/live/dong-fang-ying-shi.m3u8,,,,,東方影視,China,China,https://epg.pw/media/images/channel/2024/07/28/large/20240728224839286048_21.jpg,Movies,,freetv-fun-all.txt
[BD]东方影视,https://t.freetv.fun/live/dong-fang-ying-shi-2.m3u8,,,,,東方影視,China,China,https://epg.pw/media/images/channel/2024/07/28/large/20240728224839286048_21.jpg,Movies,,freetv-fun-all.txt
[HD]东方卫视,https://t.freetv.fun/live/dong-fang-wei-shi-1.m3u8,,,,,東方衛視,China,China,https://epg.pw/media/images/channel/2023/06/05/large/20230605010227137581_33.jpg,Generic,,freetv-fun-all.txt
[HD]东方卫视,https://t.freetv.fun/live/dong-fang-wei-shi-3.m3u8,,,,,東方衛視,China,China,https://epg.pw/media/images/channel/2023/06/05/large/20230605010227137581_33.jpg,Generic,,freetv-fun-all.txt
[BD]东方卫视,https://t.freetv.fun/live/dong-fang-wei-shi-8.m3u8,,,,,東方衛視,China,China,https://epg.pw/media/images/channel/2023/06/05/large/20230605010227137581_33.jpg,Generic,,freetv-fun-all.txt
[BD]东方卫视,https://t.freetv.fun/live/dong-fang-wei-shi-9.m3u8,,,,,東方衛視,China,China,https://epg.pw/media/images/channel/2023/06/05/large/20230605010227137581_33.jpg,Generic,,freetv-fun-all.txt
[SD]东方卫视,https://t.freetv.fun/live/dong-fang-wei-shi-17.m3u8,,,,,東方衛視,China,China,https://epg.pw/media/images/channel/2023/06/05/large/20230605010227137581_33.jpg,Generic,,freetv-fun-all.txt
[BD]东方卫视,https://t.freetv.fun/live/dong-fang-wei-shi.m3u8,,,,,東方衛視,China,China,https://epg.pw/media/images/channel/2023/06/05/large/20230605010227137581_33.jpg,Generic,,freetv-fun-all.txt
[BD]东方卫视,https://t.freetv.fun/live/dong-fang-wei-shi-2.m3u8,,,,,東方衛視,China,China,https://epg.pw/media/images/channel/2023/06/05/large/20230605010227137581_33.jpg,Generic,,freetv-fun-all.txt
[BD]东方卫视,https://t.freetv.fun/live/dong-fang-wei-shi-4.m3u8,,,,,東方衛視,China,China,https://epg.pw/media/images/channel/2023/06/05/large/20230605010227137581_33.jpg,Generic,,freetv-fun-all.txt
[HD]东方卫视,https://t.freetv.fun/live/dong-fang-wei-shi-5.m3u8,,,,,東方衛視,China,China,https://epg.pw/media/images/channel/2023/06/05/large/20230605010227137581_33.jpg,Generic,,freetv-fun-all.txt
[BD]东方卫视,https://t.freetv.fun/live/dong-fang-wei-shi-6.m3u8,,,,,東方衛視,China,China,https://epg.pw/media/images/channel/2023/06/05/large/20230605010227137581_33.jpg,Generic,,freetv-fun-all.txt
[BD]东方卫视,https://t.freetv.fun/live/dong-fang-wei-shi-7.m3u8,,,,,東方衛視,China,China,https://epg.pw/media/images/channel/2023/06/05/large/20230605010227137581_33.jpg,Generic,,freetv-fun-all.txt
[BD]东方卫视,https://t.freetv.fun/live/dong-fang-wei-shi-12.m3u8,,,,,東方衛視,China,China,https://epg.pw/media/images/channel/2023/06/05/large/20230605010227137581_33.jpg,Generic,,freetv-fun-all.txt
[SD]东方卫视,https://t.freetv.fun/live/dong-fang-wei-shi-14.m3u8,,,,,東方衛視,China,China,https://epg.pw/media/images/channel/2023/06/05/large/20230605010227137581_33.jpg,Generic,,freetv-fun-all.txt
[SD]东方卫视,https://t.freetv.fun/live/dong-fang-wei-shi-15.m3u8,,,,,東方衛視,China,China,https://epg.pw/media/images/channel/2023/06/05/large/20230605010227137581_33.jpg,Generic,,freetv-fun-all.txt
[SD]东方卫视,https://t.freetv.fun/live/dong-fang-wei-shi-19.m3u8,,,,,東方衛視,China,China,https://epg.pw/media/images/channel/2023/06/05/large/20230605010227137581_33.jpg,Generic,,freetv-fun-all.txt
[BD]东方卫视,https://t.freetv.fun/live/dong-fang-wei-shi-21.m3u8,,,,,東方衛視,China,China,https://epg.pw/media/images/channel/2023/06/05/large/20230605010227137581_33.jpg,Generic,,freetv-fun-all.txt
[BD]东方卫视,https://t.freetv.fun/live/dong-fang-wei-shi-22.m3u8,,,,,東方衛視,China,China,https://epg.pw/media/images/channel/2023/06/05/large/20230605010227137581_33.jpg,Generic,,freetv-fun-all.txt
[BD]东方卫视,https://t.freetv.fun/live/dong-fang-wei-shi-23.m3u8,,,,,東方衛視,China,China,https://epg.pw/media/images/channel/2023/06/05/large/20230605010227137581_33.jpg,Generic,,freetv-fun-all.txt
[BD]东方卫视,https://t.freetv.fun/live/dong-fang-wei-shi-27.m3u8,,,,,東方衛視,China,China,https://epg.pw/media/images/channel/2023/06/05/large/20230605010227137581_33.jpg,Generic,,freetv-fun-all.txt
[HD]东莞新闻综合,https://t.freetv.fun/live/dong-wan-xin-wen-zong-he-1.m3u8,,,,,東營新聞綜合,China,China,https://epg.pw/media/images/channel/2023/07/20/large/20230720202619100011_24.png,News,,freetv-fun-all.txt
[VGA]东莞综合,https://t.freetv.fun/live/dong-wan-zong-he.m3u8,,,,,東莞綜合,China,China,https://epg.pw/media/images/channel/2022/05/27/large/20220527164828443441_80.jpg,Generic,,freetv-fun-all.txt
[HD]武乡新闻综合,https://t.freetv.fun/live/wu-xiang-xin-wen-zong-he-1.m3u8,,,,,武漢新聞綜合,China,China,https://epg.pw/media/images/channel/2022/05/31/large/20220531142758356475_67.jpg,Other,,freetv-fun-all.txt
[HD]武乡新闻综合,https://t.freetv.fun/live/wu-xiang-xin-wen-zong-he.m3u8,,,,,武漢新聞綜合,China,China,https://epg.pw/media/images/channel/2022/05/31/large/20220531142758356475_67.jpg,News,,freetv-fun-all.txt
[SD]武义新闻综合,https://t.freetv.fun/live/wu-yi-xin-wen-zong-he.m3u8,,,,,武漢新聞綜合,China,China,https://epg.pw/media/images/channel/2022/05/31/large/20220531142758356475_67.jpg,News,,freetv-fun-all.txt
[VGA]武义新闻综合,https://t.freetv.fun/live/wu-yi-xin-wen-zong-he-1.m3u8,,,,,武漢新聞綜合,China,China,https://epg.pw/media/images/channel/2022/05/31/large/20220531142758356475_67.jpg,News,,freetv-fun-all.txt
[BD]永嘉新闻综合,https://t.freetv.fun/live/yong-jia-xin-wen-zong-he.m3u8,,,,,永嘉新聞綜合,China,China,https://epg.pw/media/images/channel/2022/11/02/large/20221102234829169001_63.png,News,,freetv-fun-all.txt
[VGA]浙江｜永嘉新闻综合,https://t.freetv.fun/live/zhe-jiang-yong-jia-xin-wen-zong-he-1.m3u8,,,,,永嘉新聞綜合,China,China,https://epg.pw/media/images/channel/2022/11/02/large/20221102234829169001_63.png,News,,freetv-fun-all.txt
[BD]永嘉新闻综合,https://t.freetv.fun/live/yong-jia-xin-wen-zong-he-2.m3u8,,,,,永嘉新聞綜合頻道,China,China,https://epg.pw/media/img/logo/1_333.jpg,News,,freetv-fun-all.txt
[BD]-汕尾综合,https://t.freetv.fun/live/shan-wei-zong-he.m3u8,,,,,汕尾綜合,China,China,https://epg.pw/media/uploads/tmp_logo/2018/10/18/20181018000557428409_85.jpg,Generic,,freetv-fun-all.txt
[BD]汕尾综合高清,https://t.freetv.fun/live/shan-wei-zong-he-gao-qing.m3u8,,,,,汕尾綜合,China,China,https://epg.pw/media/uploads/tmp_logo/2018/10/18/20181018000557428409_85.jpg,Generic,,freetv-fun-all.txt
[BD]汕尾综合高清,https://t.freetv.fun/live/shan-wei-zong-he-gao-qing-1.m3u8,,,,,汕尾綜合,China,China,https://epg.pw/media/uploads/tmp_logo/2018/10/18/20181018000557428409_85.jpg,Generic,,freetv-fun-all.txt
[BD]汕尾综合高清,https://t.freetv.fun/live/shan-wei-zong-he-gao-qing-2.m3u8,,,,,汕尾綜合,China,China,https://epg.pw/media/uploads/tmp_logo/2018/10/18/20181018000557428409_85.jpg,Generic,,freetv-fun-all.txt
[BD]汕尾综合高清,https://t.freetv.fun/live/shan-wei-zong-he-gao-qing-5.m3u8,,,,,汕尾綜合,China,China,https://epg.pw/media/uploads/tmp_logo/2018/10/18/20181018000557428409_85.jpg,Generic,,freetv-fun-all.txt
[BD]汕尾综合高清,https://t.freetv.fun/live/shan-wei-zong-he-gao-qing-7.m3u8,,,,,汕尾綜合,China,China,https://epg.pw/media/uploads/tmp_logo/2018/10/18/20181018000557428409_85.jpg,Generic,,freetv-fun-all.txt
[BD]汕尾综合高清,https://t.freetv.fun/live/shan-wei-zong-he-gao-qing-9.m3u8,,,,,汕尾綜合,China,China,https://epg.pw/media/uploads/tmp_logo/2018/10/18/20181018000557428409_85.jpg,Generic,,freetv-fun-all.txt
[BD]汕尾综合高清,https://t.freetv.fun/live/shan-wei-zong-he-gao-qing-12.m3u8,,,,,汕尾綜合,China,China,https://epg.pw/media/uploads/tmp_logo/2018/10/18/20181018000557428409_85.jpg,Generic,,freetv-fun-all.txt
[BD]汕尾综合高清,https://t.freetv.fun/live/shan-wei-zong-he-gao-qing-14.m3u8,,,,,汕尾綜合,China,China,https://epg.pw/media/uploads/tmp_logo/2018/10/18/20181018000557428409_85.jpg,Generic,,freetv-fun-all.txt
[VGA]汕尾综合高清,https://t.freetv.fun/live/shan-wei-zong-he-gao-qing-15.m3u8,,,,,汕尾綜合,China,China,https://epg.pw/media/uploads/tmp_logo/2018/10/18/20181018000557428409_85.jpg,Generic,,freetv-fun-all.txt
[BD]汕尾综合高清,https://t.freetv.fun/live/shan-wei-zong-he-gao-qing-16.m3u8,,,,,汕尾綜合,China,China,https://epg.pw/media/uploads/tmp_logo/2018/10/18/20181018000557428409_85.jpg,Generic,,freetv-fun-all.txt
[BD]汕尾综合高清,https://t.freetv.fun/live/shan-wei-zong-he-gao-qing-19.m3u8,,,,,汕尾綜合,China,China,https://epg.pw/media/uploads/tmp_logo/2018/10/18/20181018000557428409_85.jpg,Generic,,freetv-fun-all.txt
[VGA]汕尾综合高清,https://t.freetv.fun/live/shan-wei-zong-he-gao-qing-22.m3u8,,,,,汕尾綜合,China,China,https://epg.pw/media/uploads/tmp_logo/2018/10/18/20181018000557428409_85.jpg,Generic,,freetv-fun-all.txt
[BD]汕尾综合高清,https://t.freetv.fun/live/shan-wei-zong-he-gao-qing-28.m3u8,,,,,汕尾綜合,China,China,https://epg.pw/media/uploads/tmp_logo/2018/10/18/20181018000557428409_85.jpg,Generic,,freetv-fun-all.txt
[BD]汕头生活高清,https://t.freetv.fun/live/shan-tou-sheng-huo-gao-qing.m3u8,,,,,汕頭經濟生活,China,China,https://epg.pw/media/images/channel/2023/10/07/large/20231007180745847184_87.jpg,Generic,,freetv-fun-all.txt
[BD]汕头生活高清,https://t.freetv.fun/live/shan-tou-sheng-huo-gao-qing-1.m3u8,,,,,汕頭經濟生活,China,China,https://epg.pw/media/images/channel/2023/10/07/large/20231007180745847184_87.jpg,Generic,,freetv-fun-all.txt
[BD]汕头生活高清,https://t.freetv.fun/live/shan-tou-sheng-huo-gao-qing-2.m3u8,,,,,汕頭經濟生活,China,China,https://epg.pw/media/images/channel/2023/10/07/large/20231007180745847184_87.jpg,Generic,,freetv-fun-all.txt
[BD]汕头生活高清,https://t.freetv.fun/live/shan-tou-sheng-huo-gao-qing-3.m3u8,,,,,汕頭經濟生活,China,China,https://epg.pw/media/images/channel/2023/10/07/large/20231007180745847184_87.jpg,Generic,,freetv-fun-all.txt
[BD]汕头生活高清,https://t.freetv.fun/live/shan-tou-sheng-huo-gao-qing-4.m3u8,,,,,汕頭經濟生活,China,China,https://epg.pw/media/images/channel/2023/10/07/large/20231007180745847184_87.jpg,Generic,,freetv-fun-all.txt
[BD]汕头生活高清,https://t.freetv.fun/live/shan-tou-sheng-huo-gao-qing-5.m3u8,,,,,汕頭經濟生活,China,China,https://epg.pw/media/images/channel/2023/10/07/large/20231007180745847184_87.jpg,Generic,,freetv-fun-all.txt
[BD]汕头生活高清,https://t.freetv.fun/live/shan-tou-sheng-huo-gao-qing-7.m3u8,,,,,汕頭經濟生活,China,China,https://epg.pw/media/images/channel/2023/10/07/large/20231007180745847184_87.jpg,Generic,,freetv-fun-all.txt
[BD]汕头生活高清,https://t.freetv.fun/live/shan-tou-sheng-huo-gao-qing-9.m3u8,,,,,汕頭經濟生活,China,China,https://epg.pw/media/images/channel/2023/10/07/large/20231007180745847184_87.jpg,Generic,,freetv-fun-all.txt
[BD]汕头生活高清,https://t.freetv.fun/live/shan-tou-sheng-huo-gao-qing-10.m3u8,,,,,汕頭經濟生活,China,China,https://epg.pw/media/images/channel/2023/10/07/large/20231007180745847184_87.jpg,Generic,,freetv-fun-all.txt
[VGA]汕头生活高清,https://t.freetv.fun/live/shan-tou-sheng-huo-gao-qing-16.m3u8,,,,,汕頭經濟生活,China,China,https://epg.pw/media/images/channel/2023/10/07/large/20231007180745847184_87.jpg,Generic,,freetv-fun-all.txt
[VGA]汕头生活高清,https://t.freetv.fun/live/shan-tou-sheng-huo-gao-qing-18.m3u8,,,,,汕頭經濟生活,China,China,https://epg.pw/media/images/channel/2023/10/07/large/20231007180745847184_87.jpg,Generic,,freetv-fun-all.txt
[VGA]汕头生活高清,https://t.freetv.fun/live/shan-tou-sheng-huo-gao-qing-23.m3u8,,,,,汕頭經濟生活,China,China,https://epg.pw/media/images/channel/2023/10/07/large/20231007180745847184_87.jpg,Generic,,freetv-fun-all.txt
[BD]汕头生活高清,https://t.freetv.fun/live/shan-tou-sheng-huo-gao-qing-24.m3u8,,,,,汕頭經濟生活,China,China,https://epg.pw/media/images/channel/2023/10/07/large/20231007180745847184_87.jpg,Generic,,freetv-fun-all.txt
[BD]汕头生活高清,https://t.freetv.fun/live/shan-tou-sheng-huo-gao-qing-28.m3u8,,,,,汕頭經濟生活,China,China,https://epg.pw/media/images/channel/2023/10/07/large/20231007180745847184_87.jpg,Generic,,freetv-fun-all.txt
[BD]汕头综合高清,https://t.freetv.fun/live/shan-tou-zong-he-gao-qing-1.m3u8,,,,,汕頭綜合,China,China,https://epg.pw/media/images/channel/2023/11/01/large/20231101223003485086_27.jpg,Generic,,freetv-fun-all.txt
[BD]汕头综合高清,https://t.freetv.fun/live/shan-tou-zong-he-gao-qing-2.m3u8,,,,,汕頭綜合,China,China,https://epg.pw/media/images/channel/2023/11/01/large/20231101223003485086_27.jpg,Generic,,freetv-fun-all.txt
[BD]汕头综合高清,https://t.freetv.fun/live/shan-tou-zong-he-gao-qing-4.m3u8,,,,,汕頭綜合,China,China,https://epg.pw/media/images/channel/2023/11/01/large/20231101223003485086_27.jpg,Generic,,freetv-fun-all.txt
[BD]汕头综合高清,https://t.freetv.fun/live/shan-tou-zong-he-gao-qing-7.m3u8,,,,,汕頭綜合,China,China,https://epg.pw/media/images/channel/2023/11/01/large/20231101223003485086_27.jpg,Generic,,freetv-fun-all.txt
[BD]汕头综合高清,https://t.freetv.fun/live/shan-tou-zong-he-gao-qing-8.m3u8,,,,,汕頭綜合,China,China,https://epg.pw/media/images/channel/2023/11/01/large/20231101223003485086_27.jpg,Generic,,freetv-fun-all.txt
[BD]汕头综合高清,https://t.freetv.fun/live/shan-tou-zong-he-gao-qing-10.m3u8,,,,,汕頭綜合,China,China,https://epg.pw/media/images/channel/2023/11/01/large/20231101223003485086_27.jpg,Generic,,freetv-fun-all.txt
[VGA]汕头综合高清,https://t.freetv.fun/live/shan-tou-zong-he-gao-qing-14.m3u8,,,,,汕頭綜合,China,China,https://epg.pw/media/images/channel/2023/11/01/large/20231101223003485086_27.jpg,Generic,,freetv-fun-all.txt
[BD]汕头综合高清,https://t.freetv.fun/live/shan-tou-zong-he-gao-qing-15.m3u8,,,,,汕頭綜合,China,China,https://epg.pw/media/images/channel/2023/11/01/large/20231101223003485086_27.jpg,Generic,,freetv-fun-all.txt
[BD]汕头综合高清,https://t.freetv.fun/live/shan-tou-zong-he-gao-qing-16.m3u8,,,,,汕頭綜合,China,China,https://epg.pw/media/images/channel/2023/11/01/large/20231101223003485086_27.jpg,Generic,,freetv-fun-all.txt
[VGA]汕头综合高清,https://t.freetv.fun/live/shan-tou-zong-he-gao-qing-18.m3u8,,,,,汕頭綜合,China,China,https://epg.pw/media/images/channel/2023/11/01/large/20231101223003485086_27.jpg,Generic,,freetv-fun-all.txt
[BD]汕头综合高清,https://t.freetv.fun/live/shan-tou-zong-he-gao-qing-19.m3u8,,,,,汕頭綜合,China,China,https://epg.pw/media/images/channel/2023/11/01/large/20231101223003485086_27.jpg,Generic,,freetv-fun-all.txt
[BD]浙江公共新闻,https://t.freetv.fun/live/zhe-jiang-gong-gong-xin-wen.m3u8,,,,,江蘇公共新聞,China,China,https://epg.pw/media/images/channel/2022/05/30/large/20220530230145240280_53.jpg,News,,freetv-fun-all.txt
[VGA]公共新闻,https://t.freetv.fun/live/gong-gong-xin-wen.m3u8,,,,,江蘇公共新聞,China,China,https://epg.pw/media/images/channel/2022/05/30/large/20220530230145240280_53.jpg,News,,freetv-fun-all.txt
[BD]江苏影视,https://t.freetv.fun/live/jiang-su-ying-shi-1.m3u8,,,,,江蘇影視,China,China,https://epg.pw/media/images/channel/2022/05/30/large/20220530230645676753_16.jpg,Movies,,freetv-fun-all.txt
[BD]江苏卫视,https://t.freetv.fun/live/jiang-su-wei-shi-4.m3u8,,,,,江蘇衛視,China,China,https://epg.pw/media/images/channel/2022/05/30/large/20220530225651709500_84.jpg,Generic,,freetv-fun-all.txt
[HD]江苏卫视,https://t.freetv.fun/live/jiang-su-wei-shi-7.m3u8,,,,,江蘇衛視,China,China,https://epg.pw/media/images/channel/2022/05/30/large/20220530225651709500_84.jpg,Generic,,freetv-fun-all.txt
[BD]江苏卫视,https://t.freetv.fun/live/jiang-su-wei-shi-16.m3u8,,,,,江蘇衛視,China,China,https://epg.pw/media/images/channel/2022/05/30/large/20220530225651709500_84.jpg,Generic,,freetv-fun-all.txt
[BD]江苏卫视,https://t.freetv.fun/live/jiang-su-wei-shi-11.m3u8,,,,,江蘇衛視,China,China,https://epg.pw/media/images/channel/2022/05/30/large/20220530225651709500_84.jpg,Generic,,freetv-fun-all.txt
[BD]江苏卫视,https://t.freetv.fun/live/jiang-su-wei-shi-13.m3u8,,,,,江蘇衛視,China,China,https://epg.pw/media/images/channel/2022/05/30/large/20220530225651709500_84.jpg,Generic,,freetv-fun-all.txt
[BD]江苏卫视,https://t.freetv.fun/live/jiang-su-wei-shi-10.m3u8,,,,,江蘇衛視,China,China,https://epg.pw/media/images/channel/2022/05/30/large/20220530225651709500_84.jpg,Generic,,freetv-fun-all.txt
[BD]江苏卫视,https://t.freetv.fun/live/jiang-su-wei-shi-3.m3u8,,,,,江蘇衛視,China,China,https://epg.pw/media/images/channel/2022/05/30/large/20220530225651709500_84.jpg,Generic,,freetv-fun-all.txt
[HD]江苏卫视,https://t.freetv.fun/live/jiang-su-wei-shi.m3u8,,,,,江蘇衛視,China,China,https://epg.pw/media/images/channel/2022/05/30/large/20220530225651709500_84.jpg,Generic,,freetv-fun-all.txt
[BD]江苏卫视,https://t.freetv.fun/live/jiang-su-wei-shi-1.m3u8,,,,,江蘇衛視,China,China,https://epg.pw/media/images/channel/2022/05/30/large/20220530225651709500_84.jpg,Generic,,freetv-fun-all.txt
[BD]江苏卫视,https://t.freetv.fun/live/jiang-su-wei-shi-2.m3u8,,,,,江蘇衛視,China,China,https://epg.pw/media/images/channel/2022/05/30/large/20220530225651709500_84.jpg,Generic,,freetv-fun-all.txt
[BD]江苏卫视,https://t.freetv.fun/live/jiang-su-wei-shi-5.m3u8,,,,,江蘇衛視,China,China,https://epg.pw/media/images/channel/2022/05/30/large/20220530225651709500_84.jpg,Generic,,freetv-fun-all.txt
[BD]江苏卫视,https://t.freetv.fun/live/jiang-su-wei-shi-8.m3u8,,,,,江蘇衛視,China,China,https://epg.pw/media/images/channel/2022/05/30/large/20220530225651709500_84.jpg,Generic,,freetv-fun-all.txt
[BD]江苏卫视,https://t.freetv.fun/live/jiang-su-wei-shi-9.m3u8,,,,,江蘇衛視,China,China,https://epg.pw/media/images/channel/2022/05/30/large/20220530225651709500_84.jpg,Generic,,freetv-fun-all.txt
[BD]江苏卫视,https://t.freetv.fun/live/jiang-su-wei-shi-12.m3u8,,,,,江蘇衛視,China,China,https://epg.pw/media/images/channel/2022/05/30/large/20220530225651709500_84.jpg,Generic,,freetv-fun-all.txt
[BD]江苏卫视,https://t.freetv.fun/live/jiang-su-wei-shi-14.m3u8,,,,,江蘇衛視,China,China,https://epg.pw/media/images/channel/2022/05/30/large/20220530225651709500_84.jpg,Generic,,freetv-fun-all.txt
[BD]江苏卫视,https://t.freetv.fun/live/jiang-su-wei-shi-15.m3u8,,,,,江蘇衛視,China,China,https://epg.pw/media/images/channel/2022/05/30/large/20220530225651709500_84.jpg,Generic,,freetv-fun-all.txt
[BD]江苏卫视,https://t.freetv.fun/live/jiang-su-wei-shi-19.m3u8,,,,,江蘇衛視,China,China,https://epg.pw/media/images/channel/2022/05/30/large/20220530225651709500_84.jpg,Generic,,freetv-fun-all.txt
[BD]江苏卫视,https://t.freetv.fun/live/jiang-su-wei-shi-20.m3u8,,,,,江蘇衛視,China,China,https://epg.pw/media/images/channel/2022/05/30/large/20220530225651709500_84.jpg,Generic,,freetv-fun-all.txt
[BD]江苏卫视,https://t.freetv.fun/live/jiang-su-wei-shi-22.m3u8,,,,,江蘇衛視,China,China,https://epg.pw/media/images/channel/2022/05/30/large/20220530225651709500_84.jpg,Generic,,freetv-fun-all.txt
[BD]江苏卫视,https://t.freetv.fun/live/jiang-su-wei-shi-26.m3u8,,,,,江蘇衛視,China,China,https://epg.pw/media/images/channel/2022/05/30/large/20220530225651709500_84.jpg,Generic,,freetv-fun-all.txt
[BD]江苏卫视,https://t.freetv.fun/live/jiang-su-wei-shi-27.m3u8,,,,,江蘇衛視,China,China,https://epg.pw/media/images/channel/2022/05/30/large/20220530225651709500_84.jpg,Generic,,freetv-fun-all.txt
[HD]江西少儿家庭,https://t.freetv.fun/live/jiang-xi-shao-er-jia-ting.m3u8,,,,,江西少兒,China,China,https://epg.pw/media/images/channel/2021/10/12/large/20211012201424902703_24.png,Kids,,freetv-fun-all.txt
[HD]江西少儿家庭,https://t.freetv.fun/live/jiang-xi-shao-er-jia-ting-1.m3u8,,,,,江西少兒,China,China,https://epg.pw/media/images/channel/2021/10/12/large/20211012201424902703_24.png,Kids,,freetv-fun-all.txt
[HD]江西少儿家庭,https://t.freetv.fun/live/jiang-xi-shao-er-jia-ting-2.m3u8,,,,,江西少兒,China,China,https://epg.pw/media/images/channel/2021/10/12/large/20211012201424902703_24.png,Kids,,freetv-fun-all.txt
[HD]江西新闻,https://t.freetv.fun/live/jiang-xi-xin-wen.m3u8,,,,,江西新聞,China,China,https://epg.pw/media/images/channel/2021/10/12/large/20211012202031059221_51.png,News,,freetv-fun-all.txt
[HD]江西新闻,https://t.freetv.fun/live/jiang-xi-xin-wen-1.m3u8,,,,,江西新聞,China,China,https://epg.pw/media/images/channel/2021/10/12/large/20211012202031059221_51.png,News,,freetv-fun-all.txt
[HD]江西新闻,https://t.freetv.fun/live/jiang-xi-xin-wen-2.m3u8,,,,,江西新聞,China,China,https://epg.pw/media/images/channel/2021/10/12/large/20211012202031059221_51.png,News,,freetv-fun-all.txt
[HD]江西卫视,https://t.freetv.fun/live/jiang-xi-wei-shi-2.m3u8,,,,,江西衛視,China,China,https://epg.pw/media/images/channel/2022/05/31/large/20220531144408646863_42.jpg,Generic,,freetv-fun-all.txt
[BD]江西卫视,https://t.freetv.fun/live/jiang-xi-wei-shi-4.m3u8,,,,,江西衛視,China,China,https://epg.pw/media/images/channel/2022/05/31/large/20220531144408646863_42.jpg,Generic,,freetv-fun-all.txt
[BD]江西卫视,https://t.freetv.fun/live/jiang-xi-wei-shi-5.m3u8,,,,,江西衛視,China,China,https://epg.pw/media/images/channel/2022/05/31/large/20220531144408646863_42.jpg,Generic,,freetv-fun-all.txt
[BD]江西卫视,https://t.freetv.fun/live/jiang-xi-wei-shi-7.m3u8,,,,,江西衛視,China,China,https://epg.pw/media/images/channel/2022/05/31/large/20220531144408646863_42.jpg,Generic,,freetv-fun-all.txt
[HD]江西卫视,https://t.freetv.fun/live/jiang-xi-wei-shi-13.m3u8,,,,,江西衛視,China,China,https://epg.pw/media/images/channel/2022/05/31/large/20220531144408646863_42.jpg,Generic,,freetv-fun-all.txt
[BD]江西卫视,https://t.freetv.fun/live/jiang-xi-wei-shi-14.m3u8,,,,,江西衛視,China,China,https://epg.pw/media/images/channel/2022/05/31/large/20220531144408646863_42.jpg,Generic,,freetv-fun-all.txt
[BD]江西卫视,https://t.freetv.fun/live/jiang-xi-wei-shi-20.m3u8,,,,,江西衛視,China,China,https://epg.pw/media/images/channel/2022/05/31/large/20220531144408646863_42.jpg,Generic,,freetv-fun-all.txt
[BD]江西卫视,https://t.freetv.fun/live/jiang-xi-wei-shi-11.m3u8,,,,,江西衛視,China,China,https://epg.pw/media/images/channel/2022/05/31/large/20220531144408646863_42.jpg,Generic,,freetv-fun-all.txt
[BD]江西卫视,https://t.freetv.fun/live/jiang-xi-wei-shi-21.m3u8,,,,,江西衛視,China,China,https://epg.pw/media/images/channel/2022/05/31/large/20220531144408646863_42.jpg,Generic,,freetv-fun-all.txt
[BD]江西卫视,https://t.freetv.fun/live/jiang-xi-wei-shi.m3u8,,,,,江西衛視,China,China,https://epg.pw/media/images/channel/2022/05/31/large/20220531144408646863_42.jpg,Generic,,freetv-fun-all.txt
[VGA]江西卫视,https://t.freetv.fun/live/jiang-xi-wei-shi-1.m3u8,,,,,江西衛視,China,China,https://epg.pw/media/images/channel/2022/05/31/large/20220531144408646863_42.jpg,Generic,,freetv-fun-all.txt
[SD]江西卫视,https://t.freetv.fun/live/jiang-xi-wei-shi-6.m3u8,,,,,江西衛視,China,China,https://epg.pw/media/images/channel/2022/05/31/large/20220531144408646863_42.jpg,Generic,,freetv-fun-all.txt
[BD]江西卫视,https://t.freetv.fun/live/jiang-xi-wei-shi-16.m3u8,,,,,江西衛視,China,China,https://epg.pw/media/images/channel/2022/05/31/large/20220531144408646863_42.jpg,Generic,,freetv-fun-all.txt
[BD]江西卫视,https://t.freetv.fun/live/jiang-xi-wei-shi-8.m3u8,,,,,江西衛視,China,China,https://epg.pw/media/images/channel/2022/05/31/large/20220531144408646863_42.jpg,Generic,,freetv-fun-all.txt
[BD]江西卫视,https://t.freetv.fun/live/jiang-xi-wei-shi-9.m3u8,,,,,江西衛視,China,China,https://epg.pw/media/images/channel/2022/05/31/large/20220531144408646863_42.jpg,Generic,,freetv-fun-all.txt
[BD]江西卫视,https://t.freetv.fun/live/jiang-xi-wei-shi-10.m3u8,,,,,江西衛視,China,China,https://epg.pw/media/images/channel/2022/05/31/large/20220531144408646863_42.jpg,Generic,,freetv-fun-all.txt
[BD]江西卫视,https://t.freetv.fun/live/jiang-xi-wei-shi-12.m3u8,,,,,江西衛視,China,China,https://epg.pw/media/images/channel/2022/05/31/large/20220531144408646863_42.jpg,Generic,,freetv-fun-all.txt
[BD]江西卫视,https://t.freetv.fun/live/jiang-xi-wei-shi-15.m3u8,,,,,江西衛視,China,China,https://epg.pw/media/images/channel/2022/05/31/large/20220531144408646863_42.jpg,Generic,,freetv-fun-all.txt
[BD]江西卫视,https://t.freetv.fun/live/jiang-xi-wei-shi-17.m3u8,,,,,江西衛視,China,China,https://epg.pw/media/images/channel/2022/05/31/large/20220531144408646863_42.jpg,Generic,,freetv-fun-all.txt
[SD]江西卫视,https://t.freetv.fun/live/jiang-xi-wei-shi-18.m3u8,,,,,江西衛視,China,China,https://epg.pw/media/images/channel/2022/05/31/large/20220531144408646863_42.jpg,Generic,,freetv-fun-all.txt
[BD]江西卫视,https://t.freetv.fun/live/jiang-xi-wei-shi-19.m3u8,,,,,江西衛視,China,China,https://epg.pw/media/images/channel/2022/05/31/large/20220531144408646863_42.jpg,Generic,,freetv-fun-all.txt
[BD]江西卫视,https://t.freetv.fun/live/jiang-xi-wei-shi-25.m3u8,,,,,江西衛視,China,China,https://epg.pw/media/images/channel/2022/05/31/large/20220531144408646863_42.jpg,Generic,,freetv-fun-all.txt
[SD]河北卫视,https://t.freetv.fun/live/he-bei-wei-shi-5.m3u8,,,,,河北衛視,China,China,https://epg.pw/media/images/channel/2022/05/31/large/20220531145616881844_72.jpg,Generic,,freetv-fun-all.txt
[SD]河北卫视,https://t.freetv.fun/live/he-bei-wei-shi-13.m3u8,,,,,河北衛視,China,China,https://epg.pw/media/images/channel/2022/05/31/large/20220531145616881844_72.jpg,Generic,,freetv-fun-all.txt
[SD]河北卫视,https://t.freetv.fun/live/he-bei-wei-shi-17.m3u8,,,,,河北衛視,China,China,https://epg.pw/media/images/channel/2022/05/31/large/20220531145616881844_72.jpg,Generic,,freetv-fun-all.txt
[SD]河北卫视,https://t.freetv.fun/live/he-bei-wei-shi-12.m3u8,,,,,河北衛視,China,China,https://epg.pw/media/images/channel/2022/05/31/large/20220531145616881844_72.jpg,Generic,,freetv-fun-all.txt
[HD]河北卫视,https://t.freetv.fun/live/he-bei-wei-shi-3.m3u8,,,,,河北衛視,China,China,https://epg.pw/media/images/channel/2022/05/31/large/20220531145616881844_72.jpg,Generic,,freetv-fun-all.txt
[SD]河北卫视,https://t.freetv.fun/live/he-bei-wei-shi-21.m3u8,,,,,河北衛視,China,China,https://epg.pw/media/images/channel/2022/05/31/large/20220531145616881844_72.jpg,Generic,,freetv-fun-all.txt
[SD]河北卫视,https://t.freetv.fun/live/he-bei-wei-shi.m3u8,,,,,河北衛視,China,China,https://epg.pw/media/images/channel/2022/05/31/large/20220531145616881844_72.jpg,Generic,,freetv-fun-all.txt
[BD]河北卫视,https://t.freetv.fun/live/he-bei-wei-shi-1.m3u8,,,,,河北衛視,China,China,https://epg.pw/media/images/channel/2022/05/31/large/20220531145616881844_72.jpg,Generic,,freetv-fun-all.txt
[SD]河北卫视,https://t.freetv.fun/live/he-bei-wei-shi-4.m3u8,,,,,河北衛視,China,China,https://epg.pw/media/images/channel/2022/05/31/large/20220531145616881844_72.jpg,Generic,,freetv-fun-all.txt
[SD]河北卫视,https://t.freetv.fun/live/he-bei-wei-shi-6.m3u8,,,,,河北衛視,China,China,https://epg.pw/media/images/channel/2022/05/31/large/20220531145616881844_72.jpg,Generic,,freetv-fun-all.txt
[HD]河北卫视,https://t.freetv.fun/live/he-bei-wei-shi-7.m3u8,,,,,河北衛視,China,China,https://epg.pw/media/images/channel/2022/05/31/large/20220531145616881844_72.jpg,Generic,,freetv-fun-all.txt
[VGA]河北卫视,https://t.freetv.fun/live/he-bei-wei-shi-8.m3u8,,,,,河北衛視,China,China,https://epg.pw/media/images/channel/2022/05/31/large/20220531145616881844_72.jpg,Generic,,freetv-fun-all.txt
[BD]河北卫视,https://t.freetv.fun/live/he-bei-wei-shi-9.m3u8,,,,,河北衛視,China,China,https://epg.pw/media/images/channel/2022/05/31/large/20220531145616881844_72.jpg,Generic,,freetv-fun-all.txt
[BD]河北卫视,https://t.freetv.fun/live/he-bei-wei-shi-11.m3u8,,,,,河北衛視,China,China,https://epg.pw/media/images/channel/2022/05/31/large/20220531145616881844_72.jpg,Generic,,freetv-fun-all.txt
[SD]河北卫视,https://t.freetv.fun/live/he-bei-wei-shi-15.m3u8,,,,,河北衛視,China,China,https://epg.pw/media/images/channel/2022/05/31/large/20220531145616881844_72.jpg,Generic,,freetv-fun-all.txt
[SD]河北卫视,https://t.freetv.fun/live/he-bei-wei-shi-18.m3u8,,,,,河北衛視,China,China,https://epg.pw/media/images/channel/2022/05/31/large/20220531145616881844_72.jpg,Generic,,freetv-fun-all.txt
[BD]河北卫视,https://t.freetv.fun/live/he-bei-wei-shi-19.m3u8,,,,,河北衛視,China,China,https://epg.pw/media/images/channel/2022/05/31/large/20220531145616881844_72.jpg,Generic,,freetv-fun-all.txt
[BD]河北卫视,https://t.freetv.fun/live/he-bei-wei-shi-20.m3u8,,,,,河北衛視,China,China,https://epg.pw/media/images/channel/2022/05/31/large/20220531145616881844_72.jpg,Generic,,freetv-fun-all.txt
[BD]河北卫视,https://t.freetv.fun/live/he-bei-wei-shi-22.m3u8,,,,,河北衛視,China,China,https://epg.pw/media/images/channel/2022/05/31/large/20220531145616881844_72.jpg,Generic,,freetv-fun-all.txt
[HD]河北农民,https://t.freetv.fun/live/he-bei-nong-min-3.m3u8,,,,,河北農民,China,China,https://epg.pw/media/images/channel/2022/05/31/large/20220531145755560747_44.jpg,Generic,,freetv-fun-all.txt
[SD]河南卫视,https://t.freetv.fun/live/he-nan-wei-shi-1.m3u8,,,,,河南衛視,China,China,https://epg.pw/media/images/channel/2022/05/30/large/20220530233814283449_10.jpg,Generic,,freetv-fun-all.txt
[HD]河南卫视,https://t.freetv.fun/live/he-nan-wei-shi-3.m3u8,,,,,河南衛視,China,China,https://epg.pw/media/images/channel/2022/05/30/large/20220530233814283449_10.jpg,Generic,,freetv-fun-all.txt
[HD]河南卫视,https://t.freetv.fun/live/he-nan-wei-shi-9.m3u8,,,,,河南衛視,China,China,https://epg.pw/media/images/channel/2022/05/30/large/20220530233814283449_10.jpg,Generic,,freetv-fun-all.txt
[SD]河南卫视,https://t.freetv.fun/live/he-nan-wei-shi-11.m3u8,,,,,河南衛視,China,China,https://epg.pw/media/images/channel/2022/05/30/large/20220530233814283449_10.jpg,Generic,,freetv-fun-all.txt
[SD]河南卫视,https://t.freetv.fun/live/he-nan-wei-shi-14.m3u8,,,,,河南衛視,China,China,https://epg.pw/media/images/channel/2022/05/30/large/20220530233814283449_10.jpg,Generic,,freetv-fun-all.txt
[SD]河南卫视,https://t.freetv.fun/live/he-nan-wei-shi-24.m3u8,,,,,河南衛視,China,China,https://epg.pw/media/images/channel/2022/05/30/large/20220530233814283449_10.jpg,Generic,,freetv-fun-all.txt
[BD]河南卫视,https://t.freetv.fun/live/he-nan-wei-shi-25.m3u8,,,,,河南衛視,China,China,https://epg.pw/media/images/channel/2022/05/30/large/20220530233814283449_10.jpg,Generic,,freetv-fun-all.txt
[BD]河南卫视,https://t.freetv.fun/live/he-nan-wei-shi-36.m3u8,,,,,河南衛視,China,China,https://epg.pw/media/images/channel/2022/05/30/large/20220530233814283449_10.jpg,Generic,,freetv-fun-all.txt
[HD]河南卫视,https://t.freetv.fun/live/he-nan-wei-shi-4.m3u8,,,,,河南衛視,China,China,https://epg.pw/media/images/channel/2022/05/30/large/20220530233814283449_10.jpg,Generic,,freetv-fun-all.txt
[SD]河南卫视,https://t.freetv.fun/live/he-nan-wei-shi-6.m3u8,,,,,河南衛視,China,China,https://epg.pw/media/images/channel/2022/05/30/large/20220530233814283449_10.jpg,Generic,,freetv-fun-all.txt
[BD]河南卫视,https://t.freetv.fun/live/he-nan-wei-shi-7.m3u8,,,,,河南衛視,China,China,https://epg.pw/media/images/channel/2022/05/30/large/20220530233814283449_10.jpg,Generic,,freetv-fun-all.txt
[BD]河南卫视,https://t.freetv.fun/live/he-nan-wei-shi-8.m3u8,,,,,河南衛視,China,China,https://epg.pw/media/images/channel/2022/05/30/large/20220530233814283449_10.jpg,Generic,,freetv-fun-all.txt
[BD]河南卫视,https://t.freetv.fun/live/he-nan-wei-shi-10.m3u8,,,,,河南衛視,China,China,https://epg.pw/media/images/channel/2022/05/30/large/20220530233814283449_10.jpg,Generic,,freetv-fun-all.txt
[SD]河南卫视,https://t.freetv.fun/live/he-nan-wei-shi-12.m3u8,,,,,河南衛視,China,China,https://epg.pw/media/images/channel/2022/05/30/large/20220530233814283449_10.jpg,Generic,,freetv-fun-all.txt
[SD]河南卫视,https://t.freetv.fun/live/he-nan-wei-shi-13.m3u8,,,,,河南衛視,China,China,https://epg.pw/media/images/channel/2022/05/30/large/20220530233814283449_10.jpg,Generic,,freetv-fun-all.txt
[BD]河南卫视,https://t.freetv.fun/live/he-nan-wei-shi-15.m3u8,,,,,河南衛視,China,China,https://epg.pw/media/images/channel/2022/05/30/large/20220530233814283449_10.jpg,Generic,,freetv-fun-all.txt
[SD]河南卫视,https://t.freetv.fun/live/he-nan-wei-shi-16.m3u8,,,,,河南衛視,China,China,https://epg.pw/media/images/channel/2022/05/30/large/20220530233814283449_10.jpg,Generic,,freetv-fun-all.txt
[BD]河南卫视,https://t.freetv.fun/live/he-nan-wei-shi-17.m3u8,,,,,河南衛視,China,China,https://epg.pw/media/images/channel/2022/05/30/large/20220530233814283449_10.jpg,Generic,,freetv-fun-all.txt
[VGA]河南卫视,https://t.freetv.fun/live/he-nan-wei-shi-19.m3u8,,,,,河南衛視,China,China,https://epg.pw/media/images/channel/2022/05/30/large/20220530233814283449_10.jpg,Generic,,freetv-fun-all.txt
[BD]河南卫视,https://t.freetv.fun/live/he-nan-wei-shi-20.m3u8,,,,,河南衛視,China,China,https://epg.pw/media/images/channel/2022/05/30/large/20220530233814283449_10.jpg,Generic,,freetv-fun-all.txt
[SD]河南卫视,https://t.freetv.fun/live/he-nan-wei-shi-21.m3u8,,,,,河南衛視,China,China,https://epg.pw/media/images/channel/2022/05/30/large/20220530233814283449_10.jpg,Generic,,freetv-fun-all.txt
[BD]河南卫视,https://t.freetv.fun/live/he-nan-wei-shi-23.m3u8,,,,,河南衛視,China,China,https://epg.pw/media/images/channel/2022/05/30/large/20220530233814283449_10.jpg,Generic,,freetv-fun-all.txt
[BD]河南卫视,https://t.freetv.fun/live/he-nan-wei-shi-27.m3u8,,,,,河南衛視,China,China,https://epg.pw/media/images/channel/2022/05/30/large/20220530233814283449_10.jpg,Generic,,freetv-fun-all.txt
[HD]河南卫视,https://t.freetv.fun/live/he-nan-wei-shi-30.m3u8,,,,,河南衛視,China,China,https://epg.pw/media/images/channel/2022/05/30/large/20220530233814283449_10.jpg,Generic,,freetv-fun-all.txt
[SD]河南卫视,https://t.freetv.fun/live/he-nan-wei-shi-31.m3u8,,,,,河南衛視,China,China,https://epg.pw/media/images/channel/2022/05/30/large/20220530233814283449_10.jpg,Generic,,freetv-fun-all.txt
[SD]河南卫视,https://t.freetv.fun/live/he-nan-wei-shi-32.m3u8,,,,,河南衛視,China,China,https://epg.pw/media/images/channel/2022/05/30/large/20220530233814283449_10.jpg,Generic,,freetv-fun-all.txt
[BD]河南卫视,https://t.freetv.fun/live/he-nan-wei-shi-33.m3u8,,,,,河南衛視,China,China,https://epg.pw/media/images/channel/2022/05/30/large/20220530233814283449_10.jpg,Generic,,freetv-fun-all.txt
[HD]浙江国际,https://t.freetv.fun/live/zhe-jiang-guo-ji-2.m3u8,,,,,浙江國際,China,China,https://epg.pw/media/images/channel/2022/05/01/large/20220501233500757287_70.png,Generic,,freetv-fun-all.txt
[BD]浙江国际,https://t.freetv.fun/live/zhe-jiang-guo-ji-6.m3u8,,,,,浙江國際,China,China,https://epg.pw/media/images/channel/2022/05/01/large/20220501233500757287_70.png,Generic,,freetv-fun-all.txt
[VGA]浙江国际,https://t.freetv.fun/live/zhe-jiang-guo-ji-9.m3u8,,,,,浙江國際,China,China,https://epg.pw/media/images/channel/2022/05/01/large/20220501233500757287_70.png,Generic,,freetv-fun-all.txt
[BD]浙江国际,https://t.freetv.fun/live/zhe-jiang-guo-ji-11.m3u8,,,,,浙江國際,China,China,https://epg.pw/media/images/channel/2022/05/01/large/20220501233500757287_70.png,Generic,,freetv-fun-all.txt
[HD]浙江国际,https://t.freetv.fun/live/zhe-jiang-guo-ji-4.m3u8,,,,,浙江國際,China,China,https://epg.pw/media/images/channel/2022/05/01/large/20220501233500757287_70.png,Generic,,freetv-fun-all.txt
[BD]浙江国际,https://t.freetv.fun/live/zhe-jiang-guo-ji-10.m3u8,,,,,浙江國際,China,China,https://epg.pw/media/images/channel/2022/05/01/large/20220501233500757287_70.png,Generic,,freetv-fun-all.txt
[BD]浙江少儿,https://t.freetv.fun/live/zhe-jiang-shao-er-1.m3u8,,,,,浙江少兒,China,China,https://epg.pw/media/images/channel/2022/05/30/large/20220530221145480622_53.jpg,Kids,,freetv-fun-all.txt
[VGA]浙江少儿,https://t.freetv.fun/live/zhe-jiang-shao-er-6.m3u8,,,,,浙江少兒頻道,China,China,https://epg.pw/media/images/channel/2023/07/19/large/20230719123643125638_97.jpg,Kids,,freetv-fun-all.txt
[HD]浙江教育,https://t.freetv.fun/live/zhe-jiang-jiao-yu.m3u8,,,,,浙江教育科技,China,China,https://epg.pw/media/img/logo/1_20.jpg,Other,,freetv-fun-all.txt
[BD]浙江教科,https://t.freetv.fun/live/zhe-jiang-jiao-ke-1.m3u8,,,,,浙江教育科技,China,China,https://epg.pw/media/img/logo/1_20.jpg,Other,,freetv-fun-all.txt
[VGA]浙江教育,https://t.freetv.fun/live/zhe-jiang-jiao-yu-5.m3u8,,,,,浙江教育科技,China,China,https://epg.pw/media/img/logo/1_20.jpg,Other,,freetv-fun-all.txt
[BD]浙江教科,https://t.freetv.fun/live/zhe-jiang-jiao-ke.m3u8,,,,,浙江教育科技,China,China,https://epg.pw/media/img/logo/1_20.jpg,Other,,freetv-fun-all.txt
[HD]浙江新闻,https://t.freetv.fun/live/zhe-jiang-xin-wen-7.m3u8,,,,,浙江新聞,China,China,https://epg.pw/media/images/channel/2021/10/15/large/20211015190924231335_69.png,News,,freetv-fun-all.txt
[BD]浙江新闻,https://t.freetv.fun/live/zhe-jiang-xin-wen.m3u8,,,,,浙江新聞,China,China,https://epg.pw/media/images/channel/2021/10/15/large/20211015190924231335_69.png,News,,freetv-fun-all.txt
[BD]浙江新闻,https://t.freetv.fun/live/zhe-jiang-xin-wen-1.m3u8,,,,,浙江新聞,China,China,https://epg.pw/media/images/channel/2021/10/15/large/20211015190924231335_69.png,News,,freetv-fun-all.txt
[HD]浙江新闻,https://t.freetv.fun/live/zhe-jiang-xin-wen-6.m3u8,,,,,浙江新聞,China,China,https://epg.pw/media/images/channel/2021/10/15/large/20211015190924231335_69.png,News,,freetv-fun-all.txt
[HD]浙江新闻,https://t.freetv.fun/live/zhe-jiang-xin-wen-12.m3u8,,,,,浙江新聞,China,China,https://epg.pw/media/images/channel/2021/10/15/large/20211015190924231335_69.png,News,,freetv-fun-all.txt
[HD]浙江民生,https://t.freetv.fun/live/zhe-jiang-min-sheng-3.m3u8,,,,,浙江民生休閒,China,China,https://epg.pw/media/images/channel/2022/05/30/large/20220530221028154749_27.jpg,Generic,,freetv-fun-all.txt
[BD]浙江民生,https://t.freetv.fun/live/zhe-jiang-min-sheng-11.m3u8,,,,,浙江民生休閒,China,China,https://epg.pw/media/images/channel/2022/05/30/large/20220530221028154749_27.jpg,Generic,,freetv-fun-all.txt
[BD]浙江民生休闲,https://t.freetv.fun/live/zhe-jiang-min-sheng-xiu-xian-4.m3u8,,,,,浙江民生休閒,China,China,https://epg.pw/media/images/channel/2022/05/30/large/20220530221028154749_27.jpg,Generic,,freetv-fun-all.txt
[VGA]浙江｜民生休闲,https://t.freetv.fun/live/zhe-jiang-min-sheng-xiu-xian.m3u8,,,,,浙江民生休閒,China,China,https://epg.pw/media/images/channel/2022/05/30/large/20220530221028154749_27.jpg,Generic,,freetv-fun-all.txt
[BD]浙江民生休闲,https://t.freetv.fun/live/zhe-jiang-min-sheng-xiu-xian-1.m3u8,,,,,浙江民生休閒,China,China,https://epg.pw/media/images/channel/2022/05/30/large/20220530221028154749_27.jpg,Generic,,freetv-fun-all.txt
[HD]浙江民生休闲,https://t.freetv.fun/live/zhe-jiang-min-sheng-xiu-xian-1-1.m3u8,,,,,浙江民生休閒,China,China,https://epg.pw/media/images/channel/2022/05/30/large/20220530221028154749_27.jpg,Generic,,freetv-fun-all.txt
[BD]浙江经济,https://t.freetv.fun/live/zhe-jiang-jing-ji.m3u8,,,,,浙江經濟生活,China,China,https://epg.pw/media/images/channel/2022/05/30/large/20220530220929501840_43.jpg,Generic,,freetv-fun-all.txt
[BD]浙江生活,https://t.freetv.fun/live/zhe-jiang-sheng-huo-1.m3u8,,,,,浙江經濟生活,China,China,https://epg.pw/media/images/channel/2022/05/30/large/20220530220929501840_43.jpg,Generic,,freetv-fun-all.txt
[BD]浙江生活,https://t.freetv.fun/live/zhe-jiang-sheng-huo-4.m3u8,,,,,浙江經濟生活,China,China,https://epg.pw/media/images/channel/2022/05/30/large/20220530220929501840_43.jpg,Generic,,freetv-fun-all.txt
[VGA]浙江经济生活,https://t.freetv.fun/live/zhe-jiang-jing-ji-sheng-huo-1.m3u8,,,,,浙江經濟生活,China,China,https://epg.pw/media/images/channel/2022/05/30/large/20220530220929501840_43.jpg,Generic,,freetv-fun-all.txt
[VGA]浙江经济生活,https://t.freetv.fun/live/zhe-jiang-jing-ji-sheng-huo-1-1.m3u8,,,,,浙江經濟生活,China,China,https://epg.pw/media/images/channel/2022/05/30/large/20220530220929501840_43.jpg,Generic,,freetv-fun-all.txt
[VGA]浙江经济生活,https://t.freetv.fun/live/zhe-jiang-jing-ji-sheng-huo-4.m3u8,,,,,浙江經濟生活,China,China,https://epg.pw/media/images/channel/2022/05/30/large/20220530220929501840_43.jpg,Generic,,freetv-fun-all.txt
[BD]浙江经济生活,https://t.freetv.fun/live/zhe-jiang-jing-ji-sheng-huo-6.m3u8,,,,,浙江經濟生活,China,China,https://epg.pw/media/images/channel/2022/05/30/large/20220530220929501840_43.jpg,Generic,,freetv-fun-all.txt
[HD]浙江卫视,https://t.freetv.fun/live/zhe-jiang-wei-shi-3.m3u8,,,,,浙江衛視,China,China,https://epg.pw/media/images/channel/2024/03/11/large/20240311112431672505_47.png,Generic,,freetv-fun-all.txt
[BD]浙江卫视,https://t.freetv.fun/live/zhe-jiang-wei-shi-4.m3u8,,,,,浙江衛視,China,China,https://epg.pw/media/images/channel/2024/03/11/large/20240311112431672505_47.png,Generic,,freetv-fun-all.txt
[BD]浙江卫视,https://t.freetv.fun/live/zhe-jiang-wei-shi-5.m3u8,,,,,浙江衛視,China,China,https://epg.pw/media/images/channel/2024/03/11/large/20240311112431672505_47.png,Generic,,freetv-fun-all.txt
[BD]浙江卫视,https://t.freetv.fun/live/zhe-jiang-wei-shi-11.m3u8,,,,,浙江衛視,China,China,https://epg.pw/media/images/channel/2024/03/11/large/20240311112431672505_47.png,Generic,,freetv-fun-all.txt
[SD]浙江卫视,https://t.freetv.fun/live/zhe-jiang-wei-shi-14.m3u8,,,,,浙江衛視,China,China,https://epg.pw/media/images/channel/2024/03/11/large/20240311112431672505_47.png,Generic,,freetv-fun-all.txt
[BD]浙江卫视,https://t.freetv.fun/live/zhe-jiang-wei-shi-16.m3u8,,,,,浙江衛視,China,China,https://epg.pw/media/images/channel/2024/03/11/large/20240311112431672505_47.png,Generic,,freetv-fun-all.txt
[BD]浙江卫视,https://t.freetv.fun/live/zhe-jiang-wei-shi-21.m3u8,,,,,浙江衛視,China,China,https://epg.pw/media/images/channel/2024/03/11/large/20240311112431672505_47.png,Generic,,freetv-fun-all.txt
[BD]浙江卫视,https://t.freetv.fun/live/zhe-jiang-wei-shi-15-1.m3u8,,,,,浙江衛視,China,China,https://epg.pw/media/images/channel/2024/03/11/large/20240311112431672505_47.png,Generic,,freetv-fun-all.txt
[BD]浙江卫视,https://t.freetv.fun/live/zhe-jiang-wei-shi-12.m3u8,,,,,浙江衛視,China,China,https://epg.pw/media/images/channel/2024/03/11/large/20240311112431672505_47.png,Generic,,freetv-fun-all.txt
[BD]浙江卫视,https://t.freetv.fun/live/zhe-jiang-wei-shi.m3u8,,,,,浙江衛視,China,China,https://epg.pw/media/images/channel/2024/03/11/large/20240311112431672505_47.png,Generic,,freetv-fun-all.txt
[BD]浙江卫视,https://t.freetv.fun/live/zhe-jiang-wei-shi-1.m3u8,,,,,浙江衛視,China,China,https://epg.pw/media/images/channel/2024/03/11/large/20240311112431672505_47.png,Generic,,freetv-fun-all.txt
[BD]浙江卫视,https://t.freetv.fun/live/zhe-jiang-wei-shi-2.m3u8,,,,,浙江衛視,China,China,https://epg.pw/media/images/channel/2024/03/11/large/20240311112431672505_47.png,Generic,,freetv-fun-all.txt
[BD]浙江卫视,https://t.freetv.fun/live/zhe-jiang-wei-shi-18.m3u8,,,,,浙江衛視,China,China,https://epg.pw/media/images/channel/2024/03/11/large/20240311112431672505_47.png,Generic,,freetv-fun-all.txt
[VGA]浙江卫视,https://t.freetv.fun/live/zhe-jiang-wei-shi-23.m3u8,,,,,浙江衛視,China,China,https://epg.pw/media/images/channel/2024/03/11/large/20240311112431672505_47.png,Generic,,freetv-fun-all.txt
[BD]浙江卫视,https://t.freetv.fun/live/zhe-jiang-wei-shi-6.m3u8,,,,,浙江衛視,China,China,https://epg.pw/media/images/channel/2024/03/11/large/20240311112431672505_47.png,Generic,,freetv-fun-all.txt
[HD]浙江卫视,https://t.freetv.fun/live/zhe-jiang-wei-shi-7.m3u8,,,,,浙江衛視,China,China,https://epg.pw/media/images/channel/2024/03/11/large/20240311112431672505_47.png,Generic,,freetv-fun-all.txt
[SD]浙江卫视,https://t.freetv.fun/live/zhe-jiang-wei-shi-8.m3u8,,,,,浙江衛視,China,China,https://epg.pw/media/images/channel/2024/03/11/large/20240311112431672505_47.png,Generic,,freetv-fun-all.txt
[BD]浙江卫视,https://t.freetv.fun/live/zhe-jiang-wei-shi-9.m3u8,,,,,浙江衛視,China,China,https://epg.pw/media/images/channel/2024/03/11/large/20240311112431672505_47.png,Generic,,freetv-fun-all.txt
[BD]浙江卫视,https://t.freetv.fun/live/zhe-jiang-wei-shi-10.m3u8,,,,,浙江衛視,China,China,https://epg.pw/media/images/channel/2024/03/11/large/20240311112431672505_47.png,Generic,,freetv-fun-all.txt
[BD]浙江卫视,https://t.freetv.fun/live/zhe-jiang-wei-shi-13.m3u8,,,,,浙江衛視,China,China,https://epg.pw/media/images/channel/2024/03/11/large/20240311112431672505_47.png,Generic,,freetv-fun-all.txt
[SD]浙江卫视,https://t.freetv.fun/live/zhe-jiang-wei-shi-17.m3u8,,,,,浙江衛視,China,China,https://epg.pw/media/images/channel/2024/03/11/large/20240311112431672505_47.png,Generic,,freetv-fun-all.txt
[SD]浙江卫视,https://t.freetv.fun/live/zhe-jiang-wei-shi-19.m3u8,,,,,浙江衛視,China,China,https://epg.pw/media/images/channel/2024/03/11/large/20240311112431672505_47.png,Generic,,freetv-fun-all.txt
[SD]浙江卫视,https://t.freetv.fun/live/zhe-jiang-wei-shi-20.m3u8,,,,,浙江衛視,China,China,https://epg.pw/media/images/channel/2024/03/11/large/20240311112431672505_47.png,Generic,,freetv-fun-all.txt
[SD]浙江卫视,https://t.freetv.fun/live/zhe-jiang-wei-shi-22.m3u8,,,,,浙江衛視,China,China,https://epg.pw/media/images/channel/2024/03/11/large/20240311112431672505_47.png,Generic,,freetv-fun-all.txt
[BD]浙江卫视,https://t.freetv.fun/live/zhe-jiang-wei-shi-24.m3u8,,,,,浙江衛視,China,China,https://epg.pw/media/images/channel/2024/03/11/large/20240311112431672505_47.png,Generic,,freetv-fun-all.txt
[BD]浙江卫视,https://t.freetv.fun/live/zhe-jiang-wei-shi-27.m3u8,,,,,浙江衛視,China,China,https://epg.pw/media/images/channel/2024/03/11/large/20240311112431672505_47.png,Generic,,freetv-fun-all.txt
[BD]浙江钱江,https://t.freetv.fun/live/zhe-jiang-qian-jiang-2.m3u8,,,,,浙江錢江都市,China,China,https://epg.pw/media/images/channel/2023/07/19/large/20230719123520355179_33.jpg,Generic,,freetv-fun-all.txt
[HD]浙江钱江,https://t.freetv.fun/live/zhe-jiang-qian-jiang-3.m3u8,,,,,浙江錢江都市,China,China,https://epg.pw/media/images/channel/2023/07/19/large/20230719123520355179_33.jpg,Generic,,freetv-fun-all.txt
[BD]浙江钱江,https://t.freetv.fun/live/zhe-jiang-qian-jiang-1.m3u8,,,,,浙江錢江都市,China,China,https://epg.pw/media/images/channel/2023/07/19/large/20230719123520355179_33.jpg,Generic,,freetv-fun-all.txt
[VGA]浙江钱江,https://t.freetv.fun/live/zhe-jiang-qian-jiang-6.m3u8,,,,,浙江錢江都市,China,China,https://epg.pw/media/images/channel/2023/07/19/large/20230719123520355179_33.jpg,Generic,,freetv-fun-all.txt
[BD]浙江钱江都市,https://t.freetv.fun/live/zhe-jiang-qian-jiang-du-shi.m3u8,,,,,浙江錢江都市,China,China,https://epg.pw/media/images/channel/2023/07/19/large/20230719123520355179_33.jpg,Generic,,freetv-fun-all.txt
[SD]海南卫视,https://t.freetv.fun/live/hai-nan-wei-shi.m3u8,,,,,海南衛視,China,China,https://epg.pw/media/images/channel/2021/09/13/large/20210913004059839717_73.png,Generic,,freetv-fun-all.txt
[BD]海南卫视,https://t.freetv.fun/live/hai-nan-wei-shi-1.m3u8,,,,,海南衛視,China,China,https://epg.pw/media/images/channel/2021/09/13/large/20210913004059839717_73.png,Generic,,freetv-fun-all.txt
[SD]海南卫视,https://t.freetv.fun/live/hai-nan-wei-shi-6.m3u8,,,,,海南衛視,China,China,https://epg.pw/media/images/channel/2021/09/13/large/20210913004059839717_73.png,Generic,,freetv-fun-all.txt
[BD]海南卫视,https://t.freetv.fun/live/hai-nan-wei-shi-8.m3u8,,,,,海南衛視,China,China,https://epg.pw/media/images/channel/2021/09/13/large/20210913004059839717_73.png,Generic,,freetv-fun-all.txt
[SD]海南卫视,https://t.freetv.fun/live/hai-nan-wei-shi-5.m3u8,,,,,海南衛視,China,China,https://epg.pw/media/images/channel/2021/09/13/large/20210913004059839717_73.png,Generic,,freetv-fun-all.txt
[BD]海南卫视,https://t.freetv.fun/live/hai-nan-wei-shi-3.m3u8,,,,,海南衛視,China,China,https://epg.pw/media/images/channel/2021/09/13/large/20210913004059839717_73.png,Generic,,freetv-fun-all.txt
[SD]海南卫视,https://t.freetv.fun/live/hai-nan-wei-shi-73.m3u8,,,,,海南衛視,China,China,https://epg.pw/media/images/channel/2021/09/13/large/20210913004059839717_73.png,Generic,,freetv-fun-all.txt
[BD]海南卫视,https://t.freetv.fun/live/hai-nan-wei-shi-7.m3u8,,,,,海南衛視,China,China,https://epg.pw/media/images/channel/2021/09/13/large/20210913004059839717_73.png,Generic,,freetv-fun-all.txt
[HD]海南卫视,https://t.freetv.fun/live/hai-nan-wei-shi-2.m3u8,,,,,海南衛視,China,China,https://epg.pw/media/images/channel/2021/09/13/large/20210913004059839717_73.png,Generic,,freetv-fun-all.txt
[SD]海南卫视,https://t.freetv.fun/live/hai-nan-wei-shi-4.m3u8,,,,,海南衛視,China,China,https://epg.pw/media/images/channel/2021/09/13/large/20210913004059839717_73.png,Generic,,freetv-fun-all.txt
[SD]海南卫视,https://t.freetv.fun/live/hai-nan-wei-shi-9.m3u8,,,,,海南衛視,China,China,https://epg.pw/media/images/channel/2021/09/13/large/20210913004059839717_73.png,Generic,,freetv-fun-all.txt
[SD]海南卫视,https://t.freetv.fun/live/hai-nan-wei-shi-10.m3u8,,,,,海南衛視,China,China,https://epg.pw/media/images/channel/2021/09/13/large/20210913004059839717_73.png,Generic,,freetv-fun-all.txt
[SD]海南卫视,https://t.freetv.fun/live/hai-nan-wei-shi-15.m3u8,,,,,海南衛視,China,China,https://epg.pw/media/images/channel/2021/09/13/large/20210913004059839717_73.png,Generic,,freetv-fun-all.txt
[VGA]海南卫视,https://t.freetv.fun/live/hai-nan-wei-shi-16.m3u8,,,,,海南衛視,China,China,https://epg.pw/media/images/channel/2021/09/13/large/20210913004059839717_73.png,Generic,,freetv-fun-all.txt
[SD]海南卫视,https://t.freetv.fun/live/hai-nan-wei-shi-17.m3u8,,,,,海南衛視,China,China,https://epg.pw/media/images/channel/2021/09/13/large/20210913004059839717_73.png,Generic,,freetv-fun-all.txt
[BD]海南卫视,https://t.freetv.fun/live/hai-nan-wei-shi-20.m3u8,,,,,海南衛視,China,China,https://epg.pw/media/images/channel/2021/09/13/large/20210913004059839717_73.png,Generic,,freetv-fun-all.txt
[BD]乌海新闻综合,https://t.freetv.fun/live/wu-hai-xin-wen-zong-he.m3u8,,,,,海口新聞綜合,China,China,https://epg.pw/media/images/channel/2022/10/24/large/20221024210537367215_35.jpg,News,,freetv-fun-all.txt
[BD]滨海新闻综合,https://t.freetv.fun/live/bin-hai-xin-wen-zong-he.m3u8,,,,,海口新聞綜合,China,China,https://epg.pw/media/img/logo/2_55.jpg,Other,,freetv-fun-all.txt
[BD]海峡卫视,https://t.freetv.fun/live/hai-xia-wei-shi-1.m3u8,,,,,海峽衛視,China,China,https://epg.pw/media/images/channel/2025/01/28/large/20250128060839855238_81.jpg,Generic,,freetv-fun-all.txt
[BD]海峡卫视,https://t.freetv.fun/live/hai-xia-wei-shi-3.m3u8,,,,,海峽衛視,China,China,https://epg.pw/media/images/channel/2025/01/28/large/20250128060839855238_81.jpg,Generic,,freetv-fun-all.txt
[BD]海峡卫视,https://t.freetv.fun/live/hai-xia-wei-shi-5.m3u8,,,,,海峽衛視,China,China,https://epg.pw/media/images/channel/2025/01/28/large/20250128060839855238_81.jpg,Generic,,freetv-fun-all.txt
[BD]海峡卫视,https://t.freetv.fun/live/hai-xia-wei-shi-7.m3u8,,,,,海峽衛視,China,China,https://epg.pw/media/images/channel/2025/01/28/large/20250128060839855238_81.jpg,Generic,,freetv-fun-all.txt
[SD]海绵宝宝,https://t.freetv.fun/live/hai-mian-bao-bao.m3u8,,,,,海綿寶寶頻道,China,China,https://epg.pw/media/uploads/tmp_logo/2018/09/11/20180911125941022048_89.jpg,Kids,,freetv-fun-all.txt
[BD]深圳卫视,https://t.freetv.fun/live/shen-zhen-wei-shi-7.m3u8,,,,,深圳衛視,China,China,https://epg.pw/media/images/channel/2024/03/11/large/20240311112310613998_63.png,Generic,,freetv-fun-all.txt
[SD]深圳卫视,https://t.freetv.fun/live/shen-zhen-wei-shi-9.m3u8,,,,,深圳衛視,China,China,https://epg.pw/media/images/channel/2024/03/11/large/20240311112310613998_63.png,Generic,,freetv-fun-all.txt
[BD]深圳卫视,https://t.freetv.fun/live/shen-zhen-wei-shi-14.m3u8,,,,,深圳衛視,China,China,https://epg.pw/media/images/channel/2024/03/11/large/20240311112310613998_63.png,Generic,,freetv-fun-all.txt
[HD]深圳卫视,https://t.freetv.fun/live/shen-zhen-wei-shi-16.m3u8,,,,,深圳衛視,China,China,https://epg.pw/media/images/channel/2024/03/11/large/20240311112310613998_63.png,Generic,,freetv-fun-all.txt
[BD]深圳卫视,https://t.freetv.fun/live/shen-zhen-wei-shi-27.m3u8,,,,,深圳衛視,China,China,https://epg.pw/media/images/channel/2024/03/11/large/20240311112310613998_63.png,Generic,,freetv-fun-all.txt
[BD]深圳卫视,https://t.freetv.fun/live/shen-zhen-wei-shi-20.m3u8,,,,,深圳衛視,China,China,https://epg.pw/media/images/channel/2024/03/11/large/20240311112310613998_63.png,Generic,,freetv-fun-all.txt
[BD]深圳卫视,https://t.freetv.fun/live/shen-zhen-wei-shi-6.m3u8,,,,,深圳衛視,China,China,https://epg.pw/media/images/channel/2024/03/11/large/20240311112310613998_63.png,Generic,,freetv-fun-all.txt
[BD]深圳卫视,https://t.freetv.fun/live/shen-zhen-wei-shi-26.m3u8,,,,,深圳衛視,China,China,https://epg.pw/media/images/channel/2024/03/11/large/20240311112310613998_63.png,Generic,,freetv-fun-all.txt
[BD]深圳卫视,https://t.freetv.fun/live/shen-zhen-wei-shi-19.m3u8,,,,,深圳衛視,China,China,https://epg.pw/media/images/channel/2024/03/11/large/20240311112310613998_63.png,Generic,,freetv-fun-all.txt
[VGA]深圳卫视,https://t.freetv.fun/live/shen-zhen-wei-shi.m3u8,,,,,深圳衛視,China,China,https://epg.pw/media/images/channel/2024/03/11/large/20240311112310613998_63.png,Generic,,freetv-fun-all.txt
[BD]深圳卫视,https://t.freetv.fun/live/shen-zhen-wei-shi-1.m3u8,,,,,深圳衛視,China,China,https://epg.pw/media/images/channel/2024/03/11/large/20240311112310613998_63.png,Generic,,freetv-fun-all.txt
[BD]深圳卫视,https://t.freetv.fun/live/shen-zhen-wei-shi-2.m3u8,,,,,深圳衛視,China,China,https://epg.pw/media/images/channel/2024/03/11/large/20240311112310613998_63.png,Generic,,freetv-fun-all.txt
[HD]深圳卫视,https://t.freetv.fun/live/shen-zhen-wei-shi-3.m3u8,,,,,深圳衛視,China,China,https://epg.pw/media/images/channel/2024/03/11/large/20240311112310613998_63.png,Generic,,freetv-fun-all.txt
[HD]深圳卫视,https://t.freetv.fun/live/shen-zhen-wei-shi-4.m3u8,,,,,深圳衛視,China,China,https://epg.pw/media/images/channel/2024/03/11/large/20240311112310613998_63.png,Generic,,freetv-fun-all.txt
[HD]深圳卫视,https://t.freetv.fun/live/shen-zhen-wei-shi-5.m3u8,,,,,深圳衛視,China,China,https://epg.pw/media/images/channel/2024/03/11/large/20240311112310613998_63.png,Generic,,freetv-fun-all.txt
[BD]深圳卫视,https://t.freetv.fun/live/shen-zhen-wei-shi-8.m3u8,,,,,深圳衛視,China,China,https://epg.pw/media/images/channel/2024/03/11/large/20240311112310613998_63.png,Generic,,freetv-fun-all.txt
[BD]深圳卫视,https://t.freetv.fun/live/shen-zhen-wei-shi-11.m3u8,,,,,深圳衛視,China,China,https://epg.pw/media/images/channel/2024/03/11/large/20240311112310613998_63.png,Generic,,freetv-fun-all.txt
[BD]深圳卫视,https://t.freetv.fun/live/shen-zhen-wei-shi-12.m3u8,,,,,深圳衛視,China,China,https://epg.pw/media/images/channel/2024/03/11/large/20240311112310613998_63.png,Generic,,freetv-fun-all.txt
[BD]深圳卫视,https://t.freetv.fun/live/shen-zhen-wei-shi-13.m3u8,,,,,深圳衛視,China,China,https://epg.pw/media/images/channel/2024/03/11/large/20240311112310613998_63.png,Generic,,freetv-fun-all.txt
[BD]深圳卫视,https://t.freetv.fun/live/shen-zhen-wei-shi-15.m3u8,,,,,深圳衛視,China,China,https://epg.pw/media/images/channel/2024/03/11/large/20240311112310613998_63.png,Generic,,freetv-fun-all.txt
[BD]深圳卫视,https://t.freetv.fun/live/shen-zhen-wei-shi-17.m3u8,,,,,深圳衛視,China,China,https://epg.pw/media/images/channel/2024/03/11/large/20240311112310613998_63.png,Generic,,freetv-fun-all.txt
[BD]深圳卫视,https://t.freetv.fun/live/shen-zhen-wei-shi-18.m3u8,,,,,深圳衛視,China,China,https://epg.pw/media/images/channel/2024/03/11/large/20240311112310613998_63.png,Generic,,freetv-fun-all.txt
[BD]深圳卫视,https://t.freetv.fun/live/shen-zhen-wei-shi-21.m3u8,,,,,深圳衛視,China,China,https://epg.pw/media/images/channel/2024/03/11/large/20240311112310613998_63.png,Generic,,freetv-fun-all.txt
[BD]深圳卫视,https://t.freetv.fun/live/shen-zhen-wei-shi-22.m3u8,,,,,深圳衛視,China,China,https://epg.pw/media/images/channel/2024/03/11/large/20240311112310613998_63.png,Generic,,freetv-fun-all.txt
[BD]深圳卫视,https://t.freetv.fun/live/shen-zhen-wei-shi-23.m3u8,,,,,深圳衛視,China,China,https://epg.pw/media/images/channel/2024/03/11/large/20240311112310613998_63.png,Generic,,freetv-fun-all.txt
[BD]深圳卫视,https://t.freetv.fun/live/shen-zhen-wei-shi-24.m3u8,,,,,深圳衛視,China,China,https://epg.pw/media/images/channel/2024/03/11/large/20240311112310613998_63.png,Generic,,freetv-fun-all.txt
[BD]深圳卫视,https://t.freetv.fun/live/shen-zhen-wei-shi-25.m3u8,,,,,深圳衛視,China,China,https://epg.pw/media/images/channel/2024/03/11/large/20240311112310613998_63.png,Generic,,freetv-fun-all.txt
[BD]深圳卫视,https://t.freetv.fun/live/shen-zhen-wei-shi-30.m3u8,,,,,深圳衛視,China,China,https://epg.pw/media/images/channel/2024/03/11/large/20240311112310613998_63.png,Generic,,freetv-fun-all.txt
[HD]深圳都市,https://t.freetv.fun/live/shen-zhen-du-shi.m3u8,,,,,深圳都市,China,China,https://epg.pw/media/images/channel/2022/05/19/large/20220519234446820820_32.jpg,Generic,,freetv-fun-all.txt
[BD]湖北卫视,https://t.freetv.fun/live/hu-bei-wei-shi-2.m3u8,,,,,湖北衛視,China,China,https://epg.pw/media/images/channel/2017/01/08/large/20170108220858481970_23.jpg,Generic,,freetv-fun-all.txt
[SD]湖北卫视,https://t.freetv.fun/live/hu-bei-wei-shi-3.m3u8,,,,,湖北衛視,China,China,https://epg.pw/media/images/channel/2017/01/08/large/20170108220858481970_23.jpg,Generic,,freetv-fun-all.txt
[BD]湖北卫视,https://t.freetv.fun/live/hu-bei-wei-shi-6.m3u8,,,,,湖北衛視,China,China,https://epg.pw/media/images/channel/2017/01/08/large/20170108220858481970_23.jpg,Generic,,freetv-fun-all.txt
[SD]湖北卫视,https://t.freetv.fun/live/hu-bei-wei-shi-8.php,,,,,湖北衛視,China,China,https://epg.pw/media/images/channel/2017/01/08/large/20170108220858481970_23.jpg,Generic,,freetv-fun-all.txt
[BD]湖北卫视,https://t.freetv.fun/live/hu-bei-wei-shi-10.m3u8,,,,,湖北衛視,China,China,https://epg.pw/media/images/channel/2017/01/08/large/20170108220858481970_23.jpg,Generic,,freetv-fun-all.txt
[BD]湖北卫视,https://t.freetv.fun/live/hu-bei-wei-shi-16.m3u8,,,,,湖北衛視,China,China,https://epg.pw/media/images/channel/2017/01/08/large/20170108220858481970_23.jpg,Generic,,freetv-fun-all.txt
[BD]湖北卫视,https://t.freetv.fun/live/hu-bei-wei-shi.m3u8,,,,,湖北衛視,China,China,https://epg.pw/media/images/channel/2017/01/08/large/20170108220858481970_23.jpg,Generic,,freetv-fun-all.txt
[HD]湖北卫视,https://t.freetv.fun/live/hu-bei-wei-shi-7.m3u8,,,,,湖北衛視,China,China,https://epg.pw/media/images/channel/2017/01/08/large/20170108220858481970_23.jpg,Generic,,freetv-fun-all.txt
[BD]湖北卫视,https://t.freetv.fun/live/hu-bei-wei-shi-1.m3u8,,,,,湖北衛視,China,China,https://epg.pw/media/images/channel/2017/01/08/large/20170108220858481970_23.jpg,Generic,,freetv-fun-all.txt
[BD]湖北卫视,https://t.freetv.fun/live/hu-bei-wei-shi-4.m3u8,,,,,湖北衛視,China,China,https://epg.pw/media/images/channel/2017/01/08/large/20170108220858481970_23.jpg,Generic,,freetv-fun-all.txt
[SD]湖北卫视,https://t.freetv.fun/live/hu-bei-wei-shi-5.m3u8,,,,,湖北衛視,China,China,https://epg.pw/media/images/channel/2017/01/08/large/20170108220858481970_23.jpg,Generic,,freetv-fun-all.txt
[HD]湖北卫视,https://t.freetv.fun/live/hu-bei-wei-shi-9.m3u8,,,,,湖北衛視,China,China,https://epg.pw/media/images/channel/2017/01/08/large/20170108220858481970_23.jpg,Generic,,freetv-fun-all.txt
[SD]湖北卫视,https://t.freetv.fun/live/hu-bei-wei-shi-11.m3u8,,,,,湖北衛視,China,China,https://epg.pw/media/images/channel/2017/01/08/large/20170108220858481970_23.jpg,Generic,,freetv-fun-all.txt
[BD]湖北卫视,https://t.freetv.fun/live/hu-bei-wei-shi-14.m3u8,,,,,湖北衛視,China,China,https://epg.pw/media/images/channel/2017/01/08/large/20170108220858481970_23.jpg,Generic,,freetv-fun-all.txt
[BD]湖北卫视,https://t.freetv.fun/live/hu-bei-wei-shi-19.m3u8,,,,,湖北衛視,China,China,https://epg.pw/media/images/channel/2017/01/08/large/20170108220858481970_23.jpg,Generic,,freetv-fun-all.txt
[BD]湖北卫视,https://t.freetv.fun/live/hu-bei-wei-shi-20.m3u8,,,,,湖北衛視,China,China,https://epg.pw/media/images/channel/2017/01/08/large/20170108220858481970_23.jpg,Generic,,freetv-fun-all.txt
[BD]湖北卫视,https://t.freetv.fun/live/hu-bei-wei-shi-21.m3u8,,,,,湖北衛視,China,China,https://epg.pw/media/images/channel/2017/01/08/large/20170108220858481970_23.jpg,Generic,,freetv-fun-all.txt
[BD]湖北卫视,https://t.freetv.fun/live/hu-bei-wei-shi-22.m3u8,,,,,湖北衛視,China,China,https://epg.pw/media/images/channel/2017/01/08/large/20170108220858481970_23.jpg,Generic,,freetv-fun-all.txt
[BD]湖北卫视,https://t.freetv.fun/live/hu-bei-wei-shi-24.m3u8,,,,,湖北衛視,China,China,https://epg.pw/media/images/channel/2017/01/08/large/20170108220858481970_23.jpg,Generic,,freetv-fun-all.txt
[BD]湖北卫视,https://t.freetv.fun/live/hu-bei-wei-shi-25.m3u8,,,,,湖北衛視,China,China,https://epg.pw/media/images/channel/2017/01/08/large/20170108220858481970_23.jpg,Generic,,freetv-fun-all.txt
[BD]湖北卫视,https://t.freetv.fun/live/hu-bei-wei-shi-32.m3u8,,,,,湖北衛視,China,China,https://epg.pw/media/images/channel/2017/01/08/large/20170108220858481970_23.jpg,Generic,,freetv-fun-all.txt
[HD]湖南教育,https://t.freetv.fun/live/hu-nan-jiao-yu.m3u8,,,,,湖南教育,China,China,https://epg.pw/media/images/channel/2022/05/26/large/20220526142458097682_95.jpg,Other,,freetv-fun-all.txt
[HD]湖南教育,https://t.freetv.fun/live/hu-nan-jiao-yu-1.m3u8,,,,,湖南教育,China,China,https://epg.pw/media/images/channel/2022/05/26/large/20220526142458097682_95.jpg,Other,,freetv-fun-all.txt
[HD]湖南卫视,https://t.freetv.fun/live/hu-nan-wei-shi-1.m3u8,,,,,湖南衛視,China,China,https://epg.pw/media/images/channel/2024/03/11/large/20240311111749846409_90.png,Generic,,freetv-fun-all.txt
[BD]湖南卫视,https://t.freetv.fun/live/hu-nan-wei-shi-3.m3u8,,,,,湖南衛視,China,China,https://epg.pw/media/images/channel/2024/03/11/large/20240311111749846409_90.png,Generic,,freetv-fun-all.txt
[BD]湖南卫视,https://t.freetv.fun/live/hu-nan-wei-shi-5.m3u8,,,,,湖南衛視,China,China,https://epg.pw/media/images/channel/2024/03/11/large/20240311111749846409_90.png,Generic,,freetv-fun-all.txt
[BD]湖南卫视,https://t.freetv.fun/live/hu-nan-wei-shi-6.m3u8,,,,,湖南衛視,China,China,https://epg.pw/media/images/channel/2024/03/11/large/20240311111749846409_90.png,Generic,,freetv-fun-all.txt
[BD]湖南卫视,https://t.freetv.fun/live/hu-nan-wei-shi-8.m3u8,,,,,湖南衛視,China,China,https://epg.pw/media/images/channel/2024/03/11/large/20240311111749846409_90.png,Generic,,freetv-fun-all.txt
[BD]湖南卫视,https://t.freetv.fun/live/hu-nan-wei-shi-2.m3u8,,,,,湖南衛視,China,China,https://epg.pw/media/images/channel/2024/03/11/large/20240311111749846409_90.png,Generic,,freetv-fun-all.txt
[HD]湖南卫视,https://t.freetv.fun/live/hu-nan-wei-shi.m3u8,,,,,湖南衛視,China,China,https://epg.pw/media/images/channel/2024/03/11/large/20240311111749846409_90.png,Generic,,freetv-fun-all.txt
[BD]湖南卫视,https://t.freetv.fun/live/hu-nan-wei-shi-4.m3u8,,,,,湖南衛視,China,China,https://epg.pw/media/images/channel/2024/03/11/large/20240311111749846409_90.png,Generic,,freetv-fun-all.txt
[BD]湖南卫视,https://t.freetv.fun/live/hu-nan-wei-shi-7.m3u8,,,,,湖南衛視,China,China,https://epg.pw/media/images/channel/2024/03/11/large/20240311111749846409_90.png,Generic,,freetv-fun-all.txt
[BD]湖南卫视,https://t.freetv.fun/live/hu-nan-wei-shi-9.m3u8,,,,,湖南衛視,China,China,https://epg.pw/media/images/channel/2024/03/11/large/20240311111749846409_90.png,Generic,,freetv-fun-all.txt
[BD]湖南卫视,https://t.freetv.fun/live/hu-nan-wei-shi-15.m3u8,,,,,湖南衛視,China,China,https://epg.pw/media/images/channel/2024/03/11/large/20240311111749846409_90.png,Generic,,freetv-fun-all.txt
[BD]湖南卫视,https://t.freetv.fun/live/hu-nan-wei-shi-18.m3u8,,,,,湖南衛視,China,China,https://epg.pw/media/images/channel/2024/03/11/large/20240311111749846409_90.png,Generic,,freetv-fun-all.txt
[BD]湖南卫视,https://t.freetv.fun/live/hu-nan-wei-shi-26.m3u8,,,,,湖南衛視,China,China,https://epg.pw/media/images/channel/2024/03/11/large/20240311111749846409_90.png,Generic,,freetv-fun-all.txt
[BD]湖南卫视,https://t.freetv.fun/live/hu-nan-wei-shi-27.m3u8,,,,,湖南衛視,China,China,https://epg.pw/media/images/channel/2024/03/11/large/20240311111749846409_90.png,Generic,,freetv-fun-all.txt
[BD]湖南卫视,https://t.freetv.fun/live/hu-nan-wei-shi-30.m3u8,,,,,湖南衛視,China,China,https://epg.pw/media/images/channel/2024/03/11/large/20240311111749846409_90.png,Generic,,freetv-fun-all.txt
[BD]湖南卫视,https://t.freetv.fun/live/hu-nan-wei-shi-31.m3u8,,,,,湖南衛視,China,China,https://epg.pw/media/images/channel/2024/03/11/large/20240311111749846409_90.png,Generic,,freetv-fun-all.txt
[HD]湖南卫视,https://t.freetv.fun/live/hu-nan-wei-shi-32.m3u8,,,,,湖南衛視,China,China,https://epg.pw/media/images/channel/2024/03/11/large/20240311111749846409_90.png,Generic,,freetv-fun-all.txt
[HD]湖州公共,https://t.freetv.fun/live/hu-zhou-gong-gong-5.m3u8,,,,,湖州公共民生,China,China,https://epg.pw/media/img/logo/3_107.jpg,Other,,freetv-fun-all.txt
[HD]湖州公共,https://t.freetv.fun/live/hu-zhou-gong-gong-6.m3u8,,,,,湖州公共民生,China,China,https://epg.pw/media/img/logo/3_107.jpg,Other,,freetv-fun-all.txt
[HD]湖州文化娱乐,https://t.freetv.fun/live/hu-zhou-wen-hua-yu-le-1.m3u8,,,,,湖州文化娛樂,China,China,https://epg.pw/media/img/logo/3_108.jpg,Other,,freetv-fun-all.txt
[HD]湖州文化娱乐,https://t.freetv.fun/live/hu-zhou-wen-hua-yu-le-2.m3u8,,,,,湖州文化娛樂,China,China,https://epg.pw/media/img/logo/3_108.jpg,Other,,freetv-fun-all.txt
[HD]泸州新闻综合,https://t.freetv.fun/live/lu-zhou-xin-wen-zong-he.m3u8,,,,,湖州新聞綜合,China,China,https://epg.pw/media/images/channel/2022/11/01/large/20221101020031305070_25.jpg,News,,freetv-fun-all.txt
[HD]平湖新闻综合,https://t.freetv.fun/live/ping-hu-xin-wen-zong-he.m3u8,,,,,湖州新聞綜合,China,China,https://epg.pw/media/images/channel/2022/11/01/large/20221101020031305070_25.jpg,News,,freetv-fun-all.txt
[HD]嵊州新闻综合,https://t.freetv.fun/live/sheng-zhou-xin-wen-zong-he-1.m3u8,,,,,湖州新聞綜合,China,China,https://epg.pw/media/images/channel/2022/11/01/large/20221101020031305070_25.jpg,News,,freetv-fun-all.txt
[BD]赣州新闻综合,https://t.freetv.fun/live/gan-zhou-xin-wen-zong-he-1.m3u8,,,,,湖州新聞綜合,China,China,https://epg.pw/media/images/channel/2022/11/01/large/20221101020031305070_25.jpg,News,,freetv-fun-all.txt
[HD]湖州新闻综合,https://t.freetv.fun/live/hu-zhou-xin-wen-zong-he-1.m3u8,,,,,湖州新聞綜合,China,China,https://epg.pw/media/img/logo/3_109.jpg,News,,freetv-fun-all.txt
[HD]湖州新闻综合,https://t.freetv.fun/live/hu-zhou-xin-wen-zong-he-3.m3u8,,,,,湖州新聞綜合,China,China,https://epg.pw/media/img/logo/3_109.jpg,News,,freetv-fun-all.txt
[BD]重庆|江津新闻综合,https://t.freetv.fun/live/zhong-qing-jiang-jin-xin-wen-zong-he.m3u8,,,,,湛江新聞綜合,China,China,https://epg.pw/media/images/channel/2022/11/01/large/20221101000354616391_13.jpg,News,,freetv-fun-all.txt
[SD]江夏新闻综合,https://t.freetv.fun/live/jiang-xia-xin-wen-zong-he-2.m3u8,,,,,湛江新聞綜合,China,China,https://epg.pw/media/images/channel/2022/11/01/large/20221101000354616391_13.jpg,News,,freetv-fun-all.txt
[SD]江夏新闻综合,https://t.freetv.fun/live/jiang-xia-xin-wen-zong-he-4.m3u8,,,,,湛江新聞綜合,China,China,https://epg.pw/media/images/channel/2022/11/01/large/20221101000354616391_13.jpg,News,,freetv-fun-all.txt
[BD]衢江新闻综合,https://t.freetv.fun/live/qu-jiang-xin-wen-zong-he-3.m3u8,,,,,湛江新聞綜合,China,China,https://epg.pw/media/images/channel/2022/11/01/large/20221101000354616391_13.jpg,News,,freetv-fun-all.txt
[BD]江津新闻综合,https://t.freetv.fun/live/jiang-jin-xin-wen-zong-he.m3u8,,,,,湛江新聞綜合,China,China,https://epg.pw/media/images/channel/2022/11/01/large/20221101000354616391_13.jpg,News,,freetv-fun-all.txt
[BD]经济科教高清,https://t.freetv.fun/live/jing-ji-ke-jiao-gao-qing.m3u8,,,,,溫州經濟科教,China,China,https://epg.pw/media/images/channel/2022/11/01/large/20221101015212417692_86.jpg,Other,,freetv-fun-all.txt
[BD]经济科教高清,https://t.freetv.fun/live/jing-ji-ke-jiao-gao-qing-1.m3u8,,,,,溫州經濟科教,China,China,https://epg.pw/media/images/channel/2022/11/01/large/20221101015212417692_86.jpg,Other,,freetv-fun-all.txt
[BD]经济科教高清,https://t.freetv.fun/live/jing-ji-ke-jiao-gao-qing-2.m3u8,,,,,溫州經濟科教,China,China,https://epg.pw/media/images/channel/2022/11/01/large/20221101015212417692_86.jpg,Other,,freetv-fun-all.txt
[BD]经济科教高清,https://t.freetv.fun/live/jing-ji-ke-jiao-gao-qing-4.m3u8,,,,,溫州經濟科教,China,China,https://epg.pw/media/images/channel/2022/11/01/large/20221101015212417692_86.jpg,Other,,freetv-fun-all.txt
[BD]经济科教高清,https://t.freetv.fun/live/jing-ji-ke-jiao-gao-qing-5.m3u8,,,,,溫州經濟科教,China,China,https://epg.pw/media/images/channel/2022/11/01/large/20221101015212417692_86.jpg,Other,,freetv-fun-all.txt
[BD]经济科教高清,https://t.freetv.fun/live/jing-ji-ke-jiao-gao-qing-7.m3u8,,,,,溫州經濟科教,China,China,https://epg.pw/media/images/channel/2022/11/01/large/20221101015212417692_86.jpg,Other,,freetv-fun-all.txt
[BD]经济科教高清,https://t.freetv.fun/live/jing-ji-ke-jiao-gao-qing-8.m3u8,,,,,溫州經濟科教,China,China,https://epg.pw/media/images/channel/2022/11/01/large/20221101015212417692_86.jpg,Other,,freetv-fun-all.txt
[BD]经济科教高清,https://t.freetv.fun/live/jing-ji-ke-jiao-gao-qing-10.m3u8,,,,,溫州經濟科教,China,China,https://epg.pw/media/images/channel/2022/11/01/large/20221101015212417692_86.jpg,Other,,freetv-fun-all.txt
[BD]经济科教高清,https://t.freetv.fun/live/jing-ji-ke-jiao-gao-qing-16.m3u8,,,,,溫州經濟科教,China,China,https://epg.pw/media/images/channel/2022/11/01/large/20221101015212417692_86.jpg,Other,,freetv-fun-all.txt
[BD]潮州综合高清,https://t.freetv.fun/live/chao-zhou-zong-he-gao-qing.m3u8,,,,,潮州綜合,China,China,https://epg.pw/media/images/channel/2023/10/07/large/20231007174220816419_38.jpg,Generic,,freetv-fun-all.txt
[BD]潮州综合高清,https://t.freetv.fun/live/chao-zhou-zong-he-gao-qing-1.m3u8,,,,,潮州綜合,China,China,https://epg.pw/media/images/channel/2023/10/07/large/20231007174220816419_38.jpg,Generic,,freetv-fun-all.txt
[BD]潮州综合高清,https://t.freetv.fun/live/chao-zhou-zong-he-gao-qing-3.m3u8,,,,,潮州綜合,China,China,https://epg.pw/media/images/channel/2023/10/07/large/20231007174220816419_38.jpg,Generic,,freetv-fun-all.txt
[BD]潮州综合高清,https://t.freetv.fun/live/chao-zhou-zong-he-gao-qing-4.m3u8,,,,,潮州綜合,China,China,https://epg.pw/media/images/channel/2023/10/07/large/20231007174220816419_38.jpg,Generic,,freetv-fun-all.txt
[BD]潮州综合高清,https://t.freetv.fun/live/chao-zhou-zong-he-gao-qing-5.m3u8,,,,,潮州綜合,China,China,https://epg.pw/media/images/channel/2023/10/07/large/20231007174220816419_38.jpg,Generic,,freetv-fun-all.txt
[BD]潮州综合高清,https://t.freetv.fun/live/chao-zhou-zong-he-gao-qing-6.m3u8,,,,,潮州綜合,China,China,https://epg.pw/media/images/channel/2023/10/07/large/20231007174220816419_38.jpg,Generic,,freetv-fun-all.txt
[BD]潮州综合高清,https://t.freetv.fun/live/chao-zhou-zong-he-gao-qing-7.m3u8,,,,,潮州綜合,China,China,https://epg.pw/media/images/channel/2023/10/07/large/20231007174220816419_38.jpg,Generic,,freetv-fun-all.txt
[BD]潮州综合高清,https://t.freetv.fun/live/chao-zhou-zong-he-gao-qing-9.m3u8,,,,,潮州綜合,China,China,https://epg.pw/media/images/channel/2023/10/07/large/20231007174220816419_38.jpg,Generic,,freetv-fun-all.txt
[BD]潮州综合高清,https://t.freetv.fun/live/chao-zhou-zong-he-gao-qing-11.m3u8,,,,,潮州綜合,China,China,https://epg.pw/media/images/channel/2023/10/07/large/20231007174220816419_38.jpg,Generic,,freetv-fun-all.txt
[BD]潮州综合高清,https://t.freetv.fun/live/chao-zhou-zong-he-gao-qing-14.m3u8,,,,,潮州綜合,China,China,https://epg.pw/media/images/channel/2023/10/07/large/20231007174220816419_38.jpg,Generic,,freetv-fun-all.txt
[BD]潮州综合高清,https://t.freetv.fun/live/chao-zhou-zong-he-gao-qing-15.m3u8,,,,,潮州綜合,China,China,https://epg.pw/media/images/channel/2023/10/07/large/20231007174220816419_38.jpg,Generic,,freetv-fun-all.txt
[BD]澳视澳门,https://t.freetv.fun/live/ao-shi-ao-men.m3u8,,,,,澳視澳門,Macao,Macao,https://epg.pw/media/images/channel/2016/07/19/large/20160719142956282911_66.png,Generic,,freetv-fun-all.txt
[BD]澳门综艺,https://t.freetv.fun/live/ao-men-zong-yi.m3u8,,,,,澳視綜藝,Macao,Macao,https://epg.pw/media/images/channel/2022/05/21/large/20220521133414352048_88.jpg,Entertainment,,freetv-fun-all.txt
[BD]澳门MACAU,https://t.freetv.fun/live/ao-men-macau-1.m3u8,,,,,澳門MACAU,Macao,Macao,https://epg.pw/media/images/channel/2022/05/21/large/20220521144701785913_98.jpeg,Entertainment,,freetv-fun-all.txt
[BD]澳门体育,https://t.freetv.fun/live/ao-men-ti-yu.m3u8,,,,,澳門體育,Macao,Macao,https://epg.pw/media/images/channel/2026/02/16/large/20260216123438507988_21.png,Sports,,freetv-fun-all.txt
[BD]无线新闻,https://t.freetv.fun/live/wu-xian-xin-wen.m3u8,,,,368363,無線新聞台,Hong Kong,Hong Kong,https://epg.pw/media/images/channel/2023/07/20/large/20230720192239085500_67.png,News,,freetv-fun-all.txt
[SD]甘肃卫视,https://t.freetv.fun/live/gan-su-wei-shi-1.m3u8,,,,,甘肅衛視,China,China,https://epg.pw/media/images/channel/2022/05/31/large/20220531224357857126_28.jpg,Generic,,freetv-fun-all.txt
[BD]甘肃卫视,https://t.freetv.fun/live/gan-su-wei-shi-9.m3u8,,,,,甘肅衛視,China,China,https://epg.pw/media/images/channel/2022/05/31/large/20220531224357857126_28.jpg,Generic,,freetv-fun-all.txt
[BD]甘肃卫视,https://t.freetv.fun/live/gan-su-wei-shi.m3u8,,,,,甘肅衛視,China,China,https://epg.pw/media/images/channel/2022/05/31/large/20220531224357857126_28.jpg,Generic,,freetv-fun-all.txt
[BD]甘肃卫视,https://t.freetv.fun/live/gan-su-wei-shi-6.m3u8,,,,,甘肅衛視,China,China,https://epg.pw/media/images/channel/2022/05/31/large/20220531224357857126_28.jpg,Generic,,freetv-fun-all.txt
[SD]甘肃卫视,https://t.freetv.fun/live/gan-su-wei-shi-12.m3u8,,,,,甘肅衛視,China,China,https://epg.pw/media/images/channel/2022/05/31/large/20220531224357857126_28.jpg,Generic,,freetv-fun-all.txt
[SD]甘肃卫视,https://t.freetv.fun/live/gan-su-wei-shi-14.m3u8,,,,,甘肅衛視,China,China,https://epg.pw/media/images/channel/2022/05/31/large/20220531224357857126_28.jpg,Generic,,freetv-fun-all.txt
[SD]甘肃卫视,https://t.freetv.fun/live/gan-su-wei-shi-18.m3u8,,,,,甘肅衛視,China,China,https://epg.pw/media/images/channel/2022/05/31/large/20220531224357857126_28.jpg,Generic,,freetv-fun-all.txt
[BD]甘肃卫视,https://t.freetv.fun/live/gan-su-wei-shi-5.m3u8,,,,,甘肅衛視,China,China,https://epg.pw/media/images/channel/2022/05/31/large/20220531224357857126_28.jpg,Generic,,freetv-fun-all.txt
[BD]甘肃卫视,https://t.freetv.fun/live/gan-su-wei-shi-2.m3u8,,,,,甘肅衛視,China,China,https://epg.pw/media/images/channel/2022/05/31/large/20220531224357857126_28.jpg,Generic,,freetv-fun-all.txt
[HD]甘肃卫视,https://t.freetv.fun/live/gan-su-wei-shi-3.m3u8,,,,,甘肅衛視,China,China,https://epg.pw/media/images/channel/2022/05/31/large/20220531224357857126_28.jpg,Generic,,freetv-fun-all.txt
[SD]甘肃卫视,https://t.freetv.fun/live/gan-su-wei-shi-4.m3u8,,,,,甘肅衛視,China,China,https://epg.pw/media/images/channel/2022/05/31/large/20220531224357857126_28.jpg,Generic,,freetv-fun-all.txt
[BD]甘肃卫视,https://t.freetv.fun/live/gan-su-wei-shi-7.m3u8,,,,,甘肅衛視,China,China,https://epg.pw/media/images/channel/2022/05/31/large/20220531224357857126_28.jpg,Generic,,freetv-fun-all.txt
[SD]甘肃卫视,https://t.freetv.fun/live/gan-su-wei-shi-8.m3u8,,,,,甘肅衛視,China,China,https://epg.pw/media/images/channel/2022/05/31/large/20220531224357857126_28.jpg,Generic,,freetv-fun-all.txt
[SD]甘肃卫视,https://t.freetv.fun/live/gan-su-wei-shi-10.m3u8,,,,,甘肅衛視,China,China,https://epg.pw/media/images/channel/2022/05/31/large/20220531224357857126_28.jpg,Generic,,freetv-fun-all.txt
[SD]甘肃卫视,https://t.freetv.fun/live/gan-su-wei-shi-11.m3u8,,,,,甘肅衛視,China,China,https://epg.pw/media/images/channel/2022/05/31/large/20220531224357857126_28.jpg,Generic,,freetv-fun-all.txt
[HD]甘肃卫视,https://t.freetv.fun/live/gan-su-wei-shi-13.m3u8,,,,,甘肅衛視,China,China,https://epg.pw/media/images/channel/2022/05/31/large/20220531224357857126_28.jpg,Generic,,freetv-fun-all.txt
[SD]生活时尚,https://t.freetv.fun/live/sheng-huo-shi-shang-1.m3u8,,,,,生活時尚,China,China,https://epg.pw/media/images/channel/2024/10/29/large/20241029102325633689_90.png,Generic,,freetv-fun-all.txt
[BD]生活时尚,https://t.freetv.fun/live/sheng-huo-shi-shang-2.m3u8,,,,,生活時尚,China,China,https://epg.pw/media/images/channel/2024/10/29/large/20241029102325633689_90.png,Generic,,freetv-fun-all.txt
[HD]眉山丹棱综合,https://t.freetv.fun/live/mei-shan-dan-leng-zong-he.m3u8,,,,,眉山綜合,China,China,https://epg.pw/media/images/channel/2023/07/22/large/20230722142014558122_43.png,Generic,,freetv-fun-all.txt
[BD]第一财经,https://t.freetv.fun/live/di-yi-cai-jing.m3u8,,,,,第一財經,China,China,https://epg.pw/media/images/channel/2024/07/28/large/20240728160727801389_11.png,News,,freetv-fun-all.txt
[VGA]上海第一财经,https://t.freetv.fun/live/shang-hai-di-yi-cai-jing.m3u8,,,,,第一財經,China,China,https://epg.pw/media/images/channel/2024/07/28/large/20240728160727801389_11.png,News,,freetv-fun-all.txt
[SD]第一财经,https://t.freetv.fun/live/di-yi-cai-jing-1.m3u8,,,,,第一財經,China,China,https://epg.pw/media/images/channel/2024/07/28/large/20240728160727801389_11.png,News,,freetv-fun-all.txt
[BD]第一财经,https://t.freetv.fun/live/di-yi-cai-jing-2.m3u8,,,,,第一財經,China,China,https://epg.pw/media/images/channel/2024/07/28/large/20240728160727801389_11.png,News,,freetv-fun-all.txt
[BD]第一财经,https://t.freetv.fun/live/di-yi-cai-jing-3.m3u8,,,,,第一財經,China,China,https://epg.pw/media/images/channel/2024/07/28/large/20240728160727801389_11.png,News,,freetv-fun-all.txt
[HD]绍兴公共频道,https://t.freetv.fun/live/shao-xing-gong-gong-pin-dao-1.m3u8,,,,,紹興公共,China,China,https://epg.pw/media/images/channel/2022/11/01/large/20221101015600126561_54.jpg,Generic,,freetv-fun-all.txt
[SD]绍兴公共,https://t.freetv.fun/live/shao-xing-gong-gong-1.m3u8,,,,,紹興公共,China,China,https://epg.pw/media/img/logo/2_113.jpg,Other,,freetv-fun-all.txt
[HD]绍兴文化影院,https://t.freetv.fun/live/shao-xing-wen-hua-ying-yuan-1.m3u8,,,,,紹興文化影視,China,China,https://epg.pw/media/images/channel/2022/11/01/large/20221101015640865496_66.jpg,Movies,,freetv-fun-all.txt
[HD]绍兴文化影视,https://t.freetv.fun/live/shao-xing-wen-hua-ying-shi-1.m3u8,,,,,紹興文化影視,China,China,https://epg.pw/media/images/channel/2022/11/01/large/20221101015640865496_66.jpg,Movies,,freetv-fun-all.txt
[VGA]文化影视,https://t.freetv.fun/live/wen-hua-ying-shi.m3u8,,,,,紹興文化影視,China,China,https://epg.pw/media/images/channel/2022/11/01/large/20221101015640865496_66.jpg,Movies,,freetv-fun-all.txt
[HD]绍兴文化影院,https://t.freetv.fun/live/shao-xing-wen-hua-ying-yuan-2.m3u8,,,,,紹興文化影視,China,China,https://epg.pw/media/images/channel/2022/11/01/large/20221101015640865496_66.jpg,Movies,,freetv-fun-all.txt
[VGA]浙江｜绍兴文化影视,https://t.freetv.fun/live/zhe-jiang-shao-xing-wen-hua-ying-shi.m3u8,,,,,紹興文化影視,China,China,https://epg.pw/media/images/channel/2022/11/01/large/20221101015640865496_66.jpg,Movies,,freetv-fun-all.txt
[SD]绍兴新闻综合,https://t.freetv.fun/live/shao-xing-xin-wen-zong-he-1-1.m3u8,,,,,紹興新聞綜合,China,China,https://epg.pw/media/img/logo/3_24.jpg,Movies,,freetv-fun-all.txt
[SD]绍兴新闻,https://t.freetv.fun/live/shao-xing-xin-wen.m3u8,,,,,紹興新聞綜合,China,China,https://epg.pw/media/images/channel/2022/11/01/large/20221101015527100932_41.jpg,News,,freetv-fun-all.txt
[BD]翡翠,https://t.freetv.fun/live/fei-cui.php,,,,368366,翡翠台,Hong Kong,Hong Kong,https://epg.pw/media/images/channel/2023/07/20/large/20230720173151124119_90.png,Generic,,freetv-fun-all.txt
[HD]萧山新闻综合,https://t.freetv.fun/live/xiao-shan-xin-wen-zong-he-2.m3u8,,,,,舟山新聞綜合,China,China,https://epg.pw/media/images/channel/2022/11/01/large/20221101021019292176_54.jpg,News,,freetv-fun-all.txt
[HD]浙江|萧山新闻综合,https://t.freetv.fun/live/zhe-jiang-xiao-shan-xin-wen-zong-he.m3u8,,,,,舟山新聞綜合,China,China,https://epg.pw/media/images/channel/2022/11/01/large/20221101021019292176_54.jpg,News,,freetv-fun-all.txt
[BD]荆门新闻综合,https://t.freetv.fun/live/jing-men-xin-wen-zong-he.m3u8,,,,,荊州新聞綜合,China,China,https://epg.pw/media/images/channel/2022/10/31/large/20221031230159254376_46.jpg,News,,freetv-fun-all.txt
[BD]荆门新闻综合,https://t.freetv.fun/live/jing-men-xin-wen-zong-he-1-1.m3u8,,,,,荊州新聞綜合,China,China,https://epg.pw/media/images/channel/2022/10/31/large/20221031230159254376_46.jpg,News,,freetv-fun-all.txt
[VGA]荆门新闻综合,https://t.freetv.fun/live/jing-men-xin-wen-zong-he-4.m3u8,,,,,荊州新聞綜合,China,China,https://epg.pw/media/images/channel/2022/10/31/large/20221031230159254376_46.jpg,News,,freetv-fun-all.txt
[BD]荆门新闻综合,https://t.freetv.fun/live/jing-men-xin-wen-zong-he-5.m3u8,,,,,荊州新聞綜合,China,China,https://epg.pw/media/images/channel/2022/10/31/large/20221031230159254376_46.jpg,News,,freetv-fun-all.txt
[HD]苏州电影娱乐信息,https://t.freetv.fun/live/su-zhou-dian-ying-yu-le-xin-xi.m3u8,,,,,蘇州電影娛樂,China,China,https://epg.pw/media/images/channel/2022/11/01/large/20221101022222053424_96.jpg,Movies,,freetv-fun-all.txt
[VGA]苏州娱乐,https://t.freetv.fun/live/su-zhou-yu-le.m3u8,,,,,蘇州電影娛樂,China,China,https://epg.pw/media/images/channel/2022/11/01/large/20221101022222053424_96.jpg,Movies,,freetv-fun-all.txt
[HD]兰溪新闻综合,https://t.freetv.fun/live/lan-xi-xin-wen-zong-he.m3u8,,,,,蘭州新聞綜合,China,China,https://epg.pw/media/images/channel/2021/10/07/large/20211007160952022833_53.png,News,,freetv-fun-all.txt
[SD]西安都市,https://t.freetv.fun/live/xi-an-du-shi.m3u8,,,,,西安白鴿都市,China,China,https://epg.pw/media/img/logo/3_56.jpg,Other,,freetv-fun-all.txt
[VGA]西安都市,https://t.freetv.fun/live/xi-an-du-shi-2.m3u8,,,,,西安白鴿都市,China,China,https://epg.pw/media/img/logo/3_56.jpg,Other,,freetv-fun-all.txt
[BD]西宁新闻综合频道,https://t.freetv.fun/live/xi-zhu-xin-wen-zong-he-pin-dao.m3u8,,,,,西寧新聞綜合,China,China,https://epg.pw/media/images/channel/2022/05/31/large/20220531230922691320_46.jpg,News,,freetv-fun-all.txt
[BD]西藏卫视,https://t.freetv.fun/live/xi-cang-wei-shi-5.m3u8,,,,,西藏衛視,China,China,https://epg.pw/media/images/channel/2022/05/31/large/20220531231110733151_44.jpg,Generic,,freetv-fun-all.txt
[SD]西藏卫视,https://t.freetv.fun/live/xi-cang-wei-shi-6.m3u8,,,,,西藏衛視,China,China,https://epg.pw/media/images/channel/2022/05/31/large/20220531231110733151_44.jpg,Generic,,freetv-fun-all.txt
[BD]西藏卫视,https://t.freetv.fun/live/xi-cang-wei-shi-10.m3u8,,,,,西藏衛視,China,China,https://epg.pw/media/images/channel/2022/05/31/large/20220531231110733151_44.jpg,Generic,,freetv-fun-all.txt
[BD]西藏卫视,https://t.freetv.fun/live/xi-cang-wei-shi-2.m3u8,,,,,西藏衛視,China,China,https://epg.pw/media/images/channel/2022/05/31/large/20220531231110733151_44.jpg,Generic,,freetv-fun-all.txt
[BD]西藏卫视,https://t.freetv.fun/live/xi-cang-wei-shi-4.m3u8,,,,,西藏衛視,China,China,https://epg.pw/media/images/channel/2022/05/31/large/20220531231110733151_44.jpg,Generic,,freetv-fun-all.txt
[SD]西藏卫视,https://t.freetv.fun/live/xi-cang-wei-shi.m3u8,,,,,西藏衛視,China,China,https://epg.pw/media/images/channel/2022/05/31/large/20220531231110733151_44.jpg,Generic,,freetv-fun-all.txt
[BD]西藏卫视,https://t.freetv.fun/live/xi-cang-wei-shi-1.m3u8,,,,,西藏衛視,China,China,https://epg.pw/media/images/channel/2022/05/31/large/20220531231110733151_44.jpg,Generic,,freetv-fun-all.txt
[BD]西藏卫视,https://t.freetv.fun/live/xi-cang-wei-shi-3.m3u8,,,,,西藏衛視,China,China,https://epg.pw/media/images/channel/2022/05/31/large/20220531231110733151_44.jpg,Generic,,freetv-fun-all.txt
[SD]西藏卫视,https://t.freetv.fun/live/xi-cang-wei-shi-8.m3u8,,,,,西藏衛視,China,China,https://epg.pw/media/images/channel/2022/05/31/large/20220531231110733151_44.jpg,Generic,,freetv-fun-all.txt
[BD]西藏卫视,https://t.freetv.fun/live/xi-cang-wei-shi-9.m3u8,,,,,西藏衛視,China,China,https://epg.pw/media/images/channel/2022/05/31/large/20220531231110733151_44.jpg,Generic,,freetv-fun-all.txt
[BD]西藏卫视,https://t.freetv.fun/live/xi-cang-wei-shi-15.m3u8,,,,,西藏衛視,China,China,https://epg.pw/media/images/channel/2022/05/31/large/20220531231110733151_44.jpg,Generic,,freetv-fun-all.txt
[BD]西藏卫视,https://t.freetv.fun/live/xi-cang-wei-shi-17.m3u8,,,,,西藏衛視,China,China,https://epg.pw/media/images/channel/2022/05/31/large/20220531231110733151_44.jpg,Generic,,freetv-fun-all.txt
[HD]贵州卫视,https://t.freetv.fun/live/gui-zhou-wei-shi-1.m3u8,,,,,貴州衛視,China,China,https://epg.pw/media/images/channel/2022/05/31/large/20220531144236171971_20.jpg,Generic,,freetv-fun-all.txt
[BD]贵州卫视,https://t.freetv.fun/live/gui-zhou-wei-shi-2.m3u8,,,,,貴州衛視,China,China,https://epg.pw/media/images/channel/2022/05/31/large/20220531144236171971_20.jpg,Generic,,freetv-fun-all.txt
[BD]贵州卫视,https://t.freetv.fun/live/gui-zhou-wei-shi-3.m3u8,,,,,貴州衛視,China,China,https://epg.pw/media/images/channel/2022/05/31/large/20220531144236171971_20.jpg,Generic,,freetv-fun-all.txt
[HD]贵州卫视,https://t.freetv.fun/live/gui-zhou-wei-shi-4.m3u8,,,,,貴州衛視,China,China,https://epg.pw/media/images/channel/2022/05/31/large/20220531144236171971_20.jpg,Generic,,freetv-fun-all.txt
[BD]贵州卫视,https://t.freetv.fun/live/gui-zhou-wei-shi-5.m3u8,,,,,貴州衛視,China,China,https://epg.pw/media/images/channel/2022/05/31/large/20220531144236171971_20.jpg,Generic,,freetv-fun-all.txt
[SD]贵州卫视,https://t.freetv.fun/live/gui-zhou-wei-shi-18.m3u8,,,,,貴州衛視,China,China,https://epg.pw/media/images/channel/2022/05/31/large/20220531144236171971_20.jpg,Generic,,freetv-fun-all.txt
[BD]贵州卫视,https://t.freetv.fun/live/gui-zhou-wei-shi-16.m3u8,,,,,貴州衛視,China,China,https://epg.pw/media/images/channel/2022/05/31/large/20220531144236171971_20.jpg,Generic,,freetv-fun-all.txt
[BD]贵州卫视,https://t.freetv.fun/live/gui-zhou-wei-shi-27.m3u8,,,,,貴州衛視,China,China,https://epg.pw/media/images/channel/2022/05/31/large/20220531144236171971_20.jpg,Generic,,freetv-fun-all.txt
[HD]贵州卫视,https://t.freetv.fun/live/gui-zhou-wei-shi.m3u8,,,,,貴州衛視,China,China,https://epg.pw/media/images/channel/2022/05/31/large/20220531144236171971_20.jpg,Generic,,freetv-fun-all.txt
[BD]贵州卫视,https://t.freetv.fun/live/gui-zhou-wei-shi-6.m3u8,,,,,貴州衛視,China,China,https://epg.pw/media/images/channel/2022/05/31/large/20220531144236171971_20.jpg,Generic,,freetv-fun-all.txt
[BD]贵州卫视,https://t.freetv.fun/live/gui-zhou-wei-shi-8.m3u8,,,,,貴州衛視,China,China,https://epg.pw/media/images/channel/2022/05/31/large/20220531144236171971_20.jpg,Generic,,freetv-fun-all.txt
[HD]贵州卫视,https://t.freetv.fun/live/gui-zhou-wei-shi-9.m3u8,,,,,貴州衛視,China,China,https://epg.pw/media/images/channel/2022/05/31/large/20220531144236171971_20.jpg,Generic,,freetv-fun-all.txt
[SD]贵州卫视,https://t.freetv.fun/live/gui-zhou-wei-shi-10.m3u8,,,,,貴州衛視,China,China,https://epg.pw/media/images/channel/2022/05/31/large/20220531144236171971_20.jpg,Generic,,freetv-fun-all.txt
[SD]贵州卫视,https://t.freetv.fun/live/gui-zhou-wei-shi-11.m3u8,,,,,貴州衛視,China,China,https://epg.pw/media/images/channel/2022/05/31/large/20220531144236171971_20.jpg,Generic,,freetv-fun-all.txt
[BD]贵州卫视,https://t.freetv.fun/live/gui-zhou-wei-shi-12.m3u8,,,,,貴州衛視,China,China,https://epg.pw/media/images/channel/2022/05/31/large/20220531144236171971_20.jpg,Generic,,freetv-fun-all.txt
[SD]贵州卫视,https://t.freetv.fun/live/gui-zhou-wei-shi-13.m3u8,,,,,貴州衛視,China,China,https://epg.pw/media/images/channel/2022/05/31/large/20220531144236171971_20.jpg,Generic,,freetv-fun-all.txt
[BD]贵州卫视,https://t.freetv.fun/live/gui-zhou-wei-shi-14.m3u8,,,,,貴州衛視,China,China,https://epg.pw/media/images/channel/2022/05/31/large/20220531144236171971_20.jpg,Generic,,freetv-fun-all.txt
[SD]贵州卫视,https://t.freetv.fun/live/gui-zhou-wei-shi-15.m3u8,,,,,貴州衛視,China,China,https://epg.pw/media/images/channel/2022/05/31/large/20220531144236171971_20.jpg,Generic,,freetv-fun-all.txt
[SD]贵州卫视,https://t.freetv.fun/live/gui-zhou-wei-shi-17.m3u8,,,,,貴州衛視,China,China,https://epg.pw/media/images/channel/2022/05/31/large/20220531144236171971_20.jpg,Generic,,freetv-fun-all.txt
[BD]贵州卫视,https://t.freetv.fun/live/gui-zhou-wei-shi-19.m3u8,,,,,貴州衛視,China,China,https://epg.pw/media/images/channel/2022/05/31/large/20220531144236171971_20.jpg,Generic,,freetv-fun-all.txt
[SD]贵州卫视,https://t.freetv.fun/live/gui-zhou-wei-shi-20.m3u8,,,,,貴州衛視,China,China,https://epg.pw/media/images/channel/2022/05/31/large/20220531144236171971_20.jpg,Generic,,freetv-fun-all.txt
[BD]贵州卫视,https://t.freetv.fun/live/gui-zhou-wei-shi-23.m3u8,,,,,貴州衛視,China,China,https://epg.pw/media/images/channel/2022/05/31/large/20220531144236171971_20.jpg,Generic,,freetv-fun-all.txt
[SD]贵州卫视,https://t.freetv.fun/live/gui-zhou-wei-shi-28.m3u8,,,,,貴州衛視,China,China,https://epg.pw/media/images/channel/2022/05/31/large/20220531144236171971_20.jpg,Generic,,freetv-fun-all.txt
[BD]贵州卫视,https://t.freetv.fun/live/gui-zhou-wei-shi-29.m3u8,,,,,貴州衛視,China,China,https://epg.pw/media/images/channel/2022/05/31/large/20220531144236171971_20.jpg,Generic,,freetv-fun-all.txt
[BD]辽宁公共,https://t.freetv.fun/live/liao-zhu-gong-gong.m3u8,,,,,遼寧公共,China,China,https://epg.pw/media/images/channel/2022/05/31/large/20220531155932261297_92.jpg,Generic,,freetv-fun-all.txt
[BD]辽宁北方,https://t.freetv.fun/live/liao-zhu-bei-fang.m3u8,,,,,遼寧北方,China,China,https://epg.pw/media/images/channel/2022/05/31/large/20220531160050742564_64.jpg,Generic,,freetv-fun-all.txt
[BD]辽宁影视剧,https://t.freetv.fun/live/liao-zhu-ying-shi-ju.m3u8,,,,,遼寧影視劇,China,China,https://epg.pw/media/images/channel/2022/05/31/large/20220531160145390872_94.jpg,Movies,,freetv-fun-all.txt
[BD]辽宁生活,https://t.freetv.fun/live/liao-zhu-sheng-huo.m3u8,,,,,遼寧生活,China,China,https://epg.pw/media/images/channel/2022/05/31/large/20220531160328362491_96.jpg,Generic,,freetv-fun-all.txt
[BD]辽宁经济,https://t.freetv.fun/live/liao-zhu-jing-ji.m3u8,,,,,遼寧經濟,China,China,https://epg.pw/media/images/channel/2022/05/31/large/20220531224301396432_61.jpg,News,,freetv-fun-all.txt
[BD]辽宁卫视,https://t.freetv.fun/live/liao-zhu-wei-shi.m3u8,,,,,遼寧衛視,China,China,https://epg.pw/media/images/channel/2025/01/28/large/20250128060733782674_48.jpg,Generic,,freetv-fun-all.txt
[BD]辽宁卫视,https://t.freetv.fun/live/liao-zhu-wei-shi-1.m3u8,,,,,遼寧衛視,China,China,https://epg.pw/media/images/channel/2025/01/28/large/20250128060733782674_48.jpg,Generic,,freetv-fun-all.txt
[HD]辽宁卫视,https://t.freetv.fun/live/liao-zhu-wei-shi-2.m3u8,,,,,遼寧衛視,China,China,https://epg.pw/media/images/channel/2025/01/28/large/20250128060733782674_48.jpg,Generic,,freetv-fun-all.txt
[BD]辽宁卫视,https://t.freetv.fun/live/liao-zhu-wei-shi-7.m3u8,,,,,遼寧衛視,China,China,https://epg.pw/media/images/channel/2025/01/28/large/20250128060733782674_48.jpg,Generic,,freetv-fun-all.txt
[BD]辽宁卫视,https://t.freetv.fun/live/liao-zhu-wei-shi-9.m3u8,,,,,遼寧衛視,China,China,https://epg.pw/media/images/channel/2025/01/28/large/20250128060733782674_48.jpg,Generic,,freetv-fun-all.txt
[BD]辽宁卫视,https://t.freetv.fun/live/liao-zhu-wei-shi-12.m3u8,,,,,遼寧衛視,China,China,https://epg.pw/media/images/channel/2025/01/28/large/20250128060733782674_48.jpg,Generic,,freetv-fun-all.txt
[BD]辽宁卫视,https://t.freetv.fun/live/liao-zhu-wei-shi-14.m3u8,,,,,遼寧衛視,China,China,https://epg.pw/media/images/channel/2025/01/28/large/20250128060733782674_48.jpg,Generic,,freetv-fun-all.txt
[SD]辽宁卫视,https://t.freetv.fun/live/liao-zhu-wei-shi-16.php,,,,,遼寧衛視,China,China,https://epg.pw/media/images/channel/2025/01/28/large/20250128060733782674_48.jpg,Generic,,freetv-fun-all.txt
[SD]辽宁卫视,https://t.freetv.fun/live/liao-zhu-wei-shi-13.m3u8,,,,,遼寧衛視,China,China,https://epg.pw/media/images/channel/2025/01/28/large/20250128060733782674_48.jpg,Generic,,freetv-fun-all.txt
[BD]辽宁卫视,https://t.freetv.fun/live/liao-zhu-wei-shi-19.m3u8,,,,,遼寧衛視,China,China,https://epg.pw/media/images/channel/2025/01/28/large/20250128060733782674_48.jpg,Generic,,freetv-fun-all.txt
[VGA]辽宁卫视,https://t.freetv.fun/live/liao-zhu-wei-shi-3.m3u8,,,,,遼寧衛視,China,China,https://epg.pw/media/images/channel/2025/01/28/large/20250128060733782674_48.jpg,Generic,,freetv-fun-all.txt
[BD]辽宁卫视,https://t.freetv.fun/live/liao-zhu-wei-shi-5.m3u8,,,,,遼寧衛視,China,China,https://epg.pw/media/images/channel/2025/01/28/large/20250128060733782674_48.jpg,Generic,,freetv-fun-all.txt
[BD]辽宁卫视,https://t.freetv.fun/live/liao-zhu-wei-shi-15.m3u8,,,,,遼寧衛視,China,China,https://epg.pw/media/images/channel/2025/01/28/large/20250128060733782674_48.jpg,Generic,,freetv-fun-all.txt
[BD]辽宁卫视,https://t.freetv.fun/live/liao-zhu-wei-shi-4.m3u8,,,,,遼寧衛視,China,China,https://epg.pw/media/images/channel/2025/01/28/large/20250128060733782674_48.jpg,Generic,,freetv-fun-all.txt
[BD]辽宁卫视,https://t.freetv.fun/live/liao-zhu-wei-shi-6.m3u8,,,,,遼寧衛視,China,China,https://epg.pw/media/images/channel/2025/01/28/large/20250128060733782674_48.jpg,Generic,,freetv-fun-all.txt
[BD]辽宁卫视,https://t.freetv.fun/live/liao-zhu-wei-shi-8.m3u8,,,,,遼寧衛視,China,China,https://epg.pw/media/images/channel/2025/01/28/large/20250128060733782674_48.jpg,Generic,,freetv-fun-all.txt
[BD]辽宁卫视,https://t.freetv.fun/live/liao-zhu-wei-shi-10.m3u8,,,,,遼寧衛視,China,China,https://epg.pw/media/images/channel/2025/01/28/large/20250128060733782674_48.jpg,Generic,,freetv-fun-all.txt
[SD]辽宁卫视,https://t.freetv.fun/live/liao-zhu-wei-shi-11.m3u8,,,,,遼寧衛視,China,China,https://epg.pw/media/images/channel/2025/01/28/large/20250128060733782674_48.jpg,Generic,,freetv-fun-all.txt
[BD]辽宁卫视,https://t.freetv.fun/live/liao-zhu-wei-shi-17.m3u8,,,,,遼寧衛視,China,China,https://epg.pw/media/images/channel/2025/01/28/large/20250128060733782674_48.jpg,Generic,,freetv-fun-all.txt
[HD]辽宁卫视,https://t.freetv.fun/live/liao-zhu-wei-shi-18.m3u8,,,,,遼寧衛視,China,China,https://epg.pw/media/images/channel/2025/01/28/large/20250128060733782674_48.jpg,Generic,,freetv-fun-all.txt
[BD]辽宁卫视,https://t.freetv.fun/live/liao-zhu-wei-shi-20.m3u8,,,,,遼寧衛視,China,China,https://epg.pw/media/images/channel/2025/01/28/large/20250128060733782674_48.jpg,Generic,,freetv-fun-all.txt
[BD]辽宁卫视,https://t.freetv.fun/live/liao-zhu-wei-shi-23.m3u8,,,,,遼寧衛視,China,China,https://epg.pw/media/images/channel/2025/01/28/large/20250128060733782674_48.jpg,Generic,,freetv-fun-all.txt
[BD]辽宁都市,https://t.freetv.fun/live/liao-zhu-du-shi.m3u8,,,,,遼寧都市,China,China,https://epg.pw/media/images/channel/2022/05/31/large/20220531160427828013_65.jpg,Generic,,freetv-fun-all.txt
[HD]邢台生活,https://t.freetv.fun/live/xing-tai-sheng-huo.m3u8,,,,,邢臺經濟生活,China,China,https://epg.pw/media/img/logo/3_368.jpg,Other,,freetv-fun-all.txt
[HD]邢台综合,https://t.freetv.fun/live/xing-tai-zong-he-2.m3u8,,,,,邢臺綜合,China,China,https://epg.pw/media/images/channel/2022/10/31/large/20221031233706366035_78.jpg,Generic,,freetv-fun-all.txt
[HD]重庆卫视,https://t.freetv.fun/live/zhong-qing-wei-shi-1.m3u8,,,,,重慶衛視,China,China,https://epg.pw/media/images/channel/2024/03/11/large/20240311111314058451_54.png,Generic,,freetv-fun-all.txt
[BD]重庆卫视,https://t.freetv.fun/live/zhong-qing-wei-shi-4.m3u8,,,,,重慶衛視,China,China,https://epg.pw/media/images/channel/2024/03/11/large/20240311111314058451_54.png,Generic,,freetv-fun-all.txt
[BD]重庆卫视,https://t.freetv.fun/live/zhong-qing-wei-shi-11.m3u8,,,,,重慶衛視,China,China,https://epg.pw/media/images/channel/2024/03/11/large/20240311111314058451_54.png,Generic,,freetv-fun-all.txt
[BD]重庆卫视,https://t.freetv.fun/live/zhong-qing-wei-shi.m3u8,,,,,重慶衛視,China,China,https://epg.pw/media/images/channel/2024/03/11/large/20240311111314058451_54.png,Generic,,freetv-fun-all.txt
[BD]重庆卫视,https://t.freetv.fun/live/zhong-qing-wei-shi-10.m3u8,,,,,重慶衛視,China,China,https://epg.pw/media/images/channel/2024/03/11/large/20240311111314058451_54.png,Generic,,freetv-fun-all.txt
[BD]重庆卫视,https://t.freetv.fun/live/zhong-qing-wei-shi-2.m3u8,,,,,重慶衛視,China,China,https://epg.pw/media/images/channel/2024/03/11/large/20240311111314058451_54.png,Generic,,freetv-fun-all.txt
[SD]重庆卫视,https://t.freetv.fun/live/zhong-qing-wei-shi-3.m3u8,,,,,重慶衛視,China,China,https://epg.pw/media/images/channel/2024/03/11/large/20240311111314058451_54.png,Generic,,freetv-fun-all.txt
[SD]重庆卫视,https://t.freetv.fun/live/zhong-qing-wei-shi-5.m3u8,,,,,重慶衛視,China,China,https://epg.pw/media/images/channel/2024/03/11/large/20240311111314058451_54.png,Generic,,freetv-fun-all.txt
[BD]重庆卫视,https://t.freetv.fun/live/zhong-qing-wei-shi-6.m3u8,,,,,重慶衛視,China,China,https://epg.pw/media/images/channel/2024/03/11/large/20240311111314058451_54.png,Generic,,freetv-fun-all.txt
[SD]重庆卫视,https://t.freetv.fun/live/zhong-qing-wei-shi-7.m3u8,,,,,重慶衛視,China,China,https://epg.pw/media/images/channel/2024/03/11/large/20240311111314058451_54.png,Generic,,freetv-fun-all.txt
[BD]重庆卫视,https://t.freetv.fun/live/zhong-qing-wei-shi-8.m3u8,,,,,重慶衛視,China,China,https://epg.pw/media/images/channel/2024/03/11/large/20240311111314058451_54.png,Generic,,freetv-fun-all.txt
[SD]重庆卫视,https://t.freetv.fun/live/zhong-qing-wei-shi-9.m3u8,,,,,重慶衛視,China,China,https://epg.pw/media/images/channel/2024/03/11/large/20240311111314058451_54.png,Generic,,freetv-fun-all.txt
[BD]重庆卫视,https://t.freetv.fun/live/zhong-qing-wei-shi-13.m3u8,,,,,重慶衛視,China,China,https://epg.pw/media/images/channel/2024/03/11/large/20240311111314058451_54.png,Generic,,freetv-fun-all.txt
[SD]重庆卫视,https://t.freetv.fun/live/zhong-qing-wei-shi-14.m3u8,,,,,重慶衛視,China,China,https://epg.pw/media/images/channel/2024/03/11/large/20240311111314058451_54.png,Generic,,freetv-fun-all.txt
[BD]重庆卫视,https://t.freetv.fun/live/zhong-qing-wei-shi-15.m3u8,,,,,重慶衛視,China,China,https://epg.pw/media/images/channel/2024/03/11/large/20240311111314058451_54.png,Generic,,freetv-fun-all.txt
[BD]重庆卫视,https://t.freetv.fun/live/zhong-qing-wei-shi-19.m3u8,,,,,重慶衛視,China,China,https://epg.pw/media/images/channel/2024/03/11/large/20240311111314058451_54.png,Generic,,freetv-fun-all.txt
[SD]重庆卫视,https://t.freetv.fun/live/zhong-qing-wei-shi-20.m3u8,,,,,重慶衛視,China,China,https://epg.pw/media/images/channel/2024/03/11/large/20240311111314058451_54.png,Generic,,freetv-fun-all.txt
[BD]重庆卫视,https://t.freetv.fun/live/zhong-qing-wei-shi-23.m3u8,,,,,重慶衛視,China,China,https://epg.pw/media/images/channel/2024/03/11/large/20240311111314058451_54.png,Generic,,freetv-fun-all.txt
[VGA]重庆卫视,https://t.freetv.fun/live/zhong-qing-wei-shi-28.m3u8,,,,,重慶衛視,China,China,https://epg.pw/media/images/channel/2024/03/11/large/20240311111314058451_54.png,Generic,,freetv-fun-all.txt
[BD]金川新闻综合,https://t.freetv.fun/live/jin-chuan-xin-wen-zong-he.m3u8,,,,,金華新聞綜合,China,China,https://epg.pw/media/images/channel/2022/11/01/large/20221101020503465691_84.jpg,News,,freetv-fun-all.txt
[BD]金川新闻综合,https://t.freetv.fun/live/jin-chuan-xin-wen-zong-he-2.m3u8,,,,,金華新聞綜合,China,China,https://epg.pw/media/images/channel/2022/11/01/large/20221101020503465691_84.jpg,News,,freetv-fun-all.txt
[SD]金鹰卡通,https://t.freetv.fun/live/jin-ying-qia-tong-2.m3u8,,,,,金鷹卡通,China,China,https://epg.pw/media/images/channel/2025/01/28/large/20250128060714767131_10.jpg,Kids,,freetv-fun-all.txt
[SD]金鹰卡通,https://t.freetv.fun/live/jin-ying-qia-tong-4.m3u8,,,,,金鷹卡通,China,China,https://epg.pw/media/images/channel/2025/01/28/large/20250128060714767131_10.jpg,Kids,,freetv-fun-all.txt
[BD]金鹰卡通,https://t.freetv.fun/live/jin-ying-qia-tong-5.m3u8,,,,,金鷹卡通,China,China,https://epg.pw/media/images/channel/2025/01/28/large/20250128060714767131_10.jpg,Kids,,freetv-fun-all.txt
[BD]金鹰卡通,https://t.freetv.fun/live/jin-ying-qia-tong-9.m3u8,,,,,金鷹卡通,China,China,https://epg.pw/media/images/channel/2025/01/28/large/20250128060714767131_10.jpg,Kids,,freetv-fun-all.txt
[SD]金鹰卡通,https://t.freetv.fun/live/jin-ying-qia-tong-3.m3u8,,,,,金鷹卡通,China,China,https://epg.pw/media/images/channel/2025/01/28/large/20250128060714767131_10.jpg,Kids,,freetv-fun-all.txt
[SD]金鹰卡通,https://t.freetv.fun/live/jin-ying-qia-tong-7.m3u8,,,,,金鷹卡通,China,China,https://epg.pw/media/images/channel/2025/01/28/large/20250128060714767131_10.jpg,Kids,,freetv-fun-all.txt
[BD]金鹰卡通,https://t.freetv.fun/live/jin-ying-qia-tong-8.m3u8,,,,,金鷹卡通,China,China,https://epg.pw/media/images/channel/2025/01/28/large/20250128060714767131_10.jpg,Kids,,freetv-fun-all.txt
[SD]金鹰卡通,https://t.freetv.fun/live/jin-ying-qia-tong-11.m3u8,,,,,金鷹卡通,China,China,https://epg.pw/media/images/channel/2025/01/28/large/20250128060714767131_10.jpg,Kids,,freetv-fun-all.txt
[BD]金鹰纪实,https://t.freetv.fun/live/jin-ying-ji-shi-1.m3u8,,,,,金鷹紀實,China,China,https://epg.pw/media/images/channel/2023/06/05/large/20230605010658568388_25.jpg,Knowledge,,freetv-fun-all.txt
[BD]金鹰纪实,https://t.freetv.fun/live/jin-ying-ji-shi-2.m3u8,,,,,金鷹紀實,China,China,https://epg.pw/media/images/channel/2023/06/05/large/20230605010658568388_25.jpg,Knowledge,,freetv-fun-all.txt
[BD]金鹰纪实,https://t.freetv.fun/live/jin-ying-ji-shi-3.m3u8,,,,,金鷹紀實,China,China,https://epg.pw/media/images/channel/2023/06/05/large/20230605010658568388_25.jpg,Knowledge,,freetv-fun-all.txt
[BD]金鹰纪实,https://t.freetv.fun/live/jin-ying-ji-shi-4.m3u8,,,,,金鷹紀實,China,China,https://epg.pw/media/images/channel/2023/06/05/large/20230605010658568388_25.jpg,Knowledge,,freetv-fun-all.txt
[BD]金鹰纪实,https://t.freetv.fun/live/jin-ying-ji-shi-5.m3u8,,,,,金鷹紀實,China,China,https://epg.pw/media/images/channel/2023/06/05/large/20230605010658568388_25.jpg,Knowledge,,freetv-fun-all.txt
[BD]金鹰纪实,https://t.freetv.fun/live/jin-ying-ji-shi-6.m3u8,,,,,金鷹紀實,China,China,https://epg.pw/media/images/channel/2023/06/05/large/20230605010658568388_25.jpg,Knowledge,,freetv-fun-all.txt
[BD]金鹰纪实,https://t.freetv.fun/live/jin-ying-ji-shi-8.m3u8,,,,,金鷹紀實,China,China,https://epg.pw/media/images/channel/2023/06/05/large/20230605010658568388_25.jpg,Knowledge,,freetv-fun-all.txt
[BD]金鹰纪实,https://t.freetv.fun/live/jin-ying-ji-shi-9.m3u8,,,,,金鷹紀實,China,China,https://epg.pw/media/images/channel/2023/06/05/large/20230605010658568388_25.jpg,Knowledge,,freetv-fun-all.txt
[SD]江夏新闻综合,https://t.freetv.fun/live/jiang-xia-xin-wen-zong-he-1.m3u8,,,,,鎮江新聞綜合,China,China,https://epg.pw/media/images/channel/2022/11/01/large/20221101022911570371_38.jpg,News,,freetv-fun-all.txt
[BD]江津新闻综合,https://t.freetv.fun/live/jiang-jin-xin-wen-zong-he-1-1.m3u8,,,,,鎮江新聞綜合,China,China,https://epg.pw/media/images/channel/2022/11/01/large/20221101022911570371_38.jpg,News,,freetv-fun-all.txt
[BD]镇江新闻综合,https://t.freetv.fun/live/zhen-jiang-xin-wen-zong-he.m3u8,,,,,鎮江新聞綜合,China,China,https://epg.pw/media/images/channel/2022/11/01/large/20221101022911570371_38.jpg,News,,freetv-fun-all.txt
[BD]镇江新闻综合,https://t.freetv.fun/live/zhen-jiang-xin-wen-zong-he-2.m3u8,,,,,鎮江新聞綜合,China,China,https://epg.pw/media/images/channel/2022/11/01/large/20221101022911570371_38.jpg,News,,freetv-fun-all.txt
[BD]镇江新闻综合,https://t.freetv.fun/live/zhen-jiang-xin-wen-zong-he-3.m3u8,,,,,鎮江新聞綜合,China,China,https://epg.pw/media/images/channel/2022/11/01/large/20221101022911570371_38.jpg,News,,freetv-fun-all.txt
[VGA]江津新闻综合,https://t.freetv.fun/live/jiang-jin-xin-wen-zong-he-2.m3u8,,,,,鎮江新聞綜合,China,China,https://epg.pw/media/images/channel/2022/11/01/large/20221101022911570371_38.jpg,News,,freetv-fun-all.txt
[BD]镇江新闻综合,https://t.freetv.fun/live/zhen-jiang-xin-wen-zong-he-4.m3u8,,,,,鎮江新聞綜合,China,China,https://epg.pw/media/images/channel/2022/11/01/large/20221101022911570371_38.jpg,News,,freetv-fun-all.txt
[BD]镇江新闻综合,https://t.freetv.fun/live/zhen-jiang-xin-wen-zong-he-7.m3u8,,,,,鎮江新聞綜合,China,China,https://epg.pw/media/images/channel/2022/11/01/large/20221101022911570371_38.jpg,News,,freetv-fun-all.txt
[SD]长春双阳综合,https://t.freetv.fun/live/chang-chun-shuang-yang-zong-he.m3u8,,,,,長春綜合,China,China,https://epg.pw/media/images/channel/2022/08/12/large/20220812220117628376_52.jpg,Generic,,freetv-fun-all.txt
[HD]开化新闻综合,https://t.freetv.fun/live/kai-hua-xin-wen-zong-he-1.m3u8,,,,,開封新聞綜合,China,China,https://epg.pw/media/img/logo/2_16.jpg,Other,,freetv-fun-all.txt
[SD]陕西新闻资讯,https://t.freetv.fun/live/shan-xi-xin-wen-zi-xun-2.m3u8,,,,,陝西新聞資訊,China,China,https://epg.pw/media/images/channel/2022/05/31/large/20220531151006730386_52.jpg,News,,freetv-fun-all.txt
[VGA]陕西新闻资讯,https://t.freetv.fun/live/shan-xi-xin-wen-zi-xun-5.m3u8,,,,,陝西新聞資訊,China,China,https://epg.pw/media/images/channel/2022/05/31/large/20220531151006730386_52.jpg,News,,freetv-fun-all.txt
[BD]陕西卫视,https://t.freetv.fun/live/shan-xi-wei-shi-6.m3u8,,,,,陝西衛視,China,China,https://epg.pw/media/images/channel/2022/05/31/large/20220531150903888489_91.jpg,Generic,,freetv-fun-all.txt
[BD]陕西卫视,https://t.freetv.fun/live/shan-xi-wei-shi-7.m3u8,,,,,陝西衛視,China,China,https://epg.pw/media/images/channel/2022/05/31/large/20220531150903888489_91.jpg,Generic,,freetv-fun-all.txt
[BD]陕西卫视,https://t.freetv.fun/live/shan-xi-wei-shi-2.m3u8,,,,,陝西衛視,China,China,https://epg.pw/media/images/channel/2022/05/31/large/20220531150903888489_91.jpg,Generic,,freetv-fun-all.txt
[BD]陕西卫视,https://t.freetv.fun/live/shan-xi-wei-shi-3.m3u8,,,,,陝西衛視,China,China,https://epg.pw/media/images/channel/2022/05/31/large/20220531150903888489_91.jpg,Generic,,freetv-fun-all.txt
[SD]陕西卫视,https://t.freetv.fun/live/shan-xi-wei-shi-4.m3u8,,,,,陝西衛視,China,China,https://epg.pw/media/images/channel/2022/05/31/large/20220531150903888489_91.jpg,Generic,,freetv-fun-all.txt
[VGA]陕西卫视,https://t.freetv.fun/live/shan-xi-wei-shi-5-1.m3u8,,,,,陝西衛視,China,China,https://epg.pw/media/images/channel/2022/05/31/large/20220531150903888489_91.jpg,Generic,,freetv-fun-all.txt
[HD]陕西卫视,https://t.freetv.fun/live/shan-xi-wei-shi-11-1.m3u8,,,,,陝西衛視,China,China,https://epg.pw/media/images/channel/2022/05/31/large/20220531150903888489_91.jpg,Generic,,freetv-fun-all.txt
[BD]陕西卫视,https://t.freetv.fun/live/shan-xi-wei-shi-15-1.m3u8,,,,,陝西衛視,China,China,https://epg.pw/media/images/channel/2022/05/31/large/20220531150903888489_91.jpg,Generic,,freetv-fun-all.txt
[BD]陕西卫视,https://t.freetv.fun/live/shan-xi-wei-shi-16.m3u8,,,,,陝西衛視,China,China,https://epg.pw/media/images/channel/2022/05/31/large/20220531150903888489_91.jpg,Generic,,freetv-fun-all.txt
[BD]陕西卫视,https://t.freetv.fun/live/shan-xi-wei-shi-18.m3u8,,,,,陝西衛視,China,China,https://epg.pw/media/images/channel/2022/05/31/large/20220531150903888489_91.jpg,Generic,,freetv-fun-all.txt
[BD]陕西卫视,https://t.freetv.fun/live/shan-xi-wei-shi-21.m3u8,,,,,陝西衛視,China,China,https://epg.pw/media/images/channel/2022/05/31/large/20220531150903888489_91.jpg,Generic,,freetv-fun-all.txt
[SD]陕西都市青春,https://t.freetv.fun/live/shan-xi-du-shi-qing-chun.m3u8,,,,,陝西都市青春,China,China,https://epg.pw/media/images/channel/2022/05/31/large/20220531151504287238_45.jpg,Generic,,freetv-fun-all.txt
[HD]云南卫视,https://t.freetv.fun/live/yun-nan-wei-shi-1.m3u8,,,,,雲南衛視,China,China,https://epg.pw/media/images/channel/2022/05/31/large/20220531145024469645_82.jpg,Other,,freetv-fun-all.txt
[HD]云南卫视,https://t.freetv.fun/live/yun-nan-wei-shi-2.m3u8,,,,,雲南衛視,China,China,https://epg.pw/media/images/channel/2022/05/31/large/20220531145024469645_82.jpg,Other,,freetv-fun-all.txt
[BD]云南卫视,https://t.freetv.fun/live/yun-nan-wei-shi-3.m3u8,,,,,雲南衛視,China,China,https://epg.pw/media/images/channel/2022/05/31/large/20220531145024469645_82.jpg,Other,,freetv-fun-all.txt
[SD]云南卫视,https://t.freetv.fun/live/yun-nan-wei-shi-9.m3u8,,,,,雲南衛視,China,China,https://epg.pw/media/images/channel/2022/05/31/large/20220531145024469645_82.jpg,Other,,freetv-fun-all.txt
[SD]云南卫视,https://t.freetv.fun/live/yun-nan-wei-shi-10.m3u8,,,,,雲南衛視,China,China,https://epg.pw/media/images/channel/2022/05/31/large/20220531145024469645_82.jpg,Other,,freetv-fun-all.txt
[SD]云南卫视,https://t.freetv.fun/live/yun-nan-wei-shi-4.m3u8,,,,,雲南衛視,China,China,https://epg.pw/media/images/channel/2022/05/31/large/20220531145024469645_82.jpg,Other,,freetv-fun-all.txt
[SD]云南卫视,https://t.freetv.fun/live/yun-nan-wei-shi-11.m3u8,,,,,雲南衛視,China,China,https://epg.pw/media/images/channel/2022/05/31/large/20220531145024469645_82.jpg,Other,,freetv-fun-all.txt
[SD]云南卫视,https://t.freetv.fun/live/yun-nan-wei-shi-13.m3u8,,,,,雲南衛視,China,China,https://epg.pw/media/images/channel/2022/05/31/large/20220531145024469645_82.jpg,Other,,freetv-fun-all.txt
[BD]云南卫视,https://t.freetv.fun/live/yun-nan-wei-shi.m3u8,,,,,雲南衛視,China,China,https://epg.pw/media/images/channel/2022/05/31/large/20220531145024469645_82.jpg,Other,,freetv-fun-all.txt
[HD]云南卫视,https://t.freetv.fun/live/yun-nan-wei-shi-5.m3u8,,,,,雲南衛視,China,China,https://epg.pw/media/images/channel/2022/05/31/large/20220531145024469645_82.jpg,Other,,freetv-fun-all.txt
[SD]云南卫视,https://t.freetv.fun/live/yun-nan-wei-shi-6.m3u8,,,,,雲南衛視,China,China,https://epg.pw/media/images/channel/2022/05/31/large/20220531145024469645_82.jpg,Other,,freetv-fun-all.txt
[BD]云南卫视,https://t.freetv.fun/live/yun-nan-wei-shi-7.m3u8,,,,,雲南衛視,China,China,https://epg.pw/media/images/channel/2022/05/31/large/20220531145024469645_82.jpg,Other,,freetv-fun-all.txt
[BD]云南卫视,https://t.freetv.fun/live/yun-nan-wei-shi-8.m3u8,,,,,雲南衛視,China,China,https://epg.pw/media/images/channel/2022/05/31/large/20220531145024469645_82.jpg,Other,,freetv-fun-all.txt
[HD]云南卫视,https://t.freetv.fun/live/yun-nan-wei-shi-12.php,,,,,雲南衛視,China,China,https://epg.pw/media/images/channel/2022/05/31/large/20220531145024469645_82.jpg,Other,,freetv-fun-all.txt
[BD]云南卫视,https://t.freetv.fun/live/yun-nan-wei-shi-14.m3u8,,,,,雲南衛視,China,China,https://epg.pw/media/images/channel/2022/05/31/large/20220531145024469645_82.jpg,Other,,freetv-fun-all.txt
[SD]云南卫视,https://t.freetv.fun/live/yun-nan-wei-shi-15.m3u8,,,,,雲南衛視,China,China,https://epg.pw/media/images/channel/2022/05/31/large/20220531145024469645_82.jpg,Other,,freetv-fun-all.txt
[BD]云南卫视,https://t.freetv.fun/live/yun-nan-wei-shi-16.m3u8,,,,,雲南衛視,China,China,https://epg.pw/media/images/channel/2022/05/31/large/20220531145024469645_82.jpg,Other,,freetv-fun-all.txt
[BD]云南卫视,https://t.freetv.fun/live/yun-nan-wei-shi-17.m3u8,,,,,雲南衛視,China,China,https://epg.pw/media/images/channel/2022/05/31/large/20220531145024469645_82.jpg,Other,,freetv-fun-all.txt
[SD]云南卫视,https://t.freetv.fun/live/yun-nan-wei-shi-18.m3u8,,,,,雲南衛視,China,China,https://epg.pw/media/images/channel/2022/05/31/large/20220531145024469645_82.jpg,Other,,freetv-fun-all.txt
[BD]云南卫视,https://t.freetv.fun/live/yun-nan-wei-shi-19.m3u8,,,,,雲南衛視,China,China,https://epg.pw/media/images/channel/2022/05/31/large/20220531145024469645_82.jpg,Other,,freetv-fun-all.txt
[SD]云南卫视,https://t.freetv.fun/live/yun-nan-wei-shi-20.m3u8,,,,,雲南衛視,China,China,https://epg.pw/media/images/channel/2022/05/31/large/20220531145024469645_82.jpg,Other,,freetv-fun-all.txt
[BD]云南卫视,https://t.freetv.fun/live/yun-nan-wei-shi-28.m3u8,,,,,雲南衛視,China,China,https://epg.pw/media/images/channel/2022/05/31/large/20220531145024469645_82.jpg,Other,,freetv-fun-all.txt
[HD]云南都市,https://t.freetv.fun/live/yun-nan-du-shi.m3u8,,,,,雲南都市,China,China,https://epg.pw/media/images/channel/2021/10/12/large/20211012202751642735_81.png,News,,freetv-fun-all.txt
[VGA]云南都市,https://t.freetv.fun/live/yun-nan-du-shi-1.m3u8,,,,,雲南都市,China,China,https://epg.pw/media/images/channel/2021/10/12/large/20211012202751642735_81.png,News,,freetv-fun-all.txt
[HD]电影,https://t.freetv.fun/live/dian-ying-1.flv,,,,,電影頻道,China,China,https://epg.pw/media/,Test,,freetv-fun-all.txt
[BD]电影,https://t.freetv.fun/live/dian-ying-2.flv,,,,,電影頻道,China,China,https://epg.pw/media/,Test,,freetv-fun-all.txt
[HD]电影,https://t.freetv.fun/live/dian-ying-3.m3u8,,,,,電影頻道,China,China,https://epg.pw/media/,Test,,freetv-fun-all.txt
[BD]电影,https://t.freetv.fun/live/dian-ying-4.flv,,,,,電影頻道,China,China,https://epg.pw/media/,Test,,freetv-fun-all.txt
[BD]电影,https://t.freetv.fun/live/dian-ying-5.flv,,,,,電影頻道,China,China,https://epg.pw/media/,Test,,freetv-fun-all.txt
[BD]电影,https://t.freetv.fun/live/dian-ying-6.flv,,,,,電影頻道,China,China,https://epg.pw/media/,Test,,freetv-fun-all.txt
[BD]电影,https://t.freetv.fun/live/dian-ying-7.flv,,,,,電影頻道,China,China,https://epg.pw/media/,Test,,freetv-fun-all.txt
[BD]韶关综合,https://t.freetv.fun/live/shao-guan-zong-he.m3u8,,,,,韶關新聞綜合,China,China,https://epg.pw/media/images/channel/2023/07/20/large/20230720203001879121_48.png,News,,freetv-fun-all.txt
[VGA]韶关综合,https://t.freetv.fun/live/shao-guan-zong-he-1.m3u8,,,,,韶關新聞綜合,China,China,https://epg.pw/media/images/channel/2023/07/20/large/20230720203001879121_48.png,News,,freetv-fun-all.txt
[BD]凤凰中文,https://t.freetv.fun/live/feng-huang-zhong-wen-1.m3u8,,,,368338,鳳凰衛視中文,Hong Kong,Hong Kong,https://epg.pw/media/images/channel/2025/01/28/large/20250128061049622730_55.png,Generic,,freetv-fun-all.txt
[BD]凤凰卫视中文,https://t.freetv.fun/live/feng-huang-wei-shi-zhong-wen.m3u8,,,,368338,鳳凰衛視中文,Hong Kong,Hong Kong,https://epg.pw/media/images/channel/2025/01/28/large/20250128061049622730_55.png,Generic,,freetv-fun-all.txt
[HD]鳳凰衛視中文,https://t.freetv.fun/live/feng-huang-wei-shi-zhong-wen-1.m3u8,,,,368338,鳳凰衛視中文,Hong Kong,Hong Kong,https://epg.pw/media/images/channel/2025/01/28/large/20250128061049622730_55.png,Generic,,freetv-fun-all.txt
[BD]凤凰卫视中文,https://t.freetv.fun/live/feng-huang-wei-shi-zhong-wen-1-1.m3u8,,,,368338,鳳凰衛視中文,Hong Kong,Hong Kong,https://epg.pw/media/images/channel/2025/01/28/large/20250128061049622730_55.png,Generic,,freetv-fun-all.txt
[BD]凤凰资讯,https://t.freetv.fun/live/feng-huang-zi-xun-1.m3u8,,,,,鳳凰資訊HD,Hong Kong,Hong Kong,https://epg.pw/media/images/channel/2023/07/23/large/20230723140505929891_55.png,News,,freetv-fun-all.txt
[BD]凤凰资讯,https://t.freetv.fun/live/feng-huang-zi-xun.m3u8,,,,,鳳凰資訊HD,Hong Kong,Hong Kong,https://epg.pw/media/images/channel/2023/07/23/large/20230723140505929891_55.png,News,,freetv-fun-all.txt
[VGA]凤凰资讯,https://t.freetv.fun/live/feng-huang-zi-xun-6.php,,,,,鳳凰資訊HD,Hong Kong,Hong Kong,https://epg.pw/media/images/channel/2023/07/23/large/20230723140505929891_55.png,News,,freetv-fun-all.txt
[HD]鳳凰衛視資訊,https://t.freetv.fun/live/feng-huang-wei-shi-zi-xun-2.m3u8,,,,,鳳凰資訊HD,Hong Kong,Hong Kong,https://epg.pw/media/images/channel/2023/07/23/large/20230723140505929891_55.png,News,,freetv-fun-all.txt
[BD]凤凰卫视资讯,https://t.freetv.fun/live/feng-huang-wei-shi-zi-xun.m3u8,,,,,鳳凰資訊HD,Hong Kong,Hong Kong,https://epg.pw/media/images/channel/2023/07/23/large/20230723140505929891_55.png,News,,freetv-fun-all.txt
[BD]凤凰香港,https://t.freetv.fun/live/feng-huang-xiang-gang.m3u8,,,,,鳳凰香港,Hong Kong,Hong Kong,https://epg.pw/media/images/channel/2023/07/20/large/20230720101153992346_85.png,Generic,,freetv-fun-all.txt
[HD]凤凰香港,https://t.freetv.fun/live/feng-huang-xiang-gang-1.php,,,,,鳳凰香港,Hong Kong,Hong Kong,https://epg.pw/media/images/channel/2023/07/20/large/20230720101153992346_85.png,Generic,,freetv-fun-all.txt
[BD]凤凰香港,https://t.freetv.fun/live/feng-huang-xiang-gang-2.m3u8,,,,,鳳凰香港,Hong Kong,Hong Kong,https://epg.pw/media/images/channel/2023/07/20/large/20230720101153992346_85.png,Generic,,freetv-fun-all.txt
[BD]丽水新闻综合,https://t.freetv.fun/live/li-shui-xin-wen-zong-he.m3u8,,,,,麗水新聞綜合,China,China,https://epg.pw/media/images/channel/2023/07/20/large/20230720203027523547_70.png,News,,freetv-fun-all.txt
[SD]黑龙江少儿,https://t.freetv.fun/live/hei-long-jiang-shao-er-1.m3u8,,,,,黑龍江少兒,China,China,https://epg.pw/media/images/channel/2022/05/31/large/20220531154513515358_97.jpg,Kids,,freetv-fun-all.txt
[HD]黑龙江文体,https://t.freetv.fun/live/hei-long-jiang-wen-ti-1.m3u8,,,,,黑龍江文體,China,China,https://epg.pw/media/images/channel/2022/05/31/large/20220531154641916439_80.jpg,Generic,,freetv-fun-all.txt
[SD]黑龙江新闻法治,https://t.freetv.fun/live/hei-long-jiang-xin-wen-fa-zhi-1.m3u8,,,,,黑龍江新聞法治,China,China,https://epg.pw/media/images/channel/2022/05/31/large/20220531154851022965_78.jpg,News,,freetv-fun-all.txt
[BD]黑龙江卫视,https://t.freetv.fun/live/hei-long-jiang-wei-shi-2.m3u8,,,,,黑龍江衛視,China,China,https://epg.pw/media/images/channel/2022/05/31/large/20220531154335673922_21.jpg,Generic,,freetv-fun-all.txt
[BD]黑龙江卫视,https://t.freetv.fun/live/hei-long-jiang-wei-shi-9.m3u8,,,,,黑龍江衛視,China,China,https://epg.pw/media/images/channel/2022/05/31/large/20220531154335673922_21.jpg,Generic,,freetv-fun-all.txt
[BD]黑龙江卫视,https://t.freetv.fun/live/hei-long-jiang-wei-shi-11.m3u8,,,,,黑龍江衛視,China,China,https://epg.pw/media/images/channel/2022/05/31/large/20220531154335673922_21.jpg,Generic,,freetv-fun-all.txt
[HD]黑龙江卫视,https://t.freetv.fun/live/hei-long-jiang-wei-shi-3.m3u8,,,,,黑龍江衛視,China,China,https://epg.pw/media/images/channel/2022/05/31/large/20220531154335673922_21.jpg,Generic,,freetv-fun-all.txt
[BD]黑龙江卫视,https://t.freetv.fun/live/hei-long-jiang-wei-shi-4.m3u8,,,,,黑龍江衛視,China,China,https://epg.pw/media/images/channel/2022/05/31/large/20220531154335673922_21.jpg,Generic,,freetv-fun-all.txt
[BD]黑龙江卫视,https://t.freetv.fun/live/hei-long-jiang-wei-shi-6.m3u8,,,,,黑龍江衛視,China,China,https://epg.pw/media/images/channel/2022/05/31/large/20220531154335673922_21.jpg,Generic,,freetv-fun-all.txt
[BD]黑龙江卫视,https://t.freetv.fun/live/hei-long-jiang-wei-shi-7.m3u8,,,,,黑龍江衛視,China,China,https://epg.pw/media/images/channel/2022/05/31/large/20220531154335673922_21.jpg,Generic,,freetv-fun-all.txt
[BD]黑龙江卫视,https://t.freetv.fun/live/hei-long-jiang-wei-shi-5.m3u8,,,,,黑龍江衛視,China,China,https://epg.pw/media/images/channel/2022/05/31/large/20220531154335673922_21.jpg,Generic,,freetv-fun-all.txt
[BD]黑龙江卫视,https://t.freetv.fun/live/hei-long-jiang-wei-shi-12.m3u8,,,,,黑龍江衛視,China,China,https://epg.pw/media/images/channel/2022/05/31/large/20220531154335673922_21.jpg,Generic,,freetv-fun-all.txt
[BD]黑龙江卫视,https://t.freetv.fun/live/hei-long-jiang-wei-shi-16.m3u8,,,,,黑龍江衛視,China,China,https://epg.pw/media/images/channel/2022/05/31/large/20220531154335673922_21.jpg,Generic,,freetv-fun-all.txt
[HD]黑龙江卫视,https://t.freetv.fun/live/hei-long-jiang-wei-shi-1.m3u8,,,,,黑龍江衛視,China,China,https://epg.pw/media/images/channel/2022/05/31/large/20220531154335673922_21.jpg,Generic,,freetv-fun-all.txt
[BD]黑龙江卫视,https://t.freetv.fun/live/hei-long-jiang-wei-shi-8.m3u8,,,,,黑龍江衛視,China,China,https://epg.pw/media/images/channel/2022/05/31/large/20220531154335673922_21.jpg,Generic,,freetv-fun-all.txt
[BD]黑龙江卫视,https://t.freetv.fun/live/hei-long-jiang-wei-shi-10.m3u8,,,,,黑龍江衛視,China,China,https://epg.pw/media/images/channel/2022/05/31/large/20220531154335673922_21.jpg,Generic,,freetv-fun-all.txt
[BD]黑龙江卫视,https://t.freetv.fun/live/hei-long-jiang-wei-shi-13.m3u8,,,,,黑龍江衛視,China,China,https://epg.pw/media/images/channel/2022/05/31/large/20220531154335673922_21.jpg,Generic,,freetv-fun-all.txt
[SD]黑龙江卫视,https://t.freetv.fun/live/hei-long-jiang-wei-shi-14.m3u8,,,,,黑龍江衛視,China,China,https://epg.pw/media/images/channel/2022/05/31/large/20220531154335673922_21.jpg,Generic,,freetv-fun-all.txt
[HD]黑龙江都市,https://t.freetv.fun/live/hei-long-jiang-du-shi.m3u8,,,,,黑龍江都市,China,China,https://epg.pw/media/images/channel/2022/06/01/large/20220601000243569800_11.jpg,Generic,,freetv-fun-all.txt
[SD]黑龙江都市,https://t.freetv.fun/live/hei-long-jiang-du-shi-3.m3u8,,,,,黑龍江都市,China,China,https://epg.pw/media/images/channel/2022/06/01/large/20220601000243569800_11.jpg,Generic,,freetv-fun-all.txt
00s Replay,https://jmp2.uk/plu-62ba60f059624e000781c436.m3u8,,,,,,,,,Undefined,,iptv-org-all.txt
1+1 International (576p) [Geo-blocked],http://34cb12c24-ottiptv.github.io/iptv/MM4E93NGF5LADZ/4829224/index.m3u8,,,,1Plus1International.ua,,,,https://i.imgur.com/LOY0rtp.png,General,,iptv-org-all.txt
1-2-3 TV (270p),https://123tv-mx1.flex-cdn.net/index.m3u8,,,,123tv.de@SD,,,,https://i.imgur.com/slSUDNX.png,Shop,,iptv-org-all.txt
1Almere TV (720p),https://d3472rjicrodic.cloudfront.net/nlpo/clr-nlpo/709d5260/index.m3u8,,,,1AlmereTV.nl@SD,,,,https://i.imgur.com/XfkbTrU.png,General,,iptv-org-all.txt
1KZN TV (576p),https://cdn.freevisiontv.co.za/sttv/smil:1kzn.stream.smil/playlist.m3u8,,,,1KZNTV.za@SD,,,,https://admango.cdn.mangomolo.com/analytics/uploads/188/6544bebaae.jpg,Entertainment;Family;General,,iptv-org-all.txt
1TV (720p),https://tv.cdn.xsg.ge/gpb-1tv/index.m3u8,,,,1TV.ge@SD,,,,https://i.imgur.com/FSkYLPK.png,General,,iptv-org-all.txt
1Twente TV (1080p),https://ms7.mx-cd.net/dtv-11/198-989148/1Twente_TV.smil/chunklist_w954512639_b4292608_slNLD.m3u8,,,,1TwenteTV.nl@SD,,,,https://i.imgur.com/ftiuNK3.png,General,,iptv-org-all.txt
2+2 (1080p) [Not 24/7],http://315e5a5d.ottrast.com/iptv/MM4E93NGF5LADZ/6378/index.m3u8,,,,2Plus2.ua@SD,,,,https://i.imgur.com/v6KBgqk.png,General,,iptv-org-all.txt
2GB Sydney (1080p),https://2gblive.akamaized.net/hls/live/2033805/2GB/index.m3u8,,,,2GB.au@SD,,,,https://i.ibb.co/jwM8DFG/2GB-1.png,News,,iptv-org-all.txt
2M (1080p),https://stream-lb.livemediama.com/2m-tnt/hls/master.m3u8,,,,2M.ma@SD,,,,https://i.imgur.com/PJYTfHi.png,General,,iptv-org-all.txt
2M Monde (1080p),https://stream-lb.livemediama.com/2m/hls/master.m3u8,,,,2MMonde.ma@HD,,,,https://i.imgur.com/MvpntzA.png,General,,iptv-org-all.txt
2M Monde +1 (1080p),https://d2qh3gh0k5vp3v.cloudfront.net/v1/master/3722c60a815c199d9c0ef36c5b73da68a62b09d1/cc-n6pess5lwbghr/2M_ES.m3u8,,,,2MMonde.ma@Plus1,,,,https://i.imgur.com/MvpntzA.png,General,,iptv-org-all.txt
2STV (720p),http://69.64.57.208/2stv/playlist.m3u8,,,,2STV.sn@SD,,,,https://i.imgur.com/WByVBZf.png,Culture,,iptv-org-all.txt
2TV (720p),https://tv.cdn.xsg.ge/gpb-2tv/index.m3u8,,,,2TV.ge@SD,,,,https://i.imgur.com/FJBL6zI.png,General,,iptv-org-all.txt
2x2 (576i),https://bl.rutube.ru/livestream/392b4686b770bae2da6bf5ac4574add5/index.m3u8?e=2068731801&s=tenr-yHXUv1wibfka78s2A&scheme=https,,,,2x2.ru@SD,,,,https://i.imgur.com/fhQFLEl.png,Entertainment,,iptv-org-all.txt
3ABN Canada (720p),https://3abn.bozztv.com/3abncanada/3ABN/master.m3u8,,,,3ABNCanada.ca@SD,,,,https://i.imgur.com/U99CsEc.png,Religious,,iptv-org-all.txt
3ABN Dare To Dream Network,https://3abn.bozztv.com/3abn2/d2d_live/smil:d2d_live.smil/playlist.m3u8,,,,DareToDreamNetwork.us@SD,,,,https://i.imgur.com/oNUpXA9.png,Religious,,iptv-org-all.txt
3ABN English,https://3abn.bozztv.com/3abn2/3abn_live/smil:3abn_live.smil/playlist.m3u8,,,,3ABNEnglish.us@SD,,,,https://i.imgur.com/bgJQIyW.png,Religious,,iptv-org-all.txt
3ABN French,https://3abn.bozztv.com/3abn2/Fre_live/smil:Fre_live.smil/playlist.m3u8,,,,3ABNFrench.us@SD,,,,https://i.imgur.com/B5gsM7m.png,Religious,,iptv-org-all.txt
3ABN International Network,https://3abn.bozztv.com/3abn2/Int_live/smil:Int_live.smil/playlist.m3u8,,,,3ABNInternational.us@SD,,,,https://i.imgur.com/IecOZHR.png,Religious,,iptv-org-all.txt
3ABN Kids Network,https://3abn.bozztv.com/3abn2/Kids_live/smil:Kids_live.smil/playlist.m3u8,,,,3ABNKids.us@SD,,,,https://i.imgur.com/z3npqO1.png,Animation;Kids;Religious,,iptv-org-all.txt
3ABN Latino,https://3abn.bozztv.com/3abn2/Lat_live/smil:Lat_live.smil/playlist.m3u8,,,,3ABNLatino.us@SD,,,,https://i.imgur.com/Ugb4AFo.png,Religious,,iptv-org-all.txt
3ABN Praise Him Music Network,https://3abn.bozztv.com/3abn1/PraiseHim/smil:PraiseHim.smil/playlist.m3u8,,,,3ABNPraiseHimMusicNetwork.us@SD,,,,https://i.imgur.com/iBcqT8L.png,Music;Religious,,iptv-org-all.txt
3ABN Proclaim! Network,https://3abn.bozztv.com/3abn2/Pro_live/smil:Pro_live.smil/playlist.m3u8,,,,3ABNProclaimNetwork.us@SD,,,,https://i.imgur.com/zUMUNhe.png,Religious,,iptv-org-all.txt
3ABN TV Uganda (720p) [Not 24/7],https://3abn.bozztv.com/3abn/3abn_uganda_live/index.m3u8,,,,3ABNTVUganda.ug@SD,,,,https://i.imgur.com/mml9lI2.png,Religious,,iptv-org-all.txt
3AW Melbourne (1080p),https://3awlive.akamaized.net/hls/live/2032295/3AW/index.m3u8,,,,3AW.au@SD,,,,https://i.imgur.com/Z4MdB0S.png,News,,iptv-org-all.txt
3Cat Càmeres del temps (1080p),https://directes-tv-int.3catdirectes.cat/live-content/beauties-hls/master.m3u8,,,,3CatCameresdeltemps.es@SD,,,,https://i.imgur.com/zXy2kbe.png,Public;Weather,,iptv-org-all.txt
3Cat El búnquer (1080p),https://fast-tailor.3catdirectes.cat/v1/channel/bunquer/hls.m3u8,,,,3CatElbunquer.es@SD,,,,https://i.imgur.com/wiqdIjd.png,Comedy;Public,,iptv-org-all.txt
3Cat Exclusiu 1 (1080p) [Geo-blocked],https://directes-tv-cat.3catdirectes.cat/live-content/oca1-hls/master.m3u8,,,,3CatExclusiu1.es@SD,,,,https://i.imgur.com/YQvLPT1.png,News;Public,,iptv-org-all.txt
3Cat Exclusiu 2 (1080p) [Geo-blocked],https://directes-tv-cat.3catdirectes.cat/live-content/oca2-hls/master.m3u8,,,,3CatExclusiu2.es@SD,,,,https://i.imgur.com/YQvLPT1.png,News;Public,,iptv-org-all.txt
3Cat Exclusiu 3 (1080p) [Geo-blocked],https://directes-tv-cat.3catdirectes.cat/live-content/oca3-hls/master.m3u8,,,,3CatExclusiu3.es@SD,,,,https://i.imgur.com/YQvLPT1.png,News;Public,,iptv-org-all.txt
3Cat Plats bruts (1080p),https://fast-tailor.3catdirectes.cat/v1/channel/ccma-channel2/hls.m3u8,,,,3CatPlatsbruts.es@SD,,,,https://i.imgur.com/49ZENis.png,Classic;Comedy;Public;Series,,iptv-org-all.txt
3CatInfo (1080p),https://directes-tv-int.3catdirectes.cat/live-origin/canal324-hls/master.m3u8,,,,3CatInfo.es@SD,,,,https://upload.wikimedia.org/wikipedia/commons/thumb/6/69/3CatInfo_logo.svg/960px-3CatInfo_logo.svg.png,News;Public,,iptv-org-all.txt
3point.dk,https://jmp2.uk/plu-65b915780cb1a1000889b837.m3u8,,,,,,,,,Undefined,,iptv-org-all.txt
3sat (720p) [Geo-blocked],https://zdf-hls-18.akamaized.net/hls/live/2016501/dach/high/master.m3u8,,,,3sat.de@SD,,,,https://upload.wikimedia.org/wikipedia/commons/thumb/8/81/3sat_2019.svg/960px-3sat_2019.svg.png,General,,iptv-org-all.txt
3 Stones TV (240p) [Not 24/7],https://goliveafrica.media:9998/live/64d21e682fd26/index.m3u8,,,,3StonesTV.ke@SD,,,,https://i.imgur.com/im3g7T2.png,General,,iptv-org-all.txt
4 Afghanistan,https://4afghls.persiana.live/hls/stream.m3u8,,,,4Afghanistan.fr@SD,,,,,Undefined,,iptv-org-all.txt
4DmásNoticias TV (1080p) [Not 24/7],https://rds3.desdeparaguay.net/4dmasnoticiastv/4dmasnoticiastv/playlist.m3u8,,,,4DmasNoticiasTV.py@SD,,,,https://i.ibb.co/1fb5BtN/unnamed.png,News,,iptv-org-all.txt
4E (1080p),http://eu2.tv4e.gr:554/live/smil:myStream.sdp.smil/playlist.m3u8,,,,4E.gr@SD,,,,https://i.imgur.com/Na0UCV7.png,Religious,,iptv-org-all.txt
4ever Drama (1080p),https://iptv.prosto.tv/ch49/index.m3u8,,,,4everDrama.ua@SD,,,,https://i.imgur.com/CD3vZU6.png,Series,,iptv-org-all.txt
4ever Theater,https://iptv.prosto.tv/ch37/tracks-v2a1/mono.m3u8?21yo=0&e=1783680395&id=922996&ip=178.136.40.86&live=1&secret=yamxdzwl&st=OWDBi-vxSZADl0oF8lHHxw,,,,4everTheater.ua@SD,,,,https://i.imgur.com/kfngtev.png,Entertainment,,iptv-org-all.txt
4 Fun Kids (576i) [[Not 24/7]],https://stream.4fun.tv:8889/hls/4fk_high/index.m3u8,,,,4FunKids.pl@SD,,,,https://i.imgur.com/2JO5Y8c.png,Kids,,iptv-org-all.txt
4 Fun TV (576i) [Not 24/7],https://stream.4fun.tv:8888/hls/4f_high/index.m3u8,,,,4FunTV.pl@SD,,,,https://i.imgur.com/rI1wo2l.png,Music,,iptv-org-all.txt
4K Travel TV (1080p),https://streams2.sofast.tv/sofastplayout/33c31ac4-51fa-46ae-afd0-0d1fe5e60a80_0_HLS/master.m3u8,,,,,,,,,Undefined,,iptv-org-all.txt
