频道名,地址,回播地址,回播类型,回播天数,tvg-id,tvg-name,国家分组,语言分组,图标,原分组,分辨率,来源文件
梨园,http://hlsztemgsplive.miguvideo.com:8080/migu/kailu/ydcmc/50/20251225/index.m3u8?msisdn=2026080604013318d277cf4270498fb4296d8a6639e88c&mdspid=&spid=600697&netType=0&sid=5910022344&pid=2028597139&timestamp=20260806040133&Channel_ID=0116_2600000900-99000-201600010010027&ProgramID=961930369&ParentNodeID=-99&assertID=5910022344&client_ip=218.28.233.106&SecurityKey=20260806040133&promotionId=&mvid=5900006785&mcid=500020&playurlVersion=ZQ-A1-9.8.0-SNAPSHOT&userid=&jmhm=&videocodec=h264&appCode=miguvideo_android&bean=mgspad&tid=android&conFee=0&encrypt=e2a212c29bd14de1edb915e8efaf7e90,,,,,,,,,,,CCSH.txt
梨园,http://223.247.25.247:1234/961930369,,,,,,,,,,,CCSH.txt
梨园,http://116.236.204.18:1234/961930369,,,,,,,,,,,CCSH.txt
梨园,http://8.135.27.147:1234/961930369,,,,,,,,,,,CCSH.txt
梨园,http://106.42.108.174:7788/961930369,,,,,,,,,,,CCSH.txt
七彩戏剧,http://t.061899.xyz/tl/tl.php?id=qcxj,,,,,,,,,,,CCSH.txt
七彩戏剧,http://8.138.7.223/tv/migu3.php?id=qcxj,,,,,,,,,,,CCSH.txt
上海外语,http://t.061899.xyz/tl/tl.php?id=shics,,,,,,,,,,,CCSH.txt
上海外语,http://8.138.7.223/tv/migu3.php?id=shics,,,,,,,,,,,CCSH.txt
上海点掌财经,https://volcanopull.aniu.tv/live/aniu2/index.m3u8,,,,,,,,,,,CCSH.txt
上海纪实,https://stream1.freetv.fun/ipv6-shang-hai-ji-shi-ren-wen-1.m3u8,,,,,,,,,,,CCSH.txt
上海都市,https://stream1.freetv.fun/ipv6-shang-hai-du-shi-6.m3u8,,,,,,,,,,,CCSH.txt
上海都市,https://stream1.freetv.fun/ipv6-shang-hai-du-shi-10.m3u8,,,,,,,,,,,CCSH.txt
上海都市,https://stream1.freetv.fun/shang-hai-du-shi-10.m3u8,,,,,,,,,,,CCSH.txt
上海都市,https://stream1.freetv.fun/shang-hai-du-shi-8.m3u8,,,,,,,,,,,CCSH.txt
上海都市,https://stream1.freetv.fun/ipv6-shang-hai-du-shi-5.m3u8,,,,,,,,,,,CCSH.txt
上海都市,https://stream1.freetv.fun/shang-hai-du-shi-1.m3u8,,,,,,,,,,,CCSH.txt
上海都市,https://stream1.freetv.fun/ipv6-shang-hai-du-shi-11.m3u8,,,,,,,,,,,CCSH.txt
上海都市,https://stream1.freetv.fun/shang-hai-du-shi-7.m3u8,,,,,,,,,,,CCSH.txt
上海都市,https://stream1.freetv.fun/ipv6-shang-hai-du-shi-2.m3u8,,,,,,,,,,,CCSH.txt
上海都市,https://stream1.freetv.fun/ipv6-shang-hai-du-shi-1.m3u8,,,,,,,,,,,CCSH.txt
上海都市,https://stream1.freetv.fun/ipv6-shang-hai-du-shi-7.m3u8,,,,,,,,,,,CCSH.txt
上海都市,https://t.freetv.fun/live/shang-hai-du-shi.m3u8,,,,,,,,,,,CCSH.txt
上海都市频道,http://ottrrs.hl.chinamobile.com/PLTV/88888888/224/3221226347/index.m3u8,,,,,,,,,,,CCSH.txt
东方影视,https://t.freetv.fun/live/dong-fang-ying-shi.m3u8,,,,,,,,,,,CCSH.txt
东方影视,https://t.freetv.fun/live/shang-shi-dong-fang-ying-shi.m3u8,,,,,,,,,,,CCSH.txt
东方影视,https://stream1.freetv.fun/dong-fang-ying-shi-6.ctv,,,,,,,,,,,CCSH.txt
东方影视,https://stream1.freetv.fun/dong-fang-ying-shi-8.m3u8,,,,,,,,,,,CCSH.txt
东方影视,https://stream1.freetv.fun/ipv6-dong-fang-ying-shi-4.m3u8,,,,,,,,,,,CCSH.txt
东方影视,https://stream1.freetv.fun/ipv6-dong-fang-ying-shi-6.m3u8,,,,,,,,,,,CCSH.txt
东方影视,https://stream1.freetv.fun/dong-fang-ying-shi-4.ctv,,,,,,,,,,,CCSH.txt
东方影视,https://stream1.freetv.fun/dong-fang-ying-shi-13.m3u8,,,,,,,,,,,CCSH.txt
东方影视,https://stream1.freetv.fun/dong-fang-ying-shi-6.m3u8,,,,,,,,,,,CCSH.txt
东方影视,https://stream1.freetv.fun/dong-fang-ying-shi-1.m3u8,,,,,,,,,,,CCSH.txt
东方影视,https://stream1.freetv.fun/dong-fang-ying-shi-10.m3u8,,,,,,,,,,,CCSH.txt
东方影视,https://stream1.freetv.fun/ipv6-dong-fang-ying-shi-2.m3u8,,,,,,,,,,,CCSH.txt
东方影视,https://stream1.freetv.fun/dong-fang-ying-shi-2.m3u8,,,,,,,,,,,CCSH.txt
东方影视,https://stream1.freetv.fun/ipv6-dong-fang-ying-shi-13.m3u8,,,,,,,,,,,CCSH.txt
东方影视,https://stream1.freetv.fun/ipv6-dong-fang-ying-shi-3.m3u8,,,,,,,,,,,CCSH.txt
东方影视,https://stream1.freetv.fun/ipv6-dong-fang-ying-shi-7.m3u8,,,,,,,,,,,CCSH.txt
东方影视,https://stream1.freetv.fun/dong-fang-ying-shi-7.m3u8,,,,,,,,,,,CCSH.txt
全纪实,http://39.165.39.49:85/tsfile/live/1126_1.m3u8?key=txiptv&playlive=0&authid=0,,,,,,,,,,,CCSH.txt
新闻综合,http://ottrrs.hl.chinamobile.com/PLTV/88888888/224/3221226346/index.m3u8,,,,,,,,,,,CCSH.txt
新闻综合,https://t.freetv.fun/live/shang-hai-xin-wen-zong-he-4.m3u8,,,,,,,,,,,CCSH.txt
新闻综合,https://iptv.catvod.com/migu?id=651632657&token=34618a48b033ac50a7913d5d15748bce,,,,,,,,,,,CCSH.txt
新闻综合,https://stream1.freetv.fun/xin-wen-zong-he-3.m3u8,,,,,,,,,,,CCSH.txt
新闻综合,https://stream1.freetv.fun/shang-hai-xin-wen-zong-he-2.m3u8,,,,,,,,,,,CCSH.txt
新闻综合,https://stream1.freetv.fun/shang-hai-xin-wen-zong-he-8.m3u8,,,,,,,,,,,CCSH.txt
新闻综合,https://stream1.freetv.fun/xin-wen-zong-he-9.m3u8,,,,,,,,,,,CCSH.txt
新闻综合,https://stream1.freetv.fun/ipv6-shang-hai-xin-wen-zong-he-7.m3u8,,,,,,,,,,,CCSH.txt
新闻综合,https://stream1.freetv.fun/ipv6-xin-wen-zong-he-14.m3u8,,,,,,,,,,,CCSH.txt
新闻综合,https://stream1.freetv.fun/shang-hai-xin-wen-zong-he-12.m3u8,,,,,,,,,,,CCSH.txt
新闻综合,https://stream1.freetv.fun/ipv6-shang-hai-xin-wen-zong-he-2.m3u8,,,,,,,,,,,CCSH.txt
新闻综合,https://stream1.freetv.fun/xin-wen-zong-he-15.m3u8,,,,,,,,,,,CCSH.txt
新闻综合,https://stream1.freetv.fun/xin-wen-zong-he-13.m3u8,,,,,,,,,,,CCSH.txt
新闻综合,https://stream1.freetv.fun/ipv6-xin-wen-zong-he-10.m3u8,,,,,,,,,,,CCSH.txt
新闻综合,https://stream1.freetv.fun/ipv6-shang-hai-xin-wen-zong-he-6.m3u8,,,,,,,,,,,CCSH.txt
新闻综合,https://stream1.freetv.fun/ipv6-shang-hai-xin-wen-zong-he-3.m3u8,,,,,,,,,,,CCSH.txt
欢笑剧场,http://t.061899.xyz/tl/tl.php?id=hxjc,,,,,,,,,,,CCSH.txt
欢笑剧场,http://8.138.7.223/tv/migu3.php?id=hxjc,,,,,,,,,,,CCSH.txt
法治天地,http://t.061899.xyz/tl/tl.php?id=fztd,,,,,,,,,,,CCSH.txt
法治天地,http://8.138.7.223/tv/migu3.php?id=fztd,,,,,,,,,,,CCSH.txt
生活时尚,https://stream1.freetv.fun/sheng-huo-shi-shang-12.m3u8,,,,,,,,,,,CCSH.txt
生活时尚,https://stream1.freetv.fun/sheng-huo-shi-shang-9.m3u8,,,,,,,,,,,CCSH.txt
生活时尚,https://stream1.freetv.fun/ipv6-sheng-huo-shi-shang-7.m3u8,,,,,,,,,,,CCSH.txt
生活时尚,https://stream1.freetv.fun/ipv6-sheng-huo-shi-shang-2.m3u8,,,,,,,,,,,CCSH.txt
生活时尚,https://stream1.freetv.fun/sheng-huo-shi-shang-25.ctv,,,,,,,,,,,CCSH.txt
生活时尚,https://stream1.freetv.fun/sheng-huo-shi-shang-27.m3u8,,,,,,,,,,,CCSH.txt
生活时尚,https://stream1.freetv.fun/ipv6-sheng-huo-shi-shang-14.m3u8,,,,,,,,,,,CCSH.txt
生活时尚,https://stream1.freetv.fun/sheng-huo-shi-shang-18.m3u8,,,,,,,,,,,CCSH.txt
生活时尚,https://stream1.freetv.fun/ipv6-sheng-huo-shi-shang-5.m3u8,,,,,,,,,,,CCSH.txt
生活时尚,https://stream1.freetv.fun/sheng-huo-shi-shang-10.ctv,,,,,,,,,,,CCSH.txt
生活时尚,https://stream1.freetv.fun/sheng-huo-shi-shang-11.m3u8,,,,,,,,,,,CCSH.txt
生活时尚,https://stream1.freetv.fun/sheng-huo-shi-shang-26.m3u8,,,,,,,,,,,CCSH.txt
生活时尚,https://stream1.freetv.fun/sheng-huo-shi-shang-4.ctv,,,,,,,,,,,CCSH.txt
生活时尚,https://stream1.freetv.fun/sheng-huo-shi-shang-19.ctv,,,,,,,,,,,CCSH.txt
生活时尚,https://stream1.freetv.fun/sheng-huo-shi-shang-6.m3u8,,,,,,,,,,,CCSH.txt
生活时尚,https://stream1.freetv.fun/sheng-huo-shi-shang-28.m3u8,,,,,,,,,,,CCSH.txt
第一财经,https://t.freetv.fun/live/shang-hai-di-yi-cai-jing-1.m3u8,,,,,,,,,,,CCSH.txt
第一财经,https://iptv.catvod.com/migu?id=608780988&token=0f15ffc26e83755c72ab2b8139161c3f,,,,,,,,,,,CCSH.txt
第一财经,https://stream1.freetv.fun/di-yi-cai-jing-3.m3u8,,,,,,,,,,,CCSH.txt
第一财经,https://stream1.freetv.fun/di-yi-cai-jing-2.m3u8,,,,,,,,,,,CCSH.txt
第一财经,https://stream1.freetv.fun/ipv6-di-yi-cai-jing-5.m3u8,,,,,,,,,,,CCSH.txt
第一财经,https://stream1.freetv.fun/di-yi-cai-jing-5.m3u8,,,,,,,,,,,CCSH.txt
第一财经,https://stream1.freetv.fun/ipv6-di-yi-cai-jing-3.m3u8,,,,,,,,,,,CCSH.txt
第一财经,https://stream1.freetv.fun/ipv6-di-yi-cai-jing-1.ctv,,,,,,,,,,,CCSH.txt
第一财经,https://stream1.freetv.fun/ipv6-di-yi-cai-jing-11.m3u8,,,,,,,,,,,CCSH.txt
第一财经,https://stream1.freetv.fun/di-yi-cai-jing-12.m3u8,,,,,,,,,,,CCSH.txt
第一财经,https://stream1.freetv.fun/di-yi-cai-jing-9.m3u8,,,,,,,,,,,CCSH.txt
第一财经,https://stream1.freetv.fun/ipv6-di-yi-cai-jing-4.m3u8,,,,,,,,,,,CCSH.txt
第一财经,https://stream1.freetv.fun/ipv6-di-yi-cai-jing-6.m3u8,,,,,,,,,,,CCSH.txt
第一财经,https://stream1.freetv.fun/di-yi-cai-jing-10.m3u8,,,,,,,,,,,CCSH.txt
第一财经,https://stream1.freetv.fun/ipv6-di-yi-cai-jing-7.m3u8,,,,,,,,,,,CCSH.txt
第一财经,https://stream1.freetv.fun/di-yi-cai-jing-7.m3u8,,,,,,,,,,,CCSH.txt
纪实人文,http://kkk.888.3116598.xyz/api.php?n=tttt&id=lbKb6q&tk=FgM0vQMejxvG,,,,,,,,,,,CCSH.txt
湖南公共,https://stream1.freetv.fun/hu-nan-gong-gong-4.m3u8,,,,,,,,,,,CCSH.txt
湖南公共,https://stream1.freetv.fun/hu-nan-gong-gong-3.m3u8,,,,,,,,,,,CCSH.txt
湖南公共,https://stream1.freetv.fun/hu-nan-gong-gong-gao-qing-1.m3u8,,,,,,,,,,,CCSH.txt
湖南公共,https://stream1.freetv.fun/hu-nan-gong-gong-2.m3u8,,,,,,,,,,,CCSH.txt
湖南公共,https://stream1.freetv.fun/hu-nan-gong-gong-1.m3u8,,,,,,,,,,,CCSH.txt
湖南公共,https://stream1.freetv.fun/hu-nan-gong-gong-6.m3u8,,,,,,,,,,,CCSH.txt
湖南公共,http://223.159.9.168:8099/tsfile/live/1003_1.m3u8?key=txiptv&playlive=0&authid=0,,,,,1920x1080,,,0.47,,,CCSH.txt
湖南国际,http://192.151.150.154/live/hngj.m3u8,,,,,,,,,,,CCSH.txt
湖南国际,https://stream1.freetv.fun/hu-nan-guo-ji-13.ctv,,,,,,,,,,,CCSH.txt
湖南国际,https://stream1.freetv.fun/hu-nan-guo-ji-3.m3u8,,,,,,,,,,,CCSH.txt
湖南国际,https://stream1.freetv.fun/hu-nan-guo-ji-7.m3u8,,,,,,,,,,,CCSH.txt
湖南国际,https://stream1.freetv.fun/hu-nan-guo-ji-2.m3u8,,,,,,,,,,,CCSH.txt
湖南国际,https://stream1.freetv.fun/hu-nan-guo-ji-10.m3u8,,,,,,,,,,,CCSH.txt
湖南国际,https://stream1.freetv.fun/hu-nan-guo-ji-9.m3u8,,,,,,,,,,,CCSH.txt
湖南国际,https://stream1.freetv.fun/hu-nan-guo-ji-12.m3u8,,,,,,,,,,,CCSH.txt
湖南国际,https://stream1.freetv.fun/hu-nan-guo-ji-1.m3u8,,,,,,,,,,,CCSH.txt
湖南国际,https://stream1.freetv.fun/hu-nan-guo-ji-4.m3u8,,,,,,,,,,,CCSH.txt
湖南国际,https://stream1.freetv.fun/hu-nan-guo-ji-6.m3u8,,,,,,,,,,,CCSH.txt
湖南国际,http://phonehw.qing.mgtv.com/nn_live/nn_x64/dWlwPTEwMy4zOS4yMjYuMTAwJnFpZD0mY2RuZXhfaWQ9aHdfcGhvbmUmcz0zYTExOGIwNDMyM2Y3Y2EyYjAyZDFjOTE3Yjc4YmU1YSZ1aWQ9JnV1aWQ9OGE4MjU5MWIyOWJkZGMzYWJiNDIxMzFjMmRhNTlkYjMtNjcyN2UyNjQmdj0yJmFzPTAmZXM9MTc0MDQwODkzNA,,,,,/HNGJMPP360.m3u8,,,,,,CCSH.txt
湖南国际,http://223.159.9.168:8099/tsfile/live/1007_1.m3u8?key=txiptv&playlive=0&authid=0,,,,,1920x1080,,,0.47,,,CCSH.txt
湖南娱乐,https://stream1.freetv.fun/hu-nan-yu-le-16.m3u8,,,,,,,,,,,CCSH.txt
湖南娱乐,https://stream1.freetv.fun/hu-nan-yu-le-4.m3u8,,,,,,,,,,,CCSH.txt
湖南娱乐,https://stream1.freetv.fun/hu-nan-yu-le-6.m3u8,,,,,,,,,,,CCSH.txt
湖南娱乐,https://stream1.freetv.fun/hu-nan-yu-le-1.m3u8,,,,,,,,,,,CCSH.txt
湖南娱乐,https://stream1.freetv.fun/hu-nan-yu-le-13.m3u8,,,,,,,,,,,CCSH.txt
湖南娱乐,https://stream1.freetv.fun/hu-nan-yu-le-2.m3u8,,,,,,,,,,,CCSH.txt
湖南娱乐,https://stream1.freetv.fun/hu-nan-yu-le-10.m3u8,,,,,,,,,,,CCSH.txt
湖南娱乐,https://stream1.freetv.fun/hu-nan-yu-le-gao-qing-3.m3u8,,,,,,,,,,,CCSH.txt
湖南娱乐,https://stream1.freetv.fun/hu-nan-yu-le-7.m3u8,,,,,,,,,,,CCSH.txt
湖南娱乐,https://stream1.freetv.fun/hu-nan-yu-le-14.m3u8,,,,,,,,,,,CCSH.txt
湖南娱乐,https://stream1.freetv.fun/hu-nan-yu-le-12.m3u8,,,,,,,,,,,CCSH.txt
湖南娱乐,https://stream1.freetv.fun/hu-nan-yu-le-9.m3u8,,,,,,,,,,,CCSH.txt
湖南娱乐,https://stream1.freetv.fun/hu-nan-yu-le-8.m3u8,,,,,,,,,,,CCSH.txt
湖南娱乐,http://116.128.243.121:85/tsfile/live/1002_1.m3u8?key=txiptv&playlive=1&authid=0,,,,,,,,,,,CCSH.txt
湖南娱乐,https://stream1.freetv.fun/hu-nan-yu-le-16.ctv,,,,,,,,,,,CCSH.txt
湖南娱乐,https://stream1.freetv.fun/hu-nan-yu-le-gao-qing-1.m3u8,,,,,,,,,,,CCSH.txt
湖南娱乐,https://stream1.freetv.fun/hu-nan-yu-le-11.m3u8,,,,,,,,,,,CCSH.txt
湖南娱乐,https://stream1.freetv.fun/hu-nan-yu-le-5.m3u8,,,,,,,,,,,CCSH.txt
湖南教育,https://stream1.freetv.fun/hu-nan-jiao-yu-1.m3u8,,,,,,,,,,,CCSH.txt
湖南教育,https://stream1.freetv.fun/hu-nan-jiao-yu-2.m3u8,,,,,,,,,,,CCSH.txt
湖南教育,https://stream1.freetv.fun/hu-nan-jiao-yu-4.m3u8,,,,,,,,,,,CCSH.txt
湖南教育,https://stream1.freetv.fun/hu-nan-jiao-yu-5.m3u8,,,,,,,,,,,CCSH.txt
湖南教育,http://218.77.84.102:85/tsfile/live/156/2011_1.m3u8?key=txiptv,,,,,,,,,,,CCSH.txt
湖南教育,https://t.freetv.fun/live/hu-nan-jiao-yu-1.m3u8,,,,,,,,,,,CCSH.txt
湖南爱晚,http://218.77.84.102:85/tsfile/live/150/2006_1.m3u8?key=txiptv,,,,,,,,,,,CCSH.txt
湖南爱晚,http://phonehw.qing.mgtv.com/nn_live/nn_x64/Y2hzPSZkZWY9MSZ1aXA9MTA2LjE0LjM4LjU1JnRlcm09NSZtYWNpZD02ODZlOGNmOGM4OGU3N2VjOWEwNzkzMjg5ZjUzNDg0MmFiZWM0ZjNjJnFpZD0mcmF1dGhfZW5hYmxlPW9uJmNkbmV4X2lkPWh3X3Bob25lJmVzPTE3ODU3NDU3MTYmdXVpZD02N2UwYzBhMTE1YmM0NjY5MWQ5YzUzMDQwMzlkMDI0Ni02YTBlMjYzNyZzPWM5YzM4MDcyZDUzMzQ5MjliNzU3ZmE2ZDI0Mzg2ZGNiJnVpZD0mbmR2PWlvcy02LjUuMCZ2PTImYXM9MCZfY2FyQ29kZT0w/KLCDMPP360.m3u8,,,,,,,,,,,CCSH.txt
湖南电影,https://stream1.freetv.fun/hu-nan-dian-ying-14.m3u8,,,,,,,,,,,CCSH.txt
湖南电影,https://stream1.freetv.fun/hu-nan-dian-ying-9.m3u8,,,,,,,,,,,CCSH.txt
湖南电影,https://stream1.freetv.fun/hu-nan-dian-ying-11.m3u8,,,,,,,,,,,CCSH.txt
湖南电影,https://stream1.freetv.fun/hu-nan-dian-ying-17.ctv,,,,,,,,,,,CCSH.txt
湖南电影,https://stream1.freetv.fun/hu-nan-dian-ying-5.m3u8,,,,,,,,,,,CCSH.txt
湖南电影,https://stream1.freetv.fun/hu-nan-dian-ying-2.m3u8,,,,,,,,,,,CCSH.txt
湖南电影,https://stream1.freetv.fun/hu-nan-dian-ying-12.m3u8,,,,,,,,,,,CCSH.txt
湖南电影,https://stream1.freetv.fun/hu-nan-dian-ying-8.m3u8,,,,,,,,,,,CCSH.txt
湖南电影,https://stream1.freetv.fun/hu-nan-dian-ying-10.m3u8,,,,,,,,,,,CCSH.txt
湖南电影,https://stream1.freetv.fun/hu-nan-dian-ying-13.m3u8,,,,,,,,,,,CCSH.txt
湖南电影,https://stream1.freetv.fun/hu-nan-dian-ying-6.m3u8,,,,,,,,,,,CCSH.txt
湖南电影,https://stream1.freetv.fun/hu-nan-dian-ying-15.m3u8,,,,,,,,,,,CCSH.txt
湖南电影,https://stream1.freetv.fun/hu-nan-dian-ying-4.m3u8,,,,,,,,,,,CCSH.txt
湖南电影,https://stream1.freetv.fun/hu-nan-dian-ying-7.m3u8,,,,,,,,,,,CCSH.txt
湖南电影,https://stream1.freetv.fun/hu-nan-dian-ying-3.m3u8,,,,,,,,,,,CCSH.txt
湖南电影,http://218.77.84.102:85/tsfile/live/149/2005_1.m3u8?key=txiptv,,,,,,,,,,,CCSH.txt
湖南电影,http://223.159.9.168:8099/tsfile/live/1001_1.m3u8?key=txiptv&playlive=0&authid=0,,,,,1920x1080,,,0.38,,,CCSH.txt
湖南电视剧,https://stream1.freetv.fun/hu-nan-dian-shi-ju-9.m3u8,,,,,,,,,,,CCSH.txt
湖南电视剧,https://stream1.freetv.fun/hu-nan-dian-shi-ju-8.m3u8,,,,,,,,,,,CCSH.txt
湖南电视剧,https://stream1.freetv.fun/hu-nan-dian-shi-ju-6.m3u8,,,,,,,,,,,CCSH.txt
湖南电视剧,https://stream1.freetv.fun/hu-nan-dian-shi-ju-4.m3u8,,,,,,,,,,,CCSH.txt
湖南电视剧,https://stream1.freetv.fun/hu-nan-dian-shi-ju-15.m3u8,,,,,,,,,,,CCSH.txt
湖南电视剧,https://stream1.freetv.fun/hu-nan-dian-shi-ju-1.m3u8,,,,,,,,,,,CCSH.txt
湖南电视剧,https://stream1.freetv.fun/hu-nan-dian-shi-ju-10.ctv,,,,,,,,,,,CCSH.txt
湖南电视剧,https://stream1.freetv.fun/hu-nan-dian-shi-ju-gao-qing-1.m3u8,,,,,,,,,,,CCSH.txt
湖南电视剧,https://stream1.freetv.fun/hu-nan-dian-shi-ju-5.m3u8,,,,,,,,,,,CCSH.txt
湖南电视剧,http://175.155.106.72:89/live1/live1.m3u8?zsicd 72.会东新闻,,,,,,,,,,,CCSH.txt
湖南电视剧,https://stream1.freetv.fun/hu-nan-dian-shi-ju-11.m3u8,,,,,,,,,,,CCSH.txt
湖南电视剧,http://218.77.84.102:85/tsfile/live/148/2004_1.m3u8?key=txiptv,,,,,,,,,,,CCSH.txt
湖南电视剧,http://php.jdshipin.com:8880/iptv.php?id=hndsj,,,,,,,,,,,CCSH.txt
湖南电视剧,http://phonehw.qing.mgtv.com/nn_live/nn_x64/dWlwPTEwMy4zOS4yMjYuMTAwJnFpZD0mY2RuZXhfaWQ9aHdfcGhvbmUmcz0yODUxNGViMDMzMTQxNjdjYTNiMzYxNjlmNTRmOGYzMSZ1aWQ9JnV1aWQ9ZTRkODgyNGE1YzQ4ZjVkOGQ4MjRmMWRjYzdlOGRlMWUtNjcyN2UyNjQmdj0yJmFzPTAmZXM9MTc0MDQwMTU5Nw,,,,,/HNDSJMPP360.m3u8,,,,,,CCSH.txt
湖南电视剧,http://223.159.9.168:8099/tsfile/live/1004_1.m3u8?key=txiptv&playlive=0&authid=0,,,,,1920x1080,,,0.54,,,CCSH.txt
湖南经视,https://stream1.freetv.fun/hu-nan-jing-shi-13.m3u8,,,,,,,,,,,CCSH.txt
湖南经视,https://stream1.freetv.fun/hu-nan-jing-shi-10.ctv,,,,,,,,,,,CCSH.txt
湖南经视,https://stream1.freetv.fun/hu-nan-jing-shi-gao-qing-2.m3u8,,,,,,,,,,,CCSH.txt
湖南经视,https://stream1.freetv.fun/hu-nan-jing-shi-9.m3u8,,,,,,,,,,,CCSH.txt
湖南经视,https://stream1.freetv.fun/hu-nan-jing-shi-14.m3u8,,,,,,,,,,,CCSH.txt
湖南经视,https://stream1.freetv.fun/hu-nan-jing-shi-12.m3u8,,,,,,,,,,,CCSH.txt
湖南经视,https://stream1.freetv.fun/hu-nan-jing-shi-4.m3u8,,,,,,,,,,,CCSH.txt
湖南经视,https://stream1.freetv.fun/hu-nan-jing-shi-10.m3u8,,,,,,,,,,,CCSH.txt
湖南经视,http://116.128.243.121:85/tsfile/live/1000_1.m3u8?key=txiptv&playlive=1&authid=0,,,,,,,,,,,CCSH.txt
湖南经视,https://stream1.freetv.fun/hu-nan-jing-shi-11.m3u8,,,,,,,,,,,CCSH.txt
湖南经视,http://218.77.84.102:85/tsfile/live/146/2002_1.m3u8?key=txiptv,,,,,,,,,,,CCSH.txt
湖南经视,http://223.159.9.168:8099/tsfile/live/1006_1.m3u8?key=txiptv&playlive=0&authid=0,,,,,1920x1080,,,0.47,,,CCSH.txt
湖南都市,https://stream1.freetv.fun/hu-nan-du-shi-7.m3u8,,,,,,,,,,,CCSH.txt
湖南都市,https://stream1.freetv.fun/hu-nan-du-shi-gao-qing-1.m3u8,,,,,,,,,,,CCSH.txt
湖南都市,https://stream1.freetv.fun/hu-nan-du-shi-15.m3u8,,,,,,,,,,,CCSH.txt
湖南都市,https://stream1.freetv.fun/hu-nan-du-shi-14.m3u8,,,,,,,,,,,CCSH.txt
湖南都市,https://stream1.freetv.fun/hu-nan-du-shi-3.m3u8,,,,,,,,,,,CCSH.txt
湖南都市,https://stream1.freetv.fun/hu-nan-du-shi-12.ctv,,,,,,,,,,,CCSH.txt
湖南都市,https://stream1.freetv.fun/hu-nan-du-shi-1.m3u8,,,,,,,,,,,CCSH.txt
湖南都市,https://stream1.freetv.fun/hu-nan-du-shi-10.m3u8,,,,,,,,,,,CCSH.txt
湖南都市,https://stream1.freetv.fun/hu-nan-du-shi-11.m3u8,,,,,,,,,,,CCSH.txt
湖南都市,https://stream1.freetv.fun/hu-nan-du-shi-gao-qing-3.m3u8,,,,,,,,,,,CCSH.txt
湖南都市,https://stream1.freetv.fun/hu-nan-du-shi-5.m3u8,,,,,,,,,,,CCSH.txt
湖南都市,http://116.128.243.121:85/tsfile/live/1001_1.m3u8?key=txiptv&playlive=1&authid=0,,,,,,,,,,,CCSH.txt
湖南都市,http://218.77.84.102:85/tsfile/live/147/2003_1.m3u8?key=txiptv,,,,,,,,,,,CCSH.txt
湖南都市,https://stream1.freetv.fun/hu-nan-du-shi-6.m3u8,,,,,,,,,,,CCSH.txt
湖南都市,http://223.159.9.168:8099/tsfile/live/1002_1.m3u8?key=txiptv&playlive=0&authid=0,,,,,1920x1080,,,0.35,,,CCSH.txt
金鹰纪实,https://t.freetv.fun/live/jin-ying-ji-shi-9.m3u8,,,,,,,,,,,CCSH.txt
金鹰纪实,https://t.freetv.fun/live/jin-ying-ji-shi-8.m3u8,,,,,,,,,,,CCSH.txt
金鹰纪实,https://stream1.freetv.fun/jin-ying-ji-shi-36.ctv,,,,,,,,,,,CCSH.txt
金鹰纪实,https://stream1.freetv.fun/jin-ying-ji-shi-10.ctv,,,,,,,,,,,CCSH.txt
金鹰纪实,https://stream1.freetv.fun/jin-ying-ji-shi-1.ctv,,,,,,,,,,,CCSH.txt
金鹰纪实,https://stream1.freetv.fun/jin-ying-ji-shi-20.ctv,,,,,,,,,,,CCSH.txt
金鹰纪实,https://stream1.freetv.fun/jin-ying-ji-shi-31.m3u8,,,,,,,,,,,CCSH.txt
金鹰纪实,https://stream1.freetv.fun/jin-ying-ji-shi-13.ctv,,,,,,,,,,,CCSH.txt
金鹰纪实,https://stream1.freetv.fun/jin-ying-ji-shi-13.m3u8,,,,,,,,,,,CCSH.txt
金鹰纪实,https://stream1.freetv.fun/jin-ying-ji-shi-28.ctv,,,,,,,,,,,CCSH.txt
金鹰纪实,https://stream1.freetv.fun/jin-ying-ji-shi-6.m3u8,,,,,,,,,,,CCSH.txt
金鹰纪实,https://stream1.freetv.fun/jin-ying-ji-shi-12.m3u8,,,,,,,,,,,CCSH.txt
金鹰纪实,https://stream1.freetv.fun/jin-ying-ji-shi-32.ctv,,,,,,,,,,,CCSH.txt
金鹰纪实,https://stream1.freetv.fun/jin-ying-ji-shi-23.m3u8,,,,,,,,,,,CCSH.txt
金鹰纪实,https://stream1.freetv.fun/jin-ying-ji-shi-37.m3u8,,,,,,,,,,,CCSH.txt
金鹰纪实,https://stream1.freetv.fun/jin-ying-ji-shi-12.ctv,,,,,,,,,,,CCSH.txt
金鹰纪实,https://stream1.freetv.fun/jin-ying-ji-shi-16.m3u8,,,,,,,,,,,CCSH.txt
金鹰纪实,https://stream1.freetv.fun/jin-ying-ji-shi-3.m3u8,,,,,,,,,,,CCSH.txt
金鹰纪实,https://stream1.freetv.fun/jin-ying-ji-shi-31.ctv,,,,,,,,,,,CCSH.txt
长沙新闻综合,http://ottrrs.hl.chinamobile.com/PLTV/88888888/224/3221226308/index.m3u8,,,,,,,,,,,CCSH.txt
十堰新闻,https://p8.vzan.com/slowlive/687885422202942639/live.m3u8,,,,,,,,,,,CCSH.txt
武汉一台新闻综合,http://ottrrs.hl.chinamobile.com/PLTV/88888888/224/3221226478/index.m3u8,,,,,,,,,,,CCSH.txt
武汉一台新闻综合,https://stream1.freetv.fun/wu-yi-yi-tai-xin-wen-zong-he-4.m3u8,,,,,,,,,,,CCSH.txt
武汉一台新闻综合,https://stream1.freetv.fun/wu-yi-yi-tai-xin-wen-zong-he-5.ctv,,,,,,,,,,,CCSH.txt
武汉一台新闻综合,https://stream1.freetv.fun/wu-yi-1xin-wen-zong-he-1.m3u8,,,,,,,,,,,CCSH.txt
武汉一台新闻综合,https://stream1.freetv.fun/wu-yi-1xin-wen-zong-he-2.m3u8,,,,,,,,,,,CCSH.txt
武汉一台新闻综合,http://livestream.hannews.com.cn/hannews/1511-hannews.m3u8?txSecret=894cfb3bf400ee80f6b4c1a1ed0bd3ab&txTime=760D3C40,,,,,,,,,,,CCSH.txt
武汉二台电视剧,https://stream1.freetv.fun/wu-yi-er-tai-dian-shi-ju-3.ctv,,,,,,,,,,,CCSH.txt
武汉二台电视剧,https://stream1.freetv.fun/wu-yi-er-tai-dian-shi-ju-1.m3u8,,,,,,,,,,,CCSH.txt
武汉教育,https://stream1.freetv.fun/wu-yi-jiao-yu-12.m3u8,,,,,,,,,,,CCSH.txt
武汉教育,https://stream1.freetv.fun/wu-yi-jiao-yu-15.m3u8,,,,,,,,,,,CCSH.txt
武汉教育,https://stream1.freetv.fun/wu-yi-jiao-yu-7.m3u8,,,,,,,,,,,CCSH.txt
武汉教育,https://stream1.freetv.fun/wu-yi-jiao-yu-17.m3u8,,,,,,,,,,,CCSH.txt
武汉教育,https://stream1.freetv.fun/wu-yi-jiao-yu-18.m3u8,,,,,,,,,,,CCSH.txt
武汉教育,https://stream1.freetv.fun/wu-yi-jiao-yu-5.m3u8,,,,,,,,,,,CCSH.txt
江夏新闻综合,http://59.175.226.142:280/gb28181/xwzh.m3u8?%E5%85%B3%E6%B3%A8%E5%BE%AE%E4%BF%A1%E5%85%AC%E4%BC%97%E5%8F%B7[%E6%99%B4%E5%9B%AD],,,,,,,,,,,CCSH.txt
江夏新闻综合,http://59.175.226.142:280/gb28181/xwzh.m3u8,,,,,,,,,,,CCSH.txt
湖北公共,https://stream1.freetv.fun/hu-bei-gong-gong-9.m3u8,,,,,,,,,,,CCSH.txt
湖北公共,https://stream1.freetv.fun/hu-bei-gong-gong-xin-wen-2.m3u8,,,,,,,,,,,CCSH.txt
湖北公共,https://stream1.freetv.fun/hu-bei-gong-gong-10.m3u8,,,,,,,,,,,CCSH.txt
湖北公共,https://stream1.freetv.fun/hu-bei-gong-gong-5.m3u8,,,,,,,,,,,CCSH.txt
湖北公共,https://stream1.freetv.fun/hu-bei-gong-gong-13.m3u8,,,,,,,,,,,CCSH.txt
湖北公共,https://stream1.freetv.fun/hu-bei-gong-gong-xin-wen-4.m3u8,,,,,,,,,,,CCSH.txt
湖北公共,https://stream1.freetv.fun/hu-bei-gong-gong-4.m3u8,,,,,,,,,,,CCSH.txt
湖北公共,https://stream1.freetv.fun/hu-bei-gong-gong-1.m3u8,,,,,,,,,,,CCSH.txt
湖北公共,https://stream1.freetv.fun/hu-bei-gong-gong-2.m3u8,,,,,,,,,,,CCSH.txt
湖北公共,https://stream1.freetv.fun/hu-bei-gong-gong-11.m3u8,,,,,,,,,,,CCSH.txt
湖北公共,https://stream1.freetv.fun/hu-bei-gong-gong-xin-wen-3.ctv,,,,,,,,,,,CCSH.txt
湖北公共,https://stream1.freetv.fun/hu-bei-gong-gong-12.m3u8,,,,,,,,,,,CCSH.txt
湖北公共,https://stream1.freetv.fun/hu-bei-gong-gong-3.m3u8,,,,,,,,,,,CCSH.txt
湖北公共,https://stream1.freetv.fun/hu-bei-gong-gong-7.m3u8,,,,,,,,,,,CCSH.txt
湖北垄上,http://38.75.136.137:98/gslb/dsdqpub/hbls.m3u8?auth=testpub,,,,,,,,,,,CCSH.txt
湖北垄上,https://stream1.freetv.fun/hu-bei-long-shang-15.m3u8,,,,,,,,,,,CCSH.txt
湖北垄上,https://stream1.freetv.fun/hu-bei-long-shang-10.m3u8,,,,,,,,,,,CCSH.txt
湖北垄上,https://stream1.freetv.fun/hu-bei-long-shang-1.m3u8,,,,,,,,,,,CCSH.txt
湖北垄上,https://stream1.freetv.fun/hu-bei-long-shang-16.m3u8,,,,,,,,,,,CCSH.txt
湖北垄上,https://stream1.freetv.fun/hu-bei-long-shang-10.ctv,,,,,,,,,,,CCSH.txt
湖北垄上,https://stream1.freetv.fun/hu-bei-long-shang-14.m3u8,,,,,,,,,,,CCSH.txt
湖北垄上,https://stream1.freetv.fun/hu-bei-long-shang-13.m3u8,,,,,,,,,,,CCSH.txt
湖北垄上,https://stream1.freetv.fun/hu-bei-long-shang-3.m3u8,,,,,,,,,,,CCSH.txt
湖北垄上,https://stream1.freetv.fun/hu-bei-long-shang-13.ctv,,,,,,,,,,,CCSH.txt
湖北垄上,https://stream1.freetv.fun/hu-bei-long-shang-12.m3u8,,,,,,,,,,,CCSH.txt
湖北垄上,https://stream1.freetv.fun/hu-bei-long-shang-7.m3u8,,,,,,,,,,,CCSH.txt
湖北垄上,https://stream1.freetv.fun/hu-bei-long-shang-4.m3u8,,,,,,,,,,,CCSH.txt
湖北垄上,https://stream1.freetv.fun/hu-bei-long-shang-5.m3u8,,,,,,,,,,,CCSH.txt
湖北垄上,https://stream1.freetv.fun/hu-bei-long-shang-11.m3u8,,,,,,,,,,,CCSH.txt
湖北垄上,https://stream1.freetv.fun/hu-bei-long-shang-18.m3u8,,,,,,,,,,,CCSH.txt
湖北垄上,https://stream1.freetv.fun/hu-bei-long-shang-6.m3u8,,,,,,,,,,,CCSH.txt
湖北垄上,http://63.141.230.178:82/gslb/zbdq5.m3u8?id=hbls,,,,,,,,,,,CCSH.txt
湖北影视,http://38.75.136.137:98/gslb/dsdqpub/hbys.m3u8?auth=testpub,,,,,,,,,,,CCSH.txt
湖北影视,http://63.141.230.178:82/gslb/zbdq5.m3u8?id=hbys,,,,,,,,,,,CCSH.txt
湖北影视,https://stream1.freetv.fun/hu-bei-ying-shi-7.m3u8,,,,,,,,,,,CCSH.txt
湖北影视,https://stream1.freetv.fun/hu-bei-ying-shi-16.m3u8,,,,,,,,,,,CCSH.txt
湖北影视,https://stream1.freetv.fun/hu-bei-ying-shi-10.m3u8,,,,,,,,,,,CCSH.txt
湖北影视,https://stream1.freetv.fun/hu-bei-ying-shi-4.m3u8,,,,,,,,,,,CCSH.txt
湖北影视,https://stream1.freetv.fun/hu-bei-ying-shi-13.m3u8,,,,,,,,,,,CCSH.txt
湖北影视,https://stream1.freetv.fun/hu-bei-ying-shi-5.m3u8,,,,,,,,,,,CCSH.txt
湖北影视,https://stream1.freetv.fun/hu-bei-ying-shi-15.m3u8,,,,,,,,,,,CCSH.txt
湖北影视,https://stream1.freetv.fun/hu-bei-ying-shi-15.ctv,,,,,,,,,,,CCSH.txt
湖北影视,https://stream1.freetv.fun/hu-bei-ying-shi-12.m3u8,,,,,,,,,,,CCSH.txt
湖北影视,https://stream1.freetv.fun/hu-bei-ying-shi-8.m3u8,,,,,,,,,,,CCSH.txt
湖北影视,https://stream1.freetv.fun/hu-bei-ying-shi-3.m3u8,,,,,,,,,,,CCSH.txt
湖北影视,https://stream1.freetv.fun/hu-bei-ying-shi-11.m3u8,,,,,,,,,,,CCSH.txt
湖北影视,https://stream1.freetv.fun/hu-bei-ying-shi-2.m3u8,,,,,,,,,,,CCSH.txt
湖北影视,https://stream1.freetv.fun/hu-bei-ying-shi-6.m3u8,,,,,,,,,,,CCSH.txt
湖北教育,http://38.75.136.137:98/gslb/dsdqpub/hbjy.m3u8?auth=testpub,,,,,,,,,,,CCSH.txt
湖北教育,http://63.141.230.178:82/gslb/zbdq5.m3u8?id=hbjy,,,,,,,,,,,CCSH.txt
湖北教育,https://stream1.freetv.fun/hu-bei-jiao-yu-9.m3u8,,,,,,,,,,,CCSH.txt
湖北教育,https://stream1.freetv.fun/hu-bei-jiao-yu-14.m3u8,,,,,,,,,,,CCSH.txt
湖北教育,https://stream1.freetv.fun/hu-bei-jiao-yu-8.m3u8,,,,,,,,,,,CCSH.txt
湖北教育,https://stream1.freetv.fun/hu-bei-jiao-yu-10.ctv,,,,,,,,,,,CCSH.txt
湖北教育,https://stream1.freetv.fun/hu-bei-jiao-yu-13.m3u8,,,,,,,,,,,CCSH.txt
湖北教育,https://stream1.freetv.fun/hu-bei-jiao-yu-2.m3u8,,,,,,,,,,,CCSH.txt
湖北生活,http://38.75.136.137:98/gslb/dsdqpub/hbty.m3u8?auth=testpub,,,,,,,,,,,CCSH.txt
湖北生活,http://63.141.230.178:82/gslb/zbdq5.m3u8?id=hbty,,,,,,,,,,,CCSH.txt
湖北生活,https://stream1.freetv.fun/hu-bei-sheng-huo-5.m3u8,,,,,,,,,,,CCSH.txt
湖北生活,https://stream1.freetv.fun/hu-bei-sheng-huo-12.ctv,,,,,,,,,,,CCSH.txt
湖北生活,https://stream1.freetv.fun/hu-bei-sheng-huo-11.m3u8,,,,,,,,,,,CCSH.txt
湖北生活,https://stream1.freetv.fun/hu-bei-sheng-huo-12.m3u8,,,,,,,,,,,CCSH.txt
湖北生活,https://stream1.freetv.fun/hu-bei-sheng-huo-1.m3u8,,,,,,,,,,,CCSH.txt
湖北经视,http://63.141.230.178:82/gslb/zbdq5.m3u8?id=hbjs,,,,,,,,,,,CCSH.txt
湖北经视,https://stream1.freetv.fun/hu-bei-jing-shi-19.ctv,,,,,,,,,,,CCSH.txt
湖北经视,https://stream1.freetv.fun/hu-bei-jing-shi-3.m3u8,,,,,,,,,,,CCSH.txt
湖北经视,https://stream1.freetv.fun/hu-bei-jing-shi-20.m3u8,,,,,,,,,,,CCSH.txt
湖北经视,https://stream1.freetv.fun/hu-bei-jing-shi-11.m3u8,,,,,,,,,,,CCSH.txt
湖北经视,https://stream1.freetv.fun/hu-bei-jing-shi-22.m3u8,,,,,,,,,,,CCSH.txt
湖北经视,https://stream1.freetv.fun/hu-bei-jing-shi-23.m3u8,,,,,,,,,,,CCSH.txt
湖北经视,https://stream1.freetv.fun/hu-bei-jing-shi-10.m3u8,,,,,,,,,,,CCSH.txt
湖北经视,https://stream1.freetv.fun/hu-bei-jing-shi-14.m3u8,,,,,,,,,,,CCSH.txt
湖北经视,https://stream1.freetv.fun/hu-bei-jing-shi-7.m3u8,,,,,,,,,,,CCSH.txt
湖北经视,https://stream1.freetv.fun/hu-bei-jing-shi-12.m3u8,,,,,,,,,,,CCSH.txt
湖北经视,https://stream1.freetv.fun/hu-bei-jing-shi-8.m3u8,,,,,,,,,,,CCSH.txt
湖北经视,https://stream1.freetv.fun/hu-bei-jing-shi-19.m3u8,,,,,,,,,,,CCSH.txt
湖北经视,https://stream1.freetv.fun/hu-bei-jing-shi-6.m3u8,,,,,,,,,,,CCSH.txt
湖北经视,https://stream1.freetv.fun/hu-bei-jing-shi-9.m3u8,,,,,,,,,,,CCSH.txt
湖北经视,https://stream1.freetv.fun/hu-bei-jing-shi-1.m3u8,,,,,,,,,,,CCSH.txt
湖北经视,https://stream1.freetv.fun/hu-bei-jing-shi-13.m3u8,,,,,,,,,,,CCSH.txt
湖北综合,http://38.75.136.137:98/gslb/dsdqpub/hbzh.m3u8?auth=testpub,,,,,,,,,,,CCSH.txt
湖北综合,http://63.141.230.178:82/gslb/zbdq5.m3u8?id=hbzh,,,,,,,,,,,CCSH.txt
湖北综合,https://stream1.freetv.fun/hu-bei-zong-he-11.ctv,,,,,,,,,,,CCSH.txt
湖北综合,https://stream1.freetv.fun/hu-bei-zong-he-10.m3u8,,,,,,,,,,,CCSH.txt
湖北综合,https://stream1.freetv.fun/hu-bei-zong-he-2.m3u8,,,,,,,,,,,CCSH.txt
湖北综合,https://stream1.freetv.fun/hu-bei-zong-he-8.m3u8,,,,,,,,,,,CCSH.txt
湖北综合,https://stream1.freetv.fun/hu-bei-zong-he-9.m3u8,,,,,,,,,,,CCSH.txt
湖北综合,https://stream1.freetv.fun/hu-bei-zong-he-3.m3u8,,,,,,,,,,,CCSH.txt
湖北综合,https://stream1.freetv.fun/hu-bei-zong-he-12.m3u8,,,,,,,,,,,CCSH.txt
湖北综合,https://stream1.freetv.fun/hu-bei-zong-he-7.m3u8,,,,,,,,,,,CCSH.txt
湖北综合,http://58.19.133.144:9901,,,,,,,,,,,CCSH.txt
荆门新闻综合,https://stream1.freetv.fun/jing-men-xin-wen-zong-he-1.m3u8,,,,,,,,,,,CCSH.txt
荆门新闻综合,https://stream1.freetv.fun/jing-men-xin-wen-zong-he-4.m3u8,,,,,,,,,,,CCSH.txt
荆门新闻综合,https://stream1.freetv.fun/jing-men-xin-wen-zong-he-5.m3u8,,,,,,,,,,,CCSH.txt
荆门新闻综合,http://stream.jmtv.com.cn/xwzh/sd/live.m3u8?%E5%85%B3%E6%B3%A8%E5%BE%AE%E4%BF%A1%E5%85%AC%E4%BC%97%E5%8F%B7[%E6%99%B4%E5%9B%AD],,,,,,,,,,,CCSH.txt
荆门新闻综合,http://stream.jmtv.com.cn/xwzh/sd/live.m3u8?zhubd,,,,,,,,,,,CCSH.txt
麻城综合,https://video.yscxy.cn:8888/mctv1.m3u8,,,,,,,,,,,CCSH.txt
五华综合,http://p2hs.vzan.com/slowlive/621139761151691240/live.m3u8,,,,,,,,,,,CCSH.txt
佛山公共,https://stream1.freetv.fun/fo-shan-gong-gong-27.ctv,,,,,,,,,,,CCSH.txt
佛山公共,https://stream1.freetv.fun/fo-shan-gong-gong-15.ctv,,,,,,,,,,,CCSH.txt
佛山公共,https://stream1.freetv.fun/fo-shan-gong-gong-9.ctv,,,,,,,,,,,CCSH.txt
佛山公共,https://stream1.freetv.fun/fo-shan-gong-gong-2.ctv,,,,,,,,,,,CCSH.txt
佛山公共,https://stream1.freetv.fun/fo-shan-gong-gong-22.ctv,,,,,,,,,,,CCSH.txt
佛山公共,https://stream1.freetv.fun/fo-shan-gong-gong-19.ctv,,,,,,,,,,,CCSH.txt
佛山公共,https://stream1.freetv.fun/fo-shan-gong-gong-5.ctv,,,,,,,,,,,CCSH.txt
佛山公共,https://stream1.freetv.fun/fo-shan-gong-gong-11.ctv,,,,,,,,,,,CCSH.txt
佛山公共,https://stream1.freetv.fun/fo-shan-gong-gong-8.ctv,,,,,,,,,,,CCSH.txt
佛山公共,https://stream1.freetv.fun/fo-shan-gong-gong-18.ctv,,,,,,,,,,,CCSH.txt
佛山公共,https://stream1.freetv.fun/fo-shan-gong-gong-17.ctv,,,,,,,,,,,CCSH.txt
佛山公共,https://stream1.freetv.fun/fo-shan-gong-gong-12.ctv,,,,,,,,,,,CCSH.txt
佛山公共,https://stream1.freetv.fun/fo-shan-gong-gong-3.ctv,,,,,,,,,,,CCSH.txt
佛山公共,https://stream1.freetv.fun/fo-shan-gong-gong-1.ctv,,,,,,,,,,,CCSH.txt
佛山公共,https://stream1.freetv.fun/fo-shan-gong-gong-21.ctv,,,,,,,,,,,CCSH.txt
佛山公共,https://stream1.freetv.fun/fo-shan-gong-gong-4.ctv,,,,,,,,,,,CCSH.txt
佛山公共,https://stream1.freetv.fun/fo-shan-gong-gong-6.ctv,,,,,,,,,,,CCSH.txt
佛山公共,https://stream1.freetv.fun/fo-shan-gong-gong-26.ctv,,,,,,,,,,,CCSH.txt
佛山公共,https://stream1.freetv.fun/fo-shan-gong-gong-16.ctv,,,,,,,,,,,CCSH.txt
佛山公共,https://stream1.freetv.fun/fo-shan-gong-gong-10.ctv,,,,,,,,,,,CCSH.txt
佛山影视,https://stream1.freetv.fun/fo-shan-ying-shi-11.ctv,,,,,,,,,,,CCSH.txt
佛山影视,https://stream1.freetv.fun/fo-shan-ying-shi-17.ctv,,,,,,,,,,,CCSH.txt
佛山影视,https://stream1.freetv.fun/fo-shan-ying-shi-14.ctv,,,,,,,,,,,CCSH.txt
佛山影视,https://stream1.freetv.fun/fo-shan-ying-shi-5.ctv,,,,,,,,,,,CCSH.txt
佛山影视,https://stream1.freetv.fun/fo-shan-ying-shi-4.ctv,,,,,,,,,,,CCSH.txt
佛山影视,https://stream1.freetv.fun/fo-shan-ying-shi-20.ctv,,,,,,,,,,,CCSH.txt
佛山影视,https://stream1.freetv.fun/fo-shan-ying-shi-21.ctv,,,,,,,,,,,CCSH.txt
佛山影视,https://stream1.freetv.fun/fo-shan-ying-shi-7.ctv,,,,,,,,,,,CCSH.txt
佛山影视,https://stream1.freetv.fun/fo-shan-ying-shi-3.ctv,,,,,,,,,,,CCSH.txt
佛山影视,https://stream1.freetv.fun/fo-shan-ying-shi-19.ctv,,,,,,,,,,,CCSH.txt
佛山影视,https://stream1.freetv.fun/fo-shan-ying-shi-6.ctv,,,,,,,,,,,CCSH.txt
佛山影视,https://stream1.freetv.fun/fo-shan-ying-shi-2.ctv,,,,,,,,,,,CCSH.txt
佛山影视,https://stream1.freetv.fun/fo-shan-ying-shi-22.ctv,,,,,,,,,,,CCSH.txt
佛山影视,https://stream1.freetv.fun/fo-shan-ying-shi-12.ctv,,,,,,,,,,,CCSH.txt
佛山影视,https://stream1.freetv.fun/fo-shan-ying-shi-10.ctv,,,,,,,,,,,CCSH.txt
佛山影视,https://stream1.freetv.fun/fo-shan-ying-shi-1.ctv,,,,,,,,,,,CCSH.txt
佛山影视,https://stream1.freetv.fun/fo-shan-ying-shi-15.ctv,,,,,,,,,,,CCSH.txt
佛山影视,https://stream1.freetv.fun/fo-shan-ying-shi-13.ctv,,,,,,,,,,,CCSH.txt
佛山影视,https://stream1.freetv.fun/fo-shan-ying-shi-8.ctv,,,,,,,,,,,CCSH.txt
佛山影视,https://stream1.freetv.fun/fo-shan-ying-shi-9.ctv,,,,,,,,,,,CCSH.txt
佛山综合,https://stream1.freetv.fun/fo-shan-zong-he-11.ctv,,,,,,,,,,,CCSH.txt
佛山综合,https://stream1.freetv.fun/fo-shan-zong-he-20.ctv,,,,,,,,,,,CCSH.txt
佛山综合,https://stream1.freetv.fun/fo-shan-zong-he-5.ctv,,,,,,,,,,,CCSH.txt
佛山综合,https://stream1.freetv.fun/fo-shan-zong-he-18.ctv,,,,,,,,,,,CCSH.txt
佛山综合,https://stream1.freetv.fun/fo-shan-zong-he-3.ctv,,,,,,,,,,,CCSH.txt
佛山综合,https://stream1.freetv.fun/fo-shan-zong-he-8.ctv,,,,,,,,,,,CCSH.txt
佛山综合,https://stream1.freetv.fun/fo-shan-zong-he-12.ctv,,,,,,,,,,,CCSH.txt
佛山综合,https://stream1.freetv.fun/fo-shan-zong-he-14.ctv,,,,,,,,,,,CCSH.txt
佛山综合,https://stream1.freetv.fun/fo-shan-zong-he-2.ctv,,,,,,,,,,,CCSH.txt
佛山综合,https://stream1.freetv.fun/fo-shan-zong-he-24.ctv,,,,,,,,,,,CCSH.txt
佛山综合,https://stream1.freetv.fun/fo-shan-zong-he-16.ctv,,,,,,,,,,,CCSH.txt
佛山综合,https://stream1.freetv.fun/fo-shan-zong-he-23.ctv,,,,,,,,,,,CCSH.txt
佛山综合,https://stream1.freetv.fun/fo-shan-zong-he-21.ctv,,,,,,,,,,,CCSH.txt
佛山综合,https://stream1.freetv.fun/fo-shan-zong-he-13.ctv,,,,,,,,,,,CCSH.txt
佛山综合,https://stream1.freetv.fun/fo-shan-zong-he-1.ctv,,,,,,,,,,,CCSH.txt
南国都市,https://tencentplay.gztv.com/live/nanguodushi.m3u8?txSecret=59b2d3f371597c07d47815034a0e6e78&txTime=19019c65629,,,,,,,,,,,CCSH.txt
南国都市,https://tencentplaygsm.gztv.com/live/nanguodushi.m3u8?txTime=659a5130&txSecret=79b02fdfa77e39b5f5b86cd4bb848a0e,,,,,,,,,,,CCSH.txt
南国都市,https://tencentplaygsm.gztv.com/live/nanguodushi.m3u8?txTime=6594e9d5&txSecret=e783742d1233ae402ec4566b8537ca17,,,,,,,,,,,CCSH.txt
南国都市,http://r.jdshipin.com/nWaZO,,,,,,,,,,,CCSH.txt
南国都市,https://tencentplay.gztv.com/live/nanguodushi.m3u8?txSecret=c82f82d7a6beda92b2b1ce93753dcacb&txTime=18e4a381d46,,,,,,,,,,,CCSH.txt
南国都市,http://tencentplaygzrb01.gztv.com/live/nanguodushi.m3u8,,,,,,,,,,,CCSH.txt
广东新闻,https://t.freetv.fun/live/yan-dong-xin-wen-gao-qing-8.m3u8,,,,,,,,,,,CCSH.txt
广东新闻,https://t.freetv.fun/live/yan-dong-xin-wen-gao-qing-12.m3u8,,,,,,,,,,,CCSH.txt
广东新闻,https://t.freetv.fun/live/yan-dong-xin-wen-gao-qing-16.m3u8,,,,,,,,,,,CCSH.txt
广东新闻,https://t.freetv.fun/live/yan-dong-xin-wen-gao-qing-18.m3u8,,,,,,,,,,,CCSH.txt
广东新闻,https://t.freetv.fun/live/yan-dong-xin-wen-gao-qing-13.m3u8,,,,,,,,,,,CCSH.txt
广东新闻,https://t.freetv.fun/live/yan-dong-xin-wen-gao-qing-17.m3u8,,,,,,,,,,,CCSH.txt
广东民生,https://t.freetv.fun/live/yan-dong-min-sheng-gao-qing-3.m3u8,,,,,,,,,,,CCSH.txt
广东民生,https://t.freetv.fun/live/yan-dong-min-sheng-gao-qing-5.m3u8,,,,,,,,,,,CCSH.txt
广东民生,https://t.freetv.fun/live/yan-dong-min-sheng-gao-qing-15.m3u8,,,,,,,,,,,CCSH.txt
广东民生,https://t.freetv.fun/live/yan-dong-min-sheng-3.m3u8,,,,,,,,,,,CCSH.txt
广东民生,https://t.freetv.fun/live/yan-dong-min-sheng.m3u8,,,,,,,,,,,CCSH.txt
广东民生,https://t.freetv.fun/live/yan-dong-min-sheng-9.m3u8,,,,,,,,,,,CCSH.txt
广东民生,https://t.freetv.fun/live/yan-dong-min-sheng-gao-qing-16.m3u8,,,,,,,,,,,CCSH.txt
广东珠江,https://t.freetv.fun/live/yan-dong-zhu-jiang-gao-qing-4.m3u8,,,,,,,,,,,CCSH.txt
广东珠江,https://t.freetv.fun/live/yan-dong-zhu-jiang-9.m3u8,,,,,,,,,,,CCSH.txt
广东珠江,https://t.freetv.fun/live/yan-dong-zhu-jiang-gao-qing-5.m3u8,,,,,,,,,,,CCSH.txt
广东珠江,https://t.freetv.fun/live/yan-dong-zhu-jiang-gao-qing-11.m3u8,,,,,,,,,,,CCSH.txt
广东珠江,https://t.freetv.fun/live/yan-dong-zhu-jiang-gao-qing-7.m3u8,,,,,,,,,,,CCSH.txt
广东珠江,https://stream1.freetv.fun/5f12b986a77ebe5440c508c13895b3e7f8767b2a47c79f3f5fe948097e15337d.m3u8,,,,,,,,,,,CCSH.txt
广东珠江,https://stream1.freetv.fun/cd093c8b92ae68affb34b3b0f147bbdac575b4eee76ac0410e85d2777d808b6e.m3u8,,,,,,,,,,,CCSH.txt
广东珠江,https://t.freetv.fun/live/yan-dong-zhu-jiang-gao-qing-12.m3u8,,,,,,,,,,,CCSH.txt
广州影视,http://r.jdshipin.com/sFw4S,,,,,,,,,,,CCSH.txt
广州影视,https://stream1.freetv.fun/yan-zhou-ying-shi-18.ctv,,,,,,,,,,,CCSH.txt
广州影视,https://stream1.freetv.fun/yan-zhou-ying-shi-20.ctv,,,,,,,,,,,CCSH.txt
广州影视,https://stream1.freetv.fun/yan-zhou-ying-shi-11.ctv,,,,,,,,,,,CCSH.txt
广州影视,https://stream1.freetv.fun/yan-zhou-ying-shi-8.m3u8,,,,,,,,,,,CCSH.txt
广州影视,https://stream1.freetv.fun/yan-zhou-ying-shi-17.ctv,,,,,,,,,,,CCSH.txt
广州影视,https://stream1.freetv.fun/yan-zhou-ying-shi-2.ctv,,,,,,,,,,,CCSH.txt
广州影视,https://stream1.freetv.fun/yan-zhou-ying-shi-21.ctv,,,,,,,,,,,CCSH.txt
广州影视,https://stream1.freetv.fun/yan-zhou-ying-shi-16.m3u8,,,,,,,,,,,CCSH.txt
广州影视,https://stream1.freetv.fun/yan-zhou-ying-shi-10.ctv,,,,,,,,,,,CCSH.txt
广州影视,https://stream1.freetv.fun/yan-zhou-ying-shi-1.m3u8,,,,,,,,,,,CCSH.txt
广州影视,https://stream1.freetv.fun/yan-zhou-ying-shi-9.ctv,,,,,,,,,,,CCSH.txt
广州影视,https://stream1.freetv.fun/yan-zhou-ying-shi-4.ctv,,,,,,,,,,,CCSH.txt
广州影视,https://stream1.freetv.fun/yan-zhou-ying-shi-23.ctv,,,,,,,,,,,CCSH.txt
广州影视,https://stream1.freetv.fun/yan-zhou-ying-shi-19.ctv,,,,,,,,,,,CCSH.txt
广州新闻,https://stream1.freetv.fun/yan-zhou-xin-wen-11.m3u8,,,,,,,,,,,CCSH.txt
广州新闻,https://stream1.freetv.fun/yan-zhou-xin-wen-8.m3u8,,,,,,,,,,,CCSH.txt
广州新闻,https://stream1.freetv.fun/yan-zhou-xin-wen-6.ctv,,,,,,,,,,,CCSH.txt
广州新闻,https://stream1.freetv.fun/yan-zhou-xin-wen-7.ctv,,,,,,,,,,,CCSH.txt
广州新闻,https://stream1.freetv.fun/yan-zhou-xin-wen-20.ctv,,,,,,,,,,,CCSH.txt
广州新闻,https://stream1.freetv.fun/yan-zhou-xin-wen-15.ctv,,,,,,,,,,,CCSH.txt
广州新闻,https://stream1.freetv.fun/yan-zhou-xin-wen-25.ctv,,,,,,,,,,,CCSH.txt
广州新闻,https://stream1.freetv.fun/yan-zhou-xin-wen-13.ctv,,,,,,,,,,,CCSH.txt
广州新闻,https://stream1.freetv.fun/yan-zhou-xin-wen-5.m3u8,,,,,,,,,,,CCSH.txt
广州新闻,https://stream1.freetv.fun/yan-zhou-xin-wen-3.m3u8,,,,,,,,,,,CCSH.txt
广州新闻,https://stream1.freetv.fun/yan-zhou-xin-wen-10.ctv,,,,,,,,,,,CCSH.txt
广州新闻,https://stream1.freetv.fun/yan-zhou-xin-wen-12.ctv,,,,,,,,,,,CCSH.txt
广州新闻,https://stream1.freetv.fun/yan-zhou-xin-wen-18.ctv,,,,,,,,,,,CCSH.txt
广州新闻,https://stream1.freetv.fun/yan-zhou-xin-wen-26.ctv,,,,,,,,,,,CCSH.txt
广州新闻,https://stream1.freetv.fun/yan-zhou-xin-wen-21.ctv,,,,,,,,,,,CCSH.txt
广州新闻,https://stream1.freetv.fun/yan-zhou-xin-wen-19.ctv,,,,,,,,,,,CCSH.txt
广州新闻,https://stream1.freetv.fun/yan-zhou-xin-wen-17.ctv,,,,,,,,,,,CCSH.txt
广州新闻,https://stream1.freetv.fun/yan-zhou-xin-wen-14.ctv,,,,,,,,,,,CCSH.txt
广州竞赛,https://stream1.freetv.fun/yan-zhou-jing-sai-26.ctv,,,,,,,,,,,CCSH.txt
广州竞赛,https://stream1.freetv.fun/yan-zhou-jing-sai-4.m3u8,,,,,,,,,,,CCSH.txt
广州竞赛,https://stream1.freetv.fun/yan-zhou-jing-sai-7.m3u8,,,,,,,,,,,CCSH.txt
广州竞赛,https://stream1.freetv.fun/yan-zhou-jing-sai-22.m3u8,,,,,,,,,,,CCSH.txt
广州竞赛,https://stream1.freetv.fun/yan-zhou-jing-sai-11.m3u8,,,,,,,,,,,CCSH.txt
广州竞赛,https://stream1.freetv.fun/yan-zhou-jing-sai-18.ctv,,,,,,,,,,,CCSH.txt
广州竞赛,https://stream1.freetv.fun/yan-zhou-jing-sai-3.ctv,,,,,,,,,,,CCSH.txt
广州竞赛,https://stream1.freetv.fun/yan-zhou-jing-sai-36.ctv,,,,,,,,,,,CCSH.txt
广州竞赛,https://stream1.freetv.fun/yan-zhou-jing-sai-6.ctv,,,,,,,,,,,CCSH.txt
广州竞赛,https://stream1.freetv.fun/yan-zhou-jing-sai-20.ctv,,,,,,,,,,,CCSH.txt
广州竞赛,https://stream1.freetv.fun/yan-zhou-jing-sai-16.ctv,,,,,,,,,,,CCSH.txt
广州竞赛,https://stream1.freetv.fun/yan-zhou-jing-sai-2.ctv,,,,,,,,,,,CCSH.txt
广州竞赛,https://stream1.freetv.fun/yan-zhou-jing-sai-31.ctv,,,,,,,,,,,CCSH.txt
广州竞赛,https://stream1.freetv.fun/yan-zhou-jing-sai-37.m3u8,,,,,,,,,,,CCSH.txt
广州竞赛,https://stream1.freetv.fun/yan-zhou-jing-sai-25.ctv,,,,,,,,,,,CCSH.txt
广州综合,https://stream1.freetv.fun/yan-zhou-zong-he-18.ctv,,,,,,,,,,,CCSH.txt
广州综合,https://stream1.freetv.fun/yan-zhou-zong-he-1.m3u8,,,,,,,,,,,CCSH.txt
广州综合,https://stream1.freetv.fun/yan-zhou-zong-he-22.ctv,,,,,,,,,,,CCSH.txt
广州综合,https://stream1.freetv.fun/yan-zhou-zong-he-13.ctv,,,,,,,,,,,CCSH.txt
广州综合,https://stream1.freetv.fun/yan-zhou-zong-he-11.ctv,,,,,,,,,,,CCSH.txt
广州综合,https://stream1.freetv.fun/yan-zhou-zong-he-24.ctv,,,,,,,,,,,CCSH.txt
广州综合,https://stream1.freetv.fun/yan-zhou-zong-he-31.ctv,,,,,,,,,,,CCSH.txt
广州综合,https://stream1.freetv.fun/yan-zhou-zong-he-29.ctv,,,,,,,,,,,CCSH.txt
广州综合,https://stream1.freetv.fun/yan-zhou-zong-he-19.ctv,,,,,,,,,,,CCSH.txt
广州综合,https://stream1.freetv.fun/yan-zhou-zong-he-12.ctv,,,,,,,,,,,CCSH.txt
广州综合,https://stream1.freetv.fun/yan-zhou-zong-he-17.ctv,,,,,,,,,,,CCSH.txt
广州综合,https://stream1.freetv.fun/yan-zhou-zong-he-26.ctv,,,,,,,,,,,CCSH.txt
广州综合,https://stream1.freetv.fun/yan-zhou-zong-he-8.ctv,,,,,,,,,,,CCSH.txt
广州综合,https://stream1.freetv.fun/yan-zhou-zong-he-14.ctv,,,,,,,,,,,CCSH.txt
广州综合,https://stream1.freetv.fun/yan-zhou-zong-he-25.ctv,,,,,,,,,,,CCSH.txt
汕头经济,https://t.freetv.fun/live/shan-tou-sheng-huo-gao-qing-14.m3u8,,,,,,,,,,,CCSH.txt
汕头经济,https://t.freetv.fun/live/shan-tou-sheng-huo-gao-qing-12.m3u8,,,,,,,,,,,CCSH.txt
汕头经济,https://t.freetv.fun/live/shan-tou-sheng-huo-gao-qing-19.m3u8,,,,,,,,,,,CCSH.txt
汕头经济,https://t.freetv.fun/live/shan-tou-sheng-huo-gao-qing-15.m3u8,,,,,,,,,,,CCSH.txt
汕头经济,https://t.freetv.fun/live/shan-tou-jing-ji-sheng-huo.m3u8,,,,,,,,,,,CCSH.txt
汕头经济,https://t.freetv.fun/live/shan-tou-sheng-huo-gao-qing-16.m3u8,,,,,,,,,,,CCSH.txt
汕头综合,https://t.freetv.fun/live/shan-tou-zong-he-gao-qing-15.m3u8,,,,,,,,,,,CCSH.txt
汕头综合,https://t.freetv.fun/live/shan-tou-zong-he-gao-qing-16.m3u8,,,,,,,,,,,CCSH.txt
汕头综合,https://t.freetv.fun/live/shan-tou-zong-he-1.m3u8,,,,,,,,,,,CCSH.txt
汕头综合,https://t.freetv.fun/live/shan-tou-zong-he-gao-qing-5.m3u8,,,,,,,,,,,CCSH.txt
汕头综合,https://t.freetv.fun/live/shan-tou-zong-he-gao-qing-1.m3u8,,,,,,,,,,,CCSH.txt
汕头综合,https://t.freetv.fun/live/shan-tou-zong-he-gao-qing-4.m3u8,,,,,,,,,,,CCSH.txt
汕头综合,https://t.freetv.fun/live/shan-tou-zong-he-gao-qing-10.m3u8,,,,,,,,,,,CCSH.txt
汕尾新闻综合,https://t.freetv.fun/live/shan-wei-xin-wen-zong-he.m3u8,,,,,,,,,,,CCSH.txt
汕尾新闻综合,https://stream1.freetv.fun/shan-wei-xin-wen-zong-he-3.ctv,,,,,,,,,,,CCSH.txt
汕尾新闻综合,https://stream1.freetv.fun/shan-wei-xin-wen-zong-he-2.m3u8,,,,,,,,,,,CCSH.txt
江门综合,https://t.freetv.fun/live/jiang-men-zong-he-1.m3u8,,,,,,,,,,,CCSH.txt
江门综合,https://stream1.freetv.fun/jiang-men-zong-he-5.ctv,,,,,,,,,,,CCSH.txt
江门综合,https://stream1.freetv.fun/jiang-men-zong-he-13.ctv,,,,,,,,,,,CCSH.txt
江门综合,https://stream1.freetv.fun/jiang-men-zong-he-10.ctv,,,,,,,,,,,CCSH.txt
江门综合,https://stream1.freetv.fun/jiang-men-zong-he-14.ctv,,,,,,,,,,,CCSH.txt
江门综合,https://stream1.freetv.fun/jiang-men-zong-he-8.ctv,,,,,,,,,,,CCSH.txt
江门综合,https://stream1.freetv.fun/jiang-men-zong-he-12.ctv,,,,,,,,,,,CCSH.txt
江门综合,https://stream1.freetv.fun/jiang-men-zong-he-11.ctv,,,,,,,,,,,CCSH.txt
江门综合,https://stream1.freetv.fun/jiang-men-zong-he-9.ctv,,,,,,,,,,,CCSH.txt
深圳少儿,https://t.freetv.fun/live/shen-zhen-shao-er-1.m3u8,,,,,,,,,,,CCSH.txt
深圳少儿,https://stream1.freetv.fun/shen-zhen-shao-er-2.ctv,,,,,,,,,,,CCSH.txt
深圳少儿,https://stream1.freetv.fun/shen-zhen-shao-er-5.ctv,,,,,,,,,,,CCSH.txt
深圳少儿,https://stream1.freetv.fun/shen-zhen-shao-er-6.ctv,,,,,,,,,,,CCSH.txt
深圳少儿,https://stream1.freetv.fun/shen-zhen-shao-er-3.m3u8,,,,,,,,,,,CCSH.txt
深圳少儿,https://stream1.freetv.fun/shen-zhen-shao-er-1.m3u8,,,,,,,,,,,CCSH.txt
深圳少儿,https://stream1.freetv.fun/shen-zhen-shao-er-7.ctv,,,,,,,,,,,CCSH.txt
深圳少儿,https://stream1.freetv.fun/shen-zhen-shao-er-3.ctv,,,,,,,,,,,CCSH.txt
深圳少儿,http://116.77.33.98:44330/tsfile/live/1001_1.m3u8?key=txiptv&playlive=0&authid=0,,,,,,,,,,,CCSH.txt
深圳少儿,http://gmxw.7766.org:808/hls/157/index.m3u8,,,,,,,,,,,CCSH.txt
深圳电视剧频道,http://183.11.239.36:808/hls/141/index.m3u8,,,,,,,,,,,CCSH.txt
深圳财经生活,https://stream1.freetv.fun/shen-zhen-cai-jing-sheng-huo-4.ctv,,,,,,,,,,,CCSH.txt
深圳财经生活,https://stream1.freetv.fun/shen-zhen-cai-jing-sheng-huo-1.m3u8,,,,,,,,,,,CCSH.txt
上虞文化,https://stream1.freetv.fun/shang-yu-wen-hua-1.m3u8,,,,,,,,,,,CCSH.txt
上虞综合,https://stream1.freetv.fun/shang-yu-zong-he-1.m3u8,,,,,,,,,,,CCSH.txt
之江纪录,http://ali-m-l.cztv.com/channels/lantian/channel12/1080p.m3u8,,,,,,,,,,,CCSH.txt
之江记录,http://ali-m-l.cztv.com/channels/lantian/channel012/1080p.m3u8?,,,,,,,,,,,CCSH.txt
嵊泗综合,https://stream1.freetv.fun/sheng-zhou-xin-wen-zong-he-3.m3u8,,,,,,,,,,,CCSH.txt
嵊泗综合,https://stream1.freetv.fun/sheng-zhou-xin-wen-zong-he-2.m3u8,,,,,,,,,,,CCSH.txt
新昌新闻综合,https://stream1.freetv.fun/xin-chang-xin-wen-zong-he-1.m3u8,,,,,,,,,,,CCSH.txt
新昌新闻综合,https://stream1.freetv.fun/xin-chang-xin-wen-zong-he-3.m3u8,,,,,,,,,,,CCSH.txt
杭州明珠,https://stream1.freetv.fun/hang-zhou-ming-zhu-2.m3u8,,,,,,,,,,,CCSH.txt
杭州明珠,https://stream1.freetv.fun/hang-zhou-ming-zhu-4.m3u8,,,,,,,,,,,CCSH.txt
杭州综合,http://live.xmcdn.com/live/1845/64.m3u8,,,,,,,,,,,CCSH.txt
永嘉新闻综合,https://stream1.freetv.fun/yong-jia-xin-wen-zong-he-1.m3u8,,,,,,,,,,,CCSH.txt
浙江国际,https://stream1.freetv.fun/8edc171ba7945fd93cc0f2c9e39b48ba0a94500d0029db9456dfdc2d75f9ea9d.m3u8,,,,,,,,,,,CCSH.txt
浙江国际,http://ali-xwl.cztv.com/live/channel10720Plxw.m3u8,,,,,,,,,,,CCSH.txt
浙江国际,https://stream1.freetv.fun/zhe-jiang-guo-ji-4.m3u8,,,,,,,,,,,CCSH.txt
浙江国际,https://stream1.freetv.fun/zhe-jiang-guo-ji-11.m3u8,,,,,,,,,,,CCSH.txt
浙江国际,https://stream1.freetv.fun/zhe-jiang-guo-ji-1.m3u8,,,,,,,,,,,CCSH.txt
浙江国际,https://stream1.freetv.fun/zhe-jiang-guo-ji-9.m3u8,,,,,,,,,,,CCSH.txt
浙江国际,https://stream1.freetv.fun/zhe-jiang-guo-ji-2.m3u8,,,,,,,,,,,CCSH.txt
浙江国际,https://stream1.freetv.fun/zhe-jiang-guo-ji-6.m3u8,,,,,,,,,,,CCSH.txt
浙江国际,https://stream1.freetv.fun/zhe-jiang-guo-ji-5.m3u8,,,,,,,,,,,CCSH.txt
浙江国际,https://stream1.freetv.fun/zhe-jiang-guo-ji-8.m3u8,,,,,,,,,,,CCSH.txt
浙江教科影视,https://ali-xwl.cztv.com/live/channel04720Pnew.m3u8,,,,,,,,,,,CCSH.txt
浙江教科影视,https://ali-xwl.cztv.com/live/channel041080Pnew.m3u8,,,,,,,,,,,CCSH.txt
浙江教科影院,http://ali-m-l.cztv.com/channels/lantian/channel004/1080p.m3u8?zzhed,,,,,,,,,,,CCSH.txt
浙江教育,https://ali-m-l.cztv.com/channels/lantian/channel004/1080p.m3u8?,,,,,,,,,,,CCSH.txt
浙江新闻,http://ali-xwl.cztv.com/live/channel071080Plxw.m3u8,,,,,,,,,,,CCSH.txt
浙江新闻,https://stream1.freetv.fun/7fa07158e038a9bae3747a0cb9f8e8ff1aaba32669d28d99a498716f16569c1d.m3u8,,,,,,,,,,,CCSH.txt
浙江新闻,http://ali-xwl.cztv.com/live/channel07720Plxw.m3u8,,,,,,,,,,,CCSH.txt
浙江新闻,https://stream1.freetv.fun/zhe-jiang-xin-wen-4.m3u8,,,,,,,,,,,CCSH.txt
浙江新闻,https://stream1.freetv.fun/zhe-jiang-xin-wen-6.m3u8,,,,,,,,,,,CCSH.txt
浙江新闻,https://stream1.freetv.fun/zhe-jiang-xin-wen-2.m3u8,,,,,,,,,,,CCSH.txt
浙江新闻,https://stream1.freetv.fun/zhe-jiang-xin-wen-7.m3u8,,,,,,,,,,,CCSH.txt
浙江新闻,https://stream1.freetv.fun/zhe-jiang-xin-wen-10.m3u8,,,,,,,,,,,CCSH.txt
浙江新闻,https://stream1.freetv.fun/zhe-jiang-xin-wen-3.m3u8,,,,,,,,,,,CCSH.txt
浙江民生休闲,http://ali-xwl.cztv.com/live/channel061080Plxw.m3u8,,,,,,,,,,,CCSH.txt
浙江民生休闲,https://t.freetv.fun/live/zhe-jiang-min-sheng-2.m3u8,,,,,,,,,,,CCSH.txt
浙江民生休闲,https://stream1.freetv.fun/zhe-jiang-min-sheng-xiu-xian-6.ctv,,,,,,,,,,,CCSH.txt
浙江民生休闲,https://stream1.freetv.fun/zhe-jiang-min-sheng-xiu-xian-4.m3u8,,,,,,,,,,,CCSH.txt
浙江民生休闲,https://stream1.freetv.fun/zhe-jiang-min-sheng-3.m3u8,,,,,,,,,,,CCSH.txt
浙江民生休闲,https://stream1.freetv.fun/zhe-jiang-min-sheng-4.m3u8,,,,,,,,,,,CCSH.txt
浙江民生休闲,https://stream1.freetv.fun/zhe-jiang-min-sheng-1.m3u8,,,,,,,,,,,CCSH.txt
浙江民生休闲,https://stream1.freetv.fun/zhe-jiang-min-sheng-xiu-xian-1.m3u8,,,,,,,,,,,CCSH.txt
浙江生活,https://stream1.freetv.fun/zhe-jiang-jing-ji-sheng-huo-6.m3u8,,,,,,,,,,,CCSH.txt
浙江生活,https://stream1.freetv.fun/zhe-jiang-jing-ji-sheng-huo-7.m3u8,,,,,,,,,,,CCSH.txt
浙江生活,https://stream1.freetv.fun/zhe-jiang-jing-ji-sheng-huo-2.ctv,,,,,,,,,,,CCSH.txt
浙江生活,http://ali-xwl.cztv.com/live/channel031080Plxw.m3u8,,,,,,,,,,,CCSH.txt
浙江生活,http://ali-xwl.cztv.com/live/channel03720Plxw.m3u8,,,,,,,,,,,CCSH.txt
浙江留学,https://ali-m-l.cztv.com/channels/lantian/channel009/1080p.m3u8,,,,,,,,,,,CCSH.txt
浙江钱江,https://stream1.freetv.fun/bf079ada709563bdd095159c02dfb5afb53c24e643b73f987100b9d25e9c8f41.m3u8,,,,,,,,,,,CCSH.txt
浙江钱江,https://stream1.freetv.fun/zhe-jiang-qian-jiang-du-shi-2.m3u8,,,,,,,,,,,CCSH.txt
浙江钱江,https://stream1.freetv.fun/zhe-jiang-qian-jiang-du-shi-1.m3u8,,,,,,,,,,,CCSH.txt
浙江钱江,http://ali-m-l.cztv.com/channels/lantian/channel002/1080p.m3u8?zzhed,,,,,,,,,,,CCSH.txt
浙江钱江,http://ali-m-l.cztv.com/channels/lantian/channel002/720p.m3u8,,,,,,,,,,,CCSH.txt
海宁新闻综合,http://p2hs.vzan.com/slowlive/317913155078575177/live.m3u8,,,,,,,,,,,CCSH.txt
海宁新闻综合,https://p2hs.vzan.com/slowlive/317913155078575177/live.m3u8?zbid=293304&tpid=1708007815,,,,,,,,,,,CCSH.txt
温州经济科教,https://t.freetv.fun/live/jing-ji-ke-jiao-gao-qing-10.m3u8,,,,,,,,,,,CCSH.txt
温州经济科教,https://t.freetv.fun/live/jing-ji-ke-jiao-gao-qing-15.m3u8,,,,,,,,,,,CCSH.txt
温州经济科教,https://t.freetv.fun/live/jing-ji-ke-jiao-gao-qing-3.m3u8,,,,,,,,,,,CCSH.txt
温州经济科教,https://t.freetv.fun/live/jing-ji-ke-jiao-gao-qing-9.m3u8,,,,,,,,,,,CCSH.txt
温州经济科教,https://t.freetv.fun/live/jing-ji-ke-jiao-gao-qing-7.m3u8,,,,,,,,,,,CCSH.txt
温州经济科教,https://t.freetv.fun/live/jing-ji-ke-jiao-gao-qing-13.m3u8,,,,,,,,,,,CCSH.txt
温州经济科教,https://t.freetv.fun/live/jing-ji-ke-jiao-gao-qing-1.m3u8,,,,,,,,,,,CCSH.txt
湖州公共,http://hzcm-live.media.hugd.com/1e6b554b9ab74513958c0e1ffe664d22/9acaa7634309494cb29a85eb12136607.m3u8?auth_key=2272900830-9a2389b8bf4e49d580d4ad807423d326-0-ea78a5c7a678c436263582d368f5009e&amp;fbl=,,,,,,,,,,,CCSH.txt
湖州公共,https://hzcm-live.media.hugd.com/1e6b554b9ab74513958c0e1ffe664d22/9acaa7634309494cb29a85eb12136607.m3u8?auth_key=2272900830-9a2389b8bf4e49d580d4ad807423d326-0-ea78a5c7a678c436263582d368f5009e,,,,,,,,,,,CCSH.txt
湖州文化娱乐,http://hzcm-live.media.hugd.com/613c47f0ab0d4eaa98b21378d0db6ded/0051d31c9dd543a7825eea4e49675b2a.m3u8?auth_key=2277598059-0a5ebfa1c0dc4671b42a60810fc37039-0-fa625b7d1feab612062453c12e3c8887&fbl=,,,,,,,,,,,CCSH.txt
湖州文化娱乐,https://hzcm-live.media.hugd.com/613c47f0ab0d4eaa98b21378d0db6ded/0051d31c9dd543a7825eea4e49675b2a.m3u8?auth_key=2277598059-0a5ebfa1c0dc4671b42a60810fc37039-0-fa625b7d1feab612062453c12e3c8887,,,,,,,,,,,CCSH.txt
湖州新闻综合,http://hzcm-live.media.hugd.com/3f5fa7d64c7c46a38c6bd8ad35e836cc/65128273761b4731ae53729ea6dcf932.m3u8?auth_key=2277598215-9d21c15111244bea8d298c361d31a72e-0-d031198f58d44b0e91ba2e3f3b188865&amp;fbl=,,,,,,,,,,,CCSH.txt
湖州新闻综合,https://hzcm-live.media.hugd.com/3f5fa7d64c7c46a38c6bd8ad35e836cc/65128273761b4731ae53729ea6dcf932.m3u8?auth_key=2277598215-9d21c15111244bea8d298c361d31a72e-0-d031198f58d44b0e91ba2e3f3b188865,,,,,,,,,,,CCSH.txt
绍兴公共,http://live.shaoxing.com.cn/video/s10001-sxtv2/index.m3u8?,,,,,,,,,,,CCSH.txt
绍兴文化,https://stream1.freetv.fun/shao-xing-wen-hua-1.m3u8,,,,,,,,,,,CCSH.txt
绍兴文化,http://live.shaoxing.com.cn/video/s10001-sxtv3/index.m3u8?zzhed?,,,,,,,,,,,CCSH.txt
绍兴文化影院,http://live.shaoxing.com.cn/video/s10001-sxtv3/index.m3u8?zzhed,,,,,,,,,,,CCSH.txt
绍兴新闻,http://live.shaoxing.com.cn/video/s10001-sxtv1/index.m3u8?zzhed?,,,,,,,,,,,CCSH.txt
绍兴新闻综合,http://live.shaoxing.com.cn/video/s10001-sxhb/index.m3u8?zzhed,,,,,,,,,,,CCSH.txt
绍兴新闻综合,http://live.shaoxing.com.cn/video/s10001-sxtv1/index.m3u8?zzhed,,,,,,,,,,,CCSH.txt
绍兴新闻综合,http://live.shaoxing.com.cn/video/s10001-sxhb/index.m3u8,,,,,,,,,,,CCSH.txt
绍兴电视台公共,http://live.shaoxing.com.cn/video/s10001-sxtv2/index.m3u8?zzhed,,,,,,,,,,,CCSH.txt
苍南新闻,http://l.cztvcloud.com/channels/lantian/SXcangnan1/720p.m3u8?zzhed?,,,,,,,,,,,CCSH.txt
苍南新闻综合,https://stream1.freetv.fun/cang-nan-xin-wen-zong-he-2.m3u8,,,,,,,,,,,CCSH.txt
苍南新闻综合,https://stream1.freetv.fun/cang-nan-xin-wen-zong-he-7.m3u8,,,,,,,,,,,CCSH.txt
萧山新闻综合,https://stream1.freetv.fun/xiao-shan-xin-wen-zong-he-7.m3u8,,,,,,,,,,,CCSH.txt
萧山新闻综合,https://stream1.freetv.fun/xiao-shan-xin-wen-zong-he-3.m3u8,,,,,,,,,,,CCSH.txt
萧山新闻综合,https://stream1.freetv.fun/xiao-shan-xin-wen-zong-he-1.m3u8,,,,,,,,,,,CCSH.txt
钱江都市,https://stream1.freetv.fun/qian-jiang-du-shi-1.m3u8,,,,,,,,,,,CCSH.txt
钱江都市,https://stream1.freetv.fun/qian-jiang-du-shi-2.m3u8,,,,,,,,,,,CCSH.txt
钱江都市,https://ali-m-l.cztv.com/channels/lantian/channel002/1080p.m3u8?,,,,,,,,,,,CCSH.txt
山东体育,https://stream1.freetv.fun/shan-dong-ti-yu-10.m3u8,,,,,,,,,,,CCSH.txt
山东体育,https://stream1.freetv.fun/shan-dong-ti-yu-18.m3u8,,,,,,,,,,,CCSH.txt
山东体育,https://stream1.freetv.fun/shan-dong-ti-yu-16.m3u8,,,,,,,,,,,CCSH.txt
山东体育,https://stream1.freetv.fun/shan-dong-ti-yu-22.m3u8,,,,,,,,,,,CCSH.txt
山东体育,https://stream1.freetv.fun/shan-dong-ti-yu-3.m3u8,,,,,,,,,,,CCSH.txt
山东体育,https://stream1.freetv.fun/shan-dong-ti-yu-5.m3u8,,,,,,,,,,,CCSH.txt
山东体育,https://stream1.freetv.fun/shan-dong-ti-yu-11.m3u8,,,,,,,,,,,CCSH.txt
山东体育,https://stream1.freetv.fun/shan-dong-ti-yu-13.m3u8,,,,,,,,,,,CCSH.txt
山东体育,https://stream1.freetv.fun/shan-dong-ti-yu-9.m3u8,,,,,,,,,,,CCSH.txt
山东体育,https://stream1.freetv.fun/shan-dong-ti-yu-23.m3u8,,,,,,,,,,,CCSH.txt
山东体育,https://stream1.freetv.fun/shan-dong-ti-yu-25.m3u8,,,,,,,,,,,CCSH.txt
山东体育,https://stream1.freetv.fun/shan-dong-ti-yu-14.m3u8,,,,,,,,,,,CCSH.txt
山东体育,https://stream1.freetv.fun/shan-dong-ti-yu-24.m3u8,,,,,,,,,,,CCSH.txt
山东体育,https://stream1.freetv.fun/shan-dong-ti-yu-15.m3u8,,,,,,,,,,,CCSH.txt
山东体育,https://stream1.freetv.fun/shan-dong-ti-yu-6.m3u8,,,,,,,,,,,CCSH.txt
山东体育,https://stream1.freetv.fun/shan-dong-ti-yu-2.m3u8,,,,,,,,,,,CCSH.txt
山东农科,http://58.57.40.22:9901/tsfile/live/1022_1.m3u8,,,,,,,,,,,CCSH.txt
山东少儿,https://stream1.freetv.fun/shan-dong-shao-er-6.m3u8,,,,,,,,,,,CCSH.txt
山东少儿,https://stream1.freetv.fun/shan-dong-shao-er-1.m3u8,,,,,,,,,,,CCSH.txt
山东少儿,https://stream1.freetv.fun/shan-dong-shao-er-8.m3u8,,,,,,,,,,,CCSH.txt
山东少儿,https://stream1.freetv.fun/shan-dong-shao-er-10.m3u8,,,,,,,,,,,CCSH.txt
山东少儿,http://58.57.40.22:9901/tsfile/live/1024_1.m3u8,,,,,,,,,,,CCSH.txt
山东教育,https://iptv.catvod.com/migu?id=609154353&token=2f280b28343e0541f8bdcb6b6c7d36ec,,,,,,,,,,,CCSH.txt
山东教育,http://kkk.888.3116598.xyz/api.php?n=tttt&id=xBmoUA&tk=FgM0vQMejxvG,,,,,,,,,,,CCSH.txt
山东教育,http://47.104.178.59:3566/609154353,,,,,,,,,,,CCSH.txt
山东教育,http://dassby.qqff.top:99/live/山东教育卫视/index.m3u8,,,,,,,,,,,CCSH.txt
山东教育,http://183.11.239.36:808/hls/72/index.m3u8,,,,,,,,,,,CCSH.txt
山东教育,https://iptv.catvod.com/migu?id=609154353&token=c9bd135baa351e4a942035f868c62b2d,,,,,,,,,,,CCSH.txt
山东教育,http://hlsztemgsplive.miguvideo.com:8080/migu/kailu/sdjyws/50/20250915/index.m3u8?msisdn=2026080604013059a79684b6ad40d183e2aee21c94c20e&mdspid=&spid=600697&netType=0&sid=5910022199&pid=2028597139&timestamp=20260806040130&Channel_ID=0116_2600000900-99000-201600010010027&ProgramID=609154353&ParentNodeID=-99&assertID=5910022199&client_ip=218.28.233.106&SecurityKey=20260806040130&promotionId=&mvid=2200208305&mcid=500020&playurlVersion=ZQ-A1-9.8.0-SNAPSHOT&userid=&jmhm=&videocodec=h264&appCode=miguvideo_android&bean=mgspad&tid=android&conFee=0&encrypt=d8255c4465608cc291baf7d0d3e56403,,,,,,,,,,,CCSH.txt
山东教育,http://gslbmgsplive.miguvideo.com/migu/kailu/sdjyws/51/20250915/index.m3u8?msisdn=0abbc3fb2856831b233e1814a3c76705&mdspid=&spid=600697&netType=0&sid=5910022199&pid=2028597139&timestamp=20260805062115&Channel_ID=0116_2600034600-99000-201600010010028&ProgramID=609154353&ParentNodeID=-99&assertID=5910022199&client_ip=39.103.182.111&SecurityKey=20260805062115&promotionId=&mvid=2200208305&mcid=500020&playurlVersion=ZQ-A1-9.8.0-SNAPSHOT&userid=&jmhm=&videocodec=h264&appCode=miguvideo_android&bean=mgspad&tid=android&conFee=0&puData=de00aa8851d54926b3f7d58ecf359ce4&ddCalcu=4deevc0a90b5aa3af8c8e5815dd574f932b6&sv=10004&ct=android,,,,,,,,,,,CCSH.txt
山东教育,http://hlsztemgsplive.miguvideo.com:8080/migu/kailu/sdjyws/50/20250915/index.m3u8?msisdn=202608050801166e6a815255774074bf31d9a5a7c35329&mdspid=&spid=600697&netType=0&sid=5910022199&pid=2028597139&timestamp=20260805080116&Channel_ID=0116_2600000900-99000-201600010010027&ProgramID=609154353&ParentNodeID=-99&assertID=5910022199&client_ip=218.28.233.106&SecurityKey=20260805080116&promotionId=&mvid=2200208305&mcid=500020&playurlVersion=ZQ-A1-9.8.0-SNAPSHOT&userid=&jmhm=&videocodec=h264&appCode=miguvideo_android&bean=mgspad&tid=android&conFee=0&encrypt=9acca2bb8fdb9763457a24000e58fa9a,,,,,,,,,,,CCSH.txt
山东教育,http://hlsztemgsplive.miguvideo.com:8080/migu/kailu/sdjyws/50/20250915/index.m3u8?msisdn=20260805040116cedb848d76524aeda3deb748cd4b10ed&mdspid=&spid=600697&netType=0&sid=5910022199&pid=2028597139&timestamp=20260805040116&Channel_ID=0116_2600000900-99000-201600010010027&ProgramID=609154353&ParentNodeID=-99&assertID=5910022199&client_ip=218.28.233.106&SecurityKey=20260805040116&promotionId=&mvid=2200208305&mcid=500020&playurlVersion=ZQ-A1-9.8.0-SNAPSHOT&userid=&jmhm=&videocodec=h264&appCode=miguvideo_android&bean=mgspad&tid=android&conFee=0&encrypt=384134854e4fdff61c9bf76cfe2a6e9c,,,,,,,,,,,CCSH.txt
山东文旅,http://58.57.40.22:9901/tsfile/live/1023_1.m3u8,,,,,,,,,,,CCSH.txt
山东新闻,https://stream1.freetv.fun/shan-dong-xin-wen-10.m3u8,,,,,,,,,,,CCSH.txt
山东新闻,https://stream1.freetv.fun/shan-dong-xin-wen-7.m3u8,,,,,,,,,,,CCSH.txt
山东新闻,https://stream1.freetv.fun/shan-dong-xin-wen-3.m3u8,,,,,,,,,,,CCSH.txt
山东新闻,http://live.xmcdn.com/live/1440/64.m3u8,,,,,,,,,,,CCSH.txt
山东生活,http://live.xmcdn.com/live/802/64.m3u8,,,,,,,,,,,CCSH.txt
山东生活,http://58.57.40.22:9901/tsfile/live/1018_1.m3u8,,,,,,,,,,,CCSH.txt
山东综艺,http://58.57.40.22:9901/tsfile/live/1021_1.m3u8,,,,,,,,,,,CCSH.txt
济南新闻综合,https://stream1.freetv.fun/ipv6-ji-nan-xin-wen-zong-he-8.m3u8,,,,,,,,,,,CCSH.txt
南京十八,https://iptv.catvod.com/migu?id=838151753&token=98beb6362ec2766d719a2abd244c7a64,,,,,,,,,,,CCSH.txt
南京十八,http://47.104.178.59:3566/838151753,,,,,,,,,,,CCSH.txt
南京十八,http://hlsztemgsplive.miguvideo.com:8080/migu/kailu/nanjingsb/50/20230719/index.m3u8?msisdn=20260805080110c615b16df36b4578af9e8ad85925d00b&mdspid=&spid=699067&netType=0&sid=5910021864&pid=2028597139&timestamp=20260805080110&Channel_ID=0116_2600000900-99000-201600010010027&ProgramID=838151753&ParentNodeID=-99&assertID=5910021864&client_ip=218.28.233.106&SecurityKey=20260805080110&promotionId=&mvid=5900006207&mcid=500020&playurlVersion=ZQ-A1-9.8.0-SNAPSHOT&userid=&jmhm=&videocodec=h264&appCode=miguvideo_android&bean=mgspad&tid=android&conFee=0&encrypt=702e30aad2102221d7db8e01fadbcb6d,,,,,,,,,,,CCSH.txt
南京十八,http://8.138.7.223/tv/migu3.php?id=njsb,,,,,,,,,,,CCSH.txt
南京教科,https://t.freetv.fun/live/nan-jing-jiao-ke-1.m3u8,,,,,,,,,,,CCSH.txt
南京教科,https://iptv.catvod.com/migu?id=838153729&token=09f4ef9eeaac3b0b82ea4e32950e8091,,,,,,,,,,,CCSH.txt
南京教科,http://27.12.12.107:1234/838153729,,,,,,,,,,,CCSH.txt
南京教科,http://47.104.178.59:3566/838153729,,,,,,,,,,,CCSH.txt
南京教科,http://42.94.210.57:7788/838153729,,,,,,,,,,,CCSH.txt
南京教科,http://14.153.176.108:1234/838153729,,,,,,,,,,,CCSH.txt
南京教科,http://110.154.192.36:7788/838153729,,,,,,,,,,,CCSH.txt
南京教科,http://106.42.108.174:7788/838153729,,,,,,,,,,,CCSH.txt
南京教科,http://113.120.243.10:7788/838153729,,,,,,,,,,,CCSH.txt
南京教科,http://116.236.204.18:1234/838153729,,,,,,,,,,,CCSH.txt
南京教科,http://223.247.25.247:1234/838153729,,,,,,,,,,,CCSH.txt
南京教科,http://27.12.12.100:1234/838153729,,,,,,,,,,,CCSH.txt
南京教科,http://42.94.210.221:7788/838153729,,,,,,,,,,,CCSH.txt
南京教科,http://8.135.27.147:1234/838153729,,,,,,,,,,,CCSH.txt
南京教科,http://gslbmgsplive.miguvideo.com/migu/kailu/nanjingkj/50/20230719/index.m3u8?msisdn=6ea9bb673bcf927617892a11123c24a0&mdspid=&spid=699067&netType=0&sid=5910021865&pid=2028597139&timestamp=20260805062048&Channel_ID=0116_2600034600-99000-201600010010028&ProgramID=838153729&ParentNodeID=-99&assertID=5910021865&client_ip=39.103.188.159&SecurityKey=20260805062048&promotionId=&mvid=5900006205&mcid=500020&playurlVersion=ZQ-A1-9.8.0-SNAPSHOT&userid=&jmhm=&videocodec=h264&appCode=miguvideo_android&bean=mgspad&tid=android&conFee=0&puData=305cc026b68305a3786dc27bed0017a6&ddCalcu=63a0v75a1cx0ca00d2e6bb7628c3d0658a73&sv=10004&ct=android,,,,,,,,,,,CCSH.txt
南京教科,http://hlsztemgsplive.miguvideo.com:8080/migu/kailu/nanjingkj/50/20230719/index.m3u8?msisdn=20260805040111b5fd945e56c7490f8ea544f50d47c04e&mdspid=&spid=699067&netType=0&sid=5910021865&pid=2028597139&timestamp=20260805040111&Channel_ID=0116_2600000900-99000-201600010010027&ProgramID=838153729&ParentNodeID=-99&assertID=5910021865&client_ip=218.28.233.106&SecurityKey=20260805040111&promotionId=&mvid=5900006205&mcid=500020&playurlVersion=ZQ-A1-9.8.0-SNAPSHOT&userid=&jmhm=&videocodec=h264&appCode=miguvideo_android&bean=mgspad&tid=android&conFee=0&encrypt=868ff6ec2e33d751b9461c18d1010919,,,,,,,,,,,CCSH.txt
南京教科,http://hlsztemgsplive.miguvideo.com:8080/migu/kailu/nanjingkj/50/20230719/index.m3u8?msisdn=20260805080110fac9e573800541b78c595ab5badebc21&mdspid=&spid=699067&netType=0&sid=5910021865&pid=2028597139&timestamp=20260805080110&Channel_ID=0116_2600000900-99000-201600010010027&ProgramID=838153729&ParentNodeID=-99&assertID=5910021865&client_ip=218.28.233.106&SecurityKey=20260805080110&promotionId=&mvid=5900006205&mcid=500020&playurlVersion=ZQ-A1-9.8.0-SNAPSHOT&userid=&jmhm=&videocodec=h264&appCode=miguvideo_android&bean=mgspad&tid=android&conFee=0&encrypt=60063551f9aaec8d658e1995884220a3,,,,,,,,,,,CCSH.txt
南京新闻综合,http://ottrrs.hl.chinamobile.com/PLTV/88888888/224/3221226311/index.m3u8,,,,,,,,,,,CCSH.txt
南京新闻综合,https://iptv.catvod.com/migu?id=838109047&token=3881e6b3bb420e5fc7d17b66ed5c8fad,,,,,,,,,,,CCSH.txt
南京新闻综合,http://27.12.12.107:1234/838109047,,,,,,,,,,,CCSH.txt
南京新闻综合,http://47.104.178.59:3566/838109047,,,,,,,,,,,CCSH.txt
南京新闻综合,http://42.94.210.57:7788/838109047,,,,,,,,,,,CCSH.txt
南京新闻综合,http://14.153.176.108:1234/838109047,,,,,,,,,,,CCSH.txt
南京新闻综合,http://110.154.192.36:7788/838109047,,,,,,,,,,,CCSH.txt
南京新闻综合,http://106.42.108.174:7788/838109047,,,,,,,,,,,CCSH.txt
南京新闻综合,http://113.120.243.10:7788/838109047,,,,,,,,,,,CCSH.txt
南京新闻综合,http://116.236.204.18:1234/838109047,,,,,,,,,,,CCSH.txt
南京新闻综合,http://223.247.25.247:1234/838109047,,,,,,,,,,,CCSH.txt
南京新闻综合,http://27.12.12.100:1234/838109047,,,,,,,,,,,CCSH.txt
南京新闻综合,http://42.94.210.221:7788/838109047,,,,,,,,,,,CCSH.txt
南京新闻综合,http://8.135.27.147:1234/838109047,,,,,,,,,,,CCSH.txt
南京新闻综合,http://gslbmgsplive.miguvideo.com/migu/kailu/nanjingxwzh/50/20230719/index.m3u8?msisdn=09a9b23ff9d8a6f0765f542de92f6172&mdspid=&spid=699067&netType=0&sid=5910021863&pid=2028597139&timestamp=20260805062048&Channel_ID=0116_2600034600-99000-201600010010028&ProgramID=838109047&ParentNodeID=-99&assertID=5910021863&client_ip=39.103.188.159&SecurityKey=20260805062048&promotionId=&mvid=5900006203&mcid=500020&playurlVersion=ZQ-A1-9.8.0-SNAPSHOT&userid=&jmhm=&videocodec=h264&appCode=miguvideo_android&bean=mgspad&tid=android&conFee=0&puData=2035037bbd45dc722b6e449b3a748915&ddCalcu=5210v93a85c40a73a73bbb9d4445ed6cb722&sv=10004&ct=android,,,,,,,,,,,CCSH.txt
南京新闻综合,http://hlsztemgsplive.miguvideo.com:8080/migu/kailu/nanjingxwzh/50/20230719/index.m3u8?msisdn=2026080504011090e6d0d4e69c435fb3290e3d7ebc0c2f&mdspid=&spid=699067&netType=0&sid=5910021863&pid=2028597139&timestamp=20260805040110&Channel_ID=0116_2600000900-99000-201600010010027&ProgramID=838109047&ParentNodeID=-99&assertID=5910021863&client_ip=218.28.233.106&SecurityKey=20260805040110&promotionId=&mvid=5900006203&mcid=500020&playurlVersion=ZQ-A1-9.8.0-SNAPSHOT&userid=&jmhm=&videocodec=h264&appCode=miguvideo_android&bean=mgspad&tid=android&conFee=0&encrypt=cc31381acbfe783cb44bf0c77381e635,,,,,,,,,,,CCSH.txt
南通新闻综合,https://t.freetv.fun/live/nan-tong-xin-wen-zong-he-1.m3u8,,,,,,,,,,,CCSH.txt
南通新闻综合,https://iptv.catvod.com/migu?id=955227985&token=4698e2bc8f407ff3c21a7501e2da4e92,,,,,,,,,,,CCSH.txt
南通新闻综合,http://kkk.888.3116598.xyz/api.php?n=tttt&id=sbddYS&tk=FgM0vQMejxvG,,,,,,,,,,,CCSH.txt
南通新闻综合,http://27.12.12.107:1234/955227985,,,,,,,,,,,CCSH.txt
南通新闻综合,http://47.104.178.59:3566/955227985,,,,,,,,,,,CCSH.txt
南通新闻综合,http://14.153.176.108:1234/955227985,,,,,,,,,,,CCSH.txt
南通新闻综合,https://iptv.catvod.com/migu?id=955227985&token=843aafde0519ac84ae16fb16739ae6dc,,,,,,,,,,,CCSH.txt
南通新闻综合,http://110.154.192.36:7788/955227985,,,,,,,,,,,CCSH.txt
南通新闻综合,http://42.94.210.57:7788/955227985,,,,,,,,,,,CCSH.txt
南通新闻综合,http://hlsztemgsplive.miguvideo.com:8080/migu/kailu/ntxwzh/50/20250604/index.m3u8?msisdn=202608060401260e5635b405344928989daa39f0031c5e&mdspid=&spid=699067&netType=0&sid=5910022178&pid=2028597139&timestamp=20260806040126&Channel_ID=0116_2600000900-99000-201600010010027&ProgramID=955227985&ParentNodeID=-99&assertID=5910022178&client_ip=218.28.233.106&SecurityKey=20260806040126&promotionId=&mvid=5900006706&mcid=500020&playurlVersion=ZQ-A1-9.8.0-SNAPSHOT&userid=&jmhm=&videocodec=h264&appCode=miguvideo_android&bean=mgspad&tid=android&conFee=0&encrypt=2190db78b414e7aafb8357dcd3247fab,,,,,,,,,,,CCSH.txt
南通新闻综合,http://106.42.108.174:7788/955227985,,,,,,,,,,,CCSH.txt
南通新闻综合,http://113.120.243.10:7788/955227985,,,,,,,,,,,CCSH.txt
南通新闻综合,http://116.236.204.18:1234/955227985,,,,,,,,,,,CCSH.txt
南通新闻综合,http://223.247.25.247:1234/955227985,,,,,,,,,,,CCSH.txt
南通新闻综合,http://27.12.12.100:1234/955227985,,,,,,,,,,,CCSH.txt
南通新闻综合,http://42.94.210.221:7788/955227985,,,,,,,,,,,CCSH.txt
南通新闻综合,http://8.135.27.147:1234/955227985,,,,,,,,,,,CCSH.txt
南通新闻综合,http://gslbmgsplive.miguvideo.com/migu/kailu/ntxwzh/51/20250604/index.m3u8?msisdn=963e450ebcdb80aa8e815614a280b78a&mdspid=&spid=699067&netType=0&sid=5910022178&pid=2028597139&timestamp=20260805062055&Channel_ID=0116_2600034600-99000-201600010010028&ProgramID=955227985&ParentNodeID=-99&assertID=5910022178&client_ip=39.103.182.111&SecurityKey=20260805062055&promotionId=&mvid=5900006706&mcid=500020&playurlVersion=ZQ-A1-9.8.0-SNAPSHOT&userid=&jmhm=&videocodec=h264&appCode=miguvideo_android&bean=mgspad&tid=android&conFee=0&puData=ef342f6dfed2f77ac6cd74aa6d56685f&ddCalcu=fe5fv83a64l62a5fd66dafae4d72dfc767ca&sv=10004&ct=android,,,,,,,,,,,CCSH.txt
南通新闻综合,http://hlsztemgsplive.miguvideo.com:8080/migu/kailu/ntxwzh/50/20250604/index.m3u8?msisdn=202608050401139fecb7bb799747c18a3980af16e796be&mdspid=&spid=699067&netType=0&sid=5910022178&pid=2028597139&timestamp=20260805040113&Channel_ID=0116_2600000900-99000-201600010010027&ProgramID=955227985&ParentNodeID=-99&assertID=5910022178&client_ip=218.28.233.106&SecurityKey=20260805040113&promotionId=&mvid=5900006706&mcid=500020&playurlVersion=ZQ-A1-9.8.0-SNAPSHOT&userid=&jmhm=&videocodec=h264&appCode=miguvideo_android&bean=mgspad&tid=android&conFee=0&encrypt=b6aa3bd87ab7bb63db092fb4e1ea0f25,,,,,,,,,,,CCSH.txt
句容党建频道,http://jrlive.jrntv.com/live/_definst_/dangjians/playlist.m3u8,,,,,,,,,,,CCSH.txt
句容新闻综合,http://jrlive.jrntv.com/live/_definst_/jrxwzhs/playlist.m3u8,,,,,,,,,,,CCSH.txt
句容新闻综合,http://jrlive.jrntv.com/live/_definst_/jrxwzhs/playlist.m3u8?zjiangsd,,,,,,,,,,,CCSH.txt
徐州公共频道,http://stream3.huaihai.tv/xz4t/sd/live.m3u8,,,,,,,,,,,CCSH.txt
徐州新闻综合,https://t.freetv.fun/live/xu-zhou-xin-wen-zong-he-1.m3u8,,,,,,,,,,,CCSH.txt
徐州新闻综合,https://iptv.catvod.com/migu?id=639731747&token=d93a83a8ba52002635d8a1fcf9ee193f,,,,,,,,,,,CCSH.txt
徐州新闻综合,http://kkk.888.3116598.xyz/api.php?n=tttt&id=8cx0Nx&tk=FgM0vQMejxvG,,,,,,,,,,,CCSH.txt
徐州新闻综合,http://27.12.12.107:1234/639731747,,,,,,,,,,,CCSH.txt
徐州新闻综合,http://47.104.178.59:3566/639731747,,,,,,,,,,,CCSH.txt
徐州新闻综合,http://stream3.huaihai.tv/xwzh1t/sd/live.m3u8,,,,,,,,,,,CCSH.txt
徐州新闻综合,http://14.153.176.108:1234/639731747,,,,,,,,,,,CCSH.txt
徐州新闻综合,http://42.94.210.57:7788/639731747,,,,,,,,,,,CCSH.txt
徐州新闻综合,https://iptv.catvod.com/migu?id=639731747&token=e2f668a28841e26e459714536335bbcb,,,,,,,,,,,CCSH.txt
徐州新闻综合,http://110.154.192.36:7788/639731747,,,,,,,,,,,CCSH.txt
徐州新闻综合,http://hlsztemgsplive.miguvideo.com:8080/wd_r2/jstv/xzxinwenzonghe/600/index.m3u8?msisdn=20260806040126a53ece30a946423bbecff5ecb40f3d48&mdspid=&spid=699067&netType=0&sid=5500469368&pid=2028597139&timestamp=20260806040126&Channel_ID=0116_2600000900-99000-201600010010027&ProgramID=639731747&ParentNodeID=-99&assertID=5500469368&client_ip=218.28.233.106&SecurityKey=20260806040126&promotionId=&mvid=5102012620&mcid=500020&playurlVersion=ZQ-A1-9.8.0-SNAPSHOT&userid=&jmhm=&videocodec=h264&appCode=miguvideo_android&bean=mgspad&tid=android&conFee=0&encrypt=da17926b993548e6a541b862e21efc80,,,,,,,,,,,CCSH.txt
徐州新闻综合,http://hlsztemgsplive.miguvideo.com:8080/wd_r2/jstv/xzxinwenzonghe/600/index.m3u8?msisdn=20260805040112372a5283342c46bd909ccfae0fbdcd1f&mdspid=&spid=699067&netType=0&sid=5500469368&pid=2028597139&timestamp=20260805040112&Channel_ID=0116_2600000900-99000-201600010010027&ProgramID=639731747&ParentNodeID=-99&assertID=5500469368&client_ip=218.28.233.106&SecurityKey=20260805040112&promotionId=&mvid=5102012620&mcid=500020&playurlVersion=ZQ-A1-9.8.0-SNAPSHOT&userid=&jmhm=&videocodec=h264&appCode=miguvideo_android&bean=mgspad&tid=android&conFee=0&encrypt=3bf635aa66ca86ef6d4ff5c1a3784772,,,,,,,,,,,CCSH.txt
徐州新闻综合,http://113.120.243.10:7788/639731747,,,,,,,,,,,CCSH.txt
徐州新闻综合,http://42.94.210.221:7788/639731747,,,,,,,,,,,CCSH.txt
徐州新闻综合,http://gslbmgsplive.miguvideo.com/wd_r2/jstv/xzxinwenzonghe/600/index.m3u8?msisdn=25689d10343f643490c8eb397c3402b2&mdspid=&spid=699067&netType=0&sid=5500469368&pid=2028597139&timestamp=20260805062054&Channel_ID=0116_2600034600-99000-201600010010028&ProgramID=639731747&ParentNodeID=-99&assertID=5500469368&client_ip=39.103.188.159&SecurityKey=20260805062054&promotionId=&mvid=5102012620&mcid=500020&playurlVersion=ZQ-A1-9.8.0-SNAPSHOT&userid=&jmhm=&videocodec=h264&appCode=miguvideo_android&bean=mgspad&tid=android&conFee=0&puData=d5bd3b4cd8a545ef159b3df5812b9302&ddCalcu=2d05v3ba9dxb3a2b148c5df8da35b4955e1f&sv=10004&ct=android,,,,,,,,,,,CCSH.txt
徐州新闻综合,http://223.247.25.247:1234/639731747,,,,,,,,,,,CCSH.txt
徐州新闻综合,http://106.42.108.174:7788/639731747,,,,,,,,,,,CCSH.txt
徐州新闻综合,http://116.236.204.18:1234/639731747,,,,,,,,,,,CCSH.txt
徐州新闻综合,http://8.135.27.147:1234/639731747,,,,,,,,,,,CCSH.txt
徐州经济生活,http://stream3.huaihai.tv/xz2t/sd/live.m3u8,,,,,,,,,,,CCSH.txt
无锡都市资讯,https://t.freetv.fun/live/wu-xi-du-shi-zi-xun.m3u8,,,,,,,,,,,CCSH.txt
武进新闻频道,https://live.wjyanghu.com/live/CH1.m3u8?zjiangsd,,,,,,,,,,,CCSH.txt
武进生活频道,https://live.wjyanghu.com/live/CH2.m3u8?zjiangsd,,,,,,,,,,,CCSH.txt
淮安新闻综合,https://iptv.catvod.com/migu?id=639731826&token=c1247ae9feaf26058b305c3ebd2e1aba,,,,,,,,,,,CCSH.txt
淮安新闻综合,http://27.12.12.107:1234/639731826,,,,,,,,,,,CCSH.txt
淮安新闻综合,http://kkk.888.3116598.xyz/api.php?n=tttt&id=j0zUBU&tk=FgM0vQMejxvG,,,,,,,,,,,CCSH.txt
淮安新闻综合,http://110.154.192.36:7788/639731826,,,,,,,,,,,CCSH.txt
淮安新闻综合,https://iptv.catvod.com/migu?id=639731826&token=37ca18ca043a87c1f8160ed1923837e9,,,,,,,,,,,CCSH.txt
淮安新闻综合,http://47.104.178.59:3566/639731826,,,,,,,,,,,CCSH.txt
淮安新闻综合,http://42.94.210.57:7788/639731826,,,,,,,,,,,CCSH.txt
淮安新闻综合,http://hlsztemgsplive.miguvideo.com:8080/wd_r2/jstv/haxinwenzonghe/600/index.m3u8?msisdn=20260806040125acb09ff210d0413c834572e9a4c1e94f&mdspid=&spid=699067&netType=0&sid=5500469363&pid=2028597139&timestamp=20260806040125&Channel_ID=0116_2600000900-99000-201600010010027&ProgramID=639731826&ParentNodeID=-99&assertID=5500469363&client_ip=218.28.233.106&SecurityKey=20260806040125&promotionId=&mvid=5102012618&mcid=500020&playurlVersion=ZQ-A1-9.8.0-SNAPSHOT&userid=&jmhm=&videocodec=h264&appCode=miguvideo_android&bean=mgspad&tid=android&conFee=0&encrypt=eb487f7b00c8657209fbb7597dd293bd,,,,,,,,,,,CCSH.txt
淮安新闻综合,http://106.42.108.174:7788/639731826,,,,,,,,,,,CCSH.txt
淮安新闻综合,http://113.120.243.10:7788/639731826,,,,,,,,,,,CCSH.txt
淮安新闻综合,http://116.236.204.18:1234/639731826,,,,,,,,,,,CCSH.txt
淮安新闻综合,http://14.153.176.108:1234/639731826,,,,,,,,,,,CCSH.txt
淮安新闻综合,http://223.247.25.247:1234/639731826,,,,,,,,,,,CCSH.txt
淮安新闻综合,http://27.12.12.100:1234/639731826,,,,,,,,,,,CCSH.txt
淮安新闻综合,http://42.94.210.221:7788/639731826,,,,,,,,,,,CCSH.txt
淮安新闻综合,http://8.135.27.147:1234/639731826,,,,,,,,,,,CCSH.txt
淮安新闻综合,http://gslbmgsplive.miguvideo.com/wd_r2/jstv/haxinwenzonghe/600/index.m3u8?msisdn=0220afa230f9f73af571761bc1c6a5ee&mdspid=&spid=699067&netType=0&sid=5500469363&pid=2028597139&timestamp=20260805062052&Channel_ID=0116_2600034600-99000-201600010010028&ProgramID=639731826&ParentNodeID=-99&assertID=5500469363&client_ip=39.103.182.111&SecurityKey=20260805062052&promotionId=&mvid=5102012618&mcid=500020&playurlVersion=ZQ-A1-9.8.0-SNAPSHOT&userid=&jmhm=&videocodec=h264&appCode=miguvideo_android&bean=mgspad&tid=android&conFee=0&puData=3cf2857809bada7624535a4c5bc7a0fb&ddCalcu=b3fcv0faa2k78ac5b758c049ab5a3d5a4726&sv=10004&ct=android,,,,,,,,,,,CCSH.txt
淮安新闻综合,http://hlsztemgsplive.miguvideo.com:8080/wd_r2/jstv/haxinwenzonghe/600/index.m3u8?msisdn=20260805040112822d2d75bfcd4b84bd225198d96dc67f&mdspid=&spid=699067&netType=0&sid=5500469363&pid=2028597139&timestamp=20260805040112&Channel_ID=0116_2600000900-99000-201600010010027&ProgramID=639731826&ParentNodeID=-99&assertID=5500469363&client_ip=218.28.233.106&SecurityKey=20260805040112&promotionId=&mvid=5102012618&mcid=500020&playurlVersion=ZQ-A1-9.8.0-SNAPSHOT&userid=&jmhm=&videocodec=h264&appCode=miguvideo_android&bean=mgspad&tid=android&conFee=0&encrypt=9d19d0a83b2012a88258623ad7c6f705,,,,,,,,,,,CCSH.txt
淮安新闻综合,http://hlsztemgsplive.miguvideo.com:8080/wd_r2/jstv/haxinwenzonghe/600/index.m3u8?msisdn=2026080508011184c35f56bb524cf49936453d87d330e8&mdspid=&spid=699067&netType=0&sid=5500469363&pid=2028597139&timestamp=20260805080111&Channel_ID=0116_2600000900-99000-201600010010027&ProgramID=639731826&ParentNodeID=-99&assertID=5500469363&client_ip=218.28.233.106&SecurityKey=20260805080111&promotionId=&mvid=5102012618&mcid=500020&playurlVersion=ZQ-A1-9.8.0-SNAPSHOT&userid=&jmhm=&videocodec=h264&appCode=miguvideo_android&bean=mgspad&tid=android&conFee=0&encrypt=d56a5d33a139df5d8389cd552ed7939e,,,,,,,,,,,CCSH.txt
淮安新闻综合,http://8.138.7.223/tv/migu3.php?id=haxwzh,,,,,,,,,,,CCSH.txt
溧水新闻综合,https://iptv.catvod.com/migu?id=639737327&token=d2ad207e3a70055cbab896b87bf87a5d,,,,,,,,,,,CCSH.txt
溧水新闻综合,http://27.12.12.107:1234/639737327,,,,,,,,,,,CCSH.txt
溧水新闻综合,http://kkk.888.3116598.xyz/api.php?n=tttt&id=xQrYR6&tk=FgM0vQMejxvG,,,,,,,,,,,CCSH.txt
溧水新闻综合,http://14.153.176.108:1234/639737327,,,,,,,,,,,CCSH.txt
溧水新闻综合,http://110.154.192.36:7788/639737327,,,,,,,,,,,CCSH.txt
溧水新闻综合,http://47.104.178.59:3566/639737327,,,,,,,,,,,CCSH.txt
溧水新闻综合,http://42.94.210.57:7788/639737327,,,,,,,,,,,CCSH.txt
溧水新闻综合,http://hlsztemgsplive.miguvideo.com:8080/migu/kailu/wxxwzh/50/20250604/index.m3u8?msisdn=20260806040127e4c3d1a7e2054cf58914f30ae13c840a&mdspid=&spid=699067&netType=0&sid=5500469349&pid=2028597139&timestamp=20260806040127&Channel_ID=0116_2600000900-99000-201600010010027&ProgramID=639737327&ParentNodeID=-99&assertID=5500469349&client_ip=218.28.233.106&SecurityKey=20260806040127&promotionId=&mvid=5102012612&mcid=500020&playurlVersion=ZQ-A1-9.8.0-SNAPSHOT&userid=&jmhm=&videocodec=h264&appCode=miguvideo_android&bean=mgspad&tid=android&conFee=0&encrypt=1f096788a91d7219870cf9601160402f,,,,,,,,,,,CCSH.txt
溧水新闻综合,http://106.42.108.174:7788/639737327,,,,,,,,,,,CCSH.txt
溧水新闻综合,http://113.120.243.10:7788/639737327,,,,,,,,,,,CCSH.txt
溧水新闻综合,http://116.236.204.18:1234/639737327,,,,,,,,,,,CCSH.txt
溧水新闻综合,http://223.247.25.247:1234/639737327,,,,,,,,,,,CCSH.txt
溧水新闻综合,http://27.12.12.100:1234/639737327,,,,,,,,,,,CCSH.txt
溧水新闻综合,http://42.94.210.221:7788/639737327,,,,,,,,,,,CCSH.txt
溧水新闻综合,http://8.135.27.147:1234/639737327,,,,,,,,,,,CCSH.txt
溧水新闻综合,http://gslbmgsplive.miguvideo.com/migu/kailu/wxxwzh/51/20250604/index.m3u8?msisdn=6fa6515585ebe17bc641919d2f8fc555&mdspid=&spid=699067&netType=0&sid=5500469349&pid=2028597139&timestamp=20260805062056&Channel_ID=0116_2600034600-99000-201600010010028&ProgramID=639737327&ParentNodeID=-99&assertID=5500469349&client_ip=39.103.182.111&SecurityKey=20260805062056&promotionId=&mvid=5102012612&mcid=500020&playurlVersion=ZQ-A1-9.8.0-SNAPSHOT&userid=&jmhm=&videocodec=h264&appCode=miguvideo_android&bean=mgspad&tid=android&conFee=0&puData=c587af065e7522b66f9fa16e3a17f7ab&ddCalcu=bca5v78af7b7aa1fa036e56e17a5f292fb66&sv=10004&ct=android,,,,,,,,,,,CCSH.txt
溧水新闻综合,http://hlsztemgsplive.miguvideo.com:8080/migu/kailu/wxxwzh/50/20250604/index.m3u8?msisdn=202608050401135629c02a0bd34fec8737240e157cfdfb&mdspid=&spid=699067&netType=0&sid=5500469349&pid=2028597139&timestamp=20260805040113&Channel_ID=0116_2600000900-99000-201600010010027&ProgramID=639737327&ParentNodeID=-99&assertID=5500469349&client_ip=218.28.233.106&SecurityKey=20260805040113&promotionId=&mvid=5102012612&mcid=500020&playurlVersion=ZQ-A1-9.8.0-SNAPSHOT&userid=&jmhm=&videocodec=h264&appCode=miguvideo_android&bean=mgspad&tid=android&conFee=0&encrypt=87d0c8afcfeef39daacce0829ed5497e,,,,,,,,,,,CCSH.txt
溧水新闻综合,http://hlsztemgsplive.miguvideo.com:8080/migu/kailu/wxxwzh/50/20250604/index.m3u8?msisdn=2026080508011333ce76be53f549ad9243df6cfdc38da9&mdspid=&spid=699067&netType=0&sid=5500469349&pid=2028597139&timestamp=20260805080113&Channel_ID=0116_2600000900-99000-201600010010027&ProgramID=639737327&ParentNodeID=-99&assertID=5500469349&client_ip=218.28.233.106&SecurityKey=20260805080113&promotionId=&mvid=5102012612&mcid=500020&playurlVersion=ZQ-A1-9.8.0-SNAPSHOT&userid=&jmhm=&videocodec=h264&appCode=miguvideo_android&bean=mgspad&tid=android&conFee=0&encrypt=f27ab2aa9ec4bd0117bdcd9eda9cd15e,,,,,,,,,,,CCSH.txt
苏州4k,https://live-auth.51kandianshi.com/szgd/csztv4k_hd.m3u8,,,,,,,,,,,CCSH.txt
苏州新闻综合,http://ottrrs.hl.chinamobile.com/PLTV/88888888/224/3221226410/index.m3u8,,,,,,,,,,,CCSH.txt
苏州新闻综合,http://kkk.888.3116598.xyz/api.php?n=tttt&id=0wiUQd&tk=FgM0vQMejxvG,,,,,,,,,,,CCSH.txt
苏州新闻综合,http://8.138.7.223/tv/migu3.php?id=szxwzh,,,,,,,,,,,CCSH.txt
苏州电影娱乐,https://live-auth.51kandianshi.com/szgd/csztv4.m3u8,,,,,,,,,,,CCSH.txt
靖江新闻综合,http://dassby.qqff.top:99/live/辽宁北方/index.m3u8,,,,,,,,,,,CCSH.txt
靖江新闻综合,https://satellitepull.cnr.cn/live/wxlnjjtb/playlist.m3u8,,,,,,,,,,,CCSH.txt
靖江新闻综合,http://visit.jjbctv.com:1935/live/xwzhmb/playlist.m3u8?zjiangsd,,,,,,,,,,,CCSH.txt
固镇新闻,http://www.guzhenm.com:7001/hls/hd-live.m3u8?zanhd,,,,,,,,,,,CCSH.txt
安徽影视,http://112.27.235.94:8000/hls/24/index.m3u8,,,,,,,,,,,CCSH.txt
安徽经济生活,https://stream1.freetv.fun/an-hui-jing-ji-sheng-huo-1.m3u8,,,,,,,,,,,CCSH.txt
安徽经济生活,https://stream1.freetv.fun/an-hui-jing-ji-sheng-huo-9.m3u8,,,,,,,,,,,CCSH.txt
安徽经济生活,https://stream1.freetv.fun/an-hui-jing-ji-sheng-huo-5.m3u8,,,,,,,,,,,CCSH.txt
安徽经济生活,https://stream1.freetv.fun/an-hui-jing-ji-sheng-huo-10.m3u8,,,,,,,,,,,CCSH.txt
安徽经济生活,https://stream1.freetv.fun/an-hui-jing-ji-sheng-huo-2.m3u8,,,,,,,,,,,CCSH.txt
安徽经济生活,https://stream1.freetv.fun/an-hui-jing-ji-sheng-huo-13.m3u8,,,,,,,,,,,CCSH.txt
安徽经济生活,https://stream1.freetv.fun/an-hui-jing-ji-sheng-huo-11.m3u8,,,,,,,,,,,CCSH.txt
安徽经济生活,http://112.27.235.94:8000/hls/22/index.m3u8,,,,,,,,,,,CCSH.txt
安徽综艺体育,https://stream1.freetv.fun/an-hui-zong-yi-ti-yu-18.m3u8,,,,,,,,,,,CCSH.txt
安徽综艺体育,https://stream1.freetv.fun/an-hui-zong-yi-ti-yu-2.m3u8,,,,,,,,,,,CCSH.txt
安徽综艺体育,https://stream1.freetv.fun/an-hui-zong-yi-ti-yu-6.m3u8,,,,,,,,,,,CCSH.txt
安徽综艺体育,https://stream1.freetv.fun/an-hui-zong-yi-ti-yu-5.m3u8,,,,,,,,,,,CCSH.txt
涡阳新闻综合,http://220.180.124.18:888/live/ch0.m3u8,,,,,,,,,,,CCSH.txt
黄山公共生活,http://hslive.hsnewsnet.com/lsdream/iY92ady/1000/live.m3u8,,,,,,,,,,,CCSH.txt
海南公共,https://stream1.freetv.fun/ipv6-hai-nan-gong-gong-16.m3u8,,,,,,,,,,,CCSH.txt
海南文旅,http://153.0.171.163:85/tsfile/live/1019_1.m3u8?key=txiptv&playlive=1&authid=0,,,,,,,,,,,CCSH.txt
海南文旅,http://vapi.91kds.cc/live1/hitv.m3u8?id=hiys&apiKey=2079b631b519ec17da0bc09844eb8419,,,,,,,,,,,CCSH.txt
海南文旅,http://47.108.20.161:8866/hainan/hainan.php?id=wlpd,,,,,,,,,,,CCSH.txt
海南新闻,https://stream1.freetv.fun/ipv6-hai-nan-xin-wen-10.m3u8,,,,,,,,,,,CCSH.txt
海南新闻,http://153.0.171.163:85/tsfile/live/1017_1.m3u8?key=txiptv&playlive=1&authid=0,,,,,,,,,,,CCSH.txt
海南新闻,http://satellitepull.cnr.cn/live/wxhainxwgb/playlist.m3u8,,,,,,,,,,,CCSH.txt
海南新闻,https://satellitepull.cnr.cn/live/wxhainxwgb/playlist.m3u8,,,,,,,,,,,CCSH.txt
海南新闻,http://47.108.20.161:8866/hainan/hainan.php?id=xwpd,,,,,,,,,,,CCSH.txt
海南自贸,http://153.0.171.163:85/tsfile/live/1016_1.m3u8?key=txiptv&playlive=1&authid=0,,,,,,,,,,,CCSH.txt
海南自贸,http://47.108.20.161:8866/hainan/hainan.php?id=jjpd,,,,,,,,,,,CCSH.txt
内蒙农牧,http://play1-qk.nmtv.cn/live/2320general.m3u8,,,,,,,,,,,CCSH.txt
内蒙少儿,http://play1-qk.nmtv.cn/live/2318general.m3u8,,,,,,,,,,,CCSH.txt
内蒙文体,http://play1-qk.nmtv.cn/live/2319general.m3u8,,,,,,,,,,,CCSH.txt
内蒙经济,http://play1-qk.nmtv.cn/live/2317general.m3u8,,,,,,,,,,,CCSH.txt
辽宁公共,https://stream1.freetv.fun/liao-zhu-gong-gong-2.m3u8,,,,,,,,,,,CCSH.txt
辽宁公共,http://120.76.248.139/live/bfgd/4200000481.m3u8,,,,,,,,,,,CCSH.txt
辽宁公共,http://120.76.248.139/live/bfgd/4200000077.m3u8,,,,,,,,,,,CCSH.txt
辽宁公共,http://dassby.qqff.top:99/live/辽宁公共/index.m3u8,,,,,,,,,,,CCSH.txt
辽宁公共,https://stream1.freetv.fun/liao-zhu-gong-gong-3.m3u8,,,,,,,,,,,CCSH.txt
辽宁北方,http://63.141.230.178:82/gslb/zbdq5.m3u8?id=lnbf,,,,,,,,,,,CCSH.txt
辽宁北方,http://120.76.248.139/live/bfgd/4200000071.m3u8,,,,,,,,,,,CCSH.txt
辽宁影视,http://63.141.230.178:82/gslb/zbdq5.m3u8?id=lnys,,,,,,,,,,,CCSH.txt
辽宁影视剧,http://120.76.248.139/live/bfgd/4200000070.m3u8,,,,,,,,,,,CCSH.txt
辽宁影视剧,http://dassby.qqff.top:99/live/辽宁影视剧/index.m3u8,,,,,,,,,,,CCSH.txt
辽宁教育青少,http://120.76.248.139/live/bfgd/4200000075.m3u8,,,,,,,,,,,CCSH.txt
辽宁教育青少,http://dassby.qqff.top:99/live/辽宁教育青少/index.m3u8,,,,,,,,,,,CCSH.txt
辽宁生活,http://120.76.248.139/live/bfgd/4200000073.m3u8,,,,,,,,,,,CCSH.txt
辽宁生活,http://63.141.230.178:82/gslb/zbdq5.m3u8?id=lnsh,,,,,,,,,,,CCSH.txt
辽宁生活,http://dassby.qqff.top:99/live/辽宁生活/index.m3u8,,,,,,,,,,,CCSH.txt
辽宁经济,http://120.76.248.139/live/bfgd/4200000076.m3u8,,,,,,,,,,,CCSH.txt
辽宁经济,http://120.76.248.139/live/bfgd/4200000480.m3u8,,,,,,,,,,,CCSH.txt
辽宁经济,http://dassby.qqff.top:99/live/辽宁经济/index.m3u8,,,,,,,,,,,CCSH.txt
辽宁都市,http://120.76.248.139/live/bfgd/4200000068.m3u8,,,,,,,,,,,CCSH.txt
辽宁都市,http://63.141.230.178:82/gslb/zbdq5.m3u8?id=lnds,,,,,,,,,,,CCSH.txt
辽宁都市,http://120.76.248.139/live/bfgd/4200000610.m3u8,,,,,,,,,,,CCSH.txt
辽宁都市,http://dassby.qqff.top:99/live/辽宁都市/index.m3u8,,,,,,,,,,,CCSH.txt
陕西体育休闲,https://t.freetv.fun/live/shan-xi-ti-yu-xiu-xian-1.m3u8,,,,,,,,,,,CCSH.txt
陕西体育休闲,https://t.freetv.fun/live/ti-yu-xiu-xian.m3u8,,,,,,,,,,,CCSH.txt
陕西体育休闲,https://iptv.catvod.com/migu?id=956909356&token=eba12e800c4e15294373a5ac7601d9b0,,,,,,,,,,,CCSH.txt
陕西体育休闲,http://27.12.12.107:1234/956909356,,,,,,,,,,,CCSH.txt
陕西体育休闲,http://47.104.178.59:3566/956909356,,,,,,,,,,,CCSH.txt
陕西体育休闲,http://14.153.176.108:1234/956909356,,,,,,,,,,,CCSH.txt
陕西体育休闲,http://42.94.210.57:7788/956909356,,,,,,,,,,,CCSH.txt
陕西体育休闲,http://106.42.108.174:7788/956909356,,,,,,,,,,,CCSH.txt
陕西体育休闲,http://110.154.192.36:7788/956909356,,,,,,,,,,,CCSH.txt
陕西体育休闲,http://113.120.243.10:7788/956909356,,,,,,,,,,,CCSH.txt
陕西体育休闲,http://116.236.204.18:1234/956909356,,,,,,,,,,,CCSH.txt
陕西体育休闲,http://223.247.25.247:1234/956909356,,,,,,,,,,,CCSH.txt
陕西体育休闲,http://27.12.12.100:1234/956909356,,,,,,,,,,,CCSH.txt
陕西体育休闲,http://42.94.210.221:7788/956909356,,,,,,,,,,,CCSH.txt
陕西体育休闲,http://8.135.27.147:1234/956909356,,,,,,,,,,,CCSH.txt
陕西体育休闲,http://gslbmgsplive.miguvideo.com/migu/kailu/sxtyxx/51/20250804/index.m3u8?msisdn=5c33196ff0576632f4f4285232193e79&mdspid=&spid=600572&netType=0&sid=5910022189&pid=2028597139&timestamp=20260805062057&Channel_ID=0116_2600034600-99000-201600010010028&ProgramID=956909356&ParentNodeID=-99&assertID=5910022189&client_ip=39.103.182.111&SecurityKey=20260805062057&promotionId=&mvid=5900006712&mcid=500020&playurlVersion=ZQ-A1-9.8.0-SNAPSHOT&userid=&jmhm=&videocodec=h264&appCode=miguvideo_android&bean=mgspad&tid=android&conFee=0&puData=d67faa0ce15a40618e63a107817a2a8e&ddCalcu=ed86va7a2fbaaa7a108c7e0115aa3460e681&sv=10004&ct=android,,,,,,,,,,,CCSH.txt
陕西体育休闲,http://hlsztemgsplive.miguvideo.com:8080/migu/kailu/sxtyxx/50/20250804/index.m3u8?msisdn=202608050401072041217fc75f4733a2a5ce5cbfb00fdf&mdspid=&spid=600572&netType=0&sid=5910022189&pid=2028597139&timestamp=20260805040107&Channel_ID=0116_2600000900-99000-201600010010027&ProgramID=956909356&ParentNodeID=-99&assertID=5910022189&client_ip=218.28.233.106&SecurityKey=20260805040107&promotionId=&mvid=5900006712&mcid=500020&playurlVersion=ZQ-A1-9.8.0-SNAPSHOT&userid=&jmhm=&videocodec=h264&appCode=miguvideo_android&bean=mgspad&tid=android&conFee=0&encrypt=a9fb7f23ea11542700c4d934b11e4c0a,,,,,,,,,,,CCSH.txt
陕西体育休闲,http://hlsztemgsplive.miguvideo.com:8080/migu/kailu/sxtyxx/50/20250804/index.m3u8?msisdn=20260805080107547b85e38f564a069581828f5f04c1de&mdspid=&spid=600572&netType=0&sid=5910022189&pid=2028597139&timestamp=20260805080107&Channel_ID=0116_2600000900-99000-201600010010027&ProgramID=956909356&ParentNodeID=-99&assertID=5910022189&client_ip=218.28.233.106&SecurityKey=20260805080107&promotionId=&mvid=5900006712&mcid=500020&playurlVersion=ZQ-A1-9.8.0-SNAPSHOT&userid=&jmhm=&videocodec=h264&appCode=miguvideo_android&bean=mgspad&tid=android&conFee=0&encrypt=1d5287af0346d9a74736175cfade5538,,,,,,,,,,,CCSH.txt
陕西新闻资讯,https://iptv.catvod.com/migu?id=956909289&token=8a0b526975d171b6b184002382fd6208,,,,,,,,,,,CCSH.txt
陕西新闻资讯,http://27.12.12.107:1234/956909289,,,,,,,,,,,CCSH.txt
陕西新闻资讯,http://14.153.176.108:1234/956909289,,,,,,,,,,,CCSH.txt
陕西新闻资讯,http://42.94.210.57:7788/956909289,,,,,,,,,,,CCSH.txt
陕西新闻资讯,http://110.154.192.36:7788/956909289,,,,,,,,,,,CCSH.txt
陕西新闻资讯,http://47.104.178.59:3566/956909289,,,,,,,,,,,CCSH.txt
陕西新闻资讯,http://106.42.108.174:7788/956909289,,,,,,,,,,,CCSH.txt
陕西新闻资讯,http://113.120.243.10:7788/956909289,,,,,,,,,,,CCSH.txt
陕西新闻资讯,http://116.236.204.18:1234/956909289,,,,,,,,,,,CCSH.txt
陕西新闻资讯,http://223.247.25.247:1234/956909289,,,,,,,,,,,CCSH.txt
陕西新闻资讯,http://27.12.12.100:1234/956909289,,,,,,,,,,,CCSH.txt
陕西新闻资讯,http://42.94.210.221:7788/956909289,,,,,,,,,,,CCSH.txt
陕西新闻资讯,http://8.135.27.147:1234/956909289,,,,,,,,,,,CCSH.txt
陕西新闻资讯,http://gslbmgsplive.miguvideo.com/migu/kailu/sxxwzx/51/20250804/index.m3u8?msisdn=7afe4ecd94f4c6ac105a1109bdd72b66&mdspid=&spid=600572&netType=0&sid=5910022187&pid=2028597139&timestamp=20260805062058&Channel_ID=0116_2600034600-99000-201600010010028&ProgramID=956909289&ParentNodeID=-99&assertID=5910022187&client_ip=39.103.188.159&SecurityKey=20260805062058&promotionId=&mvid=5900006710&mcid=500020&playurlVersion=ZQ-A1-9.8.0-SNAPSHOT&userid=&jmhm=&videocodec=h264&appCode=miguvideo_android&bean=mgspad&tid=android&conFee=0&puData=4a0cbf8a423cae9a4752fb2c00be58f1&ddCalcu=14fav80a5caebabf080ac422b3fc2a5e794a&sv=10004&ct=android,,,,,,,,,,,CCSH.txt
陕西新闻资讯,http://hlsztemgsplive.miguvideo.com:8080/migu/kailu/sxxwzx/50/20250804/index.m3u8?msisdn=2026080504011413b647b4c5d9467a882e962e531afa50&mdspid=&spid=600572&netType=0&sid=5910022187&pid=2028597139&timestamp=20260805040114&Channel_ID=0116_2600000900-99000-201600010010027&ProgramID=956909289&ParentNodeID=-99&assertID=5910022187&client_ip=218.28.233.106&SecurityKey=20260805040114&promotionId=&mvid=5900006710&mcid=500020&playurlVersion=ZQ-A1-9.8.0-SNAPSHOT&userid=&jmhm=&videocodec=h264&appCode=miguvideo_android&bean=mgspad&tid=android&conFee=0&encrypt=b9a372390bc4eacb3c7ef44634101d63,,,,,,,,,,,CCSH.txt
陕西新闻资讯,http://hlsztemgsplive.miguvideo.com:8080/migu/kailu/sxxwzx/50/20250804/index.m3u8?msisdn=20260805080113764289ea05c444af92129c3313cc8e52&mdspid=&spid=600572&netType=0&sid=5910022187&pid=2028597139&timestamp=20260805080113&Channel_ID=0116_2600000900-99000-201600010010027&ProgramID=956909289&ParentNodeID=-99&assertID=5910022187&client_ip=218.28.233.106&SecurityKey=20260805080113&promotionId=&mvid=5900006710&mcid=500020&playurlVersion=ZQ-A1-9.8.0-SNAPSHOT&userid=&jmhm=&videocodec=h264&appCode=miguvideo_android&bean=mgspad&tid=android&conFee=0&encrypt=a53274456640e0c7bf1dadf1335e3ebf,,,,,,,,,,,CCSH.txt
陕西都市青春,https://iptv.catvod.com/migu?id=956909358&token=5736b5ada956b8c86a8c7a131de28286,,,,,,,,,,,CCSH.txt
陕西都市青春,http://27.12.12.107:1234/956909358,,,,,,,,,,,CCSH.txt
陕西都市青春,http://47.104.178.59:3566/956909358,,,,,,,,,,,CCSH.txt
陕西都市青春,http://14.153.176.108:1234/956909358,,,,,,,,,,,CCSH.txt
陕西都市青春,http://106.42.108.174:7788/956909358,,,,,,,,,,,CCSH.txt
陕西都市青春,http://110.154.192.36:7788/956909358,,,,,,,,,,,CCSH.txt
陕西都市青春,http://113.120.243.10:7788/956909358,,,,,,,,,,,CCSH.txt
陕西都市青春,http://116.236.204.18:1234/956909358,,,,,,,,,,,CCSH.txt
陕西都市青春,http://223.247.25.247:1234/956909358,,,,,,,,,,,CCSH.txt
陕西都市青春,http://27.12.12.100:1234/956909358,,,,,,,,,,,CCSH.txt
陕西都市青春,http://42.94.210.221:7788/956909358,,,,,,,,,,,CCSH.txt
陕西都市青春,http://8.135.27.147:1234/956909358,,,,,,,,,,,CCSH.txt
陕西都市青春,http://gslbmgsplive.miguvideo.com/migu/kailu/sxdsqc/51/20250804/index.m3u8?msisdn=098a8316a18dbb109c4236d533610125&mdspid=&spid=600572&netType=0&sid=5910022190&pid=2028597139&timestamp=20260805062057&Channel_ID=0116_2600034600-99000-201600010010028&ProgramID=956909358&ParentNodeID=-99&assertID=5910022190&client_ip=39.103.188.159&SecurityKey=20260805062057&promotionId=&mvid=5900006713&mcid=500020&playurlVersion=ZQ-A1-9.8.0-SNAPSHOT&userid=&jmhm=&videocodec=h264&appCode=miguvideo_android&bean=mgspad&tid=android&conFee=0&puData=ee3fc8a5bba63c6597902c28bb723917&ddCalcu=7e1ev93a3fb2ca78bab58b2bca26039c7695&sv=10004&ct=android,,,,,,,,,,,CCSH.txt
陕西都市青春,http://hlsztemgsplive.miguvideo.com:8080/migu/kailu/sxdsqc/50/20250804/index.m3u8?msisdn=2026080504011383a0af74bdd6456b8781b010204aad49&mdspid=&spid=600572&netType=0&sid=5910022190&pid=2028597139&timestamp=20260805040113&Channel_ID=0116_2600000900-99000-201600010010027&ProgramID=956909358&ParentNodeID=-99&assertID=5910022190&client_ip=218.28.233.106&SecurityKey=20260805040113&promotionId=&mvid=5900006713&mcid=500020&playurlVersion=ZQ-A1-9.8.0-SNAPSHOT&userid=&jmhm=&videocodec=h264&appCode=miguvideo_android&bean=mgspad&tid=android&conFee=0&encrypt=d8ca57c7fb68df2a8c0a74b1cfcd7015,,,,,,,,,,,CCSH.txt
陕西都市青春,http://hlsztemgsplive.miguvideo.com:8080/migu/kailu/sxdsqc/50/20250804/index.m3u8?msisdn=20260805080113ba6f0c6d784148108380d68706c1c6b4&mdspid=&spid=600572&netType=0&sid=5910022190&pid=2028597139&timestamp=20260805080113&Channel_ID=0116_2600000900-99000-201600010010027&ProgramID=956909358&ParentNodeID=-99&assertID=5910022190&client_ip=218.28.233.106&SecurityKey=20260805080113&promotionId=&mvid=5900006713&mcid=500020&playurlVersion=ZQ-A1-9.8.0-SNAPSHOT&userid=&jmhm=&videocodec=h264&appCode=miguvideo_android&bean=mgspad&tid=android&conFee=0&encrypt=ae029c8546385aef80c29672a5ee12b1,,,,,,,,,,,CCSH.txt
山西影视,http://113.26.251.182:8009/hls/21/index.m3u8,,,,,,,,,,,CCSH.txt
山西文体生活,http://113.26.251.182:8009/hls/23/index.m3u8,,,,,,,,,,,CCSH.txt
山西社会与法治,http://113.26.251.182:8009/hls/22/index.m3u8,,,,,,,,,,,CCSH.txt
北京新闻,http://player.cntv.cn/standard/live_HLSDRM20180524.swf?ChannelID=btv9&videoTVChannel=btv9&P2PChannelID=pd://cctv_p2p_hdbtv9&tai=btv9&VideoName=btv9&channelID=btv9,,,,,,,,,,,CCSH.txt
北京新闻,https://brtv-radiolive.rbc.cn/alive/fm945.m3u8,,,,,,,,,,,CCSH.txt
北京新闻,http://live.xmcdn.com/live/91/64.m3u8,,,,,,,,,,,CCSH.txt
北京新闻,http://satellitepull.cnr.cn/live/wxbjxwgb/playlist.m3u8,,,,,,,,,,,CCSH.txt
北京新闻,http://8.138.7.223/tv/bj.php?id=0007,,,,,,,,,,,CCSH.txt
北京生活,http://player.cntv.cn/standard/live_HLSDRM20180524.swf?ChannelID=btv7&videoTVChannel=btv7&P2PChannelID=pd://cctv_p2p_hdbtv7&tai=btv7&VideoName=btv7&channelID=btv7,,,,,,,,,,,CCSH.txt
北京生活,http://8.138.7.223/tv/bj.php?id=0006,,,,,,,,,,,CCSH.txt
北京科教,http://player.cntv.cn/standard/live_HLSDRM20180606.swf?ChannelID=btv3&P2PChannelID=pd://cctv_p2p_hdbtv3,,,,,,,,,,,CCSH.txt
北京财经,http://player.cntv.cn/standard/live_HLSDRM20180524.swf?ChannelID=btv5&videoTVChannel=btv5&P2PChannelID=pd://cctv_p2p_hdbtv5&tai=btv5&VideoName=btv5&channelID=btv5,,,,,,,,,,,CCSH.txt
北京财经,http://8.138.7.223/tv/bj.php?id=0005,,,,,,,,,,,CCSH.txt
北京青年,http://player.cntv.cn/standard/live_HLSDRM20180919.swf?v=180.171.5.8.9.6.3.9&ChannelID=btv8&videoTVChannel=btv8&P2PChannelID=pd://cctv_p2p_hdbtv8&tai=btv8&VideoName=btv8&channelID=btv8,,,,,,,,,,,CCSH.txt
万州综合,http://live.xmcdn.com/live/1678/64.m3u8,,,,,,,,,,,CCSH.txt
涪陵电视台,http://183.64.215.48:1002/1.m3u8,,,,,,,,,,,CCSH.txt
潼南综合,http://183.230.184.51:65500/tntv1.m3u8,,,,,,,,,,,CCSH.txt
重庆汽摩,http://222.179.155.21:1935/ch1.m3u8?%E5%85%B3%E6%B3%A8%E5%BE%AE%E4%BF%A1%E5%85%AC%E4%BC%97%E5%8F%B7[%E6%99%B4%E5%9B%AD],,,,,,,,,,,CCSH.txt
重庆汽摩,http://120.76.248.139/live/bfgd/4200000168.m3u8,,,,,,,,,,,CCSH.txt
重庆汽摩,http://183.64.181.25:40023/rongchang01.m3u8?%E5%85%B3%E6%B3%A8%E5%BE%AE%E4%BF%A1%E5%85%AC%E4%BC%97%E5%8F%B7[%E6%99%B4%E5%9B%AD],,,,,,,,,,,CCSH.txt
重庆汽摩,http://183.230.184.51:65500/tntv1.m3u8?zzhongqd,,,,,,,,,,,CCSH.txt
铜梁综合,http://183.64.174.171:40123/ch1.m3u8,,,,,,,,,,,CCSH.txt
铜梁综合,https://tlpc01.cqliving.com/ch1.m3u8,,,,,,,,,,,CCSH.txt
福建少儿,https://stream1.freetv.fun/fu-jian-shao-er-3.m3u8,,,,,,,,,,,CCSH.txt
福建少儿,http://183.250.156.180:9999/newlive/live/hls/26/live.m3u8,,,,,,,,,,,CCSH.txt
福建新闻,https://stream1.freetv.fun/fu-jian-xin-wen-5.m3u8,,,,,,,,,,,CCSH.txt
福建新闻,http://live.xmcdn.com/live/792/64.m3u8,,,,,,,,,,,CCSH.txt
福建新闻,http://110.80.17.38:9999/tsfile/live/0122_1.m3u8?key=txiptv&playlive=1&authid=0,,,,,,,,,,,CCSH.txt
福建海峡卫视,http://27.12.12.107:1234/849119120,,,,,,,,,,,CCSH.txt
福建海峡卫视,http://110.154.192.36:7788/849119120,,,,,,,,,,,CCSH.txt
福建海峡卫视,http://14.153.176.108:1234/849119120,,,,,,,,,,,CCSH.txt
福建海峡卫视,http://42.94.210.57:7788/849119120,,,,,,,,,,,CCSH.txt
福建海峡卫视,http://113.120.243.10:7788/849119120,,,,,,,,,,,CCSH.txt
福建海峡卫视,http://116.236.204.18:1234/849119120,,,,,,,,,,,CCSH.txt
福建海峡卫视,http://223.247.25.247:1234/849119120,,,,,,,,,,,CCSH.txt
福建海峡卫视,http://27.12.12.100:1234/849119120,,,,,,,,,,,CCSH.txt
福建海峡卫视,http://42.94.210.221:7788/849119120,,,,,,,,,,,CCSH.txt
福建海峡卫视,http://8.135.27.147:1234/849119120,,,,,,,,,,,CCSH.txt
福建海峡卫视,http://gslbmgsplive.miguvideo.com/migu/kailu/haixiaws/51/20230724/index.m3u8?msisdn=2f08eb5c951745e2592ddcd49a74914d&mdspid=&spid=600717&netType=0&sid=5910022183&pid=2028597139&timestamp=20260805062043&Channel_ID=0116_2600034600-99000-201600010010028&ProgramID=849119120&ParentNodeID=-99&assertID=5910022183&client_ip=39.103.182.111&SecurityKey=20260805062043&promotionId=&mvid=5900006231&mcid=500020&playurlVersion=ZQ-A1-9.8.0-SNAPSHOT&userid=&jmhm=&videocodec=h264&appCode=miguvideo_android&bean=mgspad&tid=android&conFee=0&puData=398db21f0d6393aad6b6ca1868c3fea1&ddCalcu=13a9ve8afdd3bac2816f801da6c369b36ada&sv=10004&ct=android,,,,,,,,,,,CCSH.txt
福建海峡卫视,http://hlsztemgsplive.miguvideo.com:8080/migu/kailu/haixiaws/50/20230724/index.m3u8?msisdn=202608050601043e6cdc329c5344bdb61f18c9f758ba3f&mdspid=&spid=600717&netType=0&sid=5910022183&pid=2028597139&timestamp=20260805060104&Channel_ID=0116_2600000900-99000-201600010010027&ProgramID=849119120&ParentNodeID=-99&assertID=5910022183&client_ip=218.28.233.106&SecurityKey=20260805060104&promotionId=&mvid=5900006231&mcid=500020&playurlVersion=ZQ-A1-9.8.0-SNAPSHOT&userid=&jmhm=&videocodec=h264&appCode=miguvideo_android&bean=mgspad&tid=android&conFee=0&encrypt=818f4c91503d9501e062a79811ae5187,,,,,,,,,,,CCSH.txt
福建电视剧,https://stream1.freetv.fun/fu-jian-dian-shi-ju-6.m3u8,,,,,,,,,,,CCSH.txt
福建电视剧,http://183.250.156.180:9999/newlive/live/hls/23/live.m3u8,,,,,,,,,,,CCSH.txt
福建经济,http://live.xmcdn.com/live/789/64.m3u8,,,,,,,,,,,CCSH.txt
福建综合,https://stream1.freetv.fun/fu-jian-zong-he-2.m3u8,,,,,,,,,,,CCSH.txt
福建综合,http://183.250.156.180:9999/newlive/live/hls/19/live.m3u8,,,,,,,,,,,CCSH.txt
甘肃公共,http://61.178.227.57:9901/tsfile/live/1002_1.m3u8?key=txiptv&playlive=1&authid=0,,,,,,,,,,,CCSH.txt
甘肃公共,https://t.freetv.fun/live/gan-su-gong-gong.m3u8,,,,,,,,,,,CCSH.txt
甘肃少儿,http://61.178.227.57:9901/tsfile/live/1007_1.m3u8?key=txiptv&playlive=1&authid=0,,,,,,,,,,,CCSH.txt
甘肃少儿,https://t.freetv.fun/live/gan-su-shao-er.m3u8,,,,,,,,,,,CCSH.txt
甘肃文化,http://61.178.227.57:9901/tsfile/live/1008_1.m3u8?key=txiptv&playlive=1&authid=0,,,,,,,,,,,CCSH.txt
甘肃都市,http://61.178.227.57:9901/tsfile/live/1005_1.m3u8?key=txiptv&playlive=1&authid=0,,,,,,,,,,,CCSH.txt
甘肃都市,https://t.freetv.fun/live/gan-su-du-shi.m3u8,,,,,,,,,,,CCSH.txt
南宁新闻综合,http://live.xmcdn.com/live/305/64.m3u8?aac,,,,,,,,,,,CCSH.txt
广西新闻,http://221.7.175.154:85/tsfile/live/1025_1.m3u8?key=txiptv&playlive=1&authid=0,,,,,,,,,,,CCSH.txt
广西新闻,http://113.15.109.216:59901/tsfile/live/1007_1.m3u8?key=txiptv&playlive=1&authid=0,,,,,,,,,,,CCSH.txt
仁怀新闻,http://123.207.224.130:123/guizhou/renhuai.php,,,,,,,,,,,CCSH.txt
河北农民,https://stream1.freetv.fun/he-bei-nong-min-18.m3u8,,,,,,,,,,,CCSH.txt
河北农民,https://stream1.freetv.fun/he-bei-nong-min-3.ctv,,,,,,,,,,,CCSH.txt
河北农民,https://stream1.freetv.fun/he-bei-nong-min-17.m3u8,,,,,,,,,,,CCSH.txt
河北农民,https://stream1.freetv.fun/he-bei-nong-min-18.ctv,,,,,,,,,,,CCSH.txt
河北农民,https://stream1.freetv.fun/he-bei-nong-min-1.m3u8,,,,,,,,,,,CCSH.txt
河北农民,https://stream1.freetv.fun/he-bei-nong-min-14.m3u8,,,,,,,,,,,CCSH.txt
河北农民,https://stream1.freetv.fun/he-bei-nong-min-15.m3u8,,,,,,,,,,,CCSH.txt
河北农民,https://stream1.freetv.fun/he-bei-nong-min-8.m3u8,,,,,,,,,,,CCSH.txt
河北农民,https://stream1.freetv.fun/he-bei-nong-min-12.m3u8,,,,,,,,,,,CCSH.txt
河北农民,https://stream1.freetv.fun/he-bei-nong-min-9.m3u8,,,,,,,,,,,CCSH.txt
河北农民,https://stream1.freetv.fun/he-bei-nong-min-7.ctv,,,,,,,,,,,CCSH.txt
河北农民,https://stream1.freetv.fun/he-bei-nong-min-13.ctv,,,,,,,,,,,CCSH.txt
河北农民,http://1.94.31.214/php/hebei.php?id=nmpd,,,,,,,,,,,CCSH.txt
河北都市,https://stream1.freetv.fun/he-bei-du-shi-16.ctv,,,,,,,,,,,CCSH.txt
河北都市,https://stream1.freetv.fun/he-bei-du-shi-14.m3u8,,,,,,,,,,,CCSH.txt
河北都市,https://stream1.freetv.fun/he-bei-du-shi-2.m3u8,,,,,,,,,,,CCSH.txt
河北都市,https://stream1.freetv.fun/he-bei-du-shi-22.ctv,,,,,,,,,,,CCSH.txt
河北都市,https://stream1.freetv.fun/he-bei-du-shi-11.m3u8,,,,,,,,,,,CCSH.txt
河北都市,https://stream1.freetv.fun/he-bei-du-shi-7.m3u8,,,,,,,,,,,CCSH.txt
河北都市,https://stream1.freetv.fun/he-bei-du-shi-18.m3u8,,,,,,,,,,,CCSH.txt
河北都市,https://stream1.freetv.fun/he-bei-du-shi-12.m3u8,,,,,,,,,,,CCSH.txt
河北都市,https://stream1.freetv.fun/he-bei-du-shi-5.m3u8,,,,,,,,,,,CCSH.txt
河北都市,https://stream1.freetv.fun/he-bei-du-shi-24.m3u8,,,,,,,,,,,CCSH.txt
河北都市,https://stream1.freetv.fun/he-bei-du-shi-20.ctv,,,,,,,,,,,CCSH.txt
河北都市,https://stream1.freetv.fun/he-bei-du-shi-21.ctv,,,,,,,,,,,CCSH.txt
河北都市,http://tv.pull.hebtv.com/jishi/dushipindao.m3u8?t=1893427200&k=49867ab5d80a7564abaf8ee18868992f,,,,,,,,,,,CCSH.txt
河北都市,http://1.94.31.214/php/hebei.php?id=hbds,,,,,,,,,,,CCSH.txt
石家庄娱乐,https://stream1.freetv.fun/shi-jia-zhuang-yu-le-11.m3u8,,,,,,,,,,,CCSH.txt
石家庄娱乐,https://stream1.freetv.fun/shi-jia-zhuang-yu-le-8.m3u8,,,,,,,,,,,CCSH.txt
石家庄娱乐,https://stream1.freetv.fun/shi-jia-zhuang-yu-le-10.m3u8,,,,,,,,,,,CCSH.txt
石家庄娱乐,https://stream1.freetv.fun/shi-jia-zhuang-yu-le-3.m3u8,,,,,,,,,,,CCSH.txt
石家庄娱乐,https://stream1.freetv.fun/shi-jia-zhuang-yu-le-12.ctv,,,,,,,,,,,CCSH.txt
石家庄新闻综合,https://stream1.freetv.fun/shi-jia-zhuang-xin-wen-zong-he-4.m3u8,,,,,,,,,,,CCSH.txt
石家庄新闻综合,https://stream1.freetv.fun/shi-jia-zhuang-xin-wen-zong-he-8.m3u8,,,,,,,,,,,CCSH.txt
石家庄新闻综合,https://stream1.freetv.fun/shi-jia-zhuang-xin-wen-zong-he-3.m3u8,,,,,,,,,,,CCSH.txt
石家庄新闻综合,https://stream1.freetv.fun/shi-jia-zhuang-xin-wen-zong-he-9.m3u8,,,,,,,,,,,CCSH.txt
石家庄新闻综合,https://stream1.freetv.fun/shi-jia-zhuang-xin-wen-zong-he-11.ctv,,,,,,,,,,,CCSH.txt
石家庄新闻综合,https://stream1.freetv.fun/shi-jia-zhuang-xin-wen-zong-he-10.m3u8,,,,,,,,,,,CCSH.txt
石家庄生活,https://stream1.freetv.fun/shi-jia-zhuang-sheng-huo-11.ctv,,,,,,,,,,,CCSH.txt
石家庄生活,https://stream1.freetv.fun/shi-jia-zhuang-sheng-huo-15.ctv,,,,,,,,,,,CCSH.txt
石家庄生活,https://stream1.freetv.fun/shi-jia-zhuang-sheng-huo-10.ctv,,,,,,,,,,,CCSH.txt
石家庄都市,https://stream1.freetv.fun/shi-jia-zhuang-du-shi-9.m3u8,,,,,,,,,,,CCSH.txt
石家庄都市,https://stream1.freetv.fun/shi-jia-zhuang-du-shi-12.m3u8,,,,,,,,,,,CCSH.txt
石家庄都市,https://stream1.freetv.fun/shi-jia-zhuang-du-shi-11.ctv,,,,,,,,,,,CCSH.txt
石家庄都市,https://stream1.freetv.fun/shi-jia-zhuang-du-shi-8.m3u8,,,,,,,,,,,CCSH.txt
石家庄都市,https://stream1.freetv.fun/shi-jia-zhuang-du-shi-17.m3u8,,,,,,,,,,,CCSH.txt
邢台综合,https://stream1.freetv.fun/xing-tai-zong-he-8.ctv,,,,,,,,,,,CCSH.txt
邢台综合,https://stream1.freetv.fun/xing-tai-zong-he-12.m3u8,,,,,,,,,,,CCSH.txt
邢台综合,https://stream1.freetv.fun/xing-tai-zong-he-7.ctv,,,,,,,,,,,CCSH.txt
邢台综合,https://stream1.freetv.fun/xing-tai-zong-he-4.m3u8,,,,,,,,,,,CCSH.txt
邢台综合,https://stream1.freetv.fun/xing-tai-zong-he-13.ctv,,,,,,,,,,,CCSH.txt
邢台综合,https://stream1.freetv.fun/xing-tai-zong-he-6.m3u8,,,,,,,,,,,CCSH.txt
邢台综合,https://stream1.freetv.fun/xing-tai-zong-he-11.ctv,,,,,,,,,,,CCSH.txt
邢台综合,https://stream1.freetv.fun/xing-tai-zong-he-1.m3u8,,,,,,,,,,,CCSH.txt
河南梨园,http://1.94.31.214/php/hntv.php?id=hnly,,,,,,,,,,,CCSH.txt
河南民生,https://stream1.freetv.fun/he-nan-min-sheng-7.m3u8,,,,,,,,,,,CCSH.txt
河南民生,https://stream1.freetv.fun/he-nan-min-sheng-4.m3u8,,,,,,,,,,,CCSH.txt
河南民生,https://stream1.freetv.fun/he-nan-min-sheng-6.m3u8,,,,,,,,,,,CCSH.txt
河南民生,https://stream1.freetv.fun/he-nan-min-sheng-8.m3u8,,,,,,,,,,,CCSH.txt
河南民生,https://stream1.freetv.fun/he-nan-min-sheng-1.m3u8,,,,,,,,,,,CCSH.txt
河南民生,http://39.165.39.49:85/tsfile/live/1109_1.m3u8?key=txiptv&playlive=0&authid=0,,,,,,,,,,,CCSH.txt
河南民生,http://123.207.224.130:123/henan/henan.php?id=hnms,,,,,,,,,,,CCSH.txt
河南民生,http://tvcdn.stream3.hndt.com/tv/65bef28a017e10009c49d5f900000000_transios/playlist.m3u8?wsSecret=ad89d5ebf08300d4ce534203c09167c0&wsTime=1785895160,,,,,,,,,,,CCSH.txt
河南都市,https://stream1.freetv.fun/he-nan-du-shi-1.m3u8,,,,,,,,,,,CCSH.txt
河南都市,https://stream1.freetv.fun/he-nan-du-shi-10.m3u8,,,,,,,,,,,CCSH.txt
河南都市,https://stream1.freetv.fun/he-nan-du-shi-11.m3u8,,,,,,,,,,,CCSH.txt
河南都市,https://stream1.freetv.fun/he-nan-du-shi-8.m3u8,,,,,,,,,,,CCSH.txt
