频道名,地址,回播地址,回播类型,回播天数,tvg-id,tvg-name,国家分组,语言分组,图标,原分组,分辨率,来源文件
[VGA]中国农林卫视,https://t.freetv.fun/live/zhong-guo-nong-lin-wei-shi-1.m3u8,,,,,農林衛視,China,China,https://epg.pw/media/images/channel/2022/01/15/large/20220115214129172948_47.png,Generic,,freetv-fun-all.txt
[VGA]中国农林卫视,https://t.freetv.fun/live/zhong-guo-nong-lin-wei-shi-2.m3u8,,,,,農林衛視,China,China,https://epg.pw/media/images/channel/2022/01/15/large/20220115214129172948_47.png,Generic,,freetv-fun-all.txt
[BD]中国农林卫视,https://t.freetv.fun/live/zhong-guo-nong-lin-wei-shi-3.m3u8,,,,,農林衛視,China,China,https://epg.pw/media/images/channel/2022/01/15/large/20220115214129172948_47.png,Generic,,freetv-fun-all.txt
[VGA]连云港新闻,https://t.freetv.fun/live/lian-yun-gang-xin-wen.m3u8,,,,,連雲港新聞,China,China,https://epg.pw/media/images/channel/2019/08/06/large/20190806212508654005_27.png,News,,freetv-fun-all.txt
[SD]连云港综合,https://t.freetv.fun/live/lian-yun-gang-zong-he.m3u8,,,,,連雲港新聞綜合,China,China,https://epg.pw/media/images/channel/2022/11/01/large/20221101022805784877_41.jpg,News,,freetv-fun-all.txt
[SD]连云港新闻综合,https://t.freetv.fun/live/lian-yun-gang-xin-wen-zong-he-2.m3u8,,,,,連雲港新聞綜合,China,China,https://epg.pw/media/images/channel/2022/11/01/large/20221101022805784877_41.jpg,News,,freetv-fun-all.txt
[VGA]连云港新闻综合,https://t.freetv.fun/live/lian-yun-gang-xin-wen-zong-he-2.php,,,,,連雲港新聞綜合,China,China,https://epg.pw/media/images/channel/2022/11/01/large/20221101022805784877_41.jpg,News,,freetv-fun-all.txt
[VGA]连云港新闻综合,https://t.freetv.fun/live/lian-yun-gang-xin-wen-zong-he-1-1.m3u8,,,,,連雲港新聞綜合,China,China,https://epg.pw/media/images/channel/2022/11/01/large/20221101022805784877_41.jpg,News,,freetv-fun-all.txt
[HD]连云港新闻综合,https://t.freetv.fun/live/lian-yun-gang-xin-wen-zong-he-2-1.m3u8,,,,,連雲港新聞綜合,China,China,https://epg.pw/media/images/channel/2022/11/01/large/20221101022805784877_41.jpg,News,,freetv-fun-all.txt
[HD]连云港新闻综合,https://t.freetv.fun/live/lian-yun-gang-xin-wen-zong-he-3.php,,,,,連雲港新聞綜合,China,China,https://epg.pw/media/images/channel/2022/11/01/large/20221101022805784877_41.jpg,News,,freetv-fun-all.txt
[HD]运城公共频道,https://t.freetv.fun/live/yun-cheng-gong-gong-pin-dao.m3u8,,,,,運城公共,China,China,https://epg.pw/media/images/channel/2022/11/01/large/20221101014352867136_74.jpg,Generic,,freetv-fun-all.txt
[HD]运城新闻综合,https://t.freetv.fun/live/yun-cheng-xin-wen-zong-he.m3u8,,,,,運城新聞綜合,China,China,https://epg.pw/media/images/channel/2022/11/01/large/20221101014323350393_56.jpg,News,,freetv-fun-all.txt
[SD]山西运城新闻综合,https://t.freetv.fun/live/shan-xi-yun-cheng-xin-wen-zong-he.m3u8,,,,,運城新聞綜合,China,China,https://epg.pw/media/images/channel/2022/11/01/large/20221101014323350393_56.jpg,News,,freetv-fun-all.txt
[HD]运城科技教育,https://t.freetv.fun/live/yun-cheng-ke-ji-jiao-yu.m3u8,,,,,運城科技教育,China,China,https://epg.pw/media/images/channel/2022/11/01/large/20221101014421180412_68.jpg,Other,,freetv-fun-all.txt
[SD]山西运城科技教育,https://t.freetv.fun/live/shan-xi-yun-cheng-ke-ji-jiao-yu.m3u8,,,,,運城科技教育,China,China,https://epg.pw/media/images/channel/2022/11/01/large/20221101014421180412_68.jpg,Other,,freetv-fun-all.txt
[VGA]辽宁公共,https://t.freetv.fun/live/liao-zhu-gong-gong.m3u8,,,,,遼寧公共,China,China,https://epg.pw/media/images/channel/2022/05/31/large/20220531155932261297_92.jpg,Generic,,freetv-fun-all.txt
[VGA]辽宁公共,https://t.freetv.fun/live/liao-zhu-gong-gong-1.m3u8,,,,,遼寧公共,China,China,https://epg.pw/media/images/channel/2022/05/31/large/20220531155932261297_92.jpg,Generic,,freetv-fun-all.txt
[VGA]辽宁北方,https://t.freetv.fun/live/liao-zhu-bei-fang-1.m3u8,,,,,遼寧北方,China,China,https://epg.pw/media/images/channel/2022/05/31/large/20220531160050742564_64.jpg,Generic,,freetv-fun-all.txt
[VGA]辽宁影视,https://t.freetv.fun/live/liao-zhu-ying-shi.php,,,,,遼寧影視劇,China,China,https://epg.pw/media/images/channel/2022/05/31/large/20220531160145390872_94.jpg,Movies,,freetv-fun-all.txt
[VGA]辽宁影视剧,https://t.freetv.fun/live/liao-zhu-ying-shi-ju.m3u8,,,,,遼寧影視劇,China,China,https://epg.pw/media/images/channel/2022/05/31/large/20220531160145390872_94.jpg,Movies,,freetv-fun-all.txt
[VGA]辽宁教育青少,https://t.freetv.fun/live/liao-zhu-jiao-yu-qing-shao-1.m3u8,,,,,遼寧教育青少,China,China,https://epg.pw/media/images/channel/2022/05/31/large/20220531160254366906_42.jpg,Kids,,freetv-fun-all.txt
[VGA]辽宁生活,https://t.freetv.fun/live/liao-zhu-sheng-huo-1.m3u8,,,,,遼寧生活,China,China,https://epg.pw/media/images/channel/2022/05/31/large/20220531160328362491_96.jpg,Generic,,freetv-fun-all.txt
[VGA]辽宁移动电视,https://t.freetv.fun/live/liao-zhu-yi-dong-dian-shi.m3u8,,,,,遼寧移動電視,China,China,https://epg.pw/media/images/channel/2021/10/12/large/20211012202328542255_56.png,Other,,freetv-fun-all.txt
[VGA]辽宁经济,https://t.freetv.fun/live/liao-zhu-jing-ji.m3u8,,,,,遼寧經濟,China,China,https://epg.pw/media/images/channel/2022/05/31/large/20220531224301396432_61.jpg,News,,freetv-fun-all.txt
[VGA]辽宁经济,https://t.freetv.fun/live/liao-zhu-jing-ji-1.m3u8,,,,,遼寧經濟,China,China,https://epg.pw/media/images/channel/2022/05/31/large/20220531224301396432_61.jpg,News,,freetv-fun-all.txt
[VGA]辽宁卫视,https://t.freetv.fun/live/liao-zhu-wei-shi-17.m3u8,,,,,遼寧衛視,China,China,https://epg.pw/media/images/channel/2025/01/28/large/20250128060733782674_48.jpg,Generic,,freetv-fun-all.txt
[BD]辽宁卫视,https://t.freetv.fun/live/liao-zhu-wei-shi-1-1.m3u8,,,,,遼寧衛視,China,China,https://epg.pw/media/images/channel/2025/01/28/large/20250128060733782674_48.jpg,Generic,,freetv-fun-all.txt
[SD]辽宁卫视,https://t.freetv.fun/live/liao-zhu-wei-shi-2-1.m3u8,,,,,遼寧衛視,China,China,https://epg.pw/media/images/channel/2025/01/28/large/20250128060733782674_48.jpg,Generic,,freetv-fun-all.txt
[BD]辽宁卫视,https://t.freetv.fun/live/liao-zhu-wei-shi-9.m3u8,,,,,遼寧衛視,China,China,https://epg.pw/media/images/channel/2025/01/28/large/20250128060733782674_48.jpg,Generic,,freetv-fun-all.txt
[BD]辽宁卫视,https://t.freetv.fun/live/liao-zhu-wei-shi-12.m3u8,,,,,遼寧衛視,China,China,https://epg.pw/media/images/channel/2025/01/28/large/20250128060733782674_48.jpg,Generic,,freetv-fun-all.txt
[BD]辽宁卫视,https://t.freetv.fun/live/liao-zhu-wei-shi-14.m3u8,,,,,遼寧衛視,China,China,https://epg.pw/media/images/channel/2025/01/28/large/20250128060733782674_48.jpg,Generic,,freetv-fun-all.txt
[VGA]辽宁卫视,https://t.freetv.fun/live/liao-zhu-wei-shi-3-4.m3u8,,,,,遼寧衛視,China,China,https://epg.pw/media/images/channel/2025/01/28/large/20250128060733782674_48.jpg,Generic,,freetv-fun-all.txt
[VGA]辽宁卫视,https://t.freetv.fun/live/liao-zhu-wei-shi-4-3.m3u8,,,,,遼寧衛視,China,China,https://epg.pw/media/images/channel/2025/01/28/large/20250128060733782674_48.jpg,Generic,,freetv-fun-all.txt
[VGA]辽宁卫视[1920*1080],https://t.freetv.fun/live/liao-zhu-wei-shi-1920-1080.m3u8,,,,,遼寧衛視,China,China,https://epg.pw/media/images/channel/2025/01/28/large/20250128060733782674_48.jpg,Generic,,freetv-fun-all.txt
[VGA]辽宁卫视[1920*1080],https://t.freetv.fun/live/liao-zhu-wei-shi-1920-1080-1.m3u8,,,,,遼寧衛視,China,China,https://epg.pw/media/images/channel/2025/01/28/large/20250128060733782674_48.jpg,Generic,,freetv-fun-all.txt
[VGA]辽宁卫视,https://t.freetv.fun/live/liao-zhu-wei-shi-6-1.php,,,,,遼寧衛視,China,China,https://epg.pw/media/images/channel/2025/01/28/large/20250128060733782674_48.jpg,Generic,,freetv-fun-all.txt
[BD]辽宁卫视,https://t.freetv.fun/live/liao-zhu-wei-shi-7.php,,,,,遼寧衛視,China,China,https://epg.pw/media/images/channel/2025/01/28/large/20250128060733782674_48.jpg,Generic,,freetv-fun-all.txt
[BD]辽宁卫视,https://t.freetv.fun/live/liao-zhu-wei-shi-16.m3u8,,,,,遼寧衛視,China,China,https://epg.pw/media/images/channel/2025/01/28/large/20250128060733782674_48.jpg,Generic,,freetv-fun-all.txt
[BD]辽宁卫视,https://t.freetv.fun/live/liao-zhu-wei-shi-13.m3u8,,,,,遼寧衛視,China,China,https://epg.pw/media/images/channel/2025/01/28/large/20250128060733782674_48.jpg,Generic,,freetv-fun-all.txt
[BD]辽宁卫视,https://t.freetv.fun/live/liao-zhu-wei-shi-17.php,,,,,遼寧衛視,China,China,https://epg.pw/media/images/channel/2025/01/28/large/20250128060733782674_48.jpg,Generic,,freetv-fun-all.txt
[BD]辽宁卫视,https://t.freetv.fun/live/liao-zhu-wei-shi-5-2.m3u8,,,,,遼寧衛視,China,China,https://epg.pw/media/images/channel/2025/01/28/large/20250128060733782674_48.jpg,Generic,,freetv-fun-all.txt
[VGA]辽宁卫视hd,https://t.freetv.fun/live/liao-zhu-wei-shi-hd.php,,,,,遼寧衛視,China,China,https://epg.pw/media/images/channel/2025/01/28/large/20250128060733782674_48.jpg,Generic,,freetv-fun-all.txt
[BD]辽宁卫视,https://t.freetv.fun/live/liao-zhu-wei-shi-15.m3u8,,,,,遼寧衛視,China,China,https://epg.pw/media/images/channel/2025/01/28/large/20250128060733782674_48.jpg,Generic,,freetv-fun-all.txt
[VGA]辽宁卫视,https://t.freetv.fun/live/liao-zhu-wei-shi-6-1.m3u8,,,,,遼寧衛視,China,China,https://epg.pw/media/images/channel/2025/01/28/large/20250128060733782674_48.jpg,Generic,,freetv-fun-all.txt
[VGA]辽宁卫视,https://t.freetv.fun/live/liao-zhu-wei-shi-8-1.m3u8,,,,,遼寧衛視,China,China,https://epg.pw/media/images/channel/2025/01/28/large/20250128060733782674_48.jpg,Generic,,freetv-fun-all.txt
[VGA]辽宁卫视,https://t.freetv.fun/live/liao-zhu-wei-shi-10-1.m3u8,,,,,遼寧衛視,China,China,https://epg.pw/media/images/channel/2025/01/28/large/20250128060733782674_48.jpg,Generic,,freetv-fun-all.txt
[VGA]辽宁卫视,https://t.freetv.fun/live/liao-zhu-wei-shi-11-1.m3u8,,,,,遼寧衛視,China,China,https://epg.pw/media/images/channel/2025/01/28/large/20250128060733782674_48.jpg,Generic,,freetv-fun-all.txt
[VGA]辽宁卫视,https://t.freetv.fun/live/liao-zhu-wei-shi-17-1.m3u8,,,,,遼寧衛視,China,China,https://epg.pw/media/images/channel/2025/01/28/large/20250128060733782674_48.jpg,Generic,,freetv-fun-all.txt
[VGA]辽宁卫视,https://t.freetv.fun/live/liao-zhu-wei-shi-18.m3u8,,,,,遼寧衛視,China,China,https://epg.pw/media/images/channel/2025/01/28/large/20250128060733782674_48.jpg,Generic,,freetv-fun-all.txt
[VGA]辽宁卫视,https://t.freetv.fun/live/liao-zhu-wei-shi-20.m3u8,,,,,遼寧衛視,China,China,https://epg.pw/media/images/channel/2025/01/28/large/20250128060733782674_48.jpg,Generic,,freetv-fun-all.txt
[VGA]辽宁卫视,https://t.freetv.fun/live/liao-zhu-wei-shi-21.m3u8,,,,,遼寧衛視,China,China,https://epg.pw/media/images/channel/2025/01/28/large/20250128060733782674_48.jpg,Generic,,freetv-fun-all.txt
[VGA]辽宁卫视,https://t.freetv.fun/live/liao-zhu-wei-shi-22.m3u8,,,,,遼寧衛視,China,China,https://epg.pw/media/images/channel/2025/01/28/large/20250128060733782674_48.jpg,Generic,,freetv-fun-all.txt
[VGA]辽宁卫视,https://t.freetv.fun/live/liao-zhu-wei-shi-23.m3u8,,,,,遼寧衛視,China,China,https://epg.pw/media/images/channel/2025/01/28/large/20250128060733782674_48.jpg,Generic,,freetv-fun-all.txt
[VGA]辽宁卫视高清,https://t.freetv.fun/live/liao-zhu-wei-shi-gao-qing-1-1.smil,,,,,遼寧衛視,China,China,https://epg.pw/media/images/channel/2025/01/28/large/20250128060733782674_48.jpg,Generic,,freetv-fun-all.txt
[BD]辽宁卫视,https://t.freetv.fun/live/liao-zhu-wei-shi-24.m3u8,,,,,遼寧衛視,China,China,https://epg.pw/media/images/channel/2025/01/28/large/20250128060733782674_48.jpg,Generic,,freetv-fun-all.txt
[VGA]辽宁卫视高清,https://t.freetv.fun/live/liao-zhu-wei-shi-gao-qing.smil,,,,,遼寧衛視,China,China,https://epg.pw/media/images/channel/2022/05/31/large/20220531155536893321_81.jpg,Generic,,freetv-fun-all.txt
[VGA]辽宁卫视 高清,https://t.freetv.fun/live/liao-zhu-wei-shi-gao-qing-1.m3u8,,,,,遼寧衛視,China,China,https://epg.pw/media/images/channel/2022/05/31/large/20220531155536893321_81.jpg,Generic,,freetv-fun-all.txt
[VGA]辽宁卫视 8m1080,https://t.freetv.fun/live/liao-zhu-wei-shi-8m1080.m3u8,,,,,遼寧衛視,China,China,https://epg.pw/media/images/channel/2022/05/31/large/20220531155536893321_81.jpg,Generic,,freetv-fun-all.txt
[VGA]辽宁卫视 8m1080,https://t.freetv.fun/live/liao-zhu-wei-shi-8m1080-1.m3u8,,,,,遼寧衛視,China,China,https://epg.pw/media/images/channel/2022/05/31/large/20220531155536893321_81.jpg,Generic,,freetv-fun-all.txt
[VGA]辽宁都市,https://t.freetv.fun/live/liao-zhu-du-shi-1.php,,,,,遼寧都市,China,China,https://epg.pw/media/images/channel/2022/05/31/large/20220531160427828013_65.jpg,Generic,,freetv-fun-all.txt
[VGA]辽宁都市,https://t.freetv.fun/live/liao-zhu-du-shi-1.m3u8,,,,,遼寧都市,China,China,https://epg.pw/media/images/channel/2022/05/31/large/20220531160427828013_65.jpg,Generic,,freetv-fun-all.txt
[VGA]辽宁都市,https://t.freetv.fun/live/liao-zhu-du-shi-1-1.m3u8,,,,,遼寧都市,China,China,https://epg.pw/media/images/channel/2022/05/31/large/20220531160427828013_65.jpg,Generic,,freetv-fun-all.txt
[VGA]辽宁体育,https://t.freetv.fun/live/liao-zhu-ti-yu-1.php,,,,,遼寧體育,China,China,https://epg.pw/media/images/channel/2022/05/31/large/20220531155857680390_73.jpg,Sports,,freetv-fun-all.txt
[VGA]辽宁体育,https://t.freetv.fun/live/liao-zhu-ti-yu-1.m3u8,,,,,遼寧體育,China,China,https://epg.pw/media/images/channel/2022/05/31/large/20220531155857680390_73.jpg,Sports,,freetv-fun-all.txt
[VGA]辽宁体育,https://t.freetv.fun/live/liao-zhu-ti-yu-1-1.m3u8,,,,,遼寧體育,China,China,https://epg.pw/media/images/channel/2022/05/31/large/20220531155857680390_73.jpg,Sports,,freetv-fun-all.txt
[VGA]辽宁体育,https://t.freetv.fun/live/liao-zhu-ti-yu-2.m3u8,,,,,遼寧體育,China,China,https://epg.pw/media/images/channel/2022/05/31/large/20220531155857680390_73.jpg,Sports,,freetv-fun-all.txt
[HD]烟台新闻综合,https://t.freetv.fun/live/yan-tai-xin-wen-zong-he-1.m3u8,,,,,邢臺新聞綜合,China,China,https://epg.pw/media/img/logo/3_369.jpg,Other,,freetv-fun-all.txt
[VGA]邢台生活,https://t.freetv.fun/live/xing-tai-sheng-huo.m3u8,,,,,邢臺經濟生活,China,China,https://epg.pw/media/img/logo/3_368.jpg,Other,,freetv-fun-all.txt
[VGA]邢台综合频道,https://t.freetv.fun/live/xing-tai-zong-he-pin-dao-2.flv,,,,,邢臺綜合,China,China,https://epg.pw/media/images/channel/2022/10/31/large/20221031233706366035_78.jpg,Generic,,freetv-fun-all.txt
[HD]邢台综合频道,https://t.freetv.fun/live/xing-tai-zong-he-pin-dao-1.m3u8,,,,,邢臺綜合,China,China,https://epg.pw/media/images/channel/2022/10/31/large/20221031233706366035_78.jpg,Generic,,freetv-fun-all.txt
[HD]邢台综合,https://t.freetv.fun/live/xing-tai-zong-he-2.m3u8,,,,,邢臺綜合,China,China,https://epg.pw/media/images/channel/2022/10/31/large/20221031233706366035_78.jpg,Generic,,freetv-fun-all.txt
[VGA]邢台综合,https://t.freetv.fun/live/xing-tai-zong-he-1.m3u8,,,,,邢臺綜合,China,China,https://epg.pw/media/images/channel/2022/10/31/large/20221031233706366035_78.jpg,Generic,,freetv-fun-all.txt
[SD]邢台综合频道,https://t.freetv.fun/live/xing-tai-zong-he-pin-dao-2.m3u8,,,,,邢臺綜合,China,China,https://epg.pw/media/images/channel/2022/10/31/large/20221031233706366035_78.jpg,Generic,,freetv-fun-all.txt
[VGA]邢台综合,https://t.freetv.fun/live/xing-tai-zong-he-4.m3u8,,,,,邢臺綜合,China,China,https://epg.pw/media/images/channel/2022/10/31/large/20221031233706366035_78.jpg,Generic,,freetv-fun-all.txt
[VGA]宿州新闻综合,https://t.freetv.fun/live/su-zhou-xin-wen-zong-he-1-3.m3u8,,,,,郴州新聞綜合,China,China,https://epg.pw/media/images/channel/2019/08/06/large/20190806212024462835_94.png,News,,freetv-fun-all.txt
[BD]宿州新闻综合,https://t.freetv.fun/live/su-zhou-xin-wen-zong-he-2.m3u8,,,,,郴州新聞綜合,China,China,https://epg.pw/media/images/channel/2019/08/06/large/20190806212024462835_94.png,News,,freetv-fun-all.txt
[VGA]赣州新闻综合,https://t.freetv.fun/live/gan-zhou-xin-wen-zong-he-2.m3u8,,,,,郴州新聞綜合,China,China,https://epg.pw/media/images/channel/2019/08/06/large/20190806212024462835_94.png,News,,freetv-fun-all.txt
[VGA]叙州新闻综合,https://t.freetv.fun/live/xu-zhou-xin-wen-zong-he-1-1.m3u8,,,,,郴州新聞綜合,China,China,https://epg.pw/media/images/channel/2019/08/06/large/20190806212024462835_94.png,News,,freetv-fun-all.txt
[VGA]徐州新闻综合,https://t.freetv.fun/live/xu-zhou-xin-wen-zong-he-3.php,,,,,郴州新聞綜合,China,China,https://epg.pw/media/images/channel/2019/08/06/large/20190806212024462835_94.png,News,,freetv-fun-all.txt
[VGA]徐州新聞綜合,https://t.freetv.fun/live/xu-zhou-xin-wen-zong-he-4.php,,,,,郴州新聞綜合,China,China,https://epg.pw/media/images/channel/2019/08/06/large/20190806212024462835_94.png,News,,freetv-fun-all.txt
[VGA]滁州新闻综合,https://t.freetv.fun/live/chu-zhou-xin-wen-zong-he-1-1.m3u8,,,,,郴州新聞綜合,China,China,https://epg.pw/media/images/channel/2019/08/06/large/20190806212024462835_94.png,News,,freetv-fun-all.txt
[VGA]滁州新闻综合,https://t.freetv.fun/live/chu-zhou-xin-wen-zong-he-3.m3u8,,,,,郴州新聞綜合,China,China,https://epg.pw/media/images/channel/2019/08/06/large/20190806212024462835_94.png,News,,freetv-fun-all.txt
[VGA]徐州新闻综合,https://t.freetv.fun/live/xu-zhou-xin-wen-zong-he-1-2.php,,,,,郴州新聞綜合,China,China,https://epg.pw/media/images/channel/2019/08/06/large/20190806212024462835_94.png,News,,freetv-fun-all.txt
[VGA]衢州新闻综合,https://t.freetv.fun/live/qu-zhou-xin-wen-zong-he.m3u8,,,,,郴州新聞綜合,China,China,https://epg.pw/media/images/channel/2019/08/06/large/20190806212024462835_94.png,News,,freetv-fun-all.txt
[VGA]定州新闻综合,https://t.freetv.fun/live/ding-zhou-xin-wen-zong-he.m3u8,,,,,郴州新聞綜合,China,China,https://epg.pw/media/images/channel/2019/08/06/large/20190806212024462835_94.png,News,,freetv-fun-all.txt
[VGA]滁州新闻综合,https://t.freetv.fun/live/chu-zhou-xin-wen-zong-he-4.m3u8,,,,,郴州新聞綜合,China,China,https://epg.pw/media/images/channel/2019/08/06/large/20190806212024462835_94.png,News,,freetv-fun-all.txt
[VGA]宿州新闻综合,https://t.freetv.fun/live/su-zhou-xin-wen-zong-he-2-2.m3u8,,,,,郴州新聞綜合,China,China,https://epg.pw/media/images/channel/2019/08/06/large/20190806212024462835_94.png,News,,freetv-fun-all.txt
[VGA]徐州新闻综合,https://t.freetv.fun/live/xu-zhou-xin-wen-zong-he-2-1.m3u8,,,,,郴州新聞綜合,China,China,https://epg.pw/media/images/channel/2019/08/06/large/20190806212024462835_94.png,News,,freetv-fun-all.txt
[VGA]郴州综合,https://t.freetv.fun/live/chen-zhou-zong-he.m3u8,,,,,郴州新聞綜合,China,China,https://epg.pw/media/images/channel/2019/08/06/large/20190806212024462835_94.png,News,,freetv-fun-all.txt
[VGA]郴州综合,https://t.freetv.fun/live/chen-zhou-zong-he-1.m3u8,,,,,郴州新聞綜合,China,China,https://epg.pw/media/images/channel/2019/08/06/large/20190806212024462835_94.png,News,,freetv-fun-all.txt
[VGA]郑州商都高清,https://t.freetv.fun/live/zheng-zhou-shang-du-gao-qing.smil,,,,,鄭州商都,China,China,https://epg.pw/media/img/logo/2_28.jpg,Other,,freetv-fun-all.txt
[VGA]郑州影视戏曲,https://t.freetv.fun/live/zheng-zhou-ying-shi-xi-qu.smil,,,,,鄭州影視,China,China,https://epg.pw/media/img/logo/2_24.jpg,Movies,,freetv-fun-all.txt
[VGA]池州新闻综合,https://t.freetv.fun/live/chi-zhou-xin-wen-zong-he-2.flv,,,,,鄭州新聞綜合,China,China,https://epg.pw/media/img/logo/2_29.jpg,Other,,freetv-fun-all.txt
[VGA]池州新闻综合,https://t.freetv.fun/live/chi-zhou-xin-wen-zong-he-1.flv,,,,,鄭州新聞綜合,China,China,https://epg.pw/media/img/logo/2_29.jpg,Other,,freetv-fun-all.txt
[VGA]重庆新闻超高清,https://t.freetv.fun/live/zhong-qing-xin-wen-chao-gao-qing.m3u8,,,,,重慶新聞,China,China,https://epg.pw/media/images/channel/2022/05/28/large/20220528101327496903_71.jpg,News,,freetv-fun-all.txt
[VGA]重庆卫视,https://t.freetv.fun/live/zhong-qing-wei-shi-9.m3u8,,,,,重慶衛視,China,China,https://epg.pw/media/images/channel/2024/03/11/large/20240311111314058451_54.png,Generic,,freetv-fun-all.txt
[BD]重庆卫视,https://t.freetv.fun/live/zhong-qing-wei-shi-1-1.m3u8,,,,,重慶衛視,China,China,https://epg.pw/media/images/channel/2024/03/11/large/20240311111314058451_54.png,Generic,,freetv-fun-all.txt
[BD]重庆卫视,https://t.freetv.fun/live/zhong-qing-wei-shi-4-2.m3u8,,,,,重慶衛視,China,China,https://epg.pw/media/images/channel/2024/03/11/large/20240311111314058451_54.png,Generic,,freetv-fun-all.txt
[VGA]重庆卫视,https://t.freetv.fun/live/zhong-qing-wei-shi-11.m3u8,,,,,重慶衛視,China,China,https://epg.pw/media/images/channel/2024/03/11/large/20240311111314058451_54.png,Generic,,freetv-fun-all.txt
[VGA]重庆卫视,https://t.freetv.fun/live/zhong-qing-wei-shi-2-2.m3u8,,,,,重慶衛視,China,China,https://epg.pw/media/images/channel/2024/03/11/large/20240311111314058451_54.png,Generic,,freetv-fun-all.txt
[VGA]重庆卫视,https://t.freetv.fun/live/zhong-qing-wei-shi-3-3.m3u8,,,,,重慶衛視,China,China,https://epg.pw/media/images/channel/2024/03/11/large/20240311111314058451_54.png,Generic,,freetv-fun-all.txt
[VGA]重庆卫视[1920*1080],https://t.freetv.fun/live/zhong-qing-wei-shi-1920-1080.m3u8,,,,,重慶衛視,China,China,https://epg.pw/media/images/channel/2024/03/11/large/20240311111314058451_54.png,Generic,,freetv-fun-all.txt
[VGA]重庆卫视,https://t.freetv.fun/live/zhong-qing-wei-shi-3-3.php,,,,,重慶衛視,China,China,https://epg.pw/media/images/channel/2024/03/11/large/20240311111314058451_54.png,Generic,,freetv-fun-all.txt
[BD]重庆卫视,https://t.freetv.fun/live/zhong-qing-wei-shi-4-2.php,,,,,重慶衛視,China,China,https://epg.pw/media/images/channel/2024/03/11/large/20240311111314058451_54.png,Generic,,freetv-fun-all.txt
[BD]重庆卫视,https://t.freetv.fun/live/zhong-qing-wei-shi-9.php,,,,,重慶衛視,China,China,https://epg.pw/media/images/channel/2024/03/11/large/20240311111314058451_54.png,Generic,,freetv-fun-all.txt
[VGA]重庆卫视,https://t.freetv.fun/live/zhong-qing-wei-shi-5-2.m3u8,,,,,重慶衛視,China,China,https://epg.pw/media/images/channel/2024/03/11/large/20240311111314058451_54.png,Generic,,freetv-fun-all.txt
[VGA]重庆卫视,https://t.freetv.fun/live/zhong-qing-wei-shi-6-2.m3u8,,,,,重慶衛視,China,China,https://epg.pw/media/images/channel/2024/03/11/large/20240311111314058451_54.png,Generic,,freetv-fun-all.txt
[VGA]重庆卫视,https://t.freetv.fun/live/zhong-qing-wei-shi-7-2.m3u8,,,,,重慶衛視,China,China,https://epg.pw/media/images/channel/2024/03/11/large/20240311111314058451_54.png,Generic,,freetv-fun-all.txt
[BD]重庆卫视,https://t.freetv.fun/live/zhong-qing-wei-shi-10.m3u8,,,,,重慶衛視,China,China,https://epg.pw/media/images/channel/2024/03/11/large/20240311111314058451_54.png,Generic,,freetv-fun-all.txt
[VGA]重庆卫视,https://t.freetv.fun/live/zhong-qing-wei-shi-8-1.m3u8,,,,,重慶衛視,China,China,https://epg.pw/media/images/channel/2024/03/11/large/20240311111314058451_54.png,Generic,,freetv-fun-all.txt
[VGA]重庆卫视,https://t.freetv.fun/live/zhong-qing-wei-shi-9-1.m3u8,,,,,重慶衛視,China,China,https://epg.pw/media/images/channel/2024/03/11/large/20240311111314058451_54.png,Generic,,freetv-fun-all.txt
[VGA]重庆卫视,https://t.freetv.fun/live/zhong-qing-wei-shi-12-1.m3u8,,,,,重慶衛視,China,China,https://epg.pw/media/images/channel/2024/03/11/large/20240311111314058451_54.png,Generic,,freetv-fun-all.txt
[VGA]重庆卫视,https://t.freetv.fun/live/zhong-qing-wei-shi-13.m3u8,,,,,重慶衛視,China,China,https://epg.pw/media/images/channel/2024/03/11/large/20240311111314058451_54.png,Generic,,freetv-fun-all.txt
[VGA]重庆卫视,https://t.freetv.fun/live/zhong-qing-wei-shi-14.m3u8,,,,,重慶衛視,China,China,https://epg.pw/media/images/channel/2024/03/11/large/20240311111314058451_54.png,Generic,,freetv-fun-all.txt
[VGA]重庆卫视,https://t.freetv.fun/live/zhong-qing-wei-shi-15.m3u8,,,,,重慶衛視,China,China,https://epg.pw/media/images/channel/2024/03/11/large/20240311111314058451_54.png,Generic,,freetv-fun-all.txt
[VGA]重庆卫视,https://t.freetv.fun/live/zhong-qing-wei-shi-16.m3u8,,,,,重慶衛視,China,China,https://epg.pw/media/images/channel/2024/03/11/large/20240311111314058451_54.png,Generic,,freetv-fun-all.txt
[VGA]重庆卫视,https://t.freetv.fun/live/zhong-qing-wei-shi-18.m3u8,,,,,重慶衛視,China,China,https://epg.pw/media/images/channel/2024/03/11/large/20240311111314058451_54.png,Generic,,freetv-fun-all.txt
[VGA]重庆卫视,https://t.freetv.fun/live/zhong-qing-wei-shi-19.m3u8,,,,,重慶衛視,China,China,https://epg.pw/media/images/channel/2024/03/11/large/20240311111314058451_54.png,Generic,,freetv-fun-all.txt
[VGA]重庆卫视,https://t.freetv.fun/live/zhong-qing-wei-shi-20.m3u8,,,,,重慶衛視,China,China,https://epg.pw/media/images/channel/2024/03/11/large/20240311111314058451_54.png,Generic,,freetv-fun-all.txt
[VGA]重庆卫视,https://t.freetv.fun/live/zhong-qing-wei-shi-22.m3u8,,,,,重慶衛視,China,China,https://epg.pw/media/images/channel/2024/03/11/large/20240311111314058451_54.png,Generic,,freetv-fun-all.txt
[VGA]重庆卫视,https://t.freetv.fun/live/zhong-qing-wei-shi-23.m3u8,,,,,重慶衛視,China,China,https://epg.pw/media/images/channel/2024/03/11/large/20240311111314058451_54.png,Generic,,freetv-fun-all.txt
[VGA]重庆卫视,https://t.freetv.fun/live/zhong-qing-wei-shi-24.m3u8,,,,,重慶衛視,China,China,https://epg.pw/media/images/channel/2024/03/11/large/20240311111314058451_54.png,Generic,,freetv-fun-all.txt
[VGA]重庆卫视,https://t.freetv.fun/live/zhong-qing-wei-shi-26.m3u8,,,,,重慶衛視,China,China,https://epg.pw/media/images/channel/2024/03/11/large/20240311111314058451_54.png,Generic,,freetv-fun-all.txt
[BD]重庆卫视,https://t.freetv.fun/live/zhong-qing-wei-shi-27.m3u8,,,,,重慶衛視,China,China,https://epg.pw/media/images/channel/2024/03/11/large/20240311111314058451_54.png,Generic,,freetv-fun-all.txt
[VGA]重庆卫视,https://t.freetv.fun/live/zhong-qing-wei-shi-28.m3u8,,,,,重慶衛視,China,China,https://epg.pw/media/images/channel/2024/03/11/large/20240311111314058451_54.png,Generic,,freetv-fun-all.txt
[VGA]重庆卫视,https://t.freetv.fun/live/zhong-qing-wei-shi-29.m3u8,,,,,重慶衛視,China,China,https://epg.pw/media/images/channel/2024/03/11/large/20240311111314058451_54.png,Generic,,freetv-fun-all.txt
[VGA]重庆卫视,https://t.freetv.fun/live/zhong-qing-wei-shi-30.php,,,,,重慶衛視,China,China,https://epg.pw/media/images/channel/2024/03/11/large/20240311111314058451_54.png,Generic,,freetv-fun-all.txt
[VGA]重庆卫视,https://t.freetv.fun/live/zhong-qing-wei-shi-31.flv,,,,,重慶衛視,China,China,https://epg.pw/media/images/channel/2024/03/11/large/20240311111314058451_54.png,Generic,,freetv-fun-all.txt
[VGA]重庆卫视超高清,https://t.freetv.fun/live/zhong-qing-wei-shi-chao-gao-qing.m3u8,,,,,重慶衛視,China,China,https://epg.pw/media/images/channel/2024/03/11/large/20240311111314058451_54.png,Generic,,freetv-fun-all.txt
[VGA]重庆卫视hd,https://t.freetv.fun/live/zhong-qing-wei-shi-hd.php,,,,,重慶衛視,China,China,https://epg.pw/media/images/channel/2024/03/11/large/20240311114110024425_46.png,Generic,,freetv-fun-all.txt
[VGA]重庆卫视高清,https://t.freetv.fun/live/zhong-qing-wei-shi-gao-qing-1.m3u8,,,,,重慶衛視,China,China,https://epg.pw/media/images/channel/2024/03/11/large/20240311114110024425_46.png,Generic,,freetv-fun-all.txt
[VGA]重庆卫视.,https://t.freetv.fun/live/zhong-qing-wei-shi-12.m3u8,,,,,重慶衛視,China,China,https://epg.pw/media/images/channel/2024/03/11/large/20240311114110024425_46.png,Generic,,freetv-fun-all.txt
[BD]重庆卫视高清,https://t.freetv.fun/live/zhong-qing-wei-shi-gao-qing-1.smil,,,,,重慶衛視,China,China,https://epg.pw/media/images/channel/2024/03/11/large/20240311114110024425_46.png,Generic,,freetv-fun-all.txt
[VGA]重庆卫视 高清,https://t.freetv.fun/live/zhong-qing-wei-shi-gao-qing-2.m3u8,,,,,重慶衛視,China,China,https://epg.pw/media/images/channel/2024/03/11/large/20240311114110024425_46.png,Generic,,freetv-fun-all.txt
[VGA]重庆卫视 高清,https://t.freetv.fun/live/zhong-qing-wei-shi-gao-qing-1-1.m3u8,,,,,重慶衛視,China,China,https://epg.pw/media/images/channel/2024/03/11/large/20240311114110024425_46.png,Generic,,freetv-fun-all.txt
[VGA]金华教育科技,https://t.freetv.fun/live/jin-hua-jiao-yu-ke-ji-1.m3u8,,,,,金華教育科技,China,China,https://epg.pw/media/img/logo/3_98.jpg,Other,,freetv-fun-all.txt
[VGA]金华新闻综合,https://t.freetv.fun/live/jin-hua-xin-wen-zong-he-1.m3u8,,,,,金華新聞綜合,China,China,https://epg.pw/media/img/logo/3_99.jpg,News,,freetv-fun-all.txt
[VGA]金川新闻综合,https://t.freetv.fun/live/jin-chuan-xin-wen-zong-he-2.m3u8,,,,,金華新聞綜合,China,China,https://epg.pw/media/img/logo/3_99.jpg,News,,freetv-fun-all.txt
[VGA]金华新闻综合,https://t.freetv.fun/live/jin-hua-xin-wen-zong-he-1-1.m3u8,,,,,金華新聞綜合,China,China,https://epg.pw/media/img/logo/3_99.jpg,News,,freetv-fun-all.txt
[VGA]金川新闻综合,https://t.freetv.fun/live/jin-chuan-xin-wen-zong-he-1-1.m3u8,,,,,金華新聞綜合,China,China,https://epg.pw/media/images/channel/2022/11/01/large/20221101020503465691_84.jpg,News,,freetv-fun-all.txt
[BD]金川新闻综合,https://t.freetv.fun/live/jin-chuan-xin-wen-zong-he-2-1.m3u8,,,,,金華新聞綜合,China,China,https://epg.pw/media/images/channel/2022/11/01/large/20221101020503465691_84.jpg,News,,freetv-fun-all.txt
[BD]金鹰卡通,https://t.freetv.fun/live/jin-ying-qia-tong-8.smil,,,,,金鷹卡通,China,China,https://epg.pw/media/images/channel/2025/01/28/large/20250128060714767131_10.jpg,Kids,,freetv-fun-all.txt
[SD]金鹰卡通,https://t.freetv.fun/live/jin-ying-qia-tong-1-1.m3u8,,,,,金鷹卡通,China,China,https://epg.pw/media/images/channel/2025/01/28/large/20250128060714767131_10.jpg,Kids,,freetv-fun-all.txt
[SD]金鹰卡通,https://t.freetv.fun/live/jin-ying-qia-tong-2-2.m3u8,,,,,金鷹卡通,China,China,https://epg.pw/media/images/channel/2025/01/28/large/20250128060714767131_10.jpg,Kids,,freetv-fun-all.txt
[VGA]金鹰卡通,https://t.freetv.fun/live/jin-ying-qia-tong-8.m3u8,,,,,金鷹卡通,China,China,https://epg.pw/media/images/channel/2025/01/28/large/20250128060714767131_10.jpg,Kids,,freetv-fun-all.txt
[SD]金鹰卡通,https://t.freetv.fun/live/jin-ying-qia-tong-4-1.m3u8,,,,,金鷹卡通,China,China,https://epg.pw/media/images/channel/2025/01/28/large/20250128060714767131_10.jpg,Kids,,freetv-fun-all.txt
[SD]金鹰卡通,https://t.freetv.fun/live/jin-ying-qia-tong-5.m3u8,,,,,金鷹卡通,China,China,https://epg.pw/media/images/channel/2025/01/28/large/20250128060714767131_10.jpg,Kids,,freetv-fun-all.txt
[VGA]金鹰卡通,https://t.freetv.fun/live/jin-ying-qia-tong-3-1.m3u8,,,,,金鷹卡通,China,China,https://epg.pw/media/images/channel/2025/01/28/large/20250128060714767131_10.jpg,Kids,,freetv-fun-all.txt
[VGA]金鹰卡通,https://t.freetv.fun/live/jin-ying-qia-tong-8.php,,,,,金鷹卡通,China,China,https://epg.pw/media/images/channel/2025/01/28/large/20250128060714767131_10.jpg,Kids,,freetv-fun-all.txt
[SD]金鹰卡通,https://t.freetv.fun/live/jin-ying-qia-tong-9.m3u8,,,,,金鷹卡通,China,China,https://epg.pw/media/images/channel/2025/01/28/large/20250128060714767131_10.jpg,Kids,,freetv-fun-all.txt
[SD]金鹰卡通,https://t.freetv.fun/live/jin-ying-qia-tong-10.m3u8,,,,,金鷹卡通,China,China,https://epg.pw/media/images/channel/2025/01/28/large/20250128060714767131_10.jpg,Kids,,freetv-fun-all.txt
[SD]金鹰卡通,https://t.freetv.fun/live/jin-ying-qia-tong-16.m3u8,,,,,金鷹卡通,China,China,https://epg.pw/media/images/channel/2025/01/28/large/20250128060714767131_10.jpg,Kids,,freetv-fun-all.txt
[SD]金鹰卡通,https://t.freetv.fun/live/jin-ying-qia-tong-18.m3u8,,,,,金鷹卡通,China,China,https://epg.pw/media/images/channel/2025/01/28/large/20250128060714767131_10.jpg,Kids,,freetv-fun-all.txt
[BD]金鹰卡通,https://t.freetv.fun/live/jin-ying-qia-tong-6-1.m3u8,,,,,金鷹卡通,China,China,https://epg.pw/media/images/channel/2025/01/28/large/20250128060714767131_10.jpg,Kids,,freetv-fun-all.txt
[SD]金鹰卡通,https://t.freetv.fun/live/jin-ying-qia-tong-7-1.m3u8,,,,,金鷹卡通,China,China,https://epg.pw/media/images/channel/2025/01/28/large/20250128060714767131_10.jpg,Kids,,freetv-fun-all.txt
[BD]金鹰卡通,https://t.freetv.fun/live/jin-ying-qia-tong-8-1.m3u8,,,,,金鷹卡通,China,China,https://epg.pw/media/images/channel/2025/01/28/large/20250128060714767131_10.jpg,Kids,,freetv-fun-all.txt
[VGA]金鹰卡通,https://t.freetv.fun/live/jin-ying-qia-tong-11.m3u8,,,,,金鷹卡通,China,China,https://epg.pw/media/images/channel/2025/01/28/large/20250128060714767131_10.jpg,Kids,,freetv-fun-all.txt
[VGA]金鹰卡通,https://t.freetv.fun/live/jin-ying-qia-tong-14.m3u8,,,,,金鷹卡通,China,China,https://epg.pw/media/images/channel/2025/01/28/large/20250128060714767131_10.jpg,Kids,,freetv-fun-all.txt
[VGA]金鹰卡通,https://t.freetv.fun/live/jin-ying-qia-tong-17.m3u8,,,,,金鷹卡通,China,China,https://epg.pw/media/images/channel/2025/01/28/large/20250128060714767131_10.jpg,Kids,,freetv-fun-all.txt
[VGA]金鹰卡通,https://t.freetv.fun/live/jin-ying-qia-tong-22.m3u8,,,,,金鷹卡通,China,China,https://epg.pw/media/images/channel/2025/01/28/large/20250128060714767131_10.jpg,Kids,,freetv-fun-all.txt
[VGA]金鹰卡通,https://t.freetv.fun/live/jin-ying-qia-tong-23.m3u8,,,,,金鷹卡通,China,China,https://epg.pw/media/images/channel/2025/01/28/large/20250128060714767131_10.jpg,Kids,,freetv-fun-all.txt
[VGA]金鹰卡通,https://t.freetv.fun/live/jin-ying-qia-tong-24.m3u8,,,,,金鷹卡通,China,China,https://epg.pw/media/images/channel/2025/01/28/large/20250128060714767131_10.jpg,Kids,,freetv-fun-all.txt
[VGA]金鹰卡通,https://t.freetv.fun/live/jin-ying-qia-tong-25.m3u8,,,,,金鷹卡通,China,China,https://epg.pw/media/images/channel/2025/01/28/large/20250128060714767131_10.jpg,Kids,,freetv-fun-all.txt
[VGA]金鹰卡通,https://t.freetv.fun/live/jin-ying-qia-tong-27.m3u8,,,,,金鷹卡通,China,China,https://epg.pw/media/images/channel/2025/01/28/large/20250128060714767131_10.jpg,Kids,,freetv-fun-all.txt
[VGA]金鹰卡通,https://t.freetv.fun/live/jin-ying-qia-tong-28.m3u8,,,,,金鷹卡通,China,China,https://epg.pw/media/images/channel/2025/01/28/large/20250128060714767131_10.jpg,Kids,,freetv-fun-all.txt
[VGA]金鹰卡通 标清,https://t.freetv.fun/live/jin-ying-qia-tong-biao-qing-1.m3u8,,,,,金鷹卡通,China,China,https://epg.pw/media/images/channel/2025/01/28/large/20250128060714767131_10.jpg,Kids,,freetv-fun-all.txt
[VGA]金鹰卡通高清,https://t.freetv.fun/live/jin-ying-qia-tong-gao-qing.php,,,,,金鷹卡通,China,China,https://epg.pw/media/images/channel/2023/04/16/large/20230416033010045707_80.jpg,Kids,,freetv-fun-all.txt
[VGA]金鹰卡通 标清,https://t.freetv.fun/live/jin-ying-qia-tong-biao-qing.m3u8,,,,,金鷹卡通,China,China,https://epg.pw/media/images/channel/2023/04/16/large/20230416033010045707_80.jpg,Kids,,freetv-fun-all.txt
[VGA]金鹰纪实,https://t.freetv.fun/live/jin-ying-ji-shi-17.m3u8,,,,,金鷹紀實,China,China,https://epg.pw/media/images/channel/2023/06/05/large/20230605010658568388_25.jpg,Knowledge,,freetv-fun-all.txt
[VGA]金鹰纪实,https://t.freetv.fun/live/jin-ying-ji-shi-1-3.m3u8,,,,,金鷹紀實,China,China,https://epg.pw/media/images/channel/2023/06/05/large/20230605010658568388_25.jpg,Knowledge,,freetv-fun-all.txt
[VGA]金鹰纪实,https://t.freetv.fun/live/jin-ying-ji-shi-2.m3u8,,,,,金鷹紀實,China,China,https://epg.pw/media/images/channel/2023/06/05/large/20230605010658568388_25.jpg,Knowledge,,freetv-fun-all.txt
[VGA]金鹰纪实,https://t.freetv.fun/live/jin-ying-ji-shi-3-1.m3u8,,,,,金鷹紀實,China,China,https://epg.pw/media/images/channel/2023/06/05/large/20230605010658568388_25.jpg,Knowledge,,freetv-fun-all.txt
[VGA]金鹰纪实,https://t.freetv.fun/live/jin-ying-ji-shi-4.m3u8,,,,,金鷹紀實,China,China,https://epg.pw/media/images/channel/2023/06/05/large/20230605010658568388_25.jpg,Knowledge,,freetv-fun-all.txt
[VGA]金鹰纪实,https://t.freetv.fun/live/jin-ying-ji-shi-5-1.m3u8,,,,,金鷹紀實,China,China,https://epg.pw/media/images/channel/2023/06/05/large/20230605010658568388_25.jpg,Knowledge,,freetv-fun-all.txt
[VGA]金鹰纪实,https://t.freetv.fun/live/jin-ying-ji-shi-6-1.m3u8,,,,,金鷹紀實,China,China,https://epg.pw/media/images/channel/2023/06/05/large/20230605010658568388_25.jpg,Knowledge,,freetv-fun-all.txt
[VGA]金鹰纪实,https://t.freetv.fun/live/jin-ying-ji-shi-7-1.m3u8,,,,,金鷹紀實,China,China,https://epg.pw/media/images/channel/2023/06/05/large/20230605010658568388_25.jpg,Knowledge,,freetv-fun-all.txt
[VGA]金鹰纪实,https://t.freetv.fun/live/jin-ying-ji-shi-8-1.m3u8,,,,,金鷹紀實,China,China,https://epg.pw/media/images/channel/2023/06/05/large/20230605010658568388_25.jpg,Knowledge,,freetv-fun-all.txt
[VGA]金鹰纪实,https://t.freetv.fun/live/jin-ying-ji-shi-9-1.m3u8,,,,,金鷹紀實,China,China,https://epg.pw/media/images/channel/2023/06/05/large/20230605010658568388_25.jpg,Knowledge,,freetv-fun-all.txt
[VGA]金鹰纪实,https://t.freetv.fun/live/jin-ying-ji-shi-10-1.m3u8,,,,,金鷹紀實,China,China,https://epg.pw/media/images/channel/2023/06/05/large/20230605010658568388_25.jpg,Knowledge,,freetv-fun-all.txt
[BD]金鹰纪实,https://t.freetv.fun/live/jin-ying-ji-shi-17.php,,,,,金鷹紀實,China,China,https://epg.pw/media/images/channel/2023/06/05/large/20230605010658568388_25.jpg,Knowledge,,freetv-fun-all.txt
[VGA]金鹰纪实高清,https://t.freetv.fun/live/jin-ying-ji-shi-gao-qing-2.m3u8,,,,,金鷹紀實,China,China,https://epg.pw/media/images/channel/2023/06/05/large/20230605010658568388_25.jpg,Knowledge,,freetv-fun-all.txt
[VGA]金鹰纪实,https://t.freetv.fun/live/jin-ying-ji-shi-11-1.m3u8,,,,,金鷹紀實,China,China,https://epg.pw/media/images/channel/2023/06/05/large/20230605010658568388_25.jpg,Knowledge,,freetv-fun-all.txt
[VGA]金鹰纪实 高清,https://t.freetv.fun/live/jin-ying-ji-shi-gao-qing-1.m3u8,,,,,金鷹紀實,China,China,https://epg.pw/media/images/channel/2023/06/05/large/20230605010658568388_25.jpg,Knowledge,,freetv-fun-all.txt
[VGA]金鹰纪实高清,https://t.freetv.fun/live/jin-ying-ji-shi-gao-qing-2.smil,,,,,金鷹紀實,China,China,https://epg.pw/media/images/channel/2023/06/05/large/20230605010658568388_25.jpg,Knowledge,,freetv-fun-all.txt
[SD]金鹰纪实,https://t.freetv.fun/live/jin-ying-ji-shi-12-1.m3u8,,,,,金鷹紀實,China,China,https://epg.pw/media/images/channel/2023/06/05/large/20230605010658568388_25.jpg,Knowledge,,freetv-fun-all.txt
[VGA]金鹰纪实 hd,https://t.freetv.fun/live/jin-ying-ji-shi-hd.m3u8,,,,,金鷹紀實,China,China,https://epg.pw/media/images/channel/2023/04/16/large/20230416033048251395_97.jpg,Knowledge,,freetv-fun-all.txt
[VGA]银川公共,https://t.freetv.fun/live/yin-chuan-gong-gong-1.m3u8,,,,,銀川公共,China,China,https://epg.pw/media/images/channel/2022/10/24/large/20221024210252894861_95.jpg,Generic,,freetv-fun-all.txt
[VGA]银川文体,https://t.freetv.fun/live/yin-chuan-wen-ti-1.m3u8,,,,,銀川文體,China,China,https://epg.pw/media/images/channel/2022/10/24/large/20221024210343653743_78.jpg,Generic,,freetv-fun-all.txt
[VGA]银川生活,https://t.freetv.fun/live/yin-chuan-sheng-huo-1.m3u8,,,,,銀川生活,China,China,https://epg.pw/media/images/channel/2022/10/24/large/20221024210425456556_40.jpg,Generic,,freetv-fun-all.txt
[BD]钱江都市,https://t.freetv.fun/live/qian-jiang-du-shi.m3u8,,,,,錢江都市,China,China,https://epg.pw/media/images/channel/2022/05/30/large/20220530221252076188_72.jpg,Generic,,freetv-fun-all.txt
[VGA]钱江都市,https://t.freetv.fun/live/qian-jiang-du-shi-1.m3u8,,,,,錢江都市,China,China,https://epg.pw/media/images/channel/2022/05/30/large/20220530221252076188_72.jpg,Generic,,freetv-fun-all.txt
[HD]靖江新闻综合,https://t.freetv.fun/live/jing-jiang-xin-wen-zong-he-5.m3u8,,,,,鎮江新聞綜合,China,China,https://epg.pw/media/images/channel/2022/11/01/large/20221101022911570371_38.jpg,News,,freetv-fun-all.txt
[SD]江夏新闻综合,https://t.freetv.fun/live/jiang-xia-xin-wen-zong-he-1.m3u8,,,,,鎮江新聞綜合,China,China,https://epg.pw/media/images/channel/2022/11/01/large/20221101022911570371_38.jpg,News,,freetv-fun-all.txt
[VGA]靖江新闻综合,https://t.freetv.fun/live/jing-jiang-xin-wen-zong-he-2.m3u8,,,,,鎮江新聞綜合,China,China,https://epg.pw/media/images/channel/2022/11/01/large/20221101022911570371_38.jpg,News,,freetv-fun-all.txt
[HD]怒江新闻综合,https://t.freetv.fun/live/nu-jiang-xin-wen-zong-he-2.m3u8,,,,,鎮江新聞綜合,China,China,https://epg.pw/media/images/channel/2022/11/01/large/20221101022911570371_38.jpg,News,,freetv-fun-all.txt
[VGA]怒江新闻综合,https://t.freetv.fun/live/nu-jiang-xin-wen-zong-he-1.m3u8,,,,,鎮江新聞綜合,China,China,https://epg.pw/media/images/channel/2022/11/01/large/20221101022911570371_38.jpg,News,,freetv-fun-all.txt
[VGA]通江新闻综合,https://t.freetv.fun/live/tong-jiang-xin-wen-zong-he.m3u8,,,,,鎮江新聞綜合,China,China,https://epg.pw/media/images/channel/2022/11/01/large/20221101022911570371_38.jpg,News,,freetv-fun-all.txt
[VGA]夹江新闻综合,https://t.freetv.fun/live/jia-jiang-xin-wen-zong-he-2.m3u8,,,,,鎮江新聞綜合,China,China,https://epg.pw/media/images/channel/2022/11/01/large/20221101022911570371_38.jpg,News,,freetv-fun-all.txt
[VGA]江油新闻综合,https://t.freetv.fun/live/jiang-you-xin-wen-zong-he-1.m3u8,,,,,鎮江新聞綜合,China,China,https://epg.pw/media/images/channel/2022/11/01/large/20221101022911570371_38.jpg,News,,freetv-fun-all.txt
[VGA]江津新闻综合,https://t.freetv.fun/live/jiang-jin-xin-wen-zong-he-1-1.m3u8,,,,,鎮江新聞綜合,China,China,https://epg.pw/media/images/channel/2022/11/01/large/20221101022911570371_38.jpg,News,,freetv-fun-all.txt
[VGA]靖江新闻綜合,https://t.freetv.fun/live/jing-jiang-xin-wen-zong-he-1-2.m3u8,,,,,鎮江新聞綜合,China,China,https://epg.pw/media/images/channel/2022/11/01/large/20221101022911570371_38.jpg,News,,freetv-fun-all.txt
[SD]江夏新闻综合,https://t.freetv.fun/live/jiang-xia-xin-wen-zong-he-1-1.flv,,,,,鎮江新聞綜合,China,China,https://epg.pw/media/images/channel/2022/11/01/large/20221101022911570371_38.jpg,News,,freetv-fun-all.txt
[VGA]潜江新闻综合,https://t.freetv.fun/live/qian-jiang-xin-wen-zong-he.m3u8,,,,,鎮江新聞綜合,China,China,https://epg.pw/media/images/channel/2022/11/01/large/20221101022911570371_38.jpg,News,,freetv-fun-all.txt
[VGA]镇江新闻综合,https://t.freetv.fun/live/zhen-jiang-xin-wen-zong-he.m3u8,,,,,鎮江新聞綜合,China,China,https://epg.pw/media/images/channel/2022/11/01/large/20221101022911570371_38.jpg,News,,freetv-fun-all.txt
[VGA]镇江新闻综合,https://t.freetv.fun/live/zhen-jiang-xin-wen-zong-he-1.m3u8,,,,,鎮江新聞綜合,China,China,https://epg.pw/media/images/channel/2022/11/01/large/20221101022911570371_38.jpg,News,,freetv-fun-all.txt
[VGA]镇江新闻综合,https://t.freetv.fun/live/zhen-jiang-xin-wen-zong-he-2.m3u8,,,,,鎮江新聞綜合,China,China,https://epg.pw/media/images/channel/2022/11/01/large/20221101022911570371_38.jpg,News,,freetv-fun-all.txt
[VGA]镇江新闻综合,https://t.freetv.fun/live/zhen-jiang-xin-wen-zong-he-3.m3u8,,,,,鎮江新聞綜合,China,China,https://epg.pw/media/images/channel/2022/11/01/large/20221101022911570371_38.jpg,News,,freetv-fun-all.txt
[BD]江阴新闻综合,https://t.freetv.fun/live/jiang-yin-xin-wen-zong-he-3.m3u8,,,,,鎮江新聞綜合,China,China,https://epg.pw/media/images/channel/2022/11/01/large/20221101022911570371_38.jpg,News,,freetv-fun-all.txt
[BD]江阴新闻综合,https://t.freetv.fun/live/jiang-yin-xin-wen-zong-he-4.m3u8,,,,,鎮江新聞綜合,China,China,https://epg.pw/media/images/channel/2022/11/01/large/20221101022911570371_38.jpg,News,,freetv-fun-all.txt
[VGA]江津新闻综合,https://t.freetv.fun/live/jiang-jin-xin-wen-zong-he-2-1.m3u8,,,,,鎮江新聞綜合,China,China,https://epg.pw/media/images/channel/2022/11/01/large/20221101022911570371_38.jpg,News,,freetv-fun-all.txt
[VGA]镇江新闻综合,https://t.freetv.fun/live/zhen-jiang-xin-wen-zong-he-4.m3u8,,,,,鎮江新聞綜合,China,China,https://epg.pw/media/images/channel/2022/11/01/large/20221101022911570371_38.jpg,News,,freetv-fun-all.txt
[BD]镇江新闻综合,https://t.freetv.fun/live/zhen-jiang-xin-wen-zong-he-5.m3u8,,,,,鎮江新聞綜合,China,China,https://epg.pw/media/images/channel/2022/11/01/large/20221101022911570371_38.jpg,News,,freetv-fun-all.txt
[VGA]长春市民生活,https://t.freetv.fun/live/chang-chun-shi-min-sheng-huo.m3u8,,,,,長春市民,China,China,https://epg.pw/media/images/channel/2022/08/12/large/20220812215908869905_47.jpg,Generic,,freetv-fun-all.txt
[VGA]长春综合,https://t.freetv.fun/live/chang-chun-zong-he-1.m3u8,,,,,長春綜合,China,China,https://epg.pw/media/images/channel/2022/08/12/large/20220812220117628376_52.jpg,Generic,,freetv-fun-all.txt
[SD]长春双阳综合,https://t.freetv.fun/live/chang-chun-shuang-yang-zong-he.m3u8,,,,,長春綜合,China,China,https://epg.pw/media/images/channel/2022/08/12/large/20220812220117628376_52.jpg,Generic,,freetv-fun-all.txt
[VGA]长春综合,https://t.freetv.fun/live/chang-chun-zong-he-1-1.m3u8,,,,,長春綜合,China,China,https://epg.pw/media/images/channel/2022/08/12/large/20220812220117628376_52.jpg,Generic,,freetv-fun-all.txt
[VGA]长春综合,https://t.freetv.fun/live/chang-chun-zong-he-2.m3u8,,,,,長春綜合,China,China,https://epg.pw/media/images/channel/2022/08/12/large/20220812220117628376_52.jpg,Generic,,freetv-fun-all.txt
[VGA]长沙政法,https://t.freetv.fun/live/chang-sha-zheng-fa-1.m3u8,,,,,長沙政法,China,China,https://epg.pw/media/images/channel/2022/05/30/large/20220530223400706902_20.jpg,Other,,freetv-fun-all.txt
[VGA]长沙新闻,https://t.freetv.fun/live/chang-sha-xin-wen-1-1.m3u8,,,,,長沙新聞,China,China,https://epg.pw/media/images/channel/2022/05/30/large/20220530223441906867_43.jpg,News,,freetv-fun-all.txt
[VGA]长沙新闻,https://t.freetv.fun/live/chang-sha-xin-wen-2.m3u8,,,,,長沙新聞,China,China,https://epg.pw/media/images/channel/2022/05/30/large/20220530223441906867_43.jpg,News,,freetv-fun-all.txt
[VGA]长沙新闻,https://t.freetv.fun/live/chang-sha-xin-wen-3.m3u8,,,,,長沙新聞,China,China,https://epg.pw/media/images/channel/2022/05/30/large/20220530223441906867_43.jpg,News,,freetv-fun-all.txt
[VGA]长沙新闻,https://t.freetv.fun/live/chang-sha-xin-wen-4.m3u8,,,,,長沙新聞,China,China,https://epg.pw/media/images/channel/2022/05/30/large/20220530223441906867_43.jpg,News,,freetv-fun-all.txt
[VGA]长沙新闻,https://t.freetv.fun/live/chang-sha-xin-wen-5.m3u8,,,,,長沙新聞,China,China,https://epg.pw/media/images/channel/2022/05/30/large/20220530223441906867_43.jpg,News,,freetv-fun-all.txt
[SD]长沙新闻,https://t.freetv.fun/live/chang-sha-xin-wen-6.m3u8,,,,,長沙新聞,China,China,https://epg.pw/media/images/channel/2022/05/30/large/20220530223441906867_43.jpg,News,,freetv-fun-all.txt
[SD]长沙新闻,https://t.freetv.fun/live/chang-sha-xin-wen-7.m3u8,,,,,長沙新聞,China,China,https://epg.pw/media/images/channel/2022/05/30/large/20220530223441906867_43.jpg,News,,freetv-fun-all.txt
[VGA]开封公共,https://t.freetv.fun/live/kai-feng-gong-gong-1.m3u8,,,,,開封公共,China,China,https://epg.pw/media/images/channel/2022/10/31/large/20221031233333436214_84.jpg,Generic,,freetv-fun-all.txt
[HD]开化新闻综合,https://t.freetv.fun/live/kai-hua-xin-wen-zong-he-1.m3u8,,,,,開封新聞綜合,China,China,https://epg.pw/media/img/logo/2_16.jpg,Other,,freetv-fun-all.txt
[VGA]开封新闻综合,https://t.freetv.fun/live/kai-feng-xin-wen-zong-he-1.m3u8,,,,,開封新聞綜合,China,China,https://epg.pw/media/img/logo/2_16.jpg,Other,,freetv-fun-all.txt
[VGA]河南开封新闻综合,https://t.freetv.fun/live/he-nan-kai-feng-xin-wen-zong-he.m3u8,,,,,開封新聞綜合,China,China,https://epg.pw/media/img/logo/2_16.jpg,Other,,freetv-fun-all.txt
[VGA]新闻综合,https://t.freetv.fun/live/xin-wen-zong-he-1.m3u8,,,,,開封新聞綜合,China,China,https://epg.pw/media/img/logo/2_16.jpg,Other,,freetv-fun-all.txt
[VGA]新闻综合,https://t.freetv.fun/live/xin-wen-zong-he-4.m3u8,,,,,開封新聞綜合,China,China,https://epg.pw/media/img/logo/2_16.jpg,Other,,freetv-fun-all.txt
[VGA]开江新闻综合,https://t.freetv.fun/live/kai-jiang-xin-wen-zong-he.m3u8,,,,,開封新聞綜合,China,China,https://epg.pw/media/images/channel/2022/10/31/large/20221031233253543959_87.jpg,News,,freetv-fun-all.txt
[VGA]开化新闻综合,https://t.freetv.fun/live/kai-hua-xin-wen-zong-he-1-1.m3u8,,,,,開封新聞綜合,China,China,https://epg.pw/media/images/channel/2022/10/31/large/20221031233253543959_87.jpg,News,,freetv-fun-all.txt
[HD]阿里郎电视,https://t.freetv.fun/live/a-li-lang-dian-shi-2.m3u8,,,,,阿里郎電視,Korea,Korea,https://epg.pw/media/images/channel/2024/03/13/large/20240313163715241378_36.png,Other,,freetv-fun-all.txt
[HD]arirang阿里郎,https://t.freetv.fun/live/ariranga-li-lang-1.m3u8,,,,,阿里郎電視,Korea,Korea,https://epg.pw/media/images/channel/2024/03/13/large/20240313163715241378_36.png,Other,,freetv-fun-all.txt
[VGA]陕西三套,https://t.freetv.fun/live/shan-xi-san-tao.m3u8,,,,,陝西三套,China,China,https://epg.pw/media/images/channel/2022/05/06/large/20220506162555200671_47.png,Generic,,freetv-fun-all.txt
[VGA]陕西二套,https://t.freetv.fun/live/shan-xi-er-tao.m3u8,,,,,陝西二套,China,China,https://epg.pw/media/images/channel/2022/05/06/large/20220506154641927597_50.png,Generic,,freetv-fun-all.txt
[VGA]陕西四套,https://t.freetv.fun/live/shan-xi-si-tao.m3u8,,,,,陝西四套,China,China,https://epg.pw/media/images/channel/2022/05/06/large/20220506162726145202_11.png,Generic,,freetv-fun-all.txt
[VGA]陕西新闻资讯,https://t.freetv.fun/live/shan-xi-xin-wen-zi-xun-1.php,,,,,陝西新聞資訊,China,China,https://epg.pw/media/images/channel/2022/05/31/large/20220531151006730386_52.jpg,News,,freetv-fun-all.txt
[VGA]陕西新闻资讯,https://t.freetv.fun/live/shan-xi-xin-wen-zi-xun-2.m3u8,,,,,陝西新聞資訊,China,China,https://epg.pw/media/images/channel/2022/05/31/large/20220531151006730386_52.jpg,News,,freetv-fun-all.txt
[BD]陕西新闻资讯,https://t.freetv.fun/live/shan-xi-xin-wen-zi-xun-3.m3u8,,,,,陝西新聞資訊,China,China,https://epg.pw/media/images/channel/2022/05/31/large/20220531151006730386_52.jpg,News,,freetv-fun-all.txt
[BD]陕西新闻资讯,https://t.freetv.fun/live/shan-xi-xin-wen-zi-xun-4.m3u8,,,,,陝西新聞資訊,China,China,https://epg.pw/media/images/channel/2022/05/31/large/20220531151006730386_52.jpg,News,,freetv-fun-all.txt
[VGA]陕西新闻资讯,https://t.freetv.fun/live/shan-xi-xin-wen-zi-xun-5.m3u8,,,,,陝西新聞資訊,China,China,https://epg.pw/media/images/channel/2022/05/31/large/20220531151006730386_52.jpg,News,,freetv-fun-all.txt
[VGA]陕西卫视,https://t.freetv.fun/live/shan-xi-wei-shi-20.m3u8,,,,,陝西衛視,China,China,https://epg.pw/media/images/channel/2022/05/31/large/20220531150903888489_91.jpg,Generic,,freetv-fun-all.txt
[BD]陕西卫视,https://t.freetv.fun/live/shan-xi-wei-shi-20.smil,,,,,陝西衛視,China,China,https://epg.pw/media/images/channel/2022/05/31/large/20220531150903888489_91.jpg,Generic,,freetv-fun-all.txt
[BD]陕西卫视,https://t.freetv.fun/live/shan-xi-wei-shi-6.m3u8,,,,,陝西衛視,China,China,https://epg.pw/media/images/channel/2022/05/31/large/20220531150903888489_91.jpg,Generic,,freetv-fun-all.txt
[VGA]陕西卫视,https://t.freetv.fun/live/shan-xi-wei-shi-1-3.m3u8,,,,,陝西衛視,China,China,https://epg.pw/media/images/channel/2022/05/31/large/20220531150903888489_91.jpg,Generic,,freetv-fun-all.txt
[VGA]陕西卫视,https://t.freetv.fun/live/shan-xi-wei-shi-2-4.m3u8,,,,,陝西衛視,China,China,https://epg.pw/media/images/channel/2022/05/31/large/20220531150903888489_91.jpg,Generic,,freetv-fun-all.txt
[VGA]陕西卫视,https://t.freetv.fun/live/shan-xi-wei-shi-3-3.m3u8,,,,,陝西衛視,China,China,https://epg.pw/media/images/channel/2022/05/31/large/20220531150903888489_91.jpg,Generic,,freetv-fun-all.txt
[BD]陕西卫视,https://t.freetv.fun/live/shan-xi-wei-shi-5-1.php,,,,,陝西衛視,China,China,https://epg.pw/media/images/channel/2022/05/31/large/20220531150903888489_91.jpg,Generic,,freetv-fun-all.txt
[VGA]陕西卫视,https://t.freetv.fun/live/shan-xi-wei-shi-20.php,,,,,陝西衛視,China,China,https://epg.pw/media/images/channel/2022/05/31/large/20220531150903888489_91.jpg,Generic,,freetv-fun-all.txt
[BD]陕西卫视,https://t.freetv.fun/live/shan-xi-wei-shi-9-1.m3u8,,,,,陝西衛視,China,China,https://epg.pw/media/images/channel/2022/05/31/large/20220531150903888489_91.jpg,Generic,,freetv-fun-all.txt
[SD]陕西卫视,https://t.freetv.fun/live/shan-xi-wei-shi-39.m3u8,,,,,陝西衛視,China,China,https://epg.pw/media/images/channel/2022/05/31/large/20220531150903888489_91.jpg,Generic,,freetv-fun-all.txt
[BD]陕西卫视,https://t.freetv.fun/live/shan-xi-wei-shi-4-2.m3u8,,,,,陝西衛視,China,China,https://epg.pw/media/images/channel/2022/05/31/large/20220531150903888489_91.jpg,Generic,,freetv-fun-all.txt
[VGA]陕西卫视,https://t.freetv.fun/live/shan-xi-wei-shi-10-1.m3u8,,,,,陝西衛視,China,China,https://epg.pw/media/images/channel/2022/05/31/large/20220531150903888489_91.jpg,Generic,,freetv-fun-all.txt
[VGA]陕西卫视,https://t.freetv.fun/live/shan-xi-wei-shi-11-1.m3u8,,,,,陝西衛視,China,China,https://epg.pw/media/images/channel/2022/05/31/large/20220531150903888489_91.jpg,Generic,,freetv-fun-all.txt
[VGA]陕西卫视,https://t.freetv.fun/live/shan-xi-wei-shi-12-1.m3u8,,,,,陝西衛視,China,China,https://epg.pw/media/images/channel/2022/05/31/large/20220531150903888489_91.jpg,Generic,,freetv-fun-all.txt
[VGA]陕西卫视,https://t.freetv.fun/live/shan-xi-wei-shi-13-1.m3u8,,,,,陝西衛視,China,China,https://epg.pw/media/images/channel/2022/05/31/large/20220531150903888489_91.jpg,Generic,,freetv-fun-all.txt
[VGA]陕西卫视,https://t.freetv.fun/live/shan-xi-wei-shi-14-2.m3u8,,,,,陝西衛視,China,China,https://epg.pw/media/images/channel/2022/05/31/large/20220531150903888489_91.jpg,Generic,,freetv-fun-all.txt
[VGA]陕西卫视,https://t.freetv.fun/live/shan-xi-wei-shi-15-1.m3u8,,,,,陝西衛視,China,China,https://epg.pw/media/images/channel/2022/05/31/large/20220531150903888489_91.jpg,Generic,,freetv-fun-all.txt
[VGA]陕西卫视,https://t.freetv.fun/live/shan-xi-wei-shi-16-1.m3u8,,,,,陝西衛視,China,China,https://epg.pw/media/images/channel/2022/05/31/large/20220531150903888489_91.jpg,Generic,,freetv-fun-all.txt
[VGA]陕西卫视,https://t.freetv.fun/live/shan-xi-wei-shi-18-1.m3u8,,,,,陝西衛視,China,China,https://epg.pw/media/images/channel/2022/05/31/large/20220531150903888489_91.jpg,Generic,,freetv-fun-all.txt
[VGA]陕西卫视,https://t.freetv.fun/live/shan-xi-wei-shi-19-1.m3u8,,,,,陝西衛視,China,China,https://epg.pw/media/images/channel/2022/05/31/large/20220531150903888489_91.jpg,Generic,,freetv-fun-all.txt
[VGA]陕西卫视,https://t.freetv.fun/live/shan-xi-wei-shi-21-1.m3u8,,,,,陝西衛視,China,China,https://epg.pw/media/images/channel/2022/05/31/large/20220531150903888489_91.jpg,Generic,,freetv-fun-all.txt
[VGA]陕西卫视标清,https://t.freetv.fun/live/shan-xi-wei-shi-biao-qing.php,,,,,陝西衛視,China,China,https://epg.pw/media/images/channel/2022/05/31/large/20220531150903888489_91.jpg,Generic,,freetv-fun-all.txt
[VGA]陕西卫视 标清,https://t.freetv.fun/live/shan-xi-wei-shi-biao-qing-2.m3u8,,,,,陝西衛視,China,China,https://epg.pw/media/images/channel/2022/05/31/large/20220531150903888489_91.jpg,Generic,,freetv-fun-all.txt
[VGA]陕西农林卫视,https://t.freetv.fun/live/shan-xi-nong-lin-wei-shi.m3u8,,,,,陝西衛視,China,China,https://epg.pw/media/images/channel/2022/05/31/large/20220531150903888489_91.jpg,Generic,,freetv-fun-all.txt
[VGA]陕西卫视 标清,https://t.freetv.fun/live/shan-xi-wei-shi-biao-qing-1-1.m3u8,,,,,陝西衛視,China,China,https://epg.pw/media/images/channel/2022/05/31/large/20220531150903888489_91.jpg,Generic,,freetv-fun-all.txt
[VGA]陕西卫视高清,https://t.freetv.fun/live/shan-xi-wei-shi-gao-qing-2.php,,,,,陝西衛視,China,China,https://epg.pw/media/images/channel/2022/05/31/large/20220531150903888489_91.jpg,Generic,,freetv-fun-all.txt
[VGA]陕西西部电影,https://t.freetv.fun/live/shan-xi-xi-bu-dian-ying.m3u8,,,,,陝西西部電影,China,China,https://epg.pw/media/images/channel/2022/05/31/large/20220531151605390141_16.jpg,Movies,,freetv-fun-all.txt
[VGA]陕西西部电影,https://t.freetv.fun/live/shan-xi-xi-bu-dian-ying-1.m3u8,,,,,陝西西部電影,China,China,https://epg.pw/media/images/channel/2022/05/31/large/20220531151605390141_16.jpg,Movies,,freetv-fun-all.txt
[SD]陕西都市青春,https://t.freetv.fun/live/shan-xi-du-shi-qing-chun.m3u8,,,,,陝西都市青春,China,China,https://epg.pw/media/images/channel/2022/05/31/large/20220531151504287238_45.jpg,Generic,,freetv-fun-all.txt
[VGA]陕西都市青春,https://t.freetv.fun/live/shan-xi-du-shi-qing-chun-1.php,,,,,陝西都市青春,China,China,https://epg.pw/media/images/channel/2022/05/31/large/20220531151504287238_45.jpg,Generic,,freetv-fun-all.txt
[VGA]陕西都市青春,https://t.freetv.fun/live/shan-xi-du-shi-qing-chun-2.m3u8,,,,,陝西都市青春,China,China,https://epg.pw/media/images/channel/2022/05/31/large/20220531151504287238_45.jpg,Generic,,freetv-fun-all.txt
[VGA]体育休闲,https://t.freetv.fun/live/ti-yu-xiu-xian.php,,,,,陝西體育休閒,China,China,https://epg.pw/media/images/channel/2022/05/31/large/20220531151408095945_53.jpg,Sports,,freetv-fun-all.txt
[HD]体育休闲,https://t.freetv.fun/live/ti-yu-xiu-xian-1.m3u8,,,,,陝西體育休閒,China,China,https://epg.pw/media/images/channel/2022/05/31/large/20220531151408095945_53.jpg,Sports,,freetv-fun-all.txt
[VGA]陕西体育,https://t.freetv.fun/live/shan-xi-ti-yu.m3u8,,,,,陝西體育休閒,China,China,https://epg.pw/media/images/channel/2022/05/31/large/20220531151408095945_53.jpg,Sports,,freetv-fun-all.txt
[VGA]陕西体育,https://t.freetv.fun/live/shan-xi-ti-yu-1.m3u8,,,,,陝西體育休閒,China,China,https://epg.pw/media/images/channel/2022/05/31/large/20220531151408095945_53.jpg,Sports,,freetv-fun-all.txt
[VGA]陕西体育,https://t.freetv.fun/live/shan-xi-ti-yu-2.m3u8,,,,,陝西體育休閒,China,China,https://epg.pw/media/images/channel/2022/05/31/large/20220531151408095945_53.jpg,Sports,,freetv-fun-all.txt
[VGA]陕西体育休闲,https://t.freetv.fun/live/shan-xi-ti-yu-xiu-xian.php,,,,,陝西體育休閒,China,China,https://epg.pw/media/images/channel/2022/05/31/large/20220531151408095945_53.jpg,Sports,,freetv-fun-all.txt
[VGA]陕西体育休闲,https://t.freetv.fun/live/shan-xi-ti-yu-xiu-xian-1.m3u8,,,,,陝西體育休閒,China,China,https://epg.pw/media/images/channel/2022/05/31/large/20220531151408095945_53.jpg,Sports,,freetv-fun-all.txt
[VGA]陕西体育休闲,https://t.freetv.fun/live/shan-xi-ti-yu-xiu-xian-2.m3u8,,,,,陝西體育休閒,China,China,https://epg.pw/media/images/channel/2022/05/31/large/20220531151408095945_53.jpg,Sports,,freetv-fun-all.txt
[VGA]阳光卫视,https://t.freetv.fun/live/yang-guang-wei-shi.m3u8,,,,,陽光衛視,Hong Kong,Hong Kong,https://epg.pw/media/img/logo/2013/10/30/0ea1ec522738d3cb28fd6ac14d84e515.jpg,Knowledge,,freetv-fun-all.txt
[HD]云南娱乐,https://t.freetv.fun/live/yun-nan-yu-le.m3u8,,,,,雲南娛樂,China,China,https://epg.pw/media/images/channel/2021/10/12/large/20211012202855973308_65.png,Entertainment,,freetv-fun-all.txt
[VGA]云南娱乐,https://t.freetv.fun/live/yun-nan-yu-le-1.php,,,,,雲南娛樂,China,China,https://epg.pw/media/images/channel/2021/10/12/large/20211012202855973308_65.png,Entertainment,,freetv-fun-all.txt
[VGA]云南少儿,https://t.freetv.fun/live/yun-nan-shao-er.php,,,,,雲南少兒,China,China,https://epg.pw/media/images/channel/2022/05/31/large/20220531145148819490_20.jpg,Kids,,freetv-fun-all.txt
[VGA]云南康旅,https://t.freetv.fun/live/yun-nan-kang-lu.m3u8,,,,,雲南康旅,China,China,https://epg.pw/media/images/channel/2023/07/02/large/20230702014752634896_29.jpeg,Generic,,freetv-fun-all.txt
[HD]云南影视,https://t.freetv.fun/live/yun-nan-ying-shi.m3u8,,,,,雲南影視,China,China,https://epg.pw/media/images/channel/2022/05/31/large/20220531145247906980_49.jpg,Movies,,freetv-fun-all.txt
[VGA]云南卫视,https://t.freetv.fun/live/yun-nan-wei-shi-12.m3u8,,,,,雲南衛視,China,China,https://epg.pw/media/images/channel/2022/05/31/large/20220531145024469645_82.jpg,Other,,freetv-fun-all.txt
[BD]云南卫视,https://t.freetv.fun/live/yun-nan-wei-shi-1-1.m3u8,,,,,雲南衛視,China,China,https://epg.pw/media/images/channel/2022/05/31/large/20220531145024469645_82.jpg,Other,,freetv-fun-all.txt
[SD]云南卫视,https://t.freetv.fun/live/yun-nan-wei-shi-2-2.m3u8,,,,,雲南衛視,China,China,https://epg.pw/media/images/channel/2022/05/31/large/20220531145024469645_82.jpg,Other,,freetv-fun-all.txt
[BD]云南卫视,https://t.freetv.fun/live/yun-nan-wei-shi-3-2.m3u8,,,,,雲南衛視,China,China,https://epg.pw/media/images/channel/2022/05/31/large/20220531145024469645_82.jpg,Other,,freetv-fun-all.txt
[VGA]cn: 云南卫视,https://t.freetv.fun/live/cn-yun-nan-wei-shi.m3u8,,,,,雲南衛視,China,China,https://epg.pw/media/images/channel/2022/05/31/large/20220531145024469645_82.jpg,Other,,freetv-fun-all.txt
[VGA]云南卫视,https://t.freetv.fun/live/yun-nan-wei-shi-3-2.php,,,,,雲南衛視,China,China,https://epg.pw/media/images/channel/2022/05/31/large/20220531145024469645_82.jpg,Other,,freetv-fun-all.txt
[BD]云南卫视,https://t.freetv.fun/live/yun-nan-wei-shi-4-2.php,,,,,雲南衛視,China,China,https://epg.pw/media/images/channel/2022/05/31/large/20220531145024469645_82.jpg,Other,,freetv-fun-all.txt
[VGA]云南卫视,https://t.freetv.fun/live/yun-nan-wei-shi-6-1.m3u8,,,,,雲南衛視,China,China,https://epg.pw/media/images/channel/2022/05/31/large/20220531145024469645_82.jpg,Other,,freetv-fun-all.txt
[BD]云南卫视,https://t.freetv.fun/live/yun-nan-wei-shi-9.m3u8,,,,,雲南衛視,China,China,https://epg.pw/media/images/channel/2022/05/31/large/20220531145024469645_82.jpg,Other,,freetv-fun-all.txt
[VGA]云南卫视,https://t.freetv.fun/live/yun-nan-wei-shi-10.m3u8,,,,,雲南衛視,China,China,https://epg.pw/media/images/channel/2022/05/31/large/20220531145024469645_82.jpg,Other,,freetv-fun-all.txt
[BD]云南卫视,https://t.freetv.fun/live/yun-nan-wei-shi-12.php,,,,,雲南衛視,China,China,https://epg.pw/media/images/channel/2022/05/31/large/20220531145024469645_82.jpg,Other,,freetv-fun-all.txt
[SD]云南卫视,https://t.freetv.fun/live/yun-nan-wei-shi-4-2.m3u8,,,,,雲南衛視,China,China,https://epg.pw/media/images/channel/2022/05/31/large/20220531145024469645_82.jpg,Other,,freetv-fun-all.txt
[BD]云南卫视,https://t.freetv.fun/live/yun-nan-wei-shi-11.m3u8,,,,,雲南衛視,China,China,https://epg.pw/media/images/channel/2022/05/31/large/20220531145024469645_82.jpg,Other,,freetv-fun-all.txt
[VGA]云南卫视,https://t.freetv.fun/live/yun-nan-wei-shi-21.m3u8,,,,,雲南衛視,China,China,https://epg.pw/media/images/channel/2022/05/31/large/20220531145024469645_82.jpg,Other,,freetv-fun-all.txt
[BD]云南卫视,https://t.freetv.fun/live/yun-nan-wei-shi-25.m3u8,,,,,雲南衛視,China,China,https://epg.pw/media/images/channel/2022/05/31/large/20220531145024469645_82.jpg,Other,,freetv-fun-all.txt
[SD]云南卫视,https://t.freetv.fun/live/yun-nan-wei-shi-13.m3u8,,,,,雲南衛視,China,China,https://epg.pw/media/images/channel/2022/05/31/large/20220531145024469645_82.jpg,Other,,freetv-fun-all.txt
[VGA]云南卫视,https://t.freetv.fun/live/yun-nan-wei-shi-5-1.m3u8,,,,,雲南衛視,China,China,https://epg.pw/media/images/channel/2022/05/31/large/20220531145024469645_82.jpg,Other,,freetv-fun-all.txt
[VGA]云南卫视,https://t.freetv.fun/live/yun-nan-wei-shi-7-1.m3u8,,,,,雲南衛視,China,China,https://epg.pw/media/images/channel/2022/05/31/large/20220531145024469645_82.jpg,Other,,freetv-fun-all.txt
[VGA]云南卫视,https://t.freetv.fun/live/yun-nan-wei-shi-8-1.m3u8,,,,,雲南衛視,China,China,https://epg.pw/media/images/channel/2022/05/31/large/20220531145024469645_82.jpg,Other,,freetv-fun-all.txt
[VGA]云南卫视,https://t.freetv.fun/live/yun-nan-wei-shi-12-1.m3u8,,,,,雲南衛視,China,China,https://epg.pw/media/images/channel/2022/05/31/large/20220531145024469645_82.jpg,Other,,freetv-fun-all.txt
[VGA]云南卫视,https://t.freetv.fun/live/yun-nan-wei-shi-14.m3u8,,,,,雲南衛視,China,China,https://epg.pw/media/images/channel/2022/05/31/large/20220531145024469645_82.jpg,Other,,freetv-fun-all.txt
[VGA]云南卫视,https://t.freetv.fun/live/yun-nan-wei-shi-15.m3u8,,,,,雲南衛視,China,China,https://epg.pw/media/images/channel/2022/05/31/large/20220531145024469645_82.jpg,Other,,freetv-fun-all.txt
[VGA]云南卫视,https://t.freetv.fun/live/yun-nan-wei-shi-16.m3u8,,,,,雲南衛視,China,China,https://epg.pw/media/images/channel/2022/05/31/large/20220531145024469645_82.jpg,Other,,freetv-fun-all.txt
[VGA]云南卫视,https://t.freetv.fun/live/yun-nan-wei-shi-17.m3u8,,,,,雲南衛視,China,China,https://epg.pw/media/images/channel/2022/05/31/large/20220531145024469645_82.jpg,Other,,freetv-fun-all.txt
[VGA]云南卫视,https://t.freetv.fun/live/yun-nan-wei-shi-18.m3u8,,,,,雲南衛視,China,China,https://epg.pw/media/images/channel/2022/05/31/large/20220531145024469645_82.jpg,Other,,freetv-fun-all.txt
[VGA]云南卫视,https://t.freetv.fun/live/yun-nan-wei-shi-19.m3u8,,,,,雲南衛視,China,China,https://epg.pw/media/images/channel/2022/05/31/large/20220531145024469645_82.jpg,Other,,freetv-fun-all.txt
[VGA]云南卫视高清,https://t.freetv.fun/live/yun-nan-wei-shi-gao-qing.smil,,,,,雲南衛視,China,China,https://epg.pw/media/images/channel/2022/05/31/large/20220531145024469645_82.jpg,Other,,freetv-fun-all.txt
[VGA]云南卫视,https://t.freetv.fun/live/yun-nan-wei-shi-20.m3u8,,,,,雲南衛視,China,China,https://epg.pw/media/images/channel/2022/05/31/large/20220531145024469645_82.jpg,Other,,freetv-fun-all.txt
[VGA]云南卫视 标清,https://t.freetv.fun/live/yun-nan-wei-shi-biao-qing-1.m3u8,,,,,雲南衛視,China,China,https://epg.pw/media/images/channel/2022/05/31/large/20220531145024469645_82.jpg,Other,,freetv-fun-all.txt
[BD]云南卫视,https://t.freetv.fun/live/yun-nan-wei-shi-22.m3u8,,,,,雲南衛視,China,China,https://epg.pw/media/images/channel/2022/05/31/large/20220531145024469645_82.jpg,Other,,freetv-fun-all.txt
[VGA]云南卫视hd,https://t.freetv.fun/live/yun-nan-wei-shi-hd.php,,,,,雲南衛視,China,China,https://epg.pw/media/images/channel/2022/05/31/large/20220531145024469645_82.jpg,Generic,,freetv-fun-all.txt
[VGA]云南卫视 高清,https://t.freetv.fun/live/yun-nan-wei-shi-gao-qing-1.m3u8,,,,,雲南衛視,China,China,https://epg.pw/media/images/channel/2022/05/31/large/20220531145024469645_82.jpg,Generic,,freetv-fun-all.txt
[VGA]云南卫视 标清,https://t.freetv.fun/live/yun-nan-wei-shi-biao-qing.m3u8,,,,,雲南衛視,China,China,https://epg.pw/media/images/channel/2022/05/31/large/20220531145024469645_82.jpg,Generic,,freetv-fun-all.txt
[HD]云南都市,https://t.freetv.fun/live/yun-nan-du-shi.m3u8,,,,,雲南都市,China,China,https://epg.pw/media/images/channel/2021/10/12/large/20211012202751642735_81.png,News,,freetv-fun-all.txt
[VGA]云南都市,https://t.freetv.fun/live/yun-nan-du-shi-1.m3u8,,,,,雲南都市,China,China,https://epg.pw/media/images/channel/2021/10/12/large/20211012202751642735_81.png,News,,freetv-fun-all.txt
[HD]电影2,https://t.freetv.fun/live/dian-ying-2.m3u8,,,,,電影2臺,Hong Kong,Hong Kong,https://epg.pw/media/img/logo/1_291.jpg,Movies,,freetv-fun-all.txt
[VGA]中国电影频道香港版,https://t.freetv.fun/live/zhong-guo-dian-ying-pin-dao-xiang-gang-ban.m3u8,,,,,電影頻道,China,China,https://epg.pw/media/,Test,,freetv-fun-all.txt
[HD]电影,https://t.freetv.fun/live/dian-ying.m3u8,,,,,電影頻道,China,China,https://epg.pw/media/,Test,,freetv-fun-all.txt
[BD]电影,https://t.freetv.fun/live/dian-ying-1.flv,,,,,電影頻道,China,China,https://epg.pw/media/,Test,,freetv-fun-all.txt
[BD]电影,https://t.freetv.fun/live/dian-ying-2-1.flv,,,,,電影頻道,China,China,https://epg.pw/media/,Test,,freetv-fun-all.txt
[BD]电影,https://t.freetv.fun/live/dian-ying-3.flv,,,,,電影頻道,China,China,https://epg.pw/media/,Test,,freetv-fun-all.txt
[VGA]电影,https://t.freetv.fun/live/dian-ying-4.flv,,,,,電影頻道,China,China,https://epg.pw/media/,Test,,freetv-fun-all.txt
[BD]电影,https://t.freetv.fun/live/dian-ying-5.flv,,,,,電影頻道,China,China,https://epg.pw/media/,Test,,freetv-fun-all.txt
[BD]电影,https://t.freetv.fun/live/dian-ying-6.flv,,,,,電影頻道,China,China,https://epg.pw/media/,Test,,freetv-fun-all.txt
[SD]电影,https://t.freetv.fun/live/dian-ying-7.flv,,,,,電影頻道,China,China,https://epg.pw/media/,Test,,freetv-fun-all.txt
[HD]电影,https://t.freetv.fun/live/dian-ying-8.m3u8,,,,,電影頻道,China,China,https://epg.pw/media/,Test,,freetv-fun-all.txt
[HD]电影,https://t.freetv.fun/live/dian-ying-9.flv,,,,,電影頻道,China,China,https://epg.pw/media/,Test,,freetv-fun-all.txt
[VGA]电影,https://t.freetv.fun/live/dian-ying-10.flv,,,,,電影頻道,China,China,https://epg.pw/media/,Test,,freetv-fun-all.txt
[HD]电影,https://t.freetv.fun/live/dian-ying-11.flv,,,,,電影頻道,China,China,https://epg.pw/media/,Test,,freetv-fun-all.txt
[HD]电影,https://t.freetv.fun/live/dian-ying-16.m3u8,,,,,電影頻道,China,China,https://epg.pw/media/,Test,,freetv-fun-all.txt
[VGA]电影,https://t.freetv.fun/live/dian-ying-17.m3u8,,,,,電影頻道,China,China,https://epg.pw/media/,Test,,freetv-fun-all.txt
[VGA]电影,https://t.freetv.fun/live/dian-ying-18.m3u8,,,,,電影頻道,China,China,https://epg.pw/media/,Test,,freetv-fun-all.txt
[VGA]电影,https://t.freetv.fun/live/dian-ying-19.m3u8,,,,,電影頻道,China,China,https://epg.pw/media/,Test,,freetv-fun-all.txt
[VGA]电影,https://t.freetv.fun/live/dian-ying-20.m3u8,,,,,電影頻道,China,China,https://epg.pw/media/,Test,,freetv-fun-all.txt
[VGA]电影,https://t.freetv.fun/live/dian-ying-21.m3u8,,,,,電影頻道,China,China,https://epg.pw/media/,Test,,freetv-fun-all.txt
[VGA]电影,https://t.freetv.fun/live/dian-ying-22.m3u8,,,,,電影頻道,China,China,https://epg.pw/media/,Test,,freetv-fun-all.txt
[VGA]电影,https://t.freetv.fun/live/dian-ying-23.php,,,,,電影頻道,China,China,https://epg.pw/media/,Test,,freetv-fun-all.txt
[VGA]电影,https://t.freetv.fun/live/dian-ying-24.m3u8,,,,,電影頻道,China,China,https://epg.pw/media/,Test,,freetv-fun-all.txt
[VGA]电影,https://t.freetv.fun/live/dian-ying-25.m3u8,,,,,電影頻道,China,China,https://epg.pw/media/,Test,,freetv-fun-all.txt
[VGA]电影,https://t.freetv.fun/live/dian-ying-26.m3u8,,,,,電影頻道,China,China,https://epg.pw/media/,Test,,freetv-fun-all.txt
[VGA]电影,https://t.freetv.fun/live/dian-ying-27.m3u8,,,,,電影頻道,China,China,https://epg.pw/media/,Test,,freetv-fun-all.txt
[VGA]电影,https://t.freetv.fun/live/dian-ying-28.m3u8,,,,,電影頻道,China,China,https://epg.pw/media/,Test,,freetv-fun-all.txt
[VGA]电影,https://t.freetv.fun/live/dian-ying-29.m3u8,,,,,電影頻道,China,China,https://epg.pw/media/,Test,,freetv-fun-all.txt
[VGA]电影,https://t.freetv.fun/live/dian-ying-30.m3u8,,,,,電影頻道,China,China,https://epg.pw/media/,Test,,freetv-fun-all.txt
[VGA]电影,https://t.freetv.fun/live/dian-ying-31.m3u8,,,,,電影頻道,China,China,https://epg.pw/media/,Test,,freetv-fun-all.txt
[VGA]电影,https://t.freetv.fun/live/dian-ying-32.m3u8,,,,,電影頻道,China,China,https://epg.pw/media/,Test,,freetv-fun-all.txt
[VGA]电影,https://t.freetv.fun/live/dian-ying-33.m3u8,,,,,電影頻道,China,China,https://epg.pw/media/,Test,,freetv-fun-all.txt
[VGA]电影,https://t.freetv.fun/live/dian-ying-34.m3u8,,,,,電影頻道,China,China,https://epg.pw/media/,Test,,freetv-fun-all.txt
[VGA]电影,https://t.freetv.fun/live/dian-ying-35.m3u8,,,,,電影頻道,China,China,https://epg.pw/media/,Test,,freetv-fun-all.txt
[VGA]电影,https://t.freetv.fun/live/dian-ying-36.m3u8,,,,,電影頻道,China,China,https://epg.pw/media/,Test,,freetv-fun-all.txt
[VGA]电影,https://t.freetv.fun/live/dian-ying-37.php,,,,,電影頻道,China,China,https://epg.pw/media/,Test,,freetv-fun-all.txt
[VGA]电影,https://t.freetv.fun/live/dian-ying-38.php,,,,,電影頻道,China,China,https://epg.pw/media/,Test,,freetv-fun-all.txt
[VGA]电影,https://t.freetv.fun/live/dian-ying-39.php,,,,,電影頻道,China,China,https://epg.pw/media/,Test,,freetv-fun-all.txt
[VGA]淘电影,https://t.freetv.fun/live/tao-dian-ying-2.m3u8,,,,,電影頻道,China,China,https://epg.pw/media/,Test,,freetv-fun-all.txt
[VGA]淘电影,https://t.freetv.fun/live/tao-dian-ying-3.m3u8,,,,,電影頻道,China,China,https://epg.pw/media/,Test,,freetv-fun-all.txt
[VGA]淘电影,https://t.freetv.fun/live/tao-dian-ying-4.m3u8,,,,,電影頻道,China,China,https://epg.pw/media/,Test,,freetv-fun-all.txt
[VGA]高清电影,https://t.freetv.fun/live/gao-qing-dian-ying.m3u8,,,,,電影頻道,China,China,https://epg.pw/media/,Test,,freetv-fun-all.txt
[VGA]高清电影,https://t.freetv.fun/live/gao-qing-dian-ying-1.m3u8,,,,,電影頻道,China,China,https://epg.pw/media/,Test,,freetv-fun-all.txt
[VGA]高清电影,https://t.freetv.fun/live/gao-qing-dian-ying-2.m3u8,,,,,電影頻道,China,China,https://epg.pw/media/,Test,,freetv-fun-all.txt
[VGA]爱电影,https://t.freetv.fun/live/ai-dian-ying.smil,,,,,電影頻道,China,China,https://epg.pw/media/,Test,,freetv-fun-all.txt
[VGA]青岛影视,https://t.freetv.fun/live/qing-dao-ying-shi.m3u8,,,,,青島影視,China,China,https://epg.pw/media/img/logo/3_236.jpg,Movies,,freetv-fun-all.txt
[VGA]青川新闻综合,https://t.freetv.fun/live/qing-chuan-xin-wen-zong-he-1.m3u8,,,,,青島新聞綜合,China,China,https://epg.pw/media/images/channel/2022/11/01/large/20221101010914571200_67.jpg,News,,freetv-fun-all.txt
[VGA]青岛新闻综合,https://t.freetv.fun/live/qing-dao-xin-wen-zong-he.m3u8,,,,,青島新聞綜合,China,China,https://epg.pw/media/img/logo/3_238.jpg,News,,freetv-fun-all.txt
[VGA]青岛生活服务,https://t.freetv.fun/live/qing-dao-sheng-huo-fu-wu.m3u8,,,,,青島生活服務,China,China,https://epg.pw/media/img/logo/3_237.jpg,Other,,freetv-fun-all.txt
[VGA]青岛都市,https://t.freetv.fun/live/qing-dao-du-shi.m3u8,,,,,青島都市,China,China,https://epg.pw/media/img/logo/3_234.jpg,Other,,freetv-fun-all.txt
[BD]韩国娱乐,https://t.freetv.fun/live/han-guo-yu-le.php,,,,,韓國娛樂臺,Korea,Korea,https://epg.pw/media/images/channel/2018/07/28/large/20180728224232081806_43.png,Entertainment,,freetv-fun-all.txt
[VGA]韩国娱乐,https://t.freetv.fun/live/han-guo-yu-le-1.php,,,,,韓國娛樂臺,Korea,Korea,https://epg.pw/media/images/channel/2018/07/28/large/20180728224232081806_43.png,Entertainment,,freetv-fun-all.txt
[VGA]韓國娛樂,https://t.freetv.fun/live/han-guo-yu-le-2.php,,,,,韓國娛樂臺,Korea,Korea,https://epg.pw/media/images/channel/2018/07/28/large/20180728224232081806_43.png,Entertainment,,freetv-fun-all.txt
[VGA]韓國娛樂,https://t.freetv.fun/live/han-guo-yu-le-1-1.m3u8,,,,,韓國娛樂臺,Korea,Korea,https://epg.pw/media/images/channel/2018/07/28/large/20180728224232081806_43.png,Entertainment,,freetv-fun-all.txt
[VGA]韓國娛樂,https://t.freetv.fun/live/han-guo-yu-le-2-1.m3u8,,,,,韓國娛樂臺,Korea,Korea,https://epg.pw/media/images/channel/2018/07/28/large/20180728224232081806_43.png,Entertainment,,freetv-fun-all.txt
[VGA]韓國娛樂,https://t.freetv.fun/live/han-guo-yu-le-3.m3u8,,,,,韓國娛樂臺,Korea,Korea,https://epg.pw/media/images/channel/2018/07/28/large/20180728224232081806_43.png,Entertainment,,freetv-fun-all.txt
[VGA]韓國娛樂,https://t.freetv.fun/live/han-guo-yu-le-4.m3u8,,,,,韓國娛樂臺,Korea,Korea,https://epg.pw/media/images/channel/2018/07/28/large/20180728224232081806_43.png,Entertainment,,freetv-fun-all.txt
[VGA]韓國娛樂,https://t.freetv.fun/live/han-guo-yu-le-5.m3u8,,,,,韓國娛樂臺,Korea,Korea,https://epg.pw/media/images/channel/2018/07/28/large/20180728224232081806_43.png,Entertainment,,freetv-fun-all.txt
[VGA]韓國娛樂,https://t.freetv.fun/live/han-guo-yu-le-6.m3u8,,,,,韓國娛樂臺,Korea,Korea,https://epg.pw/media/images/channel/2018/07/28/large/20180728224232081806_43.png,Entertainment,,freetv-fun-all.txt
[VGA]韓國娛樂,https://t.freetv.fun/live/han-guo-yu-le-7.m3u8,,,,,韓國娛樂臺,Korea,Korea,https://epg.pw/media/images/channel/2018/07/28/large/20180728224232081806_43.png,Entertainment,,freetv-fun-all.txt
[VGA]韓國娛樂,https://t.freetv.fun/live/han-guo-yu-le-8.m3u8,,,,,韓國娛樂臺,Korea,Korea,https://epg.pw/media/images/channel/2018/07/28/large/20180728224232081806_43.png,Entertainment,,freetv-fun-all.txt
[VGA]韓國娛樂,https://t.freetv.fun/live/han-guo-yu-le-9.m3u8,,,,,韓國娛樂臺,Korea,Korea,https://epg.pw/media/images/channel/2018/07/28/large/20180728224232081806_43.png,Entertainment,,freetv-fun-all.txt
[VGA]韓國娛樂,https://t.freetv.fun/live/han-guo-yu-le-10.m3u8,,,,,韓國娛樂臺,Korea,Korea,https://epg.pw/media/images/channel/2018/07/28/large/20180728224232081806_43.png,Entertainment,,freetv-fun-all.txt
[HD]韓國娛樂台kmtv,https://t.freetv.fun/live/han-guo-yu-le-tai-kmtv-1-3.m3u8,,,,,韓國娛樂臺,Korea,Korea,https://epg.pw/media/images/channel/2018/07/28/large/20180728224232081806_43.png,Entertainment,,freetv-fun-all.txt
[HD]韩国电影1,https://t.freetv.fun/live/han-guo-dian-ying-1.m3u8,,,,,韓國電影,Korea,Korea,https://epg.pw/media/img/logo/hanguodianying.jpg,Test,,freetv-fun-all.txt
[HD]韩国电影2,https://t.freetv.fun/live/han-guo-dian-ying-2.m3u8,,,,,韓國電影,Korea,Korea,https://epg.pw/media/,Test,,freetv-fun-all.txt
[VGA]韶关新闻综合,https://t.freetv.fun/live/shao-guan-xin-wen-zong-he.m3u8,,,,,韶關新聞綜合,China,China,https://epg.pw/media/images/channel/2023/07/20/large/20230720203001879121_48.png,News,,freetv-fun-all.txt
[VGA]韶关新闻综合,https://t.freetv.fun/live/shao-guan-xin-wen-zong-he-1.m3u8,,,,,韶關新聞綜合,China,China,https://epg.pw/media/images/channel/2023/07/20/large/20230720203001879121_48.png,News,,freetv-fun-all.txt
[VGA]韶关新闻综合,https://t.freetv.fun/live/shao-guan-xin-wen-zong-he-2.m3u8,,,,,韶關新聞綜合,China,China,https://epg.pw/media/images/channel/2023/07/20/large/20230720203001879121_48.png,News,,freetv-fun-all.txt
[VGA]韶关综合,https://t.freetv.fun/live/shao-guan-zong-he.m3u8,,,,,韶關新聞綜合,China,China,https://epg.pw/media/images/channel/2023/07/20/large/20230720203001879121_48.png,News,,freetv-fun-all.txt
[VGA]韶关综合,https://t.freetv.fun/live/shao-guan-zong-he-1.m3u8,,,,,韶關新聞綜合,China,China,https://epg.pw/media/images/channel/2023/07/20/large/20230720203001879121_48.png,News,,freetv-fun-all.txt
[VGA]香港国际财经台 fhd,https://t.freetv.fun/live/xiang-gang-guo-ji-cai-jing-tai-fhd.flv,,,,,香港國際財經台,Hong Kong,Hong Kong,https://epg.pw/media/images/channel/2023/07/24/large/20230724142304547275_40.png,News,,freetv-fun-all.txt
[VGA]HOY 76,https://t.freetv.fun/live/hoy-76.m3u8,,,,,香港國際財經台,Hong Kong,Hong Kong,https://epg.pw/media/images/channel/2023/07/24/large/20230724142304547275_40.png,News,,freetv-fun-all.txt
[VGA]国际财经,https://t.freetv.fun/live/guo-ji-cai-jing.php,,,,,香港國際財經臺,Hong Kong,Hong Kong,https://epg.pw/media/images/channel/2022/08/05/large/20220805201154003040_71.jpg,News,,freetv-fun-all.txt
[VGA]国际财经,https://t.freetv.fun/live/guo-ji-cai-jing-1.php,,,,,香港國際財經臺,Hong Kong,Hong Kong,https://epg.pw/media/images/channel/2022/08/05/large/20220805201154003040_71.jpg,News,,freetv-fun-all.txt
[HD]香港有线新闻,https://t.freetv.fun/live/xiang-gang-you-xian-xin-wen-2.m3u8,,,,,香港有線新聞臺,Hong Kong,Hong Kong,https://epg.pw/media/uploads/tmp_logo/2017/10/10/20171010210707310138_36.jpg,News,,freetv-fun-all.txt
[HD]香港有线新闻,https://t.freetv.fun/live/xiang-gang-you-xian-xin-wen-1-1.m3u,,,,,香港有線新聞臺,Hong Kong,Hong Kong,https://epg.pw/media/uploads/tmp_logo/2017/10/10/20171010210707310138_36.jpg,News,,freetv-fun-all.txt
[VGA]香港有线新闻,https://t.freetv.fun/live/xiang-gang-you-xian-xin-wen-2.php,,,,,香港有線新聞臺,Hong Kong,Hong Kong,https://epg.pw/media/uploads/tmp_logo/2017/10/10/20171010210707310138_36.jpg,News,,freetv-fun-all.txt
[VGA]香港有线新闻,https://t.freetv.fun/live/xiang-gang-you-xian-xin-wen-1-1.php,,,,,香港有線新聞臺,Hong Kong,Hong Kong,https://epg.pw/media/uploads/tmp_logo/2017/10/10/20171010210707310138_36.jpg,News,,freetv-fun-all.txt
[VGA]立法會直播,https://t.freetv.fun/live/li-fa-hui-zhi-bo.m3u8,,,,,香港立法會直播,Hong Kong,Hong Kong,https://epg.pw/media/images/channel/2022/03/18/large/20220318090946344542_71.png,News,,freetv-fun-all.txt
[VGA]香港卫视文旅,https://t.freetv.fun/live/xiang-gang-wei-shi-wen-lu.m3u8,,,,,香港衛視文旅臺,Hong Kong,Hong Kong,https://epg.pw/media/images/channel/2022/08/06/large/20220806001817500267_79.jpg,Generic,,freetv-fun-all.txt
[VGA]香港卫视,https://t.freetv.fun/live/xiang-gang-wei-shi-3-1.m3u8,,,,,香港衛視文藝臺,Hong Kong,Hong Kong,https://epg.pw/media/images/channel/2022/08/07/large/20220807225523257257_30.jpg,Entertainment,,freetv-fun-all.txt
[VGA]香港卫视,https://t.freetv.fun/live/xiang-gang-wei-shi-4-1.m3u8,,,,,香港衛視文藝臺,Hong Kong,Hong Kong,https://epg.pw/media/images/channel/2022/08/07/large/20220807225523257257_30.jpg,Entertainment,,freetv-fun-all.txt
[VGA]香港卫视,https://t.freetv.fun/live/xiang-gang-wei-shi-5-1.flv,,,,,香港衛視文藝臺,Hong Kong,Hong Kong,https://epg.pw/media/images/channel/2022/08/07/large/20220807225523257257_30.jpg,Entertainment,,freetv-fun-all.txt
[VGA]香港卫视,https://t.freetv.fun/live/xiang-gang-wei-shi-6.m3u8,,,,,香港衛視文藝臺,Hong Kong,Hong Kong,https://epg.pw/media/images/channel/2022/08/07/large/20220807225523257257_30.jpg,Entertainment,,freetv-fun-all.txt
[VGA]香港卫视,https://t.freetv.fun/live/xiang-gang-wei-shi-7.m3u8,,,,,香港衛視文藝臺,Hong Kong,Hong Kong,https://epg.pw/media/images/channel/2022/08/07/large/20220807225523257257_30.jpg,Entertainment,,freetv-fun-all.txt
[VGA]香港卫视,https://t.freetv.fun/live/xiang-gang-wei-shi-8.m3u8,,,,,香港衛視文藝臺,Hong Kong,Hong Kong,https://epg.pw/media/images/channel/2022/08/07/large/20220807225523257257_30.jpg,Entertainment,,freetv-fun-all.txt
[VGA]香港卫视,https://t.freetv.fun/live/xiang-gang-wei-shi-9.flv,,,,,香港衛視文藝臺,Hong Kong,Hong Kong,https://epg.pw/media/images/channel/2022/08/07/large/20220807225523257257_30.jpg,Entertainment,,freetv-fun-all.txt
[VGA]香港卫视,https://t.freetv.fun/live/xiang-gang-wei-shi-11.m3u8,,,,,香港衛視文藝臺,Hong Kong,Hong Kong,https://epg.pw/media/images/channel/2022/08/07/large/20220807225523257257_30.jpg,Entertainment,,freetv-fun-all.txt
[SD]香港電台,https://t.freetv.fun/live/xiang-gang-dian-tai-34.m3u8,,,,,香港電臺,Hong Kong,Hong Kong,https://epg.pw/media/images/channel/2022/08/06/large/20220806140520886327_26.jpg,Generic,,freetv-fun-all.txt
[SD]香港電台,https://t.freetv.fun/live/xiang-gang-dian-tai-34-1.m3u8,,,,,香港電臺,Hong Kong,Hong Kong,https://epg.pw/media/images/channel/2022/08/06/large/20220806140520886327_26.jpg,Generic,,freetv-fun-all.txt
[VGA]凤凰美洲,https://t.freetv.fun/live/feng-huang-mei-zhou.m3u8,,,,,鳳凰美洲,Hong Kong,Hong Kong,https://epg.pw/media/images/channel/2022/05/14/large/20220514000448941322_96.jpg,News,,freetv-fun-all.txt
[VGA]凤凰卫视,https://t.freetv.fun/live/feng-huang-wei-shi-6.php,,,,368343,鳳凰衛視FHD,Hong Kong,Hong Kong,https://epg.pw/media/images/channel/2024/06/10/large/20240610235948618467_91.png,Generic,,freetv-fun-all.txt
[VGA]凤凰卫视,https://t.freetv.fun/live/feng-huang-wei-shi-7.m3u8,,,,368343,鳳凰衛視FHD,Hong Kong,Hong Kong,https://epg.pw/media/images/channel/2024/06/10/large/20240610235948618467_91.png,Generic,,freetv-fun-all.txt
[VGA]鳳凰衛視香港,https://t.freetv.fun/live/feng-huang-wei-shi-xiang-gang-1-1.m3u8,,,,368343,鳳凰衛視FHD,Hong Kong,Hong Kong,https://epg.pw/media/images/channel/2024/06/10/large/20240610235948618467_91.png,Generic,,freetv-fun-all.txt
[VGA]-鳳凰衛視香港,https://t.freetv.fun/live/feng-huang-wei-shi-xiang-gang-2.m3u8,,,,368343,鳳凰衛視FHD,Hong Kong,Hong Kong,https://epg.pw/media/images/channel/2024/06/10/large/20240610235948618467_91.png,Generic,,freetv-fun-all.txt
[VGA]鳳凰衛視香港,https://t.freetv.fun/live/feng-huang-wei-shi-xiang-gang-2-1.m3u8,,,,368343,鳳凰衛視FHD,Hong Kong,Hong Kong,https://epg.pw/media/images/channel/2024/06/10/large/20240610235948618467_91.png,Generic,,freetv-fun-all.txt
[VGA]鳳凰衛視香港,https://t.freetv.fun/live/feng-huang-wei-shi-xiang-gang-3.m3u8,,,,368343,鳳凰衛視FHD,Hong Kong,Hong Kong,https://epg.pw/media/images/channel/2024/06/10/large/20240610235948618467_91.png,Generic,,freetv-fun-all.txt
[VGA]鳳凰衛視香港,https://t.freetv.fun/live/feng-huang-wei-shi-xiang-gang-4.m3u8,,,,368343,鳳凰衛視FHD,Hong Kong,Hong Kong,https://epg.pw/media/images/channel/2024/06/10/large/20240610235948618467_91.png,Generic,,freetv-fun-all.txt
[VGA]凤凰卫视 高清,https://t.freetv.fun/live/feng-huang-wei-shi-gao-qing.php,,,,368343,鳳凰衛視FHD,Hong Kong,Hong Kong,https://epg.pw/media/images/channel/2024/06/10/large/20240610235948618467_91.png,Generic,,freetv-fun-all.txt
[VGA]凤凰卫视香港,https://t.freetv.fun/live/feng-huang-wei-shi-xiang-gang-5.m3u8,,,,368343,鳳凰衛視FHD,Hong Kong,Hong Kong,https://epg.pw/media/images/channel/2024/06/10/large/20240610235948618467_91.png,Generic,,freetv-fun-all.txt
[VGA]凤凰卫视香港,https://t.freetv.fun/live/feng-huang-wei-shi-xiang-gang-1-2.php,,,,368343,鳳凰衛視FHD,Hong Kong,Hong Kong,https://epg.pw/media/images/channel/2024/06/10/large/20240610235948618467_91.png,Generic,,freetv-fun-all.txt
[VGA]凤凰卫视香港,https://t.freetv.fun/live/feng-huang-wei-shi-xiang-gang-2-2.php,,,,368343,鳳凰衛視FHD,Hong Kong,Hong Kong,https://epg.pw/media/images/channel/2024/06/10/large/20240610235948618467_91.png,Generic,,freetv-fun-all.txt
[VGA]鳳凰衛視電影台,https://t.freetv.fun/live/feng-huang-wei-shi-dian-ying-tai-2.ts,,,,368343,鳳凰衛視FHD,Hong Kong,Hong Kong,https://epg.pw/media/images/channel/2024/06/10/large/20240610235948618467_91.png,Generic,,freetv-fun-all.txt
[VGA]鳳凰衛視,https://t.freetv.fun/live/feng-huang-wei-shi-2.ts,,,,368343,鳳凰衛視FHD,Hong Kong,Hong Kong,https://epg.pw/media/images/channel/2024/06/10/large/20240610235948618467_91.png,Generic,,freetv-fun-all.txt
[VGA]鳳凰衛視電影台,https://t.freetv.fun/live/feng-huang-wei-shi-dian-ying-tai-1-1.ts,,,,368343,鳳凰衛視FHD,Hong Kong,Hong Kong,https://epg.pw/media/images/channel/2024/06/10/large/20240610235948618467_91.png,Generic,,freetv-fun-all.txt
[VGA]鳳凰衛視,https://t.freetv.fun/live/feng-huang-wei-shi-1-1.ts,,,,368343,鳳凰衛視FHD,Hong Kong,Hong Kong,https://epg.pw/media/images/channel/2024/06/10/large/20240610235948618467_91.png,Generic,,freetv-fun-all.txt
[BD]凤凰中文,https://t.freetv.fun/live/feng-huang-zhong-wen-1.smil,,,,368338,鳳凰衛視中文,Hong Kong,Hong Kong,https://epg.pw/media/images/channel/2025/01/28/large/20250128061049622730_55.png,Generic,,freetv-fun-all.txt
[VGA]凤凰卫视 香港,https://t.freetv.fun/live/feng-huang-wei-shi-xiang-gang.php,,,,368338,鳳凰衛視中文,Hong Kong,Hong Kong,https://epg.pw/media/images/channel/2025/01/28/large/20250128061049622730_55.png,Generic,,freetv-fun-all.txt
[VGA]凤凰卫视 资讯,https://t.freetv.fun/live/feng-huang-wei-shi-zi-xun.php,,,,368338,鳳凰衛視中文,Hong Kong,Hong Kong,https://epg.pw/media/images/channel/2025/01/28/large/20250128061049622730_55.png,Generic,,freetv-fun-all.txt
[VGA]凤凰卫视 中文,https://t.freetv.fun/live/feng-huang-wei-shi-zhong-wen.php,,,,368338,鳳凰衛視中文,Hong Kong,Hong Kong,https://epg.pw/media/images/channel/2025/01/28/large/20250128061049622730_55.png,Generic,,freetv-fun-all.txt
[SD]凤凰中文,https://t.freetv.fun/live/feng-huang-zhong-wen-1.m3u8,,,,368338,鳳凰衛視中文,Hong Kong,Hong Kong,https://epg.pw/media/images/channel/2025/01/28/large/20250128061049622730_55.png,Generic,,freetv-fun-all.txt
[VGA]凤凰卫视,https://t.freetv.fun/live/feng-huang-wei-shi-1.m3u8,,,,368338,鳳凰衛視中文,Hong Kong,Hong Kong,https://epg.pw/media/images/channel/2025/01/28/large/20250128061049622730_55.png,Generic,,freetv-fun-all.txt
[VGA]凤凰中文,https://t.freetv.fun/live/feng-huang-zhong-wen-1-1.php,,,,368338,鳳凰衛視中文,Hong Kong,Hong Kong,https://epg.pw/media/images/channel/2025/01/28/large/20250128061049622730_55.png,Generic,,freetv-fun-all.txt
[VGA]凤凰中文,https://t.freetv.fun/live/feng-huang-zhong-wen-2.m3u8,,,,368338,鳳凰衛視中文,Hong Kong,Hong Kong,https://epg.pw/media/images/channel/2025/01/28/large/20250128061049622730_55.png,Generic,,freetv-fun-all.txt
[VGA]凤凰中文,https://t.freetv.fun/live/feng-huang-zhong-wen-3.m3u8,,,,368338,鳳凰衛視中文,Hong Kong,Hong Kong,https://epg.pw/media/images/channel/2025/01/28/large/20250128061049622730_55.png,Generic,,freetv-fun-all.txt
[VGA]凤凰中文,https://t.freetv.fun/live/feng-huang-zhong-wen-5.m3u8,,,,368338,鳳凰衛視中文,Hong Kong,Hong Kong,https://epg.pw/media/images/channel/2025/01/28/large/20250128061049622730_55.png,Generic,,freetv-fun-all.txt
[VGA]凤凰中文,https://t.freetv.fun/live/feng-huang-zhong-wen-6.m3u8,,,,368338,鳳凰衛視中文,Hong Kong,Hong Kong,https://epg.pw/media/images/channel/2025/01/28/large/20250128061049622730_55.png,Generic,,freetv-fun-all.txt
[VGA]凤凰中文,https://t.freetv.fun/live/feng-huang-zhong-wen-7.m3u8,,,,368338,鳳凰衛視中文,Hong Kong,Hong Kong,https://epg.pw/media/images/channel/2025/01/28/large/20250128061049622730_55.png,Generic,,freetv-fun-all.txt
[VGA]凤凰中文,https://t.freetv.fun/live/feng-huang-zhong-wen-8.m3u8,,,,368338,鳳凰衛視中文,Hong Kong,Hong Kong,https://epg.pw/media/images/channel/2025/01/28/large/20250128061049622730_55.png,Generic,,freetv-fun-all.txt
[BD]凤凰中文,https://t.freetv.fun/live/feng-huang-zhong-wen-9.php,,,,368338,鳳凰衛視中文,Hong Kong,Hong Kong,https://epg.pw/media/images/channel/2025/01/28/large/20250128061049622730_55.png,Generic,,freetv-fun-all.txt
[BD]凤凰中文,https://t.freetv.fun/live/feng-huang-zhong-wen-10.php,,,,368338,鳳凰衛視中文,Hong Kong,Hong Kong,https://epg.pw/media/images/channel/2025/01/28/large/20250128061049622730_55.png,Generic,,freetv-fun-all.txt
[VGA]卫视中文,https://t.freetv.fun/live/wei-shi-zhong-wen.php,,,,368338,鳳凰衛視中文,Hong Kong,Hong Kong,https://epg.pw/media/images/channel/2025/01/28/large/20250128061049622730_55.png,Generic,,freetv-fun-all.txt
[VGA]鳳凰衛視中文,https://t.freetv.fun/live/feng-huang-wei-shi-zhong-wen-1.m3u8,,,,368338,鳳凰衛視中文,Hong Kong,Hong Kong,https://epg.pw/media/images/channel/2025/01/28/large/20250128061049622730_55.png,Generic,,freetv-fun-all.txt
[VGA]凤凰卫视中文,https://t.freetv.fun/live/feng-huang-wei-shi-zhong-wen-2.m3u8,,,,368338,鳳凰衛視中文,Hong Kong,Hong Kong,https://epg.pw/media/images/channel/2025/01/28/large/20250128061049622730_55.png,Generic,,freetv-fun-all.txt
[VGA]鳳凰衛視中文,https://t.freetv.fun/live/feng-huang-wei-shi-zhong-wen-1-1.m3u8,,,,368338,鳳凰衛視中文,Hong Kong,Hong Kong,https://epg.pw/media/images/channel/2025/01/28/large/20250128061049622730_55.png,Generic,,freetv-fun-all.txt
[VGA]鳳凰衛視中文,https://t.freetv.fun/live/feng-huang-wei-shi-zhong-wen-2-1.m3u8,,,,368338,鳳凰衛視中文,Hong Kong,Hong Kong,https://epg.pw/media/images/channel/2025/01/28/large/20250128061049622730_55.png,Generic,,freetv-fun-all.txt
[VGA]凤凰卫视中文,https://t.freetv.fun/live/feng-huang-wei-shi-zhong-wen-1-2.m3u8,,,,368338,鳳凰衛視中文,Hong Kong,Hong Kong,https://epg.pw/media/images/channel/2025/01/28/large/20250128061049622730_55.png,Generic,,freetv-fun-all.txt
[VGA]凤凰卫视中文,https://t.freetv.fun/live/feng-huang-wei-shi-zhong-wen-2-2.m3u8,,,,368338,鳳凰衛視中文,Hong Kong,Hong Kong,https://epg.pw/media/images/channel/2025/01/28/large/20250128061049622730_55.png,Generic,,freetv-fun-all.txt
[BD]鳳凰中文,https://t.freetv.fun/live/feng-huang-zhong-wen-4.php,,,,368338,鳳凰衛視中文,Hong Kong,Hong Kong,https://epg.pw/media/images/channel/2025/01/28/large/20250128061049622730_55.png,Generic,,freetv-fun-all.txt
[VGA]-凤凰中文,https://t.freetv.fun/live/feng-huang-zhong-wen-11.flv,,,,368338,鳳凰衛視中文,Hong Kong,Hong Kong,https://epg.pw/media/images/channel/2025/01/28/large/20250128061049622730_55.png,Generic,,freetv-fun-all.txt
[VGA]凤凰卫视中文,https://t.freetv.fun/live/feng-huang-wei-shi-zhong-wen-3.m3u8,,,,368338,鳳凰衛視中文,Hong Kong,Hong Kong,https://epg.pw/media/images/channel/2025/01/28/large/20250128061049622730_55.png,Generic,,freetv-fun-all.txt
[VGA]-凤凰中文,https://t.freetv.fun/live/feng-huang-zhong-wen-1-2.m3u8,,,,368338,鳳凰衛視中文,Hong Kong,Hong Kong,https://epg.pw/media/images/channel/2025/01/28/large/20250128061049622730_55.png,Generic,,freetv-fun-all.txt
[VGA]凤凰中文sd,https://t.freetv.fun/live/feng-huang-zhong-wen-sd.php,,,,368338,鳳凰衛視中文,Hong Kong,Hong Kong,https://epg.pw/media/images/channel/2025/01/28/large/20250128061049622730_55.png,Generic,,freetv-fun-all.txt
[VGA]鳯凰衛視中文,https://t.freetv.fun/live/feng-huang-wei-shi-zhong-wen-4.php,,,,368338,鳳凰衛視中文,Hong Kong,Hong Kong,https://epg.pw/media/images/channel/2025/01/28/large/20250128061049622730_55.png,Generic,,freetv-fun-all.txt
[VGA]鳯凰衛視中文,https://t.freetv.fun/live/feng-huang-wei-shi-zhong-wen-1-3.php,,,,368338,鳳凰衛視中文,Hong Kong,Hong Kong,https://epg.pw/media/images/channel/2025/01/28/large/20250128061049622730_55.png,Generic,,freetv-fun-all.txt
[VGA]鳯凰衛視中文,https://t.freetv.fun/live/feng-huang-wei-shi-zhong-wen-2-3.php,,,,368338,鳳凰衛視中文,Hong Kong,Hong Kong,https://epg.pw/media/images/channel/2025/01/28/large/20250128061049622730_55.png,Generic,,freetv-fun-all.txt
[VGA]鳯凰衛視中文,https://t.freetv.fun/live/feng-huang-wei-shi-zhong-wen-3-1.php,,,,368338,鳳凰衛視中文,Hong Kong,Hong Kong,https://epg.pw/media/images/channel/2025/01/28/large/20250128061049622730_55.png,Generic,,freetv-fun-all.txt
[VGA]凤凰中文 *sg,https://t.freetv.fun/live/feng-huang-zhong-wen-sg.m3u8,,,,368338,鳳凰衛視中文,Hong Kong,Hong Kong,https://epg.pw/media/images/channel/2025/01/28/large/20250128061049622730_55.png,Generic,,freetv-fun-all.txt
[BD]鳳凰中文,https://t.freetv.fun/live/feng-huang-zhong-wen-1-3.php,,,,368338,鳳凰衛視中文,Hong Kong,Hong Kong,https://epg.pw/media/images/channel/2025/01/28/large/20250128061049622730_55.png,Generic,,freetv-fun-all.txt
[VGA]凤凰卫视美洲,https://t.freetv.fun/live/feng-huang-wei-shi-mei-zhou.ts,,,,,鳳凰衛視澳洲臺,Other,Other,https://epg.pw/media/img/logo/3_350.jpg,Generic,,freetv-fun-all.txt
[VGA]凤凰卫视美洲,https://t.freetv.fun/live/feng-huang-wei-shi-mei-zhou-1.ts,,,,,鳳凰衛視澳洲臺,Other,Other,https://epg.pw/media/img/logo/3_350.jpg,Generic,,freetv-fun-all.txt
[VGA]鳳凰衛視美洲,https://t.freetv.fun/live/feng-huang-wei-shi-mei-zhou-2.m3u8,,,,,鳳凰衛視澳洲臺,Other,Other,https://epg.pw/media/img/logo/3_350.jpg,Generic,,freetv-fun-all.txt
[SD]凤凰资讯,https://t.freetv.fun/live/feng-huang-zi-xun-1.m3u8,,,,,鳳凰資訊HD,Hong Kong,Hong Kong,https://epg.pw/media/images/channel/2023/07/23/large/20230723140505929891_55.png,News,,freetv-fun-all.txt
[VGA]凤凰资讯,https://t.freetv.fun/live/feng-huang-zi-xun-2.m3u8,,,,,鳳凰資訊HD,Hong Kong,Hong Kong,https://epg.pw/media/images/channel/2023/07/23/large/20230723140505929891_55.png,News,,freetv-fun-all.txt
[VGA]凤凰资讯,https://t.freetv.fun/live/feng-huang-zi-xun-4.flv,,,,,鳳凰資訊HD,Hong Kong,Hong Kong,https://epg.pw/media/images/channel/2023/07/23/large/20230723140505929891_55.png,News,,freetv-fun-all.txt
[VGA]凤凰资讯,https://t.freetv.fun/live/feng-huang-zi-xun-5.m3u8,,,,,鳳凰資訊HD,Hong Kong,Hong Kong,https://epg.pw/media/images/channel/2023/07/23/large/20230723140505929891_55.png,News,,freetv-fun-all.txt
[VGA]凤凰资讯,https://t.freetv.fun/live/feng-huang-zi-xun-6.php,,,,,鳳凰資訊HD,Hong Kong,Hong Kong,https://epg.pw/media/images/channel/2023/07/23/large/20230723140505929891_55.png,News,,freetv-fun-all.txt
[VGA]凤凰资讯,https://t.freetv.fun/live/feng-huang-zi-xun-7.m3u8,,,,,鳳凰資訊HD,Hong Kong,Hong Kong,https://epg.pw/media/images/channel/2023/07/23/large/20230723140505929891_55.png,News,,freetv-fun-all.txt
[VGA]凤凰资讯,https://t.freetv.fun/live/feng-huang-zi-xun-8.m3u8,,,,,鳳凰資訊HD,Hong Kong,Hong Kong,https://epg.pw/media/images/channel/2023/07/23/large/20230723140505929891_55.png,News,,freetv-fun-all.txt
[VGA]凤凰资讯,https://t.freetv.fun/live/feng-huang-zi-xun-9.m3u8,,,,,鳳凰資訊HD,Hong Kong,Hong Kong,https://epg.pw/media/images/channel/2023/07/23/large/20230723140505929891_55.png,News,,freetv-fun-all.txt
[VGA]凤凰资讯,https://t.freetv.fun/live/feng-huang-zi-xun-10.m3u8,,,,,鳳凰資訊HD,Hong Kong,Hong Kong,https://epg.pw/media/images/channel/2023/07/23/large/20230723140505929891_55.png,News,,freetv-fun-all.txt
[VGA]鳳凰衛視資訊,https://t.freetv.fun/live/feng-huang-wei-shi-zi-xun-1.m3u8,,,,,鳳凰資訊HD,Hong Kong,Hong Kong,https://epg.pw/media/images/channel/2023/07/23/large/20230723140505929891_55.png,News,,freetv-fun-all.txt
[VGA]鳳凰衛視資訊,https://t.freetv.fun/live/feng-huang-wei-shi-zi-xun-1-1.m3u8,,,,,鳳凰資訊HD,Hong Kong,Hong Kong,https://epg.pw/media/images/channel/2023/07/23/large/20230723140505929891_55.png,News,,freetv-fun-all.txt
[VGA]鳳凰衛視資訊,https://t.freetv.fun/live/feng-huang-wei-shi-zi-xun-2.m3u8,,,,,鳳凰資訊HD,Hong Kong,Hong Kong,https://epg.pw/media/images/channel/2023/07/23/large/20230723140505929891_55.png,News,,freetv-fun-all.txt
[VGA]鳳凰衛視資訊,https://t.freetv.fun/live/feng-huang-wei-shi-zi-xun-3.m3u8,,,,,鳳凰資訊HD,Hong Kong,Hong Kong,https://epg.pw/media/images/channel/2023/07/23/large/20230723140505929891_55.png,News,,freetv-fun-all.txt
[VGA]凤凰资讯 高清,https://t.freetv.fun/live/feng-huang-zi-xun-gao-qing.php,,,,,鳳凰資訊HD,Hong Kong,Hong Kong,https://epg.pw/media/images/channel/2023/07/23/large/20230723140505929891_55.png,News,,freetv-fun-all.txt
[VGA]凤凰卫视资讯,https://t.freetv.fun/live/feng-huang-wei-shi-zi-xun-4.m3u8,,,,,鳳凰資訊HD,Hong Kong,Hong Kong,https://epg.pw/media/images/channel/2023/07/23/large/20230723140505929891_55.png,News,,freetv-fun-all.txt
[VGA]凤凰卫视资讯,https://t.freetv.fun/live/feng-huang-wei-shi-zi-xun-1-2.m3u8,,,,,鳳凰資訊HD,Hong Kong,Hong Kong,https://epg.pw/media/images/channel/2023/07/23/large/20230723140505929891_55.png,News,,freetv-fun-all.txt
[BD]鳳凰資訊,https://t.freetv.fun/live/feng-huang-zi-xun-3.m3u8,,,,,鳳凰資訊HD,Hong Kong,Hong Kong,https://epg.pw/media/images/channel/2023/07/23/large/20230723140505929891_55.png,News,,freetv-fun-all.txt
[VGA]-凤凰资讯,https://t.freetv.fun/live/feng-huang-zi-xun-11.m3u8,,,,,鳳凰資訊HD,Hong Kong,Hong Kong,https://epg.pw/media/images/channel/2023/07/23/large/20230723140505929891_55.png,News,,freetv-fun-all.txt
[VGA]凤凰卫视资讯,https://t.freetv.fun/live/feng-huang-wei-shi-zi-xun-2-1.m3u8,,,,,鳳凰資訊HD,Hong Kong,Hong Kong,https://epg.pw/media/images/channel/2023/07/23/large/20230723140505929891_55.png,News,,freetv-fun-all.txt
[VGA]凤凰资讯sd,https://t.freetv.fun/live/feng-huang-zi-xun-sd.php,,,,,鳳凰資訊HD,Hong Kong,Hong Kong,https://epg.pw/media/images/channel/2023/07/23/large/20230723140505929891_55.png,News,,freetv-fun-all.txt
[BD]凤凰资讯,https://t.freetv.fun/live/feng-huang-zi-xun-11-1.php,,,,,鳳凰資訊HD,Hong Kong,Hong Kong,https://epg.pw/media/images/channel/2023/07/23/large/20230723140505929891_55.png,News,,freetv-fun-all.txt
[VGA]鳳凰資訊,https://t.freetv.fun/live/feng-huang-zi-xun-1-2.ts,,,,,鳳凰資訊HD,Hong Kong,Hong Kong,https://epg.pw/media/images/channel/2023/07/23/large/20230723140505929891_55.png,News,,freetv-fun-all.txt
[VGA]凤凰电影,https://t.freetv.fun/live/feng-huang-dian-ying-1.m3u8,,,,,鳳凰電影,Hong Kong,Hong Kong,https://epg.pw/media/images/channel/2022/02/26/large/20220226170707446242_18.png,Movies,,freetv-fun-all.txt
[SD]凤凰电影,https://t.freetv.fun/live/feng-huang-dian-ying-1.ts,,,,,鳳凰電影,Hong Kong,Hong Kong,https://epg.pw/media/images/channel/2022/02/26/large/20220226170707446242_18.png,Movies,,freetv-fun-all.txt
[BD]凤凰卫视电影台,https://t.freetv.fun/live/feng-huang-wei-shi-dian-ying-tai-1.ts,,,,,鳳凰電影,Hong Kong,Hong Kong,https://epg.pw/media/images/channel/2022/02/26/large/20220226170707446242_18.png,Movies,,freetv-fun-all.txt
[VGA]凤凰电影,https://t.freetv.fun/live/feng-huang-dian-ying-1-1.ts,,,,,鳳凰電影,Hong Kong,Hong Kong,https://epg.pw/media/images/channel/2022/02/26/large/20220226170707446242_18.png,Movies,,freetv-fun-all.txt
[VGA]凤凰电影,https://t.freetv.fun/live/feng-huang-dian-ying-2.m3u8,,,,,鳳凰電影,Hong Kong,Hong Kong,https://epg.pw/media/images/channel/2022/02/26/large/20220226170707446242_18.png,Movies,,freetv-fun-all.txt
[VGA]凤凰香港,https://t.freetv.fun/live/feng-huang-xiang-gang-14.m3u8,,,,,鳳凰香港,Hong Kong,Hong Kong,https://epg.pw/media/images/channel/2023/07/20/large/20230720101153992346_85.png,Generic,,freetv-fun-all.txt
[VGA]凤凰香港 hd,https://t.freetv.fun/live/feng-huang-xiang-gang-hd.flv,,,,,鳳凰香港,Hong Kong,Hong Kong,https://epg.pw/media/images/channel/2023/07/20/large/20230720101153992346_85.png,Generic,,freetv-fun-all.txt
[VGA]鳳凰香港,https://t.freetv.fun/live/feng-huang-xiang-gang-13.m3u8,,,,,鳳凰香港,Hong Kong,Hong Kong,https://epg.pw/media/images/channel/2023/07/20/large/20230720101153992346_85.png,Generic,,freetv-fun-all.txt
[VGA]凤凰香港,https://t.freetv.fun/live/feng-huang-xiang-gang-14.php,,,,,鳳凰香港,Hong Kong,Hong Kong,https://epg.pw/media/images/channel/2023/07/20/large/20230720101153992346_85.png,Generic,,freetv-fun-all.txt
[VGA]凤凰香港,https://t.freetv.fun/live/feng-huang-xiang-gang-1-1.php,,,,,鳳凰香港,Hong Kong,Hong Kong,https://epg.pw/media/images/channel/2023/07/20/large/20230720101153992346_85.png,Generic,,freetv-fun-all.txt
[VGA]凤凰香港,https://t.freetv.fun/live/feng-huang-xiang-gang-2-1.m3u8,,,,,鳳凰香港,Hong Kong,Hong Kong,https://epg.pw/media/images/channel/2023/07/20/large/20230720101153992346_85.png,Generic,,freetv-fun-all.txt
[VGA]凤凰香港,https://t.freetv.fun/live/feng-huang-xiang-gang-3-1.m3u8,,,,,鳳凰香港,Hong Kong,Hong Kong,https://epg.pw/media/images/channel/2023/07/20/large/20230720101153992346_85.png,Generic,,freetv-fun-all.txt
[VGA]凤凰香港,https://t.freetv.fun/live/feng-huang-xiang-gang-4-1.m3u8,,,,,鳳凰香港,Hong Kong,Hong Kong,https://epg.pw/media/images/channel/2023/07/20/large/20230720101153992346_85.png,Generic,,freetv-fun-all.txt
[VGA]凤凰香港,https://t.freetv.fun/live/feng-huang-xiang-gang-5.php,,,,,鳳凰香港,Hong Kong,Hong Kong,https://epg.pw/media/images/channel/2023/07/20/large/20230720101153992346_85.png,Generic,,freetv-fun-all.txt
[VGA]凤凰香港,https://t.freetv.fun/live/feng-huang-xiang-gang-6.m3u8,,,,,鳳凰香港,Hong Kong,Hong Kong,https://epg.pw/media/images/channel/2023/07/20/large/20230720101153992346_85.png,Generic,,freetv-fun-all.txt
[VGA]凤凰香港,https://t.freetv.fun/live/feng-huang-xiang-gang-7.m3u8,,,,,鳳凰香港,Hong Kong,Hong Kong,https://epg.pw/media/images/channel/2023/07/20/large/20230720101153992346_85.png,Generic,,freetv-fun-all.txt
[HD]凤凰香港,https://t.freetv.fun/live/feng-huang-xiang-gang-8.php,,,,,鳳凰香港,Hong Kong,Hong Kong,https://epg.pw/media/images/channel/2023/07/20/large/20230720101153992346_85.png,Generic,,freetv-fun-all.txt
[VGA]凤凰香港,https://t.freetv.fun/live/feng-huang-xiang-gang-9.m3u8,,,,,鳳凰香港,Hong Kong,Hong Kong,https://epg.pw/media/images/channel/2023/07/20/large/20230720101153992346_85.png,Generic,,freetv-fun-all.txt
[VGA]凤凰香港,https://t.freetv.fun/live/feng-huang-xiang-gang-10.flv,,,,,鳳凰香港,Hong Kong,Hong Kong,https://epg.pw/media/images/channel/2023/07/20/large/20230720101153992346_85.png,Generic,,freetv-fun-all.txt
[VGA]凤凰香港,https://t.freetv.fun/live/feng-huang-xiang-gang-11.m3u8,,,,,鳳凰香港,Hong Kong,Hong Kong,https://epg.pw/media/images/channel/2023/07/20/large/20230720101153992346_85.png,Generic,,freetv-fun-all.txt
[VGA]凤凰香港,https://t.freetv.fun/live/feng-huang-xiang-gang-12.m3u8,,,,,鳳凰香港,Hong Kong,Hong Kong,https://epg.pw/media/images/channel/2023/07/20/large/20230720101153992346_85.png,Generic,,freetv-fun-all.txt
[VGA]鳳凰衛視香港,https://t.freetv.fun/live/feng-huang-wei-shi-xiang-gang-1.m3u8,,,,,鳳凰香港,Hong Kong,Hong Kong,https://epg.pw/media/images/channel/2023/07/20/large/20230720101153992346_85.png,Generic,,freetv-fun-all.txt
[VGA]凤凰香港 高清,https://t.freetv.fun/live/feng-huang-xiang-gang-gao-qing.php,,,,,鳳凰香港,Hong Kong,Hong Kong,https://epg.pw/media/images/channel/2023/07/20/large/20230720101153992346_85.png,Generic,,freetv-fun-all.txt
[VGA]鳳凰香港,https://t.freetv.fun/live/feng-huang-xiang-gang-1-2.m3u8,,,,,鳳凰香港,Hong Kong,Hong Kong,https://epg.pw/media/images/channel/2023/07/20/large/20230720101153992346_85.png,Generic,,freetv-fun-all.txt
[VGA]-凤凰香港,https://t.freetv.fun/live/feng-huang-xiang-gang-15.m3u8,,,,,鳳凰香港,Hong Kong,Hong Kong,https://epg.pw/media/images/channel/2023/07/20/large/20230720101153992346_85.png,Generic,,freetv-fun-all.txt
[VGA]凤凰香港sd,https://t.freetv.fun/live/feng-huang-xiang-gang-sd.php,,,,,鳳凰香港,Hong Kong,Hong Kong,https://epg.pw/media/images/channel/2023/07/20/large/20230720101153992346_85.png,Generic,,freetv-fun-all.txt
[VGA]凤凰香港,https://t.freetv.fun/live/feng-huang-xiang-gang-13-1.m3u8,,,,,鳳凰香港,Hong Kong,Hong Kong,https://epg.pw/media/images/channel/2023/07/20/large/20230720101153992346_85.png,Generic,,freetv-fun-all.txt
[VGA]凤凰香港 *sg,https://t.freetv.fun/live/feng-huang-xiang-gang-sg.m3u8,,,,,鳳凰香港,Hong Kong,Hong Kong,https://epg.pw/media/images/channel/2023/07/20/large/20230720101153992346_85.png,Generic,,freetv-fun-all.txt
[VGA]盐城城市公共,https://t.freetv.fun/live/yan-cheng-cheng-shi-gong-gong.m3u8,,,,,鹽城公共,China,China,https://epg.pw/media/images/channel/2022/05/31/large/20220531231457537225_32.jpg,Generic,,freetv-fun-all.txt
[BD]任城新闻综合,https://t.freetv.fun/live/ren-cheng-xin-wen-zong-he.php,,,,,鹽城新聞綜合,China,China,https://epg.pw/media/images/channel/2022/05/31/large/20220531231343728219_21.jpg,News,,freetv-fun-all.txt
[VGA]诸城新闻综合,https://t.freetv.fun/live/zhu-cheng-xin-wen-zong-he.php,,,,,鹽城新聞綜合,China,China,https://epg.pw/media/images/channel/2022/05/31/large/20220531231343728219_21.jpg,News,,freetv-fun-all.txt
[VGA]盐城新闻综合,https://t.freetv.fun/live/yan-cheng-xin-wen-zong-he.php,,,,,鹽城新聞綜合,China,China,https://epg.pw/media/images/channel/2022/05/31/large/20220531231343728219_21.jpg,News,,freetv-fun-all.txt
[VGA]盐城新闻综合,https://t.freetv.fun/live/yan-cheng-xin-wen-zong-he-1.php,,,,,鹽城新聞綜合,China,China,https://epg.pw/media/images/channel/2022/05/31/large/20220531231343728219_21.jpg,News,,freetv-fun-all.txt
[BD]盐城新闻综合,https://t.freetv.fun/live/yan-cheng-xin-wen-zong-he-2.m3u8,,,,,鹽城新聞綜合,China,China,https://epg.pw/media/images/channel/2022/05/31/large/20220531231343728219_21.jpg,News,,freetv-fun-all.txt
[BD]盐城新闻综合,https://t.freetv.fun/live/yan-cheng-xin-wen-zong-he-3.m3u8,,,,,鹽城新聞綜合,China,China,https://epg.pw/media/images/channel/2022/05/31/large/20220531231343728219_21.jpg,News,,freetv-fun-all.txt
[BD]盐城新闻综合,https://t.freetv.fun/live/yan-cheng-xin-wen-zong-he-4.m3u8,,,,,鹽城新聞綜合,China,China,https://epg.pw/media/images/channel/2022/05/31/large/20220531231343728219_21.jpg,News,,freetv-fun-all.txt
[VGA]盐城法制生活,https://t.freetv.fun/live/yan-cheng-fa-zhi-sheng-huo.m3u8,,,,,鹽城法制生活,China,China,https://epg.pw/media/images/channel/2022/05/31/large/20220531231711236799_28.jpg,Generic,,freetv-fun-all.txt
[VGA]丽水公共,https://t.freetv.fun/live/li-shui-gong-gong.m3u8,,,,,麗水公共,China,China,https://epg.pw/media/images/channel/2023/07/20/large/20230720203141977925_41.png,News,,freetv-fun-all.txt
[VGA]丽水公共,https://t.freetv.fun/live/li-shui-gong-gong-1.m3u8,,,,,麗水公共,China,China,https://epg.pw/media/images/channel/2023/07/20/large/20230720203141977925_41.png,News,,freetv-fun-all.txt
[VGA]溧水新闻综合,https://t.freetv.fun/live/li-shui-xin-wen-zong-he-1.php,,,,,麗水新聞綜合,China,China,https://epg.pw/media/images/channel/2023/07/20/large/20230720203027523547_70.png,News,,freetv-fun-all.txt
[VGA]黑水新闻综合,https://t.freetv.fun/live/hei-shui-xin-wen-zong-he.m3u8,,,,,麗水新聞綜合,China,China,https://epg.pw/media/images/channel/2023/07/20/large/20230720203027523547_70.png,News,,freetv-fun-all.txt
[VGA]丽江新闻综合,https://t.freetv.fun/live/li-jiang-xin-wen-zong-he.m3u8,,,,,麗水新聞綜合,China,China,https://epg.pw/media/images/channel/2023/07/20/large/20230720203027523547_70.png,News,,freetv-fun-all.txt
[VGA]丽水新闻综合,https://t.freetv.fun/live/li-shui-xin-wen-zong-he-3.m3u8,,,,,麗水新聞綜合,China,China,https://epg.pw/media/images/channel/2023/07/20/large/20230720203027523547_70.png,News,,freetv-fun-all.txt
[BD]溧水新闻综合,https://t.freetv.fun/live/li-shui-xin-wen-zong-he-3-1.m3u8,,,,,麗水新聞綜合,China,China,https://epg.pw/media/images/channel/2023/07/20/large/20230720203027523547_70.png,News,,freetv-fun-all.txt
[BD]溧水新闻综合,https://t.freetv.fun/live/li-shui-xin-wen-zong-he-4.m3u8,,,,,麗水新聞綜合,China,China,https://epg.pw/media/images/channel/2023/07/20/large/20230720203027523547_70.png,News,,freetv-fun-all.txt
[BD]溧水新闻综合,https://t.freetv.fun/live/li-shui-xin-wen-zong-he-5.m3u8,,,,,麗水新聞綜合,China,China,https://epg.pw/media/images/channel/2023/07/20/large/20230720203027523547_70.png,News,,freetv-fun-all.txt
[BD]溧水新闻综合,https://t.freetv.fun/live/li-shui-xin-wen-zong-he-6.m3u8,,,,,麗水新聞綜合,China,China,https://epg.pw/media/images/channel/2023/07/20/large/20230720203027523547_70.png,News,,freetv-fun-all.txt
[VGA]丽水新闻,https://t.freetv.fun/live/li-shui-xin-wen.m3u8,,,,,麗水新聞綜合,China,China,https://epg.pw/media/images/channel/2023/07/20/large/20230720203027523547_70.png,News,,freetv-fun-all.txt
[VGA]-黄金华剧,https://t.freetv.fun/live/huang-jin-hua-ju.m3u8,,,,,黃金華劇,Hong Kong,Hong Kong,https://epg.pw/media/images/channel/2024/10/28/large/20241028094745073878_48.png,Movies,,freetv-fun-all.txt
[VGA]黄金华剧,https://t.freetv.fun/live/huang-jin-hua-ju-1.m3u8,,,,,黃金華劇,Hong Kong,Hong Kong,https://epg.pw/media/images/channel/2024/10/28/large/20241028094745073878_48.png,Movies,,freetv-fun-all.txt
[VGA]黄金华剧,https://t.freetv.fun/live/huang-jin-hua-ju-1-1.ts,,,,,黃金華劇,Hong Kong,Hong Kong,https://epg.pw/media/images/channel/2024/10/28/large/20241028094745073878_48.png,Movies,,freetv-fun-all.txt
[BD]黃金華劇,https://t.freetv.fun/live/huang-jin-hua-ju-2.m3u8,,,,,黃金華劇,Hong Kong,Hong Kong,https://epg.pw/media/images/channel/2024/10/28/large/20241028094745073878_48.png,Movies,,freetv-fun-all.txt
[VGA]黑龙江公共农业,https://t.freetv.fun/live/hei-long-jiang-gong-gong-nong-ye.m3u8,,,,,黑龍江公共,China,China,https://epg.pw/media/images/channel/2022/05/31/large/20220531154420804560_53.jpg,Generic,,freetv-fun-all.txt
[VGA]黑龙江公共农业,https://t.freetv.fun/live/hei-long-jiang-gong-gong-nong-ye-1.m3u8,,,,,黑龍江公共,China,China,https://epg.pw/media/images/channel/2022/05/31/large/20220531154420804560_53.jpg,Generic,,freetv-fun-all.txt
[VGA]黑龙江公共农业,https://t.freetv.fun/live/hei-long-jiang-gong-gong-nong-ye-2.m3u8,,,,,黑龍江公共,China,China,https://epg.pw/media/images/channel/2022/05/31/large/20220531154420804560_53.jpg,Generic,,freetv-fun-all.txt
[VGA]黑龙江少儿,https://t.freetv.fun/live/hei-long-jiang-shao-er-3.m3u8,,,,,黑龍江少兒,China,China,https://epg.pw/media/images/channel/2022/05/31/large/20220531154513515358_97.jpg,Kids,,freetv-fun-all.txt
[VGA]黑龙江少儿,https://t.freetv.fun/live/hei-long-jiang-shao-er-1-2.m3u8,,,,,黑龍江少兒,China,China,https://epg.pw/media/images/channel/2022/05/31/large/20220531154513515358_97.jpg,Kids,,freetv-fun-all.txt
[VGA]黑龙江少儿 8m1080,https://t.freetv.fun/live/hei-long-jiang-shao-er-8m1080-1.m3u8,,,,,黑龍江少兒,China,China,https://epg.pw/media/images/channel/2022/05/31/large/20220531154513515358_97.jpg,Kids,,freetv-fun-all.txt
[VGA]黑龙江少儿,https://t.freetv.fun/live/hei-long-jiang-shao-er-2-1.m3u8,,,,,黑龍江少兒,China,China,https://epg.pw/media/images/channel/2022/05/31/large/20220531154513515358_97.jpg,Kids,,freetv-fun-all.txt
[VGA]黑龙江影,https://t.freetv.fun/live/hei-long-jiang-ying.m3u8,,,,,黑龍江影視,China,China,https://epg.pw/media/images/channel/2022/05/31/large/20220531154554180409_52.jpg,Movies,,freetv-fun-all.txt
[VGA]黑龙江影,https://t.freetv.fun/live/hei-long-jiang-ying-1.m3u8,,,,,黑龍江影視,China,China,https://epg.pw/media/images/channel/2022/05/31/large/20220531154554180409_52.jpg,Movies,,freetv-fun-all.txt
[VGA]黑龙江影,https://t.freetv.fun/live/hei-long-jiang-ying-2.m3u8,,,,,黑龍江影視,China,China,https://epg.pw/media/images/channel/2022/05/31/large/20220531154554180409_52.jpg,Movies,,freetv-fun-all.txt
[BD]黑龙江影视 8m1080,https://t.freetv.fun/live/hei-long-jiang-ying-shi-8m1080.m3u8,,,,,黑龍江影視,China,China,https://epg.pw/media/images/channel/2022/05/31/large/20220531154554180409_52.jpg,Movies,,freetv-fun-all.txt
[VGA]黑龙江视,https://t.freetv.fun/live/hei-long-jiang-shi-1.m3u8,,,,,黑龍江影視,China,China,https://epg.pw/media/images/channel/2022/05/31/large/20220531154554180409_52.jpg,Movies,,freetv-fun-all.txt
[VGA]黑龙江影视,https://t.freetv.fun/live/hei-long-jiang-ying-shi-1.m3u8,,,,,黑龍江影視,China,China,https://epg.pw/media/images/channel/2022/05/31/large/20220531154554180409_52.jpg,Movies,,freetv-fun-all.txt
[SD]黑龙江影视,https://t.freetv.fun/live/hei-long-jiang-ying-shi-1-1.m3u8,,,,,黑龍江影視,China,China,https://epg.pw/media/images/channel/2022/05/31/large/20220531154554180409_52.jpg,Movies,,freetv-fun-all.txt
[VGA]黑龙江影视,https://t.freetv.fun/live/hei-long-jiang-ying-shi-2.m3u8,,,,,黑龍江影視,China,China,https://epg.pw/media/images/channel/2022/05/31/large/20220531154554180409_52.jpg,Movies,,freetv-fun-all.txt
[VGA]黑龙江影视,https://t.freetv.fun/live/hei-long-jiang-ying-shi-3.m3u8,,,,,黑龍江影視,China,China,https://epg.pw/media/images/channel/2022/05/31/large/20220531154554180409_52.jpg,Movies,,freetv-fun-all.txt
[VGA]黑龙江文体,https://t.freetv.fun/live/hei-long-jiang-wen-ti-5.m3u8,,,,,黑龍江文體,China,China,https://epg.pw/media/images/channel/2022/05/31/large/20220531154641916439_80.jpg,Generic,,freetv-fun-all.txt
[VGA]黑龙江文体,https://t.freetv.fun/live/hei-long-jiang-wen-ti-1-1.m3u8,,,,,黑龍江文體,China,China,https://epg.pw/media/images/channel/2022/05/31/large/20220531154641916439_80.jpg,Generic,,freetv-fun-all.txt
[VGA]黑龙江文体,https://t.freetv.fun/live/hei-long-jiang-wen-ti-2-1.m3u8,,,,,黑龍江文體,China,China,https://epg.pw/media/images/channel/2022/05/31/large/20220531154641916439_80.jpg,Generic,,freetv-fun-all.txt
[VGA]黑龙江文体 8m1080,https://t.freetv.fun/live/hei-long-jiang-wen-ti-8m1080-1.m3u8,,,,,黑龍江文體,China,China,https://epg.pw/media/images/channel/2022/05/31/large/20220531154641916439_80.jpg,Generic,,freetv-fun-all.txt
[VGA]黑龙江新闻,https://t.freetv.fun/live/hei-long-jiang-xin-wen-1.m3u8,,,,,黑龍江新聞,China,China,https://epg.pw/media/img/logo/heilongjiangxinwen.jpg,News,,freetv-fun-all.txt
[VGA]黑龙江新闻法治,https://t.freetv.fun/live/hei-long-jiang-xin-wen-fa-zhi-5.m3u8,,,,,黑龍江新聞法治,China,China,https://epg.pw/media/images/channel/2022/05/31/large/20220531154851022965_78.jpg,News,,freetv-fun-all.txt
[VGA]黑龙江新闻法治,https://t.freetv.fun/live/hei-long-jiang-xin-wen-fa-zhi-1-1.m3u8,,,,,黑龍江新聞法治,China,China,https://epg.pw/media/images/channel/2022/05/31/large/20220531154851022965_78.jpg,News,,freetv-fun-all.txt
[VGA]黑龙江新闻法治,https://t.freetv.fun/live/hei-long-jiang-xin-wen-fa-zhi-2-1.m3u8,,,,,黑龍江新聞法治,China,China,https://epg.pw/media/images/channel/2022/05/31/large/20220531154851022965_78.jpg,News,,freetv-fun-all.txt
[VGA]黑龙江新闻法治 8m1080,https://t.freetv.fun/live/hei-long-jiang-xin-wen-fa-zhi-8m1080-1.m3u8,,,,,黑龍江新聞法治,China,China,https://epg.pw/media/images/channel/2022/05/31/large/20220531154851022965_78.jpg,News,,freetv-fun-all.txt
[VGA]黑龙江卫视,https://t.freetv.fun/live/hei-long-jiang-wei-shi-13.m3u8,,,,,黑龍江衛視,China,China,https://epg.pw/media/images/channel/2022/05/31/large/20220531154335673922_21.jpg,Generic,,freetv-fun-all.txt
[SD]黑龙江卫视,https://t.freetv.fun/live/hei-long-jiang-wei-shi-2-1.m3u8,,,,,黑龍江衛視,China,China,https://epg.pw/media/images/channel/2022/05/31/large/20220531154335673922_21.jpg,Generic,,freetv-fun-all.txt
[BD]黑龙江卫视,https://t.freetv.fun/live/hei-long-jiang-wei-shi-9.m3u8,,,,,黑龍江衛視,China,China,https://epg.pw/media/images/channel/2022/05/31/large/20220531154335673922_21.jpg,Generic,,freetv-fun-all.txt
[BD]黑龙江卫视,https://t.freetv.fun/live/hei-long-jiang-wei-shi-11.m3u8,,,,,黑龍江衛視,China,China,https://epg.pw/media/images/channel/2022/05/31/large/20220531154335673922_21.jpg,Generic,,freetv-fun-all.txt
[VGA]黑龙江卫视,https://t.freetv.fun/live/hei-long-jiang-wei-shi-1-2.m3u8,,,,,黑龍江衛視,China,China,https://epg.pw/media/images/channel/2022/05/31/large/20220531154335673922_21.jpg,Generic,,freetv-fun-all.txt
[VGA]黑龙江卫视[1920*1080],https://t.freetv.fun/live/hei-long-jiang-wei-shi-1920-1080.m3u8,,,,,黑龍江衛視,China,China,https://epg.pw/media/images/channel/2022/05/31/large/20220531154335673922_21.jpg,Generic,,freetv-fun-all.txt
[VGA]黑龙江卫视[1920*1080],https://t.freetv.fun/live/hei-long-jiang-wei-shi-1920-1080-1.m3u8,,,,,黑龍江衛視,China,China,https://epg.pw/media/images/channel/2022/05/31/large/20220531154335673922_21.jpg,Generic,,freetv-fun-all.txt
[VGA]黑龙江卫视[1920*1080],https://t.freetv.fun/live/hei-long-jiang-wei-shi-1920-1080-2.m3u8,,,,,黑龍江衛視,China,China,https://epg.pw/media/images/channel/2022/05/31/large/20220531154335673922_21.jpg,Generic,,freetv-fun-all.txt
[VGA]黑龙江卫视[1920*1080],https://t.freetv.fun/live/hei-long-jiang-wei-shi-1920-1080-3.m3u8,,,,,黑龍江衛視,China,China,https://epg.pw/media/images/channel/2022/05/31/large/20220531154335673922_21.jpg,Generic,,freetv-fun-all.txt
[VGA]黑龙江卫视,https://t.freetv.fun/live/hei-long-jiang-wei-shi-4-2.m3u8,,,,,黑龍江衛視,China,China,https://epg.pw/media/images/channel/2022/05/31/large/20220531154335673922_21.jpg,Generic,,freetv-fun-all.txt
[VGA]黑龙江卫视,https://t.freetv.fun/live/hei-long-jiang-wei-shi-5-2.php,,,,,黑龍江衛視,China,China,https://epg.pw/media/images/channel/2022/05/31/large/20220531154335673922_21.jpg,Generic,,freetv-fun-all.txt
[BD]黑龙江卫视,https://t.freetv.fun/live/hei-long-jiang-wei-shi-6-2.php,,,,,黑龍江衛視,China,China,https://epg.pw/media/images/channel/2022/05/31/large/20220531154335673922_21.jpg,Generic,,freetv-fun-all.txt
[BD]黑龙江卫视,https://t.freetv.fun/live/hei-long-jiang-wei-shi-3-2.m3u8,,,,,黑龍江衛視,China,China,https://epg.pw/media/images/channel/2022/05/31/large/20220531154335673922_21.jpg,Generic,,freetv-fun-all.txt
[BD]黑龙江卫视,https://t.freetv.fun/live/hei-long-jiang-wei-shi-6-2.m3u8,,,,,黑龍江衛視,China,China,https://epg.pw/media/images/channel/2022/05/31/large/20220531154335673922_21.jpg,Generic,,freetv-fun-all.txt
[BD]黑龙江卫视,https://t.freetv.fun/live/hei-long-jiang-wei-shi-7-1.m3u8,,,,,黑龍江衛視,China,China,https://epg.pw/media/images/channel/2022/05/31/large/20220531154335673922_21.jpg,Generic,,freetv-fun-all.txt
[BD]黑龙江卫视,https://t.freetv.fun/live/hei-long-jiang-wei-shi-13.php,,,,,黑龍江衛視,China,China,https://epg.pw/media/images/channel/2022/05/31/large/20220531154335673922_21.jpg,Generic,,freetv-fun-all.txt
[BD]黑龙江卫视,https://t.freetv.fun/live/hei-long-jiang-wei-shi-5-2.m3u8,,,,,黑龍江衛視,China,China,https://epg.pw/media/images/channel/2022/05/31/large/20220531154335673922_21.jpg,Generic,,freetv-fun-all.txt
[BD]黑龙江卫视,https://t.freetv.fun/live/hei-long-jiang-wei-shi-12-1.m3u8,,,,,黑龍江衛視,China,China,https://epg.pw/media/images/channel/2022/05/31/large/20220531154335673922_21.jpg,Generic,,freetv-fun-all.txt
[VGA]黑龙江卫视,https://t.freetv.fun/live/hei-long-jiang-wei-shi-8-1.m3u8,,,,,黑龍江衛視,China,China,https://epg.pw/media/images/channel/2022/05/31/large/20220531154335673922_21.jpg,Generic,,freetv-fun-all.txt
[VGA]黑龙江卫视,https://t.freetv.fun/live/hei-long-jiang-wei-shi-10-1.m3u8,,,,,黑龍江衛視,China,China,https://epg.pw/media/images/channel/2022/05/31/large/20220531154335673922_21.jpg,Generic,,freetv-fun-all.txt
[VGA]黑龙江卫视,https://t.freetv.fun/live/hei-long-jiang-wei-shi-13-1.m3u8,,,,,黑龍江衛視,China,China,https://epg.pw/media/images/channel/2022/05/31/large/20220531154335673922_21.jpg,Generic,,freetv-fun-all.txt
[VGA]黑龙江卫视,https://t.freetv.fun/live/hei-long-jiang-wei-shi-14.m3u8,,,,,黑龍江衛視,China,China,https://epg.pw/media/images/channel/2022/05/31/large/20220531154335673922_21.jpg,Generic,,freetv-fun-all.txt
[VGA]黑龙江卫视,https://t.freetv.fun/live/hei-long-jiang-wei-shi-15.php,,,,,黑龍江衛視,China,China,https://epg.pw/media/images/channel/2022/05/31/large/20220531154335673922_21.jpg,Generic,,freetv-fun-all.txt
[VGA]黑龙江卫,https://t.freetv.fun/live/hei-long-jiang-wei.m3u8,,,,,黑龍江衛視,China,China,https://epg.pw/media/images/channel/2022/05/31/large/20220531154335673922_21.jpg,Generic,,freetv-fun-all.txt
[VGA]黑龙江卫视,https://t.freetv.fun/live/hei-long-jiang-wei-shi-19.m3u8,,,,,黑龍江衛視,China,China,https://epg.pw/media/images/channel/2022/05/31/large/20220531154335673922_21.jpg,Generic,,freetv-fun-all.txt
[VGA]黑龙江卫视,https://t.freetv.fun/live/hei-long-jiang-wei-shi-21.m3u8,,,,,黑龍江衛視,China,China,https://epg.pw/media/images/channel/2022/05/31/large/20220531154335673922_21.jpg,Generic,,freetv-fun-all.txt
[VGA]黑龙江卫视,https://t.freetv.fun/live/hei-long-jiang-wei-shi-22.m3u8,,,,,黑龍江衛視,China,China,https://epg.pw/media/images/channel/2022/05/31/large/20220531154335673922_21.jpg,Generic,,freetv-fun-all.txt
[VGA]黑龙江卫视 高清,https://t.freetv.fun/live/hei-long-jiang-wei-shi-gao-qing-1.m3u8,,,,,黑龍江衛視,China,China,https://epg.pw/media/images/channel/2022/05/31/large/20220531154335673922_21.jpg,Generic,,freetv-fun-all.txt
[VGA]黑龙江卫视 8m1080,https://t.freetv.fun/live/hei-long-jiang-wei-shi-8m1080.m3u8,,,,,黑龍江衛視,China,China,https://epg.pw/media/images/channel/2022/05/31/large/20220531154335673922_21.jpg,Generic,,freetv-fun-all.txt
[VGA]黑龙江卫视 4m1080,https://t.freetv.fun/live/hei-long-jiang-wei-shi-4m1080.m3u8,,,,,黑龍江衛視,China,China,https://epg.pw/media/images/channel/2022/05/31/large/20220531154335673922_21.jpg,Generic,,freetv-fun-all.txt
[VGA]黑龙江卫视 4m1080,https://t.freetv.fun/live/hei-long-jiang-wei-shi-4m1080-1.m3u8,,,,,黑龍江衛視,China,China,https://epg.pw/media/images/channel/2022/05/31/large/20220531154335673922_21.jpg,Generic,,freetv-fun-all.txt
[VGA]黑龙江卫视 8m1080,https://t.freetv.fun/live/hei-long-jiang-wei-shi-8m1080-1.m3u8,,,,,黑龍江衛視,China,China,https://epg.pw/media/images/channel/2022/05/31/large/20220531154335673922_21.jpg,Generic,,freetv-fun-all.txt
[VGA]黑龙江卫视高清,https://t.freetv.fun/live/hei-long-jiang-wei-shi-gao-qing-1-2.smil,,,,,黑龍江衛視,China,China,https://epg.pw/media/images/channel/2022/05/31/large/20220531154335673922_21.jpg,Generic,,freetv-fun-all.txt
[VGA]黑龙江卫视高清,https://t.freetv.fun/live/hei-long-jiang-wei-shi-gao-qing-2.m3u8,,,,,黑龍江衛視,China,China,https://epg.pw/media/images/channel/2022/05/31/large/20220531154335673922_21.jpg,Generic,,freetv-fun-all.txt
[VGA]黑龙江卫视hd,https://t.freetv.fun/live/hei-long-jiang-wei-shi-hd.php,,,,,黑龍江衛視,China,China,https://epg.pw/media/images/channel/2022/05/31/large/20220531154335673922_21.jpg,Generic,,freetv-fun-all.txt
[BD]黑龙江卫视高清,https://t.freetv.fun/live/hei-long-jiang-wei-shi-gao-qing-2.smil,,,,,黑龍江衛視,China,China,https://epg.pw/media/images/channel/2022/05/31/large/20220531154335673922_21.jpg,Generic,,freetv-fun-all.txt
[VGA]黑龙江视,https://t.freetv.fun/live/hei-long-jiang-shi-1.php,,,,,黑龍江衛視,China,China,https://epg.pw/media/images/channel/2022/05/31/large/20220531154335673922_21.jpg,Generic,,freetv-fun-all.txt
[VGA]黑龙江卫视 高清,https://t.freetv.fun/live/hei-long-jiang-wei-shi-gao-qing-1-1.m3u8,,,,,黑龍江衛視,China,China,https://epg.pw/media/images/channel/2022/05/31/large/20220531154335673922_21.jpg,Generic,,freetv-fun-all.txt
[VGA]黑龙江卫视超高清,https://t.freetv.fun/live/hei-long-jiang-wei-shi-chao-gao-qing.m3u8,,,,,黑龍江衛視,China,China,https://epg.pw/media/images/channel/2022/05/31/large/20220531154335673922_21.jpg,Generic,,freetv-fun-all.txt
[VGA]黑龙江都市,https://t.freetv.fun/live/hei-long-jiang-du-shi-6.m3u8,,,,,黑龍江都市,China,China,https://epg.pw/media/images/channel/2022/06/01/large/20220601000243569800_11.jpg,Generic,,freetv-fun-all.txt
[VGA]黑龙江都市,https://t.freetv.fun/live/hei-long-jiang-du-shi-1-1.m3u8,,,,,黑龍江都市,China,China,https://epg.pw/media/images/channel/2022/06/01/large/20220601000243569800_11.jpg,Generic,,freetv-fun-all.txt
[VGA]黑龙江都市,https://t.freetv.fun/live/hei-long-jiang-du-shi-2.m3u8,,,,,黑龍江都市,China,China,https://epg.pw/media/images/channel/2022/06/01/large/20220601000243569800_11.jpg,Generic,,freetv-fun-all.txt
[VGA]黑龙江都市 8m1080,https://t.freetv.fun/live/hei-long-jiang-du-shi-8m1080-1.m3u8,,,,,黑龍江都市,China,China,https://epg.pw/media/images/channel/2022/06/01/large/20220601000243569800_11.jpg,Generic,,freetv-fun-all.txt
[VGA]黑龙江都市,https://t.freetv.fun/live/hei-long-jiang-du-shi-6.php,,,,,黑龍江都市,China,China,https://epg.pw/media/images/channel/2022/06/01/large/20220601000243569800_11.jpg,Generic,,freetv-fun-all.txt
[VGA]黑龙江都市,https://t.freetv.fun/live/hei-long-jiang-du-shi-3-1.m3u8,,,,,黑龍江都市,China,China,https://epg.pw/media/images/channel/2022/06/01/large/20220601000243569800_11.jpg,Generic,,freetv-fun-all.txt
[VGA]黑龙江都市,https://t.freetv.fun/live/hei-long-jiang-du-shi-4-1.m3u8,,,,,黑龍江都市,China,China,https://epg.pw/media/images/channel/2022/06/01/large/20220601000243569800_11.jpg,Generic,,freetv-fun-all.txt
[VGA]kr: 국악방송,https://t.freetv.fun/live/kr-gugagbangsong.m3u8,,,,,국악방송,Korea,Korea,https://epg.pw/media/images/channel/2022/03/18/large/20220318090635708446_68.png,News,,freetv-fun-all.txt
[BD]국악방송,https://t.freetv.fun/live/gugagbangsong.m3u8,,,,,국악방송,Korea,Korea,https://epg.pw/media/images/channel/2022/03/18/large/20220318090635708446_68.png,News,,freetv-fun-all.txt
1987年春晚,https://txmov2.a.kwimgs.com/bs3/video-hls/5195746663405928031_hlsb.m3u8,,,,,1987年春晚,,,,,,TianmuTNT.txt
1988年春晚,https://txmov2.a.kwimgs.com/bs3/video-hls/5216575810935394655_hlsb.m3u8,,,,,1988年春晚,,,,,,TianmuTNT.txt
1989年春晚,https://txmov2.a.kwimgs.com/bs3/video-hls/5194620763762726260_hlsb.m3u8,,,,,1989年春晚,,,,,,TianmuTNT.txt
1993年春晚,https://alimov2.a.kwimgs.com/upic/2023/01/13/22/BMjAyMzAxMTMyMjEwMDNfNDAzMDAxOTlfOTM1MTIzMzYwODJfMF8z_b_B647d10e431b4cc5e48e6c77347d69021.mp4,,,,,1993年春晚,,,,,,TianmuTNT.txt
1994年春晚,https://alimov2.a.kwimgs.com/upic/2023/01/13/22/BMjAyMzAxMTMyMjEwMDNfNDAzMDAxOTlfOTM1MTIzMzYxMjNfMF8z_b_B3dde97f36273f04403d4dc5eec611a35.mp4,,,,,1994年春晚,,,,,,TianmuTNT.txt
1995年春晚,https://alimov2.a.kwimgs.com/upic/2023/01/13/20/BMjAyMzAxMTMyMDA5MjJfNDAzMDAxOTlfOTM0OTkwNDQwNzVfMF8z_b_B811c0dec6b9a3d3074a18522c185010a.mp4,,,,,1995年春晚,,,,,,TianmuTNT.txt
1996年春晚,https://alimov2.a.kwimgs.com/upic/2023/01/13/22/BMjAyMzAxMTMyMjEwMDNfNDAzMDAxOTlfOTM1MTIzMzYxNTJfMF8z_b_Bd841eae10ab1c9955ef55fbedfae6c45.mp4,,,,,1996年春晚,,,,,,TianmuTNT.txt
2000年春晚,https://alimov2.a.kwimgs.com/upic/2023/01/13/21/BMjAyMzAxMTMyMTE4MzRfNDAzMDAxOTlfOTM1MDY4ODIxMTNfMF8z_b_Bdddf4e7ef0ff6cfd477857bb40e78419.mp4,,,,,2000年春晚,,,,,,TianmuTNT.txt
2001年春晚,https://alimov2.a.kwimgs.com/upic/2023/01/13/20/BMjAyMzAxMTMyMDA5MjJfNDAzMDAxOTlfOTM0OTkwNDQyMDFfMF8z_b_B70592cb7c4054e9cabb675e849bbf4bd.mp4,,,,,2001年春晚,,,,,,TianmuTNT.txt
2002年春晚,https://alimov2.a.kwimgs.com/upic/2023/01/13/21/BMjAyMzAxMTMyMTE4MzRfNDAzMDAxOTlfOTM1MDY4ODIxNDdfMF8z_b_Ba6271d10b7e6cfae83759033a091f257.mp4,,,,,2002年春晚,,,,,,TianmuTNT.txt
2003年春晚,https://alimov2.a.kwimgs.com/upic/2023/01/14/23/BMjAyMzAxMTQyMzQxNDdfNDAzMDAxOTlfOTM2MTU0MTk1NDFfMF8z_b_B182749d2cd2ea9323639254af385f24b.mp4,,,,,2003年春晚,,,,,,TianmuTNT.txt
2004年春晚,https://alimov2.a.kwimgs.com/upic/2023/01/13/21/BMjAyMzAxMTMyMTE4MzRfNDAzMDAxOTlfOTM1MDY4ODIxOTVfMF8z_b_B86c4430b82ff5a7f4e8132f6ee558536.mp4,,,,,2004年春晚,,,,,,TianmuTNT.txt
2005年春晚,https://alimov2.a.kwimgs.com/upic/2023/01/13/20/BMjAyMzAxMTMyMDA5MjJfNDAzMDAxOTlfOTM0OTkwNDQyMzhfMF8z_b_B35ad7cc86aec8fc9e5ddfb31fc7bed63.mp4,,,,,2005年春晚,,,,,,TianmuTNT.txt
2006年春晚,https://alimov2.a.kwimgs.com/upic/2023/01/13/20/BMjAyMzAxMTMyMDA5MjJfNDAzMDAxOTlfOTM0OTkwNDQyNzlfMF8z_b_Bbc3703fc331dc994c50859c19aad28ff.mp4,,,,,2006年春晚,,,,,,TianmuTNT.txt
2007年春晚,https://alimov2.a.kwimgs.com/upic/2023/01/13/20/BMjAyMzAxMTMyMDA5MjJfNDAzMDAxOTlfOTM0OTkwNDQzMjNfMF8z_b_B00b069c7899976459ceeaa99353dfefe.mp4,,,,,2007年春晚,,,,,,TianmuTNT.txt
2009年春晚,https://alimov2.a.kwimgs.com/upic/2023/01/13/20/BMjAyMzAxMTMyMDA5MjJfNDAzMDAxOTlfOTM0OTkwNDQzOTBfMF8z_b_B29a36a85e0277f6c2a1f033ef7c10708.mp4,,,,,2009年春晚,,,,,,TianmuTNT.txt
2010年春晚,https://alimov2.a.kwimgs.com/upic/2023/01/13/20/BMjAyMzAxMTMyMDA5MjJfNDAzMDAxOTlfOTM0OTkwNDQ0MjlfMF8z_b_B8818807a00eed329a69fb494f405bd43.mp4,,,,,2010年春晚,,,,,,TianmuTNT.txt
2013年春晚,https://alimov2.a.kwimgs.com/upic/2023/01/13/20/BMjAyMzAxMTMyMDA5MjJfNDAzMDAxOTlfOTM0OTkwNDQ1NjNfMF8z_b_B4fea55408dca4471a68a963ae096be59.mp4,,,,,2013年春晚,,,,,,TianmuTNT.txt
2014年春晚,https://alimov2.a.kwimgs.com/upic/2023/01/06/16/BMjAyMzAxMDYxNjMxMTNfNDAzMDAxOTlfOTI4OTY2ODAzNjlfMF8z_b_Bdee65c77f9e7b2120a185c919dad81d2.mp4,,,,,2014年春晚,,,,,,TianmuTNT.txt
2018年春晚,https://alimov2.a.kwimgs.com/upic/2023/01/06/16/BMjAyMzAxMDYxNjMxMTRfNDAzMDAxOTlfOTI4OTY2ODE2MTBfMF8z_b_B11a778e34390a21de42d407e94f45b91.mp4,,,,,2018年春晚,,,,,,TianmuTNT.txt
2024年春晚,https://p2.bdstatic.com/rtmp.liveshow.lss-user.baidubce.com/live/stream_bduid_6488563992_8982723413/merged_1707497046297_88536_25144_41936.m3u8,,,,,2024年春晚,,,,,,TianmuTNT.txt
2025年春晚,https://svip.high24-playback.com/20250129/17159_7bca93c4/2000k/hls/mixed.m3u8,,,,,2025年春晚,,,,,,TianmuTNT.txt
2026-05-20 18:39:30,https://vd2.bdstatic.com/mda-sctj0f6r4u1bpebc/1080p/cae_h264/1774706523506678171/mda-sctj0f6r4u1bpebc.mp4,,,,,2026-05-20 18:39:30,,,,,,TianmuTNT.txt
AMC音乐,https://AMChls.wns.live/hls/stream.m3u8,,,,,AMC音乐,,,,,,TianmuTNT.txt
CCTV-8K 超高清,https://tv.cry33.com/ys4k.php?id=8k,,,,,CCTV-8K 超高清,,,,,,TianmuTNT.txt
CCTV1,https://piccpndali.v.myalicdn.com/audio/cctv1_2.m3u8,,,,,CCTV1,,,,,,TianmuTNT.txt
CCTV1,http://222.169.85.8:9901/tsfile/live/0001_1.m3u8,,,,,CCTV1,,,,,,TianmuTNT.txt
CCTV1,http://112.46.85.60:8009/hls/501/index.m3u8,,,,,CCTV1,,,,,,TianmuTNT.txt
CCTV1,http://124.116.183.146:9901/tsfile/live/0001_1.m3u8,,,,,CCTV1,,,,,,TianmuTNT.txt
CCTV1,http://183.11.239.36:808/hls/19/index.m3u8,,,,,CCTV1,,,,,,TianmuTNT.txt
CCTV10,https://piccpndali.v.myalicdn.com/audio/cctv10_2.m3u8,,,,,CCTV10,,,,,,TianmuTNT.txt
CCTV10,http://123.129.70.178:9901/tsfile/live/0010_1.m3u8,,,,,CCTV10,,,,,,TianmuTNT.txt
CCTV10,http://123.130.84.106:8154/tsfile/live/0010_1.m3u8,,,,,CCTV10,,,,,,TianmuTNT.txt
CCTV10,http://183.11.239.36:808/hls/28/index.m3u8,,,,,CCTV10,,,,,,TianmuTNT.txt
CCTV10,http://61.136.172.236:9901/tsfile/live/0010_1.m3u8,,,,,CCTV10,,,,,,TianmuTNT.txt
CCTV11,https://piccpndali.v.myalicdn.com/audio/cctv11_2.m3u8,,,,,CCTV11,,,,,,TianmuTNT.txt
CCTV11,http://123.129.70.178:9901/tsfile/live/0011_1.m3u8,,,,,CCTV11,,,,,,TianmuTNT.txt
CCTV11,http://123.130.84.106:8154/tsfile/live/0011_1.m3u8,,,,,CCTV11,,,,,,TianmuTNT.txt
CCTV11,http://61.136.172.236:9901/tsfile/live/0011_1.m3u8,,,,,CCTV11,,,,,,TianmuTNT.txt
CCTV11,http://123.129.70.178:9901/tsfile/live/0011_1.m3u8?key=txiptv&playlive=1&authid=0,,,,,CCTV11,,,,,,TianmuTNT.txt
CCTV12,https://piccpndali.v.myalicdn.com/audio/cctv12_2.m3u8,,,,,CCTV12,,,,,,TianmuTNT.txt
CCTV12,http://222.169.85.8:9901/tsfile/live/0012_1.m3u8,,,,,CCTV12,,,,,,TianmuTNT.txt
CCTV12,http://123.129.70.178:9901/tsfile/live/0012_1.m3u8,,,,,CCTV12,,,,,,TianmuTNT.txt
CCTV12,http://123.130.84.106:8154/tsfile/live/0012_1.m3u8,,,,,CCTV12,,,,,,TianmuTNT.txt
CCTV13,http://ali-m-l.cztv.com/channels/lantian/channel21/1080p.m3u8,,,,,CCTV13,,,,,,TianmuTNT.txt
CCTV13,https://piccpndali.v.myalicdn.com/audio/cctv13_2.m3u8,,,,,CCTV13,,,,,,TianmuTNT.txt
CCTV13,http://222.169.85.8:9901/tsfile/live/0013_1.m3u8,,,,,CCTV13,,,,,,TianmuTNT.txt
CCTV13,http://123.129.70.178:9901/tsfile/live/0013_1.m3u8,,,,,CCTV13,,,,,,TianmuTNT.txt
CCTV13,http://61.136.172.236:9901/tsfile/live/0013_1.m3u8,,,,,CCTV13,,,,,,TianmuTNT.txt
CCTV14,https://piccpndali.v.myalicdn.com/audio/cctv14_2.m3u8,,,,,CCTV14,,,,,,TianmuTNT.txt
CCTV14,http://222.169.85.8:9901/tsfile/live/0014_1.m3u8,,,,,CCTV14,,,,,,TianmuTNT.txt
CCTV14,http://123.129.70.178:9901/tsfile/live/0014_1.m3u8,,,,,CCTV14,,,,,,TianmuTNT.txt
CCTV14,http://124.116.183.146:9901/tsfile/live/0014_1.m3u8,,,,,CCTV14,,,,,,TianmuTNT.txt
CCTV14,http://123.130.84.106:8154/tsfile/live/0014_1.m3u8,,,,,CCTV14,,,,,,TianmuTNT.txt
CCTV15,https://piccpndali.v.myalicdn.com/audio/cctv15_2.m3u8,,,,,CCTV15,,,,,,TianmuTNT.txt
CCTV15,http://123.129.70.178:9901/tsfile/live/0015_1.m3u8,,,,,CCTV15,,,,,,TianmuTNT.txt
CCTV15,http://222.169.85.8:9901/tsfile/live/0015_1.m3u8,,,,,CCTV15,,,,,,TianmuTNT.txt
CCTV15,http://123.130.84.106:8154/tsfile/live/0015_1.m3u8,,,,,CCTV15,,,,,,TianmuTNT.txt
CCTV15,http://61.136.172.236:9901/tsfile/live/0015_1.m3u8?key=txiptv&playlive=1&authid=0,,,,,CCTV15,,,,,,TianmuTNT.txt
CCTV16,https://piccpndali.v.myalicdn.com/audio/cctv16_2.m3u8,,,,,CCTV16,,,,,,TianmuTNT.txt
CCTV16,http://gmxw.7766.org:808/hls/169/index.m3u8,,,,,CCTV16,,,,,,TianmuTNT.txt
CCTV16,http://183.11.239.36:808/hls/169/index.m3u8,,,,,CCTV16,,,,,,TianmuTNT.txt
CCTV17,https://piccpndali.v.myalicdn.com/audio/cctv17_2.m3u8,,,,,CCTV17,,,,,,TianmuTNT.txt
CCTV17,http://222.169.85.8:9901/tsfile/live/0007_1.m3u8,,,,,CCTV17,,,,,,TianmuTNT.txt
CCTV17,http://123.130.84.106:8154/tsfile/live/0019_1.m3u8,,,,,CCTV17,,,,,,TianmuTNT.txt
CCTV17,http://123.130.84.106:8154/tsfile/live/0019_1.m3u8?key=txiptv&playlive=1&authid=0,,,,,CCTV17,,,,,,TianmuTNT.txt
CCTV17,http://183.11.239.36:808/hls/35/index.m3u8,,,,,CCTV17,,,,,,TianmuTNT.txt
CCTV2,https://piccpndali.v.myalicdn.com/audio/cctv2_2.m3u8,,,,,CCTV2,,,,,,TianmuTNT.txt
CCTV2,http://218.13.170.98:9901/tsfile/live/0002_1.m3u8,,,,,CCTV2,,,,,,TianmuTNT.txt
CCTV2,http://222.169.85.8:9901/tsfile/live/0002_1.m3u8,,,,,CCTV2,,,,,,TianmuTNT.txt
CCTV2,http://123.129.70.178:9901/tsfile/live/0002_1.m3u8,,,,,CCTV2,,,,,,TianmuTNT.txt
CCTV2,http://123.130.84.106:8154/tsfile/live/0002_1.m3u8,,,,,CCTV2,,,,,,TianmuTNT.txt
CCTV3,https://piccpndali.v.myalicdn.com/audio/cctv3_2.m3u8,,,,,CCTV3,,,,,,TianmuTNT.txt
CCTV3,http://123.129.70.178:9901/tsfile/live/0003_1.m3u8,,,,,CCTV3,,,,,,TianmuTNT.txt
CCTV3,http://222.169.85.8:9901/tsfile/live/0003_1.m3u8,,,,,CCTV3,,,,,,TianmuTNT.txt
CCTV3,http://124.116.183.146:9901/tsfile/live/0003_1.m3u8,,,,,CCTV3,,,,,,TianmuTNT.txt
CCTV3,http://123.130.84.106:8154/tsfile/live/0003_1.m3u8,,,,,CCTV3,,,,,,TianmuTNT.txt
CCTV4,https://piccpndali.v.myalicdn.com/audio/cctv4_2.m3u8,,,,,CCTV4,,,,,,TianmuTNT.txt
CCTV4,https://piccpndali.v.myalicdn.com/audio/cctvamerica_2.m3u8,,,,,CCTV4,,,,,,TianmuTNT.txt
CCTV4,http://112.46.85.60:8009/hls/4/index.m3u8,,,,,CCTV4,,,,,,TianmuTNT.txt
CCTV4,http://123.129.70.178:9901/tsfile/live/0004_1.m3u8,,,,,CCTV4,,,,,,TianmuTNT.txt
CCTV4K,http://vip1.xinketongxun.fun:8082/tsfile/live/1026_1.m3u8,,,,,CCTV4K,,,,,,TianmuTNT.txt
CCTV5,https://piccpndali.v.myalicdn.com/audio/cctv5_2.m3u8,,,,,CCTV5,,,,,,TianmuTNT.txt
CCTV5,http://112.46.85.60:8009/hls/503/index.m3u8,,,,,CCTV5,,,,,,TianmuTNT.txt
CCTV5,http://123.129.70.178:9901/tsfile/live/0005_1.m3u8,,,,,CCTV5,,,,,,TianmuTNT.txt
CCTV5,http://123.130.84.106:8154/tsfile/live/0005_1.m3u8,,,,,CCTV5,,,,,,TianmuTNT.txt
CCTV5,http://61.136.172.236:9901/tsfile/live/0005_1.m3u8,,,,,CCTV5,,,,,,TianmuTNT.txt
CCTV5+,https://piccpndali.v.myalicdn.com/audio/cctv5plus_2.m3u8,,,,,CCTV5+,,,,,,TianmuTNT.txt
CCTV5+,http://222.169.85.8:9901/tsfile/live/0116_1.m3u8,,,,,CCTV5+,,,,,,TianmuTNT.txt
CCTV5+,http://123.129.70.178:9901/tsfile/live/0016_1.m3u8,,,,,CCTV5+,,,,,,TianmuTNT.txt
CCTV5+,http://cssbyd.imwork.net:8082/hls/6/index.m3u8,,,,,CCTV5+,,,,,,TianmuTNT.txt
CCTV6,https://piccpndali.v.myalicdn.com/audio/cctv6_2.m3u8,,,,,CCTV6,,,,,,TianmuTNT.txt
CCTV6,http://123.129.70.178:9901/tsfile/live/0006_1.m3u8,,,,,CCTV6,,,,,,TianmuTNT.txt
CCTV6,http://124.116.183.146:9901/tsfile/live/0006_1.m3u8,,,,,CCTV6,,,,,,TianmuTNT.txt
CCTV6,http://123.130.84.106:8154/tsfile/live/0006_1.m3u8,,,,,CCTV6,,,,,,TianmuTNT.txt
CCTV6,http://61.136.172.236:9901/tsfile/live/0006_1.m3u8,,,,,CCTV6,,,,,,TianmuTNT.txt
CCTV7,https://piccpndali.v.myalicdn.com/audio/cctv7_2.m3u8,,,,,CCTV7,,,,,,TianmuTNT.txt
CCTV7,http://123.129.70.178:9901/tsfile/live/0007_1.m3u8,,,,,CCTV7,,,,,,TianmuTNT.txt
CCTV7,http://112.46.85.60:8009/hls/504/index.m3u8,,,,,CCTV7,,,,,,TianmuTNT.txt
CCTV7,http://112.27.235.94:8000/hls/8/index.m3u8,,,,,CCTV7,,,,,,TianmuTNT.txt
CCTV7,http://123.130.84.106:8154/tsfile/live/0007_1.m3u8,,,,,CCTV7,,,,,,TianmuTNT.txt
CCTV8,https://piccpndali.v.myalicdn.com/audio/cctv8_2.m3u8,,,,,CCTV8,,,,,,TianmuTNT.txt
CCTV8,http://222.169.85.8:9901/tsfile/live/0008_1.m3u8,,,,,CCTV8,,,,,,TianmuTNT.txt
CCTV8,http://123.129.70.178:9901/tsfile/live/0008_1.m3u8,,,,,CCTV8,,,,,,TianmuTNT.txt
CCTV8,http://123.130.84.106:8154/tsfile/live/0008_1.m3u8,,,,,CCTV8,,,,,,TianmuTNT.txt
CCTV8,http://61.136.172.236:9901/tsfile/live/0008_1.m3u8,,,,,CCTV8,,,,,,TianmuTNT.txt
CCTV9,https://piccpndali.v.myalicdn.com/audio/cctv9_2.m3u8,,,,,CCTV9,,,,,,TianmuTNT.txt
CCTV9,http://222.169.85.8:9901/tsfile/live/0009_1.m3u8,,,,,CCTV9,,,,,,TianmuTNT.txt
CCTV9,http://123.130.84.106:8154/tsfile/live/0009_1.m3u8,,,,,CCTV9,,,,,,TianmuTNT.txt
CCTV9,http://123.129.70.178:9901/tsfile/live/0009_1.m3u8,,,,,CCTV9,,,,,,TianmuTNT.txt
CCTV9,http://61.136.172.236:9901/tsfile/live/0009_1.m3u8,,,,,CCTV9,,,,,,TianmuTNT.txt
CGTN,http://english-livetx.cgtn.com/hls/yypdyyctzb_hd.m3u8,,,,,CGTN,,,,,,TianmuTNT.txt
CGTN,https://0472.org/hls/cgtn.m3u8,,,,,CGTN,,,,,,TianmuTNT.txt
CGTN俄语,https://0472.org/hls/cgtne.m3u8,,,,,CGTN俄语,,,,,,TianmuTNT.txt
CGTN俄语,http://russian-livews.cgtn.com/hls/LSvexABhNipibK5KRuUkvHZ7220802LSTeze9o8tdFXMHsb1VosgoT220802cd.m3u8,,,,,CGTN俄语,,,,,,TianmuTNT.txt
CGTN法语,http://espanol-liveali.cgtn.com/hls/LSveOGBaBw41Ea7ukkVAUdKQ220802LSTexu6xAuFH8VZNBLE1ZNEa220802cd.m3u8,,,,,CGTN法语,,,,,,TianmuTNT.txt
CGTN法语,https://0472.org/hls/cgtnf.m3u8,,,,,CGTN法语,,,,,,TianmuTNT.txt
CGTN纪录,https://0472.org/hls/cgtnd.m3u8,,,,,CGTN纪录,,,,,,TianmuTNT.txt
CGTN纪录,https://english-livetx.cgtn.com/hls/yypdjlctzb_hd.m3u8,,,,,CGTN纪录,,,,,,TianmuTNT.txt
CGTN西语,https://0472.org/hls/cgtnx.m3u8,,,,,CGTN西语,,,,,,TianmuTNT.txt
CGTN阿语,https://0472.org/hls/cgtna.m3u8,,,,,CGTN阿语,,,,,,TianmuTNT.txt
CHC家庭影院,http://61.162.52.6:8088/newlive/live/hls/60/live.m3u8,,,,,CHC家庭影院,,,,,,TianmuTNT.txt
CHC电影,http://183.237.95.108:9901/tsfile/live/1008_1.m3u8?key=txiptv&playlive=0&authid=0,,,,,CHC电影,,,,,,TianmuTNT.txt
万荣综合,http://60.222.246.220:19433/hls1.m3u8,,,,,万荣综合,,,,,,TianmuTNT.txt
上海卫视,http://112.27.235.94:8000/hls/28/index.m3u8,,,,,上海卫视,,,,,,TianmuTNT.txt
上虞文化影院,http://l.cztvcloud.com/channels/lantian/SXshangyu2/720p.m3u8?zzhed,,,,,上虞文化影院,,,,,,TianmuTNT.txt
上虞文化影院,http://l.cztvcloud.com/channels/lantian/SXshangyu2/720p.m3u8,,,,,上虞文化影院,,,,,,TianmuTNT.txt
上虞新商都,http://l.cztvcloud.com/channels/lantian/SXshangyu3/720p.m3u8?zzhed,,,,,上虞新商都,,,,,,TianmuTNT.txt
上虞新商都,http://l.cztvcloud.com/channels/lantian/SXshangyu3/720p.m3u8,,,,,上虞新商都,,,,,,TianmuTNT.txt
东丰,http://stream5.jlntv.cn/df/sd/live.m3u8?zjild,,,,,东丰,,,,,,TianmuTNT.txt
东丰综合,http://stream3.jlntv.cn:80/aac_dfgb/playlist.m3u8,,,,,东丰综合,,,,,,TianmuTNT.txt
东南卫视,http://123.129.70.178:9901/tsfile/live/0137_1.m3u8,,,,,东南卫视,,,,,,TianmuTNT.txt
东南卫视,http://36.32.174.67:60080/newlive/live/hls/33/live.m3u8,,,,,东南卫视,,,,,,TianmuTNT.txt
东南卫视,http://112.27.235.94:8000/hls/38/index.m3u8,,,,,东南卫视,,,,,,TianmuTNT.txt
东南卫视,http://123.130.84.106:8154/tsfile/live/0137_1.m3u8,,,,,东南卫视,,,,,,TianmuTNT.txt
东方卫视,http://bp-resource-dfl.bestv.cn/155/3/video.m3u8,,,,,东方卫视,,,,,,TianmuTNT.txt
东方卫视,http://bp-resource-dfl.bestv.cn/148/3/video.m3u8,,,,,东方卫视,,,,,,TianmuTNT.txt
东方卫视,http://123.129.70.178:9901/tsfile/live/0107_1.m3u8,,,,,东方卫视,,,,,,TianmuTNT.txt
东方卫视,http://222.169.85.8:9901/tsfile/live/0018_1.m3u8,,,,,东方卫视,,,,,,TianmuTNT.txt
东方卫视,http://36.32.174.67:60080/newlive/live/hls/24/live.m3u8,,,,,东方卫视,,,,,,TianmuTNT.txt
东方卫视4K,https://bp-resource-dfl.bestv.cn/148/3/video.m3u8,,,,,东方卫视4K,,,,,,TianmuTNT.txt
东莞新闻综合,https://stream.sun0769.com/dgrtv1/mp4tv1_800/index.m3u8,,,,,东莞新闻综合,,,,,,TianmuTNT.txt
东莞生活资讯,https://stream.sun0769.com/dgrtv1/mp4tv2_800/index.m3u8,,,,,东莞生活资讯,,,,,,TianmuTNT.txt
中国村庄,http://newcntv.qcloudcdn.com/asp/hls/4000/0303000a/3/default/93fc12dbf14241c18c23da104fbade23/4000.m3u8,,,,,中国村庄,,,,,,TianmuTNT.txt
中国蓝新闻,http://ali-m-l.cztv.com/channels/lantian/channel009/1080p.m3u8,,,,,中国蓝新闻,,,,,,TianmuTNT.txt
中央电视塔东,https://gcalic.v.myalicdn.com/gc/ztd_1/index.m3u8,,,,,中央电视塔东,,,,,,TianmuTNT.txt
中央电视塔南,https://gcalic.v.myalicdn.com/gc/ztn_1/index.m3u8,,,,,中央电视塔南,,,,,,TianmuTNT.txt
丽江古城万古楼遥望玉龙雪山,https://gcalic.v.myalicdn.com/gc/ljgcwglytylxs_1/index.m3u8,,,,,丽江古城万古楼遥望玉龙雪山,,,,,,TianmuTNT.txt
丽江古城大水车,https://gcalic.v.myalicdn.com/gc/ljgcdsc_1/index.m3u8,,,,,丽江古城大水车,,,,,,TianmuTNT.txt
丽江古城大研花巷观景,https://gcalic.v.myalicdn.com/gc/ljgcdyhxgjt_1/index.m3u8,,,,,丽江古城大研花巷观景,,,,,,TianmuTNT.txt
义乌新闻综合,https://44911.hlsplay.aodianyun.com/tv_radio_44911/tv_channel_1796.m3u8?auth_key=4830573978-0-0-92824c2c03f95906a3c49a4aa28f1709&extra_key=Yc1XsmxOKy2UBoPM4Wy5vCPsEYqnj06taCR2SRB2Xrg2w28NPilH03KdIbbM5wgSql-VBohSnoO9AOKl94q2t2DWMftz-XB-2qUX-UjXcS80StcSZahBFjrKLivXaRjiY5r2NOMKWMKFbv-S0Bz2G6iEXgCK8yGjtrFHDcPfAQEE0pvXq0Bwy34b7We8zARN&ali_ffmpeg_version=mpengine,,,,,义乌新闻综合,,,,,,TianmuTNT.txt
乌镇全景,https://gcalic.v.myalicdn.com/gc/zjwzblt_1/index.m3u8,,,,,乌镇全景,,,,,,TianmuTNT.txt
乌镇蓝印花布,https://gcalic.v.myalicdn.com/gc/zjwzlyhb_1/index.m3u8,,,,,乌镇蓝印花布,,,,,,TianmuTNT.txt
乌镇西市河,https://gcalic.v.myalicdn.com/gc/zjwzbblh_1/index.m3u8,,,,,乌镇西市河,,,,,,TianmuTNT.txt
乌镇龙形田,https://gcalic.v.myalicdn.com/gc/zjwzlxt_1/index.m3u8,,,,,乌镇龙形田,,,,,,TianmuTNT.txt
乐山大佛全景,https://gcalic.v.myalicdn.com/gc/lsdfgfl_1/index.m3u8,,,,,乐山大佛全景,,,,,,TianmuTNT.txt
九台,http://stream10.jlntv.cn/jiutaitv/sd/live.m3u8?zjild,,,,,九台,,,,,,TianmuTNT.txt
九台综合,http://stream10.jlntv.cn/jiutaitv/sd/live.m3u8,,,,,九台综合,,,,,,TianmuTNT.txt
云南丽江冰川,https://gcalic.v.myalicdn.com/gc/hkylxs05_1/index.m3u8,,,,,云南丽江冰川,,,,,,TianmuTNT.txt
云南丽江印象实景,https://gcalic.v.myalicdn.com/gc/hkylxs01_1/index.m3u8,,,,,云南丽江印象实景,,,,,,TianmuTNT.txt
云南丽江玉龙雪山,https://gcalic.v.myalicdn.com/gc/ylxs11_1/index.m3u8,,,,,云南丽江玉龙雪山,,,,,,TianmuTNT.txt
云南丽江玉龙雪山草甸,https://gcalic.v.myalicdn.com/gc/hkylxs06_1/index.m3u8,,,,,云南丽江玉龙雪山草甸,,,,,,TianmuTNT.txt
云南丽江蓝月谷,https://gcalic.v.myalicdn.com/gc/ylxs12_1/index.m3u8,,,,,云南丽江蓝月谷,,,,,,TianmuTNT.txt
云南卫视,http://36.32.174.67:60080/newlive/live/hls/45/live.m3u8,,,,,云南卫视,,,,,,TianmuTNT.txt
云南卫视,http://222.169.85.8:9901/tsfile/live/0119_1.m3u8,,,,,云南卫视,,,,,,TianmuTNT.txt
云南卫视,http://123.130.84.106:8154/tsfile/live/0119_1.m3u8,,,,,云南卫视,,,,,,TianmuTNT.txt
云南卫视,http://59.39.89.130:60901/tsfile/live/0125_18.m3u8?key=txiptv&playlive=1&authid=0,,,,,云南卫视,,,,,,TianmuTNT.txt
云南卫视,http://123.130.84.106:8154/tsfile/live/0119_1.m3u8?key=txiptv&playlive=1&authid=0,,,,,云南卫视,,,,,,TianmuTNT.txt
云南大理崇圣寺三塔中景,https://gcalic.v.myalicdn.com/gc/dlst03_1/index.m3u8,,,,,云南大理崇圣寺三塔中景,,,,,,TianmuTNT.txt
云南大理崇圣寺三塔远景,https://gcalic.v.myalicdn.com/gc/dlst01_1/index.m3u8,,,,,云南大理崇圣寺三塔远景,,,,,,TianmuTNT.txt
云南白沙远眺玉龙雪山,https://gcalic.v.myalicdn.com/gc/hkylxs03_1/index.m3u8,,,,,云南白沙远眺玉龙雪山,,,,,,TianmuTNT.txt
五彩池,https://gcalic.v.myalicdn.com/gc/hlwcc_1/index.m3u8,,,,,五彩池,,,,,,TianmuTNT.txt
人与自然,http://newcntv.qcloudcdn.com/asp/hls/1200/0303000a/3/default/1425e1d505654cb48ba82b807b221193/1200.m3u8,,,,,人与自然,,,,,,TianmuTNT.txt
人在囧途,https://vip.ffzy-play.com/20221018/1953_2d6ba500/index.m3u8,,,,,人在囧途,,,,,,TianmuTNT.txt
人在囧途之泰囧,https://vip.ffzy-play.com/20221018/1951_47e1adc8/index.m3u8,,,,,人在囧途之泰囧,,,,,,TianmuTNT.txt
人在囧途之港囧,https://vip.ffzy-play7.com/20230112/11082_fde1a94d/index.m3u8,,,,,人在囧途之港囧,,,,,,TianmuTNT.txt
人间卫视,https://5ddce30eb4b55.streamlock.net/bltvhd/bltv1/chunklist_w511254805.m3u8,,,,,人间卫视,,,,,,TianmuTNT.txt
人间卫视,http://61.216.67.119:1935/bltvhd/bltv1/chunklist_w1266569526.m3u,,,,,人间卫视,,,,,,TianmuTNT.txt
什邡新闻,http://live.sfrmt.com:85/live/zhpd.m3u8?zsicd,,,,,什邡新闻,,,,,,TianmuTNT.txt
仁寿综合,https://play.scrstv.com.cn/DT/live.m3u8?auth_key=60001724663204-0-0-c1cc4ded9841ac34f63cdbd3aec647ef,,,,,仁寿综合,,,,,,TianmuTNT.txt
倩女幽魂人间道,http://jsmov2.a.yximgs.com/bs3/video-hls/5250634317044855747_hlsb.m3u8,,,,,倩女幽魂人间道,,,,,,TianmuTNT.txt
倩女幽魂妖魔道,http://jsmov2.a.yximgs.com/bs3/video-hls/5232901391302199073_hlsb.m3u8,,,,,倩女幽魂妖魔道,,,,,,TianmuTNT.txt
倩女幽魂道道道,http://jsmov2.a.yximgs.com/bs3/video-hls/5216294367991385255_hlsb.m3u8,,,,,倩女幽魂道道道,,,,,,TianmuTNT.txt
八里沟风景区天界山玻璃栈道,https://gcalic.v.myalicdn.com/gc/blg03_1/index.m3u8,,,,,八里沟风景区天界山玻璃栈道,,,,,,TianmuTNT.txt
八里沟风景区桃花湾瀑布,https://gcalic.v.myalicdn.com/gc/blg05_1/index.m3u8,,,,,八里沟风景区桃花湾瀑布,,,,,,TianmuTNT.txt
六盘山红军长征景区,https://gcalic.v.myalicdn.com/gc/lpsgmjng01_1/index.m3u8,,,,,六盘山红军长征景区,,,,,,TianmuTNT.txt
兰溪新闻综合,http://l.cztvcloud.com/channels/lantian/SXlanxi1/720p.m3u8?zzhed,,,,,兰溪新闻综合,,,,,,TianmuTNT.txt
兵团五师双河影,https://liveout.btzx.com.cn/62ds9e/6o77s4.m3u8?zxinjd,,,,,兵团五师双河影,,,,,,TianmuTNT.txt
兵团五师双河新闻综合,http://liveout.btzx.com.cn/62ds9e/4nxdih.m3u8?fbl=,,,,,兵团五师双河新闻综合,,,,,,TianmuTNT.txt
兵团八师石河子新闻综合,http://124.88.144.73:1935/live/xwzh/playlist.m3u8?zxinjd,,,,,兵团八师石河子新闻综合,,,,,,TianmuTNT.txt
兵团卫视,http://218.13.170.98:9901/tsfile/live/0115_1.m3u8,,,,,兵团卫视,,,,,,TianmuTNT.txt
兵团卫视,http://183.11.239.36:808/hls/7/index.m3u8,,,,,兵团卫视,,,,,,TianmuTNT.txt
内蒙古卫视,http://cssbyd.imwork.net:8082/hls/44/index.m3u8,,,,,内蒙古卫视,,,,,,TianmuTNT.txt
内蒙古卫视,http://123.130.84.106:8154/tsfile/live/0109_1.m3u8,,,,,内蒙古卫视,,,,,,TianmuTNT.txt
内蒙古卫视,http://123.130.84.106:8154/tsfile/live/0109_1.m3u8?key=txiptv&playlive=1&authid=0,,,,,内蒙古卫视,,,,,,TianmuTNT.txt
内蒙古卫视,http://112.27.235.94:8000/hls/49/index.m3u8,,,,,内蒙古卫视,,,,,,TianmuTNT.txt
内蒙古卫视,http://111.61.236.247:9081/hls/48/index.m3u8,,,,,内蒙古卫视,,,,,,TianmuTNT.txt
农林卫视,http://124.116.183.146:9901/tsfile/live/1004_1.m3u8,,,,,农林卫视,,,,,,TianmuTNT.txt
农林卫视,http://124.116.183.146:9901/tsfile/live/1004_1.m3u8?key=txiptv&playlive=1&authid=0,,,,,农林卫视,,,,,,TianmuTNT.txt
冰冰影剧,http://www.goodiptv.club/douyu/74374,,,,,冰冰影剧,,,,,,TianmuTNT.txt
凤凰中文,http://play-flive.ifeng.com/live/06OLEGEGM4G.m3u8,,,,,凤凰中文,,,,,,TianmuTNT.txt
凤凰资讯,http://play-flive.ifeng.com/live/06OLEEWQKN4.m3u8,,,,,凤凰资讯,,,,,,TianmuTNT.txt
刀刀影院,http://www.goodiptv.club/douyu/747764,,,,,刀刀影院,,,,,,TianmuTNT.txt
北京卫视,http://123.129.70.178:9901/tsfile/live/0122_1.m3u8,,,,,北京卫视,,,,,,TianmuTNT.txt
北京卫视,http://222.169.85.8:9901/tsfile/live/0017_1.m3u8,,,,,北京卫视,,,,,,TianmuTNT.txt
北京卫视,http://112.27.235.94:8000/hls/27/index.m3u8,,,,,北京卫视,,,,,,TianmuTNT.txt
北京卫视,http://182.150.23.74:808/hls/17/index.m3u8,,,,,北京卫视,,,,,,TianmuTNT.txt
北京生活,https://wstvcpudali.v.myalicdn.com/wstvcpud/udrmbtv7_1/index.m3u8?adapt=0&BR=audio,,,,,北京生活,,,,,,TianmuTNT.txt
华语影视,http://www.goodiptv.club/douyu/3928,,,,,华语影视,,,,,,TianmuTNT.txt
南京玄武湖公园,https://gcalic.v.myalicdn.com/gc/xwh01_1/index.m3u8,,,,,南京玄武湖公园,,,,,,TianmuTNT.txt
南国都市,https://tencentplay.gztv.com/live/nanguodushi.m3u8?txSecret=550af55c0ea34ce492748481415b6dfa&txTime=1903e7b17de,,,,,南国都市,,,,,,TianmuTNT.txt
南国都市,http://tencentplay.gztv.com/live/nanguodushi.m3u8?txSecret=140110ae3d6c936a77f94c4f4d85b0d3&txTime=18d57929bd4,,,,,南国都市,,,,,,TianmuTNT.txt
卡酷少儿,http://218.13.170.98:9901/tsfile/live/1021_1.m3u8,,,,,卡酷少儿,,,,,,TianmuTNT.txt
厦门卫视,http://183.11.239.36:808/hls/17/index.m3u8,,,,,厦门卫视,,,,,,TianmuTNT.txt
厦门鼓浪屿,https://gcalic.v.myalicdn.com/gc/gly01_1/index.m3u8,,,,,厦门鼓浪屿,,,,,,TianmuTNT.txt
双辽,http://stream5.jlntv.cn/sl/sd/live.m3u8?zjild,,,,,双辽,,,,,,TianmuTNT.txt
双辽综合,http://stream3.jlntv.cn:80/aac_slgb/playlist.m3u8,,,,,双辽综合,,,,,,TianmuTNT.txt
古县综合,https://l2fpdktp.live.sxmty.com/live/hls/e4c3b363cc4549788e2d983f403e07db/d99ce1eb686e41b9afc888110bd95aa7.m3u8?zshanxd,,,,,古县综合,,,,,,TianmuTNT.txt
古装武侠,http://www.goodiptv.club/douyu/2793084,,,,,古装武侠,,,,,,TianmuTNT.txt
句容党建,http://jrlive.jrntv.com/live/_definst_/dangjians/playlist.m3u8?%E5%85%B3%E6%B3%A8%E5%BE%AE%E4%BF%A1%E5%85%AC%E4%BC%97%E5%8F%B7[%E6%99%B4%E5%9B%AD],,,,,句容党建,,,,,,TianmuTNT.txt
句容影院,http://jrlive.jrntv.com/live/_definst_/yingshis/chunklist_w1994429382.m3u8?zjiangsd,,,,,句容影院,,,,,,TianmuTNT.txt
句容生活,http://jrlive.jrntv.com/live/_definst_/shenghuos/playlist.m3u8?%E5%85%B3%E6%B3%A8%E5%BE%AE%E4%BF%A1%E5%85%AC%E4%BC%97%E5%8F%B7[%E6%99%B4%E5%9B%AD],,,,,句容生活,,,,,,TianmuTNT.txt
可克达拉综合,http://file.loulannews.cn/nmip-media/channellive/channel103824/playlist.m3u8,,,,,可克达拉综合,,,,,,TianmuTNT.txt
合肥新闻,http://112.27.235.94:8000/hls/18/index.m3u8,,,,,合肥新闻,,,,,,TianmuTNT.txt
吉林卫视,http://cssbyd.imwork.net:8082/hls/41/index.m3u8,,,,,吉林卫视,,,,,,TianmuTNT.txt
吉林卫视,http://61.136.172.236:9901/tsfile/live/0116_1.m3u8,,,,,吉林卫视,,,,,,TianmuTNT.txt
吉林卫视,http://59.39.89.130:60901/tsfile/live/0125_19.m3u8?key=txiptv&playlive=1&authid=0,,,,,吉林卫视,,,,,,TianmuTNT.txt
吉林卫视,http://61.136.172.236:9901/tsfile/live/0116_1.m3u8?key=txiptv&playlive=1&authid=0,,,,,吉林卫视,,,,,,TianmuTNT.txt
吉林卫视,http://123.130.84.106:8154/tsfile/live/0116_1.m3u8,,,,,吉林卫视,,,,,,TianmuTNT.txt
哈密一套,https://tvpull.hmgbtv.com/hmtv/channel9cd66b3d5d258b2b.flv,,,,,哈密一套,,,,,,TianmuTNT.txt
哈尔滨娱乐,https://stream.hrbtv.net/ylpd/sd/live.m3u8,,,,,哈尔滨娱乐,,,,,,TianmuTNT.txt
哈尔滨娱乐,http://stream.hrbtv.net/ylpd/sd/live.m3u8?zheild,,,,,哈尔滨娱乐,,,,,,TianmuTNT.txt
哈尔滨影视,http://stream.hrbtv.net/yspd/sd/live.m3u8?zheild,,,,,哈尔滨影视,,,,,,TianmuTNT.txt
哈尔滨新闻综合,http://stream.hrbtv.net/xwzh/sd/live.m3u8?zheild,,,,,哈尔滨新闻综合,,,,,,TianmuTNT.txt
哈尔滨生活,http://111.43.126.240:9003/hls/3/index.m3u8,,,,,哈尔滨生活,,,,,,TianmuTNT.txt
哈尔滨生活,http://stream.hrbtv.net/shpd/sd/live.m3u8?zheild,,,,,哈尔滨生活,,,,,,TianmuTNT.txt
哈尔滨资讯,http://stream.hrbtv.net/zxpd/sd/live.m3u8,,,,,哈尔滨资讯,,,,,,TianmuTNT.txt
哈尔滨都市咨询,http://stream.hrbtv.net/zxpd/sd/live.m3u8?zheild,,,,,哈尔滨都市咨询,,,,,,TianmuTNT.txt
嘉兴新闻综合,http://tvfile.jyrmt.cn:80/nmip-media/channellive/channel104452/playlist.m3u8,,,,,嘉兴新闻综合,,,,,,TianmuTNT.txt
四川卫视,http://222.169.85.8:9901/tsfile/live/0123_1.m3u8,,,,,四川卫视,,,,,,TianmuTNT.txt
四川卫视,http://123.130.84.106:8154/tsfile/live/0123_1.m3u8,,,,,四川卫视,,,,,,TianmuTNT.txt
四川卫视,http://61.136.172.236:9901/tsfile/live/0123_1.m3u8,,,,,四川卫视,,,,,,TianmuTNT.txt
四川卫视,http://59.39.89.130:60901/tsfile/live/0125_16.m3u8?key=txiptv&playlive=1&authid=0,,,,,四川卫视,,,,,,TianmuTNT.txt
四川卫视,http://123.130.84.106:8154/tsfile/live/0123_1.m3u8?key=txiptv&playlive=1&authid=0,,,,,四川卫视,,,,,,TianmuTNT.txt
四川四姑娘山隆珠措,https://gcalic.v.myalicdn.com/gc/sgns02_1/index.m3u8,,,,,四川四姑娘山隆珠措,,,,,,TianmuTNT.txt
四川峨眉山云海日出,https://gcalic.v.myalicdn.com/gc/emsarm_1/index.m3u8,,,,,四川峨眉山云海日出,,,,,,TianmuTNT.txt
四川峨眉山普贤菩萨铜像,https://gcalic.v.myalicdn.com/gc/emspxps_1/index.m3u8,,,,,四川峨眉山普贤菩萨铜像,,,,,,TianmuTNT.txt
四川峨眉山远眺万佛顶,https://gcalic.v.myalicdn.com/gc/emswfs_1/index.m3u8,,,,,四川峨眉山远眺万佛顶,,,,,,TianmuTNT.txt
四川峨眉山远眺贡嘎雪山,https://gcalic.v.myalicdn.com/gc/emsyh_1/index.m3u8,,,,,四川峨眉山远眺贡嘎雪山,,,,,,TianmuTNT.txt
四川科教,http://182.150.115.21:8030/pcgacg/pcgacg_0.m3u8,,,,,四川科教,,,,,,TianmuTNT.txt
固镇新闻,http://www.guzhenm.com:7001/hls/hd-live.m3u8?%E5%85%B3%E6%B3%A8%E5%BE%AE%E4%BF%A1%E5%85%AC%E4%BC%97%E5%8F%B7[%E6%99%B4%E5%9B%AD],,,,,固镇新闻,,,,,,TianmuTNT.txt
地理中国,http://newcntv.qcloudcdn.com/asp/hls/1200/0303000a/3/default/c6baf6f74bb944aeacee1065ea72c798/1200.m3u8,,,,,地理中国,,,,,,TianmuTNT.txt
大宁综合,http://live.daningtv.com/aac_dngb/playlist.m3u8,,,,,大宁综合,,,,,,TianmuTNT.txt
大湾区卫视,http://222.128.55.152:9080/live/dwq.m3u8,,,,,大湾区卫视,,,,,,TianmuTNT.txt
大湾区卫视,http://gmxw.7766.org:808/hls/132/index.m3u8,,,,,大湾区卫视,,,,,,TianmuTNT.txt
大湾区卫视,http://183.11.239.36:808/hls/132/index.m3u8,,,,,大湾区卫视,,,,,,TianmuTNT.txt
天津卫视,http://222.169.85.8:9901/tsfile/live/0135_1.m3u8,,,,,天津卫视,,,,,,TianmuTNT.txt
天津卫视,http://112.46.85.60:8009/hls/44/index.m3u8,,,,,天津卫视,,,,,,TianmuTNT.txt
天津卫视,http://124.116.183.146:9901/tsfile/live/0135_1.m3u8,,,,,天津卫视,,,,,,TianmuTNT.txt
天津卫视,http://123.130.84.106:8154/tsfile/live/0135_1.m3u8,,,,,天津卫视,,,,,,TianmuTNT.txt
天津卫视,http://61.136.172.236:9901/tsfile/live/0135_1.m3u8,,,,,天津卫视,,,,,,TianmuTNT.txt
天涯石,https://gcalic.v.myalicdn.com/gc/tyhjtys_1/index.m3u8,,,,,天涯石,,,,,,TianmuTNT.txt
太谷新闻综合,https://p2.vzan.com/slowlive/596867413819827251/live.m3u8?zbid=1725814272&amp;amp;tpid=1516989100&amp;amp;type=0,,,,,太谷新闻综合,,,,,,TianmuTNT.txt
夹江新闻综合,http://tvfile.jjrm.org.cn/nmip-media/channellive/channel106282/playlist.m3u8?zsicd,,,,,夹江新闻综合,,,,,,TianmuTNT.txt
奎屯哈萨克语,http://218.84.12.186:8002/hls/main/playlist.m3u8?zxinjd,,,,,奎屯哈萨克语,,,,,,TianmuTNT.txt
奎屯汉语,http://218.84.12.186:8001/hls/main/playlist.m3u8?zxinjd,,,,,奎屯汉语,,,,,,TianmuTNT.txt
宁夏卫视,http://cssbyd.imwork.net:8082/hls/45/index.m3u8,,,,,宁夏卫视,,,,,,TianmuTNT.txt
宁夏卫视,http://222.169.85.8:9901/tsfile/live/0112_1.m3u8,,,,,宁夏卫视,,,,,,TianmuTNT.txt
宁夏卫视,http://36.32.174.67:60080/newlive/live/hls/49/live.m3u8,,,,,宁夏卫视,,,,,,TianmuTNT.txt
宁夏卫视,http://183.11.239.36:808/hls/106/index.m3u8,,,,,宁夏卫视,,,,,,TianmuTNT.txt
宁夏卫视,http://111.61.236.247:9081/hls/51/index.m3u8,,,,,宁夏卫视,,,,,,TianmuTNT.txt
安徽卫视,http://222.169.85.8:9901/tsfile/live/0130_1.m3u8,,,,,安徽卫视,,,,,,TianmuTNT.txt
安徽卫视,http://123.129.70.178:9901/tsfile/live/0130_1.m3u8,,,,,安徽卫视,,,,,,TianmuTNT.txt
安徽卫视,http://182.150.23.74:808/hls/25/index.m3u8,,,,,安徽卫视,,,,,,TianmuTNT.txt
安徽卫视,http://124.116.183.146:9901/tsfile/live/0130_1.m3u8,,,,,安徽卫视,,,,,,TianmuTNT.txt
安徽卫视,http://123.130.84.106:8154/tsfile/live/0130_1.m3u8,,,,,安徽卫视,,,,,,TianmuTNT.txt
安徽导视,http://dspdhls.appcoo.com:8888/live/dspd/index.m3u8,,,,,安徽导视,,,,,,TianmuTNT.txt
安徽池州九华山风景区九华山,https://gcalic.v.myalicdn.com/gc/jhs05_1/index.m3u8,,,,,安徽池州九华山风景区九华山,,,,,,TianmuTNT.txt
安徽综艺体育,http://112.27.235.94:8000/hls/25/index.m3u8,,,,,安徽综艺体育,,,,,,TianmuTNT.txt
安徽黟县芦村远眺,https://gcalic.v.myalicdn.com/gc/yxlcyt_1/index.m3u8,,,,,安徽黟县芦村远眺,,,,,,TianmuTNT.txt
安徽黟县西递牌坊,https://gcalic.v.myalicdn.com/gc/yxxdpf_1/index.m3u8,,,,,安徽黟县西递牌坊,,,,,,TianmuTNT.txt
宜兴紫砂,http://3gvod.zjgonline.com.cn:1935/live/_definst_/xinwenzonghe_app/chunklist.m3u8,,,,,宜兴紫砂,,,,,,TianmuTNT.txt
寒战,https://vip.ffzy-play6.com/20221019/157_bf0740ee/index.m3u8,,,,,寒战,,,,,,TianmuTNT.txt
山东卫视,http://222.169.85.8:9901/tsfile/live/0131_1.m3u8,,,,,山东卫视,,,,,,TianmuTNT.txt
山东卫视,http://123.130.84.106:8154/tsfile/live/0131_1.m3u8,,,,,山东卫视,,,,,,TianmuTNT.txt
山东卫视,http://61.136.172.236:9901/tsfile/live/0131_1.m3u8,,,,,山东卫视,,,,,,TianmuTNT.txt
山东卫视,http://123.130.84.106:8154/tsfile/live/0131_1.m3u8?key=txiptv&playlive=1&authid=0,,,,,山东卫视,,,,,,TianmuTNT.txt
山东卫视,http://61.136.172.236:9901/tsfile/live/0131_1.m3u8?key=txiptv&playlive=1&authid=0,,,,,山东卫视,,,,,,TianmuTNT.txt
山西卫视,http://liveflash.sxrtv.com/live/sxwshd.m3u8?sub_m3u8=true&edge_slice=true,,,,,山西卫视,,,,,,TianmuTNT.txt
山西卫视,http://119.39.9.8:9901/tsfile/live/0118_1.m3u8,,,,,山西卫视,,,,,,TianmuTNT.txt
山西卫视,http://112.27.235.94:8000/hls/45/index.m3u8,,,,,山西卫视,,,,,,TianmuTNT.txt
常熟民生,http://3gvod.zjgonline.com.cn:1935/live/_definst_/shehuishenghuo_app/chunklist.m3u8,,,,,常熟民生,,,,,,TianmuTNT.txt
平湖新闻综合,http://l.cztvcloud.com/channels/lantian/SXpinghu1/720p.m3u8?zzhed,,,,,平湖新闻综合,,,,,,TianmuTNT.txt
广东体育,http://218.13.170.98:9901/tsfile/live/0019_1.m3u8,,,,,广东体育,,,,,,TianmuTNT.txt
广东体育,http://183.11.239.36:808/hls/2/index.m3u8,,,,,广东体育,,,,,,TianmuTNT.txt
广东卫视,http://222.169.85.8:9901/tsfile/live/0125_1.m3u8,,,,,广东卫视,,,,,,TianmuTNT.txt
广东卫视,http://123.130.84.106:8154/tsfile/live/0125_1.m3u8,,,,,广东卫视,,,,,,TianmuTNT.txt
广东卫视,http://124.116.183.146:9901/tsfile/live/0125_1.m3u8,,,,,广东卫视,,,,,,TianmuTNT.txt
广东卫视,http://61.136.172.236:9901/tsfile/live/0125_1.m3u8,,,,,广东卫视,,,,,,TianmuTNT.txt
广东卫视,http://59.39.89.130:60901/tsfile/live/0125_1.m3u8?key=txiptv&playlive=1&authid=0,,,,,广东卫视,,,,,,TianmuTNT.txt
广东少儿,http://gmxw.7766.org:808/hls/175/index.m3u8,,,,,广东少儿,,,,,,TianmuTNT.txt
广东民生,http://183.11.239.36:808/hls/18/index.m3u8,,,,,广东民生,,,,,,TianmuTNT.txt
广东珠江,http://gmxw.7766.org:808/hls/83/index.m3u8,,,,,广东珠江,,,,,,TianmuTNT.txt
广东珠江,http://183.11.239.36:808/hls/83/index.m3u8,,,,,广东珠江,,,,,,TianmuTNT.txt
广元综合,https://m3u8.channel.dzsm.com/nmip-media/channellive/channel100999/playlist.m3u8,,,,,广元综合,,,,,,TianmuTNT.txt
广州新闻,http://tencentplay.gztv.com/live/xinwen.m3u8?txSecret=d2c2db0b598c02ec1b5623728434d367&txTime=18d57929bd3,,,,,广州新闻,,,,,,TianmuTNT.txt
广西卫视,http://222.169.85.8:9901/tsfile/live/0113_1.m3u8,,,,,广西卫视,,,,,,TianmuTNT.txt
广西卫视,http://36.32.174.67:60080/newlive/live/hls/38/live.m3u8,,,,,广西卫视,,,,,,TianmuTNT.txt
广西卫视,http://123.130.84.106:8154/tsfile/live/0113_1.m3u8,,,,,广西卫视,,,,,,TianmuTNT.txt
广西卫视,http://61.136.172.236:9901/tsfile/live/0113_1.m3u8,,,,,广西卫视,,,,,,TianmuTNT.txt
广西卫视,http://123.130.84.106:8154/tsfile/live/0113_1.m3u8?key=txiptv&playlive=1&authid=0,,,,,广西卫视,,,,,,TianmuTNT.txt
广西桂林漓江景区,https://gcalic.v.myalicdn.com/gc/gllj01_1/index.m3u8,,,,,广西桂林漓江景区,,,,,,TianmuTNT.txt
广西玉林大容山莲花山顶,https://gcalic.v.myalicdn.com/gc/drs01_1/index.m3u8,,,,,广西玉林大容山莲花山顶,,,,,,TianmuTNT.txt
延边2,http://stream5.jlntv.cn/wq/playlist.m3u8,,,,,延边2,,,,,,TianmuTNT.txt
延边卫视,http://l.cztvcloud.com/channels/lantian/SXxinchang2/720p.m3u8#,,,,,延边卫视,,,,,,TianmuTNT.txt
延边卫视,http://gmxw.7766.org:808/hls/15/index.m3u8,,,,,延边卫视,,,,,,TianmuTNT.txt
张掖七彩丹霞,https://gcalic.v.myalicdn.com/gc/zyqcdx01_1/index.m3u8,,,,,张掖七彩丹霞,,,,,,TianmuTNT.txt
德惠综合,http://stream11.jlntv.cn/dehuitv/sd/live.m3u8,,,,,德惠综合,,,,,,TianmuTNT.txt
怀仁综合,https://1yp7hc5p.live.sxmty.com/live/hls/bff8529922344209985b6e49baa9555a/efa2543628fc4a7ea93d3d6c975f77dc-1.m3u8,,,,,怀仁综合,,,,,,TianmuTNT.txt
恒山悬空寺全景,https://gcalic.v.myalicdn.com/gc/hsxksqj_1/index.m3u8,,,,,恒山悬空寺全景,,,,,,TianmuTNT.txt
我不是药神,https://vip.ffzy-play1.com/20221018/478_c3afed66/index.m3u8,,,,,我不是药神,,,,,,TianmuTNT.txt
拆弹专家1,https://vip.ffzy-online.com/20221015/719_80ff87c2/index.m3u8,,,,,拆弹专家1,,,,,,TianmuTNT.txt
拆弹专家2,https://vip.ffzy-online.com/20221015/722_e32c42bc/index.m3u8,,,,,拆弹专家2,,,,,,TianmuTNT.txt
敦化一套,http://stream8.jlntv.cn/dhtv/playlist.m3u8,,,,,敦化一套,,,,,,TianmuTNT.txt
敦化一套,http://stream8.jlntv.cn/dhtv/playlist.m3u8?zjild,,,,,敦化一套,,,,,,TianmuTNT.txt
数码时代,http://ali-m-l.cztv.com/channels/lantian/channel012/1080p.m3u8,,,,,数码时代,,,,,,TianmuTNT.txt
新疆卫视,http://222.169.85.8:9901/tsfile/live/0110_1.m3u8,,,,,新疆卫视,,,,,,TianmuTNT.txt
新疆卫视,http://36.32.174.67:60080/newlive/live/hls/47/live.m3u8,,,,,新疆卫视,,,,,,TianmuTNT.txt
新疆卫视,http://218.84.12.186:8001/hls/main/playlist.m3u8?zxinjd;http://218.84.12.186:8001/hls/main/playlist.m3u8zxinjd,,,,,新疆卫视,,,,,,TianmuTNT.txt
新疆卫视,http://123.130.84.106:8154/tsfile/live/0110_1.m3u8?key=txiptv&playlive=1&authid=0,,,,,新疆卫视,,,,,,TianmuTNT.txt
新疆卫视,http://183.11.239.36:808/hls/65/index.m3u8,,,,,新疆卫视,,,,,,TianmuTNT.txt
新疆天山,http://gctxyc.liveplay.myqcloud.com/gc/xjtcdhsz_1/index.m3u8,,,,,新疆天山,,,,,,TianmuTNT.txt
新闻综合,https://m3u8channel.yunxya.com/nmip-media/channellive/channel100028/playlist.m3u8,,,,,新闻综合,,,,,,TianmuTNT.txt
普陀山,https://gcalic.v.myalicdn.com/gc/pts01_1/index.m3u8,,,,,普陀山,,,,,,TianmuTNT.txt
月牙泉,https://gcalic.v.myalicdn.com/gc/dhyyqsm_1/index.m3u8,,,,,月牙泉,,,,,,TianmuTNT.txt
望乡台,https://gcalic.v.myalicdn.com/gc/hlwxt_1/index.m3u8,,,,,望乡台,,,,,,TianmuTNT.txt
朝天综合,https://m3u8.channel.dzsm.com/nmip-media/channellive/channel104601/playlist.m3u8,,,,,朝天综合,,,,,,TianmuTNT.txt
来宾综合,http://zb.gxlbamc.com:1935/live/lbzh.stream/playlist.m3u8,,,,,来宾综合,,,,,,TianmuTNT.txt
柳河,http://stream5.jlntv.cn/lh/sd/live.m3u8?zjild,,,,,柳河,,,,,,TianmuTNT.txt
柳河综合,http://stream3.jlntv.cn:80/aac_lhgb/sd/live.m3u8,,,,,柳河综合,,,,,,TianmuTNT.txt
桦甸,http://stream10.jlntv.cn/huadian/sd/live.m3u8?zjild,,,,,桦甸,,,,,,TianmuTNT.txt
桦甸综合,http://stream9.jlntv.cn:80/aac_huadiangb/playlist.m3u8,,,,,桦甸综合,,,,,,TianmuTNT.txt
梅河口综合,http://stream3.jlntv.cn:80/aac_mhkgb/playlist.m3u8,,,,,梅河口综合,,,,,,TianmuTNT.txt
橙记港剧,http://www.goodiptv.club/douyu/4549169,,,,,橙记港剧,,,,,,TianmuTNT.txt
武进生活,http://live.wjyanghu.com/live/CH2.m3u8,,,,,武进生活,,,,,,TianmuTNT.txt
永嘉新闻综合,http://l.cztvcloud.com/channels/lantian/SXyongjia1/720p.m3u8,,,,,永嘉新闻综合,,,,,,TianmuTNT.txt
江夏新闻综合,http://59.175.226.142:280/gb28181/xwzh.m3u8?zhubd,,,,,江夏新闻综合,,,,,,TianmuTNT.txt
江津新闻,http://222.179.155.21:1935/ch1.m3u8?zzhongqd,,,,,江津新闻,,,,,,TianmuTNT.txt
江苏南京牛首山,https://gcalic.v.myalicdn.com/gc/nss01_1/index.m3u8,,,,,江苏南京牛首山,,,,,,TianmuTNT.txt
江苏卫视,http://123.129.70.178:9901/tsfile/live/0127_1.m3u8,,,,,江苏卫视,,,,,,TianmuTNT.txt
江苏卫视,http://112.46.85.60:8009/hls/33/index.m3u8,,,,,江苏卫视,,,,,,TianmuTNT.txt
江苏卫视,http://222.169.85.8:9901/tsfile/live/0127_1.m3u8,,,,,江苏卫视,,,,,,TianmuTNT.txt
江苏卫视,http://123.130.84.106:8154/tsfile/live/0127_1.m3u8,,,,,江苏卫视,,,,,,TianmuTNT.txt
江苏卫视,http://218.13.170.98:9901/tsfile/live/1003_1.m3u8,,,,,江苏卫视,,,,,,TianmuTNT.txt
江苏徐州云龙湖风景区云龙山观景台西,https://gcalic.v.myalicdn.com/gc/ylh04_1/index.m3u8,,,,,江苏徐州云龙湖风景区云龙山观景台西,,,,,,TianmuTNT.txt
江西卫视,http://36.32.174.67:60080/newlive/live/hls/31/live.m3u8,,,,,江西卫视,,,,,,TianmuTNT.txt
江西卫视,http://222.169.85.8:9901/tsfile/live/0138_1.m3u8,,,,,江西卫视,,,,,,TianmuTNT.txt
江西卫视,http://112.27.235.94:8000/hls/44/index.m3u8,,,,,江西卫视,,,,,,TianmuTNT.txt
江西卫视,http://61.136.172.236:9901/tsfile/live/0138_1.m3u8,,,,,江西卫视,,,,,,TianmuTNT.txt
江西卫视,http://36.32.174.67:60080/newlive/live/hls/22/live.m3u8,,,,,江西卫视,,,,,,TianmuTNT.txt
汪清,http://stream5.jlntv.cn/wq/sd/live.m3u8?zjild,,,,,汪清,,,,,,TianmuTNT.txt
汪清综合,http://stream5.jlntv.cn/wq/sd/live.m3u8,,,,,汪清综合,,,,,,TianmuTNT.txt
河北卫视,http://36.32.174.67:60080/newlive/live/hls/36/live.m3u8,,,,,河北卫视,,,,,,TianmuTNT.txt
河北卫视,http://123.130.84.106:8154/tsfile/live/0117_1.m3u8,,,,,河北卫视,,,,,,TianmuTNT.txt
河北卫视,http://61.136.172.236:9901/tsfile/live/0117_1.m3u8,,,,,河北卫视,,,,,,TianmuTNT.txt
河北卫视,http://123.130.84.106:8154/tsfile/live/0117_1.m3u8?key=txiptv&playlive=1&authid=0,,,,,河北卫视,,,,,,TianmuTNT.txt
河北卫视,http://61.136.172.236:9901/tsfile/live/0117_1.m3u8?key=txiptv&playlive=1&authid=0,,,,,河北卫视,,,,,,TianmuTNT.txt
河北都市,https://radio.pull.hebtv.com/live/hebnczx.m3u8,,,,,河北都市,,,,,,TianmuTNT.txt
河南卫视,http://tvpull.dxhmt.cn:9081/tv/11425-1.m3u8,,,,,河南卫视,,,,,,TianmuTNT.txt
河南卫视,http://112.27.235.94:8000/hls/37/index.m3u8,,,,,河南卫视,,,,,,TianmuTNT.txt
河南卫视,http://111.61.236.247:9081/hls/33/index.m3u8,,,,,河南卫视,,,,,,TianmuTNT.txt
河南卫视,http://123.130.84.106:8154/tsfile/live/0139_1.m3u8,,,,,河南卫视,,,,,,TianmuTNT.txt
河南卫视,http://61.136.172.236:9901/tsfile/live/0139_1.m3u8,,,,,河南卫视,,,,,,TianmuTNT.txt
河源公共,http://tmpstream.hyrtv.cn/hygg/sd/live.m3u8,,,,,河源公共,,,,,,TianmuTNT.txt
河源综合,http://tmpstream.hyrtv.cn/xwzh/sd/live.m3u8,,,,,河源综合,,,,,,TianmuTNT.txt
泗阳综合,http://3739115337.cloudvdn.com/a.m3u8?domain=siyang-tv-hls.cm.jstv.com&player=nwEAAKHdjSKP_58X&secondToken=secondToken%3A5FUijZmDyNMxtCDdne0YzSAwjuw&streamid=siyang-tv%3Asiyang-tv%2Fsiyangzh&v3=1,,,,,泗阳综合,,,,,,TianmuTNT.txt
泰山主峰,https://gcalic.v.myalicdn.com/gc/taishan01_1/index.m3u8,,,,,泰山主峰,,,,,,TianmuTNT.txt
泰山十八盘,https://gcalic.v.myalicdn.com/gc/taishan05_1/index.m3u8,,,,,泰山十八盘,,,,,,TianmuTNT.txt
泰山南天门,https://gcalic.v.myalicdn.com/gc/hkts07_1/index.m3u8,,,,,泰山南天门,,,,,,TianmuTNT.txt
泰山大观峰,https://gcalic.v.myalicdn.com/gc/taishan03_1/index.m3u8,,,,,泰山大观峰,,,,,,TianmuTNT.txt
泰山太平岭,https://gcalic.v.myalicdn.com/gc/hkts09_1/index.m3u8,,,,,泰山太平岭,,,,,,TianmuTNT.txt
泰山望人松,https://gcalic.v.myalicdn.com/gc/taishan02_1/index.m3u8,,,,,泰山望人松,,,,,,TianmuTNT.txt
泰山玉皇顶,https://gcalic.v.myalicdn.com/gc/taishan06_1/index.m3u8,,,,,泰山玉皇顶,,,,,,TianmuTNT.txt
泰山白云亭悬崖,https://gcalic.v.myalicdn.com/gc/hkts02_1/index.m3u8,,,,,泰山白云亭悬崖,,,,,,TianmuTNT.txt
泰山碧霞祠,https://gcalic.v.myalicdn.com/gc/hkts03_1/index.m3u8,,,,,泰山碧霞祠,,,,,,TianmuTNT.txt
津南一套,http://play.jinnantv.top/live/JNTV1.m3u8?ztianjd,,,,,津南一套,,,,,,TianmuTNT.txt
浙江公共新闻,http://ali-m-l.cztv.com/channels/lantian/channel07/1080p.m3u8,,,,,浙江公共新闻,,,,,,TianmuTNT.txt
