频道名,地址,回播地址,回播类型,回播天数,tvg-id,tvg-name,国家分组,语言分组,图标,原分组,分辨率,来源文件
[VGA]風雲恐怖電影,https://t.freetv.fun/live/feng-yun-kong-bu-dian-ying.php,,,,,恐怖電影臺,Hong Kong,Hong Kong,https://epg.pw/media/img/logo/2013/10/30/1dac9c985c376b0155f0f81c2dbcb781.png,Movies,,freetv-fun-all.txt
[VGA]惠州1,https://t.freetv.fun/live/hui-zhou-1.m3u8,,,,,惠州1套,China,China,https://epg.pw/media/images/channel/2024/03/14/large/20240314055202199538_31.png,Other,,freetv-fun-all.txt
[VGA]惠州1,https://t.freetv.fun/live/hui-zhou-1-1.m3u8,,,,,惠州1套,China,China,https://epg.pw/media/images/channel/2024/03/14/large/20240314055202199538_31.png,Other,,freetv-fun-all.txt
[VGA]惠州2,https://t.freetv.fun/live/hui-zhou-2-1.m3u8,,,,,惠州2套,China,China,https://epg.pw/media/images/channel/2024/03/14/large/20240314055222818757_23.png,Other,,freetv-fun-all.txt
[VGA]惠州2,https://t.freetv.fun/live/hui-zhou-2-1-1.m3u8,,,,,惠州2套,China,China,https://epg.pw/media/images/channel/2024/03/14/large/20240314055222818757_23.png,Other,,freetv-fun-all.txt
[VGA]爱奇艺,https://t.freetv.fun/live/ai-qi-yi.php,,,,3290,愛奇藝,Malaysia,Malaysia,https://epg.pw/media/images/channel/2024/01/03/large/20240103202710753007_26.jpg,Movies,,freetv-fun-all.txt
[BD]爱奇艺,https://t.freetv.fun/live/ai-qi-yi-1.php,,,,3290,愛奇藝,Malaysia,Malaysia,https://epg.pw/media/images/channel/2024/01/03/large/20240103202710753007_26.jpg,Movies,,freetv-fun-all.txt
[VGA]爱奇艺,https://t.freetv.fun/live/ai-qi-yi-2.php,,,,3290,愛奇藝,Malaysia,Malaysia,https://epg.pw/media/images/channel/2024/01/03/large/20240103202710753007_26.jpg,Movies,,freetv-fun-all.txt
[BD]爱奇艺 *b,https://t.freetv.fun/live/ai-qi-yi-b.m3u8,,,,3290,愛奇藝,Malaysia,Malaysia,https://epg.pw/media/images/channel/2024/01/03/large/20240103202710753007_26.jpg,Movies,,freetv-fun-all.txt
[VGA]爱奇艺 *ee,https://t.freetv.fun/live/ai-qi-yi-ee.php,,,,3290,愛奇藝,Malaysia,Malaysia,https://epg.pw/media/images/channel/2024/01/03/large/20240103202710753007_26.jpg,Movies,,freetv-fun-all.txt
[VGA]愛奇藝,https://t.freetv.fun/live/ai-qi-yi-3.php,,,,3290,愛奇藝,Malaysia,Malaysia,https://epg.pw/media/images/channel/2024/01/03/large/20240103202710753007_26.jpg,Movies,,freetv-fun-all.txt
[BD]成都公共,https://t.freetv.fun/live/cheng-du-gong-gong-1.php,,,,,成都公共,China,China,https://epg.pw/media/images/channel/2022/05/28/large/20220528221648977814_77.jpg,Generic,,freetv-fun-all.txt
[VGA]成都公共,https://t.freetv.fun/live/cheng-du-gong-gong-1.m3u8,,,,,成都公共,China,China,https://epg.pw/media/images/channel/2022/05/28/large/20220528221648977814_77.jpg,Generic,,freetv-fun-all.txt
[VGA]成都公共,https://t.freetv.fun/live/cheng-du-gong-gong-1-1.m3u8,,,,,成都公共,China,China,https://epg.pw/media/images/channel/2022/05/28/large/20220528221648977814_77.jpg,Generic,,freetv-fun-all.txt
[HD]成都少儿,https://t.freetv.fun/live/cheng-du-shao-er-1.php,,,,,成都少兒,China,China,https://epg.pw/media/images/channel/2022/05/28/large/20220528221926923762_84.jpg,Other,,freetv-fun-all.txt
[VGA]成都少儿,https://t.freetv.fun/live/cheng-du-shao-er-1.m3u8,,,,,成都少兒,China,China,https://epg.pw/media/images/channel/2022/05/28/large/20220528221926923762_84.jpg,Other,,freetv-fun-all.txt
[HD]成都影视文艺,https://t.freetv.fun/live/cheng-du-ying-shi-wen-yi-1.php,,,,,成都影視文藝,China,China,https://epg.pw/media/images/channel/2022/05/28/large/20220528222114088586_70.jpg,Other,,freetv-fun-all.txt
[VGA]成都影视,https://t.freetv.fun/live/cheng-du-ying-shi-1.m3u8,,,,,成都影視文藝,China,China,https://epg.pw/media/images/channel/2022/05/28/large/20220528222114088586_70.jpg,Other,,freetv-fun-all.txt
[VGA]成都影视,https://t.freetv.fun/live/cheng-du-ying-shi-2.m3u8,,,,,成都影視文藝,China,China,https://epg.pw/media/images/channel/2022/05/28/large/20220528222114088586_70.jpg,Other,,freetv-fun-all.txt
[VGA]成都影视,https://t.freetv.fun/live/cheng-du-ying-shi.m3u8,,,,,成都影視文藝,China,China,https://epg.pw/media/images/channel/2022/05/28/large/20220528222114088586_70.jpg,Entertainment,,freetv-fun-all.txt
[BD]郫都新闻综合,https://t.freetv.fun/live/pi-du-xin-wen-zong-he-1.php,,,,,成都新聞綜合,China,China,https://epg.pw/media/images/channel/2022/05/28/large/20220528222017532327_58.jpg,News,,freetv-fun-all.txt
[VGA]成都简阳新闻综合,https://t.freetv.fun/live/cheng-du-jian-yang-xin-wen-zong-he.m3u8,,,,,成都新聞綜合,China,China,https://epg.pw/media/images/channel/2022/05/28/large/20220528222017532327_58.jpg,News,,freetv-fun-all.txt
[VGA]成都简阳新闻综合,https://t.freetv.fun/live/cheng-du-jian-yang-xin-wen-zong-he-1.php,,,,,成都新聞綜合,China,China,https://epg.pw/media/images/channel/2022/05/28/large/20220528222017532327_58.jpg,News,,freetv-fun-all.txt
[VGA]文成新闻综合,https://t.freetv.fun/live/wen-cheng-xin-wen-zong-he.m3u8,,,,,成都新聞綜合,China,China,https://epg.pw/media/images/channel/2022/05/28/large/20220528222017532327_58.jpg,News,,freetv-fun-all.txt
[BD]成都新闻综合,https://t.freetv.fun/live/cheng-du-xin-wen-zong-he-1.php,,,,,成都新聞綜合,China,China,https://epg.pw/media/images/channel/2022/05/28/large/20220528222017532327_58.jpg,News,,freetv-fun-all.txt
[VGA]成都新闻,https://t.freetv.fun/live/cheng-du-xin-wen.m3u8,,,,,成都新聞綜合,China,China,https://epg.pw/media/images/channel/2022/05/28/large/20220528222017532327_58.jpg,News,,freetv-fun-all.txt
[VGA]成都新闻,https://t.freetv.fun/live/cheng-du-xin-wen-1.m3u8,,,,,成都新聞綜合,China,China,https://epg.pw/media/images/channel/2022/05/28/large/20220528222017532327_58.jpg,News,,freetv-fun-all.txt
[HD]成都经济资讯,https://t.freetv.fun/live/cheng-du-jing-ji-zi-xun-1.php,,,,,成都經濟資訊,China,China,https://epg.pw/media/images/channel/2022/05/28/large/20220528221838315132_74.jpg,Other,,freetv-fun-all.txt
[VGA]成都经济,https://t.freetv.fun/live/cheng-du-jing-ji.m3u8,,,,,成都經濟資訊,China,China,https://epg.pw/media/images/channel/2022/05/28/large/20220528221838315132_74.jpg,Other,,freetv-fun-all.txt
[VGA]成都经济,https://t.freetv.fun/live/cheng-du-jing-ji-1.m3u8,,,,,成都經濟資訊,China,China,https://epg.pw/media/images/channel/2022/05/28/large/20220528221838315132_74.jpg,Other,,freetv-fun-all.txt
[HD]成都都市生活,https://t.freetv.fun/live/cheng-du-du-shi-sheng-huo-1.php,,,,,成都都市生活,China,China,https://epg.pw/media/images/channel/2022/05/28/large/20220528221601992390_31.jpg,Generic,,freetv-fun-all.txt
[VGA]成都都市,https://t.freetv.fun/live/cheng-du-du-shi.m3u8,,,,,成都都市生活,China,China,https://epg.pw/media/images/channel/2022/05/28/large/20220528221601992390_31.jpg,Generic,,freetv-fun-all.txt
[VGA]成都都市,https://t.freetv.fun/live/cheng-du-du-shi-1.m3u8,,,,,成都都市生活,China,China,https://epg.pw/media/images/channel/2022/05/28/large/20220528221601992390_31.jpg,Generic,,freetv-fun-all.txt
[VGA]戏曲台 hd,https://t.freetv.fun/live/xi-qu-tai-hd.flv,,,,,戲曲臺,Hong Kong,Hong Kong,https://epg.pw/media/images/channel/2020/02/21/large/20200221054106656063_82.png,Movies,,freetv-fun-all.txt
[VGA]戲曲,https://t.freetv.fun/live/xi-qu.m3u8,,,,,戲曲臺,Hong Kong,Hong Kong,https://epg.pw/media/images/channel/2020/02/21/large/20200221054106656063_82.png,Movies,,freetv-fun-all.txt
[VGA]戏曲,https://t.freetv.fun/live/xi-qu-1.m3u8,,,,,戲曲臺,Hong Kong,Hong Kong,https://epg.pw/media/images/channel/2020/02/21/large/20200221054106656063_82.png,Movies,,freetv-fun-all.txt
[VGA]戏曲,https://t.freetv.fun/live/xi-qu-1-1.m3u8,,,,,戲曲臺,Hong Kong,Hong Kong,https://epg.pw/media/images/channel/2020/02/21/large/20200221054106656063_82.png,Movies,,freetv-fun-all.txt
[VGA]戏曲,https://t.freetv.fun/live/xi-qu-2.m3u8,,,,,戲曲臺,Hong Kong,Hong Kong,https://epg.pw/media/images/channel/2020/02/21/large/20200221054106656063_82.png,Movies,,freetv-fun-all.txt
[VGA]戏曲,https://t.freetv.fun/live/xi-qu-3.m3u8,,,,,戲曲臺,Hong Kong,Hong Kong,https://epg.pw/media/images/channel/2020/02/21/large/20200221054106656063_82.png,Movies,,freetv-fun-all.txt
[VGA]戏曲,https://t.freetv.fun/live/xi-qu-4.m3u8,,,,,戲曲臺,Hong Kong,Hong Kong,https://epg.pw/media/images/channel/2020/02/21/large/20200221054106656063_82.png,Movies,,freetv-fun-all.txt
[VGA]探索动力 hd,https://t.freetv.fun/live/tan-suo-dong-li-hd.flv,,,,,探索動力,United States,United States,https://epg.pw/media/images/channel/2022/05/06/large/20220506164753713214_64.png,Knowledge,,freetv-fun-all.txt
[VGA]探索動力,https://t.freetv.fun/live/tan-suo-dong-li.php,,,,,探索動力,United States,United States,https://epg.pw/media/images/channel/2022/05/06/large/20220506164753713214_64.png,Knowledge,,freetv-fun-all.txt
[VGA]揭阳公共,https://t.freetv.fun/live/jie-yang-gong-gong.m3u8,,,,,揭陽公共頻道,China,China,https://epg.pw/media/uploads/tmp_logo/2018/10/21/20181021095015484664_73.png,Generic,,freetv-fun-all.txt
[VGA]揭阳公共,https://t.freetv.fun/live/jie-yang-gong-gong-1.m3u8,,,,,揭陽公共頻道,China,China,https://epg.pw/media/uploads/tmp_logo/2018/10/21/20181021095015484664_73.png,Generic,,freetv-fun-all.txt
[VGA]揭阳公共,https://t.freetv.fun/live/jie-yang-gong-gong-2.m3u8,,,,,揭陽公共頻道,China,China,https://epg.pw/media/uploads/tmp_logo/2018/10/21/20181021095015484664_73.png,Generic,,freetv-fun-all.txt
[VGA]揭阳公共,https://t.freetv.fun/live/jie-yang-gong-gong-3.m3u8,,,,,揭陽公共頻道,China,China,https://epg.pw/media/uploads/tmp_logo/2018/10/21/20181021095015484664_73.png,Generic,,freetv-fun-all.txt
[VGA]揭阳公共,https://t.freetv.fun/live/jie-yang-gong-gong-4.m3u8,,,,,揭陽公共頻道,China,China,https://epg.pw/media/uploads/tmp_logo/2018/10/21/20181021095015484664_73.png,Generic,,freetv-fun-all.txt
[BD]崇阳新闻综合,https://t.freetv.fun/live/chong-yang-xin-wen-zong-he-1.m3u8,,,,,揭陽新聞綜合,China,China,https://epg.pw/media/uploads/tmp_logo/2014/06/05/20140605225331495365_87.jpg,News,,freetv-fun-all.txt
[VGA]溧阳新闻综合,https://t.freetv.fun/live/li-yang-xin-wen-zong-he.flv,,,,,揭陽新聞綜合,China,China,https://epg.pw/media/uploads/tmp_logo/2014/06/05/20140605225331495365_87.jpg,News,,freetv-fun-all.txt
[VGA]溧阳新闻综合,https://t.freetv.fun/live/li-yang-xin-wen-zong-he-1.flv,,,,,揭陽新聞綜合,China,China,https://epg.pw/media/uploads/tmp_logo/2014/06/05/20140605225331495365_87.jpg,News,,freetv-fun-all.txt
[VGA]东阳新闻综合,https://t.freetv.fun/live/dong-yang-xin-wen-zong-he.m3u8,,,,,揭陽新聞綜合,China,China,https://epg.pw/media/uploads/tmp_logo/2014/06/05/20140605225331495365_87.jpg,News,,freetv-fun-all.txt
[VGA]简阳新闻综合,https://t.freetv.fun/live/jian-yang-xin-wen-zong-he-1.flv,,,,,揭陽新聞綜合,China,China,https://epg.pw/media/uploads/tmp_logo/2014/06/05/20140605225331495365_87.jpg,News,,freetv-fun-all.txt
[VGA]揭阳综合,https://t.freetv.fun/live/jie-yang-zong-he.m3u8,,,,,揭陽新聞綜合,China,China,https://epg.pw/media/uploads/tmp_logo/2014/06/05/20140605225331495365_87.jpg,News,,freetv-fun-all.txt
[VGA]阳新综合,https://t.freetv.fun/live/yang-xin-zong-he.m3u8,,,,,揭陽新聞綜合,China,China,https://epg.pw/media/uploads/tmp_logo/2014/06/05/20140605225331495365_87.jpg,News,,freetv-fun-all.txt
[VGA]简阳新闻综合,https://t.freetv.fun/live/jian-yang-xin-wen-zong-he-1-1.php,,,,,揭陽新聞綜合,China,China,https://epg.pw/media/uploads/tmp_logo/2014/06/05/20140605225331495365_87.jpg,News,,freetv-fun-all.txt
[VGA]阜阳新闻综合,https://t.freetv.fun/live/fu-yang-xin-wen-zong-he.m3u8,,,,,揭陽新聞綜合,China,China,https://epg.pw/media/uploads/tmp_logo/2014/06/05/20140605225331495365_87.jpg,News,,freetv-fun-all.txt
[VGA]松阳新闻综合,https://t.freetv.fun/live/song-yang-xin-wen-zong-he.m3u8,,,,,揭陽新聞綜合,China,China,https://epg.pw/media/uploads/tmp_logo/2014/06/05/20140605225331495365_87.jpg,News,,freetv-fun-all.txt
[VGA]-揭阳综合,https://t.freetv.fun/live/jie-yang-zong-he-1.m3u8,,,,,揭陽新聞綜合,China,China,https://epg.pw/media/uploads/tmp_logo/2014/06/05/20140605225331495365_87.jpg,News,,freetv-fun-all.txt
[VGA]-揭阳综合,https://t.freetv.fun/live/jie-yang-zong-he-1-1.flv,,,,,揭陽新聞綜合,China,China,https://epg.pw/media/uploads/tmp_logo/2014/06/05/20140605225331495365_87.jpg,News,,freetv-fun-all.txt
[VGA]揭阳综合,https://t.freetv.fun/live/jie-yang-zong-he-1-2.m3u8,,,,,揭陽新聞綜合,China,China,https://epg.pw/media/uploads/tmp_logo/2014/06/05/20140605225331495365_87.jpg,News,,freetv-fun-all.txt
[BD]揭阳综合高清,https://t.freetv.fun/live/jie-yang-zong-he-gao-qing.m3u8,,,,,揭陽新聞綜合,China,China,https://epg.pw/media/uploads/tmp_logo/2014/06/05/20140605225331495365_87.jpg,News,,freetv-fun-all.txt
[VGA]揭阳综合高清,https://t.freetv.fun/live/jie-yang-zong-he-gao-qing-1.m3u8,,,,,揭陽新聞綜合,China,China,https://epg.pw/media/uploads/tmp_logo/2014/06/05/20140605225331495365_87.jpg,News,,freetv-fun-all.txt
[BD]揭阳综合高清,https://t.freetv.fun/live/jie-yang-zong-he-gao-qing-2.m3u8,,,,,揭陽新聞綜合,China,China,https://epg.pw/media/uploads/tmp_logo/2014/06/05/20140605225331495365_87.jpg,News,,freetv-fun-all.txt
[VGA]揭阳综合高清,https://t.freetv.fun/live/jie-yang-zong-he-gao-qing-3.m3u8,,,,,揭陽新聞綜合,China,China,https://epg.pw/media/uploads/tmp_logo/2014/06/05/20140605225331495365_87.jpg,News,,freetv-fun-all.txt
[BD]揭阳综合高清,https://t.freetv.fun/live/jie-yang-zong-he-gao-qing-4.m3u8,,,,,揭陽新聞綜合,China,China,https://epg.pw/media/uploads/tmp_logo/2014/06/05/20140605225331495365_87.jpg,News,,freetv-fun-all.txt
[VGA]揭阳综合高清,https://t.freetv.fun/live/jie-yang-zong-he-gao-qing-5.m3u8,,,,,揭陽新聞綜合,China,China,https://epg.pw/media/uploads/tmp_logo/2014/06/05/20140605225331495365_87.jpg,News,,freetv-fun-all.txt
[VGA]揭阳综合高清,https://t.freetv.fun/live/jie-yang-zong-he-gao-qing-6.m3u8,,,,,揭陽新聞綜合,China,China,https://epg.pw/media/uploads/tmp_logo/2014/06/05/20140605225331495365_87.jpg,News,,freetv-fun-all.txt
[VGA]揭阳综合高清,https://t.freetv.fun/live/jie-yang-zong-he-gao-qing-7.m3u8,,,,,揭陽新聞綜合,China,China,https://epg.pw/media/uploads/tmp_logo/2014/06/05/20140605225331495365_87.jpg,News,,freetv-fun-all.txt
[VGA]揭阳综合,https://t.freetv.fun/live/jie-yang-zong-he-2.m3u8,,,,,揭陽新聞綜合,China,China,https://epg.pw/media/uploads/tmp_logo/2014/06/05/20140605225331495365_87.jpg,News,,freetv-fun-all.txt
[VGA]揭阳综合高清,https://t.freetv.fun/live/jie-yang-zong-he-gao-qing-8.m3u8,,,,,揭陽新聞綜合,China,China,https://epg.pw/media/uploads/tmp_logo/2014/06/05/20140605225331495365_87.jpg,News,,freetv-fun-all.txt
[VGA]揭阳综合高清,https://t.freetv.fun/live/jie-yang-zong-he-gao-qing-9.m3u8,,,,,揭陽新聞綜合,China,China,https://epg.pw/media/uploads/tmp_logo/2014/06/05/20140605225331495365_87.jpg,News,,freetv-fun-all.txt
[VGA]揭阳综合高清,https://t.freetv.fun/live/jie-yang-zong-he-gao-qing-10.m3u8,,,,,揭陽新聞綜合,China,China,https://epg.pw/media/uploads/tmp_logo/2014/06/05/20140605225331495365_87.jpg,News,,freetv-fun-all.txt
[VGA]揭阳综合高清,https://t.freetv.fun/live/jie-yang-zong-he-gao-qing-11.m3u8,,,,,揭陽新聞綜合,China,China,https://epg.pw/media/uploads/tmp_logo/2014/06/05/20140605225331495365_87.jpg,News,,freetv-fun-all.txt
[VGA]揭阳综合高清,https://t.freetv.fun/live/jie-yang-zong-he-gao-qing-12.m3u8,,,,,揭陽新聞綜合,China,China,https://epg.pw/media/uploads/tmp_logo/2014/06/05/20140605225331495365_87.jpg,News,,freetv-fun-all.txt
[VGA]揭阳综合高清,https://t.freetv.fun/live/jie-yang-zong-he-gao-qing-13.m3u8,,,,,揭陽新聞綜合,China,China,https://epg.pw/media/uploads/tmp_logo/2014/06/05/20140605225331495365_87.jpg,News,,freetv-fun-all.txt
[VGA]揭阳综合高清,https://t.freetv.fun/live/jie-yang-zong-he-gao-qing-14.m3u8,,,,,揭陽新聞綜合,China,China,https://epg.pw/media/uploads/tmp_logo/2014/06/05/20140605225331495365_87.jpg,News,,freetv-fun-all.txt
[VGA]揭阳综合,https://t.freetv.fun/live/jie-yang-zong-he-3.m3u8,,,,,揭陽新聞綜合,China,China,https://epg.pw/media/uploads/tmp_logo/2014/06/05/20140605225331495365_87.jpg,News,,freetv-fun-all.txt
[VGA]揭阳综合,https://t.freetv.fun/live/jie-yang-zong-he-4.m3u8,,,,,揭陽新聞綜合,China,China,https://epg.pw/media/uploads/tmp_logo/2014/06/05/20140605225331495365_87.jpg,News,,freetv-fun-all.txt
[VGA]揭阳综合高清,https://t.freetv.fun/live/jie-yang-zong-he-gao-qing-15.m3u8,,,,,揭陽新聞綜合,China,China,https://epg.pw/media/uploads/tmp_logo/2014/06/05/20140605225331495365_87.jpg,News,,freetv-fun-all.txt
[VGA]揭阳综合高清,https://t.freetv.fun/live/jie-yang-zong-he-gao-qing-16.m3u8,,,,,揭陽新聞綜合,China,China,https://epg.pw/media/uploads/tmp_logo/2014/06/05/20140605225331495365_87.jpg,News,,freetv-fun-all.txt
[VGA]揭阳综合高清,https://t.freetv.fun/live/jie-yang-zong-he-gao-qing-17.m3u8,,,,,揭陽新聞綜合,China,China,https://epg.pw/media/uploads/tmp_logo/2014/06/05/20140605225331495365_87.jpg,News,,freetv-fun-all.txt
[VGA]揭阳综合高清,https://t.freetv.fun/live/jie-yang-zong-he-gao-qing-18.m3u8,,,,,揭陽新聞綜合,China,China,https://epg.pw/media/uploads/tmp_logo/2014/06/05/20140605225331495365_87.jpg,News,,freetv-fun-all.txt
[VGA]揭阳综合高清,https://t.freetv.fun/live/jie-yang-zong-he-gao-qing-19.m3u8,,,,,揭陽新聞綜合,China,China,https://epg.pw/media/uploads/tmp_logo/2014/06/05/20140605225331495365_87.jpg,News,,freetv-fun-all.txt
[VGA]揭阳综合高清,https://t.freetv.fun/live/jie-yang-zong-he-gao-qing-20.m3u8,,,,,揭陽新聞綜合,China,China,https://epg.pw/media/uploads/tmp_logo/2014/06/05/20140605225331495365_87.jpg,News,,freetv-fun-all.txt
[VGA]揭阳综合高清,https://t.freetv.fun/live/jie-yang-zong-he-gao-qing-21.m3u8,,,,,揭陽新聞綜合,China,China,https://epg.pw/media/uploads/tmp_logo/2014/06/05/20140605225331495365_87.jpg,News,,freetv-fun-all.txt
[VGA]岳阳新闻综合,https://t.freetv.fun/live/yue-yang-xin-wen-zong-he.m3u8,,,,,揭陽新聞綜合,China,China,https://epg.pw/media/uploads/tmp_logo/2014/06/05/20140605225331495365_87.jpg,News,,freetv-fun-all.txt
[VGA]邵阳新闻综合,https://t.freetv.fun/live/shao-yang-xin-wen-zong-he.m3u8,,,,,揭陽新聞綜合,China,China,https://epg.pw/media/uploads/tmp_logo/2014/06/05/20140605225331495365_87.jpg,News,,freetv-fun-all.txt
[VGA]抚顺新闻综合,https://t.freetv.fun/live/fu-shun-xin-wen-zong-he.m3u8,,,,,撫順新聞,China,China,https://epg.pw/media/img/logo/3_270.jpg,News,,freetv-fun-all.txt
[VGA]新时代电视二,https://t.freetv.fun/live/xin-shi-dai-dian-shi-er.php,,,,,新時代電視,Canada,Canada,https://epg.pw/media/uploads/tmp_logo/2014/08/28/20140828073937104397_43.jpg,Generic,,freetv-fun-all.txt
[VGA]新时代1,https://t.freetv.fun/live/xin-shi-dai-1.php,,,,,新時代電視1,Canada,Canada,https://epg.pw/media/images/channel/2024/08/13/large/20240813033151947132_63.png,Generic,,freetv-fun-all.txt
[VGA]新时代1,https://t.freetv.fun/live/xin-shi-dai-1-1.php,,,,,新時代電視1,Canada,Canada,https://epg.pw/media/images/channel/2024/08/13/large/20240813033151947132_63.png,Generic,,freetv-fun-all.txt
[VGA]新时代2,https://t.freetv.fun/live/xin-shi-dai-2.ts,,,,,新時代電視2,Canada,Canada,https://epg.pw/media/images/channel/2024/08/13/large/20240813033204714828_10.png,Generic,,freetv-fun-all.txt
[VGA]新时代2,https://t.freetv.fun/live/xin-shi-dai-2-1.ts,,,,,新時代電視2,Canada,Canada,https://epg.pw/media/images/channel/2024/08/13/large/20240813033204714828_10.png,Generic,,freetv-fun-all.txt
[VGA]新疆卫视,https://t.freetv.fun/live/xin-jiang-wei-shi-9.m3u8,,,,,新疆衛視,China,China,https://epg.pw/media/images/channel/2022/05/31/large/20220531160954230977_59.jpg,Generic,,freetv-fun-all.txt
[BD]新疆卫视,https://t.freetv.fun/live/xin-jiang-wei-shi-1-1.smil,,,,,新疆衛視,China,China,https://epg.pw/media/images/channel/2022/05/31/large/20220531160954230977_59.jpg,Generic,,freetv-fun-all.txt
[BD]新疆卫视,https://t.freetv.fun/live/xin-jiang-wei-shi-2-2.m3u8,,,,,新疆衛視,China,China,https://epg.pw/media/images/channel/2022/05/31/large/20220531160954230977_59.jpg,Generic,,freetv-fun-all.txt
[SD]新疆卫视,https://t.freetv.fun/live/xin-jiang-wei-shi-6.m3u8,,,,,新疆衛視,China,China,https://epg.pw/media/images/channel/2022/05/31/large/20220531160954230977_59.jpg,Generic,,freetv-fun-all.txt
[BD]新疆卫视,https://t.freetv.fun/live/xin-jiang-wei-shi-7.m3u8,,,,,新疆衛視,China,China,https://epg.pw/media/images/channel/2022/05/31/large/20220531160954230977_59.jpg,Generic,,freetv-fun-all.txt
[BD]新疆卫视,https://t.freetv.fun/live/xin-jiang-wei-shi-3-3.php,,,,,新疆衛視,China,China,https://epg.pw/media/images/channel/2022/05/31/large/20220531160954230977_59.jpg,Generic,,freetv-fun-all.txt
[BD]新疆卫视,https://t.freetv.fun/live/xin-jiang-wei-shi-11.m3u8,,,,,新疆衛視,China,China,https://epg.pw/media/images/channel/2022/05/31/large/20220531160954230977_59.jpg,Generic,,freetv-fun-all.txt
[VGA]新疆卫视,https://t.freetv.fun/live/xin-jiang-wei-shi-14.m3u8,,,,,新疆衛視,China,China,https://epg.pw/media/images/channel/2022/05/31/large/20220531160954230977_59.jpg,Generic,,freetv-fun-all.txt
[BD]新疆卫视,https://t.freetv.fun/live/xin-jiang-wei-shi-8.m3u8,,,,,新疆衛視,China,China,https://epg.pw/media/images/channel/2022/05/31/large/20220531160954230977_59.jpg,Generic,,freetv-fun-all.txt
[BD]新疆卫视,https://t.freetv.fun/live/xin-jiang-wei-shi-3-3.m3u8,,,,,新疆衛視,China,China,https://epg.pw/media/images/channel/2022/05/31/large/20220531160954230977_59.jpg,Generic,,freetv-fun-all.txt
[VGA]新疆卫视,https://t.freetv.fun/live/xin-jiang-wei-shi-4-2.m3u8,,,,,新疆衛視,China,China,https://epg.pw/media/images/channel/2022/05/31/large/20220531160954230977_59.jpg,Generic,,freetv-fun-all.txt
[SD]新疆卫视,https://t.freetv.fun/live/xin-jiang-wei-shi-41.m3u8,,,,,新疆衛視,China,China,https://epg.pw/media/images/channel/2022/05/31/large/20220531160954230977_59.jpg,Generic,,freetv-fun-all.txt
[BD]新疆卫视,https://t.freetv.fun/live/xin-jiang-wei-shi-5-1.m3u8,,,,,新疆衛視,China,China,https://epg.pw/media/images/channel/2022/05/31/large/20220531160954230977_59.jpg,Generic,,freetv-fun-all.txt
[BD]新疆卫视,https://t.freetv.fun/live/xin-jiang-wei-shi-10.m3u8,,,,,新疆衛視,China,China,https://epg.pw/media/images/channel/2022/05/31/large/20220531160954230977_59.jpg,Generic,,freetv-fun-all.txt
[VGA]新疆卫视,https://t.freetv.fun/live/xin-jiang-wei-shi-9-1.m3u8,,,,,新疆衛視,China,China,https://epg.pw/media/images/channel/2022/05/31/large/20220531160954230977_59.jpg,Generic,,freetv-fun-all.txt
[VGA]新疆卫视,https://t.freetv.fun/live/xin-jiang-wei-shi-12.m3u8,,,,,新疆衛視,China,China,https://epg.pw/media/images/channel/2022/05/31/large/20220531160954230977_59.jpg,Generic,,freetv-fun-all.txt
[VGA]新疆卫视,https://t.freetv.fun/live/xin-jiang-wei-shi-13.m3u8,,,,,新疆衛視,China,China,https://epg.pw/media/images/channel/2022/05/31/large/20220531160954230977_59.jpg,Generic,,freetv-fun-all.txt
[VGA]新疆卫视,https://t.freetv.fun/live/xin-jiang-wei-shi-17.m3u8,,,,,新疆衛視,China,China,https://epg.pw/media/images/channel/2022/05/31/large/20220531160954230977_59.jpg,Generic,,freetv-fun-all.txt
[VGA]新疆卫视,https://t.freetv.fun/live/xin-jiang-wei-shi-18.php,,,,,新疆衛視,China,China,https://epg.pw/media/images/channel/2022/05/31/large/20220531160954230977_59.jpg,Generic,,freetv-fun-all.txt
[VGA]新疆卫视,https://t.freetv.fun/live/xin-jiang-wei-shi-19.m3u8,,,,,新疆衛視,China,China,https://epg.pw/media/images/channel/2022/05/31/large/20220531160954230977_59.jpg,Generic,,freetv-fun-all.txt
[VGA]新疆卫视,https://t.freetv.fun/live/xin-jiang-wei-shi-20.php,,,,,新疆衛視,China,China,https://epg.pw/media/images/channel/2022/05/31/large/20220531160954230977_59.jpg,Generic,,freetv-fun-all.txt
[VGA]新疆卫视,https://t.freetv.fun/live/xin-jiang-wei-shi-22.m3u8,,,,,新疆衛視,China,China,https://epg.pw/media/images/channel/2022/05/31/large/20220531160954230977_59.jpg,Generic,,freetv-fun-all.txt
[VGA]新疆卫视,https://t.freetv.fun/live/xin-jiang-wei-shi-23.m3u8,,,,,新疆衛視,China,China,https://epg.pw/media/images/channel/2022/05/31/large/20220531160954230977_59.jpg,Generic,,freetv-fun-all.txt
[VGA]新疆卫视 标清,https://t.freetv.fun/live/xin-jiang-wei-shi-biao-qing.m3u8,,,,,新疆衛視,China,China,https://epg.pw/media/images/channel/2022/05/31/large/20220531160954230977_59.jpg,Generic,,freetv-fun-all.txt
[VGA]新疆卫视 标清,https://t.freetv.fun/live/xin-jiang-wei-shi-biao-qing-1.m3u8,,,,,新疆衛視,China,China,https://epg.pw/media/images/channel/2022/05/31/large/20220531160954230977_59.jpg,Generic,,freetv-fun-all.txt
[VGA]新疆卫视高清,https://t.freetv.fun/live/xin-jiang-wei-shi-gao-qing.smil,,,,,新疆衛視,China,China,https://epg.pw/media/images/channel/2022/05/31/large/20220531160954230977_59.jpg,Generic,,freetv-fun-all.txt
[VGA]新华社电视台,https://t.freetv.fun/live/xin-hua-she-dian-shi-tai.m3u8,,,,,新華社電視臺,China,China,https://epg.pw/media/images/channel/2022/05/09/large/20220509151351655318_70.jpg,Other,,freetv-fun-all.txt
[VGA]新视觉,https://t.freetv.fun/live/xin-shi-jue-1.m3u8,,,,,新視覺,China,China,https://epg.pw/media/images/channel/2024/07/28/large/20240728160410924348_31.jpg,Sports,,freetv-fun-all.txt
[VGA]新视觉,https://t.freetv.fun/live/xin-shi-jue-1-1.m3u8,,,,,新視覺,China,China,https://epg.pw/media/images/channel/2024/07/28/large/20240728160410924348_31.jpg,Sports,,freetv-fun-all.txt
[VGA]新视觉,https://t.freetv.fun/live/xin-shi-jue-2.m3u8,,,,,新視覺,China,China,https://epg.pw/media/images/channel/2024/07/28/large/20240728160410924348_31.jpg,Sports,,freetv-fun-all.txt
[VGA]新化新闻综合,https://t.freetv.fun/live/xin-hua-xin-wen-zong-he.m3u8,,,,,新鄉新聞綜合,China,China,https://epg.pw/media/images/channel/2022/10/31/large/20221031232633721944_67.jpg,News,,freetv-fun-all.txt
[VGA]桐乡新闻综合,https://t.freetv.fun/live/tong-xiang-xin-wen-zong-he.m3u8,,,,,新鄉新聞綜合,China,China,https://epg.pw/media/images/channel/2022/10/31/large/20221031232633721944_67.jpg,News,,freetv-fun-all.txt
[VGA]新余新闻综合,https://t.freetv.fun/live/xin-yu-xin-wen-zong-he-1.m3u8,,,,,新鄉新聞綜合,China,China,https://epg.pw/media/images/channel/2022/10/31/large/20221031232633721944_67.jpg,News,,freetv-fun-all.txt
[VGA]cn: 新昌新聞綜合,https://t.freetv.fun/live/cn-xin-chang-xin-wen-zong-he.m3u8,,,,,新鄉新聞綜合,China,China,https://epg.pw/media/images/channel/2022/10/31/large/20221031232633721944_67.jpg,News,,freetv-fun-all.txt
[VGA]新沂新闻综合,https://t.freetv.fun/live/xin-yi-xin-wen-zong-he.php,,,,,新鄉新聞綜合,China,China,https://epg.pw/media/images/channel/2022/10/31/large/20221031232633721944_67.jpg,News,,freetv-fun-all.txt
[VGA]阜新新闻综合,https://t.freetv.fun/live/fu-xin-xin-wen-zong-he.m3u8,,,,,新鄉新聞綜合,China,China,https://epg.pw/media/images/channel/2022/10/31/large/20221031232633721944_67.jpg,News,,freetv-fun-all.txt
[VGA]昆明影综艺,https://t.freetv.fun/live/kun-ming-ying-zong-yi.m3u8,,,,,昆明影視綜藝,China,China,https://epg.pw/media/images/channel/2022/08/06/large/20220806000012922537_65.jpg,Movies,,freetv-fun-all.txt
[VGA]昆明影综艺,https://t.freetv.fun/live/kun-ming-ying-zong-yi-1.m3u8,,,,,昆明影視綜藝,China,China,https://epg.pw/media/images/channel/2022/08/06/large/20220806000012922537_65.jpg,Movies,,freetv-fun-all.txt
[VGA]昆明影综艺,https://t.freetv.fun/live/kun-ming-ying-zong-yi-2.flv,,,,,昆明影視綜藝,China,China,https://epg.pw/media/images/channel/2022/08/06/large/20220806000012922537_65.jpg,Movies,,freetv-fun-all.txt
[VGA]昆明新闻综合,https://t.freetv.fun/live/kun-ming-xin-wen-zong-he-3.flv,,,,,昆明新聞綜合,China,China,https://epg.pw/media/images/channel/2022/08/05/large/20220805235908400283_38.jpg,News,,freetv-fun-all.txt
[VGA]昆明新闻综合,https://t.freetv.fun/live/kun-ming-xin-wen-zong-he-1.m3u8,,,,,昆明新聞綜合,China,China,https://epg.pw/media/images/channel/2022/08/05/large/20220805235908400283_38.jpg,News,,freetv-fun-all.txt
[VGA]昆明新闻综合,https://t.freetv.fun/live/kun-ming-xin-wen-zong-he-2.m3u8,,,,,昆明新聞綜合,China,China,https://epg.pw/media/images/channel/2022/08/05/large/20220805235908400283_38.jpg,News,,freetv-fun-all.txt
[VGA]昆明新闻综合,https://t.freetv.fun/live/kun-ming-xin-wen-zong-he-3.m3u8,,,,,昆明新聞綜合,China,China,https://epg.pw/media/images/channel/2022/08/05/large/20220805235908400283_38.jpg,News,,freetv-fun-all.txt
[VGA]昆明科学教育,https://t.freetv.fun/live/kun-ming-ke-xue-jiao-yu.m3u8,,,,,昆明科學教育,China,China,https://epg.pw/media/images/channel/2022/08/05/large/20220805235544419824_28.jpg,Other,,freetv-fun-all.txt
[VGA]昆明科学教育,https://t.freetv.fun/live/kun-ming-ke-xue-jiao-yu-1.flv,,,,,昆明科學教育,China,China,https://epg.pw/media/images/channel/2022/08/05/large/20220805235544419824_28.jpg,Other,,freetv-fun-all.txt
[VGA]昆明经济生活,https://t.freetv.fun/live/kun-ming-jing-ji-sheng-huo.m3u8,,,,,昆明經濟生活,China,China,https://epg.pw/media/images/channel/2022/08/05/large/20220805234954806343_74.jpg,Generic,,freetv-fun-all.txt
[VGA]昆明经济生活,https://t.freetv.fun/live/kun-ming-jing-ji-sheng-huo-1.flv,,,,,昆明經濟生活,China,China,https://epg.pw/media/images/channel/2022/08/05/large/20220805234954806343_74.jpg,Generic,,freetv-fun-all.txt
[VGA]98.1 pearl fm,https://t.freetv.fun/live/98-1-pearl-fm.m3u8,,,,,明珠,Hong Kong,Hong Kong,https://epg.pw/media/images/channel/2024/12/26/large/20241226141232820122_81.png,Movies,,freetv-fun-all.txt
[VGA]明珠,https://t.freetv.fun/live/ming-zhu-4.php,,,,,明珠,Hong Kong,Hong Kong,https://epg.pw/media/images/channel/2024/12/26/large/20241226141232820122_81.png,Movies,,freetv-fun-all.txt
[VGA]-明珠,https://t.freetv.fun/live/ming-zhu-7.m3u8,,,,,明珠,Hong Kong,Hong Kong,https://epg.pw/media/images/channel/2024/12/26/large/20241226141232820122_81.png,Movies,,freetv-fun-all.txt
[VGA]明珠,https://t.freetv.fun/live/ming-zhu-7-1.m3u8,,,,,明珠,Hong Kong,Hong Kong,https://epg.pw/media/images/channel/2024/12/26/large/20241226141232820122_81.png,Movies,,freetv-fun-all.txt
[VGA]明珠,https://t.freetv.fun/live/ming-zhu-8.m3u8,,,,,明珠,Hong Kong,Hong Kong,https://epg.pw/media/images/channel/2024/12/26/large/20241226141232820122_81.png,Movies,,freetv-fun-all.txt
[VGA]明珠,https://t.freetv.fun/live/ming-zhu-9.m3u8,,,,,明珠,Hong Kong,Hong Kong,https://epg.pw/media/images/channel/2024/12/26/large/20241226141232820122_81.png,Movies,,freetv-fun-all.txt
[VGA]明珠,https://t.freetv.fun/live/ming-zhu-10.m3u8,,,,,明珠,Hong Kong,Hong Kong,https://epg.pw/media/images/channel/2024/12/26/large/20241226141232820122_81.png,Movies,,freetv-fun-all.txt
[VGA]-明珠,https://t.freetv.fun/live/ming-zhu-1-1.m3u8,,,,,明珠,Hong Kong,Hong Kong,https://epg.pw/media/images/channel/2024/12/26/large/20241226141232820122_81.png,Movies,,freetv-fun-all.txt
[VGA]㊣明珠,https://t.freetv.fun/live/zheng-ming-zhu.flv,,,,,明珠,Hong Kong,Hong Kong,https://epg.pw/media/images/channel/2024/12/26/large/20241226141232820122_81.png,Movies,,freetv-fun-all.txt
[VGA]明珠,https://t.freetv.fun/live/ming-zhu-11.m3u8,,,,,明珠,Hong Kong,Hong Kong,https://epg.pw/media/images/channel/2024/12/26/large/20241226141232820122_81.png,Movies,,freetv-fun-all.txt
[VGA]明珠台高清,https://t.freetv.fun/live/ming-zhu-tai-gao-qing.m3u8,,,,,明珠,Hong Kong,Hong Kong,https://epg.pw/media/images/channel/2024/12/26/large/20241226141232820122_81.png,Movies,,freetv-fun-all.txt
[VGA]明珠台高清,https://t.freetv.fun/live/ming-zhu-tai-gao-qing-1.m3u8,,,,,明珠,Hong Kong,Hong Kong,https://epg.pw/media/images/channel/2024/12/26/large/20241226141232820122_81.png,Movies,,freetv-fun-all.txt
[HD]明珠,https://t.freetv.fun/live/ming-zhu.m3u8,,,,368369,明珠臺(備),Hong Kong,Hong Kong,https://epg.pw/media/images/channel/2024/12/26/large/20241226141312380293_76.png,Movies,,freetv-fun-all.txt
[BD]明珠,https://t.freetv.fun/live/ming-zhu-5.php,,,,368369,明珠臺(備),Hong Kong,Hong Kong,https://epg.pw/media/images/channel/2024/12/26/large/20241226141312380293_76.png,Movies,,freetv-fun-all.txt
[BD]明珠,https://t.freetv.fun/live/ming-zhu-6.m3u8,,,,368369,明珠臺(備),Hong Kong,Hong Kong,https://epg.pw/media/images/channel/2024/12/26/large/20241226141312380293_76.png,Movies,,freetv-fun-all.txt
[VGA]明珠,https://t.freetv.fun/live/ming-zhu-1.m3u8,,,,368369,明珠臺(備),Hong Kong,Hong Kong,https://epg.pw/media/images/channel/2024/12/26/large/20241226141312380293_76.png,Movies,,freetv-fun-all.txt
[VGA]明珠,https://t.freetv.fun/live/ming-zhu-2.m3u8,,,,368369,明珠臺(備),Hong Kong,Hong Kong,https://epg.pw/media/images/channel/2024/12/26/large/20241226141312380293_76.png,Movies,,freetv-fun-all.txt
[VGA]明珠,https://t.freetv.fun/live/ming-zhu-3.m3u8,,,,368369,明珠臺(備),Hong Kong,Hong Kong,https://epg.pw/media/images/channel/2024/12/26/large/20241226141312380293_76.png,Movies,,freetv-fun-all.txt
[BD]星空卫视,https://t.freetv.fun/live/xing-kong-wei-shi-3.m3u8,,,,,星空衛視,Hong Kong,Hong Kong,https://epg.pw/media/images/channel/2024/03/11/large/20240311112750924244_65.png,Entertainment,,freetv-fun-all.txt
[VGA]星空卫视,https://t.freetv.fun/live/xing-kong-wei-shi-1-1.m3u8,,,,,星空衛視,Hong Kong,Hong Kong,https://epg.pw/media/images/channel/2024/03/11/large/20240311112750924244_65.png,Entertainment,,freetv-fun-all.txt
[VGA]星空卫视,https://t.freetv.fun/live/xing-kong-wei-shi-2-1.m3u8,,,,,星空衛視,Hong Kong,Hong Kong,https://epg.pw/media/images/channel/2024/03/11/large/20240311112750924244_65.png,Entertainment,,freetv-fun-all.txt
[VGA]星空卫视,https://t.freetv.fun/live/xing-kong-wei-shi-6.m3u8,,,,,星空衛視,Hong Kong,Hong Kong,https://epg.pw/media/images/channel/2024/03/11/large/20240311112750924244_65.png,Entertainment,,freetv-fun-all.txt
[VGA]星空卫视标清,https://t.freetv.fun/live/xing-kong-wei-shi-biao-qing.m3u8,,,,,星空衛視,Hong Kong,Hong Kong,https://epg.pw/media/images/channel/2024/03/11/large/20240311112750924244_65.png,Entertainment,,freetv-fun-all.txt
[VGA]星空国际,https://t.freetv.fun/live/xing-kong-guo-ji.m3u8,,,,,星空衛視國際頻道,Hong Kong,Hong Kong,https://epg.pw/media/,Other,,freetv-fun-all.txt
[SD]時代劇専門チャンネル,https://t.freetv.fun/live/shi-dai-ju-zhuan-men-chiyanneru-1.m3u8,,,,10727,時代劇専門チャンネル,Japan,Japan,https://epg.pw/media/images/channel/2021/12/12/large/20211212021135075050_13.png,Movies,,freetv-fun-all.txt
[VGA]晋城公共,https://t.freetv.fun/live/jin-cheng-gong-gong-1.m3u8,,,,,晉城公共,China,China,https://epg.pw/media/images/channel/2022/11/01/large/20221101013917651923_84.jpg,Generic,,freetv-fun-all.txt
[BD]晋城公共,https://t.freetv.fun/live/jin-cheng-gong-gong-1-1.m3u8,,,,,晉城公共,China,China,https://epg.pw/media/images/channel/2022/11/01/large/20221101013917651923_84.jpg,Generic,,freetv-fun-all.txt
[VGA]晋城新闻,https://t.freetv.fun/live/jin-cheng-xin-wen-1.m3u8,,,,,晉城新聞,China,China,https://epg.pw/media/img/logo/3_246.jpg,News,,freetv-fun-all.txt
[BD]晋城新闻,https://t.freetv.fun/live/jin-cheng-xin-wen-1-1.m3u8,,,,,晉城新聞,China,China,https://epg.pw/media/img/logo/3_246.jpg,News,,freetv-fun-all.txt
[BD]晋城新闻,https://t.freetv.fun/live/jin-cheng-xin-wen-2.m3u8,,,,,晉城新聞,China,China,https://epg.pw/media/img/logo/3_246.jpg,News,,freetv-fun-all.txt
[VGA]舒城新闻综合,https://t.freetv.fun/live/shu-cheng-xin-wen-zong-he.m3u8,,,,,晉城新聞綜合,China,China,https://epg.pw/media/images/channel/2022/11/01/large/20221101013959508413_44.jpg,News,,freetv-fun-all.txt
[VGA]潞城新闻综合,https://t.freetv.fun/live/lu-cheng-xin-wen-zong-he-1.m3u8,,,,,晉城新聞綜合,China,China,https://epg.pw/media/images/channel/2022/11/01/large/20221101013959508413_44.jpg,News,,freetv-fun-all.txt
[SD]白城新闻综合,https://t.freetv.fun/live/bai-cheng-xin-wen-zong-he.m3u8,,,,,晉城新聞綜合,China,China,https://epg.pw/media/images/channel/2022/11/01/large/20221101013959508413_44.jpg,News,,freetv-fun-all.txt
[VGA]白城新闻综合,https://t.freetv.fun/live/bai-cheng-xin-wen-zong-he-2.m3u8,,,,,晉城新聞綜合,China,China,https://epg.pw/media/images/channel/2022/11/01/large/20221101013959508413_44.jpg,News,,freetv-fun-all.txt
[VGA]晋江电视台,https://t.freetv.fun/live/jin-jiang-dian-shi-tai.m3u8,,,,,晉江電視臺,China,China,https://epg.pw/media/uploads/tmp_logo/2016/10/31/20161031010010341875_89.jpg,Generic,,freetv-fun-all.txt
[VGA]晋江市电视,https://t.freetv.fun/live/jin-jiang-shi-dian-shi.m3u8,,,,,晉江電視臺,China,China,https://epg.pw/media/uploads/tmp_logo/2016/10/31/20161031010010341875_89.jpg,Generic,,freetv-fun-all.txt
[VGA]晋江电视,https://t.freetv.fun/live/jin-jiang-dian-shi-1.m3u8,,,,,晉江電視臺,China,China,https://epg.pw/media/uploads/tmp_logo/2016/10/31/20161031010010341875_89.jpg,Generic,,freetv-fun-all.txt
[VGA]有线18赛马,https://t.freetv.fun/live/you-xian-18sai-ma.php,,,,,有線18臺,Hong Kong,Hong Kong,https://epg.pw/media/img/logo/1_15.jpg,Other,,freetv-fun-all.txt
[VGA]有線18,https://t.freetv.fun/live/you-xian-18-4.m3u8,,,,,有線18臺,Hong Kong,Hong Kong,https://epg.pw/media/img/logo/1_15.jpg,Other,,freetv-fun-all.txt
[VGA]有线18台 fhd,https://t.freetv.fun/live/you-xian-18tai-fhd.flv,,,,368334,有線18臺,Hong Kong,Hong Kong,https://epg.pw/media/img/logo/1_15.jpg,Other,,freetv-fun-all.txt
[VGA]香港有线18,https://t.freetv.fun/live/xiang-gang-you-xian-18.php,,,,368334,有線18臺,Hong Kong,Hong Kong,https://epg.pw/media/img/logo/1_15.jpg,Other,,freetv-fun-all.txt
[VGA]香港有线18台,https://t.freetv.fun/live/xiang-gang-you-xian-18tai.php,,,,368334,有線18臺,Hong Kong,Hong Kong,https://epg.pw/media/img/logo/1_15.jpg,Other,,freetv-fun-all.txt
[VGA]香港有线18台,https://t.freetv.fun/live/xiang-gang-you-xian-18tai-1.php,,,,368334,有線18臺,Hong Kong,Hong Kong,https://epg.pw/media/img/logo/1_15.jpg,Other,,freetv-fun-all.txt
[VGA]香港有线18,https://t.freetv.fun/live/xiang-gang-you-xian-18-1.php,,,,368334,有線18臺,Hong Kong,Hong Kong,https://epg.pw/media/img/logo/1_15.jpg,Other,,freetv-fun-all.txt
[VGA]有线18,https://t.freetv.fun/live/you-xian-18.ts,,,,368334,有線18臺,Hong Kong,Hong Kong,https://epg.pw/media/img/logo/1_15.jpg,Other,,freetv-fun-all.txt
[VGA]有线18,https://t.freetv.fun/live/you-xian-18-1.ts,,,,368334,有線18臺,Hong Kong,Hong Kong,https://epg.pw/media/img/logo/1_15.jpg,Other,,freetv-fun-all.txt
[VGA]有线18,https://t.freetv.fun/live/you-xian-18-2.ts,,,,368334,有線18臺,Hong Kong,Hong Kong,https://epg.pw/media/img/logo/1_15.jpg,Other,,freetv-fun-all.txt
[VGA]有线18,https://t.freetv.fun/live/you-xian-18-3.ts,,,,368334,有線18臺,Hong Kong,Hong Kong,https://epg.pw/media/img/logo/1_15.jpg,Other,,freetv-fun-all.txt
[HD]有线新闻台,https://t.freetv.fun/live/you-xian-xin-wen-tai-1.m3u8,,,,,有線新聞,Hong Kong,Hong Kong,https://epg.pw/media/images/channel/2020/07/14/large/20200714005324551300_94.png,News,,freetv-fun-all.txt
[HD]有线新闻台,https://t.freetv.fun/live/you-xian-xin-wen-tai-1-1.m3u8,,,,,有線新聞,Hong Kong,Hong Kong,https://epg.pw/media/images/channel/2020/07/14/large/20200714005324551300_94.png,News,,freetv-fun-all.txt
[HD]有线新闻台,https://t.freetv.fun/live/you-xian-xin-wen-tai-2.m3u8,,,,,有線新聞,Hong Kong,Hong Kong,https://epg.pw/media/images/channel/2020/07/14/large/20200714005324551300_94.png,News,,freetv-fun-all.txt
[HD]有线新闻台,https://t.freetv.fun/live/you-xian-xin-wen-tai-3.m3u8,,,,,有線新聞,Hong Kong,Hong Kong,https://epg.pw/media/images/channel/2020/07/14/large/20200714005324551300_94.png,News,,freetv-fun-all.txt
[BD]有线新闻,https://t.freetv.fun/live/you-xian-xin-wen-1.m3u8,,,,,有線新聞,Hong Kong,Hong Kong,https://epg.pw/media/images/channel/2020/07/14/large/20200714005324551300_94.png,News,,freetv-fun-all.txt
[HD]有线新闻,https://t.freetv.fun/live/you-xian-xin-wen-1.php,,,,,有線新聞HD,Hong Kong,Hong Kong,https://epg.pw/media/images/channel/2020/07/14/large/20200714005654788985_97.png,News,,freetv-fun-all.txt
[VGA]有线综合,https://t.freetv.fun/live/you-xian-zong-he-1.m3u8,,,,,有線綜合娛樂臺,Hong Kong,Hong Kong,https://epg.pw/media/images/channel/2020/04/02/large/20200402190235042946_52.png,Entertainment,,freetv-fun-all.txt
[HD]有线财经信息台,https://t.freetv.fun/live/you-xian-cai-jing-xin-xi-tai.m3u8,,,,,有線財經資訊臺,Hong Kong,Hong Kong,https://epg.pw/media/images/channel/2020/06/25/large/20200625232336807856_57.png,News,,freetv-fun-all.txt
[VGA]无线财经资讯,https://t.freetv.fun/live/wu-xian-cai-jing-zi-xun.php,,,,,有線財經資訊臺,Hong Kong,Hong Kong,https://epg.pw/media/images/channel/2020/06/25/large/20200625232336807856_57.png,News,,freetv-fun-all.txt
[HD]朝鲜恩情台,https://t.freetv.fun/live/zhao-xian-en-qing-tai.m3u8,,,,,朝鮮中央臺,North Korea,North Korea,https://epg.pw/media/images/channel/2022/05/31/large/20220531163411079671_65.jpg,Other,,freetv-fun-all.txt
[VGA]朝鲜中央电视台,https://t.freetv.fun/live/zhao-xian-zhong-yang-dian-shi-tai.m3u8,,,,,朝鮮中央臺,North Korea,North Korea,https://epg.pw/media/images/channel/2022/05/31/large/20220531163411079671_65.jpg,Other,,freetv-fun-all.txt
[VGA]杭州少儿体育,https://t.freetv.fun/live/hang-zhou-shao-er-ti-yu.m3u8,,,,,杭州少兒頻道,China,China,https://epg.pw/media/images/channel/2024/03/13/large/20240313195901566398_50.png,Other,,freetv-fun-all.txt
[VGA]杭州影视,https://t.freetv.fun/live/hang-zhou-ying-shi-1.php,,,,,杭州影視,China,China,https://epg.pw/media/images/channel/2022/05/30/large/20220530221936596312_83.jpg,Movies,,freetv-fun-all.txt
[VGA]杭州影视频道,https://t.freetv.fun/live/hang-zhou-ying-shi-pin-dao.m3u8,,,,,杭州影視,China,China,https://epg.pw/media/images/channel/2022/05/30/large/20220530221936596312_83.jpg,Movies,,freetv-fun-all.txt
[VGA]杭州影视,https://t.freetv.fun/live/hang-zhou-ying-shi-1.m3u8,,,,,杭州影視,China,China,https://epg.pw/media/images/channel/2022/05/30/large/20220530221936596312_83.jpg,Movies,,freetv-fun-all.txt
[VGA]杭州影视,https://t.freetv.fun/live/hang-zhou-ying-shi-2.m3u8,,,,,杭州影視,China,China,https://epg.pw/media/images/channel/2022/05/30/large/20220530221936596312_83.jpg,Movies,,freetv-fun-all.txt
[VGA]杭州影视,https://t.freetv.fun/live/hang-zhou-ying-shi-3.m3u8,,,,,杭州影視,China,China,https://epg.pw/media/images/channel/2022/05/30/large/20220530221936596312_83.jpg,Movies,,freetv-fun-all.txt
[VGA]杭州影视,https://t.freetv.fun/live/hang-zhou-ying-shi-4.m3u8,,,,,杭州影視,China,China,https://epg.pw/media/images/channel/2022/05/30/large/20220530221936596312_83.jpg,Movies,,freetv-fun-all.txt
[VGA]杭州4影视高清,https://t.freetv.fun/live/hang-zhou-4ying-shi-gao-qing.smil,,,,,杭州影視,China,China,https://epg.pw/media/images/channel/2022/05/30/large/20220530221936596312_83.jpg,Movies,,freetv-fun-all.txt
[VGA]杭州明珠频道,https://t.freetv.fun/live/hang-zhou-ming-zhu-pin-dao.m3u8,,,,,杭州明珠,China,China,https://epg.pw/media/images/channel/2022/05/31/large/20220531142453519514_22.jpg,Generic,,freetv-fun-all.txt
[VGA]杭州明珠,https://t.freetv.fun/live/hang-zhou-ming-zhu-1.php,,,,,杭州明珠,China,China,https://epg.pw/media/images/channel/2022/05/31/large/20220531142453519514_22.jpg,Generic,,freetv-fun-all.txt
[VGA]杭州明珠,https://t.freetv.fun/live/hang-zhou-ming-zhu-1.m3u8,,,,,杭州明珠,China,China,https://epg.pw/media/images/channel/2022/05/31/large/20220531142453519514_22.jpg,Generic,,freetv-fun-all.txt
[VGA]杭州生活频道,https://t.freetv.fun/live/hang-zhou-sheng-huo-pin-dao.m3u8,,,,,杭州生活,China,China,https://epg.pw/media/images/channel/2022/05/30/large/20220530221835348974_94.jpg,Generic,,freetv-fun-all.txt
[VGA]杭州生活,https://t.freetv.fun/live/hang-zhou-sheng-huo-1.php,,,,,杭州生活,China,China,https://epg.pw/media/images/channel/2022/05/30/large/20220530221835348974_94.jpg,Generic,,freetv-fun-all.txt
[VGA]杭州生活,https://t.freetv.fun/live/hang-zhou-sheng-huo-1.m3u8,,,,,杭州生活,China,China,https://epg.pw/media/images/channel/2022/05/30/large/20220530221835348974_94.jpg,Generic,,freetv-fun-all.txt
[VGA]杭州综合频道,https://t.freetv.fun/live/hang-zhou-zong-he-pin-dao.m3u8,,,,,杭州綜合,China,China,https://epg.pw/media/images/channel/2022/05/30/large/20220530221552085085_23.jpg,Other,,freetv-fun-all.txt
[VGA]杭州综合,https://t.freetv.fun/live/hang-zhou-zong-he-1.php,,,,,杭州綜合,China,China,https://epg.pw/media/images/channel/2022/05/30/large/20220530221552085085_23.jpg,Other,,freetv-fun-all.txt
[VGA]杭州综合,https://t.freetv.fun/live/hang-zhou-zong-he-1.m3u8,,,,,杭州綜合,China,China,https://epg.pw/media/images/channel/2022/05/30/large/20220530221552085085_23.jpg,Other,,freetv-fun-all.txt
[VGA]杭州1综合,https://t.freetv.fun/live/hang-zhou-1zong-he.smil,,,,,杭州綜合,China,China,https://epg.pw/media/images/channel/2022/05/30/large/20220530221552085085_23.jpg,Other,,freetv-fun-all.txt
[VGA]杭州萧山综合,https://t.freetv.fun/live/hang-zhou-xiao-shan-zong-he.m3u8,,,,,杭州綜合,China,China,https://epg.pw/media/images/channel/2022/05/30/large/20220530221552085085_23.jpg,Generic,,freetv-fun-all.txt
[VGA]杭州西湖明珠,https://t.freetv.fun/live/hang-zhou-xi-hu-ming-zhu.m3u8,,,,,杭州西湖明珠,China,China,https://epg.pw/media/images/channel/2024/03/13/large/20240313195920851624_92.png,Other,,freetv-fun-all.txt
[VGA]东南卫视,https://t.freetv.fun/live/dong-nan-wei-shi-9.m3u8,,,,,東南衛視,China,China,https://epg.pw/media/images/channel/2025/01/28/large/20250128055858539901_84.jpg,Generic,,freetv-fun-all.txt
[SD]东南卫视,https://t.freetv.fun/live/dong-nan-wei-shi-3-1.m3u8,,,,,東南衛視,China,China,https://epg.pw/media/images/channel/2025/01/28/large/20250128055858539901_84.jpg,Generic,,freetv-fun-all.txt
[SD]东南卫视,https://t.freetv.fun/live/dong-nan-wei-shi-13.m3u8,,,,,東南衛視,China,China,https://epg.pw/media/images/channel/2025/01/28/large/20250128055858539901_84.jpg,Generic,,freetv-fun-all.txt
[VGA]东南卫视,https://t.freetv.fun/live/dong-nan-wei-shi-1-1.m3u8,,,,,東南衛視,China,China,https://epg.pw/media/images/channel/2025/01/28/large/20250128055858539901_84.jpg,Generic,,freetv-fun-all.txt
[VGA]东南卫视[1920*1080],https://t.freetv.fun/live/dong-nan-wei-shi-1920-1080.m3u8,,,,,東南衛視,China,China,https://epg.pw/media/images/channel/2025/01/28/large/20250128055858539901_84.jpg,Generic,,freetv-fun-all.txt
[VGA]cn: 东南卫视,https://t.freetv.fun/live/cn-dong-nan-wei-shi.m3u8,,,,,東南衛視,China,China,https://epg.pw/media/images/channel/2025/01/28/large/20250128055858539901_84.jpg,Generic,,freetv-fun-all.txt
[VGA]东南卫视,https://t.freetv.fun/live/dong-nan-wei-shi-4-1.php,,,,,東南衛視,China,China,https://epg.pw/media/images/channel/2025/01/28/large/20250128055858539901_84.jpg,Generic,,freetv-fun-all.txt
[BD]东南卫视,https://t.freetv.fun/live/dong-nan-wei-shi-5-2.php,,,,,東南衛視,China,China,https://epg.pw/media/images/channel/2025/01/28/large/20250128055858539901_84.jpg,Generic,,freetv-fun-all.txt
[BD]东南卫视,https://t.freetv.fun/live/dong-nan-wei-shi-11.m3u8,,,,,東南衛視,China,China,https://epg.pw/media/images/channel/2025/01/28/large/20250128055858539901_84.jpg,Generic,,freetv-fun-all.txt
[BD]东南卫视,https://t.freetv.fun/live/dong-nan-wei-shi-9.php,,,,,東南衛視,China,China,https://epg.pw/media/images/channel/2025/01/28/large/20250128055858539901_84.jpg,Generic,,freetv-fun-all.txt
[VGA]东南卫视,https://t.freetv.fun/live/dong-nan-wei-shi-2-1.m3u8,,,,,東南衛視,China,China,https://epg.pw/media/images/channel/2025/01/28/large/20250128055858539901_84.jpg,Generic,,freetv-fun-all.txt
[SD]东南卫视,https://t.freetv.fun/live/dong-nan-wei-shi-4-1.m3u8,,,,,東南衛視,China,China,https://epg.pw/media/images/channel/2025/01/28/large/20250128055858539901_84.jpg,Generic,,freetv-fun-all.txt
[VGA]东南卫视,https://t.freetv.fun/live/dong-nan-wei-shi-5-2.m3u8,,,,,東南衛視,China,China,https://epg.pw/media/images/channel/2025/01/28/large/20250128055858539901_84.jpg,Generic,,freetv-fun-all.txt
[VGA]东南卫视,https://t.freetv.fun/live/dong-nan-wei-shi-6-2.m3u8,,,,,東南衛視,China,China,https://epg.pw/media/images/channel/2025/01/28/large/20250128055858539901_84.jpg,Generic,,freetv-fun-all.txt
[VGA]东南卫视高清,https://t.freetv.fun/live/dong-nan-wei-shi-gao-qing-1.m3u8,,,,,東南衛視,China,China,https://epg.pw/media/images/channel/2025/01/28/large/20250128055858539901_84.jpg,Generic,,freetv-fun-all.txt
[VGA]东南卫视hd,https://t.freetv.fun/live/dong-nan-wei-shi-hd.php,,,,,東南衛視,China,China,https://epg.pw/media/images/channel/2025/01/28/large/20250128055858539901_84.jpg,Generic,,freetv-fun-all.txt
[BD]东南卫视,https://t.freetv.fun/live/dong-nan-wei-shi-64.m3u8,,,,,東南衛視,China,China,https://epg.pw/media/images/channel/2025/01/28/large/20250128055858539901_84.jpg,Generic,,freetv-fun-all.txt
[VGA]东南卫视,https://t.freetv.fun/live/dong-nan-wei-shi-7-1.m3u8,,,,,東南衛視,China,China,https://epg.pw/media/images/channel/2025/01/28/large/20250128055858539901_84.jpg,Generic,,freetv-fun-all.txt
[VGA]东南卫视,https://t.freetv.fun/live/dong-nan-wei-shi-9-1.m3u8,,,,,東南衛視,China,China,https://epg.pw/media/images/channel/2025/01/28/large/20250128055858539901_84.jpg,Generic,,freetv-fun-all.txt
[VGA]东南卫视,https://t.freetv.fun/live/dong-nan-wei-shi-12.m3u8,,,,,東南衛視,China,China,https://epg.pw/media/images/channel/2025/01/28/large/20250128055858539901_84.jpg,Generic,,freetv-fun-all.txt
[VGA]东南卫视,https://t.freetv.fun/live/dong-nan-wei-shi-15.m3u8,,,,,東南衛視,China,China,https://epg.pw/media/images/channel/2025/01/28/large/20250128055858539901_84.jpg,Generic,,freetv-fun-all.txt
[VGA]东南卫视,https://t.freetv.fun/live/dong-nan-wei-shi-16.php,,,,,東南衛視,China,China,https://epg.pw/media/images/channel/2025/01/28/large/20250128055858539901_84.jpg,Generic,,freetv-fun-all.txt
[VGA]东南卫视,https://t.freetv.fun/live/dong-nan-wei-shi-17.m3u8,,,,,東南衛視,China,China,https://epg.pw/media/images/channel/2025/01/28/large/20250128055858539901_84.jpg,Generic,,freetv-fun-all.txt
[VGA]东南卫视,https://t.freetv.fun/live/dong-nan-wei-shi-18.m3u8,,,,,東南衛視,China,China,https://epg.pw/media/images/channel/2025/01/28/large/20250128055858539901_84.jpg,Generic,,freetv-fun-all.txt
[VGA]东南卫视,https://t.freetv.fun/live/dong-nan-wei-shi-19.m3u8,,,,,東南衛視,China,China,https://epg.pw/media/images/channel/2025/01/28/large/20250128055858539901_84.jpg,Generic,,freetv-fun-all.txt
[VGA]东南卫视,https://t.freetv.fun/live/dong-nan-wei-shi-20.m3u8,,,,,東南衛視,China,China,https://epg.pw/media/images/channel/2025/01/28/large/20250128055858539901_84.jpg,Generic,,freetv-fun-all.txt
[VGA]东南卫视,https://t.freetv.fun/live/dong-nan-wei-shi-21.m3u8,,,,,東南衛視,China,China,https://epg.pw/media/images/channel/2025/01/28/large/20250128055858539901_84.jpg,Generic,,freetv-fun-all.txt
[VGA]东南卫视,https://t.freetv.fun/live/dong-nan-wei-shi-22.m3u8,,,,,東南衛視,China,China,https://epg.pw/media/images/channel/2025/01/28/large/20250128055858539901_84.jpg,Generic,,freetv-fun-all.txt
[VGA]东南卫视,https://t.freetv.fun/live/dong-nan-wei-shi-23.m3u8,,,,,東南衛視,China,China,https://epg.pw/media/images/channel/2025/01/28/large/20250128055858539901_84.jpg,Generic,,freetv-fun-all.txt
[VGA]东南卫视,https://t.freetv.fun/live/dong-nan-wei-shi-24.php,,,,,東南衛視,China,China,https://epg.pw/media/images/channel/2025/01/28/large/20250128055858539901_84.jpg,Generic,,freetv-fun-all.txt
[VGA]东南卫视,https://t.freetv.fun/live/dong-nan-wei-shi-25.m3u8,,,,,東南衛視,China,China,https://epg.pw/media/images/channel/2025/01/28/large/20250128055858539901_84.jpg,Generic,,freetv-fun-all.txt
[VGA]东南卫视 高清,https://t.freetv.fun/live/dong-nan-wei-shi-gao-qing-2.m3u8,,,,,東南衛視,China,China,https://epg.pw/media/images/channel/2025/01/28/large/20250128055858539901_84.jpg,Generic,,freetv-fun-all.txt
[VGA]东南卫视,https://t.freetv.fun/live/dong-nan-wei-shi-26.m3u8,,,,,東南衛視,China,China,https://epg.pw/media/images/channel/2025/01/28/large/20250128055858539901_84.jpg,Generic,,freetv-fun-all.txt
[VGA]东南卫视,https://t.freetv.fun/live/dong-nan-wei-shi-27.m3u8,,,,,東南衛視,China,China,https://epg.pw/media/images/channel/2025/01/28/large/20250128055858539901_84.jpg,Generic,,freetv-fun-all.txt
[VGA]东南卫视,https://t.freetv.fun/live/dong-nan-wei-shi-28.m3u8,,,,,東南衛視,China,China,https://epg.pw/media/images/channel/2025/01/28/large/20250128055858539901_84.jpg,Generic,,freetv-fun-all.txt
[VGA]福建东南卫视,https://t.freetv.fun/live/fu-jian-dong-nan-wei-shi.php,,,,,東南衛視,China,China,https://epg.pw/media/images/channel/2025/01/28/large/20250128055858539901_84.jpg,Generic,,freetv-fun-all.txt
[VGA]东南卫视 高清,https://t.freetv.fun/live/dong-nan-wei-shi-gao-qing-1-2.m3u8,,,,,東南衛視,China,China,https://epg.pw/media/images/channel/2025/01/28/large/20250128055858539901_84.jpg,Generic,,freetv-fun-all.txt
[VGA]东南卫视超高清,https://t.freetv.fun/live/dong-nan-wei-shi-chao-gao-qing.m3u8,,,,,東南衛視,China,China,https://epg.pw/media/images/channel/2025/01/28/large/20250128055858539901_84.jpg,Generic,,freetv-fun-all.txt
[VGA]东南卫视高清,https://t.freetv.fun/live/dong-nan-wei-shi-gao-qing-1.smil,,,,,東南衛視,China,China,https://epg.pw/media/images/channel/2022/05/30/large/20220530230913448467_39.jpg,Generic,,freetv-fun-all.txt
[VGA]东南卫视高清,https://t.freetv.fun/live/dong-nan-wei-shi-gao-qing-1-1.php,,,,,東南衛視,China,China,https://epg.pw/media/images/channel/2022/05/30/large/20220530230913448467_39.jpg,Generic,,freetv-fun-all.txt
[VGA]东南卫视 8m1080,https://t.freetv.fun/live/dong-nan-wei-shi-8m1080.m3u8,,,,,東南衛視,China,China,https://epg.pw/media/images/channel/2022/05/30/large/20220530230913448467_39.jpg,Generic,,freetv-fun-all.txt
[VGA]东南卫视 8m1080,https://t.freetv.fun/live/dong-nan-wei-shi-8m1080-1.m3u8,,,,,東南衛視,China,China,https://epg.pw/media/images/channel/2022/05/30/large/20220530230913448467_39.jpg,Generic,,freetv-fun-all.txt
[BD]东方影视,https://t.freetv.fun/live/dong-fang-ying-shi-1.m3u8,,,,,東方影視,China,China,https://epg.pw/media/images/channel/2024/07/28/large/20240728224839286048_21.jpg,Movies,,freetv-fun-all.txt
[BD]东方影视,https://t.freetv.fun/live/dong-fang-ying-shi-3.m3u8,,,,,東方影視,China,China,https://epg.pw/media/images/channel/2024/07/28/large/20240728224839286048_21.jpg,Movies,,freetv-fun-all.txt
[VGA]上视东方影视,https://t.freetv.fun/live/shang-shi-dong-fang-ying-shi-2.php,,,,,東方影視,China,China,https://epg.pw/media/images/channel/2024/07/28/large/20240728224839286048_21.jpg,Movies,,freetv-fun-all.txt
[BD]上视东方影视,https://t.freetv.fun/live/shang-shi-dong-fang-ying-shi-1-1.m3u8,,,,,東方影視,China,China,https://epg.pw/media/images/channel/2024/07/28/large/20240728224839286048_21.jpg,Movies,,freetv-fun-all.txt
[BD]上视东方影视,https://t.freetv.fun/live/shang-shi-dong-fang-ying-shi-2-1.m3u8,,,,,東方影視,China,China,https://epg.pw/media/images/channel/2024/07/28/large/20240728224839286048_21.jpg,Movies,,freetv-fun-all.txt
[VGA]东方影视,https://t.freetv.fun/live/dong-fang-ying-shi-2-1.m3u8,,,,,東方影視,China,China,https://epg.pw/media/images/channel/2024/07/28/large/20240728224839286048_21.jpg,Movies,,freetv-fun-all.txt
[VGA]东方影视,https://t.freetv.fun/live/dong-fang-ying-shi-3-1.m3u8,,,,,東方影視,China,China,https://epg.pw/media/images/channel/2024/07/28/large/20240728224839286048_21.jpg,Movies,,freetv-fun-all.txt
[VGA]东方影视,https://t.freetv.fun/live/dong-fang-ying-shi-4.m3u8,,,,,東方影視,China,China,https://epg.pw/media/images/channel/2024/07/28/large/20240728224839286048_21.jpg,Movies,,freetv-fun-all.txt
[VGA]上海东方影视,https://t.freetv.fun/live/shang-hai-dong-fang-ying-shi.php,,,,,東方影視,China,China,https://epg.pw/media/images/channel/2024/07/28/large/20240728224839286048_21.jpg,Movies,,freetv-fun-all.txt
[VGA]东方影视 高清,https://t.freetv.fun/live/dong-fang-ying-shi-gao-qing.m3u8,,,,,東方影視,China,China,https://epg.pw/media/images/channel/2024/07/28/large/20240728224839286048_21.jpg,Movies,,freetv-fun-all.txt
[VGA]东方卫视,https://t.freetv.fun/live/dong-fang-wei-shi-14.m3u8,,,,,東方衛視,China,China,https://epg.pw/media/images/channel/2023/06/05/large/20230605010227137581_33.jpg,Generic,,freetv-fun-all.txt
[VGA]东方卫视,https://t.freetv.fun/live/dong-fang-wei-shi-1-2.m3u8,,,,,東方衛視,China,China,https://epg.pw/media/images/channel/2023/06/05/large/20230605010227137581_33.jpg,Generic,,freetv-fun-all.txt
[BD]东方卫视,https://t.freetv.fun/live/dong-fang-wei-shi-3-3.m3u8,,,,,東方衛視,China,China,https://epg.pw/media/images/channel/2023/06/05/large/20230605010227137581_33.jpg,Generic,,freetv-fun-all.txt
[BD]东方卫视,https://t.freetv.fun/live/dong-fang-wei-shi-8.m3u8,,,,,東方衛視,China,China,https://epg.pw/media/images/channel/2023/06/05/large/20230605010227137581_33.jpg,Generic,,freetv-fun-all.txt
[HD]东方卫视,https://t.freetv.fun/live/dong-fang-wei-shi-9.m3u8,,,,,東方衛視,China,China,https://epg.pw/media/images/channel/2023/06/05/large/20230605010227137581_33.jpg,Generic,,freetv-fun-all.txt
[BD]东方卫视,https://t.freetv.fun/live/dong-fang-wei-shi-20.m3u8,,,,,東方衛視,China,China,https://epg.pw/media/images/channel/2023/06/05/large/20230605010227137581_33.jpg,Generic,,freetv-fun-all.txt
[VGA]东方卫视,https://t.freetv.fun/live/dong-fang-wei-shi-2-2.m3u8,,,,,東方衛視,China,China,https://epg.pw/media/images/channel/2023/06/05/large/20230605010227137581_33.jpg,Generic,,freetv-fun-all.txt
[VGA]东方卫视,https://t.freetv.fun/live/dong-fang-wei-shi-4-3.m3u8,,,,,東方衛視,China,China,https://epg.pw/media/images/channel/2023/06/05/large/20230605010227137581_33.jpg,Generic,,freetv-fun-all.txt
[VGA]东方卫视,https://t.freetv.fun/live/dong-fang-wei-shi-5-3.m3u8,,,,,東方衛視,China,China,https://epg.pw/media/images/channel/2023/06/05/large/20230605010227137581_33.jpg,Generic,,freetv-fun-all.txt
[VGA]东方卫视,https://t.freetv.fun/live/dong-fang-wei-shi-6-3.m3u8,,,,,東方衛視,China,China,https://epg.pw/media/images/channel/2023/06/05/large/20230605010227137581_33.jpg,Generic,,freetv-fun-all.txt
[VGA]东方卫视[1920*1080],https://t.freetv.fun/live/dong-fang-wei-shi-1920-1080.m3u8,,,,,東方衛視,China,China,https://epg.pw/media/images/channel/2023/06/05/large/20230605010227137581_33.jpg,Generic,,freetv-fun-all.txt
[VGA]东方卫视[1920*1080],https://t.freetv.fun/live/dong-fang-wei-shi-1920-1080-1.m3u8,,,,,東方衛視,China,China,https://epg.pw/media/images/channel/2023/06/05/large/20230605010227137581_33.jpg,Generic,,freetv-fun-all.txt
[VGA]东方卫视[1920*1080],https://t.freetv.fun/live/dong-fang-wei-shi-1920-1080-2.m3u8,,,,,東方衛視,China,China,https://epg.pw/media/images/channel/2023/06/05/large/20230605010227137581_33.jpg,Generic,,freetv-fun-all.txt
[VGA]东方卫视[1920*1080],https://t.freetv.fun/live/dong-fang-wei-shi-1920-1080-3.m3u8,,,,,東方衛視,China,China,https://epg.pw/media/images/channel/2023/06/05/large/20230605010227137581_33.jpg,Generic,,freetv-fun-all.txt
[VGA]东方卫视[1920*1080],https://t.freetv.fun/live/dong-fang-wei-shi-1920-1080-4.m3u8,,,,,東方衛視,China,China,https://epg.pw/media/images/channel/2023/06/05/large/20230605010227137581_33.jpg,Generic,,freetv-fun-all.txt
[VGA]东方卫视[1920*1080],https://t.freetv.fun/live/dong-fang-wei-shi-1920-1080-5.m3u8,,,,,東方衛視,China,China,https://epg.pw/media/images/channel/2023/06/05/large/20230605010227137581_33.jpg,Generic,,freetv-fun-all.txt
[VGA]东方卫视,https://t.freetv.fun/live/dong-fang-wei-shi-5-3.php,,,,,東方衛視,China,China,https://epg.pw/media/images/channel/2023/06/05/large/20230605010227137581_33.jpg,Generic,,freetv-fun-all.txt
[BD]东方卫视,https://t.freetv.fun/live/dong-fang-wei-shi-6-3.php,,,,,東方衛視,China,China,https://epg.pw/media/images/channel/2023/06/05/large/20230605010227137581_33.jpg,Generic,,freetv-fun-all.txt
[VGA]東方衛視hd2,https://t.freetv.fun/live/dong-fang-wei-shi-hd2.m3u8,,,,,東方衛視,China,China,https://epg.pw/media/images/channel/2023/06/05/large/20230605010227137581_33.jpg,Generic,,freetv-fun-all.txt
[BD]东方卫视,https://t.freetv.fun/live/dong-fang-wei-shi-14.php,,,,,東方衛視,China,China,https://epg.pw/media/images/channel/2023/06/05/large/20230605010227137581_33.jpg,Generic,,freetv-fun-all.txt
[BD]东方卫视,https://t.freetv.fun/live/dong-fang-wei-shi-17.m3u8,,,,,東方衛視,China,China,https://epg.pw/media/images/channel/2023/06/05/large/20230605010227137581_33.jpg,Generic,,freetv-fun-all.txt
[VGA]东方卫视,https://t.freetv.fun/live/dong-fang-wei-shi-7-1.m3u8,,,,,東方衛視,China,China,https://epg.pw/media/images/channel/2023/06/05/large/20230605010227137581_33.jpg,Generic,,freetv-fun-all.txt
[VGA]东方卫视,https://t.freetv.fun/live/dong-fang-wei-shi-10-1.m3u8,,,,,東方衛視,China,China,https://epg.pw/media/images/channel/2023/06/05/large/20230605010227137581_33.jpg,Generic,,freetv-fun-all.txt
[VGA]东方卫视,https://t.freetv.fun/live/dong-fang-wei-shi-11-1.m3u8,,,,,東方衛視,China,China,https://epg.pw/media/images/channel/2023/06/05/large/20230605010227137581_33.jpg,Generic,,freetv-fun-all.txt
[VGA]东方卫视,https://t.freetv.fun/live/dong-fang-wei-shi-12-1.m3u8,,,,,東方衛視,China,China,https://epg.pw/media/images/channel/2023/06/05/large/20230605010227137581_33.jpg,Generic,,freetv-fun-all.txt
[VGA]东方卫视,https://t.freetv.fun/live/dong-fang-wei-shi-13-1.m3u8,,,,,東方衛視,China,China,https://epg.pw/media/images/channel/2023/06/05/large/20230605010227137581_33.jpg,Generic,,freetv-fun-all.txt
[VGA]东方卫视高清,https://t.freetv.fun/live/dong-fang-wei-shi-gao-qing-1.smil,,,,,東方衛視,China,China,https://epg.pw/media/images/channel/2023/06/05/large/20230605010227137581_33.jpg,Generic,,freetv-fun-all.txt
[VGA]东方卫视,https://t.freetv.fun/live/dong-fang-wei-shi-14-1.m3u8,,,,,東方衛視,China,China,https://epg.pw/media/images/channel/2023/06/05/large/20230605010227137581_33.jpg,Generic,,freetv-fun-all.txt
[VGA]东方卫视,https://t.freetv.fun/live/dong-fang-wei-shi-15.m3u8,,,,,東方衛視,China,China,https://epg.pw/media/images/channel/2023/06/05/large/20230605010227137581_33.jpg,Generic,,freetv-fun-all.txt
[VGA]东方卫视,https://t.freetv.fun/live/dong-fang-wei-shi-16.m3u8,,,,,東方衛視,China,China,https://epg.pw/media/images/channel/2023/06/05/large/20230605010227137581_33.jpg,Generic,,freetv-fun-all.txt
[VGA]东方卫视,https://t.freetv.fun/live/dong-fang-wei-shi-18.m3u8,,,,,東方衛視,China,China,https://epg.pw/media/images/channel/2023/06/05/large/20230605010227137581_33.jpg,Generic,,freetv-fun-all.txt
[VGA]东方卫视,https://t.freetv.fun/live/dong-fang-wei-shi-19.m3u8,,,,,東方衛視,China,China,https://epg.pw/media/images/channel/2023/06/05/large/20230605010227137581_33.jpg,Generic,,freetv-fun-all.txt
[VGA]东方卫视,https://t.freetv.fun/live/dong-fang-wei-shi-21.m3u8,,,,,東方衛視,China,China,https://epg.pw/media/images/channel/2023/06/05/large/20230605010227137581_33.jpg,Generic,,freetv-fun-all.txt
[VGA]东方卫视,https://t.freetv.fun/live/dong-fang-wei-shi-22.m3u8,,,,,東方衛視,China,China,https://epg.pw/media/images/channel/2023/06/05/large/20230605010227137581_33.jpg,Generic,,freetv-fun-all.txt
[VGA]东方卫视,https://t.freetv.fun/live/dong-fang-wei-shi-23.m3u8,,,,,東方衛視,China,China,https://epg.pw/media/images/channel/2023/06/05/large/20230605010227137581_33.jpg,Generic,,freetv-fun-all.txt
[VGA]东方卫视,https://t.freetv.fun/live/dong-fang-wei-shi-24.php,,,,,東方衛視,China,China,https://epg.pw/media/images/channel/2023/06/05/large/20230605010227137581_33.jpg,Generic,,freetv-fun-all.txt
[VGA]东方卫视,https://t.freetv.fun/live/dong-fang-wei-shi-25.m3u8,,,,,東方衛視,China,China,https://epg.pw/media/images/channel/2023/06/05/large/20230605010227137581_33.jpg,Generic,,freetv-fun-all.txt
[VGA]东方卫视,https://t.freetv.fun/live/dong-fang-wei-shi-26.m3u8,,,,,東方衛視,China,China,https://epg.pw/media/images/channel/2023/06/05/large/20230605010227137581_33.jpg,Generic,,freetv-fun-all.txt
[VGA]东方卫视,https://t.freetv.fun/live/dong-fang-wei-shi-27.php,,,,,東方衛視,China,China,https://epg.pw/media/images/channel/2023/06/05/large/20230605010227137581_33.jpg,Generic,,freetv-fun-all.txt
[VGA]东方卫视,https://t.freetv.fun/live/dong-fang-wei-shi-28.m3u8,,,,,東方衛視,China,China,https://epg.pw/media/images/channel/2023/06/05/large/20230605010227137581_33.jpg,Generic,,freetv-fun-all.txt
[VGA]广东南方卫视,https://t.freetv.fun/live/yan-dong-nan-fang-wei-shi.php,,,,,東方衛視,China,China,https://epg.pw/media/images/channel/2023/06/05/large/20230605010227137581_33.jpg,Generic,,freetv-fun-all.txt
[VGA]东方卫视,https://t.freetv.fun/live/dong-fang-wei-shi-29.m3u8,,,,,東方衛視,China,China,https://epg.pw/media/images/channel/2023/06/05/large/20230605010227137581_33.jpg,Generic,,freetv-fun-all.txt
[VGA]东方卫视,https://t.freetv.fun/live/dong-fang-wei-shi-30.flv,,,,,東方衛視,China,China,https://epg.pw/media/images/channel/2023/06/05/large/20230605010227137581_33.jpg,Generic,,freetv-fun-all.txt
[VGA]东方卫视,https://t.freetv.fun/live/dong-fang-wei-shi-31.m3u8,,,,,東方衛視,China,China,https://epg.pw/media/images/channel/2023/06/05/large/20230605010227137581_33.jpg,Generic,,freetv-fun-all.txt
[VGA]东方卫视,https://t.freetv.fun/live/dong-fang-wei-shi-32.m3u8,,,,,東方衛視,China,China,https://epg.pw/media/images/channel/2023/06/05/large/20230605010227137581_33.jpg,Generic,,freetv-fun-all.txt
[VGA]东方卫视,https://t.freetv.fun/live/dong-fang-wei-shi-33.m3u8,,,,,東方衛視,China,China,https://epg.pw/media/images/channel/2023/06/05/large/20230605010227137581_33.jpg,Generic,,freetv-fun-all.txt
[VGA]东方卫视,https://t.freetv.fun/live/dong-fang-wei-shi-34.m3u8,,,,,東方衛視,China,China,https://epg.pw/media/images/channel/2023/06/05/large/20230605010227137581_33.jpg,Generic,,freetv-fun-all.txt
[VGA]东方卫视,https://t.freetv.fun/live/dong-fang-wei-shi-35.php,,,,,東方衛視,China,China,https://epg.pw/media/images/channel/2023/06/05/large/20230605010227137581_33.jpg,Generic,,freetv-fun-all.txt
[VGA]东方卫视x,https://t.freetv.fun/live/dong-fang-wei-shi-x.php,,,,,東方衛視,China,China,https://epg.pw/media/images/channel/2023/06/05/large/20230605010227137581_33.jpg,Generic,,freetv-fun-all.txt
[VGA]东方卫视 8m1080,https://t.freetv.fun/live/dong-fang-wei-shi-8m1080.m3u8,,,,,東方衛視,China,China,https://epg.pw/media/images/channel/2023/06/05/large/20230605010227137581_33.jpg,Generic,,freetv-fun-all.txt
[VGA]东方卫视 4m1080,https://t.freetv.fun/live/dong-fang-wei-shi-4m1080.m3u8,,,,,東方衛視,China,China,https://epg.pw/media/images/channel/2023/06/05/large/20230605010227137581_33.jpg,Generic,,freetv-fun-all.txt
[VGA]东方卫视 8m1080,https://t.freetv.fun/live/dong-fang-wei-shi-8m1080-1.m3u8,,,,,東方衛視,China,China,https://epg.pw/media/images/channel/2023/06/05/large/20230605010227137581_33.jpg,Generic,,freetv-fun-all.txt
[VGA]东方卫视 8m1080,https://t.freetv.fun/live/dong-fang-wei-shi-8m1080-2.m3u8,,,,,東方衛視,China,China,https://epg.pw/media/images/channel/2023/06/05/large/20230605010227137581_33.jpg,Generic,,freetv-fun-all.txt
[VGA]东方卫视 4m1080,https://t.freetv.fun/live/dong-fang-wei-shi-4m1080-1.m3u8,,,,,東方衛視,China,China,https://epg.pw/media/images/channel/2023/06/05/large/20230605010227137581_33.jpg,Generic,,freetv-fun-all.txt
[VGA]东方卫视 8m1080,https://t.freetv.fun/live/dong-fang-wei-shi-8m1080-3.m3u8,,,,,東方衛視,China,China,https://epg.pw/media/images/channel/2023/06/05/large/20230605010227137581_33.jpg,Generic,,freetv-fun-all.txt
[VGA]東方衛視,https://t.freetv.fun/live/dong-fang-wei-shi-36.php,,,,,東方衛視,China,China,https://epg.pw/media/images/channel/2023/06/05/large/20230605010227137581_33.jpg,Generic,,freetv-fun-all.txt
[VGA]東方衛視,https://t.freetv.fun/live/dong-fang-wei-shi-1-3.php,,,,,東方衛視,China,China,https://epg.pw/media/images/channel/2023/06/05/large/20230605010227137581_33.jpg,Generic,,freetv-fun-all.txt
[VGA]東方衛視,https://t.freetv.fun/live/dong-fang-wei-shi-2-3.php,,,,,東方衛視,China,China,https://epg.pw/media/images/channel/2023/06/05/large/20230605010227137581_33.jpg,Generic,,freetv-fun-all.txt
[VGA]東方衛視,https://t.freetv.fun/live/dong-fang-wei-shi-3-4.php,,,,,東方衛視,China,China,https://epg.pw/media/images/channel/2023/06/05/large/20230605010227137581_33.jpg,Generic,,freetv-fun-all.txt
[VGA]东方卫视咪咕,https://t.freetv.fun/live/dong-fang-wei-shi-mi-gu.m3u8,,,,,東方衛視,China,China,https://epg.pw/media/images/channel/2023/06/05/large/20230605010227137581_33.jpg,Generic,,freetv-fun-all.txt
[VGA]东方卫视高清,https://t.freetv.fun/live/dong-fang-wei-shi-gao-qing-1-1.m3u8,,,,,東方衛視,China,China,https://epg.pw/media/images/channel/2023/06/05/large/20230605010227137581_33.jpg,Generic,,freetv-fun-all.txt
[VGA]东方卫视 高清,https://t.freetv.fun/live/dong-fang-wei-shi-gao-qing-2.m3u8,,,,,東方衛視,China,China,https://epg.pw/media/images/channel/2023/06/05/large/20230605010227137581_33.jpg,Generic,,freetv-fun-all.txt
[BD]东方卫视 *b,https://t.freetv.fun/live/dong-fang-wei-shi-b.m3u8,,,,,東方衛視,China,China,https://epg.pw/media/images/channel/2023/06/05/large/20230605010227137581_33.jpg,Generic,,freetv-fun-all.txt
[VGA]东方卫视国际,https://t.freetv.fun/live/dong-fang-wei-shi-guo-ji.m3u8,,,,,東方衛視,China,China,https://epg.pw/media/images/channel/2023/06/05/large/20230605010227137581_33.jpg,Generic,,freetv-fun-all.txt
[VGA]东方卫视 高清,https://t.freetv.fun/live/dong-fang-wei-shi-gao-qing-1-2.m3u8,,,,,東方衛視,China,China,https://epg.pw/media/images/channel/2023/06/05/large/20230605010227137581_33.jpg,Generic,,freetv-fun-all.txt
[VGA]东方卫视海外,https://t.freetv.fun/live/dong-fang-wei-shi-hai-wai.m3u8,,,,,東方衛視海外,China,China,https://epg.pw/media/images/channel/2023/06/05/large/20230605010248700810_44.jpg,Generic,,freetv-fun-all.txt
[BD]东方卫视国际频道,https://t.freetv.fun/live/dong-fang-wei-shi-guo-ji-pin-dao.m3u8,,,,,東方衛視海外,China,China,https://epg.pw/media/images/channel/2023/06/05/large/20230605010248700810_44.jpg,Generic,,freetv-fun-all.txt
[HD]東映チャンネル,https://t.freetv.fun/live/dong-ying-chiyanneru-2.m3u8,,,,10711,東映チャンネル,Japan,Japan,https://epg.pw/media/images/channel/2021/10/26/large/20211026185045950061_64.png,Kids,,freetv-fun-all.txt
[VGA]东映チャンネル,https://t.freetv.fun/live/dong-ying-chiyanneru-1.m3u8,,,,10711,東映チャンネル,Japan,Japan,https://epg.pw/media/images/channel/2021/10/26/large/20211026185045950061_64.png,Kids,,freetv-fun-all.txt
[VGA]东森电影,https://t.freetv.fun/live/dong-sen-dian-ying.php,,,,460776,東森電影,Taiwan,Taiwan,https://epg.pw/media/images/channel/2023/07/22/large/20230722105858673463_13.png,Movies,,freetv-fun-all.txt
[VGA]东莞新闻综合,https://t.freetv.fun/live/dong-wan-xin-wen-zong-he-1-1.m3u8,,,,,東營新聞綜合,China,China,https://epg.pw/media/images/channel/2023/07/20/large/20230720202619100011_24.png,News,,freetv-fun-all.txt
[VGA]东莞综合,https://t.freetv.fun/live/dong-wan-zong-he.m3u8,,,,,東莞綜合,China,China,https://epg.pw/media/images/channel/2022/05/27/large/20220527164828443441_80.jpg,Generic,,freetv-fun-all.txt
[VGA]林正英,https://t.freetv.fun/live/lin-zheng-ying-5.php,,,,,林正英,Hong Kong,Hong Kong,https://epg.pw/media/images/channel/2024/07/05/large/20240705174122380318_90.jpg,Movies,,freetv-fun-all.txt
[VGA]柳州新闻综合,https://t.freetv.fun/live/liu-zhou-xin-wen-zong-he.m3u8,,,,,柳州新聞綜合,China,China,https://epg.pw/media/images/channel/2024/03/13/large/20240313195418098831_36.png,Other,,freetv-fun-all.txt
[VGA]柳州科教,https://t.freetv.fun/live/liu-zhou-ke-jiao.m3u8,,,,,柳州生活科教,China,China,https://epg.pw/media/images/channel/2024/03/13/large/20240313195519518924_37.png,Other,,freetv-fun-all.txt
[VGA]格斗专场,https://t.freetv.fun/live/ge-dou-zhuan-chang.m3u8,,,,,格鬥專場,American Samoa,American Samoa,https://epg.pw/media/img/logo/gedouzhuanchang.jpg,Test,,freetv-fun-all.txt
[SD]枣庄公共,https://t.freetv.fun/live/zao-zhuang-gong-gong.m3u8,,,,,棗莊公共,China,China,https://epg.pw/media/img/logo/3_85.jpg,Other,,freetv-fun-all.txt
[VGA]枣庄公共,https://t.freetv.fun/live/zao-zhuang-gong-gong-1.m3u8,,,,,棗莊公共,China,China,https://epg.pw/media/img/logo/3_85.jpg,Other,,freetv-fun-all.txt
[VGA]枣庄公共,https://t.freetv.fun/live/zao-zhuang-gong-gong-5.flv,,,,,棗莊公共,China,China,https://epg.pw/media/img/logo/3_85.jpg,Other,,freetv-fun-all.txt
[VGA]枣庄公共,https://t.freetv.fun/live/zao-zhuang-gong-gong-6.flv,,,,,棗莊公共,China,China,https://epg.pw/media/img/logo/3_85.jpg,Other,,freetv-fun-all.txt
[SD]枣庄教育,https://t.freetv.fun/live/zao-zhuang-jiao-yu.m3u8,,,,,棗莊教育,China,China,https://epg.pw/media/img/logo/3_86.jpg,Other,,freetv-fun-all.txt
[VGA]枣庄教育,https://t.freetv.fun/live/zao-zhuang-jiao-yu-1.m3u8,,,,,棗莊教育,China,China,https://epg.pw/media/img/logo/3_86.jpg,Other,,freetv-fun-all.txt
[VGA]枣庄教育,https://t.freetv.fun/live/zao-zhuang-jiao-yu-5.php,,,,,棗莊教育,China,China,https://epg.pw/media/img/logo/3_86.jpg,Other,,freetv-fun-all.txt
[SD]枣庄新闻,https://t.freetv.fun/live/zao-zhuang-xin-wen.m3u8,,,,,棗莊新聞,China,China,https://epg.pw/media/img/logo/3_84.jpg,Sports,,freetv-fun-all.txt
[SD]枣庄新闻综合,https://t.freetv.fun/live/zao-zhuang-xin-wen-zong-he.m3u8,,,,,棗莊新聞綜合,China,China,https://epg.pw/media/images/channel/2022/11/01/large/20221101012416331432_10.jpg,News,,freetv-fun-all.txt
[VGA]枣庄新闻综合,https://t.freetv.fun/live/zao-zhuang-xin-wen-zong-he-1.m3u8,,,,,棗莊新聞綜合,China,China,https://epg.pw/media/images/channel/2022/11/01/large/20221101012416331432_10.jpg,News,,freetv-fun-all.txt
[SD]山东枣庄新闻综合,https://t.freetv.fun/live/shan-dong-zao-zhuang-xin-wen-zong-he.m3u8,,,,,棗莊新聞綜合,China,China,https://epg.pw/media/images/channel/2022/11/01/large/20221101012416331432_10.jpg,News,,freetv-fun-all.txt
[VGA]枣庄新闻综合,https://t.freetv.fun/live/zao-zhuang-xin-wen-zong-he-3.flv,,,,,棗莊新聞綜合,China,China,https://epg.pw/media/images/channel/2022/11/01/large/20221101012416331432_10.jpg,News,,freetv-fun-all.txt
[VGA]枣庄经济生活,https://t.freetv.fun/live/zao-zhuang-jing-ji-sheng-huo.flv,,,,,棗莊經濟生活,China,China,https://epg.pw/media/images/channel/2022/11/01/large/20221101012528388477_54.jpg,Generic,,freetv-fun-all.txt
[VGA]欧洲华文电视台1,https://t.freetv.fun/live/ou-zhou-hua-wen-dian-shi-tai-1.m3u8,,,,,歐洲華文電視臺,Italy,Italy,https://epg.pw/media/images/channel/2022/04/30/large/20220430231301891476_87.png,News,,freetv-fun-all.txt
[VGA]欧美影院,https://t.freetv.fun/live/ou-mei-ying-yuan.m3u8,,,,,歐美影院,China,China,https://epg.pw/media/img/logo/3_478.jpg,Movies,,freetv-fun-all.txt
[VGA]神乐欧美影院,https://t.freetv.fun/live/shen-le-ou-mei-ying-yuan.flv,,,,,歐美影院,China,China,https://epg.pw/media/img/logo/3_478.jpg,Movies,,freetv-fun-all.txt
[VGA]武汉外语频道,https://t.freetv.fun/live/wu-yi-wai-yu-pin-dao.m3u8,,,,,武漢外語,China,China,https://epg.pw/media/images/channel/2022/05/30/large/20220530222833737842_88.jpg,Other,,freetv-fun-all.txt
[SD]武汉教育,https://t.freetv.fun/live/wu-yi-jiao-yu-1.m3u8,,,,,武漢教育,China,China,https://epg.pw/media/images/channel/2022/05/30/large/20220530222958982148_21.jpg,Other,,freetv-fun-all.txt
[VGA]武汉文体,https://t.freetv.fun/live/wu-yi-wen-ti.m3u8,,,,,武漢文體,China,China,https://epg.pw/media/images/channel/2022/05/30/large/20220530223059960515_90.jpg,Sports,,freetv-fun-all.txt
[VGA]武汉文体,https://t.freetv.fun/live/wu-yi-wen-ti-1.m3u8,,,,,武漢文體,China,China,https://epg.pw/media/images/channel/2022/05/30/large/20220530223059960515_90.jpg,Sports,,freetv-fun-all.txt
[VGA]武汉新闻综合频道,https://t.freetv.fun/live/wu-yi-xin-wen-zong-he-pin-dao.m3u8,,,,,武漢新聞綜合,China,China,https://epg.pw/media/images/channel/2022/05/31/large/20220531142758356475_67.jpg,Other,,freetv-fun-all.txt
[VGA]武汉新闻综合,https://t.freetv.fun/live/wu-yi-xin-wen-zong-he-5.m3u8,,,,,武漢新聞綜合,China,China,https://epg.pw/media/images/channel/2022/05/31/large/20220531142758356475_67.jpg,Other,,freetv-fun-all.txt
[VGA]武汉新闻综合,https://t.freetv.fun/live/wu-yi-xin-wen-zong-he-1-1.m3u8,,,,,武漢新聞綜合,China,China,https://epg.pw/media/images/channel/2022/05/31/large/20220531142758356475_67.jpg,Other,,freetv-fun-all.txt
[VGA]武汉新闻综合,https://t.freetv.fun/live/wu-yi-xin-wen-zong-he-2.m3u8,,,,,武漢新聞綜合,China,China,https://epg.pw/media/images/channel/2022/05/31/large/20220531142758356475_67.jpg,Other,,freetv-fun-all.txt
[VGA]武乡新闻综合,https://t.freetv.fun/live/wu-xiang-xin-wen-zong-he-3.m3u8,,,,,武漢新聞綜合,China,China,https://epg.pw/media/images/channel/2022/05/31/large/20220531142758356475_67.jpg,Other,,freetv-fun-all.txt
[VGA]武乡新闻综合,https://t.freetv.fun/live/wu-xiang-xin-wen-zong-he-1-1.m3u8,,,,,武漢新聞綜合,China,China,https://epg.pw/media/images/channel/2022/05/31/large/20220531142758356475_67.jpg,Other,,freetv-fun-all.txt
[SD]河北武汉新闻综合,https://t.freetv.fun/live/he-bei-wu-yi-xin-wen-zong-he.m3u8,,,,,武漢新聞綜合,China,China,https://epg.pw/media/images/channel/2022/05/31/large/20220531142758356475_67.jpg,Other,,freetv-fun-all.txt
[BD]宣汉新闻综合,https://t.freetv.fun/live/xuan-yi-xin-wen-zong-he.m3u8,,,,,武漢新聞綜合,China,China,https://epg.pw/media/images/channel/2022/05/31/large/20220531142758356475_67.jpg,Other,,freetv-fun-all.txt
[VGA]汉川新闻综合,https://t.freetv.fun/live/yi-chuan-xin-wen-zong-he.m3u8,,,,,武漢新聞綜合,China,China,https://epg.pw/media/images/channel/2022/05/31/large/20220531142758356475_67.jpg,Other,,freetv-fun-all.txt
[VGA]武汉新闻,https://t.freetv.fun/live/wu-yi-xin-wen.m3u8,,,,,武漢新聞綜合,China,China,https://epg.pw/media/images/channel/2022/05/31/large/20220531142758356475_67.jpg,Other,,freetv-fun-all.txt
[SD]武义新闻综合,https://t.freetv.fun/live/wu-yi-xin-wen-zong-he-4.m3u8,,,,,武漢新聞綜合,China,China,https://epg.pw/media/images/channel/2022/05/31/large/20220531142758356475_67.jpg,News,,freetv-fun-all.txt
[VGA]武陟新闻综合,https://t.freetv.fun/live/wu-zhi-xin-wen-zong-he.m3u8,,,,,武漢新聞綜合,China,China,https://epg.pw/media/images/channel/2022/05/31/large/20220531142758356475_67.jpg,News,,freetv-fun-all.txt
[VGA]武义新闻综合,https://t.freetv.fun/live/wu-yi-xin-wen-zong-he-1-2.m3u8,,,,,武漢新聞綜合,China,China,https://epg.pw/media/images/channel/2022/05/31/large/20220531142758356475_67.jpg,News,,freetv-fun-all.txt
[VGA]武义新闻综合,https://t.freetv.fun/live/wu-yi-xin-wen-zong-he-2-1.m3u8,,,,,武漢新聞綜合,China,China,https://epg.pw/media/images/channel/2022/05/31/large/20220531142758356475_67.jpg,News,,freetv-fun-all.txt
[VGA]武义新闻综合,https://t.freetv.fun/live/wu-yi-xin-wen-zong-he-3-1.m3u8,,,,,武漢新聞綜合,China,China,https://epg.pw/media/images/channel/2022/05/31/large/20220531142758356475_67.jpg,News,,freetv-fun-all.txt
[VGA]武义新闻综合,https://t.freetv.fun/live/wu-yi-xin-wen-zong-he-4-1.m3u8,,,,,武漢新聞綜合,China,China,https://epg.pw/media/images/channel/2022/05/31/large/20220531142758356475_67.jpg,News,,freetv-fun-all.txt
[SD]武汉经济,https://t.freetv.fun/live/wu-yi-jing-ji-1.m3u8,,,,,武漢經濟,China,China,https://epg.pw/media/images/channel/2022/05/30/large/20220530223218382697_19.jpg,News,,freetv-fun-all.txt
[VGA]歷史,https://t.freetv.fun/live/li-shi.m3u8,,,,,歷史頻道2,United States,United States,https://epg.pw/media/images/channel/2016/01/14/large/20160114185500574121_94.jpg,Knowledge,,freetv-fun-all.txt
[VGA]歷史,https://t.freetv.fun/live/li-shi-1.m3u8,,,,,歷史頻道2,United States,United States,https://epg.pw/media/images/channel/2016/01/14/large/20160114185500574121_94.jpg,Knowledge,,freetv-fun-all.txt
[VGA]歷史,https://t.freetv.fun/live/li-shi-2.m3u8,,,,,歷史頻道2,United States,United States,https://epg.pw/media/images/channel/2016/01/14/large/20160114185500574121_94.jpg,Knowledge,,freetv-fun-all.txt
[VGA]歷史,https://t.freetv.fun/live/li-shi-3.m3u8,,,,,歷史頻道2,United States,United States,https://epg.pw/media/images/channel/2016/01/14/large/20160114185500574121_94.jpg,Knowledge,,freetv-fun-all.txt
[VGA]歷史,https://t.freetv.fun/live/li-shi-4.m3u8,,,,,歷史頻道2,United States,United States,https://epg.pw/media/images/channel/2016/01/14/large/20160114185500574121_94.jpg,Knowledge,,freetv-fun-all.txt
[VGA]歷史,https://t.freetv.fun/live/li-shi-5.m3u8,,,,,歷史頻道2,United States,United States,https://epg.pw/media/images/channel/2016/01/14/large/20160114185500574121_94.jpg,Knowledge,,freetv-fun-all.txt
[VGA]歷史,https://t.freetv.fun/live/li-shi-6.m3u8,,,,,歷史頻道2,United States,United States,https://epg.pw/media/images/channel/2016/01/14/large/20160114185500574121_94.jpg,Knowledge,,freetv-fun-all.txt
[VGA]歷史,https://t.freetv.fun/live/li-shi-7.m3u8,,,,,歷史頻道2,United States,United States,https://epg.pw/media/images/channel/2016/01/14/large/20160114185500574121_94.jpg,Knowledge,,freetv-fun-all.txt
[VGA]影视娱乐,https://t.freetv.fun/live/ying-shi-yu-le.m3u8,,,,,永嘉影視娛樂,China,China,https://epg.pw/media/img/logo/1_334.jpg,Other,,freetv-fun-all.txt
[VGA]永康新闻综合,https://t.freetv.fun/live/yong-kang-xin-wen-zong-he-1.m3u8,,,,,永嘉新聞綜合,China,China,https://epg.pw/media/images/channel/2022/11/02/large/20221102234829169001_63.png,News,,freetv-fun-all.txt
[VGA]永年新闻综合,https://t.freetv.fun/live/yong-nian-xin-wen-zong-he.m3u8,,,,,永嘉新聞綜合,China,China,https://epg.pw/media/images/channel/2022/11/02/large/20221102234829169001_63.png,News,,freetv-fun-all.txt
[VGA]浙江｜永嘉新闻综合,https://t.freetv.fun/live/zhe-jiang-yong-jia-xin-wen-zong-he-1.m3u8,,,,,永嘉新聞綜合,China,China,https://epg.pw/media/images/channel/2022/11/02/large/20221102234829169001_63.png,News,,freetv-fun-all.txt
[VGA]永嘉新闻综合,https://t.freetv.fun/live/yong-jia-xin-wen-zong-he-1-1.m3u8,,,,,永嘉新聞綜合頻道,China,China,https://epg.pw/media/img/logo/1_333.jpg,News,,freetv-fun-all.txt
[VGA]永嘉新闻综合,https://t.freetv.fun/live/yong-jia-xin-wen-zong-he-2.m3u8,,,,,永嘉新聞綜合頻道,China,China,https://epg.pw/media/img/logo/1_333.jpg,News,,freetv-fun-all.txt
[VGA]永嘉新闻综合,https://t.freetv.fun/live/yong-jia-xin-wen-zong-he-3.m3u8,,,,,永嘉新聞綜合頻道,China,China,https://epg.pw/media/img/logo/1_333.jpg,News,,freetv-fun-all.txt
[VGA]永州新闻综合,https://t.freetv.fun/live/yong-zhou-xin-wen-zong-he.m3u8,,,,,永嘉新聞綜合頻道,China,China,https://epg.pw/media/img/logo/1_333.jpg,News,,freetv-fun-all.txt
[BD]求索纪录,https://t.freetv.fun/live/qiu-suo-ji-lu-2.m3u8,,,,,求索纪录,China,China,https://epg.pw/media/images/channel/2024/07/10/large/20240710025851280055_26.png,Knowledge,,freetv-fun-all.txt
[VGA]汕尾新闻综合,https://t.freetv.fun/live/shan-wei-xin-wen-zong-he.m3u8,,,,,汕尾新聞綜合,China,China,https://epg.pw/media/images/channel/2022/10/31/large/20221031235742830327_15.jpg,News,,freetv-fun-all.txt
[VGA]汕尾新闻综合,https://t.freetv.fun/live/shan-wei-xin-wen-zong-he-1.m3u8,,,,,汕尾新聞綜合,China,China,https://epg.pw/media/images/channel/2022/10/31/large/20221031235742830327_15.jpg,News,,freetv-fun-all.txt
[VGA]汕尾综合,https://t.freetv.fun/live/shan-wei-zong-he.m3u8,,,,,汕尾綜合,China,China,https://epg.pw/media/uploads/tmp_logo/2018/10/18/20181018000557428409_85.jpg,Generic,,freetv-fun-all.txt
[VGA]-汕尾综合,https://t.freetv.fun/live/shan-wei-zong-he-1.m3u8,,,,,汕尾綜合,China,China,https://epg.pw/media/uploads/tmp_logo/2018/10/18/20181018000557428409_85.jpg,Generic,,freetv-fun-all.txt
[VGA]汕尾综合高清,https://t.freetv.fun/live/shan-wei-zong-he-gao-qing.m3u8,,,,,汕尾綜合,China,China,https://epg.pw/media/uploads/tmp_logo/2018/10/18/20181018000557428409_85.jpg,Generic,,freetv-fun-all.txt
[VGA]汕尾综合高清,https://t.freetv.fun/live/shan-wei-zong-he-gao-qing-1.m3u8,,,,,汕尾綜合,China,China,https://epg.pw/media/uploads/tmp_logo/2018/10/18/20181018000557428409_85.jpg,Generic,,freetv-fun-all.txt
[BD]汕尾综合高清,https://t.freetv.fun/live/shan-wei-zong-he-gao-qing-2.m3u8,,,,,汕尾綜合,China,China,https://epg.pw/media/uploads/tmp_logo/2018/10/18/20181018000557428409_85.jpg,Generic,,freetv-fun-all.txt
[VGA]汕尾综合高清,https://t.freetv.fun/live/shan-wei-zong-he-gao-qing-3.m3u8,,,,,汕尾綜合,China,China,https://epg.pw/media/uploads/tmp_logo/2018/10/18/20181018000557428409_85.jpg,Generic,,freetv-fun-all.txt
[BD]汕尾综合高清,https://t.freetv.fun/live/shan-wei-zong-he-gao-qing-4.m3u8,,,,,汕尾綜合,China,China,https://epg.pw/media/uploads/tmp_logo/2018/10/18/20181018000557428409_85.jpg,Generic,,freetv-fun-all.txt
[VGA]汕尾综合高清,https://t.freetv.fun/live/shan-wei-zong-he-gao-qing-5.m3u8,,,,,汕尾綜合,China,China,https://epg.pw/media/uploads/tmp_logo/2018/10/18/20181018000557428409_85.jpg,Generic,,freetv-fun-all.txt
[VGA]汕尾综合高清,https://t.freetv.fun/live/shan-wei-zong-he-gao-qing-6.m3u8,,,,,汕尾綜合,China,China,https://epg.pw/media/uploads/tmp_logo/2018/10/18/20181018000557428409_85.jpg,Generic,,freetv-fun-all.txt
[BD]汕尾综合高清,https://t.freetv.fun/live/shan-wei-zong-he-gao-qing-7.m3u8,,,,,汕尾綜合,China,China,https://epg.pw/media/uploads/tmp_logo/2018/10/18/20181018000557428409_85.jpg,Generic,,freetv-fun-all.txt
[VGA]汕尾综合高清,https://t.freetv.fun/live/shan-wei-zong-he-gao-qing-8.m3u8,,,,,汕尾綜合,China,China,https://epg.pw/media/uploads/tmp_logo/2018/10/18/20181018000557428409_85.jpg,Generic,,freetv-fun-all.txt
[VGA]汕尾综合高清,https://t.freetv.fun/live/shan-wei-zong-he-gao-qing-9.m3u8,,,,,汕尾綜合,China,China,https://epg.pw/media/uploads/tmp_logo/2018/10/18/20181018000557428409_85.jpg,Generic,,freetv-fun-all.txt
[VGA]汕尾综合高清,https://t.freetv.fun/live/shan-wei-zong-he-gao-qing-10.m3u8,,,,,汕尾綜合,China,China,https://epg.pw/media/uploads/tmp_logo/2018/10/18/20181018000557428409_85.jpg,Generic,,freetv-fun-all.txt
[VGA]汕尾综合高清,https://t.freetv.fun/live/shan-wei-zong-he-gao-qing-11.m3u8,,,,,汕尾綜合,China,China,https://epg.pw/media/uploads/tmp_logo/2018/10/18/20181018000557428409_85.jpg,Generic,,freetv-fun-all.txt
[VGA]汕尾综合高清,https://t.freetv.fun/live/shan-wei-zong-he-gao-qing-12.m3u8,,,,,汕尾綜合,China,China,https://epg.pw/media/uploads/tmp_logo/2018/10/18/20181018000557428409_85.jpg,Generic,,freetv-fun-all.txt
[VGA]汕尾综合高清,https://t.freetv.fun/live/shan-wei-zong-he-gao-qing-13.m3u8,,,,,汕尾綜合,China,China,https://epg.pw/media/uploads/tmp_logo/2018/10/18/20181018000557428409_85.jpg,Generic,,freetv-fun-all.txt
[VGA]汕尾综合高清,https://t.freetv.fun/live/shan-wei-zong-he-gao-qing-14.m3u8,,,,,汕尾綜合,China,China,https://epg.pw/media/uploads/tmp_logo/2018/10/18/20181018000557428409_85.jpg,Generic,,freetv-fun-all.txt
[VGA]汕尾综合高清,https://t.freetv.fun/live/shan-wei-zong-he-gao-qing-15.m3u8,,,,,汕尾綜合,China,China,https://epg.pw/media/uploads/tmp_logo/2018/10/18/20181018000557428409_85.jpg,Generic,,freetv-fun-all.txt
[VGA]汕尾综合高清,https://t.freetv.fun/live/shan-wei-zong-he-gao-qing-16.m3u8,,,,,汕尾綜合,China,China,https://epg.pw/media/uploads/tmp_logo/2018/10/18/20181018000557428409_85.jpg,Generic,,freetv-fun-all.txt
[VGA]汕尾综合高清,https://t.freetv.fun/live/shan-wei-zong-he-gao-qing-17.m3u8,,,,,汕尾綜合,China,China,https://epg.pw/media/uploads/tmp_logo/2018/10/18/20181018000557428409_85.jpg,Generic,,freetv-fun-all.txt
[VGA]汕尾综合高清,https://t.freetv.fun/live/shan-wei-zong-he-gao-qing-18.m3u8,,,,,汕尾綜合,China,China,https://epg.pw/media/uploads/tmp_logo/2018/10/18/20181018000557428409_85.jpg,Generic,,freetv-fun-all.txt
[VGA]汕尾综合高清,https://t.freetv.fun/live/shan-wei-zong-he-gao-qing-19.m3u8,,,,,汕尾綜合,China,China,https://epg.pw/media/uploads/tmp_logo/2018/10/18/20181018000557428409_85.jpg,Generic,,freetv-fun-all.txt
[VGA]汕尾综合高清,https://t.freetv.fun/live/shan-wei-zong-he-gao-qing-20.m3u8,,,,,汕尾綜合,China,China,https://epg.pw/media/uploads/tmp_logo/2018/10/18/20181018000557428409_85.jpg,Generic,,freetv-fun-all.txt
[VGA]汕尾综合高清,https://t.freetv.fun/live/shan-wei-zong-he-gao-qing-21.m3u8,,,,,汕尾綜合,China,China,https://epg.pw/media/uploads/tmp_logo/2018/10/18/20181018000557428409_85.jpg,Generic,,freetv-fun-all.txt
[VGA]汕尾综合高清,https://t.freetv.fun/live/shan-wei-zong-he-gao-qing-22.m3u8,,,,,汕尾綜合,China,China,https://epg.pw/media/uploads/tmp_logo/2018/10/18/20181018000557428409_85.jpg,Generic,,freetv-fun-all.txt
[VGA]汕尾综合高清,https://t.freetv.fun/live/shan-wei-zong-he-gao-qing-23.m3u8,,,,,汕尾綜合,China,China,https://epg.pw/media/uploads/tmp_logo/2018/10/18/20181018000557428409_85.jpg,Generic,,freetv-fun-all.txt
[VGA]汕尾综合高清,https://t.freetv.fun/live/shan-wei-zong-he-gao-qing-24.m3u8,,,,,汕尾綜合,China,China,https://epg.pw/media/uploads/tmp_logo/2018/10/18/20181018000557428409_85.jpg,Generic,,freetv-fun-all.txt
[BD]新闻综合,https://t.freetv.fun/live/xin-wen-zong-he-2.m3u8,,,,,汕頭新聞綜合,China,China,https://epg.pw/media/img/logo/3_53.jpg,News,,freetv-fun-all.txt
[VGA]汕头经济,https://t.freetv.fun/live/shan-tou-jing-ji-1.m3u8,,,,,汕頭經濟生活,China,China,https://epg.pw/media/images/channel/2023/10/07/large/20231007180745847184_87.jpg,Generic,,freetv-fun-all.txt
[VGA]汕头经济,https://t.freetv.fun/live/shan-tou-jing-ji-2.m3u8,,,,,汕頭經濟生活,China,China,https://epg.pw/media/images/channel/2023/10/07/large/20231007180745847184_87.jpg,Generic,,freetv-fun-all.txt
[VGA]汕头经济,https://t.freetv.fun/live/shan-tou-jing-ji-3.m3u8,,,,,汕頭經濟生活,China,China,https://epg.pw/media/images/channel/2023/10/07/large/20231007180745847184_87.jpg,Generic,,freetv-fun-all.txt
[VGA]汕头经济生活,https://t.freetv.fun/live/shan-tou-jing-ji-sheng-huo.m3u8,,,,,汕頭經濟生活,China,China,https://epg.pw/media/images/channel/2023/10/07/large/20231007180745847184_87.jpg,Generic,,freetv-fun-all.txt
[VGA]-汕头生活,https://t.freetv.fun/live/shan-tou-sheng-huo.m3u8,,,,,汕頭經濟生活,China,China,https://epg.pw/media/images/channel/2023/10/07/large/20231007180745847184_87.jpg,Generic,,freetv-fun-all.txt
[VGA]汕头生活,https://t.freetv.fun/live/shan-tou-sheng-huo-1.php,,,,,汕頭經濟生活,China,China,https://epg.pw/media/images/channel/2023/10/07/large/20231007180745847184_87.jpg,Generic,,freetv-fun-all.txt
[VGA]-汕头生活,https://t.freetv.fun/live/shan-tou-sheng-huo-1-1.flv,,,,,汕頭經濟生活,China,China,https://epg.pw/media/images/channel/2023/10/07/large/20231007180745847184_87.jpg,Generic,,freetv-fun-all.txt
[BD]汕头生活高清,https://t.freetv.fun/live/shan-tou-sheng-huo-gao-qing.m3u8,,,,,汕頭經濟生活,China,China,https://epg.pw/media/images/channel/2023/10/07/large/20231007180745847184_87.jpg,Generic,,freetv-fun-all.txt
[BD]汕头生活高清,https://t.freetv.fun/live/shan-tou-sheng-huo-gao-qing-1.m3u8,,,,,汕頭經濟生活,China,China,https://epg.pw/media/images/channel/2023/10/07/large/20231007180745847184_87.jpg,Generic,,freetv-fun-all.txt
[VGA]汕头生活高清,https://t.freetv.fun/live/shan-tou-sheng-huo-gao-qing-2.m3u8,,,,,汕頭經濟生活,China,China,https://epg.pw/media/images/channel/2023/10/07/large/20231007180745847184_87.jpg,Generic,,freetv-fun-all.txt
[VGA]汕头生活高清,https://t.freetv.fun/live/shan-tou-sheng-huo-gao-qing-3.m3u8,,,,,汕頭經濟生活,China,China,https://epg.pw/media/images/channel/2023/10/07/large/20231007180745847184_87.jpg,Generic,,freetv-fun-all.txt
[BD]汕头生活高清,https://t.freetv.fun/live/shan-tou-sheng-huo-gao-qing-4.m3u8,,,,,汕頭經濟生活,China,China,https://epg.pw/media/images/channel/2023/10/07/large/20231007180745847184_87.jpg,Generic,,freetv-fun-all.txt
[VGA]汕头生活高清,https://t.freetv.fun/live/shan-tou-sheng-huo-gao-qing-5.m3u8,,,,,汕頭經濟生活,China,China,https://epg.pw/media/images/channel/2023/10/07/large/20231007180745847184_87.jpg,Generic,,freetv-fun-all.txt
[VGA]汕头生活高清,https://t.freetv.fun/live/shan-tou-sheng-huo-gao-qing-6.m3u8,,,,,汕頭經濟生活,China,China,https://epg.pw/media/images/channel/2023/10/07/large/20231007180745847184_87.jpg,Generic,,freetv-fun-all.txt
[VGA]汕头生活高清,https://t.freetv.fun/live/shan-tou-sheng-huo-gao-qing-7.m3u8,,,,,汕頭經濟生活,China,China,https://epg.pw/media/images/channel/2023/10/07/large/20231007180745847184_87.jpg,Generic,,freetv-fun-all.txt
[VGA]汕头生活高清,https://t.freetv.fun/live/shan-tou-sheng-huo-gao-qing-8.m3u8,,,,,汕頭經濟生活,China,China,https://epg.pw/media/images/channel/2023/10/07/large/20231007180745847184_87.jpg,Generic,,freetv-fun-all.txt
[BD]汕头生活高清,https://t.freetv.fun/live/shan-tou-sheng-huo-gao-qing-9.m3u8,,,,,汕頭經濟生活,China,China,https://epg.pw/media/images/channel/2023/10/07/large/20231007180745847184_87.jpg,Generic,,freetv-fun-all.txt
[VGA]汕头生活高清,https://t.freetv.fun/live/shan-tou-sheng-huo-gao-qing-10.m3u8,,,,,汕頭經濟生活,China,China,https://epg.pw/media/images/channel/2023/10/07/large/20231007180745847184_87.jpg,Generic,,freetv-fun-all.txt
[VGA]汕头生活高清,https://t.freetv.fun/live/shan-tou-sheng-huo-gao-qing-11.m3u8,,,,,汕頭經濟生活,China,China,https://epg.pw/media/images/channel/2023/10/07/large/20231007180745847184_87.jpg,Generic,,freetv-fun-all.txt
[VGA]汕头生活高清,https://t.freetv.fun/live/shan-tou-sheng-huo-gao-qing-12.m3u8,,,,,汕頭經濟生活,China,China,https://epg.pw/media/images/channel/2023/10/07/large/20231007180745847184_87.jpg,Generic,,freetv-fun-all.txt
[VGA]汕头生活高清,https://t.freetv.fun/live/shan-tou-sheng-huo-gao-qing-13.m3u8,,,,,汕頭經濟生活,China,China,https://epg.pw/media/images/channel/2023/10/07/large/20231007180745847184_87.jpg,Generic,,freetv-fun-all.txt
[VGA]汕头生活高清,https://t.freetv.fun/live/shan-tou-sheng-huo-gao-qing-14.m3u8,,,,,汕頭經濟生活,China,China,https://epg.pw/media/images/channel/2023/10/07/large/20231007180745847184_87.jpg,Generic,,freetv-fun-all.txt
[VGA]汕头生活高清,https://t.freetv.fun/live/shan-tou-sheng-huo-gao-qing-15.m3u8,,,,,汕頭經濟生活,China,China,https://epg.pw/media/images/channel/2023/10/07/large/20231007180745847184_87.jpg,Generic,,freetv-fun-all.txt
[VGA]汕头生活高清,https://t.freetv.fun/live/shan-tou-sheng-huo-gao-qing-16.m3u8,,,,,汕頭經濟生活,China,China,https://epg.pw/media/images/channel/2023/10/07/large/20231007180745847184_87.jpg,Generic,,freetv-fun-all.txt
[VGA]汕头生活高清,https://t.freetv.fun/live/shan-tou-sheng-huo-gao-qing-17.m3u8,,,,,汕頭經濟生活,China,China,https://epg.pw/media/images/channel/2023/10/07/large/20231007180745847184_87.jpg,Generic,,freetv-fun-all.txt
[VGA]汕头生活高清,https://t.freetv.fun/live/shan-tou-sheng-huo-gao-qing-18.m3u8,,,,,汕頭經濟生活,China,China,https://epg.pw/media/images/channel/2023/10/07/large/20231007180745847184_87.jpg,Generic,,freetv-fun-all.txt
[VGA]汕头生活高清,https://t.freetv.fun/live/shan-tou-sheng-huo-gao-qing-19.m3u8,,,,,汕頭經濟生活,China,China,https://epg.pw/media/images/channel/2023/10/07/large/20231007180745847184_87.jpg,Generic,,freetv-fun-all.txt
[VGA]汕头生活高清,https://t.freetv.fun/live/shan-tou-sheng-huo-gao-qing-20.m3u8,,,,,汕頭經濟生活,China,China,https://epg.pw/media/images/channel/2023/10/07/large/20231007180745847184_87.jpg,Generic,,freetv-fun-all.txt
[VGA]汕头生活高清,https://t.freetv.fun/live/shan-tou-sheng-huo-gao-qing-21.m3u8,,,,,汕頭經濟生活,China,China,https://epg.pw/media/images/channel/2023/10/07/large/20231007180745847184_87.jpg,Generic,,freetv-fun-all.txt
[VGA]汕头生活高清,https://t.freetv.fun/live/shan-tou-sheng-huo-gao-qing-22.m3u8,,,,,汕頭經濟生活,China,China,https://epg.pw/media/images/channel/2023/10/07/large/20231007180745847184_87.jpg,Generic,,freetv-fun-all.txt
[VGA]汕头生活高清,https://t.freetv.fun/live/shan-tou-sheng-huo-gao-qing-23.m3u8,,,,,汕頭經濟生活,China,China,https://epg.pw/media/images/channel/2023/10/07/large/20231007180745847184_87.jpg,Generic,,freetv-fun-all.txt
[VGA]汕头经济生活,https://t.freetv.fun/live/shan-tou-jing-ji-sheng-huo-1.m3u8,,,,,汕頭經濟生活,China,China,https://epg.pw/media/images/channel/2023/10/07/large/20231007180745847184_87.jpg,Generic,,freetv-fun-all.txt
[VGA]汕头经济,https://t.freetv.fun/live/shan-tou-jing-ji-4.m3u8,,,,,汕頭經濟生活,China,China,https://epg.pw/media/images/channel/2022/11/01/large/20221101000548208708_71.jpg,Generic,,freetv-fun-all.txt
[VGA]汕头综合,https://t.freetv.fun/live/shan-tou-zong-he.m3u8,,,,,汕頭綜合,China,China,https://epg.pw/media/images/channel/2023/11/01/large/20231101223003485086_27.jpg,Generic,,freetv-fun-all.txt
[VGA]汕头综合,https://t.freetv.fun/live/shan-tou-zong-he-1-1.m3u8,,,,,汕頭綜合,China,China,https://epg.pw/media/images/channel/2023/11/01/large/20231101223003485086_27.jpg,Generic,,freetv-fun-all.txt
[VGA]汕头综合,https://t.freetv.fun/live/shan-tou-zong-he-2.m3u8,,,,,汕頭綜合,China,China,https://epg.pw/media/images/channel/2023/11/01/large/20231101223003485086_27.jpg,Generic,,freetv-fun-all.txt
[VGA]汕头综合,https://t.freetv.fun/live/shan-tou-zong-he-3.m3u8,,,,,汕頭綜合,China,China,https://epg.pw/media/images/channel/2023/11/01/large/20231101223003485086_27.jpg,Generic,,freetv-fun-all.txt
[VGA]汕头综合,https://t.freetv.fun/live/shan-tou-zong-he-4.m3u8,,,,,汕頭綜合,China,China,https://epg.pw/media/images/channel/2023/11/01/large/20231101223003485086_27.jpg,Generic,,freetv-fun-all.txt
[VGA]-汕头综合,https://t.freetv.fun/live/shan-tou-zong-he-5.m3u8,,,,,汕頭綜合,China,China,https://epg.pw/media/images/channel/2023/11/01/large/20231101223003485086_27.jpg,Generic,,freetv-fun-all.txt
[VGA]-汕头综合,https://t.freetv.fun/live/shan-tou-zong-he-1-2.flv,,,,,汕頭綜合,China,China,https://epg.pw/media/images/channel/2023/11/01/large/20231101223003485086_27.jpg,Generic,,freetv-fun-all.txt
[VGA]汕头综合高清,https://t.freetv.fun/live/shan-tou-zong-he-gao-qing.m3u8,,,,,汕頭綜合,China,China,https://epg.pw/media/images/channel/2023/11/01/large/20231101223003485086_27.jpg,Generic,,freetv-fun-all.txt
[VGA]汕头综合高清,https://t.freetv.fun/live/shan-tou-zong-he-gao-qing-1.m3u8,,,,,汕頭綜合,China,China,https://epg.pw/media/images/channel/2023/11/01/large/20231101223003485086_27.jpg,Generic,,freetv-fun-all.txt
[BD]汕头综合高清,https://t.freetv.fun/live/shan-tou-zong-he-gao-qing-2.m3u8,,,,,汕頭綜合,China,China,https://epg.pw/media/images/channel/2023/11/01/large/20231101223003485086_27.jpg,Generic,,freetv-fun-all.txt
[BD]汕头综合高清,https://t.freetv.fun/live/shan-tou-zong-he-gao-qing-3.m3u8,,,,,汕頭綜合,China,China,https://epg.pw/media/images/channel/2023/11/01/large/20231101223003485086_27.jpg,Generic,,freetv-fun-all.txt
[BD]汕头综合高清,https://t.freetv.fun/live/shan-tou-zong-he-gao-qing-4.m3u8,,,,,汕頭綜合,China,China,https://epg.pw/media/images/channel/2023/11/01/large/20231101223003485086_27.jpg,Generic,,freetv-fun-all.txt
[VGA]汕头综合高清,https://t.freetv.fun/live/shan-tou-zong-he-gao-qing-5.m3u8,,,,,汕頭綜合,China,China,https://epg.pw/media/images/channel/2023/11/01/large/20231101223003485086_27.jpg,Generic,,freetv-fun-all.txt
[VGA]汕头综合高清,https://t.freetv.fun/live/shan-tou-zong-he-gao-qing-6.m3u8,,,,,汕頭綜合,China,China,https://epg.pw/media/images/channel/2023/11/01/large/20231101223003485086_27.jpg,Generic,,freetv-fun-all.txt
[VGA]汕头综合高清,https://t.freetv.fun/live/shan-tou-zong-he-gao-qing-7.m3u8,,,,,汕頭綜合,China,China,https://epg.pw/media/images/channel/2023/11/01/large/20231101223003485086_27.jpg,Generic,,freetv-fun-all.txt
[VGA]汕头综合高清,https://t.freetv.fun/live/shan-tou-zong-he-gao-qing-8.m3u8,,,,,汕頭綜合,China,China,https://epg.pw/media/images/channel/2023/11/01/large/20231101223003485086_27.jpg,Generic,,freetv-fun-all.txt
[VGA]汕头综合高清,https://t.freetv.fun/live/shan-tou-zong-he-gao-qing-9.m3u8,,,,,汕頭綜合,China,China,https://epg.pw/media/images/channel/2023/11/01/large/20231101223003485086_27.jpg,Generic,,freetv-fun-all.txt
[VGA]汕头综合高清,https://t.freetv.fun/live/shan-tou-zong-he-gao-qing-10.m3u8,,,,,汕頭綜合,China,China,https://epg.pw/media/images/channel/2023/11/01/large/20231101223003485086_27.jpg,Generic,,freetv-fun-all.txt
[VGA]汕头综合高清,https://t.freetv.fun/live/shan-tou-zong-he-gao-qing-11.m3u8,,,,,汕頭綜合,China,China,https://epg.pw/media/images/channel/2023/11/01/large/20231101223003485086_27.jpg,Generic,,freetv-fun-all.txt
[VGA]汕头综合高清,https://t.freetv.fun/live/shan-tou-zong-he-gao-qing-12.m3u8,,,,,汕頭綜合,China,China,https://epg.pw/media/images/channel/2023/11/01/large/20231101223003485086_27.jpg,Generic,,freetv-fun-all.txt
[VGA]汕头综合高清,https://t.freetv.fun/live/shan-tou-zong-he-gao-qing-13.m3u8,,,,,汕頭綜合,China,China,https://epg.pw/media/images/channel/2023/11/01/large/20231101223003485086_27.jpg,Generic,,freetv-fun-all.txt
[VGA]汕头综合高清,https://t.freetv.fun/live/shan-tou-zong-he-gao-qing-14.m3u8,,,,,汕頭綜合,China,China,https://epg.pw/media/images/channel/2023/11/01/large/20231101223003485086_27.jpg,Generic,,freetv-fun-all.txt
[VGA]汕头综合高清,https://t.freetv.fun/live/shan-tou-zong-he-gao-qing-15.m3u8,,,,,汕頭綜合,China,China,https://epg.pw/media/images/channel/2023/11/01/large/20231101223003485086_27.jpg,Generic,,freetv-fun-all.txt
[VGA]汕头综合高清,https://t.freetv.fun/live/shan-tou-zong-he-gao-qing-16.m3u8,,,,,汕頭綜合,China,China,https://epg.pw/media/images/channel/2023/11/01/large/20231101223003485086_27.jpg,Generic,,freetv-fun-all.txt
[VGA]汕头综合高清,https://t.freetv.fun/live/shan-tou-zong-he-gao-qing-17.m3u8,,,,,汕頭綜合,China,China,https://epg.pw/media/images/channel/2023/11/01/large/20231101223003485086_27.jpg,Generic,,freetv-fun-all.txt
[VGA]汕头综合高清,https://t.freetv.fun/live/shan-tou-zong-he-gao-qing-18.m3u8,,,,,汕頭綜合,China,China,https://epg.pw/media/images/channel/2023/11/01/large/20231101223003485086_27.jpg,Generic,,freetv-fun-all.txt
[VGA]汕头综合高清,https://t.freetv.fun/live/shan-tou-zong-he-gao-qing-19.m3u8,,,,,汕頭綜合,China,China,https://epg.pw/media/images/channel/2023/11/01/large/20231101223003485086_27.jpg,Generic,,freetv-fun-all.txt
[VGA]汕头综合高清,https://t.freetv.fun/live/shan-tou-zong-he-gao-qing-20.m3u8,,,,,汕頭綜合,China,China,https://epg.pw/media/images/channel/2023/11/01/large/20231101223003485086_27.jpg,Generic,,freetv-fun-all.txt
[VGA]汕头综合高清,https://t.freetv.fun/live/shan-tou-zong-he-gao-qing-21.m3u8,,,,,汕頭綜合,China,China,https://epg.pw/media/images/channel/2023/11/01/large/20231101223003485086_27.jpg,Generic,,freetv-fun-all.txt
[VGA]江苏公共,https://t.freetv.fun/live/jiang-su-gong-gong.m3u8,,,,,江蘇公共,China,China,https://epg.pw/media/images/channel/2024/03/13/large/20240313194202572304_91.png,Generic,,freetv-fun-all.txt
[VGA]江苏公共,https://t.freetv.fun/live/jiang-su-gong-gong-1.m3u8,,,,,江蘇公共,China,China,https://epg.pw/media/images/channel/2024/03/13/large/20240313194202572304_91.png,Generic,,freetv-fun-all.txt
[VGA]浙江公共新闻,https://t.freetv.fun/live/zhe-jiang-gong-gong-xin-wen-2.m3u8,,,,,江蘇公共新聞,China,China,https://epg.pw/media/images/channel/2022/05/30/large/20220530230145240280_53.jpg,News,,freetv-fun-all.txt
[VGA]浙江|浙江公共新闻,https://t.freetv.fun/live/zhe-jiang-zhe-jiang-gong-gong-xin-wen.m3u8,,,,,江蘇公共新聞,China,China,https://epg.pw/media/images/channel/2022/05/30/large/20220530230145240280_53.jpg,News,,freetv-fun-all.txt
[VGA]江苏新闻,https://t.freetv.fun/live/jiang-su-xin-wen-1.m3u8,,,,,江蘇公共新聞,China,China,https://epg.pw/media/images/channel/2022/05/30/large/20220530230145240280_53.jpg,News,,freetv-fun-all.txt
[VGA]江苏新闻,https://t.freetv.fun/live/jiang-su-xin-wen-1.php,,,,,江蘇公共新聞,China,China,https://epg.pw/media/images/channel/2022/05/30/large/20220530230145240280_53.jpg,News,,freetv-fun-all.txt
[HD]江苏公共新闻,https://t.freetv.fun/live/jiang-su-gong-gong-xin-wen.m3u8,,,,,江蘇公共新聞,China,China,https://epg.pw/media/images/channel/2022/05/30/large/20220530230145240280_53.jpg,News,,freetv-fun-all.txt
[VGA]浙江公共新闻,https://t.freetv.fun/live/zhe-jiang-gong-gong-xin-wen-2-1.php,,,,,江蘇公共新聞,China,China,https://epg.pw/media/images/channel/2022/05/30/large/20220530230145240280_53.jpg,News,,freetv-fun-all.txt
[VGA]浙江公共新闻,https://t.freetv.fun/live/zhe-jiang-gong-gong-xin-wen-3.php,,,,,江蘇公共新聞,China,China,https://epg.pw/media/images/channel/2022/05/30/large/20220530230145240280_53.jpg,News,,freetv-fun-all.txt
[VGA]公共新闻,https://t.freetv.fun/live/gong-gong-xin-wen.php,,,,,江蘇公共新聞,China,China,https://epg.pw/media/images/channel/2022/05/30/large/20220530230145240280_53.jpg,News,,freetv-fun-all.txt
[HD]公共新闻,https://t.freetv.fun/live/gong-gong-xin-wen-1.m3u8,,,,,江蘇公共新聞,China,China,https://epg.pw/media/images/channel/2022/05/30/large/20220530230145240280_53.jpg,News,,freetv-fun-all.txt
[HD]公共新闻,https://t.freetv.fun/live/gong-gong-xin-wen-2.m3u8,,,,,江蘇公共新聞,China,China,https://epg.pw/media/images/channel/2022/05/30/large/20220530230145240280_53.jpg,News,,freetv-fun-all.txt
[HD]公共新闻,https://t.freetv.fun/live/gong-gong-xin-wen-3.m3u8,,,,,江蘇公共新聞,China,China,https://epg.pw/media/images/channel/2022/05/30/large/20220530230145240280_53.jpg,News,,freetv-fun-all.txt
[VGA]江苏城市,https://t.freetv.fun/live/jiang-su-cheng-shi-1.m3u8,,,,,江蘇城市,China,China,https://epg.pw/media/images/channel/2022/05/30/large/20220530230012040614_78.jpg,Generic,,freetv-fun-all.txt
[VGA]江苏城市,https://t.freetv.fun/live/jiang-su-cheng-shi-1.php,,,,,江蘇城市,China,China,https://epg.pw/media/images/channel/2022/05/30/large/20220530230012040614_78.jpg,Generic,,freetv-fun-all.txt
[HD]江苏城市,https://t.freetv.fun/live/jiang-su-cheng-shi-4.m3u8,,,,,江蘇城市,China,China,https://epg.pw/media/images/channel/2022/05/30/large/20220530230012040614_78.jpg,Generic,,freetv-fun-all.txt
[VGA]江苏影视,https://t.freetv.fun/live/jiang-su-ying-shi.m3u8,,,,,江蘇影視,China,China,https://epg.pw/media/images/channel/2022/05/30/large/20220530230645676753_16.jpg,Movies,,freetv-fun-all.txt
[VGA]江苏影视,https://t.freetv.fun/live/jiang-su-ying-shi-1.m3u8,,,,,江蘇影視,China,China,https://epg.pw/media/images/channel/2022/05/30/large/20220530230645676753_16.jpg,Movies,,freetv-fun-all.txt
[VGA]江苏影视,https://t.freetv.fun/live/jiang-su-ying-shi-2.php,,,,,江蘇影視,China,China,https://epg.pw/media/images/channel/2022/05/30/large/20220530230645676753_16.jpg,Movies,,freetv-fun-all.txt
[VGA]江苏影视,https://t.freetv.fun/live/jiang-su-ying-shi-3.m3u8,,,,,江蘇影視,China,China,https://epg.pw/media/images/channel/2022/05/30/large/20220530230645676753_16.jpg,Movies,,freetv-fun-all.txt
[VGA]江苏教育,https://t.freetv.fun/live/jiang-su-jiao-yu-1.m3u8,,,,,江蘇教育,China,China,https://epg.pw/media/images/channel/2022/05/30/large/20220530230411135215_95.jpg,Other,,freetv-fun-all.txt
[VGA]江苏教育,https://t.freetv.fun/live/jiang-su-jiao-yu-1.php,,,,,江蘇教育,China,China,https://epg.pw/media/images/channel/2022/05/30/large/20220530230411135215_95.jpg,Other,,freetv-fun-all.txt
[VGA]江苏教育,https://t.freetv.fun/live/jiang-su-jiao-yu-2.m3u8,,,,,江蘇教育,China,China,https://epg.pw/media/images/channel/2022/05/30/large/20220530230411135215_95.jpg,Other,,freetv-fun-all.txt
[VGA]江苏综艺,https://t.freetv.fun/live/jiang-su-zong-yi.m3u8,,,,,江蘇綜藝,China,China,https://epg.pw/media/images/channel/2022/05/30/large/20220530230738460353_80.jpg,Entertainment,,freetv-fun-all.txt
[VGA]江苏综艺,https://t.freetv.fun/live/jiang-su-zong-yi-1.m3u8,,,,,江蘇綜藝,China,China,https://epg.pw/media/images/channel/2022/05/30/large/20220530230738460353_80.jpg,Entertainment,,freetv-fun-all.txt
[HD]江苏综艺,https://t.freetv.fun/live/jiang-su-zong-yi-2.m3u8,,,,,江蘇綜藝,China,China,https://epg.pw/media/images/channel/2022/05/30/large/20220530230738460353_80.jpg,Entertainment,,freetv-fun-all.txt
[VGA]江苏卫视,https://t.freetv.fun/live/jiang-su-wei-shi-17.m3u8,,,,,江蘇衛視,China,China,https://epg.pw/media/images/channel/2022/05/30/large/20220530225651709500_84.jpg,Generic,,freetv-fun-all.txt
[BD]江苏卫视,https://t.freetv.fun/live/jiang-su-wei-shi-4-2.m3u8,,,,,江蘇衛視,China,China,https://epg.pw/media/images/channel/2022/05/30/large/20220530225651709500_84.jpg,Generic,,freetv-fun-all.txt
[BD]江苏卫视,https://t.freetv.fun/live/jiang-su-wei-shi-7-2.m3u8,,,,,江蘇衛視,China,China,https://epg.pw/media/images/channel/2022/05/30/large/20220530225651709500_84.jpg,Generic,,freetv-fun-all.txt
[BD]江苏卫视,https://t.freetv.fun/live/jiang-su-wei-shi-16.m3u8,,,,,江蘇衛視,China,China,https://epg.pw/media/images/channel/2022/05/30/large/20220530225651709500_84.jpg,Generic,,freetv-fun-all.txt
[VGA]江苏卫视,https://t.freetv.fun/live/jiang-su-wei-shi-1-2.m3u8,,,,,江蘇衛視,China,China,https://epg.pw/media/images/channel/2022/05/30/large/20220530225651709500_84.jpg,Generic,,freetv-fun-all.txt
[VGA]江苏卫视,https://t.freetv.fun/live/jiang-su-wei-shi-2-1.m3u8,,,,,江蘇衛視,China,China,https://epg.pw/media/images/channel/2022/05/30/large/20220530225651709500_84.jpg,Generic,,freetv-fun-all.txt
[VGA]江苏卫视,https://t.freetv.fun/live/jiang-su-wei-shi-3-2.m3u8,,,,,江蘇衛視,China,China,https://epg.pw/media/images/channel/2022/05/30/large/20220530225651709500_84.jpg,Generic,,freetv-fun-all.txt
[VGA]江苏卫视,https://t.freetv.fun/live/jiang-su-wei-shi-5-3.m3u8,,,,,江蘇衛視,China,China,https://epg.pw/media/images/channel/2022/05/30/large/20220530225651709500_84.jpg,Generic,,freetv-fun-all.txt
[VGA]江苏卫视,https://t.freetv.fun/live/jiang-su-wei-shi-6-3.m3u8,,,,,江蘇衛視,China,China,https://epg.pw/media/images/channel/2022/05/30/large/20220530225651709500_84.jpg,Generic,,freetv-fun-all.txt
[VGA]江苏卫视,https://t.freetv.fun/live/jiang-su-wei-shi-8-1.m3u8,,,,,江蘇衛視,China,China,https://epg.pw/media/images/channel/2022/05/30/large/20220530225651709500_84.jpg,Generic,,freetv-fun-all.txt
[VGA]江苏卫视[1920*1080],https://t.freetv.fun/live/jiang-su-wei-shi-1920-1080.m3u8,,,,,江蘇衛視,China,China,https://epg.pw/media/images/channel/2022/05/30/large/20220530225651709500_84.jpg,Generic,,freetv-fun-all.txt
[VGA]江苏卫视[1920*1080],https://t.freetv.fun/live/jiang-su-wei-shi-1920-1080-1.m3u8,,,,,江蘇衛視,China,China,https://epg.pw/media/images/channel/2022/05/30/large/20220530225651709500_84.jpg,Generic,,freetv-fun-all.txt
[VGA]江苏卫视[1920*1080],https://t.freetv.fun/live/jiang-su-wei-shi-1920-1080-2.m3u8,,,,,江蘇衛視,China,China,https://epg.pw/media/images/channel/2022/05/30/large/20220530225651709500_84.jpg,Generic,,freetv-fun-all.txt
[VGA]江苏卫视[1920*1080],https://t.freetv.fun/live/jiang-su-wei-shi-1920-1080-3.m3u8,,,,,江蘇衛視,China,China,https://epg.pw/media/images/channel/2022/05/30/large/20220530225651709500_84.jpg,Generic,,freetv-fun-all.txt
[VGA]江苏卫视[1920*1080],https://t.freetv.fun/live/jiang-su-wei-shi-1920-1080-4.m3u8,,,,,江蘇衛視,China,China,https://epg.pw/media/images/channel/2022/05/30/large/20220530225651709500_84.jpg,Generic,,freetv-fun-all.txt
[VGA]江苏卫视,https://t.freetv.fun/live/jiang-su-wei-shi-6-3.php,,,,,江蘇衛視,China,China,https://epg.pw/media/images/channel/2022/05/30/large/20220530225651709500_84.jpg,Generic,,freetv-fun-all.txt
[BD]江苏卫视,https://t.freetv.fun/live/jiang-su-wei-shi-7-2.php,,,,,江蘇衛視,China,China,https://epg.pw/media/images/channel/2022/05/30/large/20220530225651709500_84.jpg,Generic,,freetv-fun-all.txt
[BD]江苏卫视,https://t.freetv.fun/live/jiang-su-wei-shi-11.m3u8,,,,,江蘇衛視,China,China,https://epg.pw/media/images/channel/2022/05/30/large/20220530225651709500_84.jpg,Generic,,freetv-fun-all.txt
[SD]江苏卫视,https://t.freetv.fun/live/jiang-su-wei-shi-10.m3u8,,,,,江蘇衛視,China,China,https://epg.pw/media/images/channel/2022/05/30/large/20220530225651709500_84.jpg,Generic,,freetv-fun-all.txt
[BD]江苏卫视,https://t.freetv.fun/live/jiang-su-wei-shi-17.php,,,,,江蘇衛視,China,China,https://epg.pw/media/images/channel/2022/05/30/large/20220530225651709500_84.jpg,Generic,,freetv-fun-all.txt
[VGA]江苏卫视hd,https://t.freetv.fun/live/jiang-su-wei-shi-hd-1.m3u8,,,,,江蘇衛視,China,China,https://epg.pw/media/images/channel/2022/05/30/large/20220530225651709500_84.jpg,Generic,,freetv-fun-all.txt
[VGA]江苏卫视高清,https://t.freetv.fun/live/jiang-su-wei-shi-gao-qing-1.m3u8,,,,,江蘇衛視,China,China,https://epg.pw/media/images/channel/2022/05/30/large/20220530225651709500_84.jpg,Generic,,freetv-fun-all.txt
[VGA]江苏卫视hd,https://t.freetv.fun/live/jiang-su-wei-shi-hd-1.php,,,,,江蘇衛視,China,China,https://epg.pw/media/images/channel/2022/05/30/large/20220530225651709500_84.jpg,Generic,,freetv-fun-all.txt
[VGA]江苏卫视,https://t.freetv.fun/live/jiang-su-wei-shi-9-1.m3u8,,,,,江蘇衛視,China,China,https://epg.pw/media/images/channel/2022/05/30/large/20220530225651709500_84.jpg,Generic,,freetv-fun-all.txt
[VGA]江苏卫视,https://t.freetv.fun/live/jiang-su-wei-shi-12-1.m3u8,,,,,江蘇衛視,China,China,https://epg.pw/media/images/channel/2022/05/30/large/20220530225651709500_84.jpg,Generic,,freetv-fun-all.txt
[VGA]江苏卫视,https://t.freetv.fun/live/jiang-su-wei-shi-14-1.m3u8,,,,,江蘇衛視,China,China,https://epg.pw/media/images/channel/2022/05/30/large/20220530225651709500_84.jpg,Generic,,freetv-fun-all.txt
[VGA]江苏卫视,https://t.freetv.fun/live/jiang-su-wei-shi-15-1.m3u8,,,,,江蘇衛視,China,China,https://epg.pw/media/images/channel/2022/05/30/large/20220530225651709500_84.jpg,Generic,,freetv-fun-all.txt
[VGA]江苏卫视,https://t.freetv.fun/live/jiang-su-wei-shi-18.m3u8,,,,,江蘇衛視,China,China,https://epg.pw/media/images/channel/2022/05/30/large/20220530225651709500_84.jpg,Generic,,freetv-fun-all.txt
[VGA]江苏卫视,https://t.freetv.fun/live/jiang-su-wei-shi-19.m3u8,,,,,江蘇衛視,China,China,https://epg.pw/media/images/channel/2022/05/30/large/20220530225651709500_84.jpg,Generic,,freetv-fun-all.txt
[VGA]江苏卫视,https://t.freetv.fun/live/jiang-su-wei-shi-20.m3u8,,,,,江蘇衛視,China,China,https://epg.pw/media/images/channel/2022/05/30/large/20220530225651709500_84.jpg,Generic,,freetv-fun-all.txt
[VGA]江苏卫视,https://t.freetv.fun/live/jiang-su-wei-shi-21.m3u8,,,,,江蘇衛視,China,China,https://epg.pw/media/images/channel/2022/05/30/large/20220530225651709500_84.jpg,Generic,,freetv-fun-all.txt
[VGA]江苏卫视,https://t.freetv.fun/live/jiang-su-wei-shi-22.m3u8,,,,,江蘇衛視,China,China,https://epg.pw/media/images/channel/2022/05/30/large/20220530225651709500_84.jpg,Generic,,freetv-fun-all.txt
[VGA]江苏卫视,https://t.freetv.fun/live/jiang-su-wei-shi-23.m3u8,,,,,江蘇衛視,China,China,https://epg.pw/media/images/channel/2022/05/30/large/20220530225651709500_84.jpg,Generic,,freetv-fun-all.txt
[VGA]江苏卫视,https://t.freetv.fun/live/jiang-su-wei-shi-24.m3u8,,,,,江蘇衛視,China,China,https://epg.pw/media/images/channel/2022/05/30/large/20220530225651709500_84.jpg,Generic,,freetv-fun-all.txt
[VGA]江苏卫视,https://t.freetv.fun/live/jiang-su-wei-shi-25.m3u8,,,,,江蘇衛視,China,China,https://epg.pw/media/images/channel/2022/05/30/large/20220530225651709500_84.jpg,Generic,,freetv-fun-all.txt
[VGA]江苏卫视,https://t.freetv.fun/live/jiang-su-wei-shi-26.m3u8,,,,,江蘇衛視,China,China,https://epg.pw/media/images/channel/2022/05/30/large/20220530225651709500_84.jpg,Generic,,freetv-fun-all.txt
[VGA]江苏卫视,https://t.freetv.fun/live/jiang-su-wei-shi-27.m3u8,,,,,江蘇衛視,China,China,https://epg.pw/media/images/channel/2022/05/30/large/20220530225651709500_84.jpg,Generic,,freetv-fun-all.txt
[VGA]江苏卫视,https://t.freetv.fun/live/jiang-su-wei-shi-28.m3u8,,,,,江蘇衛視,China,China,https://epg.pw/media/images/channel/2022/05/30/large/20220530225651709500_84.jpg,Generic,,freetv-fun-all.txt
[VGA]江苏卫视 高清,https://t.freetv.fun/live/jiang-su-wei-shi-gao-qing-1-2.m3u8,,,,,江蘇衛視,China,China,https://epg.pw/media/images/channel/2022/05/30/large/20220530225651709500_84.jpg,Generic,,freetv-fun-all.txt
[BD]江苏卫视高清,https://t.freetv.fun/live/jiang-su-wei-shi-gao-qing-1.smil,,,,,江蘇衛視(B),China,China,https://epg.pw/media/images/channel/2024/12/31/large/20241231173306457410_14.png,Generic,,freetv-fun-all.txt
[VGA]江苏卫视 8m1080,https://t.freetv.fun/live/jiang-su-wei-shi-8m1080.m3u8,,,,,江蘇衛視(B),China,China,https://epg.pw/media/images/channel/2024/12/31/large/20241231173306457410_14.png,Generic,,freetv-fun-all.txt
[VGA]江苏卫视 4m1080,https://t.freetv.fun/live/jiang-su-wei-shi-4m1080.m3u8,,,,,江蘇衛視(B),China,China,https://epg.pw/media/images/channel/2024/12/31/large/20241231173306457410_14.png,Generic,,freetv-fun-all.txt
[VGA]江苏卫视 8m1080,https://t.freetv.fun/live/jiang-su-wei-shi-8m1080-1.m3u8,,,,,江蘇衛視(B),China,China,https://epg.pw/media/images/channel/2024/12/31/large/20241231173306457410_14.png,Generic,,freetv-fun-all.txt
[VGA]江苏卫视 8m1080,https://t.freetv.fun/live/jiang-su-wei-shi-8m1080-2.m3u8,,,,,江蘇衛視(B),China,China,https://epg.pw/media/images/channel/2024/12/31/large/20241231173306457410_14.png,Generic,,freetv-fun-all.txt
[VGA]江苏卫视 4m1080,https://t.freetv.fun/live/jiang-su-wei-shi-4m1080-1.m3u8,,,,,江蘇衛視(B),China,China,https://epg.pw/media/images/channel/2024/12/31/large/20241231173306457410_14.png,Generic,,freetv-fun-all.txt
[VGA]江苏卫视 8m1080,https://t.freetv.fun/live/jiang-su-wei-shi-8m1080-3.m3u8,,,,,江蘇衛視(B),China,China,https://epg.pw/media/images/channel/2024/12/31/large/20241231173306457410_14.png,Generic,,freetv-fun-all.txt
[VGA]江苏卫视高清,https://t.freetv.fun/live/jiang-su-wei-shi-gao-qing-1-1.m3u8,,,,,江蘇衛視(B),China,China,https://epg.pw/media/images/channel/2024/12/31/large/20241231173306457410_14.png,Generic,,freetv-fun-all.txt
[VGA]江苏卫视 高清,https://t.freetv.fun/live/jiang-su-wei-shi-gao-qing-2.m3u8,,,,,江蘇衛視(B),China,China,https://epg.pw/media/images/channel/2024/12/31/large/20241231173306457410_14.png,Generic,,freetv-fun-all.txt
[VGA]江苏卫视超高清,https://t.freetv.fun/live/jiang-su-wei-shi-chao-gao-qing.m3u8,,,,,江蘇衛視(B),China,China,https://epg.pw/media/images/channel/2024/12/31/large/20241231173306457410_14.png,Generic,,freetv-fun-all.txt
[VGA]江苏体育休闲,https://t.freetv.fun/live/jiang-su-ti-yu-xiu-xian.m3u8,,,,,江蘇體育休閒,China,China,https://epg.pw/media/images/channel/2022/05/30/large/20220530230519981125_89.jpg,Sports,,freetv-fun-all.txt
[VGA]江苏体育,https://t.freetv.fun/live/jiang-su-ti-yu-1.m3u8,,,,,江蘇體育休閒,China,China,https://epg.pw/media/images/channel/2022/05/30/large/20220530230519981125_89.jpg,Sports,,freetv-fun-all.txt
[VGA]江苏体育,https://t.freetv.fun/live/jiang-su-ti-yu-2.m3u8,,,,,江蘇體育休閒,China,China,https://epg.pw/media/images/channel/2022/05/30/large/20220530230519981125_89.jpg,Sports,,freetv-fun-all.txt
[VGA]江苏体育,https://t.freetv.fun/live/jiang-su-ti-yu-3.m3u8,,,,,江蘇體育休閒,China,China,https://epg.pw/media/images/channel/2022/05/30/large/20220530230519981125_89.jpg,Sports,,freetv-fun-all.txt
[VGA]江苏体育,https://t.freetv.fun/live/jiang-su-ti-yu-4.m3u8,,,,,江蘇體育休閒,China,China,https://epg.pw/media/images/channel/2022/05/30/large/20220530230519981125_89.jpg,Sports,,freetv-fun-all.txt
[VGA]江西公共农业,https://t.freetv.fun/live/jiang-xi-gong-gong-nong-ye.m3u8,,,,,江西公共,China,China,https://epg.pw/media/images/channel/2022/05/31/large/20220531143859909489_54.jpg,Generic,,freetv-fun-all.txt
[VGA]江西少儿,https://t.freetv.fun/live/jiang-xi-shao-er.m3u8,,,,,江西少兒,China,China,https://epg.pw/media/images/channel/2021/10/12/large/20211012201424902703_24.png,Kids,,freetv-fun-all.txt
[VGA]江西少儿家庭,https://t.freetv.fun/live/jiang-xi-shao-er-jia-ting.m3u8,,,,,江西少兒,China,China,https://epg.pw/media/images/channel/2021/10/12/large/20211012201424902703_24.png,Kids,,freetv-fun-all.txt
[VGA]江西少儿家庭,https://t.freetv.fun/live/jiang-xi-shao-er-jia-ting-1.m3u8,,,,,江西少兒,China,China,https://epg.pw/media/images/channel/2021/10/12/large/20211012201424902703_24.png,Kids,,freetv-fun-all.txt
[VGA]江西少儿家庭,https://t.freetv.fun/live/jiang-xi-shao-er-jia-ting-2.m3u8,,,,,江西少兒,China,China,https://epg.pw/media/images/channel/2021/10/12/large/20211012201424902703_24.png,Kids,,freetv-fun-all.txt
[VGA]江西影旅游,https://t.freetv.fun/live/jiang-xi-ying-lu-you.m3u8,,,,,江西影視旅遊,China,China,https://epg.pw/media/images/channel/2022/05/31/large/20220531143952734906_85.jpg,Movies,,freetv-fun-all.txt
[VGA]江西影旅游,https://t.freetv.fun/live/jiang-xi-ying-lu-you-1.m3u8,,,,,江西影視旅遊,China,China,https://epg.pw/media/images/channel/2022/05/31/large/20220531143952734906_85.jpg,Movies,,freetv-fun-all.txt
[VGA]江西影视旅游,https://t.freetv.fun/live/jiang-xi-ying-shi-lu-you.m3u8,,,,,江西影視旅遊,China,China,https://epg.pw/media/images/channel/2022/05/31/large/20220531143952734906_85.jpg,Movies,,freetv-fun-all.txt
[VGA]江西教育,https://t.freetv.fun/live/jiang-xi-jiao-yu.m3u8,,,,,江西教育,China,China,https://epg.pw/media/images/channel/2022/05/31/large/20220531144058195235_70.jpg,Other,,freetv-fun-all.txt
[SD]江西教育,https://t.freetv.fun/live/jiang-xi-jiao-yu-2.m3u8,,,,,江西教育,China,China,https://epg.pw/media/images/channel/2022/05/31/large/20220531144058195235_70.jpg,Other,,freetv-fun-all.txt
[VGA]江西教育,https://t.freetv.fun/live/jiang-xi-jiao-yu-1.m3u8,,,,,江西教育,China,China,https://epg.pw/media/images/channel/2022/05/31/large/20220531144058195235_70.jpg,Other,,freetv-fun-all.txt
[VGA]江西教育,https://t.freetv.fun/live/jiang-xi-jiao-yu-3.php,,,,,江西教育,China,China,https://epg.pw/media/images/channel/2022/05/31/large/20220531144058195235_70.jpg,Other,,freetv-fun-all.txt
[VGA]江西新闻,https://t.freetv.fun/live/jiang-xi-xin-wen-2.m3u8,,,,,江西新聞,China,China,https://epg.pw/media/images/channel/2021/10/12/large/20211012202031059221_51.png,News,,freetv-fun-all.txt
[VGA]江西新闻,https://t.freetv.fun/live/jiang-xi-xin-wen-1-1.m3u8,,,,,江西新聞,China,China,https://epg.pw/media/images/channel/2021/10/12/large/20211012202031059221_51.png,News,,freetv-fun-all.txt
[VGA]江西新闻,https://t.freetv.fun/live/jiang-xi-xin-wen-2-1.m3u8,,,,,江西新聞,China,China,https://epg.pw/media/images/channel/2021/10/12/large/20211012202031059221_51.png,News,,freetv-fun-all.txt
[VGA]江西经济生活,https://t.freetv.fun/live/jiang-xi-jing-ji-sheng-huo-3.m3u8,,,,,江西經濟生活,China,China,https://epg.pw/media/images/channel/2021/10/12/large/20211012201313287551_17.png,Other,,freetv-fun-all.txt
[VGA]江西经济生活,https://t.freetv.fun/live/jiang-xi-jing-ji-sheng-huo-1.m3u8,,,,,江西經濟生活,China,China,https://epg.pw/media/images/channel/2021/10/12/large/20211012201313287551_17.png,Other,,freetv-fun-all.txt
[VGA]江西经济生活,https://t.freetv.fun/live/jiang-xi-jing-ji-sheng-huo-2.m3u8,,,,,江西經濟生活,China,China,https://epg.pw/media/images/channel/2021/10/12/large/20211012201313287551_17.png,Other,,freetv-fun-all.txt
[VGA]江西卫视,https://t.freetv.fun/live/jiang-xi-wei-shi-12.m3u8,,,,,江西衛視,China,China,https://epg.pw/media/images/channel/2022/05/31/large/20220531144408646863_42.jpg,Generic,,freetv-fun-all.txt
[SD]江西卫视,https://t.freetv.fun/live/jiang-xi-wei-shi-2-2.m3u8,,,,,江西衛視,China,China,https://epg.pw/media/images/channel/2022/05/31/large/20220531144408646863_42.jpg,Generic,,freetv-fun-all.txt
[BD]江西卫视,https://t.freetv.fun/live/jiang-xi-wei-shi-4-3.m3u8,,,,,江西衛視,China,China,https://epg.pw/media/images/channel/2022/05/31/large/20220531144408646863_42.jpg,Generic,,freetv-fun-all.txt
[SD]江西卫视,https://t.freetv.fun/live/jiang-xi-wei-shi-5-2.m3u8,,,,,江西衛視,China,China,https://epg.pw/media/images/channel/2022/05/31/large/20220531144408646863_42.jpg,Generic,,freetv-fun-all.txt
[VGA]江西卫视,https://t.freetv.fun/live/jiang-xi-wei-shi-1-2.m3u8,,,,,江西衛視,China,China,https://epg.pw/media/images/channel/2022/05/31/large/20220531144408646863_42.jpg,Generic,,freetv-fun-all.txt
[VGA]江西卫视,https://t.freetv.fun/live/jiang-xi-wei-shi-3-2.m3u8,,,,,江西衛視,China,China,https://epg.pw/media/images/channel/2022/05/31/large/20220531144408646863_42.jpg,Generic,,freetv-fun-all.txt
[VGA]江西卫视[1920*1080],https://t.freetv.fun/live/jiang-xi-wei-shi-1920-1080.m3u8,,,,,江西衛視,China,China,https://epg.pw/media/images/channel/2022/05/31/large/20220531144408646863_42.jpg,Generic,,freetv-fun-all.txt
[VGA]江西卫视[1920*1080],https://t.freetv.fun/live/jiang-xi-wei-shi-1920-1080-1.m3u8,,,,,江西衛視,China,China,https://epg.pw/media/images/channel/2022/05/31/large/20220531144408646863_42.jpg,Generic,,freetv-fun-all.txt
[VGA]江西卫视[1920*1080],https://t.freetv.fun/live/jiang-xi-wei-shi-1920-1080-2.m3u8,,,,,江西衛視,China,China,https://epg.pw/media/images/channel/2022/05/31/large/20220531144408646863_42.jpg,Generic,,freetv-fun-all.txt
[VGA]江西卫视,https://t.freetv.fun/live/jiang-xi-wei-shi-5-2.php,,,,,江西衛視,China,China,https://epg.pw/media/images/channel/2022/05/31/large/20220531144408646863_42.jpg,Generic,,freetv-fun-all.txt
[BD]江西卫视,https://t.freetv.fun/live/jiang-xi-wei-shi-6-3.php,,,,,江西衛視,China,China,https://epg.pw/media/images/channel/2022/05/31/large/20220531144408646863_42.jpg,Generic,,freetv-fun-all.txt
[VGA]江西卫视,https://t.freetv.fun/live/jiang-xi-wei-shi-7.m3u8,,,,,江西衛視,China,China,https://epg.pw/media/images/channel/2022/05/31/large/20220531144408646863_42.jpg,Generic,,freetv-fun-all.txt
[BD]江西卫视,https://t.freetv.fun/live/jiang-xi-wei-shi-13.m3u8,,,,,江西衛視,China,China,https://epg.pw/media/images/channel/2022/05/31/large/20220531144408646863_42.jpg,Generic,,freetv-fun-all.txt
[BD]江西卫视,https://t.freetv.fun/live/jiang-xi-wei-shi-14.m3u8,,,,,江西衛視,China,China,https://epg.pw/media/images/channel/2022/05/31/large/20220531144408646863_42.jpg,Generic,,freetv-fun-all.txt
[BD]江西卫视,https://t.freetv.fun/live/jiang-xi-wei-shi-20.m3u8,,,,,江西衛視,China,China,https://epg.pw/media/images/channel/2022/05/31/large/20220531144408646863_42.jpg,Generic,,freetv-fun-all.txt
[BD]江西卫视,https://t.freetv.fun/live/jiang-xi-wei-shi-11.m3u8,,,,,江西衛視,China,China,https://epg.pw/media/images/channel/2022/05/31/large/20220531144408646863_42.jpg,Generic,,freetv-fun-all.txt
[BD]江西卫视,https://t.freetv.fun/live/jiang-xi-wei-shi-12.php,,,,,江西衛視,China,China,https://epg.pw/media/images/channel/2022/05/31/large/20220531144408646863_42.jpg,Generic,,freetv-fun-all.txt
[VGA]江西卫视,https://t.freetv.fun/live/jiang-xi-wei-shi-6-3.m3u8,,,,,江西衛視,China,China,https://epg.pw/media/images/channel/2022/05/31/large/20220531144408646863_42.jpg,Generic,,freetv-fun-all.txt
[BD]江西卫视,https://t.freetv.fun/live/jiang-xi-wei-shi-24.m3u8,,,,,江西衛視,China,China,https://epg.pw/media/images/channel/2022/05/31/large/20220531144408646863_42.jpg,Generic,,freetv-fun-all.txt
[SD]江西卫视,https://t.freetv.fun/live/jiang-xi-wei-shi-16.m3u8,,,,,江西衛視,China,China,https://epg.pw/media/images/channel/2022/05/31/large/20220531144408646863_42.jpg,Generic,,freetv-fun-all.txt
[BD]江西卫视,https://t.freetv.fun/live/jiang-xi-wei-shi-28.m3u8,,,,,江西衛視,China,China,https://epg.pw/media/images/channel/2022/05/31/large/20220531144408646863_42.jpg,Generic,,freetv-fun-all.txt
[BD]江西卫视,https://t.freetv.fun/live/jiang-xi-wei-shi-8-1.m3u8,,,,,江西衛視,China,China,https://epg.pw/media/images/channel/2022/05/31/large/20220531144408646863_42.jpg,Generic,,freetv-fun-all.txt
[BD]江西卫视,https://t.freetv.fun/live/jiang-xi-wei-shi-9-1.m3u8,,,,,江西衛視,China,China,https://epg.pw/media/images/channel/2022/05/31/large/20220531144408646863_42.jpg,Generic,,freetv-fun-all.txt
[VGA]江西卫视,https://t.freetv.fun/live/jiang-xi-wei-shi-10-1.m3u8,,,,,江西衛視,China,China,https://epg.pw/media/images/channel/2022/05/31/large/20220531144408646863_42.jpg,Generic,,freetv-fun-all.txt
[VGA]江西卫视,https://t.freetv.fun/live/jiang-xi-wei-shi-12-1.m3u8,,,,,江西衛視,China,China,https://epg.pw/media/images/channel/2022/05/31/large/20220531144408646863_42.jpg,Generic,,freetv-fun-all.txt
[VGA]江西卫视,https://t.freetv.fun/live/jiang-xi-wei-shi-15.m3u8,,,,,江西衛視,China,China,https://epg.pw/media/images/channel/2022/05/31/large/20220531144408646863_42.jpg,Generic,,freetv-fun-all.txt
[VGA]江西卫视,https://t.freetv.fun/live/jiang-xi-wei-shi-17.m3u8,,,,,江西衛視,China,China,https://epg.pw/media/images/channel/2022/05/31/large/20220531144408646863_42.jpg,Generic,,freetv-fun-all.txt
[VGA]江西卫视,https://t.freetv.fun/live/jiang-xi-wei-shi-18.m3u8,,,,,江西衛視,China,China,https://epg.pw/media/images/channel/2022/05/31/large/20220531144408646863_42.jpg,Generic,,freetv-fun-all.txt
[VGA]江西卫视,https://t.freetv.fun/live/jiang-xi-wei-shi-19.m3u8,,,,,江西衛視,China,China,https://epg.pw/media/images/channel/2022/05/31/large/20220531144408646863_42.jpg,Generic,,freetv-fun-all.txt
[VGA]江西卫视,https://t.freetv.fun/live/jiang-xi-wei-shi-23.m3u8,,,,,江西衛視,China,China,https://epg.pw/media/images/channel/2022/05/31/large/20220531144408646863_42.jpg,Generic,,freetv-fun-all.txt
[BD]江西卫视高清,https://t.freetv.fun/live/jiang-xi-wei-shi-gao-qing-1.smil,,,,,江西衛視,China,China,https://epg.pw/media/images/channel/2022/05/31/large/20220531144408646863_42.jpg,Generic,,freetv-fun-all.txt
[VGA]江西卫视,https://t.freetv.fun/live/jiang-xi-wei-shi-25.m3u8,,,,,江西衛視,China,China,https://epg.pw/media/images/channel/2022/05/31/large/20220531144408646863_42.jpg,Generic,,freetv-fun-all.txt
[VGA]江西卫视高清,https://t.freetv.fun/live/jiang-xi-wei-shi-gao-qing-1-1.php,,,,,江西衛視,China,China,https://epg.pw/media/images/channel/2022/05/31/large/20220531144408646863_42.jpg,Generic,,freetv-fun-all.txt
[VGA]江西卫视 标清,https://t.freetv.fun/live/jiang-xi-wei-shi-biao-qing-1.m3u8,,,,,江西衛視,China,China,https://epg.pw/media/images/channel/2022/05/31/large/20220531144408646863_42.jpg,Generic,,freetv-fun-all.txt
[VGA]江西卫视高清,https://t.freetv.fun/live/jiang-xi-wei-shi-gao-qing-1.m3u8,,,,,江西衛視,China,China,https://epg.pw/media/images/channel/2022/05/31/large/20220531144408646863_42.jpg,Generic,,freetv-fun-all.txt
[VGA]江西卫视hd,https://t.freetv.fun/live/jiang-xi-wei-shi-hd.php,,,,,江西衛視,China,China,https://epg.pw/media/images/channel/2022/05/31/large/20220531144408646863_42.jpg,Generic,,freetv-fun-all.txt
[VGA]江西卫视 高清,https://t.freetv.fun/live/jiang-xi-wei-shi-gao-qing-2.m3u8,,,,,江西衛視,China,China,https://epg.pw/media/images/channel/2022/05/31/large/20220531144408646863_42.jpg,Generic,,freetv-fun-all.txt
[VGA]江西卫视 4m1080,https://t.freetv.fun/live/jiang-xi-wei-shi-4m1080.m3u8,,,,,江西衛視,China,China,https://epg.pw/media/images/channel/2022/05/31/large/20220531144408646863_42.jpg,Generic,,freetv-fun-all.txt
[VGA]江西卫视 4m1080,https://t.freetv.fun/live/jiang-xi-wei-shi-4m1080-1.m3u8,,,,,江西衛視,China,China,https://epg.pw/media/images/channel/2022/05/31/large/20220531144408646863_42.jpg,Generic,,freetv-fun-all.txt
[VGA]江西卫视 标清,https://t.freetv.fun/live/jiang-xi-wei-shi-biao-qing.m3u8,,,,,江西衛視,China,China,https://epg.pw/media/images/channel/2022/05/31/large/20220531144408646863_42.jpg,Generic,,freetv-fun-all.txt
[VGA]江西都市,https://t.freetv.fun/live/jiang-xi-du-shi-2.m3u8,,,,,江西都市,China,China,https://epg.pw/media/images/channel/2022/05/31/large/20220531143814371625_71.jpg,Generic,,freetv-fun-all.txt
[VGA]江西都市,https://t.freetv.fun/live/jiang-xi-du-shi-1.m3u8,,,,,江西都市,China,China,https://epg.pw/media/images/channel/2022/05/31/large/20220531143814371625_71.jpg,Generic,,freetv-fun-all.txt
[VGA]江门综合,https://t.freetv.fun/live/jiang-men-zong-he-1.m3u8,,,,,江門綜合,China,China,https://epg.pw/media/images/channel/2022/06/21/large/20220621231001016838_73.jpg,Other,,freetv-fun-all.txt
[VGA]江门综合,https://t.freetv.fun/live/jiang-men-zong-he-1-1.m3u8,,,,,江門綜合,China,China,https://epg.pw/media/images/channel/2022/06/21/large/20220621231001016838_73.jpg,Other,,freetv-fun-all.txt
[SD]河北|河北公共,https://t.freetv.fun/live/he-bei-he-bei-gong-gong.m3u8,,,,,河北公共,China,China,https://epg.pw/media/images/channel/2022/05/31/large/20220531145702890927_47.jpg,Generic,,freetv-fun-all.txt
[VGA]河北公共,https://t.freetv.fun/live/he-bei-gong-gong-2.m3u8,,,,,河北公共,China,China,https://epg.pw/media/images/channel/2022/05/31/large/20220531145702890927_47.jpg,Generic,,freetv-fun-all.txt
[VGA]河北少儿科教,https://t.freetv.fun/live/he-bei-shao-er-ke-jiao-1.m3u8,,,,,河北少兒科教,China,China,https://epg.pw/media/images/channel/2022/05/31/large/20220531145837519152_59.jpg,Kids,,freetv-fun-all.txt
[VGA]河北少儿,https://t.freetv.fun/live/he-bei-shao-er-1.php,,,,,河北少兒科教,China,China,https://epg.pw/media/images/channel/2022/05/31/large/20220531145837519152_59.jpg,Kids,,freetv-fun-all.txt
[VGA]河北少儿科教高清,https://t.freetv.fun/live/he-bei-shao-er-ke-jiao-gao-qing.m3u8,,,,,河北少兒科教,China,China,https://epg.pw/media/images/channel/2022/05/31/large/20220531145837519152_59.jpg,Kids,,freetv-fun-all.txt
[SD]河北影视,https://t.freetv.fun/live/he-bei-ying-shi-1.m3u8,,,,,河北影視,China,China,https://epg.pw/media/,Movies,,freetv-fun-all.txt
[SD]河北影视,https://t.freetv.fun/live/he-bei-ying-shi.m3u8,,,,,河北影視,China,China,https://epg.pw/media/,Movies,,freetv-fun-all.txt
[SD]河北|河北影视剧,https://t.freetv.fun/live/he-bei-he-bei-ying-shi-ju.m3u8,,,,,河北影視劇,China,China,https://epg.pw/media/images/channel/2022/05/31/large/20220531145932658052_56.jpg,Movies,,freetv-fun-all.txt
[VGA]河北影视剧高清,https://t.freetv.fun/live/he-bei-ying-shi-ju-gao-qing.m3u8,,,,,河北影視劇,China,China,https://epg.pw/media/images/channel/2022/05/31/large/20220531145932658052_56.jpg,Movies,,freetv-fun-all.txt
[VGA]河北经济生活,https://t.freetv.fun/live/he-bei-jing-ji-sheng-huo-1.m3u8,,,,,河北經濟生活,China,China,https://epg.pw/media/images/channel/2022/05/31/large/20220531150116203512_52.jpg,Generic,,freetv-fun-all.txt
[VGA]河北经济生活高清,https://t.freetv.fun/live/he-bei-jing-ji-sheng-huo-gao-qing.m3u8,,,,,河北經濟生活,China,China,https://epg.pw/media/images/channel/2022/05/31/large/20220531150116203512_52.jpg,Generic,,freetv-fun-all.txt
[VGA]淮北经济生活,https://t.freetv.fun/live/huai-bei-jing-ji-sheng-huo.m3u8,,,,,河北經濟生活,China,China,https://epg.pw/media/images/channel/2022/05/31/large/20220531150116203512_52.jpg,Generic,,freetv-fun-all.txt
[VGA]淮北经济生活,https://t.freetv.fun/live/huai-bei-jing-ji-sheng-huo-1.flv,,,,,河北經濟生活,China,China,https://epg.pw/media/images/channel/2022/05/31/large/20220531150116203512_52.jpg,Generic,,freetv-fun-all.txt
[VGA]河北经济,https://t.freetv.fun/live/he-bei-jing-ji.php,,,,,河北經濟生活,China,China,https://epg.pw/media/images/channel/2022/05/31/large/20220531150116203512_52.jpg,Generic,,freetv-fun-all.txt
[VGA]河北卫视,https://t.freetv.fun/live/he-bei-wei-shi-8.m3u8,,,,,河北衛視,China,China,https://epg.pw/media/images/channel/2022/05/31/large/20220531145616881844_72.jpg,Generic,,freetv-fun-all.txt
[SD]河北卫视,https://t.freetv.fun/live/he-bei-wei-shi-5-2.m3u8,,,,,河北衛視,China,China,https://epg.pw/media/images/channel/2022/05/31/large/20220531145616881844_72.jpg,Generic,,freetv-fun-all.txt
[BD]河北卫视,https://t.freetv.fun/live/he-bei-wei-shi-13.m3u8,,,,,河北衛視,China,China,https://epg.pw/media/images/channel/2022/05/31/large/20220531145616881844_72.jpg,Generic,,freetv-fun-all.txt
[VGA]河北卫视,https://t.freetv.fun/live/he-bei-wei-shi-1-2.m3u8,,,,,河北衛視,China,China,https://epg.pw/media/images/channel/2022/05/31/large/20220531145616881844_72.jpg,Generic,,freetv-fun-all.txt
[VGA]河北卫视,https://t.freetv.fun/live/he-bei-wei-shi-2-2.m3u8,,,,,河北衛視,China,China,https://epg.pw/media/images/channel/2022/05/31/large/20220531145616881844_72.jpg,Generic,,freetv-fun-all.txt
[VGA]河北卫视,https://t.freetv.fun/live/he-bei-wei-shi-3-3.m3u8,,,,,河北衛視,China,China,https://epg.pw/media/images/channel/2022/05/31/large/20220531145616881844_72.jpg,Generic,,freetv-fun-all.txt
[VGA]河北卫视,https://t.freetv.fun/live/he-bei-wei-shi-4-2.php,,,,,河北衛視,China,China,https://epg.pw/media/images/channel/2022/05/31/large/20220531145616881844_72.jpg,Generic,,freetv-fun-all.txt
[BD]河北卫视,https://t.freetv.fun/live/he-bei-wei-shi-5-2.php,,,,,河北衛視,China,China,https://epg.pw/media/images/channel/2022/05/31/large/20220531145616881844_72.jpg,Generic,,freetv-fun-all.txt
[BD]河北卫视,https://t.freetv.fun/live/he-bei-wei-shi-17.m3u8,,,,,河北衛視,China,China,https://epg.pw/media/images/channel/2022/05/31/large/20220531145616881844_72.jpg,Generic,,freetv-fun-all.txt
[BD]河北卫视,https://t.freetv.fun/live/he-bei-wei-shi-12.m3u8,,,,,河北衛視,China,China,https://epg.pw/media/images/channel/2022/05/31/large/20220531145616881844_72.jpg,Generic,,freetv-fun-all.txt
[BD]河北卫视,https://t.freetv.fun/live/he-bei-wei-shi-8.php,,,,,河北衛視,China,China,https://epg.pw/media/images/channel/2022/05/31/large/20220531145616881844_72.jpg,Generic,,freetv-fun-all.txt
[BD]河北卫视,https://t.freetv.fun/live/he-bei-wei-shi-10.m3u8,,,,,河北衛視,China,China,https://epg.pw/media/images/channel/2022/05/31/large/20220531145616881844_72.jpg,Generic,,freetv-fun-all.txt
[SD]河北卫视,https://t.freetv.fun/live/he-bei-wei-shi-4-2.m3u8,,,,,河北衛視,China,China,https://epg.pw/media/images/channel/2022/05/31/large/20220531145616881844_72.jpg,Generic,,freetv-fun-all.txt
[VGA]河北卫视,https://t.freetv.fun/live/he-bei-wei-shi-6-2.m3u8,,,,,河北衛視,China,China,https://epg.pw/media/images/channel/2022/05/31/large/20220531145616881844_72.jpg,Generic,,freetv-fun-all.txt
[VGA]河北卫视,https://t.freetv.fun/live/he-bei-wei-shi-7-1.m3u8,,,,,河北衛視,China,China,https://epg.pw/media/images/channel/2022/05/31/large/20220531145616881844_72.jpg,Generic,,freetv-fun-all.txt
[VGA]河北卫视hd,https://t.freetv.fun/live/he-bei-wei-shi-hd.php,,,,,河北衛視,China,China,https://epg.pw/media/images/channel/2022/05/31/large/20220531145616881844_72.jpg,Generic,,freetv-fun-all.txt
[VGA]河北卫视高清,https://t.freetv.fun/live/he-bei-wei-shi-gao-qing-1.m3u8,,,,,河北衛視,China,China,https://epg.pw/media/images/channel/2022/05/31/large/20220531145616881844_72.jpg,Generic,,freetv-fun-all.txt
[VGA]河北卫视,https://t.freetv.fun/live/he-bei-wei-shi-8-1.m3u8,,,,,河北衛視,China,China,https://epg.pw/media/images/channel/2022/05/31/large/20220531145616881844_72.jpg,Generic,,freetv-fun-all.txt
[VGA]河北卫视,https://t.freetv.fun/live/he-bei-wei-shi-9.m3u8,,,,,河北衛視,China,China,https://epg.pw/media/images/channel/2022/05/31/large/20220531145616881844_72.jpg,Generic,,freetv-fun-all.txt
[VGA]河北卫视,https://t.freetv.fun/live/he-bei-wei-shi-11.m3u8,,,,,河北衛視,China,China,https://epg.pw/media/images/channel/2022/05/31/large/20220531145616881844_72.jpg,Generic,,freetv-fun-all.txt
[VGA]河北卫视,https://t.freetv.fun/live/he-bei-wei-shi-14.m3u8,,,,,河北衛視,China,China,https://epg.pw/media/images/channel/2022/05/31/large/20220531145616881844_72.jpg,Generic,,freetv-fun-all.txt
[VGA]河北卫视,https://t.freetv.fun/live/he-bei-wei-shi-15.m3u8,,,,,河北衛視,China,China,https://epg.pw/media/images/channel/2022/05/31/large/20220531145616881844_72.jpg,Generic,,freetv-fun-all.txt
[VGA]河北卫视,https://t.freetv.fun/live/he-bei-wei-shi-16.m3u8,,,,,河北衛視,China,China,https://epg.pw/media/images/channel/2022/05/31/large/20220531145616881844_72.jpg,Generic,,freetv-fun-all.txt
[VGA]河北卫视,https://t.freetv.fun/live/he-bei-wei-shi-18.m3u8,,,,,河北衛視,China,China,https://epg.pw/media/images/channel/2022/05/31/large/20220531145616881844_72.jpg,Generic,,freetv-fun-all.txt
[VGA]河北卫视,https://t.freetv.fun/live/he-bei-wei-shi-19.m3u8,,,,,河北衛視,China,China,https://epg.pw/media/images/channel/2022/05/31/large/20220531145616881844_72.jpg,Generic,,freetv-fun-all.txt
[VGA]河北卫视标清,https://t.freetv.fun/live/he-bei-wei-shi-biao-qing.m3u8,,,,,河北衛視,China,China,https://epg.pw/media/images/channel/2022/05/31/large/20220531145616881844_72.jpg,Generic,,freetv-fun-all.txt
[BD]河北卫视高清,https://t.freetv.fun/live/he-bei-wei-shi-gao-qing-1.smil,,,,,河北衛視,China,China,https://epg.pw/media/images/channel/2022/05/31/large/20220531145616881844_72.jpg,Generic,,freetv-fun-all.txt
[VGA]河北卫视 高清,https://t.freetv.fun/live/he-bei-wei-shi-gao-qing-2.m3u8,,,,,河北衛視,China,China,https://epg.pw/media/images/channel/2022/05/31/large/20220531145616881844_72.jpg,Generic,,freetv-fun-all.txt
[VGA]河北卫视,https://t.freetv.fun/live/he-bei-wei-shi-20.m3u8,,,,,河北衛視,China,China,https://epg.pw/media/images/channel/2022/05/31/large/20220531145616881844_72.jpg,Generic,,freetv-fun-all.txt
[VGA]河北卫视,https://t.freetv.fun/live/he-bei-wei-shi-22.m3u8,,,,,河北衛視,China,China,https://epg.pw/media/images/channel/2022/05/31/large/20220531145616881844_72.jpg,Generic,,freetv-fun-all.txt
[VGA]河北卫视,https://t.freetv.fun/live/he-bei-wei-shi-23.m3u8,,,,,河北衛視,China,China,https://epg.pw/media/images/channel/2022/05/31/large/20220531145616881844_72.jpg,Generic,,freetv-fun-all.txt
[VGA]河北卫视,https://t.freetv.fun/live/he-bei-wei-shi-24.m3u8,,,,,河北衛視,China,China,https://epg.pw/media/images/channel/2022/05/31/large/20220531145616881844_72.jpg,Generic,,freetv-fun-all.txt
[VGA]河北卫视,https://t.freetv.fun/live/he-bei-wei-shi-25.m3u8,,,,,河北衛視,China,China,https://epg.pw/media/images/channel/2022/05/31/large/20220531145616881844_72.jpg,Generic,,freetv-fun-all.txt
[VGA]河北卫视,https://t.freetv.fun/live/he-bei-wei-shi-26.m3u8,,,,,河北衛視,China,China,https://epg.pw/media/images/channel/2022/05/31/large/20220531145616881844_72.jpg,Generic,,freetv-fun-all.txt
[VGA]河北卫视,https://t.freetv.fun/live/he-bei-wei-shi-27.flv,,,,,河北衛視,China,China,https://epg.pw/media/images/channel/2022/05/31/large/20220531145616881844_72.jpg,Generic,,freetv-fun-all.txt
[VGA]河北卫视,https://t.freetv.fun/live/he-bei-wei-shi-28.m3u8,,,,,河北衛視,China,China,https://epg.pw/media/images/channel/2022/05/31/large/20220531145616881844_72.jpg,Generic,,freetv-fun-all.txt
[VGA]河北卫视,https://t.freetv.fun/live/he-bei-wei-shi-29.m3u8,,,,,河北衛視,China,China,https://epg.pw/media/images/channel/2022/05/31/large/20220531145616881844_72.jpg,Generic,,freetv-fun-all.txt
[VGA]河北卫视,https://t.freetv.fun/live/he-bei-wei-shi-30.php,,,,,河北衛視,China,China,https://epg.pw/media/images/channel/2022/05/31/large/20220531145616881844_72.jpg,Generic,,freetv-fun-all.txt
[SD]河北 *b,https://t.freetv.fun/live/he-bei-b.m3u8,,,,,河北衛視,China,China,https://epg.pw/media/images/channel/2022/05/31/large/20220531145616881844_72.jpg,Generic,,freetv-fun-all.txt
[HD]河北卫视,https://t.freetv.fun/live/he-bei-wei-shi-31.m3u8,,,,,河北衛視,China,China,https://epg.pw/media/images/channel/2022/05/31/large/20220531145616881844_72.jpg,Generic,,freetv-fun-all.txt
[VGA]河北卫视 8m1080,https://t.freetv.fun/live/he-bei-wei-shi-8m1080.m3u8,,,,,河北衛視,China,China,https://epg.pw/media/images/channel/2022/05/31/large/20220531145616881844_72.jpg,Generic,,freetv-fun-all.txt
[VGA]河北卫视 8m1080,https://t.freetv.fun/live/he-bei-wei-shi-8m1080-1.m3u8,,,,,河北衛視,China,China,https://epg.pw/media/images/channel/2022/05/31/large/20220531145616881844_72.jpg,Generic,,freetv-fun-all.txt
[VGA]河北卫视 高清,https://t.freetv.fun/live/he-bei-wei-shi-gao-qing-1-1.m3u8,,,,,河北衛視,China,China,https://epg.pw/media/images/channel/2022/05/31/large/20220531145616881844_72.jpg,Generic,,freetv-fun-all.txt
[VGA]河北农民,https://t.freetv.fun/live/he-bei-nong-min-5.m3u8,,,,,河北農民,China,China,https://epg.pw/media/images/channel/2022/05/31/large/20220531145755560747_44.jpg,Generic,,freetv-fun-all.txt
[VGA]河北农民,https://t.freetv.fun/live/he-bei-nong-min-1-1.m3u8,,,,,河北農民,China,China,https://epg.pw/media/images/channel/2022/05/31/large/20220531145755560747_44.jpg,Generic,,freetv-fun-all.txt
[VGA]河北农民,https://t.freetv.fun/live/he-bei-nong-min-3-1.m3u8,,,,,河北農民,China,China,https://epg.pw/media/images/channel/2022/05/31/large/20220531145755560747_44.jpg,Generic,,freetv-fun-all.txt
[VGA]河北农民,https://t.freetv.fun/live/he-bei-nong-min-4-1.m3u8,,,,,河北農民,China,China,https://epg.pw/media/images/channel/2022/05/31/large/20220531145755560747_44.jpg,Generic,,freetv-fun-all.txt
[SD]河北农民台高清,https://t.freetv.fun/live/he-bei-nong-min-tai-gao-qing.m3u8,,,,,河北農民,China,China,https://epg.pw/media/images/channel/2022/05/31/large/20220531145755560747_44.jpg,Generic,,freetv-fun-all.txt
[SD]河北都市,https://t.freetv.fun/live/he-bei-du-shi-5.m3u8,,,,,河北都市,China,China,https://epg.pw/media/images/channel/2022/05/31/large/20220531150031257593_46.jpg,Generic,,freetv-fun-all.txt
[SD]河北|河北都市,https://t.freetv.fun/live/he-bei-he-bei-du-shi.m3u8,,,,,河北都市,China,China,https://epg.pw/media/images/channel/2022/05/31/large/20220531150031257593_46.jpg,Generic,,freetv-fun-all.txt
[BD]河北都市,https://t.freetv.fun/live/he-bei-du-shi-5.php,,,,,河北都市,China,China,https://epg.pw/media/images/channel/2022/05/31/large/20220531150031257593_46.jpg,Generic,,freetv-fun-all.txt
[VGA]河北都市,https://t.freetv.fun/live/he-bei-du-shi-4-1.m3u8,,,,,河北都市,China,China,https://epg.pw/media/images/channel/2022/05/31/large/20220531150031257593_46.jpg,Generic,,freetv-fun-all.txt
[VGA]河北都市高清,https://t.freetv.fun/live/he-bei-du-shi-gao-qing.m3u8,,,,,河北都市,China,China,https://epg.pw/media/images/channel/2022/05/31/large/20220531150031257593_46.jpg,Generic,,freetv-fun-all.txt
[BD]河南公共,https://t.freetv.fun/live/he-nan-gong-gong-1.php,,,,,河南公共,China,China,https://epg.pw/media/images/channel/2022/05/31/large/20220531143142546670_12.jpg,Generic,,freetv-fun-all.txt
[VGA]河南公共,https://t.freetv.fun/live/he-nan-gong-gong-1.m3u8,,,,,河南公共,China,China,https://epg.pw/media/images/channel/2022/05/31/large/20220531143142546670_12.jpg,Generic,,freetv-fun-all.txt
[VGA]河南公共,https://t.freetv.fun/live/he-nan-gong-gong-1-1.m3u8,,,,,河南公共,China,China,https://epg.pw/media/images/channel/2022/05/31/large/20220531143142546670_12.jpg,Generic,,freetv-fun-all.txt
[VGA]河南公共 高清,https://t.freetv.fun/live/he-nan-gong-gong-gao-qing.smil,,,,,河南公共,China,China,https://epg.pw/media/images/channel/2022/05/31/large/20220531143142546670_12.jpg,Generic,,freetv-fun-all.txt
[BD]河南新闻,https://t.freetv.fun/live/he-nan-xin-wen-1.smil,,,,,河南新聞,China,China,https://epg.pw/media/images/channel/2022/05/30/large/20220530234035010681_21.jpg,News,,freetv-fun-all.txt
[BD]河南新闻,https://t.freetv.fun/live/he-nan-xin-wen-1.php,,,,,河南新聞,China,China,https://epg.pw/media/images/channel/2022/05/30/large/20220530234035010681_21.jpg,News,,freetv-fun-all.txt
[VGA]河南新闻,https://t.freetv.fun/live/he-nan-xin-wen-2.m3u8,,,,,河南新聞,China,China,https://epg.pw/media/images/channel/2022/05/30/large/20220530234035010681_21.jpg,News,,freetv-fun-all.txt
[VGA]河南民生,https://t.freetv.fun/live/he-nan-min-sheng-2.m3u8,,,,,河南民生,China,China,https://epg.pw/media/images/channel/2022/05/31/large/20220531142947302154_59.jpg,Generic,,freetv-fun-all.txt
[BD]河南民生,https://t.freetv.fun/live/he-nan-min-sheng-2.smil,,,,,河南民生,China,China,https://epg.pw/media/images/channel/2022/05/31/large/20220531142947302154_59.jpg,Generic,,freetv-fun-all.txt
[BD]河南民生,https://t.freetv.fun/live/he-nan-min-sheng-2.php,,,,,河南民生,China,China,https://epg.pw/media/images/channel/2022/05/31/large/20220531142947302154_59.jpg,Generic,,freetv-fun-all.txt
[VGA]河南民生,https://t.freetv.fun/live/he-nan-min-sheng-2-1.m3u8,,,,,河南民生,China,China,https://epg.pw/media/images/channel/2022/05/31/large/20220531142947302154_59.jpg,Generic,,freetv-fun-all.txt
[VGA]河南民生,https://t.freetv.fun/live/he-nan-min-sheng-3.m3u8,,,,,河南民生,China,China,https://epg.pw/media/images/channel/2022/05/31/large/20220531142947302154_59.jpg,Generic,,freetv-fun-all.txt
[VGA]河南民生,https://t.freetv.fun/live/he-nan-min-sheng-4.m3u8,,,,,河南民生,China,China,https://epg.pw/media/images/channel/2022/05/31/large/20220531142947302154_59.jpg,Generic,,freetv-fun-all.txt
[VGA]河南民生,https://t.freetv.fun/live/he-nan-min-sheng-5.m3u8,,,,,河南民生,China,China,https://epg.pw/media/images/channel/2022/05/31/large/20220531142947302154_59.jpg,Generic,,freetv-fun-all.txt
[VGA]河南民生,https://t.freetv.fun/live/he-nan-min-sheng-6.m3u8,,,,,河南民生,China,China,https://epg.pw/media/images/channel/2022/05/31/large/20220531142947302154_59.jpg,Generic,,freetv-fun-all.txt
[VGA]河南民生,https://t.freetv.fun/live/he-nan-min-sheng-7.m3u8,,,,,河南民生,China,China,https://epg.pw/media/images/channel/2022/05/31/large/20220531142947302154_59.jpg,Generic,,freetv-fun-all.txt
[VGA]河南民生,https://t.freetv.fun/live/he-nan-min-sheng-8.m3u8,,,,,河南民生,China,China,https://epg.pw/media/images/channel/2022/05/31/large/20220531142947302154_59.jpg,Generic,,freetv-fun-all.txt
[VGA]河南民生,https://t.freetv.fun/live/he-nan-min-sheng-9.m3u8,,,,,河南民生,China,China,https://epg.pw/media/images/channel/2022/05/31/large/20220531142947302154_59.jpg,Generic,,freetv-fun-all.txt
[VGA]河南法制,https://t.freetv.fun/live/he-nan-fa-zhi-2.php,,,,,河南法制,China,China,https://epg.pw/media/images/channel/2023/07/19/large/20230719120423843607_51.jpg,News,,freetv-fun-all.txt
[BD]河南法治,https://t.freetv.fun/live/he-nan-fa-zhi-1.php,,,,,河南法治,China,China,https://epg.pw/media/images/channel/2022/05/31/large/20220531143304259937_54.jpg,Generic,,freetv-fun-all.txt
[BD]河南法治,https://t.freetv.fun/live/he-nan-fa-zhi-1.smil,,,,,河南法治,China,China,https://epg.pw/media/images/channel/2022/05/31/large/20220531143304259937_54.jpg,Generic,,freetv-fun-all.txt
[VGA]河南法治,https://t.freetv.fun/live/he-nan-fa-zhi-1-1.m3u8,,,,,河南法治,China,China,https://epg.pw/media/images/channel/2022/05/31/large/20220531143304259937_54.jpg,Generic,,freetv-fun-all.txt
[VGA]河南卫视,https://t.freetv.fun/live/he-nan-wei-shi-8.m3u8,,,,,河南衛視,China,China,https://epg.pw/media/images/channel/2022/05/30/large/20220530233814283449_10.jpg,Generic,,freetv-fun-all.txt
[BD]河南卫视,https://t.freetv.fun/live/he-nan-wei-shi-8.smil,,,,,河南衛視,China,China,https://epg.pw/media/images/channel/2022/05/30/large/20220530233814283449_10.jpg,Generic,,freetv-fun-all.txt
[SD]河南卫视,https://t.freetv.fun/live/he-nan-wei-shi-1-2.m3u8,,,,,河南衛視,China,China,https://epg.pw/media/images/channel/2022/05/30/large/20220530233814283449_10.jpg,Generic,,freetv-fun-all.txt
[HD]河南卫视,https://t.freetv.fun/live/he-nan-wei-shi-2-3.m3u8,,,,,河南衛視,China,China,https://epg.pw/media/images/channel/2022/05/30/large/20220530233814283449_10.jpg,Generic,,freetv-fun-all.txt
[BD]河南卫视,https://t.freetv.fun/live/he-nan-wei-shi-3-2.m3u8,,,,,河南衛視,China,China,https://epg.pw/media/images/channel/2022/05/30/large/20220530233814283449_10.jpg,Generic,,freetv-fun-all.txt
[VGA]河南卫视[1920*1080],https://t.freetv.fun/live/he-nan-wei-shi-1920-1080.m3u8,,,,,河南衛視,China,China,https://epg.pw/media/images/channel/2022/05/30/large/20220530233814283449_10.jpg,Generic,,freetv-fun-all.txt
[VGA]河南卫视,https://t.freetv.fun/live/he-nan-wei-shi-4-3.php,,,,,河南衛視,China,China,https://epg.pw/media/images/channel/2022/05/30/large/20220530233814283449_10.jpg,Generic,,freetv-fun-all.txt
[BD]河南卫视,https://t.freetv.fun/live/he-nan-wei-shi-5-3.php,,,,,河南衛視,China,China,https://epg.pw/media/images/channel/2022/05/30/large/20220530233814283449_10.jpg,Generic,,freetv-fun-all.txt
[BD]河南卫视,https://t.freetv.fun/live/he-nan-wei-shi-9.m3u8,,,,,河南衛視,China,China,https://epg.pw/media/images/channel/2022/05/30/large/20220530233814283449_10.jpg,Generic,,freetv-fun-all.txt
[BD]河南卫视,https://t.freetv.fun/live/he-nan-wei-shi-11.m3u8,,,,,河南衛視,China,China,https://epg.pw/media/images/channel/2022/05/30/large/20220530233814283449_10.jpg,Generic,,freetv-fun-all.txt
[SD]河南卫视,https://t.freetv.fun/live/he-nan-wei-shi-14.m3u8,,,,,河南衛視,China,China,https://epg.pw/media/images/channel/2022/05/30/large/20220530233814283449_10.jpg,Generic,,freetv-fun-all.txt
[BD]河南卫视,https://t.freetv.fun/live/he-nan-wei-shi-8.php,,,,,河南衛視,China,China,https://epg.pw/media/images/channel/2022/05/30/large/20220530233814283449_10.jpg,Generic,,freetv-fun-all.txt
[SD]河南卫视,https://t.freetv.fun/live/he-nan-wei-shi-4-3.m3u8,,,,,河南衛視,China,China,https://epg.pw/media/images/channel/2022/05/30/large/20220530233814283449_10.jpg,Generic,,freetv-fun-all.txt
[VGA]河南卫视,https://t.freetv.fun/live/he-nan-wei-shi-5-3.m3u8,,,,,河南衛視,China,China,https://epg.pw/media/images/channel/2022/05/30/large/20220530233814283449_10.jpg,Generic,,freetv-fun-all.txt
[VGA]河南卫视,https://t.freetv.fun/live/he-nan-wei-shi-6-2.m3u8,,,,,河南衛視,China,China,https://epg.pw/media/images/channel/2022/05/30/large/20220530233814283449_10.jpg,Generic,,freetv-fun-all.txt
[BD]河南卫视,https://t.freetv.fun/live/he-nan-wei-shi-24.m3u8,,,,,河南衛視,China,China,https://epg.pw/media/images/channel/2022/05/30/large/20220530233814283449_10.jpg,Generic,,freetv-fun-all.txt
[BD]河南卫视,https://t.freetv.fun/live/he-nan-wei-shi-25.m3u8,,,,,河南衛視,China,China,https://epg.pw/media/images/channel/2022/05/30/large/20220530233814283449_10.jpg,Generic,,freetv-fun-all.txt
[BD]河南卫视,https://t.freetv.fun/live/he-nan-wei-shi-28.m3u8,,,,,河南衛視,China,China,https://epg.pw/media/images/channel/2022/05/30/large/20220530233814283449_10.jpg,Generic,,freetv-fun-all.txt
[BD]河南卫视,https://t.freetv.fun/live/he-nan-wei-shi-36.m3u8,,,,,河南衛視,China,China,https://epg.pw/media/images/channel/2022/05/30/large/20220530233814283449_10.jpg,Generic,,freetv-fun-all.txt
[VGA]河南卫视,https://t.freetv.fun/live/he-nan-wei-shi-7-1.m3u8,,,,,河南衛視,China,China,https://epg.pw/media/images/channel/2022/05/30/large/20220530233814283449_10.jpg,Generic,,freetv-fun-all.txt
[VGA]河南卫视,https://t.freetv.fun/live/he-nan-wei-shi-8-1.m3u8,,,,,河南衛視,China,China,https://epg.pw/media/images/channel/2022/05/30/large/20220530233814283449_10.jpg,Generic,,freetv-fun-all.txt
[VGA]河南卫视,https://t.freetv.fun/live/he-nan-wei-shi-10.m3u8,,,,,河南衛視,China,China,https://epg.pw/media/images/channel/2022/05/30/large/20220530233814283449_10.jpg,Generic,,freetv-fun-all.txt
[VGA]河南卫视,https://t.freetv.fun/live/he-nan-wei-shi-12.m3u8,,,,,河南衛視,China,China,https://epg.pw/media/images/channel/2022/05/30/large/20220530233814283449_10.jpg,Generic,,freetv-fun-all.txt
[VGA]河南卫视,https://t.freetv.fun/live/he-nan-wei-shi-13.php,,,,,河南衛視,China,China,https://epg.pw/media/images/channel/2022/05/30/large/20220530233814283449_10.jpg,Generic,,freetv-fun-all.txt
[VGA]河南卫视,https://t.freetv.fun/live/he-nan-wei-shi-15.m3u8,,,,,河南衛視,China,China,https://epg.pw/media/images/channel/2022/05/30/large/20220530233814283449_10.jpg,Generic,,freetv-fun-all.txt
[VGA]河南卫视,https://t.freetv.fun/live/he-nan-wei-shi-16.m3u8,,,,,河南衛視,China,China,https://epg.pw/media/images/channel/2022/05/30/large/20220530233814283449_10.jpg,Generic,,freetv-fun-all.txt
[VGA]河南卫视,https://t.freetv.fun/live/he-nan-wei-shi-17.m3u8,,,,,河南衛視,China,China,https://epg.pw/media/images/channel/2022/05/30/large/20220530233814283449_10.jpg,Generic,,freetv-fun-all.txt
[VGA]河南卫视,https://t.freetv.fun/live/he-nan-wei-shi-18.m3u8,,,,,河南衛視,China,China,https://epg.pw/media/images/channel/2022/05/30/large/20220530233814283449_10.jpg,Generic,,freetv-fun-all.txt
[VGA]河南卫视,https://t.freetv.fun/live/he-nan-wei-shi-19.m3u8,,,,,河南衛視,China,China,https://epg.pw/media/images/channel/2022/05/30/large/20220530233814283449_10.jpg,Generic,,freetv-fun-all.txt
[VGA]河南卫视,https://t.freetv.fun/live/he-nan-wei-shi-20.m3u8,,,,,河南衛視,China,China,https://epg.pw/media/images/channel/2022/05/30/large/20220530233814283449_10.jpg,Generic,,freetv-fun-all.txt
[VGA]河南卫视,https://t.freetv.fun/live/he-nan-wei-shi-21.m3u8,,,,,河南衛視,China,China,https://epg.pw/media/images/channel/2022/05/30/large/20220530233814283449_10.jpg,Generic,,freetv-fun-all.txt
[VGA]河南卫视,https://t.freetv.fun/live/he-nan-wei-shi-22.m3u8,,,,,河南衛視,China,China,https://epg.pw/media/images/channel/2022/05/30/large/20220530233814283449_10.jpg,Generic,,freetv-fun-all.txt
[VGA]河南卫视,https://t.freetv.fun/live/he-nan-wei-shi-23.m3u8,,,,,河南衛視,China,China,https://epg.pw/media/images/channel/2022/05/30/large/20220530233814283449_10.jpg,Generic,,freetv-fun-all.txt
[VGA]河南卫视高清,https://t.freetv.fun/live/he-nan-wei-shi-gao-qing.smil,,,,,河南衛視,China,China,https://epg.pw/media/images/channel/2022/05/30/large/20220530233814283449_10.jpg,Generic,,freetv-fun-all.txt
[VGA]河南卫视,https://t.freetv.fun/live/he-nan-wei-shi-26.m3u8,,,,,河南衛視,China,China,https://epg.pw/media/images/channel/2022/05/30/large/20220530233814283449_10.jpg,Generic,,freetv-fun-all.txt
[VGA]河南卫视,https://t.freetv.fun/live/he-nan-wei-shi-27.m3u8,,,,,河南衛視,China,China,https://epg.pw/media/images/channel/2022/05/30/large/20220530233814283449_10.jpg,Generic,,freetv-fun-all.txt
[VGA]河南卫视,https://t.freetv.fun/live/he-nan-wei-shi-29.m3u8,,,,,河南衛視,China,China,https://epg.pw/media/images/channel/2022/05/30/large/20220530233814283449_10.jpg,Generic,,freetv-fun-all.txt
[VGA]河南卫视 高清,https://t.freetv.fun/live/he-nan-wei-shi-gao-qing-1.m3u8,,,,,河南衛視,China,China,https://epg.pw/media/images/channel/2022/05/30/large/20220530233814283449_10.jpg,Generic,,freetv-fun-all.txt
[VGA]河南卫视 高清,https://t.freetv.fun/live/he-nan-wei-shi-gao-qing-1-1.m3u8,,,,,河南衛視,China,China,https://epg.pw/media/images/channel/2022/05/30/large/20220530233814283449_10.jpg,Generic,,freetv-fun-all.txt
[BD]河南卫视,https://t.freetv.fun/live/he-nan-wei-shi-30.m3u8,,,,,河南衛視,China,China,https://epg.pw/media/images/channel/2022/05/30/large/20220530233814283449_10.jpg,Generic,,freetv-fun-all.txt
[BD]河南卫视,https://t.freetv.fun/live/he-nan-wei-shi-31.m3u8,,,,,河南衛視,China,China,https://epg.pw/media/images/channel/2022/05/30/large/20220530233814283449_10.jpg,Generic,,freetv-fun-all.txt
[BD]河南卫视,https://t.freetv.fun/live/he-nan-wei-shi-32.m3u8,,,,,河南衛視,China,China,https://epg.pw/media/images/channel/2022/05/30/large/20220530233814283449_10.jpg,Generic,,freetv-fun-all.txt
[BD]河南卫视,https://t.freetv.fun/live/he-nan-wei-shi-33.m3u8,,,,,河南衛視,China,China,https://epg.pw/media/images/channel/2022/05/30/large/20220530233814283449_10.jpg,Generic,,freetv-fun-all.txt
[VGA]河南卫视hd,https://t.freetv.fun/live/he-nan-wei-shi-hd.php,,,,,河南衛視,China,China,https://epg.pw/media/images/channel/2022/05/30/large/20220530233814283449_10.jpg,Generic,,freetv-fun-all.txt
[VGA]河南都市,https://t.freetv.fun/live/he-nan-du-shi-2.m3u8,,,,,河南都市,China,China,https://epg.pw/media/images/channel/2022/05/31/large/20220531143451177556_90.jpg,Generic,,freetv-fun-all.txt
[BD]河南都市,https://t.freetv.fun/live/he-nan-du-shi-2.php,,,,,河南都市,China,China,https://epg.pw/media/images/channel/2022/05/31/large/20220531143451177556_90.jpg,Generic,,freetv-fun-all.txt
[VGA]河南都市,https://t.freetv.fun/live/he-nan-du-shi-5.m3u8,,,,,河南都市,China,China,https://epg.pw/media/images/channel/2022/05/31/large/20220531143451177556_90.jpg,Generic,,freetv-fun-all.txt
[VGA]河南都市,https://t.freetv.fun/live/he-nan-du-shi-6.m3u8,,,,,河南都市,China,China,https://epg.pw/media/images/channel/2022/05/31/large/20220531143451177556_90.jpg,Generic,,freetv-fun-all.txt
[VGA]河南都市,https://t.freetv.fun/live/he-nan-du-shi-7.m3u8,,,,,河南都市,China,China,https://epg.pw/media/images/channel/2022/05/31/large/20220531143451177556_90.jpg,Generic,,freetv-fun-all.txt
[VGA]河南都市,https://t.freetv.fun/live/he-nan-du-shi-8.m3u8,,,,,河南都市,China,China,https://epg.pw/media/images/channel/2022/05/31/large/20220531143451177556_90.jpg,Generic,,freetv-fun-all.txt
[VGA]河南都市 高清,https://t.freetv.fun/live/he-nan-du-shi-gao-qing.smil,,,,,河南都市,China,China,https://epg.pw/media/images/channel/2022/05/31/large/20220531143451177556_90.jpg,Generic,,freetv-fun-all.txt
[BD]河南乡村,https://t.freetv.fun/live/he-nan-xiang-cun-1.php,,,,,河南鄉村,China,China,https://epg.pw/media/images/channel/2022/05/30/large/20220530233933187923_13.jpg,Generic,,freetv-fun-all.txt
[BD]河南乡村,https://t.freetv.fun/live/he-nan-xiang-cun-1.smil,,,,,河南鄉村,China,China,https://epg.pw/media/images/channel/2022/05/30/large/20220530233933187923_13.jpg,Generic,,freetv-fun-all.txt
[VGA]河南乡村频道,https://t.freetv.fun/live/he-nan-xiang-cun-pin-dao.m3u8,,,,,河南鄉村,China,China,https://epg.pw/media/images/channel/2022/05/30/large/20220530233933187923_13.jpg,Generic,,freetv-fun-all.txt
[VGA]河南新乡村,https://t.freetv.fun/live/he-nan-xin-xiang-cun.php,,,,,河南鄉村,China,China,https://epg.pw/media/images/channel/2022/05/30/large/20220530233933187923_13.jpg,Generic,,freetv-fun-all.txt
[BD]河南电视剧,https://t.freetv.fun/live/he-nan-dian-shi-ju.php,,,,,河南電視劇,China,China,https://epg.pw/media/images/channel/2022/05/31/large/20220531143527101390_27.jpg,Movies,,freetv-fun-all.txt
[VGA]河南电视剧,https://t.freetv.fun/live/he-nan-dian-shi-ju-1.m3u8,,,,,河南電視劇,China,China,https://epg.pw/media/images/channel/2022/05/31/large/20220531143527101390_27.jpg,Movies,,freetv-fun-all.txt
[VGA]河南电视剧 高清,https://t.freetv.fun/live/he-nan-dian-shi-ju-gao-qing.smil,,,,,河南電視劇,China,China,https://epg.pw/media/images/channel/2022/05/31/large/20220531143527101390_27.jpg,Movies,,freetv-fun-all.txt
[VGA]郑州都市生活,https://t.freetv.fun/live/zheng-zhou-du-shi-sheng-huo.smil,,,,,泉州都市生活,China,China,https://epg.pw/media/images/channel/2024/03/13/large/20240313192900239773_48.png,Other,,freetv-fun-all.txt
[VGA]泰州经济生活,https://t.freetv.fun/live/tai-zhou-jing-ji-sheng-huo.m3u8,,,,,泰安經濟生活,China,China,https://epg.pw/media/images/channel/2024/03/13/large/20240313193437771214_23.png,Other,,freetv-fun-all.txt
[VGA]泰安经济生活,https://t.freetv.fun/live/tai-an-jing-ji-sheng-huo.flv,,,,,泰安經濟生活,China,China,https://epg.pw/media/images/channel/2024/03/13/large/20240313193437771214_23.png,Other,,freetv-fun-all.txt
[VGA]泰安综合,https://t.freetv.fun/live/tai-an-zong-he.flv,,,,,泰安綜合,China,China,https://epg.pw/media/images/channel/2024/03/13/large/20240313193409420122_11.png,Other,,freetv-fun-all.txt
[VGA]泰州新闻综合,https://t.freetv.fun/live/tai-zhou-xin-wen-zong-he-2.m3u8,,,,,泰州新聞綜合,China,China,https://epg.pw/media/images/channel/2024/03/13/large/20240313193123214948_88.png,News,,freetv-fun-all.txt
[VGA]泰州新闻,https://t.freetv.fun/live/tai-zhou-xin-wen.php,,,,,泰州新聞綜合,China,China,https://epg.pw/media/images/channel/2024/03/13/large/20240313193123214948_88.png,News,,freetv-fun-all.txt
[VGA]泰州新闻综合,https://t.freetv.fun/live/tai-zhou-xin-wen-zong-he-2.php,,,,,泰州新聞綜合,China,China,https://epg.pw/media/images/channel/2024/03/13/large/20240313193123214948_88.png,News,,freetv-fun-all.txt
[VGA]泰州新闻综合,https://t.freetv.fun/live/tai-zhou-xin-wen-zong-he-1-1.m3u8,,,,,泰州新聞綜合,China,China,https://epg.pw/media/images/channel/2024/03/13/large/20240313193123214948_88.png,News,,freetv-fun-all.txt
[HD]泰州新闻综合,https://t.freetv.fun/live/tai-zhou-xin-wen-zong-he-2-1.m3u8,,,,,泰州新聞綜合,China,China,https://epg.pw/media/images/channel/2024/03/13/large/20240313193123214948_88.png,News,,freetv-fun-all.txt
[HD]泰州新闻综合,https://t.freetv.fun/live/tai-zhou-xin-wen-zong-he-3.m3u8,,,,,泰州新聞綜合,China,China,https://epg.pw/media/images/channel/2024/03/13/large/20240313193123214948_88.png,News,,freetv-fun-all.txt
[VGA]洛阳综合,https://t.freetv.fun/live/luo-yang-zong-he.m3u8,,,,,洛陽新聞綜合,China,China,https://epg.pw/media/img/logo/2_23.jpg,Other,,freetv-fun-all.txt
[VGA]洛阳科教频道,https://t.freetv.fun/live/luo-yang-ke-jiao-pin-dao.m3u8,,,,,洛陽科教,China,China,https://epg.pw/media/images/channel/2022/10/31/large/20221031233059904691_72.jpg,Other,,freetv-fun-all.txt
[VGA]洛阳科教,https://t.freetv.fun/live/luo-yang-ke-jiao.m3u8,,,,,洛陽科教,China,China,https://epg.pw/media/images/channel/2022/10/31/large/20221031233059904691_72.jpg,Other,,freetv-fun-all.txt
[VGA]洪金宝,https://t.freetv.fun/live/hong-jin-bao-2.xs,,,,,洪金寶,China,China,https://epg.pw/media/images/channel/2022/08/25/large/20220825050929630341_40.png,Movies,,freetv-fun-all.txt
[SD]洪金宝,https://t.freetv.fun/live/hong-jin-bao-2.m3u8,,,,,洪金寶,China,China,https://epg.pw/media/images/channel/2022/08/25/large/20220825050929630341_40.png,Movies,,freetv-fun-all.txt
[VGA]洪金宝,https://t.freetv.fun/live/hong-jin-bao-2.flv,,,,,洪金寶,China,China,https://epg.pw/media/images/channel/2022/08/25/large/20220825050929630341_40.png,Movies,,freetv-fun-all.txt
[VGA]洪金宝,https://t.freetv.fun/live/hong-jin-bao-1-1.php,,,,,洪金寶,China,China,https://epg.pw/media/images/channel/2022/08/25/large/20220825050929630341_40.png,Movies,,freetv-fun-all.txt
[VGA]洪金宝,https://t.freetv.fun/live/hong-jin-bao-2-1.m3u8,,,,,洪金寶,China,China,https://epg.pw/media/images/channel/2022/08/25/large/20220825050929630341_40.png,Movies,,freetv-fun-all.txt
[VGA]洪金宝,https://t.freetv.fun/live/hong-jin-bao-3.php,,,,,洪金寶,China,China,https://epg.pw/media/images/channel/2022/08/25/large/20220825050929630341_40.png,Movies,,freetv-fun-all.txt
[VGA]cn: 浙江6套,https://t.freetv.fun/live/cn-zhe-jiang-6tao.m3u8,,,,,浙江6套,China,China,https://epg.pw/media/images/channel/2023/07/19/large/20230719123724211168_12.jpg,Generic,,freetv-fun-all.txt
[VGA]浙江国际,https://t.freetv.fun/live/zhe-jiang-guo-ji-6.m3u8,,,,,浙江國際,China,China,https://epg.pw/media/images/channel/2022/05/01/large/20220501233500757287_70.png,Generic,,freetv-fun-all.txt
[VGA]浙江国际,https://t.freetv.fun/live/zhe-jiang-guo-ji-1-2.m3u8,,,,,浙江國際,China,China,https://epg.pw/media/images/channel/2022/05/01/large/20220501233500757287_70.png,Generic,,freetv-fun-all.txt
[VGA]浙江国际,https://t.freetv.fun/live/zhe-jiang-guo-ji-2-2.m3u8,,,,,浙江國際,China,China,https://epg.pw/media/images/channel/2022/05/01/large/20220501233500757287_70.png,Generic,,freetv-fun-all.txt
[VGA]浙江国际,https://t.freetv.fun/live/zhe-jiang-guo-ji-3-1.m3u8,,,,,浙江國際,China,China,https://epg.pw/media/images/channel/2022/05/01/large/20220501233500757287_70.png,Generic,,freetv-fun-all.txt
[VGA]cn: 浙江国际,https://t.freetv.fun/live/cn-zhe-jiang-guo-ji.m3u8,,,,,浙江國際,China,China,https://epg.pw/media/images/channel/2022/05/01/large/20220501233500757287_70.png,Generic,,freetv-fun-all.txt
[BD]浙江国际,https://t.freetv.fun/live/zhe-jiang-guo-ji-6-1.m3u8,,,,,浙江國際,China,China,https://epg.pw/media/images/channel/2022/05/01/large/20220501233500757287_70.png,Generic,,freetv-fun-all.txt
[VGA]浙江国际,https://t.freetv.fun/live/zhe-jiang-guo-ji-7.m3u8,,,,,浙江國際,China,China,https://epg.pw/media/images/channel/2022/05/01/large/20220501233500757287_70.png,Generic,,freetv-fun-all.txt
[VGA]浙江国际,https://t.freetv.fun/live/zhe-jiang-guo-ji-9.m3u8,,,,,浙江國際,China,China,https://epg.pw/media/images/channel/2022/05/01/large/20220501233500757287_70.png,Generic,,freetv-fun-all.txt
[BD]浙江国际,https://t.freetv.fun/live/zhe-jiang-guo-ji-11.m3u8,,,,,浙江國際,China,China,https://epg.pw/media/images/channel/2022/05/01/large/20220501233500757287_70.png,Generic,,freetv-fun-all.txt
[VGA]浙江国际,https://t.freetv.fun/live/zhe-jiang-guo-ji-4-1.m3u8,,,,,浙江國際,China,China,https://epg.pw/media/images/channel/2022/05/01/large/20220501233500757287_70.png,Generic,,freetv-fun-all.txt
[VGA]浙江国际,https://t.freetv.fun/live/zhe-jiang-guo-ji-5-1.m3u8,,,,,浙江國際,China,China,https://epg.pw/media/images/channel/2022/05/01/large/20220501233500757287_70.png,Generic,,freetv-fun-all.txt
[VGA]浙江|浙江国际频道,https://t.freetv.fun/live/zhe-jiang-zhe-jiang-guo-ji-pin-dao.m3u8,,,,,浙江國際,China,China,https://epg.pw/media/images/channel/2022/05/01/large/20220501233500757287_70.png,Generic,,freetv-fun-all.txt
[VGA]浙江|浙江国际频道,https://t.freetv.fun/live/zhe-jiang-zhe-jiang-guo-ji-pin-dao-1.m3u8,,,,,浙江國際,China,China,https://epg.pw/media/images/channel/2022/05/01/large/20220501233500757287_70.png,Generic,,freetv-fun-all.txt
[VGA]浙江国际频道,https://t.freetv.fun/live/zhe-jiang-guo-ji-pin-dao.m3u8,,,,,浙江國際,China,China,https://epg.pw/media/images/channel/2022/05/01/large/20220501233500757287_70.png,Generic,,freetv-fun-all.txt
[VGA]浙江少儿,https://t.freetv.fun/live/zhe-jiang-shao-er-9.m3u8,,,,,浙江少兒,China,China,https://epg.pw/media/images/channel/2022/05/30/large/20220530221145480622_53.jpg,Kids,,freetv-fun-all.txt
[VGA]浙江少儿,https://t.freetv.fun/live/zhe-jiang-shao-er-1-2.m3u8,,,,,浙江少兒,China,China,https://epg.pw/media/images/channel/2022/05/30/large/20220530221145480622_53.jpg,Kids,,freetv-fun-all.txt
[VGA]浙江少儿,https://t.freetv.fun/live/zhe-jiang-shao-er-2-1.m3u8,,,,,浙江少兒,China,China,https://epg.pw/media/images/channel/2022/05/30/large/20220530221145480622_53.jpg,Kids,,freetv-fun-all.txt
[VGA]浙江少儿,https://t.freetv.fun/live/zhe-jiang-shao-er-3-1.m3u8,,,,,浙江少兒,China,China,https://epg.pw/media/images/channel/2022/05/30/large/20220530221145480622_53.jpg,Kids,,freetv-fun-all.txt
[VGA]浙江少儿,https://t.freetv.fun/live/zhe-jiang-shao-er-4-1.m3u8,,,,,浙江少兒,China,China,https://epg.pw/media/images/channel/2022/05/30/large/20220530221145480622_53.jpg,Kids,,freetv-fun-all.txt
[VGA]cn: 浙江少儿,https://t.freetv.fun/live/cn-zhe-jiang-shao-er.m3u8,,,,,浙江少兒,China,China,https://epg.pw/media/images/channel/2022/05/30/large/20220530221145480622_53.jpg,Kids,,freetv-fun-all.txt
[VGA]浙江|浙江少儿频道,https://t.freetv.fun/live/zhe-jiang-zhe-jiang-shao-er-pin-dao.m3u8,,,,,浙江少兒頻道,China,China,https://epg.pw/media/images/channel/2023/07/19/large/20230719123643125638_97.jpg,Kids,,freetv-fun-all.txt
[VGA]浙江少儿频道,https://t.freetv.fun/live/zhe-jiang-shao-er-pin-dao.m3u8,,,,,浙江少兒頻道,China,China,https://epg.pw/media/images/channel/2023/07/19/large/20230719123643125638_97.jpg,Kids,,freetv-fun-all.txt
[VGA]浙江少儿,https://t.freetv.fun/live/zhe-jiang-shao-er-5-1.m3u8,,,,,浙江少兒頻道,China,China,https://epg.pw/media/images/channel/2023/07/19/large/20230719123643125638_97.jpg,Kids,,freetv-fun-all.txt
[VGA]浙江少儿,https://t.freetv.fun/live/zhe-jiang-shao-er-6-1.m3u8,,,,,浙江少兒頻道,China,China,https://epg.pw/media/images/channel/2023/07/19/large/20230719123643125638_97.jpg,Kids,,freetv-fun-all.txt
[BD]浙江少儿,https://t.freetv.fun/live/zhe-jiang-shao-er-7-1.m3u8,,,,,浙江少兒頻道,China,China,https://epg.pw/media/images/channel/2023/07/19/large/20230719123643125638_97.jpg,Kids,,freetv-fun-all.txt
[VGA]浙江少儿,https://t.freetv.fun/live/zhe-jiang-shao-er-8.m3u8,,,,,浙江少兒頻道,China,China,https://epg.pw/media/images/channel/2023/07/19/large/20230719123643125638_97.jpg,Kids,,freetv-fun-all.txt
[VGA]浙江少儿,https://t.freetv.fun/live/zhe-jiang-shao-er-10.m3u8,,,,,浙江少兒頻道,China,China,https://epg.pw/media/images/channel/2023/07/19/large/20230719123643125638_97.jpg,Kids,,freetv-fun-all.txt
[BD]浙江少儿,https://t.freetv.fun/live/zhe-jiang-shao-er-12.m3u8,,,,,浙江少兒頻道,China,China,https://epg.pw/media/images/channel/2023/07/19/large/20230719123643125638_97.jpg,Kids,,freetv-fun-all.txt
[BD]浙江少儿,https://t.freetv.fun/live/zhe-jiang-shao-er-16.m3u8,,,,,浙江少兒頻道,China,China,https://epg.pw/media/images/channel/2023/07/19/large/20230719123643125638_97.jpg,Kids,,freetv-fun-all.txt
[VGA]浙江少儿高清,https://t.freetv.fun/live/zhe-jiang-shao-er-gao-qing.smil,,,,,浙江少兒頻道,China,China,https://epg.pw/media/images/channel/2023/07/19/large/20230719123643125638_97.jpg,Kids,,freetv-fun-all.txt
[HD]浙江教育,https://t.freetv.fun/live/zhe-jiang-jiao-yu.m3u8,,,,,浙江教育科技,China,China,https://epg.pw/media/img/logo/1_20.jpg,Other,,freetv-fun-all.txt
[HD]浙江教育,https://t.freetv.fun/live/zhe-jiang-jiao-yu-1.m3u8,,,,,浙江教育科技,China,China,https://epg.pw/media/img/logo/1_20.jpg,Other,,freetv-fun-all.txt
[VGA]浙江教育,https://t.freetv.fun/live/zhe-jiang-jiao-yu-3.m3u8,,,,,浙江教育科技,China,China,https://epg.pw/media/img/logo/1_20.jpg,Other,,freetv-fun-all.txt
[BD]浙江教育,https://t.freetv.fun/live/zhe-jiang-jiao-yu-4.m3u8,,,,,浙江教育科技,China,China,https://epg.pw/media/img/logo/1_20.jpg,Other,,freetv-fun-all.txt
[VGA]浙江教育,https://t.freetv.fun/live/zhe-jiang-jiao-yu-6.m3u8,,,,,浙江教育科技,China,China,https://epg.pw/media/img/logo/1_20.jpg,Other,,freetv-fun-all.txt
[BD]浙江教育,https://t.freetv.fun/live/zhe-jiang-jiao-yu-7.m3u8,,,,,浙江教育科技,China,China,https://epg.pw/media/img/logo/1_20.jpg,Other,,freetv-fun-all.txt
[BD]浙江教育,https://t.freetv.fun/live/zhe-jiang-jiao-yu-8.m3u8,,,,,浙江教育科技,China,China,https://epg.pw/media/img/logo/1_20.jpg,Other,,freetv-fun-all.txt
[VGA]浙江教科,https://t.freetv.fun/live/zhe-jiang-jiao-ke-1.m3u8,,,,,浙江教育科技,China,China,https://epg.pw/media/img/logo/1_20.jpg,Other,,freetv-fun-all.txt
[BD]浙江教科,https://t.freetv.fun/live/zhe-jiang-jiao-ke-2.m3u8,,,,,浙江教育科技,China,China,https://epg.pw/media/img/logo/1_20.jpg,Other,,freetv-fun-all.txt
[VGA]浙江教育,https://t.freetv.fun/live/zhe-jiang-jiao-yu-2.m3u8,,,,,浙江教育科技,China,China,https://epg.pw/media/img/logo/1_20.jpg,Other,,freetv-fun-all.txt
[VGA]浙江教育,https://t.freetv.fun/live/zhe-jiang-jiao-yu-5.m3u8,,,,,浙江教育科技,China,China,https://epg.pw/media/img/logo/1_20.jpg,Other,,freetv-fun-all.txt
[VGA]浙江教育,https://t.freetv.fun/live/zhe-jiang-jiao-yu-9.m3u8,,,,,浙江教育科技,China,China,https://epg.pw/media/img/logo/1_20.jpg,Other,,freetv-fun-all.txt
[VGA]浙江教科,https://t.freetv.fun/live/zhe-jiang-jiao-ke.m3u8,,,,,浙江教育科技,China,China,https://epg.pw/media/img/logo/1_20.jpg,Other,,freetv-fun-all.txt
[VGA]浙江新闻,https://t.freetv.fun/live/zhe-jiang-xin-wen-6.m3u8,,,,,浙江新聞,China,China,https://epg.pw/media/images/channel/2021/10/15/large/20211015190924231335_69.png,News,,freetv-fun-all.txt
[VGA]浙江新闻,https://t.freetv.fun/live/zhe-jiang-xin-wen-3-1.m3u8,,,,,浙江新聞,China,China,https://epg.pw/media/images/channel/2021/10/15/large/20211015190924231335_69.png,News,,freetv-fun-all.txt
[VGA]浙江新闻,https://t.freetv.fun/live/zhe-jiang-xin-wen-1-2.m3u8,,,,,浙江新聞,China,China,https://epg.pw/media/images/channel/2021/10/15/large/20211015190924231335_69.png,News,,freetv-fun-all.txt
[VGA]浙江新闻,https://t.freetv.fun/live/zhe-jiang-xin-wen-2-1.m3u8,,,,,浙江新聞,China,China,https://epg.pw/media/images/channel/2021/10/15/large/20211015190924231335_69.png,News,,freetv-fun-all.txt
[VGA]浙江新闻,https://t.freetv.fun/live/zhe-jiang-xin-wen-5.m3u8,,,,,浙江新聞,China,China,https://epg.pw/media/images/channel/2021/10/15/large/20211015190924231335_69.png,News,,freetv-fun-all.txt
[HD]浙江新闻,https://t.freetv.fun/live/zhe-jiang-xin-wen-7.m3u8,,,,,浙江新聞,China,China,https://epg.pw/media/images/channel/2021/10/15/large/20211015190924231335_69.png,News,,freetv-fun-all.txt
[HD]浙江新闻,https://t.freetv.fun/live/zhe-jiang-xin-wen-11.m3u8,,,,,浙江新聞,China,China,https://epg.pw/media/images/channel/2021/10/15/large/20211015190924231335_69.png,News,,freetv-fun-all.txt
[BD]浙江新闻,https://t.freetv.fun/live/zhe-jiang-xin-wen-4-1.m3u8,,,,,浙江新聞,China,China,https://epg.pw/media/images/channel/2021/10/15/large/20211015190924231335_69.png,News,,freetv-fun-all.txt
[VGA]浙江新闻,https://t.freetv.fun/live/zhe-jiang-xin-wen-6-1.m3u8,,,,,浙江新聞,China,China,https://epg.pw/media/images/channel/2021/10/15/large/20211015190924231335_69.png,News,,freetv-fun-all.txt
[VGA]浙江新闻,https://t.freetv.fun/live/zhe-jiang-xin-wen-8.m3u8,,,,,浙江新聞,China,China,https://epg.pw/media/images/channel/2021/10/15/large/20211015190924231335_69.png,News,,freetv-fun-all.txt
[VGA]浙江新闻,https://t.freetv.fun/live/zhe-jiang-xin-wen-9.m3u8,,,,,浙江新聞,China,China,https://epg.pw/media/images/channel/2021/10/15/large/20211015190924231335_69.png,News,,freetv-fun-all.txt
[VGA]浙江新闻,https://t.freetv.fun/live/zhe-jiang-xin-wen-10.m3u8,,,,,浙江新聞,China,China,https://epg.pw/media/images/channel/2021/10/15/large/20211015190924231335_69.png,News,,freetv-fun-all.txt
[BD]浙江新闻,https://t.freetv.fun/live/zhe-jiang-xin-wen-12.m3u8,,,,,浙江新聞,China,China,https://epg.pw/media/images/channel/2021/10/15/large/20211015190924231335_69.png,News,,freetv-fun-all.txt
[VGA]浙江民生休闲,https://t.freetv.fun/live/zhe-jiang-min-sheng-xiu-xian-7.m3u8,,,,,浙江民生休閒,China,China,https://epg.pw/media/images/channel/2022/05/30/large/20220530221028154749_27.jpg,Generic,,freetv-fun-all.txt
[VGA]浙江民生休闲,https://t.freetv.fun/live/zhe-jiang-min-sheng-xiu-xian-1-2.m3u8,,,,,浙江民生休閒,China,China,https://epg.pw/media/images/channel/2022/05/30/large/20220530221028154749_27.jpg,Generic,,freetv-fun-all.txt
[VGA]浙江民生休闲,https://t.freetv.fun/live/zhe-jiang-min-sheng-xiu-xian-2-1.m3u8,,,,,浙江民生休閒,China,China,https://epg.pw/media/images/channel/2022/05/30/large/20220530221028154749_27.jpg,Generic,,freetv-fun-all.txt
[VGA]浙江民生休闲,https://t.freetv.fun/live/zhe-jiang-min-sheng-xiu-xian-3-1.m3u8,,,,,浙江民生休閒,China,China,https://epg.pw/media/images/channel/2022/05/30/large/20220530221028154749_27.jpg,Generic,,freetv-fun-all.txt
[VGA]cn: 浙江民生休闲,https://t.freetv.fun/live/cn-zhe-jiang-min-sheng-xiu-xian.m3u8,,,,,浙江民生休閒,China,China,https://epg.pw/media/images/channel/2022/05/30/large/20220530221028154749_27.jpg,Generic,,freetv-fun-all.txt
[VGA]浙江|浙江民生休闲,https://t.freetv.fun/live/zhe-jiang-zhe-jiang-min-sheng-xiu-xian.m3u8,,,,,浙江民生休閒,China,China,https://epg.pw/media/images/channel/2022/05/30/large/20220530221028154749_27.jpg,Generic,,freetv-fun-all.txt
[BD]浙江民生休闲,https://t.freetv.fun/live/zhe-jiang-min-sheng-xiu-xian-4-1.m3u8,,,,,浙江民生休閒,China,China,https://epg.pw/media/images/channel/2022/05/30/large/20220530221028154749_27.jpg,Generic,,freetv-fun-all.txt
[VGA]浙江｜民生休闲,https://t.freetv.fun/live/zhe-jiang-min-sheng-xiu-xian-6.m3u8,,,,,浙江民生休閒,China,China,https://epg.pw/media/images/channel/2022/05/30/large/20220530221028154749_27.jpg,Generic,,freetv-fun-all.txt
[VGA]浙江民生休闲高清,https://t.freetv.fun/live/zhe-jiang-min-sheng-xiu-xian-gao-qing.smil,,,,,浙江民生休閒,China,China,https://epg.pw/media/images/channel/2022/05/30/large/20220530221028154749_27.jpg,Generic,,freetv-fun-all.txt
[BD]浙江民生,https://t.freetv.fun/live/zhe-jiang-min-sheng-2.m3u8,,,,,浙江民生休閒,China,China,https://epg.pw/media/images/channel/2022/05/30/large/20220530221028154749_27.jpg,Generic,,freetv-fun-all.txt
[HD]浙江民生,https://t.freetv.fun/live/zhe-jiang-min-sheng-3-1.m3u8,,,,,浙江民生休閒,China,China,https://epg.pw/media/images/channel/2022/05/30/large/20220530221028154749_27.jpg,Generic,,freetv-fun-all.txt
[BD]浙江民生,https://t.freetv.fun/live/zhe-jiang-min-sheng-5.m3u8,,,,,浙江民生休閒,China,China,https://epg.pw/media/images/channel/2022/05/30/large/20220530221028154749_27.jpg,Generic,,freetv-fun-all.txt
[BD]浙江民生,https://t.freetv.fun/live/zhe-jiang-min-sheng-6.m3u8,,,,,浙江民生休閒,China,China,https://epg.pw/media/images/channel/2022/05/30/large/20220530221028154749_27.jpg,Generic,,freetv-fun-all.txt
[BD]浙江民生,https://t.freetv.fun/live/zhe-jiang-min-sheng-10.m3u8,,,,,浙江民生休閒,China,China,https://epg.pw/media/images/channel/2022/05/30/large/20220530221028154749_27.jpg,Generic,,freetv-fun-all.txt
[HD]浙江休闲,https://t.freetv.fun/live/zhe-jiang-xiu-xian.m3u8,,,,,浙江民生休閒,China,China,https://epg.pw/media/images/channel/2022/05/30/large/20220530221028154749_27.jpg,Generic,,freetv-fun-all.txt
[VGA]浙江｜平湖民生休闲,https://t.freetv.fun/live/zhe-jiang-ping-hu-min-sheng-xiu-xian.m3u8,,,,,浙江民生休閒,China,China,https://epg.pw/media/images/channel/2022/05/30/large/20220530221028154749_27.jpg,Generic,,freetv-fun-all.txt
[VGA]浙江民生,https://t.freetv.fun/live/zhe-jiang-min-sheng-7.m3u8,,,,,浙江民生休閒,China,China,https://epg.pw/media/images/channel/2022/05/30/large/20220530221028154749_27.jpg,Generic,,freetv-fun-all.txt
[VGA]浙江民生,https://t.freetv.fun/live/zhe-jiang-min-sheng-8.m3u8,,,,,浙江民生休閒,China,China,https://epg.pw/media/images/channel/2022/05/30/large/20220530221028154749_27.jpg,Generic,,freetv-fun-all.txt
[VGA]浙江民生,https://t.freetv.fun/live/zhe-jiang-min-sheng-9.m3u8,,,,,浙江民生休閒,China,China,https://epg.pw/media/images/channel/2022/05/30/large/20220530221028154749_27.jpg,Generic,,freetv-fun-all.txt
[VGA]浙江休闲,https://t.freetv.fun/live/zhe-jiang-xiu-xian-1.m3u8,,,,,浙江民生休閒,China,China,https://epg.pw/media/images/channel/2022/05/30/large/20220530221028154749_27.jpg,Generic,,freetv-fun-all.txt
[VGA]浙江民生,https://t.freetv.fun/live/zhe-jiang-min-sheng-11.m3u8,,,,,浙江民生休閒,China,China,https://epg.pw/media/images/channel/2022/05/30/large/20220530221028154749_27.jpg,Generic,,freetv-fun-all.txt
[VGA]浙江经济生活,https://t.freetv.fun/live/zhe-jiang-jing-ji-sheng-huo-6.m3u8,,,,,浙江經濟生活,China,China,https://epg.pw/media/images/channel/2022/05/30/large/20220530220929501840_43.jpg,Generic,,freetv-fun-all.txt
[VGA]浙江经济生活,https://t.freetv.fun/live/zhe-jiang-jing-ji-sheng-huo-1-2.m3u8,,,,,浙江經濟生活,China,China,https://epg.pw/media/images/channel/2022/05/30/large/20220530220929501840_43.jpg,Generic,,freetv-fun-all.txt
[VGA]浙江经济生活,https://t.freetv.fun/live/zhe-jiang-jing-ji-sheng-huo-2-1.m3u8,,,,,浙江經濟生活,China,China,https://epg.pw/media/images/channel/2022/05/30/large/20220530220929501840_43.jpg,Generic,,freetv-fun-all.txt
[VGA]浙江经济生活,https://t.freetv.fun/live/zhe-jiang-jing-ji-sheng-huo-3-1.m3u8,,,,,浙江經濟生活,China,China,https://epg.pw/media/images/channel/2022/05/30/large/20220530220929501840_43.jpg,Generic,,freetv-fun-all.txt
[BD]浙江经济生活,https://t.freetv.fun/live/zhe-jiang-jing-ji-sheng-huo-14.m3u8,,,,,浙江經濟生活,China,China,https://epg.pw/media/images/channel/2022/05/30/large/20220530220929501840_43.jpg,Generic,,freetv-fun-all.txt
[VGA]浙江经济生活,https://t.freetv.fun/live/zhe-jiang-jing-ji-sheng-huo-4-1.m3u8,,,,,浙江經濟生活,China,China,https://epg.pw/media/images/channel/2022/05/30/large/20220530220929501840_43.jpg,Generic,,freetv-fun-all.txt
[VGA]浙江经济生活,https://t.freetv.fun/live/zhe-jiang-jing-ji-sheng-huo-5-1.m3u8,,,,,浙江經濟生活,China,China,https://epg.pw/media/images/channel/2022/05/30/large/20220530220929501840_43.jpg,Generic,,freetv-fun-all.txt
[VGA]浙江经济生活,https://t.freetv.fun/live/zhe-jiang-jing-ji-sheng-huo-6-1.m3u8,,,,,浙江經濟生活,China,China,https://epg.pw/media/images/channel/2022/05/30/large/20220530220929501840_43.jpg,Generic,,freetv-fun-all.txt
[VGA]浙江经济,https://t.freetv.fun/live/zhe-jiang-jing-ji-1.m3u8,,,,,浙江經濟生活,China,China,https://epg.pw/media/images/channel/2022/05/30/large/20220530220929501840_43.jpg,Generic,,freetv-fun-all.txt
[VGA]浙江经济,https://t.freetv.fun/live/zhe-jiang-jing-ji-2.m3u8,,,,,浙江經濟生活,China,China,https://epg.pw/media/images/channel/2022/05/30/large/20220530220929501840_43.jpg,Generic,,freetv-fun-all.txt
[VGA]浙江经济,https://t.freetv.fun/live/zhe-jiang-jing-ji-3.m3u8,,,,,浙江經濟生活,China,China,https://epg.pw/media/images/channel/2022/05/30/large/20220530220929501840_43.jpg,Generic,,freetv-fun-all.txt
[BD]浙江经济,https://t.freetv.fun/live/zhe-jiang-jing-ji.m3u8,,,,,浙江經濟生活,China,China,https://epg.pw/media/images/channel/2022/05/30/large/20220530220929501840_43.jpg,Generic,,freetv-fun-all.txt
[VGA]浙江生活,https://t.freetv.fun/live/zhe-jiang-sheng-huo.m3u8,,,,,浙江經濟生活,China,China,https://epg.pw/media/images/channel/2022/05/30/large/20220530220929501840_43.jpg,Generic,,freetv-fun-all.txt
[BD]浙江生活,https://t.freetv.fun/live/zhe-jiang-sheng-huo-1.m3u8,,,,,浙江經濟生活,China,China,https://epg.pw/media/images/channel/2022/05/30/large/20220530220929501840_43.jpg,Generic,,freetv-fun-all.txt
[BD]浙江生活,https://t.freetv.fun/live/zhe-jiang-sheng-huo-2.m3u8,,,,,浙江經濟生活,China,China,https://epg.pw/media/images/channel/2022/05/30/large/20220530220929501840_43.jpg,Generic,,freetv-fun-all.txt
[BD]浙江生活,https://t.freetv.fun/live/zhe-jiang-sheng-huo-4.m3u8,,,,,浙江經濟生活,China,China,https://epg.pw/media/images/channel/2022/05/30/large/20220530220929501840_43.jpg,Generic,,freetv-fun-all.txt
[VGA]浙江生活,https://t.freetv.fun/live/zhe-jiang-sheng-huo-5.m3u8,,,,,浙江經濟生活,China,China,https://epg.pw/media/images/channel/2022/05/30/large/20220530220929501840_43.jpg,Generic,,freetv-fun-all.txt
[VGA]浙江｜经济生活,https://t.freetv.fun/live/zhe-jiang-jing-ji-sheng-huo-7.m3u8,,,,,浙江經濟生活,China,China,https://epg.pw/media/images/channel/2022/05/30/large/20220530220929501840_43.jpg,Generic,,freetv-fun-all.txt
[VGA]浙江生活,https://t.freetv.fun/live/zhe-jiang-sheng-huo-3.m3u8,,,,,浙江經濟生活,China,China,https://epg.pw/media/images/channel/2022/05/30/large/20220530220929501840_43.jpg,Generic,,freetv-fun-all.txt
[VGA]浙江卫视,https://t.freetv.fun/live/zhe-jiang-wei-shi-23.m3u8,,,,,浙江衛視,China,China,https://epg.pw/media/images/channel/2024/03/11/large/20240311112431672505_47.png,Generic,,freetv-fun-all.txt
[VGA]浙江卫视,https://t.freetv.fun/live/zhe-jiang-wei-shi-1-3.m3u8,,,,,浙江衛視,China,China,https://epg.pw/media/images/channel/2024/03/11/large/20240311112431672505_47.png,Generic,,freetv-fun-all.txt
[BD]浙江卫视,https://t.freetv.fun/live/zhe-jiang-wei-shi-3-3.m3u8,,,,,浙江衛視,China,China,https://epg.pw/media/images/channel/2024/03/11/large/20240311112431672505_47.png,Generic,,freetv-fun-all.txt
[BD]浙江卫视,https://t.freetv.fun/live/zhe-jiang-wei-shi-4-2.m3u8,,,,,浙江衛視,China,China,https://epg.pw/media/images/channel/2024/03/11/large/20240311112431672505_47.png,Generic,,freetv-fun-all.txt
[BD]浙江卫视,https://t.freetv.fun/live/zhe-jiang-wei-shi-5-2.m3u8,,,,,浙江衛視,China,China,https://epg.pw/media/images/channel/2024/03/11/large/20240311112431672505_47.png,Generic,,freetv-fun-all.txt
[BD]浙江卫视,https://t.freetv.fun/live/zhe-jiang-wei-shi-11-2.m3u8,,,,,浙江衛視,China,China,https://epg.pw/media/images/channel/2024/03/11/large/20240311112431672505_47.png,Generic,,freetv-fun-all.txt
[SD]浙江卫视,https://t.freetv.fun/live/zhe-jiang-wei-shi-14-1.m3u8,,,,,浙江衛視,China,China,https://epg.pw/media/images/channel/2024/03/11/large/20240311112431672505_47.png,Generic,,freetv-fun-all.txt
[BD]浙江卫视,https://t.freetv.fun/live/zhe-jiang-wei-shi-16.m3u8,,,,,浙江衛視,China,China,https://epg.pw/media/images/channel/2024/03/11/large/20240311112431672505_47.png,Generic,,freetv-fun-all.txt
[BD]浙江卫视,https://t.freetv.fun/live/zhe-jiang-wei-shi-21.m3u8,,,,,浙江衛視,China,China,https://epg.pw/media/images/channel/2024/03/11/large/20240311112431672505_47.png,Generic,,freetv-fun-all.txt
[VGA]浙江卫视,https://t.freetv.fun/live/zhe-jiang-wei-shi-2-4.m3u8,,,,,浙江衛視,China,China,https://epg.pw/media/images/channel/2024/03/11/large/20240311112431672505_47.png,Generic,,freetv-fun-all.txt
[VGA]浙江卫视,https://t.freetv.fun/live/zhe-jiang-wei-shi-6-3.m3u8,,,,,浙江衛視,China,China,https://epg.pw/media/images/channel/2024/03/11/large/20240311112431672505_47.png,Generic,,freetv-fun-all.txt
[VGA]浙江卫视,https://t.freetv.fun/live/zhe-jiang-wei-shi-7-2.m3u8,,,,,浙江衛視,China,China,https://epg.pw/media/images/channel/2024/03/11/large/20240311112431672505_47.png,Generic,,freetv-fun-all.txt
[VGA]浙江卫视,https://t.freetv.fun/live/zhe-jiang-wei-shi-8-2.m3u8,,,,,浙江衛視,China,China,https://epg.pw/media/images/channel/2024/03/11/large/20240311112431672505_47.png,Generic,,freetv-fun-all.txt
[VGA]浙江卫视,https://t.freetv.fun/live/zhe-jiang-wei-shi-9-1.m3u8,,,,,浙江衛視,China,China,https://epg.pw/media/images/channel/2024/03/11/large/20240311112431672505_47.png,Generic,,freetv-fun-all.txt
[VGA]浙江卫视,https://t.freetv.fun/live/zhe-jiang-wei-shi-10-2.m3u8,,,,,浙江衛視,China,China,https://epg.pw/media/images/channel/2024/03/11/large/20240311112431672505_47.png,Generic,,freetv-fun-all.txt
[VGA]浙江卫视,https://t.freetv.fun/live/zhe-jiang-wei-shi-12-2.m3u8,,,,,浙江衛視,China,China,https://epg.pw/media/images/channel/2024/03/11/large/20240311112431672505_47.png,Generic,,freetv-fun-all.txt
[VGA]浙江卫视,https://t.freetv.fun/live/zhe-jiang-wei-shi-13-1.m3u8,,,,,浙江衛視,China,China,https://epg.pw/media/images/channel/2024/03/11/large/20240311112431672505_47.png,Generic,,freetv-fun-all.txt
[VGA]浙江卫视[1920*1080],https://t.freetv.fun/live/zhe-jiang-wei-shi-1920-1080.m3u8,,,,,浙江衛視,China,China,https://epg.pw/media/images/channel/2024/03/11/large/20240311112431672505_47.png,Generic,,freetv-fun-all.txt
[VGA]浙江卫视[1920*1080],https://t.freetv.fun/live/zhe-jiang-wei-shi-1920-1080-1.m3u8,,,,,浙江衛視,China,China,https://epg.pw/media/images/channel/2024/03/11/large/20240311112431672505_47.png,Generic,,freetv-fun-all.txt
[VGA]浙江卫视[1920*1080],https://t.freetv.fun/live/zhe-jiang-wei-shi-1920-1080-2.m3u8,,,,,浙江衛視,China,China,https://epg.pw/media/images/channel/2024/03/11/large/20240311112431672505_47.png,Generic,,freetv-fun-all.txt
[VGA]浙江卫视[1920*1080],https://t.freetv.fun/live/zhe-jiang-wei-shi-1920-1080-3.m3u8,,,,,浙江衛視,China,China,https://epg.pw/media/images/channel/2024/03/11/large/20240311112431672505_47.png,Generic,,freetv-fun-all.txt
[VGA]浙江卫视[1920*1080],https://t.freetv.fun/live/zhe-jiang-wei-shi-1920-1080-4.m3u8,,,,,浙江衛視,China,China,https://epg.pw/media/images/channel/2024/03/11/large/20240311112431672505_47.png,Generic,,freetv-fun-all.txt
[VGA]浙江卫视[1920*1080],https://t.freetv.fun/live/zhe-jiang-wei-shi-1920-1080-5.m3u8,,,,,浙江衛視,China,China,https://epg.pw/media/images/channel/2024/03/11/large/20240311112431672505_47.png,Generic,,freetv-fun-all.txt
[VGA]浙江卫视,https://t.freetv.fun/live/zhe-jiang-wei-shi-12-2.php,,,,,浙江衛視,China,China,https://epg.pw/media/images/channel/2024/03/11/large/20240311112431672505_47.png,Generic,,freetv-fun-all.txt
[BD]浙江卫视,https://t.freetv.fun/live/zhe-jiang-wei-shi-14-1.php,,,,,浙江衛視,China,China,https://epg.pw/media/images/channel/2024/03/11/large/20240311112431672505_47.png,Generic,,freetv-fun-all.txt
[BD]浙江卫视,https://t.freetv.fun/live/zhe-jiang-wei-shi-15-2.m3u8,,,,,浙江衛視,China,China,https://epg.pw/media/images/channel/2024/03/11/large/20240311112431672505_47.png,Generic,,freetv-fun-all.txt
[BD]浙江卫视,https://t.freetv.fun/live/zhe-jiang-wei-shi-23.php,,,,,浙江衛視,China,China,https://epg.pw/media/images/channel/2024/03/11/large/20240311112431672505_47.png,Generic,,freetv-fun-all.txt
[VGA]浙江卫视,https://t.freetv.fun/live/zhe-jiang-wei-shi-31.m3u8,,,,,浙江衛視,China,China,https://epg.pw/media/images/channel/2024/03/11/large/20240311112431672505_47.png,Generic,,freetv-fun-all.txt
[BD]浙江卫视,https://t.freetv.fun/live/zhe-jiang-wei-shi-33.m3u8,,,,,浙江衛視,China,China,https://epg.pw/media/images/channel/2024/03/11/large/20240311112431672505_47.png,Generic,,freetv-fun-all.txt
[BD]浙江卫视,https://t.freetv.fun/live/zhe-jiang-wei-shi-18-1.m3u8,,,,,浙江衛視,China,China,https://epg.pw/media/images/channel/2024/03/11/large/20240311112431672505_47.png,Generic,,freetv-fun-all.txt
[VGA]浙江卫视,https://t.freetv.fun/live/zhe-jiang-wei-shi-23-1.m3u8,,,,,浙江衛視,China,China,https://epg.pw/media/images/channel/2024/03/11/large/20240311112431672505_47.png,Generic,,freetv-fun-all.txt
[VGA]浙江卫视,https://t.freetv.fun/live/zhe-jiang-wei-shi-17-1.m3u8,,,,,浙江衛視,China,China,https://epg.pw/media/images/channel/2024/03/11/large/20240311112431672505_47.png,Generic,,freetv-fun-all.txt
[VGA]浙江卫视,https://t.freetv.fun/live/zhe-jiang-wei-shi-19-1.m3u8,,,,,浙江衛視,China,China,https://epg.pw/media/images/channel/2024/03/11/large/20240311112431672505_47.png,Generic,,freetv-fun-all.txt
[VGA]浙江卫视,https://t.freetv.fun/live/zhe-jiang-wei-shi-20-1.m3u8,,,,,浙江衛視,China,China,https://epg.pw/media/images/channel/2024/03/11/large/20240311112431672505_47.png,Generic,,freetv-fun-all.txt
[VGA]浙江卫视,https://t.freetv.fun/live/zhe-jiang-wei-shi-22-1.m3u8,,,,,浙江衛視,China,China,https://epg.pw/media/images/channel/2024/03/11/large/20240311112431672505_47.png,Generic,,freetv-fun-all.txt
[VGA]浙江卫视,https://t.freetv.fun/live/zhe-jiang-wei-shi-24.m3u8,,,,,浙江衛視,China,China,https://epg.pw/media/images/channel/2024/03/11/large/20240311112431672505_47.png,Generic,,freetv-fun-all.txt
[VGA]浙江卫视,https://t.freetv.fun/live/zhe-jiang-wei-shi-25.m3u8,,,,,浙江衛視,China,China,https://epg.pw/media/images/channel/2024/03/11/large/20240311112431672505_47.png,Generic,,freetv-fun-all.txt
[VGA]浙江卫视,https://t.freetv.fun/live/zhe-jiang-wei-shi-26.m3u8,,,,,浙江衛視,China,China,https://epg.pw/media/images/channel/2024/03/11/large/20240311112431672505_47.png,Generic,,freetv-fun-all.txt
[VGA]浙江卫视,https://t.freetv.fun/live/zhe-jiang-wei-shi-27.m3u8,,,,,浙江衛視,China,China,https://epg.pw/media/images/channel/2024/03/11/large/20240311112431672505_47.png,Generic,,freetv-fun-all.txt
[VGA]浙江卫视,https://t.freetv.fun/live/zhe-jiang-wei-shi-28.m3u8,,,,,浙江衛視,China,China,https://epg.pw/media/images/channel/2024/03/11/large/20240311112431672505_47.png,Generic,,freetv-fun-all.txt
[VGA]浙江卫视 高清,https://t.freetv.fun/live/zhe-jiang-wei-shi-gao-qing-1.m3u8,,,,,浙江衛視,China,China,https://epg.pw/media/images/channel/2024/03/11/large/20240311112431672505_47.png,Generic,,freetv-fun-all.txt
[VGA]浙江卫视,https://t.freetv.fun/live/zhe-jiang-wei-shi-32.m3u8,,,,,浙江衛視,China,China,https://epg.pw/media/images/channel/2024/03/11/large/20240311112431672505_47.png,Generic,,freetv-fun-all.txt
[VGA]浙江卫视,https://t.freetv.fun/live/zhe-jiang-wei-shi-34.m3u8,,,,,浙江衛視,China,China,https://epg.pw/media/images/channel/2024/03/11/large/20240311112431672505_47.png,Generic,,freetv-fun-all.txt
[VGA]浙江卫视,https://t.freetv.fun/live/zhe-jiang-wei-shi-36.m3u8,,,,,浙江衛視,China,China,https://epg.pw/media/images/channel/2024/03/11/large/20240311112431672505_47.png,Generic,,freetv-fun-all.txt
[VGA]浙江卫视,https://t.freetv.fun/live/zhe-jiang-wei-shi-37.php,,,,,浙江衛視,China,China,https://epg.pw/media/images/channel/2024/03/11/large/20240311112431672505_47.png,Generic,,freetv-fun-all.txt
[VGA]浙江卫视,https://t.freetv.fun/live/zhe-jiang-wei-shi-38.m3u8,,,,,浙江衛視,China,China,https://epg.pw/media/images/channel/2024/03/11/large/20240311112431672505_47.png,Generic,,freetv-fun-all.txt
[VGA]浙江卫视,https://t.freetv.fun/live/zhe-jiang-wei-shi-39.php,,,,,浙江衛視,China,China,https://epg.pw/media/images/channel/2024/03/11/large/20240311112431672505_47.png,Generic,,freetv-fun-all.txt
[VGA]浙江卫视,https://t.freetv.fun/live/zhe-jiang-wei-shi-41.m3u8,,,,,浙江衛視,China,China,https://epg.pw/media/images/channel/2024/03/11/large/20240311112431672505_47.png,Generic,,freetv-fun-all.txt
[VGA]浙江卫视 8m1080,https://t.freetv.fun/live/zhe-jiang-wei-shi-8m1080.m3u8,,,,,浙江衛視,China,China,https://epg.pw/media/images/channel/2024/03/11/large/20240311112431672505_47.png,Generic,,freetv-fun-all.txt
[VGA]浙江卫视 8m1080,https://t.freetv.fun/live/zhe-jiang-wei-shi-8m1080-1.m3u8,,,,,浙江衛視,China,China,https://epg.pw/media/images/channel/2024/03/11/large/20240311112431672505_47.png,Generic,,freetv-fun-all.txt
[VGA]浙江卫视 4m1080,https://t.freetv.fun/live/zhe-jiang-wei-shi-4m1080.m3u8,,,,,浙江衛視,China,China,https://epg.pw/media/images/channel/2024/03/11/large/20240311112431672505_47.png,Generic,,freetv-fun-all.txt
[VGA]浙江卫视 8m1080,https://t.freetv.fun/live/zhe-jiang-wei-shi-8m1080-2.m3u8,,,,,浙江衛視,China,China,https://epg.pw/media/images/channel/2024/03/11/large/20240311112431672505_47.png,Generic,,freetv-fun-all.txt
[VGA]浙江卫视 8m1080,https://t.freetv.fun/live/zhe-jiang-wei-shi-8m1080-3.m3u8,,,,,浙江衛視,China,China,https://epg.pw/media/images/channel/2024/03/11/large/20240311112431672505_47.png,Generic,,freetv-fun-all.txt
[VGA]浙江卫视 4m1080,https://t.freetv.fun/live/zhe-jiang-wei-shi-4m1080-1.m3u8,,,,,浙江衛視,China,China,https://epg.pw/media/images/channel/2024/03/11/large/20240311112431672505_47.png,Generic,,freetv-fun-all.txt
[VGA]浙江卫视高清,https://t.freetv.fun/live/zhe-jiang-wei-shi-gao-qing-1-1.m3u8,,,,,浙江衛視,China,China,https://epg.pw/media/images/channel/2024/03/11/large/20240311112431672505_47.png,Generic,,freetv-fun-all.txt
[VGA]浙江卫视 高清,https://t.freetv.fun/live/zhe-jiang-wei-shi-gao-qing-1-2.m3u8,,,,,浙江衛視,China,China,https://epg.pw/media/images/channel/2024/03/11/large/20240311112431672505_47.png,Generic,,freetv-fun-all.txt
[VGA]浙江卫视hd,https://t.freetv.fun/live/zhe-jiang-wei-shi-hd-1.m3u8,,,,,浙江衛視,China,China,https://epg.pw/media/images/channel/2023/12/26/large/20231226202302784448_86.png,Generic,,freetv-fun-all.txt
[VGA]浙江卫视hd,https://t.freetv.fun/live/zhe-jiang-wei-shi-hd-1.php,,,,,浙江衛視,China,China,https://epg.pw/media/images/channel/2023/12/26/large/20231226202302784448_86.png,Generic,,freetv-fun-all.txt
[SD]浙江卫视.,https://t.freetv.fun/live/zhe-jiang-wei-shi-22.m3u8,,,,,浙江衛視,China,China,https://epg.pw/media/images/channel/2023/12/26/large/20231226202302784448_86.png,Generic,,freetv-fun-all.txt
[BD]浙江卫视高清,https://t.freetv.fun/live/zhe-jiang-wei-shi-gao-qing.smil,,,,,浙江衛視,China,China,https://epg.pw/media/images/channel/2023/12/26/large/20231226202302784448_86.png,Generic,,freetv-fun-all.txt
[VGA]浙江衛視,https://t.freetv.fun/live/zhe-jiang-wei-shi-29.php,,,,,浙江衛視,China,China,https://epg.pw/media/images/channel/2023/12/26/large/20231226202302784448_86.png,Generic,,freetv-fun-all.txt
[VGA]浙江衛視,https://t.freetv.fun/live/zhe-jiang-wei-shi-1-4.php,,,,,浙江衛視,China,China,https://epg.pw/media/images/channel/2023/12/26/large/20231226202302784448_86.png,Generic,,freetv-fun-all.txt
[VGA]浙江衛視,https://t.freetv.fun/live/zhe-jiang-wei-shi-2-5.php,,,,,浙江衛視,China,China,https://epg.pw/media/images/channel/2023/12/26/large/20231226202302784448_86.png,Generic,,freetv-fun-all.txt
[VGA]浙江衛視,https://t.freetv.fun/live/zhe-jiang-wei-shi-3-4.php,,,,,浙江衛視,China,China,https://epg.pw/media/images/channel/2023/12/26/large/20231226202302784448_86.png,Generic,,freetv-fun-all.txt
[VGA]浙江卫视超高清,https://t.freetv.fun/live/zhe-jiang-wei-shi-chao-gao-qing.m3u8,,,,,浙江衛視,China,China,https://epg.pw/media/images/channel/2023/12/26/large/20231226202302784448_86.png,Generic,,freetv-fun-all.txt
[VGA]浙江钱江都市,https://t.freetv.fun/live/zhe-jiang-qian-jiang-du-shi-4.m3u8,,,,,浙江錢江都市,China,China,https://epg.pw/media/images/channel/2023/07/19/large/20230719123520355179_33.jpg,Generic,,freetv-fun-all.txt
[VGA]浙江钱江都市,https://t.freetv.fun/live/zhe-jiang-qian-jiang-du-shi-1-1.m3u8,,,,,浙江錢江都市,China,China,https://epg.pw/media/images/channel/2023/07/19/large/20230719123520355179_33.jpg,Generic,,freetv-fun-all.txt
[VGA]浙江钱江都市,https://t.freetv.fun/live/zhe-jiang-qian-jiang-du-shi-2-1.m3u8,,,,,浙江錢江都市,China,China,https://epg.pw/media/images/channel/2023/07/19/large/20230719123520355179_33.jpg,Generic,,freetv-fun-all.txt
[VGA]浙江钱江都市,https://t.freetv.fun/live/zhe-jiang-qian-jiang-du-shi-3-1.m3u8,,,,,浙江錢江都市,China,China,https://epg.pw/media/images/channel/2023/07/19/large/20230719123520355179_33.jpg,Generic,,freetv-fun-all.txt
[BD]浙江钱江,https://t.freetv.fun/live/zhe-jiang-qian-jiang-2.m3u8,,,,,浙江錢江都市,China,China,https://epg.pw/media/images/channel/2023/07/19/large/20230719123520355179_33.jpg,Generic,,freetv-fun-all.txt
[HD]浙江钱江,https://t.freetv.fun/live/zhe-jiang-qian-jiang-3.m3u8,,,,,浙江錢江都市,China,China,https://epg.pw/media/images/channel/2023/07/19/large/20230719123520355179_33.jpg,Generic,,freetv-fun-all.txt
[VGA]浙江|浙江钱江都市,https://t.freetv.fun/live/zhe-jiang-zhe-jiang-qian-jiang-du-shi.m3u8,,,,,浙江錢江都市,China,China,https://epg.pw/media/images/channel/2023/07/19/large/20230719123520355179_33.jpg,Generic,,freetv-fun-all.txt
[BD]浙江钱江,https://t.freetv.fun/live/zhe-jiang-qian-jiang-1.m3u8,,,,,浙江錢江都市,China,China,https://epg.pw/media/images/channel/2023/07/19/large/20230719123520355179_33.jpg,Generic,,freetv-fun-all.txt
[VGA]浙江钱江,https://t.freetv.fun/live/zhe-jiang-qian-jiang-4.m3u8,,,,,浙江錢江都市,China,China,https://epg.pw/media/images/channel/2023/07/19/large/20230719123520355179_33.jpg,Generic,,freetv-fun-all.txt
[VGA]浙江钱江,https://t.freetv.fun/live/zhe-jiang-qian-jiang-5.m3u8,,,,,浙江錢江都市,China,China,https://epg.pw/media/images/channel/2023/07/19/large/20230719123520355179_33.jpg,Generic,,freetv-fun-all.txt
[VGA]浙江钱江,https://t.freetv.fun/live/zhe-jiang-qian-jiang-5-1.m3u8,,,,,浙江錢江都市,China,China,https://epg.pw/media/images/channel/2023/07/19/large/20230719123520355179_33.jpg,Generic,,freetv-fun-all.txt
[VGA]浙江钱江,https://t.freetv.fun/live/zhe-jiang-qian-jiang-6.m3u8,,,,,浙江錢江都市,China,China,https://epg.pw/media/images/channel/2023/07/19/large/20230719123520355179_33.jpg,Generic,,freetv-fun-all.txt
[VGA]海南公共,https://t.freetv.fun/live/hai-nan-gong-gong-1.m3u8,,,,,海南公共,China,China,https://epg.pw/media/images/channel/2022/05/30/large/20220530225115948083_95.jpg,Generic,,freetv-fun-all.txt
[VGA]海南公共,https://t.freetv.fun/live/hai-nan-gong-gong-1-1.m3u8,,,,,海南公共,China,China,https://epg.pw/media/images/channel/2022/05/30/large/20220530225115948083_95.jpg,Generic,,freetv-fun-all.txt
[VGA]海南公共,https://t.freetv.fun/live/hai-nan-gong-gong-2.m3u8,,,,,海南公共,China,China,https://epg.pw/media/images/channel/2022/05/30/large/20220530225115948083_95.jpg,Generic,,freetv-fun-all.txt
[VGA]海南公共,https://t.freetv.fun/live/hai-nan-gong-gong-3.m3u8,,,,,海南公共,China,China,https://epg.pw/media/images/channel/2022/05/30/large/20220530225115948083_95.jpg,Generic,,freetv-fun-all.txt
[VGA]海南公共,https://t.freetv.fun/live/hai-nan-gong-gong-4.m3u8,,,,,海南公共,China,China,https://epg.pw/media/images/channel/2022/05/30/large/20220530225115948083_95.jpg,Generic,,freetv-fun-all.txt
[VGA]海南少儿,https://t.freetv.fun/live/hai-nan-shao-er-1.m3u8,,,,,海南少兒,China,China,https://epg.pw/media/images/channel/2022/05/30/large/20220530224909089129_32.jpg,Kids,,freetv-fun-all.txt
[VGA]海南少儿,https://t.freetv.fun/live/hai-nan-shao-er-1.php,,,,,海南少兒,China,China,https://epg.pw/media/images/channel/2022/05/30/large/20220530224909089129_32.jpg,Kids,,freetv-fun-all.txt
[VGA]海南文旅,https://t.freetv.fun/live/hai-nan-wen-lu-2.m3u8,,,,,海南文旅,China,China,https://epg.pw/media/images/channel/2022/05/30/large/20220530225011839622_70.jpg,Generic,,freetv-fun-all.txt
[VGA]海南文旅,https://t.freetv.fun/live/hai-nan-wen-lu-1-1.m3u8,,,,,海南文旅,China,China,https://epg.pw/media/images/channel/2022/05/30/large/20220530225011839622_70.jpg,Generic,,freetv-fun-all.txt
[VGA]海南文旅,https://t.freetv.fun/live/hai-nan-wen-lu-2-1.m3u8,,,,,海南文旅,China,China,https://epg.pw/media/images/channel/2022/05/30/large/20220530225011839622_70.jpg,Generic,,freetv-fun-all.txt
[VGA]海南文旅,https://t.freetv.fun/live/hai-nan-wen-lu-3.m3u8,,,,,海南文旅,China,China,https://epg.pw/media/images/channel/2022/05/30/large/20220530225011839622_70.jpg,Generic,,freetv-fun-all.txt
[VGA]海南文旅,https://t.freetv.fun/live/hai-nan-wen-lu-4.m3u8,,,,,海南文旅,China,China,https://epg.pw/media/images/channel/2022/05/30/large/20220530225011839622_70.jpg,Generic,,freetv-fun-all.txt
[VGA]海南新闻,https://t.freetv.fun/live/hai-nan-xin-wen.m3u8,,,,,海南新聞,China,China,https://epg.pw/media/images/channel/2022/05/30/large/20220530224744314446_96.jpg,News,,freetv-fun-all.txt
[VGA]海南新闻,https://t.freetv.fun/live/hai-nan-xin-wen-1.m3u8,,,,,海南新聞,China,China,https://epg.pw/media/images/channel/2022/05/30/large/20220530224744314446_96.jpg,News,,freetv-fun-all.txt
[VGA]海南新闻,https://t.freetv.fun/live/hai-nan-xin-wen-2.m3u8,,,,,海南新聞,China,China,https://epg.pw/media/images/channel/2022/05/30/large/20220530224744314446_96.jpg,News,,freetv-fun-all.txt
[BD]海南卫视,https://t.freetv.fun/live/hai-nan-wei-shi-9.m3u8,,,,,海南衛視,China,China,https://epg.pw/media/images/channel/2021/09/13/large/20210913004059839717_73.png,Generic,,freetv-fun-all.txt
[BD]海南卫视,https://t.freetv.fun/live/hai-nan-wei-shi-1-1.m3u8,,,,,海南衛視,China,China,https://epg.pw/media/images/channel/2021/09/13/large/20210913004059839717_73.png,Generic,,freetv-fun-all.txt
[SD]海南卫视,https://t.freetv.fun/live/hai-nan-wei-shi-8.m3u8,,,,,海南衛視,China,China,https://epg.pw/media/images/channel/2021/09/13/large/20210913004059839717_73.png,Generic,,freetv-fun-all.txt
[VGA]海南卫视[1920*1080],https://t.freetv.fun/live/hai-nan-wei-shi-1920-1080.m3u8,,,,,海南衛視,China,China,https://epg.pw/media/images/channel/2021/09/13/large/20210913004059839717_73.png,Generic,,freetv-fun-all.txt
[VGA]海南卫视[1920*1080],https://t.freetv.fun/live/hai-nan-wei-shi-1920-1080-1.m3u8,,,,,海南衛視,China,China,https://epg.pw/media/images/channel/2021/09/13/large/20210913004059839717_73.png,Generic,,freetv-fun-all.txt
[VGA]海南卫视,https://t.freetv.fun/live/hai-nan-wei-shi-5-2.php,,,,,海南衛視,China,China,https://epg.pw/media/images/channel/2021/09/13/large/20210913004059839717_73.png,Generic,,freetv-fun-all.txt
[BD]海南卫视,https://t.freetv.fun/live/hai-nan-wei-shi-6.php,,,,,海南衛視,China,China,https://epg.pw/media/images/channel/2021/09/13/large/20210913004059839717_73.png,Generic,,freetv-fun-all.txt
[BD]海南卫视,https://t.freetv.fun/live/hai-nan-wei-shi-5-2.m3u8,,,,,海南衛視,China,China,https://epg.pw/media/images/channel/2021/09/13/large/20210913004059839717_73.png,Generic,,freetv-fun-all.txt
[BD]海南卫视,https://t.freetv.fun/live/hai-nan-wei-shi-9.php,,,,,海南衛視,China,China,https://epg.pw/media/images/channel/2021/09/13/large/20210913004059839717_73.png,Generic,,freetv-fun-all.txt
[HD]海南卫视,https://t.freetv.fun/live/hai-nan-wei-shi-3-2.m3u8,,,,,海南衛視,China,China,https://epg.pw/media/images/channel/2021/09/13/large/20210913004059839717_73.png,Generic,,freetv-fun-all.txt
