频道名,地址,回播地址,回播类型,回播天数,tvg-id,tvg-name,国家分组,语言分组,图标,原分组,分辨率,来源文件
延边汉语综合,http://live.ybtvyun.com/video/s10006-04819ee234a7/index.m3u8,,,,,,,,,吉林,,zbefine.txt
延边汉语综合,http://live.ybtvyun.com/video/s10016-7e5f23de35df/index.m3u8,,,,,,,,,吉林,,zbefine.txt
通化新闻,http://stream2.jlntv.cn/tonghua1/sd/live.m3u8,,,,,,,,,吉林,,zbefine.txt
吉林市新闻综合,http://living.muzhifm.com/jilinshi/jl_v_zonghe.m3u8?auth_key=1683944014-0-0-727c3c424b12e5c4484b0e7cecfef774,,,,,,,,,吉林,,zbefine.txt
吉林市新闻综合,http://stream2.jlntv.cn/jilin1/sd/live.m3u8,,,,,,,,,吉林,,zbefine.txt
四平新闻综合,http://stream2.jlntv.cn/sptv/sd/live.m3u8,,,,,,,,,吉林,,zbefine.txt
辽源新闻综合,http://stream2.jlntv.cn/liaoyuan1/sd/live.m3u8,,,,,,,,,吉林,,zbefine.txt
松原新闻综合,http://stream2.jlntv.cn/sytv/sd/live.m3u8,,,,,,,,,吉林,,zbefine.txt
松原公共频道,http://stream8.jlntv.cn/sytv2/sd/live.m3u8,,,,,,,,,吉林,,zbefine.txt
白城新闻综合,http://stream2.jlntv.cn/baicheng1/sd/live.m3u8,,,,,,,,,吉林,,zbefine.txt
长白山电视台,http://stream8.jlntv.cn/cbstv/sd/live.m3u8,,,,,,,,,吉林,,zbefine.txt
德惠综合,http://stream11.jlntv.cn/dehuitv/sd/live.m3u8,,,,,,,,,吉林,,zbefine.txt
九台综合,http://stream10.jlntv.cn/jiutaitv/sd/live.m3u8,,,,,,,,,吉林,,zbefine.txt
农安新闻综合,http://stream2.jlntv.cn/naxw/sd/live.m3u8,,,,,,,,,吉林,,zbefine.txt
双阳综合,http://stream11.jlntv.cn/shuangyang/sd/live.m3u8,,,,,,,,,吉林,,zbefine.txt
江源综合频道,http://stream10.jlntv.cn/jiangyuantv/sd/live.m3u8,,,,,,,,,吉林,,zbefine.txt
靖宇综合频道,http://stream8.jlntv.cn/jytv/sd/live.m3u8,,,,,,,,,吉林,,zbefine.txt
敦化一套,http://stream8.jlntv.cn/dhtv/playlist.m3u8,,,,,,,,,吉林,,zbefine.txt
珲春新闻综合,http://stream8.jlntv.cn/hctv/sd/live.m3u8,,,,,,,,,吉林,,zbefine.txt
龙井综合,http://stream8.jlntv.cn/ljtv/sd/live.m3u8,,,,,,,,,吉林,,zbefine.txt
梅河口综合,http://stream4.jlntv.cn/mhk/sd/live.m3u8,,,,,,,,,吉林,,zbefine.txt
桦甸综合,http://stream10.jlntv.cn/huadian/sd/live.m3u8,,,,,,,,,吉林,,zbefine.txt
磐石综合,http://stream5.jlntv.cn/ps/sd/live.m3u8,,,,,,,,,吉林,,zbefine.txt
舒兰新闻综合,http://stream8.jlntv.cn/shulan/sd/live.m3u8,,,,,,,,,吉林,,zbefine.txt
永吉综合频道,http://stream10.jlntv.cn/yongji/sd/live.m3u8,,,,,,,,,吉林,,zbefine.txt
东丰综合,http://stream5.jlntv.cn/df/sd/live.m3u8,,,,,,,,,吉林,,zbefine.txt
东辽综合,http://stream5.jlntv.cn/dl/sd/live.m3u8,,,,,,,,,吉林,,zbefine.txt
双辽综合,http://stream5.jlntv.cn/sl/sd/live.m3u8,,,,,,,,,吉林,,zbefine.txt
前郭综合频道,http://stream2.jlntv.cn/qg/sd/live.m3u8,,,,,,,,,吉林,,zbefine.txt
辉南新闻综合,http://stream5.jlntv.cn/hn/sd/live.m3u8,,,,,,,,,吉林,,zbefine.txt
集安综合频道,http://stream2.jlntv.cn/ja/sd/live.m3u8,,,,,,,,,吉林,,zbefine.txt
柳河综合,http://stream5.jlntv.cn/lh/sd/live.m3u8,,,,,,,,,吉林,,zbefine.txt
通化县综合,http://stream5.jlntv.cn/thx/sd/live.m3u8,,,,,,,,,吉林,,zbefine.txt
汪清综合,http://stream5.jlntv.cn/wq/sd/live.m3u8,,,,,,,,,吉林,,zbefine.txt
辽宁经济,http://42.176.185.28:9901/tsfile/live/1009_1.m3u8,,,,,,,,,辽宁,,zbefine.txt
辽宁体育,http://42.176.185.28:9901/tsfile/live/1007_1.m3u8,,,,,,,,,辽宁,,zbefine.txt
辽宁都市,http://httplive.slave.bfgd.com.cn:14311/playurl?playtype=live&protocol=http&accesstoken=R5F2408FEU3198804BK78052214IE73560DFP2BF4M340CE68V0Z339CBW1626D4D261E46FEA&playtoken=ABCDEFGH&programid=4200000068,,,,,,,,,辽宁,,zbefine.txt
辽宁影视剧,http://42.176.185.28:9901/tsfile/live/1012_1.m3u8,,,,,,,,,辽宁,,zbefine.txt
辽宁教育青少,http://42.176.185.28:9901/tsfile/live/1008_1.m3u8,,,,,,,,,辽宁,,zbefine.txt
辽宁生活,http://42.176.185.28:9901/tsfile/live/1006_1.m3u8,,,,,,,,,辽宁,,zbefine.txt
辽宁公共,http://42.176.185.28:9901/tsfile/live/1010_1.m3u8,,,,,,,,,辽宁,,zbefine.txt
丹东新闻综合,http://59.47.133.234:64230/live,,,,,,,,,辽宁,,zbefine.txt
丹东公共频道,http://59.47.133.234:64231/live,,,,,,,,,辽宁,,zbefine.txt
鄂尔多斯新闻综合,http://live.erdszs.org.cn/lsdream/h2mxgj4/1000/live.m3u8,,,,,,,,,内蒙古,,zbefine.txt
鄂尔多斯经济服务,http://live.erdszs.org.cn/lsdream/ogvfqcp/1000/live.m3u8,,,,,,,,,内蒙古,,zbefine.txt
鄂尔多斯城市生活,http://live.erdszs.org.cn/lsdream/726npBZ/1000/live.m3u8,,,,,,,,,内蒙古,,zbefine.txt
鄂尔多斯蒙语综合,http://live.erdszs.org.cn/lsdream/3lZr8dK/1000/live.m3u8,,,,,,,,,内蒙古,,zbefine.txt
巴彦淖尔新闻综合,https://pili-live-hls-bynr.tianma3600.com/bynr/xwzh.m3u8,,,,,,,,,内蒙古,,zbefine.txt
巴彦淖尔经济生活,https://pili-live-hls-bynr.tianma3600.com/bynr/szcj.m3u8,,,,,,,,,内蒙古,,zbefine.txt
巴彦淖尔影视娱乐,https://pili-live-hls-bynr.tianma3600.com/bynr/ysyl.m3u8,,,,,,,,,内蒙古,,zbefine.txt
乌兰察布新闻综合,http://pluslive.wrbtv.cn/xwzh/sd/live.m3u8,,,,,,,,,内蒙古,,zbefine.txt
乌兰察布经济生活,http://pluslive.wrbtv.cn/wrbtv1/sd/live.m3u8,,,,,,,,,内蒙古,,zbefine.txt
乌兰察布生活频道,http://pluslive.wrbtv.cn/wrbtv3/sd/live.m3u8,,,,,,,,,内蒙古,,zbefine.txt
达茂综合频道,http://pili-live-hls.nmgapp12019.sobeylive.com/nmgapp12019/live162426298237692.m3u8,,,,,,,,,内蒙古,,zbefine.txt
固阳综合频道,http://pili-live-hls.nmgapp12019.sobeylive.com/nmgapp12019/live160861109294211.m3u8,,,,,,,,,内蒙古,,zbefine.txt
克旗综合频道,http://pili-live-hls.nmgapp12019.sobeylive.com/nmgapp12019/live159582155321721.m3u8,,,,,,,,,内蒙古,,zbefine.txt
元宝山综合,http://l2yx82zv.live2.danghongyun.com/live/hls/8be0890a1b0c4d7aaf80b51ea8646682/5a8988f5ecc64986a19aa9b6b3a052a6-1.m3u8,,,,,,,,,内蒙古,,zbefine.txt
突泉综合频道,http://pili-live-hls.cyyapp2019.sobeylive.com/cyyapp2019/live163886991032759.m3u8,,,,,,,,,内蒙古,,zbefine.txt
库伦旗电视台,http://pili-live-hls.nmgapp12019.sobeylive.com/nmgapp12019/live161942247484390.m3u8,,,,,,,,,内蒙古,,zbefine.txt
奈曼旗电视台,http://pili-live-hls.nmgapp12019.sobeylive.com/nmgapp12019/live161888593025926.m3u8,,,,,,,,,内蒙古,,zbefine.txt
准格尔旗电视台,http://pili-live-hls.nmgapp12019.sobeylive.com/nmgapp12019/live161802828375549.m3u8,,,,,,,,,内蒙古,,zbefine.txt
鄂托克旗电视台,http://110.19.181.138:10080/hls/F509Rh7GR/F509Rh7GR_live.m3u8,,,,,,,,,内蒙古,,zbefine.txt
察右前旗综合,http://pili-live-hls.nmgapp12019.sobeylive.com/nmgapp12019/live160073959279435.m3u8,,,,,,,,,内蒙古,,zbefine.txt
鄂温克电视台,http://pili-live-hls.nmgapp12019.sobeylive.com/nmgapp12019/live162700604855057.m3u8,,,,,,,,,内蒙古,,zbefine.txt
宁夏公共,http://livepgc.cmc.ningxiahuangheyun.com/pgc/041867befe3dde090202f620ade5b87c.m3u8?txSecret=39373ebcf0d57da2477968efb258e2b7&txTime=6235C9B6,,,,,,,,,宁夏,,zbefine.txt
宁夏经济,http://www.nxtv.com.cn/m2o/channel/play.php?channel_id=7,,,,,,,,,宁夏,,zbefine.txt
宁夏经济,http://livepgc.cmc.ningxiahuangheyun.com/pgc/10717759047cafd37fd87caa5883e9c2.m3u8?txSecret=6a3918f766d0ff625282376ffee72687&txTime=6235C9C1,,,,,,,,,宁夏,,zbefine.txt
吴忠综合,http://live.kanwz.net/zhpd/sd/live.m3u8,,,,,,,,,宁夏,,zbefine.txt
吴忠公共,http://live.kanwz.net/ggpd/sd/live.m3u8,,,,,,,,,宁夏,,zbefine.txt
青海经视,http://stream.qhbtv.com/qhsh/sd/live.m3u8?_upt=ba357f031594546763,,,,,,,,,青海,,zbefine.txt
青海都市,http://stream.qhbtv.com/qhds/sd/live.m3u8?_upt=f868bafe1594546577,,,,,,,,,青海,,zbefine.txt
安多卫视,http://39.135.138.58:18890/PLTV/88888888/224/3221226195/index.m3u8,,,,,,,,,青海,,zbefine.txt
西宁新闻综合,https://liveout.xntv.tv/a65jur/96iln2.m3u8,,,,,,,,,青海,,zbefine.txt
西宁生活服务,http://dtrmlive.qhdtrm.cn/xnds/sd/live.m3u8,,,,,,,,,青海,,zbefine.txt
西宁生活服务,https://liveout.xntv.tv/a65jur/90p2i1.m3u8,,,,,,,,,青海,,zbefine.txt
玉树新闻频道,http://stream.ysbtv.net/1/sd/live.m3u8,,,,,,,,,青海,,zbefine.txt
海西州综合频道,http://stream.haixitv.cn/1/sd/live.m3u8,,,,,,,,,青海,,zbefine.txt
囊谦综合,http://pili-live-hls-qhnqapp2020.sobeylive.com/qhnqapp2020/qhnqtv01.m3u8,,,,,,,,,青海,,zbefine.txt
湟中综合,http://livecdn.dmqhyadmin.com/hls/xjhuangzhong.m3u8,,,,,,,,,青海,,zbefine.txt
德令哈综合,http://livecdn.dmqhyadmin.com/hls/xjdelingha.m3u8,,,,,,,,,青海,,zbefine.txt
门源综合,http://livecdn.dmqhyadmin.com/hls/xjmenyuan.m3u8,,,,,,,,,青海,,zbefine.txt
祁连综合,http://livecdn.dmqhyadmin.com/hls/xjqilian.m3u8,,,,,,,,,青海,,zbefine.txt
贵南综合,http://livecdn.dmqhyadmin.com/hls/xjguinan.m3u8,,,,,,,,,青海,,zbefine.txt
化隆综合,http://livecdn.dmqhyadmin.com/hls/xjhualong.m3u8,,,,,,,,,青海,,zbefine.txt
民和综合,http://livecdn.dmqhyadmin.com/hls/xjminhe.m3u8,,,,,,,,,青海,,zbefine.txt
农林卫视,http://39.135.138.58:18890/PLTV/88888888/224/3221226204/index.m3u8,,,,,,,,,陕西,,zbefine.txt
西安新闻综合,http://stream2.xiancity.cn/xatv1/sd/live.m3u8,,,,,,,,,陕西,,zbefine.txt
西安白鸽都市,http://stream2.xiancity.cn/xatv2/sd/live.m3u8,,,,,,,,,陕西,,zbefine.txt
西安商务资讯,http://stream2.xiancity.cn/xatv3/sd/live.m3u8,,,,,,,,,陕西,,zbefine.txt
西安文化影视,http://stream2.xiancity.cn/xatv4/sd/live.m3u8,,,,,,,,,陕西,,zbefine.txt
西安丝路频道,http://stream2.xiancity.cn/xatv5/sd/live.m3u8,,,,,,,,,陕西,,zbefine.txt
西安音乐综艺,http://stream2.xiancity.cn/xatv6/sd/live.m3u8,,,,,,,,,陕西,,zbefine.txt
西安移动电视,http://stream2.xiancity.cn/xatv7/sd/live.m3u8,,,,,,,,,陕西,,zbefine.txt
安康新闻频道,https://hls-sxak.sobeylive.com/xjhsyapp2019/sxakzhpd.m3u8,,,,,,,,,陕西,,zbefine.txt
安康新闻频道,http://pili-live-hdl.hsyapp.sobeylingyun.com/xjhsyapp2019/sxakzhpd.m3u8,,,,,,,,,陕西,,zbefine.txt
安康公共频道,https://hls-sxak.sobeylive.com/xjhsyapp2019/sxakggpd.m3u8,,,,,,,,,陕西,,zbefine.txt
安康公共频道,http://pili-live-hdl.hsyapp.sobeylingyun.com/xjhsyapp2019/sxakggpd.m3u8,,,,,,,,,陕西,,zbefine.txt
安康教育频道,https://hls-sxak.sobeylive.com/xjhsyapp2019/sxakjypd.m3u8,,,,,,,,,陕西,,zbefine.txt
安康教育频道,http://pili-live-hdl.hsyapp.sobeylingyun.com/xjhsyapp2019/sxakjypd.m3u8,,,,,,,,,陕西,,zbefine.txt
宝鸡新闻综合,http://h5.baojinews.com/m3u8/baojitv1.m3u8,,,,,,,,,陕西,,zbefine.txt
宝鸡经济资讯,http://h5.baojinews.com/m3u8/baojitv2.m3u8,,,,,,,,,陕西,,zbefine.txt
神东一套,http://livesdong.chinamcache.com/sddst/zb01.flv?auth_key=1651114357-0-0-47fab624b80c8467784cb2f2ff5e6d2c,,,,,,,,,陕西,,zbefine.txt
山东教育卫视,http://39.135.138.58:18890/PLTV/88888888/224/3221225719/index.m3u8,,,,,,,,,山东,,zbefine.txt
山东教育卫视,http://livewai.sdetv.com.cn/live/da4ebbb91ee8468db5a9d230a535391f_transios/playlist.m3u8,,,,,,,,,山东,,zbefine.txt
中华美食,http://39.135.138.58:18890/PLTV/88888888/224/3221225924/index.m3u8,,,,,,,,,山东,,zbefine.txt
青岛城阳频道,http://pili-live-rtmp.56.i2863.com/i2863-56/live_56_307317.m3u8,,,,,,,,,山东,,zbefine.txt
日照新闻综合,http://live.rzw.com.cn/xwzh/sd/live.m3u8,,,,,,,,,山东,,zbefine.txt
日照公共频道,http://live.rzw.com.cn/kzpd/sd/live.m3u8,,,,,,,,,山东,,zbefine.txt
日照科教频道,http://live.rzw.com.cn/ggpd/sd/live.m3u8,,,,,,,,,山东,,zbefine.txt
日照导视频道,http://live.rzw.com.cn/fcpd/sd/live.m3u8,,,,,,,,,山东,,zbefine.txt
烟台新闻综合,http://live.yantaitv.cn/live/3e81a8879da44c5dadf3bd9c10468e1c/9b776d420ee4438199b7657c8eb88f07-1.m3u8,,,,,,,,,山东,,zbefine.txt
烟台公共频道,http://live.yantaitv.cn/live/e50f104a4ffe4a41b2217cbda534146f/d86092e69df94668b33390278b061700-1.m3u8,,,,,,,,,山东,,zbefine.txt
烟台经济科技,http://live.yantaitv.cn/live/27f84144e95a4652ae9e5c211b2a6b55/405f3e33ba384aa0a16014d0becd1261-1.m3u8,,,,,,,,,山东,,zbefine.txt
烟台影视频道,http://live.yantaitv.cn/live/e9f1d9045d474c31884d13fa4ffbbd16/a4a9b3704d854756907845107cc56129-1.m3u8,,,,,,,,,山东,,zbefine.txt
菏泽新闻综合,http://zb.hezegd.com:1935/live/hztv1/1000k/tzwj_video.m3u8,,,,,,,,,山东,,zbefine.txt
菏泽经济生活,http://zb.hezegd.com:1935/live/hztv2/1000k/tzwj_video.m3u8,,,,,,,,,山东,,zbefine.txt
菏泽影视频道,http://zb.hezegd.com:1935/live/hztv3/1000k/tzwj_video.m3u8,,,,,,,,,山东,,zbefine.txt
枣庄新闻综合,http://stream.zztvzd.com/1/sd/live.m3u8,,,,,,,,,山东,,zbefine.txt
枣庄教育频道,http://stream.zztvzd.com/2/sd/live.m3u8,,,,,,,,,山东,,zbefine.txt
枣庄公共频道,http://stream.zztvzd.com/3/sd/live.m3u8,,,,,,,,,山东,,zbefine.txt
东营综合频道,http://stream.hhek.cn/xwzh/sd/live.m3u8,,,,,,,,,山东,,zbefine.txt
东营公共频道,http://stream.hhek.cn/ggpd/sd/live.m3u8,,,,,,,,,山东,,zbefine.txt
东营科教频道,http://stream.hhek.cn/dyjy/sd/live.m3u8,,,,,,,,,山东,,zbefine.txt
德州图文频道,http://video.dztv.tv:1935/live/dztw_gq/playlist.m3u8,,,,,,,,,山东,,zbefine.txt
德州图文频道,http://video.dztv.tv:1935/live/dztw_bq/playlist.m3u8,,,,,,,,,山东,,zbefine.txt
德州图文频道,http://video.dztv.tv:1935/live/dztw_sj/playlist.m3u8,,,,,,,,,山东,,zbefine.txt
滨州新闻综合,http://stream.bzcm.net/2/sd/live.m3u8,,,,,,,,,山东,,zbefine.txt
滨州公共电视剧,http://stream.bzcm.net/1/sd/live.m3u8,,,,,,,,,山东,,zbefine.txt
聊城新闻综合,http://m3u8.channellive.lcbtv.com/nmip-media/channellive/channel101173/playlist.m3u8,,,,,,,,,山东,,zbefine.txt
聊城新闻综合,http://m3u8.channellive.lcbtv.com/cms/videos/nmip-media-dz/channellive/channel2/playlist.m3u8,,,,,,,,,山东,,zbefine.txt
聊城公共频道,http://m3u8.channellive.lcbtv.com/nmip-media/channellive/channel101246/playlist.m3u8,,,,,,,,,山东,,zbefine.txt
聊城公共频道,http://m3u8.channellive.lcbtv.com/cms/videos/nmip-media-dz/channellive/channel3/playlist.m3u8,,,,,,,,,山东,,zbefine.txt
青州综合频道,http://sdqz.chinashadt.com:2036/live/stream:1.stream/playlist.m3u8,,,,,,,,,山东,,zbefine.txt
青州文化旅游,http://sdqz.chinashadt.com:2036/live/stream:3.stream/playlist.m3u8,,,,,,,,,山东,,zbefine.txt
岱岳综合频道,http://slvedio.slradio.cn/a935908a217711ea8bb000163e0e6522/4D6357B92240C088F3612E43E44B5F1D.m3u8,,,,,,,,,山东,,zbefine.txt
新泰综合频道,http://live.xtgdw.cn:1935/live/xtzh/playlist.m3u8,,,,,,,,,山东,,zbefine.txt
新泰综合频道,http://111.17.214.12:1935/live/xtzh/playlist.m3u8,,,,,,,,,山东,,zbefine.txt
新泰综合频道,http://119.184.188.117:1935/live/xtzh/playlist.m3u8,,,,,,,,,山东,,zbefine.txt
新泰乡村频道,http://live.xtgdw.cn:1935/live/xtxc/playlist.m3u8,,,,,,,,,山东,,zbefine.txt
新泰乡村频道,http://111.17.214.12:1935/live/xtxc/playlist.m3u8,,,,,,,,,山东,,zbefine.txt
新泰乡村频道,http://119.184.188.117:1935/live/xtxc/playlist.m3u8,,,,,,,,,山东,,zbefine.txt
上海纪实人文,http://39.135.138.58:18890/PLTV/88888888/224/3221225654/index.m3u8,,,,,,,,,上海,,zbefine.txt
上海纪实人文,http://39.135.138.58:18890/PLTV/88888888/224/3221225655/index.m3u8,,,,,,,,,上海,,zbefine.txt
点掌财经,https://wsvideo.aniu.tv/live/aniu/playlist.m3u8,,,,,,,,,上海,,zbefine.txt
哈哈炫动,http://39.135.138.58:18890/PLTV/88888888/224/3221225720/index.m3u8,,,,,,,,,上海,,zbefine.txt
嘉定电视台,https://pili-live-hls.wdit.com.cn/wditlive/15472c98517744b994e85c9c60cc93cf6a3b.m3u8,,,,,,,,,上海,,zbefine.txt
金山电视台,http://live.mudu.tv/watch/4zbn2f.m3u8,,,,,,,,,上海,,zbefine.txt
金山电视台,http://live.mudu.tv/watch/4zbn2f.flv,,,,,,,,,上海,,zbefine.txt
晋城新闻,http://live.jinnews.com.cn/xwzh/sd/live.m3u8,,,,,,,,,山西,,zbefine.txt
晋城公共,http://live.jinnews.com.cn/ggpd/sd/live.m3u8,,,,,,,,,山西,,zbefine.txt
运城新闻综合,http://live.0359tv.com/lsdream/ss4Lj11/1000/live.m3u8,,,,,,,,,山西,,zbefine.txt
运城公共频道,http://live.0359tv.com/lsdream/t667aTY/1000/live.m3u8,,,,,,,,,山西,,zbefine.txt
运城科技教育,http://live.0359tv.com/lsdream/p5eq48m/1000/live.m3u8,,,,,,,,,山西,,zbefine.txt
临汾三套,http://hw-play.lezhibo.com/live/8552545d9bab4781bd46e8b41249d0e3.m3u8,,,,,,,,,山西,,zbefine.txt
晋中新闻频道,http://jzlive.jztvnews.com:90/live/jzzh.m3u8,,,,,,,,,山西,,zbefine.txt
晋中新闻频道,http://jzlive.jztvnews.com:83/live/mount_for_ts/jzzh.m3u8,,,,,,,,,山西,,zbefine.txt
晋中公共频道,http://jzlive.jztvnews.com:90/live/jzgg.m3u8,,,,,,,,,山西,,zbefine.txt
晋中公共频道,http://jzdb.jztvnews.com:83/live/mount_for_ts/jzgg.m3u8,,,,,,,,,山西,,zbefine.txt
长治新闻综合,http://111.53.105.2:8084/4b0bcd8509d748358b4450921fc3443b/h264_300k_ts/index.m3u8?type=hls_live_redirect,,,,,,,,,山西,,zbefine.txt
长治新闻综合,http://111.53.105.2:8084/live/4b0bcd8509d748358b4450921fc3443b?fmt=h264_800k_flv,,,,,,,,,山西,,zbefine.txt
长治公共频道,http://111.53.105.2:8084/7223161a96984d81b711d762d7e7fdd1/h264_300k_ts/index.m3u8?type=hls_live_redirect,,,,,,,,,山西,,zbefine.txt
长治公共频道,http://111.53.105.2:8084/live/7223161a96984d81b711d762d7e7fdd1?fmt=h264_800k_flv,,,,,,,,,山西,,zbefine.txt
长治教育频道,http://111.53.105.2:8084/2b7f0174d0f44c34bf466fc0ab801a3a/h264_300k_ts/index.m3u8?type=hls_live_redirect,,,,,,,,,山西,,zbefine.txt
长治教育频道,http://111.53.105.2:8084/live/2b7f0174d0f44c34bf466fc0ab801a3a?fmt=h264_800k_flv,,,,,,,,,山西,,zbefine.txt
交城电视台,http://sxjc.chinashadt.com:2036/live/stream:jctv.stream/playlist.m3u8,,,,,,,,,山西,,zbefine.txt
壶关电视台,http://zmjp3jin.live.sxmty.com/live/hls/268fe96f955d496db37fb10bb887cda9/fc196029d289449ea524a94a95379a0d.m3u8,,,,,,,,,山西,,zbefine.txt
黎城综合频道,http://111.53.96.67:8081/live/1/index.m3u8,,,,,,,,,山西,,zbefine.txt
平顺综合,https://stream.icelook.cn/2daa869d1623782d/6679643898219856900_1602492802.m3u8?auth_key=1893456000-0-0-8c6e3e73d78411a6bd6e2faef2b275d0,,,,,,,,,山西,,zbefine.txt
武乡新闻综合,http://uzoiczhh.live.sxmty.com/live/hls/0d41f1480c4042d49927858f01fde707/53130407737b417b9a6259b57246bae3.m3u8,,,,,,,,,山西,,zbefine.txt
武乡新闻综合,http://60.220.198.84:81/0.m3u8,,,,,,,,,山西,,zbefine.txt
长子综合频道,http://zzlive.zzc-media.com:8092/live/xwzh.m3u8,,,,,,,,,山西,,zbefine.txt
怀仁综合频道,http://1yp7hc5p.live.sxmty.com/live/hls/bff8529922344209985b6e49baa9555a/efa2543628fc4a7ea93d3d6c975f77dc.m3u8,,,,,,,,,山西,,zbefine.txt
平鲁综合频道,https://stream.icelook.cn/790d0a0f38c07f31/6728300245723120644_1609747594.m3u8?auth_key=1893456000-0-0-0cc4be5653a88cdb748a4543643d0fdb,,,,,,,,,山西,,zbefine.txt
潞城新闻综合,http://59.48.42.6:62204/lucheng.m3u8,,,,,,,,,山西,,zbefine.txt
安泽综合,https://qnwjgp6u.live.sxmty.com/live/hls/8004b4759fae489b8ab0d40ce1290fe2/d77ec722dd494a5e92caf5ea283f232d-1.m3u8,,,,,,,,,山西,,zbefine.txt
大宁综合,http://live.daningtv.com/channel1/sd/live.m3u8,,,,,,,,,山西,,zbefine.txt
汾西综合,https://qmmqvzoz.live.sxmty.com/live/hls/f24f8a390c084386a564074c9260100c/be3fdf07606145739ab2c4b80fe0136a.m3u8,,,,,,,,,山西,,zbefine.txt
吉县新闻综合,http://jxlive.jxrmtzx.com:8091/live/xwzh.m3u8,,,,,,,,,山西,,zbefine.txt
襄汾综合,http://7sycrzf7.live.sxmty.com/live/hls/da9222d15ce7491d85fe3519e5201df5/af161dfd2a434b22b3b75fdd72fb9038-1.m3u8,,,,,,,,,山西,,zbefine.txt
翼城综合,http://live.aiyicheng.com.cn/channel1/sd/live.m3u8,,,,,,,,,山西,,zbefine.txt
灵石新闻综合,https://live-stream.lsxrmtzx.com/live/video.m3u8,,,,,,,,,山西,,zbefine.txt
祁县新闻综合,http://ggpagerl.live.sxmty.com/live/hls/b350dc1ac5da45c2b2233f6eb122ddf4/49d3766c7f204685a2a8f027b234c33d.m3u8,,,,,,,,,山西,,zbefine.txt
昔阳电视台,https://muspz2pi.live.sxmty.com/live/hls/33a3ffb76e06432cb2e535e58aa8441d/6644d056086b4f608c87db5be6d7f05e.m3u8,,,,,,,,,山西,,zbefine.txt
临猗综合频道,http://pili-live-hls.lyzx.live.chinacici.cn/lyrmt/ceshi-ly.m3u8,,,,,,,,,山西,,zbefine.txt
定襄综合,http://lbyzztfe.live.sxmty.com/live/hls/645ff4c60e0a49f0a203abbd73dd8be9/0720e665f10f48e98c9639f4f492fb4a-1.m3u8,,,,,,,,,山西,,zbefine.txt
宁武综合,https://fvsln5ps.live.sxmty.com/live/hls/7922d2cdc4734bb3921826418cfa992d/cd7756e2135a48758e73017d502d8ec1-1.m3u8,,,,,,,,,山西,,zbefine.txt
神池新闻综合,http://frjw3tzv.live.sxmty.com/live/hls/28d39691d44244e2b6b2afe7c75104ff/4085af81ad5d4dd9a61b627c75161f02.m3u8,,,,,,,,,山西,,zbefine.txt
五台综合,https://568slnjf.live.sxmty.com/live/hls/90c8b2efeb164cc0a6c2409eed668d6b/f77cbb89ec57435b9ba4c47589c16e4f-1.m3u8,,,,,,,,,山西,,zbefine.txt
五寨综合,https://stream.icelook.cn/cf2874738208c975/6727103226484622340_1607389965.m3u8?auth_key=1893456000-0-0-c8ce454296feaadfd96bc25904e2b688,,,,,,,,,山西,,zbefine.txt
原平综合,http://xkmspyxn.live.sxmty.com/live/hls/65072fcc05414062bf02088d2a2a77b2/9da977614b044ef59d11779e997a12f8-1.m3u8,,,,,,,,,山西,,zbefine.txt
高平综合频道,http://live.gprmt.cn/gpnews/hd/live.m3u8,,,,,,,,,山西,,zbefine.txt
灵丘电视台,https://stream.icelook.cn/1a7c625fde427dc3/6735154231323395076_1611041008.m3u8?auth_key=1893456000-0-0-fe9d45877d8cdddb4afccd9c1a12f3f8,,,,,,,,,山西,,zbefine.txt
四川经济频道,http://ep.b1791.com/php/sctv.php?id=scjj,,,,,,,,,四川,,zbefine.txt
四川文化旅游,http://ep.b1791.com/php/sctv.php?id=scwhly,,,,,,,,,四川,,zbefine.txt
四川新闻频道,http://ep.b1791.com/php/sctv.php?id=scxw,,,,,,,,,四川,,zbefine.txt
四川妇女儿童,http://ep.b1791.com/php/sctv.php?id=scfnet,,,,,,,,,四川,,zbefine.txt
四川乡村,http://ep.b1791.com/php/sctv.php?id=scxc,,,,,,,,,四川,,zbefine.txt
绵阳综合,http://live.sctvcloud.com/live/mytvzh/playlist.m3u8,,,,,,,,,四川,,zbefine.txt
绵阳公共,http://live.sctvcloud.com/live/mytvgg/playlist.m3u8,,,,,,,,,四川,,zbefine.txt
南充新闻,http://tv.drs.ncntv.com.cn:8100/channellive/nczhpd.flv,,,,,,,,,四川,,zbefine.txt
南充公共,http://tv.drs.ncntv.com.cn:8100/channellive/ncggpd.flv,,,,,,,,,四川,,zbefine.txt
南充科教,http://tv.drs.ncntv.com.cn:8100/channellive/nckjpd.flv,,,,,,,,,四川,,zbefine.txt
乐山新闻综合,http://channellive.leshantv.net/live/ch1.flv,,,,,,,,,四川,,zbefine.txt
乐山公共频道,http://channellive.leshantv.net/live/ch2.flv,,,,,,,,,四川,,zbefine.txt
广安新闻综合,http://live1.gatv.com.cn:85/live/XWZH.m3u8,,,,,,,,,四川,,zbefine.txt
广安公共频道,http://live1.gatv.com.cn:85/live/GGPD_ggpdzm.m3u8,,,,,,,,,四川,,zbefine.txt
广元综合频道,https://m3u8.channel.dzsm.com/cms/videos/nmip-media/channellive/channel1/playlist.m3u8,,,,,,,,,四川,,zbefine.txt
广元综合频道,http://tv.dzsm.com:8100/chan/ch1.flv,,,,,,,,,四川,,zbefine.txt
广元公共频道,https://m3u8.channel.dzsm.com/cms/videos/nmip-media/channellive/channel2/playlist.m3u8,,,,,,,,,四川,,zbefine.txt
达州新闻综合,http://tv.drs.dzxw.net/channellive/xwzhpd-dz1.flv,,,,,,,,,四川,,zbefine.txt
达州公共频道,http://tv.drs.dzxw.net/channellive/ggpd-dz2.flv,,,,,,,,,四川,,zbefine.txt
达州通川频道,http://tv.drs.dzxw.net/channellive/tcpd-dz3.flv,,,,,,,,,四川,,zbefine.txt
泸州新闻综合,http://m3u8.channel.luzhoubs.com/nmip-media/channellive/channel106011/playlist.m3u8,,,,,,,,,四川,,zbefine.txt
泸州公共频道,http://m3u8.channel.luzhoubs.com/nmip-media/channellive/channel102221/playlist.m3u8,,,,,,,,,四川,,zbefine.txt
泸州科教频道,http://m3u8.channel.luzhoubs.com/nmip-media/channellive/channel103074/playlist.m3u8,,,,,,,,,四川,,zbefine.txt
凉山新闻综合,http://file.yizu.tv/nmip-media/channellive/channel106606/playlist.m3u8,,,,,,,,,四川,,zbefine.txt
凉山彝语频道,http://file.yizu.tv/nmip-media/channellive/channel107323/playlist.m3u8,,,,,,,,,四川,,zbefine.txt
自贡综合频道,https://sczghdl.tianma3600.com/sczg/zhpd.m3u8,,,,,,,,,四川,,zbefine.txt
自贡综合频道,http://110.189.153.160:1001/zhpd.flv,,,,,,,,,四川,,zbefine.txt
自贡公共频道,http://110.189.153.160:1002/ggpd.flv,,,,,,,,,四川,,zbefine.txt
德阳新闻综合,http://scdytv.cn:1935/live/m_xwpd_livevideo/playlist.m3u8,,,,,,,,,四川,,zbefine.txt
德阳公共频道,http://scdytv.cn:1935/live/m_ggpd_livevideo/playlist.m3u8,,,,,,,,,四川,,zbefine.txt
攀枝花新闻综合,http://zb.pzhgd.com:9095/live/xwzh.m3u8,,,,,,,,,四川,,zbefine.txt
攀枝花公共频道,http://zb.pzhgd.com:9095/live/ggpd.m3u8,,,,,,,,,四川,,zbefine.txt
内江综合频道,http://njzb.scnj.tv:90/live/xwzh_xwzh800.m3u8,,,,,,,,,四川,,zbefine.txt
内江公共频道,http://njzb.scnj.tv:90/live/gggy_gggy800.m3u8,,,,,,,,,四川,,zbefine.txt
内江科教频道,http://njzb.scnj.tv:90/live/kjpd_kjpd800.m3u8,,,,,,,,,四川,,zbefine.txt
眉山综合频道,http://live1.scmstv.cn/gqpd/sd/live.m3u8,,,,,,,,,四川,,zbefine.txt
眉山公共频道,http://live2.scmstv.cn/ggpd/sd/live.m3u8,,,,,,,,,四川,,zbefine.txt
甘孜综合频道,http://tv.drs.ganzitv.com:8100/channellive/gztv.flv,,,,,,,,,四川,,zbefine.txt
甘孜综合频道,http://m3u8.channel.ganzitv.com/vms/videos/nmip-media/channellive/channel1/playlist.m3u8,,,,,,,,,四川,,zbefine.txt
成都高新电视,http://live.cdht-tv.com:8190/live/cdht.m3u8,,,,,,,,,四川,,zbefine.txt
龙泉驿新闻综合,http://live.newslqy.com/live/xwpd.m3u8,,,,,,,,,四川,,zbefine.txt
双流综合频道,http://171.221.250.130:18888/27e684978eb642eeb90ab815f6cc51bf/c41893de5e8645b3b43aef1640859b0d.m3u8,,,,,,,,,四川,,zbefine.txt
新都综合频道,http://live.sctvcloud.com/live/xindulive/playlist.m3u8,,,,,,,,,四川,,zbefine.txt
筠连综合频道,http://118.122.78.172:89/live1/live1.m3u8,,,,,,,,,四川,,zbefine.txt
东兴综合频道,http://live.sctvcloud.com/live/dongxing/playlist.m3u8,,,,,,,,,四川,,zbefine.txt
隆昌新闻综合,http://live.sctvcloud.com/live/longchang/playlist.m3u8,,,,,,,,,四川,,zbefine.txt
威远新闻综合,http://dxplay.scwy.cn/live/weiyuanzonghepingdao/index.m3u8,,,,,,,,,四川,,zbefine.txt
大竹新闻综合,http://60.255.120.30:89/live1/live1.m3u8,,,,,,,,,四川,,zbefine.txt
大竹阳光政务,http://60.255.120.30:89/live2/live2.m3u8,,,,,,,,,四川,,zbefine.txt
开江新闻综合,http://lmt.kjzx.net:98/live1/live1.m3u8,,,,,,,,,四川,,zbefine.txt
渠县新闻综合,http://222.208.224.227:81/hls/cfp2p8m3.m3u8,,,,,,,,,四川,,zbefine.txt
渠县城市公共,http://222.208.224.227:81/hls/8ishqdtt.m3u8,,,,,,,,,四川,,zbefine.txt
万源新闻综合,http://live.wanyuannews.com/wytv/hd/live.m3u8,,,,,,,,,四川,,zbefine.txt
宣汉新闻综合,https://livepgc.chinamcache.com/pgc/61c37851b08f3f0c0475ceb0c958ff54.m3u8?auth_key=1636720162-0-0-9b69908ac29f39b200b5c8e068723967,,,,,,,,,四川,,zbefine.txt
广汉新闻综合,http://live.sctvcloud.com/live/guanghan/playlist.m3u8,,,,,,,,,四川,,zbefine.txt
中江新闻综合,https://livepgc.chinamcache.com/pgc/76664ca1f91638580f94fc7543c810cb.m3u8?auth_key=1657178327-0-0-976848e8ac0eacf503b1e7666d92f4f8,,,,,,,,,四川,,zbefine.txt
南部新闻综合,http://pili-live-rtmp.148.i2863.com/i2863-148/live_148_811389.m3u8,,,,,,,,,四川,,zbefine.txt
蓬安新闻综合,http://palive.patv123.com:8091/live/xwpd_800K.m3u8,,,,,,,,,四川,,zbefine.txt
营山电视台,http://file.ysxtv.cn/cms/videos/nmip-media/channellive/channel4/playlist.m3u8,,,,,,,,,四川,,zbefine.txt
盐边综合频道,http://live.sctvcloud.com/live/yanbian/playlist.m3u8,,,,,,,,,四川,,zbefine.txt
黑水新闻综合,http://live.schstv.com:90/live/xwzh.m3u8,,,,,,,,,四川,,zbefine.txt
金川新闻综合,http://live.jinchuanrmt.com:90/live/zhxw.m3u8,,,,,,,,,四川,,zbefine.txt
金川新闻综合,http://139.203.180.9:90/live/zhxw.m3u8,,,,,,,,,四川,,zbefine.txt
金川乡村频道,http://live.jinchuanrmt.com:90/live/jcxc.m3u8,,,,,,,,,四川,,zbefine.txt
金川乡村频道,http://139.203.180.9:90/live/jcxc.m3u8,,,,,,,,,四川,,zbefine.txt
壤塘综合频道,http://live.sctvcloud.com/live/rttv/playlist.m3u8,,,,,,,,,四川,,zbefine.txt
松潘新闻综合,http://live.spccmc.com:90/live/spxwzh.m3u8,,,,,,,,,四川,,zbefine.txt
汶川新闻综合,http://live.iwcmt.cn:90/live/zhxw.m3u8,,,,,,,,,四川,,zbefine.txt
小金综合频道,http://xjlive.xjsc.gov.cn:8091/live/xwpd.m3u8,,,,,,,,,四川,,zbefine.txt
九寨沟新闻综合,http://live.sctvcloud.com/live/jiuzhai.m3u8,,,,,,,,,四川,,zbefine.txt
马尔康综合频道,http://live.zmmek.com:90/live/zhxw.m3u8,,,,,,,,,四川,,zbefine.txt
荣县综合频道,http://play.rongxianwang.net/rxzh/0835.m3u8?auth_key=1625042660-0-0-36e32b9c341e085f53b382e1cdde7a02,,,,,,,,,四川,,zbefine.txt
朝天新闻综合,https://m3u8.channel.dzsm.com/cms/videos/nmip-media/channellive/channel8/playlist.m3u8,,,,,,,,,四川,,zbefine.txt
剑阁新闻综合,https://m3u8.channel.dzsm.com/cms/videos/nmip-media/channellive/channel10/playlist.m3u8,,,,,,,,,四川,,zbefine.txt
利州综合频道,http://tvfile.lzgbdst.com/nmip-media/channellive/channel106876/playlist.m3u8,,,,,,,,,四川,,zbefine.txt
利州综合频道,http://tv.drs.lzgbdst.com:8100/channellive/lztv2.flv,,,,,,,,,四川,,zbefine.txt
青川新闻综合,https://m3u8.channel.dzsm.com/cms/videos/nmip-media/channellive/channel11/playlist.m3u8,,,,,,,,,四川,,zbefine.txt
青川新闻综合,http://live.sctvcloud.com/live/qctv1/playlist.m3u8,,,,,,,,,四川,,zbefine.txt
旺苍新闻综合,https://m3u8.channel.dzsm.com/cms/videos/nmip-media/channellive/channel9/playlist.m3u8,,,,,,,,,四川,,zbefine.txt
昭化综合频道,http://live.sctvcloud.com/live/zhtv1/playlist.m3u8,,,,,,,,,四川,,zbefine.txt
昭化综合频道,https://m3u8.channel.dzsm.com/cms/videos/nmip-media/channellive/channel7/playlist.m3u8,,,,,,,,,四川,,zbefine.txt
丹棱新闻综合,http://live.sctvcloud.com/live/danlingrongmei/playlist.m3u8,,,,,,,,,四川,,zbefine.txt
洪雅新闻综合,http://117.172.215.250:8083/videos/live/35/39/GQVbrgob5CGJM/GQVbrgob5CGJM.M3U8,,,,,,,,,四川,,zbefine.txt
青神综合频道,http://lmt.scqstv.com/live1/live1.m3u8,,,,,,,,,四川,,zbefine.txt
仁寿综合频道,http://play.scrstv.com/TV/xwzh.m3u8,,,,,,,,,四川,,zbefine.txt
乐至综合频道,http://175.155.106.72:89/live1/live1.m3u8,,,,,,,,,四川,,zbefine.txt
甘洛综合频道,http://live.sctvcloud.com/live/ganluo/playlist.m3u8,,,,,,,,,四川,,zbefine.txt
会东综合频道,http://112.45.133.129:90/live/xwzh.m3u8,,,,,,,,,四川,,zbefine.txt
会东综合频道,http://live.schdxww.com:90/live/xwzh.m3u8,,,,,,,,,四川,,zbefine.txt
会理新闻频道,http://live.sctvcloud.com/live/huili/playlist.m3u8,,,,,,,,,四川,,zbefine.txt
雷波综合频道,http://lbzb.yd-data.com/live/0000.flv?auth_key=601589378470-0-0-67d1de5fa3aa9412566d7c9f807c91a0,,,,,,,,,四川,,zbefine.txt
宁南新闻综合,http://live.sctvcloud.com/live/ningnantv1/playlist.m3u8,,,,,,,,,四川,,zbefine.txt
西昌综合频道,http://103.252.251.199:18085/hls/xichangweishi.m3u8,,,,,,,,,四川,,zbefine.txt
昭觉综合频道,http://live.sctvcloud.com/live/zhaojue/playlist.m3u8,,,,,,,,,四川,,zbefine.txt
德格综合频道,http://m3u8.channel.ganzitv.com/vms/videos/nmip-media/channellive/channel5/playlist.m3u8,,,,,,,,,四川,,zbefine.txt
康定新闻综合,http://m3u8-kd.channel.ganzitv.com/nmip-media-yajiang/channellive/channel100663/playlist.m3u8,,,,,,,,,四川,,zbefine.txt
石渠综合频道,http://tv.drs.ganzitv.com:8100/channellive/shiqu.flv,,,,,,,,,四川,,zbefine.txt
汉源综合频道,http://live.hyxrmt.com:85/live/xwpd.m3u8,,,,,,,,,四川,,zbefine.txt
平昌新闻综合,http://live.sctvcloud.com/live/pingchang/playlist.m3u8,,,,,,,,,四川,,zbefine.txt
通江新闻综合,http://live.sctvcloud.com/live/bztongjiang/playlist.m3u8,,,,,,,,,四川,,zbefine.txt
夹江新闻综合,http://tvfile.jjrm.org.cn/nmip-media/channellive/channel106282/playlist.m3u8,,,,,,,,,四川,,zbefine.txt
马边电视台,http://tvfile.mb.lsrm.org.cn/nmip-media/channellive/channel104860/playlist.m3u8,,,,,,,,,四川,,zbefine.txt
沐川综合频道,http://tvfile.mcrm.org.cn/nmip-media/channellive/channel103064/playlist.m3u8,,,,,,,,,四川,,zbefine.txt
沙湾综合频道,http://tvfile.sw.lsrm.org.cn/cms/videos/nmip-media-sw/channellive/channel1/playlist.m3u8,,,,,,,,,四川,,zbefine.txt
金口河综合频道,http://live.sctvcloud.com/live/jinkouhe/playlist.m3u8,,,,,,,,,四川,,zbefine.txt
泸县新闻综合,http://lxfile.lxxcb.cn/nmip-media/channellive/channel103799/playlist.m3u8,,,,,,,,,四川,,zbefine.txt
纳溪新闻频道,https://bl.ainaxi.cn/live/d1b85c45e7b74e96bdd950e047c7fd94.m3u8,,,,,,,,,四川,,zbefine.txt
叙永综合频道,http://luzhi.xuyongrongmei.com:1935/live/_definst_/xyxw/playlist.m3u8,,,,,,,,,四川,,zbefine.txt
蓬溪新闻综合,http://live.sctvcloud.com/live/pengxilive/playlist.m3u8,,,,,,,,,四川,,zbefine.txt
邻水新闻综合,http://live.sctvcloud.com/live/linshui/playlist.m3u8,,,,,,,,,四川,,zbefine.txt
武胜综合频道,http://live2.gatv.com.cn:86/live/WS.m3u8,,,,,,,,,四川,,zbefine.txt
安州新闻频道,http://live.sctvcloud.com/live/anzhoutv1/playlist.m3u8,,,,,,,,,四川,,zbefine.txt
北川电视一套,http://live.sctvcloud.com/live/bcgqlive/playlist.m3u8,,,,,,,,,四川,,zbefine.txt
江油新闻综合,http://live.sctvcloud.com/live/jiangyou/playlist.m3u8,,,,,,,,,四川,,zbefine.txt
平武综合频道,http://live.sctvcloud.com/live/pwtv/playlist.m3u8,,,,,,,,,四川,,zbefine.txt
三台电视一套,http://125.65.94.91:12351/live,,,,,,,,,四川,,zbefine.txt
三台电视二套,http://125.65.94.91:12353/live,,,,,,,,,四川,,zbefine.txt
盐亭综合频道,http://live.sctvcloud.com/live/yttv/playlist.m3u8,,,,,,,,,四川,,zbefine.txt
滨海新闻,http://traffic.jbh.tjbh.com/live/bhtv1/playlist.m3u8,,,,,,,,,天津,,zbefine.txt
滨海综艺,http://traffic.jbh.tjbh.com/live/bhtv2/playlist.m3u8,,,,,,,,,天津,,zbefine.txt
滨海影视,http://traffic.jbh.tjbh.com/live/bhtv3/playlist.m3u8,,,,,,,,,天津,,zbefine.txt
津南一套,http://play.jinnantv.top/live/JNTV1.m3u8,,,,,,,,,天津,,zbefine.txt
西青新闻综合,http://221.238.209.44:81/hls/live1.m3u8,,,,,,,,,天津,,zbefine.txt
武清综合频道,https://tvpull.smartwq.cn/wqlive/convergencemedia/playlist.m3u8,,,,,,,,,天津,,zbefine.txt
哈密一套,http://stream.hmgbtv.com/hm1/hd/live.m3u8,,,,,,,,,新疆,,zbefine.txt
哈密二套,http://stream.hmgbtv.com/hm2/hd/live.m3u8,,,,,,,,,新疆,,zbefine.txt
哈密三套,http://stream.hmgbtv.com/hm3/hd/live.m3u8,,,,,,,,,新疆,,zbefine.txt
伊犁汉语综合,http://110.153.180.106:55555/out_1/index.m3u8,,,,,,,,,新疆,,zbefine.txt
伊犁维吾尔,http://110.153.180.106:55555/out_2/index.m3u8,,,,,,,,,新疆,,zbefine.txt
伊犁哈萨克,http://110.153.180.106:55555/out_3/index.m3u8,,,,,,,,,新疆,,zbefine.txt
伊犁经济法制,http://110.153.180.106:55555/out_4/index.m3u8,,,,,,,,,新疆,,zbefine.txt
和田维语综合,http://202.107.188.141:5002/hetiankzkt2_hdcq.m3u8?token=guoziyun,,,,,,,,,新疆,,zbefine.txt
裕民汉语,http://117.190.130.4:8081/out_1/index.m3u8,,,,,,,,,新疆,,zbefine.txt
裕民哈语,http://117.190.130.4:8081/out_2/index.m3u8,,,,,,,,,新疆,,zbefine.txt
吉木萨尔综合,http://218.31.201.189:9000/api/material/local/mnt/shiping1/prog_index.m3u8,,,,,,,,,新疆,,zbefine.txt
奎屯汉语综合,http://218.84.12.186:8001/hls/main/playlist.m3u8,,,,,,,,,新疆,,zbefine.txt
奎屯哈萨克语,http://218.84.12.186:8002/hls/main/playlist.m3u8,,,,,,,,,新疆,,zbefine.txt
伊宁汉语综合,http://222.81.61.37:9898/out_1/index.m3u8,,,,,,,,,新疆,,zbefine.txt
伊宁维吾尔语,http://222.81.61.37:9898/out_2/index.m3u8,,,,,,,,,新疆,,zbefine.txt
霍尔果斯综合,http://117.190.118.175:9090/stream1/m2e2000.m3u8,,,,,,,,,新疆,,zbefine.txt
九师电视台,https://liveout.btzx.com.cn/3pyc0h/dbfvwu.m3u8,,,,,,,,,新疆,,zbefine.txt
可克达拉综合,http://test5.btzx.com.cn:80/live/kkdl.stream/playlist.m3u8,,,,,,,,,新疆,,zbefine.txt
图木舒克综合,http://test5.btzx.com.cn/live/disanshi.stream/playlist.m3u8,,,,,,,,,新疆,,zbefine.txt
石河子新闻综合,http://124.88.144.73:1935/live/xwzh/playlist.m3u8,,,,,,,,,新疆,,zbefine.txt
石河子影视文体,http://124.88.144.73:1935/live/jjsh/playlist.m3u8,,,,,,,,,新疆,,zbefine.txt
石河子影视文体,http://202.107.188.141:5002/shiheziyinshiwenti_hdgq.m3u8?token=guoziyun,,,,,,,,,新疆,,zbefine.txt
西藏藏语,http://media.vtibet.com/masvod/HLSLive/7/zangyuTV_q1.m3u8,,,,,,,,,西藏,,zbefine.txt
拉萨汉语综合,http://file.lasatv.cn/cms/videos/nmip-media/channellive/channel1/playlist.m3u8,,,,,,,,,西藏,,zbefine.txt
拉萨藏语综合,http://file.lasatv.cn/cms/videos/nmip-media/channellive/channel4/playlist.m3u8,,,,,,,,,西藏,,zbefine.txt
拉萨文旅频道,http://file.lasatv.cn/cms/videos/nmip-media/channellive/channel3/playlist.m3u8,,,,,,,,,西藏,,zbefine.txt
云南澜湄国际,http://tvlive.ynradio.com/live/yunnanguoji/playlist.m3u8,,,,,,,,,云南,,zbefine.txt
昆明新闻综合,http://wshls.live.migucloud.com/live/01YCQY7M_C0/playlist.m3u8,,,,,,,,,云南,,zbefine.txt
昆明新闻综合,http://devlivepull.migucloud.com/live/01YCQY7M_C0.flv,,,,,,,,,云南,,zbefine.txt
昆明经济生活,http://wshls.live.migucloud.com/live/JT9JEQ54_C0_2/playlist.m3u8,,,,,,,,,云南,,zbefine.txt
昆明经济生活,http://devlivepull.migucloud.com/live/JT9JEQ54_C0_2.flv,,,,,,,,,云南,,zbefine.txt
昆明科学教育,http://wshls.live.migucloud.com/live/ZBXWIMTD_C0_2/playlist.m3u8,,,,,,,,,云南,,zbefine.txt
昆明科学教育,http://devlivepull.migucloud.com/live/ZBXWIMTD_C0_2.flv,,,,,,,,,云南,,zbefine.txt
昆明影视综艺,http://wshls.live.migucloud.com/live/KYLNJWFD_C0_2/playlist.m3u8,,,,,,,,,云南,,zbefine.txt
昆明影视综艺,http://devlivepull.migucloud.com/live/KYLNJWFD_C0_2.flv,,,,,,,,,云南,,zbefine.txt
昆明公共频道,http://wshls.live.migucloud.com/live/UD0YLY2G_C0_3/playlist.m3u8,,,,,,,,,云南,,zbefine.txt
昆明公共频道,http://devlivepull.migucloud.com/live/UD0YLY2G_C0_3.flv,,,,,,,,,云南,,zbefine.txt
玉溪综合,https://hwapi.yunshicloud.com/r5fc3f/3l9g1m.m3u8,,,,,,,,,云南,,zbefine.txt
德宏新闻综合,http://hw-play.lezhibo.com/live/0c86d6ff906e424fb4457a4806f645ea.m3u8,,,,,,,,,云南,,zbefine.txt
德宏公共民语,http://hw-play.lezhibo.com/live/0e0bf436ed2847eaa7083a11c185f221.m3u8,,,,,,,,,云南,,zbefine.txt
红河州新闻综合,http://file.hhtv.cc/cms/videos/nmip-media/channellive/channel1/playlist.m3u8,,,,,,,,,云南,,zbefine.txt
红河州新闻综合,http://tv.drs.hhtv.cc:8100/channellive/hhtv-1.flv,,,,,,,,,云南,,zbefine.txt
红河州公共频道,http://file.hhtv.cc/cms/videos/nmip-media/channellive/channel2/playlist.m3u8,,,,,,,,,云南,,zbefine.txt
红河州公共频道,http://tv.drs.hhtv.cc:8100/channellive/hhtv-2.flv,,,,,,,,,云南,,zbefine.txt
文山州新闻综合,http://tvdrs.wsrtv.com.cn:8100/channellive/ch1.flv,,,,,,,,,云南,,zbefine.txt
文山州新闻综合,http://m3u8.channel.wsrtv.com.cn/cms/videos/nmip-media/channellive/channel7/playlist.m3u8,,,,,,,,,云南,,zbefine.txt
文山州公共,http://m3u8.channel.wsrtv.com.cn/cms/videos/nmip-media/channellive/channel8/playlist.m3u8,,,,,,,,,云南,,zbefine.txt
普洱新闻综合,http://file.pebtv.cn:8101/cms/videos/nmip-media/channellive/channel12/playlist.m3u8,,,,,,,,,云南,,zbefine.txt
普洱公共频道,http://file.pebtv.cn:8101/cms/videos/nmip-media/channellive/channel27/playlist.m3u8,,,,,,,,,云南,,zbefine.txt
普洱科教频道,http://file.pebtv.cn:8101/cms/videos/nmip-media/channellive/channel28/playlist.m3u8,,,,,,,,,云南,,zbefine.txt
临沧综合,https://hwapi.yunshicloud.com/6tt654/1i495z.m3u8,,,,,,,,,云南,,zbefine.txt
临沧公共,https://hwapi.yunshicloud.com/6tt654/drfs5s.m3u8,,,,,,,,,云南,,zbefine.txt
保山一套,http://liveynbsdst.chinamcache.com/live/zb01.m3u8?auth_key=1645240615-0-0-65e16b6e5bf26ac5538ac471eff58b55,,,,,,,,,云南,,zbefine.txt
保山二套,http://liveynbsdst.chinamcache.com/live/zb02.m3u8?auth_key=1645240679-0-0-d67bc97395c69c4381264c996315a24b,,,,,,,,,云南,,zbefine.txt
保山三套,http://liveynbsdst.chinamcache.com/live/zb03.m3u8?auth_key=1645240698-0-0-551c30f245abc8aa44554820452c332c,,,,,,,,,云南,,zbefine.txt
西双版纳综合,http://file.xsbnrtv.cn/vms/videos/nmip-media/channellive/channel1/playlist.m3u8,,,,,,,,,云南,,zbefine.txt
西双版纳公共,http://file.xsbnrtv.cn/vms/videos/nmip-media/channellive/channel3/playlist.m3u8,,,,,,,,,云南,,zbefine.txt
怒江新闻综合,http://livebroadcast.ccwb.cn/live/w1620805130988936.m3u8,,,,,,,,,云南,,zbefine.txt
新平综合,http://livebroadcast.ccwb.cn/live/w1615257519790969.m3u8,,,,,,,,,云南,,zbefine.txt
巧家综合,http://livebroadcast.ccwb.cn/live/w1593303918254963.m3u8,,,,,,,,,云南,,zbefine.txt
彝良综合,http://livebroadcast.ccwb.cn/live/w1606370492402991.m3u8,,,,,,,,,云南,,zbefine.txt
永善综合,http://livebroadcastys.ccwb.cn/live/w1640068184635996.m3u8,,,,,,,,,云南,,zbefine.txt
镇雄电视台,http://livebroadcast.ccwb.cn/live/w1606722098119972.m3u8,,,,,,,,,云南,,zbefine.txt
福贡综合,http://livebroadcast.ccwb.cn/live/w1612505860303999.m3u8,,,,,,,,,云南,,zbefine.txt
贡山综合,http://livebroadcast.ccwb.cn/live/w1609121671179943.m3u8,,,,,,,,,云南,,zbefine.txt
兰坪综合,http://livebroadcast.ccwb.cn/live/w1628850306485945.m3u8,,,,,,,,,云南,,zbefine.txt
兰坪综合,https://hwapi.yunshicloud.com/qzth63/jw2995.m3u8,,,,,,,,,云南,,zbefine.txt
泸水综合,http://livebroadcast.ccwb.cn/live/w1596164431584927.m3u8,,,,,,,,,云南,,zbefine.txt
个旧综合,http://tv.drs.hhtv.cc:8100/channellive/gjdst.flv,,,,,,,,,云南,,zbefine.txt
个旧综合,http://file.hhtv.cc/cms/videos/nmip-media/channellive/channel6/playlist.m3u8,,,,,,,,,云南,,zbefine.txt
红河县综合,http://file.hhtv.cc/cms/videos/nmip-media/channellive/channel3/playlist.m3u8,,,,,,,,,云南,,zbefine.txt
红河县综合,http://tv.drs.hhtv.cc:8100/channellive/hhxdst.flv,,,,,,,,,云南,,zbefine.txt
屏边综合,http://file.hhtv.cc/cms/videos/nmip-media/channellive/channel5/playlist.m3u8,,,,,,,,,云南,,zbefine.txt
元阳综合,http://file.hhtv.cc/cms/videos/nmip-media/channellive/channel7/playlist.m3u8,,,,,,,,,云南,,zbefine.txt
元阳综合,http://tv.drs.hhtv.cc:8100/channellive/yydst.flv,,,,,,,,,云南,,zbefine.txt
麻栗坡电视台,http://m3u8.channel.wsrtv.com.cn/cms/videos/nmip-media/channellive/channel18/playlist.m3u8,,,,,,,,,云南,,zbefine.txt
麻栗坡电视台,http://tvdrs.wsrtv.com.cn:8100/channellive/mlptv.flv,,,,,,,,,云南,,zbefine.txt
大理市新闻综合,https://hwapi.yunshicloud.com/iaef5d/4jjy56.m3u8,,,,,,,,,云南,,zbefine.txt
宾川一套,https://hwapi.yunshicloud.com/izn8ol/35s3my.m3u8,,,,,,,,,云南,,zbefine.txt
宾川一套,http://live.bcrmtzx.com/tv01/sd/live.m3u8,,,,,,,,,云南,,zbefine.txt
耿马综合,https://hwapi.yunshicloud.com/48td74/1t0g2n.m3u8,,,,,,,,,云南,,zbefine.txt
浙江钱江都市,http://hw-m-l.cztv.com/channels/lantian/channel002/1080p.m3u8,,,,,,,,,浙江,,zbefine.txt
浙江钱江都市,http://hw-m-l.cztv.com/channels/lantian/channel02/720p.m3u8,,,,,,,,,浙江,,zbefine.txt
浙江钱江都市,http://hw-m-l.cztv.com/channels/lantian/channel02/360p.m3u8,,,,,,,,,浙江,,zbefine.txt
浙江经济生活,http://hw-m-l.cztv.com/channels/lantian/channel003/1080p.m3u8,,,,,,,,,浙江,,zbefine.txt
浙江经济生活,http://hw-m-l.cztv.com/channels/lantian/channel03/720p.m3u8,,,,,,,,,浙江,,zbefine.txt
浙江经济生活,http://hw-m-l.cztv.com/channels/lantian/channel03/360p.m3u8,,,,,,,,,浙江,,zbefine.txt
浙江教科影视,http://hw-m-l.cztv.com/channels/lantian/channel004/1080p.m3u8,,,,,,,,,浙江,,zbefine.txt
浙江教科影视,http://hw-m-l.cztv.com/channels/lantian/channel04/720p.m3u8,,,,,,,,,浙江,,zbefine.txt
浙江教科影视,http://hw-m-l.cztv.com/channels/lantian/channel04/360p.m3u8,,,,,,,,,浙江,,zbefine.txt
浙江民生休闲,http://hw-m-l.cztv.com/channels/lantian/channel006/1080p.m3u8,,,,,,,,,浙江,,zbefine.txt
浙江民生休闲,http://hw-m-l.cztv.com/channels/lantian/channel06/720p.m3u8,,,,,,,,,浙江,,zbefine.txt
浙江民生休闲,http://hw-m-l.cztv.com/channels/lantian/channel06/360p.m3u8,,,,,,,,,浙江,,zbefine.txt
浙江新闻,http://hw-m-l.cztv.com/channels/lantian/channel007/1080p.m3u8,,,,,,,,,浙江,,zbefine.txt
浙江新闻,http://hw-m-l.cztv.com/channels/lantian/channel07/720p.m3u8,,,,,,,,,浙江,,zbefine.txt
浙江新闻,http://hw-m-l.cztv.com/channels/lantian/channel07/360p.m3u8,,,,,,,,,浙江,,zbefine.txt
浙江少儿,http://hw-m-l.cztv.com/channels/lantian/channel008/1080p.m3u8,,,,,,,,,浙江,,zbefine.txt
浙江少儿,http://hw-m-l.cztv.com/channels/lantian/channel08/720p.m3u8,,,,,,,,,浙江,,zbefine.txt
浙江少儿,http://hw-m-l.cztv.com/channels/lantian/channel08/360p.m3u8,,,,,,,,,浙江,,zbefine.txt
浙江国际,http://hw-m-l.cztv.com/channels/lantian/channel010/1080p.m3u8,,,,,,,,,浙江,,zbefine.txt
浙江国际,http://hw-m-l.cztv.com/channels/lantian/channel10/720p.m3u8,,,,,,,,,浙江,,zbefine.txt
浙江国际,http://hw-m-l.cztv.com/channels/lantian/channel10/360p.m3u8,,,,,,,,,浙江,,zbefine.txt
数码时代,http://hw-m-l.cztv.com/channels/lantian/channel012/1080p.m3u8,,,,,,,,,浙江,,zbefine.txt
数码时代,http://hw-m-l.cztv.com/channels/lantian/channel12/720p.m3u8,,,,,,,,,浙江,,zbefine.txt
数码时代,http://hw-m-l.cztv.com/channels/lantian/channel12/360p.m3u8,,,,,,,,,浙江,,zbefine.txt
绍兴新闻综合,http://live.shaoxing.com.cn/video/s10001-sxhb/index.m3u8,,,,,,,,,浙江,,zbefine.txt
绍兴新闻综合,http://live.shaoxing.com.cn/video/s10001-sxtv1/index.m3u8,,,,,,,,,浙江,,zbefine.txt
绍兴公共频道,http://live.shaoxing.com.cn/video/s10001-sxtv2/index.m3u8,,,,,,,,,浙江,,zbefine.txt
绍兴文化影视,http://live.shaoxing.com.cn/video/s10001-sxtv3/index.m3u8,,,,,,,,,浙江,,zbefine.txt
舟山新闻综合,http://live1.plus.wifizs.cn/xwzh/sd/live.m3u8,,,,,,,,,浙江,,zbefine.txt
温州新闻综合,http://live.wzqmt.com/wztv1/sd/live.m3u8,,,,,,,,,浙江,,zbefine.txt
温州经济科教,http://live.wzqmt.com/wztv2/sd/live.m3u8,,,,,,,,,浙江,,zbefine.txt
温州都市生活,http://live.wzqmt.com/wztv3/sd/live.m3u8,,,,,,,,,浙江,,zbefine.txt
温州公共频道,http://live.wzqmt.com/wztv4/sd/live.m3u8,,,,,,,,,浙江,,zbefine.txt
磐安新闻综合,http://hlsv2.quklive.com/live/1626400915947070/index.m3u8,,,,,,,,,浙江,,zbefine.txt
磐安文化生活,http://hlsv2.quklive.com/live/1626401163709056/index.m3u8,,,,,,,,,浙江,,zbefine.txt
武义新闻综合,http://l.cztvcloud.com/channels/lantian/SXwuyi1/720p.m3u8,,,,,,,,,浙江,,zbefine.txt
永康新闻综合,http://hlsv2.quklive.com/live/1625061424267104/index.m3u8,,,,,,,,,浙江,,zbefine.txt
永康华溪频道,http://hlsv2.quklive.com/live/1625062755227231/index.m3u8,,,,,,,,,浙江,,zbefine.txt
平湖新闻综合,http://l.cztvcloud.com/channels/lantian/SXpinghu1/720p.m3u8,,,,,,,,,浙江,,zbefine.txt
平湖民生休闲,http://l.cztvcloud.com/channels/lantian/SXpinghu2/720p.m3u8,,,,,,,,,浙江,,zbefine.txt
萧山新闻综合,http://l.cztvcloud.com/channels/lantian/SXxiaoshan1/720p.m3u8,,,,,,,,,浙江,,zbefine.txt
萧山生活频道,http://l.cztvcloud.com/channels/lantian/SXxiaoshan2/720p.m3u8,,,,,,,,,浙江,,zbefine.txt
淳安电视台,https://wtmtylive.yunshicloud.com/tbziu1/ad592j.m3u8,,,,,,,,,浙江,,zbefine.txt
余杭综合频道,http://l.cztvcloud.com/channels/lantian/SXyuhang1/720p.m3u8,,,,,,,,,浙江,,zbefine.txt
余杭未来E频道,http://l.cztvcloud.com/channels/lantian/SXyuhang3/720p.m3u8,,,,,,,,,浙江,,zbefine.txt
临平新闻频道,http://l.cztvcloud.com/channels/lantian/SXyuhang2/720p.m3u8,,,,,,,,,浙江,,zbefine.txt
余姚新闻综合,http://l.cztvcloud.com/channels/lantian/SXyuyao1/720p.m3u8,,,,,,,,,浙江,,zbefine.txt
余姚姚江文化,http://l.cztvcloud.com/channels/lantian/SXyuyao3/720p.m3u8,,,,,,,,,浙江,,zbefine.txt
嵊州新闻综合,http://l.cztvcloud.com/channels/lantian/SXshengzhou1/720p.m3u8,,,,,,,,,浙江,,zbefine.txt
嵊州新闻综合,https://hlsv2.quklive.com/live/1626935015913208/index.m3u8,,,,,,,,,浙江,,zbefine.txt
嵊泗新闻综合,http://l.cztvcloud.com/channels/lantian/SXshengsi1/720p.m3u8,,,,,,,,,浙江,,zbefine.txt
诸暨新闻综合,http://l.cztvcloud.com/channels/lantian/SXzhuji3/720p.m3u8,,,,,,,,,浙江,,zbefine.txt
上虞新闻综合,http://l.cztvcloud.com/channels/lantian/SXshangyu1/720p.m3u8,,,,,,,,,浙江,,zbefine.txt
上虞文化影视,http://l.cztvcloud.com/channels/lantian/SXshangyu2/720p.m3u8,,,,,,,,,浙江,,zbefine.txt
上虞新商都,http://l.cztvcloud.com/channels/lantian/SXshangyu3/720p.m3u8,,,,,,,,,浙江,,zbefine.txt
海宁新闻综合,http://live.hndachao.cn/xwzh/sd/live.m3u8,,,,,,,,,浙江,,zbefine.txt
海宁生活服务,http://live.hndachao.cn/shfw/sd/live.m3u8,,,,,,,,,浙江,,zbefine.txt
兰溪新闻综合,http://l.cztvcloud.com/channels/lantian/SXlanxi1/720p.m3u8,,,,,,,,,浙江,,zbefine.txt
德清文化生活,http://live.yingxi.tv/channel2/sd/live.m3u8,,,,,,,,,浙江,,zbefine.txt
苍南新闻综合,http://l.cztvcloud.com/channels/lantian/SXcangnan1/720p.m3u8,,,,,,,,,浙江,,zbefine.txt
洞头综合频道,http://l.cztvcloud.com/channels/lantian/SXdongtou1/720p.m3u8,,,,,,,,,浙江,,zbefine.txt
泰顺新闻综合,http://pili-live-hls.jrts.tianma3600.com/jrts/dspd.m3u8,,,,,,,,,浙江,,zbefine.txt
文成综合频道,http://l.cztvcloud.com/channels/lantian/SXwencheng1/720p.m3u8,,,,,,,,,浙江,,zbefine.txt
文成二套,http://l.cztvcloud.com/channels/lantian/SXwencheng2/720p.m3u8,,,,,,,,,浙江,,zbefine.txt
永嘉新闻综合,http://l.cztvcloud.com/channels/lantian/SXyongjia1/720p.m3u8,,,,,,,,,浙江,,zbefine.txt
南浔综合频道,http://pili-live-hls.nanxunfb.com/nanxun/live3002833-0.m3u8,,,,,,,,,浙江,,zbefine.txt
柯桥新闻综合,https://hlsv2.quklive.com/live/1640945211435051/index.m3u8,,,,,,,,,浙江,,zbefine.txt
柯桥轻纺城时尚,https://hlsv2.quklive.com/live/1640944894797021/index.m3u8,,,,,,,,,浙江,,zbefine.txt
象山新闻综合,http://l.cztvcloud.com/channels/lantian/SXxiangshan1/720p.m3u8,,,,,,,,,浙江,,zbefine.txt
建德综合频道,http://livejdrmt.chinamcache.com/live/jdzb02.m3u8,,,,,,,,,浙江,,zbefine.txt
普陀新闻综合,http://l.cztvcloud.com/channels/lantian/SXputuo1/720p.m3u8,,,,,,,,,浙江,,zbefine.txt
奉化新闻综合,http://live1.fhtv.net.cn/zhzb/sd/live.m3u8,,,,,,,,,浙江,,zbefine.txt
奉化生活娱乐,http://live1.fhtv.net.cn/shys/sd/live.m3u8,,,,,,,,,浙江,,zbefine.txt
镇海综合频道,http://pluslive.zhxww.net/channel1/sd/live.m3u8,,,,,,,,,浙江,,zbefine.txt
镇海先锋影视,http://pluslive.zhxww.net/channel2/sd/live.m3u8,,,,,,,,,浙江,,zbefine.txt
海盐新闻频道,http://lived.dmqhyadmin.com/ds/sd/live.m3u8,,,,,,,,,浙江,,zbefine.txt
桐乡新闻综合,http://live.txcmapp.com/tszh1/sd/live.m3u8,,,,,,,,,浙江,,zbefine.txt
鄞州一套,http://pili-publish.yzxw.newaircloud.com/newaircloud-yzxw/yzxw_20190925090843.m3u8,,,,,,,,,浙江,,zbefine.txt
鄞州二套,http://pili-publish.yzxw.newaircloud.com/newaircloud-yzxw/yzxw_20190925090936.m3u8,,,,,,,,,浙江,,zbefine.txt
天台和合频道,http://hlsv2.quklive.com/live/1617072208961931/index.m3u8,,,,,,,,,浙江,,zbefine.txt
常山新闻综合,https://hlsv2.quklive.com/live/1621306190044902/index.m3u8,,,,,,,,,浙江,,zbefine.txt
江山电视台,http://play-sh.quklive.com/live/1623117710666335.m3u8,,,,,,,,,浙江,,zbefine.txt
开化新闻综合,http://l.cztvcloud.com/channels/lantian/SXkaihua1/720p.m3u8,,,,,,,,,浙江,,zbefine.txt
开化国家公园,http://l.cztvcloud.com/channels/lantian/SXkaihua2/720p.m3u8,,,,,,,,,浙江,,zbefine.txt
龙游新闻综合,http://l.cztvcloud.com/channels/lantian/SXlongyou1/720p.m3u8,,,,,,,,,浙江,,zbefine.txt
龙游生活娱乐,http://l.cztvcloud.com/channels/lantian/SXlongyou2/720p.m3u8,,,,,,,,,浙江,,zbefine.txt
衢江新闻综合,http://l.cztvcloud.com/channels/lantian/SXqujiang1/720p.m3u8,,,,,,,,,浙江,,zbefine.txt
景宁新闻综合,http://hlsv2.quklive.com/live/1622691799302368/index.m3u8,,,,,,,,,浙江,,zbefine.txt
景宁文化旅游,http://hlsv2.quklive.com/live/1626961770231388/index.m3u8,,,,,,,,,浙江,,zbefine.txt
缙云综合频道,http://l.cztvcloud.com/channels/lantian/SXjinyun1/720p.m3u8,,,,,,,,,浙江,,zbefine.txt
龙泉新闻综合,http://l.cztvcloud.com/channels/lantian/SXlongquan1/720p.m3u8,,,,,,,,,浙江,,zbefine.txt
庆元综合频道,http://l.cztvcloud.com/channels/lantian/SXqingyuan1/720p.m3u8,,,,,,,,,浙江,,zbefine.txt
遂昌综合频道,http://l.cztvcloud.com/channels/lantian/SXsuichang1/720p.m3u8,,,,,,,,,浙江,,zbefine.txt
松阳综合频道,http://l.cztvcloud.com/channels/lantian/SXsongyang1/720p.m3u8,,,,,,,,,浙江,,zbefine.txt
云和新闻综合,http://l.cztvcloud.com/channels/lantian/SXyunhe1/720p.m3u8,,,,,,,,,浙江,,zbefine.txt
北仑电视台,http://play-sh.quklive.com/live/1626327731714170.m3u8,,,,,,,,,浙江,,zbefine.txt
青田电视台,http://l.cztvcloud.com/channels/lantian/SXqingtian1/720p.m3u8,,,,,,,,,浙江,,zbefine.txt
黑莓电竞,http://39.135.138.58:18890/PLTV/88888888/224/3221225653/index.m3u8,,,,,,,,,网络,,zbefine.txt
黑莓电竞,http://39.135.138.58:18890/PLTV/88888888/224/3221225749/index.m3u8,,,,,,,,,网络,,zbefine.txt
黑莓电竞,http://39.135.138.58:18890/PLTV/88888888/224/3221225750/index.m3u8,,,,,,,,,网络,,zbefine.txt
黑莓动画,http://39.135.138.58:18890/PLTV/88888888/224/3221225672/index.m3u8,,,,,,,,,网络,,zbefine.txt
黑莓电影,http://39.135.138.58:18890/PLTV/88888888/224/3221225718/index.m3u8,,,,,,,,,网络,,zbefine.txt
黑莓电影,http://39.135.138.58:18890/PLTV/88888888/224/3221225764/index.m3u8,,,,,,,,,网络,,zbefine.txt
黑莓电影,http://39.135.138.58:18890/PLTV/88888888/224/3221225769/index.m3u8,,,,,,,,,网络,,zbefine.txt
纯享4K,http://39.135.138.58:18890/PLTV/88888888/224/3221225786/index.m3u8,,,,,,,,,网络,,zbefine.txt
纯享4K,http://39.135.138.58:18890/ysten-businessmobile/live/HD-20M-2160P-chunxiang4k/1.m3u8,,,,,,,,,网络,,zbefine.txt
早教,http://59.49.41.39/live.aishang.ctlcdn.com/00000110240334_1/playlist.m3u8?CONTENTID=00000110240334_1,,,,,,,,,网络,,zbefine.txt
魅力广东,http://39.135.138.58:18890/ysten-businessmobile/live/HD-4000k-1080P-NEWTVguangdongstv/1.m3u8,,,,,,,,,网络,,zbefine.txt
魅力广西,http://39.135.138.58:18890/ysten-businessmobile/live/HD-4000k-1080P-NEWTVguangxistv/1.m3u8,,,,,,,,,网络,,zbefine.txt
魅力吉林,http://39.135.138.58:18890/ysten-businessmobile/live/HD-4000k-1080P-NEWTVjilinstv/1.m3u8,,,,,,,,,网络,,zbefine.txt
魅力江西,http://39.135.138.58:18890/ysten-businessmobile/live/HD-4000k-1080P-chaojijiangxistv/1.m3u8,,,,,,,,,网络,,zbefine.txt
魅力四川,http://39.135.138.58:18890/ysten-businessmobile/live/HD-4000k-1080P-NEWTVsichuanstv/1.m3u8,,,,,,,,,网络,,zbefine.txt
魅力山东,http://39.135.138.58:18890/ysten-businessmobile/live/HD-4000k-1080P-NEWTVshandongstv/1.m3u8,,,,,,,,,网络,,zbefine.txt
魅力云南,http://39.135.138.58:18890/ysten-businessmobile/live/HD-4000k-1080P-NEWTVyunnanstv/1.m3u8,,,,,,,,,网络,,zbefine.txt
魅力黑龙江,http://39.135.138.58:18890/ysten-businessmobile/live/HD-4000k-1080P-NEWTVheilongjiangstv/1.m3u8,,,,,,,,,网络,,zbefine.txt
NewTV超级电影,http://39.135.138.58:18890/PLTV/88888888/224/3221225623/index.m3u8,,,,,,,,,NewTV,,zbefine.txt
NewTV超级电影,http://39.135.138.58:18890/PLTV/88888888/224/3221225766/index.m3u8,,,,,,,,,NewTV,,zbefine.txt
NewTV超级体育,http://39.135.138.58:18890/PLTV/88888888/224/3221225622/index.m3u8,,,,,,,,,NewTV,,zbefine.txt
NewTV超级体育,http://39.135.138.58:18890/PLTV/88888888/224/3221225648/index.m3u8,,,,,,,,,NewTV,,zbefine.txt
NewTV超级体育,http://39.135.138.58:18890/PLTV/88888888/224/3221225767/index.m3u8,,,,,,,,,NewTV,,zbefine.txt
NewTV超级综艺,http://39.135.138.58:18890/PLTV/88888888/224/3221225620/index.m3u8,,,,,,,,,NewTV,,zbefine.txt
NewTV超级综艺,http://39.135.138.58:18890/PLTV/88888888/224/3221225768/index.m3u8,,,,,,,,,NewTV,,zbefine.txt
NewTV潮妈辣婆,http://39.135.138.58:18890/PLTV/88888888/224/3221225708/index.m3u8,,,,,,,,,NewTV,,zbefine.txt
NewTV东北热剧,http://39.135.138.58:18890/PLTV/88888888/224/3221226202/index.m3u8,,,,,,,,,NewTV,,zbefine.txt
NewTV古装剧场,http://39.135.138.58:18890/PLTV/88888888/224/3221225678/index.m3u8,,,,,,,,,NewTV,,zbefine.txt
NewTV欢乐剧场,http://39.135.138.58:18890/PLTV/88888888/224/3221226210/index.m3u8,,,,,,,,,NewTV,,zbefine.txt
NewTV热播精选,http://39.135.138.58:18890/PLTV/88888888/224/3221225712/index.m3u8,,,,,,,,,NewTV,,zbefine.txt
NewTV怡伴健康,http://39.135.138.58:18890/PLTV/88888888/224/3221225666/index.m3u8,,,,,,,,,NewTV,,zbefine.txt
NewTV军旅剧场,http://39.135.138.58:18890/PLTV/88888888/224/3221225669/index.m3u8,,,,,,,,,NewTV,,zbefine.txt
NewTV精品大剧,http://39.135.138.58:18890/PLTV/88888888/224/3221225714/index.m3u8,,,,,,,,,NewTV,,zbefine.txt
NewTV精品纪录,http://39.135.138.58:18890/PLTV/88888888/224/3221225710/index.m3u8,,,,,,,,,NewTV,,zbefine.txt
NewTV精品体育,http://39.135.138.58:18890/PLTV/88888888/224/3221225709/index.m3u8,,,,,,,,,NewTV,,zbefine.txt
NewTV金牌综艺,http://39.135.138.58:18890/PLTV/88888888/224/3221225711/index.m3u8,,,,,,,,,NewTV,,zbefine.txt
NewTV军事评论,http://39.135.138.58:18890/PLTV/88888888/224/3221225757/index.m3u8,,,,,,,,,NewTV,,zbefine.txt
NewTV家庭剧场,http://39.135.138.58:18890/PLTV/88888888/224/3221225713/index.m3u8,,,,,,,,,NewTV,,zbefine.txt
NewTV精品综合,http://39.135.138.58:18890/PLTV/88888888/224/3221225716/index.m3u8,,,,,,,,,NewTV,,zbefine.txt
NewTV农业致富,http://39.135.138.58:18890/PLTV/88888888/224/3221225670/index.m3u8,,,,,,,,,NewTV,,zbefine.txt
NewTV武搏世界,http://39.135.138.58:18890/PLTV/88888888/224/3221225656/index.m3u8,,,,,,,,,NewTV,,zbefine.txt
NewTV中国功夫,http://39.135.138.58:18890/PLTV/88888888/224/3221225660/index.m3u8,,,,,,,,,NewTV,,zbefine.txt
NewTV超级电视剧,http://39.135.138.58:18890/PLTV/88888888/224/3221225625/index.m3u8,,,,,,,,,NewTV,,zbefine.txt
NewTV超级电视剧,http://39.135.138.58:18890/PLTV/88888888/224/3221225765/index.m3u8,,,,,,,,,NewTV,,zbefine.txt
北京-水长城01,https://gcalic.v.myalicdn.com/gc/wgw01_1/index.m3u8?contentid=2820180516001,,,,,,,,,景区,,zbefine.txt
北京-水长城02,https://gcalic.v.myalicdn.com/gc/wgw02_1/index.m3u8?contentid=2820180516001,,,,,,,,,景区,,zbefine.txt
北京-水长城03,https://gcalic.v.myalicdn.com/gc/wgw03_1/index.m3u8?contentid=2820180516001,,,,,,,,,景区,,zbefine.txt
北京-水长城04,https://gcalic.v.myalicdn.com/gc/wgw04_1/index.m3u8?contentid=2820180516001,,,,,,,,,景区,,zbefine.txt
安徽-黄山飞来石,https://gcalic.v.myalicdn.com/gc/hsptgy_1/index.m3u8?contentid=2820180516001,,,,,,,,,景区,,zbefine.txt
安徽-黄山光明顶,https://gcalic.v.myalicdn.com/gc/hsgmd_1/index.m3u8?contentid=2820180516001,,,,,,,,,景区,,zbefine.txt
安徽-黄山梦笔生花,https://gcalic.v.myalicdn.com/gc/hsmbsh_1/index.m3u8?contentid=2820180516001,,,,,,,,,景区,,zbefine.txt
广东-车八岭国家级自然保护区,http://gcbsc.v.live.baishancdnx.cn/gc/hsxkscj_1/index.m3u8,,,,,,,,,景区,,zbefine.txt
广东-广州塔与海心桥视角,http://gctxyc.liveplay.myqcloud.com/gc/ztb_1_md.m3u8,,,,,,,,,景区,,zbefine.txt
广东-梅州梅江,http://gcalic.v.myalicdn.com/gc/gllj01_1/index.m3u8,,,,,,,,,景区,,zbefine.txt
广东-汕头市小公园,http://gcksc.v.kcdnvip.com/gc/bsszjs_1/index.m3u8,,,,,,,,,景区,,zbefine.txt
2026-07-14 09:59:25,http://198.204.228.26/live/cctv1hd.m3u8,,,,CCTV-1,CCTV-1,,,https://www.xn--rgv465a.top/tvlogo/CCTV-1.png,🕘️更新时间,,Guovin.txt
CCTV-1,http://38.75.136.137:98/gslb/dsdqbv/cctv1hd.m3u8?auth=test20251009,,,,CCTV-1,CCTV-1,,,https://www.xn--rgv465a.top/tvlogo/CCTV-1.png,📺央视频道,,Guovin.txt
CCTV-1,http://63.141.230.178:82/gslb/zbdq5.m3u8?id=cctv1hd,,,,CCTV-1,CCTV-1,,,https://www.xn--rgv465a.top/tvlogo/CCTV-1.png,📺央视频道,,Guovin.txt
CCTV-1,http://198.204.240.250:82/live/cctv1.m3u8,,,,CCTV-1,CCTV-1,,,https://www.xn--rgv465a.top/tvlogo/CCTV-1.png,📺央视频道,,Guovin.txt
CCTV-1,http://69.30.245.50/live/cctv1.m3u8,,,,CCTV-1,CCTV-1,,,https://i.imgur.com/TpA3cUl.png,📺央视频道,,Guovin.txt
CCTV-2,http://198.204.228.26/live/cctv2hd.m3u8,,,,CCTV-2,CCTV-2,,,https://www.xn--rgv465a.top/tvlogo/CCTV-2.png,📺央视频道,,Guovin.txt
CCTV-2,http://69.30.245.50/live/cctv2.m3u8,,,,CCTV-2,CCTV-2,,,https://www.xn--rgv465a.top/tvlogo/CCTV-2.png,📺央视频道,,Guovin.txt
CCTV-2,http://63.141.230.178:82/gslb/zbdq5.m3u8?id=cctv2hd,,,,CCTV-2,CCTV-2,,,https://www.xn--rgv465a.top/tvlogo/CCTV-2.png,📺央视频道,,Guovin.txt
CCTV-2,http://60.10.139.113:8801/hls/2/index.m3u8,,,,CCTV-2,CCTV-2,,,https://www.xn--rgv465a.top/tvlogo/CCTV-2.png,📺央视频道,,Guovin.txt
CCTV-2,http://118.193.115.2:9901/tsfile/live/0002_1.m3u8?key=txiptv,,,,CCTV-2,CCTV-2,,,https://www.xn--rgv465a.top/tvlogo/CCTV-2.png,📺央视频道,,Guovin.txt
CCTV-3,http://198.204.228.26/live/cctv3hd.m3u8,,,,CCTV-3,CCTV-3,,,https://www.xn--rgv465a.top/tvlogo/CCTV-3.png,📺央视频道,,Guovin.txt
CCTV-3,http://63.141.230.178:82/gslb/zbdq5.m3u8?id=cctv3hd,,,,CCTV-3,CCTV-3,,,https://www.xn--rgv465a.top/tvlogo/CCTV-3.png,📺央视频道,,Guovin.txt
CCTV-3,http://74.91.26.218:82/live/cctv3hd.m3u8,,,,CCTV-3,CCTV-3,,,https://www.xn--rgv465a.top/tvlogo/CCTV-3.png,📺央视频道,,Guovin.txt
CCTV-3,http://121.57.88.206:898/hls/3/index.m3u8,,,,CCTV-3,CCTV-3,,,https://www.xn--rgv465a.top/tvlogo/CCTV-3.png,📺央视频道,,Guovin.txt
CCTV-3,http://69.30.245.50/live/cctv3.m3u8,,,,CCTV-3,CCTV-3,,,https://www.xn--rgv465a.top/tvlogo/CCTV-3.png,📺央视频道,,Guovin.txt
CCTV-4,http://63.141.230.178:82/gslb/zbdq5.m3u8?id=cctv4hd,,,,CCTV-4,CCTV-4,,,https://www.xn--rgv465a.top/tvlogo/CCTV-4.png,📺央视频道,,Guovin.txt
CCTV-4,http://74.91.26.218:82/live/cctv4hd.m3u8,,,,CCTV-4,CCTV-4,,,https://www.xn--rgv465a.top/tvlogo/CCTV-4.png,📺央视频道,,Guovin.txt
CCTV-4,http://107.150.60.122/live/cctv4hd.m3u8,,,,CCTV-4,CCTV-4,,,https://www.xn--rgv465a.top/tvlogo/CCTV-4.png,📺央视频道,,Guovin.txt
CCTV-4,http://38.75.136.137:98/gslb/dsdqpub/cctv4k.m3u8?auth=testpub,,,,CCTV-4,CCTV-4,,,https://www.xn--rgv465a.top/tvlogo/CCTV-4.png,📺央视频道,,Guovin.txt
CCTV-4,https://dash2.antik.sk/live/test_cctv_tizen/playlist.m3u8,,,,CCTV-4,CCTV-4,,,https://www.xn--rgv465a.top/tvlogo/CCTV-4.png,📺央视频道,,Guovin.txt
CCTV-5,http://198.204.228.26/live/cctv5p.m3u8,,,,CCTV-5,CCTV-5,,,https://www.xn--rgv465a.top/tvlogo/CCTV-5.png,📺央视频道,,Guovin.txt
CCTV-5,http://198.204.228.26/live/cctv5hd.m3u8,,,,CCTV-5,CCTV-5,,,https://www.xn--rgv465a.top/tvlogo/CCTV-5.png,📺央视频道,,Guovin.txt
CCTV-5,http://38.75.136.137:98/gslb/dsdqpub/cctv5hd.m3u8?auth=testpub,,,,CCTV-5,CCTV-5,,,https://www.xn--rgv465a.top/tvlogo/CCTV-5.png,📺央视频道,,Guovin.txt
CCTV-5,http://207.56.13.146:81/cdnlive/cctv5.m3u8,,,,CCTV-5,CCTV-5,,,https://www.xn--rgv465a.top/tvlogo/CCTV-5.png,📺央视频道,,Guovin.txt
CCTV-5,http://38.75.136.137:98/gslb/dsdqpub/cctv5p.m3u8?auth=testpub,,,,CCTV-5,CCTV-5,,,https://www.xn--rgv465a.top/tvlogo/CCTV-5.png,📺央视频道,,Guovin.txt
CCTV-5+,http://38.75.136.137:98/gslb/dsdqbv/cctv5p.m3u8?auth=test20251009,,,,CCTV-5+,CCTV-5+,,,https://www.xn--rgv465a.top/tvlogo/CCTV-5+.png,📺央视频道,,Guovin.txt
CCTV-5+,http://153.0.171.163:85/tsfile/live/1015_1.m3u8?key=txiptv&playlive=1&authid=0,,,,CCTV-5+,CCTV-5+,,,https://www.xn--rgv465a.top/tvlogo/CCTV-5+.png,📺央视频道,,Guovin.txt
CCTV-5+,https://www.freetv.top/migu/641886773.m3u8?migutoken=03a1b82e35e58cd89a95034ecb29e77e50493397000ec2b1e4d1ce59af01e6420d6dbc068c8230ec03be3a35a20eed8714e0959e3570a08713a7a2e8d86085eabf8f1aa85744c80c38343988b2,,,,CCTV-5+,CCTV-5+,,,https://www.xn--rgv465a.top/tvlogo/CCTV-5+.png,📺央视频道,,Guovin.txt
CCTV-5+,http://[2409:8087:1a01:df::4077]/ottrrs.hl.chinamobile.com/PLTV/88888888/8/3221225603/index.m3u8,,,,CCTV-5+,CCTV-5+,,,https://www.xn--rgv465a.top/tvlogo/CCTV-5+.png,📺央视频道,,Guovin.txt
CCTV-5+,https://smart.pendy.dpdns.org/Smart.php?id=cctv5plus,,,,CCTV-5+,CCTV-5+,,,https://www.xn--rgv465a.top/tvlogo/CCTV-5+.png,📺央视频道,,Guovin.txt
CCTV-6,http://198.204.228.26/live/cctv6hd.m3u8,,,,CCTV-6,CCTV-6,,,https://www.xn--rgv465a.top/tvlogo/CCTV-6.png,📺央视频道,,Guovin.txt
CCTV-6,http://74.91.26.218:82/live/cctv6hd.m3u8,,,,CCTV-6,CCTV-6,,,https://www.xn--rgv465a.top/tvlogo/CCTV-6.png,📺央视频道,,Guovin.txt
CCTV-6,http://198.204.240.250:82/live/cctv6.m3u8,,,,CCTV-6,CCTV-6,,,https://www.xn--rgv465a.top/tvlogo/CCTV-6.png,📺央视频道,,Guovin.txt
CCTV-6,http://63.141.230.178:82/gslb/zbdq5.m3u8?id=cctv6hd,,,,CCTV-6,CCTV-6,,,https://www.xn--rgv465a.top/tvlogo/CCTV-6.png,📺央视频道,,Guovin.txt
CCTV-6,http://69.30.245.50/live/cctv6.m3u8,,,,CCTV-6,CCTV-6,,,https://www.xn--rgv465a.top/tvlogo/CCTV-6.png,📺央视频道,,Guovin.txt
CCTV-7,http://74.91.26.218:82/live/cctv7hd.m3u8,,,,CCTV-7,CCTV-7,,,https://www.xn--rgv465a.top/tvlogo/CCTV-7.png,📺央视频道,,Guovin.txt
CCTV-7,http://38.75.136.137:98/gslb/dsdqbv/cctv7hd.m3u8?auth=test20251009,,,,CCTV-7,CCTV-7,,,https://www.xn--rgv465a.top/tvlogo/CCTV-7.png,📺央视频道,,Guovin.txt
CCTV-7,http://63.141.230.178:82/gslb/zbdq5.m3u8?id=cctv7hd,,,,CCTV-7,CCTV-7,,,https://www.xn--rgv465a.top/tvlogo/CCTV-7.png,📺央视频道,,Guovin.txt
CCTV-7,http://38.75.136.137:98/gslb/dsdqpub/cctv7hd.m3u8?auth=testpub,,,,CCTV-7,CCTV-7,,,https://www.xn--rgv465a.top/tvlogo/CCTV-7.png,📺央视频道,,Guovin.txt
CCTV-7,http://69.30.245.50/live/cctv7.m3u8,,,,CCTV-7,CCTV-7,,,https://www.xn--rgv465a.top/tvlogo/CCTV-7.png,📺央视频道,,Guovin.txt
CCTV-8,http://63.141.230.178:82/gslb/zbdq5.m3u8?id=cctv8k,,,,CCTV-8,CCTV-8,,,https://www.xn--rgv465a.top/tvlogo/CCTV-8.png,📺央视频道,,Guovin.txt
CCTV-8,http://63.141.230.178:82/gslb/zbdq5.m3u8?id=cctv8hd,,,,CCTV-8,CCTV-8,,,https://www.xn--rgv465a.top/tvlogo/CCTV-8.png,📺央视频道,,Guovin.txt
CCTV-8,http://38.75.136.137:98/gslb/dsdqbv/cctv8hd.m3u8?auth=test20251009,,,,CCTV-8,CCTV-8,,,https://www.xn--rgv465a.top/tvlogo/CCTV-8.png,📺央视频道,,Guovin.txt
CCTV-8,http://207.56.13.146:81/cdnlive/cctv8.m3u8,,,,CCTV-8,CCTV-8,,,https://www.xn--rgv465a.top/tvlogo/CCTV-8.png,📺央视频道,,Guovin.txt
CCTV-8,http://74.91.26.218:82/live/cctv8hd.m3u8,,,,CCTV-8,CCTV-8,,,https://www.xn--rgv465a.top/tvlogo/CCTV-8.png,📺央视频道,,Guovin.txt
CCTV-9,http://74.91.26.218:82/live/cctv9hd.m3u8,,,,CCTV-9,CCTV-9,,,https://www.xn--rgv465a.top/tvlogo/CCTV-9.png,📺央视频道,,Guovin.txt
CCTV-9,http://198.204.228.26/live/cctv9hd.m3u8,,,,CCTV-9,CCTV-9,,,https://www.xn--rgv465a.top/tvlogo/CCTV-9.png,📺央视频道,,Guovin.txt
CCTV-9,http://63.141.230.178:82/gslb/zbdq5.m3u8?id=cctv9hd,,,,CCTV-9,CCTV-9,,,https://www.xn--rgv465a.top/tvlogo/CCTV-9.png,📺央视频道,,Guovin.txt
CCTV-9,http://192.151.150.154/live/cctv9hd.m3u8,,,,CCTV-9,CCTV-9,,,https://www.xn--rgv465a.top/tvlogo/CCTV-9.png,📺央视频道,,Guovin.txt
CCTV-9,http://69.30.245.50/live/cctv9.m3u8,,,,CCTV-9,CCTV-9,,,https://www.xn--rgv465a.top/tvlogo/CCTV-9.png,📺央视频道,,Guovin.txt
CCTV-10,http://192.151.150.154/live/cctv10hd.m3u8,,,,CCTV-10,CCTV-10,,,https://www.xn--rgv465a.top/tvlogo/CCTV-10.png,📺央视频道,,Guovin.txt
CCTV-10,http://63.141.230.178:82/gslb/zbdq5.m3u8?id=cctv10hd,,,,CCTV-10,CCTV-10,,,https://www.xn--rgv465a.top/tvlogo/CCTV-10.png,📺央视频道,,Guovin.txt
CCTV-10,http://38.75.136.137:98/gslb/dsdqbv/cctv10hd.m3u8?auth=test20251009,,,,CCTV-10,CCTV-10,,,https://www.xn--rgv465a.top/tvlogo/CCTV-10.png,📺央视频道,,Guovin.txt
CCTV-10,http://69.30.245.50/live/cctv10.m3u8,,,,CCTV-10,CCTV-10,,,https://www.xn--rgv465a.top/tvlogo/CCTV-10.png,📺央视频道,,Guovin.txt
CCTV-10,http://74.91.26.218:82/live/cctv10hd.m3u8,,,,CCTV-10,CCTV-10,,,https://www.xn--rgv465a.top/tvlogo/CCTV-10.png,📺央视频道,,Guovin.txt
CCTV-11,http://38.75.136.137:98/gslb/dsdqpub/cctv11hd.m3u8?auth=testpub,,,,CCTV-11,CCTV-11,,,https://www.xn--rgv465a.top/tvlogo/CCTV-11.png,📺央视频道,,Guovin.txt
CCTV-11,http://63.141.230.178:82/gslb/zbdq5.m3u8?id=cctv11hd,,,,CCTV-11,CCTV-11,,,https://www.xn--rgv465a.top/tvlogo/CCTV-11.png,📺央视频道,,Guovin.txt
CCTV-11,http://74.91.26.218:82/live/cctv11hd.m3u8,,,,CCTV-11,CCTV-11,,,https://www.xn--rgv465a.top/tvlogo/CCTV-11.png,📺央视频道,,Guovin.txt
CCTV-11,http://38.75.136.137:98/gslb/dsdqbv/cctv11hd.m3u8?auth=test20251009,,,,CCTV-11,CCTV-11,,,https://www.xn--rgv465a.top/tvlogo/CCTV-11.png,📺央视频道,,Guovin.txt
CCTV-11,http://120.202.94.181:9446/tsfile/live/0011_1.m3u8?key=txiptv,,,,CCTV-11,CCTV-11,,,https://www.xn--rgv465a.top/tvlogo/CCTV-11.png,📺央视频道,,Guovin.txt
CCTV-12,http://63.141.230.178:82/gslb/zbdq5.m3u8?id=cctv12hd,,,,CCTV-12,CCTV-12,,,https://www.xn--rgv465a.top/tvlogo/CCTV-12.png,📺央视频道,,Guovin.txt
CCTV-12,http://38.75.136.137:98/gslb/dsdqpub/cctv12hd.m3u8?auth=testpub,,,,CCTV-12,CCTV-12,,,https://www.xn--rgv465a.top/tvlogo/CCTV-12.png,📺央视频道,,Guovin.txt
CCTV-12,http://38.75.136.137:98/gslb/dsdqbv/cctv12hd.m3u8?auth=test20251009,,,,CCTV-12,CCTV-12,,,https://www.xn--rgv465a.top/tvlogo/CCTV-12.png,📺央视频道,,Guovin.txt
CCTV-12,http://222.223.41.27:8888/hls/12/index.m3u8,,,,CCTV-12,CCTV-12,,,https://www.xn--rgv465a.top/tvlogo/CCTV-12.png,📺央视频道,,Guovin.txt
CCTV-12,http://74.91.26.218:82/live/cctv12hd.m3u8,,,,CCTV-12,CCTV-12,,,https://www.xn--rgv465a.top/tvlogo/CCTV-12.png,📺央视频道,,Guovin.txt
CCTV-13,http://74.91.26.218:82/live/cctv13hd.m3u8,,,,CCTV-13,CCTV-13,,,https://www.xn--rgv465a.top/tvlogo/CCTV-13.png,📺央视频道,,Guovin.txt
CCTV-13,http://63.141.230.178:82/gslb/zbdq5.m3u8?id=cctv13hd,,,,CCTV-13,CCTV-13,,,https://www.xn--rgv465a.top/tvlogo/CCTV-13.png,📺央视频道,,Guovin.txt
CCTV-13,http://iptv.huuc.edu.cn/hls/cctv13hd.m3u8,,,,CCTV-13,CCTV-13,,,https://www.xn--rgv465a.top/tvlogo/CCTV-13.png,📺央视频道,,Guovin.txt
CCTV-13,https://zby.130519.xyz/PLTV/11/224/3221226128/index.m3u8,,,,CCTV-13,CCTV-13,,,https://www.xn--rgv465a.top/tvlogo/CCTV-13.png,📺央视频道,,Guovin.txt
CCTV-13,https://migu.188766.xyz/?migutoken=2f35f43c546c904ff2e2863ffa031828&id=CCTV13&type=yy,,,,CCTV-13,CCTV-13,,,https://www.xn--rgv465a.top/tvlogo/CCTV-13.png,📺央视频道,,Guovin.txt
CCTV-14,http://38.75.136.137:98/gslb/dsdqbv/cctv14hd.m3u8?auth=test20251009,,,,CCTV-14,CCTV-14,,,https://www.xn--rgv465a.top/tvlogo/CCTV-14.png,📺央视频道,,Guovin.txt
CCTV-14,http://38.75.136.137:98/gslb/dsdqpub/cctv14hd.m3u8?auth=testpub,,,,CCTV-14,CCTV-14,,,https://www.xn--rgv465a.top/tvlogo/CCTV-14.png,📺央视频道,,Guovin.txt
CCTV-14,http://63.141.230.178:82/gslb/zbdq5.m3u8?id=cctv14hd,,,,CCTV-14,CCTV-14,,,https://www.xn--rgv465a.top/tvlogo/CCTV-14.png,📺央视频道,,Guovin.txt
CCTV-14,http://204.12.221.218:8181/3m1080p/cctv14.m3u8,,,,CCTV-14,CCTV-14,,,https://www.xn--rgv465a.top/tvlogo/CCTV-14.png,📺央视频道,,Guovin.txt
CCTV-14,http://iptv.huuc.edu.cn/hls/cctv14hd.m3u8,,,,CCTV-14,CCTV-14,,,https://www.xn--rgv465a.top/tvlogo/CCTV-14.png,📺央视频道,,Guovin.txt
CCTV-15,http://38.75.136.137:98/gslb/dsdqpub/cctv15hd.m3u8?auth=testpub,,,,CCTV-15,CCTV-15,,,https://www.xn--rgv465a.top/tvlogo/CCTV-15.png,📺央视频道,,Guovin.txt
CCTV-15,http://63.141.230.178:82/gslb/zbdq5.m3u8?id=cctv15hd,,,,CCTV-15,CCTV-15,,,https://www.xn--rgv465a.top/tvlogo/CCTV-15.png,📺央视频道,,Guovin.txt
CCTV-15,http://198.204.228.26/live/cctv15hd.m3u8,,,,CCTV-15,CCTV-15,,,https://www.xn--rgv465a.top/tvlogo/CCTV-15.png,📺央视频道,,Guovin.txt
CCTV-15,https://zby.130519.xyz/PLTV/11/224/3221226147/index.m3u8,,,,CCTV-15,CCTV-15,,,https://www.xn--rgv465a.top/tvlogo/CCTV-15.png,📺央视频道,,Guovin.txt
CCTV-15,https://www.freetv.top/migu/673168223.m3u8?migutoken=4e8d5766579c6bef231494cabd07e5b49d965804790214280c9791e4c331fd90311cb62ea43d3a1899229bfa57be4afe5a567b32a6b78153fc9a9801e28a39435e078b48c211e71d6083519be4,,,,CCTV-15,CCTV-15,,,https://www.xn--rgv465a.top/tvlogo/CCTV-15.png,📺央视频道,,Guovin.txt
CCTV-16,http://38.75.136.137:98/gslb/dsdqpub/cctv16hd.m3u8?auth=testpub,,,,CCTV-16,CCTV-16,,,https://www.xn--rgv465a.top/tvlogo/CCTV-16.png,📺央视频道,,Guovin.txt
CCTV-16,https://zby.130519.xyz/PLTV/11/224/3221226120/index.m3u8,,,,CCTV-16,CCTV-16,,,https://www.xn--rgv465a.top/tvlogo/CCTV-16.png,📺央视频道,,Guovin.txt
CCTV-16,https://hls-gateway.vpstv.net/streams/709089.m3u8,,,,CCTV-16,CCTV-16,,,https://www.xn--rgv465a.top/tvlogo/CCTV-16.png,📺央视频道,,Guovin.txt
CCTV-16,http://[2409:8087:1a01:df::4077]/ottrrs.hl.chinamobile.com/PLTV/88888888/224/3221226100/index.m3u8,,,,CCTV-16,CCTV-16,,,https://www.xn--rgv465a.top/tvlogo/CCTV-16.png,📺央视频道,,Guovin.txt
CCTV-16,http://[2409:8087:8:21::18]:6610/otttv.bj.chinamobile.com/PLTV/88888888/224/3221227002/1.m3u8?,,,,CCTV-16,CCTV-16,,,https://www.xn--rgv465a.top/tvlogo/CCTV-16.png,📺央视频道,,Guovin.txt
CCTV-17,https://live.264788.xyz/channel/cctv17?streamid=348c8c0c04a6d2b900e5a3bcb4af8ce1&livekey=01WgOR41rriMmMkzNsd0UoaxJRwetZdxIvtVk,,,,CCTV-17,CCTV-17,,,https://www.xn--rgv465a.top/tvlogo/CCTV-17.png,📺央视频道,,Guovin.txt
CCTV-17,http://63.141.230.178:82/gslb/zbdq5.m3u8?id=cctv17hd,,,,CCTV-17,CCTV-17,,,https://www.xn--rgv465a.top/tvlogo/CCTV-17.png,📺央视频道,,Guovin.txt
CCTV-17,https://live.264788.xyz/channel/cctv17?streamid=f9c36f1e95b5b35eac89cc89583e7c0a&livekey=01WgOR41rriMmMkzNsd0UoaxJRwetZdxIvtVk,,,,CCTV-17,CCTV-17,,,https://www.xn--rgv465a.top/tvlogo/CCTV-17.png,📺央视频道,,Guovin.txt
CCTV-17,http://38.75.136.137:98/gslb/dsdqpub/cctv17hd.m3u8?auth=testpub,,,,CCTV-17,CCTV-17,,,https://www.xn--rgv465a.top/tvlogo/CCTV-17.png,📺央视频道,,Guovin.txt
CCTV-17,http://74.91.26.218:82/live/cctv17hd.m3u8,,,,CCTV-17,CCTV-17,,,https://i.imgur.com/jSQURxS.png,📺央视频道,,Guovin.txt
CETV-1,http://63.141.230.178:82/gslb/zbdq5.m3u8?id=cetv1hd,,,,CETV-1,CETV-1,,,https://www.xn--rgv465a.top/tvlogo/CETV-1.png,📺央视频道,,Guovin.txt
CETV-1,http://198.204.228.26/live/cetv1hd.m3u8,,,,CETV-1,CETV-1,,,https://www.xn--rgv465a.top/tvlogo/CETV-1.png,📺央视频道,,Guovin.txt
CETV-1,https://migu.188766.xyz/?migutoken=36ef7f6bca62cec9abdcde133fce0012&id=CETV1&type=yy,,,,CETV-1,CETV-1,,,https://www.xn--rgv465a.top/tvlogo/CETV-1.png,📺央视频道,,Guovin.txt
CETV-1,http://[2409:8087:1a0b:df::4020]:80/ottrrs.hl.chinamobile.com/PLTV/88888888/224/3221225652/index.m3u8,,,,CETV-1,CETV-1,,,https://www.xn--rgv465a.top/tvlogo/CETV-1.png,📺央视频道,,Guovin.txt
CETV-1,http://[2409:8087:8:21::18]:6610/otttv.bj.chinamobile.com/PLTV/88888888/224/3221226494/1.m3u8,,,,CETV-1,CETV-1,,,https://www.xn--rgv465a.top/tvlogo/CETV-1.png,📺央视频道,,Guovin.txt
CETV-2,https://migu.188766.xyz/?migutoken=933375f10f59db6fe40d9315edf498e2&id=CETV2&type=yy,,,,CETV-2,CETV-2,,,https://www.xn--rgv465a.top/tvlogo/CETV-2.png,📺央视频道,,Guovin.txt
CETV-2,http://[2409:8087:1a0b:df::4013]:80/ottrrs.hl.chinamobile.com/PLTV/88888888/224/3221226425/index.m3u8,,,,CETV-2,CETV-2,,,https://www.xn--rgv465a.top/tvlogo/CETV-2.png,📺央视频道,,Guovin.txt
CETV-2,http://[2409:8087:8:21::18]:6610/otttv.bj.chinamobile.com/PLTV/88888888/224/3221226537/1.m3u8?GuardEncType=2&accountinfo=%7E%7EV2.0%7E7AxXs4eTU2oiWrhopr9sHw%7E_eNUbgU9sJGUcVVduOMKhafLvQUgE_zlz_7pvDimJNNxsM0Bor098BJglrhfEQTl%2CEND,,,,CETV-2,CETV-2,,,https://www.xn--rgv465a.top/tvlogo/CETV-2.png,📺央视频道,,Guovin.txt
CETV-2,http://rrs01.hw.gmcc.net:8088/PLTV/81/224/3221226718/1.m3u8,,,,CETV-2,CETV-2,,,https://www.xn--rgv465a.top/tvlogo/CETV-2.png,📺央视频道,,Guovin.txt
CETV-2,https://migu.188766.xyz/?migutoken=98daa3ba4c81372351b73d9075023b9b&id=CETV2&type=yy,,,,CETV-2,CETV-2,,,https://www.xn--rgv465a.top/tvlogo/CETV-2.png,📺央视频道,,Guovin.txt
CETV-3,http://[2409:8087:7004:20:1000::22]:6610/yinhe/2/ch00000090990000001309/index.m3u8,,,,CETV-3,CETV-3,,,https://www.xn--rgv465a.top/tvlogo/CETV-3.png,📺央视频道,,Guovin.txt
CETV-3,http://[2409:8087:8:21::18]:6610/otttv.bj.chinamobile.com/PLTV/88888888/224/3221226577/1.m3u8?GuardEncType=2&accountinfo=%7E%7EV2.0%7EhE2Z89HKgsQOlN9opVn1iw%7E_eNUbgU9sJGUcVVduOMKhafLvQUgE_zlz_7pvDimJNN03yUnk4zBVk1bynPPL3hZ%2CEND,,,,CETV-3,CETV-3,,,https://www.xn--rgv465a.top/tvlogo/CETV-3.png,📺央视频道,,Guovin.txt
CETV-3,http://rrs01.hw.gmcc.net:8088/PLTV/81/224/3221226722/1.m3u8,,,,CETV-3,CETV-3,,,https://www.xn--rgv465a.top/tvlogo/CETV-3.png,📺央视频道,,Guovin.txt
CETV-3,http://iptv.cdn.ha.chinamobile.com/PLTV/88888888/224/3221227352/index.m3u8,,,,CETV-3,CETV-3,,,https://www.xn--rgv465a.top/tvlogo/CETV-3.png,📺央视频道,,Guovin.txt
CETV-3,http://ott.mobaibox.com/PLTV/3/224/3221227018/index.m3u8,,,,CETV-3,CETV-3,,,https://www.xn--rgv465a.top/tvlogo/CETV-3.png,📺央视频道,,Guovin.txt
CETV-4,https://migu.188766.xyz/?migutoken=8d4526a960b7bdd7a85faa29d1cc9e03&id=CETV4&type=yy,,,,CETV-4,CETV-4,,,https://www.xn--rgv465a.top/tvlogo/CETV-4.png,📺央视频道,,Guovin.txt
CETV-4,http://[2409:8087:1a0b:df::4020]:80/ottrrs.hl.chinamobile.com/PLTV/88888888/224/3221225783/index.m3u8,,,,CETV-4,CETV-4,,,https://www.xn--rgv465a.top/tvlogo/CETV-4.png,📺央视频道,,Guovin.txt
CETV-4,http://[2409:8087:8:21::18]:6610/otttv.bj.chinamobile.com/PLTV/88888888/224/3221226997/1.m3u8?GuardEncType=2&accountinfo=%7E%7EV2.0%7EAw_OvjRgJVjtlaOa0dcgzg%7EtP4-l0lmSfjwLWEfK_el1vH_mv-s1zo4AQJwdedaVwG9xkuFTDg8J26cwOrNJzn20BErrHdLhuZ9EzLUCD3PMW-OMx4MGteHV2vLeW6BqoY%2CEND,,,,CETV-4,CETV-4,,,https://www.xn--rgv465a.top/tvlogo/CETV-4.png,📺央视频道,,Guovin.txt
CETV-4,http://rrs01.hw.gmcc.net:8088/PLTV/81/224/3221226724/1.m3u8,,,,CETV-4,CETV-4,,,https://www.xn--rgv465a.top/tvlogo/CETV-4.png,📺央视频道,,Guovin.txt
CETV-4,https://migu.188766.xyz/?migutoken=d5d19d868e1df41e984866fc7ca15071&id=CETV4&type=yy,,,,CETV-4,CETV-4,,,https://www.xn--rgv465a.top/tvlogo/CETV-4.png,📺央视频道,,Guovin.txt
文化精品,http://63.141.230.178:82/gslb/zbdq5.m3u8?id=ysjp,,,,文化精品,文化精品,,,https://www.xn--rgv465a.top/tvlogo/文化精品.png,💰央视付费频道,,Guovin.txt
文化精品,http://38.75.136.137:98/gslb/dsdqpub/ysjp.m3u8?auth=testpub,,,,文化精品,文化精品,,,https://www.xn--rgv465a.top/tvlogo/文化精品.png,💰央视付费频道,,Guovin.txt
文化精品,https://live.264788.xyz/channel/yangshiwenhuajingpin?streamid=bc185d1ef1e528922e83efd845006277&livekey=01WgOR41rriMmMkzNsd0UoaxJRwetZdxIvtVk,,,,文化精品,文化精品,,,https://www.xn--rgv465a.top/tvlogo/文化精品.png,💰央视付费频道,,Guovin.txt
文化精品,http://107.150.60.122/live/ysjp.m3u8,,,,文化精品,文化精品,,,https://www.xn--rgv465a.top/tvlogo/文化精品.png,💰央视付费频道,,Guovin.txt
文化精品,http://173.208.212.130:8181/720p/ysjp.m3u8,,,,文化精品,文化精品,,,https://www.xn--rgv465a.top/tvlogo/文化精品.png,💰央视付费频道,,Guovin.txt
央视台球,http://38.75.136.137:98/gslb/dsdqpub/ystq.m3u8?auth=testpub,,,,央视台球,央视台球,,,https://www.xn--rgv465a.top/tvlogo/央视台球.png,💰央视付费频道,,Guovin.txt
央视台球,http://107.150.60.122/live/ystq.m3u8,,,,央视台球,央视台球,,,https://www.xn--rgv465a.top/tvlogo/央视台球.png,💰央视付费频道,,Guovin.txt
央视台球,http://63.141.230.178:82/gslb/zbdq5.m3u8?id=ystq,,,,央视台球,央视台球,,,https://www.xn--rgv465a.top/tvlogo/央视台球.png,💰央视付费频道,,Guovin.txt
央视台球,http://207.56.13.146:81/cdnlive/ystq.m3u8,,,,央视台球,央视台球,,,https://www.xn--rgv465a.top/tvlogo/央视台球.png,💰央视付费频道,,Guovin.txt
央视台球,https://hls-gateway.vpstv.net/streams/708855.m3u8,,,,央视台球,央视台球,,,https://www.xn--rgv465a.top/tvlogo/央视台球.png,💰央视付费频道,,Guovin.txt
风云音乐,http://173.208.212.130:8181/720p/fyyy.m3u8,,,,风云音乐,风云音乐,,,https://www.xn--rgv465a.top/tvlogo/风云音乐.png,💰央视付费频道,,Guovin.txt
风云音乐,http://38.75.136.137:98/gslb/dsdqpub/fyyy.m3u8?auth=testpub,,,,风云音乐,风云音乐,,,https://www.xn--rgv465a.top/tvlogo/风云音乐.png,💰央视付费频道,,Guovin.txt
风云音乐,http://63.141.230.178:82/gslb/zbdq5.m3u8?id=fyyy,,,,风云音乐,风云音乐,,,https://www.xn--rgv465a.top/tvlogo/风云音乐.png,💰央视付费频道,,Guovin.txt
风云音乐,http://207.56.13.146:81/cdnlive/fyyy.m3u8,,,,风云音乐,风云音乐,,,https://www.xn--rgv465a.top/tvlogo/风云音乐.png,💰央视付费频道,,Guovin.txt
风云音乐,https://live.264788.xyz/channel/fengyunyinyue?streamid=be37d16b874e7ba11dd383d7ecd75752&livekey=01WgOR41rriMmMkzNsd0UoaxJRwetZdxIvtVk,,,,风云音乐,风云音乐,,,https://www.xn--rgv465a.top/tvlogo/风云音乐.png,💰央视付费频道,,Guovin.txt
第一剧场,https://live.264788.xyz/channel/diyijuchang?streamid=e9b0fb1ca135a4aeae12944494883794&livekey=01WgOR41rriMmMkzNsd0UoaxJRwetZdxIvtVk,,,,第一剧场,第一剧场,,,https://www.xn--rgv465a.top/tvlogo/第一剧场.png,💰央视付费频道,,Guovin.txt
第一剧场,http://107.150.60.122/live/dyjc.m3u8,,,,第一剧场,第一剧场,,,https://www.xn--rgv465a.top/tvlogo/第一剧场.png,💰央视付费频道,,Guovin.txt
第一剧场,https://live.264788.xyz/channel/diyijuchang?streamid=d81e188b59ece96b7e8f1ce34aea3ef8&livekey=01WgOR41rriMmMkzNsd0UoaxJRwetZdxIvtVk,,,,第一剧场,第一剧场,,,https://www.xn--rgv465a.top/tvlogo/第一剧场.png,💰央视付费频道,,Guovin.txt
第一剧场,http://207.56.13.146:81/cdnlive/dyjc.m3u8,,,,第一剧场,第一剧场,,,https://www.xn--rgv465a.top/tvlogo/第一剧场.png,💰央视付费频道,,Guovin.txt
第一剧场,http://63.141.230.178:82/gslb/zbdq5.m3u8?id=dyjc,,,,第一剧场,第一剧场,,,https://www.xn--rgv465a.top/tvlogo/第一剧场.png,💰央视付费频道,,Guovin.txt
风云剧场,http://173.208.212.130:8181/720p/fyjc.m3u8,,,,风云剧场,风云剧场,,,https://www.xn--rgv465a.top/tvlogo/风云剧场.png,💰央视付费频道,,Guovin.txt
风云剧场,http://207.56.13.146:81/cdnlive/fyjc.m3u8,,,,风云剧场,风云剧场,,,https://www.xn--rgv465a.top/tvlogo/风云剧场.png,💰央视付费频道,,Guovin.txt
风云剧场,https://live.264788.xyz/channel/fengyunjuchang?streamid=31e7b5b7032d25dd215a4069cdee1a48&livekey=01WgOR41rriMmMkzNsd0UoaxJRwetZdxIvtVk,,,,风云剧场,风云剧场,,,https://www.xn--rgv465a.top/tvlogo/风云剧场.png,💰央视付费频道,,Guovin.txt
风云剧场,http://63.141.230.178:82/gslb/zbdq5.m3u8?id=fyjc,,,,风云剧场,风云剧场,,,https://www.xn--rgv465a.top/tvlogo/风云剧场.png,💰央视付费频道,,Guovin.txt
风云剧场,https://hls-gateway.vpstv.net/streams/708861.m3u8,,,,风云剧场,风云剧场,,,https://www.xn--rgv465a.top/tvlogo/风云剧场.png,💰央视付费频道,,Guovin.txt
怀旧剧场,http://107.150.60.122/live/hjjc.m3u8,,,,怀旧剧场,怀旧剧场,,,https://www.xn--rgv465a.top/tvlogo/怀旧剧场.png,💰央视付费频道,,Guovin.txt
怀旧剧场,http://38.75.136.137:98/gslb/dsdqpub/hjjc.m3u8?auth=testpub,,,,怀旧剧场,怀旧剧场,,,https://www.xn--rgv465a.top/tvlogo/怀旧剧场.png,💰央视付费频道,,Guovin.txt
怀旧剧场,http://63.141.230.178:82/gslb/zbdq5.m3u8?id=hjjc,,,,怀旧剧场,怀旧剧场,,,https://www.xn--rgv465a.top/tvlogo/怀旧剧场.png,💰央视付费频道,,Guovin.txt
怀旧剧场,https://live.264788.xyz/channel/huaijiujuchang?streamid=7e5d1abdddde08f588234f3f640f75ff&livekey=01WgOR41rriMmMkzNsd0UoaxJRwetZdxIvtVk,,,,怀旧剧场,怀旧剧场,,,https://www.xn--rgv465a.top/tvlogo/怀旧剧场.png,💰央视付费频道,,Guovin.txt
怀旧剧场,http://173.208.212.130:8181/720p/hjjc.m3u8,,,,怀旧剧场,怀旧剧场,,,https://www.xn--rgv465a.top/tvlogo/怀旧剧场.png,💰央视付费频道,,Guovin.txt
女性时尚,http://173.208.212.130:8181/720p/nxss.m3u8,,,,女性时尚,女性时尚,,,https://www.xn--rgv465a.top/tvlogo/女性时尚.png,💰央视付费频道,,Guovin.txt
女性时尚,http://207.56.13.146:81/cdnlive/nxss.m3u8,,,,女性时尚,女性时尚,,,https://www.xn--rgv465a.top/tvlogo/女性时尚.png,💰央视付费频道,,Guovin.txt
女性时尚,http://63.141.230.178:82/gslb/zbdq5.m3u8?id=nxss,,,,女性时尚,女性时尚,,,https://www.xn--rgv465a.top/tvlogo/女性时尚.png,💰央视付费频道,,Guovin.txt
女性时尚,http://38.75.136.137:98/gslb/dsdqpub/nxss.m3u8?auth=testpub,,,,女性时尚,女性时尚,,,https://www.xn--rgv465a.top/tvlogo/女性时尚.png,💰央视付费频道,,Guovin.txt
女性时尚,http://iptv.666230.xyz/iptv/jsyd.php/G_NVXINGSS-CQ,,,,女性时尚,女性时尚,,,https://www.xn--rgv465a.top/tvlogo/女性时尚.png,💰央视付费频道,,Guovin.txt
高尔夫网球,http://207.56.13.146:81/cdnlive/gefwq.m3u8,,,,高尔夫网球,高尔夫网球,,,https://www.xn--rgv465a.top/tvlogo/高尔夫网球.png,💰央视付费频道,,Guovin.txt
高尔夫网球,https://hls-gateway.vpstv.net/streams/708857.m3u8,,,,高尔夫网球,高尔夫网球,,,https://www.xn--rgv465a.top/tvlogo/高尔夫网球.png,💰央视付费频道,,Guovin.txt
高尔夫网球,http://iptv.666230.xyz/iptv/jsyd.php/G_CCTV-GOLF-CQ,,,,高尔夫网球,高尔夫网球,,,https://www.xn--rgv465a.top/tvlogo/高尔夫网球.png,💰央视付费频道,,Guovin.txt
高尔夫网球,http://www.qfly9236.cn:8888/rtp/239.253.92.117:8062,,,,高尔夫网球,高尔夫网球,,,https://www.xn--rgv465a.top/tvlogo/高尔夫网球.png,💰央视付费频道,,Guovin.txt
风云足球,http://38.75.136.137:98/gslb/dsdqpub/fyzq.m3u8?auth=testpub,,,,风云足球,风云足球,,,https://www.xn--rgv465a.top/tvlogo/风云足球.png,💰央视付费频道,,Guovin.txt
风云足球,http://63.141.230.178:82/gslb/zbdq5.m3u8?id=fyzq,,,,风云足球,风云足球,,,https://www.xn--rgv465a.top/tvlogo/风云足球.png,💰央视付费频道,,Guovin.txt
风云足球,http://207.56.13.146:81/cdnlive/fyzq.m3u8,,,,风云足球,风云足球,,,https://www.xn--rgv465a.top/tvlogo/风云足球.png,💰央视付费频道,,Guovin.txt
风云足球,https://epg.pw/stream/ac8062ec9484078061d3bef507c15a423ac57ae4144e3fcc4b0a198dd420f911.m3u8,,,,风云足球,风云足球,,,https://www.xn--rgv465a.top/tvlogo/风云足球.png,💰央视付费频道,,Guovin.txt
风云足球,http://[2409:8087:7001:20:2::3]/dbiptv.sn.chinamobile.com/PLTV/88888893/224/3221226984/index.m3u8,,,,风云足球,风云足球,,,https://www.xn--rgv465a.top/tvlogo/风云足球.png,💰央视付费频道,,Guovin.txt
电视指南,http://iptv.666230.xyz/iptv/jsyd.php/G_DIANSHIZN-CQ,,,,电视指南,电视指南,,,https://www.xn--rgv465a.top/tvlogo/电视指南.png,💰央视付费频道,,Guovin.txt
世界地理,http://38.75.136.137:98/gslb/dsdqpub/sjdl.m3u8?auth=testpub,,,,世界地理,世界地理,,,https://www.xn--rgv465a.top/tvlogo/世界地理.png,💰央视付费频道,,Guovin.txt
世界地理,http://63.141.230.178:82/gslb/zbdq5.m3u8?id=sjdl,,,,世界地理,世界地理,,,https://www.xn--rgv465a.top/tvlogo/世界地理.png,💰央视付费频道,,Guovin.txt
世界地理,https://shcm-stream-cf1.stream.264788.xyz/cms001/ch00000090990000001620/index.m3u8?streamid=8a034b40397504e25b3775c772237996&streamkey=01vY5fRxC8VyKg4oq30vfikHXTCAKySLP29l6OG91kQlzDttHgzNLkUw5kivm3PfNsVHJv5FgdsPBYFYI2IWpt7tfRCuFHqLT2pvX67ubMds8jl2DHtvOh0&token=1775754349-4f33f4f84a4abeba-0-91687dc8c9325092efa1d00f330d2710,,,,世界地理,世界地理,,,https://www.xn--rgv465a.top/tvlogo/世界地理.png,💰央视付费频道,,Guovin.txt
世界地理,http://www.qfly9236.cn:8888/rtp/239.253.92.113:8066,,,,世界地理,世界地理,,,https://www.xn--rgv465a.top/tvlogo/世界地理.png,💰央视付费频道,,Guovin.txt
兵器科技,https://live.264788.xyz/channel/bingqikeji?streamid=6fc55a0966bdad1e1cdf39a4d37dd776&livekey=01WgOR41rriMmMkzNsd0UoaxJRwetZdxIvtVk,,,,兵器科技,兵器科技,,,https://www.xn--rgv465a.top/tvlogo/兵器科技.png,💰央视付费频道,,Guovin.txt
兵器科技,http://38.75.136.137:98/gslb/dsdqpub/gfjs.m3u8?auth=testpub,,,,兵器科技,兵器科技,,,https://www.xn--rgv465a.top/tvlogo/兵器科技.png,💰央视付费频道,,Guovin.txt
兵器科技,http://173.208.212.130:8181/720p/gfjs.m3u8,,,,兵器科技,兵器科技,,,https://www.xn--rgv465a.top/tvlogo/兵器科技.png,💰央视付费频道,,Guovin.txt
兵器科技,http://63.141.230.178:82/gslb/zbdq5.m3u8?id=gfjs,,,,兵器科技,兵器科技,,,https://www.xn--rgv465a.top/tvlogo/兵器科技.png,💰央视付费频道,,Guovin.txt
兵器科技,https://live.264788.xyz/channel/bingqikeji?streamid=530cb4e58bbc48b7fc26f5e0a2e47966&livekey=01WgOR41rriMmMkzNsd0UoaxJRwetZdxIvtVk,,,,兵器科技,兵器科技,,,https://www.xn--rgv465a.top/tvlogo/兵器科技.png,💰央视付费频道,,Guovin.txt
广东卫视,https://txmov2.a.kwimgs.com/upic/2023/01/26/09/BMjAyMzAxMjYwOTE3NDVfNzM5MzQzNzIyXzk0NjI1OTUwNTA3XzBfMw==_b_B81ddda927d33445d544befd008e60109.mp4,,,,广东卫视,广东卫视,,,https://www.xn--rgv465a.top/tvlogo/广东卫视.png,📡卫视频道,,Guovin.txt
广东卫视,http://107.150.60.122/live/gdwshd.m3u8,,,,广东卫视,广东卫视,,,https://www.xn--rgv465a.top/tvlogo/广东卫视.png,📡卫视频道,,Guovin.txt
广东卫视,http://63.141.230.178:82/gslb/zbdq5.m3u8?id=gdwshd,,,,广东卫视,广东卫视,,,https://www.xn--rgv465a.top/tvlogo/广东卫视.png,📡卫视频道,,Guovin.txt
广东卫视,http://204.12.221.218:8181/3m1080p/gdws.m3u8,,,,广东卫视,广东卫视,,,https://www.xn--rgv465a.top/tvlogo/广东卫视.png,📡卫视频道,,Guovin.txt
广东卫视,http://207.56.13.146:81/cdnlive/gdws.m3u8,,,,广东卫视,广东卫视,,,https://www.xn--rgv465a.top/tvlogo/广东卫视.png,📡卫视频道,,Guovin.txt
香港卫视,http://cctvtxyh5c.liveplay.myqcloud.com/cstv/xianggangweishi_2/index.m3u8,,,,香港卫视,香港卫视,,,https://www.xn--rgv465a.top/tvlogo/香港卫视.png,📡卫视频道,,Guovin.txt
香港卫视,https://stream1.freetv.fun/5335c88a9a7d8b74173b491f480d4f94e8d3bd596af54478106aa2399e6c7917.ctv,,,,香港卫视,香港卫视,,,https://www.xn--rgv465a.top/tvlogo/香港卫视.png,📡卫视频道,,Guovin.txt
香港卫视,https://stream1.freetv.fun/c751876ae5ceaa0d82b5cf2badc152342aa92a4b45bf504d12ee45966b2fc644.ctv,,,,香港卫视,香港卫视,,,https://www.xn--rgv465a.top/tvlogo/香港卫视.png,📡卫视频道,,Guovin.txt
香港卫视,https://stream1.freetv.fun/5335c88a9a7d8b74173b491f480d4f94e8d3bd596af54478106aa2399e6c7917.m3u8,,,,香港卫视,香港卫视,,,https://www.xn--rgv465a.top/tvlogo/香港卫视.png,📡卫视频道,,Guovin.txt
香港卫视,https://stream1.freetv.fun/ae7eaf28d8610cdc1651ef6a1f7dbb24b49c5a87627d0d881330afaea37a1616.m3u8,,,,香港卫视,香港卫视,,,https://www.xn--rgv465a.top/tvlogo/香港卫视.png,📡卫视频道,,Guovin.txt
浙江卫视,http://107.150.60.122/live/zjwshd.m3u8,,,,浙江卫视,浙江卫视,,,https://www.xn--rgv465a.top/tvlogo/浙江卫视.png,📡卫视频道,,Guovin.txt
浙江卫视,http://204.12.221.218:8181/3m1080p/zjws.m3u8,,,,浙江卫视,浙江卫视,,,https://www.xn--rgv465a.top/tvlogo/浙江卫视.png,📡卫视频道,,Guovin.txt
浙江卫视,http://63.141.230.178:82/gslb/zbdq5.m3u8?id=zjwshd,,,,浙江卫视,浙江卫视,,,https://www.xn--rgv465a.top/tvlogo/浙江卫视.png,📡卫视频道,,Guovin.txt
浙江卫视,http://173.208.212.130:8181/720p/zjws.m3u8,,,,浙江卫视,浙江卫视,,,https://www.xn--rgv465a.top/tvlogo/浙江卫视.png,📡卫视频道,,Guovin.txt
浙江卫视,http://38.75.136.137:98/gslb/dsdqpub/zjwshd.m3u8?auth=testpub,,,,浙江卫视,浙江卫视,,,https://www.xn--rgv465a.top/tvlogo/浙江卫视.png,📡卫视频道,,Guovin.txt
湖南卫视,http://hlsal-ldvt.qing.mgtv.com/nn_live/nn_x64/Y2RuZXhfaWQ9YWxfaGxzX2xkdnQmZT02OTE0NjA0JnY9MSZpZD1ITldTWkdTVCZzPTcwN2RiYTc2YzJjNmJmMTQ4MmUyZGYzOWU2NWM3YWFi/HNWSZGST.m3u8,,,,湖南卫视,湖南卫视,,,https://www.xn--rgv465a.top/tvlogo/湖南卫视.png,📡卫视频道,,Guovin.txt
湖南卫视,http://63.141.230.178:82/gslb/zbdq5.m3u8?id=hnwshd,,,,湖南卫视,湖南卫视,,,https://www.xn--rgv465a.top/tvlogo/湖南卫视.png,📡卫视频道,,Guovin.txt
湖南卫视,http://107.150.60.122/live/hnwshd.m3u8,,,,湖南卫视,湖南卫视,,,https://www.xn--rgv465a.top/tvlogo/湖南卫视.png,📡卫视频道,,Guovin.txt
湖南卫视,http://204.12.221.218:8181/3m1080p/hnws.m3u8,,,,湖南卫视,湖南卫视,,,https://www.xn--rgv465a.top/tvlogo/湖南卫视.png,📡卫视频道,,Guovin.txt
湖南卫视,http://74.91.26.218:82/live/hnwshd.m3u8,,,,湖南卫视,湖南卫视,,,https://www.xn--rgv465a.top/tvlogo/湖南卫视.png,📡卫视频道,,Guovin.txt
北京卫视,http://63.141.230.178:82/gslb/zbdq5.m3u8?id=bjwshd,,,,北京卫视,北京卫视,,,https://www.xn--rgv465a.top/tvlogo/北京卫视.png,📡卫视频道,,Guovin.txt
北京卫视,http://204.12.221.218:8181/3m1080p/bjws.m3u8,,,,北京卫视,北京卫视,,,https://www.xn--rgv465a.top/tvlogo/北京卫视.png,📡卫视频道,,Guovin.txt
北京卫视,http://38.75.136.137:98/gslb/dsdqbv/bjwshd.m3u8?auth=test20251009,,,,北京卫视,北京卫视,,,https://www.xn--rgv465a.top/tvlogo/北京卫视.png,📡卫视频道,,Guovin.txt
北京卫视,http://207.56.13.146:81/cdnlive/bjws.m3u8,,,,北京卫视,北京卫视,,,https://www.xn--rgv465a.top/tvlogo/北京卫视.png,📡卫视频道,,Guovin.txt
北京卫视,http://38.75.136.137:98/gslb/dsdqpub/bjwshd.m3u8?auth=testpub,,,,北京卫视,北京卫视,,,https://www.xn--rgv465a.top/tvlogo/北京卫视.png,📡卫视频道,,Guovin.txt
湖北卫视,http://198.204.228.26/live/hbwshd.m3u8,,,,湖北卫视,湖北卫视,,,https://www.xn--rgv465a.top/tvlogo/湖北卫视.png,📡卫视频道,,Guovin.txt
湖北卫视,http://38.75.136.137:98/gslb/dsdqpub/hbwshd.m3u8?auth=testpub,,,,湖北卫视,湖北卫视,,,https://www.xn--rgv465a.top/tvlogo/湖北卫视.png,📡卫视频道,,Guovin.txt
湖北卫视,http://107.150.60.122/live/hbwshd.m3u8,,,,湖北卫视,湖北卫视,,,https://www.xn--rgv465a.top/tvlogo/湖北卫视.png,📡卫视频道,,Guovin.txt
湖北卫视,http://204.12.221.218:8181/3m1080p/hbws.m3u8,,,,湖北卫视,湖北卫视,,,https://www.xn--rgv465a.top/tvlogo/湖北卫视.png,📡卫视频道,,Guovin.txt
湖北卫视,http://63.141.230.178:82/gslb/zbdq5.m3u8?id=hbwshd,,,,湖北卫视,湖北卫视,,,https://www.xn--rgv465a.top/tvlogo/湖北卫视.png,📡卫视频道,,Guovin.txt
黑龙江卫视,http://198.204.228.26/live/hljwshd.m3u8,,,,黑龙江卫视,黑龙江卫视,,,https://www.xn--rgv465a.top/tvlogo/黑龙江卫视.png,📡卫视频道,,Guovin.txt
黑龙江卫视,http://38.75.136.137:98/gslb/dsdqpub/hljwshd.m3u8?auth=testpub,,,,黑龙江卫视,黑龙江卫视,,,https://www.xn--rgv465a.top/tvlogo/黑龙江卫视.png,📡卫视频道,,Guovin.txt
黑龙江卫视,http://63.141.230.178:82/gslb/zbdq5.m3u8?id=hljwshd,,,,黑龙江卫视,黑龙江卫视,,,https://www.xn--rgv465a.top/tvlogo/黑龙江卫视.png,📡卫视频道,,Guovin.txt
黑龙江卫视,http://204.12.221.218:8181/3m1080p/hljws.m3u8,,,,黑龙江卫视,黑龙江卫视,,,https://www.xn--rgv465a.top/tvlogo/黑龙江卫视.png,📡卫视频道,,Guovin.txt
黑龙江卫视,http://107.150.60.122/live/hljwshd.m3u8,,,,黑龙江卫视,黑龙江卫视,,,https://www.xn--rgv465a.top/tvlogo/黑龙江卫视.png,📡卫视频道,,Guovin.txt
安徽卫视,http://63.141.230.178:82/gslb/zbdq5.m3u8?id=ahwshd,,,,安徽卫视,安徽卫视,,,https://www.xn--rgv465a.top/tvlogo/安徽卫视.png,📡卫视频道,,Guovin.txt
安徽卫视,http://38.75.136.137:98/gslb/dsdqpub/ahwshd.m3u8?auth=testpub,,,,安徽卫视,安徽卫视,,,https://www.xn--rgv465a.top/tvlogo/安徽卫视.png,📡卫视频道,,Guovin.txt
安徽卫视,http://107.150.60.122/live/ahwshd.m3u8,,,,安徽卫视,安徽卫视,,,https://www.xn--rgv465a.top/tvlogo/安徽卫视.png,📡卫视频道,,Guovin.txt
安徽卫视,http://iptv.huuc.edu.cn/hls/ahhd.m3u8,,,,安徽卫视,安徽卫视,,,https://www.xn--rgv465a.top/tvlogo/安徽卫视.png,📡卫视频道,,Guovin.txt
安徽卫视,https://zby.130519.xyz/PLTV/11/224/3221225739/index.m3u8,,,,安徽卫视,安徽卫视,,,https://www.xn--rgv465a.top/tvlogo/安徽卫视.png,📡卫视频道,,Guovin.txt
重庆卫视,http://38.75.136.137:98/gslb/dsdqpub/cqwshd.m3u8?auth=testpub,,,,重庆卫视,重庆卫视,,,https://www.xn--rgv465a.top/tvlogo/重庆卫视.png,📡卫视频道,,Guovin.txt
重庆卫视,http://63.141.230.178:82/gslb/zbdq5.m3u8?id=cqwshd,,,,重庆卫视,重庆卫视,,,https://www.xn--rgv465a.top/tvlogo/重庆卫视.png,📡卫视频道,,Guovin.txt
重庆卫视,http://204.12.221.218:8181/3m1080p/cqws.m3u8,,,,重庆卫视,重庆卫视,,,https://www.xn--rgv465a.top/tvlogo/重庆卫视.png,📡卫视频道,,Guovin.txt
重庆卫视,http://107.150.60.122/live/cqwshd.m3u8,,,,重庆卫视,重庆卫视,,,https://www.xn--rgv465a.top/tvlogo/重庆卫视.png,📡卫视频道,,Guovin.txt
重庆卫视,http://60.10.139.113:8801/hls/31/index.m3u8,,,,重庆卫视,重庆卫视,,,https://www.xn--rgv465a.top/tvlogo/重庆卫视.png,📡卫视频道,,Guovin.txt
东方卫视,http://38.75.136.137:98/gslb/dsdqpub/dfwshd.m3u8?auth=testpub,,,,东方卫视,东方卫视,,,https://www.xn--rgv465a.top/tvlogo/东方卫视.png,📡卫视频道,,Guovin.txt
东方卫视,http://107.150.60.122/live/dfwshd.m3u8,,,,东方卫视,东方卫视,,,https://www.xn--rgv465a.top/tvlogo/东方卫视.png,📡卫视频道,,Guovin.txt
东方卫视,http://63.141.230.178:82/gslb/zbdq5.m3u8?id=dfwshd,,,,东方卫视,东方卫视,,,https://www.xn--rgv465a.top/tvlogo/东方卫视.png,📡卫视频道,,Guovin.txt
东方卫视,https://txmov2.a.kwimgs.com/bs3/video-hls/5219953535631090825_hlsb.m3u8,,,,东方卫视,东方卫视,,,https://www.xn--rgv465a.top/tvlogo/东方卫视.png,📡卫视频道,,Guovin.txt
东方卫视,http://207.56.13.146:81/cdnlive/dfws.m3u8,,,,东方卫视,东方卫视,,,https://www.xn--rgv465a.top/tvlogo/东方卫视.png,📡卫视频道,,Guovin.txt
东南卫视,http://204.12.221.218:8181/3m1080p/dnws.m3u8,,,,东南卫视,东南卫视,,,https://www.xn--rgv465a.top/tvlogo/东南卫视.png,📡卫视频道,,Guovin.txt
东南卫视,http://38.75.136.137:98/gslb/dsdqpub/dnwshd.m3u8?auth=testpub,,,,东南卫视,东南卫视,,,https://www.xn--rgv465a.top/tvlogo/东南卫视.png,📡卫视频道,,Guovin.txt
东南卫视,http://63.141.230.178:82/gslb/zbdq5.m3u8?id=dnwshd,,,,东南卫视,东南卫视,,,https://www.xn--rgv465a.top/tvlogo/东南卫视.png,📡卫视频道,,Guovin.txt
东南卫视,http://198.204.228.26/live/dnwshd.m3u8,,,,东南卫视,东南卫视,,,https://www.xn--rgv465a.top/tvlogo/东南卫视.png,📡卫视频道,,Guovin.txt
东南卫视,http://207.56.13.146:81/cdnlive/dnws.m3u8,,,,东南卫视,东南卫视,,,https://www.xn--rgv465a.top/tvlogo/东南卫视.png,📡卫视频道,,Guovin.txt
甘肃卫视,http://38.75.136.137:98/gslb/dsdqpub/gswshd.m3u8?auth=testpub,,,,甘肃卫视,甘肃卫视,,,https://www.xn--rgv465a.top/tvlogo/甘肃卫视.png,📡卫视频道,,Guovin.txt
甘肃卫视,http://63.141.230.178:82/gslb/zbdq5.m3u8?id=gswshd,,,,甘肃卫视,甘肃卫视,,,https://www.xn--rgv465a.top/tvlogo/甘肃卫视.png,📡卫视频道,,Guovin.txt
甘肃卫视,https://zby.130519.xyz/PLTV/11/224/3221226090/index.m3u8,,,,甘肃卫视,甘肃卫视,,,https://www.xn--rgv465a.top/tvlogo/甘肃卫视.png,📡卫视频道,,Guovin.txt
甘肃卫视,http://live.zohi.tv/video/s10001-fztv-3/index.m3u8,,,,甘肃卫视,甘肃卫视,,,https://www.xn--rgv465a.top/tvlogo/甘肃卫视.png,📡卫视频道,,Guovin.txt
甘肃卫视,http://[2409:8087:8:21::18]:6610/otttv.bj.chinamobile.com/PLTV/88888888/224/3221227020/1.m3u8?GuardEncType=2&accountinfo=%7E%7EV2.0%7Err-CLugPnTcUinEM8JeySg%7EtP4-l0lmSfjwLWEfK_el1vH_mv-s1zo4AQJwdedaVwG9xkuFTDg8J26cwOrNJzn20BErrHdLhuZ9EzLUCD3PMW-OMx4MGteHV2vLeW6BqoY%2CEND,,,,甘肃卫视,甘肃卫视,,,https://www.xn--rgv465a.top/tvlogo/甘肃卫视.png,📡卫视频道,,Guovin.txt
广西卫视,http://63.141.230.178:82/gslb/zbdq5.m3u8?id=gxwshd,,,,广西卫视,广西卫视,,,https://www.xn--rgv465a.top/tvlogo/广西卫视.png,📡卫视频道,,Guovin.txt
广西卫视,http://198.204.228.26/live/gxwshd.m3u8,,,,广西卫视,广西卫视,,,https://www.xn--rgv465a.top/tvlogo/广西卫视.png,📡卫视频道,,Guovin.txt
广西卫视,http://38.75.136.137:98/gslb/dsdqpub/gxwshd.m3u8?auth=testpub,,,,广西卫视,广西卫视,,,https://www.xn--rgv465a.top/tvlogo/广西卫视.png,📡卫视频道,,Guovin.txt
广西卫视,https://zby.130519.xyz/PLTV/11/224/3221226084/index.m3u8,,,,广西卫视,广西卫视,,,https://www.xn--rgv465a.top/tvlogo/广西卫视.png,📡卫视频道,,Guovin.txt
广西卫视,https://hlscdn.liangtv.cn/live/de0f97348eb84f62aa6b7d8cf0430770/dd505d87880c478f901f38560ca4d4e6.m3u8,,,,广西卫视,广西卫视,,,https://www.xn--rgv465a.top/tvlogo/广西卫视.png,📡卫视频道,,Guovin.txt
贵州卫视,http://63.141.230.178:82/gslb/zbdq5.m3u8?id=gzwshd,,,,贵州卫视,贵州卫视,,,https://www.xn--rgv465a.top/tvlogo/贵州卫视.png,📡卫视频道,,Guovin.txt
贵州卫视,https://live.264788.xyz/channel/guizhouweishi?streamid=091bd59ea031989839c23459bb8cc9d4&livekey=01WgOR41rriMmMkzNsd0UoaxJRwetZdxIvtVk,,,,贵州卫视,贵州卫视,,,https://www.xn--rgv465a.top/tvlogo/贵州卫视.png,📡卫视频道,,Guovin.txt
贵州卫视,http://38.75.136.137:98/gslb/dsdqpub/gzwshd.m3u8?auth=testpub,,,,贵州卫视,贵州卫视,,,https://www.xn--rgv465a.top/tvlogo/贵州卫视.png,📡卫视频道,,Guovin.txt
贵州卫视,http://204.12.221.218:8181/3m1080p/gzws.m3u8,,,,贵州卫视,贵州卫视,,,https://www.xn--rgv465a.top/tvlogo/贵州卫视.png,📡卫视频道,,Guovin.txt
贵州卫视,http://107.150.60.122/live/gzwshd.m3u8,,,,贵州卫视,贵州卫视,,,https://www.xn--rgv465a.top/tvlogo/贵州卫视.png,📡卫视频道,,Guovin.txt
海南卫视,http://204.12.221.218:8181/3m1080p/lyws.m3u8,,,,海南卫视,海南卫视,,,https://www.xn--rgv465a.top/tvlogo/海南卫视.png,📡卫视频道,,Guovin.txt
海南卫视,https://zby.130519.xyz/PLTV/11/224/3221226154/index.m3u8,,,,海南卫视,海南卫视,,,https://www.xn--rgv465a.top/tvlogo/海南卫视.png,📡卫视频道,,Guovin.txt
海南卫视,https://migu.188766.xyz/?migutoken=d2061f4f32fe7d8fda9c2ab3bffd12ad&id=hn_hnws&type=sz,,,,海南卫视,海南卫视,,,https://www.xn--rgv465a.top/tvlogo/海南卫视.png,📡卫视频道,,Guovin.txt
海南卫视,https://migu.188766.xyz/?migutoken=d7a97d1ad84981be65127720b09d15fd&id=%E6%B5%B7%E5%8D%97%E5%8D%AB%E8%A7%86&type=yy,,,,海南卫视,海南卫视,,,https://www.xn--rgv465a.top/tvlogo/海南卫视.png,📡卫视频道,,Guovin.txt
海南卫视,http://[2409:8087:8:21::18]:6610/otttv.bj.chinamobile.com/PLTV/88888888/224/3221227029/1.m3u8?GuardEncType=2&accountinfo=%7E%7EV2.0%7EEuBMjt2kLMD8fAO7QYER7Q%7EtP4-l0lmSfjwLWEfK_el1vH_mv-s1zo4AQJwdedaVwG9xkuFTDg8J26cwOrNJzn20BErrHdLhuZ9EzLUCD3PMW-OMx4MGteHV2vLeW6BqoY%2CEND,,,,海南卫视,海南卫视,,,https://www.xn--rgv465a.top/tvlogo/海南卫视.png,📡卫视频道,,Guovin.txt
河北卫视,http://38.75.136.137:98/gslb/dsdqpub/hewshd.m3u8?auth=testpub,,,,河北卫视,河北卫视,,,https://www.xn--rgv465a.top/tvlogo/河北卫视.png,📡卫视频道,,Guovin.txt
河北卫视,http://63.141.230.178:82/gslb/zbdq5.m3u8?id=hewshd,,,,河北卫视,河北卫视,,,https://www.xn--rgv465a.top/tvlogo/河北卫视.png,📡卫视频道,,Guovin.txt
河北卫视,http://173.208.212.130:8181/720p/hews.m3u8,,,,河北卫视,河北卫视,,,https://www.xn--rgv465a.top/tvlogo/河北卫视.png,📡卫视频道,,Guovin.txt
河北卫视,http://204.12.221.218:8181/3m1080p/hews.m3u8,,,,河北卫视,河北卫视,,,https://www.xn--rgv465a.top/tvlogo/河北卫视.png,📡卫视频道,,Guovin.txt
河北卫视,http://event.pull.hebtv.com/jishi/weishi_tingyun.m3u8,,,,河北卫视,河北卫视,,,https://www.xn--rgv465a.top/tvlogo/河北卫视.png,📡卫视频道,,Guovin.txt
河南卫视,http://173.208.212.130:8181/720p/haws.m3u8,,,,河南卫视,河南卫视,,,https://www.xn--rgv465a.top/tvlogo/河南卫视.png,📡卫视频道,,Guovin.txt
河南卫视,http://204.12.221.218:8181/3m1080p/haws.m3u8,,,,河南卫视,河南卫视,,,https://www.xn--rgv465a.top/tvlogo/河南卫视.png,📡卫视频道,,Guovin.txt
河南卫视,http://38.75.136.137:98/gslb/dsdqpub/hawshd.m3u8?auth=testpub,,,,河南卫视,河南卫视,,,https://www.xn--rgv465a.top/tvlogo/河南卫视.png,📡卫视频道,,Guovin.txt
河南卫视,http://1.94.31.214/php/hntv.php?id=hnws,,,,河南卫视,河南卫视,,,https://www.xn--rgv465a.top/tvlogo/河南卫视.png,📡卫视频道,,Guovin.txt
河南卫视,http://63.141.230.178:82/gslb/zbdq5.m3u8?id=hawshd,,,,河南卫视,河南卫视,,,https://www.xn--rgv465a.top/tvlogo/河南卫视.png,📡卫视频道,,Guovin.txt
吉林卫视,http://204.12.221.218:8181/3m1080p/jlws.m3u8,,,,吉林卫视,吉林卫视,,,https://www.xn--rgv465a.top/tvlogo/吉林卫视.png,📡卫视频道,,Guovin.txt
吉林卫视,http://63.141.230.178:82/gslb/zbdq5.m3u8?id=jlwshd,,,,吉林卫视,吉林卫视,,,https://www.xn--rgv465a.top/tvlogo/吉林卫视.png,📡卫视频道,,Guovin.txt
吉林卫视,http://38.75.136.137:98/gslb/dsdqpub/jlwshd.m3u8?auth=testpub,,,,吉林卫视,吉林卫视,,,https://www.xn--rgv465a.top/tvlogo/吉林卫视.png,📡卫视频道,,Guovin.txt
吉林卫视,http://192.151.150.154/live/jlwshd.m3u8,,,,吉林卫视,吉林卫视,,,https://www.xn--rgv465a.top/tvlogo/吉林卫视.png,📡卫视频道,,Guovin.txt
吉林卫视,https://zby.130519.xyz/PLTV/11/224/3221226149/index.m3u8,,,,吉林卫视,吉林卫视,,,https://www.xn--rgv465a.top/tvlogo/吉林卫视.png,📡卫视频道,,Guovin.txt
江苏卫视,http://207.56.13.146:81/cdnlive/jsws.m3u8,,,,江苏卫视,江苏卫视,,,https://www.xn--rgv465a.top/tvlogo/江苏卫视.png,📡卫视频道,,Guovin.txt
江苏卫视,http://107.150.60.122/live/jswshd.m3u8,,,,江苏卫视,江苏卫视,,,https://www.xn--rgv465a.top/tvlogo/江苏卫视.png,📡卫视频道,,Guovin.txt
江苏卫视,http://63.141.230.178:82/gslb/zbdq5.m3u8?id=jswshd,,,,江苏卫视,江苏卫视,,,https://www.xn--rgv465a.top/tvlogo/江苏卫视.png,📡卫视频道,,Guovin.txt
江苏卫视,http://38.75.136.137:98/gslb/dsdqbv/jswshd.m3u8?auth=test20251009,,,,江苏卫视,江苏卫视,,,https://www.xn--rgv465a.top/tvlogo/江苏卫视.png,📡卫视频道,,Guovin.txt
江苏卫视,http://204.12.221.218:8181/3m1080p/jsws.m3u8,,,,江苏卫视,江苏卫视,,,https://www.xn--rgv465a.top/tvlogo/江苏卫视.png,📡卫视频道,,Guovin.txt
江西卫视,https://live.264788.xyz/channel/jiangxiweishi?streamid=555198f31caa33506ac6abb70d788959&livekey=01WgOR41rriMmMkzNsd0UoaxJRwetZdxIvtVk,,,,江西卫视,江西卫视,,,https://www.xn--rgv465a.top/tvlogo/江西卫视.png,📡卫视频道,,Guovin.txt
江西卫视,http://38.75.136.137:98/gslb/dsdqpub/jxwshd.m3u8?auth=testpub,,,,江西卫视,江西卫视,,,https://www.xn--rgv465a.top/tvlogo/江西卫视.png,📡卫视频道,,Guovin.txt
江西卫视,http://204.12.221.218:8181/3m1080p/jxws.m3u8,,,,江西卫视,江西卫视,,,https://www.xn--rgv465a.top/tvlogo/江西卫视.png,📡卫视频道,,Guovin.txt
江西卫视,http://192.151.150.154/live/jxwshd.m3u8,,,,江西卫视,江西卫视,,,https://www.xn--rgv465a.top/tvlogo/江西卫视.png,📡卫视频道,,Guovin.txt
江西卫视,http://63.141.230.178:82/gslb/zbdq5.m3u8?id=jxwshd,,,,江西卫视,江西卫视,,,https://www.xn--rgv465a.top/tvlogo/江西卫视.png,📡卫视频道,,Guovin.txt
辽宁卫视,http://107.150.60.122/live/lnwshd.m3u8,,,,辽宁卫视,辽宁卫视,,,https://www.xn--rgv465a.top/tvlogo/辽宁卫视.png,📡卫视频道,,Guovin.txt
辽宁卫视,http://38.75.136.137:98/gslb/dsdqpub/lnwshd.m3u8?auth=testpub,,,,辽宁卫视,辽宁卫视,,,https://www.xn--rgv465a.top/tvlogo/辽宁卫视.png,📡卫视频道,,Guovin.txt
辽宁卫视,http://198.204.228.26/live/lnwshd.m3u8,,,,辽宁卫视,辽宁卫视,,,https://www.xn--rgv465a.top/tvlogo/辽宁卫视.png,📡卫视频道,,Guovin.txt
辽宁卫视,http://63.141.230.178:82/gslb/zbdq5.m3u8?id=lnwshd,,,,辽宁卫视,辽宁卫视,,,https://www.xn--rgv465a.top/tvlogo/辽宁卫视.png,📡卫视频道,,Guovin.txt
辽宁卫视,http://207.56.13.146:81/cdnlive/lnws.m3u8,,,,辽宁卫视,辽宁卫视,,,https://www.xn--rgv465a.top/tvlogo/辽宁卫视.png,📡卫视频道,,Guovin.txt
内蒙古卫视,https://live.264788.xyz/channel/neimengguweishi?streamid=81a015dbecf3031d7d847b7a9b059f67&livekey=01WgOR41rriMmMkzNsd0UoaxJRwetZdxIvtVk,,,,内蒙古卫视,内蒙古卫视,,,https://www.xn--rgv465a.top/tvlogo/内蒙古卫视.png,📡卫视频道,,Guovin.txt
内蒙古卫视,http://63.141.230.178:82/gslb/zbdq5.m3u8?id=nmgws,,,,内蒙古卫视,内蒙古卫视,,,https://www.xn--rgv465a.top/tvlogo/内蒙古卫视.png,📡卫视频道,,Guovin.txt
内蒙古卫视,https://live.264788.xyz/channel/neimengguweishi?streamid=3e7340acf8869ac1c7dad1bb836dcd35&livekey=01WgOR41rriMmMkzNsd0UoaxJRwetZdxIvtVk,,,,内蒙古卫视,内蒙古卫视,,,https://www.xn--rgv465a.top/tvlogo/内蒙古卫视.png,📡卫视频道,,Guovin.txt
内蒙古卫视,http://198.204.228.26/live/nmgws.m3u8,,,,内蒙古卫视,内蒙古卫视,,,https://www.xn--rgv465a.top/tvlogo/内蒙古卫视.png,📡卫视频道,,Guovin.txt
内蒙古卫视,http://107.150.60.122/live/nmgws.m3u8,,,,内蒙古卫视,内蒙古卫视,,,https://www.xn--rgv465a.top/tvlogo/内蒙古卫视.png,📡卫视频道,,Guovin.txt
宁夏卫视,https://live.264788.xyz/channel/ningxiaweishi?streamid=551474d02bee1c160e1692e22c45ddba&livekey=01WgOR41rriMmMkzNsd0UoaxJRwetZdxIvtVk,,,,宁夏卫视,宁夏卫视,,,https://www.xn--rgv465a.top/tvlogo/宁夏卫视.png,📡卫视频道,,Guovin.txt
宁夏卫视,https://live.264788.xyz/channel/ningxiaweishi?streamid=1b2952717a920173e66d4a348f9dcb5c&livekey=01WgOR41rriMmMkzNsd0UoaxJRwetZdxIvtVk,,,,宁夏卫视,宁夏卫视,,,https://www.xn--rgv465a.top/tvlogo/宁夏卫视.png,📡卫视频道,,Guovin.txt
宁夏卫视,https://live.264788.xyz/channel/ningxiaweishi?streamid=e1236348f815c36a0429357e5b5c5f10&livekey=01WgOR41rriMmMkzNsd0UoaxJRwetZdxIvtVk,,,,宁夏卫视,宁夏卫视,,,https://www.xn--rgv465a.top/tvlogo/宁夏卫视.png,📡卫视频道,,Guovin.txt
宁夏卫视,http://38.75.136.137:98/gslb/dsdqpub/nxws.m3u8?auth=testpub,,,,宁夏卫视,宁夏卫视,,,https://www.xn--rgv465a.top/tvlogo/宁夏卫视.png,📡卫视频道,,Guovin.txt
宁夏卫视,http://192.151.150.154/live/nxws.m3u8,,,,宁夏卫视,宁夏卫视,,,https://www.xn--rgv465a.top/tvlogo/宁夏卫视.png,📡卫视频道,,Guovin.txt
青海卫视,http://38.75.136.137:98/gslb/dsdqpub/qhws.m3u8?auth=testpub,,,,青海卫视,青海卫视,,,https://www.xn--rgv465a.top/tvlogo/青海卫视.png,📡卫视频道,,Guovin.txt
青海卫视,http://198.204.228.26/live/qhws.m3u8,,,,青海卫视,青海卫视,,,https://www.xn--rgv465a.top/tvlogo/青海卫视.png,📡卫视频道,,Guovin.txt
青海卫视,http://107.150.60.122/live/qhws.m3u8,,,,青海卫视,青海卫视,,,https://www.xn--rgv465a.top/tvlogo/青海卫视.png,📡卫视频道,,Guovin.txt
青海卫视,http://63.141.230.178:82/gslb/zbdq5.m3u8?id=qhws,,,,青海卫视,青海卫视,,,https://www.xn--rgv465a.top/tvlogo/青海卫视.png,📡卫视频道,,Guovin.txt
青海卫视,https://zby.130519.xyz/PLTV/11/224/3221226105/index.m3u8,,,,青海卫视,青海卫视,,,https://www.xn--rgv465a.top/tvlogo/青海卫视.png,📡卫视频道,,Guovin.txt
山东卫视,http://107.150.60.122/live/sdwshd.m3u8,,,,山东卫视,山东卫视,,,https://www.xn--rgv465a.top/tvlogo/山东卫视.png,📡卫视频道,,Guovin.txt
山东卫视,http://207.56.13.146:81/cdnlive/sdws.m3u8,,,,山东卫视,山东卫视,,,https://www.xn--rgv465a.top/tvlogo/山东卫视.png,📡卫视频道,,Guovin.txt
山东卫视,http://63.141.230.178:82/gslb/zbdq5.m3u8?id=sdwshd,,,,山东卫视,山东卫视,,,https://www.xn--rgv465a.top/tvlogo/山东卫视.png,📡卫视频道,,Guovin.txt
山东卫视,http://38.75.136.137:98/gslb/dsdqpub/sdwshd.m3u8?auth=testpub,,,,山东卫视,山东卫视,,,https://www.xn--rgv465a.top/tvlogo/山东卫视.png,📡卫视频道,,Guovin.txt
山东卫视,http://192.151.150.154/live/sdwshd.m3u8,,,,山东卫视,山东卫视,,,https://www.xn--rgv465a.top/tvlogo/山东卫视.png,📡卫视频道,,Guovin.txt
山西卫视,https://live.264788.xyz/channel/shanxiweishi?streamid=69e002ac7467d661ff7ad0671ed43f16&livekey=01WgOR41rriMmMkzNsd0UoaxJRwetZdxIvtVk,,,,山西卫视,山西卫视,,,https://www.xn--rgv465a.top/tvlogo/山西卫视.png,📡卫视频道,,Guovin.txt
山西卫视,https://live.264788.xyz/channel/shanxiweishi?streamid=eeb7d60ca6e0db131ea7a092a3cd28d2&livekey=01WgOR41rriMmMkzNsd0UoaxJRwetZdxIvtVk,,,,山西卫视,山西卫视,,,https://www.xn--rgv465a.top/tvlogo/山西卫视.png,📡卫视频道,,Guovin.txt
山西卫视,http://63.141.230.178:82/gslb/zbdq5.m3u8?id=sxwshd,,,,山西卫视,山西卫视,,,https://www.xn--rgv465a.top/tvlogo/山西卫视.png,📡卫视频道,,Guovin.txt
山西卫视,http://107.150.60.122/live/sxwshd.m3u8,,,,山西卫视,山西卫视,,,https://www.xn--rgv465a.top/tvlogo/山西卫视.png,📡卫视频道,,Guovin.txt
山西卫视,https://zby.130519.xyz/PLTV/11/224/3221226113/index.m3u8,,,,山西卫视,山西卫视,,,https://www.xn--rgv465a.top/tvlogo/山西卫视.png,📡卫视频道,,Guovin.txt
陕西卫视,http://38.75.136.137:98/gslb/dsdqpub/snwshd.m3u8?auth=testpub,,,,陕西卫视,陕西卫视,,,https://www.xn--rgv465a.top/tvlogo/陕西卫视.png,📡卫视频道,,Guovin.txt
陕西卫视,http://192.151.150.154/live/snwshd.m3u8,,,,陕西卫视,陕西卫视,,,https://www.xn--rgv465a.top/tvlogo/陕西卫视.png,📡卫视频道,,Guovin.txt
陕西卫视,http://198.204.228.26/live/snwshd.m3u8,,,,陕西卫视,陕西卫视,,,https://www.xn--rgv465a.top/tvlogo/陕西卫视.png,📡卫视频道,,Guovin.txt
陕西卫视,https://live.264788.xyz/channel/shaanxiweishi?streamid=9dc887dba8ecb4e4143baf4f2373800c&livekey=01WgOR41rriMmMkzNsd0UoaxJRwetZdxIvtVk,,,,陕西卫视,陕西卫视,,,https://www.xn--rgv465a.top/tvlogo/陕西卫视.png,📡卫视频道,,Guovin.txt
陕西卫视,http://63.141.230.178:82/gslb/zbdq5.m3u8?id=snwshd,,,,陕西卫视,陕西卫视,,,https://www.xn--rgv465a.top/tvlogo/陕西卫视.png,📡卫视频道,,Guovin.txt
四川卫视,https://live.264788.xyz/channel/sichuanweishi4k?streamid=401bf692a1a8b91298f26077d53316d6&livekey=01WgOR41rriMmMkzNsd0UoaxJRwetZdxIvtVk,,,,四川卫视,四川卫视,,,https://www.xn--rgv465a.top/tvlogo/四川卫视.png,📡卫视频道,,Guovin.txt
四川卫视,https://live.264788.xyz/channel/sichuanweishi4k?streamid=21be5901ee81559c827dc84e46f26452&livekey=01WgOR41rriMmMkzNsd0UoaxJRwetZdxIvtVk,,,,四川卫视,四川卫视,,,https://www.xn--rgv465a.top/tvlogo/四川卫视.png,📡卫视频道,,Guovin.txt
四川卫视,http://63.141.230.178:82/gslb/zbdq5.m3u8?id=scwshd,,,,四川卫视,四川卫视,,,https://www.xn--rgv465a.top/tvlogo/四川卫视.png,📡卫视频道,,Guovin.txt
四川卫视,http://198.204.228.26/live/scwshd.m3u8,,,,四川卫视,四川卫视,,,https://www.xn--rgv465a.top/tvlogo/四川卫视.png,📡卫视频道,,Guovin.txt
四川卫视,http://204.12.221.218:8181/3m1080p/scws.m3u8,,,,四川卫视,四川卫视,,,https://www.xn--rgv465a.top/tvlogo/四川卫视.png,📡卫视频道,,Guovin.txt
深圳卫视,http://107.150.60.122/live/szwshd.m3u8,,,,深圳卫视,深圳卫视,,,https://www.xn--rgv465a.top/tvlogo/深圳卫视.png,📡卫视频道,,Guovin.txt
深圳卫视,http://198.204.228.26/live/szwshd.m3u8,,,,深圳卫视,深圳卫视,,,https://www.xn--rgv465a.top/tvlogo/深圳卫视.png,📡卫视频道,,Guovin.txt
深圳卫视,http://204.12.221.218:8181/3m1080p/szws.m3u8,,,,深圳卫视,深圳卫视,,,https://www.xn--rgv465a.top/tvlogo/深圳卫视.png,📡卫视频道,,Guovin.txt
深圳卫视,http://63.141.230.178:82/gslb/zbdq5.m3u8?id=szwshd,,,,深圳卫视,深圳卫视,,,https://www.xn--rgv465a.top/tvlogo/深圳卫视.png,📡卫视频道,,Guovin.txt
深圳卫视,http://207.56.13.146:81/cdnlive/szws.m3u8,,,,深圳卫视,深圳卫视,,,https://www.xn--rgv465a.top/tvlogo/深圳卫视.png,📡卫视频道,,Guovin.txt
三沙卫视,http://63.141.230.178:82/gslb/zbdq5.m3u8?id=ssws,,,,三沙卫视,三沙卫视,,,https://www.xn--rgv465a.top/tvlogo/三沙卫视.png,📡卫视频道,,Guovin.txt
三沙卫视,http://198.204.228.26/live/ssws.m3u8,,,,三沙卫视,三沙卫视,,,https://www.xn--rgv465a.top/tvlogo/三沙卫视.png,📡卫视频道,,Guovin.txt
三沙卫视,http://38.75.136.137:98/gslb/dsdqpub/ssws.m3u8?auth=testpub,,,,三沙卫视,三沙卫视,,,https://www.xn--rgv465a.top/tvlogo/三沙卫视.png,📡卫视频道,,Guovin.txt
三沙卫视,http://107.150.60.122/live/ssws.m3u8,,,,三沙卫视,三沙卫视,,,https://www.xn--rgv465a.top/tvlogo/三沙卫视.png,📡卫视频道,,Guovin.txt
三沙卫视,http://221.226.51.220:50081/newlive/live/hls/38/live.m3u8,,,,三沙卫视,三沙卫视,,,https://www.xn--rgv465a.top/tvlogo/三沙卫视.png,📡卫视频道,,Guovin.txt
天津卫视,http://63.141.230.178:82/gslb/zbdq5.m3u8?id=tjwshd,,,,天津卫视,天津卫视,,,https://www.xn--rgv465a.top/tvlogo/天津卫视.png,📡卫视频道,,Guovin.txt
天津卫视,http://107.150.60.122/live/tjwshd.m3u8,,,,天津卫视,天津卫视,,,https://www.xn--rgv465a.top/tvlogo/天津卫视.png,📡卫视频道,,Guovin.txt
天津卫视,http://207.56.13.146:81/cdnlive/tjws.m3u8,,,,天津卫视,天津卫视,,,https://www.xn--rgv465a.top/tvlogo/天津卫视.png,📡卫视频道,,Guovin.txt
天津卫视,http://198.204.228.26/live/tjwshd.m3u8,,,,天津卫视,天津卫视,,,https://www.xn--rgv465a.top/tvlogo/天津卫视.png,📡卫视频道,,Guovin.txt
天津卫视,http://204.12.221.218:8181/3m1080p/tjws.m3u8,,,,天津卫视,天津卫视,,,https://www.xn--rgv465a.top/tvlogo/天津卫视.png,📡卫视频道,,Guovin.txt
西藏卫视,http://63.141.230.178:82/gslb/zbdq5.m3u8?id=xzws,,,,西藏卫视,西藏卫视,,,https://www.xn--rgv465a.top/tvlogo/西藏卫视.png,📡卫视频道,,Guovin.txt
西藏卫视,https://live.264788.xyz/channel/xizangweishi?streamid=4b4e8ea919f1cfd5e43deed1d1675251&livekey=01WgOR41rriMmMkzNsd0UoaxJRwetZdxIvtVk,,,,西藏卫视,西藏卫视,,,https://www.xn--rgv465a.top/tvlogo/西藏卫视.png,📡卫视频道,,Guovin.txt
西藏卫视,http://107.150.60.122/live/xzws.m3u8,,,,西藏卫视,西藏卫视,,,https://www.xn--rgv465a.top/tvlogo/西藏卫视.png,📡卫视频道,,Guovin.txt
西藏卫视,http://198.204.228.26/live/xzws.m3u8,,,,西藏卫视,西藏卫视,,,https://www.xn--rgv465a.top/tvlogo/西藏卫视.png,📡卫视频道,,Guovin.txt
西藏卫视,http://207.56.13.146:81/cdnlive/xzws.m3u8,,,,西藏卫视,西藏卫视,,,https://www.xn--rgv465a.top/tvlogo/西藏卫视.png,📡卫视频道,,Guovin.txt
新疆卫视,http://107.150.60.122/live/xjws.m3u8,,,,新疆卫视,新疆卫视,,,https://www.xn--rgv465a.top/tvlogo/新疆卫视.png,📡卫视频道,,Guovin.txt
新疆卫视,http://63.141.230.178:82/gslb/zbdq5.m3u8?id=xjws,,,,新疆卫视,新疆卫视,,,https://www.xn--rgv465a.top/tvlogo/新疆卫视.png,📡卫视频道,,Guovin.txt
新疆卫视,http://198.204.228.26/live/xjws.m3u8,,,,新疆卫视,新疆卫视,,,https://www.xn--rgv465a.top/tvlogo/新疆卫视.png,📡卫视频道,,Guovin.txt
新疆卫视,https://live.264788.xyz/channel/xinjiangweishi?streamid=4f481f56ae39ce5d24203471de9df635&livekey=01WgOR41rriMmMkzNsd0UoaxJRwetZdxIvtVk,,,,新疆卫视,新疆卫视,,,https://www.xn--rgv465a.top/tvlogo/新疆卫视.png,📡卫视频道,,Guovin.txt
新疆卫视,http://38.75.136.137:98/gslb/dsdqpub/xjws.m3u8?auth=testpub,,,,新疆卫视,新疆卫视,,,https://www.xn--rgv465a.top/tvlogo/新疆卫视.png,📡卫视频道,,Guovin.txt
云南卫视,http://198.204.228.26/live/ynwshd.m3u8,,,,云南卫视,云南卫视,,,https://www.xn--rgv465a.top/tvlogo/云南卫视.png,📡卫视频道,,Guovin.txt
云南卫视,http://107.150.60.122/live/ynwshd.m3u8,,,,云南卫视,云南卫视,,,https://www.xn--rgv465a.top/tvlogo/云南卫视.png,📡卫视频道,,Guovin.txt
云南卫视,http://38.75.136.137:98/gslb/dsdqpub/ynwshd.m3u8?auth=testpub,,,,云南卫视,云南卫视,,,https://www.xn--rgv465a.top/tvlogo/云南卫视.png,📡卫视频道,,Guovin.txt
云南卫视,http://63.141.230.178:82/gslb/zbdq5.m3u8?id=ynwshd,,,,云南卫视,云南卫视,,,https://www.xn--rgv465a.top/tvlogo/云南卫视.png,📡卫视频道,,Guovin.txt
云南卫视,http://204.12.221.218:8181/3m1080p/ynws.m3u8,,,,云南卫视,云南卫视,,,https://www.xn--rgv465a.top/tvlogo/云南卫视.png,📡卫视频道,,Guovin.txt
广东珠江,http://r.jdshipin.com/sE5vO,,,,广东珠江,广东珠江,,,https://www.xn--rgv465a.top/tvlogo/广东珠江.png,☘️广东频道,,Guovin.txt
广东珠江,http://cdn2.163189.xyz/live/gdzj/stream.m3u8,,,,广东珠江,广东珠江,,,https://www.xn--rgv465a.top/tvlogo/广东珠江.png,☘️广东频道,,Guovin.txt
广东珠江,https://hk.188766.xyz/?migutoken=34467290b64f0850801479159893a4de&id=gd_gdzj&type=sz,,,,广东珠江,广东珠江,,,https://www.xn--rgv465a.top/tvlogo/广东珠江.png,☘️广东频道,,Guovin.txt
广东珠江,http://lu.wqwqwq.sbs/itv/2000000003000000033.m3u8?cdn=hnbblive,,,,广东珠江,广东珠江,,,https://www.xn--rgv465a.top/tvlogo/广东珠江.png,☘️广东频道,,Guovin.txt
广东珠江,https://stream1.freetv.fun/yan-dong-zhu-jiang-16.ctv,,,,广东珠江,广东珠江,,,https://www.xn--rgv465a.top/tvlogo/广东珠江.png,☘️广东频道,,Guovin.txt
广东体育,http://r.jdshipin.com/LiYdg,,,,广东体育,广东体育,,,https://www.xn--rgv465a.top/tvlogo/广东体育.png,☘️广东频道,,Guovin.txt
广东体育,http://cdn2.163189.xyz/live/gdty/stream.m3u8,,,,广东体育,广东体育,,,https://www.xn--rgv465a.top/tvlogo/广东体育.png,☘️广东频道,,Guovin.txt
广东体育,https://epg.pw/stream/7b470f9fc5c305db0c8622117b7b25ca00eb35ba3e93e865cf0ff9df5c736681.m3u8,,,,广东体育,广东体育,,,https://www.xn--rgv465a.top/tvlogo/广东体育.png,☘️广东频道,,Guovin.txt
广东体育,http://php.jdshipin.com/PLTV/iptv.php?id=gdty,,,,广东体育,广东体育,,,https://www.xn--rgv465a.top/tvlogo/广东体育.png,☘️广东频道,,Guovin.txt
广东体育,http://php.jdshipin.com/TVOD/iptv.php?id=gdty,,,,广东体育,广东体育,,,https://www.xn--rgv465a.top/tvlogo/广东体育.png,☘️广东频道,,Guovin.txt
广东新闻,https://hk.188766.xyz/?migutoken=4254e1ca8dcef82514ec6ce2a8bd39e4&id=gd_gdxw&type=sz,,,,广东新闻,广东新闻,,,https://www.xn--rgv465a.top/tvlogo/广东新闻.png,☘️广东频道,,Guovin.txt
广东新闻,https://hls-gateway.vpstv.net/streams/708873.m3u8,,,,广东新闻,广东新闻,,,https://www.xn--rgv465a.top/tvlogo/广东新闻.png,☘️广东频道,,Guovin.txt
广东新闻,https://stream1.freetv.fun/yan-dong-xin-wen-27.ctv,,,,广东新闻,广东新闻,,,https://www.xn--rgv465a.top/tvlogo/广东新闻.png,☘️广东频道,,Guovin.txt
广东新闻,https://stream1.freetv.fun/yan-dong-xin-wen-20.m3u8,,,,广东新闻,广东新闻,,,https://www.xn--rgv465a.top/tvlogo/广东新闻.png,☘️广东频道,,Guovin.txt
广东新闻,https://stream1.freetv.fun/yan-dong-xin-wen-2.m3u8,,,,广东新闻,广东新闻,,,https://www.xn--rgv465a.top/tvlogo/广东新闻.png,☘️广东频道,,Guovin.txt
广东卫视,http://iptv.huuc.edu.cn/hls/gdhd.m3u8,,,,广东卫视,广东卫视,,,https://www.xn--rgv465a.top/tvlogo/广东卫视.png,☘️广东频道,,Guovin.txt
广东卫视,https://zby.130519.xyz/PLTV/11/224/3221225731/index.m3u8,,,,广东卫视,广东卫视,,,https://www.xn--rgv465a.top/tvlogo/广东卫视.png,☘️广东频道,,Guovin.txt
广东卫视,http://php.jdshipin.com:8880/TVOD/gsyd.php?id=9900000520,,,,广东卫视,广东卫视,,,https://www.xn--rgv465a.top/tvlogo/广东卫视.png,☘️广东频道,,Guovin.txt
广东卫视,http://goo.bkpcp.top/mg/gdws,,,,广东卫视,广东卫视,,,https://www.xn--rgv465a.top/tvlogo/广东卫视.png,☘️广东频道,,Guovin.txt
广东卫视,http://[2409:8087:1a0a:df::404b]/ottrrs.hl.chinamobile.com/TVOD/88888888/224/3221226248/index.m3u8,,,,广东卫视,广东卫视,,,https://www.xn--rgv465a.top/tvlogo/广东卫视.png,☘️广东频道,,Guovin.txt
广东民生,http://38.75.136.137:98/gslb/dsdqpub/gdgg.m3u8?auth=testpub,,,,广东民生,广东民生,,,https://www.xn--rgv465a.top/tvlogo/广东民生.png,☘️广东频道,,Guovin.txt
广东民生,https://hk.188766.xyz/?migutoken=08f126f29a9e9334c492a23a0f40038f&id=gd_gdms&type=sz,,,,广东民生,广东民生,,,https://www.xn--rgv465a.top/tvlogo/广东民生.png,☘️广东频道,,Guovin.txt
广东民生,https://stream1.freetv.fun/yan-dong-min-sheng-9.ctv,,,,广东民生,广东民生,,,https://www.xn--rgv465a.top/tvlogo/广东民生.png,☘️广东频道,,Guovin.txt
广东民生,https://stream1.freetv.fun/yan-dong-min-sheng-35.ctv,,,,广东民生,广东民生,,,https://www.xn--rgv465a.top/tvlogo/广东民生.png,☘️广东频道,,Guovin.txt
广东民生,https://stream1.freetv.fun/yan-dong-min-sheng-16.ctv,,,,广东民生,广东民生,,,https://www.xn--rgv465a.top/tvlogo/广东民生.png,☘️广东频道,,Guovin.txt
大湾区卫视,https://migu.188766.xyz/?migutoken=7924174c7d55ccad4a2cf21add185dad&id=%E5%A4%A7%E6%B9%BE%E5%8C%BA%E5%8D%AB%E8%A7%86&type=yy,,,,大湾区卫视,大湾区卫视,,,https://www.xn--rgv465a.top/tvlogo/大湾区卫视.png,☘️广东频道,,Guovin.txt
大湾区卫视,http://goo.bkpcp.top/mg/dwqws,,,,大湾区卫视,大湾区卫视,,,https://www.xn--rgv465a.top/tvlogo/大湾区卫视.png,☘️广东频道,,Guovin.txt
大湾区卫视,https://www.freetv.top/migu/608917627.m3u8?migutoken=bad0a45eea94649f2e7f1b35e1d98d034b874a02984a76abb21e4537dee28f974e6da241dc7705109722be71c8b1302302b51cd4cb06c69ca55fdcf7279d415e0a0fce7c492b6842956ab34fcc,,,,大湾区卫视,大湾区卫视,,,https://www.xn--rgv465a.top/tvlogo/大湾区卫视.png,☘️广东频道,,Guovin.txt
大湾区卫视,https://stream1.freetv.fun/9e44565ab6186689007a295d8b94b2a970fafde637068b0e3837e5f84689a8f3.m3u8,,,,大湾区卫视,大湾区卫视,,,https://www.xn--rgv465a.top/tvlogo/大湾区卫视.png,☘️广东频道,,Guovin.txt
大湾区卫视,https://www.freetv.top/migu/608917627.m3u8?migutoken=6e23ed23803d2776218fbd5b6931d4dd0d0a20d0269ca0da6b2efaaf101f71c62689ec1d6f73e16a10d1b756f7e23f0de494b881e2bc39c12250715721f84c185577680003f363869dba1b7e90,,,,大湾区卫视,大湾区卫视,,,https://www.xn--rgv465a.top/tvlogo/大湾区卫视.png,☘️广东频道,,Guovin.txt
广州综合,https://tencentplay.gztv.com/live/zonghes.m3u8?txSecret=439b0fd2cf766b363c93a59cbcbe1370&txTime=18d00acf488,,,,广州综合,广州综合,,,https://www.xn--rgv465a.top/tvlogo/广州综合.png,☘️广东频道,,Guovin.txt
广州综合,https://tencentplay.gztv.com/live/zonghes.m3u8?txSecret=f0147ae6453a80f5989f382368b72aad&txTime=18d00acf487,,,,广州综合,广州综合,,,https://www.xn--rgv465a.top/tvlogo/广州综合.png,☘️广东频道,,Guovin.txt
广州综合,http://tencentplay.gztv.com/live/zonghes.m3u8?txSecret=c8dbe86d6f86eb1a21999ab479fd5667&txTime=18d3c4690e8,,,,广州综合,广州综合,,,https://www.xn--rgv465a.top/tvlogo/广州综合.png,☘️广东频道,,Guovin.txt
广州综合,http://r.jdshipin.com/iR6Gq,,,,广州综合,广州综合,,,https://www.xn--rgv465a.top/tvlogo/广州综合.png,☘️广东频道,,Guovin.txt
广州综合,http://r.jdshipin.com/snhya,,,,广州综合,广州综合,,,https://www.xn--rgv465a.top/tvlogo/广州综合.png,☘️广东频道,,Guovin.txt
广州影视,https://stream1.freetv.fun/yan-zhou-ying-shi-6.ctv,,,,广州影视,广州影视,,,https://www.xn--rgv465a.top/tvlogo/广州影视.png,☘️广东频道,,Guovin.txt
广州影视,https://stream1.freetv.fun/yan-zhou-ying-shi-15.ctv,,,,广州影视,广州影视,,,https://www.xn--rgv465a.top/tvlogo/广州影视.png,☘️广东频道,,Guovin.txt
广州影视,https://stream1.freetv.fun/yan-zhou-ying-shi-7.ctv,,,,广州影视,广州影视,,,https://www.xn--rgv465a.top/tvlogo/广州影视.png,☘️广东频道,,Guovin.txt
广州影视,https://stream1.freetv.fun/yan-zhou-ying-shi-28.ctv,,,,广州影视,广州影视,,,https://www.xn--rgv465a.top/tvlogo/广州影视.png,☘️广东频道,,Guovin.txt
广州影视,https://stream1.freetv.fun/yan-zhou-ying-shi-25.m3u8,,,,广州影视,广州影视,,,https://www.xn--rgv465a.top/tvlogo/广州影视.png,☘️广东频道,,Guovin.txt
广州竞赛,https://stream1.freetv.fun/yan-zhou-jing-sai-34.ctv,,,,广州竞赛,广州竞赛,,,https://www.xn--rgv465a.top/tvlogo/广州竞赛.png,☘️广东频道,,Guovin.txt
广州竞赛,https://stream1.freetv.fun/yan-zhou-jing-sai-38.ctv,,,,广州竞赛,广州竞赛,,,https://www.xn--rgv465a.top/tvlogo/广州竞赛.png,☘️广东频道,,Guovin.txt
广州竞赛,https://stream1.freetv.fun/yan-zhou-jing-sai-32.ctv,,,,广州竞赛,广州竞赛,,,https://www.xn--rgv465a.top/tvlogo/广州竞赛.png,☘️广东频道,,Guovin.txt
广州竞赛,https://stream1.freetv.fun/yan-zhou-jing-sai-2.m3u8,,,,广州竞赛,广州竞赛,,,https://www.xn--rgv465a.top/tvlogo/广州竞赛.png,☘️广东频道,,Guovin.txt
广州竞赛,https://stream1.freetv.fun/yan-zhou-jing-sai-33.ctv,,,,广州竞赛,广州竞赛,,,https://www.xn--rgv465a.top/tvlogo/广州竞赛.png,☘️广东频道,,Guovin.txt
江门综合,https://stream1.freetv.fun/jiang-men-zong-he-2.ctv,,,,江门综合,江门综合,,,https://www.xn--rgv465a.top/tvlogo/江门综合.png,☘️广东频道,,Guovin.txt
江门综合,https://stream1.freetv.fun/jiang-men-zong-he-7.ctv,,,,江门综合,江门综合,,,https://www.xn--rgv465a.top/tvlogo/江门综合.png,☘️广东频道,,Guovin.txt
江门综合,https://stream1.freetv.fun/jiang-men-zong-he-1.ctv,,,,江门综合,江门综合,,,https://www.xn--rgv465a.top/tvlogo/江门综合.png,☘️广东频道,,Guovin.txt
江门综合,https://stream1.freetv.fun/jiang-men-zong-he-6.ctv,,,,江门综合,江门综合,,,https://www.xn--rgv465a.top/tvlogo/江门综合.png,☘️广东频道,,Guovin.txt
江门综合,https://stream1.freetv.fun/jiang-men-zong-he-4.ctv,,,,江门综合,江门综合,,,https://www.xn--rgv465a.top/tvlogo/江门综合.png,☘️广东频道,,Guovin.txt
佛山综合,https://stream1.freetv.fun/fo-shan-zong-he-7.ctv,,,,佛山综合,佛山综合,,,https://www.xn--rgv465a.top/tvlogo/佛山综合.png,☘️广东频道,,Guovin.txt
佛山综合,https://stream1.freetv.fun/fo-shan-zong-he-9.ctv,,,,佛山综合,佛山综合,,,https://www.xn--rgv465a.top/tvlogo/佛山综合.png,☘️广东频道,,Guovin.txt
佛山综合,https://stream1.freetv.fun/fo-shan-zong-he-17.ctv,,,,佛山综合,佛山综合,,,https://www.xn--rgv465a.top/tvlogo/佛山综合.png,☘️广东频道,,Guovin.txt
佛山综合,https://stream1.freetv.fun/fo-shan-zong-he-22.ctv,,,,佛山综合,佛山综合,,,https://www.xn--rgv465a.top/tvlogo/佛山综合.png,☘️广东频道,,Guovin.txt
佛山综合,https://stream1.freetv.fun/fo-shan-zong-he-15.ctv,,,,佛山综合,佛山综合,,,https://www.xn--rgv465a.top/tvlogo/佛山综合.png,☘️广东频道,,Guovin.txt
深圳卫视,http://iptv.huuc.edu.cn/hls/szhd.m3u8,,,,深圳卫视,深圳卫视,,,https://www.xn--rgv465a.top/tvlogo/深圳卫视.png,☘️广东频道,,Guovin.txt
深圳卫视,https://zby.130519.xyz/PLTV/11/224/3221225728/index.m3u8,,,,深圳卫视,深圳卫视,,,https://www.xn--rgv465a.top/tvlogo/深圳卫视.png,☘️广东频道,,Guovin.txt
深圳卫视,http://php.jdshipin.com/TVOD/hnyd.php?id=200000001898/460000089800010068,,,,深圳卫视,深圳卫视,,,https://www.xn--rgv465a.top/tvlogo/深圳卫视.png,☘️广东频道,,Guovin.txt
深圳卫视,https://smart.pendy.dpdns.org/Smart.php?id=shenzhen,,,,深圳卫视,深圳卫视,,,https://www.xn--rgv465a.top/tvlogo/深圳卫视.png,☘️广东频道,,Guovin.txt
深圳卫视,http://z.b.bkpcp.top/m.php?id=szws,,,,深圳卫视,深圳卫视,,,https://www.xn--rgv465a.top/tvlogo/深圳卫视.png,☘️广东频道,,Guovin.txt
汕头综合,https://stream1.freetv.fun/shan-tou-zong-he-5.ctv,,,,汕头综合,汕头综合,,,https://www.xn--rgv465a.top/tvlogo/汕头综合.png,☘️广东频道,,Guovin.txt
汕头综合,https://stream1.freetv.fun/shan-tou-zong-he-9.ctv,,,,汕头综合,汕头综合,,,https://www.xn--rgv465a.top/tvlogo/汕头综合.png,☘️广东频道,,Guovin.txt
汕头综合,https://stream1.freetv.fun/shan-tou-zong-he-3.ctv,,,,汕头综合,汕头综合,,,https://www.xn--rgv465a.top/tvlogo/汕头综合.png,☘️广东频道,,Guovin.txt
汕头综合,https://stream1.freetv.fun/shan-tou-zong-he-4.ctv,,,,汕头综合,汕头综合,,,https://www.xn--rgv465a.top/tvlogo/汕头综合.png,☘️广东频道,,Guovin.txt
汕头综合,https://stream1.freetv.fun/shan-tou-zong-he-6.ctv,,,,汕头综合,汕头综合,,,https://www.xn--rgv465a.top/tvlogo/汕头综合.png,☘️广东频道,,Guovin.txt
汕头经济,https://stream1.freetv.fun/shan-tou-jing-ji-1.ctv,,,,汕头经济,汕头经济,,,https://www.xn--rgv465a.top/tvlogo/汕头经济.png,☘️广东频道,,Guovin.txt
汕头经济,https://stream1.freetv.fun/shan-tou-jing-ji-6.ctv,,,,汕头经济,汕头经济,,,https://www.xn--rgv465a.top/tvlogo/汕头经济.png,☘️广东频道,,Guovin.txt
汕头经济,https://stream1.freetv.fun/shan-tou-jing-ji-3.ctv,,,,汕头经济,汕头经济,,,https://www.xn--rgv465a.top/tvlogo/汕头经济.png,☘️广东频道,,Guovin.txt
汕头经济,https://stream1.freetv.fun/shan-tou-jing-ji-4.ctv,,,,汕头经济,汕头经济,,,https://www.xn--rgv465a.top/tvlogo/汕头经济.png,☘️广东频道,,Guovin.txt
汕头经济,https://stream1.freetv.fun/shan-tou-jing-ji-2.ctv,,,,汕头经济,汕头经济,,,https://www.xn--rgv465a.top/tvlogo/汕头经济.png,☘️广东频道,,Guovin.txt
浙江钱江,https://stream1.freetv.fun/zhe-jiang-qian-jiang-du-shi-4.ctv,,,,浙江钱江,浙江钱江,,,https://www.xn--rgv465a.top/tvlogo/浙江钱江.png,☘️浙江频道,,Guovin.txt
浙江钱江,https://stream1.freetv.fun/zhe-jiang-qian-jiang-du-shi-3.ctv,,,,浙江钱江,浙江钱江,,,https://www.xn--rgv465a.top/tvlogo/浙江钱江.png,☘️浙江频道,,Guovin.txt
浙江钱江,https://stream1.freetv.fun/zhe-jiang-qian-jiang-du-shi-5.ctv,,,,浙江钱江,浙江钱江,,,https://www.xn--rgv465a.top/tvlogo/浙江钱江.png,☘️浙江频道,,Guovin.txt
浙江钱江,http://l.cztvcloud.com/channels/lantian/SXyuyao2/720p.m3u8,,,,浙江钱江,浙江钱江,,,https://www.xn--rgv465a.top/tvlogo/浙江钱江.png,☘️浙江频道,,Guovin.txt
浙江钱江都市,https://t.freetv.fun/live/zhe-jiang-qian-jiang-du-shi-1.m3u8,,,,浙江钱江都市,浙江钱江都市,,,https://www.xn--rgv465a.top/tvlogo/浙江钱江都市.png,☘️浙江频道,,Guovin.txt
浙江钱江都市,https://t.freetv.fun/live/zhe-jiang-qian-jiang-du-shi-2.m3u8,,,,浙江钱江都市,浙江钱江都市,,,https://www.xn--rgv465a.top/tvlogo/浙江钱江都市.png,☘️浙江频道,,Guovin.txt
浙江钱江都市,https://t.freetv.fun/live/zhe-jiang-qian-jiang-du-shi-3.m3u8,,,,浙江钱江都市,浙江钱江都市,,,https://www.xn--rgv465a.top/tvlogo/浙江钱江都市.png,☘️浙江频道,,Guovin.txt
浙江钱江都市,http://ali-xwl.cztv.com/live/channel021080Plxw.m3u8,,,,浙江钱江都市,浙江钱江都市,,,https://www.xn--rgv465a.top/tvlogo/浙江钱江都市.png,☘️浙江频道,,Guovin.txt
浙江钱江都市,http://ali-xwl.cztv.com/live/channel02720Plxw.m3u8,,,,浙江钱江都市,浙江钱江都市,,,https://www.xn--rgv465a.top/tvlogo/浙江钱江都市.png,☘️浙江频道,,Guovin.txt
浙江生活,https://stream1.freetv.fun/zhe-jiang-jing-ji-sheng-huo-1.ctv,,,,浙江生活,浙江生活,,,https://www.xn--rgv465a.top/tvlogo/浙江生活.png,☘️浙江频道,,Guovin.txt
浙江生活,https://stream1.freetv.fun/zhe-jiang-jing-ji-sheng-huo-7.ctv,,,,浙江生活,浙江生活,,,https://www.xn--rgv465a.top/tvlogo/浙江生活.png,☘️浙江频道,,Guovin.txt
浙江生活,https://stream1.freetv.fun/zhe-jiang-jing-ji-sheng-huo-8.ctv,,,,浙江生活,浙江生活,,,https://www.xn--rgv465a.top/tvlogo/浙江生活.png,☘️浙江频道,,Guovin.txt
浙江生活,http://ls.qingting.fm/live/1099.m3u8,,,,浙江生活,浙江生活,,,https://www.xn--rgv465a.top/tvlogo/浙江生活.png,☘️浙江频道,,Guovin.txt
浙江经济生活,https://t.freetv.fun/live/zhe-jiang-jing-ji-sheng-huo-2.m3u8,,,,浙江经济生活,浙江经济生活,,,https://www.xn--rgv465a.top/tvlogo/浙江经济生活.png,☘️浙江频道,,Guovin.txt
浙江经济生活,https://t.freetv.fun/live/zhe-jiang-jing-ji-sheng-huo-3.m3u8,,,,浙江经济生活,浙江经济生活,,,https://www.xn--rgv465a.top/tvlogo/浙江经济生活.png,☘️浙江频道,,Guovin.txt
浙江经济生活,https://t.freetv.fun/live/zhe-jiang-jing-ji-sheng-huo-1.m3u8,,,,浙江经济生活,浙江经济生活,,,https://www.xn--rgv465a.top/tvlogo/浙江经济生活.png,☘️浙江频道,,Guovin.txt
浙江教育,http://ali-m-l.cztv.com/channels/lantian/channel04/720p.m3u8,,,,浙江教育,浙江教育,,,https://www.xn--rgv465a.top/tvlogo/浙江教育.png,☘️浙江频道,,Guovin.txt
浙江民生,https://t.freetv.fun/live/zhe-jiang-min-sheng-1.m3u8,,,,浙江民生,浙江民生,,,https://www.xn--rgv465a.top/tvlogo/浙江民生.png,☘️浙江频道,,Guovin.txt
浙江民生,https://t.freetv.fun/live/zhe-jiang-min-sheng-3.m3u8,,,,浙江民生,浙江民生,,,https://www.xn--rgv465a.top/tvlogo/浙江民生.png,☘️浙江频道,,Guovin.txt
浙江民生,https://t.freetv.fun/live/zhe-jiang-min-sheng.m3u8,,,,浙江民生,浙江民生,,,https://www.xn--rgv465a.top/tvlogo/浙江民生.png,☘️浙江频道,,Guovin.txt
浙江民生,https://t.freetv.fun/live/zhe-jiang-min-sheng-4.m3u8,,,,浙江民生,浙江民生,,,https://www.xn--rgv465a.top/tvlogo/浙江民生.png,☘️浙江频道,,Guovin.txt
浙江新闻,https://ali-m-l.cztv.com/channels/lantian/channel007/1080p.m3u8?,,,,浙江新闻,浙江新闻,,,https://www.xn--rgv465a.top/tvlogo/浙江新闻.png,☘️浙江频道,,Guovin.txt
浙江新闻,https://ali-m-l.cztv.com/channels/lantian/channel07/1080p.m3u8,,,,浙江新闻,浙江新闻,,,https://www.xn--rgv465a.top/tvlogo/浙江新闻.png,☘️浙江频道,,Guovin.txt
浙江新闻,https://stream1.freetv.fun/zhe-jiang-xin-wen-5.m3u8,,,,浙江新闻,浙江新闻,,,https://www.xn--rgv465a.top/tvlogo/浙江新闻.png,☘️浙江频道,,Guovin.txt
浙江新闻,https://stream1.freetv.fun/zhe-jiang-xin-wen-11.m3u8,,,,浙江新闻,浙江新闻,,,https://www.xn--rgv465a.top/tvlogo/浙江新闻.png,☘️浙江频道,,Guovin.txt
浙江新闻,https://stream1.freetv.fun/zhe-jiang-xin-wen-1.m3u8,,,,浙江新闻,浙江新闻,,,https://www.xn--rgv465a.top/tvlogo/浙江新闻.png,☘️浙江频道,,Guovin.txt
浙江少儿,http://ali-m-l.cztv.com/channels/lantian/channel008/1080p.m3u8,,,,浙江少儿,浙江少儿,,,https://www.xn--rgv465a.top/tvlogo/浙江少儿.png,☘️浙江频道,,Guovin.txt
浙江少儿,https://stream1.freetv.fun/zhe-jiang-shao-er-4.m3u8,,,,浙江少儿,浙江少儿,,,https://www.xn--rgv465a.top/tvlogo/浙江少儿.png,☘️浙江频道,,Guovin.txt
浙江少儿,https://stream1.freetv.fun/zhe-jiang-shao-er-4.ctv,,,,浙江少儿,浙江少儿,,,https://www.xn--rgv465a.top/tvlogo/浙江少儿.png,☘️浙江频道,,Guovin.txt
浙江少儿,https://stream1.freetv.fun/zhe-jiang-shao-er-6.ctv,,,,浙江少儿,浙江少儿,,,https://www.xn--rgv465a.top/tvlogo/浙江少儿.png,☘️浙江频道,,Guovin.txt
浙江少儿,https://stream1.freetv.fun/zhe-jiang-shao-er-9.ctv,,,,浙江少儿,浙江少儿,,,https://www.xn--rgv465a.top/tvlogo/浙江少儿.png,☘️浙江频道,,Guovin.txt
杭州综合,https://stream1.freetv.fun/hang-zhou-zong-he-3.ctv,,,,杭州综合,杭州综合,,,https://www.xn--rgv465a.top/tvlogo/杭州综合.png,☘️浙江频道,,Guovin.txt
杭州综合,https://stream1.freetv.fun/hang-zhou-zong-he-2.ctv,,,,杭州综合,杭州综合,,,https://www.xn--rgv465a.top/tvlogo/杭州综合.png,☘️浙江频道,,Guovin.txt
杭州明珠,https://stream1.freetv.fun/hang-zhou-ming-zhu-2.ctv,,,,杭州明珠,杭州明珠,,,https://www.xn--rgv465a.top/tvlogo/杭州明珠.png,☘️浙江频道,,Guovin.txt
杭州明珠,https://stream1.freetv.fun/hang-zhou-ming-zhu-1.ctv,,,,杭州明珠,杭州明珠,,,https://www.xn--rgv465a.top/tvlogo/杭州明珠.png,☘️浙江频道,,Guovin.txt
杭州生活,https://stream1.freetv.fun/hang-zhou-sheng-huo-1.ctv,,,,杭州生活,杭州生活,,,https://www.xn--rgv465a.top/tvlogo/杭州生活.png,☘️浙江频道,,Guovin.txt
杭州生活,https://stream1.freetv.fun/hang-zhou-sheng-huo-2.ctv,,,,杭州生活,杭州生活,,,https://www.xn--rgv465a.top/tvlogo/杭州生活.png,☘️浙江频道,,Guovin.txt
杭州生活,https://stream1.freetv.fun/hang-zhou-sheng-huo-3.ctv,,,,杭州生活,杭州生活,,,https://www.xn--rgv465a.top/tvlogo/杭州生活.png,☘️浙江频道,,Guovin.txt
杭州影视,https://stream1.freetv.fun/hang-zhou-ying-shi-2.ctv,,,,杭州影视,杭州影视,,,https://www.xn--rgv465a.top/tvlogo/杭州影视.png,☘️浙江频道,,Guovin.txt
浙江教科,https://ali-m-l.cztv.com/channels/lantian/channel004/1080p.m3u8,,,,浙江教科,浙江教科,,,https://www.xn--rgv465a.top/tvlogo/浙江教科.png,☘️浙江频道,,Guovin.txt
浙江经济,https://ali-m-l.cztv.com/channels/lantian/channel003/1080p.m3u8,,,,浙江经济,浙江经济,,,https://www.xn--rgv465a.top/tvlogo/浙江经济.png,☘️浙江频道,,Guovin.txt
浙江经济,http://ali-m-l.cztv.com/channels/lantian/channel03/720p.m3u8,,,,浙江经济,浙江经济,,,https://www.xn--rgv465a.top/tvlogo/浙江经济.png,☘️浙江频道,,Guovin.txt
之江纪录,https://ali-m-l.cztv.com/channels/lantian/channel12/720p.m3u8,,,,之江纪录,之江纪录,,,https://www.xn--rgv465a.top/tvlogo/之江纪录.png,☘️浙江频道,,Guovin.txt
浙江国际,https://ali-m-l.cztv.com/channels/lantian/channel010/1080p.m3u8,,,,浙江国际,浙江国际,,,https://www.xn--rgv465a.top/tvlogo/浙江国际.png,☘️浙江频道,,Guovin.txt
浙江国际,http://ali-m-l.cztv.com/channels/lantian/channel010/1080p.m3u8?zzhed,,,,浙江国际,浙江国际,,,https://www.xn--rgv465a.top/tvlogo/浙江国际.png,☘️浙江频道,,Guovin.txt
浙江国际,https://stream1.freetv.fun/zhe-jiang-guo-ji-7.m3u8,,,,浙江国际,浙江国际,,,https://www.xn--rgv465a.top/tvlogo/浙江国际.png,☘️浙江频道,,Guovin.txt
浙江国际,https://stream1.freetv.fun/zhe-jiang-guo-ji-10.m3u8,,,,浙江国际,浙江国际,,,https://www.xn--rgv465a.top/tvlogo/浙江国际.png,☘️浙江频道,,Guovin.txt
